ISO-10303-21;
HEADER;
/* Generated by software containing ST-Developer
 * from STEP Tools, Inc. (www.steptools.com) 
 */

FILE_DESCRIPTION(
/* description */ (''),
/* implementation_level */ '2;1');

FILE_NAME(
/* name */ 'adaptateur_bouton_support_switchs.step',
/* time_stamp */ '2025-11-13T13:38:58+01:00',
/* author */ (''),
/* organization */ (''),
/* preprocessor_version */ 'ST-DEVELOPER v20.1',
/* originating_system */ 'Autodesk Translation Framework v14.17.0.0',
/* authorisation */ '');

FILE_SCHEMA (('AUTOMOTIVE_DESIGN { 1 0 10303 214 3 1 1 }'));
ENDSEC;

DATA;
#10=MECHANICAL_DESIGN_GEOMETRIC_PRESENTATION_REPRESENTATION('',(#13),#4404);
#11=SHAPE_REPRESENTATION_RELATIONSHIP('SRR','None',#4411,#12);
#12=ADVANCED_BREP_SHAPE_REPRESENTATION('',(#14),#4403);
#13=STYLED_ITEM('',(#4420),#14);
#14=MANIFOLD_SOLID_BREP('Corps36',#2310);
#15=SPHERICAL_SURFACE('',#2484,1.25);
#16=SPHERICAL_SURFACE('',#2486,1.25);
#17=ELLIPSE('',#2393,0.29882860636289,0.2);
#18=B_SPLINE_SURFACE_WITH_KNOTS('',3,3,((#3343,#3344,#3345,#3346,#3347),
(#3348,#3349,#3350,#3351,#3352),(#3353,#3354,#3355,#3356,#3357),(#3358,
#3359,#3360,#3361,#3362),(#3363,#3364,#3365,#3366,#3367)),.UNSPECIFIED.,
 .F.,.F.,.F.,(4,1,4),(4,1,4),(0.,0.5,1.),(0.,0.0522288524654864,0.121867322419468),
 .UNSPECIFIED.);
#19=B_SPLINE_SURFACE_WITH_KNOTS('',3,3,((#3381,#3382,#3383,#3384,#3385),
(#3386,#3387,#3388,#3389,#3390),(#3391,#3392,#3393,#3394,#3395),(#3396,
#3397,#3398,#3399,#3400),(#3401,#3402,#3403,#3404,#3405)),.UNSPECIFIED.,
 .F.,.F.,.F.,(4,1,4),(4,1,4),(0.,0.5,1.),(0.,0.524254488913385,1.22326047413123),
 .UNSPECIFIED.);
#20=B_SPLINE_SURFACE_WITH_KNOTS('',3,3,((#3474,#3475,#3476,#3477,#3478),
(#3479,#3480,#3481,#3482,#3483),(#3484,#3485,#3486,#3487,#3488),(#3489,
#3490,#3491,#3492,#3493),(#3494,#3495,#3496,#3497,#3498)),.UNSPECIFIED.,
 .F.,.F.,.F.,(4,1,4),(4,1,4),(0.,0.5,1.),(0.,0.0510771784099338,0.119180082956512),
 .UNSPECIFIED.);
#21=B_SPLINE_SURFACE_WITH_KNOTS('',3,3,((#3512,#3513,#3514,#3515,#3516),
(#3517,#3518,#3519,#3520,#3521),(#3522,#3523,#3524,#3525,#3526),(#3527,
#3528,#3529,#3530,#3531),(#3532,#3533,#3534,#3535,#3536)),.UNSPECIFIED.,
 .F.,.F.,.F.,(4,1,4),(4,1,4),(0.,0.5,1.),(0.,0.691235037066627,1.2096613148666),
 .UNSPECIFIED.);
#22=B_SPLINE_SURFACE_WITH_KNOTS('',3,3,((#3613,#3614,#3615,#3616,#3617,
#3618),(#3619,#3620,#3621,#3622,#3623,#3624),(#3625,#3626,#3627,#3628,#3629,
#3630),(#3631,#3632,#3633,#3634,#3635,#3636),(#3637,#3638,#3639,#3640,#3641,
#3642)),.UNSPECIFIED.,.F.,.F.,.F.,(4,1,4),(4,1,1,4),(0.,0.5,1.),(2.14527236201677E-16,
0.0510771752414076,0.0851286254023458,0.119180075563284),.UNSPECIFIED.);
#23=B_SPLINE_SURFACE_WITH_KNOTS('',3,3,((#3658,#3659,#3660,#3661,#3662,
#3663),(#3664,#3665,#3666,#3667,#3668,#3669),(#3670,#3671,#3672,#3673,#3674,
#3675),(#3676,#3677,#3678,#3679,#3680,#3681),(#3682,#3683,#3684,#3685,#3686,
#3687)),.UNSPECIFIED.,.F.,.F.,.F.,(4,1,4),(4,1,1,4),(0.,0.5,1.),(0.,0.518426597059769,
0.864044328432949,1.20966205980613),.UNSPECIFIED.);
#24=B_SPLINE_SURFACE_WITH_KNOTS('',3,3,((#3723,#3724,#3725,#3726,#3727),
(#3728,#3729,#3730,#3731,#3732),(#3733,#3734,#3735,#3736,#3737),(#3738,
#3739,#3740,#3741,#3742),(#3743,#3744,#3745,#3746,#3747)),.UNSPECIFIED.,
 .F.,.F.,.F.,(4,1,4),(4,1,4),(0.,0.5,1.),(0.0534553270876262,0.752461613890783,
1.27671632899315),.UNSPECIFIED.);
#25=B_SPLINE_SURFACE_WITH_KNOTS('',3,3,((#3771,#3772,#3773,#3774,#3775),
(#3776,#3777,#3778,#3779,#3780),(#3781,#3782,#3783,#3784,#3785),(#3786,
#3787,#3788,#3789,#3790),(#3791,#3792,#3793,#3794,#3795)),.UNSPECIFIED.,
 .F.,.F.,.F.,(4,1,4),(4,1,4),(0.,0.5,1.),(7.20994444702849E-17,0.0522288478133763,
0.121867311564545),.UNSPECIFIED.);
#26=FACE_BOUND('',#638,.T.);
#27=FACE_BOUND('',#695,.T.);
#28=FACE_BOUND('',#713,.T.);
#29=FACE_BOUND('',#754,.T.);
#30=FACE_BOUND('',#755,.T.);
#31=FACE_BOUND('',#756,.T.);
#32=FACE_BOUND('',#757,.T.);
#33=FACE_BOUND('',#758,.T.);
#34=FACE_BOUND('',#759,.T.);
#35=FACE_BOUND('',#760,.T.);
#36=FACE_BOUND('',#761,.T.);
#37=FACE_BOUND('',#762,.T.);
#38=PLANE('',#2339);
#39=PLANE('',#2357);
#40=PLANE('',#2358);
#41=PLANE('',#2362);
#42=PLANE('',#2369);
#43=PLANE('',#2377);
#44=PLANE('',#2388);
#45=PLANE('',#2394);
#46=PLANE('',#2395);
#47=PLANE('',#2411);
#48=PLANE('',#2414);
#49=PLANE('',#2432);
#50=PLANE('',#2441);
#51=PLANE('',#2447);
#52=PLANE('',#2448);
#53=PLANE('',#2455);
#54=PLANE('',#2456);
#55=PLANE('',#2464);
#56=PLANE('',#2465);
#57=PLANE('',#2469);
#58=PLANE('',#2472);
#59=PLANE('',#2473);
#60=PLANE('',#2476);
#61=PLANE('',#2479);
#62=PLANE('',#2483);
#63=PLANE('',#2488);
#64=PLANE('',#2491);
#65=PLANE('',#2492);
#66=PLANE('',#2493);
#67=PLANE('',#2497);
#68=PLANE('',#2502);
#69=PLANE('',#2505);
#70=PLANE('',#2510);
#71=PLANE('',#2511);
#72=PLANE('',#2512);
#73=PLANE('',#2515);
#74=PLANE('',#2516);
#75=PLANE('',#2517);
#76=PLANE('',#2518);
#77=PLANE('',#2521);
#78=PLANE('',#2522);
#79=PLANE('',#2525);
#80=PLANE('',#2528);
#81=PLANE('',#2529);
#82=PLANE('',#2530);
#83=PLANE('',#2531);
#84=PLANE('',#2534);
#85=PLANE('',#2535);
#86=PLANE('',#2536);
#87=PLANE('',#2537);
#88=PLANE('',#2538);
#89=PLANE('',#2539);
#90=PLANE('',#2540);
#91=PLANE('',#2545);
#92=LINE('',#3214,#285);
#93=LINE('',#3215,#286);
#94=LINE('',#3241,#287);
#95=LINE('',#3242,#288);
#96=LINE('',#3250,#289);
#97=LINE('',#3252,#290);
#98=LINE('',#3254,#291);
#99=LINE('',#3256,#292);
#100=LINE('',#3257,#293);
#101=LINE('',#3265,#294);
#102=LINE('',#3269,#295);
#103=LINE('',#3288,#296);
#104=LINE('',#3289,#297);
#105=LINE('',#3313,#298);
#106=LINE('',#3315,#299);
#107=LINE('',#3317,#300);
#108=LINE('',#3318,#301);
#109=LINE('',#3321,#302);
#110=LINE('',#3323,#303);
#111=LINE('',#3324,#304);
#112=LINE('',#3339,#305);
#113=LINE('',#3342,#306);
#114=LINE('',#3454,#307);
#115=LINE('',#3455,#308);
#116=LINE('',#3461,#309);
#117=LINE('',#3473,#310);
#118=LINE('',#3554,#311);
#119=LINE('',#3555,#312);
#120=LINE('',#3561,#313);
#121=LINE('',#3563,#314);
#122=LINE('',#3565,#315);
#123=LINE('',#3567,#316);
#124=LINE('',#3570,#317);
#125=LINE('',#3572,#318);
#126=LINE('',#3574,#319);
#127=LINE('',#3575,#320);
#128=LINE('',#3584,#321);
#129=LINE('',#3586,#322);
#130=LINE('',#3590,#323);
#131=LINE('',#3594,#324);
#132=LINE('',#3596,#325);
#133=LINE('',#3612,#326);
#134=LINE('',#3707,#327);
#135=LINE('',#3708,#328);
#136=LINE('',#3711,#329);
#137=LINE('',#3713,#330);
#138=LINE('',#3715,#331);
#139=LINE('',#3717,#332);
#140=LINE('',#3719,#333);
#141=LINE('',#3721,#334);
#142=LINE('',#3811,#335);
#143=LINE('',#3814,#336);
#144=LINE('',#3816,#337);
#145=LINE('',#3817,#338);
#146=LINE('',#3819,#339);
#147=LINE('',#3848,#340);
#148=LINE('',#3849,#341);
#149=LINE('',#3875,#342);
#150=LINE('',#3876,#343);
#151=LINE('',#3879,#344);
#152=LINE('',#3881,#345);
#153=LINE('',#3890,#346);
#154=LINE('',#3894,#347);
#155=LINE('',#3895,#348);
#156=LINE('',#3898,#349);
#157=LINE('',#3901,#350);
#158=LINE('',#3903,#351);
#159=LINE('',#3918,#352);
#160=LINE('',#3927,#353);
#161=LINE('',#3947,#354);
#162=LINE('',#3950,#355);
#163=LINE('',#3952,#356);
#164=LINE('',#3954,#357);
#165=LINE('',#3955,#358);
#166=LINE('',#3989,#359);
#167=LINE('',#4010,#360);
#168=LINE('',#4012,#361);
#169=LINE('',#4014,#362);
#170=LINE('',#4016,#363);
#171=LINE('',#4018,#364);
#172=LINE('',#4020,#365);
#173=LINE('',#4021,#366);
#174=LINE('',#4024,#367);
#175=LINE('',#4055,#368);
#176=LINE('',#4057,#369);
#177=LINE('',#4059,#370);
#178=LINE('',#4061,#371);
#179=LINE('',#4062,#372);
#180=LINE('',#4064,#373);
#181=LINE('',#4084,#374);
#182=LINE('',#4089,#375);
#183=LINE('',#4092,#376);
#184=LINE('',#4094,#377);
#185=LINE('',#4098,#378);
#186=LINE('',#4104,#379);
#187=LINE('',#4105,#380);
#188=LINE('',#4107,#381);
#189=LINE('',#4108,#382);
#190=LINE('',#4110,#383);
#191=LINE('',#4118,#384);
#192=LINE('',#4120,#385);
#193=LINE('',#4122,#386);
#194=LINE('',#4124,#387);
#195=LINE('',#4125,#388);
#196=LINE('',#4153,#389);
#197=LINE('',#4171,#390);
#198=LINE('',#4174,#391);
#199=LINE('',#4176,#392);
#200=LINE('',#4178,#393);
#201=LINE('',#4180,#394);
#202=LINE('',#4182,#395);
#203=LINE('',#4183,#396);
#204=LINE('',#4185,#397);
#205=LINE('',#4189,#398);
#206=LINE('',#4191,#399);
#207=LINE('',#4193,#400);
#208=LINE('',#4195,#401);
#209=LINE('',#4199,#402);
#210=LINE('',#4201,#403);
#211=LINE('',#4204,#404);
#212=LINE('',#4205,#405);
#213=LINE('',#4210,#406);
#214=LINE('',#4211,#407);
#215=LINE('',#4214,#408);
#216=LINE('',#4215,#409);
#217=LINE('',#4217,#410);
#218=LINE('',#4218,#411);
#219=LINE('',#4222,#412);
#220=LINE('',#4225,#413);
#221=LINE('',#4226,#414);
#222=LINE('',#4246,#415);
#223=LINE('',#4248,#416);
#224=LINE('',#4252,#417);
#225=LINE('',#4254,#418);
#226=LINE('',#4255,#419);
#227=LINE('',#4258,#420);
#228=LINE('',#4259,#421);
#229=LINE('',#4265,#422);
#230=LINE('',#4271,#423);
#231=LINE('',#4273,#424);
#232=LINE('',#4279,#425);
#233=LINE('',#4280,#426);
#234=LINE('',#4282,#427);
#235=LINE('',#4284,#428);
#236=LINE('',#4288,#429);
#237=LINE('',#4291,#430);
#238=LINE('',#4296,#431);
#239=LINE('',#4298,#432);
#240=LINE('',#4299,#433);
#241=LINE('',#4302,#434);
#242=LINE('',#4303,#435);
#243=LINE('',#4306,#436);
#244=LINE('',#4307,#437);
#245=LINE('',#4312,#438);
#246=LINE('',#4313,#439);
#247=LINE('',#4316,#440);
#248=LINE('',#4317,#441);
#249=LINE('',#4319,#442);
#250=LINE('',#4321,#443);
#251=LINE('',#4322,#444);
#252=LINE('',#4324,#445);
#253=LINE('',#4327,#446);
#254=LINE('',#4329,#447);
#255=LINE('',#4330,#448);
#256=LINE('',#4334,#449);
#257=LINE('',#4335,#450);
#258=LINE('',#4337,#451);
#259=LINE('',#4340,#452);
#260=LINE('',#4342,#453);
#261=LINE('',#4343,#454);
#262=LINE('',#4347,#455);
#263=LINE('',#4349,#456);
#264=LINE('',#4352,#457);
#265=LINE('',#4355,#458);
#266=LINE('',#4358,#459);
#267=LINE('',#4359,#460);
#268=LINE('',#4362,#461);
#269=LINE('',#4363,#462);
#270=LINE('',#4365,#463);
#271=LINE('',#4368,#464);
#272=LINE('',#4370,#465);
#273=LINE('',#4371,#466);
#274=LINE('',#4375,#467);
#275=LINE('',#4377,#468);
#276=LINE('',#4380,#469);
#277=LINE('',#4381,#470);
#278=LINE('',#4383,#471);
#279=LINE('',#4386,#472);
#280=LINE('',#4387,#473);
#281=LINE('',#4390,#474);
#282=LINE('',#4391,#475);
#283=LINE('',#4393,#476);
#284=LINE('',#4395,#477);
#285=VECTOR('',#2568,10.);
#286=VECTOR('',#2569,10.);
#287=VECTOR('',#2580,10.);
#288=VECTOR('',#2581,10.);
#289=VECTOR('',#2584,10.);
#290=VECTOR('',#2585,10.);
#291=VECTOR('',#2586,10.);
#292=VECTOR('',#2587,10.);
#293=VECTOR('',#2588,10.);
#294=VECTOR('',#2595,10.);
#295=VECTOR('',#2598,10.);
#296=VECTOR('',#2611,10.);
#297=VECTOR('',#2612,10.);
#298=VECTOR('',#2629,10.);
#299=VECTOR('',#2630,10.);
#300=VECTOR('',#2631,10.);
#301=VECTOR('',#2632,10.);
#302=VECTOR('',#2635,10.);
#303=VECTOR('',#2636,10.);
#304=VECTOR('',#2637,10.);
#305=VECTOR('',#2640,10.);
#306=VECTOR('',#2643,10.);
#307=VECTOR('',#2648,10.);
#308=VECTOR('',#2649,10.);
#309=VECTOR('',#2654,10.);
#310=VECTOR('',#2655,10.);
#311=VECTOR('',#2664,10.);
#312=VECTOR('',#2665,10.);
#313=VECTOR('',#2672,10.);
#314=VECTOR('',#2673,10.);
#315=VECTOR('',#2674,10.);
#316=VECTOR('',#2675,10.);
#317=VECTOR('',#2678,10.);
#318=VECTOR('',#2679,10.);
#319=VECTOR('',#2680,10.);
#320=VECTOR('',#2681,10.);
#321=VECTOR('',#2694,10.);
#322=VECTOR('',#2695,10.);
#323=VECTOR('',#2698,10.);
#324=VECTOR('',#2701,10.);
#325=VECTOR('',#2702,10.);
#326=VECTOR('',#2709,10.);
#327=VECTOR('',#2718,10.);
#328=VECTOR('',#2719,10.);
#329=VECTOR('',#2722,10.);
#330=VECTOR('',#2723,10.);
#331=VECTOR('',#2724,10.);
#332=VECTOR('',#2725,10.);
#333=VECTOR('',#2726,10.);
#334=VECTOR('',#2727,10.);
#335=VECTOR('',#2738,10.);
#336=VECTOR('',#2741,10.);
#337=VECTOR('',#2742,10.);
#338=VECTOR('',#2743,10.);
#339=VECTOR('',#2746,10.);
#340=VECTOR('',#2767,10.);
#341=VECTOR('',#2768,10.);
#342=VECTOR('',#2779,10.);
#343=VECTOR('',#2780,10.);
#344=VECTOR('',#2783,10.);
#345=VECTOR('',#2784,10.);
#346=VECTOR('',#2787,10.);
#347=VECTOR('',#2792,2.);
#348=VECTOR('',#2793,10.);
#349=VECTOR('',#2796,2.);
#350=VECTOR('',#2801,10.);
#351=VECTOR('',#2802,10.);
#352=VECTOR('',#2809,10.);
#353=VECTOR('',#2822,10.);
#354=VECTOR('',#2835,10.);
#355=VECTOR('',#2838,10.);
#356=VECTOR('',#2839,10.);
#357=VECTOR('',#2840,10.);
#358=VECTOR('',#2841,10.);
#359=VECTOR('',#2858,10.);
#360=VECTOR('',#2859,10.);
#361=VECTOR('',#2860,10.);
#362=VECTOR('',#2861,10.);
#363=VECTOR('',#2862,10.);
#364=VECTOR('',#2863,10.);
#365=VECTOR('',#2864,10.);
#366=VECTOR('',#2865,10.);
#367=VECTOR('',#2868,10.);
#368=VECTOR('',#2879,10.);
#369=VECTOR('',#2880,10.);
#370=VECTOR('',#2881,10.);
#371=VECTOR('',#2882,10.);
#372=VECTOR('',#2883,10.);
#373=VECTOR('',#2884,10.);
#374=VECTOR('',#2885,10.);
#375=VECTOR('',#2890,10.);
#376=VECTOR('',#2893,10.);
#377=VECTOR('',#2894,10.);
#378=VECTOR('',#2897,10.);
#379=VECTOR('',#2902,10.);
#380=VECTOR('',#2903,10.);
#381=VECTOR('',#2906,10.);
#382=VECTOR('',#2907,10.);
#383=VECTOR('',#2910,2.);
#384=VECTOR('',#2913,10.);
#385=VECTOR('',#2914,10.);
#386=VECTOR('',#2915,10.);
#387=VECTOR('',#2916,10.);
#388=VECTOR('',#2917,10.);
#389=VECTOR('',#2928,10.);
#390=VECTOR('',#2935,10.);
#391=VECTOR('',#2938,10.);
#392=VECTOR('',#2939,10.);
#393=VECTOR('',#2940,10.);
#394=VECTOR('',#2941,10.);
#395=VECTOR('',#2942,10.);
#396=VECTOR('',#2943,10.);
#397=VECTOR('',#2944,10.);
#398=VECTOR('',#2947,10.);
#399=VECTOR('',#2948,10.);
#400=VECTOR('',#2949,10.);
#401=VECTOR('',#2950,10.);
#402=VECTOR('',#2953,10.);
#403=VECTOR('',#2954,10.);
#404=VECTOR('',#2959,10.);
#405=VECTOR('',#2960,10.);
#406=VECTOR('',#2965,10.);
#407=VECTOR('',#2966,10.);
#408=VECTOR('',#2969,10.);
#409=VECTOR('',#2970,10.);
#410=VECTOR('',#2973,10.);
#411=VECTOR('',#2974,10.);
#412=VECTOR('',#2979,10.);
#413=VECTOR('',#2982,10.);
#414=VECTOR('',#2983,10.);
#415=VECTOR('',#3010,10.);
#416=VECTOR('',#3011,10.);
#417=VECTOR('',#3016,10.);
#418=VECTOR('',#3017,10.);
#419=VECTOR('',#3018,10.);
#420=VECTOR('',#3021,10.);
#421=VECTOR('',#3022,10.);
#422=VECTOR('',#3031,10.);
#423=VECTOR('',#3036,10.);
#424=VECTOR('',#3037,10.);
#425=VECTOR('',#3046,10.);
#426=VECTOR('',#3047,10.);
#427=VECTOR('',#3050,2.);
#428=VECTOR('',#3053,10.);
#429=VECTOR('',#3058,10.);
#430=VECTOR('',#3061,10.);
#431=VECTOR('',#3068,10.);
#432=VECTOR('',#3069,10.);
#433=VECTOR('',#3070,10.);
#434=VECTOR('',#3073,10.);
#435=VECTOR('',#3074,10.);
#436=VECTOR('',#3077,10.);
#437=VECTOR('',#3078,10.);
#438=VECTOR('',#3085,10.);
#439=VECTOR('',#3086,10.);
#440=VECTOR('',#3089,10.);
#441=VECTOR('',#3090,10.);
#442=VECTOR('',#3091,10.);
#443=VECTOR('',#3092,10.);
#444=VECTOR('',#3093,10.);
#445=VECTOR('',#3096,10.);
#446=VECTOR('',#3099,10.);
#447=VECTOR('',#3100,10.);
#448=VECTOR('',#3101,10.);
#449=VECTOR('',#3106,10.);
#450=VECTOR('',#3107,10.);
#451=VECTOR('',#3110,10.);
#452=VECTOR('',#3113,10.);
#453=VECTOR('',#3114,10.);
#454=VECTOR('',#3115,10.);
#455=VECTOR('',#3120,10.);
#456=VECTOR('',#3123,10.);
#457=VECTOR('',#3126,10.);
#458=VECTOR('',#3129,10.);
#459=VECTOR('',#3132,10.);
#460=VECTOR('',#3133,10.);
#461=VECTOR('',#3136,10.);
#462=VECTOR('',#3137,10.);
#463=VECTOR('',#3140,10.);
#464=VECTOR('',#3143,10.);
#465=VECTOR('',#3144,10.);
#466=VECTOR('',#3145,10.);
#467=VECTOR('',#3150,10.);
#468=VECTOR('',#3153,10.);
#469=VECTOR('',#3156,10.);
#470=VECTOR('',#3157,10.);
#471=VECTOR('',#3160,10.);
#472=VECTOR('',#3163,10.);
#473=VECTOR('',#3164,10.);
#474=VECTOR('',#3167,10.);
#475=VECTOR('',#3168,10.);
#476=VECTOR('',#3171,10.);
#477=VECTOR('',#3174,10.);
#478=CYLINDRICAL_SURFACE('',#2332,0.2);
#479=CYLINDRICAL_SURFACE('',#2338,0.2);
#480=CYLINDRICAL_SURFACE('',#2341,0.2);
#481=CYLINDRICAL_SURFACE('',#2348,0.2);
#482=CYLINDRICAL_SURFACE('',#2359,0.2);
#483=CYLINDRICAL_SURFACE('',#2363,0.2);
#484=CYLINDRICAL_SURFACE('',#2367,0.2);
#485=CYLINDRICAL_SURFACE('',#2382,0.2);
#486=CYLINDRICAL_SURFACE('',#2386,0.2);
#487=CYLINDRICAL_SURFACE('',#2392,0.2);
#488=CYLINDRICAL_SURFACE('',#2404,0.2);
#489=CYLINDRICAL_SURFACE('',#2410,0.2);
#490=CYLINDRICAL_SURFACE('',#2412,1.);
#491=CYLINDRICAL_SURFACE('',#2415,2.);
#492=CYLINDRICAL_SURFACE('',#2417,16.);
#493=CYLINDRICAL_SURFACE('',#2419,0.2);
#494=CYLINDRICAL_SURFACE('',#2425,0.2);
#495=CYLINDRICAL_SURFACE('',#2442,13.4);
#496=CYLINDRICAL_SURFACE('',#2454,1.);
#497=CYLINDRICAL_SURFACE('',#2461,13.4);
#498=CYLINDRICAL_SURFACE('',#2470,0.9);
#499=CYLINDRICAL_SURFACE('',#2474,9.4);
#500=CYLINDRICAL_SURFACE('',#2477,9.4);
#501=CYLINDRICAL_SURFACE('',#2495,9.4);
#502=CYLINDRICAL_SURFACE('',#2503,2.);
#503=CYLINDRICAL_SURFACE('',#2504,16.);
#504=CYLINDRICAL_SURFACE('',#2506,1.);
#505=CYLINDRICAL_SURFACE('',#2508,6.96433351840321);
#506=CYLINDRICAL_SURFACE('',#2513,13.4);
#507=CYLINDRICAL_SURFACE('',#2519,9.4);
#508=CYLINDRICAL_SURFACE('',#2523,9.4);
#509=CYLINDRICAL_SURFACE('',#2526,13.4);
#510=CYLINDRICAL_SURFACE('',#2532,11.9);
#511=CYLINDRICAL_SURFACE('',#2541,13.4);
#512=CYLINDRICAL_SURFACE('',#2543,13.4);
#513=FACE_OUTER_BOUND('',#632,.T.);
#514=FACE_OUTER_BOUND('',#633,.T.);
#515=FACE_OUTER_BOUND('',#634,.T.);
#516=FACE_OUTER_BOUND('',#635,.T.);
#517=FACE_OUTER_BOUND('',#636,.T.);
#518=FACE_OUTER_BOUND('',#637,.T.);
#519=FACE_OUTER_BOUND('',#639,.T.);
#520=FACE_OUTER_BOUND('',#640,.T.);
#521=FACE_OUTER_BOUND('',#641,.T.);
#522=FACE_OUTER_BOUND('',#642,.T.);
#523=FACE_OUTER_BOUND('',#643,.T.);
#524=FACE_OUTER_BOUND('',#644,.T.);
#525=FACE_OUTER_BOUND('',#645,.T.);
#526=FACE_OUTER_BOUND('',#646,.T.);
#527=FACE_OUTER_BOUND('',#647,.T.);
#528=FACE_OUTER_BOUND('',#648,.T.);
#529=FACE_OUTER_BOUND('',#649,.T.);
#530=FACE_OUTER_BOUND('',#650,.T.);
#531=FACE_OUTER_BOUND('',#651,.T.);
#532=FACE_OUTER_BOUND('',#652,.T.);
#533=FACE_OUTER_BOUND('',#653,.T.);
#534=FACE_OUTER_BOUND('',#654,.T.);
#535=FACE_OUTER_BOUND('',#655,.T.);
#536=FACE_OUTER_BOUND('',#656,.T.);
#537=FACE_OUTER_BOUND('',#657,.T.);
#538=FACE_OUTER_BOUND('',#658,.T.);
#539=FACE_OUTER_BOUND('',#659,.T.);
#540=FACE_OUTER_BOUND('',#660,.T.);
#541=FACE_OUTER_BOUND('',#661,.T.);
#542=FACE_OUTER_BOUND('',#662,.T.);
#543=FACE_OUTER_BOUND('',#663,.T.);
#544=FACE_OUTER_BOUND('',#664,.T.);
#545=FACE_OUTER_BOUND('',#665,.T.);
#546=FACE_OUTER_BOUND('',#666,.T.);
#547=FACE_OUTER_BOUND('',#667,.T.);
#548=FACE_OUTER_BOUND('',#668,.T.);
#549=FACE_OUTER_BOUND('',#669,.T.);
#550=FACE_OUTER_BOUND('',#670,.T.);
#551=FACE_OUTER_BOUND('',#671,.T.);
#552=FACE_OUTER_BOUND('',#672,.T.);
#553=FACE_OUTER_BOUND('',#673,.T.);
#554=FACE_OUTER_BOUND('',#674,.T.);
#555=FACE_OUTER_BOUND('',#675,.T.);
#556=FACE_OUTER_BOUND('',#676,.T.);
#557=FACE_OUTER_BOUND('',#677,.T.);
#558=FACE_OUTER_BOUND('',#678,.T.);
#559=FACE_OUTER_BOUND('',#679,.T.);
#560=FACE_OUTER_BOUND('',#680,.T.);
#561=FACE_OUTER_BOUND('',#681,.T.);
#562=FACE_OUTER_BOUND('',#682,.T.);
#563=FACE_OUTER_BOUND('',#683,.T.);
#564=FACE_OUTER_BOUND('',#684,.T.);
#565=FACE_OUTER_BOUND('',#685,.T.);
#566=FACE_OUTER_BOUND('',#686,.T.);
#567=FACE_OUTER_BOUND('',#687,.T.);
#568=FACE_OUTER_BOUND('',#688,.T.);
#569=FACE_OUTER_BOUND('',#689,.T.);
#570=FACE_OUTER_BOUND('',#690,.T.);
#571=FACE_OUTER_BOUND('',#691,.T.);
#572=FACE_OUTER_BOUND('',#692,.T.);
#573=FACE_OUTER_BOUND('',#693,.T.);
#574=FACE_OUTER_BOUND('',#694,.T.);
#575=FACE_OUTER_BOUND('',#696,.T.);
#576=FACE_OUTER_BOUND('',#697,.T.);
#577=FACE_OUTER_BOUND('',#698,.T.);
#578=FACE_OUTER_BOUND('',#699,.T.);
#579=FACE_OUTER_BOUND('',#700,.T.);
#580=FACE_OUTER_BOUND('',#701,.T.);
#581=FACE_OUTER_BOUND('',#702,.T.);
#582=FACE_OUTER_BOUND('',#703,.T.);
#583=FACE_OUTER_BOUND('',#704,.T.);
#584=FACE_OUTER_BOUND('',#705,.T.);
#585=FACE_OUTER_BOUND('',#706,.T.);
#586=FACE_OUTER_BOUND('',#707,.T.);
#587=FACE_OUTER_BOUND('',#708,.T.);
#588=FACE_OUTER_BOUND('',#709,.T.);
#589=FACE_OUTER_BOUND('',#710,.T.);
#590=FACE_OUTER_BOUND('',#711,.T.);
#591=FACE_OUTER_BOUND('',#712,.T.);
#592=FACE_OUTER_BOUND('',#714,.T.);
#593=FACE_OUTER_BOUND('',#715,.T.);
#594=FACE_OUTER_BOUND('',#716,.T.);
#595=FACE_OUTER_BOUND('',#717,.T.);
#596=FACE_OUTER_BOUND('',#718,.T.);
#597=FACE_OUTER_BOUND('',#719,.T.);
#598=FACE_OUTER_BOUND('',#720,.T.);
#599=FACE_OUTER_BOUND('',#721,.T.);
#600=FACE_OUTER_BOUND('',#722,.T.);
#601=FACE_OUTER_BOUND('',#723,.T.);
#602=FACE_OUTER_BOUND('',#724,.T.);
#603=FACE_OUTER_BOUND('',#725,.T.);
#604=FACE_OUTER_BOUND('',#726,.T.);
#605=FACE_OUTER_BOUND('',#727,.T.);
#606=FACE_OUTER_BOUND('',#728,.T.);
#607=FACE_OUTER_BOUND('',#729,.T.);
#608=FACE_OUTER_BOUND('',#730,.T.);
#609=FACE_OUTER_BOUND('',#731,.T.);
#610=FACE_OUTER_BOUND('',#732,.T.);
#611=FACE_OUTER_BOUND('',#733,.T.);
#612=FACE_OUTER_BOUND('',#734,.T.);
#613=FACE_OUTER_BOUND('',#735,.T.);
#614=FACE_OUTER_BOUND('',#736,.T.);
#615=FACE_OUTER_BOUND('',#737,.T.);
#616=FACE_OUTER_BOUND('',#738,.T.);
#617=FACE_OUTER_BOUND('',#739,.T.);
#618=FACE_OUTER_BOUND('',#740,.T.);
#619=FACE_OUTER_BOUND('',#741,.T.);
#620=FACE_OUTER_BOUND('',#742,.T.);
#621=FACE_OUTER_BOUND('',#743,.T.);
#622=FACE_OUTER_BOUND('',#744,.T.);
#623=FACE_OUTER_BOUND('',#745,.T.);
#624=FACE_OUTER_BOUND('',#746,.T.);
#625=FACE_OUTER_BOUND('',#747,.T.);
#626=FACE_OUTER_BOUND('',#748,.T.);
#627=FACE_OUTER_BOUND('',#749,.T.);
#628=FACE_OUTER_BOUND('',#750,.T.);
#629=FACE_OUTER_BOUND('',#751,.T.);
#630=FACE_OUTER_BOUND('',#752,.T.);
#631=FACE_OUTER_BOUND('',#753,.T.);
#632=EDGE_LOOP('',(#1481,#1482,#1483,#1484));
#633=EDGE_LOOP('',(#1485,#1486,#1487,#1488));
#634=EDGE_LOOP('',(#1489,#1490,#1491,#1492));
#635=EDGE_LOOP('',(#1493,#1494,#1495,#1496));
#636=EDGE_LOOP('',(#1497,#1498,#1499,#1500));
#637=EDGE_LOOP('',(#1501,#1502,#1503,#1504,#1505,#1506,#1507,#1508,#1509,
#1510,#1511));
#638=EDGE_LOOP('',(#1512));
#639=EDGE_LOOP('',(#1513,#1514,#1515,#1516,#1517));
#640=EDGE_LOOP('',(#1518,#1519,#1520,#1521));
#641=EDGE_LOOP('',(#1522,#1523,#1524,#1525));
#642=EDGE_LOOP('',(#1526,#1527,#1528,#1529));
#643=EDGE_LOOP('',(#1530,#1531,#1532,#1533));
#644=EDGE_LOOP('',(#1534,#1535,#1536,#1537,#1538));
#645=EDGE_LOOP('',(#1539,#1540,#1541,#1542,#1543,#1544,#1545,#1546,#1547));
#646=EDGE_LOOP('',(#1548,#1549,#1550,#1551));
#647=EDGE_LOOP('',(#1552,#1553,#1554,#1555));
#648=EDGE_LOOP('',(#1556,#1557,#1558,#1559));
#649=EDGE_LOOP('',(#1560,#1561,#1562,#1563,#1564));
#650=EDGE_LOOP('',(#1565,#1566,#1567,#1568));
#651=EDGE_LOOP('',(#1569,#1570,#1571,#1572));
#652=EDGE_LOOP('',(#1573,#1574,#1575,#1576));
#653=EDGE_LOOP('',(#1577,#1578,#1579,#1580));
#654=EDGE_LOOP('',(#1581,#1582,#1583,#1584,#1585,#1586,#1587,#1588,#1589,
#1590,#1591,#1592,#1593,#1594,#1595));
#655=EDGE_LOOP('',(#1596,#1597,#1598,#1599));
#656=EDGE_LOOP('',(#1600,#1601,#1602,#1603));
#657=EDGE_LOOP('',(#1604,#1605,#1606,#1607,#1608,#1609,#1610,#1611,#1612,
#1613,#1614,#1615));
#658=EDGE_LOOP('',(#1616,#1617,#1618,#1619));
#659=EDGE_LOOP('',(#1620,#1621,#1622,#1623));
#660=EDGE_LOOP('',(#1624,#1625,#1626,#1627));
#661=EDGE_LOOP('',(#1628,#1629,#1630,#1631));
#662=EDGE_LOOP('',(#1632,#1633,#1634,#1635,#1636,#1637,#1638,#1639,#1640,
#1641,#1642));
#663=EDGE_LOOP('',(#1643,#1644,#1645,#1646));
#664=EDGE_LOOP('',(#1647,#1648,#1649,#1650));
#665=EDGE_LOOP('',(#1651,#1652,#1653,#1654));
#666=EDGE_LOOP('',(#1655,#1656,#1657,#1658,#1659));
#667=EDGE_LOOP('',(#1660,#1661,#1662,#1663,#1664));
#668=EDGE_LOOP('',(#1665,#1666,#1667,#1668));
#669=EDGE_LOOP('',(#1669,#1670,#1671,#1672));
#670=EDGE_LOOP('',(#1673,#1674,#1675,#1676));
#671=EDGE_LOOP('',(#1677,#1678,#1679,#1680));
#672=EDGE_LOOP('',(#1681,#1682,#1683,#1684));
#673=EDGE_LOOP('',(#1685,#1686,#1687,#1688));
#674=EDGE_LOOP('',(#1689,#1690,#1691,#1692));
#675=EDGE_LOOP('',(#1693,#1694,#1695,#1696));
#676=EDGE_LOOP('',(#1697,#1698,#1699,#1700));
#677=EDGE_LOOP('',(#1701,#1702,#1703,#1704,#1705,#1706));
#678=EDGE_LOOP('',(#1707,#1708,#1709,#1710,#1711));
#679=EDGE_LOOP('',(#1712,#1713,#1714,#1715));
#680=EDGE_LOOP('',(#1716,#1717,#1718,#1719));
#681=EDGE_LOOP('',(#1720,#1721,#1722,#1723));
#682=EDGE_LOOP('',(#1724,#1725,#1726,#1727));
#683=EDGE_LOOP('',(#1728,#1729,#1730,#1731,#1732,#1733,#1734,#1735,#1736,
#1737,#1738));
#684=EDGE_LOOP('',(#1739,#1740,#1741,#1742));
#685=EDGE_LOOP('',(#1743,#1744,#1745,#1746));
#686=EDGE_LOOP('',(#1747,#1748,#1749,#1750));
#687=EDGE_LOOP('',(#1751,#1752,#1753,#1754,#1755,#1756,#1757,#1758,#1759,
#1760));
#688=EDGE_LOOP('',(#1761,#1762,#1763,#1764));
#689=EDGE_LOOP('',(#1765,#1766,#1767,#1768));
#690=EDGE_LOOP('',(#1769,#1770,#1771,#1772,#1773,#1774,#1775,#1776,#1777,
#1778));
#691=EDGE_LOOP('',(#1779,#1780,#1781,#1782,#1783,#1784,#1785,#1786,#1787,
#1788,#1789,#1790,#1791,#1792,#1793));
#692=EDGE_LOOP('',(#1794,#1795,#1796,#1797));
#693=EDGE_LOOP('',(#1798,#1799,#1800,#1801));
#694=EDGE_LOOP('',(#1802,#1803,#1804,#1805,#1806,#1807,#1808,#1809,#1810,
#1811,#1812));
#695=EDGE_LOOP('',(#1813));
#696=EDGE_LOOP('',(#1814,#1815,#1816,#1817,#1818,#1819,#1820,#1821));
#697=EDGE_LOOP('',(#1822,#1823,#1824,#1825));
#698=EDGE_LOOP('',(#1826,#1827,#1828,#1829,#1830,#1831,#1832,#1833));
#699=EDGE_LOOP('',(#1834,#1835,#1836,#1837));
#700=EDGE_LOOP('',(#1838,#1839,#1840,#1841,#1842,#1843,#1844,#1845,#1846,
#1847,#1848,#1849,#1850,#1851,#1852,#1853,#1854,#1855,#1856,#1857,#1858,
#1859));
#701=EDGE_LOOP('',(#1860,#1861,#1862,#1863));
#702=EDGE_LOOP('',(#1864,#1865,#1866,#1867));
#703=EDGE_LOOP('',(#1868,#1869,#1870,#1871));
#704=EDGE_LOOP('',(#1872,#1873,#1874,#1875));
#705=EDGE_LOOP('',(#1876,#1877,#1878,#1879));
#706=EDGE_LOOP('',(#1880,#1881,#1882,#1883));
#707=EDGE_LOOP('',(#1884,#1885,#1886,#1887));
#708=EDGE_LOOP('',(#1888,#1889,#1890,#1891,#1892));
#709=EDGE_LOOP('',(#1893,#1894,#1895,#1896));
#710=EDGE_LOOP('',(#1897,#1898,#1899));
#711=EDGE_LOOP('',(#1900,#1901,#1902));
#712=EDGE_LOOP('',(#1903,#1904,#1905,#1906,#1907,#1908));
#713=EDGE_LOOP('',(#1909,#1910,#1911));
#714=EDGE_LOOP('',(#1912,#1913,#1914,#1915));
#715=EDGE_LOOP('',(#1916,#1917,#1918,#1919));
#716=EDGE_LOOP('',(#1920,#1921,#1922));
#717=EDGE_LOOP('',(#1923,#1924,#1925,#1926,#1927));
#718=EDGE_LOOP('',(#1928,#1929,#1930,#1931,#1932,#1933,#1934,#1935,#1936));
#719=EDGE_LOOP('',(#1937,#1938,#1939,#1940,#1941,#1942,#1943,#1944,#1945));
#720=EDGE_LOOP('',(#1946,#1947,#1948,#1949));
#721=EDGE_LOOP('',(#1950,#1951,#1952,#1953,#1954,#1955));
#722=EDGE_LOOP('',(#1956,#1957,#1958,#1959));
#723=EDGE_LOOP('',(#1960,#1961,#1962,#1963));
#724=EDGE_LOOP('',(#1964,#1965,#1966,#1967,#1968,#1969,#1970,#1971,#1972,
#1973,#1974,#1975,#1976,#1977,#1978,#1979,#1980,#1981,#1982,#1983,#1984));
#725=EDGE_LOOP('',(#1985,#1986,#1987,#1988,#1989,#1990,#1991,#1992,#1993,
#1994,#1995));
#726=EDGE_LOOP('',(#1996,#1997,#1998,#1999));
#727=EDGE_LOOP('',(#2000,#2001,#2002,#2003));
#728=EDGE_LOOP('',(#2004,#2005,#2006,#2007));
#729=EDGE_LOOP('',(#2008,#2009,#2010,#2011));
#730=EDGE_LOOP('',(#2012,#2013,#2014,#2015,#2016,#2017,#2018,#2019,#2020,
#2021,#2022,#2023));
#731=EDGE_LOOP('',(#2024,#2025,#2026,#2027));
#732=EDGE_LOOP('',(#2028,#2029,#2030,#2031));
#733=EDGE_LOOP('',(#2032,#2033,#2034,#2035,#2036,#2037,#2038,#2039,#2040));
#734=EDGE_LOOP('',(#2041,#2042,#2043,#2044));
#735=EDGE_LOOP('',(#2045,#2046,#2047,#2048,#2049));
#736=EDGE_LOOP('',(#2050,#2051,#2052,#2053));
#737=EDGE_LOOP('',(#2054,#2055,#2056,#2057,#2058));
#738=EDGE_LOOP('',(#2059,#2060,#2061,#2062));
#739=EDGE_LOOP('',(#2063,#2064,#2065,#2066));
#740=EDGE_LOOP('',(#2067,#2068,#2069,#2070));
#741=EDGE_LOOP('',(#2071,#2072,#2073,#2074,#2075,#2076,#2077,#2078,#2079,
#2080,#2081));
#742=EDGE_LOOP('',(#2082,#2083,#2084,#2085));
#743=EDGE_LOOP('',(#2086,#2087,#2088,#2089));
#744=EDGE_LOOP('',(#2090,#2091,#2092,#2093));
#745=EDGE_LOOP('',(#2094,#2095,#2096,#2097));
#746=EDGE_LOOP('',(#2098,#2099,#2100,#2101));
#747=EDGE_LOOP('',(#2102,#2103,#2104,#2105,#2106,#2107,#2108,#2109));
#748=EDGE_LOOP('',(#2110,#2111,#2112,#2113));
#749=EDGE_LOOP('',(#2114,#2115,#2116,#2117));
#750=EDGE_LOOP('',(#2118,#2119,#2120,#2121,#2122));
#751=EDGE_LOOP('',(#2123,#2124,#2125,#2126));
#752=EDGE_LOOP('',(#2127,#2128,#2129,#2130));
#753=EDGE_LOOP('',(#2131,#2132,#2133,#2134,#2135,#2136,#2137,#2138,#2139,
#2140));
#754=EDGE_LOOP('',(#2141,#2142,#2143,#2144));
#755=EDGE_LOOP('',(#2145,#2146,#2147));
#756=EDGE_LOOP('',(#2148,#2149,#2150));
#757=EDGE_LOOP('',(#2151,#2152,#2153,#2154));
#758=EDGE_LOOP('',(#2155,#2156,#2157));
#759=EDGE_LOOP('',(#2158,#2159,#2160));
#760=EDGE_LOOP('',(#2161,#2162,#2163,#2164));
#761=EDGE_LOOP('',(#2165,#2166,#2167,#2168));
#762=EDGE_LOOP('',(#2169,#2170));
#763=B_SPLINE_CURVE_WITH_KNOTS('',3,(#3193,#3194,#3195,#3196,#3197,#3198,
#3199,#3200,#3201,#3202),.UNSPECIFIED.,.F.,.F.,(4,2,2,2,4),(0.0297323261322738,
0.037212872203137,0.0446646281806147,0.0520807441098661,0.0594670812017526),
 .UNSPECIFIED.);
#764=B_SPLINE_CURVE_WITH_KNOTS('',3,(#3225,#3226,#3227,#3228,#3229,#3230,
#3231,#3232,#3233,#3234,#3235,#3236,#3237,#3238,#3239,#3240),
 .UNSPECIFIED.,.F.,.F.,(4,2,2,2,2,2,2,4),(-0.104959278695753,-0.102122171219635,
-0.0981428813837953,-0.0941522950620285,-0.0889345575184385,-0.0804371904563363,
-0.0725591377283196,-0.0716649979052332),.UNSPECIFIED.);
#765=B_SPLINE_CURVE_WITH_KNOTS('',3,(#3245,#3246,#3247,#3248),
 .UNSPECIFIED.,.F.,.F.,(4,4),(3.70825007201466,3.72729936679332),
 .UNSPECIFIED.);
#766=B_SPLINE_CURVE_WITH_KNOTS('',3,(#3270,#3271,#3272,#3273,#3274,#3275,
#3276,#3277),.UNSPECIFIED.,.F.,.F.,(4,2,2,4),(-0.114472042176322,-0.110782678912833,
-0.102786511105678,-0.100198141221953),.UNSPECIFIED.);
#767=B_SPLINE_CURVE_WITH_KNOTS('',3,(#3299,#3300,#3301,#3302,#3303,#3304,
#3305,#3306,#3307,#3308),.UNSPECIFIED.,.F.,.F.,(4,2,2,2,4),(0.0296203688576771,
0.0370259297779251,0.044431206948603,0.0518361318210322,0.0592407613858429),
 .UNSPECIFIED.);
#768=B_SPLINE_CURVE_WITH_KNOTS('',3,(#3328,#3329,#3330,#3331,#3332,#3333,
#3334,#3335,#3336,#3337),.UNSPECIFIED.,.F.,.F.,(4,2,2,2,4),(0.108657341385196,
0.119546405934679,0.130435470484163,0.137915206645281,0.1453949428064),
 .UNSPECIFIED.);
#769=B_SPLINE_CURVE_WITH_KNOTS('',3,(#3371,#3372,#3373,#3374,#3375),
 .UNSPECIFIED.,.F.,.F.,(4,1,4),(-0.121867322419468,-0.0522288524654864,
0.),.UNSPECIFIED.);
#770=B_SPLINE_CURVE_WITH_KNOTS('',3,(#3376,#3377,#3378,#3379,#3380),
 .UNSPECIFIED.,.F.,.F.,(4,1,4),(0.,0.0522288524654864,0.121867322419468),
 .UNSPECIFIED.);
#771=B_SPLINE_CURVE_WITH_KNOTS('',3,(#3408,#3409,#3410,#3411,#3412,#3413,
#3414,#3415,#3416,#3417,#3418,#3419,#3420,#3421,#3422,#3423,#3424,#3425,
#3426,#3427,#3428,#3429,#3430,#3431,#3432,#3433,#3434,#3435,#3436,#3437,
#3438,#3439,#3440,#3441),.UNSPECIFIED.,.F.,.F.,(4,3,3,3,3,3,3,3,3,3,3,4),
(-0.000982756596736498,0.,0.0260402712937645,0.0521046990747515,0.0782089745989781,
0.101419691512456,0.102537938548017,0.124160824899833,0.145036265424617,
0.165062952659392,0.18387401206144,0.185089639894168),.UNSPECIFIED.);
#772=B_SPLINE_CURVE_WITH_KNOTS('',3,(#3442,#3443,#3444,#3445,#3446),
 .UNSPECIFIED.,.F.,.F.,(4,1,4),(-1.22326047413123,-0.524254488913385,0.),
 .UNSPECIFIED.);
#773=B_SPLINE_CURVE_WITH_KNOTS('',3,(#3447,#3448,#3449,#3450,#3451),
 .UNSPECIFIED.,.F.,.F.,(4,1,4),(0.,0.524254488913385,1.03651883536945),
 .UNSPECIFIED.);
#774=B_SPLINE_CURVE_WITH_KNOTS('',3,(#3463,#3464,#3465,#3466,#3467,#3468,
#3469,#3470,#3471,#3472),.UNSPECIFIED.,.F.,.F.,(4,2,2,2,4),(-0.0312138421778133,
-0.0231108203572857,-0.0150077985367581,-0.00750389926837908,0.),
 .UNSPECIFIED.);
#775=B_SPLINE_CURVE_WITH_KNOTS('',3,(#3500,#3501,#3502,#3503,#3504),
 .UNSPECIFIED.,.F.,.F.,(4,1,4),(-0.119180082956512,-0.0510771784099338,
0.),.UNSPECIFIED.);
#776=B_SPLINE_CURVE_WITH_KNOTS('',3,(#3507,#3508,#3509,#3510,#3511),
 .UNSPECIFIED.,.F.,.F.,(4,1,4),(0.,0.0510771784099338,0.119180082956512),
 .UNSPECIFIED.);
#777=B_SPLINE_CURVE_WITH_KNOTS('',3,(#3538,#3539,#3540,#3541,#3542),
 .UNSPECIFIED.,.F.,.F.,(4,1,4),(-1.2096613148666,-0.691235037066627,0.),
 .UNSPECIFIED.);
#778=B_SPLINE_CURVE_WITH_KNOTS('',3,(#3545,#3546,#3547,#3548,#3549),
 .UNSPECIFIED.,.F.,.F.,(4,1,4),(0.,0.691235037066627,1.2096613148666),
 .UNSPECIFIED.);
#779=B_SPLINE_CURVE_WITH_KNOTS('',3,(#3602,#3603,#3604,#3605,#3606,#3607,
#3608,#3609,#3610,#3611),.UNSPECIFIED.,.F.,.F.,(4,2,2,2,4),(0.0625560929505376,
0.0701985123374113,0.077840931724285,0.085805774564276,0.0937706174042671),
 .UNSPECIFIED.);
#780=B_SPLINE_CURVE_WITH_KNOTS('',3,(#3646,#3647,#3648,#3649,#3650,#3651),
 .UNSPECIFIED.,.F.,.F.,(4,1,1,4),(-0.119180075563284,-0.0851286254023458,
-0.0510771752414076,-2.14527236201677E-16),.UNSPECIFIED.);
#781=B_SPLINE_CURVE_WITH_KNOTS('',3,(#3652,#3653,#3654,#3655,#3656,#3657),
 .UNSPECIFIED.,.F.,.F.,(4,1,1,4),(2.14527236201677E-16,0.0510771752414076,
0.0851286254023458,0.119180075563284),.UNSPECIFIED.);
#782=B_SPLINE_CURVE_WITH_KNOTS('',3,(#3689,#3690,#3691,#3692,#3693,#3694),
 .UNSPECIFIED.,.F.,.F.,(4,1,1,4),(-1.20966205980613,-0.864044328432949,
-0.518426597059769,0.),.UNSPECIFIED.);
#783=B_SPLINE_CURVE_WITH_KNOTS('',3,(#3697,#3698,#3699,#3700,#3701,#3702),
 .UNSPECIFIED.,.F.,.F.,(4,1,1,4),(0.,0.518426597059769,0.864044328432949,
1.20966205980613),.UNSPECIFIED.);
#784=B_SPLINE_CURVE_WITH_KNOTS('',3,(#3750,#3751,#3752,#3753,#3754,#3755,
#3756,#3757),.UNSPECIFIED.,.F.,.F.,(4,2,2,4),(0.,0.04067592630347,0.176946779738216,
0.177873889669952),.UNSPECIFIED.);
#785=B_SPLINE_CURVE_WITH_KNOTS('',3,(#3759,#3760,#3761,#3762,#3763),
 .UNSPECIFIED.,.F.,.F.,(4,1,4),(0.240199139014411,0.752461613890783,1.27671632899315),
 .UNSPECIFIED.);
#786=B_SPLINE_CURVE_WITH_KNOTS('',3,(#3766,#3767,#3768,#3769,#3770),
 .UNSPECIFIED.,.F.,.F.,(4,1,4),(-1.27671632899315,-0.752461613890783,-0.0534553270876262),
 .UNSPECIFIED.);
#787=B_SPLINE_CURVE_WITH_KNOTS('',3,(#3798,#3799,#3800,#3801,#3802),
 .UNSPECIFIED.,.F.,.F.,(4,1,4),(-0.121867311564545,-0.0522288478133763,
-7.20994444702849E-17),.UNSPECIFIED.);
#788=B_SPLINE_CURVE_WITH_KNOTS('',3,(#3803,#3804,#3805,#3806,#3807),
 .UNSPECIFIED.,.F.,.F.,(4,1,4),(7.20994444702849E-17,0.0522288478133763,
0.121867311564545),.UNSPECIFIED.);
#789=B_SPLINE_CURVE_WITH_KNOTS('',3,(#3827,#3828,#3829,#3830,#3831,#3832,
#3833,#3834,#3835,#3836),.UNSPECIFIED.,.F.,.F.,(4,2,2,2,4),(0.0594670812017524,
0.0668534182936386,0.0742695342228894,0.0817212902003668,0.0892018362712298),
 .UNSPECIFIED.);
#790=B_SPLINE_CURVE_WITH_KNOTS('',3,(#3859,#3860,#3861,#3862,#3863,#3864,
#3865,#3866,#3867,#3868,#3869,#3870,#3871,#3872,#3873,#3874),
 .UNSPECIFIED.,.F.,.F.,(4,2,2,2,2,2,2,4),(-0.0592769268429938,-0.0546813637975642,
-0.0473074944732284,-0.0398604062443104,-0.0355951795195942,-0.0322364490255086,
-0.0287156056235767,-0.0259889696086862),.UNSPECIFIED.);
#791=B_SPLINE_CURVE_WITH_KNOTS('',3,(#3882,#3883,#3884,#3885,#3886,#3887),
 .UNSPECIFIED.,.F.,.F.,(4,2,4),(0.614705838873178,0.682029040958592,0.74860164243655),
 .UNSPECIFIED.);
#792=B_SPLINE_CURVE_WITH_KNOTS('',3,(#3907,#3908,#3909,#3910,#3911,#3912,
#3913,#3914),.UNSPECIFIED.,.F.,.F.,(4,2,2,4),(-0.0258473714482496,-0.0232635564701838,
-0.0158226772132626,-0.0115739149499401),.UNSPECIFIED.);
#793=B_SPLINE_CURVE_WITH_KNOTS('',3,(#3934,#3935,#3936,#3937,#3938,#3939,
#3940,#3941,#3942,#3943),.UNSPECIFIED.,.F.,.F.,(4,2,2,2,4),(0.0592407613858429,
0.0666453909506534,0.0740503158230824,0.0814555929937606,0.0888611539140085),
 .UNSPECIFIED.);
#794=B_SPLINE_CURVE_WITH_KNOTS('',3,(#3963,#3964,#3965,#3966,#3967,#3968,
#3969,#3970,#3971,#3972),.UNSPECIFIED.,.F.,.F.,(4,2,2,2,4),(0.652277511060742,
0.687448567092638,0.725457102137662,0.767501678975667,0.813935068247197),
 .UNSPECIFIED.);
#795=B_SPLINE_CURVE_WITH_KNOTS('',3,(#3976,#3977,#3978,#3979,#3980,#3981,
#3982,#3983,#3984,#3985),.UNSPECIFIED.,.F.,.F.,(4,2,2,2,4),(0.465832149678793,
0.507288035982026,0.546751837257382,0.584269056622307,0.620361280747889),
 .UNSPECIFIED.);
#796=B_SPLINE_CURVE_WITH_KNOTS('',3,(#3991,#3992,#3993,#3994,#3995,#3996,
#3997,#3998,#3999,#4000,#4001,#4002,#4003,#4004,#4005,#4006,#4007,#4008),
 .UNSPECIFIED.,.F.,.F.,(4,2,2,2,2,2,2,2,4),(0.613537240527627,0.696999888942536,
0.780462537357444,0.862224464374199,0.943986391390954,1.02070529672572,
1.09742420206048,1.16851202429528,1.23959984653008),.UNSPECIFIED.);
#797=B_SPLINE_CURVE_WITH_KNOTS('',3,(#4029,#4030,#4031,#4032,#4033,#4034,
#4035,#4036,#4037,#4038),.UNSPECIFIED.,.F.,.F.,(4,2,2,2,4),(0.620361280747975,
0.656453504873554,0.693970724238481,0.733434525513844,0.774890411817091),
 .UNSPECIFIED.);
#798=B_SPLINE_CURVE_WITH_KNOTS('',3,(#4042,#4043,#4044,#4045,#4046,#4047,
#4048,#4049,#4050,#4051),.UNSPECIFIED.,.F.,.F.,(4,2,2,2,4),(0.490619953874286,
0.537053343145816,0.579097919983821,0.617106455028846,0.652277511060741),
 .UNSPECIFIED.);
#799=B_SPLINE_CURVE_WITH_KNOTS('',3,(#4066,#4067,#4068,#4069,#4070,#4071,
#4072,#4073,#4074,#4075,#4076,#4077,#4078,#4079,#4080,#4081,#4082,#4083),
 .UNSPECIFIED.,.F.,.F.,(4,2,2,2,2,2,2,2,4),(1.23959984652972,1.31068766876453,
1.38177549099935,1.4584943963341,1.53521330166885,1.61697522868555,1.69873715570225,
1.78219980411709,1.86566245253194),.UNSPECIFIED.);
#800=B_SPLINE_CURVE_WITH_KNOTS('',3,(#4113,#4114,#4115,#4116),
 .UNSPECIFIED.,.F.,.F.,(4,4),(2.78893686464219,2.80798615942211),
 .UNSPECIFIED.);
#801=B_SPLINE_CURVE_WITH_KNOTS('',3,(#4130,#4131,#4132,#4133,#4134,#4135),
 .UNSPECIFIED.,.F.,.F.,(4,2,4),(1.67602888661987,1.74260148809824,1.80992469018326),
 .UNSPECIFIED.);
#802=B_SPLINE_CURVE_WITH_KNOTS('',3,(#4137,#4138,#4139,#4140,#4141,#4142,
#4143,#4144,#4145,#4146,#4147,#4148,#4149,#4150),.UNSPECIFIED.,.F.,.F.,
(4,2,2,2,2,2,4),(0.769858011103694,0.838680829936959,0.916541457402285,
0.991890561183936,1.06723966496559,1.139777464747,1.21231526452842),
 .UNSPECIFIED.);
#803=B_SPLINE_CURVE_WITH_KNOTS('',3,(#4156,#4157,#4158,#4159,#4160,#4161,
#4162,#4163,#4164,#4165,#4166,#4167,#4168,#4169),.UNSPECIFIED.,.F.,.F.,
(4,2,2,2,2,2,4),(1.21231526452834,1.28485306430975,1.35739086409117,1.43273996787282,
1.50808907165447,1.58594969911978,1.65477251795393),.UNSPECIFIED.);
#804=CIRCLE('',#2325,0.200000000000004);
#805=CIRCLE('',#2326,16.);
#806=CIRCLE('',#2327,16.2);
#807=CIRCLE('',#2329,0.199999999999999);
#808=CIRCLE('',#2330,2.);
#809=CIRCLE('',#2331,1.8);
#810=CIRCLE('',#2333,0.199999999999999);
#811=CIRCLE('',#2335,0.199999999999997);
#812=CIRCLE('',#2336,1.);
#813=CIRCLE('',#2337,0.8);
#814=CIRCLE('',#2340,1.25);
#815=CIRCLE('',#2342,0.2);
#816=CIRCLE('',#2343,0.199999999999999);
#817=CIRCLE('',#2345,0.200000000000006);
#818=CIRCLE('',#2346,1.);
#819=CIRCLE('',#2347,0.8);
#820=CIRCLE('',#2349,0.199999999999999);
#821=CIRCLE('',#2351,0.200000000000006);
#822=CIRCLE('',#2352,2.);
#823=CIRCLE('',#2353,1.8);
#824=CIRCLE('',#2355,16.);
#825=CIRCLE('',#2356,16.2);
#826=CIRCLE('',#2360,0.2);
#827=CIRCLE('',#2361,0.2);
#828=CIRCLE('',#2364,0.2);
#829=CIRCLE('',#2365,0.2);
#830=CIRCLE('',#2366,0.2);
#831=CIRCLE('',#2368,0.2);
#832=CIRCLE('',#2370,21.4);
#833=CIRCLE('',#2371,6.96433351840321);
#834=CIRCLE('',#2372,13.4);
#835=CIRCLE('',#2374,13.4495360800007);
#836=CIRCLE('',#2376,12.4557280900008);
#837=CIRCLE('',#2378,9.4);
#838=CIRCLE('',#2379,9.4);
#839=CIRCLE('',#2380,12.4557280900008);
#840=CIRCLE('',#2381,6.96433351840321);
#841=CIRCLE('',#2383,0.2);
#842=CIRCLE('',#2384,0.2);
#843=CIRCLE('',#2385,0.2);
#844=CIRCLE('',#2387,0.2);
#845=CIRCLE('',#2389,16.);
#846=CIRCLE('',#2390,0.200000000000001);
#847=CIRCLE('',#2391,0.2);
#848=CIRCLE('',#2397,0.2);
#849=CIRCLE('',#2398,16.2);
#850=CIRCLE('',#2399,16.);
#851=CIRCLE('',#2401,0.2);
#852=CIRCLE('',#2402,1.8);
#853=CIRCLE('',#2403,2.);
#854=CIRCLE('',#2405,0.2);
#855=CIRCLE('',#2407,0.200000000000001);
#856=CIRCLE('',#2408,0.8);
#857=CIRCLE('',#2409,1.);
#858=CIRCLE('',#2413,1.);
#859=CIRCLE('',#2416,2.);
#860=CIRCLE('',#2418,16.);
#861=CIRCLE('',#2420,0.2);
#862=CIRCLE('',#2421,0.2);
#863=CIRCLE('',#2423,0.2);
#864=CIRCLE('',#2424,0.8);
#865=CIRCLE('',#2426,0.2);
#866=CIRCLE('',#2428,0.2);
#867=CIRCLE('',#2429,1.8);
#868=CIRCLE('',#2431,16.2);
#869=CIRCLE('',#2433,16.);
#870=CIRCLE('',#2435,13.4495360800007);
#871=CIRCLE('',#2437,21.4);
#872=CIRCLE('',#2439,12.4);
#873=CIRCLE('',#2440,13.4);
#874=CIRCLE('',#2443,13.4);
#875=CIRCLE('',#2445,12.4);
#876=CIRCLE('',#2446,13.4);
#877=CIRCLE('',#2449,9.4);
#878=CIRCLE('',#2450,9.4);
#879=CIRCLE('',#2451,6.96433351840321);
#880=CIRCLE('',#2452,0.9);
#881=CIRCLE('',#2453,6.96433351840321);
#882=CIRCLE('',#2457,1.25);
#883=CIRCLE('',#2459,17.4);
#884=CIRCLE('',#2460,13.4);
#885=CIRCLE('',#2463,17.4);
#886=CIRCLE('',#2466,13.4);
#887=CIRCLE('',#2467,6.96433351840321);
#888=CIRCLE('',#2468,6.96433351840321);
#889=CIRCLE('',#2471,0.9);
#890=CIRCLE('',#2475,9.4);
#891=CIRCLE('',#2478,9.4);
#892=CIRCLE('',#2480,1.);
#893=CIRCLE('',#2481,6.96433351840321);
#894=CIRCLE('',#2482,6.96433351840321);
#895=CIRCLE('',#2485,1.25);
#896=CIRCLE('',#2487,1.25);
#897=CIRCLE('',#2489,13.4);
#898=CIRCLE('',#2490,11.9);
#899=CIRCLE('',#2494,6.96433351840321);
#900=CIRCLE('',#2496,9.4);
#901=CIRCLE('',#2498,9.4);
#902=CIRCLE('',#2499,9.4);
#903=CIRCLE('',#2500,13.4);
#904=CIRCLE('',#2501,9.4);
#905=CIRCLE('',#2507,1.);
#906=CIRCLE('',#2509,6.96433351840321);
#907=CIRCLE('',#2514,13.4);
#908=CIRCLE('',#2520,9.4);
#909=CIRCLE('',#2524,9.4);
#910=CIRCLE('',#2527,13.4);
#911=CIRCLE('',#2533,11.9);
#912=CIRCLE('',#2542,13.4);
#913=CIRCLE('',#2544,13.4);
#914=VERTEX_POINT('',#3187);
#915=VERTEX_POINT('',#3188);
#916=VERTEX_POINT('',#3190);
#917=VERTEX_POINT('',#3192);
#918=VERTEX_POINT('',#3205);
#919=VERTEX_POINT('',#3206);
#920=VERTEX_POINT('',#3211);
#921=VERTEX_POINT('',#3212);
#922=VERTEX_POINT('',#3217);
#923=VERTEX_POINT('',#3218);
#924=VERTEX_POINT('',#3223);
#925=VERTEX_POINT('',#3224);
#926=VERTEX_POINT('',#3244);
#927=VERTEX_POINT('',#3249);
#928=VERTEX_POINT('',#3251);
#929=VERTEX_POINT('',#3253);
#930=VERTEX_POINT('',#3255);
#931=VERTEX_POINT('',#3258);
#932=VERTEX_POINT('',#3261);
#933=VERTEX_POINT('',#3262);
#934=VERTEX_POINT('',#3264);
#935=VERTEX_POINT('',#3266);
#936=VERTEX_POINT('',#3268);
#937=VERTEX_POINT('',#3279);
#938=VERTEX_POINT('',#3280);
#939=VERTEX_POINT('',#3285);
#940=VERTEX_POINT('',#3286);
#941=VERTEX_POINT('',#3291);
#942=VERTEX_POINT('',#3292);
#943=VERTEX_POINT('',#3297);
#944=VERTEX_POINT('',#3298);
#945=VERTEX_POINT('',#3312);
#946=VERTEX_POINT('',#3314);
#947=VERTEX_POINT('',#3316);
#948=VERTEX_POINT('',#3320);
#949=VERTEX_POINT('',#3322);
#950=VERTEX_POINT('',#3326);
#951=VERTEX_POINT('',#3327);
#952=VERTEX_POINT('',#3338);
#953=VERTEX_POINT('',#3340);
#954=VERTEX_POINT('',#3368);
#955=VERTEX_POINT('',#3369);
#956=VERTEX_POINT('',#3406);
#957=VERTEX_POINT('',#3407);
#958=VERTEX_POINT('',#3453);
#959=VERTEX_POINT('',#3457);
#960=VERTEX_POINT('',#3458);
#961=VERTEX_POINT('',#3460);
#962=VERTEX_POINT('',#3462);
#963=VERTEX_POINT('',#3499);
#964=VERTEX_POINT('',#3505);
#965=VERTEX_POINT('',#3537);
#966=VERTEX_POINT('',#3543);
#967=VERTEX_POINT('',#3551);
#968=VERTEX_POINT('',#3552);
#969=VERTEX_POINT('',#3558);
#970=VERTEX_POINT('',#3560);
#971=VERTEX_POINT('',#3562);
#972=VERTEX_POINT('',#3564);
#973=VERTEX_POINT('',#3566);
#974=VERTEX_POINT('',#3568);
#975=VERTEX_POINT('',#3571);
#976=VERTEX_POINT('',#3573);
#977=VERTEX_POINT('',#3581);
#978=VERTEX_POINT('',#3583);
#979=VERTEX_POINT('',#3585);
#980=VERTEX_POINT('',#3587);
#981=VERTEX_POINT('',#3589);
#982=VERTEX_POINT('',#3591);
#983=VERTEX_POINT('',#3593);
#984=VERTEX_POINT('',#3595);
#985=VERTEX_POINT('',#3599);
#986=VERTEX_POINT('',#3601);
#987=VERTEX_POINT('',#3643);
#988=VERTEX_POINT('',#3644);
#989=VERTEX_POINT('',#3688);
#990=VERTEX_POINT('',#3695);
#991=VERTEX_POINT('',#3704);
#992=VERTEX_POINT('',#3705);
#993=VERTEX_POINT('',#3710);
#994=VERTEX_POINT('',#3712);
#995=VERTEX_POINT('',#3714);
#996=VERTEX_POINT('',#3716);
#997=VERTEX_POINT('',#3718);
#998=VERTEX_POINT('',#3720);
#999=VERTEX_POINT('',#3748);
#1000=VERTEX_POINT('',#3749);
#1001=VERTEX_POINT('',#3758);
#1002=VERTEX_POINT('',#3764);
#1003=VERTEX_POINT('',#3796);
#1004=VERTEX_POINT('',#3809);
#1005=VERTEX_POINT('',#3813);
#1006=VERTEX_POINT('',#3815);
#1007=VERTEX_POINT('',#3821);
#1008=VERTEX_POINT('',#3822);
#1009=VERTEX_POINT('',#3824);
#1010=VERTEX_POINT('',#3826);
#1011=VERTEX_POINT('',#3839);
#1012=VERTEX_POINT('',#3840);
#1013=VERTEX_POINT('',#3845);
#1014=VERTEX_POINT('',#3846);
#1015=VERTEX_POINT('',#3851);
#1016=VERTEX_POINT('',#3852);
#1017=VERTEX_POINT('',#3857);
#1018=VERTEX_POINT('',#3858);
#1019=VERTEX_POINT('',#3878);
#1020=VERTEX_POINT('',#3880);
#1021=VERTEX_POINT('',#3889);
#1022=VERTEX_POINT('',#3893);
#1023=VERTEX_POINT('',#3897);
#1024=VERTEX_POINT('',#3902);
#1025=VERTEX_POINT('',#3906);
#1026=VERTEX_POINT('',#3915);
#1027=VERTEX_POINT('',#3917);
#1028=VERTEX_POINT('',#3921);
#1029=VERTEX_POINT('',#3925);
#1030=VERTEX_POINT('',#3929);
#1031=VERTEX_POINT('',#3933);
#1032=VERTEX_POINT('',#3946);
#1033=VERTEX_POINT('',#3949);
#1034=VERTEX_POINT('',#3951);
#1035=VERTEX_POINT('',#3953);
#1036=VERTEX_POINT('',#3961);
#1037=VERTEX_POINT('',#3962);
#1038=VERTEX_POINT('',#3973);
#1039=VERTEX_POINT('',#3975);
#1040=VERTEX_POINT('',#3988);
#1041=VERTEX_POINT('',#3990);
#1042=VERTEX_POINT('',#4009);
#1043=VERTEX_POINT('',#4011);
#1044=VERTEX_POINT('',#4013);
#1045=VERTEX_POINT('',#4015);
#1046=VERTEX_POINT('',#4017);
#1047=VERTEX_POINT('',#4019);
#1048=VERTEX_POINT('',#4023);
#1049=VERTEX_POINT('',#4027);
#1050=VERTEX_POINT('',#4028);
#1051=VERTEX_POINT('',#4039);
#1052=VERTEX_POINT('',#4041);
#1053=VERTEX_POINT('',#4054);
#1054=VERTEX_POINT('',#4056);
#1055=VERTEX_POINT('',#4058);
#1056=VERTEX_POINT('',#4060);
#1057=VERTEX_POINT('',#4063);
#1058=VERTEX_POINT('',#4065);
#1059=VERTEX_POINT('',#4086);
#1060=VERTEX_POINT('',#4088);
#1061=VERTEX_POINT('',#4091);
#1062=VERTEX_POINT('',#4093);
#1063=VERTEX_POINT('',#4095);
#1064=VERTEX_POINT('',#4097);
#1065=VERTEX_POINT('',#4099);
#1066=VERTEX_POINT('',#4101);
#1067=VERTEX_POINT('',#4103);
#1068=VERTEX_POINT('',#4112);
#1069=VERTEX_POINT('',#4117);
#1070=VERTEX_POINT('',#4119);
#1071=VERTEX_POINT('',#4121);
#1072=VERTEX_POINT('',#4123);
#1073=VERTEX_POINT('',#4126);
#1074=VERTEX_POINT('',#4136);
#1075=VERTEX_POINT('',#4173);
#1076=VERTEX_POINT('',#4175);
#1077=VERTEX_POINT('',#4177);
#1078=VERTEX_POINT('',#4179);
#1079=VERTEX_POINT('',#4181);
#1080=VERTEX_POINT('',#4184);
#1081=VERTEX_POINT('',#4186);
#1082=VERTEX_POINT('',#4188);
#1083=VERTEX_POINT('',#4190);
#1084=VERTEX_POINT('',#4192);
#1085=VERTEX_POINT('',#4194);
#1086=VERTEX_POINT('',#4196);
#1087=VERTEX_POINT('',#4198);
#1088=VERTEX_POINT('',#4200);
#1089=VERTEX_POINT('',#4207);
#1090=VERTEX_POINT('',#4208);
#1091=VERTEX_POINT('',#4213);
#1092=VERTEX_POINT('',#4220);
#1093=VERTEX_POINT('',#4224);
#1094=VERTEX_POINT('',#4230);
#1095=VERTEX_POINT('',#4231);
#1096=VERTEX_POINT('',#4237);
#1097=VERTEX_POINT('',#4240);
#1098=VERTEX_POINT('',#4244);
#1099=VERTEX_POINT('',#4245);
#1100=VERTEX_POINT('',#4247);
#1101=VERTEX_POINT('',#4251);
#1102=VERTEX_POINT('',#4253);
#1103=VERTEX_POINT('',#4257);
#1104=VERTEX_POINT('',#4263);
#1105=VERTEX_POINT('',#4267);
#1106=VERTEX_POINT('',#4268);
#1107=VERTEX_POINT('',#4270);
#1108=VERTEX_POINT('',#4272);
#1109=VERTEX_POINT('',#4278);
#1110=VERTEX_POINT('',#4287);
#1111=VERTEX_POINT('',#4289);
#1112=VERTEX_POINT('',#4295);
#1113=VERTEX_POINT('',#4297);
#1114=VERTEX_POINT('',#4301);
#1115=VERTEX_POINT('',#4305);
#1116=VERTEX_POINT('',#4311);
#1117=VERTEX_POINT('',#4315);
#1118=VERTEX_POINT('',#4318);
#1119=VERTEX_POINT('',#4320);
#1120=VERTEX_POINT('',#4326);
#1121=VERTEX_POINT('',#4328);
#1122=VERTEX_POINT('',#4332);
#1123=VERTEX_POINT('',#4339);
#1124=VERTEX_POINT('',#4341);
#1125=VERTEX_POINT('',#4345);
#1126=VERTEX_POINT('',#4351);
#1127=VERTEX_POINT('',#4353);
#1128=VERTEX_POINT('',#4357);
#1129=VERTEX_POINT('',#4361);
#1130=VERTEX_POINT('',#4367);
#1131=VERTEX_POINT('',#4369);
#1132=VERTEX_POINT('',#4373);
#1133=VERTEX_POINT('',#4379);
#1134=VERTEX_POINT('',#4385);
#1135=VERTEX_POINT('',#4389);
#1136=EDGE_CURVE('',#914,#915,#804,.T.);
#1137=EDGE_CURVE('',#915,#916,#805,.T.);
#1138=EDGE_CURVE('',#916,#917,#763,.F.);
#1139=EDGE_CURVE('',#917,#914,#806,.T.);
#1140=EDGE_CURVE('',#918,#919,#807,.T.);
#1141=EDGE_CURVE('',#919,#915,#808,.T.);
#1142=EDGE_CURVE('',#914,#918,#809,.T.);
#1143=EDGE_CURVE('',#920,#921,#810,.T.);
#1144=EDGE_CURVE('',#921,#919,#92,.T.);
#1145=EDGE_CURVE('',#918,#920,#93,.T.);
#1146=EDGE_CURVE('',#922,#923,#811,.T.);
#1147=EDGE_CURVE('',#923,#921,#812,.T.);
#1148=EDGE_CURVE('',#920,#922,#813,.T.);
#1149=EDGE_CURVE('',#924,#925,#764,.F.);
#1150=EDGE_CURVE('',#925,#923,#94,.T.);
#1151=EDGE_CURVE('',#922,#924,#95,.T.);
#1152=EDGE_CURVE('',#924,#926,#765,.T.);
#1153=EDGE_CURVE('',#927,#917,#96,.T.);
#1154=EDGE_CURVE('',#928,#927,#97,.T.);
#1155=EDGE_CURVE('',#929,#928,#98,.T.);
#1156=EDGE_CURVE('',#930,#929,#99,.T.);
#1157=EDGE_CURVE('',#930,#926,#100,.T.);
#1158=EDGE_CURVE('',#931,#931,#814,.T.);
#1159=EDGE_CURVE('',#932,#933,#815,.T.);
#1160=EDGE_CURVE('',#932,#934,#101,.T.);
#1161=EDGE_CURVE('',#934,#935,#816,.T.);
#1162=EDGE_CURVE('',#935,#936,#102,.T.);
#1163=EDGE_CURVE('',#933,#936,#766,.T.);
#1164=EDGE_CURVE('',#937,#938,#817,.T.);
#1165=EDGE_CURVE('',#938,#935,#818,.T.);
#1166=EDGE_CURVE('',#934,#937,#819,.T.);
#1167=EDGE_CURVE('',#939,#940,#820,.T.);
#1168=EDGE_CURVE('',#940,#938,#103,.T.);
#1169=EDGE_CURVE('',#937,#939,#104,.T.);
#1170=EDGE_CURVE('',#941,#942,#821,.T.);
#1171=EDGE_CURVE('',#942,#940,#822,.T.);
#1172=EDGE_CURVE('',#939,#941,#823,.T.);
#1173=EDGE_CURVE('',#943,#944,#767,.T.);
#1174=EDGE_CURVE('',#944,#942,#824,.T.);
#1175=EDGE_CURVE('',#941,#943,#825,.T.);
#1176=EDGE_CURVE('',#943,#945,#105,.T.);
#1177=EDGE_CURVE('',#946,#945,#106,.T.);
#1178=EDGE_CURVE('',#947,#946,#107,.T.);
#1179=EDGE_CURVE('',#947,#944,#108,.T.);
#1180=EDGE_CURVE('',#932,#948,#109,.T.);
#1181=EDGE_CURVE('',#948,#949,#110,.T.);
#1182=EDGE_CURVE('',#945,#949,#111,.T.);
#1183=EDGE_CURVE('',#950,#951,#768,.T.);
#1184=EDGE_CURVE('',#951,#952,#112,.T.);
#1185=EDGE_CURVE('',#952,#953,#826,.T.);
#1186=EDGE_CURVE('',#953,#950,#113,.T.);
#1187=EDGE_CURVE('',#954,#955,#827,.T.);
#1188=EDGE_CURVE('',#955,#953,#769,.T.);
#1189=EDGE_CURVE('',#952,#954,#770,.T.);
#1190=EDGE_CURVE('',#956,#957,#771,.F.);
#1191=EDGE_CURVE('',#957,#955,#772,.T.);
#1192=EDGE_CURVE('',#954,#956,#773,.T.);
#1193=EDGE_CURVE('',#958,#951,#114,.T.);
#1194=EDGE_CURVE('',#956,#958,#115,.T.);
#1195=EDGE_CURVE('',#959,#960,#828,.T.);
#1196=EDGE_CURVE('',#960,#961,#116,.T.);
#1197=EDGE_CURVE('',#961,#962,#774,.F.);
#1198=EDGE_CURVE('',#962,#959,#117,.T.);
#1199=EDGE_CURVE('',#959,#963,#775,.T.);
#1200=EDGE_CURVE('',#963,#964,#829,.T.);
#1201=EDGE_CURVE('',#964,#960,#776,.T.);
#1202=EDGE_CURVE('',#963,#965,#777,.T.);
#1203=EDGE_CURVE('',#965,#966,#830,.T.);
#1204=EDGE_CURVE('',#966,#964,#778,.T.);
#1205=EDGE_CURVE('',#967,#968,#831,.F.);
#1206=EDGE_CURVE('',#968,#966,#118,.T.);
#1207=EDGE_CURVE('',#965,#967,#119,.T.);
#1208=EDGE_CURVE('',#957,#965,#832,.T.);
#1209=EDGE_CURVE('',#958,#969,#833,.T.);
#1210=EDGE_CURVE('',#969,#970,#120,.T.);
#1211=EDGE_CURVE('',#970,#971,#121,.T.);
#1212=EDGE_CURVE('',#971,#972,#122,.T.);
#1213=EDGE_CURVE('',#972,#973,#123,.T.);
#1214=EDGE_CURVE('',#973,#974,#834,.T.);
#1215=EDGE_CURVE('',#974,#930,#124,.T.);
#1216=EDGE_CURVE('',#929,#975,#125,.T.);
#1217=EDGE_CURVE('',#975,#976,#126,.T.);
#1218=EDGE_CURVE('',#976,#967,#127,.T.);
#1219=EDGE_CURVE('',#955,#963,#835,.T.);
#1220=EDGE_CURVE('',#959,#953,#836,.T.);
#1221=EDGE_CURVE('',#962,#977,#837,.T.);
#1222=EDGE_CURVE('',#977,#978,#128,.T.);
#1223=EDGE_CURVE('',#978,#979,#129,.T.);
#1224=EDGE_CURVE('',#979,#980,#838,.T.);
#1225=EDGE_CURVE('',#981,#980,#130,.T.);
#1226=EDGE_CURVE('',#982,#981,#839,.T.);
#1227=EDGE_CURVE('',#983,#982,#131,.T.);
#1228=EDGE_CURVE('',#983,#984,#132,.T.);
#1229=EDGE_CURVE('',#984,#950,#840,.T.);
#1230=EDGE_CURVE('',#985,#981,#841,.T.);
#1231=EDGE_CURVE('',#980,#986,#779,.F.);
#1232=EDGE_CURVE('',#986,#985,#133,.T.);
#1233=EDGE_CURVE('',#987,#988,#842,.T.);
#1234=EDGE_CURVE('',#988,#981,#780,.T.);
#1235=EDGE_CURVE('',#985,#987,#781,.T.);
#1236=EDGE_CURVE('',#987,#989,#782,.T.);
#1237=EDGE_CURVE('',#989,#990,#843,.T.);
#1238=EDGE_CURVE('',#990,#988,#783,.T.);
#1239=EDGE_CURVE('',#991,#992,#844,.F.);
#1240=EDGE_CURVE('',#992,#990,#134,.T.);
#1241=EDGE_CURVE('',#989,#991,#135,.T.);
#1242=EDGE_CURVE('',#993,#991,#136,.T.);
#1243=EDGE_CURVE('',#994,#986,#137,.T.);
#1244=EDGE_CURVE('',#995,#994,#138,.T.);
#1245=EDGE_CURVE('',#995,#996,#139,.T.);
#1246=EDGE_CURVE('',#997,#996,#140,.T.);
#1247=EDGE_CURVE('',#998,#997,#141,.T.);
#1248=EDGE_CURVE('',#998,#993,#845,.F.);
#1249=EDGE_CURVE('',#999,#1000,#784,.F.);
#1250=EDGE_CURVE('',#1000,#1001,#785,.T.);
#1251=EDGE_CURVE('',#1001,#1002,#846,.T.);
#1252=EDGE_CURVE('',#1002,#999,#786,.T.);
#1253=EDGE_CURVE('',#1003,#982,#847,.T.);
#1254=EDGE_CURVE('',#982,#1002,#787,.T.);
#1255=EDGE_CURVE('',#1001,#1003,#788,.T.);
#1256=EDGE_CURVE('',#1004,#983,#17,.T.);
#1257=EDGE_CURVE('',#1003,#1004,#142,.T.);
#1258=EDGE_CURVE('',#1005,#1004,#143,.T.);
#1259=EDGE_CURVE('',#1006,#1005,#144,.T.);
#1260=EDGE_CURVE('',#1006,#984,#145,.T.);
#1261=EDGE_CURVE('',#1005,#1000,#146,.T.);
#1262=EDGE_CURVE('',#1007,#1008,#848,.T.);
#1263=EDGE_CURVE('',#1008,#1009,#849,.T.);
#1264=EDGE_CURVE('',#1009,#1010,#789,.F.);
#1265=EDGE_CURVE('',#1010,#1007,#850,.T.);
#1266=EDGE_CURVE('',#1011,#1012,#851,.T.);
#1267=EDGE_CURVE('',#1012,#1008,#852,.T.);
#1268=EDGE_CURVE('',#1007,#1011,#853,.T.);
#1269=EDGE_CURVE('',#1013,#1014,#854,.T.);
#1270=EDGE_CURVE('',#1014,#1012,#147,.T.);
#1271=EDGE_CURVE('',#1011,#1013,#148,.T.);
#1272=EDGE_CURVE('',#1015,#1016,#855,.T.);
#1273=EDGE_CURVE('',#1016,#1014,#856,.T.);
#1274=EDGE_CURVE('',#1013,#1015,#857,.T.);
#1275=EDGE_CURVE('',#1017,#1018,#790,.T.);
#1276=EDGE_CURVE('',#1017,#1016,#149,.T.);
#1277=EDGE_CURVE('',#1015,#1018,#150,.T.);
#1278=EDGE_CURVE('',#1019,#1015,#151,.T.);
#1279=EDGE_CURVE('',#1020,#1019,#152,.T.);
#1280=EDGE_CURVE('',#1020,#1018,#791,.T.);
#1281=EDGE_CURVE('',#1013,#1021,#153,.T.);
#1282=EDGE_CURVE('',#1019,#1021,#858,.T.);
#1283=EDGE_CURVE('',#1022,#1011,#154,.T.);
#1284=EDGE_CURVE('',#1021,#1022,#155,.T.);
#1285=EDGE_CURVE('',#1007,#1023,#156,.T.);
#1286=EDGE_CURVE('',#1022,#1023,#859,.T.);
#1287=EDGE_CURVE('',#1010,#993,#157,.T.);
#1288=EDGE_CURVE('',#998,#1024,#158,.T.);
#1289=EDGE_CURVE('',#1023,#1024,#860,.T.);
#1290=EDGE_CURVE('',#1025,#1020,#792,.F.);
#1291=EDGE_CURVE('',#1019,#1026,#861,.T.);
#1292=EDGE_CURVE('',#1026,#1027,#159,.T.);
#1293=EDGE_CURVE('',#1027,#1025,#862,.F.);
#1294=EDGE_CURVE('',#1021,#1028,#863,.T.);
#1295=EDGE_CURVE('',#1028,#1026,#864,.T.);
#1296=EDGE_CURVE('',#1022,#1029,#865,.T.);
#1297=EDGE_CURVE('',#1029,#1028,#160,.T.);
#1298=EDGE_CURVE('',#1023,#1030,#866,.T.);
#1299=EDGE_CURVE('',#1030,#1029,#867,.T.);
#1300=EDGE_CURVE('',#1024,#1031,#793,.T.);
#1301=EDGE_CURVE('',#1031,#1030,#868,.T.);
#1302=EDGE_CURVE('',#1032,#968,#161,.T.);
#1303=EDGE_CURVE('',#947,#1032,#869,.T.);
#1304=EDGE_CURVE('',#1033,#946,#162,.T.);
#1305=EDGE_CURVE('',#1034,#1033,#163,.T.);
#1306=EDGE_CURVE('',#1035,#1034,#164,.T.);
#1307=EDGE_CURVE('',#1035,#961,#165,.T.);
#1308=EDGE_CURVE('',#988,#1002,#870,.T.);
#1309=EDGE_CURVE('',#990,#999,#871,.T.);
#1310=EDGE_CURVE('',#1036,#1037,#794,.T.);
#1311=EDGE_CURVE('',#1037,#1038,#872,.T.);
#1312=EDGE_CURVE('',#1038,#1039,#795,.T.);
#1313=EDGE_CURVE('',#1039,#1036,#873,.T.);
#1314=EDGE_CURVE('',#1040,#1036,#166,.T.);
#1315=EDGE_CURVE('',#1040,#1041,#796,.F.);
#1316=EDGE_CURVE('',#1041,#1042,#167,.T.);
#1317=EDGE_CURVE('',#1042,#1043,#168,.T.);
#1318=EDGE_CURVE('',#1044,#1043,#169,.T.);
#1319=EDGE_CURVE('',#1045,#1044,#170,.T.);
#1320=EDGE_CURVE('',#1046,#1045,#171,.T.);
#1321=EDGE_CURVE('',#1046,#1047,#172,.T.);
#1322=EDGE_CURVE('',#1037,#1047,#173,.T.);
#1323=EDGE_CURVE('',#1048,#1039,#174,.T.);
#1324=EDGE_CURVE('',#1040,#1048,#874,.T.);
#1325=EDGE_CURVE('',#1049,#1050,#797,.T.);
#1326=EDGE_CURVE('',#1050,#1051,#875,.T.);
#1327=EDGE_CURVE('',#1051,#1052,#798,.T.);
#1328=EDGE_CURVE('',#1052,#1049,#876,.T.);
#1329=EDGE_CURVE('',#1053,#1051,#175,.T.);
#1330=EDGE_CURVE('',#1054,#1053,#176,.T.);
#1331=EDGE_CURVE('',#1055,#1054,#177,.T.);
#1332=EDGE_CURVE('',#1055,#1056,#178,.T.);
#1333=EDGE_CURVE('',#949,#1056,#179,.T.);
#1334=EDGE_CURVE('',#948,#1057,#180,.T.);
#1335=EDGE_CURVE('',#1057,#1058,#799,.F.);
#1336=EDGE_CURVE('',#1058,#1052,#181,.T.);
#1337=EDGE_CURVE('',#1047,#1059,#877,.T.);
#1338=EDGE_CURVE('',#1059,#1060,#182,.T.);
#1339=EDGE_CURVE('',#1060,#1053,#878,.T.);
#1340=EDGE_CURVE('',#1050,#1061,#183,.T.);
#1341=EDGE_CURVE('',#1061,#1062,#184,.T.);
#1342=EDGE_CURVE('',#1062,#1063,#879,.T.);
#1343=EDGE_CURVE('',#1063,#1064,#185,.T.);
#1344=EDGE_CURVE('',#1064,#1065,#880,.T.);
#1345=EDGE_CURVE('',#1065,#1066,#881,.T.);
#1346=EDGE_CURVE('',#1066,#1067,#186,.T.);
#1347=EDGE_CURVE('',#1067,#1038,#187,.T.);
#1348=EDGE_CURVE('',#923,#935,#188,.T.);
#1349=EDGE_CURVE('',#938,#921,#189,.T.);
#1350=EDGE_CURVE('',#919,#940,#190,.T.);
#1351=EDGE_CURVE('',#1068,#1017,#800,.T.);
#1352=EDGE_CURVE('',#1069,#1068,#191,.T.);
#1353=EDGE_CURVE('',#1070,#1069,#192,.T.);
#1354=EDGE_CURVE('',#1070,#1071,#193,.T.);
#1355=EDGE_CURVE('',#1072,#1071,#194,.T.);
#1356=EDGE_CURVE('',#1072,#1009,#195,.F.);
#1357=EDGE_CURVE('',#1073,#1073,#882,.T.);
#1358=EDGE_CURVE('',#933,#1057,#883,.F.);
#1359=EDGE_CURVE('',#925,#936,#801,.T.);
#1360=EDGE_CURVE('',#1074,#926,#802,.F.);
#1361=EDGE_CURVE('',#1074,#1058,#884,.T.);
#1362=EDGE_CURVE('',#1074,#1049,#196,.T.);
#1363=EDGE_CURVE('',#1025,#1041,#885,.T.);
#1364=EDGE_CURVE('',#1048,#1068,#803,.T.);
#1365=EDGE_CURVE('',#1027,#1042,#197,.T.);
#1366=EDGE_CURVE('',#992,#1075,#198,.T.);
#1367=EDGE_CURVE('',#1075,#1076,#199,.T.);
#1368=EDGE_CURVE('',#1076,#1077,#200,.T.);
#1369=EDGE_CURVE('',#1077,#1078,#201,.T.);
#1370=EDGE_CURVE('',#1078,#1079,#202,.T.);
#1371=EDGE_CURVE('',#1079,#1070,#203,.T.);
#1372=EDGE_CURVE('',#1069,#1080,#204,.T.);
#1373=EDGE_CURVE('',#1080,#1081,#886,.T.);
#1374=EDGE_CURVE('',#1081,#1082,#205,.T.);
#1375=EDGE_CURVE('',#1082,#1083,#206,.T.);
#1376=EDGE_CURVE('',#1083,#1084,#207,.T.);
#1377=EDGE_CURVE('',#1084,#1085,#208,.T.);
#1378=EDGE_CURVE('',#1085,#1086,#887,.T.);
#1379=EDGE_CURVE('',#1086,#1087,#209,.T.);
#1380=EDGE_CURVE('',#1087,#1088,#210,.T.);
#1381=EDGE_CURVE('',#1088,#1006,#888,.T.);
#1382=EDGE_CURVE('',#1084,#1067,#211,.T.);
#1383=EDGE_CURVE('',#1085,#1066,#212,.T.);
#1384=EDGE_CURVE('',#1089,#1090,#889,.T.);
#1385=EDGE_CURVE('',#1089,#1065,#213,.T.);
#1386=EDGE_CURVE('',#1090,#1064,#214,.T.);
#1387=EDGE_CURVE('',#1091,#1090,#215,.T.);
#1388=EDGE_CURVE('',#1091,#1063,#216,.T.);
#1389=EDGE_CURVE('',#969,#1062,#217,.T.);
#1390=EDGE_CURVE('',#970,#1061,#218,.T.);
#1391=EDGE_CURVE('',#1054,#1092,#890,.T.);
#1392=EDGE_CURVE('',#1092,#1060,#219,.T.);
#1393=EDGE_CURVE('',#1092,#1093,#220,.T.);
#1394=EDGE_CURVE('',#1093,#1059,#221,.T.);
#1395=EDGE_CURVE('',#1093,#1046,#891,.T.);
#1396=EDGE_CURVE('',#1094,#1095,#892,.T.);
#1397=EDGE_CURVE('',#1095,#1089,#893,.T.);
#1398=EDGE_CURVE('',#1091,#1094,#894,.T.);
#1399=EDGE_CURVE('',#1096,#1073,#895,.T.);
#1400=EDGE_CURVE('',#931,#1097,#896,.T.);
#1401=EDGE_CURVE('',#1045,#1055,#897,.T.);
#1402=EDGE_CURVE('',#1098,#1099,#222,.T.);
#1403=EDGE_CURVE('',#1099,#1100,#223,.T.);
#1404=EDGE_CURVE('',#1100,#1098,#898,.T.);
#1405=EDGE_CURVE('',#1086,#1101,#224,.T.);
#1406=EDGE_CURVE('',#1102,#1101,#225,.T.);
#1407=EDGE_CURVE('',#1087,#1102,#226,.T.);
#1408=EDGE_CURVE('',#1103,#1102,#227,.T.);
#1409=EDGE_CURVE('',#1088,#1103,#228,.T.);
#1410=EDGE_CURVE('',#1101,#1103,#899,.T.);
#1411=EDGE_CURVE('',#994,#1104,#900,.T.);
#1412=EDGE_CURVE('',#1104,#979,#229,.T.);
#1413=EDGE_CURVE('',#1105,#1106,#901,.T.);
#1414=EDGE_CURVE('',#1106,#1107,#230,.T.);
#1415=EDGE_CURVE('',#1107,#1108,#231,.T.);
#1416=EDGE_CURVE('',#1108,#1035,#902,.T.);
#1417=EDGE_CURVE('',#1034,#995,#903,.T.);
#1418=EDGE_CURVE('',#1104,#1105,#904,.T.);
#1419=EDGE_CURVE('',#1031,#1109,#232,.T.);
#1420=EDGE_CURVE('',#1043,#1109,#233,.T.);
#1421=EDGE_CURVE('',#942,#915,#234,.T.);
#1422=EDGE_CURVE('',#916,#1032,#235,.T.);
#1423=EDGE_CURVE('',#1094,#1110,#236,.T.);
#1424=EDGE_CURVE('',#1111,#1110,#905,.T.);
#1425=EDGE_CURVE('',#1095,#1111,#237,.T.);
#1426=EDGE_CURVE('',#1110,#1111,#906,.T.);
#1427=EDGE_CURVE('',#974,#1112,#238,.T.);
#1428=EDGE_CURVE('',#1113,#1112,#239,.T.);
#1429=EDGE_CURVE('',#971,#1113,#240,.T.);
#1430=EDGE_CURVE('',#1114,#1113,#241,.T.);
#1431=EDGE_CURVE('',#972,#1114,#242,.T.);
#1432=EDGE_CURVE('',#1115,#1114,#243,.T.);
#1433=EDGE_CURVE('',#973,#1115,#244,.T.);
#1434=EDGE_CURVE('',#1112,#1115,#907,.T.);
#1435=EDGE_CURVE('',#1079,#1116,#245,.T.);
#1436=EDGE_CURVE('',#1071,#1116,#246,.T.);
#1437=EDGE_CURVE('',#1117,#1072,#247,.T.);
#1438=EDGE_CURVE('',#1078,#1117,#248,.T.);
#1439=EDGE_CURVE('',#1077,#1118,#249,.T.);
#1440=EDGE_CURVE('',#1119,#1118,#250,.T.);
#1441=EDGE_CURVE('',#1075,#1119,#251,.T.);
#1442=EDGE_CURVE('',#1116,#1117,#252,.T.);
#1443=EDGE_CURVE('',#1107,#1120,#253,.T.);
#1444=EDGE_CURVE('',#1121,#1120,#254,.T.);
#1445=EDGE_CURVE('',#1108,#1121,#255,.T.);
#1446=EDGE_CURVE('',#1122,#1121,#908,.T.);
#1447=EDGE_CURVE('',#1106,#1122,#256,.T.);
#1448=EDGE_CURVE('',#1105,#977,#257,.T.);
#1449=EDGE_CURVE('',#1120,#1122,#258,.T.);
#1450=EDGE_CURVE('',#1123,#978,#259,.T.);
#1451=EDGE_CURVE('',#1124,#1123,#260,.T.);
#1452=EDGE_CURVE('',#1104,#1124,#261,.T.);
#1453=EDGE_CURVE('',#1125,#1124,#909,.T.);
#1454=EDGE_CURVE('',#1105,#1125,#262,.T.);
#1455=EDGE_CURVE('',#1123,#1125,#263,.T.);
#1456=EDGE_CURVE('',#1080,#1126,#264,.T.);
#1457=EDGE_CURVE('',#1127,#1126,#910,.T.);
#1458=EDGE_CURVE('',#1081,#1127,#265,.T.);
#1459=EDGE_CURVE('',#1128,#1127,#266,.T.);
#1460=EDGE_CURVE('',#1082,#1128,#267,.T.);
#1461=EDGE_CURVE('',#1129,#1128,#268,.T.);
#1462=EDGE_CURVE('',#1083,#1129,#269,.T.);
#1463=EDGE_CURVE('',#1126,#1129,#270,.T.);
#1464=EDGE_CURVE('',#1099,#1130,#271,.T.);
#1465=EDGE_CURVE('',#1131,#1130,#272,.T.);
#1466=EDGE_CURVE('',#1100,#1131,#273,.T.);
#1467=EDGE_CURVE('',#1132,#1131,#911,.T.);
#1468=EDGE_CURVE('',#1098,#1132,#274,.T.);
#1469=EDGE_CURVE('',#1130,#1132,#275,.T.);
#1470=EDGE_CURVE('',#1133,#1119,#276,.T.);
#1471=EDGE_CURVE('',#1076,#1133,#277,.T.);
#1472=EDGE_CURVE('',#1118,#1133,#278,.T.);
#1473=EDGE_CURVE('',#976,#1134,#279,.T.);
#1474=EDGE_CURVE('',#927,#1134,#280,.T.);
#1475=EDGE_CURVE('',#1135,#928,#281,.T.);
#1476=EDGE_CURVE('',#975,#1135,#282,.T.);
#1477=EDGE_CURVE('',#1134,#1135,#283,.T.);
#1478=EDGE_CURVE('',#1109,#997,#284,.T.);
#1479=EDGE_CURVE('',#1056,#1044,#912,.T.);
#1480=EDGE_CURVE('',#996,#1033,#913,.T.);
#1481=ORIENTED_EDGE('',*,*,#1136,.T.);
#1482=ORIENTED_EDGE('',*,*,#1137,.T.);
#1483=ORIENTED_EDGE('',*,*,#1138,.T.);
#1484=ORIENTED_EDGE('',*,*,#1139,.T.);
#1485=ORIENTED_EDGE('',*,*,#1140,.T.);
#1486=ORIENTED_EDGE('',*,*,#1141,.T.);
#1487=ORIENTED_EDGE('',*,*,#1136,.F.);
#1488=ORIENTED_EDGE('',*,*,#1142,.T.);
#1489=ORIENTED_EDGE('',*,*,#1143,.T.);
#1490=ORIENTED_EDGE('',*,*,#1144,.T.);
#1491=ORIENTED_EDGE('',*,*,#1140,.F.);
#1492=ORIENTED_EDGE('',*,*,#1145,.T.);
#1493=ORIENTED_EDGE('',*,*,#1146,.T.);
#1494=ORIENTED_EDGE('',*,*,#1147,.T.);
#1495=ORIENTED_EDGE('',*,*,#1143,.F.);
#1496=ORIENTED_EDGE('',*,*,#1148,.T.);
#1497=ORIENTED_EDGE('',*,*,#1149,.T.);
#1498=ORIENTED_EDGE('',*,*,#1150,.T.);
#1499=ORIENTED_EDGE('',*,*,#1146,.F.);
#1500=ORIENTED_EDGE('',*,*,#1151,.T.);
#1501=ORIENTED_EDGE('',*,*,#1152,.F.);
#1502=ORIENTED_EDGE('',*,*,#1151,.F.);
#1503=ORIENTED_EDGE('',*,*,#1148,.F.);
#1504=ORIENTED_EDGE('',*,*,#1145,.F.);
#1505=ORIENTED_EDGE('',*,*,#1142,.F.);
#1506=ORIENTED_EDGE('',*,*,#1139,.F.);
#1507=ORIENTED_EDGE('',*,*,#1153,.F.);
#1508=ORIENTED_EDGE('',*,*,#1154,.F.);
#1509=ORIENTED_EDGE('',*,*,#1155,.F.);
#1510=ORIENTED_EDGE('',*,*,#1156,.F.);
#1511=ORIENTED_EDGE('',*,*,#1157,.T.);
#1512=ORIENTED_EDGE('',*,*,#1158,.T.);
#1513=ORIENTED_EDGE('',*,*,#1159,.F.);
#1514=ORIENTED_EDGE('',*,*,#1160,.T.);
#1515=ORIENTED_EDGE('',*,*,#1161,.T.);
#1516=ORIENTED_EDGE('',*,*,#1162,.T.);
#1517=ORIENTED_EDGE('',*,*,#1163,.F.);
#1518=ORIENTED_EDGE('',*,*,#1164,.T.);
#1519=ORIENTED_EDGE('',*,*,#1165,.T.);
#1520=ORIENTED_EDGE('',*,*,#1161,.F.);
#1521=ORIENTED_EDGE('',*,*,#1166,.T.);
#1522=ORIENTED_EDGE('',*,*,#1167,.T.);
#1523=ORIENTED_EDGE('',*,*,#1168,.T.);
#1524=ORIENTED_EDGE('',*,*,#1164,.F.);
#1525=ORIENTED_EDGE('',*,*,#1169,.T.);
#1526=ORIENTED_EDGE('',*,*,#1170,.T.);
#1527=ORIENTED_EDGE('',*,*,#1171,.T.);
#1528=ORIENTED_EDGE('',*,*,#1167,.F.);
#1529=ORIENTED_EDGE('',*,*,#1172,.T.);
#1530=ORIENTED_EDGE('',*,*,#1173,.T.);
#1531=ORIENTED_EDGE('',*,*,#1174,.T.);
#1532=ORIENTED_EDGE('',*,*,#1170,.F.);
#1533=ORIENTED_EDGE('',*,*,#1175,.T.);
#1534=ORIENTED_EDGE('',*,*,#1173,.F.);
#1535=ORIENTED_EDGE('',*,*,#1176,.T.);
#1536=ORIENTED_EDGE('',*,*,#1177,.F.);
#1537=ORIENTED_EDGE('',*,*,#1178,.F.);
#1538=ORIENTED_EDGE('',*,*,#1179,.T.);
#1539=ORIENTED_EDGE('',*,*,#1175,.F.);
#1540=ORIENTED_EDGE('',*,*,#1172,.F.);
#1541=ORIENTED_EDGE('',*,*,#1169,.F.);
#1542=ORIENTED_EDGE('',*,*,#1166,.F.);
#1543=ORIENTED_EDGE('',*,*,#1160,.F.);
#1544=ORIENTED_EDGE('',*,*,#1180,.T.);
#1545=ORIENTED_EDGE('',*,*,#1181,.T.);
#1546=ORIENTED_EDGE('',*,*,#1182,.F.);
#1547=ORIENTED_EDGE('',*,*,#1176,.F.);
#1548=ORIENTED_EDGE('',*,*,#1183,.T.);
#1549=ORIENTED_EDGE('',*,*,#1184,.T.);
#1550=ORIENTED_EDGE('',*,*,#1185,.T.);
#1551=ORIENTED_EDGE('',*,*,#1186,.T.);
#1552=ORIENTED_EDGE('',*,*,#1187,.T.);
#1553=ORIENTED_EDGE('',*,*,#1188,.T.);
#1554=ORIENTED_EDGE('',*,*,#1185,.F.);
#1555=ORIENTED_EDGE('',*,*,#1189,.T.);
#1556=ORIENTED_EDGE('',*,*,#1190,.T.);
#1557=ORIENTED_EDGE('',*,*,#1191,.T.);
#1558=ORIENTED_EDGE('',*,*,#1187,.F.);
#1559=ORIENTED_EDGE('',*,*,#1192,.T.);
#1560=ORIENTED_EDGE('',*,*,#1192,.F.);
#1561=ORIENTED_EDGE('',*,*,#1189,.F.);
#1562=ORIENTED_EDGE('',*,*,#1184,.F.);
#1563=ORIENTED_EDGE('',*,*,#1193,.F.);
#1564=ORIENTED_EDGE('',*,*,#1194,.F.);
#1565=ORIENTED_EDGE('',*,*,#1195,.T.);
#1566=ORIENTED_EDGE('',*,*,#1196,.T.);
#1567=ORIENTED_EDGE('',*,*,#1197,.T.);
#1568=ORIENTED_EDGE('',*,*,#1198,.T.);
#1569=ORIENTED_EDGE('',*,*,#1195,.F.);
#1570=ORIENTED_EDGE('',*,*,#1199,.T.);
#1571=ORIENTED_EDGE('',*,*,#1200,.T.);
#1572=ORIENTED_EDGE('',*,*,#1201,.T.);
#1573=ORIENTED_EDGE('',*,*,#1200,.F.);
#1574=ORIENTED_EDGE('',*,*,#1202,.T.);
#1575=ORIENTED_EDGE('',*,*,#1203,.T.);
#1576=ORIENTED_EDGE('',*,*,#1204,.T.);
#1577=ORIENTED_EDGE('',*,*,#1205,.T.);
#1578=ORIENTED_EDGE('',*,*,#1206,.T.);
#1579=ORIENTED_EDGE('',*,*,#1203,.F.);
#1580=ORIENTED_EDGE('',*,*,#1207,.T.);
#1581=ORIENTED_EDGE('',*,*,#1207,.F.);
#1582=ORIENTED_EDGE('',*,*,#1208,.F.);
#1583=ORIENTED_EDGE('',*,*,#1190,.F.);
#1584=ORIENTED_EDGE('',*,*,#1194,.T.);
#1585=ORIENTED_EDGE('',*,*,#1209,.T.);
#1586=ORIENTED_EDGE('',*,*,#1210,.T.);
#1587=ORIENTED_EDGE('',*,*,#1211,.T.);
#1588=ORIENTED_EDGE('',*,*,#1212,.T.);
#1589=ORIENTED_EDGE('',*,*,#1213,.T.);
#1590=ORIENTED_EDGE('',*,*,#1214,.T.);
#1591=ORIENTED_EDGE('',*,*,#1215,.T.);
#1592=ORIENTED_EDGE('',*,*,#1156,.T.);
#1593=ORIENTED_EDGE('',*,*,#1216,.T.);
#1594=ORIENTED_EDGE('',*,*,#1217,.T.);
#1595=ORIENTED_EDGE('',*,*,#1218,.T.);
#1596=ORIENTED_EDGE('',*,*,#1191,.F.);
#1597=ORIENTED_EDGE('',*,*,#1208,.T.);
#1598=ORIENTED_EDGE('',*,*,#1202,.F.);
#1599=ORIENTED_EDGE('',*,*,#1219,.F.);
#1600=ORIENTED_EDGE('',*,*,#1188,.F.);
#1601=ORIENTED_EDGE('',*,*,#1219,.T.);
#1602=ORIENTED_EDGE('',*,*,#1199,.F.);
#1603=ORIENTED_EDGE('',*,*,#1220,.T.);
#1604=ORIENTED_EDGE('',*,*,#1186,.F.);
#1605=ORIENTED_EDGE('',*,*,#1220,.F.);
#1606=ORIENTED_EDGE('',*,*,#1198,.F.);
#1607=ORIENTED_EDGE('',*,*,#1221,.T.);
#1608=ORIENTED_EDGE('',*,*,#1222,.T.);
#1609=ORIENTED_EDGE('',*,*,#1223,.T.);
#1610=ORIENTED_EDGE('',*,*,#1224,.T.);
#1611=ORIENTED_EDGE('',*,*,#1225,.F.);
#1612=ORIENTED_EDGE('',*,*,#1226,.F.);
#1613=ORIENTED_EDGE('',*,*,#1227,.F.);
#1614=ORIENTED_EDGE('',*,*,#1228,.T.);
#1615=ORIENTED_EDGE('',*,*,#1229,.T.);
#1616=ORIENTED_EDGE('',*,*,#1230,.T.);
#1617=ORIENTED_EDGE('',*,*,#1225,.T.);
#1618=ORIENTED_EDGE('',*,*,#1231,.T.);
#1619=ORIENTED_EDGE('',*,*,#1232,.T.);
#1620=ORIENTED_EDGE('',*,*,#1233,.T.);
#1621=ORIENTED_EDGE('',*,*,#1234,.T.);
#1622=ORIENTED_EDGE('',*,*,#1230,.F.);
#1623=ORIENTED_EDGE('',*,*,#1235,.T.);
#1624=ORIENTED_EDGE('',*,*,#1233,.F.);
#1625=ORIENTED_EDGE('',*,*,#1236,.T.);
#1626=ORIENTED_EDGE('',*,*,#1237,.T.);
#1627=ORIENTED_EDGE('',*,*,#1238,.T.);
#1628=ORIENTED_EDGE('',*,*,#1239,.T.);
#1629=ORIENTED_EDGE('',*,*,#1240,.T.);
#1630=ORIENTED_EDGE('',*,*,#1237,.F.);
#1631=ORIENTED_EDGE('',*,*,#1241,.T.);
#1632=ORIENTED_EDGE('',*,*,#1242,.T.);
#1633=ORIENTED_EDGE('',*,*,#1241,.F.);
#1634=ORIENTED_EDGE('',*,*,#1236,.F.);
#1635=ORIENTED_EDGE('',*,*,#1235,.F.);
#1636=ORIENTED_EDGE('',*,*,#1232,.F.);
#1637=ORIENTED_EDGE('',*,*,#1243,.F.);
#1638=ORIENTED_EDGE('',*,*,#1244,.F.);
#1639=ORIENTED_EDGE('',*,*,#1245,.T.);
#1640=ORIENTED_EDGE('',*,*,#1246,.F.);
#1641=ORIENTED_EDGE('',*,*,#1247,.F.);
#1642=ORIENTED_EDGE('',*,*,#1248,.T.);
#1643=ORIENTED_EDGE('',*,*,#1249,.T.);
#1644=ORIENTED_EDGE('',*,*,#1250,.T.);
#1645=ORIENTED_EDGE('',*,*,#1251,.T.);
#1646=ORIENTED_EDGE('',*,*,#1252,.T.);
#1647=ORIENTED_EDGE('',*,*,#1253,.T.);
#1648=ORIENTED_EDGE('',*,*,#1254,.T.);
#1649=ORIENTED_EDGE('',*,*,#1251,.F.);
#1650=ORIENTED_EDGE('',*,*,#1255,.T.);
#1651=ORIENTED_EDGE('',*,*,#1256,.T.);
#1652=ORIENTED_EDGE('',*,*,#1227,.T.);
#1653=ORIENTED_EDGE('',*,*,#1253,.F.);
#1654=ORIENTED_EDGE('',*,*,#1257,.T.);
#1655=ORIENTED_EDGE('',*,*,#1256,.F.);
#1656=ORIENTED_EDGE('',*,*,#1258,.F.);
#1657=ORIENTED_EDGE('',*,*,#1259,.F.);
#1658=ORIENTED_EDGE('',*,*,#1260,.T.);
#1659=ORIENTED_EDGE('',*,*,#1228,.F.);
#1660=ORIENTED_EDGE('',*,*,#1257,.F.);
#1661=ORIENTED_EDGE('',*,*,#1255,.F.);
#1662=ORIENTED_EDGE('',*,*,#1250,.F.);
#1663=ORIENTED_EDGE('',*,*,#1261,.F.);
#1664=ORIENTED_EDGE('',*,*,#1258,.T.);
#1665=ORIENTED_EDGE('',*,*,#1262,.T.);
#1666=ORIENTED_EDGE('',*,*,#1263,.T.);
#1667=ORIENTED_EDGE('',*,*,#1264,.T.);
#1668=ORIENTED_EDGE('',*,*,#1265,.T.);
#1669=ORIENTED_EDGE('',*,*,#1266,.T.);
#1670=ORIENTED_EDGE('',*,*,#1267,.T.);
#1671=ORIENTED_EDGE('',*,*,#1262,.F.);
#1672=ORIENTED_EDGE('',*,*,#1268,.T.);
#1673=ORIENTED_EDGE('',*,*,#1269,.T.);
#1674=ORIENTED_EDGE('',*,*,#1270,.T.);
#1675=ORIENTED_EDGE('',*,*,#1266,.F.);
#1676=ORIENTED_EDGE('',*,*,#1271,.T.);
#1677=ORIENTED_EDGE('',*,*,#1272,.T.);
#1678=ORIENTED_EDGE('',*,*,#1273,.T.);
#1679=ORIENTED_EDGE('',*,*,#1269,.F.);
#1680=ORIENTED_EDGE('',*,*,#1274,.T.);
#1681=ORIENTED_EDGE('',*,*,#1275,.F.);
#1682=ORIENTED_EDGE('',*,*,#1276,.T.);
#1683=ORIENTED_EDGE('',*,*,#1272,.F.);
#1684=ORIENTED_EDGE('',*,*,#1277,.T.);
#1685=ORIENTED_EDGE('',*,*,#1277,.F.);
#1686=ORIENTED_EDGE('',*,*,#1278,.F.);
#1687=ORIENTED_EDGE('',*,*,#1279,.F.);
#1688=ORIENTED_EDGE('',*,*,#1280,.T.);
#1689=ORIENTED_EDGE('',*,*,#1274,.F.);
#1690=ORIENTED_EDGE('',*,*,#1281,.T.);
#1691=ORIENTED_EDGE('',*,*,#1282,.F.);
#1692=ORIENTED_EDGE('',*,*,#1278,.T.);
#1693=ORIENTED_EDGE('',*,*,#1271,.F.);
#1694=ORIENTED_EDGE('',*,*,#1283,.F.);
#1695=ORIENTED_EDGE('',*,*,#1284,.F.);
#1696=ORIENTED_EDGE('',*,*,#1281,.F.);
#1697=ORIENTED_EDGE('',*,*,#1268,.F.);
#1698=ORIENTED_EDGE('',*,*,#1285,.T.);
#1699=ORIENTED_EDGE('',*,*,#1286,.F.);
#1700=ORIENTED_EDGE('',*,*,#1283,.T.);
#1701=ORIENTED_EDGE('',*,*,#1265,.F.);
#1702=ORIENTED_EDGE('',*,*,#1287,.T.);
#1703=ORIENTED_EDGE('',*,*,#1248,.F.);
#1704=ORIENTED_EDGE('',*,*,#1288,.T.);
#1705=ORIENTED_EDGE('',*,*,#1289,.F.);
#1706=ORIENTED_EDGE('',*,*,#1285,.F.);
#1707=ORIENTED_EDGE('',*,*,#1290,.T.);
#1708=ORIENTED_EDGE('',*,*,#1279,.T.);
#1709=ORIENTED_EDGE('',*,*,#1291,.T.);
#1710=ORIENTED_EDGE('',*,*,#1292,.T.);
#1711=ORIENTED_EDGE('',*,*,#1293,.T.);
#1712=ORIENTED_EDGE('',*,*,#1294,.T.);
#1713=ORIENTED_EDGE('',*,*,#1295,.T.);
#1714=ORIENTED_EDGE('',*,*,#1291,.F.);
#1715=ORIENTED_EDGE('',*,*,#1282,.T.);
#1716=ORIENTED_EDGE('',*,*,#1296,.T.);
#1717=ORIENTED_EDGE('',*,*,#1297,.T.);
#1718=ORIENTED_EDGE('',*,*,#1294,.F.);
#1719=ORIENTED_EDGE('',*,*,#1284,.T.);
#1720=ORIENTED_EDGE('',*,*,#1298,.T.);
#1721=ORIENTED_EDGE('',*,*,#1299,.T.);
#1722=ORIENTED_EDGE('',*,*,#1296,.F.);
#1723=ORIENTED_EDGE('',*,*,#1286,.T.);
#1724=ORIENTED_EDGE('',*,*,#1300,.T.);
#1725=ORIENTED_EDGE('',*,*,#1301,.T.);
#1726=ORIENTED_EDGE('',*,*,#1298,.F.);
#1727=ORIENTED_EDGE('',*,*,#1289,.T.);
#1728=ORIENTED_EDGE('',*,*,#1302,.F.);
#1729=ORIENTED_EDGE('',*,*,#1303,.F.);
#1730=ORIENTED_EDGE('',*,*,#1178,.T.);
#1731=ORIENTED_EDGE('',*,*,#1304,.F.);
#1732=ORIENTED_EDGE('',*,*,#1305,.F.);
#1733=ORIENTED_EDGE('',*,*,#1306,.F.);
#1734=ORIENTED_EDGE('',*,*,#1307,.T.);
#1735=ORIENTED_EDGE('',*,*,#1196,.F.);
#1736=ORIENTED_EDGE('',*,*,#1201,.F.);
#1737=ORIENTED_EDGE('',*,*,#1204,.F.);
#1738=ORIENTED_EDGE('',*,*,#1206,.F.);
#1739=ORIENTED_EDGE('',*,*,#1234,.F.);
#1740=ORIENTED_EDGE('',*,*,#1308,.T.);
#1741=ORIENTED_EDGE('',*,*,#1254,.F.);
#1742=ORIENTED_EDGE('',*,*,#1226,.T.);
#1743=ORIENTED_EDGE('',*,*,#1238,.F.);
#1744=ORIENTED_EDGE('',*,*,#1309,.T.);
#1745=ORIENTED_EDGE('',*,*,#1252,.F.);
#1746=ORIENTED_EDGE('',*,*,#1308,.F.);
#1747=ORIENTED_EDGE('',*,*,#1310,.T.);
#1748=ORIENTED_EDGE('',*,*,#1311,.T.);
#1749=ORIENTED_EDGE('',*,*,#1312,.T.);
#1750=ORIENTED_EDGE('',*,*,#1313,.T.);
#1751=ORIENTED_EDGE('',*,*,#1310,.F.);
#1752=ORIENTED_EDGE('',*,*,#1314,.F.);
#1753=ORIENTED_EDGE('',*,*,#1315,.T.);
#1754=ORIENTED_EDGE('',*,*,#1316,.T.);
#1755=ORIENTED_EDGE('',*,*,#1317,.T.);
#1756=ORIENTED_EDGE('',*,*,#1318,.F.);
#1757=ORIENTED_EDGE('',*,*,#1319,.F.);
#1758=ORIENTED_EDGE('',*,*,#1320,.F.);
#1759=ORIENTED_EDGE('',*,*,#1321,.T.);
#1760=ORIENTED_EDGE('',*,*,#1322,.F.);
#1761=ORIENTED_EDGE('',*,*,#1313,.F.);
#1762=ORIENTED_EDGE('',*,*,#1323,.F.);
#1763=ORIENTED_EDGE('',*,*,#1324,.F.);
#1764=ORIENTED_EDGE('',*,*,#1314,.T.);
#1765=ORIENTED_EDGE('',*,*,#1325,.T.);
#1766=ORIENTED_EDGE('',*,*,#1326,.T.);
#1767=ORIENTED_EDGE('',*,*,#1327,.T.);
#1768=ORIENTED_EDGE('',*,*,#1328,.T.);
#1769=ORIENTED_EDGE('',*,*,#1327,.F.);
#1770=ORIENTED_EDGE('',*,*,#1329,.F.);
#1771=ORIENTED_EDGE('',*,*,#1330,.F.);
#1772=ORIENTED_EDGE('',*,*,#1331,.F.);
#1773=ORIENTED_EDGE('',*,*,#1332,.T.);
#1774=ORIENTED_EDGE('',*,*,#1333,.F.);
#1775=ORIENTED_EDGE('',*,*,#1181,.F.);
#1776=ORIENTED_EDGE('',*,*,#1334,.T.);
#1777=ORIENTED_EDGE('',*,*,#1335,.T.);
#1778=ORIENTED_EDGE('',*,*,#1336,.T.);
#1779=ORIENTED_EDGE('',*,*,#1311,.F.);
#1780=ORIENTED_EDGE('',*,*,#1322,.T.);
#1781=ORIENTED_EDGE('',*,*,#1337,.T.);
#1782=ORIENTED_EDGE('',*,*,#1338,.T.);
#1783=ORIENTED_EDGE('',*,*,#1339,.T.);
#1784=ORIENTED_EDGE('',*,*,#1329,.T.);
#1785=ORIENTED_EDGE('',*,*,#1326,.F.);
#1786=ORIENTED_EDGE('',*,*,#1340,.T.);
#1787=ORIENTED_EDGE('',*,*,#1341,.T.);
#1788=ORIENTED_EDGE('',*,*,#1342,.T.);
#1789=ORIENTED_EDGE('',*,*,#1343,.T.);
#1790=ORIENTED_EDGE('',*,*,#1344,.T.);
#1791=ORIENTED_EDGE('',*,*,#1345,.T.);
#1792=ORIENTED_EDGE('',*,*,#1346,.T.);
#1793=ORIENTED_EDGE('',*,*,#1347,.T.);
#1794=ORIENTED_EDGE('',*,*,#1147,.F.);
#1795=ORIENTED_EDGE('',*,*,#1348,.T.);
#1796=ORIENTED_EDGE('',*,*,#1165,.F.);
#1797=ORIENTED_EDGE('',*,*,#1349,.T.);
#1798=ORIENTED_EDGE('',*,*,#1144,.F.);
#1799=ORIENTED_EDGE('',*,*,#1349,.F.);
#1800=ORIENTED_EDGE('',*,*,#1168,.F.);
#1801=ORIENTED_EDGE('',*,*,#1350,.F.);
#1802=ORIENTED_EDGE('',*,*,#1351,.F.);
#1803=ORIENTED_EDGE('',*,*,#1352,.F.);
#1804=ORIENTED_EDGE('',*,*,#1353,.F.);
#1805=ORIENTED_EDGE('',*,*,#1354,.T.);
#1806=ORIENTED_EDGE('',*,*,#1355,.F.);
#1807=ORIENTED_EDGE('',*,*,#1356,.T.);
#1808=ORIENTED_EDGE('',*,*,#1263,.F.);
#1809=ORIENTED_EDGE('',*,*,#1267,.F.);
#1810=ORIENTED_EDGE('',*,*,#1270,.F.);
#1811=ORIENTED_EDGE('',*,*,#1273,.F.);
#1812=ORIENTED_EDGE('',*,*,#1276,.F.);
#1813=ORIENTED_EDGE('',*,*,#1357,.T.);
#1814=ORIENTED_EDGE('',*,*,#1335,.F.);
#1815=ORIENTED_EDGE('',*,*,#1358,.F.);
#1816=ORIENTED_EDGE('',*,*,#1163,.T.);
#1817=ORIENTED_EDGE('',*,*,#1359,.F.);
#1818=ORIENTED_EDGE('',*,*,#1149,.F.);
#1819=ORIENTED_EDGE('',*,*,#1152,.T.);
#1820=ORIENTED_EDGE('',*,*,#1360,.F.);
#1821=ORIENTED_EDGE('',*,*,#1361,.T.);
#1822=ORIENTED_EDGE('',*,*,#1328,.F.);
#1823=ORIENTED_EDGE('',*,*,#1336,.F.);
#1824=ORIENTED_EDGE('',*,*,#1361,.F.);
#1825=ORIENTED_EDGE('',*,*,#1362,.T.);
#1826=ORIENTED_EDGE('',*,*,#1363,.T.);
#1827=ORIENTED_EDGE('',*,*,#1315,.F.);
#1828=ORIENTED_EDGE('',*,*,#1324,.T.);
#1829=ORIENTED_EDGE('',*,*,#1364,.T.);
#1830=ORIENTED_EDGE('',*,*,#1351,.T.);
#1831=ORIENTED_EDGE('',*,*,#1275,.T.);
#1832=ORIENTED_EDGE('',*,*,#1280,.F.);
#1833=ORIENTED_EDGE('',*,*,#1290,.F.);
#1834=ORIENTED_EDGE('',*,*,#1363,.F.);
#1835=ORIENTED_EDGE('',*,*,#1293,.F.);
#1836=ORIENTED_EDGE('',*,*,#1365,.T.);
#1837=ORIENTED_EDGE('',*,*,#1316,.F.);
#1838=ORIENTED_EDGE('',*,*,#1240,.F.);
#1839=ORIENTED_EDGE('',*,*,#1366,.T.);
#1840=ORIENTED_EDGE('',*,*,#1367,.T.);
#1841=ORIENTED_EDGE('',*,*,#1368,.T.);
#1842=ORIENTED_EDGE('',*,*,#1369,.T.);
#1843=ORIENTED_EDGE('',*,*,#1370,.T.);
#1844=ORIENTED_EDGE('',*,*,#1371,.T.);
#1845=ORIENTED_EDGE('',*,*,#1353,.T.);
#1846=ORIENTED_EDGE('',*,*,#1372,.T.);
#1847=ORIENTED_EDGE('',*,*,#1373,.T.);
#1848=ORIENTED_EDGE('',*,*,#1374,.T.);
#1849=ORIENTED_EDGE('',*,*,#1375,.T.);
#1850=ORIENTED_EDGE('',*,*,#1376,.T.);
#1851=ORIENTED_EDGE('',*,*,#1377,.T.);
#1852=ORIENTED_EDGE('',*,*,#1378,.T.);
#1853=ORIENTED_EDGE('',*,*,#1379,.T.);
#1854=ORIENTED_EDGE('',*,*,#1380,.T.);
#1855=ORIENTED_EDGE('',*,*,#1381,.T.);
#1856=ORIENTED_EDGE('',*,*,#1259,.T.);
#1857=ORIENTED_EDGE('',*,*,#1261,.T.);
#1858=ORIENTED_EDGE('',*,*,#1249,.F.);
#1859=ORIENTED_EDGE('',*,*,#1309,.F.);
#1860=ORIENTED_EDGE('',*,*,#1377,.F.);
#1861=ORIENTED_EDGE('',*,*,#1382,.T.);
#1862=ORIENTED_EDGE('',*,*,#1346,.F.);
#1863=ORIENTED_EDGE('',*,*,#1383,.F.);
#1864=ORIENTED_EDGE('',*,*,#1384,.F.);
#1865=ORIENTED_EDGE('',*,*,#1385,.T.);
#1866=ORIENTED_EDGE('',*,*,#1344,.F.);
#1867=ORIENTED_EDGE('',*,*,#1386,.F.);
#1868=ORIENTED_EDGE('',*,*,#1387,.T.);
#1869=ORIENTED_EDGE('',*,*,#1386,.T.);
#1870=ORIENTED_EDGE('',*,*,#1343,.F.);
#1871=ORIENTED_EDGE('',*,*,#1388,.F.);
#1872=ORIENTED_EDGE('',*,*,#1210,.F.);
#1873=ORIENTED_EDGE('',*,*,#1389,.T.);
#1874=ORIENTED_EDGE('',*,*,#1341,.F.);
#1875=ORIENTED_EDGE('',*,*,#1390,.F.);
#1876=ORIENTED_EDGE('',*,*,#1391,.F.);
#1877=ORIENTED_EDGE('',*,*,#1330,.T.);
#1878=ORIENTED_EDGE('',*,*,#1339,.F.);
#1879=ORIENTED_EDGE('',*,*,#1392,.F.);
#1880=ORIENTED_EDGE('',*,*,#1393,.F.);
#1881=ORIENTED_EDGE('',*,*,#1392,.T.);
#1882=ORIENTED_EDGE('',*,*,#1338,.F.);
#1883=ORIENTED_EDGE('',*,*,#1394,.F.);
#1884=ORIENTED_EDGE('',*,*,#1395,.F.);
#1885=ORIENTED_EDGE('',*,*,#1394,.T.);
#1886=ORIENTED_EDGE('',*,*,#1337,.F.);
#1887=ORIENTED_EDGE('',*,*,#1321,.F.);
#1888=ORIENTED_EDGE('',*,*,#1396,.T.);
#1889=ORIENTED_EDGE('',*,*,#1397,.T.);
#1890=ORIENTED_EDGE('',*,*,#1384,.T.);
#1891=ORIENTED_EDGE('',*,*,#1387,.F.);
#1892=ORIENTED_EDGE('',*,*,#1398,.T.);
#1893=ORIENTED_EDGE('',*,*,#1358,.T.);
#1894=ORIENTED_EDGE('',*,*,#1334,.F.);
#1895=ORIENTED_EDGE('',*,*,#1180,.F.);
#1896=ORIENTED_EDGE('',*,*,#1159,.T.);
#1897=ORIENTED_EDGE('',*,*,#1357,.F.);
#1898=ORIENTED_EDGE('',*,*,#1399,.F.);
#1899=ORIENTED_EDGE('',*,*,#1399,.T.);
#1900=ORIENTED_EDGE('',*,*,#1158,.F.);
#1901=ORIENTED_EDGE('',*,*,#1400,.T.);
#1902=ORIENTED_EDGE('',*,*,#1400,.F.);
#1903=ORIENTED_EDGE('',*,*,#1320,.T.);
#1904=ORIENTED_EDGE('',*,*,#1401,.T.);
#1905=ORIENTED_EDGE('',*,*,#1331,.T.);
#1906=ORIENTED_EDGE('',*,*,#1391,.T.);
#1907=ORIENTED_EDGE('',*,*,#1393,.T.);
#1908=ORIENTED_EDGE('',*,*,#1395,.T.);
#1909=ORIENTED_EDGE('',*,*,#1402,.T.);
#1910=ORIENTED_EDGE('',*,*,#1403,.T.);
#1911=ORIENTED_EDGE('',*,*,#1404,.T.);
#1912=ORIENTED_EDGE('',*,*,#1379,.F.);
#1913=ORIENTED_EDGE('',*,*,#1405,.T.);
#1914=ORIENTED_EDGE('',*,*,#1406,.F.);
#1915=ORIENTED_EDGE('',*,*,#1407,.F.);
#1916=ORIENTED_EDGE('',*,*,#1380,.F.);
#1917=ORIENTED_EDGE('',*,*,#1407,.T.);
#1918=ORIENTED_EDGE('',*,*,#1408,.F.);
#1919=ORIENTED_EDGE('',*,*,#1409,.F.);
#1920=ORIENTED_EDGE('',*,*,#1410,.T.);
#1921=ORIENTED_EDGE('',*,*,#1408,.T.);
#1922=ORIENTED_EDGE('',*,*,#1406,.T.);
#1923=ORIENTED_EDGE('',*,*,#1411,.F.);
#1924=ORIENTED_EDGE('',*,*,#1243,.T.);
#1925=ORIENTED_EDGE('',*,*,#1231,.F.);
#1926=ORIENTED_EDGE('',*,*,#1224,.F.);
#1927=ORIENTED_EDGE('',*,*,#1412,.F.);
#1928=ORIENTED_EDGE('',*,*,#1413,.T.);
#1929=ORIENTED_EDGE('',*,*,#1414,.T.);
#1930=ORIENTED_EDGE('',*,*,#1415,.T.);
#1931=ORIENTED_EDGE('',*,*,#1416,.T.);
#1932=ORIENTED_EDGE('',*,*,#1306,.T.);
#1933=ORIENTED_EDGE('',*,*,#1417,.T.);
#1934=ORIENTED_EDGE('',*,*,#1244,.T.);
#1935=ORIENTED_EDGE('',*,*,#1411,.T.);
#1936=ORIENTED_EDGE('',*,*,#1418,.T.);
#1937=ORIENTED_EDGE('',*,*,#1301,.F.);
#1938=ORIENTED_EDGE('',*,*,#1419,.T.);
#1939=ORIENTED_EDGE('',*,*,#1420,.F.);
#1940=ORIENTED_EDGE('',*,*,#1317,.F.);
#1941=ORIENTED_EDGE('',*,*,#1365,.F.);
#1942=ORIENTED_EDGE('',*,*,#1292,.F.);
#1943=ORIENTED_EDGE('',*,*,#1295,.F.);
#1944=ORIENTED_EDGE('',*,*,#1297,.F.);
#1945=ORIENTED_EDGE('',*,*,#1299,.F.);
#1946=ORIENTED_EDGE('',*,*,#1141,.F.);
#1947=ORIENTED_EDGE('',*,*,#1350,.T.);
#1948=ORIENTED_EDGE('',*,*,#1171,.F.);
#1949=ORIENTED_EDGE('',*,*,#1421,.T.);
#1950=ORIENTED_EDGE('',*,*,#1137,.F.);
#1951=ORIENTED_EDGE('',*,*,#1421,.F.);
#1952=ORIENTED_EDGE('',*,*,#1174,.F.);
#1953=ORIENTED_EDGE('',*,*,#1179,.F.);
#1954=ORIENTED_EDGE('',*,*,#1303,.T.);
#1955=ORIENTED_EDGE('',*,*,#1422,.F.);
#1956=ORIENTED_EDGE('',*,*,#1150,.F.);
#1957=ORIENTED_EDGE('',*,*,#1359,.T.);
#1958=ORIENTED_EDGE('',*,*,#1162,.F.);
#1959=ORIENTED_EDGE('',*,*,#1348,.F.);
#1960=ORIENTED_EDGE('',*,*,#1396,.F.);
#1961=ORIENTED_EDGE('',*,*,#1423,.T.);
#1962=ORIENTED_EDGE('',*,*,#1424,.F.);
#1963=ORIENTED_EDGE('',*,*,#1425,.F.);
#1964=ORIENTED_EDGE('',*,*,#1183,.F.);
#1965=ORIENTED_EDGE('',*,*,#1229,.F.);
#1966=ORIENTED_EDGE('',*,*,#1260,.F.);
#1967=ORIENTED_EDGE('',*,*,#1381,.F.);
#1968=ORIENTED_EDGE('',*,*,#1409,.T.);
#1969=ORIENTED_EDGE('',*,*,#1410,.F.);
#1970=ORIENTED_EDGE('',*,*,#1405,.F.);
#1971=ORIENTED_EDGE('',*,*,#1378,.F.);
#1972=ORIENTED_EDGE('',*,*,#1383,.T.);
#1973=ORIENTED_EDGE('',*,*,#1345,.F.);
#1974=ORIENTED_EDGE('',*,*,#1385,.F.);
#1975=ORIENTED_EDGE('',*,*,#1397,.F.);
#1976=ORIENTED_EDGE('',*,*,#1425,.T.);
#1977=ORIENTED_EDGE('',*,*,#1426,.F.);
#1978=ORIENTED_EDGE('',*,*,#1423,.F.);
#1979=ORIENTED_EDGE('',*,*,#1398,.F.);
#1980=ORIENTED_EDGE('',*,*,#1388,.T.);
#1981=ORIENTED_EDGE('',*,*,#1342,.F.);
#1982=ORIENTED_EDGE('',*,*,#1389,.F.);
#1983=ORIENTED_EDGE('',*,*,#1209,.F.);
#1984=ORIENTED_EDGE('',*,*,#1193,.T.);
#1985=ORIENTED_EDGE('',*,*,#1325,.F.);
#1986=ORIENTED_EDGE('',*,*,#1362,.F.);
#1987=ORIENTED_EDGE('',*,*,#1360,.T.);
#1988=ORIENTED_EDGE('',*,*,#1157,.F.);
#1989=ORIENTED_EDGE('',*,*,#1215,.F.);
#1990=ORIENTED_EDGE('',*,*,#1427,.T.);
#1991=ORIENTED_EDGE('',*,*,#1428,.F.);
#1992=ORIENTED_EDGE('',*,*,#1429,.F.);
#1993=ORIENTED_EDGE('',*,*,#1211,.F.);
#1994=ORIENTED_EDGE('',*,*,#1390,.T.);
#1995=ORIENTED_EDGE('',*,*,#1340,.F.);
#1996=ORIENTED_EDGE('',*,*,#1212,.F.);
#1997=ORIENTED_EDGE('',*,*,#1429,.T.);
#1998=ORIENTED_EDGE('',*,*,#1430,.F.);
#1999=ORIENTED_EDGE('',*,*,#1431,.F.);
#2000=ORIENTED_EDGE('',*,*,#1213,.F.);
#2001=ORIENTED_EDGE('',*,*,#1431,.T.);
#2002=ORIENTED_EDGE('',*,*,#1432,.F.);
#2003=ORIENTED_EDGE('',*,*,#1433,.F.);
#2004=ORIENTED_EDGE('',*,*,#1214,.F.);
#2005=ORIENTED_EDGE('',*,*,#1433,.T.);
#2006=ORIENTED_EDGE('',*,*,#1434,.F.);
#2007=ORIENTED_EDGE('',*,*,#1427,.F.);
#2008=ORIENTED_EDGE('',*,*,#1371,.F.);
#2009=ORIENTED_EDGE('',*,*,#1435,.T.);
#2010=ORIENTED_EDGE('',*,*,#1436,.F.);
#2011=ORIENTED_EDGE('',*,*,#1354,.F.);
#2012=ORIENTED_EDGE('',*,*,#1356,.F.);
#2013=ORIENTED_EDGE('',*,*,#1437,.F.);
#2014=ORIENTED_EDGE('',*,*,#1438,.F.);
#2015=ORIENTED_EDGE('',*,*,#1369,.F.);
#2016=ORIENTED_EDGE('',*,*,#1439,.T.);
#2017=ORIENTED_EDGE('',*,*,#1440,.F.);
#2018=ORIENTED_EDGE('',*,*,#1441,.F.);
#2019=ORIENTED_EDGE('',*,*,#1366,.F.);
#2020=ORIENTED_EDGE('',*,*,#1239,.F.);
#2021=ORIENTED_EDGE('',*,*,#1242,.F.);
#2022=ORIENTED_EDGE('',*,*,#1287,.F.);
#2023=ORIENTED_EDGE('',*,*,#1264,.F.);
#2024=ORIENTED_EDGE('',*,*,#1370,.F.);
#2025=ORIENTED_EDGE('',*,*,#1438,.T.);
#2026=ORIENTED_EDGE('',*,*,#1442,.F.);
#2027=ORIENTED_EDGE('',*,*,#1435,.F.);
#2028=ORIENTED_EDGE('',*,*,#1415,.F.);
#2029=ORIENTED_EDGE('',*,*,#1443,.T.);
#2030=ORIENTED_EDGE('',*,*,#1444,.F.);
#2031=ORIENTED_EDGE('',*,*,#1445,.F.);
#2032=ORIENTED_EDGE('',*,*,#1445,.T.);
#2033=ORIENTED_EDGE('',*,*,#1446,.F.);
#2034=ORIENTED_EDGE('',*,*,#1447,.F.);
#2035=ORIENTED_EDGE('',*,*,#1413,.F.);
#2036=ORIENTED_EDGE('',*,*,#1448,.T.);
#2037=ORIENTED_EDGE('',*,*,#1221,.F.);
#2038=ORIENTED_EDGE('',*,*,#1197,.F.);
#2039=ORIENTED_EDGE('',*,*,#1307,.F.);
#2040=ORIENTED_EDGE('',*,*,#1416,.F.);
#2041=ORIENTED_EDGE('',*,*,#1414,.F.);
#2042=ORIENTED_EDGE('',*,*,#1447,.T.);
#2043=ORIENTED_EDGE('',*,*,#1449,.F.);
#2044=ORIENTED_EDGE('',*,*,#1443,.F.);
#2045=ORIENTED_EDGE('',*,*,#1450,.F.);
#2046=ORIENTED_EDGE('',*,*,#1451,.F.);
#2047=ORIENTED_EDGE('',*,*,#1452,.F.);
#2048=ORIENTED_EDGE('',*,*,#1412,.T.);
#2049=ORIENTED_EDGE('',*,*,#1223,.F.);
#2050=ORIENTED_EDGE('',*,*,#1418,.F.);
#2051=ORIENTED_EDGE('',*,*,#1452,.T.);
#2052=ORIENTED_EDGE('',*,*,#1453,.F.);
#2053=ORIENTED_EDGE('',*,*,#1454,.F.);
#2054=ORIENTED_EDGE('',*,*,#1454,.T.);
#2055=ORIENTED_EDGE('',*,*,#1455,.F.);
#2056=ORIENTED_EDGE('',*,*,#1450,.T.);
#2057=ORIENTED_EDGE('',*,*,#1222,.F.);
#2058=ORIENTED_EDGE('',*,*,#1448,.F.);
#2059=ORIENTED_EDGE('',*,*,#1373,.F.);
#2060=ORIENTED_EDGE('',*,*,#1456,.T.);
#2061=ORIENTED_EDGE('',*,*,#1457,.F.);
#2062=ORIENTED_EDGE('',*,*,#1458,.F.);
#2063=ORIENTED_EDGE('',*,*,#1374,.F.);
#2064=ORIENTED_EDGE('',*,*,#1458,.T.);
#2065=ORIENTED_EDGE('',*,*,#1459,.F.);
#2066=ORIENTED_EDGE('',*,*,#1460,.F.);
#2067=ORIENTED_EDGE('',*,*,#1375,.F.);
#2068=ORIENTED_EDGE('',*,*,#1460,.T.);
#2069=ORIENTED_EDGE('',*,*,#1461,.F.);
#2070=ORIENTED_EDGE('',*,*,#1462,.F.);
#2071=ORIENTED_EDGE('',*,*,#1312,.F.);
#2072=ORIENTED_EDGE('',*,*,#1347,.F.);
#2073=ORIENTED_EDGE('',*,*,#1382,.F.);
#2074=ORIENTED_EDGE('',*,*,#1376,.F.);
#2075=ORIENTED_EDGE('',*,*,#1462,.T.);
#2076=ORIENTED_EDGE('',*,*,#1463,.F.);
#2077=ORIENTED_EDGE('',*,*,#1456,.F.);
#2078=ORIENTED_EDGE('',*,*,#1372,.F.);
#2079=ORIENTED_EDGE('',*,*,#1352,.T.);
#2080=ORIENTED_EDGE('',*,*,#1364,.F.);
#2081=ORIENTED_EDGE('',*,*,#1323,.T.);
#2082=ORIENTED_EDGE('',*,*,#1403,.F.);
#2083=ORIENTED_EDGE('',*,*,#1464,.T.);
#2084=ORIENTED_EDGE('',*,*,#1465,.F.);
#2085=ORIENTED_EDGE('',*,*,#1466,.F.);
#2086=ORIENTED_EDGE('',*,*,#1404,.F.);
#2087=ORIENTED_EDGE('',*,*,#1466,.T.);
#2088=ORIENTED_EDGE('',*,*,#1467,.F.);
#2089=ORIENTED_EDGE('',*,*,#1468,.F.);
#2090=ORIENTED_EDGE('',*,*,#1402,.F.);
#2091=ORIENTED_EDGE('',*,*,#1468,.T.);
#2092=ORIENTED_EDGE('',*,*,#1469,.F.);
#2093=ORIENTED_EDGE('',*,*,#1464,.F.);
#2094=ORIENTED_EDGE('',*,*,#1367,.F.);
#2095=ORIENTED_EDGE('',*,*,#1441,.T.);
#2096=ORIENTED_EDGE('',*,*,#1470,.F.);
#2097=ORIENTED_EDGE('',*,*,#1471,.F.);
#2098=ORIENTED_EDGE('',*,*,#1368,.F.);
#2099=ORIENTED_EDGE('',*,*,#1471,.T.);
#2100=ORIENTED_EDGE('',*,*,#1472,.F.);
#2101=ORIENTED_EDGE('',*,*,#1439,.F.);
#2102=ORIENTED_EDGE('',*,*,#1473,.T.);
#2103=ORIENTED_EDGE('',*,*,#1474,.F.);
#2104=ORIENTED_EDGE('',*,*,#1153,.T.);
#2105=ORIENTED_EDGE('',*,*,#1138,.F.);
#2106=ORIENTED_EDGE('',*,*,#1422,.T.);
#2107=ORIENTED_EDGE('',*,*,#1302,.T.);
#2108=ORIENTED_EDGE('',*,*,#1205,.F.);
#2109=ORIENTED_EDGE('',*,*,#1218,.F.);
#2110=ORIENTED_EDGE('',*,*,#1216,.F.);
#2111=ORIENTED_EDGE('',*,*,#1155,.T.);
#2112=ORIENTED_EDGE('',*,*,#1475,.F.);
#2113=ORIENTED_EDGE('',*,*,#1476,.F.);
#2114=ORIENTED_EDGE('',*,*,#1217,.F.);
#2115=ORIENTED_EDGE('',*,*,#1476,.T.);
#2116=ORIENTED_EDGE('',*,*,#1477,.F.);
#2117=ORIENTED_EDGE('',*,*,#1473,.F.);
#2118=ORIENTED_EDGE('',*,*,#1300,.F.);
#2119=ORIENTED_EDGE('',*,*,#1288,.F.);
#2120=ORIENTED_EDGE('',*,*,#1247,.T.);
#2121=ORIENTED_EDGE('',*,*,#1478,.F.);
#2122=ORIENTED_EDGE('',*,*,#1419,.F.);
#2123=ORIENTED_EDGE('',*,*,#1401,.F.);
#2124=ORIENTED_EDGE('',*,*,#1319,.T.);
#2125=ORIENTED_EDGE('',*,*,#1479,.F.);
#2126=ORIENTED_EDGE('',*,*,#1332,.F.);
#2127=ORIENTED_EDGE('',*,*,#1417,.F.);
#2128=ORIENTED_EDGE('',*,*,#1305,.T.);
#2129=ORIENTED_EDGE('',*,*,#1480,.F.);
#2130=ORIENTED_EDGE('',*,*,#1245,.F.);
#2131=ORIENTED_EDGE('',*,*,#1480,.T.);
#2132=ORIENTED_EDGE('',*,*,#1304,.T.);
#2133=ORIENTED_EDGE('',*,*,#1177,.T.);
#2134=ORIENTED_EDGE('',*,*,#1182,.T.);
#2135=ORIENTED_EDGE('',*,*,#1333,.T.);
#2136=ORIENTED_EDGE('',*,*,#1479,.T.);
#2137=ORIENTED_EDGE('',*,*,#1318,.T.);
#2138=ORIENTED_EDGE('',*,*,#1420,.T.);
#2139=ORIENTED_EDGE('',*,*,#1478,.T.);
#2140=ORIENTED_EDGE('',*,*,#1246,.T.);
#2141=ORIENTED_EDGE('',*,*,#1477,.T.);
#2142=ORIENTED_EDGE('',*,*,#1475,.T.);
#2143=ORIENTED_EDGE('',*,*,#1154,.T.);
#2144=ORIENTED_EDGE('',*,*,#1474,.T.);
#2145=ORIENTED_EDGE('',*,*,#1440,.T.);
#2146=ORIENTED_EDGE('',*,*,#1472,.T.);
#2147=ORIENTED_EDGE('',*,*,#1470,.T.);
#2148=ORIENTED_EDGE('',*,*,#1469,.T.);
#2149=ORIENTED_EDGE('',*,*,#1467,.T.);
#2150=ORIENTED_EDGE('',*,*,#1465,.T.);
#2151=ORIENTED_EDGE('',*,*,#1463,.T.);
#2152=ORIENTED_EDGE('',*,*,#1461,.T.);
#2153=ORIENTED_EDGE('',*,*,#1459,.T.);
#2154=ORIENTED_EDGE('',*,*,#1457,.T.);
#2155=ORIENTED_EDGE('',*,*,#1455,.T.);
#2156=ORIENTED_EDGE('',*,*,#1453,.T.);
#2157=ORIENTED_EDGE('',*,*,#1451,.T.);
#2158=ORIENTED_EDGE('',*,*,#1449,.T.);
#2159=ORIENTED_EDGE('',*,*,#1446,.T.);
#2160=ORIENTED_EDGE('',*,*,#1444,.T.);
#2161=ORIENTED_EDGE('',*,*,#1442,.T.);
#2162=ORIENTED_EDGE('',*,*,#1437,.T.);
#2163=ORIENTED_EDGE('',*,*,#1355,.T.);
#2164=ORIENTED_EDGE('',*,*,#1436,.T.);
#2165=ORIENTED_EDGE('',*,*,#1434,.T.);
#2166=ORIENTED_EDGE('',*,*,#1432,.T.);
#2167=ORIENTED_EDGE('',*,*,#1430,.T.);
#2168=ORIENTED_EDGE('',*,*,#1428,.T.);
#2169=ORIENTED_EDGE('',*,*,#1426,.T.);
#2170=ORIENTED_EDGE('',*,*,#1424,.T.);
#2171=TOROIDAL_SURFACE('',#2324,16.2,0.2);
#2172=TOROIDAL_SURFACE('',#2328,1.8,0.2);
#2173=TOROIDAL_SURFACE('',#2334,0.8,0.2);
#2174=TOROIDAL_SURFACE('',#2344,0.8,0.2);
#2175=TOROIDAL_SURFACE('',#2350,1.8,0.2);
#2176=TOROIDAL_SURFACE('',#2354,16.2,0.2);
#2177=TOROIDAL_SURFACE('',#2373,21.4,8.);
#2178=TOROIDAL_SURFACE('',#2375,12.4557280900008,1.);
#2179=TOROIDAL_SURFACE('',#2396,16.2,0.2);
#2180=TOROIDAL_SURFACE('',#2400,1.8,0.2);
#2181=TOROIDAL_SURFACE('',#2406,0.8,0.2);
#2182=TOROIDAL_SURFACE('',#2422,0.8,0.2);
#2183=TOROIDAL_SURFACE('',#2427,1.8,0.2);
#2184=TOROIDAL_SURFACE('',#2430,16.2,0.2);
#2185=TOROIDAL_SURFACE('',#2434,12.4557280900008,1.);
#2186=TOROIDAL_SURFACE('',#2436,21.4,8.);
#2187=TOROIDAL_SURFACE('',#2438,12.4,1.);
#2188=TOROIDAL_SURFACE('',#2444,12.4,1.);
#2189=TOROIDAL_SURFACE('',#2458,17.4,4.);
#2190=TOROIDAL_SURFACE('',#2462,17.4,4.);
#2191=ADVANCED_FACE('',(#513),#2171,.T.);
#2192=ADVANCED_FACE('',(#514),#2172,.T.);
#2193=ADVANCED_FACE('',(#515),#478,.T.);
#2194=ADVANCED_FACE('',(#516),#2173,.T.);
#2195=ADVANCED_FACE('',(#517),#479,.T.);
#2196=ADVANCED_FACE('',(#518,#26),#38,.T.);
#2197=ADVANCED_FACE('',(#519),#480,.T.);
#2198=ADVANCED_FACE('',(#520),#2174,.T.);
#2199=ADVANCED_FACE('',(#521),#481,.T.);
#2200=ADVANCED_FACE('',(#522),#2175,.T.);
#2201=ADVANCED_FACE('',(#523),#2176,.T.);
#2202=ADVANCED_FACE('',(#524),#39,.T.);
#2203=ADVANCED_FACE('',(#525),#40,.T.);
#2204=ADVANCED_FACE('',(#526),#482,.T.);
#2205=ADVANCED_FACE('',(#527),#18,.F.);
#2206=ADVANCED_FACE('',(#528),#19,.F.);
#2207=ADVANCED_FACE('',(#529),#41,.T.);
#2208=ADVANCED_FACE('',(#530),#483,.T.);
#2209=ADVANCED_FACE('',(#531),#20,.F.);
#2210=ADVANCED_FACE('',(#532),#21,.F.);
#2211=ADVANCED_FACE('',(#533),#484,.T.);
#2212=ADVANCED_FACE('',(#534),#42,.T.);
#2213=ADVANCED_FACE('',(#535),#2177,.F.);
#2214=ADVANCED_FACE('',(#536),#2178,.T.);
#2215=ADVANCED_FACE('',(#537),#43,.T.);
#2216=ADVANCED_FACE('',(#538),#485,.T.);
#2217=ADVANCED_FACE('',(#539),#22,.F.);
#2218=ADVANCED_FACE('',(#540),#23,.F.);
#2219=ADVANCED_FACE('',(#541),#486,.T.);
#2220=ADVANCED_FACE('',(#542),#44,.T.);
#2221=ADVANCED_FACE('',(#543),#24,.F.);
#2222=ADVANCED_FACE('',(#544),#25,.F.);
#2223=ADVANCED_FACE('',(#545),#487,.T.);
#2224=ADVANCED_FACE('',(#546),#45,.T.);
#2225=ADVANCED_FACE('',(#547),#46,.T.);
#2226=ADVANCED_FACE('',(#548),#2179,.T.);
#2227=ADVANCED_FACE('',(#549),#2180,.T.);
#2228=ADVANCED_FACE('',(#550),#488,.T.);
#2229=ADVANCED_FACE('',(#551),#2181,.T.);
#2230=ADVANCED_FACE('',(#552),#489,.T.);
#2231=ADVANCED_FACE('',(#553),#47,.T.);
#2232=ADVANCED_FACE('',(#554),#490,.T.);
#2233=ADVANCED_FACE('',(#555),#48,.T.);
#2234=ADVANCED_FACE('',(#556),#491,.T.);
#2235=ADVANCED_FACE('',(#557),#492,.F.);
#2236=ADVANCED_FACE('',(#558),#493,.T.);
#2237=ADVANCED_FACE('',(#559),#2182,.T.);
#2238=ADVANCED_FACE('',(#560),#494,.T.);
#2239=ADVANCED_FACE('',(#561),#2183,.T.);
#2240=ADVANCED_FACE('',(#562),#2184,.T.);
#2241=ADVANCED_FACE('',(#563),#49,.T.);
#2242=ADVANCED_FACE('',(#564),#2185,.T.);
#2243=ADVANCED_FACE('',(#565),#2186,.F.);
#2244=ADVANCED_FACE('',(#566),#2187,.T.);
#2245=ADVANCED_FACE('',(#567),#50,.T.);
#2246=ADVANCED_FACE('',(#568),#495,.T.);
#2247=ADVANCED_FACE('',(#569),#2188,.T.);
#2248=ADVANCED_FACE('',(#570),#51,.T.);
#2249=ADVANCED_FACE('',(#571),#52,.T.);
#2250=ADVANCED_FACE('',(#572),#496,.T.);
#2251=ADVANCED_FACE('',(#573),#53,.T.);
#2252=ADVANCED_FACE('',(#574,#27),#54,.T.);
#2253=ADVANCED_FACE('',(#575),#2189,.F.);
#2254=ADVANCED_FACE('',(#576),#497,.T.);
#2255=ADVANCED_FACE('',(#577),#2190,.F.);
#2256=ADVANCED_FACE('',(#578),#55,.T.);
#2257=ADVANCED_FACE('',(#579),#56,.T.);
#2258=ADVANCED_FACE('',(#580),#57,.T.);
#2259=ADVANCED_FACE('',(#581),#498,.F.);
#2260=ADVANCED_FACE('',(#582),#58,.T.);
#2261=ADVANCED_FACE('',(#583),#59,.T.);
#2262=ADVANCED_FACE('',(#584),#499,.T.);
#2263=ADVANCED_FACE('',(#585),#60,.T.);
#2264=ADVANCED_FACE('',(#586),#500,.T.);
#2265=ADVANCED_FACE('',(#587),#61,.F.);
#2266=ADVANCED_FACE('',(#588),#62,.T.);
#2267=ADVANCED_FACE('',(#589),#15,.T.);
#2268=ADVANCED_FACE('',(#590),#16,.T.);
#2269=ADVANCED_FACE('',(#591,#28),#63,.T.);
#2270=ADVANCED_FACE('',(#592),#64,.T.);
#2271=ADVANCED_FACE('',(#593),#65,.T.);
#2272=ADVANCED_FACE('',(#594),#66,.T.);
#2273=ADVANCED_FACE('',(#595),#501,.T.);
#2274=ADVANCED_FACE('',(#596),#67,.T.);
#2275=ADVANCED_FACE('',(#597),#68,.T.);
#2276=ADVANCED_FACE('',(#598),#502,.T.);
#2277=ADVANCED_FACE('',(#599),#503,.F.);
#2278=ADVANCED_FACE('',(#600),#69,.T.);
#2279=ADVANCED_FACE('',(#601),#504,.F.);
#2280=ADVANCED_FACE('',(#602),#505,.F.);
#2281=ADVANCED_FACE('',(#603),#70,.T.);
#2282=ADVANCED_FACE('',(#604),#71,.T.);
#2283=ADVANCED_FACE('',(#605),#72,.T.);
#2284=ADVANCED_FACE('',(#606),#506,.F.);
#2285=ADVANCED_FACE('',(#607),#73,.T.);
#2286=ADVANCED_FACE('',(#608),#74,.T.);
#2287=ADVANCED_FACE('',(#609),#75,.T.);
#2288=ADVANCED_FACE('',(#610),#76,.T.);
#2289=ADVANCED_FACE('',(#611),#507,.T.);
#2290=ADVANCED_FACE('',(#612),#77,.T.);
#2291=ADVANCED_FACE('',(#613),#78,.T.);
#2292=ADVANCED_FACE('',(#614),#508,.F.);
#2293=ADVANCED_FACE('',(#615),#79,.T.);
#2294=ADVANCED_FACE('',(#616),#509,.F.);
#2295=ADVANCED_FACE('',(#617),#80,.T.);
#2296=ADVANCED_FACE('',(#618),#81,.T.);
#2297=ADVANCED_FACE('',(#619),#82,.T.);
#2298=ADVANCED_FACE('',(#620),#83,.T.);
#2299=ADVANCED_FACE('',(#621),#510,.F.);
#2300=ADVANCED_FACE('',(#622),#84,.T.);
#2301=ADVANCED_FACE('',(#623),#85,.T.);
#2302=ADVANCED_FACE('',(#624),#86,.T.);
#2303=ADVANCED_FACE('',(#625),#87,.T.);
#2304=ADVANCED_FACE('',(#626),#88,.T.);
#2305=ADVANCED_FACE('',(#627),#89,.T.);
#2306=ADVANCED_FACE('',(#628),#90,.T.);
#2307=ADVANCED_FACE('',(#629),#511,.T.);
#2308=ADVANCED_FACE('',(#630),#512,.T.);
#2309=ADVANCED_FACE('',(#631,#29,#30,#31,#32,#33,#34,#35,#36,#37),#91,.F.);
#2310=CLOSED_SHELL('',(#2191,#2192,#2193,#2194,#2195,#2196,#2197,#2198,
#2199,#2200,#2201,#2202,#2203,#2204,#2205,#2206,#2207,#2208,#2209,#2210,
#2211,#2212,#2213,#2214,#2215,#2216,#2217,#2218,#2219,#2220,#2221,#2222,
#2223,#2224,#2225,#2226,#2227,#2228,#2229,#2230,#2231,#2232,#2233,#2234,
#2235,#2236,#2237,#2238,#2239,#2240,#2241,#2242,#2243,#2244,#2245,#2246,
#2247,#2248,#2249,#2250,#2251,#2252,#2253,#2254,#2255,#2256,#2257,#2258,
#2259,#2260,#2261,#2262,#2263,#2264,#2265,#2266,#2267,#2268,#2269,#2270,
#2271,#2272,#2273,#2274,#2275,#2276,#2277,#2278,#2279,#2280,#2281,#2282,
#2283,#2284,#2285,#2286,#2287,#2288,#2289,#2290,#2291,#2292,#2293,#2294,
#2295,#2296,#2297,#2298,#2299,#2300,#2301,#2302,#2303,#2304,#2305,#2306,
#2307,#2308,#2309));
#2311=DERIVED_UNIT_ELEMENT(#2313,1.);
#2312=DERIVED_UNIT_ELEMENT(#4406,-3.);
#2313=(
MASS_UNIT()
NAMED_UNIT(*)
SI_UNIT(.KILO.,.GRAM.)
);
#2314=DERIVED_UNIT((#2311,#2312));
#2315=MEASURE_REPRESENTATION_ITEM('density measure',
POSITIVE_RATIO_MEASURE(7850.),#2314);
#2316=PROPERTY_DEFINITION_REPRESENTATION(#2321,#2318);
#2317=PROPERTY_DEFINITION_REPRESENTATION(#2322,#2319);
#2318=REPRESENTATION('material name',(#2320),#4403);
#2319=REPRESENTATION('density',(#2315),#4403);
#2320=DESCRIPTIVE_REPRESENTATION_ITEM('Acier','Acier');
#2321=PROPERTY_DEFINITION('material property','material name',#4413);
#2322=PROPERTY_DEFINITION('material property','density of part',#4413);
#2323=AXIS2_PLACEMENT_3D('',#3185,#2546,#2547);
#2324=AXIS2_PLACEMENT_3D('',#3186,#2548,#2549);
#2325=AXIS2_PLACEMENT_3D('',#3189,#2550,#2551);
#2326=AXIS2_PLACEMENT_3D('',#3191,#2552,#2553);
#2327=AXIS2_PLACEMENT_3D('',#3203,#2554,#2555);
#2328=AXIS2_PLACEMENT_3D('',#3204,#2556,#2557);
#2329=AXIS2_PLACEMENT_3D('',#3207,#2558,#2559);
#2330=AXIS2_PLACEMENT_3D('',#3208,#2560,#2561);
#2331=AXIS2_PLACEMENT_3D('',#3209,#2562,#2563);
#2332=AXIS2_PLACEMENT_3D('',#3210,#2564,#2565);
#2333=AXIS2_PLACEMENT_3D('',#3213,#2566,#2567);
#2334=AXIS2_PLACEMENT_3D('',#3216,#2570,#2571);
#2335=AXIS2_PLACEMENT_3D('',#3219,#2572,#2573);
#2336=AXIS2_PLACEMENT_3D('',#3220,#2574,#2575);
#2337=AXIS2_PLACEMENT_3D('',#3221,#2576,#2577);
#2338=AXIS2_PLACEMENT_3D('',#3222,#2578,#2579);
#2339=AXIS2_PLACEMENT_3D('',#3243,#2582,#2583);
#2340=AXIS2_PLACEMENT_3D('',#3259,#2589,#2590);
#2341=AXIS2_PLACEMENT_3D('',#3260,#2591,#2592);
#2342=AXIS2_PLACEMENT_3D('',#3263,#2593,#2594);
#2343=AXIS2_PLACEMENT_3D('',#3267,#2596,#2597);
#2344=AXIS2_PLACEMENT_3D('',#3278,#2599,#2600);
#2345=AXIS2_PLACEMENT_3D('',#3281,#2601,#2602);
#2346=AXIS2_PLACEMENT_3D('',#3282,#2603,#2604);
#2347=AXIS2_PLACEMENT_3D('',#3283,#2605,#2606);
#2348=AXIS2_PLACEMENT_3D('',#3284,#2607,#2608);
#2349=AXIS2_PLACEMENT_3D('',#3287,#2609,#2610);
#2350=AXIS2_PLACEMENT_3D('',#3290,#2613,#2614);
#2351=AXIS2_PLACEMENT_3D('',#3293,#2615,#2616);
#2352=AXIS2_PLACEMENT_3D('',#3294,#2617,#2618);
#2353=AXIS2_PLACEMENT_3D('',#3295,#2619,#2620);
#2354=AXIS2_PLACEMENT_3D('',#3296,#2621,#2622);
#2355=AXIS2_PLACEMENT_3D('',#3309,#2623,#2624);
#2356=AXIS2_PLACEMENT_3D('',#3310,#2625,#2626);
#2357=AXIS2_PLACEMENT_3D('',#3311,#2627,#2628);
#2358=AXIS2_PLACEMENT_3D('',#3319,#2633,#2634);
#2359=AXIS2_PLACEMENT_3D('',#3325,#2638,#2639);
#2360=AXIS2_PLACEMENT_3D('',#3341,#2641,#2642);
#2361=AXIS2_PLACEMENT_3D('',#3370,#2644,#2645);
#2362=AXIS2_PLACEMENT_3D('',#3452,#2646,#2647);
#2363=AXIS2_PLACEMENT_3D('',#3456,#2650,#2651);
#2364=AXIS2_PLACEMENT_3D('',#3459,#2652,#2653);
#2365=AXIS2_PLACEMENT_3D('',#3506,#2656,#2657);
#2366=AXIS2_PLACEMENT_3D('',#3544,#2658,#2659);
#2367=AXIS2_PLACEMENT_3D('',#3550,#2660,#2661);
#2368=AXIS2_PLACEMENT_3D('',#3553,#2662,#2663);
#2369=AXIS2_PLACEMENT_3D('',#3556,#2666,#2667);
#2370=AXIS2_PLACEMENT_3D('',#3557,#2668,#2669);
#2371=AXIS2_PLACEMENT_3D('',#3559,#2670,#2671);
#2372=AXIS2_PLACEMENT_3D('',#3569,#2676,#2677);
#2373=AXIS2_PLACEMENT_3D('',#3576,#2682,#2683);
#2374=AXIS2_PLACEMENT_3D('',#3577,#2684,#2685);
#2375=AXIS2_PLACEMENT_3D('',#3578,#2686,#2687);
#2376=AXIS2_PLACEMENT_3D('',#3579,#2688,#2689);
#2377=AXIS2_PLACEMENT_3D('',#3580,#2690,#2691);
#2378=AXIS2_PLACEMENT_3D('',#3582,#2692,#2693);
#2379=AXIS2_PLACEMENT_3D('',#3588,#2696,#2697);
#2380=AXIS2_PLACEMENT_3D('',#3592,#2699,#2700);
#2381=AXIS2_PLACEMENT_3D('',#3597,#2703,#2704);
#2382=AXIS2_PLACEMENT_3D('',#3598,#2705,#2706);
#2383=AXIS2_PLACEMENT_3D('',#3600,#2707,#2708);
#2384=AXIS2_PLACEMENT_3D('',#3645,#2710,#2711);
#2385=AXIS2_PLACEMENT_3D('',#3696,#2712,#2713);
#2386=AXIS2_PLACEMENT_3D('',#3703,#2714,#2715);
#2387=AXIS2_PLACEMENT_3D('',#3706,#2716,#2717);
#2388=AXIS2_PLACEMENT_3D('',#3709,#2720,#2721);
#2389=AXIS2_PLACEMENT_3D('',#3722,#2728,#2729);
#2390=AXIS2_PLACEMENT_3D('',#3765,#2730,#2731);
#2391=AXIS2_PLACEMENT_3D('',#3797,#2732,#2733);
#2392=AXIS2_PLACEMENT_3D('',#3808,#2734,#2735);
#2393=AXIS2_PLACEMENT_3D('',#3810,#2736,#2737);
#2394=AXIS2_PLACEMENT_3D('',#3812,#2739,#2740);
#2395=AXIS2_PLACEMENT_3D('',#3818,#2744,#2745);
#2396=AXIS2_PLACEMENT_3D('',#3820,#2747,#2748);
#2397=AXIS2_PLACEMENT_3D('',#3823,#2749,#2750);
#2398=AXIS2_PLACEMENT_3D('',#3825,#2751,#2752);
#2399=AXIS2_PLACEMENT_3D('',#3837,#2753,#2754);
#2400=AXIS2_PLACEMENT_3D('',#3838,#2755,#2756);
#2401=AXIS2_PLACEMENT_3D('',#3841,#2757,#2758);
#2402=AXIS2_PLACEMENT_3D('',#3842,#2759,#2760);
#2403=AXIS2_PLACEMENT_3D('',#3843,#2761,#2762);
#2404=AXIS2_PLACEMENT_3D('',#3844,#2763,#2764);
#2405=AXIS2_PLACEMENT_3D('',#3847,#2765,#2766);
#2406=AXIS2_PLACEMENT_3D('',#3850,#2769,#2770);
#2407=AXIS2_PLACEMENT_3D('',#3853,#2771,#2772);
#2408=AXIS2_PLACEMENT_3D('',#3854,#2773,#2774);
#2409=AXIS2_PLACEMENT_3D('',#3855,#2775,#2776);
#2410=AXIS2_PLACEMENT_3D('',#3856,#2777,#2778);
#2411=AXIS2_PLACEMENT_3D('',#3877,#2781,#2782);
#2412=AXIS2_PLACEMENT_3D('',#3888,#2785,#2786);
#2413=AXIS2_PLACEMENT_3D('',#3891,#2788,#2789);
#2414=AXIS2_PLACEMENT_3D('',#3892,#2790,#2791);
#2415=AXIS2_PLACEMENT_3D('',#3896,#2794,#2795);
#2416=AXIS2_PLACEMENT_3D('',#3899,#2797,#2798);
#2417=AXIS2_PLACEMENT_3D('',#3900,#2799,#2800);
#2418=AXIS2_PLACEMENT_3D('',#3904,#2803,#2804);
#2419=AXIS2_PLACEMENT_3D('',#3905,#2805,#2806);
#2420=AXIS2_PLACEMENT_3D('',#3916,#2807,#2808);
#2421=AXIS2_PLACEMENT_3D('',#3919,#2810,#2811);
#2422=AXIS2_PLACEMENT_3D('',#3920,#2812,#2813);
#2423=AXIS2_PLACEMENT_3D('',#3922,#2814,#2815);
#2424=AXIS2_PLACEMENT_3D('',#3923,#2816,#2817);
#2425=AXIS2_PLACEMENT_3D('',#3924,#2818,#2819);
#2426=AXIS2_PLACEMENT_3D('',#3926,#2820,#2821);
#2427=AXIS2_PLACEMENT_3D('',#3928,#2823,#2824);
#2428=AXIS2_PLACEMENT_3D('',#3930,#2825,#2826);
#2429=AXIS2_PLACEMENT_3D('',#3931,#2827,#2828);
#2430=AXIS2_PLACEMENT_3D('',#3932,#2829,#2830);
#2431=AXIS2_PLACEMENT_3D('',#3944,#2831,#2832);
#2432=AXIS2_PLACEMENT_3D('',#3945,#2833,#2834);
#2433=AXIS2_PLACEMENT_3D('',#3948,#2836,#2837);
#2434=AXIS2_PLACEMENT_3D('',#3956,#2842,#2843);
#2435=AXIS2_PLACEMENT_3D('',#3957,#2844,#2845);
#2436=AXIS2_PLACEMENT_3D('',#3958,#2846,#2847);
#2437=AXIS2_PLACEMENT_3D('',#3959,#2848,#2849);
#2438=AXIS2_PLACEMENT_3D('',#3960,#2850,#2851);
#2439=AXIS2_PLACEMENT_3D('',#3974,#2852,#2853);
#2440=AXIS2_PLACEMENT_3D('',#3986,#2854,#2855);
#2441=AXIS2_PLACEMENT_3D('',#3987,#2856,#2857);
#2442=AXIS2_PLACEMENT_3D('',#4022,#2866,#2867);
#2443=AXIS2_PLACEMENT_3D('',#4025,#2869,#2870);
#2444=AXIS2_PLACEMENT_3D('',#4026,#2871,#2872);
#2445=AXIS2_PLACEMENT_3D('',#4040,#2873,#2874);
#2446=AXIS2_PLACEMENT_3D('',#4052,#2875,#2876);
#2447=AXIS2_PLACEMENT_3D('',#4053,#2877,#2878);
#2448=AXIS2_PLACEMENT_3D('',#4085,#2886,#2887);
#2449=AXIS2_PLACEMENT_3D('',#4087,#2888,#2889);
#2450=AXIS2_PLACEMENT_3D('',#4090,#2891,#2892);
#2451=AXIS2_PLACEMENT_3D('',#4096,#2895,#2896);
#2452=AXIS2_PLACEMENT_3D('',#4100,#2898,#2899);
#2453=AXIS2_PLACEMENT_3D('',#4102,#2900,#2901);
#2454=AXIS2_PLACEMENT_3D('',#4106,#2904,#2905);
#2455=AXIS2_PLACEMENT_3D('',#4109,#2908,#2909);
#2456=AXIS2_PLACEMENT_3D('',#4111,#2911,#2912);
#2457=AXIS2_PLACEMENT_3D('',#4127,#2918,#2919);
#2458=AXIS2_PLACEMENT_3D('',#4128,#2920,#2921);
#2459=AXIS2_PLACEMENT_3D('',#4129,#2922,#2923);
#2460=AXIS2_PLACEMENT_3D('',#4151,#2924,#2925);
#2461=AXIS2_PLACEMENT_3D('',#4152,#2926,#2927);
#2462=AXIS2_PLACEMENT_3D('',#4154,#2929,#2930);
#2463=AXIS2_PLACEMENT_3D('',#4155,#2931,#2932);
#2464=AXIS2_PLACEMENT_3D('',#4170,#2933,#2934);
#2465=AXIS2_PLACEMENT_3D('',#4172,#2936,#2937);
#2466=AXIS2_PLACEMENT_3D('',#4187,#2945,#2946);
#2467=AXIS2_PLACEMENT_3D('',#4197,#2951,#2952);
#2468=AXIS2_PLACEMENT_3D('',#4202,#2955,#2956);
#2469=AXIS2_PLACEMENT_3D('',#4203,#2957,#2958);
#2470=AXIS2_PLACEMENT_3D('',#4206,#2961,#2962);
#2471=AXIS2_PLACEMENT_3D('',#4209,#2963,#2964);
#2472=AXIS2_PLACEMENT_3D('',#4212,#2967,#2968);
#2473=AXIS2_PLACEMENT_3D('',#4216,#2971,#2972);
#2474=AXIS2_PLACEMENT_3D('',#4219,#2975,#2976);
#2475=AXIS2_PLACEMENT_3D('',#4221,#2977,#2978);
#2476=AXIS2_PLACEMENT_3D('',#4223,#2980,#2981);
#2477=AXIS2_PLACEMENT_3D('',#4227,#2984,#2985);
#2478=AXIS2_PLACEMENT_3D('',#4228,#2986,#2987);
#2479=AXIS2_PLACEMENT_3D('',#4229,#2988,#2989);
#2480=AXIS2_PLACEMENT_3D('',#4232,#2990,#2991);
#2481=AXIS2_PLACEMENT_3D('',#4233,#2992,#2993);
#2482=AXIS2_PLACEMENT_3D('',#4234,#2994,#2995);
#2483=AXIS2_PLACEMENT_3D('',#4235,#2996,#2997);
#2484=AXIS2_PLACEMENT_3D('',#4236,#2998,#2999);
#2485=AXIS2_PLACEMENT_3D('',#4238,#3000,#3001);
#2486=AXIS2_PLACEMENT_3D('',#4239,#3002,#3003);
#2487=AXIS2_PLACEMENT_3D('',#4241,#3004,#3005);
#2488=AXIS2_PLACEMENT_3D('',#4242,#3006,#3007);
#2489=AXIS2_PLACEMENT_3D('',#4243,#3008,#3009);
#2490=AXIS2_PLACEMENT_3D('',#4249,#3012,#3013);
#2491=AXIS2_PLACEMENT_3D('',#4250,#3014,#3015);
#2492=AXIS2_PLACEMENT_3D('',#4256,#3019,#3020);
#2493=AXIS2_PLACEMENT_3D('',#4260,#3023,#3024);
#2494=AXIS2_PLACEMENT_3D('',#4261,#3025,#3026);
#2495=AXIS2_PLACEMENT_3D('',#4262,#3027,#3028);
#2496=AXIS2_PLACEMENT_3D('',#4264,#3029,#3030);
#2497=AXIS2_PLACEMENT_3D('',#4266,#3032,#3033);
#2498=AXIS2_PLACEMENT_3D('',#4269,#3034,#3035);
#2499=AXIS2_PLACEMENT_3D('',#4274,#3038,#3039);
#2500=AXIS2_PLACEMENT_3D('',#4275,#3040,#3041);
#2501=AXIS2_PLACEMENT_3D('',#4276,#3042,#3043);
#2502=AXIS2_PLACEMENT_3D('',#4277,#3044,#3045);
#2503=AXIS2_PLACEMENT_3D('',#4281,#3048,#3049);
#2504=AXIS2_PLACEMENT_3D('',#4283,#3051,#3052);
#2505=AXIS2_PLACEMENT_3D('',#4285,#3054,#3055);
#2506=AXIS2_PLACEMENT_3D('',#4286,#3056,#3057);
#2507=AXIS2_PLACEMENT_3D('',#4290,#3059,#3060);
#2508=AXIS2_PLACEMENT_3D('',#4292,#3062,#3063);
#2509=AXIS2_PLACEMENT_3D('',#4293,#3064,#3065);
#2510=AXIS2_PLACEMENT_3D('',#4294,#3066,#3067);
#2511=AXIS2_PLACEMENT_3D('',#4300,#3071,#3072);
#2512=AXIS2_PLACEMENT_3D('',#4304,#3075,#3076);
#2513=AXIS2_PLACEMENT_3D('',#4308,#3079,#3080);
#2514=AXIS2_PLACEMENT_3D('',#4309,#3081,#3082);
#2515=AXIS2_PLACEMENT_3D('',#4310,#3083,#3084);
#2516=AXIS2_PLACEMENT_3D('',#4314,#3087,#3088);
#2517=AXIS2_PLACEMENT_3D('',#4323,#3094,#3095);
#2518=AXIS2_PLACEMENT_3D('',#4325,#3097,#3098);
#2519=AXIS2_PLACEMENT_3D('',#4331,#3102,#3103);
#2520=AXIS2_PLACEMENT_3D('',#4333,#3104,#3105);
#2521=AXIS2_PLACEMENT_3D('',#4336,#3108,#3109);
#2522=AXIS2_PLACEMENT_3D('',#4338,#3111,#3112);
#2523=AXIS2_PLACEMENT_3D('',#4344,#3116,#3117);
#2524=AXIS2_PLACEMENT_3D('',#4346,#3118,#3119);
#2525=AXIS2_PLACEMENT_3D('',#4348,#3121,#3122);
#2526=AXIS2_PLACEMENT_3D('',#4350,#3124,#3125);
#2527=AXIS2_PLACEMENT_3D('',#4354,#3127,#3128);
#2528=AXIS2_PLACEMENT_3D('',#4356,#3130,#3131);
#2529=AXIS2_PLACEMENT_3D('',#4360,#3134,#3135);
#2530=AXIS2_PLACEMENT_3D('',#4364,#3138,#3139);
#2531=AXIS2_PLACEMENT_3D('',#4366,#3141,#3142);
#2532=AXIS2_PLACEMENT_3D('',#4372,#3146,#3147);
#2533=AXIS2_PLACEMENT_3D('',#4374,#3148,#3149);
#2534=AXIS2_PLACEMENT_3D('',#4376,#3151,#3152);
#2535=AXIS2_PLACEMENT_3D('',#4378,#3154,#3155);
#2536=AXIS2_PLACEMENT_3D('',#4382,#3158,#3159);
#2537=AXIS2_PLACEMENT_3D('',#4384,#3161,#3162);
#2538=AXIS2_PLACEMENT_3D('',#4388,#3165,#3166);
#2539=AXIS2_PLACEMENT_3D('',#4392,#3169,#3170);
#2540=AXIS2_PLACEMENT_3D('',#4394,#3172,#3173);
#2541=AXIS2_PLACEMENT_3D('',#4396,#3175,#3176);
#2542=AXIS2_PLACEMENT_3D('',#4397,#3177,#3178);
#2543=AXIS2_PLACEMENT_3D('',#4398,#3179,#3180);
#2544=AXIS2_PLACEMENT_3D('',#4399,#3181,#3182);
#2545=AXIS2_PLACEMENT_3D('',#4400,#3183,#3184);
#2546=DIRECTION('axis',(0.,0.,1.));
#2547=DIRECTION('refdir',(1.,0.,0.));
#2548=DIRECTION('center_axis',(0.127421516074691,0.,-0.99184865641953));
#2549=DIRECTION('ref_axis',(-0.99184865641953,0.,-0.127421516074691));
#2550=DIRECTION('center_axis',(0.110136525199137,-0.993815751971349,0.0141490971684466));
#2551=DIRECTION('ref_axis',(0.127421516074697,0.,-0.991848656419529));
#2552=DIRECTION('center_axis',(-0.127421516074691,0.,0.99184865641953));
#2553=DIRECTION('ref_axis',(-0.706254830186016,-0.702119564782127,-0.0907316460176871));
#2554=DIRECTION('center_axis',(0.127421516074691,0.,-0.99184865641953));
#2555=DIRECTION('ref_axis',(-0.706254830186016,-0.702119564782127,-0.0907316460176871));
#2556=DIRECTION('center_axis',(-0.127421516074691,0.,0.99184865641953));
#2557=DIRECTION('ref_axis',(0.99184865641953,0.,0.127421516074691));
#2558=DIRECTION('center_axis',(0.99184865641953,0.,0.127421516074689));
#2559=DIRECTION('ref_axis',(0.127421516074689,0.,-0.99184865641953));
#2560=DIRECTION('center_axis',(0.127421516074691,0.,-0.99184865641953));
#2561=DIRECTION('ref_axis',(0.661258267509653,0.745332698851252,0.0849509957165924));
#2562=DIRECTION('center_axis',(-0.127421516074691,0.,0.99184865641953));
#2563=DIRECTION('ref_axis',(0.661258267509653,0.745332698851252,0.0849509957165924));
#2564=DIRECTION('center_axis',(-0.99184865641953,0.,-0.127421516074691));
#2565=DIRECTION('ref_axis',(0.090100618085483,0.70710678118655,-0.701342910865014));
#2566=DIRECTION('center_axis',(0.99184865641953,5.50586607650244E-15,0.127421516074695));
#2567=DIRECTION('ref_axis',(0.127421516074694,0.,-0.99184865641953));
#2568=DIRECTION('',(0.99184865641953,0.,0.127421516074691));
#2569=DIRECTION('',(-0.99184865641953,0.,-0.127421516074691));
#2570=DIRECTION('center_axis',(-0.127421516074691,0.,0.99184865641953));
#2571=DIRECTION('ref_axis',(0.99184865641953,0.,0.127421516074691));
#2572=DIRECTION('center_axis',(0.,1.,0.));
#2573=DIRECTION('ref_axis',(0.12742151607469,0.,-0.99184865641953));
#2574=DIRECTION('center_axis',(0.127421516074691,0.,-0.99184865641953));
#2575=DIRECTION('ref_axis',(-0.701342910865015,0.707106781186549,-0.0901006180854843));
#2576=DIRECTION('center_axis',(-0.127421516074691,0.,0.99184865641953));
#2577=DIRECTION('ref_axis',(-0.701342910865015,0.707106781186549,-0.0901006180854843));
#2578=DIRECTION('center_axis',(0.,1.,0.));
#2579=DIRECTION('ref_axis',(-0.611242292779537,0.,-0.791443528950496));
#2580=DIRECTION('',(0.,1.,0.));
#2581=DIRECTION('',(0.,-1.,0.));
#2582=DIRECTION('center_axis',(0.127421516074691,0.,-0.99184865641953));
#2583=DIRECTION('ref_axis',(0.99184865641953,0.,0.127421516074691));
#2584=DIRECTION('',(0.,1.,0.));
#2585=DIRECTION('',(0.99184865641953,0.,0.127421516074691));
#2586=DIRECTION('',(0.,-1.,0.));
#2587=DIRECTION('',(0.99184865641953,0.,0.127421516074691));
#2588=DIRECTION('',(0.,1.,0.));
#2589=DIRECTION('center_axis',(-0.127421516074691,0.,0.99184865641953));
#2590=DIRECTION('ref_axis',(-0.99184865641953,0.,-0.127421516074691));
#2591=DIRECTION('center_axis',(0.,1.,0.));
#2592=DIRECTION('ref_axis',(-0.791443528950499,0.,0.611242292779534));
#2593=DIRECTION('center_axis',(0.,-1.,0.));
#2594=DIRECTION('ref_axis',(-0.791443528950499,0.,0.611242292779534));
#2595=DIRECTION('',(0.,1.,0.));
#2596=DIRECTION('center_axis',(0.,-1.,0.));
#2597=DIRECTION('ref_axis',(-0.127421516074689,0.,0.99184865641953));
#2598=DIRECTION('',(0.,-1.,0.));
#2599=DIRECTION('center_axis',(0.127421516074691,0.,-0.99184865641953));
#2600=DIRECTION('ref_axis',(-0.99184865641953,0.,-0.127421516074691));
#2601=DIRECTION('center_axis',(-0.99184865641953,0.,-0.12742151607469));
#2602=DIRECTION('ref_axis',(-0.12742151607469,0.,0.99184865641953));
#2603=DIRECTION('center_axis',(-0.127421516074691,0.,0.99184865641953));
#2604=DIRECTION('ref_axis',(-0.701342910865017,0.707106781186546,-0.0901006180854846));
#2605=DIRECTION('center_axis',(0.127421516074691,0.,-0.99184865641953));
#2606=DIRECTION('ref_axis',(-0.701342910865017,0.707106781186546,-0.0901006180854846));
#2607=DIRECTION('center_axis',(0.99184865641953,0.,0.127421516074691));
#2608=DIRECTION('ref_axis',(-0.0901006180854908,0.707106781186549,0.701342910865013));
#2609=DIRECTION('center_axis',(-0.99184865641953,8.25879911475366E-15,-0.127421516074689));
#2610=DIRECTION('ref_axis',(-0.127421516074689,0.,0.99184865641953));
#2611=DIRECTION('',(-0.99184865641953,0.,-0.127421516074691));
#2612=DIRECTION('',(0.99184865641953,0.,0.127421516074691));
#2613=DIRECTION('center_axis',(0.127421516074691,0.,-0.99184865641953));
#2614=DIRECTION('ref_axis',(-0.99184865641953,0.,-0.127421516074691));
#2615=DIRECTION('center_axis',(-0.110136525199147,0.993815751971348,-0.0141490971684471));
#2616=DIRECTION('ref_axis',(-0.12742151607469,0.,0.99184865641953));
#2617=DIRECTION('center_axis',(-0.127421516074691,0.,0.99184865641953));
#2618=DIRECTION('ref_axis',(0.661258267509653,0.745332698851252,0.0849509957165923));
#2619=DIRECTION('center_axis',(0.127421516074691,0.,-0.99184865641953));
#2620=DIRECTION('ref_axis',(0.661258267509653,0.745332698851252,0.0849509957165923));
#2621=DIRECTION('center_axis',(-0.127421516074691,0.,0.99184865641953));
#2622=DIRECTION('ref_axis',(0.99184865641953,0.,0.127421516074691));
#2623=DIRECTION('center_axis',(0.127421516074691,0.,-0.99184865641953));
#2624=DIRECTION('ref_axis',(-0.665865799650452,-0.741151230042038,-0.0855429194208224));
#2625=DIRECTION('center_axis',(-0.127421516074691,0.,0.99184865641953));
#2626=DIRECTION('ref_axis',(-0.665865799650452,-0.741151230042038,-0.0855429194208224));
#2627=DIRECTION('center_axis',(0.991848656419654,0.,0.127421516073726));
#2628=DIRECTION('ref_axis',(-0.127421516073726,0.,0.991848656419654));
#2629=DIRECTION('',(0.,-1.,0.));
#2630=DIRECTION('',(-0.127421516073726,0.,0.991848656419654));
#2631=DIRECTION('',(0.,-1.,0.));
#2632=DIRECTION('',(-0.127421516073726,0.,0.991848656419654));
#2633=DIRECTION('center_axis',(-0.127421516074691,0.,0.99184865641953));
#2634=DIRECTION('ref_axis',(-0.99184865641953,0.,-0.127421516074691));
#2635=DIRECTION('',(-0.99184865641953,0.,-0.127421516074691));
#2636=DIRECTION('',(0.,-1.,0.));
#2637=DIRECTION('',(-0.99184865641953,0.,-0.127421516074691));
#2638=DIRECTION('center_axis',(0.99184865641953,0.,0.127421516074691));
#2639=DIRECTION('ref_axis',(-0.0901006180854825,0.707106781186546,0.701342910865018));
#2640=DIRECTION('',(0.99184865641953,0.,0.127421516074691));
#2641=DIRECTION('center_axis',(-0.991848656419531,0.,-0.127421516074688));
#2642=DIRECTION('ref_axis',(-0.127421516074688,0.,0.991848656419531));
#2643=DIRECTION('',(-0.99184865641953,0.,-0.127421516074691));
#2644=DIRECTION('center_axis',(-0.11831004349943,0.992860372759295,-0.0151991385096792));
#2645=DIRECTION('ref_axis',(-0.127421516074688,0.,0.991848656419531));
#2646=DIRECTION('center_axis',(-0.127421516074691,0.,0.99184865641953));
#2647=DIRECTION('ref_axis',(0.99184865641953,0.,0.127421516074691));
#2648=DIRECTION('',(0.,1.,0.));
#2649=DIRECTION('',(-0.99184865641953,0.,-0.127421516074691));
#2650=DIRECTION('center_axis',(-0.99184865641953,0.,-0.127421516074691));
#2651=DIRECTION('ref_axis',(0.0901006180854749,0.707106781186548,-0.701342910865016));
#2652=DIRECTION('center_axis',(-0.991848656419531,-3.53665752446908E-16,
-0.127421516074688));
#2653=DIRECTION('ref_axis',(0.,1.,-2.77555756156289E-15));
#2654=DIRECTION('',(-0.99184865641953,0.,-0.127421516074691));
#2655=DIRECTION('',(0.99184865641953,0.,0.127421516074691));
#2656=DIRECTION('center_axis',(-0.114090846376992,0.993362193806468,-0.0146571037037848));
#2657=DIRECTION('ref_axis',(0.918740785839447,0.111111111111112,0.378905911042266));
#2658=DIRECTION('center_axis',(-0.991848656419529,-2.38500399975037E-10,
-0.127421516074699));
#2659=DIRECTION('ref_axis',(-2.31592522936808E-10,1.,-6.90281165560691E-11));
#2660=DIRECTION('center_axis',(0.99184865641953,0.,0.127421516074691));
#2661=DIRECTION('ref_axis',(0.090100618085483,0.70710678118655,-0.701342910865014));
#2662=DIRECTION('center_axis',(0.99184865641953,0.,0.12742151607469));
#2663=DIRECTION('ref_axis',(0.090100618085483,0.70710678118655,-0.701342910865014));
#2664=DIRECTION('',(-0.99184865641953,0.,-0.127421516074691));
#2665=DIRECTION('',(0.99184865641953,0.,0.127421516074691));
#2666=DIRECTION('center_axis',(0.,1.,0.));
#2667=DIRECTION('ref_axis',(1.,0.,0.));
#2668=DIRECTION('center_axis',(0.,1.,0.));
#2669=DIRECTION('ref_axis',(0.903270725406441,0.,0.429071085746549));
#2670=DIRECTION('center_axis',(0.,-1.,0.));
#2671=DIRECTION('ref_axis',(1.,0.,0.));
#2672=DIRECTION('',(-0.99184865641953,0.,-0.127421516074691));
#2673=DIRECTION('',(-0.127421516074691,0.,0.99184865641953));
#2674=DIRECTION('',(0.99184865641953,0.,0.127421516074691));
#2675=DIRECTION('',(-0.127421516074691,0.,0.99184865641953));
#2676=DIRECTION('center_axis',(0.,-1.,0.));
#2677=DIRECTION('ref_axis',(1.,0.,0.));
#2678=DIRECTION('',(-0.127421516074691,0.,0.99184865641953));
#2679=DIRECTION('',(0.127421516074691,0.,-0.99184865641953));
#2680=DIRECTION('',(0.99184865641953,0.,0.127421516074691));
#2681=DIRECTION('',(0.12742151607469,0.,-0.99184865641953));
#2682=DIRECTION('center_axis',(0.,-1.,0.));
#2683=DIRECTION('ref_axis',(0.,0.,-1.));
#2684=DIRECTION('center_axis',(0.,1.,0.));
#2685=DIRECTION('ref_axis',(0.903270725406441,0.,0.429071085746549));
#2686=DIRECTION('center_axis',(0.,1.,0.));
#2687=DIRECTION('ref_axis',(0.,0.,1.));
#2688=DIRECTION('center_axis',(0.,-1.,0.));
#2689=DIRECTION('ref_axis',(0.903270725406441,0.,0.429071085746549));
#2690=DIRECTION('center_axis',(0.,1.,0.));
#2691=DIRECTION('ref_axis',(1.,0.,0.));
#2692=DIRECTION('center_axis',(0.,1.,0.));
#2693=DIRECTION('ref_axis',(1.,0.,0.));
#2694=DIRECTION('',(-1.,0.,0.));
#2695=DIRECTION('',(0.127421516074691,0.,-0.99184865641953));
#2696=DIRECTION('center_axis',(0.,1.,0.));
#2697=DIRECTION('ref_axis',(1.,0.,0.));
#2698=DIRECTION('',(-0.99184865641953,0.,-0.127421516074691));
#2699=DIRECTION('center_axis',(0.,-1.,0.));
#2700=DIRECTION('ref_axis',(0.982393741363065,0.,-0.186822206738598));
#2701=DIRECTION('',(0.99184865641953,0.,0.127421516074691));
#2702=DIRECTION('',(-0.822234448594995,0.,0.569148936170213));
#2703=DIRECTION('center_axis',(0.,-1.,0.));
#2704=DIRECTION('ref_axis',(1.,0.,0.));
#2705=DIRECTION('center_axis',(0.99184865641953,0.,0.127421516074691));
#2706=DIRECTION('ref_axis',(-0.0901006180854905,0.707106781186547,0.701342910865015));
#2707=DIRECTION('center_axis',(-0.991848656419531,-1.76832876223454E-16,
-0.127421516074688));
#2708=DIRECTION('ref_axis',(-0.127421516074688,0.,0.991848656419531));
#2709=DIRECTION('',(0.99184865641953,0.,0.127421516074691));
#2710=DIRECTION('center_axis',(-0.114090846377017,0.993362193806465,-0.0146571037037948));
#2711=DIRECTION('ref_axis',(-0.127421516074699,5.55111512312577E-15,0.991848656419529));
#2712=DIRECTION('center_axis',(-0.991848656419529,-4.22397612538587E-10,
-0.1274215160747));
#2713=DIRECTION('ref_axis',(-0.1274215160747,0.,0.991848656419529));
#2714=DIRECTION('center_axis',(0.99184865641953,0.,0.127421516074691));
#2715=DIRECTION('ref_axis',(-0.0901006180854828,0.707106781186548,0.701342910865016));
#2716=DIRECTION('center_axis',(0.991848656419361,0.,0.127421516076008));
#2717=DIRECTION('ref_axis',(-0.0901006180854828,0.707106781186548,0.701342910865016));
#2718=DIRECTION('',(-0.99184865641953,0.,-0.127421516074691));
#2719=DIRECTION('',(0.99184865641953,0.,0.127421516074691));
#2720=DIRECTION('center_axis',(-0.127421516074691,0.,0.99184865641953));
#2721=DIRECTION('ref_axis',(0.99184865641953,0.,0.127421516074691));
#2722=DIRECTION('',(0.,-1.,0.));
#2723=DIRECTION('',(0.,1.,0.));
#2724=DIRECTION('',(-0.99184865641953,0.,-0.127421516074691));
#2725=DIRECTION('',(0.,-1.,0.));
#2726=DIRECTION('',(-0.99184865641953,0.,-0.127421516074691));
#2727=DIRECTION('',(0.,-1.,0.));
#2728=DIRECTION('center_axis',(-0.127421516074691,0.,0.99184865641953));
#2729=DIRECTION('ref_axis',(-0.0123981082048363,-0.999921871948009,-0.00159276895088125));
#2730=DIRECTION('center_axis',(0.118310043499464,-0.992860372759291,0.0151991385096793));
#2731=DIRECTION('ref_axis',(0.127421516074699,5.55111512312576E-15,-0.991848656419529));
#2732=DIRECTION('center_axis',(0.991848656419531,-3.53665752446908E-16,
0.127421516074688));
#2733=DIRECTION('ref_axis',(0.127421516074688,1.11022302462516E-14,-0.991848656419531));
#2734=DIRECTION('center_axis',(-0.99184865641953,0.,-0.127421516074691));
#2735=DIRECTION('ref_axis',(0.0901006180854903,0.707106781186545,-0.701342910865017));
#2736=DIRECTION('center_axis',(0.569148936170213,0.,0.822234448594995));
#2737=DIRECTION('ref_axis',(0.822234448594995,-2.3220313437733E-16,-0.569148936170213));
#2738=DIRECTION('',(-0.99184865641953,0.,-0.127421516074691));
#2739=DIRECTION('center_axis',(-0.569148936170213,0.,-0.822234448594995));
#2740=DIRECTION('ref_axis',(-0.822234448594995,0.,0.569148936170213));
#2741=DIRECTION('',(0.,1.,0.));
#2742=DIRECTION('',(0.822234448594995,0.,-0.569148936170213));
#2743=DIRECTION('',(0.,1.,0.));
#2744=DIRECTION('center_axis',(0.127421516074691,0.,-0.99184865641953));
#2745=DIRECTION('ref_axis',(-0.99184865641953,0.,-0.127421516074691));
#2746=DIRECTION('',(0.99184865641953,0.,0.127421516074691));
#2747=DIRECTION('center_axis',(0.127421516074691,0.,-0.99184865641953));
#2748=DIRECTION('ref_axis',(-0.99184865641953,0.,-0.127421516074691));
#2749=DIRECTION('center_axis',(0.110136525199136,-0.993815751971349,0.0141490971684463));
#2750=DIRECTION('ref_axis',(0.985714818321349,0.11104166395377,0.126633509815088));
#2751=DIRECTION('center_axis',(-0.127421516074691,0.,0.99184865641953));
#2752=DIRECTION('ref_axis',(-0.706254830186014,-0.702119564782129,-0.0907316460176872));
#2753=DIRECTION('center_axis',(0.127421516074691,0.,-0.99184865641953));
#2754=DIRECTION('ref_axis',(-0.706254830186014,-0.702119564782129,-0.0907316460176872));
#2755=DIRECTION('center_axis',(0.127421516074691,0.,-0.99184865641953));
#2756=DIRECTION('ref_axis',(-0.99184865641953,0.,-0.127421516074691));
#2757=DIRECTION('center_axis',(0.99184865641953,-2.67654005692716E-15,0.127421516074689));
#2758=DIRECTION('ref_axis',(5.55111512312578E-15,1.,-2.22044604925031E-14));
#2759=DIRECTION('center_axis',(0.127421516074691,0.,-0.99184865641953));
#2760=DIRECTION('ref_axis',(0.661258267509653,0.745332698851253,0.0849509957165926));
#2761=DIRECTION('center_axis',(-0.127421516074691,0.,0.99184865641953));
#2762=DIRECTION('ref_axis',(0.661258267509653,0.745332698851253,0.0849509957165926));
#2763=DIRECTION('center_axis',(0.99184865641953,0.,0.127421516074691));
#2764=DIRECTION('ref_axis',(-0.0901006180854845,0.70710678118655,0.701342910865014));
#2765=DIRECTION('center_axis',(0.99184865641953,0.,0.12742151607469));
#2766=DIRECTION('ref_axis',(0.,1.,0.));
#2767=DIRECTION('',(0.99184865641953,0.,0.127421516074691));
#2768=DIRECTION('',(-0.99184865641953,0.,-0.127421516074691));
#2769=DIRECTION('center_axis',(0.127421516074691,0.,-0.99184865641953));
#2770=DIRECTION('ref_axis',(-0.99184865641953,0.,-0.127421516074691));
#2771=DIRECTION('center_axis',(0.,1.,0.));
#2772=DIRECTION('ref_axis',(-0.991848656419531,0.,-0.127421516074688));
#2773=DIRECTION('center_axis',(0.127421516074691,0.,-0.99184865641953));
#2774=DIRECTION('ref_axis',(-0.701342910865015,0.707106781186548,-0.0901006180854847));
#2775=DIRECTION('center_axis',(-0.127421516074691,0.,0.99184865641953));
#2776=DIRECTION('ref_axis',(-0.701342910865015,0.707106781186548,-0.0901006180854847));
#2777=DIRECTION('center_axis',(0.,1.,0.));
#2778=DIRECTION('ref_axis',(-0.791443528950497,0.,0.611242292779536));
#2779=DIRECTION('',(0.,1.,0.));
#2780=DIRECTION('',(0.,-1.,0.));
#2781=DIRECTION('center_axis',(-0.99184865641953,0.,-0.127421516074691));
#2782=DIRECTION('ref_axis',(-0.127421516074691,0.,0.99184865641953));
#2783=DIRECTION('',(-0.127421516074691,0.,0.99184865641953));
#2784=DIRECTION('',(0.,1.,0.));
#2785=DIRECTION('center_axis',(-0.127421516074691,0.,0.99184865641953));
#2786=DIRECTION('ref_axis',(-0.701342910865016,0.707106781186548,-0.0901006180854843));
#2787=DIRECTION('',(0.127421516074691,0.,-0.99184865641953));
#2788=DIRECTION('center_axis',(0.127421516074691,0.,-0.99184865641953));
#2789=DIRECTION('ref_axis',(-0.701342910865015,0.707106781186548,-0.0901006180854846));
#2790=DIRECTION('center_axis',(0.,1.,0.));
#2791=DIRECTION('ref_axis',(0.,0.,1.));
#2792=DIRECTION('',(-0.127421516074691,0.,0.99184865641953));
#2793=DIRECTION('',(0.99184865641953,0.,0.127421516074691));
#2794=DIRECTION('center_axis',(0.127421516074691,0.,-0.99184865641953));
#2795=DIRECTION('ref_axis',(0.,-1.,0.));
#2796=DIRECTION('',(0.127421516074691,0.,-0.99184865641953));
#2797=DIRECTION('center_axis',(0.127421516074691,0.,-0.99184865641953));
#2798=DIRECTION('ref_axis',(0.661258267509652,0.745332698851253,0.0849509957165924));
#2799=DIRECTION('center_axis',(0.127421516074691,0.,-0.99184865641953));
#2800=DIRECTION('ref_axis',(-0.0123981082048363,-0.999921871948009,-0.00159276895088125));
#2801=DIRECTION('',(-0.127421516074691,0.,0.99184865641953));
#2802=DIRECTION('',(0.127421516073725,0.,-0.991848656419654));
#2803=DIRECTION('center_axis',(-0.127421516074691,0.,0.99184865641953));
#2804=DIRECTION('ref_axis',(-0.665865799650451,-0.74115123004204,-0.0855429194208225));
#2805=DIRECTION('center_axis',(0.,1.,0.));
#2806=DIRECTION('ref_axis',(-0.611242292779539,0.,-0.791443528950494));
#2807=DIRECTION('center_axis',(0.,-1.,0.));
#2808=DIRECTION('ref_axis',(-0.991848656419531,0.,-0.127421516074688));
#2809=DIRECTION('',(0.,-1.,0.));
#2810=DIRECTION('center_axis',(0.,-1.,0.));
#2811=DIRECTION('ref_axis',(-0.611242292779539,0.,-0.791443528950494));
#2812=DIRECTION('center_axis',(-0.127421516074691,0.,0.99184865641953));
#2813=DIRECTION('ref_axis',(0.99184865641953,0.,0.127421516074691));
#2814=DIRECTION('center_axis',(-0.99184865641953,0.,-0.127421516074692));
#2815=DIRECTION('ref_axis',(0.,1.,0.));
#2816=DIRECTION('center_axis',(-0.127421516074691,0.,0.99184865641953));
#2817=DIRECTION('ref_axis',(-0.701342910865015,0.707106781186548,-0.0901006180854846));
#2818=DIRECTION('center_axis',(-0.99184865641953,0.,-0.127421516074691));
#2819=DIRECTION('ref_axis',(0.0901006180854845,0.70710678118655,-0.701342910865014));
#2820=DIRECTION('center_axis',(-0.99184865641953,-1.41466300978764E-15,
-0.127421516074689));
#2821=DIRECTION('ref_axis',(0.,1.,-1.11022302462516E-14));
#2822=DIRECTION('',(-0.99184865641953,0.,-0.127421516074691));
#2823=DIRECTION('center_axis',(-0.127421516074691,0.,0.99184865641953));
#2824=DIRECTION('ref_axis',(0.99184865641953,0.,0.127421516074691));
#2825=DIRECTION('center_axis',(-0.110136525199147,0.993815751971348,-0.014149097168448));
#2826=DIRECTION('ref_axis',(0.985714818321346,0.111041663953781,0.126633509815099));
#2827=DIRECTION('center_axis',(-0.127421516074691,0.,0.99184865641953));
#2828=DIRECTION('ref_axis',(0.661258267509652,0.745332698851253,0.0849509957165924));
#2829=DIRECTION('center_axis',(-0.127421516074691,0.,0.99184865641953));
#2830=DIRECTION('ref_axis',(0.99184865641953,0.,0.127421516074691));
#2831=DIRECTION('center_axis',(0.127421516074691,0.,-0.99184865641953));
#2832=DIRECTION('ref_axis',(-0.665865799650451,-0.74115123004204,-0.0855429194208224));
#2833=DIRECTION('center_axis',(0.127421516074691,0.,-0.99184865641953));
#2834=DIRECTION('ref_axis',(0.99184865641953,0.,0.127421516074691));
#2835=DIRECTION('',(0.,-1.,0.));
#2836=DIRECTION('center_axis',(0.127421516074691,0.,-0.99184865641953));
#2837=DIRECTION('ref_axis',(-0.0123981082052441,-0.999921871948004,-0.0015927689509336));
#2838=DIRECTION('',(0.99184865641953,0.,0.127421516074691));
#2839=DIRECTION('',(0.,-1.,0.));
#2840=DIRECTION('',(0.99184865641953,0.,0.127421516074691));
#2841=DIRECTION('',(0.,1.,0.));
#2842=DIRECTION('center_axis',(0.,1.,0.));
#2843=DIRECTION('ref_axis',(0.,0.,1.));
#2844=DIRECTION('center_axis',(0.,1.,0.));
#2845=DIRECTION('ref_axis',(0.982393741363065,0.,-0.186822206738598));
#2846=DIRECTION('center_axis',(0.,-1.,0.));
#2847=DIRECTION('ref_axis',(0.,0.,-1.));
#2848=DIRECTION('center_axis',(0.,1.,0.));
#2849=DIRECTION('ref_axis',(0.982393741363065,0.,-0.186822206738597));
#2850=DIRECTION('center_axis',(0.,1.,0.));
#2851=DIRECTION('ref_axis',(0.,0.,1.));
#2852=DIRECTION('center_axis',(0.,-1.,0.));
#2853=DIRECTION('ref_axis',(-0.323610139439826,0.,-0.946190508117544));
#2854=DIRECTION('center_axis',(0.,1.,0.));
#2855=DIRECTION('ref_axis',(-0.323610139439826,0.,-0.946190508117544));
#2856=DIRECTION('center_axis',(-0.991848656419406,0.,-0.127421516075657));
#2857=DIRECTION('ref_axis',(0.127421516075657,0.,-0.991848656419406));
#2858=DIRECTION('',(0.,1.,0.));
#2859=DIRECTION('',(0.127421516075657,0.,-0.991848656419406));
#2860=DIRECTION('',(0.,-1.,0.));
#2861=DIRECTION('',(0.127421516075657,0.,-0.991848656419406));
#2862=DIRECTION('',(0.,-1.,0.));
#2863=DIRECTION('',(0.127421516073725,0.,-0.991848656419654));
#2864=DIRECTION('',(0.,1.,0.));
#2865=DIRECTION('',(-0.127421516073725,0.,0.991848656419654));
#2866=DIRECTION('center_axis',(0.,1.,0.));
#2867=DIRECTION('ref_axis',(1.,0.,0.));
#2868=DIRECTION('',(0.,1.,0.));
#2869=DIRECTION('center_axis',(0.,-1.,0.));
#2870=DIRECTION('ref_axis',(-0.323610139439826,0.,-0.946190508117544));
#2871=DIRECTION('center_axis',(0.,1.,0.));
#2872=DIRECTION('ref_axis',(0.,0.,1.));
#2873=DIRECTION('center_axis',(0.,-1.,0.));
#2874=DIRECTION('ref_axis',(-0.552266238002077,0.,0.833667800963329));
#2875=DIRECTION('center_axis',(0.,1.,0.));
#2876=DIRECTION('ref_axis',(-0.552266238002077,0.,0.833667800963329));
#2877=DIRECTION('center_axis',(-0.991848656419654,0.,-0.127421516073725));
#2878=DIRECTION('ref_axis',(0.127421516073725,0.,-0.991848656419654));
#2879=DIRECTION('',(-0.127421516075656,0.,0.991848656419406));
#2880=DIRECTION('',(0.,1.,0.));
#2881=DIRECTION('',(0.127421516075656,0.,-0.991848656419406));
#2882=DIRECTION('',(0.,-1.,0.));
#2883=DIRECTION('',(0.127421516073725,0.,-0.991848656419654));
#2884=DIRECTION('',(0.127421516073725,0.,-0.991848656419654));
#2885=DIRECTION('',(0.,1.,0.));
#2886=DIRECTION('center_axis',(0.,1.,0.));
#2887=DIRECTION('ref_axis',(1.,0.,0.));
#2888=DIRECTION('center_axis',(0.,1.,0.));
#2889=DIRECTION('ref_axis',(1.,0.,0.));
#2890=DIRECTION('',(-0.127421516074691,0.,0.99184865641953));
#2891=DIRECTION('center_axis',(0.,1.,0.));
#2892=DIRECTION('ref_axis',(1.,0.,0.));
#2893=DIRECTION('',(0.127421516074691,0.,-0.99184865641953));
#2894=DIRECTION('',(0.99184865641953,0.,0.127421516074691));
#2895=DIRECTION('center_axis',(0.,-1.,0.));
#2896=DIRECTION('ref_axis',(1.,0.,0.));
#2897=DIRECTION('',(0.99184865641953,0.,0.127421516074691));
#2898=DIRECTION('center_axis',(0.,-1.,0.));
#2899=DIRECTION('ref_axis',(1.,0.,0.));
#2900=DIRECTION('center_axis',(0.,-1.,0.));
#2901=DIRECTION('ref_axis',(1.,0.,0.));
#2902=DIRECTION('',(-0.99184865641953,0.,-0.127421516074691));
#2903=DIRECTION('',(0.127421516073374,0.,-0.991848656419699));
#2904=DIRECTION('center_axis',(-0.127421516074691,0.,0.99184865641953));
#2905=DIRECTION('ref_axis',(-0.701342910865015,0.707106781186548,-0.0901006180854843));
#2906=DIRECTION('',(-0.127421516074691,0.,0.99184865641953));
#2907=DIRECTION('',(0.127421516074691,0.,-0.99184865641953));
#2908=DIRECTION('center_axis',(0.,1.,0.));
#2909=DIRECTION('ref_axis',(0.,0.,1.));
#2910=DIRECTION('',(-0.127421516074691,0.,0.99184865641953));
#2911=DIRECTION('center_axis',(-0.127421516074691,0.,0.99184865641953));
#2912=DIRECTION('ref_axis',(0.99184865641953,0.,0.127421516074691));
#2913=DIRECTION('',(0.,1.,0.));
#2914=DIRECTION('',(-0.99184865641953,0.,-0.127421516074691));
#2915=DIRECTION('',(0.,-1.,0.));
#2916=DIRECTION('',(-0.99184865641953,0.,-0.127421516074691));
#2917=DIRECTION('',(0.,-1.,0.));
#2918=DIRECTION('center_axis',(0.127421516074691,0.,-0.99184865641953));
#2919=DIRECTION('ref_axis',(0.99184865641953,0.,0.127421516074691));
#2920=DIRECTION('center_axis',(0.,-1.,0.));
#2921=DIRECTION('ref_axis',(0.,0.,-1.));
#2922=DIRECTION('center_axis',(0.,1.,0.));
#2923=DIRECTION('ref_axis',(0.,0.,-1.));
#2924=DIRECTION('center_axis',(0.,-1.,0.));
#2925=DIRECTION('ref_axis',(-0.552266238002077,0.,0.833667800963329));
#2926=DIRECTION('center_axis',(0.,1.,0.));
#2927=DIRECTION('ref_axis',(1.,0.,0.));
#2928=DIRECTION('',(0.,1.,0.));
#2929=DIRECTION('center_axis',(0.,-1.,0.));
#2930=DIRECTION('ref_axis',(0.,0.,-1.));
#2931=DIRECTION('center_axis',(0.,1.,0.));
#2932=DIRECTION('ref_axis',(0.,0.,-1.));
#2933=DIRECTION('center_axis',(0.,1.,0.));
#2934=DIRECTION('ref_axis',(1.,0.,0.));
#2935=DIRECTION('',(-0.99184865641953,0.,-0.127421516074691));
#2936=DIRECTION('center_axis',(0.,1.,0.));
#2937=DIRECTION('ref_axis',(1.,0.,0.));
#2938=DIRECTION('',(0.127421516076008,0.,-0.991848656419361));
#2939=DIRECTION('',(-0.99184865641953,0.,-0.127421516074691));
#2940=DIRECTION('',(0.917019994747437,0.,-0.398841233115899));
#2941=DIRECTION('',(0.127421516076008,0.,-0.991848656419361));
#2942=DIRECTION('',(-0.99184865641953,0.,-0.127421516074691));
#2943=DIRECTION('',(0.127421516074691,0.,-0.99184865641953));
#2944=DIRECTION('',(-0.127421516073374,0.,0.991848656419699));
#2945=DIRECTION('center_axis',(0.,-1.,0.));
#2946=DIRECTION('ref_axis',(1.,0.,0.));
#2947=DIRECTION('',(-0.127421516074691,0.,0.99184865641953));
#2948=DIRECTION('',(-0.99184865641953,0.,-0.127421516074691));
#2949=DIRECTION('',(-0.127421516073374,0.,0.991848656419699));
#2950=DIRECTION('',(0.99184865641953,0.,0.127421516074691));
#2951=DIRECTION('center_axis',(0.,-1.,0.));
#2952=DIRECTION('ref_axis',(1.,0.,0.));
#2953=DIRECTION('',(0.99184865641953,0.,0.127421516074691));
#2954=DIRECTION('',(-0.822525699874118,0.,0.568727942909957));
#2955=DIRECTION('center_axis',(0.,-1.,0.));
#2956=DIRECTION('ref_axis',(1.,0.,0.));
#2957=DIRECTION('center_axis',(0.127421516074691,0.,-0.99184865641953));
#2958=DIRECTION('ref_axis',(-0.99184865641953,0.,-0.127421516074691));
#2959=DIRECTION('',(0.,1.,0.));
#2960=DIRECTION('',(0.,1.,0.));
#2961=DIRECTION('center_axis',(0.,1.,0.));
#2962=DIRECTION('ref_axis',(1.,0.,0.));
#2963=DIRECTION('center_axis',(0.,1.,0.));
#2964=DIRECTION('ref_axis',(1.,0.,0.));
#2965=DIRECTION('',(0.,1.,0.));
#2966=DIRECTION('',(0.,1.,0.));
#2967=DIRECTION('center_axis',(-0.127421516074691,0.,0.99184865641953));
#2968=DIRECTION('ref_axis',(0.99184865641953,0.,0.127421516074691));
#2969=DIRECTION('',(0.99184865641953,0.,0.127421516074691));
#2970=DIRECTION('',(0.,1.,0.));
#2971=DIRECTION('center_axis',(-0.127421516074691,0.,0.99184865641953));
#2972=DIRECTION('ref_axis',(0.99184865641953,0.,0.127421516074691));
#2973=DIRECTION('',(0.,1.,0.));
#2974=DIRECTION('',(0.,1.,0.));
#2975=DIRECTION('center_axis',(0.,1.,0.));
#2976=DIRECTION('ref_axis',(1.,0.,0.));
#2977=DIRECTION('center_axis',(0.,-1.,0.));
#2978=DIRECTION('ref_axis',(1.,0.,0.));
#2979=DIRECTION('',(0.,1.,0.));
#2980=DIRECTION('center_axis',(-0.99184865641953,0.,-0.127421516074691));
#2981=DIRECTION('ref_axis',(-0.127421516074691,0.,0.99184865641953));
#2982=DIRECTION('',(0.127421516074691,0.,-0.99184865641953));
#2983=DIRECTION('',(0.,1.,0.));
#2984=DIRECTION('center_axis',(0.,1.,0.));
#2985=DIRECTION('ref_axis',(1.,0.,0.));
#2986=DIRECTION('center_axis',(0.,-1.,0.));
#2987=DIRECTION('ref_axis',(1.,0.,0.));
#2988=DIRECTION('center_axis',(0.,1.,0.));
#2989=DIRECTION('ref_axis',(1.,0.,0.));
#2990=DIRECTION('center_axis',(0.,-1.,0.));
#2991=DIRECTION('ref_axis',(1.,0.,0.));
#2992=DIRECTION('center_axis',(0.,1.,0.));
#2993=DIRECTION('ref_axis',(1.,0.,0.));
#2994=DIRECTION('center_axis',(0.,1.,0.));
#2995=DIRECTION('ref_axis',(1.,0.,0.));
#2996=DIRECTION('center_axis',(0.,1.,0.));
#2997=DIRECTION('ref_axis',(1.,0.,0.));
#2998=DIRECTION('center_axis',(6.66133814775094E-17,0.,1.));
#2999=DIRECTION('ref_axis',(1.,0.,0.));
#3000=DIRECTION('center_axis',(0.,-1.,0.));
#3001=DIRECTION('ref_axis',(-1.,0.,0.));
#3002=DIRECTION('center_axis',(0.,0.,1.));
#3003=DIRECTION('ref_axis',(1.,0.,0.));
#3004=DIRECTION('center_axis',(0.,-1.,0.));
#3005=DIRECTION('ref_axis',(-1.,0.,0.));
#3006=DIRECTION('center_axis',(0.,1.,0.));
#3007=DIRECTION('ref_axis',(1.,0.,0.));
#3008=DIRECTION('center_axis',(0.,1.,0.));
#3009=DIRECTION('ref_axis',(1.,0.,0.));
#3010=DIRECTION('',(0.976968855959131,0.,0.213381945079493));
#3011=DIRECTION('',(-0.917019994747437,0.,0.3988412331159));
#3012=DIRECTION('center_axis',(0.,-1.,0.));
#3013=DIRECTION('ref_axis',(1.,0.,0.));
#3014=DIRECTION('center_axis',(0.127421516074691,0.,-0.99184865641953));
#3015=DIRECTION('ref_axis',(-0.99184865641953,0.,-0.127421516074691));
#3016=DIRECTION('',(0.,1.,0.));
#3017=DIRECTION('',(-0.99184865641953,0.,-0.127421516074691));
#3018=DIRECTION('',(0.,1.,0.));
#3019=DIRECTION('center_axis',(0.568727942909957,0.,0.822525699874118));
#3020=DIRECTION('ref_axis',(0.822525699874118,0.,-0.568727942909957));
#3021=DIRECTION('',(0.822525699874118,0.,-0.568727942909957));
#3022=DIRECTION('',(0.,1.,0.));
#3023=DIRECTION('center_axis',(0.,1.,0.));
#3024=DIRECTION('ref_axis',(1.,0.,0.));
#3025=DIRECTION('center_axis',(0.,-1.,0.));
#3026=DIRECTION('ref_axis',(1.,0.,0.));
#3027=DIRECTION('center_axis',(0.,1.,0.));
#3028=DIRECTION('ref_axis',(1.,0.,0.));
#3029=DIRECTION('center_axis',(0.,-1.,0.));
#3030=DIRECTION('ref_axis',(1.,0.,0.));
#3031=DIRECTION('',(0.,1.,0.));
#3032=DIRECTION('center_axis',(0.,1.,0.));
#3033=DIRECTION('ref_axis',(1.,0.,0.));
#3034=DIRECTION('center_axis',(0.,-1.,0.));
#3035=DIRECTION('ref_axis',(1.,0.,0.));
#3036=DIRECTION('',(-0.127421516074691,0.,0.99184865641953));
#3037=DIRECTION('',(-0.917019994747437,0.,0.398841233115899));
#3038=DIRECTION('center_axis',(0.,-1.,0.));
#3039=DIRECTION('ref_axis',(1.,0.,0.));
#3040=DIRECTION('center_axis',(0.,1.,0.));
#3041=DIRECTION('ref_axis',(1.,0.,0.));
#3042=DIRECTION('center_axis',(0.,-1.,0.));
#3043=DIRECTION('ref_axis',(1.,0.,0.));
#3044=DIRECTION('center_axis',(0.127421516074691,0.,-0.99184865641953));
#3045=DIRECTION('ref_axis',(0.99184865641953,0.,0.127421516074691));
#3046=DIRECTION('',(0.,-1.,0.));
#3047=DIRECTION('',(0.99184865641953,0.,0.127421516074691));
#3048=DIRECTION('center_axis',(0.127421516074691,0.,-0.99184865641953));
#3049=DIRECTION('ref_axis',(0.,-1.,0.));
#3050=DIRECTION('',(0.127421516074691,0.,-0.99184865641953));
#3051=DIRECTION('center_axis',(0.127421516074691,0.,-0.99184865641953));
#3052=DIRECTION('ref_axis',(-0.0123981082052441,-0.999921871948004,-0.0015927689509336));
#3053=DIRECTION('',(0.127421516074691,0.,-0.99184865641953));
#3054=DIRECTION('center_axis',(-0.99184865641953,0.,-0.127421516074691));
#3055=DIRECTION('ref_axis',(-0.127421516074691,0.,0.99184865641953));
#3056=DIRECTION('center_axis',(0.,-1.,0.));
#3057=DIRECTION('ref_axis',(-0.731068167708974,0.,-0.682304429241554));
#3058=DIRECTION('',(0.,-1.,0.));
#3059=DIRECTION('center_axis',(0.,1.,0.));
#3060=DIRECTION('ref_axis',(1.,0.,0.));
#3061=DIRECTION('',(0.,-1.,0.));
#3062=DIRECTION('center_axis',(0.,-1.,0.));
#3063=DIRECTION('ref_axis',(0.815443110606595,0.,0.578837225275155));
#3064=DIRECTION('center_axis',(0.,1.,0.));
#3065=DIRECTION('ref_axis',(1.,0.,0.));
#3066=DIRECTION('center_axis',(0.99184865641953,0.,0.127421516074691));
#3067=DIRECTION('ref_axis',(-0.127421516074691,0.,0.99184865641953));
#3068=DIRECTION('',(0.,-1.,0.));
#3069=DIRECTION('',(-0.127421516074691,0.,0.99184865641953));
#3070=DIRECTION('',(0.,-1.,0.));
#3071=DIRECTION('center_axis',(-0.127421516074691,0.,0.99184865641953));
#3072=DIRECTION('ref_axis',(-0.99184865641953,0.,-0.127421516074691));
#3073=DIRECTION('',(-0.99184865641953,0.,-0.127421516074691));
#3074=DIRECTION('',(0.,-1.,0.));
#3075=DIRECTION('center_axis',(-0.99184865641953,0.,-0.127421516074691));
#3076=DIRECTION('ref_axis',(0.127421516074691,0.,-0.99184865641953));
#3077=DIRECTION('',(0.127421516074691,0.,-0.99184865641953));
#3078=DIRECTION('',(0.,-1.,0.));
#3079=DIRECTION('center_axis',(0.,-1.,0.));
#3080=DIRECTION('ref_axis',(1.,0.,0.));
#3081=DIRECTION('center_axis',(0.,1.,0.));
#3082=DIRECTION('ref_axis',(1.,0.,0.));
#3083=DIRECTION('center_axis',(0.99184865641953,0.,0.127421516074691));
#3084=DIRECTION('ref_axis',(-0.127421516074691,0.,0.99184865641953));
#3085=DIRECTION('',(0.,-1.,0.));
#3086=DIRECTION('',(-0.127421516074691,0.,0.99184865641953));
#3087=DIRECTION('center_axis',(-0.991848656419361,0.,-0.127421516076008));
#3088=DIRECTION('ref_axis',(0.127421516076008,0.,-0.991848656419361));
#3089=DIRECTION('',(0.127421516076008,0.,-0.991848656419361));
#3090=DIRECTION('',(0.,-1.,0.));
#3091=DIRECTION('',(0.,-1.,0.));
#3092=DIRECTION('',(0.127421516073375,0.,-0.991848656419699));
#3093=DIRECTION('',(0.,-1.,0.));
#3094=DIRECTION('center_axis',(0.127421516074691,0.,-0.99184865641953));
#3095=DIRECTION('ref_axis',(0.99184865641953,0.,0.127421516074691));
#3096=DIRECTION('',(0.99184865641953,0.,0.127421516074691));
#3097=DIRECTION('center_axis',(-0.398841233115899,0.,-0.917019994747437));
#3098=DIRECTION('ref_axis',(0.917019994747437,0.,-0.398841233115899));
#3099=DIRECTION('',(0.,-1.,0.));
#3100=DIRECTION('',(0.917019994747437,0.,-0.398841233115899));
#3101=DIRECTION('',(0.,-1.,0.));
#3102=DIRECTION('center_axis',(0.,-1.,0.));
#3103=DIRECTION('ref_axis',(1.,0.,0.));
#3104=DIRECTION('center_axis',(0.,-1.,0.));
#3105=DIRECTION('ref_axis',(1.,0.,0.));
#3106=DIRECTION('',(0.,-1.,0.));
#3107=DIRECTION('',(0.,1.,0.));
#3108=DIRECTION('center_axis',(-0.99184865641953,0.,-0.127421516074691));
#3109=DIRECTION('ref_axis',(0.127421516074691,0.,-0.99184865641953));
#3110=DIRECTION('',(0.127421516074691,0.,-0.99184865641953));
#3111=DIRECTION('center_axis',(0.99184865641953,0.,0.127421516074691));
#3112=DIRECTION('ref_axis',(-0.127421516074691,0.,0.99184865641953));
#3113=DIRECTION('',(0.,1.,0.));
#3114=DIRECTION('',(-0.127421516074691,0.,0.99184865641953));
#3115=DIRECTION('',(0.,-1.,0.));
#3116=DIRECTION('center_axis',(0.,-1.,0.));
#3117=DIRECTION('ref_axis',(1.,0.,0.));
#3118=DIRECTION('center_axis',(0.,1.,0.));
#3119=DIRECTION('ref_axis',(1.,0.,0.));
#3120=DIRECTION('',(0.,-1.,0.));
#3121=DIRECTION('center_axis',(0.,0.,-1.));
#3122=DIRECTION('ref_axis',(1.,0.,0.));
#3123=DIRECTION('',(1.,0.,0.));
#3124=DIRECTION('center_axis',(0.,-1.,0.));
#3125=DIRECTION('ref_axis',(1.,0.,0.));
#3126=DIRECTION('',(0.,-1.,0.));
#3127=DIRECTION('center_axis',(0.,1.,0.));
#3128=DIRECTION('ref_axis',(1.,0.,0.));
#3129=DIRECTION('',(0.,-1.,0.));
#3130=DIRECTION('center_axis',(-0.99184865641953,0.,-0.127421516074691));
#3131=DIRECTION('ref_axis',(0.127421516074691,0.,-0.99184865641953));
#3132=DIRECTION('',(0.127421516074691,0.,-0.99184865641953));
#3133=DIRECTION('',(0.,-1.,0.));
#3134=DIRECTION('center_axis',(0.127421516074691,0.,-0.99184865641953));
#3135=DIRECTION('ref_axis',(0.99184865641953,0.,0.127421516074691));
#3136=DIRECTION('',(0.99184865641953,0.,0.127421516074691));
#3137=DIRECTION('',(0.,-1.,0.));
#3138=DIRECTION('center_axis',(0.991848656419699,0.,0.127421516073374));
#3139=DIRECTION('ref_axis',(-0.127421516073374,0.,0.991848656419699));
#3140=DIRECTION('',(-0.127421516073374,0.,0.991848656419699));
#3141=DIRECTION('center_axis',(-0.3988412331159,0.,-0.917019994747437));
#3142=DIRECTION('ref_axis',(0.917019994747437,0.,-0.3988412331159));
#3143=DIRECTION('',(0.,-1.,0.));
#3144=DIRECTION('',(0.917019994747437,0.,-0.3988412331159));
#3145=DIRECTION('',(0.,-1.,0.));
#3146=DIRECTION('center_axis',(0.,-1.,0.));
#3147=DIRECTION('ref_axis',(1.,0.,0.));
#3148=DIRECTION('center_axis',(0.,1.,0.));
#3149=DIRECTION('ref_axis',(1.,0.,0.));
#3150=DIRECTION('',(0.,-1.,0.));
#3151=DIRECTION('center_axis',(-0.213381945079493,0.,0.976968855959131));
#3152=DIRECTION('ref_axis',(-0.976968855959131,0.,-0.213381945079493));
#3153=DIRECTION('',(-0.976968855959131,0.,-0.213381945079493));
#3154=DIRECTION('center_axis',(0.127421516074691,0.,-0.99184865641953));
#3155=DIRECTION('ref_axis',(0.99184865641953,0.,0.127421516074691));
#3156=DIRECTION('',(0.99184865641953,0.,0.127421516074691));
#3157=DIRECTION('',(0.,-1.,0.));
#3158=DIRECTION('center_axis',(0.398841233115899,0.,0.917019994747437));
#3159=DIRECTION('ref_axis',(-0.917019994747437,0.,0.398841233115899));
#3160=DIRECTION('',(-0.917019994747437,0.,0.398841233115899));
#3161=DIRECTION('center_axis',(-0.99184865641953,0.,-0.12742151607469));
#3162=DIRECTION('ref_axis',(0.12742151607469,0.,-0.99184865641953));
#3163=DIRECTION('',(0.,-1.,0.));
#3164=DIRECTION('',(0.12742151607469,0.,-0.99184865641953));
#3165=DIRECTION('center_axis',(0.99184865641953,0.,0.127421516074691));
#3166=DIRECTION('ref_axis',(-0.127421516074691,0.,0.99184865641953));
#3167=DIRECTION('',(-0.127421516074691,0.,0.99184865641953));
#3168=DIRECTION('',(0.,-1.,0.));
#3169=DIRECTION('center_axis',(-0.127421516074691,0.,0.99184865641953));
#3170=DIRECTION('ref_axis',(-0.99184865641953,0.,-0.127421516074691));
#3171=DIRECTION('',(-0.99184865641953,0.,-0.127421516074691));
#3172=DIRECTION('center_axis',(0.991848656419654,0.,0.127421516073725));
#3173=DIRECTION('ref_axis',(-0.127421516073725,0.,0.991848656419654));
#3174=DIRECTION('',(-0.127421516073725,0.,0.991848656419654));
#3175=DIRECTION('center_axis',(0.,-1.,0.));
#3176=DIRECTION('ref_axis',(-0.99184865641953,0.,-0.127421516074691));
#3177=DIRECTION('center_axis',(0.,-1.,0.));
#3178=DIRECTION('ref_axis',(1.,0.,0.));
#3179=DIRECTION('center_axis',(0.,-1.,0.));
#3180=DIRECTION('ref_axis',(1.,0.,0.));
#3181=DIRECTION('center_axis',(0.,-1.,0.));
#3182=DIRECTION('ref_axis',(1.,0.,0.));
#3183=DIRECTION('center_axis',(0.,1.,0.));
#3184=DIRECTION('ref_axis',(1.,0.,0.));
#3185=CARTESIAN_POINT('',(0.,0.,0.));
#3186=CARTESIAN_POINT('Origin',(22.8657804419572,15.9987499511681,18.2120450466192));
#3187=CARTESIAN_POINT('',(6.92268468836633,14.1998749951168,15.9622124563307));
#3188=CARTESIAN_POINT('',(7.09434334881566,14.2220833279076,16.1859088895776));
#3189=CARTESIAN_POINT('Origin',(6.89720038515139,14.1998749951168,16.1605821876146));
#3190=CARTESIAN_POINT('',(20.8820831291247,0.124242084779689,17.9572020144706));
#3191=CARTESIAN_POINT('Origin',(22.8657804419572,15.9987499511681,18.2120450466192));
#3192=CARTESIAN_POINT('',(20.9075674323396,-0.0773192201196227,17.7588322831867));
#3193=CARTESIAN_POINT('Ctrl Pts',(20.9075674323396,-0.0773192201196204,
17.7588322831867));
#3194=CARTESIAN_POINT('Ctrl Pts',(20.9075674323396,-0.0523840665500764,
17.7588322831867));
#3195=CARTESIAN_POINT('Ctrl Pts',(20.9068276422629,-0.023030544953241,17.764590806678));
#3196=CARTESIAN_POINT('Ctrl Pts',(20.9044099422168,0.0229854415257599,17.7834101757781));
#3197=CARTESIAN_POINT('Ctrl Pts',(20.9023084077611,0.0478137928882815,17.7997685129772));
#3198=CARTESIAN_POINT('Ctrl Pts',(20.8978537062082,0.0829410585467895,17.8344438950168));
#3199=CARTESIAN_POINT('Ctrl Pts',(20.8947166013715,0.0994892000853073,17.8588631086095));
#3200=CARTESIAN_POINT('Ctrl Pts',(20.8889119394039,0.118445587075003,17.9040465780178));
#3201=CARTESIAN_POINT('Ctrl Pts',(20.8852203900263,0.124242084779689,17.9327815860691));
#3202=CARTESIAN_POINT('Ctrl Pts',(20.8820831291247,0.124242084779689,17.9572020144706));
#3203=CARTESIAN_POINT('Origin',(22.8912647451721,15.9987499511681,18.0136753153353));
#3204=CARTESIAN_POINT('Origin',(5.12291371217297,14.,15.9326418699474));
#3205=CARTESIAN_POINT('',(5.14839801538791,15.8,15.7342721386635));
#3206=CARTESIAN_POINT('',(5.12291371217297,16.,15.9326418699474));
#3207=CARTESIAN_POINT('Origin',(5.12291371217297,15.8,15.9326418699474));
#3208=CARTESIAN_POINT('Origin',(5.12291371217297,14.,15.9326418699474));
#3209=CARTESIAN_POINT('Origin',(5.14839801538791,14.,15.7342721386635));
#3210=CARTESIAN_POINT('Origin',(3.524731641778,15.8,15.7273254831629));
#3211=CARTESIAN_POINT('',(-5.87234629098772,15.8,14.3184513491701));
#3212=CARTESIAN_POINT('',(-5.89783059420266,16.,14.516821080454));
#3213=CARTESIAN_POINT('Origin',(-5.89783059420265,15.8,14.516821080454));
#3214=CARTESIAN_POINT('',(3.524731641778,16.,15.7273254831629));
#3215=CARTESIAN_POINT('',(3.55021594499294,15.8,15.528955751879));
#3216=CARTESIAN_POINT('Origin',(-5.89783059420266,15.,14.516821080454));
#3217=CARTESIAN_POINT('',(-6.66582521612334,15.,14.2165141363103));
#3218=CARTESIAN_POINT('',(-6.88967925062219,15.,14.3893995643793));
#3219=CARTESIAN_POINT('Origin',(-6.69130951933828,15.,14.4148838675942));
#3220=CARTESIAN_POINT('Origin',(-5.89783059420266,15.,14.516821080454));
#3221=CARTESIAN_POINT('Origin',(-5.87234629098772,15.,14.3184513491701));
#3222=CARTESIAN_POINT('Origin',(-6.69130951933828,0.,14.4148838675942));
#3223=CARTESIAN_POINT('',(-6.66582521612334,0.378442101044116,14.2165141363103));
#3224=CARTESIAN_POINT('',(-6.88967925062912,0.270604116268977,14.3893995644333));
#3225=CARTESIAN_POINT('Ctrl Pts',(-6.88967925062995,0.270604116286636,14.3893995644397));
#3226=CARTESIAN_POINT('Ctrl Pts',(-6.88854739773486,0.27387524964222,14.3805892252556));
#3227=CARTESIAN_POINT('Ctrl Pts',(-6.88683293730743,0.277238570664516,14.3718880303328));
#3228=CARTESIAN_POINT('Ctrl Pts',(-6.88136390572419,0.285493318686545,14.3513789692918));
#3229=CARTESIAN_POINT('Ctrl Pts',(-6.87707572522547,0.290440521394379,14.3397669572191));
#3230=CARTESIAN_POINT('Ctrl Pts',(-6.86644262423823,0.300485012310389,14.3175139996459));
#3231=CARTESIAN_POINT('Ctrl Pts',(-6.86010233338944,0.305572820343354,14.3068977879261));
#3232=CARTESIAN_POINT('Ctrl Pts',(-6.84332513940423,0.317290324487875,14.2839215785036));
#3233=CARTESIAN_POINT('Ctrl Pts',(-6.8322515759906,0.323897289832119,14.272061498859));
#3234=CARTESIAN_POINT('Ctrl Pts',(-6.7995964121775,0.340723520502755,14.244674617704));
#3235=CARTESIAN_POINT('Ctrl Pts',(-6.77592839411121,0.350532544646702,14.2316511518218));
#3236=CARTESIAN_POINT('Ctrl Pts',(-6.72599849033108,0.366567262080999,14.2163188096724));
#3237=CARTESIAN_POINT('Ctrl Pts',(-6.7004213043281,0.372872315445221,14.2134178963921));
#3238=CARTESIAN_POINT('Ctrl Pts',(-6.67166647002595,0.377570124951062,14.2158290975564));
#3239=CARTESIAN_POINT('Ctrl Pts',(-6.66874170280363,0.378020563662214,14.2161394590327));
#3240=CARTESIAN_POINT('Ctrl Pts',(-6.66582521612334,0.378442101044118,14.2165141363103));
#3241=CARTESIAN_POINT('',(-6.88967925062219,0.,14.3893995643793));
#3242=CARTESIAN_POINT('',(-6.66582521612334,0.,14.2165141363103));
#3243=CARTESIAN_POINT('Origin',(7.02168624245966,0.,15.9749310581402));
#3244=CARTESIAN_POINT('',(-6.86419494740725,0.349879470949509,14.1910298330954));
#3245=CARTESIAN_POINT('Ctrl Pts',(-6.66582521612334,0.378442101044116,14.2165141363103));
#3246=CARTESIAN_POINT('Ctrl Pts',(-6.73219596559188,0.368849136963372,14.2079875718334));
#3247=CARTESIAN_POINT('Ctrl Pts',(-6.79832829360955,0.359320318365861,14.1994916370524));
#3248=CARTESIAN_POINT('Ctrl Pts',(-6.86419494740725,0.34987947094951,14.1910298330954));
#3249=CARTESIAN_POINT('',(20.9075674323396,-2.,17.7588322831867));
#3250=CARTESIAN_POINT('',(20.9075674323396,0.,17.7588322831867));
#3251=CARTESIAN_POINT('',(7.02168624245966,-2.,15.9749310581402));
#3252=CARTESIAN_POINT('',(20.9075674323396,-2.,17.7588322831867));
#3253=CARTESIAN_POINT('',(7.02168624245966,0.,15.9749310581402));
#3254=CARTESIAN_POINT('',(7.02168624245966,0.,15.9749310581402));
#3255=CARTESIAN_POINT('',(-6.86419494740725,0.,14.1910298330954));
#3256=CARTESIAN_POINT('',(5.90975805229664,0.,15.8320830794292));
#3257=CARTESIAN_POINT('',(-6.86419494740725,0.,14.1910298330954));
#3258=CARTESIAN_POINT('',(-5.12845979867959,13.2,14.4140174862252));
#3259=CARTESIAN_POINT('Origin',(-3.88864897815517,13.2,14.5732943813186));
#3260=CARTESIAN_POINT('Origin',(-6.86969964184285,0.,15.8034719865816));
#3261=CARTESIAN_POINT('',(-6.89518394505779,0.,16.0018417178655));
#3262=CARTESIAN_POINT('',(-7.03656274308619,-3.41217732396746E-25,15.9137294373205));
#3263=CARTESIAN_POINT('Origin',(-6.86969964184285,0.,15.8034719865816));
#3264=CARTESIAN_POINT('',(-6.89518394505779,15.,16.0018417178655));
#3265=CARTESIAN_POINT('',(-6.89518394505779,0.,16.0018417178655));
#3266=CARTESIAN_POINT('',(-7.06806937312675,15.,15.7779876833666));
#3267=CARTESIAN_POINT('Origin',(-6.86969964184285,15.,15.8034719865816));
#3268=CARTESIAN_POINT('',(-7.06806937312673,0.00154606356297571,15.7779876833665));
#3269=CARTESIAN_POINT('',(-7.06806937312675,0.,15.7779876833666));
#3270=CARTESIAN_POINT('Ctrl Pts',(-7.03656274308619,0.,15.9137294373205));
#3271=CARTESIAN_POINT('Ctrl Pts',(-7.04331723936463,7.52886295479077E-12,
15.9035072147968));
#3272=CARTESIAN_POINT('Ctrl Pts',(-7.04913070366075,1.62667163420296E-5,
15.8926668605147));
#3273=CARTESIAN_POINT('Ctrl Pts',(-7.064295791012,0.000166613532178083,
15.8567893297102));
#3274=CARTESIAN_POINT('Ctrl Pts',(-7.06966051933335,0.000417534790548245,
15.830412887562));
#3275=CARTESIAN_POINT('Ctrl Pts',(-7.06971202366182,0.00111767989243946,
15.7951377217915));
#3276=CARTESIAN_POINT('Ctrl Pts',(-7.06916650933079,0.00131683137370872,
15.786527787922));
#3277=CARTESIAN_POINT('Ctrl Pts',(-7.06806937312673,0.00154606356297105,
15.7779876833665));
#3278=CARTESIAN_POINT('Origin',(-6.07622071670722,15.,15.9054091994413));
#3279=CARTESIAN_POINT('',(-6.10170501992216,15.8,16.1037789307252));
#3280=CARTESIAN_POINT('',(-6.07622071670722,16.,15.9054091994413));
#3281=CARTESIAN_POINT('Origin',(-6.07622071670722,15.8,15.9054091994413));
#3282=CARTESIAN_POINT('Origin',(-6.07622071670722,15.,15.9054091994413));
#3283=CARTESIAN_POINT('Origin',(-6.10170501992216,15.,16.1037789307252));
#3284=CARTESIAN_POINT('Origin',(11.181945904991,15.8,18.1225435791407));
#3285=CARTESIAN_POINT('',(4.91903928645346,15.8,17.5195997202186));
#3286=CARTESIAN_POINT('',(4.9445235896684,16.,17.3212299889347));
#3287=CARTESIAN_POINT('Origin',(4.9445235896684,15.8,17.3212299889347));
#3288=CARTESIAN_POINT('',(11.181945904991,16.,18.1225435791407));
#3289=CARTESIAN_POINT('',(11.156461601776,15.8,18.3209133104246));
#3290=CARTESIAN_POINT('Origin',(4.9445235896684,14.,17.3212299889347));
#3291=CARTESIAN_POINT('',(6.69332595943189,14.1998749951168,17.7475400378858));
#3292=CARTESIAN_POINT('',(6.9159532263111,14.2220833279076,17.5744970085649));
#3293=CARTESIAN_POINT('Origin',(6.71881026264683,14.1998749951168,17.5491703066019));
#3294=CARTESIAN_POINT('Origin',(4.9445235896684,14.,17.3212299889347));
#3295=CARTESIAN_POINT('Origin',(4.91903928645346,14.,17.5195997202186));
#3296=CARTESIAN_POINT('Origin',(22.6873903194526,15.9987499511681,19.6006331656065));
#3297=CARTESIAN_POINT('',(22.4635362849603,-0.200015433885292,19.7735185936763));
#3298=CARTESIAN_POINT('',(22.4890205881751,0.,19.5751488623924));
#3299=CARTESIAN_POINT('Ctrl Pts',(22.4635362849603,-0.200015433885292,19.7735185936763));
#3300=CARTESIAN_POINT('Ctrl Pts',(22.4635362849603,-0.175330230817799,19.7735185936763));
#3301=CARTESIAN_POINT('Ctrl Pts',(22.4642726158242,-0.146277108206047,19.7677869966858));
#3302=CARTESIAN_POINT('Ctrl Pts',(22.4666798819422,-0.100665373300377,19.7490488452468));
#3303=CARTESIAN_POINT('Ctrl Pts',(22.468776723314,-0.076035879261492,19.7327270389974));
#3304=CARTESIAN_POINT('Ctrl Pts',(22.4732246460685,-0.0411270734298904,
19.698104423102));
#3305=CARTESIAN_POINT('Ctrl Pts',(22.4763627109934,-0.0246705819248773,
19.6736777361851));
#3306=CARTESIAN_POINT('Ctrl Pts',(22.4821740464838,-0.00577860872116584,
19.6284423200975));
#3307=CARTESIAN_POINT('Ctrl Pts',(22.485875557758,-7.95920032488237E-14,
19.5996297686762));
#3308=CARTESIAN_POINT('Ctrl Pts',(22.4890205881751,-7.94156407302182E-14,
19.5751488623924));
#3309=CARTESIAN_POINT('Origin',(22.6873903194526,15.9987499511681,19.6006331656065));
#3310=CARTESIAN_POINT('Origin',(22.6619060162377,15.9987499511681,19.7990028968904));
#3311=CARTESIAN_POINT('Origin',(24.1837267519564,0.,6.38356173200476));
#3312=CARTESIAN_POINT('',(22.4635362849603,-2.,19.7735185936763));
#3313=CARTESIAN_POINT('',(22.4635362849603,0.,19.7735185936763));
#3314=CARTESIAN_POINT('',(24.1837267519694,-2.,6.38356173200644));
#3315=CARTESIAN_POINT('',(23.3236315184574,-2.,13.0785401628476));
#3316=CARTESIAN_POINT('',(24.1837267519694,0.,6.38356173200644));
#3317=CARTESIAN_POINT('',(24.1837267519694,0.,6.38356173200644));
#3318=CARTESIAN_POINT('',(23.3236315184574,0.,13.0785401628476));
#3319=CARTESIAN_POINT('Origin',(22.4635362849603,0.,19.7735185936763));
#3320=CARTESIAN_POINT('',(-8.87888125789685,0.,15.7469986857161));
#3321=CARTESIAN_POINT('',(22.4635362849603,0.,19.7735185936763));
#3322=CARTESIAN_POINT('',(-8.87888125789685,-2.,15.7469986857161));
#3323=CARTESIAN_POINT('',(-8.87888125789685,0.,15.7469986857161));
#3324=CARTESIAN_POINT('',(22.4635362849603,-2.,19.7735185936763));
#3325=CARTESIAN_POINT('Origin',(6.11748854131571,7.8,5.67576477324233));
#3326=CARTESIAN_POINT('',(4.33920940337441,8.,5.44731154875701));
#3327=CARTESIAN_POINT('',(4.11320262834295,7.8,5.61992041702968));
#3328=CARTESIAN_POINT('Ctrl Pts',(4.33920940337441,8.,5.44731154875702));
#3329=CARTESIAN_POINT('Ctrl Pts',(4.31081897332641,8.,5.46992674524936));
#3330=CARTESIAN_POINT('Ctrl Pts',(4.27989275818782,7.99469086859125,5.49416306058078));
#3331=CARTESIAN_POINT('Ctrl Pts',(4.22104707596705,7.97168595482761,5.5395030323402));
#3332=CARTESIAN_POINT('Ctrl Pts',(4.19310991233207,7.95407602848017,5.56062723835418));
#3333=CARTESIAN_POINT('Ctrl Pts',(4.15478627376329,7.91587601251554,5.58928188994273));
#3334=CARTESIAN_POINT('Ctrl Pts',(4.13982188698326,7.89595605876967,5.60035374575163));
#3335=CARTESIAN_POINT('Ctrl Pts',(4.11903806804145,7.8504767809613,5.61566160654632));
#3336=CARTESIAN_POINT('Ctrl Pts',(4.11320262834296,7.8249324538704,5.61992041702968));
#3337=CARTESIAN_POINT('Ctrl Pts',(4.11320262834296,7.8,5.61992041702968));
#3338=CARTESIAN_POINT('',(10.7356955122449,7.8,6.47070352592337));
#3339=CARTESIAN_POINT('',(6.09200423810077,7.8,5.87413450452624));
#3340=CARTESIAN_POINT('',(10.7611798154598,8.,6.27233379463946));
#3341=CARTESIAN_POINT('Origin',(10.7611798154598,7.8,6.27233379463946));
#3342=CARTESIAN_POINT('',(6.11748854131571,8.,5.67576477324233));
#3343=CARTESIAN_POINT('Ctrl Pts',(10.7356955122449,7.8,6.47070352592337));
#3344=CARTESIAN_POINT('Ctrl Pts',(10.9083725693923,7.8,6.49288712447001));
#3345=CARTESIAN_POINT('Ctrl Pts',(11.3138774243684,7.68745562024383,6.54498180954347));
#3346=CARTESIAN_POINT('Ctrl Pts',(11.5598240723325,7.31935981301188,6.57657825780625));
#3347=CARTESIAN_POINT('Ctrl Pts',(11.5872871736975,7.08888888888889,6.58010640697436));
#3348=CARTESIAN_POINT('Ctrl Pts',(10.7356955122449,7.85235987755983,6.47070352592337));
#3349=CARTESIAN_POINT('Ctrl Pts',(10.9179872194459,7.8497351139313,6.49403665827208));
#3350=CARTESIAN_POINT('Ctrl Pts',(11.3427522593896,7.72528732335338,6.54856229568358));
#3351=CARTESIAN_POINT('Ctrl Pts',(11.5980861559277,7.33651222270404,6.58149937912024));
#3352=CARTESIAN_POINT('Ctrl Pts',(11.6266288161134,7.09365424219055,6.58516057697204));
#3353=CARTESIAN_POINT('Ctrl Pts',(10.7412253302912,7.9566021640875,6.42765944068204));
#3354=CARTESIAN_POINT('Ctrl Pts',(10.9419713108573,7.94895518492209,6.45805089576323));
#3355=CARTESIAN_POINT('Ctrl Pts',(11.4040001436964,7.80098153513063,6.52672607410384));
#3356=CARTESIAN_POINT('Ctrl Pts',(11.6777075532427,7.37073480644227,6.56630347165976));
#3357=CARTESIAN_POINT('Ctrl Pts',(11.708345386487,7.10317107504607,6.57075155116039));
#3358=CARTESIAN_POINT('Ctrl Pts',(10.7545080404797,8.,6.32426686884747));
#3359=CARTESIAN_POINT('Ctrl Pts',(10.9622269760399,7.99582173439235,6.36407690396573));
#3360=CARTESIAN_POINT('Ctrl Pts',(11.4455491771332,7.84759820435593,6.45452387037716));
#3361=CARTESIAN_POINT('Ctrl Pts',(11.7354891594916,7.39305392038945,6.50668298038697));
#3362=CARTESIAN_POINT('Ctrl Pts',(11.7679107142092,7.10937771401534,6.51253439413515));
#3363=CARTESIAN_POINT('Ctrl Pts',(10.7611798154598,8.,6.27233379463946));
#3364=CARTESIAN_POINT('Ctrl Pts',(10.9684919548882,8.,6.31470503067529));
#3365=CARTESIAN_POINT('Ctrl Pts',(11.4565203948358,7.8593195253048,6.41288747618504));
#3366=CARTESIAN_POINT('Ctrl Pts',(11.7537811732315,7.39919976626485,6.47096531538634));
#3367=CARTESIAN_POINT('Ctrl Pts',(11.7869630322132,7.11111111111111,6.47746271656439));
#3368=CARTESIAN_POINT('',(11.5872871736975,7.08888888888889,6.58010640697436));
#3369=CARTESIAN_POINT('',(11.7869630322132,7.11111111111111,6.47746271656439));
#3370=CARTESIAN_POINT('Origin',(11.6127714769124,7.08888888888889,6.38173667569045));
#3371=CARTESIAN_POINT('Ctrl Pts',(11.7869630322132,7.11111111111111,6.47746271656439));
#3372=CARTESIAN_POINT('Ctrl Pts',(11.7537811732315,7.39919976626485,6.47096531538634));
#3373=CARTESIAN_POINT('Ctrl Pts',(11.4565203948358,7.8593195253048,6.41288747618504));
#3374=CARTESIAN_POINT('Ctrl Pts',(10.9684919548882,8.,6.31470503067529));
#3375=CARTESIAN_POINT('Ctrl Pts',(10.7611798154598,8.,6.27233379463946));
#3376=CARTESIAN_POINT('Ctrl Pts',(10.7356955122449,7.8,6.47070352592337));
#3377=CARTESIAN_POINT('Ctrl Pts',(10.9083725693923,7.8,6.49288712447001));
#3378=CARTESIAN_POINT('Ctrl Pts',(11.3138774243684,7.68745562024383,6.54498180954347));
#3379=CARTESIAN_POINT('Ctrl Pts',(11.5598240723325,7.31935981301188,6.57657825780625));
#3380=CARTESIAN_POINT('Ctrl Pts',(11.5872871736975,7.08888888888889,6.58010640697436));
#3381=CARTESIAN_POINT('Ctrl Pts',(11.5872871736975,7.08888888888889,6.58010640697436));
#3382=CARTESIAN_POINT('Ctrl Pts',(11.7940357449912,5.35385053127796,6.60666712894541));
#3383=CARTESIAN_POINT('Ctrl Pts',(13.6956037097034,1.51217196272186,6.85095910979799));
#3384=CARTESIAN_POINT('Ctrl Pts',(17.7186003714071,-0.200000000000001,7.36778829586373));
#3385=CARTESIAN_POINT('Ctrl Pts',(20.0297858970238,-0.2,7.66470331580948));
#3386=CARTESIAN_POINT('Ctrl Pts',(11.6266288161134,7.09365424219055,6.58516057697204));
#3387=CARTESIAN_POINT('Ctrl Pts',(11.8327920169244,5.36772703341978,6.61165321515025));
#3388=CARTESIAN_POINT('Ctrl Pts',(13.7293828063686,1.54733788454531,6.85530379156795));
#3389=CARTESIAN_POINT('Ctrl Pts',(17.7326316498937,-0.149749602930603,7.36952204226671));
#3390=CARTESIAN_POINT('Ctrl Pts',(20.0297858970238,-0.14764012244017,7.66470331580948));
#3391=CARTESIAN_POINT('Ctrl Pts',(11.7083439640947,7.10317086248941,6.57074873811967));
#3392=CARTESIAN_POINT('Ctrl Pts',(11.9134128926632,5.39541510931494,6.59644750574773));
#3393=CARTESIAN_POINT('Ctrl Pts',(13.8007591335235,1.61755389586678,6.83280194383718));
#3394=CARTESIAN_POINT('Ctrl Pts',(17.7654963022301,-0.0495499306502527,
7.33375052535089));
#3395=CARTESIAN_POINT('Ctrl Pts',(20.0353165229296,-0.0434041759678798,
7.62165294219274));
#3396=CARTESIAN_POINT('Ctrl Pts',(11.7679107142092,7.10937771401534,6.51253439413515));
#3397=CARTESIAN_POINT('Ctrl Pts',(11.9717433379943,5.41343993492342,6.53659267346271));
#3398=CARTESIAN_POINT('Ctrl Pts',(13.8472956681134,1.66028303610223,6.75732907434686));
#3399=CARTESIAN_POINT('Ctrl Pts',(17.7896664910481,-0.0033580051503936,
7.23861266256976));
#3400=CARTESIAN_POINT('Ctrl Pts',(20.0485984252586,-2.12109796782287E-16,
7.51826665873358));
#3401=CARTESIAN_POINT('Ctrl Pts',(11.7869630322132,7.11111111111111,6.47746271656439));
#3402=CARTESIAN_POINT('Ctrl Pts',(11.9901163397191,5.4183907622224,6.50074182780495));
#3403=CARTESIAN_POINT('Ctrl Pts',(13.858876433571,1.67041167094816,6.71407655085599));
#3404=CARTESIAN_POINT('Ctrl Pts',(17.7959611147989,-2.62485695805758E-16,
7.18873153337412));
#3405=CARTESIAN_POINT('Ctrl Pts',(20.0552702002388,-6.93889390390723E-17,
7.46633358452557));
#3406=CARTESIAN_POINT('',(18.1921816317324,1.02707998009266E-8,7.4286286688225));
#3407=CARTESIAN_POINT('',(20.0552702002388,1.73472347597681E-17,7.46633358452557));
#3408=CARTESIAN_POINT('Ctrl Pts',(20.0552702002388,-2.4980018054066E-16,
7.46633358452557));
#3409=CARTESIAN_POINT('Ctrl Pts',(20.0519953631673,-2.51061747807938E-16,
7.46641525611948));
#3410=CARTESIAN_POINT('Ctrl Pts',(20.0487205764406,-2.75263898300864E-8,
7.46649690726457));
#3411=CARTESIAN_POINT('Ctrl Pts',(20.0454457995754,-7.79906815726039E-8,
7.46657852906519));
#3412=CARTESIAN_POINT('Ctrl Pts',(19.9586734713315,-1.41515173635795E-6,
7.46874127601471));
#3413=CARTESIAN_POINT('Ctrl Pts',(19.8713264244473,-1.47966241568019E-5,
7.47089442572561));
#3414=CARTESIAN_POINT('Ctrl Pts',(19.783824220063,2.22391481533302E-5,7.47284285100627));
#3415=CARTESIAN_POINT('Ctrl Pts',(19.6962408434875,5.9309277024133E-5,7.47479308376081));
#3416=CARTESIAN_POINT('Ctrl Pts',(19.6085019090812,0.000146797074509718,
7.47653837308758));
#3417=CARTESIAN_POINT('Ctrl Pts',(19.5210407469887,0.000299534724592335,
7.47786595511531));
#3418=CARTESIAN_POINT('Ctrl Pts',(19.4334458727748,0.00045250588260824,
7.47919556677316));
#3419=CARTESIAN_POINT('Ctrl Pts',(19.3461295244515,0.000670785287629059,
7.48010642400622));
#3420=CARTESIAN_POINT('Ctrl Pts',(19.2595412046077,0.000923097682472191,
7.48036472111277));
#3421=CARTESIAN_POINT('Ctrl Pts',(19.1825508672186,0.00114744221810317,
7.48059438697781));
#3422=CARTESIAN_POINT('Ctrl Pts',(19.1061362554259,0.0013979538122705,7.48030801930684));
#3423=CARTESIAN_POINT('Ctrl Pts',(19.0306236740126,0.00162368854388362,
7.47932535982627));
#3424=CARTESIAN_POINT('Ctrl Pts',(19.0269856252342,0.00163456400263802,
7.47927801721056));
#3425=CARTESIAN_POINT('Ctrl Pts',(19.0233496721541,0.00164537691207682,
7.47922905518057));
#3426=CARTESIAN_POINT('Ctrl Pts',(19.0197158515231,0.00165613180944668,
7.47917846476028));
#3427=CARTESIAN_POINT('Ctrl Pts',(18.9494507955663,0.00186409294518757,
7.47820022750723));
#3428=CARTESIAN_POINT('Ctrl Pts',(18.8776419393259,0.00207442092027,7.47656899493316));
#3429=CARTESIAN_POINT('Ctrl Pts',(18.8051046024413,0.00228654132064636,
7.47411866221374));
#3430=CARTESIAN_POINT('Ctrl Pts',(18.7350746888893,0.00249132928142562,
7.47175303099697));
#3431=CARTESIAN_POINT('Ctrl Pts',(18.6643651931229,0.00269721207386827,
7.46862399835972));
#3432=CARTESIAN_POINT('Ctrl Pts',(18.5937305086527,0.00289784414230428,
7.46454107888177));
#3433=CARTESIAN_POINT('Ctrl Pts',(18.5259676879289,0.00309031891566601,
7.46062416267142));
#3434=CARTESIAN_POINT('Ctrl Pts',(18.4582732312845,0.00327730819067159,
7.45582939930711));
#3435=CARTESIAN_POINT('Ctrl Pts',(18.3913403248935,0.00345659456423499,
7.44994954481428));
#3436=CARTESIAN_POINT('Ctrl Pts',(18.3284702723824,0.003624998184042,7.44442659981378));
#3437=CARTESIAN_POINT('Ctrl Pts',(18.266271871295,0.00378601115727248,7.43794625683401));
#3438=CARTESIAN_POINT('Ctrl Pts',(18.2053489907296,0.00394957668774752,
7.43030171498153));
#3439=CARTESIAN_POINT('Ctrl Pts',(18.201411969019,0.00396014678946644,7.42980770145227));
#3440=CARTESIAN_POINT('Ctrl Pts',(18.1974802856186,0.00397073376808055,
7.42930881324423));
#3441=CARTESIAN_POINT('Ctrl Pts',(18.1935541084321,0.00398134309699572,
7.42880498913177));
#3442=CARTESIAN_POINT('Ctrl Pts',(20.0552702002388,-6.93889390390723E-17,
7.46633358452557));
#3443=CARTESIAN_POINT('Ctrl Pts',(17.7959611147989,-2.62485695805758E-16,
7.18873153337412));
#3444=CARTESIAN_POINT('Ctrl Pts',(13.858876433571,1.67041167094816,6.71407655085599));
#3445=CARTESIAN_POINT('Ctrl Pts',(11.9901163397191,5.4183907622224,6.50074182780495));
#3446=CARTESIAN_POINT('Ctrl Pts',(11.7869630322132,7.11111111111111,6.47746271656439));
#3447=CARTESIAN_POINT('Ctrl Pts',(11.5872871736975,7.08888888888889,6.58010640697436));
#3448=CARTESIAN_POINT('Ctrl Pts',(11.7940357449912,5.35385053127796,6.60666712894541));
#3449=CARTESIAN_POINT('Ctrl Pts',(13.4053123731837,2.09863851392609,6.81366575666061));
#3450=CARTESIAN_POINT('Ctrl Pts',(16.5397469807859,0.372384308581734,7.21634252307317));
#3451=CARTESIAN_POINT('Ctrl Pts',(18.193077384796,0.00408752423448377,7.42874374506185));
#3452=CARTESIAN_POINT('Origin',(4.11320262834295,0.,5.61992041702968));
#3453=CARTESIAN_POINT('',(4.11320262834295,0.,5.61992041702968));
#3454=CARTESIAN_POINT('',(4.11320262834295,0.,5.61992041702968));
#3455=CARTESIAN_POINT('',(5.0862527498084,0.,5.74492690959415));
#3456=CARTESIAN_POINT('Origin',(10.3645066030812,7.8,4.80986803162294));
#3457=CARTESIAN_POINT('',(11.4312398681901,8.,4.94690987667433));
#3458=CARTESIAN_POINT('',(11.456724171405,7.8,4.74854014539042));
#3459=CARTESIAN_POINT('Origin',(11.4312398681901,7.8,4.94690987667433));
#3460=CARTESIAN_POINT('',(8.33427197664811,7.8,4.34740274408272));
#3461=CARTESIAN_POINT('',(10.3899909062961,7.8,4.61149830033903));
#3462=CARTESIAN_POINT('',(8.23311837950533,8.,4.53605133889063));
#3463=CARTESIAN_POINT('Ctrl Pts',(8.23311837950533,8.,4.53605133889063));
#3464=CARTESIAN_POINT('Ctrl Pts',(8.24615232382379,8.,4.51239419779839));
#3465=CARTESIAN_POINT('Ctrl Pts',(8.26000695612005,7.99499115350559,4.4869796118376));
#3466=CARTESIAN_POINT('Ctrl Pts',(8.28542804067174,7.97410698419101,4.43986647772345));
#3467=CARTESIAN_POINT('Ctrl Pts',(8.29699934216567,7.9582444078419,4.41816489691763));
#3468=CARTESIAN_POINT('Ctrl Pts',(8.3145579335039,7.92219031148149,4.38502582860075));
#3469=CARTESIAN_POINT('Ctrl Pts',(8.3219630224947,7.90016329314625,4.37092987136042));
#3470=CARTESIAN_POINT('Ctrl Pts',(8.3318165939481,7.85157266941331,4.35212160199613));
#3471=CARTESIAN_POINT('Ctrl Pts',(8.33427197664811,7.82501299756126,4.34740274408272));
#3472=CARTESIAN_POINT('Ctrl Pts',(8.33427197664811,7.8,4.34740274408272));
#3473=CARTESIAN_POINT('',(10.3645066030812,8.,4.80986803162294));
#3474=CARTESIAN_POINT('Ctrl Pts',(12.275362632907,7.08888888888889,4.85370957139761));
#3475=CARTESIAN_POINT('Ctrl Pts',(12.2559378378559,7.25801601555134,4.85121409306144));
#3476=CARTESIAN_POINT('Ctrl Pts',(12.0757329245136,7.6356558615523,4.82806340055047));
#3477=CARTESIAN_POINT('Ctrl Pts',(11.6818834193143,7.8,4.7774660632118));
#3478=CARTESIAN_POINT('Ctrl Pts',(11.456724171405,7.8,4.74854014539042));
#3479=CARTESIAN_POINT('Ctrl Pts',(12.3355466957765,7.09591530488538,4.86144134023626));
#3480=CARTESIAN_POINT('Ctrl Pts',(12.3143803453023,7.27842499121454,4.85873262421803));
#3481=CARTESIAN_POINT('Ctrl Pts',(12.1176889863809,7.68467816148237,4.83343566450774));
#3482=CARTESIAN_POINT('Ctrl Pts',(11.6955250315793,7.85490198606355,4.77913583516612));
#3483=CARTESIAN_POINT('Ctrl Pts',(11.456724171405,7.85235987755983,4.74854014539042));
#3484=CARTESIAN_POINT('Ctrl Pts',(12.4473236279275,7.10985921675337,4.93639680968705));
#3485=CARTESIAN_POINT('Ctrl Pts',(12.42281785641,7.31869040036987,4.9328216106376));
#3486=CARTESIAN_POINT('Ctrl Pts',(12.1941056966991,7.7814972760145,4.8994869675935));
#3487=CARTESIAN_POINT('Ctrl Pts',(11.7164534575982,7.96406535541613,4.83004961203143));
#3488=CARTESIAN_POINT('Ctrl Pts',(11.4512027066257,7.95666772026133,4.79151920882882));
#3489=CARTESIAN_POINT('Ctrl Pts',(12.4567174753398,7.1129291960743,5.07133816175389));
#3490=CARTESIAN_POINT('Ctrl Pts',(12.432053853116,7.32792507579123,5.06709831746254));
#3491=CARTESIAN_POINT('Ctrl Pts',(12.2028665724654,7.80609991131917,5.02776202064899));
#3492=CARTESIAN_POINT('Ctrl Pts',(11.7135468076155,8.0040436693253,4.94308478928409));
#3493=CARTESIAN_POINT('Ctrl Pts',(11.4379116431702,8.,4.89497680246632));
#3494=CARTESIAN_POINT('Ctrl Pts',(12.43362648686,7.11111111111111,5.12786048488997));
#3495=CARTESIAN_POINT('Ctrl Pts',(12.4098023556699,7.32252001943917,5.1236333729739));
#3496=CARTESIAN_POINT('Ctrl Pts',(12.1887277100567,7.79456982694037,5.08451519542314));
#3497=CARTESIAN_POINT('Ctrl Pts',(11.70644584313,8.,4.99749369434717));
#3498=CARTESIAN_POINT('Ctrl Pts',(11.4312398681901,8.,4.94690987667433));
#3499=CARTESIAN_POINT('',(12.43362648686,7.11111111111111,5.12786048488997));
#3500=CARTESIAN_POINT('Ctrl Pts',(11.4312398681901,8.,4.94690987667433));
#3501=CARTESIAN_POINT('Ctrl Pts',(11.70644584313,8.,4.99749369434717));
#3502=CARTESIAN_POINT('Ctrl Pts',(12.1887277100567,7.79456982694037,5.08451519542314));
#3503=CARTESIAN_POINT('Ctrl Pts',(12.4098023556699,7.32252001943917,5.1236333729739));
#3504=CARTESIAN_POINT('Ctrl Pts',(12.43362648686,7.11111111111111,5.12786048488997));
#3505=CARTESIAN_POINT('',(12.275362632907,7.08888888888889,4.85370957139761));
#3506=CARTESIAN_POINT('Origin',(12.2498783296921,7.08888888888889,5.05207930268152));
#3507=CARTESIAN_POINT('Ctrl Pts',(12.275362632907,7.08888888888889,4.85370957139761));
#3508=CARTESIAN_POINT('Ctrl Pts',(12.2559378378559,7.25801601555134,4.85121409306144));
#3509=CARTESIAN_POINT('Ctrl Pts',(12.0757329245136,7.6356558615523,4.82806340055047));
#3510=CARTESIAN_POINT('Ctrl Pts',(11.6818834193143,7.8,4.7774660632118));
#3511=CARTESIAN_POINT('Ctrl Pts',(11.456724171405,7.8,4.74854014539042));
#3512=CARTESIAN_POINT('Ctrl Pts',(20.5337964882322,-0.2,5.91465990433126));
#3513=CARTESIAN_POINT('Ctrl Pts',(18.2484613456168,-0.200000000026168,5.62106584970801));
#3514=CARTESIAN_POINT('Ctrl Pts',(14.2736500368217,1.5358187837765,5.11042697370668));
#3515=CARTESIAN_POINT('Ctrl Pts',(12.4725216089679,5.37227200674789,4.87903833045255));
#3516=CARTESIAN_POINT('Ctrl Pts',(12.275362632907,7.08888888888889,4.85370957139761));
#3517=CARTESIAN_POINT('Ctrl Pts',(20.5337964882317,-0.147640122440232,5.91465990433118));
#3518=CARTESIAN_POINT('Ctrl Pts',(18.2627071443917,-0.146135248084928,5.62284700380584));
#3519=CARTESIAN_POINT('Ctrl Pts',(14.314943938189,1.58296799852585,5.11576845007306));
#3520=CARTESIAN_POINT('Ctrl Pts',(12.5308385346778,5.39252555017931,4.88654809031836));
#3521=CARTESIAN_POINT('Ctrl Pts',(12.3355466957765,7.09591530488538,4.86144134023626));
#3522=CARTESIAN_POINT('Ctrl Pts',(20.5282745708106,-0.0433358320476944,
5.95764249112207));
#3523=CARTESIAN_POINT('Ctrl Pts',(18.2850752993773,-0.0389565887757561,
5.6720982403018));
#3524=CARTESIAN_POINT('Ctrl Pts',(14.3905353552361,1.67653309964588,5.17855037087414));
#3525=CARTESIAN_POINT('Ctrl Pts',(12.6390813744233,5.4324867312351,4.9603107614828));
#3526=CARTESIAN_POINT('Ctrl Pts',(12.4473159386175,7.10985840008489,4.93640131482626));
#3527=CARTESIAN_POINT('Ctrl Pts',(20.5149839599952,-9.67209142691864E-14,
6.06109656140656));
#3528=CARTESIAN_POINT('Ctrl Pts',(18.2831042276354,0.00239376655247592,
5.78188650128458));
#3529=CARTESIAN_POINT('Ctrl Pts',(14.4029318051695,1.70257087698274,5.30239496136744));
#3530=CARTESIAN_POINT('Ctrl Pts',(12.6487138329354,5.44169672884948,5.09418101414784));
#3531=CARTESIAN_POINT('Ctrl Pts',(12.4567174753398,7.1129291960743,5.07133816175389));
#3532=CARTESIAN_POINT('Ctrl Pts',(20.5083121850151,3.12250225675825E-16,
6.11302963561451));
#3533=CARTESIAN_POINT('Ctrl Pts',(18.2761288976498,-2.55295038866019E-11,
5.83527885777582));
#3534=CARTESIAN_POINT('Ctrl Pts',(14.3912663870731,1.69348174026975,5.35856265845163));
#3535=CARTESIAN_POINT('Ctrl Pts',(12.6267539677814,5.43636293341259,5.15068683046642));
#3536=CARTESIAN_POINT('Ctrl Pts',(12.43362648686,7.11111111111111,5.12786048488997));
#3537=CARTESIAN_POINT('',(20.508312184971,-3.46944695195361E-17,6.11302963560136));
#3538=CARTESIAN_POINT('Ctrl Pts',(12.43362648686,7.11111111111111,5.12786048488997));
#3539=CARTESIAN_POINT('Ctrl Pts',(12.6267539677814,5.43636293341259,5.15068683046642));
#3540=CARTESIAN_POINT('Ctrl Pts',(14.3912663870731,1.69348174026975,5.35856265845163));
#3541=CARTESIAN_POINT('Ctrl Pts',(18.2761288976498,-2.55295038866019E-11,
5.83527885777582));
#3542=CARTESIAN_POINT('Ctrl Pts',(20.5083121850151,3.12250225675825E-16,
6.11302963561451));
#3543=CARTESIAN_POINT('',(20.5337964882322,-0.2,5.91465990433126));
#3544=CARTESIAN_POINT('Origin',(20.5083121850173,-0.2,6.11302963561516));
#3545=CARTESIAN_POINT('Ctrl Pts',(20.5337964882322,-0.2,5.91465990433126));
#3546=CARTESIAN_POINT('Ctrl Pts',(18.2484613456168,-0.200000000026168,5.62106584970801));
#3547=CARTESIAN_POINT('Ctrl Pts',(14.2736500368217,1.5358187837765,5.11042697370668));
#3548=CARTESIAN_POINT('Ctrl Pts',(12.4725216089679,5.37227200674789,4.87903833045255));
#3549=CARTESIAN_POINT('Ctrl Pts',(12.275362632907,7.08888888888889,4.85370957139761));
#3550=CARTESIAN_POINT('Origin',(9.3587551147888,-0.2,4.68066043669085));
#3551=CARTESIAN_POINT('',(22.3729148671993,0.,6.3525727343559));
#3552=CARTESIAN_POINT('',(22.3983991704143,-0.2,6.15420300307199));
#3553=CARTESIAN_POINT('Origin',(22.3729148671993,-0.2,6.3525727343559));
#3554=CARTESIAN_POINT('',(9.38423941800374,-0.2,4.48229070540694));
#3555=CARTESIAN_POINT('',(9.3587551147888,0.,4.68066043669085));
#3556=CARTESIAN_POINT('Origin',(6.66607853673097,0.,1.14679364467106));
#3557=CARTESIAN_POINT('Origin',(0.,0.,0.));
#3558=CARTESIAN_POINT('',(-5.40015994069471,0.,4.39775101278717));
#3559=CARTESIAN_POINT('Origin',(0.,0.,0.));
#3560=CARTESIAN_POINT('',(-5.60272193826701,0.,4.37172813453581));
#3561=CARTESIAN_POINT('',(0.228290466503421,0.,5.12083076834722));
#3562=CARTESIAN_POINT('',(-5.97407073353055,0.,7.26230591913264));
#3563=CARTESIAN_POINT('',(-5.76966069655021,0.,5.67117887259227));
#3564=CARTESIAN_POINT('',(3.94441583065824,0.,8.53652107987871));
#3565=CARTESIAN_POINT('',(-12.829348079957,0.,6.38161729094271));
#3566=CARTESIAN_POINT('',(3.3751114438986,0.,12.9679845288798));
#3567=CARTESIAN_POINT('',(7.25739053147236,0.,-17.2516629488551));
#3568=CARTESIAN_POINT('',(-6.54337512029052,0.,11.6937693681363));
#3569=CARTESIAN_POINT('Origin',(0.,0.,0.));
#3570=CARTESIAN_POINT('',(-5.48500850317022,0.,3.45544714809044));
#3571=CARTESIAN_POINT('',(7.65242274702887,0.,11.0652802088675));
#3572=CARTESIAN_POINT('',(6.07306352131275,0.,23.3590071577142));
#3573=CARTESIAN_POINT('',(21.5383039369101,0.,12.8491814339038));
#3574=CARTESIAN_POINT('',(21.5383039369101,0.,12.8491814339038));
#3575=CARTESIAN_POINT('',(21.8416917696383,0.,10.4876115551631));
#3576=CARTESIAN_POINT('Origin',(0.,8.,0.));
#3577=CARTESIAN_POINT('Origin',(0.,7.11111111111111,0.));
#3578=CARTESIAN_POINT('Origin',(0.,7.,0.));
#3579=CARTESIAN_POINT('Origin',(0.,8.,0.));
#3580=CARTESIAN_POINT('Origin',(8.71062985931188,8.,1.14796061945373));
#3581=CARTESIAN_POINT('',(9.28749158815231,8.,-1.45));
#3582=CARTESIAN_POINT('Origin',(0.,8.,0.));
#3583=CARTESIAN_POINT('',(9.26024463395891,8.,-1.45));
#3584=CARTESIAN_POINT('',(-17.5000002607703,8.,-1.45));
#3585=CARTESIAN_POINT('',(9.27232381536325,8.,-1.5440243077905));
#3586=CARTESIAN_POINT('',(6.07306352131275,8.,23.3590071577142));
#3587=CARTESIAN_POINT('',(9.11232684041537,8.,-2.30770439039443));
#3588=CARTESIAN_POINT('Origin',(0.,8.,0.));
#3589=CARTESIAN_POINT('',(12.3104483291012,8.,-1.89684585261059));
#3590=CARTESIAN_POINT('',(9.17094243441781,8.,-2.3001741207257));
#3591=CARTESIAN_POINT('',(11.9971685213787,8.,-3.34859817262032));
#3592=CARTESIAN_POINT('Origin',(0.,8.,0.));
#3593=CARTESIAN_POINT('',(5.95839897864713,8.,-4.12439109766015));
#3594=CARTESIAN_POINT('',(11.130544492179,8.,-3.45993224254387));
#3595=CARTESIAN_POINT('',(5.72631493033591,8.,-3.96374301313374));
#3596=CARTESIAN_POINT('',(7.72900381679295,8.,-5.35));
#3597=CARTESIAN_POINT('Origin',(0.,8.,0.));
#3598=CARTESIAN_POINT('Origin',(9.17094243441781,7.8,-2.3001741207257));
#3599=CARTESIAN_POINT('',(12.2849640258862,7.8,-1.69847612132669));
#3600=CARTESIAN_POINT('Origin',(12.3104483291012,7.8,-1.89684585261059));
#3601=CARTESIAN_POINT('',(9.16251183112853,7.8,-2.0996135226345));
#3602=CARTESIAN_POINT('Ctrl Pts',(9.16251183112854,7.8,-2.0996135226345));
#3603=CARTESIAN_POINT('Ctrl Pts',(9.16251183112854,7.82547473128958,-2.0996135226345));
#3604=CARTESIAN_POINT('Ctrl Pts',(9.16128544070742,7.85248731758502,-2.10499122011272));
#3605=CARTESIAN_POINT('Ctrl Pts',(9.15634358281629,7.9017586773935,-2.12637612472925));
#3606=CARTESIAN_POINT('Ctrl Pts',(9.15262258466699,7.92401290554242,-2.14239252482415));
#3607=CARTESIAN_POINT('Ctrl Pts',(9.14389284933591,7.95956424618531,-2.17935753608509));
#3608=CARTESIAN_POINT('Ctrl Pts',(9.13823736043756,7.97493584216312,-2.20302745916868));
#3609=CARTESIAN_POINT('Ctrl Pts',(9.1257150964269,7.99515936949709,-2.25433061101106));
#3610=CARTESIAN_POINT('Ctrl Pts',(9.11884474920638,8.,-2.28196742188715));
#3611=CARTESIAN_POINT('Ctrl Pts',(9.11232684041537,8.,-2.30770439039443));
#3612=CARTESIAN_POINT('',(9.14545813120287,7.8,-2.10180438944179));
#3613=CARTESIAN_POINT('Ctrl Pts',(12.2849640258862,7.8,-1.69847612132669));
#3614=CARTESIAN_POINT('Ctrl Pts',(12.4538334513426,7.8,-1.67678168430645));
#3615=CARTESIAN_POINT('Ctrl Pts',(12.7353109922514,7.71394541537733,-1.64062062810957));
#3616=CARTESIAN_POINT('Ctrl Pts',(13.0145394366206,7.42086504023039,-1.6047485104408));
#3617=CARTESIAN_POINT('Ctrl Pts',(13.0906526248244,7.20164029966943,-1.59497034744039));
#3618=CARTESIAN_POINT('Ctrl Pts',(13.1036024873884,7.08888888888889,-1.59330669531948));
#3619=CARTESIAN_POINT('Ctrl Pts',(12.2849640258862,7.85235987755983,-1.69847612132669));
#3620=CARTESIAN_POINT('Ctrl Pts',(12.4640489729465,7.85426645881935,-1.67540724817353));
#3621=CARTESIAN_POINT('Ctrl Pts',(12.7646869375816,7.76610621298208,-1.6368833629347));
#3622=CARTESIAN_POINT('Ctrl Pts',(13.0667824664195,7.45380927631639,-1.59795041879387));
#3623=CARTESIAN_POINT('Ctrl Pts',(13.1496774197886,7.21758842155695,-1.58739450671487));
#3624=CARTESIAN_POINT('Ctrl Pts',(13.1637865502579,7.09591530488538,-1.58557492648082));
#3625=CARTESIAN_POINT('Ctrl Pts',(12.2904848067086,7.95667308793373,-1.74144986084642));
#3626=CARTESIAN_POINT('Ctrl Pts',(12.4902672179701,7.96222131395567,-1.7191245585677));
#3627=CARTESIAN_POINT('Ctrl Pts',(12.8300508609002,7.86936669652744,-1.68114436835947));
#3628=CARTESIAN_POINT('Ctrl Pts',(13.1777905535557,7.51890698360048,-1.64244795164375));
#3629=CARTESIAN_POINT('Ctrl Pts',(13.2744803719626,7.24908123121146,-1.63165691591003));
#3630=CARTESIAN_POINT('Ctrl Pts',(13.2908895015882,7.10986045077021,-1.62983350568445));
#3631=CARTESIAN_POINT('Ctrl Pts',(12.303776554121,8.,-1.84491277840259));
#3632=CARTESIAN_POINT('Ctrl Pts',(12.5129100327268,8.00303275180585,-1.82756878976366));
#3633=CARTESIAN_POINT('Ctrl Pts',(12.8647433576478,7.90099857107436,-1.79801224655184));
#3634=CARTESIAN_POINT('Ctrl Pts',(13.2200088211046,7.53434370131019,-1.76780216454048));
#3635=CARTESIAN_POINT('Ctrl Pts',(13.3174543885492,7.25625977366089,-1.75944935865541));
#3636=CARTESIAN_POINT('Ctrl Pts',(13.3340773344508,7.11292919607431,-1.75802805727931));
#3637=CARTESIAN_POINT('Ctrl Pts',(12.3104483291012,8.,-1.89684585261059));
#3638=CARTESIAN_POINT('Ctrl Pts',(12.5197397220804,8.,-1.88137980300572));
#3639=CARTESIAN_POINT('Ctrl Pts',(12.8688461292044,7.89243176922166,-1.85476771998515));
#3640=CARTESIAN_POINT('Ctrl Pts',(13.2154360231319,7.52608130028798,-1.82741428564592));
#3641=CARTESIAN_POINT('Ctrl Pts',(13.3099437601279,7.25205037458678,-1.81983962136575));
#3642=CARTESIAN_POINT('Ctrl Pts',(13.326023073409,7.11111111111111,-1.81855157040228));
#3643=CARTESIAN_POINT('',(13.1036024873884,7.08888888888889,-1.59330669531948));
#3644=CARTESIAN_POINT('',(13.326023073409,7.11111111111111,-1.81855157040228));
#3645=CARTESIAN_POINT('Origin',(13.1290867906034,7.08888888888889,-1.79167642660338));
#3646=CARTESIAN_POINT('Ctrl Pts',(13.326023073409,7.11111111111111,-1.81855157040228));
#3647=CARTESIAN_POINT('Ctrl Pts',(13.3099437601279,7.25205037458678,-1.81983962136575));
#3648=CARTESIAN_POINT('Ctrl Pts',(13.2154360231319,7.52608130028798,-1.82741428564592));
#3649=CARTESIAN_POINT('Ctrl Pts',(12.8688461292044,7.89243176922166,-1.85476771998515));
#3650=CARTESIAN_POINT('Ctrl Pts',(12.5197397220804,8.,-1.88137980300572));
#3651=CARTESIAN_POINT('Ctrl Pts',(12.3104483291012,8.,-1.89684585261059));
#3652=CARTESIAN_POINT('Ctrl Pts',(12.2849640258862,7.8,-1.69847612132669));
#3653=CARTESIAN_POINT('Ctrl Pts',(12.4538334513426,7.8,-1.67678168430645));
#3654=CARTESIAN_POINT('Ctrl Pts',(12.7353109922514,7.71394541537733,-1.64062062810957));
#3655=CARTESIAN_POINT('Ctrl Pts',(13.0145394366206,7.42086504023039,-1.6047485104408));
#3656=CARTESIAN_POINT('Ctrl Pts',(13.0906526248244,7.20164029966943,-1.59497034744039));
#3657=CARTESIAN_POINT('Ctrl Pts',(13.1036024873884,7.08888888888889,-1.59330669531948));
#3658=CARTESIAN_POINT('Ctrl Pts',(21.3875206459987,-3.46944695195361E-17,
-0.730726093660058));
#3659=CARTESIAN_POINT('Ctrl Pts',(19.7150911488506,-3.39113695939098E-11,
-0.952342150577758));
#3660=CARTESIAN_POINT('Ctrl Pts',(16.9350419596078,0.891114371775501,-1.32377428590312));
#3661=CARTESIAN_POINT('Ctrl Pts',(14.2042147780687,3.823727576367,-1.69658739601273));
#3662=CARTESIAN_POINT('Ctrl Pts',(13.4544403986561,5.99461163841103,-1.80073096664106));
#3663=CARTESIAN_POINT('Ctrl Pts',(13.326023073409,7.11111111111111,-1.81855157040229));
#3664=CARTESIAN_POINT('Ctrl Pts',(21.3808488710186,-1.72282143044627E-13,
-0.678793019452159));
#3665=CARTESIAN_POINT('Ctrl Pts',(19.7083630047989,0.0017953260050897,-0.899292607637543));
#3666=CARTESIAN_POINT('Ctrl Pts',(16.9297653743002,0.897042055069234,-1.2682789838502));
#3667=CARTESIAN_POINT('Ctrl Pts',(14.2075052742317,3.83127663022305,-1.63745211585819));
#3668=CARTESIAN_POINT('Ctrl Pts',(13.4617678455287,5.99877353180007,-1.74040870697594));
#3669=CARTESIAN_POINT('Ctrl Pts',(13.3340773344508,7.1129291960743,-1.75802805727931));
#3670=CARTESIAN_POINT('Ctrl Pts',(21.3675570221021,-0.0433261154590368,
-0.575329311782106));
#3671=CARTESIAN_POINT('Ctrl Pts',(19.6856563762562,-0.0400416809973119,
-0.793378414196295));
#3672=CARTESIAN_POINT('Ctrl Pts',(16.8936702713107,0.86358872941021,-1.15629429815272));
#3673=CARTESIAN_POINT('Ctrl Pts',(14.1639997671138,3.81561969649733,-1.51435386358206));
#3674=CARTESIAN_POINT('Ctrl Pts',(13.4186122091804,5.99161216603068,-1.61293962810783));
#3675=CARTESIAN_POINT('Ctrl Pts',(13.2908909145633,7.10986063390865,-1.62983209235817));
#3676=CARTESIAN_POINT('Ctrl Pts',(21.3620363427868,-0.14764012244028,-0.532356362376426));
#3677=CARTESIAN_POINT('Ctrl Pts',(19.6587089996076,-0.146511465993791,-0.751143887598475));
#3678=CARTESIAN_POINT('Ctrl Pts',(16.8286264101902,0.76368289083381,-1.1148330343012));
#3679=CARTESIAN_POINT('Ctrl Pts',(14.0541457620377,3.75161013876506,-1.47114137672365));
#3680=CARTESIAN_POINT('Ctrl Pts',(13.2939841992555,5.96032143575482,-1.56886050913572));
#3681=CARTESIAN_POINT('Ctrl Pts',(13.1637865502579,7.09591530488538,-1.58557492648082));
#3682=CARTESIAN_POINT('Ctrl Pts',(21.3620363427879,-0.2,-0.532356362376292));
#3683=CARTESIAN_POINT('Ctrl Pts',(19.6480339303016,-0.200000000034759,-0.752552038945622));
#3684=CARTESIAN_POINT('Ctrl Pts',(16.7992254476121,0.713392231069888,-1.11853478593157));
#3685=CARTESIAN_POINT('Ctrl Pts',(14.0024361845996,3.71932076577618,-1.4778346909402));
#3686=CARTESIAN_POINT('Ctrl Pts',(13.235041885706,5.94447692937131,-1.5764208455508));
#3687=CARTESIAN_POINT('Ctrl Pts',(13.1036024873884,7.08888888888889,-1.59330669531948));
#3688=CARTESIAN_POINT('',(21.3620363427879,-0.2,-0.532356362376292));
#3689=CARTESIAN_POINT('Ctrl Pts',(13.1036024873884,7.08888888888889,-1.59330669531948));
#3690=CARTESIAN_POINT('Ctrl Pts',(13.235041885706,5.94447692937131,-1.5764208455508));
#3691=CARTESIAN_POINT('Ctrl Pts',(14.0024361845996,3.71932076577618,-1.4778346909402));
#3692=CARTESIAN_POINT('Ctrl Pts',(16.7992254476121,0.713392231069888,-1.11853478593157));
#3693=CARTESIAN_POINT('Ctrl Pts',(19.6480339303016,-0.200000000034759,-0.752552038945622));
#3694=CARTESIAN_POINT('Ctrl Pts',(21.3620363427879,-0.2,-0.532356362376292));
#3695=CARTESIAN_POINT('',(21.3875206459173,-3.46944695195361E-17,-0.730726093657275));
#3696=CARTESIAN_POINT('Origin',(21.3875206460028,-0.2,-0.730726093660198));
#3697=CARTESIAN_POINT('Ctrl Pts',(21.3875206459987,-3.46944695195361E-17,
-0.730726093660058));
#3698=CARTESIAN_POINT('Ctrl Pts',(19.7150911488506,-3.39113695939098E-11,
-0.952342150577758));
#3699=CARTESIAN_POINT('Ctrl Pts',(16.9350419596078,0.891114371775501,-1.32377428590312));
#3700=CARTESIAN_POINT('Ctrl Pts',(14.2042147780687,3.823727576367,-1.69658739601273));
#3701=CARTESIAN_POINT('Ctrl Pts',(13.4544403986561,5.99461163841103,-1.80073096664106));
#3702=CARTESIAN_POINT('Ctrl Pts',(13.326023073409,7.11111111111111,-1.81855157040229));
#3703=CARTESIAN_POINT('Origin',(8.16519094612544,-0.2,-2.42938171565779));
#3704=CARTESIAN_POINT('',(23.2266390248831,-0.2,-0.292813263646714));
#3705=CARTESIAN_POINT('',(23.2521233280983,0.,-0.491182994930587));
#3706=CARTESIAN_POINT('Origin',(23.2521233281069,-0.2,-0.491182994929477));
#3707=CARTESIAN_POINT('',(8.16519094612544,0.,-2.42938171565779));
#3708=CARTESIAN_POINT('',(8.1397066429105,-0.2,-2.23101198437388));
#3709=CARTESIAN_POINT('Origin',(9.16251183112853,0.,-2.0996135226345));
#3710=CARTESIAN_POINT('',(23.2266390248831,0.124242084781727,-0.292813263646713));
#3711=CARTESIAN_POINT('',(23.2266390248831,0.,-0.292813263646714));
#3712=CARTESIAN_POINT('',(9.16251183112853,0.,-2.0996135226345));
#3713=CARTESIAN_POINT('',(9.16251183112853,0.,-2.0996135226345));
#3714=CARTESIAN_POINT('',(13.3080570902808,0.,-1.56704067650665));
#3715=CARTESIAN_POINT('',(8.1397066429105,0.,-2.23101198437388));
#3716=CARTESIAN_POINT('',(13.3080570902808,-2.,-1.56704067650665));
#3717=CARTESIAN_POINT('',(13.3080570902808,0.,-1.56704067650665));
#3718=CARTESIAN_POINT('',(25.0119666064536,-2.,-0.0634545347102899));
#3719=CARTESIAN_POINT('',(-6.33045093640354,-2.,-4.08997444267053));
#3720=CARTESIAN_POINT('',(25.0119666064536,0.,-0.0634545347102899));
#3721=CARTESIAN_POINT('',(25.0119666064536,0.,-0.0634545347102899));
#3722=CARTESIAN_POINT('Origin',(25.210336337731,15.9987499511681,-0.0379702314961894));
#3723=CARTESIAN_POINT('Ctrl Pts',(21.3167432093745,-0.2,-2.35296811401787));
#3724=CARTESIAN_POINT('Ctrl Pts',(19.0056195194635,-0.2,-2.64987519001036));
#3725=CARTESIAN_POINT('Ctrl Pts',(14.9823756517932,1.51177846995348,-3.1667361343074));
#3726=CARTESIAN_POINT('Ctrl Pts',(13.0809931465417,5.35384978269771,-3.41100428942255));
#3727=CARTESIAN_POINT('Ctrl Pts',(12.8742444860465,7.08888888888889,-3.4375650228532));
#3728=CARTESIAN_POINT('Ctrl Pts',(21.3167432093745,-0.14764012244017,-2.35296811401787));
#3729=CARTESIAN_POINT('Ctrl Pts',(19.0196330241778,-0.149749546491514,-2.64800606117255));
#3730=CARTESIAN_POINT('Ctrl Pts',(15.0161568563992,1.54694460343855,-3.16240382274406));
#3731=CARTESIAN_POINT('Ctrl Pts',(13.1197512174088,5.36772628877053,-3.40603220810839));
#3732=CARTESIAN_POINT('Ctrl Pts',(12.9135861284625,7.09365424219055,-3.43251085285552));
#3733=CARTESIAN_POINT('Ctrl Pts',(21.3112140798652,-0.0433924322959923,
-2.30992938834631));
#3734=CARTESIAN_POINT('Ctrl Pts',(19.0423894059711,-0.0495380225488783,
-2.60510072121942));
#3735=CARTESIAN_POINT('Ctrl Pts',(15.079539551847,1.61716166497363,-3.12259367050949));
#3736=CARTESIAN_POINT('Ctrl Pts',(13.1939145165116,5.39541476622401,-3.37094644747533));
#3737=CARTESIAN_POINT('Ctrl Pts',(12.9890088298719,7.10317125620769,-3.39791658952454));
#3738=CARTESIAN_POINT('Ctrl Pts',(21.2979306811398,6.24530397846158E-18,
-2.20653145694197));
#3739=CARTESIAN_POINT('Ctrl Pts',(19.041725304355,-0.00335791530706364,
-2.50693103832328));
#3740=CARTESIAN_POINT('Ctrl Pts',(15.1054751585636,1.65989601821153,-3.037802457573));
#3741=CARTESIAN_POINT('Ctrl Pts',(13.2352177106884,5.41343920321307,-3.2982869374307));
#3742=CARTESIAN_POINT('Ctrl Pts',(13.0319228428429,7.10937771401534,-3.32653180213028));
#3743=CARTESIAN_POINT('Ctrl Pts',(21.2912589061596,-6.93889390390723E-17,
-2.15459838273396));
#3744=CARTESIAN_POINT('Ctrl Pts',(19.035207282426,-1.92709521601403E-17,
-2.45707855260703));
#3745=CARTESIAN_POINT('Ctrl Pts',(15.1057531281762,1.67002777556436,-2.99302667207052));
#3746=CARTESIAN_POINT('Ctrl Pts',(13.2439322302316,5.41839003190022,-3.2589561925964));
#3747=CARTESIAN_POINT('Ctrl Pts',(13.0414915669274,7.11111111111111,-3.28778321624199));
#3748=CARTESIAN_POINT('',(21.2912589061596,-1.73472347597681E-16,-2.15459838273396));
#3749=CARTESIAN_POINT('',(19.4791390195943,1.9723010247566E-9,-2.58904275130402));
#3750=CARTESIAN_POINT('Ctrl Pts',(19.4791390375411,-4.22139769830614E-18,
-2.58904274899842));
#3751=CARTESIAN_POINT('Ctrl Pts',(19.6136202470502,-4.11170220878212E-19,
-2.57176612167398));
#3752=CARTESIAN_POINT('Ctrl Pts',(19.7508251683899,-1.77884337828778E-12,
-2.54783497514454));
#3753=CARTESIAN_POINT('Ctrl Pts',(20.3292032328054,-1.77885551219068E-12,
-2.43138066025261));
#3754=CARTESIAN_POINT('Ctrl Pts',(20.8192594423265,6.16495879697618E-20,
-2.2905614222162));
#3755=CARTESIAN_POINT('Ctrl Pts',(21.2849649578208,-4.19428981719824E-22,
-2.15641144315254));
#3756=CARTESIAN_POINT('Ctrl Pts',(21.2881119254856,-6.86238533100679E-17,
-2.15550491802919));
#3757=CARTESIAN_POINT('Ctrl Pts',(21.2912589061596,-6.93889390390723E-17,
-2.15459838273396));
#3758=CARTESIAN_POINT('',(12.8742444860465,7.08888888888889,-3.4375650228532));
#3759=CARTESIAN_POINT('Ctrl Pts',(19.4800270749924,0.00405307545775965,
-2.58892866397381));
#3760=CARTESIAN_POINT('Ctrl Pts',(17.826688078971,0.372289460494105,-2.80133098976709));
#3761=CARTESIAN_POINT('Ctrl Pts',(14.6921093746794,2.09831154958141,-3.20402626809526));
#3762=CARTESIAN_POINT('Ctrl Pts',(13.0809931465417,5.35384978269771,-3.41100428942255));
#3763=CARTESIAN_POINT('Ctrl Pts',(12.8742444860465,7.08888888888889,-3.4375650228532));
#3764=CARTESIAN_POINT('',(13.0414915669274,7.11111111111111,-3.28778321624199));
#3765=CARTESIAN_POINT('Origin',(12.8487601828316,7.08888888888889,-3.23919529156929));
#3766=CARTESIAN_POINT('Ctrl Pts',(13.0414915669274,7.11111111111111,-3.28778321624199));
#3767=CARTESIAN_POINT('Ctrl Pts',(13.2439322302316,5.41839003190022,-3.2589561925964));
#3768=CARTESIAN_POINT('Ctrl Pts',(15.1057531281762,1.67002777556436,-2.99302667207052));
#3769=CARTESIAN_POINT('Ctrl Pts',(19.035207282426,-1.92709521601403E-17,
-2.45707855260703));
#3770=CARTESIAN_POINT('Ctrl Pts',(21.2912589061596,-6.93889390390723E-17,
-2.15459838273396));
#3771=CARTESIAN_POINT('Ctrl Pts',(12.8742444860465,7.08888888888889,-3.4375650228532));
#3772=CARTESIAN_POINT('Ctrl Pts',(12.8536471618574,7.26174206658481,-3.44021113449359));
#3773=CARTESIAN_POINT('Ctrl Pts',(12.6583506007103,7.64368596636764,-3.46530063150956));
#3774=CARTESIAN_POINT('Ctrl Pts',(12.2528888802827,7.8,-3.51738977514328));
#3775=CARTESIAN_POINT('Ctrl Pts',(12.0226528245936,7.8,-3.54696790390423));
#3776=CARTESIAN_POINT('Ctrl Pts',(12.9135861284625,7.09365424219055,-3.43251085285552));
#3777=CARTESIAN_POINT('Ctrl Pts',(12.8921802045888,7.27579771135185,-3.43526507488579));
#3778=CARTESIAN_POINT('Ctrl Pts',(12.6893517680432,7.6787162737637,-3.4612625061862));
#3779=CARTESIAN_POINT('Ctrl Pts',(12.2656795474193,7.8488601930335,-3.51563237749751));
#3780=CARTESIAN_POINT('Ctrl Pts',(12.0226528245936,7.85235987755983,-3.54696790390423));
#3781=CARTESIAN_POINT('Ctrl Pts',(12.9890089175844,7.10317126513998,-3.39791668878997));
#3782=CARTESIAN_POINT('Ctrl Pts',(12.9659334681438,7.30384404581287,-3.4004971045448));
#3783=CARTESIAN_POINT('Ctrl Pts',(12.7475627713948,7.74872202507559,-3.42502636832124));
#3784=CARTESIAN_POINT('Ctrl Pts',(12.2863359418746,7.94641186282054,-3.47547993419055));
#3785=CARTESIAN_POINT('Ctrl Pts',(12.0171237290331,7.95660783413294,-3.50392944248985));
#3786=CARTESIAN_POINT('Ctrl Pts',(13.0319228428429,7.10937771401534,-3.32653180213028));
#3787=CARTESIAN_POINT('Ctrl Pts',(13.0072870077459,7.32213484984528,-3.32843204230387));
#3788=CARTESIAN_POINT('Ctrl Pts',(12.7739853018358,7.79298729641517,-3.34657998674684));
#3789=CARTESIAN_POINT('Ctrl Pts',(12.2852221347423,7.99442897968601,-3.38188201945657));
#3790=CARTESIAN_POINT('Ctrl Pts',(12.0038402963588,8.,-3.40053124682833));
#3791=CARTESIAN_POINT('Ctrl Pts',(13.0414915669274,7.11111111111111,-3.28778321624199));
#3792=CARTESIAN_POINT('Ctrl Pts',(13.0161815578115,7.32717758323102,-3.28935883262566));
#3793=CARTESIAN_POINT('Ctrl Pts',(12.776133737957,7.80460745795955,-3.30443716932321));
#3794=CARTESIAN_POINT('Ctrl Pts',(12.2788887561868,8.,-3.33339008690825));
#3795=CARTESIAN_POINT('Ctrl Pts',(11.9971685213787,8.,-3.34859817262032));
#3796=CARTESIAN_POINT('',(12.0226528245936,7.8,-3.54696790390423));
#3797=CARTESIAN_POINT('Origin',(11.9971685213787,7.8,-3.34859817262032));
#3798=CARTESIAN_POINT('Ctrl Pts',(11.9971685213787,8.,-3.34859817262032));
#3799=CARTESIAN_POINT('Ctrl Pts',(12.2788887561868,8.,-3.33339008690825));
#3800=CARTESIAN_POINT('Ctrl Pts',(12.776133737957,7.80460745795955,-3.30443716932321));
#3801=CARTESIAN_POINT('Ctrl Pts',(13.0161815578115,7.32717758323102,-3.28935883262566));
#3802=CARTESIAN_POINT('Ctrl Pts',(13.0414915669274,7.11111111111111,-3.28778321624199));
#3803=CARTESIAN_POINT('Ctrl Pts',(12.8742444860465,7.08888888888889,-3.4375650228532));
#3804=CARTESIAN_POINT('Ctrl Pts',(12.8536471618574,7.26174206658481,-3.44021113449359));
#3805=CARTESIAN_POINT('Ctrl Pts',(12.6583506007103,7.64368596636764,-3.46530063150956));
#3806=CARTESIAN_POINT('Ctrl Pts',(12.2528888802827,7.8,-3.51738977514328));
#3807=CARTESIAN_POINT('Ctrl Pts',(12.0226528245936,7.8,-3.54696790390423));
#3808=CARTESIAN_POINT('Origin',(11.130544492179,7.8,-3.45993224254387));
#3809=CARTESIAN_POINT('',(6.20410615302433,7.8,-4.29446908106881));
#3810=CARTESIAN_POINT('Origin',(5.95839897864713,7.8,-4.12439109766015));
#3811=CARTESIAN_POINT('',(11.1560287953939,7.8,-3.65830197382778));
#3812=CARTESIAN_POINT('Origin',(6.20410615302433,0.,-4.29446908106881));
#3813=CARTESIAN_POINT('',(6.20410615302433,0.,-4.29446908106881));
#3814=CARTESIAN_POINT('',(6.20410615302433,0.,-4.29446908106881));
#3815=CARTESIAN_POINT('',(5.72631493033591,0.,-3.96374301313374));
#3816=CARTESIAN_POINT('',(5.08708450444577,0.,-3.52126907217362));
#3817=CARTESIAN_POINT('',(5.72631493033591,0.,-3.96374301313374));
#3818=CARTESIAN_POINT('Origin',(12.9542944305762,0.,-3.42728110985131));
#3819=CARTESIAN_POINT('',(10.1502773071015,0.,-3.78750956875986));
#3820=CARTESIAN_POINT('Origin',(26.7266523790198,15.9987499511681,-11.8409692428886));
#3821=CARTESIAN_POINT('',(10.9552152858783,14.2220833279076,-13.8671053999302));
#3822=CARTESIAN_POINT('',(10.7325880189991,14.1998749951168,-13.6940623706093));
#3823=CARTESIAN_POINT('Origin',(10.758072322214,14.1998749951168,-13.8924321018932));
#3824=CARTESIAN_POINT('',(24.7174707629723,-0.0773192201195427,-11.8974425437532));
#3825=CARTESIAN_POINT('Origin',(26.7011680758049,15.9987499511681,-11.6425995116047));
#3826=CARTESIAN_POINT('',(24.7429550661876,0.124242084779734,-12.0958122750371));
#3827=CARTESIAN_POINT('Ctrl Pts',(24.7429550661876,0.124242084779735,-12.0958122750371));
#3828=CARTESIAN_POINT('Ctrl Pts',(24.7398178052859,0.12424208477974,-12.0713918466356));
#3829=CARTESIAN_POINT('Ctrl Pts',(24.7361262559082,0.118445587075056,-12.0426568385843));
#3830=CARTESIAN_POINT('Ctrl Pts',(24.7303215939406,0.0994892000853665,-11.997473369176));
#3831=CARTESIAN_POINT('Ctrl Pts',(24.7271844891038,0.0829410585468533,-11.9730541555833));
#3832=CARTESIAN_POINT('Ctrl Pts',(24.7227297875509,0.0478137928883502,-11.9383787735437));
#3833=CARTESIAN_POINT('Ctrl Pts',(24.7206282530951,0.0229854415258322,-11.9220204363447));
#3834=CARTESIAN_POINT('Ctrl Pts',(24.7182105530491,-0.0230305449531671,
-11.9032010672445));
#3835=CARTESIAN_POINT('Ctrl Pts',(24.7174707629724,-0.0523840665500016,
-11.8974425437533));
#3836=CARTESIAN_POINT('Ctrl Pts',(24.7174707629724,-0.077319220119545,-11.8974425437533));
#3837=CARTESIAN_POINT('Origin',(26.7266523790198,15.9987499511681,-11.8409692428886));
#3838=CARTESIAN_POINT('Origin',(8.9837856492356,14.,-14.1203724195604));
#3839=CARTESIAN_POINT('',(8.9837856492356,16.,-14.1203724195604));
#3840=CARTESIAN_POINT('',(8.95830134602067,15.8,-13.9220026882765));
#3841=CARTESIAN_POINT('Origin',(8.9837856492356,15.8,-14.1203724195604));
#3842=CARTESIAN_POINT('Origin',(8.95830134602067,14.,-13.9220026882765));
#3843=CARTESIAN_POINT('Origin',(8.9837856492356,14.,-14.1203724195604));
#3844=CARTESIAN_POINT('Origin',(0.442662983907167,15.8,-15.2176394188673));
#3845=CARTESIAN_POINT('',(-2.03695865714003,16.,-15.5361932090538));
#3846=CARTESIAN_POINT('',(-2.06244296035497,15.8,-15.3378234777699));
#3847=CARTESIAN_POINT('Origin',(-2.03695865714003,15.8,-15.5361932090538));
#3848=CARTESIAN_POINT('',(0.417178680692229,15.8,-15.0192696875834));
#3849=CARTESIAN_POINT('',(0.442662983907167,16.,-15.2176394188673));
#3850=CARTESIAN_POINT('Origin',(-2.03695865714003,15.,-15.5361932090538));
#3851=CARTESIAN_POINT('',(-3.02880731355956,15.,-15.6636147251285));
#3852=CARTESIAN_POINT('',(-2.85592188549059,15.,-15.4397606906297));
#3853=CARTESIAN_POINT('Origin',(-2.83043758227565,15.,-15.6381304219136));
#3854=CARTESIAN_POINT('Origin',(-2.06244296035497,15.,-15.3378234777699));
#3855=CARTESIAN_POINT('Origin',(-2.03695865714003,15.,-15.5361932090538));
#3856=CARTESIAN_POINT('Origin',(-2.83043758227565,0.,-15.6381304219136));
#3857=CARTESIAN_POINT('',(-2.85592188549059,0.37844210104232,-15.4397606906297));
#3858=CARTESIAN_POINT('',(-3.02880731355262,0.270604116267495,-15.6636147251825));
#3859=CARTESIAN_POINT('Ctrl Pts',(-2.85592188549059,0.378442101042319,-15.4397606906297));
#3860=CARTESIAN_POINT('Ctrl Pts',(-2.87087651612558,0.376280618225406,-15.4416818927158));
#3861=CARTESIAN_POINT('Ctrl Pts',(-2.88548335385686,0.37337743670197,-15.4452772050004));
#3862=CARTESIAN_POINT('Ctrl Pts',(-2.92193762727318,0.364167548473195,-15.4586858949825));
#3863=CARTESIAN_POINT('Ctrl Pts',(-2.94239399102931,0.356978428358583,-15.4707803759505));
#3864=CARTESIAN_POINT('Ctrl Pts',(-2.97796581847228,0.340678670060524,-15.501066650346));
#3865=CARTESIAN_POINT('Ctrl Pts',(-2.99285741173523,0.331632830240508,-15.5191698363271));
#3866=CARTESIAN_POINT('Ctrl Pts',(-3.0107957422139,0.316938606709599,-15.5506925196147));
#3867=CARTESIAN_POINT('Ctrl Pts',(-3.01616736515084,0.311503152434875,-15.5627772949372));
#3868=CARTESIAN_POINT('Ctrl Pts',(-3.02356849559721,0.301798121713421,-15.5851386369351));
#3869=CARTESIAN_POINT('Ctrl Pts',(-3.02606123997235,0.297531903821782,-15.5952402475944));
#3870=CARTESIAN_POINT('Ctrl Pts',(-3.0295368513891,0.288893917721672,-15.616259009822));
#3871=CARTESIAN_POINT('Ctrl Pts',(-3.03043827546697,0.284533893819204,-15.6271752788503));
#3872=CARTESIAN_POINT('Ctrl Pts',(-3.03043704474,0.276978622843558,-15.6466368225038));
#3873=CARTESIAN_POINT('Ctrl Pts',(-3.02989541765635,0.273748812587354,-15.6551449264863));
#3874=CARTESIAN_POINT('Ctrl Pts',(-3.02880731355179,0.270604116285153,-15.663614725189));
#3875=CARTESIAN_POINT('',(-2.85592188549059,0.,-15.4397606906297));
#3876=CARTESIAN_POINT('',(-3.02880731355956,0.,-15.6636147251285));
#3877=CARTESIAN_POINT('Origin',(-2.82493288784005,0.,-17.2505725753998));
#3878=CARTESIAN_POINT('',(-2.85041719105499,15.,-17.0522028441158));
#3879=CARTESIAN_POINT('',(-2.88227257007367,15.,-16.804240680011));
#3880=CARTESIAN_POINT('',(-2.85041719105501,0.00154606356286868,-17.0522028441157));
#3881=CARTESIAN_POINT('',(-2.85041719105499,0.,-17.0522028441158));
#3882=CARTESIAN_POINT('Ctrl Pts',(-2.85041719105501,0.00154606356286407,
-17.0522028441157));
#3883=CARTESIAN_POINT('Ctrl Pts',(-2.87971372876166,0.0076671900476646,
-16.8241586922548));
#3884=CARTESIAN_POINT('Ctrl Pts',(-2.91086351145051,0.033190595811264,-16.5816888876294));
#3885=CARTESIAN_POINT('Ctrl Pts',(-2.97178055418666,0.12553775807642,-16.1075108300125));
#3886=CARTESIAN_POINT('Ctrl Pts',(-3.00157241370378,0.19189336728948,-15.8756110948299));
#3887=CARTESIAN_POINT('Ctrl Pts',(-3.02880731355179,0.270604116285156,-15.663614725189));
#3888=CARTESIAN_POINT('Origin',(-1.89042391365414,15.,-16.6768191639363));
#3889=CARTESIAN_POINT('',(-1.85856853463546,16.,-16.9247813280412));
#3890=CARTESIAN_POINT('',(-1.89042391365414,16.,-16.6768191639363));
#3891=CARTESIAN_POINT('Origin',(-1.85856853463546,15.,-16.9247813280412));
#3892=CARTESIAN_POINT('Origin',(4.00332834262618,16.,-15.4659581720998));
#3893=CARTESIAN_POINT('',(9.16217577174017,16.,-15.5089605385477));
#3894=CARTESIAN_POINT('',(7.46746960794678,16.,-2.31737340816796));
#3895=CARTESIAN_POINT('',(-0.271610684365843,16.,-16.7209069023219));
#3896=CARTESIAN_POINT('Origin',(7.46746960794678,14.,-2.31737340816796));
#3897=CARTESIAN_POINT('',(11.1336054083829,14.2220833279076,-15.2556935189175));
#3898=CARTESIAN_POINT('',(9.43889924458947,14.2220833279076,-2.06410638853776));
#3899=CARTESIAN_POINT('Origin',(9.16217577174017,14.,-15.5089605385477));
#3900=CARTESIAN_POINT('Origin',(25.210336337731,15.9987499511681,-0.0379702314961902));
#3901=CARTESIAN_POINT('',(23.2266390248831,0.124242084781727,-0.292813263646714));
#3902=CARTESIAN_POINT('',(26.7066727702342,0.,-13.2550416650917));
#3903=CARTESIAN_POINT('',(25.0119666064536,0.,-0.0634545347102902));
#3904=CARTESIAN_POINT('Origin',(26.9050425015244,15.9987499511681,-13.229557361876));
#3905=CARTESIAN_POINT('Origin',(-2.65204745977109,0.,-17.0267185409009));
#3906=CARTESIAN_POINT('',(-2.78562281912183,-1.11115415724286E-24,-17.1755729105859));
#3907=CARTESIAN_POINT('Ctrl Pts',(-2.85041719105501,0.00154606356286446,
-17.0522028441157));
#3908=CARTESIAN_POINT('Ctrl Pts',(-2.8493220257335,0.00131724316361006,
-17.0607276073281));
#3909=CARTESIAN_POINT('Ctrl Pts',(-2.84767746495423,0.00111839212310314,
-17.0691808748536));
#3910=CARTESIAN_POINT('Ctrl Pts',(-2.83919311951714,0.000454901150344301,
-17.1014944550598));
#3911=CARTESIAN_POINT('Ctrl Pts',(-2.82848886556936,0.000202618897073545,
-17.1241021624403));
#3912=CARTESIAN_POINT('Ctrl Pts',(-2.80560572717129,2.14795295882388E-5,
-17.1556387530239));
#3913=CARTESIAN_POINT('Ctrl Pts',(-2.79611428889822,3.84360652212621E-11,
-17.1661583274033));
#3914=CARTESIAN_POINT('Ctrl Pts',(-2.78562281912183,1.57518627759406E-24,
-17.1755729105859));
#3915=CARTESIAN_POINT('',(-2.62656315655615,15.,-17.2250882721848));
#3916=CARTESIAN_POINT('Origin',(-2.65204745977109,15.,-17.0267185409009));
#3917=CARTESIAN_POINT('',(-2.62656315655615,0.,-17.2250882721848));
#3918=CARTESIAN_POINT('',(-2.62656315655615,0.,-17.2250882721848));
#3919=CARTESIAN_POINT('Origin',(-2.65204745977109,0.,-17.0267185409009));
#3920=CARTESIAN_POINT('Origin',(-1.85856853463546,15.,-16.9247813280412));
#3921=CARTESIAN_POINT('',(-1.83308423142052,15.8,-17.1231510593251));
#3922=CARTESIAN_POINT('Origin',(-1.85856853463546,15.8,-16.9247813280412));
#3923=CARTESIAN_POINT('Origin',(-1.83308423142052,15.,-17.1231510593251));
#3924=CARTESIAN_POINT('Origin',(-0.271610684365843,15.8,-16.7209069023219));
#3925=CARTESIAN_POINT('',(9.18766007495511,15.8,-15.7073302698316));
#3926=CARTESIAN_POINT('Origin',(9.16217577174017,15.8,-15.5089605385477));
#3927=CARTESIAN_POINT('',(-0.246126381150905,15.8,-16.9192766336058));
#3928=CARTESIAN_POINT('Origin',(9.16217577174017,14.,-15.5089605385477));
#3929=CARTESIAN_POINT('',(10.9619467479335,14.1998749951168,-15.4793899521644));
#3930=CARTESIAN_POINT('Origin',(10.9364624447186,14.1998749951168,-15.2810202208805));
#3931=CARTESIAN_POINT('Origin',(9.18766007495511,14.,-15.7073302698316));
#3932=CARTESIAN_POINT('Origin',(26.9050425015244,15.9987499511681,-13.229557361876));
#3933=CARTESIAN_POINT('',(26.7321570734619,-0.20001543388521,-13.453411396374));
#3934=CARTESIAN_POINT('Ctrl Pts',(26.7066727702342,1.62855839924703E-13,
-13.2550416650917));
#3935=CARTESIAN_POINT('Ctrl Pts',(26.7098178006512,1.63153460437738E-13,
-13.2795225713755));
#3936=CARTESIAN_POINT('Ctrl Pts',(26.7135193119254,-0.00577860872092464,
-13.3083351227969));
#3937=CARTESIAN_POINT('Ctrl Pts',(26.7193306474158,-0.0246705819246347,
-13.3535705388845));
#3938=CARTESIAN_POINT('Ctrl Pts',(26.7224687123408,-0.0411270734296444,
-13.3779972258013));
#3939=CARTESIAN_POINT('Ctrl Pts',(26.7269166350952,-0.0760358792612457,
-13.4126198416968));
#3940=CARTESIAN_POINT('Ctrl Pts',(26.729013476467,-0.100665373300132,-13.4289416479462));
#3941=CARTESIAN_POINT('Ctrl Pts',(26.731420742585,-0.146277108205802,-13.4476797993851));
#3942=CARTESIAN_POINT('Ctrl Pts',(26.7321570734489,-0.175330230817555,-13.4534113963756));
#3943=CARTESIAN_POINT('Ctrl Pts',(26.7321570734489,-0.200015433885048,-13.4534113963756));
#3944=CARTESIAN_POINT('Origin',(26.9305268047393,15.9987499511681,-13.4279270931599));
#3945=CARTESIAN_POINT('Origin',(12.4798172357992,0.,4.87997559021041));
#3946=CARTESIAN_POINT('',(22.3983991704143,0.124242084779689,6.15420300307199));
#3947=CARTESIAN_POINT('',(22.3983991704143,0.,6.15420300307199));
#3948=CARTESIAN_POINT('Origin',(24.3820964832468,15.9987499511681,6.40904603522054));
#3949=CARTESIAN_POINT('',(12.4798172357992,-2.,4.87997559021041));
#3950=CARTESIAN_POINT('',(-7.15869079088772,-2.,2.35704182404621));
#3951=CARTESIAN_POINT('',(12.4798172357992,0.,4.87997559021041));
#3952=CARTESIAN_POINT('',(12.4798172357992,0.,4.87997559021041));
#3953=CARTESIAN_POINT('',(8.33427197664811,0.,4.34740274408272));
#3954=CARTESIAN_POINT('',(9.38423941800374,0.,4.48229070540694));
#3955=CARTESIAN_POINT('',(8.33427197664811,0.,4.34740274408272));
#3956=CARTESIAN_POINT('Origin',(0.,7.,0.));
#3957=CARTESIAN_POINT('Origin',(0.,7.11111111111111,0.));
#3958=CARTESIAN_POINT('Origin',(0.,8.,0.));
#3959=CARTESIAN_POINT('Origin',(0.,0.,0.));
#3960=CARTESIAN_POINT('Origin',(0.,4.33333333333333,0.));
#3961=CARTESIAN_POINT('',(-5.2733075002116,4.33333333333333,-12.3187754264867));
#3962=CARTESIAN_POINT('',(-5.42331357552826,5.33333333333333,-11.1511286362184));
#3963=CARTESIAN_POINT('Ctrl Pts',(-5.27330750021161,4.33333333333333,-12.3187754264867));
#3964=CARTESIAN_POINT('Ctrl Pts',(-5.27330750021161,4.45057018677299,-12.3187754264867));
#3965=CARTESIAN_POINT('Ctrl Pts',(-5.27717747058358,4.58793695394631,-12.2886515900104));
#3966=CARTESIAN_POINT('Ctrl Pts',(-5.28994985140843,4.81032243513705,-12.1892314202419));
#3967=CARTESIAN_POINT('Ctrl Pts',(-5.30154654895743,4.93210694276614,-12.0989627651738));
#3968=CARTESIAN_POINT('Ctrl Pts',(-5.32666998054556,5.11191346754255,-11.9034020574317));
#3969=CARTESIAN_POINT('Ctrl Pts',(-5.34510590317728,5.19764752602133,-11.7598968971159));
#3970=CARTESIAN_POINT('Ctrl Pts',(-5.38027214942261,5.30164144577007,-11.4861629535562));
#3971=CARTESIAN_POINT('Ctrl Pts',(-5.40359153266912,5.33333333333333,-11.304644952092));
#3972=CARTESIAN_POINT('Ctrl Pts',(-5.42331357552749,5.33333333333333,-11.1511286362188));
#3973=CARTESIAN_POINT('',(-3.51335994738002,5.33333333333333,-11.8918586385874));
#3974=CARTESIAN_POINT('Origin',(0.,5.33333333333333,0.));
#3975=CARTESIAN_POINT('',(-3.37511144389522,4.33333333333333,-12.9679845288806));
#3976=CARTESIAN_POINT('Ctrl Pts',(-3.51335994738002,5.33333333333333,-11.8918586385874));
#3977=CARTESIAN_POINT('Ctrl Pts',(-3.49575204110361,5.33333333333333,-12.0289185223559));
#3978=CARTESIAN_POINT('Ctrl Pts',(-3.47497818545105,5.30303756918822,-12.1906221455162));
#3979=CARTESIAN_POINT('Ctrl Pts',(-3.44301291403886,5.20392374817135,-12.4394397116486));
#3980=CARTESIAN_POINT('Ctrl Pts',(-3.42598774945854,5.11986516426287,-12.571963535997));
#3981=CARTESIAN_POINT('Ctrl Pts',(-3.40233687250324,4.94268237589514,-12.7560618833887));
#3982=CARTESIAN_POINT('Ctrl Pts',(-3.39129773776756,4.82014632710749,-12.8419904713779));
#3983=CARTESIAN_POINT('Ctrl Pts',(-3.3788898898282,4.59493147769524,-12.9385731183825));
#3984=CARTESIAN_POINT('Ctrl Pts',(-3.37511144390196,4.45364074708527,-12.9679845288789));
#3985=CARTESIAN_POINT('Ctrl Pts',(-3.37511144390196,4.33333333333333,-12.9679845288789));
#3986=CARTESIAN_POINT('Origin',(0.,4.33333333333333,0.));
#3987=CARTESIAN_POINT('Origin',(-5.2733075002116,0.,-12.3187754264867));
#3988=CARTESIAN_POINT('',(-5.2733075002116,4.,-12.3187754264867));
#3989=CARTESIAN_POINT('',(-5.2733075002116,0.,-12.3187754264867));
#3990=CARTESIAN_POINT('',(-4.70375705722523,0.,-16.7521541763023));
#3991=CARTESIAN_POINT('Ctrl Pts',(-4.70375705722523,0.,-16.7521541763023));
#3992=CARTESIAN_POINT('Ctrl Pts',(-4.73920684788096,-5.01920000651472E-17,
-16.4762131239972));
#3993=CARTESIAN_POINT('Ctrl Pts',(-4.77794688718754,0.0261869681719547,
-16.1746607871607));
#3994=CARTESIAN_POINT('Ctrl Pts',(-4.85400011419192,0.138343301748613,-15.5826627216545));
#3995=CARTESIAN_POINT('Ctrl Pts',(-4.89131404609934,0.224281583307569,-15.2922112000596));
#3996=CARTESIAN_POINT('Ctrl Pts',(-4.95673969707043,0.423491144568975,-14.7829381509733));
#3997=CARTESIAN_POINT('Ctrl Pts',(-4.99099925883253,0.554344533521184,-14.5162618364091));
#3998=CARTESIAN_POINT('Ctrl Pts',(-5.05546942011936,0.867067435891191,-14.0144263158403));
#3999=CARTESIAN_POINT('Ctrl Pts',(-5.08567292105931,1.04902707364186,-13.7793223651961));
#4000=CARTESIAN_POINT('Ctrl Pts',(-5.13514277776283,1.4072727527978,-13.3942491655058));
#4001=CARTESIAN_POINT('Ctrl Pts',(-5.15926852198217,1.61431706088037,-13.2064544529169));
#4002=CARTESIAN_POINT('Ctrl Pts',(-5.20129629708962,2.06374236890331,-12.8793103915649));
#4003=CARTESIAN_POINT('Ctrl Pts',(-5.21917425211988,2.30626200592816,-12.7401484491991));
#4004=CARTESIAN_POINT('Ctrl Pts',(-5.24503733526415,2.75519924372747,-12.5388302962093));
#4005=CARTESIAN_POINT('Ctrl Pts',(-5.25583285358329,3.00083065585652,-12.4547980175961));
#4006=CARTESIAN_POINT('Ctrl Pts',(-5.26997660598342,3.50473634703035,-12.3447030960565));
#4007=CARTESIAN_POINT('Ctrl Pts',(-5.27330750021161,3.76304059255067,-12.3187754264867));
#4008=CARTESIAN_POINT('Ctrl Pts',(-5.27330750021161,4.,-12.3187754264867));
#4009=CARTESIAN_POINT('',(-4.61026046939521,0.,-17.4799313043342));
#4010=CARTESIAN_POINT('',(-5.47035570290589,0.,-10.7849528735032));
#4011=CARTESIAN_POINT('',(-4.61026046939521,-2.,-17.4799313043342));
#4012=CARTESIAN_POINT('',(-4.61026046939521,0.,-17.4799313043342));
#4013=CARTESIAN_POINT('',(-5.2733075002116,-2.,-12.3187754264867));
#4014=CARTESIAN_POINT('',(-5.47035570290589,-2.,-10.7849528735032));
#4015=CARTESIAN_POINT('',(-5.2733075002116,0.,-12.3187754264867));
#4016=CARTESIAN_POINT('',(-5.2733075002116,0.,-12.3187754264867));
#4017=CARTESIAN_POINT('',(-5.91760620600057,0.,-7.30355644810825));
#4018=CARTESIAN_POINT('',(-6.02729067728895,0.,-6.44977288917987));
#4019=CARTESIAN_POINT('',(-5.91760620600057,5.33333333333333,-7.30355644810825));
#4020=CARTESIAN_POINT('',(-5.91760620600057,0.,-7.30355644810825));
#4021=CARTESIAN_POINT('',(-5.47035570290589,5.33333333333333,-10.7849528735032));
#4022=CARTESIAN_POINT('Origin',(0.,0.,0.));
#4023=CARTESIAN_POINT('',(-3.37511144389522,4.,-12.9679845288806));
#4024=CARTESIAN_POINT('',(-3.37511144389522,0.,-12.9679845288806));
#4025=CARTESIAN_POINT('Origin',(0.,4.,0.));
#4026=CARTESIAN_POINT('Origin',(0.,4.33333333333333,0.));
#4027=CARTESIAN_POINT('',(-6.54337512029052,4.33333333333333,11.6937693681363));
#4028=CARTESIAN_POINT('',(-6.405126616811,5.33333333333333,10.6176434778448));
#4029=CARTESIAN_POINT('Ctrl Pts',(-6.54337512029052,4.33333333333333,11.6937693681363));
#4030=CARTESIAN_POINT('Ctrl Pts',(-6.54337512029052,4.45364074708526,11.6937693681363));
#4031=CARTESIAN_POINT('Ctrl Pts',(-6.53959667436424,4.59493147769522,11.66435795764));
#4032=CARTESIAN_POINT('Ctrl Pts',(-6.52718882642475,4.82014632710746,11.5677753106354));
#4033=CARTESIAN_POINT('Ctrl Pts',(-6.51614969168895,4.94268237589511,11.4818467226462));
#4034=CARTESIAN_POINT('Ctrl Pts',(-6.49249881473341,5.11986516426285,11.2977483752545));
#4035=CARTESIAN_POINT('Ctrl Pts',(-6.47547365015291,5.20392374817134,11.1652245509061));
#4036=CARTESIAN_POINT('Ctrl Pts',(-6.44350837874038,5.30303756918821,10.9164069847736));
#4037=CARTESIAN_POINT('Ctrl Pts',(-6.4227345230876,5.33333333333333,10.7547033616133));
#4038=CARTESIAN_POINT('Ctrl Pts',(-6.405126616811,5.33333333333333,10.6176434778448));
#4039=CARTESIAN_POINT('',(-8.06582815177806,5.33333333333333,9.41819601760255));
#4040=CARTESIAN_POINT('Origin',(0.,5.33333333333333,0.));
#4041=CARTESIAN_POINT('',(-8.21583422709102,4.33333333333333,10.5858428078713));
#4042=CARTESIAN_POINT('Ctrl Pts',(-8.06582815177741,5.33333333333333,9.41819601760311));
#4043=CARTESIAN_POINT('Ctrl Pts',(-8.08555019463547,5.33333333333333,9.57171233347637));
#4044=CARTESIAN_POINT('Ctrl Pts',(-8.10886957788164,5.30164144577007,9.75323033494057));
#4045=CARTESIAN_POINT('Ctrl Pts',(-8.14403582412643,5.19764752602133,10.0269642785003));
#4046=CARTESIAN_POINT('Ctrl Pts',(-8.16247174675787,5.11191346754255,10.1704694388162));
#4047=CARTESIAN_POINT('Ctrl Pts',(-8.18759517834561,4.93210694276614,10.3660301465583));
#4048=CARTESIAN_POINT('Ctrl Pts',(-8.19919187589445,4.81032243513704,10.4562988016264));
#4049=CARTESIAN_POINT('Ctrl Pts',(-8.2119642567191,4.58793695394631,10.555718971395));
#4050=CARTESIAN_POINT('Ctrl Pts',(-8.21583422709102,4.45057018677299,10.5858428078713));
#4051=CARTESIAN_POINT('Ctrl Pts',(-8.21583422709102,4.33333333333333,10.5858428078713));
#4052=CARTESIAN_POINT('Origin',(0.,4.33333333333333,0.));
#4053=CARTESIAN_POINT('Origin',(-8.87888125789685,0.,15.7469986857161));
#4054=CARTESIAN_POINT('',(-7.57153552129826,5.33333333333333,5.57062382949332));
#4055=CARTESIAN_POINT('',(-8.01878602439971,5.33333333333333,9.05202025488741));
#4056=CARTESIAN_POINT('',(-7.57153552129826,0.,5.57062382949332));
#4057=CARTESIAN_POINT('',(-7.57153552129826,0.,5.57062382949332));
#4058=CARTESIAN_POINT('',(-8.21583422709102,0.,10.5858428078713));
#4059=CARTESIAN_POINT('',(-7.17640468782938,0.,2.4949267387972));
#4060=CARTESIAN_POINT('',(-8.21583422709101,-2.,10.5858428078713));
#4061=CARTESIAN_POINT('',(-8.21583422709102,0.,10.5858428078713));
#4062=CARTESIAN_POINT('',(-8.87888125789685,-2.,15.7469986857161));
#4063=CARTESIAN_POINT('',(-8.78538467006875,0.,15.019221557688));
#4064=CARTESIAN_POINT('',(-8.87888125789685,0.,15.7469986857161));
#4065=CARTESIAN_POINT('',(-8.21583422709102,4.,10.5858428078713));
#4066=CARTESIAN_POINT('Ctrl Pts',(-8.21583422709378,4.,10.5858428078691));
#4067=CARTESIAN_POINT('Ctrl Pts',(-8.21583422709378,3.76304059255061,10.5858428078691));
#4068=CARTESIAN_POINT('Ctrl Pts',(-8.21916512132196,3.50473634703021,10.6117704774389));
#4069=CARTESIAN_POINT('Ctrl Pts',(-8.23330887372209,3.00083065585623,10.7218653989785));
#4070=CARTESIAN_POINT('Ctrl Pts',(-8.24410439204122,2.75519924372709,10.8058976775916));
#4071=CARTESIAN_POINT('Ctrl Pts',(-8.26996747518548,2.30626200592774,11.0072158305813));
#4072=CARTESIAN_POINT('Ctrl Pts',(-8.28784543021572,2.0637423689029,11.1463777729471));
#4073=CARTESIAN_POINT('Ctrl Pts',(-8.32987320532314,1.61431706087998,11.4735218342989));
#4074=CARTESIAN_POINT('Ctrl Pts',(-8.35399894954247,1.4072727527974,11.6613165468877));
#4075=CARTESIAN_POINT('Ctrl Pts',(-8.40346880624595,1.04902707364152,12.0463897465777));
#4076=CARTESIAN_POINT('Ctrl Pts',(-8.43367230718588,0.867067435890908,12.2814936972217));
#4077=CARTESIAN_POINT('Ctrl Pts',(-8.49814246847267,0.554344533520991,12.7833292177901));
#4078=CARTESIAN_POINT('Ctrl Pts',(-8.53240203023473,0.423491144568818,13.0500055323541));
#4079=CARTESIAN_POINT('Ctrl Pts',(-8.59782768120578,0.224281583307479,13.55927858144));
#4080=CARTESIAN_POINT('Ctrl Pts',(-8.63514161311317,0.138343301748554,13.8497301030347));
#4081=CARTESIAN_POINT('Ctrl Pts',(-8.71119484011749,0.0261869681719421,
14.4417281685404));
#4082=CARTESIAN_POINT('Ctrl Pts',(-8.74993487942404,-3.26034696610244E-16,
14.7432805053767));
#4083=CARTESIAN_POINT('Ctrl Pts',(-8.78538467007974,-3.08148791101958E-32,
15.0192215576816));
#4084=CARTESIAN_POINT('',(-8.21583422709102,0.,10.5858428078713));
#4085=CARTESIAN_POINT('Origin',(-6.19427027277626,5.33333333333333,-0.637107580372165));
#4086=CARTESIAN_POINT('',(-8.04636778875862,5.33333333333333,-4.85962605639854));
#4087=CARTESIAN_POINT('Origin',(0.,5.33333333333333,0.));
#4088=CARTESIAN_POINT('',(-9.0134291016573,5.33333333333333,2.66797597991387));
#4089=CARTESIAN_POINT('',(-6.89042832960143,5.33333333333333,-13.8574549536417));
#4090=CARTESIAN_POINT('Origin',(0.,5.33333333333333,0.));
#4091=CARTESIAN_POINT('',(-5.60272193826701,5.33333333333333,4.37172813453581));
#4092=CARTESIAN_POINT('',(-6.86419494740725,5.33333333333333,14.1910298330954));
#4093=CARTESIAN_POINT('',(-5.40015994069471,5.33333333333333,4.39775101278717));
#4094=CARTESIAN_POINT('',(-5.60272193826701,5.33333333333333,4.37172813453581));
#4095=CARTESIAN_POINT('',(-5.69517196098567,5.33333333333333,-4.00836097306083));
#4096=CARTESIAN_POINT('Origin',(0.,5.33333333333333,0.));
#4097=CARTESIAN_POINT('',(-5.59421633637638,5.33333333333333,-3.99539133433548));
#4098=CARTESIAN_POINT('',(-6.33045093640354,5.33333333333333,-4.08997444267053));
#4099=CARTESIAN_POINT('',(-5.66277190032792,5.33333333333333,-4.05400490384644));
#4100=CARTESIAN_POINT('Origin',(-5.04437035719192,5.33333333333333,-4.70790056176673));
#4101=CARTESIAN_POINT('',(-4.1132026283309,5.33333333333333,-5.6199204170385));
#4102=CARTESIAN_POINT('Origin',(0.,5.33333333333333,0.));
#4103=CARTESIAN_POINT('',(-4.31576462591394,5.33333333333333,-5.64594329529124));
#4104=CARTESIAN_POINT('',(-4.31576462591394,5.33333333333333,-5.64594329529124));
#4105=CARTESIAN_POINT('',(-3.68502812135074,5.33333333333333,-10.5555941445688));
#4106=CARTESIAN_POINT('Origin',(-5.92968597322133,15.,14.7647832445588));
#4107=CARTESIAN_POINT('',(-6.92153462964086,15.,14.6373617284842));
#4108=CARTESIAN_POINT('',(-5.92968597322133,16.,14.7647832445588));
#4109=CARTESIAN_POINT('Origin',(-0.0359337169410134,16.,15.9756442363954));
#4110=CARTESIAN_POINT('',(5.77913451995712,16.,10.8246212893908));
#4111=CARTESIAN_POINT('Origin',(-3.0542916167745,0.,-15.4652449938446));
#4112=CARTESIAN_POINT('',(-3.05429161678753,0.34987947094593,-15.4652449938463));
#4113=CARTESIAN_POINT('Ctrl Pts',(-3.05429161678753,0.34987947094593,-15.4652449938463));
#4114=CARTESIAN_POINT('Ctrl Pts',(-2.98842500336073,0.359320312575776,-15.4567831950756));
#4115=CARTESIAN_POINT('Ctrl Pts',(-2.92229262452258,0.368849138470064,-15.4482872537658));
#4116=CARTESIAN_POINT('Ctrl Pts',(-2.85592188549059,0.378442101042321,-15.4397606906297));
#4117=CARTESIAN_POINT('',(-3.0542916167745,0.,-15.4652449938446));
#4118=CARTESIAN_POINT('',(-3.0542916167745,0.,-15.4652449938446));
#4119=CARTESIAN_POINT('',(10.8315895730924,0.,-13.6813437687998));
#4120=CARTESIAN_POINT('',(2.77672078799593,0.,-14.7161423600332));
#4121=CARTESIAN_POINT('',(10.8315895730924,-2.,-13.6813437687998));
#4122=CARTESIAN_POINT('',(10.8315895730924,0.,-13.6813437687998));
#4123=CARTESIAN_POINT('',(24.7174707629724,-2.,-11.8974425437532));
#4124=CARTESIAN_POINT('',(-3.0542916167745,-2.,-15.4652449938446));
#4125=CARTESIAN_POINT('',(24.7174707629723,0.,-11.8974425437532));
#4126=CARTESIAN_POINT('',(-1.31855646804684,13.,-15.2422573407147));
#4127=CARTESIAN_POINT('Origin',(-0.0787456475224262,13.,-15.0829804456214));
#4128=CARTESIAN_POINT('Origin',(0.,4.,0.));
#4129=CARTESIAN_POINT('Origin',(0.,0.,0.));
#4130=CARTESIAN_POINT('Ctrl Pts',(-6.88967925062995,0.270604116286635,14.3893995644397));
#4131=CARTESIAN_POINT('Ctrl Pts',(-6.91691415047811,0.191893367290321,14.6013959340817));
#4132=CARTESIAN_POINT('Ctrl Pts',(-6.94670600999541,0.12553775807671,14.8332956692658));
#4133=CARTESIAN_POINT('Ctrl Pts',(-7.00762305273157,0.0331905958115362,
15.3074737268828));
#4134=CARTESIAN_POINT('Ctrl Pts',(-7.03877283542023,0.00766719004795258,
15.5499435315067));
#4135=CARTESIAN_POINT('Ctrl Pts',(-7.06806937312673,0.00154606356297111,
15.7779876833665));
#4136=CARTESIAN_POINT('',(-6.54337512029052,4.,11.6937693681363));
#4137=CARTESIAN_POINT('Ctrl Pts',(-6.86419494740725,0.349879470949508,14.1910298330954));
#4138=CARTESIAN_POINT('Ctrl Pts',(-6.83674817333378,0.441440468364484,13.9773842351897));
#4139=CARTESIAN_POINT('Ctrl Pts',(-6.8083444612061,0.557590969984863,13.7562898346597));
#4140=CARTESIAN_POINT('Ctrl Pts',(-6.75116163597632,0.845799237625324,13.3111789136659));
#4141=CARTESIAN_POINT('Ctrl Pts',(-6.72284339972076,1.023546192209,13.0907498570395));
#4142=CARTESIAN_POINT('Ctrl Pts',(-6.67590460005695,1.37726079495142,12.7253783969071));
#4143=CARTESIAN_POINT('Ctrl Pts',(-6.65280537118863,1.58469906592881,12.5455740763876));
#4144=CARTESIAN_POINT('Ctrl Pts',(-6.61276847546004,2.03320999048577,12.2339270134824));
#4145=CARTESIAN_POINT('Ctrl Pts',(-6.59584289237209,2.27434907272932,12.1021783311401));
#4146=CARTESIAN_POINT('Ctrl Pts',(-6.57088849400295,2.72673401305705,11.9079333774096));
#4147=CARTESIAN_POINT('Ctrl Pts',(-6.560351213877,2.97864328201579,11.8259112240308));
#4148=CARTESIAN_POINT('Ctrl Pts',(-6.54659044799882,3.49437324022293,11.7187974683008));
#4149=CARTESIAN_POINT('Ctrl Pts',(-6.54337512029052,3.75820733406195,11.6937693681363));
#4150=CARTESIAN_POINT('Ctrl Pts',(-6.54337512029052,4.,11.6937693681363));
#4151=CARTESIAN_POINT('Origin',(0.,4.,0.));
#4152=CARTESIAN_POINT('Origin',(0.,0.,0.));
#4153=CARTESIAN_POINT('',(-6.54337512029052,0.,11.6937693681363));
#4154=CARTESIAN_POINT('Origin',(0.,4.,0.));
#4155=CARTESIAN_POINT('Origin',(0.,0.,0.));
#4156=CARTESIAN_POINT('Ctrl Pts',(-3.37511144390196,4.,-12.9679845288789));
#4157=CARTESIAN_POINT('Ctrl Pts',(-3.37511144390196,3.75820733406194,-12.9679845288789));
#4158=CARTESIAN_POINT('Ctrl Pts',(-3.3718961161937,3.4943732402229,-12.9930126290433));
#4159=CARTESIAN_POINT('Ctrl Pts',(-3.35813535031566,2.97864328201573,-13.1001263847734));
#4160=CARTESIAN_POINT('Ctrl Pts',(-3.34759807018982,2.72673401305696,-13.1821485381522));
#4161=CARTESIAN_POINT('Ctrl Pts',(-3.32264367182094,2.27434907272923,-13.3763934918827));
#4162=CARTESIAN_POINT('Ctrl Pts',(-3.30571808873317,2.03320999048568,-13.508142174225));
#4163=CARTESIAN_POINT('Ctrl Pts',(-3.265681193005,1.58469906592873,-13.8197892371302));
#4164=CARTESIAN_POINT('Ctrl Pts',(-3.24258196413691,1.37726079495133,-13.9995935576497));
#4165=CARTESIAN_POINT('Ctrl Pts',(-3.19564316447361,1.02354619220893,-14.3649650177821));
#4166=CARTESIAN_POINT('Ctrl Pts',(-3.16732492821834,0.845799237625262,-14.5853940744085));
#4167=CARTESIAN_POINT('Ctrl Pts',(-3.11014210298881,0.557590969983071,-15.030504995405));
#4168=CARTESIAN_POINT('Ctrl Pts',(-3.08173839086105,0.44144046836147,-15.251599395938));
#4169=CARTESIAN_POINT('Ctrl Pts',(-3.05429161678753,0.34987947094593,-15.4652449938463));
#4170=CARTESIAN_POINT('Origin',(6.66607853673097,0.,1.14679364467106));
#4171=CARTESIAN_POINT('',(2.1134157261528,0.,-16.6161493060556));
#4172=CARTESIAN_POINT('Origin',(6.66607853673097,0.,1.14679364467106));
#4173=CARTESIAN_POINT('',(23.4559977538329,0.,-2.07814084519989));
#4174=CARTESIAN_POINT('',(23.4312751826551,0.,-1.8857004336595));
#4175=CARTESIAN_POINT('',(22.5168915674334,0.,-2.19878660425966));
#4176=CARTESIAN_POINT('',(-4.31576462591394,0.,-5.64594329529124));
#4177=CARTESIAN_POINT('',(23.5279923540515,0.,-2.63854657334328));
#4178=CARTESIAN_POINT('',(24.5946754312351,0.,-3.10248105272719));
#4179=CARTESIAN_POINT('',(24.0867342583961,0.,-6.98779169447741));
#4180=CARTESIAN_POINT('',(23.4312751826551,0.,-1.8857004336595));
#4181=CARTESIAN_POINT('',(10.2008530685227,0.,-8.77169291952308));
#4182=CARTESIAN_POINT('',(24.0867342583961,0.,-6.98779169447741));
#4183=CARTESIAN_POINT('',(6.07306352131275,0.,23.3590071577142));
#4184=CARTESIAN_POINT('',(-3.37511144389522,0.,-12.9679845288806));
#4185=CARTESIAN_POINT('',(-4.18552885835324,0.,-6.65969807590842));
#4186=CARTESIAN_POINT('',(6.5433751202967,0.,-11.6937693681328));
#4187=CARTESIAN_POINT('Origin',(0.,0.,0.));
#4188=CARTESIAN_POINT('',(5.97407073353706,0.,-7.2623059191318));
#4189=CARTESIAN_POINT('',(7.25739053147236,0.,-17.2516629488551));
#4190=CARTESIAN_POINT('',(-3.94441583065555,0.,-8.53652107987837));
#4191=CARTESIAN_POINT('',(-10.9904989259176,0.,-9.44172227622579));
#4192=CARTESIAN_POINT('',(-4.31576462591394,0.,-5.64594329529124));
#4193=CARTESIAN_POINT('',(-4.65585544935939,0.,-2.99867745911331));
#4194=CARTESIAN_POINT('',(-4.1132026283309,0.,-5.6199204170385));
#4195=CARTESIAN_POINT('',(1.61652877764801,0.,-4.88382922235346));
#4196=CARTESIAN_POINT('',(5.40015994068528,0.,-4.39775101279875));
#4197=CARTESIAN_POINT('Origin',(0.,0.,0.));
#4198=CARTESIAN_POINT('',(6.20269838176967,0.,-4.29464993562399));
#4199=CARTESIAN_POINT('',(6.7744792826983,0.,-4.2211939816462));
#4200=CARTESIAN_POINT('',(5.72560518504161,0.,-3.96476816731813));
#4201=CARTESIAN_POINT('',(4.84816580536276,0.,-3.35807065803749));
#4202=CARTESIAN_POINT('Origin',(0.,0.,0.));
#4203=CARTESIAN_POINT('Origin',(-4.1132026283309,0.,-5.6199204170385));
#4204=CARTESIAN_POINT('',(-4.31576462591394,0.,-5.64594329529124));
#4205=CARTESIAN_POINT('',(-4.1132026283309,0.,-5.6199204170385));
#4206=CARTESIAN_POINT('Origin',(-5.04437035719192,0.,-4.70790056176673));
#4207=CARTESIAN_POINT('',(-5.66277190032792,0.,-4.05400490384644));
#4208=CARTESIAN_POINT('',(-5.59421633637638,0.,-3.99539133433548));
#4209=CARTESIAN_POINT('Origin',(-5.04437035719192,0.,-4.70790056176673));
#4210=CARTESIAN_POINT('',(-5.66277190032792,0.,-4.05400490384644));
#4211=CARTESIAN_POINT('',(-5.59421633637638,0.,-3.99539133433548));
#4212=CARTESIAN_POINT('Origin',(-5.69517196098567,0.,-4.00836097306083));
#4213=CARTESIAN_POINT('',(-5.69517196098567,0.,-4.00836097306083));
#4214=CARTESIAN_POINT('',(-6.33045093640354,0.,-4.08997444267053));
#4215=CARTESIAN_POINT('',(-5.69517196098567,0.,-4.00836097306083));
#4216=CARTESIAN_POINT('Origin',(-5.60272193826701,0.,4.37172813453581));
#4217=CARTESIAN_POINT('',(-5.40015994069471,0.,4.39775101278717));
#4218=CARTESIAN_POINT('',(-5.60272193826701,0.,4.37172813453581));
#4219=CARTESIAN_POINT('Origin',(0.,0.,0.));
#4220=CARTESIAN_POINT('',(-9.0134291016573,0.,2.66797597991387));
#4221=CARTESIAN_POINT('Origin',(0.,0.,0.));
#4222=CARTESIAN_POINT('',(-9.0134291016573,0.,2.66797597991387));
#4223=CARTESIAN_POINT('Origin',(-8.04636778875862,0.,-4.85962605639854));
#4224=CARTESIAN_POINT('',(-8.04636778875862,0.,-4.85962605639854));
#4225=CARTESIAN_POINT('',(-8.30648461234267,0.,-2.83487756861001));
#4226=CARTESIAN_POINT('',(-8.04636778875862,0.,-4.85962605639854));
#4227=CARTESIAN_POINT('Origin',(0.,0.,0.));
#4228=CARTESIAN_POINT('Origin',(0.,0.,0.));
#4229=CARTESIAN_POINT('Origin',(-6.19427027277626,0.,-0.637107580372165));
#4230=CARTESIAN_POINT('',(-5.72092935885066,0.,-3.97151213350722));
#4231=CARTESIAN_POINT('',(-4.35636233593898,0.,-5.43360364339972));
#4232=CARTESIAN_POINT('Origin',(-5.04437035719192,0.,-4.70790056176673));
#4233=CARTESIAN_POINT('Origin',(0.,0.,0.));
#4234=CARTESIAN_POINT('Origin',(0.,0.,0.));
#4235=CARTESIAN_POINT('Origin',(6.66607853673097,0.,1.14679364467106));
#4236=CARTESIAN_POINT('Origin',(-0.0787456475224266,13.,-15.0829804456214));
#4237=CARTESIAN_POINT('',(-0.0787456475224266,13.,-13.8329804456214));
#4238=CARTESIAN_POINT('Origin',(-0.0787456475224266,13.,-15.0829804456214));
#4239=CARTESIAN_POINT('Origin',(-3.88864897815517,13.2,14.5732943813186));
#4240=CARTESIAN_POINT('',(-3.88864897815517,13.2,13.3232943813186));
#4241=CARTESIAN_POINT('Origin',(-3.88864897815517,13.2,14.5732943813186));
#4242=CARTESIAN_POINT('Origin',(6.66607853673097,0.,1.14679364467106));
#4243=CARTESIAN_POINT('Origin',(0.,0.,0.));
#4244=CARTESIAN_POINT('',(-11.6259293859152,0.,-2.53924514643884));
#4245=CARTESIAN_POINT('',(-11.624084935536,0.,-2.53884229592103));
#4246=CARTESIAN_POINT('',(15.9266077458583,0.,3.47856589143801));
#4247=CARTESIAN_POINT('',(-11.6262201246043,0.,-2.53791363411889));
#4248=CARTESIAN_POINT('',(10.618166434634,0.,-12.2127065677635));
#4249=CARTESIAN_POINT('Origin',(0.,0.,0.));
#4250=CARTESIAN_POINT('Origin',(6.20269838176967,0.,-4.29464993562399));
#4251=CARTESIAN_POINT('',(5.40015994068528,8.,-4.39775101279875));
#4252=CARTESIAN_POINT('',(5.40015994068528,0.,-4.39775101279875));
#4253=CARTESIAN_POINT('',(6.20269838176967,8.,-4.29464993562399));
#4254=CARTESIAN_POINT('',(-4.31576462591394,8.,-5.64594329529124));
#4255=CARTESIAN_POINT('',(6.20269838176967,0.,-4.29464993562399));
#4256=CARTESIAN_POINT('Origin',(5.72560518504161,0.,-3.96476816731813));
#4257=CARTESIAN_POINT('',(5.72560518504161,8.,-3.96476816731813));
#4258=CARTESIAN_POINT('',(7.72900381679295,8.,-5.35));
#4259=CARTESIAN_POINT('',(5.72560518504161,0.,-3.96476816731813));
#4260=CARTESIAN_POINT('Origin',(5.80142916122748,8.,-4.18125959005844));
#4261=CARTESIAN_POINT('Origin',(0.,8.,0.));
#4262=CARTESIAN_POINT('Origin',(0.,0.,0.));
#4263=CARTESIAN_POINT('',(9.27232381536325,0.,-1.5440243077905));
#4264=CARTESIAN_POINT('Origin',(0.,0.,0.));
#4265=CARTESIAN_POINT('',(9.27232381536325,0.,-1.5440243077905));
#4266=CARTESIAN_POINT('Origin',(6.66607853673097,0.,1.14679364467106));
#4267=CARTESIAN_POINT('',(9.28749158815231,0.,-1.45));
#4268=CARTESIAN_POINT('',(8.58095200018832,0.,3.83761159713484));
#4269=CARTESIAN_POINT('Origin',(0.,0.,0.));
#4270=CARTESIAN_POINT('',(8.57757929393563,0.,3.86386473136433));
#4271=CARTESIAN_POINT('',(6.07306352131275,0.,23.3590071577142));
#4272=CARTESIAN_POINT('',(8.56710761633918,0.,3.86841919782011));
#4273=CARTESIAN_POINT('',(24.5946754312351,0.,-3.10248105272719));
#4274=CARTESIAN_POINT('Origin',(0.,0.,0.));
#4275=CARTESIAN_POINT('Origin',(0.,0.,0.));
#4276=CARTESIAN_POINT('Origin',(0.,0.,0.));
#4277=CARTESIAN_POINT('Origin',(-4.61026046939521,0.,-17.4799313043342));
#4278=CARTESIAN_POINT('',(26.7321570734619,-2.,-13.453411396374));
#4279=CARTESIAN_POINT('',(26.7321570734619,0.,-13.453411396374));
#4280=CARTESIAN_POINT('',(-4.61026046939521,-2.,-17.4799313043342));
#4281=CARTESIAN_POINT('Origin',(5.77913451995712,14.,10.8246212893908));
#4282=CARTESIAN_POINT('',(7.75056415659981,14.2220833279076,11.077888309021));
#4283=CARTESIAN_POINT('Origin',(23.5220012497414,15.9987499511681,13.1040244660626));
#4284=CARTESIAN_POINT('',(21.5383039369088,0.124242084779689,12.849181433914));
#4285=CARTESIAN_POINT('Origin',(-6.86419494740725,0.,14.1910298330954));
#4286=CARTESIAN_POINT('Origin',(-5.04437035719192,0.,-4.70790056176673));
#4287=CARTESIAN_POINT('',(-5.72092935885066,-2.,-3.97151213350722));
#4288=CARTESIAN_POINT('',(-5.72092935885066,0.,-3.97151213350722));
#4289=CARTESIAN_POINT('',(-4.35636233593898,-2.,-5.43360364339972));
#4290=CARTESIAN_POINT('Origin',(-5.04437035719192,-2.,-4.70790056176673));
#4291=CARTESIAN_POINT('',(-4.35636233593898,0.,-5.43360364339972));
#4292=CARTESIAN_POINT('Origin',(0.,0.,0.));
#4293=CARTESIAN_POINT('Origin',(0.,-2.,0.));
#4294=CARTESIAN_POINT('Origin',(-5.97407073353055,0.,7.26230591913264));
#4295=CARTESIAN_POINT('',(-6.54337512029052,-2.,11.6937693681363));
#4296=CARTESIAN_POINT('',(-6.54337512029052,0.,11.6937693681363));
#4297=CARTESIAN_POINT('',(-5.97407073353055,-2.,7.26230591913264));
#4298=CARTESIAN_POINT('',(-6.23345844283673,-2.,9.28137898381248));
#4299=CARTESIAN_POINT('',(-5.97407073353055,0.,7.26230591913264));
#4300=CARTESIAN_POINT('Origin',(3.94441583065824,0.,8.53652107987872));
#4301=CARTESIAN_POINT('',(3.94441583065824,-2.,8.53652107987871));
#4302=CARTESIAN_POINT('',(-12.829348079957,-2.,6.38161729094271));
#4303=CARTESIAN_POINT('',(3.94441583065824,0.,8.53652107987871));
#4304=CARTESIAN_POINT('Origin',(3.3751114438986,0.,12.9679845288797));
#4305=CARTESIAN_POINT('',(3.3751114438986,-2.,12.9679845288798));
#4306=CARTESIAN_POINT('',(7.25739053147236,-2.,-17.2516629488551));
#4307=CARTESIAN_POINT('',(3.3751114438986,0.,12.9679845288798));
#4308=CARTESIAN_POINT('Origin',(0.,0.,0.));
#4309=CARTESIAN_POINT('Origin',(0.,-2.,0.));
#4310=CARTESIAN_POINT('Origin',(10.8315895730924,0.,-13.6813437687998));
#4311=CARTESIAN_POINT('',(10.2008530685227,-2.,-8.77169291952308));
#4312=CARTESIAN_POINT('',(10.2008530685227,0.,-8.77169291952308));
#4313=CARTESIAN_POINT('',(6.07306352131275,-2.,23.3590071577142));
#4314=CARTESIAN_POINT('Origin',(24.0867342583961,0.,-6.98779169447741));
#4315=CARTESIAN_POINT('',(24.0867342583961,-2.,-6.98779169447741));
#4316=CARTESIAN_POINT('',(24.7174707629724,-2.,-11.8974425437532));
#4317=CARTESIAN_POINT('',(24.0867342583961,0.,-6.98779169447741));
#4318=CARTESIAN_POINT('',(23.5279923540515,-2.,-2.63854657334328));
#4319=CARTESIAN_POINT('',(23.5279923540515,0.,-2.63854657334328));
#4320=CARTESIAN_POINT('',(23.4559977538329,-2.,-2.07814084519989));
#4321=CARTESIAN_POINT('',(23.4559977538329,-2.,-2.07814084519989));
#4322=CARTESIAN_POINT('',(23.4559977538329,0.,-2.07814084519989));
#4323=CARTESIAN_POINT('Origin',(10.2008530685227,0.,-8.77169291952308));
#4324=CARTESIAN_POINT('',(24.0867342583961,-2.,-6.98779169447741));
#4325=CARTESIAN_POINT('Origin',(8.56710761633918,0.,3.86841919782011));
#4326=CARTESIAN_POINT('',(8.57757929393563,-2.,3.86386473136433));
#4327=CARTESIAN_POINT('',(8.57757929393563,0.,3.86386473136433));
#4328=CARTESIAN_POINT('',(8.56710761633918,-2.,3.86841919782011));
#4329=CARTESIAN_POINT('',(24.5946754312351,-2.,-3.10248105272719));
#4330=CARTESIAN_POINT('',(8.56710761633918,0.,3.86841919782011));
#4331=CARTESIAN_POINT('Origin',(0.,0.,0.));
#4332=CARTESIAN_POINT('',(8.58095200018832,-2.,3.83761159713484));
#4333=CARTESIAN_POINT('Origin',(0.,-2.,0.));
#4334=CARTESIAN_POINT('',(8.58095200018832,0.,3.83761159713484));
#4335=CARTESIAN_POINT('',(9.28749158815231,0.,-1.45));
#4336=CARTESIAN_POINT('Origin',(8.57757929393563,0.,3.86386473136433));
#4337=CARTESIAN_POINT('',(6.07306352131275,-2.,23.3590071577142));
#4338=CARTESIAN_POINT('Origin',(9.27232381536325,0.,-1.5440243077905));
#4339=CARTESIAN_POINT('',(9.26024463395891,-2.,-1.45));
#4340=CARTESIAN_POINT('',(9.26024463395891,0.,-1.45));
#4341=CARTESIAN_POINT('',(9.27232381536325,-2.,-1.5440243077905));
#4342=CARTESIAN_POINT('',(6.07306352131275,-2.,23.3590071577142));
#4343=CARTESIAN_POINT('',(9.27232381536325,0.,-1.5440243077905));
#4344=CARTESIAN_POINT('Origin',(0.,0.,0.));
#4345=CARTESIAN_POINT('',(9.28749158815231,-2.,-1.45));
#4346=CARTESIAN_POINT('Origin',(0.,-2.,0.));
#4347=CARTESIAN_POINT('',(9.28749158815231,0.,-1.45));
#4348=CARTESIAN_POINT('Origin',(9.26024463395891,0.,-1.45));
#4349=CARTESIAN_POINT('',(-17.5000002607703,-2.,-1.45));
#4350=CARTESIAN_POINT('Origin',(0.,0.,0.));
#4351=CARTESIAN_POINT('',(-3.37511144389523,-2.,-12.9679845288806));
#4352=CARTESIAN_POINT('',(-3.37511144389522,0.,-12.9679845288806));
#4353=CARTESIAN_POINT('',(6.5433751202967,-2.,-11.6937693681328));
#4354=CARTESIAN_POINT('Origin',(0.,-2.,0.));
#4355=CARTESIAN_POINT('',(6.5433751202967,0.,-11.6937693681328));
#4356=CARTESIAN_POINT('Origin',(5.97407073353706,0.,-7.2623059191318));
#4357=CARTESIAN_POINT('',(5.97407073353706,-2.,-7.2623059191318));
#4358=CARTESIAN_POINT('',(7.25739053147236,-2.,-17.2516629488551));
#4359=CARTESIAN_POINT('',(5.97407073353706,0.,-7.2623059191318));
#4360=CARTESIAN_POINT('Origin',(-3.94441583065555,0.,-8.53652107987837));
#4361=CARTESIAN_POINT('',(-3.94441583065555,-2.,-8.53652107987837));
#4362=CARTESIAN_POINT('',(-10.9904989259176,-2.,-9.44172227622579));
#4363=CARTESIAN_POINT('',(-3.94441583065555,0.,-8.53652107987837));
#4364=CARTESIAN_POINT('Origin',(-3.37511144390163,0.,-12.9679845288815));
#4365=CARTESIAN_POINT('',(-3.68502812135074,-2.,-10.5555941445688));
#4366=CARTESIAN_POINT('Origin',(-11.6262201246043,0.,-2.5379136341189));
#4367=CARTESIAN_POINT('',(-11.624084935536,-2.,-2.53884229592102));
#4368=CARTESIAN_POINT('',(-11.624084935536,0.,-2.53884229592103));
#4369=CARTESIAN_POINT('',(-11.6262201246043,-2.,-2.5379136341189));
#4370=CARTESIAN_POINT('',(10.618166434634,-2.,-12.2127065677635));
#4371=CARTESIAN_POINT('',(-11.6262201246043,0.,-2.53791363411889));
#4372=CARTESIAN_POINT('Origin',(0.,0.,0.));
#4373=CARTESIAN_POINT('',(-11.6259293859152,-2.,-2.53924514643884));
#4374=CARTESIAN_POINT('Origin',(0.,-2.,0.));
#4375=CARTESIAN_POINT('',(-11.6259293859152,0.,-2.53924514643884));
#4376=CARTESIAN_POINT('Origin',(-11.624084935536,0.,-2.53884229592103));
#4377=CARTESIAN_POINT('',(15.9266077458583,-2.,3.47856589143801));
#4378=CARTESIAN_POINT('Origin',(22.5168915674334,0.,-2.19878660425966));
#4379=CARTESIAN_POINT('',(22.5168915674334,-2.,-2.19878660425966));
#4380=CARTESIAN_POINT('',(-4.31576462591394,-2.,-5.64594329529124));
#4381=CARTESIAN_POINT('',(22.5168915674334,0.,-2.19878660425966));
#4382=CARTESIAN_POINT('Origin',(23.5279923540515,0.,-2.63854657334328));
#4383=CARTESIAN_POINT('',(24.5946754312351,-2.,-3.10248105272719));
#4384=CARTESIAN_POINT('Origin',(20.9075674323396,0.,17.7588322831867));
#4385=CARTESIAN_POINT('',(21.5383039369101,-2.,12.8491814339038));
#4386=CARTESIAN_POINT('',(21.5383039369101,0.,12.8491814339038));
#4387=CARTESIAN_POINT('',(21.5383039369101,-2.,12.8491814339038));
#4388=CARTESIAN_POINT('Origin',(7.65242274702887,0.,11.0652802088675));
#4389=CARTESIAN_POINT('',(7.65242274702887,-2.,11.0652802088675));
#4390=CARTESIAN_POINT('',(6.07306352131275,-2.,23.3590071577142));
#4391=CARTESIAN_POINT('',(7.65242274702887,0.,11.0652802088675));
#4392=CARTESIAN_POINT('Origin',(21.5383039369101,0.,12.8491814339038));
#4393=CARTESIAN_POINT('',(21.5383039369101,-2.,12.8491814339038));
#4394=CARTESIAN_POINT('Origin',(26.7321570734489,0.,-13.4534113963756));
#4395=CARTESIAN_POINT('',(25.0119666064536,-2.,-0.0634545347102902));
#4396=CARTESIAN_POINT('Origin',(0.,0.,0.));
#4397=CARTESIAN_POINT('Origin',(0.,-2.,0.));
#4398=CARTESIAN_POINT('Origin',(0.,0.,0.));
#4399=CARTESIAN_POINT('Origin',(0.,-2.,0.));
#4400=CARTESIAN_POINT('Origin',(6.66607853673097,-2.,1.14679364467106));
#4401=UNCERTAINTY_MEASURE_WITH_UNIT(LENGTH_MEASURE(0.01),#4405,
'DISTANCE_ACCURACY_VALUE',
'Maximum model space distance between geometric entities at asserted c
onnectivities');
#4402=UNCERTAINTY_MEASURE_WITH_UNIT(LENGTH_MEASURE(0.01),#4405,
'DISTANCE_ACCURACY_VALUE',
'Maximum model space distance between geometric entities at asserted c
onnectivities');
#4403=(
GEOMETRIC_REPRESENTATION_CONTEXT(3)
GLOBAL_UNCERTAINTY_ASSIGNED_CONTEXT((#4401))
GLOBAL_UNIT_ASSIGNED_CONTEXT((#4405,#4407,#4408))
REPRESENTATION_CONTEXT('','3D')
);
#4404=(
GEOMETRIC_REPRESENTATION_CONTEXT(3)
GLOBAL_UNCERTAINTY_ASSIGNED_CONTEXT((#4402))
GLOBAL_UNIT_ASSIGNED_CONTEXT((#4405,#4407,#4408))
REPRESENTATION_CONTEXT('','3D')
);
#4405=(
LENGTH_UNIT()
NAMED_UNIT(*)
SI_UNIT(.MILLI.,.METRE.)
);
#4406=(
LENGTH_UNIT()
NAMED_UNIT(*)
SI_UNIT($,.METRE.)
);
#4407=(
NAMED_UNIT(*)
PLANE_ANGLE_UNIT()
SI_UNIT($,.RADIAN.)
);
#4408=(
NAMED_UNIT(*)
SI_UNIT($,.STERADIAN.)
SOLID_ANGLE_UNIT()
);
#4409=SHAPE_DEFINITION_REPRESENTATION(#4410,#4411);
#4410=PRODUCT_DEFINITION_SHAPE('',$,#4413);
#4411=SHAPE_REPRESENTATION('',(#2323),#4403);
#4412=PRODUCT_DEFINITION_CONTEXT('part definition',#4417,'design');
#4413=PRODUCT_DEFINITION('adaptateur_bouton','adaptateur_bouton v21',#4414,
#4412);
#4414=PRODUCT_DEFINITION_FORMATION('',$,#4419);
#4415=PRODUCT_RELATED_PRODUCT_CATEGORY('adaptateur_bouton v21',
'adaptateur_bouton v21',(#4419));
#4416=APPLICATION_PROTOCOL_DEFINITION('international standard',
'automotive_design',2009,#4417);
#4417=APPLICATION_CONTEXT(
'Core Data for Automotive Mechanical Design Process');
#4418=PRODUCT_CONTEXT('part definition',#4417,'mechanical');
#4419=PRODUCT('adaptateur_bouton','adaptateur_bouton v21',$,(#4418));
#4420=PRESENTATION_STYLE_ASSIGNMENT((#4421));
#4421=SURFACE_STYLE_USAGE(.BOTH.,#4422);
#4422=SURFACE_SIDE_STYLE('',(#4423));
#4423=SURFACE_STYLE_FILL_AREA(#4424);
#4424=FILL_AREA_STYLE('Acier - Satin\X\E9',(#4425));
#4425=FILL_AREA_STYLE_COLOUR('Acier - Satin\X\E9',#4426);
#4426=COLOUR_RGB('Acier - Satin\X\E9',0.627450980392157,0.627450980392157,
0.627450980392157);
ENDSEC;
END-ISO-10303-21;
