ISO-10303-21;
HEADER;
/* Generated by software containing ST-Developer
 * from STEP Tools, Inc. (www.steptools.com) 
 */

FILE_DESCRIPTION(
/* description */ (''),
/* implementation_level */ '2;1');

FILE_NAME(
/* name */ 'anniv_lea_3.step',
/* time_stamp */ '2025-11-14T19:17:18+01:00',
/* author */ (''),
/* organization */ (''),
/* preprocessor_version */ 'ST-DEVELOPER v20.1',
/* originating_system */ 'Autodesk Translation Framework v14.17.0.0',
/* authorisation */ '');

FILE_SCHEMA (('AUTOMOTIVE_DESIGN { 1 0 10303 214 3 1 1 }'));
ENDSEC;

DATA;
#10=MECHANICAL_DESIGN_GEOMETRIC_PRESENTATION_REPRESENTATION('',(#13),#2429);
#11=SHAPE_REPRESENTATION_RELATIONSHIP('SRR','None',#2436,#12);
#12=ADVANCED_BREP_SHAPE_REPRESENTATION('',(#14),#2428);
#13=STYLED_ITEM('',(#2445),#14);
#14=MANIFOLD_SOLID_BREP('Corps25',#1317);
#15=PLANE('',#1331);
#16=PLANE('',#1332);
#17=PLANE('',#1333);
#18=FACE_OUTER_BOUND('',#88,.T.);
#19=FACE_OUTER_BOUND('',#89,.T.);
#20=FACE_OUTER_BOUND('',#90,.T.);
#21=FACE_OUTER_BOUND('',#91,.T.);
#22=FACE_OUTER_BOUND('',#92,.T.);
#23=FACE_OUTER_BOUND('',#93,.T.);
#24=FACE_OUTER_BOUND('',#94,.T.);
#25=FACE_OUTER_BOUND('',#95,.T.);
#26=FACE_OUTER_BOUND('',#96,.T.);
#27=FACE_OUTER_BOUND('',#97,.T.);
#28=FACE_OUTER_BOUND('',#98,.T.);
#29=FACE_OUTER_BOUND('',#99,.T.);
#30=FACE_OUTER_BOUND('',#100,.T.);
#31=FACE_OUTER_BOUND('',#101,.T.);
#32=FACE_OUTER_BOUND('',#102,.T.);
#33=FACE_OUTER_BOUND('',#103,.T.);
#34=FACE_OUTER_BOUND('',#104,.T.);
#35=FACE_OUTER_BOUND('',#105,.T.);
#36=FACE_OUTER_BOUND('',#106,.T.);
#37=FACE_OUTER_BOUND('',#107,.T.);
#38=FACE_OUTER_BOUND('',#108,.T.);
#39=FACE_OUTER_BOUND('',#109,.T.);
#40=FACE_OUTER_BOUND('',#110,.T.);
#41=FACE_OUTER_BOUND('',#111,.T.);
#42=FACE_OUTER_BOUND('',#112,.T.);
#43=FACE_OUTER_BOUND('',#113,.T.);
#44=FACE_OUTER_BOUND('',#114,.T.);
#45=FACE_OUTER_BOUND('',#115,.T.);
#46=FACE_OUTER_BOUND('',#116,.T.);
#47=FACE_OUTER_BOUND('',#117,.T.);
#48=FACE_OUTER_BOUND('',#118,.T.);
#49=FACE_OUTER_BOUND('',#119,.T.);
#50=FACE_OUTER_BOUND('',#120,.T.);
#51=FACE_OUTER_BOUND('',#121,.T.);
#52=FACE_OUTER_BOUND('',#122,.T.);
#53=FACE_OUTER_BOUND('',#123,.T.);
#54=FACE_OUTER_BOUND('',#124,.T.);
#55=FACE_OUTER_BOUND('',#125,.T.);
#56=FACE_OUTER_BOUND('',#126,.T.);
#57=FACE_OUTER_BOUND('',#127,.T.);
#58=FACE_OUTER_BOUND('',#128,.T.);
#59=FACE_OUTER_BOUND('',#129,.T.);
#60=FACE_OUTER_BOUND('',#130,.T.);
#61=FACE_OUTER_BOUND('',#131,.T.);
#62=FACE_OUTER_BOUND('',#132,.T.);
#63=FACE_OUTER_BOUND('',#133,.T.);
#64=FACE_OUTER_BOUND('',#134,.T.);
#65=FACE_OUTER_BOUND('',#135,.T.);
#66=FACE_OUTER_BOUND('',#136,.T.);
#67=FACE_OUTER_BOUND('',#137,.T.);
#68=FACE_OUTER_BOUND('',#138,.T.);
#69=FACE_OUTER_BOUND('',#139,.T.);
#70=FACE_OUTER_BOUND('',#140,.T.);
#71=FACE_OUTER_BOUND('',#141,.T.);
#72=FACE_OUTER_BOUND('',#142,.T.);
#73=FACE_OUTER_BOUND('',#143,.T.);
#74=FACE_OUTER_BOUND('',#144,.T.);
#75=FACE_OUTER_BOUND('',#145,.T.);
#76=FACE_OUTER_BOUND('',#146,.T.);
#77=FACE_OUTER_BOUND('',#147,.T.);
#78=FACE_OUTER_BOUND('',#148,.T.);
#79=FACE_OUTER_BOUND('',#149,.T.);
#80=FACE_OUTER_BOUND('',#150,.T.);
#81=FACE_OUTER_BOUND('',#151,.T.);
#82=FACE_OUTER_BOUND('',#152,.T.);
#83=FACE_OUTER_BOUND('',#153,.T.);
#84=FACE_OUTER_BOUND('',#154,.T.);
#85=FACE_OUTER_BOUND('',#155,.T.);
#86=FACE_OUTER_BOUND('',#156,.T.);
#87=FACE_OUTER_BOUND('',#157,.T.);
#88=EDGE_LOOP('',(#772,#773,#774,#775));
#89=EDGE_LOOP('',(#776,#777,#778,#779));
#90=EDGE_LOOP('',(#780,#781,#782,#783));
#91=EDGE_LOOP('',(#784,#785,#786,#787));
#92=EDGE_LOOP('',(#788,#789,#790,#791));
#93=EDGE_LOOP('',(#792,#793,#794,#795));
#94=EDGE_LOOP('',(#796,#797,#798,#799));
#95=EDGE_LOOP('',(#800,#801,#802,#803));
#96=EDGE_LOOP('',(#804,#805,#806,#807));
#97=EDGE_LOOP('',(#808,#809,#810,#811));
#98=EDGE_LOOP('',(#812,#813,#814,#815));
#99=EDGE_LOOP('',(#816,#817,#818,#819));
#100=EDGE_LOOP('',(#820,#821,#822,#823));
#101=EDGE_LOOP('',(#824,#825,#826,#827));
#102=EDGE_LOOP('',(#828,#829,#830,#831));
#103=EDGE_LOOP('',(#832,#833,#834,#835));
#104=EDGE_LOOP('',(#836,#837,#838,#839));
#105=EDGE_LOOP('',(#840,#841,#842,#843));
#106=EDGE_LOOP('',(#844,#845,#846,#847));
#107=EDGE_LOOP('',(#848,#849,#850,#851));
#108=EDGE_LOOP('',(#852,#853,#854,#855));
#109=EDGE_LOOP('',(#856,#857,#858,#859));
#110=EDGE_LOOP('',(#860,#861,#862,#863));
#111=EDGE_LOOP('',(#864,#865,#866,#867));
#112=EDGE_LOOP('',(#868,#869,#870,#871));
#113=EDGE_LOOP('',(#872,#873,#874,#875));
#114=EDGE_LOOP('',(#876,#877,#878,#879));
#115=EDGE_LOOP('',(#880,#881,#882,#883));
#116=EDGE_LOOP('',(#884,#885,#886,#887));
#117=EDGE_LOOP('',(#888,#889,#890,#891));
#118=EDGE_LOOP('',(#892,#893,#894,#895));
#119=EDGE_LOOP('',(#896,#897,#898,#899));
#120=EDGE_LOOP('',(#900,#901,#902,#903));
#121=EDGE_LOOP('',(#904,#905,#906,#907));
#122=EDGE_LOOP('',(#908,#909,#910,#911));
#123=EDGE_LOOP('',(#912,#913,#914,#915));
#124=EDGE_LOOP('',(#916,#917,#918,#919));
#125=EDGE_LOOP('',(#920,#921,#922,#923));
#126=EDGE_LOOP('',(#924,#925,#926,#927));
#127=EDGE_LOOP('',(#928,#929,#930,#931));
#128=EDGE_LOOP('',(#932,#933,#934,#935));
#129=EDGE_LOOP('',(#936,#937,#938,#939));
#130=EDGE_LOOP('',(#940,#941,#942,#943));
#131=EDGE_LOOP('',(#944,#945,#946,#947));
#132=EDGE_LOOP('',(#948,#949,#950,#951));
#133=EDGE_LOOP('',(#952,#953,#954,#955));
#134=EDGE_LOOP('',(#956,#957,#958,#959));
#135=EDGE_LOOP('',(#960,#961,#962,#963));
#136=EDGE_LOOP('',(#964,#965,#966,#967));
#137=EDGE_LOOP('',(#968,#969,#970,#971));
#138=EDGE_LOOP('',(#972,#973,#974,#975));
#139=EDGE_LOOP('',(#976,#977,#978,#979));
#140=EDGE_LOOP('',(#980,#981,#982,#983));
#141=EDGE_LOOP('',(#984,#985,#986,#987));
#142=EDGE_LOOP('',(#988,#989,#990,#991));
#143=EDGE_LOOP('',(#992,#993,#994,#995));
#144=EDGE_LOOP('',(#996,#997,#998,#999));
#145=EDGE_LOOP('',(#1000,#1001,#1002,#1003));
#146=EDGE_LOOP('',(#1004,#1005,#1006,#1007));
#147=EDGE_LOOP('',(#1008,#1009,#1010,#1011));
#148=EDGE_LOOP('',(#1012,#1013,#1014,#1015));
#149=EDGE_LOOP('',(#1016,#1017,#1018,#1019));
#150=EDGE_LOOP('',(#1020,#1021,#1022,#1023));
#151=EDGE_LOOP('',(#1024,#1025,#1026,#1027));
#152=EDGE_LOOP('',(#1028,#1029,#1030,#1031));
#153=EDGE_LOOP('',(#1032,#1033,#1034,#1035));
#154=EDGE_LOOP('',(#1036,#1037,#1038,#1039));
#155=EDGE_LOOP('',(#1040,#1041,#1042,#1043));
#156=EDGE_LOOP('',(#1044,#1045,#1046,#1047,#1048,#1049,#1050,#1051,#1052,
#1053,#1054,#1055,#1056,#1057,#1058,#1059,#1060,#1061,#1062,#1063,#1064,
#1065,#1066,#1067,#1068,#1069,#1070,#1071,#1072,#1073,#1074,#1075,#1076,
#1077,#1078,#1079,#1080,#1081,#1082,#1083,#1084,#1085,#1086,#1087,#1088,
#1089,#1090,#1091,#1092,#1093,#1094,#1095,#1096,#1097,#1098,#1099,#1100,
#1101,#1102,#1103,#1104,#1105,#1106,#1107,#1108,#1109,#1110,#1111));
#157=EDGE_LOOP('',(#1112,#1113,#1114,#1115,#1116,#1117,#1118,#1119,#1120,
#1121,#1122,#1123,#1124,#1125,#1126,#1127,#1128,#1129,#1130,#1131,#1132,
#1133,#1134,#1135,#1136,#1137,#1138,#1139,#1140,#1141,#1142,#1143,#1144,
#1145,#1146,#1147,#1148,#1149,#1150,#1151,#1152,#1153,#1154,#1155,#1156,
#1157,#1158,#1159,#1160,#1161,#1162,#1163,#1164,#1165,#1166,#1167,#1168,
#1169,#1170,#1171,#1172,#1173,#1174,#1175,#1176,#1177,#1178,#1179));
#158=LINE('',#1425,#228);
#159=LINE('',#1430,#229);
#160=LINE('',#1445,#230);
#161=LINE('',#1460,#231);
#162=LINE('',#1475,#232);
#163=LINE('',#1490,#233);
#164=LINE('',#1505,#234);
#165=LINE('',#1520,#235);
#166=LINE('',#1535,#236);
#167=LINE('',#1550,#237);
#168=LINE('',#1565,#238);
#169=LINE('',#1580,#239);
#170=LINE('',#1595,#240);
#171=LINE('',#1610,#241);
#172=LINE('',#1625,#242);
#173=LINE('',#1640,#243);
#174=LINE('',#1655,#244);
#175=LINE('',#1670,#245);
#176=LINE('',#1685,#246);
#177=LINE('',#1700,#247);
#178=LINE('',#1715,#248);
#179=LINE('',#1730,#249);
#180=LINE('',#1745,#250);
#181=LINE('',#1760,#251);
#182=LINE('',#1775,#252);
#183=LINE('',#1790,#253);
#184=LINE('',#1805,#254);
#185=LINE('',#1820,#255);
#186=LINE('',#1835,#256);
#187=LINE('',#1850,#257);
#188=LINE('',#1865,#258);
#189=LINE('',#1880,#259);
#190=LINE('',#1895,#260);
#191=LINE('',#1910,#261);
#192=LINE('',#1925,#262);
#193=LINE('',#1940,#263);
#194=LINE('',#1955,#264);
#195=LINE('',#1970,#265);
#196=LINE('',#1985,#266);
#197=LINE('',#2000,#267);
#198=LINE('',#2015,#268);
#199=LINE('',#2030,#269);
#200=LINE('',#2045,#270);
#201=LINE('',#2060,#271);
#202=LINE('',#2075,#272);
#203=LINE('',#2090,#273);
#204=LINE('',#2105,#274);
#205=LINE('',#2120,#275);
#206=LINE('',#2135,#276);
#207=LINE('',#2150,#277);
#208=LINE('',#2165,#278);
#209=LINE('',#2168,#279);
#210=LINE('',#2170,#280);
#211=LINE('',#2171,#281);
#212=LINE('',#2186,#282);
#213=LINE('',#2201,#283);
#214=LINE('',#2216,#284);
#215=LINE('',#2231,#285);
#216=LINE('',#2246,#286);
#217=LINE('',#2261,#287);
#218=LINE('',#2276,#288);
#219=LINE('',#2291,#289);
#220=LINE('',#2306,#290);
#221=LINE('',#2321,#291);
#222=LINE('',#2336,#292);
#223=LINE('',#2351,#293);
#224=LINE('',#2366,#294);
#225=LINE('',#2381,#295);
#226=LINE('',#2396,#296);
#227=LINE('',#2411,#297);
#228=VECTOR('',#1336,10.);
#229=VECTOR('',#1337,10.);
#230=VECTOR('',#1338,10.);
#231=VECTOR('',#1339,10.);
#232=VECTOR('',#1340,10.);
#233=VECTOR('',#1341,10.);
#234=VECTOR('',#1342,10.);
#235=VECTOR('',#1343,10.);
#236=VECTOR('',#1344,10.);
#237=VECTOR('',#1345,10.);
#238=VECTOR('',#1346,10.);
#239=VECTOR('',#1347,10.);
#240=VECTOR('',#1348,10.);
#241=VECTOR('',#1349,10.);
#242=VECTOR('',#1350,10.);
#243=VECTOR('',#1351,10.);
#244=VECTOR('',#1352,10.);
#245=VECTOR('',#1353,10.);
#246=VECTOR('',#1354,10.);
#247=VECTOR('',#1355,10.);
#248=VECTOR('',#1356,10.);
#249=VECTOR('',#1357,10.);
#250=VECTOR('',#1358,10.);
#251=VECTOR('',#1359,10.);
#252=VECTOR('',#1360,10.);
#253=VECTOR('',#1361,10.);
#254=VECTOR('',#1362,10.);
#255=VECTOR('',#1363,10.);
#256=VECTOR('',#1364,10.);
#257=VECTOR('',#1365,10.);
#258=VECTOR('',#1366,10.);
#259=VECTOR('',#1367,10.);
#260=VECTOR('',#1368,10.);
#261=VECTOR('',#1369,10.);
#262=VECTOR('',#1370,10.);
#263=VECTOR('',#1371,10.);
#264=VECTOR('',#1372,10.);
#265=VECTOR('',#1373,10.);
#266=VECTOR('',#1374,10.);
#267=VECTOR('',#1375,10.);
#268=VECTOR('',#1376,10.);
#269=VECTOR('',#1377,10.);
#270=VECTOR('',#1378,10.);
#271=VECTOR('',#1379,10.);
#272=VECTOR('',#1380,10.);
#273=VECTOR('',#1381,10.);
#274=VECTOR('',#1382,10.);
#275=VECTOR('',#1383,10.);
#276=VECTOR('',#1384,10.);
#277=VECTOR('',#1385,10.);
#278=VECTOR('',#1386,10.);
#279=VECTOR('',#1389,10.);
#280=VECTOR('',#1390,10.);
#281=VECTOR('',#1391,10.);
#282=VECTOR('',#1392,10.);
#283=VECTOR('',#1393,10.);
#284=VECTOR('',#1394,10.);
#285=VECTOR('',#1395,10.);
#286=VECTOR('',#1396,10.);
#287=VECTOR('',#1397,10.);
#288=VECTOR('',#1398,10.);
#289=VECTOR('',#1399,10.);
#290=VECTOR('',#1400,10.);
#291=VECTOR('',#1401,10.);
#292=VECTOR('',#1402,10.);
#293=VECTOR('',#1403,10.);
#294=VECTOR('',#1404,10.);
#295=VECTOR('',#1405,10.);
#296=VECTOR('',#1406,10.);
#297=VECTOR('',#1407,10.);
#298=B_SPLINE_CURVE_WITH_KNOTS('',2,(#1421,#1422,#1423),.UNSPECIFIED.,.F.,
 .F.,(3,3),(0.,1.),.UNSPECIFIED.);
#299=B_SPLINE_CURVE_WITH_KNOTS('',2,(#1427,#1428,#1429),.UNSPECIFIED.,.F.,
 .F.,(3,3),(-1.,0.),.UNSPECIFIED.);
#300=B_SPLINE_CURVE_WITH_KNOTS('',2,(#1438,#1439,#1440),.UNSPECIFIED.,.F.,
 .F.,(3,3),(0.,1.),.UNSPECIFIED.);
#301=B_SPLINE_CURVE_WITH_KNOTS('',2,(#1442,#1443,#1444),.UNSPECIFIED.,.F.,
 .F.,(3,3),(-1.,0.),.UNSPECIFIED.);
#302=B_SPLINE_CURVE_WITH_KNOTS('',2,(#1453,#1454,#1455),.UNSPECIFIED.,.F.,
 .F.,(3,3),(0.,1.),.UNSPECIFIED.);
#303=B_SPLINE_CURVE_WITH_KNOTS('',2,(#1457,#1458,#1459),.UNSPECIFIED.,.F.,
 .F.,(3,3),(-1.,0.),.UNSPECIFIED.);
#304=B_SPLINE_CURVE_WITH_KNOTS('',2,(#1468,#1469,#1470),.UNSPECIFIED.,.F.,
 .F.,(3,3),(0.,1.),.UNSPECIFIED.);
#305=B_SPLINE_CURVE_WITH_KNOTS('',2,(#1472,#1473,#1474),.UNSPECIFIED.,.F.,
 .F.,(3,3),(-1.,0.),.UNSPECIFIED.);
#306=B_SPLINE_CURVE_WITH_KNOTS('',2,(#1483,#1484,#1485),.UNSPECIFIED.,.F.,
 .F.,(3,3),(0.,1.),.UNSPECIFIED.);
#307=B_SPLINE_CURVE_WITH_KNOTS('',2,(#1487,#1488,#1489),.UNSPECIFIED.,.F.,
 .F.,(3,3),(-1.,0.),.UNSPECIFIED.);
#308=B_SPLINE_CURVE_WITH_KNOTS('',2,(#1498,#1499,#1500),.UNSPECIFIED.,.F.,
 .F.,(3,3),(0.,1.),.UNSPECIFIED.);
#309=B_SPLINE_CURVE_WITH_KNOTS('',2,(#1502,#1503,#1504),.UNSPECIFIED.,.F.,
 .F.,(3,3),(-1.,0.),.UNSPECIFIED.);
#310=B_SPLINE_CURVE_WITH_KNOTS('',2,(#1513,#1514,#1515),.UNSPECIFIED.,.F.,
 .F.,(3,3),(0.,1.),.UNSPECIFIED.);
#311=B_SPLINE_CURVE_WITH_KNOTS('',2,(#1517,#1518,#1519),.UNSPECIFIED.,.F.,
 .F.,(3,3),(-1.,0.),.UNSPECIFIED.);
#312=B_SPLINE_CURVE_WITH_KNOTS('',2,(#1528,#1529,#1530),.UNSPECIFIED.,.F.,
 .F.,(3,3),(0.,1.),.UNSPECIFIED.);
#313=B_SPLINE_CURVE_WITH_KNOTS('',2,(#1532,#1533,#1534),.UNSPECIFIED.,.F.,
 .F.,(3,3),(-1.,0.),.UNSPECIFIED.);
#314=B_SPLINE_CURVE_WITH_KNOTS('',2,(#1543,#1544,#1545),.UNSPECIFIED.,.F.,
 .F.,(3,3),(0.,1.),.UNSPECIFIED.);
#315=B_SPLINE_CURVE_WITH_KNOTS('',2,(#1547,#1548,#1549),.UNSPECIFIED.,.F.,
 .F.,(3,3),(-1.,0.),.UNSPECIFIED.);
#316=B_SPLINE_CURVE_WITH_KNOTS('',2,(#1558,#1559,#1560),.UNSPECIFIED.,.F.,
 .F.,(3,3),(0.,1.),.UNSPECIFIED.);
#317=B_SPLINE_CURVE_WITH_KNOTS('',2,(#1562,#1563,#1564),.UNSPECIFIED.,.F.,
 .F.,(3,3),(-1.,0.),.UNSPECIFIED.);
#318=B_SPLINE_CURVE_WITH_KNOTS('',2,(#1573,#1574,#1575),.UNSPECIFIED.,.F.,
 .F.,(3,3),(0.,1.),.UNSPECIFIED.);
#319=B_SPLINE_CURVE_WITH_KNOTS('',2,(#1577,#1578,#1579),.UNSPECIFIED.,.F.,
 .F.,(3,3),(-1.,0.),.UNSPECIFIED.);
#320=B_SPLINE_CURVE_WITH_KNOTS('',2,(#1588,#1589,#1590),.UNSPECIFIED.,.F.,
 .F.,(3,3),(0.,1.),.UNSPECIFIED.);
#321=B_SPLINE_CURVE_WITH_KNOTS('',2,(#1592,#1593,#1594),.UNSPECIFIED.,.F.,
 .F.,(3,3),(-1.,0.),.UNSPECIFIED.);
#322=B_SPLINE_CURVE_WITH_KNOTS('',2,(#1603,#1604,#1605),.UNSPECIFIED.,.F.,
 .F.,(3,3),(0.,1.),.UNSPECIFIED.);
#323=B_SPLINE_CURVE_WITH_KNOTS('',2,(#1607,#1608,#1609),.UNSPECIFIED.,.F.,
 .F.,(3,3),(-1.,0.),.UNSPECIFIED.);
#324=B_SPLINE_CURVE_WITH_KNOTS('',2,(#1618,#1619,#1620),.UNSPECIFIED.,.F.,
 .F.,(3,3),(0.,1.),.UNSPECIFIED.);
#325=B_SPLINE_CURVE_WITH_KNOTS('',2,(#1622,#1623,#1624),.UNSPECIFIED.,.F.,
 .F.,(3,3),(-1.,0.),.UNSPECIFIED.);
#326=B_SPLINE_CURVE_WITH_KNOTS('',2,(#1633,#1634,#1635),.UNSPECIFIED.,.F.,
 .F.,(3,3),(0.,1.),.UNSPECIFIED.);
#327=B_SPLINE_CURVE_WITH_KNOTS('',2,(#1637,#1638,#1639),.UNSPECIFIED.,.F.,
 .F.,(3,3),(-1.,0.),.UNSPECIFIED.);
#328=B_SPLINE_CURVE_WITH_KNOTS('',2,(#1648,#1649,#1650),.UNSPECIFIED.,.F.,
 .F.,(3,3),(0.,1.),.UNSPECIFIED.);
#329=B_SPLINE_CURVE_WITH_KNOTS('',2,(#1652,#1653,#1654),.UNSPECIFIED.,.F.,
 .F.,(3,3),(-1.,0.),.UNSPECIFIED.);
#330=B_SPLINE_CURVE_WITH_KNOTS('',2,(#1663,#1664,#1665),.UNSPECIFIED.,.F.,
 .F.,(3,3),(0.,1.),.UNSPECIFIED.);
#331=B_SPLINE_CURVE_WITH_KNOTS('',2,(#1667,#1668,#1669),.UNSPECIFIED.,.F.,
 .F.,(3,3),(-1.,0.),.UNSPECIFIED.);
#332=B_SPLINE_CURVE_WITH_KNOTS('',2,(#1678,#1679,#1680),.UNSPECIFIED.,.F.,
 .F.,(3,3),(0.,1.),.UNSPECIFIED.);
#333=B_SPLINE_CURVE_WITH_KNOTS('',2,(#1682,#1683,#1684),.UNSPECIFIED.,.F.,
 .F.,(3,3),(-1.,0.),.UNSPECIFIED.);
#334=B_SPLINE_CURVE_WITH_KNOTS('',2,(#1693,#1694,#1695),.UNSPECIFIED.,.F.,
 .F.,(3,3),(0.,1.),.UNSPECIFIED.);
#335=B_SPLINE_CURVE_WITH_KNOTS('',2,(#1697,#1698,#1699),.UNSPECIFIED.,.F.,
 .F.,(3,3),(-1.,0.),.UNSPECIFIED.);
#336=B_SPLINE_CURVE_WITH_KNOTS('',2,(#1708,#1709,#1710),.UNSPECIFIED.,.F.,
 .F.,(3,3),(0.,1.),.UNSPECIFIED.);
#337=B_SPLINE_CURVE_WITH_KNOTS('',2,(#1712,#1713,#1714),.UNSPECIFIED.,.F.,
 .F.,(3,3),(-1.,0.),.UNSPECIFIED.);
#338=B_SPLINE_CURVE_WITH_KNOTS('',2,(#1723,#1724,#1725),.UNSPECIFIED.,.F.,
 .F.,(3,3),(0.,1.),.UNSPECIFIED.);
#339=B_SPLINE_CURVE_WITH_KNOTS('',2,(#1727,#1728,#1729),.UNSPECIFIED.,.F.,
 .F.,(3,3),(-1.,0.),.UNSPECIFIED.);
#340=B_SPLINE_CURVE_WITH_KNOTS('',2,(#1738,#1739,#1740),.UNSPECIFIED.,.F.,
 .F.,(3,3),(0.,1.),.UNSPECIFIED.);
#341=B_SPLINE_CURVE_WITH_KNOTS('',2,(#1742,#1743,#1744),.UNSPECIFIED.,.F.,
 .F.,(3,3),(-1.,0.),.UNSPECIFIED.);
#342=B_SPLINE_CURVE_WITH_KNOTS('',2,(#1753,#1754,#1755),.UNSPECIFIED.,.F.,
 .F.,(3,3),(0.,1.),.UNSPECIFIED.);
#343=B_SPLINE_CURVE_WITH_KNOTS('',2,(#1757,#1758,#1759),.UNSPECIFIED.,.F.,
 .F.,(3,3),(-1.,0.),.UNSPECIFIED.);
#344=B_SPLINE_CURVE_WITH_KNOTS('',2,(#1768,#1769,#1770),.UNSPECIFIED.,.F.,
 .F.,(3,3),(0.,1.),.UNSPECIFIED.);
#345=B_SPLINE_CURVE_WITH_KNOTS('',2,(#1772,#1773,#1774),.UNSPECIFIED.,.F.,
 .F.,(3,3),(-1.,0.),.UNSPECIFIED.);
#346=B_SPLINE_CURVE_WITH_KNOTS('',2,(#1783,#1784,#1785),.UNSPECIFIED.,.F.,
 .F.,(3,3),(0.,1.),.UNSPECIFIED.);
#347=B_SPLINE_CURVE_WITH_KNOTS('',2,(#1787,#1788,#1789),.UNSPECIFIED.,.F.,
 .F.,(3,3),(-1.,0.),.UNSPECIFIED.);
#348=B_SPLINE_CURVE_WITH_KNOTS('',2,(#1798,#1799,#1800),.UNSPECIFIED.,.F.,
 .F.,(3,3),(0.,0.825141200835718),.UNSPECIFIED.);
#349=B_SPLINE_CURVE_WITH_KNOTS('',2,(#1802,#1803,#1804),.UNSPECIFIED.,.F.,
 .F.,(3,3),(-0.82514120083456,0.),.UNSPECIFIED.);
#350=B_SPLINE_CURVE_WITH_KNOTS('',2,(#1813,#1814,#1815),.UNSPECIFIED.,.F.,
 .F.,(3,3),(0.903944340559333,1.),.UNSPECIFIED.);
#351=B_SPLINE_CURVE_WITH_KNOTS('',2,(#1817,#1818,#1819),.UNSPECIFIED.,.F.,
 .F.,(3,3),(-1.,-0.903944340559333),.UNSPECIFIED.);
#352=B_SPLINE_CURVE_WITH_KNOTS('',2,(#1828,#1829,#1830),.UNSPECIFIED.,.F.,
 .F.,(3,3),(0.,1.),.UNSPECIFIED.);
#353=B_SPLINE_CURVE_WITH_KNOTS('',2,(#1832,#1833,#1834),.UNSPECIFIED.,.F.,
 .F.,(3,3),(-1.,0.),.UNSPECIFIED.);
#354=B_SPLINE_CURVE_WITH_KNOTS('',2,(#1843,#1844,#1845),.UNSPECIFIED.,.F.,
 .F.,(3,3),(0.,1.),.UNSPECIFIED.);
#355=B_SPLINE_CURVE_WITH_KNOTS('',2,(#1847,#1848,#1849),.UNSPECIFIED.,.F.,
 .F.,(3,3),(-1.,0.),.UNSPECIFIED.);
#356=B_SPLINE_CURVE_WITH_KNOTS('',2,(#1858,#1859,#1860),.UNSPECIFIED.,.F.,
 .F.,(3,3),(0.,1.),.UNSPECIFIED.);
#357=B_SPLINE_CURVE_WITH_KNOTS('',2,(#1862,#1863,#1864),.UNSPECIFIED.,.F.,
 .F.,(3,3),(-1.,0.),.UNSPECIFIED.);
#358=B_SPLINE_CURVE_WITH_KNOTS('',2,(#1873,#1874,#1875),.UNSPECIFIED.,.F.,
 .F.,(3,3),(0.,1.),.UNSPECIFIED.);
#359=B_SPLINE_CURVE_WITH_KNOTS('',2,(#1877,#1878,#1879),.UNSPECIFIED.,.F.,
 .F.,(3,3),(-1.,0.),.UNSPECIFIED.);
#360=B_SPLINE_CURVE_WITH_KNOTS('',2,(#1888,#1889,#1890),.UNSPECIFIED.,.F.,
 .F.,(3,3),(0.,1.),.UNSPECIFIED.);
#361=B_SPLINE_CURVE_WITH_KNOTS('',2,(#1892,#1893,#1894),.UNSPECIFIED.,.F.,
 .F.,(3,3),(-1.,0.),.UNSPECIFIED.);
#362=B_SPLINE_CURVE_WITH_KNOTS('',2,(#1903,#1904,#1905),.UNSPECIFIED.,.F.,
 .F.,(3,3),(0.,1.),.UNSPECIFIED.);
#363=B_SPLINE_CURVE_WITH_KNOTS('',2,(#1907,#1908,#1909),.UNSPECIFIED.,.F.,
 .F.,(3,3),(-1.,0.),.UNSPECIFIED.);
#364=B_SPLINE_CURVE_WITH_KNOTS('',2,(#1918,#1919,#1920),.UNSPECIFIED.,.F.,
 .F.,(3,3),(0.,1.),.UNSPECIFIED.);
#365=B_SPLINE_CURVE_WITH_KNOTS('',2,(#1922,#1923,#1924),.UNSPECIFIED.,.F.,
 .F.,(3,3),(-1.,0.),.UNSPECIFIED.);
#366=B_SPLINE_CURVE_WITH_KNOTS('',2,(#1933,#1934,#1935),.UNSPECIFIED.,.F.,
 .F.,(3,3),(0.,1.),.UNSPECIFIED.);
#367=B_SPLINE_CURVE_WITH_KNOTS('',2,(#1937,#1938,#1939),.UNSPECIFIED.,.F.,
 .F.,(3,3),(-1.,0.),.UNSPECIFIED.);
#368=B_SPLINE_CURVE_WITH_KNOTS('',2,(#1948,#1949,#1950),.UNSPECIFIED.,.F.,
 .F.,(3,3),(0.,1.),.UNSPECIFIED.);
#369=B_SPLINE_CURVE_WITH_KNOTS('',2,(#1952,#1953,#1954),.UNSPECIFIED.,.F.,
 .F.,(3,3),(-1.,0.),.UNSPECIFIED.);
#370=B_SPLINE_CURVE_WITH_KNOTS('',2,(#1963,#1964,#1965),.UNSPECIFIED.,.F.,
 .F.,(3,3),(0.,1.),.UNSPECIFIED.);
#371=B_SPLINE_CURVE_WITH_KNOTS('',2,(#1967,#1968,#1969),.UNSPECIFIED.,.F.,
 .F.,(3,3),(-1.,0.),.UNSPECIFIED.);
#372=B_SPLINE_CURVE_WITH_KNOTS('',2,(#1978,#1979,#1980),.UNSPECIFIED.,.F.,
 .F.,(3,3),(0.,1.),.UNSPECIFIED.);
#373=B_SPLINE_CURVE_WITH_KNOTS('',2,(#1982,#1983,#1984),.UNSPECIFIED.,.F.,
 .F.,(3,3),(-1.,0.),.UNSPECIFIED.);
#374=B_SPLINE_CURVE_WITH_KNOTS('',2,(#1993,#1994,#1995),.UNSPECIFIED.,.F.,
 .F.,(3,3),(0.,1.),.UNSPECIFIED.);
#375=B_SPLINE_CURVE_WITH_KNOTS('',2,(#1997,#1998,#1999),.UNSPECIFIED.,.F.,
 .F.,(3,3),(-1.,0.),.UNSPECIFIED.);
#376=B_SPLINE_CURVE_WITH_KNOTS('',2,(#2008,#2009,#2010),.UNSPECIFIED.,.F.,
 .F.,(3,3),(0.,1.),.UNSPECIFIED.);
#377=B_SPLINE_CURVE_WITH_KNOTS('',2,(#2012,#2013,#2014),.UNSPECIFIED.,.F.,
 .F.,(3,3),(-1.,0.),.UNSPECIFIED.);
#378=B_SPLINE_CURVE_WITH_KNOTS('',2,(#2023,#2024,#2025),.UNSPECIFIED.,.F.,
 .F.,(3,3),(0.,1.),.UNSPECIFIED.);
#379=B_SPLINE_CURVE_WITH_KNOTS('',2,(#2027,#2028,#2029),.UNSPECIFIED.,.F.,
 .F.,(3,3),(-1.,0.),.UNSPECIFIED.);
#380=B_SPLINE_CURVE_WITH_KNOTS('',2,(#2038,#2039,#2040),.UNSPECIFIED.,.F.,
 .F.,(3,3),(0.,1.),.UNSPECIFIED.);
#381=B_SPLINE_CURVE_WITH_KNOTS('',2,(#2042,#2043,#2044),.UNSPECIFIED.,.F.,
 .F.,(3,3),(-1.,0.),.UNSPECIFIED.);
#382=B_SPLINE_CURVE_WITH_KNOTS('',2,(#2053,#2054,#2055),.UNSPECIFIED.,.F.,
 .F.,(3,3),(0.,1.),.UNSPECIFIED.);
#383=B_SPLINE_CURVE_WITH_KNOTS('',2,(#2057,#2058,#2059),.UNSPECIFIED.,.F.,
 .F.,(3,3),(-1.,0.),.UNSPECIFIED.);
#384=B_SPLINE_CURVE_WITH_KNOTS('',2,(#2068,#2069,#2070),.UNSPECIFIED.,.F.,
 .F.,(3,3),(0.,1.),.UNSPECIFIED.);
#385=B_SPLINE_CURVE_WITH_KNOTS('',2,(#2072,#2073,#2074),.UNSPECIFIED.,.F.,
 .F.,(3,3),(-1.,0.),.UNSPECIFIED.);
#386=B_SPLINE_CURVE_WITH_KNOTS('',2,(#2083,#2084,#2085),.UNSPECIFIED.,.F.,
 .F.,(3,3),(0.,1.),.UNSPECIFIED.);
#387=B_SPLINE_CURVE_WITH_KNOTS('',2,(#2087,#2088,#2089),.UNSPECIFIED.,.F.,
 .F.,(3,3),(-1.,0.),.UNSPECIFIED.);
#388=B_SPLINE_CURVE_WITH_KNOTS('',2,(#2098,#2099,#2100),.UNSPECIFIED.,.F.,
 .F.,(3,3),(0.,1.),.UNSPECIFIED.);
#389=B_SPLINE_CURVE_WITH_KNOTS('',2,(#2102,#2103,#2104),.UNSPECIFIED.,.F.,
 .F.,(3,3),(-1.,0.),.UNSPECIFIED.);
#390=B_SPLINE_CURVE_WITH_KNOTS('',2,(#2113,#2114,#2115),.UNSPECIFIED.,.F.,
 .F.,(3,3),(0.,1.),.UNSPECIFIED.);
#391=B_SPLINE_CURVE_WITH_KNOTS('',2,(#2117,#2118,#2119),.UNSPECIFIED.,.F.,
 .F.,(3,3),(-1.,0.),.UNSPECIFIED.);
#392=B_SPLINE_CURVE_WITH_KNOTS('',2,(#2128,#2129,#2130),.UNSPECIFIED.,.F.,
 .F.,(3,3),(0.,1.),.UNSPECIFIED.);
#393=B_SPLINE_CURVE_WITH_KNOTS('',2,(#2132,#2133,#2134),.UNSPECIFIED.,.F.,
 .F.,(3,3),(-1.,0.),.UNSPECIFIED.);
#394=B_SPLINE_CURVE_WITH_KNOTS('',2,(#2143,#2144,#2145),.UNSPECIFIED.,.F.,
 .F.,(3,3),(0.,1.),.UNSPECIFIED.);
#395=B_SPLINE_CURVE_WITH_KNOTS('',2,(#2147,#2148,#2149),.UNSPECIFIED.,.F.,
 .F.,(3,3),(-1.,0.),.UNSPECIFIED.);
#396=B_SPLINE_CURVE_WITH_KNOTS('',2,(#2158,#2159,#2160),.UNSPECIFIED.,.F.,
 .F.,(3,3),(0.,1.),.UNSPECIFIED.);
#397=B_SPLINE_CURVE_WITH_KNOTS('',2,(#2162,#2163,#2164),.UNSPECIFIED.,.F.,
 .F.,(3,3),(-1.,0.),.UNSPECIFIED.);
#398=B_SPLINE_CURVE_WITH_KNOTS('',2,(#2179,#2180,#2181),.UNSPECIFIED.,.F.,
 .F.,(3,3),(0.,1.),.UNSPECIFIED.);
#399=B_SPLINE_CURVE_WITH_KNOTS('',2,(#2183,#2184,#2185),.UNSPECIFIED.,.F.,
 .F.,(3,3),(-1.,0.),.UNSPECIFIED.);
#400=B_SPLINE_CURVE_WITH_KNOTS('',2,(#2194,#2195,#2196),.UNSPECIFIED.,.F.,
 .F.,(3,3),(0.,1.),.UNSPECIFIED.);
#401=B_SPLINE_CURVE_WITH_KNOTS('',2,(#2198,#2199,#2200),.UNSPECIFIED.,.F.,
 .F.,(3,3),(-1.,0.),.UNSPECIFIED.);
#402=B_SPLINE_CURVE_WITH_KNOTS('',2,(#2209,#2210,#2211),.UNSPECIFIED.,.F.,
 .F.,(3,3),(0.,1.),.UNSPECIFIED.);
#403=B_SPLINE_CURVE_WITH_KNOTS('',2,(#2213,#2214,#2215),.UNSPECIFIED.,.F.,
 .F.,(3,3),(-1.,0.),.UNSPECIFIED.);
#404=B_SPLINE_CURVE_WITH_KNOTS('',2,(#2224,#2225,#2226),.UNSPECIFIED.,.F.,
 .F.,(3,3),(0.,1.),.UNSPECIFIED.);
#405=B_SPLINE_CURVE_WITH_KNOTS('',2,(#2228,#2229,#2230),.UNSPECIFIED.,.F.,
 .F.,(3,3),(-1.,0.),.UNSPECIFIED.);
#406=B_SPLINE_CURVE_WITH_KNOTS('',2,(#2239,#2240,#2241),.UNSPECIFIED.,.F.,
 .F.,(3,3),(0.,1.),.UNSPECIFIED.);
#407=B_SPLINE_CURVE_WITH_KNOTS('',2,(#2243,#2244,#2245),.UNSPECIFIED.,.F.,
 .F.,(3,3),(-1.,0.),.UNSPECIFIED.);
#408=B_SPLINE_CURVE_WITH_KNOTS('',2,(#2254,#2255,#2256),.UNSPECIFIED.,.F.,
 .F.,(3,3),(0.,1.),.UNSPECIFIED.);
#409=B_SPLINE_CURVE_WITH_KNOTS('',2,(#2258,#2259,#2260),.UNSPECIFIED.,.F.,
 .F.,(3,3),(-1.,0.),.UNSPECIFIED.);
#410=B_SPLINE_CURVE_WITH_KNOTS('',2,(#2269,#2270,#2271),.UNSPECIFIED.,.F.,
 .F.,(3,3),(0.,1.),.UNSPECIFIED.);
#411=B_SPLINE_CURVE_WITH_KNOTS('',2,(#2273,#2274,#2275),.UNSPECIFIED.,.F.,
 .F.,(3,3),(-1.,0.),.UNSPECIFIED.);
#412=B_SPLINE_CURVE_WITH_KNOTS('',2,(#2284,#2285,#2286),.UNSPECIFIED.,.F.,
 .F.,(3,3),(0.,1.),.UNSPECIFIED.);
#413=B_SPLINE_CURVE_WITH_KNOTS('',2,(#2288,#2289,#2290),.UNSPECIFIED.,.F.,
 .F.,(3,3),(-1.,0.),.UNSPECIFIED.);
#414=B_SPLINE_CURVE_WITH_KNOTS('',2,(#2299,#2300,#2301),.UNSPECIFIED.,.F.,
 .F.,(3,3),(0.,1.),.UNSPECIFIED.);
#415=B_SPLINE_CURVE_WITH_KNOTS('',2,(#2303,#2304,#2305),.UNSPECIFIED.,.F.,
 .F.,(3,3),(-1.,0.),.UNSPECIFIED.);
#416=B_SPLINE_CURVE_WITH_KNOTS('',2,(#2314,#2315,#2316),.UNSPECIFIED.,.F.,
 .F.,(3,3),(0.,1.),.UNSPECIFIED.);
#417=B_SPLINE_CURVE_WITH_KNOTS('',2,(#2318,#2319,#2320),.UNSPECIFIED.,.F.,
 .F.,(3,3),(-1.,0.),.UNSPECIFIED.);
#418=B_SPLINE_CURVE_WITH_KNOTS('',2,(#2329,#2330,#2331),.UNSPECIFIED.,.F.,
 .F.,(3,3),(0.,1.),.UNSPECIFIED.);
#419=B_SPLINE_CURVE_WITH_KNOTS('',2,(#2333,#2334,#2335),.UNSPECIFIED.,.F.,
 .F.,(3,3),(-1.,0.),.UNSPECIFIED.);
#420=B_SPLINE_CURVE_WITH_KNOTS('',2,(#2344,#2345,#2346),.UNSPECIFIED.,.F.,
 .F.,(3,3),(0.,1.),.UNSPECIFIED.);
#421=B_SPLINE_CURVE_WITH_KNOTS('',2,(#2348,#2349,#2350),.UNSPECIFIED.,.F.,
 .F.,(3,3),(-1.,0.),.UNSPECIFIED.);
#422=B_SPLINE_CURVE_WITH_KNOTS('',2,(#2359,#2360,#2361),.UNSPECIFIED.,.F.,
 .F.,(3,3),(0.,1.),.UNSPECIFIED.);
#423=B_SPLINE_CURVE_WITH_KNOTS('',2,(#2363,#2364,#2365),.UNSPECIFIED.,.F.,
 .F.,(3,3),(-1.,0.),.UNSPECIFIED.);
#424=B_SPLINE_CURVE_WITH_KNOTS('',2,(#2374,#2375,#2376),.UNSPECIFIED.,.F.,
 .F.,(3,3),(0.,1.),.UNSPECIFIED.);
#425=B_SPLINE_CURVE_WITH_KNOTS('',2,(#2378,#2379,#2380),.UNSPECIFIED.,.F.,
 .F.,(3,3),(-1.,0.),.UNSPECIFIED.);
#426=B_SPLINE_CURVE_WITH_KNOTS('',2,(#2389,#2390,#2391),.UNSPECIFIED.,.F.,
 .F.,(3,3),(0.,1.),.UNSPECIFIED.);
#427=B_SPLINE_CURVE_WITH_KNOTS('',2,(#2393,#2394,#2395),.UNSPECIFIED.,.F.,
 .F.,(3,3),(-1.,0.),.UNSPECIFIED.);
#428=B_SPLINE_CURVE_WITH_KNOTS('',2,(#2404,#2405,#2406),.UNSPECIFIED.,.F.,
 .F.,(3,3),(0.,0.772778803979309),.UNSPECIFIED.);
#429=B_SPLINE_CURVE_WITH_KNOTS('',2,(#2408,#2409,#2410),.UNSPECIFIED.,.F.,
 .F.,(3,3),(-0.772778803979309,0.),.UNSPECIFIED.);
#430=B_SPLINE_CURVE_WITH_KNOTS('',2,(#2418,#2419,#2420),.UNSPECIFIED.,.F.,
 .F.,(3,3),(0.553895172251287,1.),.UNSPECIFIED.);
#431=B_SPLINE_CURVE_WITH_KNOTS('',2,(#2421,#2422,#2423),.UNSPECIFIED.,.F.,
 .F.,(3,3),(-1.,-0.553895172251287),.UNSPECIFIED.);
#432=VERTEX_POINT('',#1419);
#433=VERTEX_POINT('',#1420);
#434=VERTEX_POINT('',#1424);
#435=VERTEX_POINT('',#1426);
#436=VERTEX_POINT('',#1437);
#437=VERTEX_POINT('',#1441);
#438=VERTEX_POINT('',#1452);
#439=VERTEX_POINT('',#1456);
#440=VERTEX_POINT('',#1467);
#441=VERTEX_POINT('',#1471);
#442=VERTEX_POINT('',#1482);
#443=VERTEX_POINT('',#1486);
#444=VERTEX_POINT('',#1497);
#445=VERTEX_POINT('',#1501);
#446=VERTEX_POINT('',#1512);
#447=VERTEX_POINT('',#1516);
#448=VERTEX_POINT('',#1527);
#449=VERTEX_POINT('',#1531);
#450=VERTEX_POINT('',#1542);
#451=VERTEX_POINT('',#1546);
#452=VERTEX_POINT('',#1557);
#453=VERTEX_POINT('',#1561);
#454=VERTEX_POINT('',#1572);
#455=VERTEX_POINT('',#1576);
#456=VERTEX_POINT('',#1587);
#457=VERTEX_POINT('',#1591);
#458=VERTEX_POINT('',#1602);
#459=VERTEX_POINT('',#1606);
#460=VERTEX_POINT('',#1617);
#461=VERTEX_POINT('',#1621);
#462=VERTEX_POINT('',#1632);
#463=VERTEX_POINT('',#1636);
#464=VERTEX_POINT('',#1647);
#465=VERTEX_POINT('',#1651);
#466=VERTEX_POINT('',#1662);
#467=VERTEX_POINT('',#1666);
#468=VERTEX_POINT('',#1677);
#469=VERTEX_POINT('',#1681);
#470=VERTEX_POINT('',#1692);
#471=VERTEX_POINT('',#1696);
#472=VERTEX_POINT('',#1707);
#473=VERTEX_POINT('',#1711);
#474=VERTEX_POINT('',#1722);
#475=VERTEX_POINT('',#1726);
#476=VERTEX_POINT('',#1737);
#477=VERTEX_POINT('',#1741);
#478=VERTEX_POINT('',#1752);
#479=VERTEX_POINT('',#1756);
#480=VERTEX_POINT('',#1767);
#481=VERTEX_POINT('',#1771);
#482=VERTEX_POINT('',#1782);
#483=VERTEX_POINT('',#1786);
#484=VERTEX_POINT('',#1797);
#485=VERTEX_POINT('',#1801);
#486=VERTEX_POINT('',#1812);
#487=VERTEX_POINT('',#1816);
#488=VERTEX_POINT('',#1827);
#489=VERTEX_POINT('',#1831);
#490=VERTEX_POINT('',#1842);
#491=VERTEX_POINT('',#1846);
#492=VERTEX_POINT('',#1857);
#493=VERTEX_POINT('',#1861);
#494=VERTEX_POINT('',#1872);
#495=VERTEX_POINT('',#1876);
#496=VERTEX_POINT('',#1887);
#497=VERTEX_POINT('',#1891);
#498=VERTEX_POINT('',#1902);
#499=VERTEX_POINT('',#1906);
#500=VERTEX_POINT('',#1917);
#501=VERTEX_POINT('',#1921);
#502=VERTEX_POINT('',#1932);
#503=VERTEX_POINT('',#1936);
#504=VERTEX_POINT('',#1947);
#505=VERTEX_POINT('',#1951);
#506=VERTEX_POINT('',#1962);
#507=VERTEX_POINT('',#1966);
#508=VERTEX_POINT('',#1977);
#509=VERTEX_POINT('',#1981);
#510=VERTEX_POINT('',#1992);
#511=VERTEX_POINT('',#1996);
#512=VERTEX_POINT('',#2007);
#513=VERTEX_POINT('',#2011);
#514=VERTEX_POINT('',#2022);
#515=VERTEX_POINT('',#2026);
#516=VERTEX_POINT('',#2037);
#517=VERTEX_POINT('',#2041);
#518=VERTEX_POINT('',#2052);
#519=VERTEX_POINT('',#2056);
#520=VERTEX_POINT('',#2067);
#521=VERTEX_POINT('',#2071);
#522=VERTEX_POINT('',#2082);
#523=VERTEX_POINT('',#2086);
#524=VERTEX_POINT('',#2097);
#525=VERTEX_POINT('',#2101);
#526=VERTEX_POINT('',#2112);
#527=VERTEX_POINT('',#2116);
#528=VERTEX_POINT('',#2127);
#529=VERTEX_POINT('',#2131);
#530=VERTEX_POINT('',#2142);
#531=VERTEX_POINT('',#2146);
#532=VERTEX_POINT('',#2157);
#533=VERTEX_POINT('',#2161);
#534=VERTEX_POINT('',#2167);
#535=VERTEX_POINT('',#2169);
#536=VERTEX_POINT('',#2178);
#537=VERTEX_POINT('',#2182);
#538=VERTEX_POINT('',#2193);
#539=VERTEX_POINT('',#2197);
#540=VERTEX_POINT('',#2208);
#541=VERTEX_POINT('',#2212);
#542=VERTEX_POINT('',#2223);
#543=VERTEX_POINT('',#2227);
#544=VERTEX_POINT('',#2238);
#545=VERTEX_POINT('',#2242);
#546=VERTEX_POINT('',#2253);
#547=VERTEX_POINT('',#2257);
#548=VERTEX_POINT('',#2268);
#549=VERTEX_POINT('',#2272);
#550=VERTEX_POINT('',#2283);
#551=VERTEX_POINT('',#2287);
#552=VERTEX_POINT('',#2298);
#553=VERTEX_POINT('',#2302);
#554=VERTEX_POINT('',#2313);
#555=VERTEX_POINT('',#2317);
#556=VERTEX_POINT('',#2328);
#557=VERTEX_POINT('',#2332);
#558=VERTEX_POINT('',#2343);
#559=VERTEX_POINT('',#2347);
#560=VERTEX_POINT('',#2358);
#561=VERTEX_POINT('',#2362);
#562=VERTEX_POINT('',#2373);
#563=VERTEX_POINT('',#2377);
#564=VERTEX_POINT('',#2388);
#565=VERTEX_POINT('',#2392);
#566=VERTEX_POINT('',#2403);
#567=VERTEX_POINT('',#2407);
#568=EDGE_CURVE('',#432,#433,#298,.T.);
#569=EDGE_CURVE('',#432,#434,#158,.T.);
#570=EDGE_CURVE('',#435,#434,#299,.T.);
#571=EDGE_CURVE('',#433,#435,#159,.T.);
#572=EDGE_CURVE('',#433,#436,#300,.T.);
#573=EDGE_CURVE('',#437,#435,#301,.T.);
#574=EDGE_CURVE('',#436,#437,#160,.T.);
#575=EDGE_CURVE('',#436,#438,#302,.T.);
#576=EDGE_CURVE('',#439,#437,#303,.T.);
#577=EDGE_CURVE('',#438,#439,#161,.T.);
#578=EDGE_CURVE('',#438,#440,#304,.T.);
#579=EDGE_CURVE('',#441,#439,#305,.T.);
#580=EDGE_CURVE('',#440,#441,#162,.T.);
#581=EDGE_CURVE('',#440,#442,#306,.T.);
#582=EDGE_CURVE('',#443,#441,#307,.T.);
#583=EDGE_CURVE('',#442,#443,#163,.T.);
#584=EDGE_CURVE('',#442,#444,#308,.T.);
#585=EDGE_CURVE('',#445,#443,#309,.T.);
#586=EDGE_CURVE('',#444,#445,#164,.T.);
#587=EDGE_CURVE('',#444,#446,#310,.T.);
#588=EDGE_CURVE('',#447,#445,#311,.T.);
#589=EDGE_CURVE('',#446,#447,#165,.T.);
#590=EDGE_CURVE('',#446,#448,#312,.T.);
#591=EDGE_CURVE('',#449,#447,#313,.T.);
#592=EDGE_CURVE('',#448,#449,#166,.T.);
#593=EDGE_CURVE('',#448,#450,#314,.T.);
#594=EDGE_CURVE('',#451,#449,#315,.T.);
#595=EDGE_CURVE('',#450,#451,#167,.T.);
#596=EDGE_CURVE('',#450,#452,#316,.T.);
#597=EDGE_CURVE('',#453,#451,#317,.T.);
#598=EDGE_CURVE('',#452,#453,#168,.T.);
#599=EDGE_CURVE('',#452,#454,#318,.T.);
#600=EDGE_CURVE('',#455,#453,#319,.T.);
#601=EDGE_CURVE('',#454,#455,#169,.T.);
#602=EDGE_CURVE('',#454,#456,#320,.T.);
#603=EDGE_CURVE('',#457,#455,#321,.T.);
#604=EDGE_CURVE('',#456,#457,#170,.T.);
#605=EDGE_CURVE('',#456,#458,#322,.T.);
#606=EDGE_CURVE('',#459,#457,#323,.T.);
#607=EDGE_CURVE('',#458,#459,#171,.T.);
#608=EDGE_CURVE('',#458,#460,#324,.T.);
#609=EDGE_CURVE('',#461,#459,#325,.T.);
#610=EDGE_CURVE('',#460,#461,#172,.T.);
#611=EDGE_CURVE('',#460,#462,#326,.T.);
#612=EDGE_CURVE('',#463,#461,#327,.T.);
#613=EDGE_CURVE('',#462,#463,#173,.T.);
#614=EDGE_CURVE('',#462,#464,#328,.T.);
#615=EDGE_CURVE('',#465,#463,#329,.T.);
#616=EDGE_CURVE('',#464,#465,#174,.T.);
#617=EDGE_CURVE('',#464,#466,#330,.T.);
#618=EDGE_CURVE('',#467,#465,#331,.T.);
#619=EDGE_CURVE('',#466,#467,#175,.T.);
#620=EDGE_CURVE('',#466,#468,#332,.T.);
#621=EDGE_CURVE('',#469,#467,#333,.T.);
#622=EDGE_CURVE('',#468,#469,#176,.T.);
#623=EDGE_CURVE('',#468,#470,#334,.T.);
#624=EDGE_CURVE('',#471,#469,#335,.T.);
#625=EDGE_CURVE('',#470,#471,#177,.T.);
#626=EDGE_CURVE('',#470,#472,#336,.T.);
#627=EDGE_CURVE('',#473,#471,#337,.T.);
#628=EDGE_CURVE('',#472,#473,#178,.T.);
#629=EDGE_CURVE('',#472,#474,#338,.T.);
#630=EDGE_CURVE('',#475,#473,#339,.T.);
#631=EDGE_CURVE('',#474,#475,#179,.T.);
#632=EDGE_CURVE('',#474,#476,#340,.T.);
#633=EDGE_CURVE('',#477,#475,#341,.T.);
#634=EDGE_CURVE('',#476,#477,#180,.T.);
#635=EDGE_CURVE('',#476,#478,#342,.T.);
#636=EDGE_CURVE('',#479,#477,#343,.T.);
#637=EDGE_CURVE('',#478,#479,#181,.T.);
#638=EDGE_CURVE('',#478,#480,#344,.T.);
#639=EDGE_CURVE('',#481,#479,#345,.T.);
#640=EDGE_CURVE('',#480,#481,#182,.T.);
#641=EDGE_CURVE('',#480,#482,#346,.T.);
#642=EDGE_CURVE('',#483,#481,#347,.T.);
#643=EDGE_CURVE('',#482,#483,#183,.T.);
#644=EDGE_CURVE('',#482,#484,#348,.T.);
#645=EDGE_CURVE('',#485,#483,#349,.T.);
#646=EDGE_CURVE('',#484,#485,#184,.T.);
#647=EDGE_CURVE('',#484,#486,#350,.T.);
#648=EDGE_CURVE('',#487,#485,#351,.T.);
#649=EDGE_CURVE('',#486,#487,#185,.T.);
#650=EDGE_CURVE('',#486,#488,#352,.T.);
#651=EDGE_CURVE('',#489,#487,#353,.T.);
#652=EDGE_CURVE('',#488,#489,#186,.T.);
#653=EDGE_CURVE('',#488,#490,#354,.T.);
#654=EDGE_CURVE('',#491,#489,#355,.T.);
#655=EDGE_CURVE('',#490,#491,#187,.T.);
#656=EDGE_CURVE('',#490,#492,#356,.T.);
#657=EDGE_CURVE('',#493,#491,#357,.T.);
#658=EDGE_CURVE('',#492,#493,#188,.T.);
#659=EDGE_CURVE('',#492,#494,#358,.T.);
#660=EDGE_CURVE('',#495,#493,#359,.T.);
#661=EDGE_CURVE('',#494,#495,#189,.T.);
#662=EDGE_CURVE('',#494,#496,#360,.T.);
#663=EDGE_CURVE('',#497,#495,#361,.T.);
#664=EDGE_CURVE('',#496,#497,#190,.T.);
#665=EDGE_CURVE('',#496,#498,#362,.T.);
#666=EDGE_CURVE('',#499,#497,#363,.T.);
#667=EDGE_CURVE('',#498,#499,#191,.T.);
#668=EDGE_CURVE('',#498,#500,#364,.T.);
#669=EDGE_CURVE('',#501,#499,#365,.T.);
#670=EDGE_CURVE('',#500,#501,#192,.T.);
#671=EDGE_CURVE('',#500,#502,#366,.T.);
#672=EDGE_CURVE('',#503,#501,#367,.T.);
#673=EDGE_CURVE('',#502,#503,#193,.T.);
#674=EDGE_CURVE('',#502,#504,#368,.T.);
#675=EDGE_CURVE('',#505,#503,#369,.T.);
#676=EDGE_CURVE('',#504,#505,#194,.T.);
#677=EDGE_CURVE('',#504,#506,#370,.T.);
#678=EDGE_CURVE('',#507,#505,#371,.T.);
#679=EDGE_CURVE('',#506,#507,#195,.T.);
#680=EDGE_CURVE('',#506,#508,#372,.T.);
#681=EDGE_CURVE('',#509,#507,#373,.T.);
#682=EDGE_CURVE('',#508,#509,#196,.T.);
#683=EDGE_CURVE('',#508,#510,#374,.T.);
#684=EDGE_CURVE('',#511,#509,#375,.T.);
#685=EDGE_CURVE('',#510,#511,#197,.T.);
#686=EDGE_CURVE('',#510,#512,#376,.T.);
#687=EDGE_CURVE('',#513,#511,#377,.T.);
#688=EDGE_CURVE('',#512,#513,#198,.T.);
#689=EDGE_CURVE('',#512,#514,#378,.T.);
#690=EDGE_CURVE('',#515,#513,#379,.T.);
#691=EDGE_CURVE('',#514,#515,#199,.T.);
#692=EDGE_CURVE('',#514,#516,#380,.T.);
#693=EDGE_CURVE('',#517,#515,#381,.T.);
#694=EDGE_CURVE('',#516,#517,#200,.T.);
#695=EDGE_CURVE('',#516,#518,#382,.T.);
#696=EDGE_CURVE('',#519,#517,#383,.T.);
#697=EDGE_CURVE('',#518,#519,#201,.T.);
#698=EDGE_CURVE('',#518,#520,#384,.T.);
#699=EDGE_CURVE('',#521,#519,#385,.T.);
#700=EDGE_CURVE('',#520,#521,#202,.T.);
#701=EDGE_CURVE('',#520,#522,#386,.T.);
#702=EDGE_CURVE('',#523,#521,#387,.T.);
#703=EDGE_CURVE('',#522,#523,#203,.T.);
#704=EDGE_CURVE('',#522,#524,#388,.T.);
#705=EDGE_CURVE('',#525,#523,#389,.T.);
#706=EDGE_CURVE('',#524,#525,#204,.T.);
#707=EDGE_CURVE('',#524,#526,#390,.T.);
#708=EDGE_CURVE('',#527,#525,#391,.T.);
#709=EDGE_CURVE('',#526,#527,#205,.T.);
#710=EDGE_CURVE('',#526,#528,#392,.T.);
#711=EDGE_CURVE('',#529,#527,#393,.T.);
#712=EDGE_CURVE('',#528,#529,#206,.T.);
#713=EDGE_CURVE('',#528,#530,#394,.T.);
#714=EDGE_CURVE('',#531,#529,#395,.T.);
#715=EDGE_CURVE('',#530,#531,#207,.T.);
#716=EDGE_CURVE('',#530,#532,#396,.T.);
#717=EDGE_CURVE('',#533,#531,#397,.T.);
#718=EDGE_CURVE('',#532,#533,#208,.T.);
#719=EDGE_CURVE('',#532,#534,#209,.T.);
#720=EDGE_CURVE('',#535,#533,#210,.T.);
#721=EDGE_CURVE('',#534,#535,#211,.T.);
#722=EDGE_CURVE('',#534,#536,#398,.T.);
#723=EDGE_CURVE('',#537,#535,#399,.T.);
#724=EDGE_CURVE('',#536,#537,#212,.T.);
#725=EDGE_CURVE('',#536,#538,#400,.T.);
#726=EDGE_CURVE('',#539,#537,#401,.T.);
#727=EDGE_CURVE('',#538,#539,#213,.T.);
#728=EDGE_CURVE('',#538,#540,#402,.T.);
#729=EDGE_CURVE('',#541,#539,#403,.T.);
#730=EDGE_CURVE('',#540,#541,#214,.T.);
#731=EDGE_CURVE('',#540,#542,#404,.T.);
#732=EDGE_CURVE('',#543,#541,#405,.T.);
#733=EDGE_CURVE('',#542,#543,#215,.T.);
#734=EDGE_CURVE('',#542,#544,#406,.T.);
#735=EDGE_CURVE('',#545,#543,#407,.T.);
#736=EDGE_CURVE('',#544,#545,#216,.T.);
#737=EDGE_CURVE('',#544,#546,#408,.T.);
#738=EDGE_CURVE('',#547,#545,#409,.T.);
#739=EDGE_CURVE('',#546,#547,#217,.T.);
#740=EDGE_CURVE('',#546,#548,#410,.T.);
#741=EDGE_CURVE('',#549,#547,#411,.T.);
#742=EDGE_CURVE('',#548,#549,#218,.T.);
#743=EDGE_CURVE('',#548,#550,#412,.T.);
#744=EDGE_CURVE('',#551,#549,#413,.T.);
#745=EDGE_CURVE('',#550,#551,#219,.T.);
#746=EDGE_CURVE('',#550,#552,#414,.T.);
#747=EDGE_CURVE('',#553,#551,#415,.T.);
#748=EDGE_CURVE('',#552,#553,#220,.T.);
#749=EDGE_CURVE('',#552,#554,#416,.T.);
#750=EDGE_CURVE('',#555,#553,#417,.T.);
#751=EDGE_CURVE('',#554,#555,#221,.T.);
#752=EDGE_CURVE('',#554,#556,#418,.T.);
#753=EDGE_CURVE('',#557,#555,#419,.T.);
#754=EDGE_CURVE('',#556,#557,#222,.T.);
#755=EDGE_CURVE('',#556,#558,#420,.T.);
#756=EDGE_CURVE('',#559,#557,#421,.T.);
#757=EDGE_CURVE('',#558,#559,#223,.T.);
#758=EDGE_CURVE('',#558,#560,#422,.T.);
#759=EDGE_CURVE('',#561,#559,#423,.T.);
#760=EDGE_CURVE('',#560,#561,#224,.T.);
#761=EDGE_CURVE('',#560,#562,#424,.T.);
#762=EDGE_CURVE('',#563,#561,#425,.T.);
#763=EDGE_CURVE('',#562,#563,#225,.T.);
#764=EDGE_CURVE('',#562,#564,#426,.T.);
#765=EDGE_CURVE('',#565,#563,#427,.T.);
#766=EDGE_CURVE('',#564,#565,#226,.T.);
#767=EDGE_CURVE('',#564,#566,#428,.T.);
#768=EDGE_CURVE('',#567,#565,#429,.T.);
#769=EDGE_CURVE('',#566,#567,#227,.T.);
#770=EDGE_CURVE('',#566,#432,#430,.T.);
#771=EDGE_CURVE('',#434,#567,#431,.T.);
#772=ORIENTED_EDGE('',*,*,#568,.F.);
#773=ORIENTED_EDGE('',*,*,#569,.T.);
#774=ORIENTED_EDGE('',*,*,#570,.F.);
#775=ORIENTED_EDGE('',*,*,#571,.F.);
#776=ORIENTED_EDGE('',*,*,#572,.F.);
#777=ORIENTED_EDGE('',*,*,#571,.T.);
#778=ORIENTED_EDGE('',*,*,#573,.F.);
#779=ORIENTED_EDGE('',*,*,#574,.F.);
#780=ORIENTED_EDGE('',*,*,#575,.F.);
#781=ORIENTED_EDGE('',*,*,#574,.T.);
#782=ORIENTED_EDGE('',*,*,#576,.F.);
#783=ORIENTED_EDGE('',*,*,#577,.F.);
#784=ORIENTED_EDGE('',*,*,#578,.F.);
#785=ORIENTED_EDGE('',*,*,#577,.T.);
#786=ORIENTED_EDGE('',*,*,#579,.F.);
#787=ORIENTED_EDGE('',*,*,#580,.F.);
#788=ORIENTED_EDGE('',*,*,#581,.F.);
#789=ORIENTED_EDGE('',*,*,#580,.T.);
#790=ORIENTED_EDGE('',*,*,#582,.F.);
#791=ORIENTED_EDGE('',*,*,#583,.F.);
#792=ORIENTED_EDGE('',*,*,#584,.F.);
#793=ORIENTED_EDGE('',*,*,#583,.T.);
#794=ORIENTED_EDGE('',*,*,#585,.F.);
#795=ORIENTED_EDGE('',*,*,#586,.F.);
#796=ORIENTED_EDGE('',*,*,#587,.F.);
#797=ORIENTED_EDGE('',*,*,#586,.T.);
#798=ORIENTED_EDGE('',*,*,#588,.F.);
#799=ORIENTED_EDGE('',*,*,#589,.F.);
#800=ORIENTED_EDGE('',*,*,#590,.F.);
#801=ORIENTED_EDGE('',*,*,#589,.T.);
#802=ORIENTED_EDGE('',*,*,#591,.F.);
#803=ORIENTED_EDGE('',*,*,#592,.F.);
#804=ORIENTED_EDGE('',*,*,#593,.F.);
#805=ORIENTED_EDGE('',*,*,#592,.T.);
#806=ORIENTED_EDGE('',*,*,#594,.F.);
#807=ORIENTED_EDGE('',*,*,#595,.F.);
#808=ORIENTED_EDGE('',*,*,#596,.F.);
#809=ORIENTED_EDGE('',*,*,#595,.T.);
#810=ORIENTED_EDGE('',*,*,#597,.F.);
#811=ORIENTED_EDGE('',*,*,#598,.F.);
#812=ORIENTED_EDGE('',*,*,#599,.F.);
#813=ORIENTED_EDGE('',*,*,#598,.T.);
#814=ORIENTED_EDGE('',*,*,#600,.F.);
#815=ORIENTED_EDGE('',*,*,#601,.F.);
#816=ORIENTED_EDGE('',*,*,#602,.F.);
#817=ORIENTED_EDGE('',*,*,#601,.T.);
#818=ORIENTED_EDGE('',*,*,#603,.F.);
#819=ORIENTED_EDGE('',*,*,#604,.F.);
#820=ORIENTED_EDGE('',*,*,#605,.F.);
#821=ORIENTED_EDGE('',*,*,#604,.T.);
#822=ORIENTED_EDGE('',*,*,#606,.F.);
#823=ORIENTED_EDGE('',*,*,#607,.F.);
#824=ORIENTED_EDGE('',*,*,#608,.F.);
#825=ORIENTED_EDGE('',*,*,#607,.T.);
#826=ORIENTED_EDGE('',*,*,#609,.F.);
#827=ORIENTED_EDGE('',*,*,#610,.F.);
#828=ORIENTED_EDGE('',*,*,#611,.F.);
#829=ORIENTED_EDGE('',*,*,#610,.T.);
#830=ORIENTED_EDGE('',*,*,#612,.F.);
#831=ORIENTED_EDGE('',*,*,#613,.F.);
#832=ORIENTED_EDGE('',*,*,#614,.F.);
#833=ORIENTED_EDGE('',*,*,#613,.T.);
#834=ORIENTED_EDGE('',*,*,#615,.F.);
#835=ORIENTED_EDGE('',*,*,#616,.F.);
#836=ORIENTED_EDGE('',*,*,#617,.F.);
#837=ORIENTED_EDGE('',*,*,#616,.T.);
#838=ORIENTED_EDGE('',*,*,#618,.F.);
#839=ORIENTED_EDGE('',*,*,#619,.F.);
#840=ORIENTED_EDGE('',*,*,#620,.F.);
#841=ORIENTED_EDGE('',*,*,#619,.T.);
#842=ORIENTED_EDGE('',*,*,#621,.F.);
#843=ORIENTED_EDGE('',*,*,#622,.F.);
#844=ORIENTED_EDGE('',*,*,#623,.F.);
#845=ORIENTED_EDGE('',*,*,#622,.T.);
#846=ORIENTED_EDGE('',*,*,#624,.F.);
#847=ORIENTED_EDGE('',*,*,#625,.F.);
#848=ORIENTED_EDGE('',*,*,#626,.F.);
#849=ORIENTED_EDGE('',*,*,#625,.T.);
#850=ORIENTED_EDGE('',*,*,#627,.F.);
#851=ORIENTED_EDGE('',*,*,#628,.F.);
#852=ORIENTED_EDGE('',*,*,#629,.F.);
#853=ORIENTED_EDGE('',*,*,#628,.T.);
#854=ORIENTED_EDGE('',*,*,#630,.F.);
#855=ORIENTED_EDGE('',*,*,#631,.F.);
#856=ORIENTED_EDGE('',*,*,#632,.F.);
#857=ORIENTED_EDGE('',*,*,#631,.T.);
#858=ORIENTED_EDGE('',*,*,#633,.F.);
#859=ORIENTED_EDGE('',*,*,#634,.F.);
#860=ORIENTED_EDGE('',*,*,#635,.F.);
#861=ORIENTED_EDGE('',*,*,#634,.T.);
#862=ORIENTED_EDGE('',*,*,#636,.F.);
#863=ORIENTED_EDGE('',*,*,#637,.F.);
#864=ORIENTED_EDGE('',*,*,#638,.F.);
#865=ORIENTED_EDGE('',*,*,#637,.T.);
#866=ORIENTED_EDGE('',*,*,#639,.F.);
#867=ORIENTED_EDGE('',*,*,#640,.F.);
#868=ORIENTED_EDGE('',*,*,#641,.F.);
#869=ORIENTED_EDGE('',*,*,#640,.T.);
#870=ORIENTED_EDGE('',*,*,#642,.F.);
#871=ORIENTED_EDGE('',*,*,#643,.F.);
#872=ORIENTED_EDGE('',*,*,#644,.F.);
#873=ORIENTED_EDGE('',*,*,#643,.T.);
#874=ORIENTED_EDGE('',*,*,#645,.F.);
#875=ORIENTED_EDGE('',*,*,#646,.F.);
#876=ORIENTED_EDGE('',*,*,#647,.F.);
#877=ORIENTED_EDGE('',*,*,#646,.T.);
#878=ORIENTED_EDGE('',*,*,#648,.F.);
#879=ORIENTED_EDGE('',*,*,#649,.F.);
#880=ORIENTED_EDGE('',*,*,#650,.F.);
#881=ORIENTED_EDGE('',*,*,#649,.T.);
#882=ORIENTED_EDGE('',*,*,#651,.F.);
#883=ORIENTED_EDGE('',*,*,#652,.F.);
#884=ORIENTED_EDGE('',*,*,#653,.F.);
#885=ORIENTED_EDGE('',*,*,#652,.T.);
#886=ORIENTED_EDGE('',*,*,#654,.F.);
#887=ORIENTED_EDGE('',*,*,#655,.F.);
#888=ORIENTED_EDGE('',*,*,#656,.F.);
#889=ORIENTED_EDGE('',*,*,#655,.T.);
#890=ORIENTED_EDGE('',*,*,#657,.F.);
#891=ORIENTED_EDGE('',*,*,#658,.F.);
#892=ORIENTED_EDGE('',*,*,#659,.F.);
#893=ORIENTED_EDGE('',*,*,#658,.T.);
#894=ORIENTED_EDGE('',*,*,#660,.F.);
#895=ORIENTED_EDGE('',*,*,#661,.F.);
#896=ORIENTED_EDGE('',*,*,#662,.F.);
#897=ORIENTED_EDGE('',*,*,#661,.T.);
#898=ORIENTED_EDGE('',*,*,#663,.F.);
#899=ORIENTED_EDGE('',*,*,#664,.F.);
#900=ORIENTED_EDGE('',*,*,#665,.F.);
#901=ORIENTED_EDGE('',*,*,#664,.T.);
#902=ORIENTED_EDGE('',*,*,#666,.F.);
#903=ORIENTED_EDGE('',*,*,#667,.F.);
#904=ORIENTED_EDGE('',*,*,#668,.F.);
#905=ORIENTED_EDGE('',*,*,#667,.T.);
#906=ORIENTED_EDGE('',*,*,#669,.F.);
#907=ORIENTED_EDGE('',*,*,#670,.F.);
#908=ORIENTED_EDGE('',*,*,#671,.F.);
#909=ORIENTED_EDGE('',*,*,#670,.T.);
#910=ORIENTED_EDGE('',*,*,#672,.F.);
#911=ORIENTED_EDGE('',*,*,#673,.F.);
#912=ORIENTED_EDGE('',*,*,#674,.F.);
#913=ORIENTED_EDGE('',*,*,#673,.T.);
#914=ORIENTED_EDGE('',*,*,#675,.F.);
#915=ORIENTED_EDGE('',*,*,#676,.F.);
#916=ORIENTED_EDGE('',*,*,#677,.F.);
#917=ORIENTED_EDGE('',*,*,#676,.T.);
#918=ORIENTED_EDGE('',*,*,#678,.F.);
#919=ORIENTED_EDGE('',*,*,#679,.F.);
#920=ORIENTED_EDGE('',*,*,#680,.F.);
#921=ORIENTED_EDGE('',*,*,#679,.T.);
#922=ORIENTED_EDGE('',*,*,#681,.F.);
#923=ORIENTED_EDGE('',*,*,#682,.F.);
#924=ORIENTED_EDGE('',*,*,#683,.F.);
#925=ORIENTED_EDGE('',*,*,#682,.T.);
#926=ORIENTED_EDGE('',*,*,#684,.F.);
#927=ORIENTED_EDGE('',*,*,#685,.F.);
#928=ORIENTED_EDGE('',*,*,#686,.F.);
#929=ORIENTED_EDGE('',*,*,#685,.T.);
#930=ORIENTED_EDGE('',*,*,#687,.F.);
#931=ORIENTED_EDGE('',*,*,#688,.F.);
#932=ORIENTED_EDGE('',*,*,#689,.F.);
#933=ORIENTED_EDGE('',*,*,#688,.T.);
#934=ORIENTED_EDGE('',*,*,#690,.F.);
#935=ORIENTED_EDGE('',*,*,#691,.F.);
#936=ORIENTED_EDGE('',*,*,#692,.F.);
#937=ORIENTED_EDGE('',*,*,#691,.T.);
#938=ORIENTED_EDGE('',*,*,#693,.F.);
#939=ORIENTED_EDGE('',*,*,#694,.F.);
#940=ORIENTED_EDGE('',*,*,#695,.F.);
#941=ORIENTED_EDGE('',*,*,#694,.T.);
#942=ORIENTED_EDGE('',*,*,#696,.F.);
#943=ORIENTED_EDGE('',*,*,#697,.F.);
#944=ORIENTED_EDGE('',*,*,#698,.F.);
#945=ORIENTED_EDGE('',*,*,#697,.T.);
#946=ORIENTED_EDGE('',*,*,#699,.F.);
#947=ORIENTED_EDGE('',*,*,#700,.F.);
#948=ORIENTED_EDGE('',*,*,#701,.F.);
#949=ORIENTED_EDGE('',*,*,#700,.T.);
#950=ORIENTED_EDGE('',*,*,#702,.F.);
#951=ORIENTED_EDGE('',*,*,#703,.F.);
#952=ORIENTED_EDGE('',*,*,#704,.F.);
#953=ORIENTED_EDGE('',*,*,#703,.T.);
#954=ORIENTED_EDGE('',*,*,#705,.F.);
#955=ORIENTED_EDGE('',*,*,#706,.F.);
#956=ORIENTED_EDGE('',*,*,#707,.F.);
#957=ORIENTED_EDGE('',*,*,#706,.T.);
#958=ORIENTED_EDGE('',*,*,#708,.F.);
#959=ORIENTED_EDGE('',*,*,#709,.F.);
#960=ORIENTED_EDGE('',*,*,#710,.F.);
#961=ORIENTED_EDGE('',*,*,#709,.T.);
#962=ORIENTED_EDGE('',*,*,#711,.F.);
#963=ORIENTED_EDGE('',*,*,#712,.F.);
#964=ORIENTED_EDGE('',*,*,#713,.F.);
#965=ORIENTED_EDGE('',*,*,#712,.T.);
#966=ORIENTED_EDGE('',*,*,#714,.F.);
#967=ORIENTED_EDGE('',*,*,#715,.F.);
#968=ORIENTED_EDGE('',*,*,#716,.F.);
#969=ORIENTED_EDGE('',*,*,#715,.T.);
#970=ORIENTED_EDGE('',*,*,#717,.F.);
#971=ORIENTED_EDGE('',*,*,#718,.F.);
#972=ORIENTED_EDGE('',*,*,#719,.F.);
#973=ORIENTED_EDGE('',*,*,#718,.T.);
#974=ORIENTED_EDGE('',*,*,#720,.F.);
#975=ORIENTED_EDGE('',*,*,#721,.F.);
#976=ORIENTED_EDGE('',*,*,#722,.F.);
#977=ORIENTED_EDGE('',*,*,#721,.T.);
#978=ORIENTED_EDGE('',*,*,#723,.F.);
#979=ORIENTED_EDGE('',*,*,#724,.F.);
#980=ORIENTED_EDGE('',*,*,#725,.F.);
#981=ORIENTED_EDGE('',*,*,#724,.T.);
#982=ORIENTED_EDGE('',*,*,#726,.F.);
#983=ORIENTED_EDGE('',*,*,#727,.F.);
#984=ORIENTED_EDGE('',*,*,#728,.F.);
#985=ORIENTED_EDGE('',*,*,#727,.T.);
#986=ORIENTED_EDGE('',*,*,#729,.F.);
#987=ORIENTED_EDGE('',*,*,#730,.F.);
#988=ORIENTED_EDGE('',*,*,#731,.F.);
#989=ORIENTED_EDGE('',*,*,#730,.T.);
#990=ORIENTED_EDGE('',*,*,#732,.F.);
#991=ORIENTED_EDGE('',*,*,#733,.F.);
#992=ORIENTED_EDGE('',*,*,#734,.F.);
#993=ORIENTED_EDGE('',*,*,#733,.T.);
#994=ORIENTED_EDGE('',*,*,#735,.F.);
#995=ORIENTED_EDGE('',*,*,#736,.F.);
#996=ORIENTED_EDGE('',*,*,#737,.F.);
#997=ORIENTED_EDGE('',*,*,#736,.T.);
#998=ORIENTED_EDGE('',*,*,#738,.F.);
#999=ORIENTED_EDGE('',*,*,#739,.F.);
#1000=ORIENTED_EDGE('',*,*,#740,.F.);
#1001=ORIENTED_EDGE('',*,*,#739,.T.);
#1002=ORIENTED_EDGE('',*,*,#741,.F.);
#1003=ORIENTED_EDGE('',*,*,#742,.F.);
#1004=ORIENTED_EDGE('',*,*,#743,.F.);
#1005=ORIENTED_EDGE('',*,*,#742,.T.);
#1006=ORIENTED_EDGE('',*,*,#744,.F.);
#1007=ORIENTED_EDGE('',*,*,#745,.F.);
#1008=ORIENTED_EDGE('',*,*,#746,.F.);
#1009=ORIENTED_EDGE('',*,*,#745,.T.);
#1010=ORIENTED_EDGE('',*,*,#747,.F.);
#1011=ORIENTED_EDGE('',*,*,#748,.F.);
#1012=ORIENTED_EDGE('',*,*,#749,.F.);
#1013=ORIENTED_EDGE('',*,*,#748,.T.);
#1014=ORIENTED_EDGE('',*,*,#750,.F.);
#1015=ORIENTED_EDGE('',*,*,#751,.F.);
#1016=ORIENTED_EDGE('',*,*,#752,.F.);
#1017=ORIENTED_EDGE('',*,*,#751,.T.);
#1018=ORIENTED_EDGE('',*,*,#753,.F.);
#1019=ORIENTED_EDGE('',*,*,#754,.F.);
#1020=ORIENTED_EDGE('',*,*,#755,.F.);
#1021=ORIENTED_EDGE('',*,*,#754,.T.);
#1022=ORIENTED_EDGE('',*,*,#756,.F.);
#1023=ORIENTED_EDGE('',*,*,#757,.F.);
#1024=ORIENTED_EDGE('',*,*,#758,.F.);
#1025=ORIENTED_EDGE('',*,*,#757,.T.);
#1026=ORIENTED_EDGE('',*,*,#759,.F.);
#1027=ORIENTED_EDGE('',*,*,#760,.F.);
#1028=ORIENTED_EDGE('',*,*,#761,.F.);
#1029=ORIENTED_EDGE('',*,*,#760,.T.);
#1030=ORIENTED_EDGE('',*,*,#762,.F.);
#1031=ORIENTED_EDGE('',*,*,#763,.F.);
#1032=ORIENTED_EDGE('',*,*,#764,.F.);
#1033=ORIENTED_EDGE('',*,*,#763,.T.);
#1034=ORIENTED_EDGE('',*,*,#765,.F.);
#1035=ORIENTED_EDGE('',*,*,#766,.F.);
#1036=ORIENTED_EDGE('',*,*,#767,.F.);
#1037=ORIENTED_EDGE('',*,*,#766,.T.);
#1038=ORIENTED_EDGE('',*,*,#768,.F.);
#1039=ORIENTED_EDGE('',*,*,#769,.F.);
#1040=ORIENTED_EDGE('',*,*,#770,.F.);
#1041=ORIENTED_EDGE('',*,*,#769,.T.);
#1042=ORIENTED_EDGE('',*,*,#771,.F.);
#1043=ORIENTED_EDGE('',*,*,#569,.F.);
#1044=ORIENTED_EDGE('',*,*,#771,.T.);
#1045=ORIENTED_EDGE('',*,*,#768,.T.);
#1046=ORIENTED_EDGE('',*,*,#765,.T.);
#1047=ORIENTED_EDGE('',*,*,#762,.T.);
#1048=ORIENTED_EDGE('',*,*,#759,.T.);
#1049=ORIENTED_EDGE('',*,*,#756,.T.);
#1050=ORIENTED_EDGE('',*,*,#753,.T.);
#1051=ORIENTED_EDGE('',*,*,#750,.T.);
#1052=ORIENTED_EDGE('',*,*,#747,.T.);
#1053=ORIENTED_EDGE('',*,*,#744,.T.);
#1054=ORIENTED_EDGE('',*,*,#741,.T.);
#1055=ORIENTED_EDGE('',*,*,#738,.T.);
#1056=ORIENTED_EDGE('',*,*,#735,.T.);
#1057=ORIENTED_EDGE('',*,*,#732,.T.);
#1058=ORIENTED_EDGE('',*,*,#729,.T.);
#1059=ORIENTED_EDGE('',*,*,#726,.T.);
#1060=ORIENTED_EDGE('',*,*,#723,.T.);
#1061=ORIENTED_EDGE('',*,*,#720,.T.);
#1062=ORIENTED_EDGE('',*,*,#717,.T.);
#1063=ORIENTED_EDGE('',*,*,#714,.T.);
#1064=ORIENTED_EDGE('',*,*,#711,.T.);
#1065=ORIENTED_EDGE('',*,*,#708,.T.);
#1066=ORIENTED_EDGE('',*,*,#705,.T.);
#1067=ORIENTED_EDGE('',*,*,#702,.T.);
#1068=ORIENTED_EDGE('',*,*,#699,.T.);
#1069=ORIENTED_EDGE('',*,*,#696,.T.);
#1070=ORIENTED_EDGE('',*,*,#693,.T.);
#1071=ORIENTED_EDGE('',*,*,#690,.T.);
#1072=ORIENTED_EDGE('',*,*,#687,.T.);
#1073=ORIENTED_EDGE('',*,*,#684,.T.);
#1074=ORIENTED_EDGE('',*,*,#681,.T.);
#1075=ORIENTED_EDGE('',*,*,#678,.T.);
#1076=ORIENTED_EDGE('',*,*,#675,.T.);
#1077=ORIENTED_EDGE('',*,*,#672,.T.);
#1078=ORIENTED_EDGE('',*,*,#669,.T.);
#1079=ORIENTED_EDGE('',*,*,#666,.T.);
#1080=ORIENTED_EDGE('',*,*,#663,.T.);
#1081=ORIENTED_EDGE('',*,*,#660,.T.);
#1082=ORIENTED_EDGE('',*,*,#657,.T.);
#1083=ORIENTED_EDGE('',*,*,#654,.T.);
#1084=ORIENTED_EDGE('',*,*,#651,.T.);
#1085=ORIENTED_EDGE('',*,*,#648,.T.);
#1086=ORIENTED_EDGE('',*,*,#645,.T.);
#1087=ORIENTED_EDGE('',*,*,#642,.T.);
#1088=ORIENTED_EDGE('',*,*,#639,.T.);
#1089=ORIENTED_EDGE('',*,*,#636,.T.);
#1090=ORIENTED_EDGE('',*,*,#633,.T.);
#1091=ORIENTED_EDGE('',*,*,#630,.T.);
#1092=ORIENTED_EDGE('',*,*,#627,.T.);
#1093=ORIENTED_EDGE('',*,*,#624,.T.);
#1094=ORIENTED_EDGE('',*,*,#621,.T.);
#1095=ORIENTED_EDGE('',*,*,#618,.T.);
#1096=ORIENTED_EDGE('',*,*,#615,.T.);
#1097=ORIENTED_EDGE('',*,*,#612,.T.);
#1098=ORIENTED_EDGE('',*,*,#609,.T.);
#1099=ORIENTED_EDGE('',*,*,#606,.T.);
#1100=ORIENTED_EDGE('',*,*,#603,.T.);
#1101=ORIENTED_EDGE('',*,*,#600,.T.);
#1102=ORIENTED_EDGE('',*,*,#597,.T.);
#1103=ORIENTED_EDGE('',*,*,#594,.T.);
#1104=ORIENTED_EDGE('',*,*,#591,.T.);
#1105=ORIENTED_EDGE('',*,*,#588,.T.);
#1106=ORIENTED_EDGE('',*,*,#585,.T.);
#1107=ORIENTED_EDGE('',*,*,#582,.T.);
#1108=ORIENTED_EDGE('',*,*,#579,.T.);
#1109=ORIENTED_EDGE('',*,*,#576,.T.);
#1110=ORIENTED_EDGE('',*,*,#573,.T.);
#1111=ORIENTED_EDGE('',*,*,#570,.T.);
#1112=ORIENTED_EDGE('',*,*,#770,.T.);
#1113=ORIENTED_EDGE('',*,*,#568,.T.);
#1114=ORIENTED_EDGE('',*,*,#572,.T.);
#1115=ORIENTED_EDGE('',*,*,#575,.T.);
#1116=ORIENTED_EDGE('',*,*,#578,.T.);
#1117=ORIENTED_EDGE('',*,*,#581,.T.);
#1118=ORIENTED_EDGE('',*,*,#584,.T.);
#1119=ORIENTED_EDGE('',*,*,#587,.T.);
#1120=ORIENTED_EDGE('',*,*,#590,.T.);
#1121=ORIENTED_EDGE('',*,*,#593,.T.);
#1122=ORIENTED_EDGE('',*,*,#596,.T.);
#1123=ORIENTED_EDGE('',*,*,#599,.T.);
#1124=ORIENTED_EDGE('',*,*,#602,.T.);
#1125=ORIENTED_EDGE('',*,*,#605,.T.);
#1126=ORIENTED_EDGE('',*,*,#608,.T.);
#1127=ORIENTED_EDGE('',*,*,#611,.T.);
#1128=ORIENTED_EDGE('',*,*,#614,.T.);
#1129=ORIENTED_EDGE('',*,*,#617,.T.);
#1130=ORIENTED_EDGE('',*,*,#620,.T.);
#1131=ORIENTED_EDGE('',*,*,#623,.T.);
#1132=ORIENTED_EDGE('',*,*,#626,.T.);
#1133=ORIENTED_EDGE('',*,*,#629,.T.);
#1134=ORIENTED_EDGE('',*,*,#632,.T.);
#1135=ORIENTED_EDGE('',*,*,#635,.T.);
#1136=ORIENTED_EDGE('',*,*,#638,.T.);
#1137=ORIENTED_EDGE('',*,*,#641,.T.);
#1138=ORIENTED_EDGE('',*,*,#644,.T.);
#1139=ORIENTED_EDGE('',*,*,#647,.T.);
#1140=ORIENTED_EDGE('',*,*,#650,.T.);
#1141=ORIENTED_EDGE('',*,*,#653,.T.);
#1142=ORIENTED_EDGE('',*,*,#656,.T.);
#1143=ORIENTED_EDGE('',*,*,#659,.T.);
#1144=ORIENTED_EDGE('',*,*,#662,.T.);
#1145=ORIENTED_EDGE('',*,*,#665,.T.);
#1146=ORIENTED_EDGE('',*,*,#668,.T.);
#1147=ORIENTED_EDGE('',*,*,#671,.T.);
#1148=ORIENTED_EDGE('',*,*,#674,.T.);
#1149=ORIENTED_EDGE('',*,*,#677,.T.);
#1150=ORIENTED_EDGE('',*,*,#680,.T.);
#1151=ORIENTED_EDGE('',*,*,#683,.T.);
#1152=ORIENTED_EDGE('',*,*,#686,.T.);
#1153=ORIENTED_EDGE('',*,*,#689,.T.);
#1154=ORIENTED_EDGE('',*,*,#692,.T.);
#1155=ORIENTED_EDGE('',*,*,#695,.T.);
#1156=ORIENTED_EDGE('',*,*,#698,.T.);
#1157=ORIENTED_EDGE('',*,*,#701,.T.);
#1158=ORIENTED_EDGE('',*,*,#704,.T.);
#1159=ORIENTED_EDGE('',*,*,#707,.T.);
#1160=ORIENTED_EDGE('',*,*,#710,.T.);
#1161=ORIENTED_EDGE('',*,*,#713,.T.);
#1162=ORIENTED_EDGE('',*,*,#716,.T.);
#1163=ORIENTED_EDGE('',*,*,#719,.T.);
#1164=ORIENTED_EDGE('',*,*,#722,.T.);
#1165=ORIENTED_EDGE('',*,*,#725,.T.);
#1166=ORIENTED_EDGE('',*,*,#728,.T.);
#1167=ORIENTED_EDGE('',*,*,#731,.T.);
#1168=ORIENTED_EDGE('',*,*,#734,.T.);
#1169=ORIENTED_EDGE('',*,*,#737,.T.);
#1170=ORIENTED_EDGE('',*,*,#740,.T.);
#1171=ORIENTED_EDGE('',*,*,#743,.T.);
#1172=ORIENTED_EDGE('',*,*,#746,.T.);
#1173=ORIENTED_EDGE('',*,*,#749,.T.);
#1174=ORIENTED_EDGE('',*,*,#752,.T.);
#1175=ORIENTED_EDGE('',*,*,#755,.T.);
#1176=ORIENTED_EDGE('',*,*,#758,.T.);
#1177=ORIENTED_EDGE('',*,*,#761,.T.);
#1178=ORIENTED_EDGE('',*,*,#764,.T.);
#1179=ORIENTED_EDGE('',*,*,#767,.T.);
#1180=B_SPLINE_SURFACE_WITH_KNOTS('',2,1,((#1413,#1414),(#1415,#1416),(#1417,
#1418)),.UNSPECIFIED.,.F.,.F.,.F.,(3,3),(2,2),(-1.,0.),(0.,0.3),
 .UNSPECIFIED.);
#1181=B_SPLINE_SURFACE_WITH_KNOTS('',2,1,((#1431,#1432),(#1433,#1434),(#1435,
#1436)),.UNSPECIFIED.,.F.,.F.,.F.,(3,3),(2,2),(-1.,0.),(0.,0.3),
 .UNSPECIFIED.);
#1182=B_SPLINE_SURFACE_WITH_KNOTS('',2,1,((#1446,#1447),(#1448,#1449),(#1450,
#1451)),.UNSPECIFIED.,.F.,.F.,.F.,(3,3),(2,2),(-1.,0.),(0.,0.3),
 .UNSPECIFIED.);
#1183=B_SPLINE_SURFACE_WITH_KNOTS('',2,1,((#1461,#1462),(#1463,#1464),(#1465,
#1466)),.UNSPECIFIED.,.F.,.F.,.F.,(3,3),(2,2),(-1.,0.),(0.,0.3),
 .UNSPECIFIED.);
#1184=B_SPLINE_SURFACE_WITH_KNOTS('',2,1,((#1476,#1477),(#1478,#1479),(#1480,
#1481)),.UNSPECIFIED.,.F.,.F.,.F.,(3,3),(2,2),(-1.,0.),(0.,0.3),
 .UNSPECIFIED.);
#1185=B_SPLINE_SURFACE_WITH_KNOTS('',2,1,((#1491,#1492),(#1493,#1494),(#1495,
#1496)),.UNSPECIFIED.,.F.,.F.,.F.,(3,3),(2,2),(-1.,0.),(0.,0.3),
 .UNSPECIFIED.);
#1186=B_SPLINE_SURFACE_WITH_KNOTS('',2,1,((#1506,#1507),(#1508,#1509),(#1510,
#1511)),.UNSPECIFIED.,.F.,.F.,.F.,(3,3),(2,2),(-1.,0.),(0.,0.3),
 .UNSPECIFIED.);
#1187=B_SPLINE_SURFACE_WITH_KNOTS('',2,1,((#1521,#1522),(#1523,#1524),(#1525,
#1526)),.UNSPECIFIED.,.F.,.F.,.F.,(3,3),(2,2),(-1.,0.),(0.,0.3),
 .UNSPECIFIED.);
#1188=B_SPLINE_SURFACE_WITH_KNOTS('',2,1,((#1536,#1537),(#1538,#1539),(#1540,
#1541)),.UNSPECIFIED.,.F.,.F.,.F.,(3,3),(2,2),(-1.,0.),(0.,0.3),
 .UNSPECIFIED.);
#1189=B_SPLINE_SURFACE_WITH_KNOTS('',2,1,((#1551,#1552),(#1553,#1554),(#1555,
#1556)),.UNSPECIFIED.,.F.,.F.,.F.,(3,3),(2,2),(-1.,0.),(0.,0.3),
 .UNSPECIFIED.);
#1190=B_SPLINE_SURFACE_WITH_KNOTS('',2,1,((#1566,#1567),(#1568,#1569),(#1570,
#1571)),.UNSPECIFIED.,.F.,.F.,.F.,(3,3),(2,2),(-1.,0.),(0.,0.3),
 .UNSPECIFIED.);
#1191=B_SPLINE_SURFACE_WITH_KNOTS('',2,1,((#1581,#1582),(#1583,#1584),(#1585,
#1586)),.UNSPECIFIED.,.F.,.F.,.F.,(3,3),(2,2),(-1.,0.),(0.,0.3),
 .UNSPECIFIED.);
#1192=B_SPLINE_SURFACE_WITH_KNOTS('',2,1,((#1596,#1597),(#1598,#1599),(#1600,
#1601)),.UNSPECIFIED.,.F.,.F.,.F.,(3,3),(2,2),(-1.,0.),(0.,0.3),
 .UNSPECIFIED.);
#1193=B_SPLINE_SURFACE_WITH_KNOTS('',2,1,((#1611,#1612),(#1613,#1614),(#1615,
#1616)),.UNSPECIFIED.,.F.,.F.,.F.,(3,3),(2,2),(-1.,0.),(0.,0.3),
 .UNSPECIFIED.);
#1194=B_SPLINE_SURFACE_WITH_KNOTS('',2,1,((#1626,#1627),(#1628,#1629),(#1630,
#1631)),.UNSPECIFIED.,.F.,.F.,.F.,(3,3),(2,2),(-1.,0.),(0.,0.3),
 .UNSPECIFIED.);
#1195=B_SPLINE_SURFACE_WITH_KNOTS('',2,1,((#1641,#1642),(#1643,#1644),(#1645,
#1646)),.UNSPECIFIED.,.F.,.F.,.F.,(3,3),(2,2),(-1.,0.),(0.,0.3),
 .UNSPECIFIED.);
#1196=B_SPLINE_SURFACE_WITH_KNOTS('',2,1,((#1656,#1657),(#1658,#1659),(#1660,
#1661)),.UNSPECIFIED.,.F.,.F.,.F.,(3,3),(2,2),(-1.,0.),(0.,0.3),
 .UNSPECIFIED.);
#1197=B_SPLINE_SURFACE_WITH_KNOTS('',2,1,((#1671,#1672),(#1673,#1674),(#1675,
#1676)),.UNSPECIFIED.,.F.,.F.,.F.,(3,3),(2,2),(-1.,0.),(0.,0.3),
 .UNSPECIFIED.);
#1198=B_SPLINE_SURFACE_WITH_KNOTS('',2,1,((#1686,#1687),(#1688,#1689),(#1690,
#1691)),.UNSPECIFIED.,.F.,.F.,.F.,(3,3),(2,2),(-1.,0.),(0.,0.3),
 .UNSPECIFIED.);
#1199=B_SPLINE_SURFACE_WITH_KNOTS('',2,1,((#1701,#1702),(#1703,#1704),(#1705,
#1706)),.UNSPECIFIED.,.F.,.F.,.F.,(3,3),(2,2),(-1.,0.),(0.,0.3),
 .UNSPECIFIED.);
#1200=B_SPLINE_SURFACE_WITH_KNOTS('',2,1,((#1716,#1717),(#1718,#1719),(#1720,
#1721)),.UNSPECIFIED.,.F.,.F.,.F.,(3,3),(2,2),(-1.,0.),(0.,0.3),
 .UNSPECIFIED.);
#1201=B_SPLINE_SURFACE_WITH_KNOTS('',2,1,((#1731,#1732),(#1733,#1734),(#1735,
#1736)),.UNSPECIFIED.,.F.,.F.,.F.,(3,3),(2,2),(-1.,0.),(0.,0.3),
 .UNSPECIFIED.);
#1202=B_SPLINE_SURFACE_WITH_KNOTS('',2,1,((#1746,#1747),(#1748,#1749),(#1750,
#1751)),.UNSPECIFIED.,.F.,.F.,.F.,(3,3),(2,2),(-1.,0.),(0.,0.3),
 .UNSPECIFIED.);
#1203=B_SPLINE_SURFACE_WITH_KNOTS('',2,1,((#1761,#1762),(#1763,#1764),(#1765,
#1766)),.UNSPECIFIED.,.F.,.F.,.F.,(3,3),(2,2),(-1.,0.),(0.,0.3),
 .UNSPECIFIED.);
#1204=B_SPLINE_SURFACE_WITH_KNOTS('',2,1,((#1776,#1777),(#1778,#1779),(#1780,
#1781)),.UNSPECIFIED.,.F.,.F.,.F.,(3,3),(2,2),(-1.,0.),(0.,0.3),
 .UNSPECIFIED.);
#1205=B_SPLINE_SURFACE_WITH_KNOTS('',2,1,((#1791,#1792),(#1793,#1794),(#1795,
#1796)),.UNSPECIFIED.,.F.,.F.,.F.,(3,3),(2,2),(-0.82514120083456,0.),(0.,
0.3),.UNSPECIFIED.);
#1206=B_SPLINE_SURFACE_WITH_KNOTS('',2,1,((#1806,#1807),(#1808,#1809),(#1810,
#1811)),.UNSPECIFIED.,.F.,.F.,.F.,(3,3),(2,2),(-1.,-0.903944340559333),
(0.,0.3),.UNSPECIFIED.);
#1207=B_SPLINE_SURFACE_WITH_KNOTS('',2,1,((#1821,#1822),(#1823,#1824),(#1825,
#1826)),.UNSPECIFIED.,.F.,.F.,.F.,(3,3),(2,2),(-1.,0.),(0.,0.3),
 .UNSPECIFIED.);
#1208=B_SPLINE_SURFACE_WITH_KNOTS('',2,1,((#1836,#1837),(#1838,#1839),(#1840,
#1841)),.UNSPECIFIED.,.F.,.F.,.F.,(3,3),(2,2),(-1.,0.),(0.,0.3),
 .UNSPECIFIED.);
#1209=B_SPLINE_SURFACE_WITH_KNOTS('',2,1,((#1851,#1852),(#1853,#1854),(#1855,
#1856)),.UNSPECIFIED.,.F.,.F.,.F.,(3,3),(2,2),(-1.,0.),(0.,0.3),
 .UNSPECIFIED.);
#1210=B_SPLINE_SURFACE_WITH_KNOTS('',2,1,((#1866,#1867),(#1868,#1869),(#1870,
#1871)),.UNSPECIFIED.,.F.,.F.,.F.,(3,3),(2,2),(-1.,0.),(0.,0.3),
 .UNSPECIFIED.);
#1211=B_SPLINE_SURFACE_WITH_KNOTS('',2,1,((#1881,#1882),(#1883,#1884),(#1885,
#1886)),.UNSPECIFIED.,.F.,.F.,.F.,(3,3),(2,2),(-1.,0.),(0.,0.3),
 .UNSPECIFIED.);
#1212=B_SPLINE_SURFACE_WITH_KNOTS('',2,1,((#1896,#1897),(#1898,#1899),(#1900,
#1901)),.UNSPECIFIED.,.F.,.F.,.F.,(3,3),(2,2),(-1.,0.),(0.,0.3),
 .UNSPECIFIED.);
#1213=B_SPLINE_SURFACE_WITH_KNOTS('',2,1,((#1911,#1912),(#1913,#1914),(#1915,
#1916)),.UNSPECIFIED.,.F.,.F.,.F.,(3,3),(2,2),(-1.,0.),(0.,0.3),
 .UNSPECIFIED.);
#1214=B_SPLINE_SURFACE_WITH_KNOTS('',2,1,((#1926,#1927),(#1928,#1929),(#1930,
#1931)),.UNSPECIFIED.,.F.,.F.,.F.,(3,3),(2,2),(-1.,0.),(0.,0.3),
 .UNSPECIFIED.);
#1215=B_SPLINE_SURFACE_WITH_KNOTS('',2,1,((#1941,#1942),(#1943,#1944),(#1945,
#1946)),.UNSPECIFIED.,.F.,.F.,.F.,(3,3),(2,2),(-1.,0.),(0.,0.3),
 .UNSPECIFIED.);
#1216=B_SPLINE_SURFACE_WITH_KNOTS('',2,1,((#1956,#1957),(#1958,#1959),(#1960,
#1961)),.UNSPECIFIED.,.F.,.F.,.F.,(3,3),(2,2),(-1.,0.),(0.,0.3),
 .UNSPECIFIED.);
#1217=B_SPLINE_SURFACE_WITH_KNOTS('',2,1,((#1971,#1972),(#1973,#1974),(#1975,
#1976)),.UNSPECIFIED.,.F.,.F.,.F.,(3,3),(2,2),(-1.,0.),(0.,0.3),
 .UNSPECIFIED.);
#1218=B_SPLINE_SURFACE_WITH_KNOTS('',2,1,((#1986,#1987),(#1988,#1989),(#1990,
#1991)),.UNSPECIFIED.,.F.,.F.,.F.,(3,3),(2,2),(-1.,0.),(0.,0.3),
 .UNSPECIFIED.);
#1219=B_SPLINE_SURFACE_WITH_KNOTS('',2,1,((#2001,#2002),(#2003,#2004),(#2005,
#2006)),.UNSPECIFIED.,.F.,.F.,.F.,(3,3),(2,2),(-1.,0.),(0.,0.3),
 .UNSPECIFIED.);
#1220=B_SPLINE_SURFACE_WITH_KNOTS('',2,1,((#2016,#2017),(#2018,#2019),(#2020,
#2021)),.UNSPECIFIED.,.F.,.F.,.F.,(3,3),(2,2),(-1.,0.),(0.,0.3),
 .UNSPECIFIED.);
#1221=B_SPLINE_SURFACE_WITH_KNOTS('',2,1,((#2031,#2032),(#2033,#2034),(#2035,
#2036)),.UNSPECIFIED.,.F.,.F.,.F.,(3,3),(2,2),(-1.,0.),(0.,0.3),
 .UNSPECIFIED.);
#1222=B_SPLINE_SURFACE_WITH_KNOTS('',2,1,((#2046,#2047),(#2048,#2049),(#2050,
#2051)),.UNSPECIFIED.,.F.,.F.,.F.,(3,3),(2,2),(-1.,0.),(0.,0.3),
 .UNSPECIFIED.);
#1223=B_SPLINE_SURFACE_WITH_KNOTS('',2,1,((#2061,#2062),(#2063,#2064),(#2065,
#2066)),.UNSPECIFIED.,.F.,.F.,.F.,(3,3),(2,2),(-1.,0.),(0.,0.3),
 .UNSPECIFIED.);
#1224=B_SPLINE_SURFACE_WITH_KNOTS('',2,1,((#2076,#2077),(#2078,#2079),(#2080,
#2081)),.UNSPECIFIED.,.F.,.F.,.F.,(3,3),(2,2),(-1.,0.),(0.,0.3),
 .UNSPECIFIED.);
#1225=B_SPLINE_SURFACE_WITH_KNOTS('',2,1,((#2091,#2092),(#2093,#2094),(#2095,
#2096)),.UNSPECIFIED.,.F.,.F.,.F.,(3,3),(2,2),(-1.,0.),(0.,0.3),
 .UNSPECIFIED.);
#1226=B_SPLINE_SURFACE_WITH_KNOTS('',2,1,((#2106,#2107),(#2108,#2109),(#2110,
#2111)),.UNSPECIFIED.,.F.,.F.,.F.,(3,3),(2,2),(-1.,0.),(0.,0.3),
 .UNSPECIFIED.);
#1227=B_SPLINE_SURFACE_WITH_KNOTS('',2,1,((#2121,#2122),(#2123,#2124),(#2125,
#2126)),.UNSPECIFIED.,.F.,.F.,.F.,(3,3),(2,2),(-1.,0.),(0.,0.3),
 .UNSPECIFIED.);
#1228=B_SPLINE_SURFACE_WITH_KNOTS('',2,1,((#2136,#2137),(#2138,#2139),(#2140,
#2141)),.UNSPECIFIED.,.F.,.F.,.F.,(3,3),(2,2),(-1.,0.),(0.,0.3),
 .UNSPECIFIED.);
#1229=B_SPLINE_SURFACE_WITH_KNOTS('',2,1,((#2151,#2152),(#2153,#2154),(#2155,
#2156)),.UNSPECIFIED.,.F.,.F.,.F.,(3,3),(2,2),(-1.,0.),(0.,0.3),
 .UNSPECIFIED.);
#1230=B_SPLINE_SURFACE_WITH_KNOTS('',2,1,((#2172,#2173),(#2174,#2175),(#2176,
#2177)),.UNSPECIFIED.,.F.,.F.,.F.,(3,3),(2,2),(-1.,0.),(0.,0.3),
 .UNSPECIFIED.);
#1231=B_SPLINE_SURFACE_WITH_KNOTS('',2,1,((#2187,#2188),(#2189,#2190),(#2191,
#2192)),.UNSPECIFIED.,.F.,.F.,.F.,(3,3),(2,2),(-1.,0.),(0.,0.3),
 .UNSPECIFIED.);
#1232=B_SPLINE_SURFACE_WITH_KNOTS('',2,1,((#2202,#2203),(#2204,#2205),(#2206,
#2207)),.UNSPECIFIED.,.F.,.F.,.F.,(3,3),(2,2),(-1.,0.),(0.,0.3),
 .UNSPECIFIED.);
#1233=B_SPLINE_SURFACE_WITH_KNOTS('',2,1,((#2217,#2218),(#2219,#2220),(#2221,
#2222)),.UNSPECIFIED.,.F.,.F.,.F.,(3,3),(2,2),(-1.,0.),(0.,0.3),
 .UNSPECIFIED.);
#1234=B_SPLINE_SURFACE_WITH_KNOTS('',2,1,((#2232,#2233),(#2234,#2235),(#2236,
#2237)),.UNSPECIFIED.,.F.,.F.,.F.,(3,3),(2,2),(-1.,0.),(0.,0.3),
 .UNSPECIFIED.);
#1235=B_SPLINE_SURFACE_WITH_KNOTS('',2,1,((#2247,#2248),(#2249,#2250),(#2251,
#2252)),.UNSPECIFIED.,.F.,.F.,.F.,(3,3),(2,2),(-1.,0.),(0.,0.3),
 .UNSPECIFIED.);
#1236=B_SPLINE_SURFACE_WITH_KNOTS('',2,1,((#2262,#2263),(#2264,#2265),(#2266,
#2267)),.UNSPECIFIED.,.F.,.F.,.F.,(3,3),(2,2),(-1.,0.),(0.,0.3),
 .UNSPECIFIED.);
#1237=B_SPLINE_SURFACE_WITH_KNOTS('',2,1,((#2277,#2278),(#2279,#2280),(#2281,
#2282)),.UNSPECIFIED.,.F.,.F.,.F.,(3,3),(2,2),(-1.,0.),(0.,0.3),
 .UNSPECIFIED.);
#1238=B_SPLINE_SURFACE_WITH_KNOTS('',2,1,((#2292,#2293),(#2294,#2295),(#2296,
#2297)),.UNSPECIFIED.,.F.,.F.,.F.,(3,3),(2,2),(-1.,0.),(0.,0.3),
 .UNSPECIFIED.);
#1239=B_SPLINE_SURFACE_WITH_KNOTS('',2,1,((#2307,#2308),(#2309,#2310),(#2311,
#2312)),.UNSPECIFIED.,.F.,.F.,.F.,(3,3),(2,2),(-1.,0.),(0.,0.3),
 .UNSPECIFIED.);
#1240=B_SPLINE_SURFACE_WITH_KNOTS('',2,1,((#2322,#2323),(#2324,#2325),(#2326,
#2327)),.UNSPECIFIED.,.F.,.F.,.F.,(3,3),(2,2),(-1.,0.),(0.,0.3),
 .UNSPECIFIED.);
#1241=B_SPLINE_SURFACE_WITH_KNOTS('',2,1,((#2337,#2338),(#2339,#2340),(#2341,
#2342)),.UNSPECIFIED.,.F.,.F.,.F.,(3,3),(2,2),(-1.,0.),(0.,0.3),
 .UNSPECIFIED.);
#1242=B_SPLINE_SURFACE_WITH_KNOTS('',2,1,((#2352,#2353),(#2354,#2355),(#2356,
#2357)),.UNSPECIFIED.,.F.,.F.,.F.,(3,3),(2,2),(-1.,0.),(0.,0.3),
 .UNSPECIFIED.);
#1243=B_SPLINE_SURFACE_WITH_KNOTS('',2,1,((#2367,#2368),(#2369,#2370),(#2371,
#2372)),.UNSPECIFIED.,.F.,.F.,.F.,(3,3),(2,2),(-1.,0.),(0.,0.3),
 .UNSPECIFIED.);
#1244=B_SPLINE_SURFACE_WITH_KNOTS('',2,1,((#2382,#2383),(#2384,#2385),(#2386,
#2387)),.UNSPECIFIED.,.F.,.F.,.F.,(3,3),(2,2),(-1.,0.),(0.,0.3),
 .UNSPECIFIED.);
#1245=B_SPLINE_SURFACE_WITH_KNOTS('',2,1,((#2397,#2398),(#2399,#2400),(#2401,
#2402)),.UNSPECIFIED.,.F.,.F.,.F.,(3,3),(2,2),(-0.772778803979309,0.),(0.,
0.3),.UNSPECIFIED.);
#1246=B_SPLINE_SURFACE_WITH_KNOTS('',2,1,((#2412,#2413),(#2414,#2415),(#2416,
#2417)),.UNSPECIFIED.,.F.,.F.,.F.,(3,3),(2,2),(-1.,-0.553895172251287),
(0.,0.3),.UNSPECIFIED.);
#1247=ADVANCED_FACE('',(#18),#1180,.T.);
#1248=ADVANCED_FACE('',(#19),#1181,.T.);
#1249=ADVANCED_FACE('',(#20),#1182,.T.);
#1250=ADVANCED_FACE('',(#21),#1183,.T.);
#1251=ADVANCED_FACE('',(#22),#1184,.T.);
#1252=ADVANCED_FACE('',(#23),#1185,.T.);
#1253=ADVANCED_FACE('',(#24),#1186,.T.);
#1254=ADVANCED_FACE('',(#25),#1187,.T.);
#1255=ADVANCED_FACE('',(#26),#1188,.T.);
#1256=ADVANCED_FACE('',(#27),#1189,.T.);
#1257=ADVANCED_FACE('',(#28),#1190,.T.);
#1258=ADVANCED_FACE('',(#29),#1191,.T.);
#1259=ADVANCED_FACE('',(#30),#1192,.T.);
#1260=ADVANCED_FACE('',(#31),#1193,.T.);
#1261=ADVANCED_FACE('',(#32),#1194,.T.);
#1262=ADVANCED_FACE('',(#33),#1195,.T.);
#1263=ADVANCED_FACE('',(#34),#1196,.T.);
#1264=ADVANCED_FACE('',(#35),#1197,.T.);
#1265=ADVANCED_FACE('',(#36),#1198,.T.);
#1266=ADVANCED_FACE('',(#37),#1199,.T.);
#1267=ADVANCED_FACE('',(#38),#1200,.T.);
#1268=ADVANCED_FACE('',(#39),#1201,.T.);
#1269=ADVANCED_FACE('',(#40),#1202,.T.);
#1270=ADVANCED_FACE('',(#41),#1203,.T.);
#1271=ADVANCED_FACE('',(#42),#1204,.T.);
#1272=ADVANCED_FACE('',(#43),#1205,.T.);
#1273=ADVANCED_FACE('',(#44),#1206,.T.);
#1274=ADVANCED_FACE('',(#45),#1207,.T.);
#1275=ADVANCED_FACE('',(#46),#1208,.T.);
#1276=ADVANCED_FACE('',(#47),#1209,.T.);
#1277=ADVANCED_FACE('',(#48),#1210,.T.);
#1278=ADVANCED_FACE('',(#49),#1211,.T.);
#1279=ADVANCED_FACE('',(#50),#1212,.T.);
#1280=ADVANCED_FACE('',(#51),#1213,.T.);
#1281=ADVANCED_FACE('',(#52),#1214,.T.);
#1282=ADVANCED_FACE('',(#53),#1215,.T.);
#1283=ADVANCED_FACE('',(#54),#1216,.T.);
#1284=ADVANCED_FACE('',(#55),#1217,.T.);
#1285=ADVANCED_FACE('',(#56),#1218,.T.);
#1286=ADVANCED_FACE('',(#57),#1219,.T.);
#1287=ADVANCED_FACE('',(#58),#1220,.T.);
#1288=ADVANCED_FACE('',(#59),#1221,.T.);
#1289=ADVANCED_FACE('',(#60),#1222,.T.);
#1290=ADVANCED_FACE('',(#61),#1223,.T.);
#1291=ADVANCED_FACE('',(#62),#1224,.T.);
#1292=ADVANCED_FACE('',(#63),#1225,.T.);
#1293=ADVANCED_FACE('',(#64),#1226,.T.);
#1294=ADVANCED_FACE('',(#65),#1227,.T.);
#1295=ADVANCED_FACE('',(#66),#1228,.T.);
#1296=ADVANCED_FACE('',(#67),#1229,.T.);
#1297=ADVANCED_FACE('',(#68),#15,.T.);
#1298=ADVANCED_FACE('',(#69),#1230,.T.);
#1299=ADVANCED_FACE('',(#70),#1231,.T.);
#1300=ADVANCED_FACE('',(#71),#1232,.T.);
#1301=ADVANCED_FACE('',(#72),#1233,.T.);
#1302=ADVANCED_FACE('',(#73),#1234,.T.);
#1303=ADVANCED_FACE('',(#74),#1235,.T.);
#1304=ADVANCED_FACE('',(#75),#1236,.T.);
#1305=ADVANCED_FACE('',(#76),#1237,.T.);
#1306=ADVANCED_FACE('',(#77),#1238,.T.);
#1307=ADVANCED_FACE('',(#78),#1239,.T.);
#1308=ADVANCED_FACE('',(#79),#1240,.T.);
#1309=ADVANCED_FACE('',(#80),#1241,.T.);
#1310=ADVANCED_FACE('',(#81),#1242,.T.);
#1311=ADVANCED_FACE('',(#82),#1243,.T.);
#1312=ADVANCED_FACE('',(#83),#1244,.T.);
#1313=ADVANCED_FACE('',(#84),#1245,.T.);
#1314=ADVANCED_FACE('',(#85),#1246,.T.);
#1315=ADVANCED_FACE('',(#86),#16,.T.);
#1316=ADVANCED_FACE('',(#87),#17,.F.);
#1317=CLOSED_SHELL('',(#1247,#1248,#1249,#1250,#1251,#1252,#1253,#1254,
#1255,#1256,#1257,#1258,#1259,#1260,#1261,#1262,#1263,#1264,#1265,#1266,
#1267,#1268,#1269,#1270,#1271,#1272,#1273,#1274,#1275,#1276,#1277,#1278,
#1279,#1280,#1281,#1282,#1283,#1284,#1285,#1286,#1287,#1288,#1289,#1290,
#1291,#1292,#1293,#1294,#1295,#1296,#1297,#1298,#1299,#1300,#1301,#1302,
#1303,#1304,#1305,#1306,#1307,#1308,#1309,#1310,#1311,#1312,#1313,#1314,
#1315,#1316));
#1318=DERIVED_UNIT_ELEMENT(#1320,1.);
#1319=DERIVED_UNIT_ELEMENT(#2431,-3.);
#1320=(
MASS_UNIT()
NAMED_UNIT(*)
SI_UNIT(.KILO.,.GRAM.)
);
#1321=DERIVED_UNIT((#1318,#1319));
#1322=MEASURE_REPRESENTATION_ITEM('density measure',
POSITIVE_RATIO_MEASURE(7850.),#1321);
#1323=PROPERTY_DEFINITION_REPRESENTATION(#1328,#1325);
#1324=PROPERTY_DEFINITION_REPRESENTATION(#1329,#1326);
#1325=REPRESENTATION('material name',(#1327),#2428);
#1326=REPRESENTATION('density',(#1322),#2428);
#1327=DESCRIPTIVE_REPRESENTATION_ITEM('Acier','Acier');
#1328=PROPERTY_DEFINITION('material property','material name',#2438);
#1329=PROPERTY_DEFINITION('material property','density of part',#2438);
#1330=AXIS2_PLACEMENT_3D('',#1412,#1334,#1335);
#1331=AXIS2_PLACEMENT_3D('',#2166,#1387,#1388);
#1332=AXIS2_PLACEMENT_3D('',#2424,#1408,#1409);
#1333=AXIS2_PLACEMENT_3D('',#2425,#1410,#1411);
#1334=DIRECTION('axis',(0.,0.,1.));
#1335=DIRECTION('refdir',(1.,0.,0.));
#1336=DIRECTION('',(0.,1.,0.));
#1337=DIRECTION('',(0.,1.,0.));
#1338=DIRECTION('',(0.,1.,0.));
#1339=DIRECTION('',(0.,1.,0.));
#1340=DIRECTION('',(0.,1.,0.));
#1341=DIRECTION('',(0.,1.,0.));
#1342=DIRECTION('',(0.,1.,0.));
#1343=DIRECTION('',(0.,1.,0.));
#1344=DIRECTION('',(0.,1.,0.));
#1345=DIRECTION('',(0.,1.,0.));
#1346=DIRECTION('',(0.,1.,0.));
#1347=DIRECTION('',(0.,1.,0.));
#1348=DIRECTION('',(0.,1.,0.));
#1349=DIRECTION('',(0.,1.,0.));
#1350=DIRECTION('',(0.,1.,0.));
#1351=DIRECTION('',(0.,1.,0.));
#1352=DIRECTION('',(0.,1.,0.));
#1353=DIRECTION('',(0.,1.,0.));
#1354=DIRECTION('',(0.,1.,0.));
#1355=DIRECTION('',(0.,1.,0.));
#1356=DIRECTION('',(0.,1.,0.));
#1357=DIRECTION('',(0.,1.,0.));
#1358=DIRECTION('',(0.,1.,0.));
#1359=DIRECTION('',(0.,1.,0.));
#1360=DIRECTION('',(0.,1.,0.));
#1361=DIRECTION('',(0.,1.,0.));
#1362=DIRECTION('',(0.,1.,0.));
#1363=DIRECTION('',(0.,1.,0.));
#1364=DIRECTION('',(0.,1.,0.));
#1365=DIRECTION('',(0.,1.,0.));
#1366=DIRECTION('',(0.,1.,0.));
#1367=DIRECTION('',(0.,1.,0.));
#1368=DIRECTION('',(0.,1.,0.));
#1369=DIRECTION('',(0.,1.,0.));
#1370=DIRECTION('',(0.,1.,0.));
#1371=DIRECTION('',(0.,1.,0.));
#1372=DIRECTION('',(0.,1.,0.));
#1373=DIRECTION('',(0.,1.,0.));
#1374=DIRECTION('',(0.,1.,0.));
#1375=DIRECTION('',(0.,1.,0.));
#1376=DIRECTION('',(0.,1.,0.));
#1377=DIRECTION('',(0.,1.,0.));
#1378=DIRECTION('',(0.,1.,0.));
#1379=DIRECTION('',(0.,1.,0.));
#1380=DIRECTION('',(0.,1.,0.));
#1381=DIRECTION('',(0.,1.,0.));
#1382=DIRECTION('',(0.,1.,0.));
#1383=DIRECTION('',(0.,1.,0.));
#1384=DIRECTION('',(0.,1.,0.));
#1385=DIRECTION('',(0.,1.,0.));
#1386=DIRECTION('',(0.,1.,0.));
#1387=DIRECTION('center_axis',(-0.677197596536414,0.,-0.735801206335858));
#1388=DIRECTION('ref_axis',(-0.735801206335858,0.,0.677197596536414));
#1389=DIRECTION('',(0.735801206335858,0.,-0.677197596536414));
#1390=DIRECTION('',(-0.735801206335858,0.,0.677197596536414));
#1391=DIRECTION('',(0.,1.,0.));
#1392=DIRECTION('',(0.,1.,0.));
#1393=DIRECTION('',(0.,1.,0.));
#1394=DIRECTION('',(0.,1.,0.));
#1395=DIRECTION('',(0.,1.,0.));
#1396=DIRECTION('',(0.,1.,0.));
#1397=DIRECTION('',(0.,1.,0.));
#1398=DIRECTION('',(0.,1.,0.));
#1399=DIRECTION('',(0.,1.,0.));
#1400=DIRECTION('',(0.,1.,0.));
#1401=DIRECTION('',(0.,1.,0.));
#1402=DIRECTION('',(0.,1.,0.));
#1403=DIRECTION('',(0.,1.,0.));
#1404=DIRECTION('',(0.,1.,0.));
#1405=DIRECTION('',(0.,1.,0.));
#1406=DIRECTION('',(0.,1.,0.));
#1407=DIRECTION('',(0.,1.,0.));
#1408=DIRECTION('center_axis',(0.,1.,0.));
#1409=DIRECTION('ref_axis',(1.,0.,0.));
#1410=DIRECTION('center_axis',(0.,1.,0.));
#1411=DIRECTION('ref_axis',(1.,0.,0.));
#1412=CARTESIAN_POINT('',(0.,0.,0.));
#1413=CARTESIAN_POINT('Ctrl Pts',(-64.7471151625356,0.,32.199869273001));
#1414=CARTESIAN_POINT('Ctrl Pts',(-64.7471151625356,3.,32.199869273001));
#1415=CARTESIAN_POINT('Ctrl Pts',(-69.2944822584828,0.,32.199869273001));
#1416=CARTESIAN_POINT('Ctrl Pts',(-69.2944822584828,3.,32.199869273001));
#1417=CARTESIAN_POINT('Ctrl Pts',(-72.8839550291737,0.,35.7261849620879));
#1418=CARTESIAN_POINT('Ctrl Pts',(-72.8839550291737,3.,35.7261849620879));
#1419=CARTESIAN_POINT('',(-72.8839550291737,0.,35.7261849620879));
#1420=CARTESIAN_POINT('',(-64.7471151625356,0.,32.199869273001));
#1421=CARTESIAN_POINT('Ctrl Pts',(-72.8839550291737,0.,35.7261849620879));
#1422=CARTESIAN_POINT('Ctrl Pts',(-69.2944822584828,0.,32.199869273001));
#1423=CARTESIAN_POINT('Ctrl Pts',(-64.7471151625356,0.,32.199869273001));
#1424=CARTESIAN_POINT('',(-72.8839550291737,3.,35.7261849620879));
#1425=CARTESIAN_POINT('',(-72.8839550291737,0.,35.7261849620879));
#1426=CARTESIAN_POINT('',(-64.7471151625356,3.,32.199869273001));
#1427=CARTESIAN_POINT('Ctrl Pts',(-64.7471151625356,3.,32.199869273001));
#1428=CARTESIAN_POINT('Ctrl Pts',(-69.2944822584828,3.,32.199869273001));
#1429=CARTESIAN_POINT('Ctrl Pts',(-72.8839550291737,3.,35.7261849620879));
#1430=CARTESIAN_POINT('',(-64.7471151625356,0.,32.199869273001));
#1431=CARTESIAN_POINT('Ctrl Pts',(-59.0629015242299,0.,34.8630262592375));
#1432=CARTESIAN_POINT('Ctrl Pts',(-59.0629015242299,3.,34.8630262592375));
#1433=CARTESIAN_POINT('Ctrl Pts',(-61.2313232695302,0.,32.199869273001));
#1434=CARTESIAN_POINT('Ctrl Pts',(-61.2313232695302,3.,32.199869273001));
#1435=CARTESIAN_POINT('Ctrl Pts',(-64.7471151625356,0.,32.199869273001));
#1436=CARTESIAN_POINT('Ctrl Pts',(-64.7471151625356,3.,32.199869273001));
#1437=CARTESIAN_POINT('',(-59.0629015242299,0.,34.8630262592375));
#1438=CARTESIAN_POINT('Ctrl Pts',(-64.7471151625356,0.,32.199869273001));
#1439=CARTESIAN_POINT('Ctrl Pts',(-61.2313232695302,0.,32.199869273001));
#1440=CARTESIAN_POINT('Ctrl Pts',(-59.0629015242299,0.,34.8630262592375));
#1441=CARTESIAN_POINT('',(-59.0629015242299,3.,34.8630262592375));
#1442=CARTESIAN_POINT('Ctrl Pts',(-59.0629015242299,3.,34.8630262592375));
#1443=CARTESIAN_POINT('Ctrl Pts',(-61.2313232695302,3.,32.199869273001));
#1444=CARTESIAN_POINT('Ctrl Pts',(-64.7471151625356,3.,32.199869273001));
#1445=CARTESIAN_POINT('',(-59.0629015242299,0.,34.8630262592375));
#1446=CARTESIAN_POINT('Ctrl Pts',(-56.8944797789296,0.,41.8840790966094));
#1447=CARTESIAN_POINT('Ctrl Pts',(-56.8944797789296,3.,41.8840790966094));
#1448=CARTESIAN_POINT('Ctrl Pts',(-56.8944797789296,0.,37.5261856296599));
#1449=CARTESIAN_POINT('Ctrl Pts',(-56.8944797789296,3.,37.5261856296599));
#1450=CARTESIAN_POINT('Ctrl Pts',(-59.0629015242299,0.,34.8630262592375));
#1451=CARTESIAN_POINT('Ctrl Pts',(-59.0629015242299,3.,34.8630262592375));
#1452=CARTESIAN_POINT('',(-56.8944797789296,0.,41.8840790966094));
#1453=CARTESIAN_POINT('Ctrl Pts',(-59.0629015242299,0.,34.8630262592375));
#1454=CARTESIAN_POINT('Ctrl Pts',(-56.8944797789296,0.,37.5261856296599));
#1455=CARTESIAN_POINT('Ctrl Pts',(-56.8944797789296,0.,41.8840790966094));
#1456=CARTESIAN_POINT('',(-56.8944797789296,3.,41.8840790966094));
#1457=CARTESIAN_POINT('Ctrl Pts',(-56.8944797789296,3.,41.8840790966094));
#1458=CARTESIAN_POINT('Ctrl Pts',(-56.8944797789296,3.,37.5261856296599));
#1459=CARTESIAN_POINT('Ctrl Pts',(-59.0629015242299,3.,34.8630262592375));
#1460=CARTESIAN_POINT('',(-56.8944797789296,0.,41.8840790966094));
#1461=CARTESIAN_POINT('Ctrl Pts',(-59.6839580809316,0.,52.2103954532683));
#1462=CARTESIAN_POINT('Ctrl Pts',(-59.6839580809316,3.,52.2103954532683));
#1463=CARTESIAN_POINT('Ctrl Pts',(-56.8944797789296,0.,47.4630261638701));
#1464=CARTESIAN_POINT('Ctrl Pts',(-56.8944797789296,3.,47.4630261638701));
#1465=CARTESIAN_POINT('Ctrl Pts',(-56.8944797789296,0.,41.8840790966094));
#1466=CARTESIAN_POINT('Ctrl Pts',(-56.8944797789296,3.,41.8840790966094));
#1467=CARTESIAN_POINT('',(-59.6839580809316,0.,52.2103954532683));
#1468=CARTESIAN_POINT('Ctrl Pts',(-56.8944797789296,0.,41.8840790966094));
#1469=CARTESIAN_POINT('Ctrl Pts',(-56.8944797789296,0.,47.4630261638701));
#1470=CARTESIAN_POINT('Ctrl Pts',(-59.6839580809316,0.,52.2103954532683));
#1471=CARTESIAN_POINT('',(-59.6839580809316,3.,52.2103954532683));
#1472=CARTESIAN_POINT('Ctrl Pts',(-59.6839580809316,3.,52.2103954532683));
#1473=CARTESIAN_POINT('Ctrl Pts',(-56.8944797789296,3.,47.4630261638701));
#1474=CARTESIAN_POINT('Ctrl Pts',(-56.8944797789296,3.,41.8840790966094));
#1475=CARTESIAN_POINT('',(-59.6839580809316,0.,52.2103954532683));
#1476=CARTESIAN_POINT('Ctrl Pts',(-66.578689602538,0.,59.7998691776335));
#1477=CARTESIAN_POINT('Ctrl Pts',(-66.578689602538,3.,59.7998691776335));
#1478=CARTESIAN_POINT('Ctrl Pts',(-62.4734268461903,0.,56.9577647426665));
#1479=CARTESIAN_POINT('Ctrl Pts',(-62.4734268461903,3.,56.9577647426665));
#1480=CARTESIAN_POINT('Ctrl Pts',(-59.6839580809316,0.,52.2103954532683));
#1481=CARTESIAN_POINT('Ctrl Pts',(-59.6839580809316,3.,52.2103954532683));
#1482=CARTESIAN_POINT('',(-66.578689602538,0.,59.7998691776335));
#1483=CARTESIAN_POINT('Ctrl Pts',(-59.6839580809316,0.,52.2103954532683));
#1484=CARTESIAN_POINT('Ctrl Pts',(-62.4734268461903,0.,56.9577647426665));
#1485=CARTESIAN_POINT('Ctrl Pts',(-66.578689602538,0.,59.7998691776335));
#1486=CARTESIAN_POINT('',(-66.578689602538,3.,59.7998691776335));
#1487=CARTESIAN_POINT('Ctrl Pts',(-66.578689602538,3.,59.7998691776335));
#1488=CARTESIAN_POINT('Ctrl Pts',(-62.4734268461903,3.,56.9577647426665));
#1489=CARTESIAN_POINT('Ctrl Pts',(-59.6839580809316,3.,52.2103954532683));
#1490=CARTESIAN_POINT('',(-66.578689602538,0.,59.7998691776335));
#1491=CARTESIAN_POINT('Ctrl Pts',(-72.6629028593739,0.,62.6419736126006));
#1492=CARTESIAN_POINT('Ctrl Pts',(-72.6629028593739,3.,62.6419736126006));
#1493=CARTESIAN_POINT('Ctrl Pts',(-70.6839571272572,0.,62.6419736126006));
#1494=CARTESIAN_POINT('Ctrl Pts',(-70.6839571272572,3.,62.6419736126006));
#1495=CARTESIAN_POINT('Ctrl Pts',(-66.578689602538,0.,59.7998691776335));
#1496=CARTESIAN_POINT('Ctrl Pts',(-66.578689602538,3.,59.7998691776335));
#1497=CARTESIAN_POINT('',(-72.6629028593739,0.,62.6419736126006));
#1498=CARTESIAN_POINT('Ctrl Pts',(-66.578689602538,0.,59.7998691776335));
#1499=CARTESIAN_POINT('Ctrl Pts',(-70.6839571272572,0.,62.6419736126006));
#1500=CARTESIAN_POINT('Ctrl Pts',(-72.6629028593739,0.,62.6419736126006));
#1501=CARTESIAN_POINT('',(-72.6629028593739,3.,62.6419736126006));
#1502=CARTESIAN_POINT('Ctrl Pts',(-72.6629028593739,3.,62.6419736126006));
#1503=CARTESIAN_POINT('Ctrl Pts',(-70.6839571272572,3.,62.6419736126006));
#1504=CARTESIAN_POINT('Ctrl Pts',(-66.578689602538,3.,59.7998691776335));
#1505=CARTESIAN_POINT('',(-72.6629028593739,0.,62.6419736126006));
#1506=CARTESIAN_POINT('Ctrl Pts',(-73.2313213621815,0.,62.326183436209));
#1507=CARTESIAN_POINT('Ctrl Pts',(-73.2313213621815,3.,62.326183436209));
#1508=CARTESIAN_POINT('Ctrl Pts',(-72.7050075804433,0.,62.6419736126006));
#1509=CARTESIAN_POINT('Ctrl Pts',(-72.7050075804433,3.,62.6419736126006));
#1510=CARTESIAN_POINT('Ctrl Pts',(-72.6629028593739,0.,62.6419736126006));
#1511=CARTESIAN_POINT('Ctrl Pts',(-72.6629028593739,3.,62.6419736126006));
#1512=CARTESIAN_POINT('',(-73.2313213621815,0.,62.326183436209));
#1513=CARTESIAN_POINT('Ctrl Pts',(-72.6629028593739,0.,62.6419736126006));
#1514=CARTESIAN_POINT('Ctrl Pts',(-72.7050075804433,0.,62.6419736126006));
#1515=CARTESIAN_POINT('Ctrl Pts',(-73.2313213621815,0.,62.326183436209));
#1516=CARTESIAN_POINT('',(-73.2313213621815,3.,62.326183436209));
#1517=CARTESIAN_POINT('Ctrl Pts',(-73.2313213621815,3.,62.326183436209));
#1518=CARTESIAN_POINT('Ctrl Pts',(-72.7050075804433,3.,62.6419736126006));
#1519=CARTESIAN_POINT('Ctrl Pts',(-72.6629028593739,3.,62.6419736126006));
#1520=CARTESIAN_POINT('',(-73.2313213621815,0.,62.326183436209));
#1521=CARTESIAN_POINT('Ctrl Pts',(-73.7576399122914,0.,61.8209220150054));
#1522=CARTESIAN_POINT('Ctrl Pts',(-73.7576399122914,3.,61.8209220150054));
#1523=CARTESIAN_POINT('Ctrl Pts',(-73.7576399122914,0.,62.0103980281889));
#1524=CARTESIAN_POINT('Ctrl Pts',(-73.7576399122914,3.,62.0103980281889));
#1525=CARTESIAN_POINT('Ctrl Pts',(-73.2313213621815,0.,62.326183436209));
#1526=CARTESIAN_POINT('Ctrl Pts',(-73.2313213621815,3.,62.326183436209));
#1527=CARTESIAN_POINT('',(-73.7576399122914,0.,61.8209220150054));
#1528=CARTESIAN_POINT('Ctrl Pts',(-73.2313213621815,0.,62.326183436209));
#1529=CARTESIAN_POINT('Ctrl Pts',(-73.7576399122914,0.,62.0103980281889));
#1530=CARTESIAN_POINT('Ctrl Pts',(-73.7576399122914,0.,61.8209220150054));
#1531=CARTESIAN_POINT('',(-73.7576399122914,3.,61.8209220150054));
#1532=CARTESIAN_POINT('Ctrl Pts',(-73.7576399122914,3.,61.8209220150054));
#1533=CARTESIAN_POINT('Ctrl Pts',(-73.7576399122914,3.,62.0103980281889));
#1534=CARTESIAN_POINT('Ctrl Pts',(-73.2313213621815,3.,62.326183436209));
#1535=CARTESIAN_POINT('',(-73.7576399122914,0.,61.8209220150054));
#1536=CARTESIAN_POINT('Ctrl Pts',(-73.2313213621815,0.,61.2946082332671));
#1537=CARTESIAN_POINT('Ctrl Pts',(-73.2313213621815,3.,61.2946082332671));
#1538=CARTESIAN_POINT('Ctrl Pts',(-73.7576399122914,0.,61.6103984096587));
#1539=CARTESIAN_POINT('Ctrl Pts',(-73.7576399122914,3.,61.6103984096587));
#1540=CARTESIAN_POINT('Ctrl Pts',(-73.7576399122914,0.,61.8209220150054));
#1541=CARTESIAN_POINT('Ctrl Pts',(-73.7576399122914,3.,61.8209220150054));
#1542=CARTESIAN_POINT('',(-73.2313213621815,0.,61.2946082332671));
#1543=CARTESIAN_POINT('Ctrl Pts',(-73.7576399122914,0.,61.8209220150054));
#1544=CARTESIAN_POINT('Ctrl Pts',(-73.7576399122914,0.,61.6103984096587));
#1545=CARTESIAN_POINT('Ctrl Pts',(-73.2313213621815,0.,61.2946082332671));
#1546=CARTESIAN_POINT('',(-73.2313213621815,3.,61.2946082332671));
#1547=CARTESIAN_POINT('Ctrl Pts',(-73.2313213621815,3.,61.2946082332671));
#1548=CARTESIAN_POINT('Ctrl Pts',(-73.7576399122914,3.,61.6103984096587));
#1549=CARTESIAN_POINT('Ctrl Pts',(-73.7576399122914,3.,61.8209220150054));
#1550=CARTESIAN_POINT('',(-73.2313213621815,0.,61.2946082332671));
#1551=CARTESIAN_POINT('Ctrl Pts',(-67.2207985197743,0.,55.1321078517973));
#1552=CARTESIAN_POINT('Ctrl Pts',(-67.2207985197743,3.,55.1321078517973));
#1553=CARTESIAN_POINT('Ctrl Pts',(-69.7576389586171,0.,59.3564487674773));
#1554=CARTESIAN_POINT('Ctrl Pts',(-69.7576389586171,3.,59.3564487674773));
#1555=CARTESIAN_POINT('Ctrl Pts',(-73.2313213621815,0.,61.2946082332671));
#1556=CARTESIAN_POINT('Ctrl Pts',(-73.2313213621815,3.,61.2946082332671));
#1557=CARTESIAN_POINT('',(-67.2207985197743,0.,55.1321078517973));
#1558=CARTESIAN_POINT('Ctrl Pts',(-73.2313213621815,0.,61.2946082332671));
#1559=CARTESIAN_POINT('Ctrl Pts',(-69.7576389586171,0.,59.3564487674773));
#1560=CARTESIAN_POINT('Ctrl Pts',(-67.2207985197743,0.,55.1321078517973));
#1561=CARTESIAN_POINT('',(-67.2207985197743,3.,55.1321078517973));
#1562=CARTESIAN_POINT('Ctrl Pts',(-67.2207985197743,3.,55.1321078517973));
#1563=CARTESIAN_POINT('Ctrl Pts',(-69.7576389586171,3.,59.3564487674773));
#1564=CARTESIAN_POINT('Ctrl Pts',(-73.2313213621815,3.,61.2946082332671));
#1565=CARTESIAN_POINT('',(-67.2207985197743,0.,55.1321078517973));
#1566=CARTESIAN_POINT('Ctrl Pts',(-63.4207973753651,0.,45.7248688915312));
#1567=CARTESIAN_POINT('Ctrl Pts',(-63.4207973753651,3.,45.7248688915312));
#1568=CARTESIAN_POINT('Ctrl Pts',(-64.6839580809315,0.,50.9077645519316));
#1569=CARTESIAN_POINT('Ctrl Pts',(-64.6839580809315,3.,50.9077645519316));
#1570=CARTESIAN_POINT('Ctrl Pts',(-67.2207985197743,0.,55.1321078517973));
#1571=CARTESIAN_POINT('Ctrl Pts',(-67.2207985197743,3.,55.1321078517973));
#1572=CARTESIAN_POINT('',(-63.4207973753651,0.,45.7248688915312));
#1573=CARTESIAN_POINT('Ctrl Pts',(-67.2207985197743,0.,55.1321078517973));
#1574=CARTESIAN_POINT('Ctrl Pts',(-64.6839580809315,0.,50.9077645519316));
#1575=CARTESIAN_POINT('Ctrl Pts',(-63.4207973753651,0.,45.7248688915312));
#1576=CARTESIAN_POINT('',(-63.4207973753651,3.,45.7248688915312));
#1577=CARTESIAN_POINT('Ctrl Pts',(-63.4207973753651,3.,45.7248688915312));
#1578=CARTESIAN_POINT('Ctrl Pts',(-64.6839580809315,3.,50.9077645519316));
#1579=CARTESIAN_POINT('Ctrl Pts',(-67.2207985197743,3.,55.1321078517973));
#1580=CARTESIAN_POINT('',(-63.4207973753651,0.,45.7248688915312));
#1581=CARTESIAN_POINT('Ctrl Pts',(-62.1576414381703,0.,37.9505277851164));
#1582=CARTESIAN_POINT('Ctrl Pts',(-62.1576414381703,3.,37.9505277851164));
#1583=CARTESIAN_POINT('Ctrl Pts',(-62.1576414381703,0.,40.5419756153166));
#1584=CARTESIAN_POINT('Ctrl Pts',(-62.1576414381703,3.,40.5419756153166));
#1585=CARTESIAN_POINT('Ctrl Pts',(-63.4207973753651,0.,45.7248688915312));
#1586=CARTESIAN_POINT('Ctrl Pts',(-63.4207973753651,3.,45.7248688915312));
#1587=CARTESIAN_POINT('',(-62.1576414381703,0.,37.9505277851164));
#1588=CARTESIAN_POINT('Ctrl Pts',(-63.4207973753651,0.,45.7248688915312));
#1589=CARTESIAN_POINT('Ctrl Pts',(-62.1576414381703,0.,40.5419756153166));
#1590=CARTESIAN_POINT('Ctrl Pts',(-62.1576414381703,0.,37.9505277851164));
#1591=CARTESIAN_POINT('',(-62.1576414381703,3.,37.9505277851164));
#1592=CARTESIAN_POINT('Ctrl Pts',(-62.1576414381703,3.,37.9505277851164));
#1593=CARTESIAN_POINT('Ctrl Pts',(-62.1576414381703,3.,40.5419756153166));
#1594=CARTESIAN_POINT('Ctrl Pts',(-63.4207973753651,3.,45.7248688915312));
#1595=CARTESIAN_POINT('',(-62.1576414381703,0.,37.9505277851164));
#1596=CARTESIAN_POINT('Ctrl Pts',(-62.9892216002187,0.,34.8954273441374));
#1597=CARTESIAN_POINT('Ctrl Pts',(-62.9892216002187,3.,34.8954273441374));
#1598=CARTESIAN_POINT('Ctrl Pts',(-62.1576414381703,0.,36.0751987674773));
#1599=CARTESIAN_POINT('Ctrl Pts',(-62.1576414381703,3.,36.0751987674773));
#1600=CARTESIAN_POINT('Ctrl Pts',(-62.1576414381703,0.,37.9505277851164));
#1601=CARTESIAN_POINT('Ctrl Pts',(-62.1576414381703,3.,37.9505277851164));
#1602=CARTESIAN_POINT('',(-62.9892216002187,0.,34.8954273441374));
#1603=CARTESIAN_POINT('Ctrl Pts',(-62.1576414381703,0.,37.9505277851164));
#1604=CARTESIAN_POINT('Ctrl Pts',(-62.1576414381703,0.,36.0751987674773));
#1605=CARTESIAN_POINT('Ctrl Pts',(-62.9892216002187,0.,34.8954273441374));
#1606=CARTESIAN_POINT('',(-62.9892216002187,3.,34.8954273441374));
#1607=CARTESIAN_POINT('Ctrl Pts',(-62.9892216002187,3.,34.8954273441374));
#1608=CARTESIAN_POINT('Ctrl Pts',(-62.1576414381703,3.,36.0751987674773));
#1609=CARTESIAN_POINT('Ctrl Pts',(-62.1576414381703,3.,37.9505277851164));
#1610=CARTESIAN_POINT('',(-62.9892216002187,0.,34.8954273441374));
#1611=CARTESIAN_POINT('Ctrl Pts',(-65.1260624205312,0.,33.7156583049834));
#1612=CARTESIAN_POINT('Ctrl Pts',(-65.1260624205312,3.,33.7156583049834));
#1613=CARTESIAN_POINT('Ctrl Pts',(-63.8207969938954,0.,33.7156583049834));
#1614=CARTESIAN_POINT('Ctrl Pts',(-63.8207969938954,3.,33.7156583049834));
#1615=CARTESIAN_POINT('Ctrl Pts',(-62.9892216002187,0.,34.8954273441374));
#1616=CARTESIAN_POINT('Ctrl Pts',(-62.9892216002187,3.,34.8954273441374));
#1617=CARTESIAN_POINT('',(-65.1260624205312,0.,33.7156583049834));
#1618=CARTESIAN_POINT('Ctrl Pts',(-62.9892216002187,0.,34.8954273441374));
#1619=CARTESIAN_POINT('Ctrl Pts',(-63.8207969938954,0.,33.7156583049834));
#1620=CARTESIAN_POINT('Ctrl Pts',(-65.1260624205312,0.,33.7156583049834));
#1621=CARTESIAN_POINT('',(-65.1260624205312,3.,33.7156583049834));
#1622=CARTESIAN_POINT('Ctrl Pts',(-65.1260624205312,3.,33.7156583049834));
#1623=CARTESIAN_POINT('Ctrl Pts',(-63.8207969938954,3.,33.7156583049834));
#1624=CARTESIAN_POINT('Ctrl Pts',(-62.9892216002187,3.,34.8954273441374));
#1625=CARTESIAN_POINT('',(-65.1260624205312,0.,33.7156583049834));
#1626=CARTESIAN_POINT('Ctrl Pts',(-68.9786920820912,0.,37.4054623821318));
#1627=CARTESIAN_POINT('Ctrl Pts',(-68.9786920820912,3.,37.4054623821318));
#1628=CARTESIAN_POINT('Ctrl Pts',(-67.4418506895741,0.,33.7156583049834));
#1629=CARTESIAN_POINT('Ctrl Pts',(-67.4418506895741,3.,33.7156583049834));
#1630=CARTESIAN_POINT('Ctrl Pts',(-65.1260624205312,0.,33.7156583049834));
#1631=CARTESIAN_POINT('Ctrl Pts',(-65.1260624205312,3.,33.7156583049834));
#1632=CARTESIAN_POINT('',(-68.9786920820912,0.,37.4054623821318));
#1633=CARTESIAN_POINT('Ctrl Pts',(-65.1260624205312,0.,33.7156583049834));
#1634=CARTESIAN_POINT('Ctrl Pts',(-67.4418506895741,0.,33.7156583049834));
#1635=CARTESIAN_POINT('Ctrl Pts',(-68.9786920820912,0.,37.4054623821318));
#1636=CARTESIAN_POINT('',(-68.9786920820912,3.,37.4054623821318));
#1637=CARTESIAN_POINT('Ctrl Pts',(-68.9786920820912,3.,37.4054623821318));
#1638=CARTESIAN_POINT('Ctrl Pts',(-67.4418506895741,3.,33.7156583049834));
#1639=CARTESIAN_POINT('Ctrl Pts',(-65.1260624205312,3.,33.7156583049834));
#1640=CARTESIAN_POINT('',(-68.9786920820912,0.,37.4054623821318));
#1641=CARTESIAN_POINT('Ctrl Pts',(-70.5155334746083,0.,44.2156578281462));
#1642=CARTESIAN_POINT('Ctrl Pts',(-70.5155334746083,3.,44.2156578281462));
#1643=CARTESIAN_POINT('Ctrl Pts',(-70.5155334746083,0.,41.0952640750945));
#1644=CARTESIAN_POINT('Ctrl Pts',(-70.5155334746083,3.,41.0952640750945));
#1645=CARTESIAN_POINT('Ctrl Pts',(-68.9786920820912,0.,37.4054623821318));
#1646=CARTESIAN_POINT('Ctrl Pts',(-68.9786920820912,3.,37.4054623821318));
#1647=CARTESIAN_POINT('',(-70.5155334746083,0.,44.2156578281462));
#1648=CARTESIAN_POINT('Ctrl Pts',(-68.9786920820912,0.,37.4054623821318));
#1649=CARTESIAN_POINT('Ctrl Pts',(-70.5155334746083,0.,41.0952640750945));
#1650=CARTESIAN_POINT('Ctrl Pts',(-70.5155334746083,0.,44.2156578281462));
#1651=CARTESIAN_POINT('',(-70.5155334746083,3.,44.2156578281462));
#1652=CARTESIAN_POINT('Ctrl Pts',(-70.5155334746083,3.,44.2156578281462));
#1653=CARTESIAN_POINT('Ctrl Pts',(-70.5155334746083,3.,41.0952640750945));
#1654=CARTESIAN_POINT('Ctrl Pts',(-68.9786920820912,3.,37.4054623821318));
#1655=CARTESIAN_POINT('',(-70.5155334746083,0.,44.2156578281462));
#1656=CARTESIAN_POINT('Ctrl Pts',(-69.7786960875233,0.,46.6719080188811));
#1657=CARTESIAN_POINT('Ctrl Pts',(-69.7786960875233,3.,46.6719080188811));
#1658=CARTESIAN_POINT('Ctrl Pts',(-70.5155334746083,0.,45.6281567791045));
#1659=CARTESIAN_POINT('Ctrl Pts',(-70.5155334746083,3.,45.6281567791045));
#1660=CARTESIAN_POINT('Ctrl Pts',(-70.5155334746083,0.,44.2156578281462));
#1661=CARTESIAN_POINT('Ctrl Pts',(-70.5155334746083,3.,44.2156578281462));
#1662=CARTESIAN_POINT('',(-69.7786960875233,0.,46.6719080188811));
#1663=CARTESIAN_POINT('Ctrl Pts',(-70.5155334746083,0.,44.2156578281462));
#1664=CARTESIAN_POINT('Ctrl Pts',(-70.5155334746083,0.,45.6281567791045));
#1665=CARTESIAN_POINT('Ctrl Pts',(-69.7786960875233,0.,46.6719080188811));
#1666=CARTESIAN_POINT('',(-69.7786960875233,3.,46.6719080188811));
#1667=CARTESIAN_POINT('Ctrl Pts',(-69.7786960875233,3.,46.6719080188811));
#1668=CARTESIAN_POINT('Ctrl Pts',(-70.5155334746083,3.,45.6281567791045));
#1669=CARTESIAN_POINT('Ctrl Pts',(-70.5155334746083,3.,44.2156578281462));
#1670=CARTESIAN_POINT('',(-69.7786960875233,0.,46.6719080188811));
#1671=CARTESIAN_POINT('Ctrl Pts',(-68.1365881239613,0.,47.7156592586577));
#1672=CARTESIAN_POINT('Ctrl Pts',(-68.1365881239613,3.,47.7156592586577));
#1673=CARTESIAN_POINT('Ctrl Pts',(-69.0418491636952,0.,47.7156592586577));
#1674=CARTESIAN_POINT('Ctrl Pts',(-69.0418491636952,3.,47.7156592586577));
#1675=CARTESIAN_POINT('Ctrl Pts',(-69.7786960875233,0.,46.6719080188811));
#1676=CARTESIAN_POINT('Ctrl Pts',(-69.7786960875233,3.,46.6719080188811));
#1677=CARTESIAN_POINT('',(-68.1365881239613,0.,47.7156592586577));
#1678=CARTESIAN_POINT('Ctrl Pts',(-69.7786960875233,0.,46.6719080188811));
#1679=CARTESIAN_POINT('Ctrl Pts',(-69.0418491636952,0.,47.7156592586577));
#1680=CARTESIAN_POINT('Ctrl Pts',(-68.1365881239613,0.,47.7156592586577));
#1681=CARTESIAN_POINT('',(-68.1365881239613,3.,47.7156592586577));
#1682=CARTESIAN_POINT('Ctrl Pts',(-68.1365881239613,3.,47.7156592586577));
#1683=CARTESIAN_POINT('Ctrl Pts',(-69.0418491636952,3.,47.7156592586577));
#1684=CARTESIAN_POINT('Ctrl Pts',(-69.7786960875233,3.,46.6719080188811));
#1685=CARTESIAN_POINT('',(-68.1365881239613,0.,47.7156592586577));
#1686=CARTESIAN_POINT('Ctrl Pts',(-67.052379635497,0.,47.5156594493926));
#1687=CARTESIAN_POINT('Ctrl Pts',(-67.052379635497,3.,47.5156594493926));
#1688=CARTESIAN_POINT('Ctrl Pts',(-67.5892219816884,0.,47.7156592586577));
#1689=CARTESIAN_POINT('Ctrl Pts',(-67.5892219816884,3.,47.7156592586577));
#1690=CARTESIAN_POINT('Ctrl Pts',(-68.1365881239613,0.,47.7156592586577));
#1691=CARTESIAN_POINT('Ctrl Pts',(-68.1365881239613,3.,47.7156592586577));
#1692=CARTESIAN_POINT('',(-67.052379635497,0.,47.5156594493926));
#1693=CARTESIAN_POINT('Ctrl Pts',(-68.1365881239613,0.,47.7156592586577));
#1694=CARTESIAN_POINT('Ctrl Pts',(-67.5892219816884,0.,47.7156592586577));
#1695=CARTESIAN_POINT('Ctrl Pts',(-67.052379635497,0.,47.5156594493926));
#1696=CARTESIAN_POINT('',(-67.052379635497,3.,47.5156594493926));
#1697=CARTESIAN_POINT('Ctrl Pts',(-67.052379635497,3.,47.5156594493926));
#1698=CARTESIAN_POINT('Ctrl Pts',(-67.5892219816884,3.,47.7156592586577));
#1699=CARTESIAN_POINT('Ctrl Pts',(-68.1365881239613,3.,47.7156592586577));
#1700=CARTESIAN_POINT('',(-67.052379635497,0.,47.5156594493926));
#1701=CARTESIAN_POINT('Ctrl Pts',(-66.4102707182606,0.,47.3156596401274));
#1702=CARTESIAN_POINT('Ctrl Pts',(-66.4102707182606,3.,47.3156596401274));
#1703=CARTESIAN_POINT('Ctrl Pts',(-66.5155372893056,0.,47.3156596401274));
#1704=CARTESIAN_POINT('Ctrl Pts',(-66.5155372893056,3.,47.3156596401274));
#1705=CARTESIAN_POINT('Ctrl Pts',(-67.052379635497,0.,47.5156594493926));
#1706=CARTESIAN_POINT('Ctrl Pts',(-67.052379635497,3.,47.5156594493926));
#1707=CARTESIAN_POINT('',(-66.4102707182606,0.,47.3156596401274));
#1708=CARTESIAN_POINT('Ctrl Pts',(-67.052379635497,0.,47.5156594493926));
#1709=CARTESIAN_POINT('Ctrl Pts',(-66.5155372893056,0.,47.3156596401274));
#1710=CARTESIAN_POINT('Ctrl Pts',(-66.4102707182606,0.,47.3156596401274));
#1711=CARTESIAN_POINT('',(-66.4102707182606,3.,47.3156596401274));
#1712=CARTESIAN_POINT('Ctrl Pts',(-66.4102707182606,3.,47.3156596401274));
#1713=CARTESIAN_POINT('Ctrl Pts',(-66.5155372893056,3.,47.3156596401274));
#1714=CARTESIAN_POINT('Ctrl Pts',(-67.052379635497,3.,47.5156594493926));
#1715=CARTESIAN_POINT('',(-66.4102707182606,0.,47.3156596401274));
#1716=CARTESIAN_POINT('Ctrl Pts',(-66.1050091063222,0.,47.5156594493926));
#1717=CARTESIAN_POINT('Ctrl Pts',(-66.1050091063222,3.,47.5156594493926));
#1718=CARTESIAN_POINT('Ctrl Pts',(-66.262904194518,0.,47.3156596401274));
#1719=CARTESIAN_POINT('Ctrl Pts',(-66.262904194518,3.,47.3156596401274));
#1720=CARTESIAN_POINT('Ctrl Pts',(-66.4102707182606,0.,47.3156596401274));
#1721=CARTESIAN_POINT('Ctrl Pts',(-66.4102707182606,3.,47.3156596401274));
#1722=CARTESIAN_POINT('',(-66.1050091063222,0.,47.5156594493926));
#1723=CARTESIAN_POINT('Ctrl Pts',(-66.4102707182606,0.,47.3156596401274));
#1724=CARTESIAN_POINT('Ctrl Pts',(-66.262904194518,0.,47.3156596401274));
#1725=CARTESIAN_POINT('Ctrl Pts',(-66.1050091063222,0.,47.5156594493926));
#1726=CARTESIAN_POINT('',(-66.1050091063222,3.,47.5156594493926));
#1727=CARTESIAN_POINT('Ctrl Pts',(-66.1050091063222,3.,47.5156594493926));
#1728=CARTESIAN_POINT('Ctrl Pts',(-66.262904194518,3.,47.3156596401274));
#1729=CARTESIAN_POINT('Ctrl Pts',(-66.4102707182606,3.,47.3156596401274));
#1730=CARTESIAN_POINT('',(-66.1050091063222,0.,47.5156594493926));
#1731=CARTESIAN_POINT('Ctrl Pts',(-65.9471140181264,0.,47.9261828640044));
#1732=CARTESIAN_POINT('Ctrl Pts',(-65.9471140181264,3.,47.9261828640044));
#1733=CARTESIAN_POINT('Ctrl Pts',(-65.9471140181264,0.,47.7156592586577));
#1734=CARTESIAN_POINT('Ctrl Pts',(-65.9471140181264,3.,47.7156592586577));
#1735=CARTESIAN_POINT('Ctrl Pts',(-66.1050091063222,0.,47.5156594493926));
#1736=CARTESIAN_POINT('Ctrl Pts',(-66.1050091063222,3.,47.5156594493926));
#1737=CARTESIAN_POINT('',(-65.9471140181264,0.,47.9261828640044));
#1738=CARTESIAN_POINT('Ctrl Pts',(-66.1050091063222,0.,47.5156594493926));
#1739=CARTESIAN_POINT('Ctrl Pts',(-65.9471140181264,0.,47.7156592586577));
#1740=CARTESIAN_POINT('Ctrl Pts',(-65.9471140181264,0.,47.9261828640044));
#1741=CARTESIAN_POINT('',(-65.9471140181264,3.,47.9261828640044));
#1742=CARTESIAN_POINT('Ctrl Pts',(-65.9471140181264,3.,47.9261828640044));
#1743=CARTESIAN_POINT('Ctrl Pts',(-65.9471140181264,3.,47.7156592586577));
#1744=CARTESIAN_POINT('Ctrl Pts',(-66.1050091063222,3.,47.5156594493926));
#1745=CARTESIAN_POINT('',(-65.9471140181264,0.,47.9261828640044));
#1746=CARTESIAN_POINT('Ctrl Pts',(-67.6839552199086,0.,49.3577624538481));
#1747=CARTESIAN_POINT('Ctrl Pts',(-67.6839552199086,3.,49.3577624538481));
#1748=CARTESIAN_POINT('Ctrl Pts',(-65.9471140181264,0.,48.1577635982573));
#1749=CARTESIAN_POINT('Ctrl Pts',(-65.9471140181264,3.,48.1577635982573));
#1750=CARTESIAN_POINT('Ctrl Pts',(-65.9471140181264,0.,47.9261828640044));
#1751=CARTESIAN_POINT('Ctrl Pts',(-65.9471140181264,3.,47.9261828640044));
#1752=CARTESIAN_POINT('',(-67.6839552199086,0.,49.3577624538481));
#1753=CARTESIAN_POINT('Ctrl Pts',(-65.9471140181264,0.,47.9261828640044));
#1754=CARTESIAN_POINT('Ctrl Pts',(-65.9471140181264,0.,48.1577635982573));
#1755=CARTESIAN_POINT('Ctrl Pts',(-67.6839552199086,0.,49.3577624538481));
#1756=CARTESIAN_POINT('',(-67.6839552199086,3.,49.3577624538481));
#1757=CARTESIAN_POINT('Ctrl Pts',(-67.6839552199086,3.,49.3577624538481));
#1758=CARTESIAN_POINT('Ctrl Pts',(-65.9471140181264,3.,48.1577635982573));
#1759=CARTESIAN_POINT('Ctrl Pts',(-65.9471140181264,3.,47.9261828640044));
#1760=CARTESIAN_POINT('',(-67.6839552199086,0.,49.3577624538481));
#1761=CARTESIAN_POINT('Ctrl Pts',(-70.8944855009755,0.,50.5577636936247));
#1762=CARTESIAN_POINT('Ctrl Pts',(-70.8944855009755,3.,50.5577636936247));
#1763=CARTESIAN_POINT('Ctrl Pts',(-69.4208011900624,0.,50.5577636936247));
#1764=CARTESIAN_POINT('Ctrl Pts',(-69.4208011900624,3.,50.5577636936247));
#1765=CARTESIAN_POINT('Ctrl Pts',(-67.6839552199086,0.,49.3577624538481));
#1766=CARTESIAN_POINT('Ctrl Pts',(-67.6839552199086,3.,49.3577624538481));
#1767=CARTESIAN_POINT('',(-70.8944855009755,0.,50.5577636936247));
#1768=CARTESIAN_POINT('Ctrl Pts',(-67.6839552199086,0.,49.3577624538481));
#1769=CARTESIAN_POINT('Ctrl Pts',(-69.4208011900624,0.,50.5577636936247));
#1770=CARTESIAN_POINT('Ctrl Pts',(-70.8944855009755,0.,50.5577636936247));
#1771=CARTESIAN_POINT('',(-70.8944855009755,3.,50.5577636936247));
#1772=CARTESIAN_POINT('Ctrl Pts',(-70.8944855009755,3.,50.5577636936247));
#1773=CARTESIAN_POINT('Ctrl Pts',(-69.4208011900624,3.,50.5577636936247));
#1774=CARTESIAN_POINT('Ctrl Pts',(-67.6839552199086,3.,49.3577624538481));
#1775=CARTESIAN_POINT('',(-70.8944855009755,0.,50.5577636936247));
#1776=CARTESIAN_POINT('Ctrl Pts',(-74.7892198836049,0.,48.5261846759856));
#1777=CARTESIAN_POINT('Ctrl Pts',(-74.7892198836049,3.,48.5261846759856));
#1778=CARTESIAN_POINT('Ctrl Pts',(-73.1050071989735,0.,50.5577636936247));
#1779=CARTESIAN_POINT('Ctrl Pts',(-73.1050071989735,3.,50.5577636936247));
#1780=CARTESIAN_POINT('Ctrl Pts',(-70.8944855009755,0.,50.5577636936247));
#1781=CARTESIAN_POINT('Ctrl Pts',(-70.8944855009755,3.,50.5577636936247));
#1782=CARTESIAN_POINT('',(-74.7892198836049,0.,48.5261846759856));
#1783=CARTESIAN_POINT('Ctrl Pts',(-70.8944855009755,0.,50.5577636936247));
#1784=CARTESIAN_POINT('Ctrl Pts',(-73.1050071989735,0.,50.5577636936247));
#1785=CARTESIAN_POINT('Ctrl Pts',(-74.7892198836049,0.,48.5261846759856));
#1786=CARTESIAN_POINT('',(-74.7892198836049,3.,48.5261846759856));
#1787=CARTESIAN_POINT('Ctrl Pts',(-74.7892198836049,3.,48.5261846759856));
#1788=CARTESIAN_POINT('Ctrl Pts',(-73.1050071989735,3.,50.5577636936247));
#1789=CARTESIAN_POINT('Ctrl Pts',(-70.8944855009755,3.,50.5577636936247));
#1790=CARTESIAN_POINT('',(-74.7892198836049,0.,48.5261846759856));
#1791=CARTESIAN_POINT('Ctrl Pts',(-76.4219367554729,0.,44.6933212005018));
#1792=CARTESIAN_POINT('Ctrl Pts',(-76.4219367554729,3.,44.6933212005018));
#1793=CARTESIAN_POINT('Ctrl Pts',(-76.1789331606624,0.,46.8498451257805));
#1794=CARTESIAN_POINT('Ctrl Pts',(-76.1789331606624,3.,46.8498451257805));
#1795=CARTESIAN_POINT('Ctrl Pts',(-74.7892198836049,0.,48.5261846759856));
#1796=CARTESIAN_POINT('Ctrl Pts',(-74.7892198836049,3.,48.5261846759856));
#1797=CARTESIAN_POINT('',(-76.4219367554736,0.,44.6933212004957));
#1798=CARTESIAN_POINT('Ctrl Pts',(-74.7892198836049,0.,48.5261846759856));
#1799=CARTESIAN_POINT('Ctrl Pts',(-76.1789331606643,0.,46.8498451257782));
#1800=CARTESIAN_POINT('Ctrl Pts',(-76.4219367554736,0.,44.6933212004957));
#1801=CARTESIAN_POINT('',(-76.4219367554736,3.,44.6933212004957));
#1802=CARTESIAN_POINT('Ctrl Pts',(-76.4219367554729,3.,44.6933212005018));
#1803=CARTESIAN_POINT('Ctrl Pts',(-76.1789331606624,3.,46.8498451257805));
#1804=CARTESIAN_POINT('Ctrl Pts',(-74.7892198836049,3.,48.5261846759856));
#1805=CARTESIAN_POINT('',(-76.4219367554736,0.,44.6933212004957));
#1806=CARTESIAN_POINT('Ctrl Pts',(-76.6818260173468,0.,45.1093511578637));
#1807=CARTESIAN_POINT('Ctrl Pts',(-76.6818260173468,3.,45.1093511578637));
#1808=CARTESIAN_POINT('Ctrl Pts',(-76.5453255659749,0.,44.9030844045619));
#1809=CARTESIAN_POINT('Ctrl Pts',(-76.5453255659749,3.,44.9030844045619));
#1810=CARTESIAN_POINT('Ctrl Pts',(-76.4219367554736,0.,44.6933212004957));
#1811=CARTESIAN_POINT('Ctrl Pts',(-76.4219367554736,3.,44.6933212004957));
#1812=CARTESIAN_POINT('',(-76.6818260173468,0.,45.1093511578637));
#1813=CARTESIAN_POINT('Ctrl Pts',(-76.4219367554736,0.,44.6933212004957));
#1814=CARTESIAN_POINT('Ctrl Pts',(-76.545325565975,0.,44.9030844045619));
#1815=CARTESIAN_POINT('Ctrl Pts',(-76.6818260173468,0.,45.1093511578637));
#1816=CARTESIAN_POINT('',(-76.6818260173468,3.,45.1093511578637));
#1817=CARTESIAN_POINT('Ctrl Pts',(-76.6818260173468,3.,45.1093511578637));
#1818=CARTESIAN_POINT('Ctrl Pts',(-76.545325565975,3.,44.9030844045619));
#1819=CARTESIAN_POINT('Ctrl Pts',(-76.4219367554736,3.,44.6933212004957));
#1820=CARTESIAN_POINT('',(-76.6818260173468,0.,45.1093511578637));
#1821=CARTESIAN_POINT('Ctrl Pts',(-80.0818275432257,0.,48.8672451970178));
#1822=CARTESIAN_POINT('Ctrl Pts',(-80.0818275432257,3.,48.8672451970178));
#1823=CARTESIAN_POINT('Ctrl Pts',(-78.102881811109,0.,47.2567205426293));
#1824=CARTESIAN_POINT('Ctrl Pts',(-78.102881811109,3.,47.2567205426293));
#1825=CARTESIAN_POINT('Ctrl Pts',(-76.6818260173468,0.,45.1093511578637));
#1826=CARTESIAN_POINT('Ctrl Pts',(-76.6818260173468,3.,45.1093511578637));
#1827=CARTESIAN_POINT('',(-80.0818275432257,0.,48.8672451970178));
#1828=CARTESIAN_POINT('Ctrl Pts',(-76.6818260173468,0.,45.1093511578637));
#1829=CARTESIAN_POINT('Ctrl Pts',(-78.102881811109,0.,47.2567205426293));
#1830=CARTESIAN_POINT('Ctrl Pts',(-80.0818275432257,0.,48.8672451970178));
#1831=CARTESIAN_POINT('',(-80.0818275432257,3.,48.8672451970178));
#1832=CARTESIAN_POINT('Ctrl Pts',(-80.0818275432257,3.,48.8672451970178));
#1833=CARTESIAN_POINT('Ctrl Pts',(-78.102881811109,3.,47.2567205426293));
#1834=CARTESIAN_POINT('Ctrl Pts',(-76.6818260173468,3.,45.1093511578637));
#1835=CARTESIAN_POINT('',(-80.0818275432257,0.,48.8672451970178));
#1836=CARTESIAN_POINT('Ctrl Pts',(-85.3028797130255,0.,52.6777725216943));
#1837=CARTESIAN_POINT('Ctrl Pts',(-85.3028797130255,3.,52.6777725216943));
#1838=CARTESIAN_POINT('Ctrl Pts',(-82.0607732753424,0.,50.477772235592));
#1839=CARTESIAN_POINT('Ctrl Pts',(-82.0607732753424,3.,50.477772235592));
#1840=CARTESIAN_POINT('Ctrl Pts',(-80.0818275432257,0.,48.8672451970178));
#1841=CARTESIAN_POINT('Ctrl Pts',(-80.0818275432257,3.,48.8672451970178));
#1842=CARTESIAN_POINT('',(-85.3028797130255,0.,52.6777725216943));
#1843=CARTESIAN_POINT('Ctrl Pts',(-80.0818275432257,0.,48.8672451970178));
#1844=CARTESIAN_POINT('Ctrl Pts',(-82.0607732753424,0.,50.477772235592));
#1845=CARTESIAN_POINT('Ctrl Pts',(-85.3028797130255,0.,52.6777725216943));
#1846=CARTESIAN_POINT('',(-85.3028797130255,3.,52.6777725216943));
#1847=CARTESIAN_POINT('Ctrl Pts',(-85.3028797130255,3.,52.6777725216943));
#1848=CARTESIAN_POINT('Ctrl Pts',(-82.0607732753424,3.,50.477772235592));
#1849=CARTESIAN_POINT('Ctrl Pts',(-80.0818275432257,3.,48.8672451970178));
#1850=CARTESIAN_POINT('',(-85.3028797130255,0.,52.6777725216943));
#1851=CARTESIAN_POINT('Ctrl Pts',(-90.2607749919561,0.,56.2146143910485));
#1852=CARTESIAN_POINT('Ctrl Pts',(-90.2607749919561,3.,56.2146143910485));
#1853=CARTESIAN_POINT('Ctrl Pts',(-88.5449861507086,0.,54.8777728077966));
#1854=CARTESIAN_POINT('Ctrl Pts',(-88.5449861507086,3.,54.8777728077966));
#1855=CARTESIAN_POINT('Ctrl Pts',(-85.3028797130255,0.,52.6777725216943));
#1856=CARTESIAN_POINT('Ctrl Pts',(-85.3028797130255,3.,52.6777725216943));
#1857=CARTESIAN_POINT('',(-90.2607749919561,0.,56.2146143910485));
#1858=CARTESIAN_POINT('Ctrl Pts',(-85.3028797130255,0.,52.6777725216943));
#1859=CARTESIAN_POINT('Ctrl Pts',(-88.5449861507086,0.,54.8777728077966));
#1860=CARTESIAN_POINT('Ctrl Pts',(-90.2607749919561,0.,56.2146143910485));
#1861=CARTESIAN_POINT('',(-90.2607749919561,3.,56.2146143910485));
#1862=CARTESIAN_POINT('Ctrl Pts',(-90.2607749919561,3.,56.2146143910485));
#1863=CARTESIAN_POINT('Ctrl Pts',(-88.5449861507086,3.,54.8777728077966));
#1864=CARTESIAN_POINT('Ctrl Pts',(-85.3028797130255,3.,52.6777725216943));
#1865=CARTESIAN_POINT('',(-90.2607749919561,0.,56.2146143910485));
#1866=CARTESIAN_POINT('Ctrl Pts',(-93.0081438045172,0.,58.9619832036096));
#1867=CARTESIAN_POINT('Ctrl Pts',(-93.0081438045172,3.,58.9619832036096));
#1868=CARTESIAN_POINT('Ctrl Pts',(-91.9765638332037,0.,57.5514583584863));
#1869=CARTESIAN_POINT('Ctrl Pts',(-91.9765638332037,3.,57.5514583584863));
#1870=CARTESIAN_POINT('Ctrl Pts',(-90.2607749919561,0.,56.2146143910485));
#1871=CARTESIAN_POINT('Ctrl Pts',(-90.2607749919561,3.,56.2146143910485));
#1872=CARTESIAN_POINT('',(-93.0081438045172,0.,58.9619832036096));
#1873=CARTESIAN_POINT('Ctrl Pts',(-90.2607749919561,0.,56.2146143910485));
#1874=CARTESIAN_POINT('Ctrl Pts',(-91.9765638332037,0.,57.5514583584863));
#1875=CARTESIAN_POINT('Ctrl Pts',(-93.0081438045172,0.,58.9619832036096));
#1876=CARTESIAN_POINT('',(-93.0081438045172,3.,58.9619832036096));
#1877=CARTESIAN_POINT('Ctrl Pts',(-93.0081438045172,3.,58.9619832036096));
#1878=CARTESIAN_POINT('Ctrl Pts',(-91.9765638332037,3.,57.5514583584863));
#1879=CARTESIAN_POINT('Ctrl Pts',(-90.2607749919561,3.,56.2146143910485));
#1880=CARTESIAN_POINT('',(-93.0081438045172,0.,58.9619832036096));
#1881=CARTESIAN_POINT('Ctrl Pts',(-88.3976172427801,0.,58.225141048153));
#1882=CARTESIAN_POINT('Ctrl Pts',(-88.3976172427801,3.,58.225141048153));
#1883=CARTESIAN_POINT('Ctrl Pts',(-90.6291960696844,0.,58.225141048153));
#1884=CARTESIAN_POINT('Ctrl Pts',(-90.6291960696844,3.,58.225141048153));
#1885=CARTESIAN_POINT('Ctrl Pts',(-93.0081438045172,0.,58.9619832036096));
#1886=CARTESIAN_POINT('Ctrl Pts',(-93.0081438045172,3.,58.9619832036096));
#1887=CARTESIAN_POINT('',(-88.3976172427801,0.,58.225141048153));
#1888=CARTESIAN_POINT('Ctrl Pts',(-93.0081438045172,0.,58.9619832036096));
#1889=CARTESIAN_POINT('Ctrl Pts',(-90.6291960696844,0.,58.225141048153));
#1890=CARTESIAN_POINT('Ctrl Pts',(-88.3976172427801,0.,58.225141048153));
#1891=CARTESIAN_POINT('',(-88.3976172427801,3.,58.225141048153));
#1892=CARTESIAN_POINT('Ctrl Pts',(-88.3976172427801,3.,58.225141048153));
#1893=CARTESIAN_POINT('Ctrl Pts',(-90.6291960696844,3.,58.225141048153));
#1894=CARTESIAN_POINT('Ctrl Pts',(-93.0081438045172,3.,58.9619832036096));
#1895=CARTESIAN_POINT('',(-88.3976172427801,0.,58.225141048153));
#1896=CARTESIAN_POINT('Ctrl Pts',(-85.3976177196173,0.,58.4461932179528));
#1897=CARTESIAN_POINT('Ctrl Pts',(-85.3976177196173,3.,58.4461932179528));
#1898=CARTESIAN_POINT('Ctrl Pts',(-87.9765628795294,0.,58.225141048153));
#1899=CARTESIAN_POINT('Ctrl Pts',(-87.9765628795294,3.,58.225141048153));
#1900=CARTESIAN_POINT('Ctrl Pts',(-88.3976172427801,0.,58.225141048153));
#1901=CARTESIAN_POINT('Ctrl Pts',(-88.3976172427801,3.,58.225141048153));
#1902=CARTESIAN_POINT('',(-85.3976177196173,0.,58.4461932179528));
#1903=CARTESIAN_POINT('Ctrl Pts',(-88.3976172427801,0.,58.225141048153));
#1904=CARTESIAN_POINT('Ctrl Pts',(-87.9765628795294,0.,58.225141048153));
#1905=CARTESIAN_POINT('Ctrl Pts',(-85.3976177196173,0.,58.4461932179528));
#1906=CARTESIAN_POINT('',(-85.3976177196173,3.,58.4461932179528));
#1907=CARTESIAN_POINT('Ctrl Pts',(-85.3976177196173,3.,58.4461932179528));
#1908=CARTESIAN_POINT('Ctrl Pts',(-87.9765628795294,3.,58.225141048153));
#1909=CARTESIAN_POINT('Ctrl Pts',(-88.3976172427801,3.,58.225141048153));
#1910=CARTESIAN_POINT('',(-85.3976177196173,0.,58.4461932179528));
#1911=CARTESIAN_POINT('Ctrl Pts',(-82.3344587306646,0.,58.6672453877526));
#1912=CARTESIAN_POINT('Ctrl Pts',(-82.3344587306646,3.,58.6672453877526));
#1913=CARTESIAN_POINT('Ctrl Pts',(-82.8186677913336,0.,58.6672453877526));
#1914=CARTESIAN_POINT('Ctrl Pts',(-82.8186677913336,3.,58.6672453877526));
#1915=CARTESIAN_POINT('Ctrl Pts',(-85.3976177196173,0.,58.4461932179528));
#1916=CARTESIAN_POINT('Ctrl Pts',(-85.3976177196173,3.,58.4461932179528));
#1917=CARTESIAN_POINT('',(-82.3344587306646,0.,58.6672453877526));
#1918=CARTESIAN_POINT('Ctrl Pts',(-85.3976177196173,0.,58.4461932179528));
#1919=CARTESIAN_POINT('Ctrl Pts',(-82.8186677913336,0.,58.6672453877526));
#1920=CARTESIAN_POINT('Ctrl Pts',(-82.3344587306646,0.,58.6672453877526));
#1921=CARTESIAN_POINT('',(-82.3344587306646,3.,58.6672453877526));
#1922=CARTESIAN_POINT('Ctrl Pts',(-82.3344587306646,3.,58.6672453877526));
#1923=CARTESIAN_POINT('Ctrl Pts',(-82.8186677913336,3.,58.6672453877526));
#1924=CARTESIAN_POINT('Ctrl Pts',(-85.3976177196173,3.,58.4461932179528));
#1925=CARTESIAN_POINT('',(-82.3344587306646,0.,58.6672453877526));
#1926=CARTESIAN_POINT('Ctrl Pts',(-80.3660367946295,0.,58.2356672284203));
#1927=CARTESIAN_POINT('Ctrl Pts',(-80.3660367946295,3.,58.2356672284203));
#1928=CARTESIAN_POINT('Ctrl Pts',(-81.1344598750738,0.,58.6672453877526));
#1929=CARTESIAN_POINT('Ctrl Pts',(-81.1344598750738,3.,58.6672453877526));
#1930=CARTESIAN_POINT('Ctrl Pts',(-82.3344587306646,0.,58.6672453877526));
#1931=CARTESIAN_POINT('Ctrl Pts',(-82.3344587306646,3.,58.6672453877526));
#1932=CARTESIAN_POINT('',(-80.3660367946295,0.,58.2356672284203));
#1933=CARTESIAN_POINT('Ctrl Pts',(-82.3344587306646,0.,58.6672453877526));
#1934=CARTESIAN_POINT('Ctrl Pts',(-81.1344598750738,0.,58.6672453877526));
#1935=CARTESIAN_POINT('Ctrl Pts',(-80.3660367946295,0.,58.2356672284203));
#1936=CARTESIAN_POINT('',(-80.3660367946295,3.,58.2356672284203));
#1937=CARTESIAN_POINT('Ctrl Pts',(-80.3660367946295,3.,58.2356672284203));
#1938=CARTESIAN_POINT('Ctrl Pts',(-81.1344598750738,3.,58.6672453877526));
#1939=CARTESIAN_POINT('Ctrl Pts',(-82.3344587306646,3.,58.6672453877526));
#1940=CARTESIAN_POINT('',(-80.3660367946295,0.,58.2356672284203));
#1941=CARTESIAN_POINT('Ctrl Pts',(-79.1344570140509,0.,56.5409307477075));
#1942=CARTESIAN_POINT('Ctrl Pts',(-79.1344570140509,3.,56.5409307477075));
#1943=CARTESIAN_POINT('Ctrl Pts',(-79.5976137141851,0.,57.8040866849023));
#1944=CARTESIAN_POINT('Ctrl Pts',(-79.5976137141851,3.,57.8040866849023));
#1945=CARTESIAN_POINT('Ctrl Pts',(-80.3660367946295,0.,58.2356672284203));
#1946=CARTESIAN_POINT('Ctrl Pts',(-80.3660367946295,3.,58.2356672284203));
#1947=CARTESIAN_POINT('',(-79.1344570140509,0.,56.5409307477075));
#1948=CARTESIAN_POINT('Ctrl Pts',(-80.3660367946295,0.,58.2356672284203));
#1949=CARTESIAN_POINT('Ctrl Pts',(-79.5976137141851,0.,57.8040866849023));
#1950=CARTESIAN_POINT('Ctrl Pts',(-79.1344570140509,0.,56.5409307477075));
#1951=CARTESIAN_POINT('',(-79.1344570140509,3.,56.5409307477075));
#1952=CARTESIAN_POINT('Ctrl Pts',(-79.1344570140509,3.,56.5409307477075));
#1953=CARTESIAN_POINT('Ctrl Pts',(-79.5976137141851,3.,57.8040866849023));
#1954=CARTESIAN_POINT('Ctrl Pts',(-80.3660367946295,3.,58.2356672284203));
#1955=CARTESIAN_POINT('',(-79.1344570140509,0.,56.5409307477075));
#1956=CARTESIAN_POINT('Ctrl Pts',(-78.8397191981939,0.,56.1198787686425));
#1957=CARTESIAN_POINT('Ctrl Pts',(-78.8397191981939,3.,56.1198787686425));
#1958=CARTESIAN_POINT('Ctrl Pts',(-78.9870904903082,0.,56.1198787686425));
#1959=CARTESIAN_POINT('Ctrl Pts',(-78.9870904903082,3.,56.1198787686425));
#1960=CARTESIAN_POINT('Ctrl Pts',(-79.1344570140509,0.,56.5409307477075));
#1961=CARTESIAN_POINT('Ctrl Pts',(-79.1344570140509,3.,56.5409307477075));
#1962=CARTESIAN_POINT('',(-78.8397191981939,0.,56.1198787686425));
#1963=CARTESIAN_POINT('Ctrl Pts',(-79.1344570140509,0.,56.5409307477075));
#1964=CARTESIAN_POINT('Ctrl Pts',(-78.9870904903082,0.,56.1198787686425));
#1965=CARTESIAN_POINT('Ctrl Pts',(-78.8397191981939,0.,56.1198787686425));
#1966=CARTESIAN_POINT('',(-78.8397191981939,3.,56.1198787686425));
#1967=CARTESIAN_POINT('Ctrl Pts',(-78.8397191981939,3.,56.1198787686425));
#1968=CARTESIAN_POINT('Ctrl Pts',(-78.9870904903082,3.,56.1198787686425));
#1969=CARTESIAN_POINT('Ctrl Pts',(-79.1344570140509,3.,56.5409307477075));
#1970=CARTESIAN_POINT('',(-78.8397191981939,0.,56.1198787686425));
#1971=CARTESIAN_POINT('Ctrl Pts',(-78.0186676005987,0.,56.3198785779077));
#1972=CARTESIAN_POINT('Ctrl Pts',(-78.0186676005987,3.,56.3198785779077));
#1973=CARTESIAN_POINT('Ctrl Pts',(-78.4607767085699,0.,56.1198787686425));
#1974=CARTESIAN_POINT('Ctrl Pts',(-78.4607767085699,3.,56.1198787686425));
#1975=CARTESIAN_POINT('Ctrl Pts',(-78.8397191981939,0.,56.1198787686425));
#1976=CARTESIAN_POINT('Ctrl Pts',(-78.8397191981939,3.,56.1198787686425));
#1977=CARTESIAN_POINT('',(-78.0186676005987,0.,56.3198785779077));
#1978=CARTESIAN_POINT('Ctrl Pts',(-78.8397191981939,0.,56.1198787686425));
#1979=CARTESIAN_POINT('Ctrl Pts',(-78.4607767085699,0.,56.1198787686425));
#1980=CARTESIAN_POINT('Ctrl Pts',(-78.0186676005987,0.,56.3198785779077));
#1981=CARTESIAN_POINT('',(-78.0186676005987,3.,56.3198785779077));
#1982=CARTESIAN_POINT('Ctrl Pts',(-78.0186676005987,3.,56.3198785779077));
#1983=CARTESIAN_POINT('Ctrl Pts',(-78.4607767085699,3.,56.1198787686425));
#1984=CARTESIAN_POINT('Ctrl Pts',(-78.8397191981939,3.,56.1198787686425));
#1985=CARTESIAN_POINT('',(-78.0186676005987,0.,56.3198785779077));
#1986=CARTESIAN_POINT('Ctrl Pts',(-77.5765632609991,0.,56.6461925503808));
#1987=CARTESIAN_POINT('Ctrl Pts',(-77.5765632609991,3.,56.6461925503808));
#1988=CARTESIAN_POINT('Ctrl Pts',(-77.5765632609991,0.,56.5198783871728));
#1989=CARTESIAN_POINT('Ctrl Pts',(-77.5765632609991,3.,56.5198783871728));
#1990=CARTESIAN_POINT('Ctrl Pts',(-78.0186676005987,0.,56.3198785779077));
#1991=CARTESIAN_POINT('Ctrl Pts',(-78.0186676005987,3.,56.3198785779077));
#1992=CARTESIAN_POINT('',(-77.5765632609991,0.,56.6461925503808));
#1993=CARTESIAN_POINT('Ctrl Pts',(-78.0186676005987,0.,56.3198785779077));
#1994=CARTESIAN_POINT('Ctrl Pts',(-77.5765632609991,0.,56.5198783871728));
#1995=CARTESIAN_POINT('Ctrl Pts',(-77.5765632609991,0.,56.6461925503808));
#1996=CARTESIAN_POINT('',(-77.5765632609991,3.,56.6461925503808));
#1997=CARTESIAN_POINT('Ctrl Pts',(-77.5765632609991,3.,56.6461925503808));
#1998=CARTESIAN_POINT('Ctrl Pts',(-77.5765632609991,3.,56.5198783871728));
#1999=CARTESIAN_POINT('Ctrl Pts',(-78.0186676005987,3.,56.3198785779077));
#2000=CARTESIAN_POINT('',(-77.5765632609991,0.,56.6461925503808));
#2001=CARTESIAN_POINT('Ctrl Pts',(-78.7028764705328,0.,59.7093515393334));
#2002=CARTESIAN_POINT('Ctrl Pts',(-78.7028764705328,3.,59.7093515393334));
#2003=CARTESIAN_POINT('Ctrl Pts',(-77.5765632609991,0.,57.340929984768));
#2004=CARTESIAN_POINT('Ctrl Pts',(-77.5765632609991,3.,57.340929984768));
#2005=CARTESIAN_POINT('Ctrl Pts',(-77.5765632609991,0.,56.6461925503808));
#2006=CARTESIAN_POINT('Ctrl Pts',(-77.5765632609991,3.,56.6461925503808));
#2007=CARTESIAN_POINT('',(-78.7028764705328,0.,59.7093515393334));
#2008=CARTESIAN_POINT('Ctrl Pts',(-77.5765632609991,0.,56.6461925503808));
#2009=CARTESIAN_POINT('Ctrl Pts',(-77.5765632609991,0.,57.340929984768));
#2010=CARTESIAN_POINT('Ctrl Pts',(-78.7028764705328,0.,59.7093515393334));
#2011=CARTESIAN_POINT('',(-78.7028764705328,3.,59.7093515393334));
#2012=CARTESIAN_POINT('Ctrl Pts',(-78.7028764705328,3.,59.7093515393334));
#2013=CARTESIAN_POINT('Ctrl Pts',(-77.5765632609991,3.,57.340929984768));
#2014=CARTESIAN_POINT('Ctrl Pts',(-77.5765632609991,3.,56.6461925503808));
#2015=CARTESIAN_POINT('',(-78.7028764705328,0.,59.7093515393334));
#2016=CARTESIAN_POINT('Ctrl Pts',(-81.0081409434942,0.,62.8777723309594));
#2017=CARTESIAN_POINT('Ctrl Pts',(-81.0081409434942,3.,62.8777723309594));
#2018=CARTESIAN_POINT('Ctrl Pts',(-79.8291944484381,0.,62.0777730938989));
#2019=CARTESIAN_POINT('Ctrl Pts',(-79.8291944484381,3.,62.0777730938989));
#2020=CARTESIAN_POINT('Ctrl Pts',(-78.7028764705328,0.,59.7093515393334));
#2021=CARTESIAN_POINT('Ctrl Pts',(-78.7028764705328,3.,59.7093515393334));
#2022=CARTESIAN_POINT('',(-81.0081409434942,0.,62.8777723309594));
#2023=CARTESIAN_POINT('Ctrl Pts',(-78.7028764705328,0.,59.7093515393334));
#2024=CARTESIAN_POINT('Ctrl Pts',(-79.8291944484381,0.,62.0777730938989));
#2025=CARTESIAN_POINT('Ctrl Pts',(-81.0081409434942,0.,62.8777723309594));
#2026=CARTESIAN_POINT('',(-81.0081409434942,3.,62.8777723309594));
#2027=CARTESIAN_POINT('Ctrl Pts',(-81.0081409434942,3.,62.8777723309594));
#2028=CARTESIAN_POINT('Ctrl Pts',(-79.8291944484381,3.,62.0777730938989));
#2029=CARTESIAN_POINT('Ctrl Pts',(-78.7028764705328,3.,59.7093515393334));
#2030=CARTESIAN_POINT('',(-81.0081409434942,0.,62.8777723309594));
#2031=CARTESIAN_POINT('Ctrl Pts',(-84.5660375575689,0.,63.67777156802));
#2032=CARTESIAN_POINT('Ctrl Pts',(-84.5660375575689,3.,63.67777156802));
#2033=CARTESIAN_POINT('Ctrl Pts',(-82.1870898227362,0.,63.67777156802));
#2034=CARTESIAN_POINT('Ctrl Pts',(-82.1870898227362,3.,63.67777156802));
#2035=CARTESIAN_POINT('Ctrl Pts',(-81.0081409434942,0.,62.8777723309594));
#2036=CARTESIAN_POINT('Ctrl Pts',(-81.0081409434942,3.,62.8777723309594));
#2037=CARTESIAN_POINT('',(-84.5660375575689,0.,63.67777156802));
#2038=CARTESIAN_POINT('Ctrl Pts',(-81.0081409434942,0.,62.8777723309594));
#2039=CARTESIAN_POINT('Ctrl Pts',(-82.1870898227362,0.,63.67777156802));
#2040=CARTESIAN_POINT('Ctrl Pts',(-84.5660375575689,0.,63.67777156802));
#2041=CARTESIAN_POINT('',(-84.5660375575689,3.,63.67777156802));
#2042=CARTESIAN_POINT('Ctrl Pts',(-84.5660375575689,3.,63.67777156802));
#2043=CARTESIAN_POINT('Ctrl Pts',(-82.1870898227362,3.,63.67777156802));
#2044=CARTESIAN_POINT('Ctrl Pts',(-81.0081409434942,3.,62.8777723309594));
#2045=CARTESIAN_POINT('',(-84.5660375575689,0.,63.67777156802));
#2046=CARTESIAN_POINT('Ctrl Pts',(-88.260774515119,0.,63.4146146771508));
#2047=CARTESIAN_POINT('Ctrl Pts',(-88.260774515119,3.,63.4146146771508));
#2048=CARTESIAN_POINT('Ctrl Pts',(-85.092353723493,0.,63.67777156802));
#2049=CARTESIAN_POINT('Ctrl Pts',(-85.092353723493,3.,63.67777156802));
#2050=CARTESIAN_POINT('Ctrl Pts',(-84.5660375575689,0.,63.67777156802));
#2051=CARTESIAN_POINT('Ctrl Pts',(-84.5660375575689,3.,63.67777156802));
#2052=CARTESIAN_POINT('',(-88.260774515119,0.,63.4146146771508));
#2053=CARTESIAN_POINT('Ctrl Pts',(-84.5660375575689,0.,63.67777156802));
#2054=CARTESIAN_POINT('Ctrl Pts',(-85.092353723493,0.,63.67777156802));
#2055=CARTESIAN_POINT('Ctrl Pts',(-88.260774515119,0.,63.4146146771508));
#2056=CARTESIAN_POINT('',(-88.260774515119,3.,63.4146146771508));
#2057=CARTESIAN_POINT('Ctrl Pts',(-88.260774515119,3.,63.4146146771508));
#2058=CARTESIAN_POINT('Ctrl Pts',(-85.092353723493,3.,63.67777156802));
#2059=CARTESIAN_POINT('Ctrl Pts',(-84.5660375575689,3.,63.67777156802));
#2060=CARTESIAN_POINT('',(-88.260774515119,0.,63.4146146771508));
#2061=CARTESIAN_POINT('Ctrl Pts',(-92.018668554273,0.,63.1514577862817));
#2062=CARTESIAN_POINT('Ctrl Pts',(-92.018668554273,3.,63.1514577862817));
#2063=CARTESIAN_POINT('Ctrl Pts',(-91.429195306745,0.,63.1514577862817));
#2064=CARTESIAN_POINT('Ctrl Pts',(-91.429195306745,3.,63.1514577862817));
#2065=CARTESIAN_POINT('Ctrl Pts',(-88.260774515119,0.,63.4146146771508));
#2066=CARTESIAN_POINT('Ctrl Pts',(-88.260774515119,3.,63.4146146771508));
#2067=CARTESIAN_POINT('',(-92.018668554273,0.,63.1514577862817));
#2068=CARTESIAN_POINT('Ctrl Pts',(-88.260774515119,0.,63.4146146771508));
#2069=CARTESIAN_POINT('Ctrl Pts',(-91.429195306745,0.,63.1514577862817));
#2070=CARTESIAN_POINT('Ctrl Pts',(-92.018668554273,0.,63.1514577862817));
#2071=CARTESIAN_POINT('',(-92.018668554273,3.,63.1514577862817));
#2072=CARTESIAN_POINT('Ctrl Pts',(-92.018668554273,3.,63.1514577862817));
#2073=CARTESIAN_POINT('Ctrl Pts',(-91.429195306745,3.,63.1514577862817));
#2074=CARTESIAN_POINT('Ctrl Pts',(-88.260774515119,3.,63.4146146771508));
#2075=CARTESIAN_POINT('',(-92.018668554273,0.,63.1514577862817));
#2076=CARTESIAN_POINT('Ctrl Pts',(-95.0713013629583,0.,63.4146146771508));
#2077=CARTESIAN_POINT('Ctrl Pts',(-95.0713013629583,3.,63.4146146771508));
#2078=CARTESIAN_POINT('Ctrl Pts',(-94.0818284969,0.,63.1514577862817));
#2079=CARTESIAN_POINT('Ctrl Pts',(-94.0818284969,3.,63.1514577862817));
#2080=CARTESIAN_POINT('Ctrl Pts',(-92.018668554273,0.,63.1514577862817));
#2081=CARTESIAN_POINT('Ctrl Pts',(-92.018668554273,3.,63.1514577862817));
#2082=CARTESIAN_POINT('',(-95.0713013629583,0.,63.4146146771508));
#2083=CARTESIAN_POINT('Ctrl Pts',(-92.018668554273,0.,63.1514577862817));
#2084=CARTESIAN_POINT('Ctrl Pts',(-94.0818284969,0.,63.1514577862817));
#2085=CARTESIAN_POINT('Ctrl Pts',(-95.0713013629583,0.,63.4146146771508));
#2086=CARTESIAN_POINT('',(-95.0713013629583,3.,63.4146146771508));
#2087=CARTESIAN_POINT('Ctrl Pts',(-95.0713013629583,3.,63.4146146771508));
#2088=CARTESIAN_POINT('Ctrl Pts',(-94.0818284969,3.,63.1514577862817));
#2089=CARTESIAN_POINT('Ctrl Pts',(-92.018668554273,3.,63.1514577862817));
#2090=CARTESIAN_POINT('',(-95.0713013629583,0.,63.4146146771508));
#2091=CARTESIAN_POINT('Ctrl Pts',(-96.1660384158758,0.,63.67777156802));
#2092=CARTESIAN_POINT('Ctrl Pts',(-96.1660384158758,3.,63.67777156802));
#2093=CARTESIAN_POINT('Ctrl Pts',(-96.0607742290167,0.,63.67777156802));
#2094=CARTESIAN_POINT('Ctrl Pts',(-96.0607742290167,3.,63.67777156802));
#2095=CARTESIAN_POINT('Ctrl Pts',(-95.0713013629583,0.,63.4146146771508));
#2096=CARTESIAN_POINT('Ctrl Pts',(-95.0713013629583,3.,63.4146146771508));
#2097=CARTESIAN_POINT('',(-96.1660384158758,0.,63.67777156802));
#2098=CARTESIAN_POINT('Ctrl Pts',(-95.0713013629583,0.,63.4146146771508));
#2099=CARTESIAN_POINT('Ctrl Pts',(-96.0607742290167,0.,63.67777156802));
#2100=CARTESIAN_POINT('Ctrl Pts',(-96.1660384158758,0.,63.67777156802));
#2101=CARTESIAN_POINT('',(-96.1660384158758,3.,63.67777156802));
#2102=CARTESIAN_POINT('Ctrl Pts',(-96.1660384158758,3.,63.67777156802));
#2103=CARTESIAN_POINT('Ctrl Pts',(-96.0607742290167,3.,63.67777156802));
#2104=CARTESIAN_POINT('Ctrl Pts',(-95.0713013629583,3.,63.4146146771508));
#2105=CARTESIAN_POINT('',(-96.1660384158758,0.,63.67777156802));
#2106=CARTESIAN_POINT('Ctrl Pts',(-96.460773847547,0.,63.2777719494897));
#2107=CARTESIAN_POINT('Ctrl Pts',(-96.460773847547,3.,63.2777719494897));
#2108=CARTESIAN_POINT('Ctrl Pts',(-96.460773847547,0.,63.67777156802));
#2109=CARTESIAN_POINT('Ctrl Pts',(-96.460773847547,3.,63.67777156802));
#2110=CARTESIAN_POINT('Ctrl Pts',(-96.1660384158758,0.,63.67777156802));
#2111=CARTESIAN_POINT('Ctrl Pts',(-96.1660384158758,3.,63.67777156802));
#2112=CARTESIAN_POINT('',(-96.460773847547,0.,63.2777719494897));
#2113=CARTESIAN_POINT('Ctrl Pts',(-96.1660384158758,0.,63.67777156802));
#2114=CARTESIAN_POINT('Ctrl Pts',(-96.460773847547,0.,63.67777156802));
#2115=CARTESIAN_POINT('Ctrl Pts',(-96.460773847547,0.,63.2777719494897));
#2116=CARTESIAN_POINT('',(-96.460773847547,3.,63.2777719494897));
#2117=CARTESIAN_POINT('Ctrl Pts',(-96.460773847547,3.,63.2777719494897));
#2118=CARTESIAN_POINT('Ctrl Pts',(-96.460773847547,3.,63.67777156802));
#2119=CARTESIAN_POINT('Ctrl Pts',(-96.1660384158758,3.,63.67777156802));
#2120=CARTESIAN_POINT('',(-96.460773847547,0.,63.2777719494897));
#2121=CARTESIAN_POINT('Ctrl Pts',(-95.9870909671453,0.,60.7935624119836));
#2122=CARTESIAN_POINT('Ctrl Pts',(-95.9870909671453,3.,60.7935624119836));
#2123=CARTESIAN_POINT('Ctrl Pts',(-96.460773847547,0.,62.0146160122949));
#2124=CARTESIAN_POINT('Ctrl Pts',(-96.460773847547,3.,62.0146160122949));
#2125=CARTESIAN_POINT('Ctrl Pts',(-96.460773847547,0.,63.2777719494897));
#2126=CARTESIAN_POINT('Ctrl Pts',(-96.460773847547,3.,63.2777719494897));
#2127=CARTESIAN_POINT('',(-95.9870909671453,0.,60.7935624119836));
#2128=CARTESIAN_POINT('Ctrl Pts',(-96.460773847547,0.,63.2777719494897));
#2129=CARTESIAN_POINT('Ctrl Pts',(-96.460773847547,0.,62.0146160122949));
#2130=CARTESIAN_POINT('Ctrl Pts',(-95.9870909671453,0.,60.7935624119836));
#2131=CARTESIAN_POINT('',(-95.9870909671453,3.,60.7935624119836));
#2132=CARTESIAN_POINT('Ctrl Pts',(-95.9870909671453,3.,60.7935624119836));
#2133=CARTESIAN_POINT('Ctrl Pts',(-96.460773847547,3.,62.0146160122949));
#2134=CARTESIAN_POINT('Ctrl Pts',(-96.460773847547,3.,63.2777719494897));
#2135=CARTESIAN_POINT('',(-95.9870909671453,0.,60.7935624119836));
#2136=CARTESIAN_POINT('Ctrl Pts',(-93.8607739429144,0.,57.5619821545678));
#2137=CARTESIAN_POINT('Ctrl Pts',(-93.8607739429144,3.,57.5619821545678));
#2138=CARTESIAN_POINT('Ctrl Pts',(-95.5134057025579,0.,59.5725088116723));
#2139=CARTESIAN_POINT('Ctrl Pts',(-95.5134057025579,3.,59.5725088116723));
#2140=CARTESIAN_POINT('Ctrl Pts',(-95.9870909671453,0.,60.7935624119836));
#2141=CARTESIAN_POINT('Ctrl Pts',(-95.9870909671453,3.,60.7935624119836));
#2142=CARTESIAN_POINT('',(-93.8607739429144,0.,57.5619821545678));
#2143=CARTESIAN_POINT('Ctrl Pts',(-95.9870909671453,0.,60.7935624119836));
#2144=CARTESIAN_POINT('Ctrl Pts',(-95.5134057025579,0.,59.5725088116723));
#2145=CARTESIAN_POINT('Ctrl Pts',(-93.8607739429144,0.,57.5619821545678));
#2146=CARTESIAN_POINT('',(-93.8607739429144,3.,57.5619821545678));
#2147=CARTESIAN_POINT('Ctrl Pts',(-93.8607739429144,3.,57.5619821545678));
#2148=CARTESIAN_POINT('Ctrl Pts',(-95.5134057025579,3.,59.5725088116723));
#2149=CARTESIAN_POINT('Ctrl Pts',(-95.9870909671453,3.,60.7935624119836));
#2150=CARTESIAN_POINT('',(-93.8607739429144,0.,57.5619821545678));
#2151=CARTESIAN_POINT('Ctrl Pts',(-88.9660381297735,0.,52.5409297940331));
#2152=CARTESIAN_POINT('Ctrl Pts',(-88.9660381297735,3.,52.5409297940331));
#2153=CARTESIAN_POINT('Ctrl Pts',(-92.2081421832708,0.,55.5514554974633));
#2154=CARTESIAN_POINT('Ctrl Pts',(-92.2081421832708,3.,55.5514554974633));
#2155=CARTESIAN_POINT('Ctrl Pts',(-93.8607739429144,0.,57.5619821545678));
#2156=CARTESIAN_POINT('Ctrl Pts',(-93.8607739429144,3.,57.5619821545678));
#2157=CARTESIAN_POINT('',(-88.9660381297735,0.,52.5409297940331));
#2158=CARTESIAN_POINT('Ctrl Pts',(-93.8607739429144,0.,57.5619821545678));
#2159=CARTESIAN_POINT('Ctrl Pts',(-92.2081421832708,0.,55.5514554974633));
#2160=CARTESIAN_POINT('Ctrl Pts',(-88.9660381297735,0.,52.5409297940331));
#2161=CARTESIAN_POINT('',(-88.9660381297735,3.,52.5409297940331));
#2162=CARTESIAN_POINT('Ctrl Pts',(-88.9660381297735,3.,52.5409297940331));
#2163=CARTESIAN_POINT('Ctrl Pts',(-92.2081421832708,3.,55.5514554974633));
#2164=CARTESIAN_POINT('Ctrl Pts',(-93.8607739429144,3.,57.5619821545678));
#2165=CARTESIAN_POINT('',(-88.9660381297735,0.,52.5409297940331));
#2166=CARTESIAN_POINT('Origin',(-86.5870903949408,0.,50.3514556881982));
#2167=CARTESIAN_POINT('',(-86.5870903949408,0.,50.3514556881982));
#2168=CARTESIAN_POINT('',(-88.9660381297735,0.,52.5409297940331));
#2169=CARTESIAN_POINT('',(-86.5870903949408,3.,50.3514556881982));
#2170=CARTESIAN_POINT('',(-88.9660381297735,3.,52.5409297940331));
#2171=CARTESIAN_POINT('',(-86.5870903949408,0.,50.3514556881982));
#2172=CARTESIAN_POINT('Ctrl Pts',(-82.6186679820684,0.,45.2672462460595));
#2173=CARTESIAN_POINT('Ctrl Pts',(-82.6186679820684,3.,45.2672462460595));
#2174=CARTESIAN_POINT('Ctrl Pts',(-83.7660383205084,0.,47.6988248822289));
#2175=CARTESIAN_POINT('Ctrl Pts',(-83.7660383205084,3.,47.6988248822289));
#2176=CARTESIAN_POINT('Ctrl Pts',(-86.5870903949408,0.,50.3514556881982));
#2177=CARTESIAN_POINT('Ctrl Pts',(-86.5870903949408,3.,50.3514556881982));
#2178=CARTESIAN_POINT('',(-82.6186679820684,0.,45.2672462460595));
#2179=CARTESIAN_POINT('Ctrl Pts',(-86.5870903949408,0.,50.3514556881982));
#2180=CARTESIAN_POINT('Ctrl Pts',(-83.7660383205084,0.,47.6988248822289));
#2181=CARTESIAN_POINT('Ctrl Pts',(-82.6186679820684,0.,45.2672462460595));
#2182=CARTESIAN_POINT('',(-82.6186679820684,3.,45.2672462460595));
#2183=CARTESIAN_POINT('Ctrl Pts',(-82.6186679820684,3.,45.2672462460595));
#2184=CARTESIAN_POINT('Ctrl Pts',(-83.7660383205084,3.,47.6988248822289));
#2185=CARTESIAN_POINT('Ctrl Pts',(-86.5870903949408,3.,50.3514556881982));
#2186=CARTESIAN_POINT('',(-82.6186679820684,0.,45.2672462460595));
#2187=CARTESIAN_POINT('Ctrl Pts',(-81.4712976436285,0.,40.3093509671288));
#2188=CARTESIAN_POINT('Ctrl Pts',(-81.4712976436285,3.,40.3093509671288));
#2189=CARTESIAN_POINT('Ctrl Pts',(-81.4712976436285,0.,42.8356676098901));
#2190=CARTESIAN_POINT('Ctrl Pts',(-81.4712976436285,3.,42.8356676098901));
#2191=CARTESIAN_POINT('Ctrl Pts',(-82.6186679820684,0.,45.2672462460595));
#2192=CARTESIAN_POINT('Ctrl Pts',(-82.6186679820684,3.,45.2672462460595));
#2193=CARTESIAN_POINT('',(-81.4712976436285,0.,40.3093509671288));
#2194=CARTESIAN_POINT('Ctrl Pts',(-82.6186679820684,0.,45.2672462460595));
#2195=CARTESIAN_POINT('Ctrl Pts',(-81.4712976436285,0.,42.8356676098901));
#2196=CARTESIAN_POINT('Ctrl Pts',(-81.4712976436285,0.,40.3093509671288));
#2197=CARTESIAN_POINT('',(-81.4712976436285,3.,40.3093509671288));
#2198=CARTESIAN_POINT('Ctrl Pts',(-81.4712976436285,3.,40.3093509671288));
#2199=CARTESIAN_POINT('Ctrl Pts',(-81.4712976436285,3.,42.8356676098901));
#2200=CARTESIAN_POINT('Ctrl Pts',(-82.6186679820684,3.,45.2672462460595));
#2201=CARTESIAN_POINT('',(-81.4712976436285,0.,40.3093509671288));
#2202=CARTESIAN_POINT('Ctrl Pts',(-82.5765632609991,0.,36.8567185399133));
#2203=CARTESIAN_POINT('Ctrl Pts',(-82.5765632609991,3.,36.8567185399133));
#2204=CARTESIAN_POINT('Ctrl Pts',(-81.4712976436285,0.,38.161983966549));
#2205=CARTESIAN_POINT('Ctrl Pts',(-81.4712976436285,3.,38.161983966549));
#2206=CARTESIAN_POINT('Ctrl Pts',(-81.4712976436285,0.,40.3093509671288));
#2207=CARTESIAN_POINT('Ctrl Pts',(-81.4712976436285,3.,40.3093509671288));
#2208=CARTESIAN_POINT('',(-82.5765632609991,0.,36.8567185399133));
#2209=CARTESIAN_POINT('Ctrl Pts',(-81.4712976436285,0.,40.3093509671288));
#2210=CARTESIAN_POINT('Ctrl Pts',(-81.4712976436285,0.,38.161983966549));
#2211=CARTESIAN_POINT('Ctrl Pts',(-82.5765632609991,0.,36.8567185399133));
#2212=CARTESIAN_POINT('',(-82.5765632609991,3.,36.8567185399133));
#2213=CARTESIAN_POINT('Ctrl Pts',(-82.5765632609991,3.,36.8567185399133));
#2214=CARTESIAN_POINT('Ctrl Pts',(-81.4712976436285,3.,38.161983966549));
#2215=CARTESIAN_POINT('Ctrl Pts',(-81.4712976436285,3.,40.3093509671288));
#2216=CARTESIAN_POINT('',(-82.5765632609991,0.,36.8567185399133));
#2217=CARTESIAN_POINT('Ctrl Pts',(-85.4713009814886,0.,35.5514554974633));
#2218=CARTESIAN_POINT('Ctrl Pts',(-85.4713009814886,3.,35.5514554974633));
#2219=CARTESIAN_POINT('Ctrl Pts',(-83.6818264941839,0.,35.5514554974633));
#2220=CARTESIAN_POINT('Ctrl Pts',(-83.6818264941839,3.,35.5514554974633));
#2221=CARTESIAN_POINT('Ctrl Pts',(-82.5765632609991,0.,36.8567185399133));
#2222=CARTESIAN_POINT('Ctrl Pts',(-82.5765632609991,3.,36.8567185399133));
#2223=CARTESIAN_POINT('',(-85.4713009814886,0.,35.5514554974633));
#2224=CARTESIAN_POINT('Ctrl Pts',(-82.5765632609991,0.,36.8567185399133));
#2225=CARTESIAN_POINT('Ctrl Pts',(-83.6818264941839,0.,35.5514554974633));
#2226=CARTESIAN_POINT('Ctrl Pts',(-85.4713009814886,0.,35.5514554974633));
#2227=CARTESIAN_POINT('',(-85.4713009814886,3.,35.5514554974633));
#2228=CARTESIAN_POINT('Ctrl Pts',(-85.4713009814886,3.,35.5514554974633));
#2229=CARTESIAN_POINT('Ctrl Pts',(-83.6818264941839,3.,35.5514554974633));
#2230=CARTESIAN_POINT('Ctrl Pts',(-82.5765632609991,3.,36.8567185399133));
#2231=CARTESIAN_POINT('',(-85.4713009814886,0.,35.5514554974633));
#2232=CARTESIAN_POINT('Ctrl Pts',(-88.4397219638495,0.,36.7830352780419));
#2233=CARTESIAN_POINT('Ctrl Pts',(-88.4397219638495,3.,36.7830352780419));
#2234=CARTESIAN_POINT('Ctrl Pts',(-87.1765636424688,0.,35.5514554974633));
#2235=CARTESIAN_POINT('Ctrl Pts',(-87.1765636424688,3.,35.5514554974633));
#2236=CARTESIAN_POINT('Ctrl Pts',(-85.4713009814886,0.,35.5514554974633));
#2237=CARTESIAN_POINT('Ctrl Pts',(-85.4713009814886,3.,35.5514554974633));
#2238=CARTESIAN_POINT('',(-88.4397219638495,0.,36.7830352780419));
#2239=CARTESIAN_POINT('Ctrl Pts',(-85.4713009814886,0.,35.5514554974633));
#2240=CARTESIAN_POINT('Ctrl Pts',(-87.1765636424688,0.,35.5514554974633));
#2241=CARTESIAN_POINT('Ctrl Pts',(-88.4397219638495,0.,36.7830352780419));
#2242=CARTESIAN_POINT('',(-88.4397219638495,3.,36.7830352780419));
#2243=CARTESIAN_POINT('Ctrl Pts',(-88.4397219638495,3.,36.7830352780419));
#2244=CARTESIAN_POINT('Ctrl Pts',(-87.1765636424688,3.,35.5514554974633));
#2245=CARTESIAN_POINT('Ctrl Pts',(-85.4713009814886,3.,35.5514554974633));
#2246=CARTESIAN_POINT('',(-88.4397219638495,0.,36.7830352780419));
#2247=CARTESIAN_POINT('Ctrl Pts',(-89.7028802852301,0.,39.6988253590661));
#2248=CARTESIAN_POINT('Ctrl Pts',(-89.7028802852301,3.,39.6988253590661));
#2249=CARTESIAN_POINT('Ctrl Pts',(-89.7028802852301,0.,38.0146150586205));
#2250=CARTESIAN_POINT('Ctrl Pts',(-89.7028802852301,3.,38.0146150586205));
#2251=CARTESIAN_POINT('Ctrl Pts',(-88.4397219638495,0.,36.7830352780419));
#2252=CARTESIAN_POINT('Ctrl Pts',(-88.4397219638495,3.,36.7830352780419));
#2253=CARTESIAN_POINT('',(-89.7028802852301,0.,39.6988253590661));
#2254=CARTESIAN_POINT('Ctrl Pts',(-88.4397219638495,0.,36.7830352780419));
#2255=CARTESIAN_POINT('Ctrl Pts',(-89.7028802852301,0.,38.0146150586205));
#2256=CARTESIAN_POINT('Ctrl Pts',(-89.7028802852301,0.,39.6988253590661));
#2257=CARTESIAN_POINT('',(-89.7028802852301,3.,39.6988253590661));
#2258=CARTESIAN_POINT('Ctrl Pts',(-89.7028802852301,3.,39.6988253590661));
#2259=CARTESIAN_POINT('Ctrl Pts',(-89.7028802852301,3.,38.0146150586205));
#2260=CARTESIAN_POINT('Ctrl Pts',(-88.4397219638495,3.,36.7830352780419));
#2261=CARTESIAN_POINT('',(-89.7028802852301,0.,39.6988253590661));
#2262=CARTESIAN_POINT('Ctrl Pts',(-88.3134054164557,0.,42.2040872571069));
#2263=CARTESIAN_POINT('Ctrl Pts',(-88.3134054164557,3.,42.2040872571069));
#2264=CARTESIAN_POINT('Ctrl Pts',(-89.7028802852301,0.,41.1093525883752));
#2265=CARTESIAN_POINT('Ctrl Pts',(-89.7028802852301,3.,41.1093525883752));
#2266=CARTESIAN_POINT('Ctrl Pts',(-89.7028802852301,0.,39.6988253590661));
#2267=CARTESIAN_POINT('Ctrl Pts',(-89.7028802852301,3.,39.6988253590661));
#2268=CARTESIAN_POINT('',(-88.3134054164557,0.,42.2040872571069));
#2269=CARTESIAN_POINT('Ctrl Pts',(-89.7028802852301,0.,39.6988253590661));
#2270=CARTESIAN_POINT('Ctrl Pts',(-89.7028802852301,0.,41.1093525883752));
#2271=CARTESIAN_POINT('Ctrl Pts',(-88.3134054164557,0.,42.2040872571069));
#2272=CARTESIAN_POINT('',(-88.3134054164557,3.,42.2040872571069));
#2273=CARTESIAN_POINT('Ctrl Pts',(-88.3134054164557,3.,42.2040872571069));
#2274=CARTESIAN_POINT('Ctrl Pts',(-89.7028802852301,3.,41.1093525883752));
#2275=CARTESIAN_POINT('Ctrl Pts',(-89.7028802852301,3.,39.6988253590661));
#2276=CARTESIAN_POINT('',(-88.3134054164557,0.,42.2040872571069));
#2277=CARTESIAN_POINT('Ctrl Pts',(-87.5765632609991,0.,43.193562507351));
#2278=CARTESIAN_POINT('Ctrl Pts',(-87.5765632609991,3.,43.193562507351));
#2279=CARTESIAN_POINT('Ctrl Pts',(-87.5765632609991,0.,42.7514557835656));
#2280=CARTESIAN_POINT('Ctrl Pts',(-87.5765632609991,3.,42.7514557835656));
#2281=CARTESIAN_POINT('Ctrl Pts',(-88.3134054164557,0.,42.2040872571069));
#2282=CARTESIAN_POINT('Ctrl Pts',(-88.3134054164557,3.,42.2040872571069));
#2283=CARTESIAN_POINT('',(-87.5765632609991,0.,43.193562507351));
#2284=CARTESIAN_POINT('Ctrl Pts',(-88.3134054164557,0.,42.2040872571069));
#2285=CARTESIAN_POINT('Ctrl Pts',(-87.5765632609991,0.,42.7514557835656));
#2286=CARTESIAN_POINT('Ctrl Pts',(-87.5765632609991,0.,43.193562507351));
#2287=CARTESIAN_POINT('',(-87.5765632609991,3.,43.193562507351));
#2288=CARTESIAN_POINT('Ctrl Pts',(-87.5765632609991,3.,43.193562507351));
#2289=CARTESIAN_POINT('Ctrl Pts',(-87.5765632609991,3.,42.7514557835656));
#2290=CARTESIAN_POINT('Ctrl Pts',(-88.3134054164557,3.,42.2040872571069));
#2291=CARTESIAN_POINT('',(-87.5765632609991,0.,43.193562507351));
#2292=CARTESIAN_POINT('Ctrl Pts',(-89.176564119306,0.,44.561982631405));
#2293=CARTESIAN_POINT('Ctrl Pts',(-89.176564119306,3.,44.561982631405));
#2294=CARTESIAN_POINT('Ctrl Pts',(-87.5765632609991,0.,43.7830333706933));
#2295=CARTESIAN_POINT('Ctrl Pts',(-87.5765632609991,3.,43.7830333706933));
#2296=CARTESIAN_POINT('Ctrl Pts',(-87.5765632609991,0.,43.193562507351));
#2297=CARTESIAN_POINT('Ctrl Pts',(-87.5765632609991,3.,43.193562507351));
#2298=CARTESIAN_POINT('',(-89.176564119306,0.,44.561982631405));
#2299=CARTESIAN_POINT('Ctrl Pts',(-87.5765632609991,0.,43.193562507351));
#2300=CARTESIAN_POINT('Ctrl Pts',(-87.5765632609991,0.,43.7830333706933));
#2301=CARTESIAN_POINT('Ctrl Pts',(-89.176564119306,0.,44.561982631405));
#2302=CARTESIAN_POINT('',(-89.176564119306,3.,44.561982631405));
#2303=CARTESIAN_POINT('Ctrl Pts',(-89.176564119306,3.,44.561982631405));
#2304=CARTESIAN_POINT('Ctrl Pts',(-87.5765632609991,3.,43.7830333706933));
#2305=CARTESIAN_POINT('Ctrl Pts',(-87.5765632609991,3.,43.193562507351));
#2306=CARTESIAN_POINT('',(-89.176564119306,0.,44.561982631405));
#2307=CARTESIAN_POINT('Ctrl Pts',(-91.7660378436712,0.,45.3409295079308));
#2308=CARTESIAN_POINT('Ctrl Pts',(-91.7660378436712,3.,45.3409295079308));
#2309=CARTESIAN_POINT('Ctrl Pts',(-90.7765649776129,0.,45.3409295079308));
#2310=CARTESIAN_POINT('Ctrl Pts',(-90.7765649776129,3.,45.3409295079308));
#2311=CARTESIAN_POINT('Ctrl Pts',(-89.176564119306,0.,44.561982631405));
#2312=CARTESIAN_POINT('Ctrl Pts',(-89.176564119306,3.,44.561982631405));
#2313=CARTESIAN_POINT('',(-91.7660378436712,0.,45.3409295079308));
#2314=CARTESIAN_POINT('Ctrl Pts',(-89.176564119306,0.,44.561982631405));
#2315=CARTESIAN_POINT('Ctrl Pts',(-90.7765649776129,0.,45.3409295079308));
#2316=CARTESIAN_POINT('Ctrl Pts',(-91.7660378436712,0.,45.3409295079308));
#2317=CARTESIAN_POINT('',(-91.7660378436712,3.,45.3409295079308));
#2318=CARTESIAN_POINT('Ctrl Pts',(-91.7660378436712,3.,45.3409295079308));
#2319=CARTESIAN_POINT('Ctrl Pts',(-90.7765649776129,3.,45.3409295079308));
#2320=CARTESIAN_POINT('Ctrl Pts',(-89.176564119306,3.,44.561982631405));
#2321=CARTESIAN_POINT('',(-91.7660378436712,0.,45.3409295079308));
#2322=CARTESIAN_POINT('Ctrl Pts',(-93.1555103282599,0.,44.5725088116723));
#2323=CARTESIAN_POINT('Ctrl Pts',(-93.1555103282599,3.,44.5725088116723));
#2324=CARTESIAN_POINT('Ctrl Pts',(-92.5660370807318,0.,45.3409295079308));
#2325=CARTESIAN_POINT('Ctrl Pts',(-92.5660370807318,3.,45.3409295079308));
#2326=CARTESIAN_POINT('Ctrl Pts',(-91.7660378436712,0.,45.3409295079308));
#2327=CARTESIAN_POINT('Ctrl Pts',(-91.7660378436712,3.,45.3409295079308));
#2328=CARTESIAN_POINT('',(-93.1555103282599,0.,44.5725088116723));
#2329=CARTESIAN_POINT('Ctrl Pts',(-91.7660378436712,0.,45.3409295079308));
#2330=CARTESIAN_POINT('Ctrl Pts',(-92.5660370807318,0.,45.3409295079308));
#2331=CARTESIAN_POINT('Ctrl Pts',(-93.1555103282599,0.,44.5725088116723));
#2332=CARTESIAN_POINT('',(-93.1555103282599,3.,44.5725088116723));
#2333=CARTESIAN_POINT('Ctrl Pts',(-93.1555103282599,3.,44.5725088116723));
#2334=CARTESIAN_POINT('Ctrl Pts',(-92.5660370807318,3.,45.3409295079308));
#2335=CARTESIAN_POINT('Ctrl Pts',(-91.7660378436712,3.,45.3409295079308));
#2336=CARTESIAN_POINT('',(-93.1555103282599,0.,44.5725088116723));
#2337=CARTESIAN_POINT('Ctrl Pts',(-93.7449859599737,0.,42.7093510624963));
#2338=CARTESIAN_POINT('Ctrl Pts',(-93.7449859599737,3.,42.7093510624963));
#2339=CARTESIAN_POINT('Ctrl Pts',(-93.7449859599737,0.,43.804085731228));
#2340=CARTESIAN_POINT('Ctrl Pts',(-93.7449859599737,3.,43.804085731228));
#2341=CARTESIAN_POINT('Ctrl Pts',(-93.1555103282599,0.,44.5725088116723));
#2342=CARTESIAN_POINT('Ctrl Pts',(-93.1555103282599,3.,44.5725088116723));
#2343=CARTESIAN_POINT('',(-93.7449859599737,0.,42.7093510624963));
#2344=CARTESIAN_POINT('Ctrl Pts',(-93.1555103282599,0.,44.5725088116723));
#2345=CARTESIAN_POINT('Ctrl Pts',(-93.7449859599737,0.,43.804085731228));
#2346=CARTESIAN_POINT('Ctrl Pts',(-93.7449859599737,0.,42.7093510624963));
#2347=CARTESIAN_POINT('',(-93.7449859599737,3.,42.7093510624963));
#2348=CARTESIAN_POINT('Ctrl Pts',(-93.7449859599737,3.,42.7093510624963));
#2349=CARTESIAN_POINT('Ctrl Pts',(-93.7449859599737,3.,43.804085731228));
#2350=CARTESIAN_POINT('Ctrl Pts',(-93.1555103282599,3.,44.5725088116723));
#2351=CARTESIAN_POINT('',(-93.7449859599737,0.,42.7093510624963));
#2352=CARTESIAN_POINT('Ctrl Pts',(-90.3660367946295,0.,36.2146143910485));
#2353=CARTESIAN_POINT('Ctrl Pts',(-90.3660367946295,3.,36.2146143910485));
#2354=CARTESIAN_POINT('Ctrl Pts',(-93.7449859599737,0.,39.1935615536767));
#2355=CARTESIAN_POINT('Ctrl Pts',(-93.7449859599737,3.,39.1935615536767));
#2356=CARTESIAN_POINT('Ctrl Pts',(-93.7449859599737,0.,42.7093510624963));
#2357=CARTESIAN_POINT('Ctrl Pts',(-93.7449859599737,3.,42.7093510624963));
#2358=CARTESIAN_POINT('',(-90.3660367946295,0.,36.2146143910485));
#2359=CARTESIAN_POINT('Ctrl Pts',(-93.7449859599737,0.,42.7093510624963));
#2360=CARTESIAN_POINT('Ctrl Pts',(-93.7449859599737,0.,39.1935615536767));
#2361=CARTESIAN_POINT('Ctrl Pts',(-90.3660367946295,0.,36.2146143910485));
#2362=CARTESIAN_POINT('',(-90.3660367946295,3.,36.2146143910485));
#2363=CARTESIAN_POINT('Ctrl Pts',(-90.3660367946295,3.,36.2146143910485));
#2364=CARTESIAN_POINT('Ctrl Pts',(-93.7449859599737,3.,39.1935615536767));
#2365=CARTESIAN_POINT('Ctrl Pts',(-93.7449859599737,3.,42.7093510624963));
#2366=CARTESIAN_POINT('',(-90.3660367946295,0.,36.2146143910485));
#2367=CARTESIAN_POINT('Ctrl Pts',(-82.9239319781927,0.,33.2356672284203));
#2368=CARTESIAN_POINT('Ctrl Pts',(-82.9239319781927,3.,33.2356672284203));
#2369=CARTESIAN_POINT('Ctrl Pts',(-86.987090013471,0.,33.2356672284203));
#2370=CARTESIAN_POINT('Ctrl Pts',(-86.987090013471,3.,33.2356672284203));
#2371=CARTESIAN_POINT('Ctrl Pts',(-90.3660367946295,0.,36.2146143910485));
#2372=CARTESIAN_POINT('Ctrl Pts',(-90.3660367946295,3.,36.2146143910485));
#2373=CARTESIAN_POINT('',(-82.9239319781927,0.,33.2356672284203));
#2374=CARTESIAN_POINT('Ctrl Pts',(-90.3660367946295,0.,36.2146143910485));
#2375=CARTESIAN_POINT('Ctrl Pts',(-86.987090013471,0.,33.2356672284203));
#2376=CARTESIAN_POINT('Ctrl Pts',(-82.9239319781927,0.,33.2356672284203));
#2377=CARTESIAN_POINT('',(-82.9239319781927,3.,33.2356672284203));
#2378=CARTESIAN_POINT('Ctrl Pts',(-82.9239319781927,3.,33.2356672284203));
#2379=CARTESIAN_POINT('Ctrl Pts',(-86.987090013471,3.,33.2356672284203));
#2380=CARTESIAN_POINT('Ctrl Pts',(-90.3660367946295,3.,36.2146143910485));
#2381=CARTESIAN_POINT('',(-82.9239319781927,0.,33.2356672284203));
#2382=CARTESIAN_POINT('Ctrl Pts',(-77.4186681728033,0.,35.2672462460595));
#2383=CARTESIAN_POINT('Ctrl Pts',(-77.4186681728033,3.,35.2672462460595));
#2384=CARTESIAN_POINT('Ctrl Pts',(-79.5765661220221,0.,33.2356672284203));
#2385=CARTESIAN_POINT('Ctrl Pts',(-79.5765661220221,3.,33.2356672284203));
#2386=CARTESIAN_POINT('Ctrl Pts',(-82.9239319781927,0.,33.2356672284203));
#2387=CARTESIAN_POINT('Ctrl Pts',(-82.9239319781927,3.,33.2356672284203));
#2388=CARTESIAN_POINT('',(-77.4186681728033,0.,35.2672462460595));
#2389=CARTESIAN_POINT('Ctrl Pts',(-82.9239319781927,0.,33.2356672284203));
#2390=CARTESIAN_POINT('Ctrl Pts',(-79.5765661220221,0.,33.2356672284203));
#2391=CARTESIAN_POINT('Ctrl Pts',(-77.4186681728033,0.,35.2672462460595));
#2392=CARTESIAN_POINT('',(-77.4186681728033,3.,35.2672462460595));
#2393=CARTESIAN_POINT('Ctrl Pts',(-77.4186681728033,3.,35.2672462460595));
#2394=CARTESIAN_POINT('Ctrl Pts',(-79.5765661220221,3.,33.2356672284203));
#2395=CARTESIAN_POINT('Ctrl Pts',(-82.9239319781927,3.,33.2356672284203));
#2396=CARTESIAN_POINT('',(-77.4186681728033,0.,35.2672462460595));
#2397=CARTESIAN_POINT('Ctrl Pts',(-75.3721813551623,0.,39.0672175756648));
#2398=CARTESIAN_POINT('Ctrl Pts',(-75.3721813551623,3.,39.0672175756648));
#2399=CARTESIAN_POINT('Ctrl Pts',(-75.7510903764966,0.,36.8372074495001));
#2400=CARTESIAN_POINT('Ctrl Pts',(-75.7510903764966,3.,36.8372074495001));
#2401=CARTESIAN_POINT('Ctrl Pts',(-77.4186681728033,0.,35.2672462460595));
#2402=CARTESIAN_POINT('Ctrl Pts',(-77.4186681728033,3.,35.2672462460595));
#2403=CARTESIAN_POINT('',(-75.3721813551623,0.,39.0672175756648));
#2404=CARTESIAN_POINT('Ctrl Pts',(-77.4186681728033,0.,35.2672462460595));
#2405=CARTESIAN_POINT('Ctrl Pts',(-75.7510903764966,0.,36.8372074495002));
#2406=CARTESIAN_POINT('Ctrl Pts',(-75.3721813551623,0.,39.0672175756648));
#2407=CARTESIAN_POINT('',(-75.3721813551623,3.,39.0672175756648));
#2408=CARTESIAN_POINT('Ctrl Pts',(-75.3721813551623,3.,39.0672175756648));
#2409=CARTESIAN_POINT('Ctrl Pts',(-75.7510903764966,3.,36.8372074495002));
#2410=CARTESIAN_POINT('Ctrl Pts',(-77.4186681728033,3.,35.2672462460595));
#2411=CARTESIAN_POINT('',(-75.3721813551623,0.,39.0672175756648));
#2412=CARTESIAN_POINT('Ctrl Pts',(-72.8839550291737,0.,35.7261849620879));
#2413=CARTESIAN_POINT('Ctrl Pts',(-72.8839550291737,3.,35.7261849620879));
#2414=CARTESIAN_POINT('Ctrl Pts',(-74.4852382884451,0.,37.2992914151556));
#2415=CARTESIAN_POINT('Ctrl Pts',(-74.4852382884451,3.,37.2992914151556));
#2416=CARTESIAN_POINT('Ctrl Pts',(-75.3721813551623,0.,39.0672175756648));
#2417=CARTESIAN_POINT('Ctrl Pts',(-75.3721813551623,3.,39.0672175756648));
#2418=CARTESIAN_POINT('Ctrl Pts',(-75.3721813551623,0.,39.0672175756648));
#2419=CARTESIAN_POINT('Ctrl Pts',(-74.4852382884451,0.,37.2992914151556));
#2420=CARTESIAN_POINT('Ctrl Pts',(-72.8839550291737,0.,35.7261849620879));
#2421=CARTESIAN_POINT('Ctrl Pts',(-72.8839550291737,3.,35.7261849620879));
#2422=CARTESIAN_POINT('Ctrl Pts',(-74.4852382884451,3.,37.2992914151556));
#2423=CARTESIAN_POINT('Ctrl Pts',(-75.3721813551623,3.,39.0672175756648));
#2424=CARTESIAN_POINT('Origin',(-76.6776268132383,3.,47.9388204205105));
#2425=CARTESIAN_POINT('Origin',(-76.6776268132383,0.,47.9388204205105));
#2426=UNCERTAINTY_MEASURE_WITH_UNIT(LENGTH_MEASURE(0.01),#2430,
'DISTANCE_ACCURACY_VALUE',
'Maximum model space distance between geometric entities at asserted c
onnectivities');
#2427=UNCERTAINTY_MEASURE_WITH_UNIT(LENGTH_MEASURE(0.01),#2430,
'DISTANCE_ACCURACY_VALUE',
'Maximum model space distance between geometric entities at asserted c
onnectivities');
#2428=(
GEOMETRIC_REPRESENTATION_CONTEXT(3)
GLOBAL_UNCERTAINTY_ASSIGNED_CONTEXT((#2426))
GLOBAL_UNIT_ASSIGNED_CONTEXT((#2430,#2432,#2433))
REPRESENTATION_CONTEXT('','3D')
);
#2429=(
GEOMETRIC_REPRESENTATION_CONTEXT(3)
GLOBAL_UNCERTAINTY_ASSIGNED_CONTEXT((#2427))
GLOBAL_UNIT_ASSIGNED_CONTEXT((#2430,#2432,#2433))
REPRESENTATION_CONTEXT('','3D')
);
#2430=(
LENGTH_UNIT()
NAMED_UNIT(*)
SI_UNIT(.MILLI.,.METRE.)
);
#2431=(
LENGTH_UNIT()
NAMED_UNIT(*)
SI_UNIT($,.METRE.)
);
#2432=(
NAMED_UNIT(*)
PLANE_ANGLE_UNIT()
SI_UNIT($,.RADIAN.)
);
#2433=(
NAMED_UNIT(*)
SI_UNIT($,.STERADIAN.)
SOLID_ANGLE_UNIT()
);
#2434=SHAPE_DEFINITION_REPRESENTATION(#2435,#2436);
#2435=PRODUCT_DEFINITION_SHAPE('',$,#2438);
#2436=SHAPE_REPRESENTATION('',(#1330),#2428);
#2437=PRODUCT_DEFINITION_CONTEXT('part definition',#2442,'design');
#2438=PRODUCT_DEFINITION('anniv_lea_2','anniv_lea_2 v12',#2439,#2437);
#2439=PRODUCT_DEFINITION_FORMATION('',$,#2444);
#2440=PRODUCT_RELATED_PRODUCT_CATEGORY('anniv_lea_2 v12',
'anniv_lea_2 v12',(#2444));
#2441=APPLICATION_PROTOCOL_DEFINITION('international standard',
'automotive_design',2009,#2442);
#2442=APPLICATION_CONTEXT(
'Core Data for Automotive Mechanical Design Process');
#2443=PRODUCT_CONTEXT('part definition',#2442,'mechanical');
#2444=PRODUCT('anniv_lea_2','anniv_lea_2 v12',$,(#2443));
#2445=PRESENTATION_STYLE_ASSIGNMENT((#2448));
#2446=PRESENTATION_STYLE_ASSIGNMENT((#2449));
#2447=PRESENTATION_STYLE_ASSIGNMENT((#2450));
#2448=SURFACE_STYLE_USAGE(.BOTH.,#2451);
#2449=SURFACE_STYLE_USAGE(.BOTH.,#2452);
#2450=SURFACE_STYLE_USAGE(.BOTH.,#2453);
#2451=SURFACE_SIDE_STYLE('',(#2454));
#2452=SURFACE_SIDE_STYLE('',(#2455));
#2453=SURFACE_SIDE_STYLE('',(#2456));
#2454=SURFACE_STYLE_FILL_AREA(#2457);
#2455=SURFACE_STYLE_FILL_AREA(#2458);
#2456=SURFACE_STYLE_FILL_AREA(#2459);
#2457=FILL_AREA_STYLE('Acier - Satin\X\E9',(#2460));
#2458=FILL_AREA_STYLE('blanc',(#2461));
#2459=FILL_AREA_STYLE('dor\X\E9',(#2462));
#2460=FILL_AREA_STYLE_COLOUR('Acier - Satin\X\E9',#2463);
#2461=FILL_AREA_STYLE_COLOUR('blanc',#2464);
#2462=FILL_AREA_STYLE_COLOUR('dor\X\E9',#2465);
#2463=COLOUR_RGB('Acier - Satin\X\E9',0.627450980392157,0.627450980392157,
0.627450980392157);
#2464=COLOUR_RGB('blanc',1.,1.,1.);
#2465=COLOUR_RGB('dor\X\E9',0.87843137254902,0.831372549019608,0.662745098039216);
ENDSEC;
END-ISO-10303-21;
