ISO-10303-21;
HEADER;
/* Generated by software containing ST-Developer
 * from STEP Tools, Inc. (www.steptools.com) 
 */

FILE_DESCRIPTION(
/* description */ (''),
/* implementation_level */ '2;1');

FILE_NAME(
/* name */ 'boite_bilou.step',
/* time_stamp */ '2025-11-19T15:32:44+01:00',
/* author */ (''),
/* organization */ (''),
/* preprocessor_version */ 'ST-DEVELOPER v20.1',
/* originating_system */ 'Autodesk Translation Framework v14.21.0.0',
/* authorisation */ '');

FILE_SCHEMA (('AUTOMOTIVE_DESIGN { 1 0 10303 214 3 1 1 }'));
ENDSEC;

DATA;
#10=MECHANICAL_DESIGN_GEOMETRIC_PRESENTATION_REPRESENTATION('',(#41,#42),
#3811);
#11=SHAPE_REPRESENTATION_RELATIONSHIP('SRR','None',#3818,#12);
#12=ADVANCED_BREP_SHAPE_REPRESENTATION('',(#43,#44),#3810);
#13=B_SPLINE_SURFACE_WITH_KNOTS('',3,3,((#2370,#2371,#2372,#2373,#2374,
#2375,#2376,#2377,#2378,#2379,#2380,#2381,#2382,#2383,#2384,#2385,#2386,
#2387,#2388,#2389,#2390,#2391,#2392,#2393,#2394,#2395,#2396,#2397,#2398,
#2399,#2400,#2401,#2402,#2403,#2404,#2405,#2406,#2407,#2408,#2409,#2410,
#2411,#2412,#2413,#2414,#2415,#2416,#2417,#2418,#2419,#2420,#2421,#2422,
#2423,#2424,#2425,#2426,#2427,#2428,#2429,#2430,#2431,#2432,#2433,#2434,
#2435,#2436,#2437,#2438,#2439,#2440,#2441,#2442,#2443,#2444,#2445,#2446,
#2447,#2448,#2449,#2450,#2451,#2452,#2453,#2454,#2455,#2456,#2457,#2458,
#2459,#2460,#2461,#2462,#2463),(#2464,#2465,#2466,#2467,#2468,#2469,#2470,
#2471,#2472,#2473,#2474,#2475,#2476,#2477,#2478,#2479,#2480,#2481,#2482,
#2483,#2484,#2485,#2486,#2487,#2488,#2489,#2490,#2491,#2492,#2493,#2494,
#2495,#2496,#2497,#2498,#2499,#2500,#2501,#2502,#2503,#2504,#2505,#2506,
#2507,#2508,#2509,#2510,#2511,#2512,#2513,#2514,#2515,#2516,#2517,#2518,
#2519,#2520,#2521,#2522,#2523,#2524,#2525,#2526,#2527,#2528,#2529,#2530,
#2531,#2532,#2533,#2534,#2535,#2536,#2537,#2538,#2539,#2540,#2541,#2542,
#2543,#2544,#2545,#2546,#2547,#2548,#2549,#2550,#2551,#2552,#2553,#2554,
#2555,#2556,#2557),(#2558,#2559,#2560,#2561,#2562,#2563,#2564,#2565,#2566,
#2567,#2568,#2569,#2570,#2571,#2572,#2573,#2574,#2575,#2576,#2577,#2578,
#2579,#2580,#2581,#2582,#2583,#2584,#2585,#2586,#2587,#2588,#2589,#2590,
#2591,#2592,#2593,#2594,#2595,#2596,#2597,#2598,#2599,#2600,#2601,#2602,
#2603,#2604,#2605,#2606,#2607,#2608,#2609,#2610,#2611,#2612,#2613,#2614,
#2615,#2616,#2617,#2618,#2619,#2620,#2621,#2622,#2623,#2624,#2625,#2626,
#2627,#2628,#2629,#2630,#2631,#2632,#2633,#2634,#2635,#2636,#2637,#2638,
#2639,#2640,#2641,#2642,#2643,#2644,#2645,#2646,#2647,#2648,#2649,#2650,
#2651),(#2652,#2653,#2654,#2655,#2656,#2657,#2658,#2659,#2660,#2661,#2662,
#2663,#2664,#2665,#2666,#2667,#2668,#2669,#2670,#2671,#2672,#2673,#2674,
#2675,#2676,#2677,#2678,#2679,#2680,#2681,#2682,#2683,#2684,#2685,#2686,
#2687,#2688,#2689,#2690,#2691,#2692,#2693,#2694,#2695,#2696,#2697,#2698,
#2699,#2700,#2701,#2702,#2703,#2704,#2705,#2706,#2707,#2708,#2709,#2710,
#2711,#2712,#2713,#2714,#2715,#2716,#2717,#2718,#2719,#2720,#2721,#2722,
#2723,#2724,#2725,#2726,#2727,#2728,#2729,#2730,#2731,#2732,#2733,#2734,
#2735,#2736,#2737,#2738,#2739,#2740,#2741,#2742,#2743,#2744,#2745)),
 .UNSPECIFIED.,.F.,.F.,.F.,(4,4),(4,1,1,1,1,1,1,1,1,1,1,1,1,1,1,1,1,1,1,
1,1,1,1,1,1,1,1,1,1,1,1,1,1,1,1,1,1,1,1,1,1,1,1,1,1,1,1,1,1,1,1,1,1,1,1,
1,1,1,1,1,1,1,1,1,1,1,1,1,1,1,1,1,1,1,1,1,1,1,1,1,1,1,1,1,1,1,1,1,1,1,1,
4),(-0.00308598074727652,0.0425530764852646),(10.9966223649598,11.5372893509859,
12.077956337012,12.6186233230381,13.1592903090642,13.6999572950903,14.2406242811164,
14.7812912671425,15.3219582531686,15.8626252391947,16.4032922252208,16.9439592112469,
17.484626197273,18.0252931832991,18.5659601693252,19.1066271553513,19.6472941413773,
20.3681834560788,21.0890727707803,21.8099620854817,22.5308514001832,23.2517407148846,
23.9726300295861,24.6935193442876,25.414408658989,26.1352979736905,26.8561872883919,
27.5770766030934,28.2979659177949,29.0188552324963,29.7397445471978,30.4606338618992,
31.1815231766007,31.9024124913022,32.6233018060036,33.3441911207051,34.0650804354065,
34.785969750108,35.5068590648094,36.2277483795109,36.9486376942124,37.6695270089138,
38.3904163236153,39.1113056383167,39.8321949530182,40.3127878294858,41.2739735824211,
41.9948628971226,42.715752211824,43.4366415265255,44.157530841227,44.8784201559284,
45.5993094706299,46.3201987853313,47.0410881000328,47.7619774147343,48.4828667294357,
49.2037560441372,49.9246453588386,50.6455346735401,51.3664239882416,52.087313302943,
52.8082026176445,53.5290919323459,54.2499812470474,54.9708705617488,55.6917598764503,
56.4126491911518,57.1335385058532,57.8544278205547,58.5753171352561,59.2962064499576,
60.0170957646591,60.9782815175943,61.9394672705296,62.9006530234649,63.441320009491,
63.9819869955171,64.5226539815432,65.0633209675693,65.6039879535954,66.1446549396215,
66.6853219256476,67.2259889116737,67.7666558976997,68.3073228837258,68.8479898697519,
69.388656855778,69.9293238418041,70.4699908278302,71.0106578138563,71.5513247998824),
 .UNSPECIFIED.);
#14=B_SPLINE_SURFACE_WITH_KNOTS('',3,3,((#3231,#3232,#3233,#3234,#3235,
#3236,#3237,#3238,#3239,#3240,#3241,#3242,#3243,#3244,#3245,#3246,#3247,
#3248,#3249,#3250,#3251,#3252,#3253,#3254,#3255,#3256,#3257,#3258,#3259,
#3260,#3261,#3262,#3263,#3264,#3265,#3266,#3267,#3268,#3269,#3270,#3271,
#3272,#3273,#3274,#3275,#3276,#3277,#3278,#3279,#3280,#3281,#3282,#3283,
#3284,#3285,#3286,#3287,#3288,#3289,#3290,#3291,#3292,#3293,#3294,#3295,
#3296,#3297,#3298,#3299,#3300,#3301,#3302,#3303,#3304,#3305,#3306,#3307,
#3308,#3309,#3310,#3311,#3312,#3313,#3314,#3315,#3316,#3317,#3318,#3319,
#3320,#3321),(#3322,#3323,#3324,#3325,#3326,#3327,#3328,#3329,#3330,#3331,
#3332,#3333,#3334,#3335,#3336,#3337,#3338,#3339,#3340,#3341,#3342,#3343,
#3344,#3345,#3346,#3347,#3348,#3349,#3350,#3351,#3352,#3353,#3354,#3355,
#3356,#3357,#3358,#3359,#3360,#3361,#3362,#3363,#3364,#3365,#3366,#3367,
#3368,#3369,#3370,#3371,#3372,#3373,#3374,#3375,#3376,#3377,#3378,#3379,
#3380,#3381,#3382,#3383,#3384,#3385,#3386,#3387,#3388,#3389,#3390,#3391,
#3392,#3393,#3394,#3395,#3396,#3397,#3398,#3399,#3400,#3401,#3402,#3403,
#3404,#3405,#3406,#3407,#3408,#3409,#3410,#3411,#3412),(#3413,#3414,#3415,
#3416,#3417,#3418,#3419,#3420,#3421,#3422,#3423,#3424,#3425,#3426,#3427,
#3428,#3429,#3430,#3431,#3432,#3433,#3434,#3435,#3436,#3437,#3438,#3439,
#3440,#3441,#3442,#3443,#3444,#3445,#3446,#3447,#3448,#3449,#3450,#3451,
#3452,#3453,#3454,#3455,#3456,#3457,#3458,#3459,#3460,#3461,#3462,#3463,
#3464,#3465,#3466,#3467,#3468,#3469,#3470,#3471,#3472,#3473,#3474,#3475,
#3476,#3477,#3478,#3479,#3480,#3481,#3482,#3483,#3484,#3485,#3486,#3487,
#3488,#3489,#3490,#3491,#3492,#3493,#3494,#3495,#3496,#3497,#3498,#3499,
#3500,#3501,#3502,#3503),(#3504,#3505,#3506,#3507,#3508,#3509,#3510,#3511,
#3512,#3513,#3514,#3515,#3516,#3517,#3518,#3519,#3520,#3521,#3522,#3523,
#3524,#3525,#3526,#3527,#3528,#3529,#3530,#3531,#3532,#3533,#3534,#3535,
#3536,#3537,#3538,#3539,#3540,#3541,#3542,#3543,#3544,#3545,#3546,#3547,
#3548,#3549,#3550,#3551,#3552,#3553,#3554,#3555,#3556,#3557,#3558,#3559,
#3560,#3561,#3562,#3563,#3564,#3565,#3566,#3567,#3568,#3569,#3570,#3571,
#3572,#3573,#3574,#3575,#3576,#3577,#3578,#3579,#3580,#3581,#3582,#3583,
#3584,#3585,#3586,#3587,#3588,#3589,#3590,#3591,#3592,#3593,#3594)),
 .UNSPECIFIED.,.F.,.F.,.F.,(4,4),(4,1,1,1,1,1,1,1,1,1,1,1,1,1,1,1,1,1,1,
1,1,1,1,1,1,1,1,1,1,1,1,1,1,1,1,1,1,1,1,1,1,1,1,1,1,1,1,1,1,1,1,1,1,1,1,
1,1,1,1,1,1,1,1,1,1,1,1,1,1,1,1,1,1,1,1,1,1,1,1,1,1,1,1,1,1,1,1,1,4),(0.00577114104590724,
0.0514101982784482),(15.3660719494352,15.9067389354613,16.4474059214874,
16.9880729075135,17.5287398935396,18.0694068795657,18.6100738655918,19.1507408516179,
19.691407837644,20.2320748236701,20.7727418096962,21.3134087957222,21.8540757817483,
22.3947427677744,22.9354097538005,23.4760767398266,24.0167437258527,24.977929478788,
25.9391152317233,26.9003009846586,27.62119029936,28.3420796140615,29.0629689287629,
29.7838582434644,30.5047475581659,31.2256368728673,31.9465261875688,32.6674155022702,
33.6286012552055,34.5897870081408,35.5509727610761,36.5121585140113,37.4733442669466,
38.4345300198819,39.1554193345834,39.8763086492848,40.5971979639863,41.3180872786877,
42.0389765933892,42.7598659080907,43.4807552227921,44.2016445374936,44.922533852195,
45.6434231668965,46.364312481598,47.0852017962994,47.8060911110009,48.5269804257023,
49.2478697404038,49.9687590551053,50.6896483698067,51.4105376845082,52.1314269992096,
52.8523163139111,53.5732056286126,54.294094943314,54.7746878197817,55.7358735727169,
56.4567628874184,57.1776522021199,57.8985415168213,58.6194308315228,59.3403201462242,
60.0612094609257,60.7820987756271,61.5029880903286,62.2238774050301,62.9447667197315,
63.665656034433,64.3865453491345,65.3477311020697,66.308916855005,67.2701026079403,
67.8107695939664,68.3514365799925,68.8921035660186,69.4327705520447,69.9734375380708,
70.5141045240969,71.0547715101229,71.595438496149,72.1361054821751,72.6767724682012,
73.2174394542273,73.7581064402534,74.2987734262795,74.8394404123056,75.3801073983317,
75.9207743843578),.UNSPECIFIED.);
#15=B_SPLINE_CURVE_WITH_KNOTS('',3,(#1809,#1810,#1811,#1812,#1813,#1814,
#1815,#1816,#1817,#1818,#1819,#1820,#1821),.UNSPECIFIED.,.F.,.F.,(4,3,3,
3,4),(2.07814895913621,2.16784249102114,2.3610251593539,2.55420782768665,
2.70462164648079),.UNSPECIFIED.);
#16=B_SPLINE_CURVE_WITH_KNOTS('',3,(#1827,#1828,#1829,#1830,#1831,#1832,
#1833,#1834,#1835,#1836,#1837,#1838,#1839,#1840,#1841,#1842,#1843,#1844,
#1845,#1846,#1847,#1848,#1849,#1850,#1851,#1852,#1853,#1854,#1855,#1856,
#1857,#1858,#1859,#1860),.UNSPECIFIED.,.F.,.F.,(4,3,3,3,3,3,3,3,3,3,3,4),
(21.0400530665441,21.10093604556,21.2941334241054,21.4873308026508,21.6805281811963,
21.8737255597417,22.0669229382871,22.2601203168325,22.4533176953779,22.6465150739233,
22.8397124524687,23.0329098309949),.UNSPECIFIED.);
#17=B_SPLINE_CURVE_WITH_KNOTS('',3,(#1862,#1863,#1864,#1865,#1866,#1867,
#1868,#1869,#1870,#1871,#1872,#1873,#1874,#1875,#1876,#1877,#1878,#1879,
#1880,#1881,#1882,#1883,#1884,#1885,#1886,#1887,#1888,#1889,#1890,#1891,
#1892,#1893,#1894,#1895,#1896,#1897,#1898),.UNSPECIFIED.,.F.,.F.,(4,3,3,
3,3,3,3,3,3,3,3,3,4),(2.70462164648079,2.74739382208302,2.94059151391654,
3.13378920575006,3.32698689758357,3.52018458941709,3.71338228125061,3.90657997308413,
4.09977766491765,4.29297535675117,4.48617304858469,4.82963561184427,4.9498057059771),
 .UNSPECIFIED.);
#18=B_SPLINE_CURVE_WITH_KNOTS('',3,(#1903,#1904,#1905,#1906,#1907,#1908,
#1909,#1910,#1911,#1912,#1913,#1914,#1915,#1916,#1917,#1918,#1919,#1920,
#1921,#1922,#1923,#1924,#1925,#1926,#1927,#1928,#1929,#1930,#1931,#1932,
#1933),.UNSPECIFIED.,.F.,.F.,(4,3,3,3,3,3,3,3,3,3,4),(18.7949334779057,
18.9114234297509,19.2548761303397,19.5983288309286,19.9417815315174,20.1349736755986,
20.3281658196798,20.521357963761,20.7145501078422,20.9077422519234,21.0400530665441),
 .UNSPECIFIED.);
#19=B_SPLINE_CURVE_WITH_KNOTS('',3,(#1934,#1935,#1936,#1937,#1938,#1939,
#1940,#1941,#1942,#1943,#1944,#1945,#1946,#1947,#1948,#1949,#1950,#1951,
#1952,#1953,#1954,#1955,#1956,#1957,#1958,#1959,#1960,#1961),
 .UNSPECIFIED.,.F.,.F.,(4,3,3,3,3,3,3,3,3,4),(4.9498057059771,5.17309775422089,
5.51655967008944,5.77415610699085,6.03175254389226,6.28934898079368,6.54694541769509,
6.8045418545965,7.06213829149791,7.19498553364087),.UNSPECIFIED.);
#20=B_SPLINE_CURVE_WITH_KNOTS('',3,(#1966,#1967,#1968,#1969,#1970,#1971,
#1972,#1973,#1974,#1975,#1976,#1977,#1978,#1979,#1980,#1981,#1982,#1983,
#1984,#1985,#1986,#1987,#1988,#1989,#1990,#1991,#1992,#1993,#1994,#1995,
#1996),.UNSPECIFIED.,.F.,.F.,(4,3,3,3,3,3,3,3,3,3,4),(16.5498103356649,
16.5931142157421,16.8507041488964,17.1082940820508,17.3658840152051,17.6234739483595,
17.8810638815138,18.1386538146682,18.3962437478225,18.6538336809769,18.7949334779057),
 .UNSPECIFIED.);
#21=B_SPLINE_CURVE_WITH_KNOTS('',3,(#1997,#1998,#1999,#2000,#2001,#2002,
#2003,#2004,#2005,#2006,#2007,#2008,#2009,#2010,#2011,#2012,#2013,#2014,
#2015,#2016,#2017,#2018,#2019,#2020,#2021,#2022,#2023,#2024,#2025,#2026,
#2027),.UNSPECIFIED.,.F.,.F.,(4,3,3,3,3,3,3,3,3,3,4),(7.19498553364087,
7.31973391871469,7.57732868368647,7.83492344865824,8.09251821363001,8.35011297860179,
8.60770774357356,8.95116743020259,9.12289727351711,9.38049203848888,9.44015078924962),
 .UNSPECIFIED.);
#22=B_SPLINE_CURVE_WITH_KNOTS('',3,(#2032,#2033,#2034,#2035,#2036,#2037,
#2038,#2039,#2040,#2041,#2042,#2043,#2044,#2045,#2046,#2047,#2048,#2049,
#2050,#2051,#2052,#2053,#2054,#2055,#2056,#2057,#2058,#2059),
 .UNSPECIFIED.,.F.,.F.,(4,3,3,3,3,3,3,3,3,4),(14.3046566721153,14.5323673247367,
14.7899607596992,15.0475541946618,15.3051476296243,15.5627410645868,15.8203344995494,
16.0779279345119,16.3355213694744,16.5498103356649),.UNSPECIFIED.);
#23=B_SPLINE_CURVE_WITH_KNOTS('',3,(#2060,#2061,#2062,#2063,#2064,#2065,
#2066,#2067,#2068,#2069,#2070,#2071,#2072,#2073,#2074,#2075,#2076,#2077,
#2078,#2079,#2080,#2081,#2082,#2083,#2084,#2085,#2086,#2087),
 .UNSPECIFIED.,.F.,.F.,(4,3,3,3,3,3,3,3,3,4),(9.44015078924962,9.63808459556998,
9.89567648718349,10.153268378797,10.4108602704105,10.668452162024,10.9260440536375,
11.1836359452511,11.4412278368646,11.6852910012285),.UNSPECIFIED.);
#24=B_SPLINE_CURVE_WITH_KNOTS('',3,(#2092,#2093,#2094,#2095,#2096,#2097,
#2098,#2099,#2100,#2101,#2102,#2103,#2104,#2105,#2106,#2107,#2108,#2109,
#2110,#2111,#2112,#2113,#2114,#2115,#2116,#2117,#2118,#2119,#2120,#2121,
#2122),.UNSPECIFIED.,.F.,.F.,(4,3,3,3,3,3,3,3,3,3,4),(12.0594830597195,
12.2140078339419,12.4716035577308,12.7291992815197,12.9867950053086,13.2443907290975,
13.5019864528864,13.7595821766753,14.0171779004642,14.2747736242531,14.3046566721153),
 .UNSPECIFIED.);
#25=B_SPLINE_CURVE_WITH_KNOTS('',3,(#2123,#2124,#2125,#2126,#2127,#2128,
#2129,#2130,#2131,#2132,#2133,#2134,#2135,#2136,#2137,#2138,#2139,#2140,
#2141,#2142,#2143,#2144,#2145,#2146,#2147,#2148,#2149,#2150,#2151,#2152,
#2153),.UNSPECIFIED.,.F.,.F.,(4,3,3,3,3,3,3,3,3,3,4),(11.6852910012285,
11.6988195607575,11.9564082589092,12.213996957061,12.4715856552127,12.7291743533645,
12.9867630515162,13.244351749668,13.5019404478198,13.7595291459715,13.9304033792538),
 .UNSPECIFIED.);
#26=B_SPLINE_CURVE_WITH_KNOTS('',3,(#2158,#2159,#2160,#2161,#2162,#2163,
#2164,#2165,#2166,#2167,#2168,#2169,#2170,#2171,#2172,#2173,#2174,#2175,
#2176,#2177,#2178,#2179,#2180,#2181,#2182,#2183,#2184,#2185,#2186,#2187,
#2188),.UNSPECIFIED.,.F.,.F.,(4,3,3,3,3,3,3,3,3,3,4),(9.81429989534753,
9.89563711369967,10.1532339334413,10.410830753183,10.6684275729246,10.9260243926663,
11.183621212408,11.4412180321496,11.6988148518913,11.8705460650524,12.0594830597195),
 .UNSPECIFIED.);
#27=B_SPLINE_CURVE_WITH_KNOTS('',3,(#2189,#2190,#2191,#2192,#2193,#2194,
#2195,#2196,#2197,#2198,#2199,#2200,#2201,#2202,#2203,#2204,#2205,#2206,
#2207,#2208,#2209,#2210,#2211,#2212,#2213,#2214,#2215,#2216),
 .UNSPECIFIED.,.F.,.F.,(4,3,3,3,3,3,3,3,3,4),(13.9304033792538,14.0171187613986,
14.2747101843525,14.5323016073065,14.7898930302604,15.1333482608656,15.4768034914708,
15.820258722076,16.1637139526813,16.1755395064554),.UNSPECIFIED.);
#28=B_SPLINE_CURVE_WITH_KNOTS('',3,(#2221,#2222,#2223,#2224,#2225,#2226,
#2227,#2228,#2229,#2230,#2231,#2232,#2233,#2234,#2235,#2236,#2237,#2238,
#2239,#2240,#2241,#2242,#2243,#2244,#2245,#2246,#2247,#2248,#2249,#2250,
#2251),.UNSPECIFIED.,.F.,.F.,(4,3,3,3,3,3,3,3,3,3,4),(7.56911748842444,
7.57726649074344,7.83486322357845,8.09245995641346,8.35005668924847,8.60765342208349,
8.8652501549185,9.12284688775351,9.38044362058853,9.63804035342354,9.81429989534753),
 .UNSPECIFIED.);
#29=B_SPLINE_CURVE_WITH_KNOTS('',3,(#2252,#2253,#2254,#2255,#2256,#2257,
#2258,#2259,#2260,#2261,#2262,#2263,#2264,#2265,#2266,#2267,#2268,#2269,
#2270,#2271,#2272,#2273,#2274,#2275,#2276,#2277,#2278,#2279),
 .UNSPECIFIED.,.F.,.F.,(4,3,3,3,3,3,3,3,3,4),(16.1755395064554,16.507173088126,
16.850632362813,17.1082268188283,17.3658212748436,17.6234157308589,17.8810101868742,
18.1386046428895,18.3961990989048,18.420702069276),.UNSPECIFIED.);
#30=B_SPLINE_CURVE_WITH_KNOTS('',3,(#2284,#2285,#2286,#2287,#2288,#2289,
#2290,#2291,#2292,#2293,#2294,#2295,#2296,#2297,#2298,#2299,#2300,#2301,
#2302,#2303,#2304,#2305,#2306,#2307,#2308,#2309,#2310,#2311),
 .UNSPECIFIED.,.F.,.F.,(4,3,3,3,3,3,3,3,3,4),(5.32394615539009,5.51650275242449,
5.77409821469009,6.0316936769557,6.2892891392213,6.5468846014869,6.80448006375251,
7.06207552601811,7.31967098828372,7.56911748842444),.UNSPECIFIED.);
#31=B_SPLINE_CURVE_WITH_KNOTS('',3,(#2312,#2313,#2314,#2315,#2316,#2317,
#2318,#2319,#2320,#2321,#2322,#2323,#2324,#2325,#2326,#2327,#2328,#2329,
#2330,#2331,#2332,#2333,#2334,#2335,#2336,#2337,#2338,#2339),
 .UNSPECIFIED.,.F.,.F.,(4,3,3,3,3,3,3,3,3,4),(18.420702069276,18.653795209866,
18.911391494798,19.2548532080406,19.5983149212831,19.9417766345257,20.1349738482247,
20.3281710619237,20.5213682756226,20.6658805724227),.UNSPECIFIED.);
#32=B_SPLINE_CURVE_WITH_KNOTS('',3,(#2345,#2346,#2347,#2348),
 .UNSPECIFIED.,.F.,.F.,(4,4),(22.9110646635229,23.0329098309943),
 .UNSPECIFIED.);
#33=B_SPLINE_CURVE_WITH_KNOTS('',3,(#2351,#2352,#2353,#2354,#2355,#2356,
#2357,#2358,#2359,#2360,#2361,#2362,#2363,#2364,#2365,#2366,#2367,#2368,
#2369),.UNSPECIFIED.,.F.,.F.,(4,3,3,3,3,3,4),(2.07814895913655,2.16784306669544,
2.36102697491952,2.5542108831436,2.74739479136767,2.94057869959175,3.07879631365617),
 .UNSPECIFIED.);
#34=B_SPLINE_CURVE_WITH_KNOTS('',3,(#2748,#2749,#2750,#2751,#2752,#2753,
#2754,#2755,#2756,#2757,#2758,#2759,#2760,#2761,#2762,#2763,#2764,#2765,
#2766,#2767,#2768,#2769,#2770,#2771,#2772,#2773,#2774,#2775,#2776,#2777,
#2778,#2779,#2780,#2781,#2782,#2783,#2784,#2785,#2786,#2787,#2788,#2789,
#2790,#2791,#2792,#2793,#2794,#2795,#2796,#2797,#2798,#2799,#2800,#2801,
#2802,#2803,#2804,#2805,#2806,#2807,#2808,#2809,#2810,#2811,#2812,#2813,
#2814,#2815,#2816,#2817,#2818,#2819,#2820,#2821,#2822,#2823,#2824,#2825,
#2826,#2827,#2828,#2829,#2830,#2831,#2832,#2833,#2834,#2835,#2836,#2837,
#2838,#2839,#2840,#2841,#2842,#2843,#2844,#2845,#2846,#2847,#2848,#2849,
#2850,#2851,#2852,#2853,#2854,#2855,#2856,#2857,#2858,#2859,#2860,#2861,
#2862,#2863,#2864,#2865,#2866,#2867,#2868,#2869,#2870,#2871,#2872,#2873,
#2874,#2875,#2876,#2877,#2878,#2879,#2880,#2881,#2882,#2883,#2884,#2885,
#2886,#2887,#2888,#2889,#2890,#2891,#2892,#2893,#2894,#2895,#2896,#2897,
#2898,#2899,#2900,#2901,#2902,#2903,#2904,#2905,#2906,#2907,#2908,#2909,
#2910,#2911,#2912,#2913,#2914,#2915,#2916,#2917,#2918,#2919,#2920,#2921,
#2922,#2923,#2924,#2925,#2926,#2927,#2928,#2929,#2930,#2931,#2932,#2933,
#2934,#2935,#2936,#2937,#2938,#2939,#2940,#2941,#2942,#2943,#2944,#2945,
#2946,#2947,#2948,#2949,#2950,#2951,#2952,#2953,#2954,#2955,#2956,#2957,
#2958,#2959,#2960,#2961,#2962,#2963,#2964,#2965,#2966,#2967,#2968,#2969,
#2970,#2971,#2972,#2973,#2974,#2975,#2976,#2977,#2978,#2979,#2980,#2981,
#2982,#2983,#2984,#2985,#2986,#2987,#2988,#2989,#2990,#2991,#2992,#2993,
#2994,#2995,#2996,#2997,#2998,#2999,#3000,#3001,#3002,#3003,#3004,#3005,
#3006,#3007,#3008,#3009,#3010,#3011,#3012),.UNSPECIFIED.,.F.,.F.,(4,3,3,
3,3,3,3,3,3,3,3,3,3,3,3,3,3,3,3,3,3,3,3,3,3,3,3,3,3,3,3,3,3,3,3,3,3,3,3,
3,3,3,3,3,3,3,3,3,3,3,3,3,3,3,3,3,3,3,3,3,3,3,3,3,3,3,3,3,3,3,3,3,3,3,3,
3,3,3,3,3,3,3,3,3,3,3,3,3,4),(0.0356896703731895,0.115441480565109,0.287211586800954,
0.458981693036805,0.630751799272659,0.802521905508505,0.974292011744355,
1.14606211798021,1.31783222421606,1.48960233045191,1.66137243668776,1.8331425429236,
2.00491264915945,2.1766827553953,2.48205183314792,2.78742091090055,3.09278998865317,
3.32181679696763,3.5508436052821,3.77987041359657,4.00889722191104,4.2379240302255,
4.46695083853997,4.69597764685443,4.9250044551689,5.15403126348336,5.38305807179783,
5.6120848801123,5.84111168842676,6.07013849674123,6.2991653050557,6.52819211337016,
6.75721892168463,6.98624572999909,7.21527253831356,7.44429934662803,7.67332615494249,
7.90235296325696,8.13137977157143,8.36040657988589,8.58943338820036,8.81846019651482,
9.04748700482929,9.35285608258192,9.50554062145823,9.73456742977269,9.96359423808716,
10.1926210464016,10.4216478547161,10.6506746630306,10.879701471345,11.1087282796595,
11.337755087974,11.5667818962884,11.7958087046029,12.0248355129174,12.2538623212318,
12.4828891295463,12.7119159378608,12.9409427461752,13.1699695544897,13.3989963628042,
13.6280231711186,13.8570499794331,14.0860767877475,14.315103596062,14.5441304043765,
14.7731572126909,15.0021840210054,15.2312108293199,15.4602376376343,15.6892644459488,
15.9182912542633,16.0900613604991,16.261831466735,16.4336015729708,16.6053716792067,
16.7771417854425,16.9489118916784,17.1206819979142,17.2924521041501,17.4642222103859,
17.6359923166218,17.8077624228576,17.9795325290935,18.1513026353293,18.3230727415652,
18.494842847801,18.6666129540369),.UNSPECIFIED.);
#35=B_SPLINE_CURVE_WITH_KNOTS('',3,(#3013,#3014,#3015,#3016,#3017,#3018,
#3019,#3020,#3021,#3022,#3023,#3024,#3025,#3026,#3027,#3028,#3029,#3030,
#3031,#3032,#3033,#3034,#3035,#3036,#3037,#3038,#3039,#3040,#3041,#3042,
#3043,#3044,#3045,#3046,#3047,#3048,#3049,#3050,#3051,#3052,#3053,#3054,
#3055,#3056,#3057,#3058,#3059,#3060,#3061,#3062,#3063,#3064,#3065,#3066,
#3067,#3068,#3069,#3070,#3071,#3072,#3073,#3074,#3075,#3076,#3077,#3078,
#3079,#3080,#3081,#3082),.UNSPECIFIED.,.F.,.F.,(4,3,3,3,3,3,3,3,3,3,3,3,
3,3,3,3,3,3,3,3,3,3,3,4),(0.355832437880801,0.391015928314229,0.426199418747657,
0.460125994532919,0.4939969561794,0.527260752694094,0.54657282218291,0.562114088846346,
0.595361018855587,0.628745372650624,0.661848095539332,0.694950818428041,
0.727640599814807,0.731271818194126,0.764029448739513,0.796645433745651,
0.824708362477822,0.856884501278662,0.888785273392178,0.910173784513984,
0.942287738783717,0.951385462351464,0.983626816665795,1.00344478551841),
 .UNSPECIFIED.);
#36=B_SPLINE_CURVE_WITH_KNOTS('',3,(#3083,#3084,#3085,#3086,#3087,#3088,
#3089,#3090,#3091,#3092,#3093,#3094,#3095,#3096,#3097,#3098,#3099,#3100,
#3101,#3102,#3103,#3104,#3105,#3106,#3107,#3108,#3109,#3110,#3111,#3112,
#3113,#3114,#3115,#3116,#3117,#3118,#3119),.UNSPECIFIED.,.F.,.F.,(4,3,3,
3,3,3,3,3,3,3,3,3,4),(3.07879631365617,3.13376569185494,3.32696043920759,
3.52015518656023,3.71334993391288,3.90654468126552,4.09973942861817,4.29293417597082,
4.48612892332346,4.74372191979365,5.00131491626385,5.25890791273404,5.32394615539009),
 .UNSPECIFIED.);
#37=B_SPLINE_CURVE_WITH_KNOTS('',3,(#3120,#3121,#3122,#3123,#3124,#3125,
#3126,#3127,#3128,#3129,#3130,#3131,#3132,#3133,#3134,#3135,#3136,#3137,
#3138,#3139,#3140,#3141,#3142,#3143,#3144,#3145,#3146,#3147,#3148,#3149,
#3150,#3151,#3152,#3153,#3154,#3155,#3156,#3157,#3158,#3159,#3160,#3161,
#3162,#3163,#3164,#3165,#3166,#3167,#3168,#3169,#3170,#3171,#3172,#3173,
#3174,#3175,#3176,#3177,#3178,#3179,#3180,#3181,#3182,#3183,#3184,#3185,
#3186,#3187,#3188,#3189),.UNSPECIFIED.,.F.,.F.,(4,3,3,3,3,3,3,3,3,3,3,3,
3,3,3,3,3,3,3,3,3,3,3,4),(0.148727864441679,0.180333854657533,0.212754732262558,
0.245175609867583,0.277201305534055,0.309481678199542,0.323673609097361,
0.355846251032831,0.372366911231585,0.404931547952341,0.437748565729081,
0.470421338890898,0.502625458114607,0.504446220506547,0.537322154919957,
0.570513319565318,0.603920113384945,0.635949958160187,0.669887569344236,
0.691138206360407,0.724810402222472,0.758784027207919,0.772339136674715,
0.793570099370272),.UNSPECIFIED.);
#38=B_SPLINE_CURVE_WITH_KNOTS('',3,(#3191,#3192,#3193,#3194,#3195,#3196,
#3197,#3198,#3199,#3200,#3201,#3202,#3203,#3204,#3205,#3206,#3207,#3208,
#3209,#3210,#3211,#3212,#3213,#3214,#3215,#3216,#3217,#3218,#3219,#3220,
#3221,#3222,#3223,#3224,#3225,#3226,#3227,#3228,#3229,#3230),
 .UNSPECIFIED.,.F.,.F.,(4,3,3,3,3,3,3,3,3,3,3,3,3,4),(20.6658805724227,
20.7145656104949,20.907763305048,21.1009609996011,21.2941586941541,21.4873563887072,
21.6805540832603,21.8737517778134,22.0669494723665,22.2601471669196,22.4533448614727,
22.6465425560258,22.8397402505789,22.9110646635229),.UNSPECIFIED.);
#39=B_SPLINE_CURVE_WITH_KNOTS('',3,(#3595,#3596,#3597,#3598,#3599,#3600,
#3601,#3602,#3603,#3604,#3605,#3606,#3607,#3608,#3609,#3610,#3611,#3612,
#3613,#3614,#3615,#3616,#3617,#3618,#3619,#3620,#3621,#3622,#3623,#3624,
#3625,#3626,#3627,#3628,#3629,#3630,#3631,#3632,#3633,#3634,#3635,#3636,
#3637,#3638,#3639,#3640,#3641,#3642,#3643,#3644,#3645,#3646,#3647,#3648,
#3649,#3650,#3651,#3652,#3653,#3654,#3655,#3656,#3657,#3658,#3659,#3660,
#3661,#3662,#3663,#3664),.UNSPECIFIED.,.F.,.F.,(4,3,3,3,3,3,3,3,3,3,3,3,
3,3,3,3,3,3,3,3,3,3,3,4),(0.35583243788079,0.391015928314211,0.426199418747632,
0.460125991518802,0.493996961746847,0.527260776699374,0.546572822182875,
0.562114088846304,0.595361027616042,0.628745382375499,0.661848100401739,
0.69495081842798,0.727640598004554,0.731271818194068,0.764029447583579,
0.796645431572685,0.824708362477748,0.856884500915117,0.888785270979741,
0.910173784513918,0.942287739449748,0.951385462351383,0.983626815602405,
1.00344478551835),.UNSPECIFIED.);
#40=B_SPLINE_CURVE_WITH_KNOTS('',3,(#3665,#3666,#3667,#3668,#3669,#3670,
#3671,#3672,#3673,#3674,#3675,#3676,#3677,#3678,#3679,#3680,#3681,#3682,
#3683,#3684,#3685,#3686,#3687,#3688,#3689,#3690,#3691,#3692,#3693,#3694,
#3695,#3696,#3697,#3698,#3699,#3700,#3701,#3702,#3703,#3704,#3705,#3706,
#3707,#3708,#3709,#3710,#3711,#3712,#3713,#3714,#3715,#3716,#3717,#3718,
#3719,#3720,#3721,#3722,#3723,#3724,#3725,#3726,#3727,#3728,#3729,#3730,
#3731,#3732,#3733,#3734),.UNSPECIFIED.,.F.,.F.,(4,3,3,3,3,3,3,3,3,3,3,3,
3,3,3,3,3,3,3,3,3,3,3,4),(0.148727864441682,0.180333835958954,0.212754722913272,
0.24517560986759,0.277201291714624,0.309481665528152,0.323673609097353,
0.355846259535007,0.372366911231588,0.404931547952343,0.437748573281735,
0.470421340827241,0.502625458114606,0.504446220506542,0.537322154919953,
0.570513311906927,0.603920109738889,0.635949958160186,0.669887566242207,
0.691138206360392,0.724810419412946,0.758784036194199,0.772339136674709,
0.793570099370279),.UNSPECIFIED.);
#41=STYLED_ITEM('',(#3827),#43);
#42=STYLED_ITEM('',(#3827),#44);
#43=MANIFOLD_SOLID_BREP('Corps1',#1186);
#44=MANIFOLD_SOLID_BREP('Corps3',#1187);
#45=ELLIPSE('',#1255,7.07106781186548,5.);
#46=ELLIPSE('',#1256,7.07106781186548,5.);
#47=ELLIPSE('',#1258,7.07106781186548,5.);
#48=ELLIPSE('',#1260,7.07106781186548,5.);
#49=FACE_BOUND('',#409,.T.);
#50=FACE_BOUND('',#410,.T.);
#51=FACE_BOUND('',#430,.T.);
#52=FACE_BOUND('',#431,.T.);
#53=FACE_BOUND('',#451,.T.);
#54=FACE_BOUND('',#460,.T.);
#55=FACE_BOUND('',#464,.T.);
#56=PLANE('',#1229);
#57=PLANE('',#1231);
#58=PLANE('',#1233);
#59=PLANE('',#1240);
#60=PLANE('',#1241);
#61=PLANE('',#1242);
#62=PLANE('',#1243);
#63=PLANE('',#1244);
#64=PLANE('',#1250);
#65=PLANE('',#1251);
#66=PLANE('',#1252);
#67=PLANE('',#1253);
#68=PLANE('',#1262);
#69=PLANE('',#1263);
#70=PLANE('',#1266);
#71=PLANE('',#1267);
#72=PLANE('',#1268);
#73=PLANE('',#1269);
#74=PLANE('',#1284);
#75=PLANE('',#1291);
#76=PLANE('',#1292);
#77=PLANE('',#1293);
#78=PLANE('',#1294);
#79=PLANE('',#1295);
#80=PLANE('',#1296);
#81=PLANE('',#1297);
#82=PLANE('',#1298);
#83=PLANE('',#1299);
#84=PLANE('',#1300);
#85=LINE('',#1626,#192);
#86=LINE('',#1627,#193);
#87=LINE('',#1632,#194);
#88=LINE('',#1633,#195);
#89=LINE('',#1649,#196);
#90=LINE('',#1650,#197);
#91=LINE('',#1655,#198);
#92=LINE('',#1656,#199);
#93=LINE('',#1658,#200);
#94=LINE('',#1659,#201);
#95=LINE('',#1664,#202);
#96=LINE('',#1665,#203);
#97=LINE('',#1667,#204);
#98=LINE('',#1668,#205);
#99=LINE('',#1673,#206);
#100=LINE('',#1674,#207);
#101=LINE('',#1677,#208);
#102=LINE('',#1680,#209);
#103=LINE('',#1683,#210);
#104=LINE('',#1686,#211);
#105=LINE('',#1692,#212);
#106=LINE('',#1694,#213);
#107=LINE('',#1696,#214);
#108=LINE('',#1697,#215);
#109=LINE('',#1703,#216);
#110=LINE('',#1706,#217);
#111=LINE('',#1709,#218);
#112=LINE('',#1712,#219);
#113=LINE('',#1715,#220);
#114=LINE('',#1717,#221);
#115=LINE('',#1719,#222);
#116=LINE('',#1721,#223);
#117=LINE('',#1722,#224);
#118=LINE('',#1725,#225);
#119=LINE('',#1727,#226);
#120=LINE('',#1728,#227);
#121=LINE('',#1730,#228);
#122=LINE('',#1731,#229);
#123=LINE('',#1734,#230);
#124=LINE('',#1736,#231);
#125=LINE('',#1738,#232);
#126=LINE('',#1739,#233);
#127=LINE('',#1742,#234);
#128=LINE('',#1744,#235);
#129=LINE('',#1746,#236);
#130=LINE('',#1747,#237);
#131=LINE('',#1750,#238);
#132=LINE('',#1753,#239);
#133=LINE('',#1759,#240);
#134=LINE('',#1761,#241);
#135=LINE('',#1763,#242);
#136=LINE('',#1767,#243);
#137=LINE('',#1772,#244);
#138=LINE('',#1776,#245);
#139=LINE('',#1779,#246);
#140=LINE('',#1780,#247);
#141=LINE('',#1787,#248);
#142=LINE('',#1789,#249);
#143=LINE('',#1791,#250);
#144=LINE('',#1792,#251);
#145=LINE('',#1794,#252);
#146=LINE('',#1796,#253);
#147=LINE('',#1797,#254);
#148=LINE('',#1799,#255);
#149=LINE('',#1801,#256);
#150=LINE('',#1806,#257);
#151=LINE('',#1825,#258);
#152=LINE('',#1902,#259);
#153=LINE('',#1965,#260);
#154=LINE('',#2031,#261);
#155=LINE('',#2091,#262);
#156=LINE('',#2157,#263);
#157=LINE('',#2220,#264);
#158=LINE('',#2283,#265);
#159=LINE('',#2343,#266);
#160=LINE('',#3738,#267);
#161=LINE('',#3740,#268);
#162=LINE('',#3742,#269);
#163=LINE('',#3746,#270);
#164=LINE('',#3748,#271);
#165=LINE('',#3750,#272);
#166=LINE('',#3754,#273);
#167=LINE('',#3757,#274);
#168=LINE('',#3760,#275);
#169=LINE('',#3763,#276);
#170=LINE('',#3766,#277);
#171=LINE('',#3768,#278);
#172=LINE('',#3770,#279);
#173=LINE('',#3772,#280);
#174=LINE('',#3774,#281);
#175=LINE('',#3775,#282);
#176=LINE('',#3779,#283);
#177=LINE('',#3780,#284);
#178=LINE('',#3782,#285);
#179=LINE('',#3783,#286);
#180=LINE('',#3784,#287);
#181=LINE('',#3786,#288);
#182=LINE('',#3789,#289);
#183=LINE('',#3790,#290);
#184=LINE('',#3792,#291);
#185=LINE('',#3795,#292);
#186=LINE('',#3796,#293);
#187=LINE('',#3799,#294);
#188=LINE('',#3801,#295);
#189=LINE('',#3802,#296);
#190=LINE('',#3804,#297);
#191=LINE('',#3805,#298);
#192=VECTOR('',#1321,10.);
#193=VECTOR('',#1322,10.);
#194=VECTOR('',#1327,10.);
#195=VECTOR('',#1328,10.);
#196=VECTOR('',#1347,10.);
#197=VECTOR('',#1348,10.);
#198=VECTOR('',#1353,10.);
#199=VECTOR('',#1354,10.);
#200=VECTOR('',#1357,10.);
#201=VECTOR('',#1358,10.);
#202=VECTOR('',#1363,10.);
#203=VECTOR('',#1364,10.);
#204=VECTOR('',#1367,10.);
#205=VECTOR('',#1368,10.);
#206=VECTOR('',#1373,10.);
#207=VECTOR('',#1374,10.);
#208=VECTOR('',#1377,10.);
#209=VECTOR('',#1380,10.);
#210=VECTOR('',#1383,10.);
#211=VECTOR('',#1386,10.);
#212=VECTOR('',#1391,10.);
#213=VECTOR('',#1392,10.);
#214=VECTOR('',#1393,10.);
#215=VECTOR('',#1394,10.);
#216=VECTOR('',#1399,10.);
#217=VECTOR('',#1402,10.);
#218=VECTOR('',#1405,10.);
#219=VECTOR('',#1408,10.);
#220=VECTOR('',#1411,10.);
#221=VECTOR('',#1412,10.);
#222=VECTOR('',#1413,10.);
#223=VECTOR('',#1414,10.);
#224=VECTOR('',#1415,10.);
#225=VECTOR('',#1418,10.);
#226=VECTOR('',#1419,10.);
#227=VECTOR('',#1420,10.);
#228=VECTOR('',#1423,10.);
#229=VECTOR('',#1424,10.);
#230=VECTOR('',#1427,10.);
#231=VECTOR('',#1428,10.);
#232=VECTOR('',#1429,10.);
#233=VECTOR('',#1430,10.);
#234=VECTOR('',#1433,10.);
#235=VECTOR('',#1434,10.);
#236=VECTOR('',#1435,10.);
#237=VECTOR('',#1436,10.);
#238=VECTOR('',#1439,10.);
#239=VECTOR('',#1442,10.);
#240=VECTOR('',#1453,10.);
#241=VECTOR('',#1456,10.);
#242=VECTOR('',#1459,10.);
#243=VECTOR('',#1462,10.);
#244=VECTOR('',#1469,10.);
#245=VECTOR('',#1474,10.);
#246=VECTOR('',#1479,10.);
#247=VECTOR('',#1480,10.);
#248=VECTOR('',#1487,10.);
#249=VECTOR('',#1488,10.);
#250=VECTOR('',#1489,10.);
#251=VECTOR('',#1490,10.);
#252=VECTOR('',#1493,20.25);
#253=VECTOR('',#1496,10.);
#254=VECTOR('',#1497,10.);
#255=VECTOR('',#1500,10.);
#256=VECTOR('',#1503,10.);
#257=VECTOR('',#1508,3.56005);
#258=VECTOR('',#1513,3.56005);
#259=VECTOR('',#1518,3.56005);
#260=VECTOR('',#1521,3.56005);
#261=VECTOR('',#1524,3.56005);
#262=VECTOR('',#1527,3.56005);
#263=VECTOR('',#1530,3.56005);
#264=VECTOR('',#1533,3.56005);
#265=VECTOR('',#1536,3.56005);
#266=VECTOR('',#1539,3.56005);
#267=VECTOR('',#1546,10.);
#268=VECTOR('',#1547,10.);
#269=VECTOR('',#1548,10.);
#270=VECTOR('',#1551,10.);
#271=VECTOR('',#1552,10.);
#272=VECTOR('',#1553,10.);
#273=VECTOR('',#1558,10.);
#274=VECTOR('',#1561,10.);
#275=VECTOR('',#1564,10.);
#276=VECTOR('',#1567,10.);
#277=VECTOR('',#1570,10.);
#278=VECTOR('',#1571,10.);
#279=VECTOR('',#1572,10.);
#280=VECTOR('',#1573,10.);
#281=VECTOR('',#1574,10.);
#282=VECTOR('',#1575,10.);
#283=VECTOR('',#1578,10.);
#284=VECTOR('',#1579,10.);
#285=VECTOR('',#1580,10.);
#286=VECTOR('',#1581,10.);
#287=VECTOR('',#1582,10.);
#288=VECTOR('',#1585,10.);
#289=VECTOR('',#1588,10.);
#290=VECTOR('',#1589,10.);
#291=VECTOR('',#1592,10.);
#292=VECTOR('',#1595,10.);
#293=VECTOR('',#1596,10.);
#294=VECTOR('',#1599,10.);
#295=VECTOR('',#1600,10.);
#296=VECTOR('',#1601,10.);
#297=VECTOR('',#1604,10.);
#298=VECTOR('',#1605,10.);
#299=CYLINDRICAL_SURFACE('',#1209,3.);
#300=CYLINDRICAL_SURFACE('',#1210,3.);
#301=CYLINDRICAL_SURFACE('',#1220,3.);
#302=CYLINDRICAL_SURFACE('',#1221,3.);
#303=CYLINDRICAL_SURFACE('',#1223,3.);
#304=CYLINDRICAL_SURFACE('',#1224,3.);
#305=CYLINDRICAL_SURFACE('',#1226,3.);
#306=CYLINDRICAL_SURFACE('',#1227,3.);
#307=CYLINDRICAL_SURFACE('',#1235,10.);
#308=CYLINDRICAL_SURFACE('',#1238,10.);
#309=CYLINDRICAL_SURFACE('',#1245,9.99999910593033);
#310=CYLINDRICAL_SURFACE('',#1247,9.99999910593033);
#311=CYLINDRICAL_SURFACE('',#1254,5.);
#312=CYLINDRICAL_SURFACE('',#1257,5.);
#313=CYLINDRICAL_SURFACE('',#1259,5.);
#314=CYLINDRICAL_SURFACE('',#1261,5.);
#315=CYLINDRICAL_SURFACE('',#1265,20.25);
#316=CYLINDRICAL_SURFACE('',#1270,3.56005);
#317=CYLINDRICAL_SURFACE('',#1272,3.56005);
#318=CYLINDRICAL_SURFACE('',#1274,3.56005);
#319=CYLINDRICAL_SURFACE('',#1275,3.56005);
#320=CYLINDRICAL_SURFACE('',#1276,3.56005);
#321=CYLINDRICAL_SURFACE('',#1277,3.56005);
#322=CYLINDRICAL_SURFACE('',#1278,3.56005);
#323=CYLINDRICAL_SURFACE('',#1279,3.56005);
#324=CYLINDRICAL_SURFACE('',#1280,3.56005);
#325=CYLINDRICAL_SURFACE('',#1281,3.56005);
#326=CYLINDRICAL_SURFACE('',#1283,3.56005);
#327=CYLINDRICAL_SURFACE('',#1287,25.);
#328=CYLINDRICAL_SURFACE('',#1289,25.);
#329=FACE_OUTER_BOUND('',#394,.T.);
#330=FACE_OUTER_BOUND('',#395,.T.);
#331=FACE_OUTER_BOUND('',#396,.T.);
#332=FACE_OUTER_BOUND('',#397,.T.);
#333=FACE_OUTER_BOUND('',#398,.T.);
#334=FACE_OUTER_BOUND('',#399,.T.);
#335=FACE_OUTER_BOUND('',#400,.T.);
#336=FACE_OUTER_BOUND('',#401,.T.);
#337=FACE_OUTER_BOUND('',#402,.T.);
#338=FACE_OUTER_BOUND('',#403,.T.);
#339=FACE_OUTER_BOUND('',#404,.T.);
#340=FACE_OUTER_BOUND('',#405,.T.);
#341=FACE_OUTER_BOUND('',#406,.T.);
#342=FACE_OUTER_BOUND('',#407,.T.);
#343=FACE_OUTER_BOUND('',#408,.T.);
#344=FACE_OUTER_BOUND('',#411,.T.);
#345=FACE_OUTER_BOUND('',#412,.T.);
#346=FACE_OUTER_BOUND('',#413,.T.);
#347=FACE_OUTER_BOUND('',#414,.T.);
#348=FACE_OUTER_BOUND('',#415,.T.);
#349=FACE_OUTER_BOUND('',#416,.T.);
#350=FACE_OUTER_BOUND('',#417,.T.);
#351=FACE_OUTER_BOUND('',#418,.T.);
#352=FACE_OUTER_BOUND('',#419,.T.);
#353=FACE_OUTER_BOUND('',#420,.T.);
#354=FACE_OUTER_BOUND('',#421,.T.);
#355=FACE_OUTER_BOUND('',#422,.T.);
#356=FACE_OUTER_BOUND('',#423,.T.);
#357=FACE_OUTER_BOUND('',#424,.T.);
#358=FACE_OUTER_BOUND('',#425,.T.);
#359=FACE_OUTER_BOUND('',#426,.T.);
#360=FACE_OUTER_BOUND('',#427,.T.);
#361=FACE_OUTER_BOUND('',#428,.T.);
#362=FACE_OUTER_BOUND('',#429,.T.);
#363=FACE_OUTER_BOUND('',#432,.T.);
#364=FACE_OUTER_BOUND('',#433,.T.);
#365=FACE_OUTER_BOUND('',#434,.T.);
#366=FACE_OUTER_BOUND('',#435,.T.);
#367=FACE_OUTER_BOUND('',#436,.T.);
#368=FACE_OUTER_BOUND('',#437,.T.);
#369=FACE_OUTER_BOUND('',#438,.T.);
#370=FACE_OUTER_BOUND('',#439,.T.);
#371=FACE_OUTER_BOUND('',#440,.T.);
#372=FACE_OUTER_BOUND('',#441,.T.);
#373=FACE_OUTER_BOUND('',#442,.T.);
#374=FACE_OUTER_BOUND('',#443,.T.);
#375=FACE_OUTER_BOUND('',#444,.T.);
#376=FACE_OUTER_BOUND('',#445,.T.);
#377=FACE_OUTER_BOUND('',#446,.T.);
#378=FACE_OUTER_BOUND('',#447,.T.);
#379=FACE_OUTER_BOUND('',#448,.T.);
#380=FACE_OUTER_BOUND('',#449,.T.);
#381=FACE_OUTER_BOUND('',#450,.T.);
#382=FACE_OUTER_BOUND('',#452,.T.);
#383=FACE_OUTER_BOUND('',#453,.T.);
#384=FACE_OUTER_BOUND('',#454,.T.);
#385=FACE_OUTER_BOUND('',#455,.T.);
#386=FACE_OUTER_BOUND('',#456,.T.);
#387=FACE_OUTER_BOUND('',#457,.T.);
#388=FACE_OUTER_BOUND('',#458,.T.);
#389=FACE_OUTER_BOUND('',#459,.T.);
#390=FACE_OUTER_BOUND('',#461,.T.);
#391=FACE_OUTER_BOUND('',#462,.T.);
#392=FACE_OUTER_BOUND('',#463,.T.);
#393=FACE_OUTER_BOUND('',#465,.T.);
#394=EDGE_LOOP('',(#777,#778,#779));
#395=EDGE_LOOP('',(#780,#781,#782));
#396=EDGE_LOOP('',(#783,#784,#785,#786));
#397=EDGE_LOOP('',(#787,#788,#789,#790));
#398=EDGE_LOOP('',(#791,#792,#793));
#399=EDGE_LOOP('',(#794,#795,#796));
#400=EDGE_LOOP('',(#797,#798,#799,#800));
#401=EDGE_LOOP('',(#801,#802,#803,#804));
#402=EDGE_LOOP('',(#805,#806,#807,#808));
#403=EDGE_LOOP('',(#809,#810,#811,#812));
#404=EDGE_LOOP('',(#813,#814,#815,#816));
#405=EDGE_LOOP('',(#817,#818,#819,#820));
#406=EDGE_LOOP('',(#821,#822,#823,#824,#825,#826));
#407=EDGE_LOOP('',(#827,#828,#829,#830,#831,#832));
#408=EDGE_LOOP('',(#833,#834,#835,#836));
#409=EDGE_LOOP('',(#837));
#410=EDGE_LOOP('',(#838,#839,#840,#841));
#411=EDGE_LOOP('',(#842,#843,#844,#845));
#412=EDGE_LOOP('',(#846,#847,#848,#849));
#413=EDGE_LOOP('',(#850,#851,#852,#853,#854,#855));
#414=EDGE_LOOP('',(#856,#857,#858,#859,#860,#861,#862));
#415=EDGE_LOOP('',(#863,#864,#865,#866,#867,#868));
#416=EDGE_LOOP('',(#869,#870,#871,#872,#873,#874,#875));
#417=EDGE_LOOP('',(#876,#877,#878,#879,#880,#881));
#418=EDGE_LOOP('',(#882,#883,#884,#885));
#419=EDGE_LOOP('',(#886,#887,#888,#889));
#420=EDGE_LOOP('',(#890,#891,#892,#893,#894,#895));
#421=EDGE_LOOP('',(#896,#897,#898,#899,#900,#901,#902));
#422=EDGE_LOOP('',(#903,#904,#905,#906,#907,#908,#909));
#423=EDGE_LOOP('',(#910,#911,#912,#913,#914,#915));
#424=EDGE_LOOP('',(#916,#917,#918,#919));
#425=EDGE_LOOP('',(#920,#921,#922,#923));
#426=EDGE_LOOP('',(#924,#925,#926,#927));
#427=EDGE_LOOP('',(#928,#929,#930,#931));
#428=EDGE_LOOP('',(#932,#933,#934,#935,#936,#937));
#429=EDGE_LOOP('',(#938,#939,#940,#941));
#430=EDGE_LOOP('',(#942));
#431=EDGE_LOOP('',(#943,#944,#945,#946));
#432=EDGE_LOOP('',(#947,#948,#949,#950));
#433=EDGE_LOOP('',(#951,#952,#953,#954));
#434=EDGE_LOOP('',(#955,#956,#957,#958));
#435=EDGE_LOOP('',(#959,#960,#961,#962));
#436=EDGE_LOOP('',(#963,#964,#965,#966));
#437=EDGE_LOOP('',(#967,#968,#969));
#438=EDGE_LOOP('',(#970,#971,#972,#973,#974));
#439=EDGE_LOOP('',(#975,#976,#977,#978));
#440=EDGE_LOOP('',(#979,#980,#981,#982));
#441=EDGE_LOOP('',(#983,#984,#985,#986));
#442=EDGE_LOOP('',(#987,#988,#989,#990));
#443=EDGE_LOOP('',(#991,#992,#993,#994));
#444=EDGE_LOOP('',(#995,#996,#997,#998));
#445=EDGE_LOOP('',(#999,#1000,#1001,#1002));
#446=EDGE_LOOP('',(#1003,#1004,#1005,#1006));
#447=EDGE_LOOP('',(#1007,#1008,#1009,#1010,#1011,#1012,#1013,#1014,#1015,
#1016,#1017,#1018,#1019));
#448=EDGE_LOOP('',(#1020,#1021,#1022,#1023));
#449=EDGE_LOOP('',(#1024,#1025,#1026,#1027,#1028,#1029,#1030,#1031,#1032,
#1033,#1034,#1035,#1036,#1037));
#450=EDGE_LOOP('',(#1038,#1039,#1040,#1041,#1042,#1043,#1044,#1045));
#451=EDGE_LOOP('',(#1046,#1047,#1048));
#452=EDGE_LOOP('',(#1049,#1050,#1051,#1052));
#453=EDGE_LOOP('',(#1053,#1054,#1055,#1056));
#454=EDGE_LOOP('',(#1057,#1058,#1059,#1060,#1061,#1062,#1063,#1064));
#455=EDGE_LOOP('',(#1065,#1066,#1067,#1068,#1069,#1070,#1071,#1072));
#456=EDGE_LOOP('',(#1073,#1074,#1075,#1076));
#457=EDGE_LOOP('',(#1077,#1078,#1079,#1080));
#458=EDGE_LOOP('',(#1081,#1082,#1083,#1084));
#459=EDGE_LOOP('',(#1085,#1086,#1087,#1088));
#460=EDGE_LOOP('',(#1089,#1090,#1091,#1092));
#461=EDGE_LOOP('',(#1093,#1094,#1095,#1096,#1097,#1098,#1099,#1100));
#462=EDGE_LOOP('',(#1101,#1102,#1103,#1104));
#463=EDGE_LOOP('',(#1105,#1106,#1107,#1108));
#464=EDGE_LOOP('',(#1109,#1110,#1111,#1112));
#465=EDGE_LOOP('',(#1113,#1114,#1115,#1116));
#466=CIRCLE('',#1202,3.);
#467=CIRCLE('',#1203,3.);
#468=CIRCLE('',#1204,3.00000000000001);
#469=CIRCLE('',#1206,3.);
#470=CIRCLE('',#1207,3.);
#471=CIRCLE('',#1208,3.);
#472=CIRCLE('',#1211,3.);
#473=CIRCLE('',#1213,3.);
#474=CIRCLE('',#1214,3.);
#475=CIRCLE('',#1215,3.00000000000001);
#476=CIRCLE('',#1217,3.);
#477=CIRCLE('',#1218,3.);
#478=CIRCLE('',#1219,3.);
#479=CIRCLE('',#1222,3.);
#480=CIRCLE('',#1225,3.);
#481=CIRCLE('',#1228,3.);
#482=CIRCLE('',#1230,9.99999910593033);
#483=CIRCLE('',#1232,10.);
#484=CIRCLE('',#1234,20.25);
#485=CIRCLE('',#1236,10.);
#486=CIRCLE('',#1237,10.);
#487=CIRCLE('',#1239,10.);
#488=CIRCLE('',#1246,9.99999910593033);
#489=CIRCLE('',#1248,9.99999910593033);
#490=CIRCLE('',#1249,9.99999910593033);
#491=CIRCLE('',#1264,20.25);
#492=CIRCLE('',#1271,3.56005);
#493=CIRCLE('',#1273,3.56005);
#494=CIRCLE('',#1282,3.56005);
#495=CIRCLE('',#1285,25.);
#496=CIRCLE('',#1286,25.);
#497=CIRCLE('',#1288,25.);
#498=CIRCLE('',#1290,25.);
#499=VERTEX_POINT('',#1612);
#500=VERTEX_POINT('',#1613);
#501=VERTEX_POINT('',#1615);
#502=VERTEX_POINT('',#1619);
#503=VERTEX_POINT('',#1620);
#504=VERTEX_POINT('',#1622);
#505=VERTEX_POINT('',#1629);
#506=VERTEX_POINT('',#1630);
#507=VERTEX_POINT('',#1635);
#508=VERTEX_POINT('',#1636);
#509=VERTEX_POINT('',#1638);
#510=VERTEX_POINT('',#1642);
#511=VERTEX_POINT('',#1643);
#512=VERTEX_POINT('',#1645);
#513=VERTEX_POINT('',#1652);
#514=VERTEX_POINT('',#1653);
#515=VERTEX_POINT('',#1661);
#516=VERTEX_POINT('',#1662);
#517=VERTEX_POINT('',#1670);
#518=VERTEX_POINT('',#1671);
#519=VERTEX_POINT('',#1676);
#520=VERTEX_POINT('',#1678);
#521=VERTEX_POINT('',#1682);
#522=VERTEX_POINT('',#1684);
#523=VERTEX_POINT('',#1688);
#524=VERTEX_POINT('',#1690);
#525=VERTEX_POINT('',#1691);
#526=VERTEX_POINT('',#1693);
#527=VERTEX_POINT('',#1695);
#528=VERTEX_POINT('',#1699);
#529=VERTEX_POINT('',#1700);
#530=VERTEX_POINT('',#1702);
#531=VERTEX_POINT('',#1704);
#532=VERTEX_POINT('',#1708);
#533=VERTEX_POINT('',#1710);
#534=VERTEX_POINT('',#1714);
#535=VERTEX_POINT('',#1716);
#536=VERTEX_POINT('',#1718);
#537=VERTEX_POINT('',#1720);
#538=VERTEX_POINT('',#1724);
#539=VERTEX_POINT('',#1726);
#540=VERTEX_POINT('',#1733);
#541=VERTEX_POINT('',#1735);
#542=VERTEX_POINT('',#1737);
#543=VERTEX_POINT('',#1741);
#544=VERTEX_POINT('',#1743);
#545=VERTEX_POINT('',#1745);
#546=VERTEX_POINT('',#1749);
#547=VERTEX_POINT('',#1751);
#548=VERTEX_POINT('',#1765);
#549=VERTEX_POINT('',#1766);
#550=VERTEX_POINT('',#1771);
#551=VERTEX_POINT('',#1775);
#552=VERTEX_POINT('',#1783);
#553=VERTEX_POINT('',#1785);
#554=VERTEX_POINT('',#1786);
#555=VERTEX_POINT('',#1788);
#556=VERTEX_POINT('',#1790);
#557=VERTEX_POINT('',#1804);
#558=VERTEX_POINT('',#1805);
#559=VERTEX_POINT('',#1807);
#560=VERTEX_POINT('',#1823);
#561=VERTEX_POINT('',#1824);
#562=VERTEX_POINT('',#1826);
#563=VERTEX_POINT('',#1900);
#564=VERTEX_POINT('',#1901);
#565=VERTEX_POINT('',#1963);
#566=VERTEX_POINT('',#1964);
#567=VERTEX_POINT('',#2029);
#568=VERTEX_POINT('',#2030);
#569=VERTEX_POINT('',#2089);
#570=VERTEX_POINT('',#2090);
#571=VERTEX_POINT('',#2155);
#572=VERTEX_POINT('',#2156);
#573=VERTEX_POINT('',#2218);
#574=VERTEX_POINT('',#2219);
#575=VERTEX_POINT('',#2281);
#576=VERTEX_POINT('',#2282);
#577=VERTEX_POINT('',#2341);
#578=VERTEX_POINT('',#2342);
#579=VERTEX_POINT('',#2344);
#580=VERTEX_POINT('',#2349);
#581=VERTEX_POINT('',#2746);
#582=VERTEX_POINT('',#2747);
#583=VERTEX_POINT('',#3736);
#584=VERTEX_POINT('',#3737);
#585=VERTEX_POINT('',#3739);
#586=VERTEX_POINT('',#3741);
#587=VERTEX_POINT('',#3743);
#588=VERTEX_POINT('',#3745);
#589=VERTEX_POINT('',#3747);
#590=VERTEX_POINT('',#3749);
#591=VERTEX_POINT('',#3753);
#592=VERTEX_POINT('',#3755);
#593=VERTEX_POINT('',#3759);
#594=VERTEX_POINT('',#3761);
#595=VERTEX_POINT('',#3765);
#596=VERTEX_POINT('',#3767);
#597=VERTEX_POINT('',#3769);
#598=VERTEX_POINT('',#3771);
#599=VERTEX_POINT('',#3773);
#600=VERTEX_POINT('',#3777);
#601=VERTEX_POINT('',#3778);
#602=VERTEX_POINT('',#3781);
#603=VERTEX_POINT('',#3788);
#604=VERTEX_POINT('',#3794);
#605=VERTEX_POINT('',#3798);
#606=VERTEX_POINT('',#3800);
#607=EDGE_CURVE('',#499,#500,#466,.F.);
#608=EDGE_CURVE('',#501,#499,#467,.F.);
#609=EDGE_CURVE('',#500,#501,#468,.F.);
#610=EDGE_CURVE('',#502,#503,#469,.F.);
#611=EDGE_CURVE('',#504,#502,#470,.F.);
#612=EDGE_CURVE('',#503,#504,#471,.F.);
#613=EDGE_CURVE('',#502,#501,#85,.T.);
#614=EDGE_CURVE('',#499,#504,#86,.T.);
#615=EDGE_CURVE('',#505,#506,#472,.T.);
#616=EDGE_CURVE('',#506,#503,#87,.T.);
#617=EDGE_CURVE('',#504,#505,#88,.T.);
#618=EDGE_CURVE('',#507,#508,#473,.F.);
#619=EDGE_CURVE('',#509,#507,#474,.F.);
#620=EDGE_CURVE('',#508,#509,#475,.F.);
#621=EDGE_CURVE('',#510,#511,#476,.F.);
#622=EDGE_CURVE('',#512,#510,#477,.F.);
#623=EDGE_CURVE('',#511,#512,#478,.F.);
#624=EDGE_CURVE('',#510,#502,#89,.T.);
#625=EDGE_CURVE('',#503,#512,#90,.T.);
#626=EDGE_CURVE('',#513,#514,#479,.T.);
#627=EDGE_CURVE('',#514,#511,#91,.T.);
#628=EDGE_CURVE('',#512,#513,#92,.T.);
#629=EDGE_CURVE('',#507,#510,#93,.T.);
#630=EDGE_CURVE('',#511,#509,#94,.T.);
#631=EDGE_CURVE('',#515,#516,#480,.T.);
#632=EDGE_CURVE('',#516,#508,#95,.T.);
#633=EDGE_CURVE('',#509,#515,#96,.T.);
#634=EDGE_CURVE('',#501,#507,#97,.T.);
#635=EDGE_CURVE('',#508,#500,#98,.T.);
#636=EDGE_CURVE('',#517,#518,#481,.T.);
#637=EDGE_CURVE('',#518,#499,#99,.T.);
#638=EDGE_CURVE('',#500,#517,#100,.T.);
#639=EDGE_CURVE('',#519,#506,#101,.T.);
#640=EDGE_CURVE('',#519,#520,#482,.T.);
#641=EDGE_CURVE('',#513,#520,#102,.T.);
#642=EDGE_CURVE('',#521,#518,#103,.T.);
#643=EDGE_CURVE('',#521,#522,#483,.T.);
#644=EDGE_CURVE('',#505,#522,#104,.T.);
#645=EDGE_CURVE('',#523,#523,#484,.T.);
#646=EDGE_CURVE('',#524,#525,#105,.T.);
#647=EDGE_CURVE('',#526,#524,#106,.T.);
#648=EDGE_CURVE('',#527,#526,#107,.T.);
#649=EDGE_CURVE('',#525,#527,#108,.T.);
#650=EDGE_CURVE('',#528,#529,#485,.T.);
#651=EDGE_CURVE('',#530,#528,#109,.T.);
#652=EDGE_CURVE('',#531,#530,#486,.T.);
#653=EDGE_CURVE('',#529,#531,#110,.T.);
#654=EDGE_CURVE('',#532,#521,#111,.T.);
#655=EDGE_CURVE('',#533,#532,#487,.T.);
#656=EDGE_CURVE('',#522,#533,#112,.T.);
#657=EDGE_CURVE('',#534,#532,#113,.T.);
#658=EDGE_CURVE('',#534,#535,#114,.T.);
#659=EDGE_CURVE('',#536,#535,#115,.T.);
#660=EDGE_CURVE('',#537,#536,#116,.T.);
#661=EDGE_CURVE('',#533,#537,#117,.T.);
#662=EDGE_CURVE('',#517,#538,#118,.T.);
#663=EDGE_CURVE('',#538,#539,#119,.T.);
#664=EDGE_CURVE('',#539,#534,#120,.T.);
#665=EDGE_CURVE('',#528,#514,#121,.T.);
#666=EDGE_CURVE('',#515,#529,#122,.T.);
#667=EDGE_CURVE('',#531,#540,#123,.T.);
#668=EDGE_CURVE('',#540,#541,#124,.T.);
#669=EDGE_CURVE('',#541,#542,#125,.T.);
#670=EDGE_CURVE('',#542,#516,#126,.T.);
#671=EDGE_CURVE('',#543,#530,#127,.T.);
#672=EDGE_CURVE('',#543,#544,#128,.T.);
#673=EDGE_CURVE('',#545,#544,#129,.T.);
#674=EDGE_CURVE('',#545,#540,#130,.T.);
#675=EDGE_CURVE('',#546,#519,#131,.T.);
#676=EDGE_CURVE('',#547,#546,#488,.T.);
#677=EDGE_CURVE('',#520,#547,#132,.T.);
#678=EDGE_CURVE('',#542,#538,#489,.T.);
#679=EDGE_CURVE('',#539,#541,#490,.T.);
#680=EDGE_CURVE('',#537,#546,#133,.T.);
#681=EDGE_CURVE('',#547,#543,#134,.T.);
#682=EDGE_CURVE('',#544,#536,#135,.T.);
#683=EDGE_CURVE('',#548,#549,#136,.T.);
#684=EDGE_CURVE('',#549,#536,#45,.T.);
#685=EDGE_CURVE('',#548,#535,#46,.T.);
#686=EDGE_CURVE('',#549,#550,#137,.T.);
#687=EDGE_CURVE('',#550,#544,#47,.T.);
#688=EDGE_CURVE('',#550,#551,#138,.T.);
#689=EDGE_CURVE('',#551,#545,#48,.T.);
#690=EDGE_CURVE('',#535,#545,#139,.T.);
#691=EDGE_CURVE('',#551,#548,#140,.T.);
#692=EDGE_CURVE('',#552,#552,#491,.T.);
#693=EDGE_CURVE('',#553,#554,#141,.T.);
#694=EDGE_CURVE('',#554,#555,#142,.T.);
#695=EDGE_CURVE('',#555,#556,#143,.T.);
#696=EDGE_CURVE('',#556,#553,#144,.T.);
#697=EDGE_CURVE('',#552,#523,#145,.T.);
#698=EDGE_CURVE('',#524,#553,#146,.T.);
#699=EDGE_CURVE('',#526,#556,#147,.T.);
#700=EDGE_CURVE('',#527,#555,#148,.T.);
#701=EDGE_CURVE('',#525,#554,#149,.T.);
#702=EDGE_CURVE('',#557,#558,#150,.T.);
#703=EDGE_CURVE('',#559,#558,#492,.T.);
#704=EDGE_CURVE('',#557,#559,#15,.F.);
#705=EDGE_CURVE('',#560,#561,#151,.T.);
#706=EDGE_CURVE('',#561,#562,#16,.T.);
#707=EDGE_CURVE('',#558,#562,#493,.T.);
#708=EDGE_CURVE('',#560,#557,#17,.F.);
#709=EDGE_CURVE('',#563,#564,#152,.T.);
#710=EDGE_CURVE('',#564,#561,#18,.T.);
#711=EDGE_CURVE('',#563,#560,#19,.F.);
#712=EDGE_CURVE('',#565,#566,#153,.T.);
#713=EDGE_CURVE('',#566,#564,#20,.T.);
#714=EDGE_CURVE('',#565,#563,#21,.F.);
#715=EDGE_CURVE('',#567,#568,#154,.T.);
#716=EDGE_CURVE('',#568,#566,#22,.T.);
#717=EDGE_CURVE('',#567,#565,#23,.F.);
#718=EDGE_CURVE('',#569,#570,#155,.T.);
#719=EDGE_CURVE('',#570,#568,#24,.T.);
#720=EDGE_CURVE('',#569,#567,#25,.F.);
#721=EDGE_CURVE('',#571,#572,#156,.T.);
#722=EDGE_CURVE('',#572,#570,#26,.T.);
#723=EDGE_CURVE('',#571,#569,#27,.F.);
#724=EDGE_CURVE('',#573,#574,#157,.T.);
#725=EDGE_CURVE('',#574,#572,#28,.T.);
#726=EDGE_CURVE('',#573,#571,#29,.F.);
#727=EDGE_CURVE('',#575,#576,#158,.T.);
#728=EDGE_CURVE('',#576,#574,#30,.T.);
#729=EDGE_CURVE('',#575,#573,#31,.F.);
#730=EDGE_CURVE('',#577,#578,#159,.T.);
#731=EDGE_CURVE('',#579,#577,#32,.F.);
#732=EDGE_CURVE('',#580,#579,#494,.T.);
#733=EDGE_CURVE('',#580,#578,#33,.T.);
#734=EDGE_CURVE('',#581,#582,#34,.T.);
#735=EDGE_CURVE('',#562,#581,#35,.T.);
#736=EDGE_CURVE('',#578,#576,#36,.T.);
#737=EDGE_CURVE('',#582,#580,#37,.T.);
#738=EDGE_CURVE('',#577,#575,#38,.F.);
#739=EDGE_CURVE('',#579,#582,#39,.T.);
#740=EDGE_CURVE('',#581,#559,#40,.T.);
#741=EDGE_CURVE('',#583,#584,#160,.T.);
#742=EDGE_CURVE('',#585,#583,#161,.T.);
#743=EDGE_CURVE('',#585,#586,#162,.T.);
#744=EDGE_CURVE('',#587,#586,#495,.T.);
#745=EDGE_CURVE('',#588,#587,#163,.T.);
#746=EDGE_CURVE('',#589,#588,#164,.T.);
#747=EDGE_CURVE('',#590,#589,#165,.T.);
#748=EDGE_CURVE('',#584,#590,#496,.T.);
#749=EDGE_CURVE('',#591,#586,#166,.T.);
#750=EDGE_CURVE('',#591,#592,#497,.T.);
#751=EDGE_CURVE('',#587,#592,#167,.T.);
#752=EDGE_CURVE('',#593,#590,#168,.T.);
#753=EDGE_CURVE('',#593,#594,#498,.T.);
#754=EDGE_CURVE('',#584,#594,#169,.T.);
#755=EDGE_CURVE('',#595,#593,#170,.T.);
#756=EDGE_CURVE('',#596,#589,#171,.T.);
#757=EDGE_CURVE('',#597,#596,#172,.T.);
#758=EDGE_CURVE('',#597,#598,#173,.T.);
#759=EDGE_CURVE('',#598,#599,#174,.T.);
#760=EDGE_CURVE('',#595,#599,#175,.T.);
#761=EDGE_CURVE('',#600,#601,#176,.T.);
#762=EDGE_CURVE('',#600,#594,#177,.T.);
#763=EDGE_CURVE('',#602,#595,#178,.T.);
#764=EDGE_CURVE('',#592,#602,#179,.T.);
#765=EDGE_CURVE('',#601,#591,#180,.T.);
#766=EDGE_CURVE('',#601,#585,#181,.T.);
#767=EDGE_CURVE('',#588,#603,#182,.T.);
#768=EDGE_CURVE('',#603,#596,#183,.T.);
#769=EDGE_CURVE('',#583,#600,#184,.T.);
#770=EDGE_CURVE('',#604,#597,#185,.T.);
#771=EDGE_CURVE('',#604,#603,#186,.T.);
#772=EDGE_CURVE('',#605,#602,#187,.T.);
#773=EDGE_CURVE('',#606,#605,#188,.T.);
#774=EDGE_CURVE('',#606,#604,#189,.T.);
#775=EDGE_CURVE('',#598,#606,#190,.T.);
#776=EDGE_CURVE('',#599,#605,#191,.T.);
#777=ORIENTED_EDGE('',*,*,#607,.F.);
#778=ORIENTED_EDGE('',*,*,#608,.F.);
#779=ORIENTED_EDGE('',*,*,#609,.F.);
#780=ORIENTED_EDGE('',*,*,#610,.F.);
#781=ORIENTED_EDGE('',*,*,#611,.F.);
#782=ORIENTED_EDGE('',*,*,#612,.F.);
#783=ORIENTED_EDGE('',*,*,#611,.T.);
#784=ORIENTED_EDGE('',*,*,#613,.T.);
#785=ORIENTED_EDGE('',*,*,#608,.T.);
#786=ORIENTED_EDGE('',*,*,#614,.T.);
#787=ORIENTED_EDGE('',*,*,#615,.T.);
#788=ORIENTED_EDGE('',*,*,#616,.T.);
#789=ORIENTED_EDGE('',*,*,#612,.T.);
#790=ORIENTED_EDGE('',*,*,#617,.T.);
#791=ORIENTED_EDGE('',*,*,#618,.F.);
#792=ORIENTED_EDGE('',*,*,#619,.F.);
#793=ORIENTED_EDGE('',*,*,#620,.F.);
#794=ORIENTED_EDGE('',*,*,#621,.F.);
#795=ORIENTED_EDGE('',*,*,#622,.F.);
#796=ORIENTED_EDGE('',*,*,#623,.F.);
#797=ORIENTED_EDGE('',*,*,#622,.T.);
#798=ORIENTED_EDGE('',*,*,#624,.T.);
#799=ORIENTED_EDGE('',*,*,#610,.T.);
#800=ORIENTED_EDGE('',*,*,#625,.T.);
#801=ORIENTED_EDGE('',*,*,#626,.T.);
#802=ORIENTED_EDGE('',*,*,#627,.T.);
#803=ORIENTED_EDGE('',*,*,#623,.T.);
#804=ORIENTED_EDGE('',*,*,#628,.T.);
#805=ORIENTED_EDGE('',*,*,#619,.T.);
#806=ORIENTED_EDGE('',*,*,#629,.T.);
#807=ORIENTED_EDGE('',*,*,#621,.T.);
#808=ORIENTED_EDGE('',*,*,#630,.T.);
#809=ORIENTED_EDGE('',*,*,#631,.T.);
#810=ORIENTED_EDGE('',*,*,#632,.T.);
#811=ORIENTED_EDGE('',*,*,#620,.T.);
#812=ORIENTED_EDGE('',*,*,#633,.T.);
#813=ORIENTED_EDGE('',*,*,#609,.T.);
#814=ORIENTED_EDGE('',*,*,#634,.T.);
#815=ORIENTED_EDGE('',*,*,#618,.T.);
#816=ORIENTED_EDGE('',*,*,#635,.T.);
#817=ORIENTED_EDGE('',*,*,#636,.T.);
#818=ORIENTED_EDGE('',*,*,#637,.T.);
#819=ORIENTED_EDGE('',*,*,#607,.T.);
#820=ORIENTED_EDGE('',*,*,#638,.T.);
#821=ORIENTED_EDGE('',*,*,#628,.F.);
#822=ORIENTED_EDGE('',*,*,#625,.F.);
#823=ORIENTED_EDGE('',*,*,#616,.F.);
#824=ORIENTED_EDGE('',*,*,#639,.F.);
#825=ORIENTED_EDGE('',*,*,#640,.T.);
#826=ORIENTED_EDGE('',*,*,#641,.F.);
#827=ORIENTED_EDGE('',*,*,#617,.F.);
#828=ORIENTED_EDGE('',*,*,#614,.F.);
#829=ORIENTED_EDGE('',*,*,#637,.F.);
#830=ORIENTED_EDGE('',*,*,#642,.F.);
#831=ORIENTED_EDGE('',*,*,#643,.T.);
#832=ORIENTED_EDGE('',*,*,#644,.F.);
#833=ORIENTED_EDGE('',*,*,#613,.F.);
#834=ORIENTED_EDGE('',*,*,#624,.F.);
#835=ORIENTED_EDGE('',*,*,#629,.F.);
#836=ORIENTED_EDGE('',*,*,#634,.F.);
#837=ORIENTED_EDGE('',*,*,#645,.F.);
#838=ORIENTED_EDGE('',*,*,#646,.F.);
#839=ORIENTED_EDGE('',*,*,#647,.F.);
#840=ORIENTED_EDGE('',*,*,#648,.F.);
#841=ORIENTED_EDGE('',*,*,#649,.F.);
#842=ORIENTED_EDGE('',*,*,#650,.F.);
#843=ORIENTED_EDGE('',*,*,#651,.F.);
#844=ORIENTED_EDGE('',*,*,#652,.F.);
#845=ORIENTED_EDGE('',*,*,#653,.F.);
#846=ORIENTED_EDGE('',*,*,#643,.F.);
#847=ORIENTED_EDGE('',*,*,#654,.F.);
#848=ORIENTED_EDGE('',*,*,#655,.F.);
#849=ORIENTED_EDGE('',*,*,#656,.F.);
#850=ORIENTED_EDGE('',*,*,#655,.T.);
#851=ORIENTED_EDGE('',*,*,#657,.F.);
#852=ORIENTED_EDGE('',*,*,#658,.T.);
#853=ORIENTED_EDGE('',*,*,#659,.F.);
#854=ORIENTED_EDGE('',*,*,#660,.F.);
#855=ORIENTED_EDGE('',*,*,#661,.F.);
#856=ORIENTED_EDGE('',*,*,#654,.T.);
#857=ORIENTED_EDGE('',*,*,#642,.T.);
#858=ORIENTED_EDGE('',*,*,#636,.F.);
#859=ORIENTED_EDGE('',*,*,#662,.T.);
#860=ORIENTED_EDGE('',*,*,#663,.T.);
#861=ORIENTED_EDGE('',*,*,#664,.T.);
#862=ORIENTED_EDGE('',*,*,#657,.T.);
#863=ORIENTED_EDGE('',*,*,#627,.F.);
#864=ORIENTED_EDGE('',*,*,#665,.F.);
#865=ORIENTED_EDGE('',*,*,#650,.T.);
#866=ORIENTED_EDGE('',*,*,#666,.F.);
#867=ORIENTED_EDGE('',*,*,#633,.F.);
#868=ORIENTED_EDGE('',*,*,#630,.F.);
#869=ORIENTED_EDGE('',*,*,#653,.T.);
#870=ORIENTED_EDGE('',*,*,#667,.T.);
#871=ORIENTED_EDGE('',*,*,#668,.T.);
#872=ORIENTED_EDGE('',*,*,#669,.T.);
#873=ORIENTED_EDGE('',*,*,#670,.T.);
#874=ORIENTED_EDGE('',*,*,#631,.F.);
#875=ORIENTED_EDGE('',*,*,#666,.T.);
#876=ORIENTED_EDGE('',*,*,#652,.T.);
#877=ORIENTED_EDGE('',*,*,#671,.F.);
#878=ORIENTED_EDGE('',*,*,#672,.T.);
#879=ORIENTED_EDGE('',*,*,#673,.F.);
#880=ORIENTED_EDGE('',*,*,#674,.T.);
#881=ORIENTED_EDGE('',*,*,#667,.F.);
#882=ORIENTED_EDGE('',*,*,#640,.F.);
#883=ORIENTED_EDGE('',*,*,#675,.F.);
#884=ORIENTED_EDGE('',*,*,#676,.F.);
#885=ORIENTED_EDGE('',*,*,#677,.F.);
#886=ORIENTED_EDGE('',*,*,#678,.F.);
#887=ORIENTED_EDGE('',*,*,#669,.F.);
#888=ORIENTED_EDGE('',*,*,#679,.F.);
#889=ORIENTED_EDGE('',*,*,#663,.F.);
#890=ORIENTED_EDGE('',*,*,#632,.F.);
#891=ORIENTED_EDGE('',*,*,#670,.F.);
#892=ORIENTED_EDGE('',*,*,#678,.T.);
#893=ORIENTED_EDGE('',*,*,#662,.F.);
#894=ORIENTED_EDGE('',*,*,#638,.F.);
#895=ORIENTED_EDGE('',*,*,#635,.F.);
#896=ORIENTED_EDGE('',*,*,#656,.T.);
#897=ORIENTED_EDGE('',*,*,#661,.T.);
#898=ORIENTED_EDGE('',*,*,#680,.T.);
#899=ORIENTED_EDGE('',*,*,#675,.T.);
#900=ORIENTED_EDGE('',*,*,#639,.T.);
#901=ORIENTED_EDGE('',*,*,#615,.F.);
#902=ORIENTED_EDGE('',*,*,#644,.T.);
#903=ORIENTED_EDGE('',*,*,#651,.T.);
#904=ORIENTED_EDGE('',*,*,#665,.T.);
#905=ORIENTED_EDGE('',*,*,#626,.F.);
#906=ORIENTED_EDGE('',*,*,#641,.T.);
#907=ORIENTED_EDGE('',*,*,#677,.T.);
#908=ORIENTED_EDGE('',*,*,#681,.T.);
#909=ORIENTED_EDGE('',*,*,#671,.T.);
#910=ORIENTED_EDGE('',*,*,#676,.T.);
#911=ORIENTED_EDGE('',*,*,#680,.F.);
#912=ORIENTED_EDGE('',*,*,#660,.T.);
#913=ORIENTED_EDGE('',*,*,#682,.F.);
#914=ORIENTED_EDGE('',*,*,#672,.F.);
#915=ORIENTED_EDGE('',*,*,#681,.F.);
#916=ORIENTED_EDGE('',*,*,#683,.T.);
#917=ORIENTED_EDGE('',*,*,#684,.T.);
#918=ORIENTED_EDGE('',*,*,#659,.T.);
#919=ORIENTED_EDGE('',*,*,#685,.F.);
#920=ORIENTED_EDGE('',*,*,#686,.T.);
#921=ORIENTED_EDGE('',*,*,#687,.T.);
#922=ORIENTED_EDGE('',*,*,#682,.T.);
#923=ORIENTED_EDGE('',*,*,#684,.F.);
#924=ORIENTED_EDGE('',*,*,#688,.T.);
#925=ORIENTED_EDGE('',*,*,#689,.T.);
#926=ORIENTED_EDGE('',*,*,#673,.T.);
#927=ORIENTED_EDGE('',*,*,#687,.F.);
#928=ORIENTED_EDGE('',*,*,#690,.T.);
#929=ORIENTED_EDGE('',*,*,#689,.F.);
#930=ORIENTED_EDGE('',*,*,#691,.T.);
#931=ORIENTED_EDGE('',*,*,#685,.T.);
#932=ORIENTED_EDGE('',*,*,#679,.T.);
#933=ORIENTED_EDGE('',*,*,#668,.F.);
#934=ORIENTED_EDGE('',*,*,#674,.F.);
#935=ORIENTED_EDGE('',*,*,#690,.F.);
#936=ORIENTED_EDGE('',*,*,#658,.F.);
#937=ORIENTED_EDGE('',*,*,#664,.F.);
#938=ORIENTED_EDGE('',*,*,#683,.F.);
#939=ORIENTED_EDGE('',*,*,#691,.F.);
#940=ORIENTED_EDGE('',*,*,#688,.F.);
#941=ORIENTED_EDGE('',*,*,#686,.F.);
#942=ORIENTED_EDGE('',*,*,#692,.T.);
#943=ORIENTED_EDGE('',*,*,#693,.T.);
#944=ORIENTED_EDGE('',*,*,#694,.T.);
#945=ORIENTED_EDGE('',*,*,#695,.T.);
#946=ORIENTED_EDGE('',*,*,#696,.T.);
#947=ORIENTED_EDGE('',*,*,#692,.F.);
#948=ORIENTED_EDGE('',*,*,#697,.T.);
#949=ORIENTED_EDGE('',*,*,#645,.T.);
#950=ORIENTED_EDGE('',*,*,#697,.F.);
#951=ORIENTED_EDGE('',*,*,#647,.T.);
#952=ORIENTED_EDGE('',*,*,#698,.T.);
#953=ORIENTED_EDGE('',*,*,#696,.F.);
#954=ORIENTED_EDGE('',*,*,#699,.F.);
#955=ORIENTED_EDGE('',*,*,#648,.T.);
#956=ORIENTED_EDGE('',*,*,#699,.T.);
#957=ORIENTED_EDGE('',*,*,#695,.F.);
#958=ORIENTED_EDGE('',*,*,#700,.F.);
#959=ORIENTED_EDGE('',*,*,#649,.T.);
#960=ORIENTED_EDGE('',*,*,#700,.T.);
#961=ORIENTED_EDGE('',*,*,#694,.F.);
#962=ORIENTED_EDGE('',*,*,#701,.F.);
#963=ORIENTED_EDGE('',*,*,#646,.T.);
#964=ORIENTED_EDGE('',*,*,#701,.T.);
#965=ORIENTED_EDGE('',*,*,#693,.F.);
#966=ORIENTED_EDGE('',*,*,#698,.F.);
#967=ORIENTED_EDGE('',*,*,#702,.T.);
#968=ORIENTED_EDGE('',*,*,#703,.F.);
#969=ORIENTED_EDGE('',*,*,#704,.F.);
#970=ORIENTED_EDGE('',*,*,#705,.T.);
#971=ORIENTED_EDGE('',*,*,#706,.T.);
#972=ORIENTED_EDGE('',*,*,#707,.F.);
#973=ORIENTED_EDGE('',*,*,#702,.F.);
#974=ORIENTED_EDGE('',*,*,#708,.F.);
#975=ORIENTED_EDGE('',*,*,#709,.T.);
#976=ORIENTED_EDGE('',*,*,#710,.T.);
#977=ORIENTED_EDGE('',*,*,#705,.F.);
#978=ORIENTED_EDGE('',*,*,#711,.F.);
#979=ORIENTED_EDGE('',*,*,#712,.T.);
#980=ORIENTED_EDGE('',*,*,#713,.T.);
#981=ORIENTED_EDGE('',*,*,#709,.F.);
#982=ORIENTED_EDGE('',*,*,#714,.F.);
#983=ORIENTED_EDGE('',*,*,#715,.T.);
#984=ORIENTED_EDGE('',*,*,#716,.T.);
#985=ORIENTED_EDGE('',*,*,#712,.F.);
#986=ORIENTED_EDGE('',*,*,#717,.F.);
#987=ORIENTED_EDGE('',*,*,#718,.T.);
#988=ORIENTED_EDGE('',*,*,#719,.T.);
#989=ORIENTED_EDGE('',*,*,#715,.F.);
#990=ORIENTED_EDGE('',*,*,#720,.F.);
#991=ORIENTED_EDGE('',*,*,#721,.T.);
#992=ORIENTED_EDGE('',*,*,#722,.T.);
#993=ORIENTED_EDGE('',*,*,#718,.F.);
#994=ORIENTED_EDGE('',*,*,#723,.F.);
#995=ORIENTED_EDGE('',*,*,#724,.T.);
#996=ORIENTED_EDGE('',*,*,#725,.T.);
#997=ORIENTED_EDGE('',*,*,#721,.F.);
#998=ORIENTED_EDGE('',*,*,#726,.F.);
#999=ORIENTED_EDGE('',*,*,#727,.T.);
#1000=ORIENTED_EDGE('',*,*,#728,.T.);
#1001=ORIENTED_EDGE('',*,*,#724,.F.);
#1002=ORIENTED_EDGE('',*,*,#729,.F.);
#1003=ORIENTED_EDGE('',*,*,#730,.F.);
#1004=ORIENTED_EDGE('',*,*,#731,.F.);
#1005=ORIENTED_EDGE('',*,*,#732,.F.);
#1006=ORIENTED_EDGE('',*,*,#733,.T.);
#1007=ORIENTED_EDGE('',*,*,#734,.F.);
#1008=ORIENTED_EDGE('',*,*,#735,.F.);
#1009=ORIENTED_EDGE('',*,*,#706,.F.);
#1010=ORIENTED_EDGE('',*,*,#710,.F.);
#1011=ORIENTED_EDGE('',*,*,#713,.F.);
#1012=ORIENTED_EDGE('',*,*,#716,.F.);
#1013=ORIENTED_EDGE('',*,*,#719,.F.);
#1014=ORIENTED_EDGE('',*,*,#722,.F.);
#1015=ORIENTED_EDGE('',*,*,#725,.F.);
#1016=ORIENTED_EDGE('',*,*,#728,.F.);
#1017=ORIENTED_EDGE('',*,*,#736,.F.);
#1018=ORIENTED_EDGE('',*,*,#733,.F.);
#1019=ORIENTED_EDGE('',*,*,#737,.F.);
#1020=ORIENTED_EDGE('',*,*,#730,.T.);
#1021=ORIENTED_EDGE('',*,*,#736,.T.);
#1022=ORIENTED_EDGE('',*,*,#727,.F.);
#1023=ORIENTED_EDGE('',*,*,#738,.F.);
#1024=ORIENTED_EDGE('',*,*,#734,.T.);
#1025=ORIENTED_EDGE('',*,*,#739,.F.);
#1026=ORIENTED_EDGE('',*,*,#731,.T.);
#1027=ORIENTED_EDGE('',*,*,#738,.T.);
#1028=ORIENTED_EDGE('',*,*,#729,.T.);
#1029=ORIENTED_EDGE('',*,*,#726,.T.);
#1030=ORIENTED_EDGE('',*,*,#723,.T.);
#1031=ORIENTED_EDGE('',*,*,#720,.T.);
#1032=ORIENTED_EDGE('',*,*,#717,.T.);
#1033=ORIENTED_EDGE('',*,*,#714,.T.);
#1034=ORIENTED_EDGE('',*,*,#711,.T.);
#1035=ORIENTED_EDGE('',*,*,#708,.T.);
#1036=ORIENTED_EDGE('',*,*,#704,.T.);
#1037=ORIENTED_EDGE('',*,*,#740,.F.);
#1038=ORIENTED_EDGE('',*,*,#741,.F.);
#1039=ORIENTED_EDGE('',*,*,#742,.F.);
#1040=ORIENTED_EDGE('',*,*,#743,.T.);
#1041=ORIENTED_EDGE('',*,*,#744,.F.);
#1042=ORIENTED_EDGE('',*,*,#745,.F.);
#1043=ORIENTED_EDGE('',*,*,#746,.F.);
#1044=ORIENTED_EDGE('',*,*,#747,.F.);
#1045=ORIENTED_EDGE('',*,*,#748,.F.);
#1046=ORIENTED_EDGE('',*,*,#739,.T.);
#1047=ORIENTED_EDGE('',*,*,#737,.T.);
#1048=ORIENTED_EDGE('',*,*,#732,.T.);
#1049=ORIENTED_EDGE('',*,*,#749,.F.);
#1050=ORIENTED_EDGE('',*,*,#750,.T.);
#1051=ORIENTED_EDGE('',*,*,#751,.F.);
#1052=ORIENTED_EDGE('',*,*,#744,.T.);
#1053=ORIENTED_EDGE('',*,*,#752,.F.);
#1054=ORIENTED_EDGE('',*,*,#753,.T.);
#1055=ORIENTED_EDGE('',*,*,#754,.F.);
#1056=ORIENTED_EDGE('',*,*,#748,.T.);
#1057=ORIENTED_EDGE('',*,*,#755,.T.);
#1058=ORIENTED_EDGE('',*,*,#752,.T.);
#1059=ORIENTED_EDGE('',*,*,#747,.T.);
#1060=ORIENTED_EDGE('',*,*,#756,.F.);
#1061=ORIENTED_EDGE('',*,*,#757,.F.);
#1062=ORIENTED_EDGE('',*,*,#758,.T.);
#1063=ORIENTED_EDGE('',*,*,#759,.T.);
#1064=ORIENTED_EDGE('',*,*,#760,.F.);
#1065=ORIENTED_EDGE('',*,*,#761,.F.);
#1066=ORIENTED_EDGE('',*,*,#762,.T.);
#1067=ORIENTED_EDGE('',*,*,#753,.F.);
#1068=ORIENTED_EDGE('',*,*,#755,.F.);
#1069=ORIENTED_EDGE('',*,*,#763,.F.);
#1070=ORIENTED_EDGE('',*,*,#764,.F.);
#1071=ORIENTED_EDGE('',*,*,#750,.F.);
#1072=ORIENTED_EDGE('',*,*,#765,.F.);
#1073=ORIENTED_EDGE('',*,*,#749,.T.);
#1074=ORIENTED_EDGE('',*,*,#743,.F.);
#1075=ORIENTED_EDGE('',*,*,#766,.F.);
#1076=ORIENTED_EDGE('',*,*,#765,.T.);
#1077=ORIENTED_EDGE('',*,*,#746,.T.);
#1078=ORIENTED_EDGE('',*,*,#767,.T.);
#1079=ORIENTED_EDGE('',*,*,#768,.T.);
#1080=ORIENTED_EDGE('',*,*,#756,.T.);
#1081=ORIENTED_EDGE('',*,*,#754,.T.);
#1082=ORIENTED_EDGE('',*,*,#762,.F.);
#1083=ORIENTED_EDGE('',*,*,#769,.F.);
#1084=ORIENTED_EDGE('',*,*,#741,.T.);
#1085=ORIENTED_EDGE('',*,*,#770,.T.);
#1086=ORIENTED_EDGE('',*,*,#757,.T.);
#1087=ORIENTED_EDGE('',*,*,#768,.F.);
#1088=ORIENTED_EDGE('',*,*,#771,.F.);
#1089=ORIENTED_EDGE('',*,*,#735,.T.);
#1090=ORIENTED_EDGE('',*,*,#740,.T.);
#1091=ORIENTED_EDGE('',*,*,#703,.T.);
#1092=ORIENTED_EDGE('',*,*,#707,.T.);
#1093=ORIENTED_EDGE('',*,*,#764,.T.);
#1094=ORIENTED_EDGE('',*,*,#772,.F.);
#1095=ORIENTED_EDGE('',*,*,#773,.F.);
#1096=ORIENTED_EDGE('',*,*,#774,.T.);
#1097=ORIENTED_EDGE('',*,*,#771,.T.);
#1098=ORIENTED_EDGE('',*,*,#767,.F.);
#1099=ORIENTED_EDGE('',*,*,#745,.T.);
#1100=ORIENTED_EDGE('',*,*,#751,.T.);
#1101=ORIENTED_EDGE('',*,*,#775,.T.);
#1102=ORIENTED_EDGE('',*,*,#773,.T.);
#1103=ORIENTED_EDGE('',*,*,#776,.F.);
#1104=ORIENTED_EDGE('',*,*,#759,.F.);
#1105=ORIENTED_EDGE('',*,*,#775,.F.);
#1106=ORIENTED_EDGE('',*,*,#758,.F.);
#1107=ORIENTED_EDGE('',*,*,#770,.F.);
#1108=ORIENTED_EDGE('',*,*,#774,.F.);
#1109=ORIENTED_EDGE('',*,*,#742,.T.);
#1110=ORIENTED_EDGE('',*,*,#769,.T.);
#1111=ORIENTED_EDGE('',*,*,#761,.T.);
#1112=ORIENTED_EDGE('',*,*,#766,.T.);
#1113=ORIENTED_EDGE('',*,*,#763,.T.);
#1114=ORIENTED_EDGE('',*,*,#760,.T.);
#1115=ORIENTED_EDGE('',*,*,#776,.T.);
#1116=ORIENTED_EDGE('',*,*,#772,.T.);
#1117=SPHERICAL_SURFACE('',#1201,3.);
#1118=SPHERICAL_SURFACE('',#1205,3.);
#1119=SPHERICAL_SURFACE('',#1212,3.);
#1120=SPHERICAL_SURFACE('',#1216,3.);
#1121=ADVANCED_FACE('',(#329),#1117,.F.);
#1122=ADVANCED_FACE('',(#330),#1118,.F.);
#1123=ADVANCED_FACE('',(#331),#299,.F.);
#1124=ADVANCED_FACE('',(#332),#300,.F.);
#1125=ADVANCED_FACE('',(#333),#1119,.F.);
#1126=ADVANCED_FACE('',(#334),#1120,.F.);
#1127=ADVANCED_FACE('',(#335),#301,.F.);
#1128=ADVANCED_FACE('',(#336),#302,.F.);
#1129=ADVANCED_FACE('',(#337),#303,.F.);
#1130=ADVANCED_FACE('',(#338),#304,.F.);
#1131=ADVANCED_FACE('',(#339),#305,.F.);
#1132=ADVANCED_FACE('',(#340),#306,.F.);
#1133=ADVANCED_FACE('',(#341),#56,.T.);
#1134=ADVANCED_FACE('',(#342),#57,.T.);
#1135=ADVANCED_FACE('',(#343,#49,#50),#58,.F.);
#1136=ADVANCED_FACE('',(#344),#307,.F.);
#1137=ADVANCED_FACE('',(#345),#308,.F.);
#1138=ADVANCED_FACE('',(#346),#59,.T.);
#1139=ADVANCED_FACE('',(#347),#60,.T.);
#1140=ADVANCED_FACE('',(#348),#61,.T.);
#1141=ADVANCED_FACE('',(#349),#62,.T.);
#1142=ADVANCED_FACE('',(#350),#63,.T.);
#1143=ADVANCED_FACE('',(#351),#309,.F.);
#1144=ADVANCED_FACE('',(#352),#310,.F.);
#1145=ADVANCED_FACE('',(#353),#64,.T.);
#1146=ADVANCED_FACE('',(#354),#65,.T.);
#1147=ADVANCED_FACE('',(#355),#66,.T.);
#1148=ADVANCED_FACE('',(#356),#67,.T.);
#1149=ADVANCED_FACE('',(#357),#311,.T.);
#1150=ADVANCED_FACE('',(#358),#312,.T.);
#1151=ADVANCED_FACE('',(#359),#313,.T.);
#1152=ADVANCED_FACE('',(#360),#314,.T.);
#1153=ADVANCED_FACE('',(#361),#68,.T.);
#1154=ADVANCED_FACE('',(#362,#51,#52),#69,.T.);
#1155=ADVANCED_FACE('',(#363),#315,.F.);
#1156=ADVANCED_FACE('',(#364),#70,.T.);
#1157=ADVANCED_FACE('',(#365),#71,.T.);
#1158=ADVANCED_FACE('',(#366),#72,.T.);
#1159=ADVANCED_FACE('',(#367),#73,.T.);
#1160=ADVANCED_FACE('',(#368),#316,.F.);
#1161=ADVANCED_FACE('',(#369),#317,.F.);
#1162=ADVANCED_FACE('',(#370),#318,.F.);
#1163=ADVANCED_FACE('',(#371),#319,.F.);
#1164=ADVANCED_FACE('',(#372),#320,.F.);
#1165=ADVANCED_FACE('',(#373),#321,.F.);
#1166=ADVANCED_FACE('',(#374),#322,.F.);
#1167=ADVANCED_FACE('',(#375),#323,.F.);
#1168=ADVANCED_FACE('',(#376),#324,.F.);
#1169=ADVANCED_FACE('',(#377),#325,.F.);
#1170=ADVANCED_FACE('',(#378),#13,.F.);
#1171=ADVANCED_FACE('',(#379),#326,.F.);
#1172=ADVANCED_FACE('',(#380),#14,.F.);
#1173=ADVANCED_FACE('',(#381,#53),#74,.T.);
#1174=ADVANCED_FACE('',(#382),#327,.F.);
#1175=ADVANCED_FACE('',(#383),#328,.F.);
#1176=ADVANCED_FACE('',(#384),#75,.T.);
#1177=ADVANCED_FACE('',(#385),#76,.T.);
#1178=ADVANCED_FACE('',(#386),#77,.T.);
#1179=ADVANCED_FACE('',(#387),#78,.T.);
#1180=ADVANCED_FACE('',(#388),#79,.T.);
#1181=ADVANCED_FACE('',(#389,#54),#80,.T.);
#1182=ADVANCED_FACE('',(#390),#81,.T.);
#1183=ADVANCED_FACE('',(#391),#82,.T.);
#1184=ADVANCED_FACE('',(#392,#55),#83,.T.);
#1185=ADVANCED_FACE('',(#393),#84,.T.);
#1186=CLOSED_SHELL('',(#1121,#1122,#1123,#1124,#1125,#1126,#1127,#1128,
#1129,#1130,#1131,#1132,#1133,#1134,#1135,#1136,#1137,#1138,#1139,#1140,
#1141,#1142,#1143,#1144,#1145,#1146,#1147,#1148,#1149,#1150,#1151,#1152,
#1153,#1154,#1155,#1156,#1157,#1158,#1159));
#1187=CLOSED_SHELL('',(#1160,#1161,#1162,#1163,#1164,#1165,#1166,#1167,
#1168,#1169,#1170,#1171,#1172,#1173,#1174,#1175,#1176,#1177,#1178,#1179,
#1180,#1181,#1182,#1183,#1184,#1185));
#1188=DERIVED_UNIT_ELEMENT(#1190,1.);
#1189=DERIVED_UNIT_ELEMENT(#3813,-3.);
#1190=(
MASS_UNIT()
NAMED_UNIT(*)
SI_UNIT(.KILO.,.GRAM.)
);
#1191=DERIVED_UNIT((#1188,#1189));
#1192=MEASURE_REPRESENTATION_ITEM('density measure',
POSITIVE_RATIO_MEASURE(7850.),#1191);
#1193=PROPERTY_DEFINITION_REPRESENTATION(#1198,#1195);
#1194=PROPERTY_DEFINITION_REPRESENTATION(#1199,#1196);
#1195=REPRESENTATION('material name',(#1197),#3810);
#1196=REPRESENTATION('density',(#1192),#3810);
#1197=DESCRIPTIVE_REPRESENTATION_ITEM('Acier','Acier');
#1198=PROPERTY_DEFINITION('material property','material name',#3820);
#1199=PROPERTY_DEFINITION('material property','density of part',#3820);
#1200=AXIS2_PLACEMENT_3D('',#1610,#1301,#1302);
#1201=AXIS2_PLACEMENT_3D('',#1611,#1303,#1304);
#1202=AXIS2_PLACEMENT_3D('',#1614,#1305,#1306);
#1203=AXIS2_PLACEMENT_3D('',#1616,#1307,#1308);
#1204=AXIS2_PLACEMENT_3D('',#1617,#1309,#1310);
#1205=AXIS2_PLACEMENT_3D('',#1618,#1311,#1312);
#1206=AXIS2_PLACEMENT_3D('',#1621,#1313,#1314);
#1207=AXIS2_PLACEMENT_3D('',#1623,#1315,#1316);
#1208=AXIS2_PLACEMENT_3D('',#1624,#1317,#1318);
#1209=AXIS2_PLACEMENT_3D('',#1625,#1319,#1320);
#1210=AXIS2_PLACEMENT_3D('',#1628,#1323,#1324);
#1211=AXIS2_PLACEMENT_3D('',#1631,#1325,#1326);
#1212=AXIS2_PLACEMENT_3D('',#1634,#1329,#1330);
#1213=AXIS2_PLACEMENT_3D('',#1637,#1331,#1332);
#1214=AXIS2_PLACEMENT_3D('',#1639,#1333,#1334);
#1215=AXIS2_PLACEMENT_3D('',#1640,#1335,#1336);
#1216=AXIS2_PLACEMENT_3D('',#1641,#1337,#1338);
#1217=AXIS2_PLACEMENT_3D('',#1644,#1339,#1340);
#1218=AXIS2_PLACEMENT_3D('',#1646,#1341,#1342);
#1219=AXIS2_PLACEMENT_3D('',#1647,#1343,#1344);
#1220=AXIS2_PLACEMENT_3D('',#1648,#1345,#1346);
#1221=AXIS2_PLACEMENT_3D('',#1651,#1349,#1350);
#1222=AXIS2_PLACEMENT_3D('',#1654,#1351,#1352);
#1223=AXIS2_PLACEMENT_3D('',#1657,#1355,#1356);
#1224=AXIS2_PLACEMENT_3D('',#1660,#1359,#1360);
#1225=AXIS2_PLACEMENT_3D('',#1663,#1361,#1362);
#1226=AXIS2_PLACEMENT_3D('',#1666,#1365,#1366);
#1227=AXIS2_PLACEMENT_3D('',#1669,#1369,#1370);
#1228=AXIS2_PLACEMENT_3D('',#1672,#1371,#1372);
#1229=AXIS2_PLACEMENT_3D('',#1675,#1375,#1376);
#1230=AXIS2_PLACEMENT_3D('',#1679,#1378,#1379);
#1231=AXIS2_PLACEMENT_3D('',#1681,#1381,#1382);
#1232=AXIS2_PLACEMENT_3D('',#1685,#1384,#1385);
#1233=AXIS2_PLACEMENT_3D('',#1687,#1387,#1388);
#1234=AXIS2_PLACEMENT_3D('',#1689,#1389,#1390);
#1235=AXIS2_PLACEMENT_3D('',#1698,#1395,#1396);
#1236=AXIS2_PLACEMENT_3D('',#1701,#1397,#1398);
#1237=AXIS2_PLACEMENT_3D('',#1705,#1400,#1401);
#1238=AXIS2_PLACEMENT_3D('',#1707,#1403,#1404);
#1239=AXIS2_PLACEMENT_3D('',#1711,#1406,#1407);
#1240=AXIS2_PLACEMENT_3D('',#1713,#1409,#1410);
#1241=AXIS2_PLACEMENT_3D('',#1723,#1416,#1417);
#1242=AXIS2_PLACEMENT_3D('',#1729,#1421,#1422);
#1243=AXIS2_PLACEMENT_3D('',#1732,#1425,#1426);
#1244=AXIS2_PLACEMENT_3D('',#1740,#1431,#1432);
#1245=AXIS2_PLACEMENT_3D('',#1748,#1437,#1438);
#1246=AXIS2_PLACEMENT_3D('',#1752,#1440,#1441);
#1247=AXIS2_PLACEMENT_3D('',#1754,#1443,#1444);
#1248=AXIS2_PLACEMENT_3D('',#1755,#1445,#1446);
#1249=AXIS2_PLACEMENT_3D('',#1756,#1447,#1448);
#1250=AXIS2_PLACEMENT_3D('',#1757,#1449,#1450);
#1251=AXIS2_PLACEMENT_3D('',#1758,#1451,#1452);
#1252=AXIS2_PLACEMENT_3D('',#1760,#1454,#1455);
#1253=AXIS2_PLACEMENT_3D('',#1762,#1457,#1458);
#1254=AXIS2_PLACEMENT_3D('',#1764,#1460,#1461);
#1255=AXIS2_PLACEMENT_3D('',#1768,#1463,#1464);
#1256=AXIS2_PLACEMENT_3D('',#1769,#1465,#1466);
#1257=AXIS2_PLACEMENT_3D('',#1770,#1467,#1468);
#1258=AXIS2_PLACEMENT_3D('',#1773,#1470,#1471);
#1259=AXIS2_PLACEMENT_3D('',#1774,#1472,#1473);
#1260=AXIS2_PLACEMENT_3D('',#1777,#1475,#1476);
#1261=AXIS2_PLACEMENT_3D('',#1778,#1477,#1478);
#1262=AXIS2_PLACEMENT_3D('',#1781,#1481,#1482);
#1263=AXIS2_PLACEMENT_3D('',#1782,#1483,#1484);
#1264=AXIS2_PLACEMENT_3D('',#1784,#1485,#1486);
#1265=AXIS2_PLACEMENT_3D('',#1793,#1491,#1492);
#1266=AXIS2_PLACEMENT_3D('',#1795,#1494,#1495);
#1267=AXIS2_PLACEMENT_3D('',#1798,#1498,#1499);
#1268=AXIS2_PLACEMENT_3D('',#1800,#1501,#1502);
#1269=AXIS2_PLACEMENT_3D('',#1802,#1504,#1505);
#1270=AXIS2_PLACEMENT_3D('',#1803,#1506,#1507);
#1271=AXIS2_PLACEMENT_3D('',#1808,#1509,#1510);
#1272=AXIS2_PLACEMENT_3D('',#1822,#1511,#1512);
#1273=AXIS2_PLACEMENT_3D('',#1861,#1514,#1515);
#1274=AXIS2_PLACEMENT_3D('',#1899,#1516,#1517);
#1275=AXIS2_PLACEMENT_3D('',#1962,#1519,#1520);
#1276=AXIS2_PLACEMENT_3D('',#2028,#1522,#1523);
#1277=AXIS2_PLACEMENT_3D('',#2088,#1525,#1526);
#1278=AXIS2_PLACEMENT_3D('',#2154,#1528,#1529);
#1279=AXIS2_PLACEMENT_3D('',#2217,#1531,#1532);
#1280=AXIS2_PLACEMENT_3D('',#2280,#1534,#1535);
#1281=AXIS2_PLACEMENT_3D('',#2340,#1537,#1538);
#1282=AXIS2_PLACEMENT_3D('',#2350,#1540,#1541);
#1283=AXIS2_PLACEMENT_3D('',#3190,#1542,#1543);
#1284=AXIS2_PLACEMENT_3D('',#3735,#1544,#1545);
#1285=AXIS2_PLACEMENT_3D('',#3744,#1549,#1550);
#1286=AXIS2_PLACEMENT_3D('',#3751,#1554,#1555);
#1287=AXIS2_PLACEMENT_3D('',#3752,#1556,#1557);
#1288=AXIS2_PLACEMENT_3D('',#3756,#1559,#1560);
#1289=AXIS2_PLACEMENT_3D('',#3758,#1562,#1563);
#1290=AXIS2_PLACEMENT_3D('',#3762,#1565,#1566);
#1291=AXIS2_PLACEMENT_3D('',#3764,#1568,#1569);
#1292=AXIS2_PLACEMENT_3D('',#3776,#1576,#1577);
#1293=AXIS2_PLACEMENT_3D('',#3785,#1583,#1584);
#1294=AXIS2_PLACEMENT_3D('',#3787,#1586,#1587);
#1295=AXIS2_PLACEMENT_3D('',#3791,#1590,#1591);
#1296=AXIS2_PLACEMENT_3D('',#3793,#1593,#1594);
#1297=AXIS2_PLACEMENT_3D('',#3797,#1597,#1598);
#1298=AXIS2_PLACEMENT_3D('',#3803,#1602,#1603);
#1299=AXIS2_PLACEMENT_3D('',#3806,#1606,#1607);
#1300=AXIS2_PLACEMENT_3D('',#3807,#1608,#1609);
#1301=DIRECTION('axis',(0.,0.,1.));
#1302=DIRECTION('refdir',(1.,0.,0.));
#1303=DIRECTION('center_axis',(-0.816496580927726,-0.408248290463863,0.408248290463863));
#1304=DIRECTION('ref_axis',(-0.577350269189625,0.577350269189626,-0.577350269189626));
#1305=DIRECTION('center_axis',(0.,-1.,0.));
#1306=DIRECTION('ref_axis',(0.,0.,-1.));
#1307=DIRECTION('center_axis',(1.,0.,0.));
#1308=DIRECTION('ref_axis',(0.,1.,0.));
#1309=DIRECTION('center_axis',(0.,0.,1.));
#1310=DIRECTION('ref_axis',(-1.,0.,0.));
#1311=DIRECTION('center_axis',(-0.816496580927726,0.408248290463863,-0.408248290463863));
#1312=DIRECTION('ref_axis',(0.577350269189626,0.577350269189626,-0.577350269189626));
#1313=DIRECTION('center_axis',(0.,0.,1.));
#1314=DIRECTION('ref_axis',(0.,1.,0.));
#1315=DIRECTION('center_axis',(-1.,0.,0.));
#1316=DIRECTION('ref_axis',(0.,0.,-1.));
#1317=DIRECTION('center_axis',(0.,-1.,0.));
#1318=DIRECTION('ref_axis',(1.,0.,0.));
#1319=DIRECTION('center_axis',(1.,0.,0.));
#1320=DIRECTION('ref_axis',(0.,0.707106781186548,-0.707106781186547));
#1321=DIRECTION('',(-1.,0.,0.));
#1322=DIRECTION('',(1.,0.,0.));
#1323=DIRECTION('center_axis',(0.,-1.,0.));
#1324=DIRECTION('ref_axis',(0.707106781186549,0.,-0.707106781186547));
#1325=DIRECTION('center_axis',(0.,-1.,0.));
#1326=DIRECTION('ref_axis',(0.707106781186549,0.,-0.707106781186547));
#1327=DIRECTION('',(0.,1.,0.));
#1328=DIRECTION('',(0.,-1.,0.));
#1329=DIRECTION('center_axis',(-0.408248290463862,0.408248290463862,-0.816496580927727));
#1330=DIRECTION('ref_axis',(-0.577350269189627,0.577350269189625,0.577350269189625));
#1331=DIRECTION('center_axis',(0.,0.,-1.));
#1332=DIRECTION('ref_axis',(0.,1.,0.));
#1333=DIRECTION('center_axis',(1.,0.,0.));
#1334=DIRECTION('ref_axis',(0.,0.,1.));
#1335=DIRECTION('center_axis',(0.,-1.,0.));
#1336=DIRECTION('ref_axis',(-1.,0.,0.));
#1337=DIRECTION('center_axis',(-0.816496580927726,0.408248290463863,0.408248290463863));
#1338=DIRECTION('ref_axis',(0.577350269189626,0.577350269189626,0.577350269189626));
#1339=DIRECTION('center_axis',(-1.,0.,0.));
#1340=DIRECTION('ref_axis',(0.,1.,0.));
#1341=DIRECTION('center_axis',(0.,0.,-1.));
#1342=DIRECTION('ref_axis',(1.,0.,0.));
#1343=DIRECTION('center_axis',(0.,-1.,0.));
#1344=DIRECTION('ref_axis',(0.,0.,1.));
#1345=DIRECTION('center_axis',(0.,0.,1.));
#1346=DIRECTION('ref_axis',(0.707106781186548,0.707106781186547,0.));
#1347=DIRECTION('',(0.,0.,-1.));
#1348=DIRECTION('',(0.,0.,1.));
#1349=DIRECTION('center_axis',(0.,-1.,0.));
#1350=DIRECTION('ref_axis',(0.707106781186549,0.,0.707106781186547));
#1351=DIRECTION('center_axis',(0.,-1.,0.));
#1352=DIRECTION('ref_axis',(0.707106781186549,0.,0.707106781186547));
#1353=DIRECTION('',(0.,1.,0.));
#1354=DIRECTION('',(0.,-1.,0.));
#1355=DIRECTION('center_axis',(-1.,0.,0.));
#1356=DIRECTION('ref_axis',(0.,0.707106781186548,0.707106781186547));
#1357=DIRECTION('',(1.,0.,0.));
#1358=DIRECTION('',(-1.,0.,0.));
#1359=DIRECTION('center_axis',(0.,-1.,0.));
#1360=DIRECTION('ref_axis',(-0.707106781186549,0.,0.707106781186547));
#1361=DIRECTION('center_axis',(0.,-1.,0.));
#1362=DIRECTION('ref_axis',(-0.707106781186549,0.,0.707106781186547));
#1363=DIRECTION('',(0.,1.,0.));
#1364=DIRECTION('',(0.,-1.,0.));
#1365=DIRECTION('center_axis',(3.1720657846433E-16,0.,-1.));
#1366=DIRECTION('ref_axis',(-0.707106781186548,0.707106781186547,0.));
#1367=DIRECTION('',(-3.1720657846433E-16,0.,1.));
#1368=DIRECTION('',(3.1720657846433E-16,0.,-1.));
#1369=DIRECTION('center_axis',(0.,-1.,0.));
#1370=DIRECTION('ref_axis',(-0.707106781186549,0.,-0.707106781186547));
#1371=DIRECTION('center_axis',(0.,-1.,0.));
#1372=DIRECTION('ref_axis',(-0.707106781186549,0.,-0.707106781186547));
#1373=DIRECTION('',(0.,1.,0.));
#1374=DIRECTION('',(0.,-1.,0.));
#1375=DIRECTION('center_axis',(-1.,0.,0.));
#1376=DIRECTION('ref_axis',(0.,0.,-1.));
#1377=DIRECTION('',(0.,0.,-1.));
#1378=DIRECTION('center_axis',(1.,0.,0.));
#1379=DIRECTION('ref_axis',(0.,0.,1.));
#1380=DIRECTION('',(0.,0.,-1.));
#1381=DIRECTION('center_axis',(0.,0.,1.));
#1382=DIRECTION('ref_axis',(-1.,0.,0.));
#1383=DIRECTION('',(-1.,0.,0.));
#1384=DIRECTION('center_axis',(0.,0.,-1.));
#1385=DIRECTION('ref_axis',(-1.,0.,0.));
#1386=DIRECTION('',(-1.,0.,0.));
#1387=DIRECTION('center_axis',(0.,1.,0.));
#1388=DIRECTION('ref_axis',(1.,0.,0.));
#1389=DIRECTION('center_axis',(0.,-1.,0.));
#1390=DIRECTION('ref_axis',(1.,0.,0.));
#1391=DIRECTION('',(-1.,0.,-1.99840144432528E-16));
#1392=DIRECTION('',(0.,0.,1.));
#1393=DIRECTION('',(1.,0.,0.));
#1394=DIRECTION('',(-7.16272919113005E-16,0.,-1.));
#1395=DIRECTION('center_axis',(0.,0.,1.));
#1396=DIRECTION('ref_axis',(-1.,0.,0.));
#1397=DIRECTION('center_axis',(0.,0.,1.));
#1398=DIRECTION('ref_axis',(-1.,0.,0.));
#1399=DIRECTION('',(0.,0.,-1.));
#1400=DIRECTION('center_axis',(0.,0.,-1.));
#1401=DIRECTION('ref_axis',(-1.,0.,0.));
#1402=DIRECTION('',(0.,0.,1.));
#1403=DIRECTION('center_axis',(0.,0.,1.));
#1404=DIRECTION('ref_axis',(-1.,0.,0.));
#1405=DIRECTION('',(0.,0.,1.));
#1406=DIRECTION('center_axis',(0.,0.,1.));
#1407=DIRECTION('ref_axis',(-1.,0.,0.));
#1408=DIRECTION('',(0.,0.,-1.));
#1409=DIRECTION('center_axis',(0.,0.,-1.));
#1410=DIRECTION('ref_axis',(-1.,0.,0.));
#1411=DIRECTION('',(1.,0.,0.));
#1412=DIRECTION('',(0.,1.,0.));
#1413=DIRECTION('',(-1.,0.,0.));
#1414=DIRECTION('',(0.,1.,0.));
#1415=DIRECTION('',(1.,0.,0.));
#1416=DIRECTION('center_axis',(0.,-1.,0.));
#1417=DIRECTION('ref_axis',(0.,0.,-1.));
#1418=DIRECTION('',(-3.1720657846433E-16,0.,1.));
#1419=DIRECTION('',(-1.,0.,0.));
#1420=DIRECTION('',(0.,0.,-1.));
#1421=DIRECTION('center_axis',(0.,0.,-1.));
#1422=DIRECTION('ref_axis',(1.,0.,0.));
#1423=DIRECTION('',(1.,0.,0.));
#1424=DIRECTION('',(1.,0.,0.));
#1425=DIRECTION('center_axis',(0.,-1.,0.));
#1426=DIRECTION('ref_axis',(0.,0.,-1.));
#1427=DIRECTION('',(-1.,0.,0.));
#1428=DIRECTION('',(0.,0.,-1.));
#1429=DIRECTION('',(1.,0.,0.));
#1430=DIRECTION('',(-3.1720657846433E-16,0.,1.));
#1431=DIRECTION('center_axis',(0.,0.,1.));
#1432=DIRECTION('ref_axis',(1.,0.,0.));
#1433=DIRECTION('',(-1.,0.,0.));
#1434=DIRECTION('',(0.,1.,0.));
#1435=DIRECTION('',(1.,0.,0.));
#1436=DIRECTION('',(0.,-1.,0.));
#1437=DIRECTION('center_axis',(1.,0.,0.));
#1438=DIRECTION('ref_axis',(0.,0.,1.));
#1439=DIRECTION('',(-1.,0.,0.));
#1440=DIRECTION('center_axis',(-1.,0.,0.));
#1441=DIRECTION('ref_axis',(0.,0.,1.));
#1442=DIRECTION('',(1.,0.,0.));
#1443=DIRECTION('center_axis',(1.,0.,0.));
#1444=DIRECTION('ref_axis',(0.,0.,1.));
#1445=DIRECTION('center_axis',(-1.,0.,-3.1720657846433E-16));
#1446=DIRECTION('ref_axis',(0.,0.,1.));
#1447=DIRECTION('center_axis',(1.,0.,0.));
#1448=DIRECTION('ref_axis',(0.,0.,1.));
#1449=DIRECTION('center_axis',(1.,0.,3.1720657846433E-16));
#1450=DIRECTION('ref_axis',(-3.1720657846433E-16,0.,1.));
#1451=DIRECTION('center_axis',(0.,-1.,0.));
#1452=DIRECTION('ref_axis',(0.,0.,-1.));
#1453=DIRECTION('',(0.,0.,1.));
#1454=DIRECTION('center_axis',(0.,-1.,0.));
#1455=DIRECTION('ref_axis',(0.,0.,-1.));
#1456=DIRECTION('',(0.,0.,1.));
#1457=DIRECTION('center_axis',(1.,0.,0.));
#1458=DIRECTION('ref_axis',(0.,0.,-1.));
#1459=DIRECTION('',(0.,0.,-1.));
#1460=DIRECTION('center_axis',(-1.,0.,0.));
#1461=DIRECTION('ref_axis',(0.,0.707106781186547,-0.707106781186547));
#1462=DIRECTION('',(1.,0.,0.));
#1463=DIRECTION('center_axis',(-0.707106781186548,0.,-0.707106781186548));
#1464=DIRECTION('ref_axis',(0.707106781186547,0.,-0.707106781186547));
#1465=DIRECTION('center_axis',(-0.707106781186548,-1.25607396694702E-15,
0.707106781186548));
#1466=DIRECTION('ref_axis',(-0.707106781186547,-1.25607396694702E-15,-0.707106781186547));
#1467=DIRECTION('center_axis',(0.,0.,-1.));
#1468=DIRECTION('ref_axis',(0.707106781186547,0.707106781186547,0.));
#1469=DIRECTION('',(0.,0.,1.));
#1470=DIRECTION('center_axis',(0.707106781186548,-1.25607396694702E-15,
-0.707106781186548));
#1471=DIRECTION('ref_axis',(0.707106781186547,-1.25607396694702E-15,0.707106781186547));
#1472=DIRECTION('center_axis',(1.,0.,0.));
#1473=DIRECTION('ref_axis',(0.,0.707106781186547,0.707106781186547));
#1474=DIRECTION('',(-1.,0.,0.));
#1475=DIRECTION('center_axis',(0.707106781186548,0.,0.707106781186548));
#1476=DIRECTION('ref_axis',(-0.707106781186547,0.,0.707106781186547));
#1477=DIRECTION('center_axis',(0.,0.,1.));
#1478=DIRECTION('ref_axis',(-0.707106781186547,0.707106781186547,0.));
#1479=DIRECTION('',(0.,0.,1.));
#1480=DIRECTION('',(0.,0.,-1.));
#1481=DIRECTION('center_axis',(-1.,0.,0.));
#1482=DIRECTION('ref_axis',(0.,0.,1.));
#1483=DIRECTION('center_axis',(0.,1.,0.));
#1484=DIRECTION('ref_axis',(1.,0.,0.));
#1485=DIRECTION('center_axis',(0.,-1.,0.));
#1486=DIRECTION('ref_axis',(1.,0.,0.));
#1487=DIRECTION('',(-1.,0.,-1.99840144432528E-16));
#1488=DIRECTION('',(-7.16272919113005E-16,0.,-1.));
#1489=DIRECTION('',(1.,0.,0.));
#1490=DIRECTION('',(0.,0.,1.));
#1491=DIRECTION('center_axis',(0.,1.,0.));
#1492=DIRECTION('ref_axis',(1.,0.,0.));
#1493=DIRECTION('',(0.,-1.,0.));
#1494=DIRECTION('center_axis',(-1.,0.,0.));
#1495=DIRECTION('ref_axis',(0.,0.,1.));
#1496=DIRECTION('',(0.,1.,0.));
#1497=DIRECTION('',(0.,1.,0.));
#1498=DIRECTION('center_axis',(0.,0.,1.));
#1499=DIRECTION('ref_axis',(1.,0.,0.));
#1500=DIRECTION('',(0.,1.,0.));
#1501=DIRECTION('center_axis',(1.,0.,-7.16272919113005E-16));
#1502=DIRECTION('ref_axis',(-7.16272919113005E-16,0.,-1.));
#1503=DIRECTION('',(0.,1.,0.));
#1504=DIRECTION('center_axis',(1.99840144432528E-16,0.,-1.));
#1505=DIRECTION('ref_axis',(-1.,0.,-1.99840144432528E-16));
#1506=DIRECTION('center_axis',(0.,0.,1.));
#1507=DIRECTION('ref_axis',(1.,4.49072669052464E-14,0.));
#1508=DIRECTION('',(1.22464679914735E-16,5.51455166522321E-30,1.));
#1509=DIRECTION('center_axis',(-5.86385400330188E-18,0.,-1.));
#1510=DIRECTION('ref_axis',(1.,4.49072669052464E-14,0.));
#1511=DIRECTION('center_axis',(0.,0.,1.));
#1512=DIRECTION('ref_axis',(1.,4.49072669052464E-14,0.));
#1513=DIRECTION('',(1.22464679914735E-16,5.51455166522321E-30,1.));
#1514=DIRECTION('center_axis',(-5.86385400330188E-18,0.,-1.));
#1515=DIRECTION('ref_axis',(1.,4.49072669052464E-14,0.));
#1516=DIRECTION('center_axis',(0.,0.,1.));
#1517=DIRECTION('ref_axis',(1.,4.49072669052464E-14,0.));
#1518=DIRECTION('',(1.22464679914735E-16,5.51455166522321E-30,1.));
#1519=DIRECTION('center_axis',(0.,0.,1.));
#1520=DIRECTION('ref_axis',(1.,4.49072669052464E-14,0.));
#1521=DIRECTION('',(1.22464679914735E-16,5.51455166522321E-30,1.));
#1522=DIRECTION('center_axis',(0.,0.,1.));
#1523=DIRECTION('ref_axis',(1.,4.49072669052464E-14,0.));
#1524=DIRECTION('',(1.22464679914735E-16,5.51455166522321E-30,1.));
#1525=DIRECTION('center_axis',(0.,0.,1.));
#1526=DIRECTION('ref_axis',(1.,4.49072669052464E-14,0.));
#1527=DIRECTION('',(1.22464679914735E-16,5.51455166522321E-30,1.));
#1528=DIRECTION('center_axis',(0.,0.,1.));
#1529=DIRECTION('ref_axis',(1.,4.49072669052464E-14,0.));
#1530=DIRECTION('',(1.22464679914735E-16,5.51455166522321E-30,1.));
#1531=DIRECTION('center_axis',(0.,0.,1.));
#1532=DIRECTION('ref_axis',(1.,4.49072669052464E-14,0.));
#1533=DIRECTION('',(1.22464679914735E-16,5.51455166522321E-30,1.));
#1534=DIRECTION('center_axis',(0.,0.,1.));
#1535=DIRECTION('ref_axis',(1.,4.49072669052464E-14,0.));
#1536=DIRECTION('',(1.22464679914735E-16,5.51455166522321E-30,1.));
#1537=DIRECTION('center_axis',(0.,0.,1.));
#1538=DIRECTION('ref_axis',(1.,4.49072669052464E-14,0.));
#1539=DIRECTION('',(1.22464679914735E-16,5.51455166522321E-30,1.));
#1540=DIRECTION('center_axis',(-1.99840144432528E-16,0.,1.));
#1541=DIRECTION('ref_axis',(1.,4.49072669052464E-14,0.));
#1542=DIRECTION('center_axis',(0.,0.,1.));
#1543=DIRECTION('ref_axis',(1.,4.49072669052464E-14,0.));
#1544=DIRECTION('center_axis',(1.99840144432528E-16,0.,-1.));
#1545=DIRECTION('ref_axis',(1.,0.,1.99840144432528E-16));
#1546=DIRECTION('',(0.,-1.,0.));
#1547=DIRECTION('',(-1.,0.,-1.99840144432528E-16));
#1548=DIRECTION('',(0.,-1.,0.));
#1549=DIRECTION('center_axis',(0.,0.,1.));
#1550=DIRECTION('ref_axis',(1.,0.,0.));
#1551=DIRECTION('',(0.,1.,0.));
#1552=DIRECTION('',(1.,0.,0.));
#1553=DIRECTION('',(0.,-1.,0.));
#1554=DIRECTION('center_axis',(0.,0.,1.));
#1555=DIRECTION('ref_axis',(1.,0.,0.));
#1556=DIRECTION('center_axis',(0.,0.,-1.));
#1557=DIRECTION('ref_axis',(1.,0.,0.));
#1558=DIRECTION('',(0.,0.,1.));
#1559=DIRECTION('center_axis',(0.,0.,-1.));
#1560=DIRECTION('ref_axis',(1.,0.,0.));
#1561=DIRECTION('',(0.,0.,-1.));
#1562=DIRECTION('center_axis',(0.,0.,-1.));
#1563=DIRECTION('ref_axis',(1.,0.,0.));
#1564=DIRECTION('',(0.,0.,1.));
#1565=DIRECTION('center_axis',(0.,0.,-1.));
#1566=DIRECTION('ref_axis',(1.,0.,0.));
#1567=DIRECTION('',(0.,0.,-1.));
#1568=DIRECTION('center_axis',(-1.,0.,4.51616145610233E-16));
#1569=DIRECTION('ref_axis',(-4.51616145610233E-16,0.,-1.));
#1570=DIRECTION('',(0.,1.,0.));
#1571=DIRECTION('',(-4.51616145610233E-16,0.,-1.));
#1572=DIRECTION('',(0.,-1.,0.));
#1573=DIRECTION('',(-4.51616145610233E-16,0.,-1.));
#1574=DIRECTION('',(0.,-1.,0.));
#1575=DIRECTION('',(-4.51616145610233E-16,0.,-1.));
#1576=DIRECTION('center_axis',(0.,0.,1.));
#1577=DIRECTION('ref_axis',(-1.,0.,0.));
#1578=DIRECTION('',(1.,0.,0.));
#1579=DIRECTION('',(0.,-1.,0.));
#1580=DIRECTION('',(-1.,0.,0.));
#1581=DIRECTION('',(0.,-1.,0.));
#1582=DIRECTION('',(0.,-1.,0.));
#1583=DIRECTION('center_axis',(-1.,0.,0.));
#1584=DIRECTION('ref_axis',(0.,0.,-1.));
#1585=DIRECTION('',(0.,0.,1.));
#1586=DIRECTION('center_axis',(0.,-1.,0.));
#1587=DIRECTION('ref_axis',(0.,0.,-1.));
#1588=DIRECTION('',(0.,0.,1.));
#1589=DIRECTION('',(-1.,0.,5.86385400330188E-18));
#1590=DIRECTION('center_axis',(1.,0.,-7.16272919113005E-16));
#1591=DIRECTION('ref_axis',(7.16272919113005E-16,0.,1.));
#1592=DIRECTION('',(-7.16272919113005E-16,0.,-1.));
#1593=DIRECTION('center_axis',(5.86385400330188E-18,0.,1.));
#1594=DIRECTION('ref_axis',(-1.,0.,5.86385400330188E-18));
#1595=DIRECTION('',(-1.,0.,5.86385400330188E-18));
#1596=DIRECTION('',(0.,-1.,0.));
#1597=DIRECTION('center_axis',(1.,0.,0.));
#1598=DIRECTION('ref_axis',(0.,0.,1.));
#1599=DIRECTION('',(0.,0.,1.));
#1600=DIRECTION('',(0.,-1.,0.));
#1601=DIRECTION('',(0.,0.,1.));
#1602=DIRECTION('center_axis',(0.,0.,-1.));
#1603=DIRECTION('ref_axis',(1.,0.,0.));
#1604=DIRECTION('',(1.,0.,0.));
#1605=DIRECTION('',(1.,0.,0.));
#1606=DIRECTION('center_axis',(0.,1.,0.));
#1607=DIRECTION('ref_axis',(1.,0.,0.));
#1608=DIRECTION('center_axis',(0.,-1.,0.));
#1609=DIRECTION('ref_axis',(0.,0.,-1.));
#1610=CARTESIAN_POINT('',(0.,0.,0.));
#1611=CARTESIAN_POINT('Origin',(-60.2500000000002,-3.,-25.0000000000001));
#1612=CARTESIAN_POINT('',(-60.2500000000002,-3.,-28.0000000000001));
#1613=CARTESIAN_POINT('',(-63.2500000000002,-3.,-25.0000000000001));
#1614=CARTESIAN_POINT('Origin',(-60.2500000000002,-3.,-25.0000000000001));
#1615=CARTESIAN_POINT('',(-60.2500000000002,0.,-25.0000000000001));
#1616=CARTESIAN_POINT('Origin',(-60.2500000000002,-3.,-25.0000000000001));
#1617=CARTESIAN_POINT('Origin',(-60.2500000000002,-3.,-25.0000000000001));
#1618=CARTESIAN_POINT('Origin',(60.2499999999998,-3.,-25.0000000000001));
#1619=CARTESIAN_POINT('',(60.2499999999998,0.,-25.0000000000001));
#1620=CARTESIAN_POINT('',(63.2499999999998,-3.,-25.0000000000001));
#1621=CARTESIAN_POINT('Origin',(60.2499999999998,-3.,-25.0000000000001));
#1622=CARTESIAN_POINT('',(60.2499999999998,-3.,-28.0000000000001));
#1623=CARTESIAN_POINT('Origin',(60.2499999999998,-3.,-25.0000000000001));
#1624=CARTESIAN_POINT('Origin',(60.2499999999998,-3.,-25.0000000000001));
#1625=CARTESIAN_POINT('Origin',(31.6249999999998,-3.,-25.0000000000001));
#1626=CARTESIAN_POINT('',(31.6249999999998,0.,-25.0000000000001));
#1627=CARTESIAN_POINT('',(31.6249999999998,-3.,-28.0000000000001));
#1628=CARTESIAN_POINT('Origin',(60.2499999999998,0.,-25.0000000000001));
#1629=CARTESIAN_POINT('',(60.2499999999999,-70.,-28.0000000000001));
#1630=CARTESIAN_POINT('',(63.2499999999998,-70.,-25.0000000000001));
#1631=CARTESIAN_POINT('Origin',(60.2499999999998,-70.,-25.0000000000001));
#1632=CARTESIAN_POINT('',(63.2499999999998,0.,-25.0000000000001));
#1633=CARTESIAN_POINT('',(60.2499999999998,0.,-28.0000000000001));
#1634=CARTESIAN_POINT('Origin',(-60.2500000000002,-3.,24.9999999999999));
#1635=CARTESIAN_POINT('',(-60.2500000000002,0.,24.9999999999999));
#1636=CARTESIAN_POINT('',(-63.2500000000002,-3.,24.9999999999999));
#1637=CARTESIAN_POINT('Origin',(-60.2500000000002,-3.,24.9999999999999));
#1638=CARTESIAN_POINT('',(-60.2500000000002,-3.,27.9999999999999));
#1639=CARTESIAN_POINT('Origin',(-60.2500000000002,-3.,24.9999999999999));
#1640=CARTESIAN_POINT('Origin',(-60.2500000000002,-3.,24.9999999999999));
#1641=CARTESIAN_POINT('Origin',(60.2499999999998,-3.,24.9999999999999));
#1642=CARTESIAN_POINT('',(60.2499999999998,0.,24.9999999999999));
#1643=CARTESIAN_POINT('',(60.2499999999998,-3.,27.9999999999999));
#1644=CARTESIAN_POINT('Origin',(60.2499999999998,-3.,24.9999999999999));
#1645=CARTESIAN_POINT('',(63.2499999999998,-3.,24.9999999999999));
#1646=CARTESIAN_POINT('Origin',(60.2499999999998,-3.,24.9999999999999));
#1647=CARTESIAN_POINT('Origin',(60.2499999999998,-3.,24.9999999999999));
#1648=CARTESIAN_POINT('Origin',(60.2499999999998,-3.,13.9999999999999));
#1649=CARTESIAN_POINT('',(60.2499999999998,0.,13.9999999999999));
#1650=CARTESIAN_POINT('',(63.2499999999998,-3.,13.9999999999999));
#1651=CARTESIAN_POINT('Origin',(60.2499999999998,0.,24.9999999999999));
#1652=CARTESIAN_POINT('',(63.2499999999998,-70.,24.9999999999999));
#1653=CARTESIAN_POINT('',(60.2499999999998,-70.,27.9999999999999));
#1654=CARTESIAN_POINT('Origin',(60.2499999999998,-70.,24.9999999999999));
#1655=CARTESIAN_POINT('',(60.2499999999998,0.,27.9999999999999));
#1656=CARTESIAN_POINT('',(63.2499999999998,0.,24.9999999999999));
#1657=CARTESIAN_POINT('Origin',(-31.6250000000002,-3.,24.9999999999999));
#1658=CARTESIAN_POINT('',(-31.6250000000002,0.,24.9999999999999));
#1659=CARTESIAN_POINT('',(-31.6250000000002,-3.,27.9999999999999));
#1660=CARTESIAN_POINT('Origin',(-60.2500000000002,0.,24.9999999999999));
#1661=CARTESIAN_POINT('',(-60.2500000000002,-70.,27.9999999999999));
#1662=CARTESIAN_POINT('',(-63.2500000000002,-70.,24.9999999999999));
#1663=CARTESIAN_POINT('Origin',(-60.2500000000002,-70.,24.9999999999999));
#1664=CARTESIAN_POINT('',(-63.2500000000002,0.,24.9999999999999));
#1665=CARTESIAN_POINT('',(-60.2500000000002,0.,27.9999999999999));
#1666=CARTESIAN_POINT('Origin',(-60.2500000000002,-3.,-14.0000000000001));
#1667=CARTESIAN_POINT('',(-60.2500000000002,0.,-14.0000000000001));
#1668=CARTESIAN_POINT('',(-63.2500000000002,-3.,-14.0000000000001));
#1669=CARTESIAN_POINT('Origin',(-60.2500000000002,0.,-25.0000000000001));
#1670=CARTESIAN_POINT('',(-63.2500000000002,-70.,-25.0000000000001));
#1671=CARTESIAN_POINT('',(-60.2500000000002,-70.,-28.0000000000001));
#1672=CARTESIAN_POINT('Origin',(-60.2500000000002,-70.,-25.0000000000001));
#1673=CARTESIAN_POINT('',(-60.2500000000002,0.,-28.0000000000001));
#1674=CARTESIAN_POINT('',(-63.2500000000002,0.,-25.0000000000001));
#1675=CARTESIAN_POINT('Origin',(63.2499999999998,0.,27.9999999999999));
#1676=CARTESIAN_POINT('',(63.2499999999999,-70.,-9.9999991059304));
#1677=CARTESIAN_POINT('',(63.2499999999998,-70.,-28.0000000000001));
#1678=CARTESIAN_POINT('',(63.2499999999999,-70.,9.99999910593025));
#1679=CARTESIAN_POINT('Origin',(63.2499999999999,-70.,-7.54951656745106E-14));
#1680=CARTESIAN_POINT('',(63.2499999999998,-70.,-28.0000000000001));
#1681=CARTESIAN_POINT('Origin',(63.2499999999998,0.,-28.0000000000001));
#1682=CARTESIAN_POINT('',(-10.0000000000002,-70.,-28.0000000000001));
#1683=CARTESIAN_POINT('',(-63.2500000000002,-70.,-28.0000000000001));
#1684=CARTESIAN_POINT('',(9.99999999999983,-70.,-28.0000000000001));
#1685=CARTESIAN_POINT('Origin',(-1.68753899743024E-13,-70.,-28.0000000000001));
#1686=CARTESIAN_POINT('',(-63.2500000000002,-70.,-28.0000000000001));
#1687=CARTESIAN_POINT('Origin',(-1.59872115546023E-13,0.,-7.54951656745106E-14));
#1688=CARTESIAN_POINT('',(-50.5000000000002,0.,2.47990976827339E-15));
#1689=CARTESIAN_POINT('Origin',(-30.2500000000002,0.,0.));
#1690=CARTESIAN_POINT('',(46.4166666666665,0.,-5.50000000000007));
#1691=CARTESIAN_POINT('',(13.0833333333332,0.,-5.50000000000008));
#1692=CARTESIAN_POINT('',(46.4166666666665,0.,-5.50000000000007));
#1693=CARTESIAN_POINT('',(46.4166666666665,0.,-21.0000000000001));
#1694=CARTESIAN_POINT('',(46.4166666666665,0.,-21.0000000000001));
#1695=CARTESIAN_POINT('',(13.0833333333332,0.,-21.0000000000001));
#1696=CARTESIAN_POINT('',(13.0833333333332,0.,-21.0000000000001));
#1697=CARTESIAN_POINT('',(13.0833333333332,0.,-5.50000000000008));
#1698=CARTESIAN_POINT('Origin',(-1.68753899743024E-13,-70.,-30.0000000000001));
#1699=CARTESIAN_POINT('',(9.99999999999983,-70.,27.9999999999999));
#1700=CARTESIAN_POINT('',(-10.0000000000002,-70.,27.9999999999999));
#1701=CARTESIAN_POINT('Origin',(-1.68753899743024E-13,-70.,27.9999999999999));
#1702=CARTESIAN_POINT('',(9.99999999999983,-70.,29.9999999999999));
#1703=CARTESIAN_POINT('',(9.99999999999983,-70.,-30.0000000000001));
#1704=CARTESIAN_POINT('',(-10.0000000000002,-70.,29.9999999999999));
#1705=CARTESIAN_POINT('Origin',(-1.68753899743024E-13,-70.,29.9999999999999));
#1706=CARTESIAN_POINT('',(-10.0000000000002,-70.,-30.0000000000001));
#1707=CARTESIAN_POINT('Origin',(-1.68753899743024E-13,-70.,-30.0000000000001));
#1708=CARTESIAN_POINT('',(-10.0000000000002,-70.,-30.0000000000001));
#1709=CARTESIAN_POINT('',(-10.0000000000002,-70.,-30.0000000000001));
#1710=CARTESIAN_POINT('',(9.99999999999983,-70.,-30.0000000000001));
#1711=CARTESIAN_POINT('Origin',(-1.68753899743024E-13,-70.,-30.0000000000001));
#1712=CARTESIAN_POINT('',(9.99999999999983,-70.,-30.0000000000001));
#1713=CARTESIAN_POINT('Origin',(65.2499999999998,0.,-30.0000000000001));
#1714=CARTESIAN_POINT('',(-65.2500000000002,-70.,-30.0000000000001));
#1715=CARTESIAN_POINT('',(-65.2500000000002,-70.,-30.0000000000001));
#1716=CARTESIAN_POINT('',(-65.2500000000002,-2.5,-30.0000000000001));
#1717=CARTESIAN_POINT('',(-65.2500000000002,0.,-30.0000000000001));
#1718=CARTESIAN_POINT('',(65.2499999999998,-2.5,-30.0000000000001));
#1719=CARTESIAN_POINT('',(32.6249999999998,-2.5,-30.0000000000001));
#1720=CARTESIAN_POINT('',(65.2499999999998,-70.,-30.0000000000001));
#1721=CARTESIAN_POINT('',(65.2499999999998,0.,-30.0000000000001));
#1722=CARTESIAN_POINT('',(-65.2500000000002,-70.,-30.0000000000001));
#1723=CARTESIAN_POINT('Origin',(-1.59872115546023E-13,-70.,-7.54951656745106E-14));
#1724=CARTESIAN_POINT('',(-63.2500000000002,-70.,-9.9999991059304));
#1725=CARTESIAN_POINT('',(-63.2500000000002,-70.,27.9999999999999));
#1726=CARTESIAN_POINT('',(-65.2500000000002,-70.,-9.9999991059304));
#1727=CARTESIAN_POINT('',(-65.2500000000002,-70.,-9.9999991059304));
#1728=CARTESIAN_POINT('',(-65.2500000000002,-70.,29.9999999999999));
#1729=CARTESIAN_POINT('Origin',(-63.2500000000002,0.,27.9999999999999));
#1730=CARTESIAN_POINT('',(63.2499999999998,-70.,27.9999999999999));
#1731=CARTESIAN_POINT('',(63.2499999999998,-70.,27.9999999999999));
#1732=CARTESIAN_POINT('Origin',(-1.59872115546023E-13,-70.,-7.54951656745106E-14));
#1733=CARTESIAN_POINT('',(-65.2500000000002,-70.,29.9999999999999));
#1734=CARTESIAN_POINT('',(65.2499999999998,-70.,29.9999999999999));
#1735=CARTESIAN_POINT('',(-65.2500000000002,-70.,9.99999910593025));
#1736=CARTESIAN_POINT('',(-65.2500000000002,-70.,29.9999999999999));
#1737=CARTESIAN_POINT('',(-63.2500000000002,-70.,9.99999910593025));
#1738=CARTESIAN_POINT('',(-65.2500000000002,-70.,9.99999910593025));
#1739=CARTESIAN_POINT('',(-63.2500000000002,-70.,27.9999999999999));
#1740=CARTESIAN_POINT('Origin',(-65.2500000000002,0.,29.9999999999999));
#1741=CARTESIAN_POINT('',(65.2499999999998,-70.,29.9999999999999));
#1742=CARTESIAN_POINT('',(65.2499999999998,-70.,29.9999999999999));
#1743=CARTESIAN_POINT('',(65.2499999999998,-2.5,29.9999999999999));
#1744=CARTESIAN_POINT('',(65.2499999999998,0.,29.9999999999999));
#1745=CARTESIAN_POINT('',(-65.2500000000002,-2.5,29.9999999999999));
#1746=CARTESIAN_POINT('',(-32.6250000000002,-2.5,29.9999999999999));
#1747=CARTESIAN_POINT('',(-65.2500000000002,0.,29.9999999999999));
#1748=CARTESIAN_POINT('Origin',(-65.2500000000002,-70.,-7.54951656745106E-14));
#1749=CARTESIAN_POINT('',(65.2499999999998,-70.,-9.9999991059304));
#1750=CARTESIAN_POINT('',(-65.2500000000002,-70.,-9.9999991059304));
#1751=CARTESIAN_POINT('',(65.2499999999998,-70.,9.99999910593025));
#1752=CARTESIAN_POINT('Origin',(65.2499999999998,-70.,-7.54951656745106E-14));
#1753=CARTESIAN_POINT('',(-65.2500000000002,-70.,9.99999910593025));
#1754=CARTESIAN_POINT('Origin',(-65.2500000000002,-70.,-7.54951656745106E-14));
#1755=CARTESIAN_POINT('Origin',(-63.2500000000002,-70.,-7.54951656745106E-14));
#1756=CARTESIAN_POINT('Origin',(-65.2500000000002,-70.,-7.54951656745106E-14));
#1757=CARTESIAN_POINT('Origin',(-63.2500000000002,0.,-28.0000000000001));
#1758=CARTESIAN_POINT('Origin',(-1.59872115546023E-13,-70.,-7.54951656745106E-14));
#1759=CARTESIAN_POINT('',(65.2499999999998,-70.,-30.0000000000001));
#1760=CARTESIAN_POINT('Origin',(-1.59872115546023E-13,-70.,-7.54951656745106E-14));
#1761=CARTESIAN_POINT('',(65.2499999999998,-70.,-30.0000000000001));
#1762=CARTESIAN_POINT('Origin',(65.2499999999998,0.,29.9999999999999));
#1763=CARTESIAN_POINT('',(65.2499999999998,-2.5,14.9999999999999));
#1764=CARTESIAN_POINT('Origin',(32.6249999999998,-2.5,-25.0000000000001));
#1765=CARTESIAN_POINT('',(-60.2500000000002,2.5,-25.0000000000001));
#1766=CARTESIAN_POINT('',(60.2499999999998,2.5,-25.0000000000001));
#1767=CARTESIAN_POINT('',(32.6249999999998,2.5,-25.0000000000001));
#1768=CARTESIAN_POINT('Origin',(60.2499999999998,-2.5,-25.0000000000001));
#1769=CARTESIAN_POINT('Origin',(-60.2500000000002,-2.5,-25.0000000000001));
#1770=CARTESIAN_POINT('Origin',(60.2499999999998,-2.5,14.9999999999999));
#1771=CARTESIAN_POINT('',(60.2499999999999,2.5,24.9999999999999));
#1772=CARTESIAN_POINT('',(60.2499999999998,2.5,14.9999999999999));
#1773=CARTESIAN_POINT('Origin',(60.2499999999998,-2.5,24.9999999999999));
#1774=CARTESIAN_POINT('Origin',(-32.6250000000002,-2.5,24.9999999999999));
#1775=CARTESIAN_POINT('',(-60.2500000000002,2.5,24.9999999999999));
#1776=CARTESIAN_POINT('',(-32.6250000000002,2.5,24.9999999999999));
#1777=CARTESIAN_POINT('Origin',(-60.2500000000002,-2.5,24.9999999999999));
#1778=CARTESIAN_POINT('Origin',(-60.2500000000002,-2.5,-15.0000000000001));
#1779=CARTESIAN_POINT('',(-65.2500000000002,-2.5,-15.0000000000001));
#1780=CARTESIAN_POINT('',(-60.2500000000002,2.5,-15.0000000000001));
#1781=CARTESIAN_POINT('Origin',(-65.2500000000002,0.,-30.0000000000001));
#1782=CARTESIAN_POINT('Origin',(-1.59872115546023E-13,2.5,-7.54951656745106E-14));
#1783=CARTESIAN_POINT('',(-50.5000000000002,2.5,2.22044604925031E-15));
#1784=CARTESIAN_POINT('Origin',(-30.2500000000002,2.5,0.));
#1785=CARTESIAN_POINT('',(46.4166666666665,2.5,-5.50000000000007));
#1786=CARTESIAN_POINT('',(13.0833333333332,2.5,-5.50000000000008));
#1787=CARTESIAN_POINT('',(46.4166666666665,2.5,-5.50000000000007));
#1788=CARTESIAN_POINT('',(13.0833333333332,2.5,-21.0000000000001));
#1789=CARTESIAN_POINT('',(13.0833333333332,2.5,-5.50000000000008));
#1790=CARTESIAN_POINT('',(46.4166666666665,2.5,-21.0000000000001));
#1791=CARTESIAN_POINT('',(13.0833333333332,2.5,-21.0000000000001));
#1792=CARTESIAN_POINT('',(46.4166666666665,2.5,-21.0000000000001));
#1793=CARTESIAN_POINT('Origin',(-30.2500000000002,0.,0.));
#1794=CARTESIAN_POINT('',(-50.5000000000002,0.,2.47990976827339E-15));
#1795=CARTESIAN_POINT('Origin',(46.4166666666665,0.,-21.0000000000001));
#1796=CARTESIAN_POINT('',(46.4166666666665,0.,-5.50000000000007));
#1797=CARTESIAN_POINT('',(46.4166666666665,0.,-21.0000000000001));
#1798=CARTESIAN_POINT('Origin',(13.0833333333332,0.,-21.0000000000001));
#1799=CARTESIAN_POINT('',(13.0833333333332,0.,-21.0000000000001));
#1800=CARTESIAN_POINT('Origin',(13.0833333333332,0.,-5.50000000000008));
#1801=CARTESIAN_POINT('',(13.0833333333332,0.,-5.50000000000008));
#1802=CARTESIAN_POINT('Origin',(46.4166666666665,0.,-5.50000000000007));
#1803=CARTESIAN_POINT('Origin',(29.7499999999998,-25.,-7.15623098284279));
#1804=CARTESIAN_POINT('',(26.1899244539847,-24.9998567798815,1.29071156626685));
#1805=CARTESIAN_POINT('',(26.1899499999998,-25.0000000000002,1.49999999999993));
#1806=CARTESIAN_POINT('',(26.1899499999998,-25.0000000000002,-7.15623098284279));
#1807=CARTESIAN_POINT('',(30.3962288378358,-28.5009062100667,1.49999999999993));
#1808=CARTESIAN_POINT('Origin',(29.7499999999998,-25.,1.49999999999993));
#1809=CARTESIAN_POINT('Ctrl Pts',(30.3961276227002,-28.5004946240345,1.49999999999989));
#1810=CARTESIAN_POINT('Ctrl Pts',(30.1031072273118,-28.5546634600817,1.49001189826596));
#1811=CARTESIAN_POINT('Ctrl Pts',(29.803400307427,-28.5725150604927,1.48002379653202));
#1812=CARTESIAN_POINT('Ctrl Pts',(29.5063169934552,-28.5521379895802,1.47003569479809));
#1813=CARTESIAN_POINT('Ctrl Pts',(28.8664565029147,-28.5082496862772,1.44852323894993));
#1814=CARTESIAN_POINT('Ctrl Pts',(28.2387666314727,-28.2870227838329,1.42701078310176));
#1815=CARTESIAN_POINT('Ctrl Pts',(27.7127677595581,-27.9200456951424,1.4054983272536));
#1816=CARTESIAN_POINT('Ctrl Pts',(27.1867688876434,-27.553068606452,1.38398587140544));
#1817=CARTESIAN_POINT('Ctrl Pts',(26.762461015256,-27.0403413315153,1.36247341555728));
#1818=CARTESIAN_POINT('Ctrl Pts',(26.5003720274005,-26.454973597256,1.34096095970911));
#1819=CARTESIAN_POINT('Ctrl Pts',(26.2963071085987,-25.999200845649,1.32421116189501));
#1820=CARTESIAN_POINT('Ctrl Pts',(26.1905845359078,-25.4993910929678,1.30746136408091));
#1821=CARTESIAN_POINT('Ctrl Pts',(26.1899244539848,-24.9998567798815,1.29071156626681));
#1822=CARTESIAN_POINT('Origin',(29.7499999999998,-25.,-7.15623098284279));
#1823=CARTESIAN_POINT('',(26.1934853863683,-25.0020066613482,0.5407115663828));
#1824=CARTESIAN_POINT('',(26.1901310946814,-25.0001249380269,0.834288433729129));
#1825=CARTESIAN_POINT('',(26.1899499999998,-25.0000000000002,-7.15623098284279));
#1826=CARTESIAN_POINT('',(27.0412407047331,-22.689896304743,1.49999999999993));
#1827=CARTESIAN_POINT('Ctrl Pts',(26.1901310946814,-25.0001249380269,0.834288433729129));
#1828=CARTESIAN_POINT('Ctrl Pts',(26.1899315128256,-25.2023425522167,0.841067730673244));
#1829=CARTESIAN_POINT('Ctrl Pts',(26.2068299234218,-25.4045233774931,0.84784702761736));
#1830=CARTESIAN_POINT('Ctrl Pts',(26.2411122422025,-25.6037114967533,0.854626324561475));
#1831=CARTESIAN_POINT('Ctrl Pts',(26.3498988723236,-26.2357867187693,0.876138780409638));
#1832=CARTESIAN_POINT('Ctrl Pts',(26.6337338797739,-26.837726695799,0.8976512362578));
#1833=CARTESIAN_POINT('Ctrl Pts',(27.0522874163548,-27.3236727256316,0.919163692105963));
#1834=CARTESIAN_POINT('Ctrl Pts',(27.4708409529356,-27.8096187554641,0.940676147954126));
#1835=CARTESIAN_POINT('Ctrl Pts',(28.024113018647,-28.1795708380995,0.962188603802287));
#1836=CARTESIAN_POINT('Ctrl Pts',(28.6331109345958,-28.3807618093666,0.98370105965045));
#1837=CARTESIAN_POINT('Ctrl Pts',(29.2421088505445,-28.5819527806337,1.00521351549861));
#1838=CARTESIAN_POINT('Ctrl Pts',(29.9068326167305,-28.6143826405324,1.02672597134678));
#1839=CARTESIAN_POINT('Ctrl Pts',(30.5325101556811,-28.473425233814,1.04823842719494));
#1840=CARTESIAN_POINT('Ctrl Pts',(31.1581876946317,-28.3324678270955,1.0697508830431));
#1841=CARTESIAN_POINT('Ctrl Pts',(31.7448190063469,-28.0181231537599,1.09126333889126));
#1842=CARTESIAN_POINT('Ctrl Pts',(32.2087048717346,-27.5752282168686,1.11277579473942));
#1843=CARTESIAN_POINT('Ctrl Pts',(32.6725907371222,-27.1323332799773,1.13428825058759));
#1844=CARTESIAN_POINT('Ctrl Pts',(33.0137311561823,-26.5608880795303,1.15580070643575));
#1845=CARTESIAN_POINT('Ctrl Pts',(33.1834916990594,-25.9423993222093,1.17731316228391));
#1846=CARTESIAN_POINT('Ctrl Pts',(33.3532522419365,-25.3239105648883,1.19882561813208));
#1847=CARTESIAN_POINT('Ctrl Pts',(33.3516329086307,-24.6583782506933,1.22033807398024));
#1848=CARTESIAN_POINT('Ctrl Pts',(33.1788293959415,-24.04073224461,1.2418505298284));
#1849=CARTESIAN_POINT('Ctrl Pts',(33.0060258832523,-23.4230862385267,1.26336298567656));
#1850=CARTESIAN_POINT('Ctrl Pts',(32.6620381911797,-22.8533265405552,1.28487544152473));
#1851=CARTESIAN_POINT('Ctrl Pts',(32.1959964448572,-22.4127164657034,1.30638789737289));
#1852=CARTESIAN_POINT('Ctrl Pts',(31.7299546985346,-21.9721063908515,1.32790035322105));
#1853=CARTESIAN_POINT('Ctrl Pts',(31.1418588979621,-21.6606459391193,1.34941280906921));
#1854=CARTESIAN_POINT('Ctrl Pts',(30.5154600181596,-21.5227685051332,1.37092526491738));
#1855=CARTESIAN_POINT('Ctrl Pts',(29.889061138357,-21.3848910711471,1.39243772076554));
#1856=CARTESIAN_POINT('Ctrl Pts',(29.2243591793244,-21.420596654907,1.4139501766137));
#1857=CARTESIAN_POINT('Ctrl Pts',(28.6164871377729,-21.6248032363088,1.43546263246186));
#1858=CARTESIAN_POINT('Ctrl Pts',(28.0086150962818,-21.8290098176902,1.45697508830788));
#1859=CARTESIAN_POINT('Ctrl Pts',(27.4575729722604,-22.20171739668,1.47848754415391));
#1860=CARTESIAN_POINT('Ctrl Pts',(27.0412407048394,-22.6898963046258,1.49999999999993));
#1861=CARTESIAN_POINT('Origin',(29.7499999999998,-25.,1.49999999999993));
#1862=CARTESIAN_POINT('Ctrl Pts',(26.1899244539847,-24.9998567798815,1.29071156626685));
#1863=CARTESIAN_POINT('Ctrl Pts',(26.1897367654819,-24.857818581217,1.28594890823279));
#1864=CARTESIAN_POINT('Ctrl Pts',(26.1980433722562,-24.7158026518251,1.28118625019873));
#1865=CARTESIAN_POINT('Ctrl Pts',(26.2149987635039,-24.5748276890239,1.27642359216467));
#1866=CARTESIAN_POINT('Ctrl Pts',(26.2915845907865,-23.938057708633,1.25491113631651));
#1867=CARTESIAN_POINT('Ctrl Pts',(26.5446263486756,-23.3225259414331,1.23339868046834));
#1868=CARTESIAN_POINT('Ctrl Pts',(26.9380445441929,-22.8159902896266,1.21188622462018));
#1869=CARTESIAN_POINT('Ctrl Pts',(27.3314627397103,-22.3094546378202,1.19037376877202));
#1870=CARTESIAN_POINT('Ctrl Pts',(27.8652573728558,-21.9119151014073,1.16886131292386));
#1871=CARTESIAN_POINT('Ctrl Pts',(28.4632659327089,-21.680147085824,1.14734885707569));
#1872=CARTESIAN_POINT('Ctrl Pts',(29.061274492562,-21.4483790702408,1.12583640122753));
#1873=CARTESIAN_POINT('Ctrl Pts',(29.7234969791228,-21.3823825754873,1.10432394537937));
#1874=CARTESIAN_POINT('Ctrl Pts',(30.3555281035064,-21.4914251221155,1.08281148953121));
#1875=CARTESIAN_POINT('Ctrl Pts',(30.9875592278901,-21.6004676687436,1.06129903368304));
#1876=CARTESIAN_POINT('Ctrl Pts',(31.5893989900967,-21.8845492567533,1.03978657783488));
#1877=CARTESIAN_POINT('Ctrl Pts',(32.0751014849039,-22.3034471894593,1.01827412198672));
#1878=CARTESIAN_POINT('Ctrl Pts',(32.5608039797111,-22.7223451221654,0.996761666138558));
#1879=CARTESIAN_POINT('Ctrl Pts',(32.9303692071189,-23.2760593995676,0.975249210290395));
#1880=CARTESIAN_POINT('Ctrl Pts',(33.131294666549,-23.8850040442265,0.953736754442232));
#1881=CARTESIAN_POINT('Ctrl Pts',(33.3322201259791,-24.4939486888855,0.932224298594069));
#1882=CARTESIAN_POINT('Ctrl Pts',(33.3645058174315,-25.1581237008011,0.910711842745906));
#1883=CARTESIAN_POINT('Ctrl Pts',(33.2231165841501,-25.7840364815125,0.889199386897743));
#1884=CARTESIAN_POINT('Ctrl Pts',(33.0817273508688,-26.4099492622238,0.867686931049582));
#1885=CARTESIAN_POINT('Ctrl Pts',(32.7666631928538,-26.9975998117309,0.84617447520142));
#1886=CARTESIAN_POINT('Ctrl Pts',(32.3237446841612,-27.4606333488241,0.824662019353258));
#1887=CARTESIAN_POINT('Ctrl Pts',(31.8808261754685,-27.9236668859174,0.803149563505095));
#1888=CARTESIAN_POINT('Ctrl Pts',(31.3100533160982,-28.2620834105968,0.781637107656931));
#1889=CARTESIAN_POINT('Ctrl Pts',(30.6910172662365,-28.4326509550919,0.760124651808768));
#1890=CARTESIAN_POINT('Ctrl Pts',(30.0719812163749,-28.6032184995869,0.738612195960606));
#1891=CARTESIAN_POINT('Ctrl Pts',(29.4046819760219,-28.6059370638977,0.717099740112445));
#1892=CARTESIAN_POINT('Ctrl Pts',(28.7884851619635,-28.4311243222235,0.695587284264283));
#1893=CARTESIAN_POINT('Ctrl Pts',(27.6930241591929,-28.1203461148029,0.657342918311994));
#1894=CARTESIAN_POINT('Ctrl Pts',(26.7590720592793,-27.2484813106893,0.619098552359705));
#1895=CARTESIAN_POINT('Ctrl Pts',(26.3845644953197,-26.1767494341623,0.580854186407416));
#1896=CARTESIAN_POINT('Ctrl Pts',(26.2535324294451,-25.8017737184245,0.567473313065878));
#1897=CARTESIAN_POINT('Ctrl Pts',(26.1909846643114,-25.4023313115034,0.554092439724339));
#1898=CARTESIAN_POINT('Ctrl Pts',(26.1934853863683,-25.0020066613482,0.5407115663828));
#1899=CARTESIAN_POINT('Origin',(29.7499999999998,-25.,-7.15623098284279));
#1900=CARTESIAN_POINT('',(26.1913514384665,-24.9998115000714,-0.209288433536255));
#1901=CARTESIAN_POINT('',(26.1893210508577,-25.0013704177563,0.0842884336650572));
#1902=CARTESIAN_POINT('',(26.1899499999998,-25.0000000000002,-7.15623098284279));
#1903=CARTESIAN_POINT('Ctrl Pts',(26.1893210508577,-25.0013704177563,0.0842884336650572));
#1904=CARTESIAN_POINT('Ctrl Pts',(26.1882106129226,-25.3889522545385,0.0972598976846903));
#1905=CARTESIAN_POINT('Ctrl Pts',(26.2491240001219,-25.7761442311565,0.110231361704323));
#1906=CARTESIAN_POINT('Ctrl Pts',(26.3736267345873,-26.141437601625,0.123202825723956));
#1907=CARTESIAN_POINT('Ctrl Pts',(26.7407038919344,-27.2184489026621,0.161447191676245));
#1908=CARTESIAN_POINT('Ctrl Pts',(27.6605470296263,-28.1051012046392,0.199691557628533));
#1909=CARTESIAN_POINT('Ctrl Pts',(28.7505495728806,-28.4227630965911,0.237935923580822));
#1910=CARTESIAN_POINT('Ctrl Pts',(29.8405521161348,-28.740424988543,0.276180289533111));
#1911=CARTESIAN_POINT('Ctrl Pts',(31.1007140649516,-28.4890964704698,0.3144246554854));
#1912=CARTESIAN_POINT('Ctrl Pts',(31.9852892377029,-27.7774812283723,0.352669021437689));
#1913=CARTESIAN_POINT('Ctrl Pts',(32.8698644104541,-27.0658659862747,0.390913387389978));
#1914=CARTESIAN_POINT('Ctrl Pts',(33.37885280714,-25.893964020153,0.429157753342266));
#1915=CARTESIAN_POINT('Ctrl Pts',(33.3050544344316,-24.7576662281295,0.467402119294555));
#1916=CARTESIAN_POINT('Ctrl Pts',(33.2635428497832,-24.1184987201164,0.488914575142717));
#1917=CARTESIAN_POINT('Ctrl Pts',(33.0376338888811,-23.490596595314,0.510427030990879));
#1918=CARTESIAN_POINT('Ctrl Pts',(32.6697133312984,-22.9643521634468,0.531939486839042));
#1919=CARTESIAN_POINT('Ctrl Pts',(32.3017927737158,-22.4381077315796,0.553451942687204));
#1920=CARTESIAN_POINT('Ctrl Pts',(31.7918606194526,-22.0135209926475,0.574964398535367));
#1921=CARTESIAN_POINT('Ctrl Pts',(31.2072887146261,-21.7511243542421,0.59647685438353));
#1922=CARTESIAN_POINT('Ctrl Pts',(30.6227168097997,-21.4887277158367,0.617989310231692));
#1923=CARTESIAN_POINT('Ctrl Pts',(29.9635051544099,-21.3885211779579,0.639501766079853));
#1924=CARTESIAN_POINT('Ctrl Pts',(29.3263685549989,-21.4647789158448,0.661014221928015));
#1925=CARTESIAN_POINT('Ctrl Pts',(28.6892319555879,-21.5410366537318,0.682526677776178));
#1926=CARTESIAN_POINT('Ctrl Pts',(28.0741704121555,-21.7937586673845,0.70403913362434));
#1927=CARTESIAN_POINT('Ctrl Pts',(27.5675963467351,-22.1869087841601,0.725551589472502));
#1928=CARTESIAN_POINT('Ctrl Pts',(27.0610222813147,-22.5800589009357,0.747064045320665));
#1929=CARTESIAN_POINT('Ctrl Pts',(26.6629356939061,-23.1136371208342,0.768576501168828));
#1930=CARTESIAN_POINT('Ctrl Pts',(26.4307615265978,-23.7115314642846,0.79008895701699));
#1931=CARTESIAN_POINT('Ctrl Pts',(26.2717532327743,-24.1210092306568,0.804822115921037));
#1932=CARTESIAN_POINT('Ctrl Pts',(26.1905648374749,-24.5606539622582,0.819555274825084));
#1933=CARTESIAN_POINT('Ctrl Pts',(26.1901310946814,-25.0001249380269,0.834288433729131));
#1934=CARTESIAN_POINT('Ctrl Pts',(26.1934853863683,-25.0020066613482,0.540711566382799));
#1935=CARTESIAN_POINT('Ctrl Pts',(26.198132069944,-24.2581487137405,0.515848073772049));
#1936=CARTESIAN_POINT('Ctrl Pts',(26.4273698576509,-23.5112446694346,0.490984581161299));
#1937=CARTESIAN_POINT('Ctrl Pts',(26.8591561600168,-22.9126014304089,0.466121088550549));
#1938=CARTESIAN_POINT('Ctrl Pts',(27.5233184166793,-21.9917842521231,0.42787672259826));
#1939=CARTESIAN_POINT('Ctrl Pts',(28.66670595801,-21.4217488444921,0.389632356645971));
#1940=CARTESIAN_POINT('Ctrl Pts',(29.8044615807422,-21.43631616996,0.351387990693682));
#1941=CARTESIAN_POINT('Ctrl Pts',(30.6577782977913,-21.4472416640609,0.322704716229466));
#1942=CARTESIAN_POINT('Ctrl Pts',(31.5079270606287,-21.78700619553,0.29402144176525));
#1943=CARTESIAN_POINT('Ctrl Pts',(32.1414289401197,-22.3618201561688,0.265338167301034));
#1944=CARTESIAN_POINT('Ctrl Pts',(32.7749308196107,-22.9366341168076,0.236654892836817));
#1945=CARTESIAN_POINT('Ctrl Pts',(33.1917858157553,-23.7464975066161,0.2079716183726));
#1946=CARTESIAN_POINT('Ctrl Pts',(33.2886644768254,-24.5948859298987,0.179288343908383));
#1947=CARTESIAN_POINT('Ctrl Pts',(33.3855431378954,-25.4432743531813,0.150605069444166));
#1948=CARTESIAN_POINT('Ctrl Pts',(33.162445463891,-26.3301878099378,0.12192179497995));
#1949=CARTESIAN_POINT('Ctrl Pts',(32.6749365851229,-27.0322915352609,0.0932385205157333));
#1950=CARTESIAN_POINT('Ctrl Pts',(32.1874277063547,-27.7343952605839,0.0645552460515169));
#1951=CARTESIAN_POINT('Ctrl Pts',(31.4355076228229,-28.2516892544735,0.0358719715872998));
#1952=CARTESIAN_POINT('Ctrl Pts',(30.6061279495784,-28.4568846911855,0.00718869712308319));
#1953=CARTESIAN_POINT('Ctrl Pts',(29.7767482763338,-28.6620801278975,-0.0214945773411336));
#1954=CARTESIAN_POINT('Ctrl Pts',(28.8699090133767,-28.555177007432,-0.05017785180535));
#1955=CARTESIAN_POINT('Ctrl Pts',(28.1112790676881,-28.1621490110618,-0.0788611262695666));
#1956=CARTESIAN_POINT('Ctrl Pts',(27.3526491219995,-27.7691210146916,-0.107544400733783));
#1957=CARTESIAN_POINT('Ctrl Pts',(26.7422284935796,-27.0899681424167,-0.136227675198));
#1958=CARTESIAN_POINT('Ctrl Pts',(26.4318326629454,-26.2937925365161,-0.164910949662216));
#1959=CARTESIAN_POINT('Ctrl Pts',(26.2717557978752,-25.8831900655438,-0.179703444286896));
#1960=CARTESIAN_POINT('Ctrl Pts',(26.1914751924457,-25.4414635791395,-0.194495938911575));
#1961=CARTESIAN_POINT('Ctrl Pts',(26.1913514384665,-24.9998115000714,-0.209288433536255));
#1962=CARTESIAN_POINT('Origin',(29.7499999999998,-25.,-7.15623098284279));
#1963=CARTESIAN_POINT('',(26.1899300650041,-25.0023254604222,-0.959288433550289));
#1964=CARTESIAN_POINT('',(26.189393648909,-25.000542973113,-0.665711566407946));
#1965=CARTESIAN_POINT('',(26.1899499999998,-25.0000000000002,-7.15623098284279));
#1966=CARTESIAN_POINT('Ctrl Pts',(26.189393648909,-25.000542973113,-0.665711566407946));
#1967=CARTESIAN_POINT('Ctrl Pts',(26.1889396631398,-25.1442875096701,-0.660889572541929));
#1968=CARTESIAN_POINT('Ctrl Pts',(26.1972651795539,-25.2879798456019,-0.656067578675912));
#1969=CARTESIAN_POINT('Ctrl Pts',(26.2146266214036,-25.4305709368011,-0.651245584809894));
#1970=CARTESIAN_POINT('Ctrl Pts',(26.317899876307,-26.2787635141165,-0.622562310345678));
#1971=CARTESIAN_POINT('Ctrl Pts',(26.7408982729084,-27.0879898969081,-0.593879035881461));
#1972=CARTESIAN_POINT('Ctrl Pts',(27.3783600320479,-27.6569672620454,-0.565195761417244));
#1973=CARTESIAN_POINT('Ctrl Pts',(28.0158217911875,-28.2259446271826,-0.536512486953028));
#1974=CARTESIAN_POINT('Ctrl Pts',(28.8677469128652,-28.5546729746654,-0.507829212488812));
#1975=CARTESIAN_POINT('Ctrl Pts',(29.7221396140017,-28.5613704670646,-0.479145938024595));
#1976=CARTESIAN_POINT('Ctrl Pts',(30.5765323151382,-28.5680679594638,-0.450462663560378));
#1977=CARTESIAN_POINT('Ctrl Pts',(31.4333925957335,-28.2527345967794,-0.421779389096161));
#1978=CARTESIAN_POINT('Ctrl Pts',(32.0797102175602,-27.6937831859747,-0.393096114631944));
#1979=CARTESIAN_POINT('Ctrl Pts',(32.7260278393869,-27.1348317751699,-0.364412840167728));
#1980=CARTESIAN_POINT('Ctrl Pts',(33.1618028024451,-26.3322623162447,-0.335729565703512));
#1981=CARTESIAN_POINT('Ctrl Pts',(33.2782752878478,-25.4858295655424,-0.307046291239295));
#1982=CARTESIAN_POINT('Ctrl Pts',(33.3947477732504,-24.6393968148402,-0.278363016775079));
#1983=CARTESIAN_POINT('Ctrl Pts',(33.1919177809976,-23.7491007723609,-0.249679742310862));
#1984=CARTESIAN_POINT('Ctrl Pts',(32.7209519355777,-23.036239422633,-0.220996467846646));
#1985=CARTESIAN_POINT('Ctrl Pts',(32.2499860901577,-22.3233780729052,-0.19231319338243));
#1986=CARTESIAN_POINT('Ctrl Pts',(31.5108843915707,-21.7879514159288,-0.163629918918212));
#1987=CARTESIAN_POINT('Ctrl Pts',(30.6861126601241,-21.5635503109882,-0.134946644453996));
#1988=CARTESIAN_POINT('Ctrl Pts',(29.8613409286775,-21.3391492060475,-0.106263369989779));
#1989=CARTESIAN_POINT('Ctrl Pts',(28.9508991643713,-21.4257736531425,-0.0775800955255629));
#1990=CARTESIAN_POINT('Ctrl Pts',(28.1838628586147,-21.8010209100419,-0.0488968210613463));
#1991=CARTESIAN_POINT('Ctrl Pts',(27.4168265528581,-22.1762681669414,-0.0202135465971292));
#1992=CARTESIAN_POINT('Ctrl Pts',(26.7931957056513,-22.8401382336452,0.0084697278670873));
#1993=CARTESIAN_POINT('Ctrl Pts',(26.463568784081,-23.6294909733717,0.0371530023313044));
#1994=CARTESIAN_POINT('Ctrl Pts',(26.2830093533366,-24.061873985847,0.0528648127758877));
#1995=CARTESIAN_POINT('Ctrl Pts',(26.1906660794774,-24.5319081934408,0.0685766232204711));
#1996=CARTESIAN_POINT('Ctrl Pts',(26.1893210508577,-25.0013704177563,0.0842884336650544));
#1997=CARTESIAN_POINT('Ctrl Pts',(26.1913514384665,-24.9998115000714,-0.209288433536254));
#1998=CARTESIAN_POINT('Ctrl Pts',(26.1912352282312,-24.5850814662492,-0.223179213375791));
#1999=CARTESIAN_POINT('Ctrl Pts',(26.261801381908,-24.1704170448646,-0.237069993215328));
#2000=CARTESIAN_POINT('Ctrl Pts',(26.4033484868998,-23.7816520341109,-0.250960773054864));
#2001=CARTESIAN_POINT('Ctrl Pts',(26.6956311743368,-22.9788854771323,-0.279644047519081));
#2002=CARTESIAN_POINT('Ctrl Pts',(27.2905675820592,-22.2865507027013,-0.308327321983298));
#2003=CARTESIAN_POINT('Ctrl Pts',(28.0400725075776,-21.8760756595787,-0.337010596447515));
#2004=CARTESIAN_POINT('Ctrl Pts',(28.789577433096,-21.4656006164561,-0.365693870911731));
#2005=CARTESIAN_POINT('Ctrl Pts',(29.6936508764102,-21.3369853046418,-0.394377145375948));
#2006=CARTESIAN_POINT('Ctrl Pts',(30.5275184519885,-21.5239860829333,-0.423060419840164));
#2007=CARTESIAN_POINT('Ctrl Pts',(31.3613860275668,-21.7109868612247,-0.451743694304381));
#2008=CARTESIAN_POINT('Ctrl Pts',(32.125047735409,-22.2136037296219,-0.480426968768597));
#2009=CARTESIAN_POINT('Ctrl Pts',(32.6282416126932,-22.9032192848848,-0.509110243232814));
#2010=CARTESIAN_POINT('Ctrl Pts',(33.1314354899773,-23.5928348401477,-0.53779351769703));
#2011=CARTESIAN_POINT('Ctrl Pts',(33.3741615367033,-24.4694490822763,-0.566476792161246));
#2012=CARTESIAN_POINT('Ctrl Pts',(33.2965770576354,-25.322034169814,-0.595160066625463));
#2013=CARTESIAN_POINT('Ctrl Pts',(33.2189925785675,-26.1746192573517,-0.62384334108968));
#2014=CARTESIAN_POINT('Ctrl Pts',(32.8210975737057,-27.0031751902985,-0.652526615553896));
#2015=CARTESIAN_POINT('Ctrl Pts',(32.2009241767368,-27.5882146271649,-0.681209890018113));
#2016=CARTESIAN_POINT('Ctrl Pts',(31.3740263141116,-28.3682672096535,-0.719454255970402));
#2017=CARTESIAN_POINT('Ctrl Pts',(30.1519668655181,-28.7154015768882,-0.757698621922691));
#2018=CARTESIAN_POINT('Ctrl Pts',(29.035023303759,-28.4904256448267,-0.795942987874979));
#2019=CARTESIAN_POINT('Ctrl Pts',(28.4765515228795,-28.3779376787959,-0.815065170851124));
#2020=CARTESIAN_POINT('Ctrl Pts',(27.9443587137085,-28.1224221379411,-0.834187353827268));
#2021=CARTESIAN_POINT('Ctrl Pts',(27.5024857971439,-27.7602973705711,-0.853309536803413));
#2022=CARTESIAN_POINT('Ctrl Pts',(26.839676422297,-27.2171102195161,-0.881992811267629));
#2023=CARTESIAN_POINT('Ctrl Pts',(26.3800868058143,-26.4340523088019,-0.910676085731846));
#2024=CARTESIAN_POINT('Ctrl Pts',(26.2380549340907,-25.5930910546568,-0.939359360196063));
#2025=CARTESIAN_POINT('Ctrl Pts',(26.2051604611143,-25.3983250707053,-0.946002384647471));
#2026=CARTESIAN_POINT('Ctrl Pts',(26.1892992159024,-25.2004532552846,-0.95264540909888));
#2027=CARTESIAN_POINT('Ctrl Pts',(26.1899300650041,-25.0023254604222,-0.959288433550289));
#2028=CARTESIAN_POINT('Origin',(29.7499999999998,-25.,-7.15623098284279));
#2029=CARTESIAN_POINT('',(26.1886366641576,-24.999777620181,-1.70928843363718));
#2030=CARTESIAN_POINT('',(26.1886828330159,-24.9994039396276,-1.41571156646971));
#2031=CARTESIAN_POINT('',(26.1899499999998,-25.0000000000002,-7.15623098284279));
#2032=CARTESIAN_POINT('Ctrl Pts',(26.1886828330159,-24.9994039396276,-1.41571156646971));
#2033=CARTESIAN_POINT('Ctrl Pts',(26.1907359355169,-25.7550057681393,-1.39035576829684));
#2034=CARTESIAN_POINT('Ctrl Pts',(26.4381315659661,-26.5119932679623,-1.36499997012397));
#2035=CARTESIAN_POINT('Ctrl Pts',(26.8876162992666,-27.1191199450429,-1.33964417195109));
#2036=CARTESIAN_POINT('Ctrl Pts',(27.3960875327428,-27.8059206915437,-1.31096089748688));
#2037=CARTESIAN_POINT('Ctrl Pts',(28.1631690439476,-28.3009468770057,-1.28227762302266));
#2038=CARTESIAN_POINT('Ctrl Pts',(28.9983228267315,-28.4812417096449,-1.25359434855844));
#2039=CARTESIAN_POINT('Ctrl Pts',(29.8334766095154,-28.6615365422842,-1.22491107409422));
#2040=CARTESIAN_POINT('Ctrl Pts',(30.7367026638785,-28.5271000221006,-1.19622779963001));
#2041=CARTESIAN_POINT('Ctrl Pts',(31.4831820755744,-28.1113146091702,-1.16754452516579));
#2042=CARTESIAN_POINT('Ctrl Pts',(32.2296614872704,-27.6955291962399,-1.13886125070158));
#2043=CARTESIAN_POINT('Ctrl Pts',(32.8193942562993,-26.9983948905627,-1.11017797623736));
#2044=CARTESIAN_POINT('Ctrl Pts',(33.1055950973166,-26.1933300114311,-1.08149470177314));
#2045=CARTESIAN_POINT('Ctrl Pts',(33.3917959383339,-25.3882651322995,-1.05281142730893));
#2046=CARTESIAN_POINT('Ctrl Pts',(33.3744648513397,-24.4752696797136,-1.02412815284471));
#2047=CARTESIAN_POINT('Ctrl Pts',(33.058230931951,-23.6814594101553,-0.995444878380494));
#2048=CARTESIAN_POINT('Ctrl Pts',(32.7419970125622,-22.887649140597,-0.966761603916277));
#2049=CARTESIAN_POINT('Ctrl Pts',(32.1268602607789,-22.2130240540664,-0.93807832945206));
#2050=CARTESIAN_POINT('Ctrl Pts',(31.3653605152588,-21.8255766983719,-0.909395054987844));
#2051=CARTESIAN_POINT('Ctrl Pts',(30.6038607697387,-21.4381293426775,-0.880711780523627));
#2052=CARTESIAN_POINT('Ctrl Pts',(29.6959980304817,-21.3378597178192,-0.852028506059411));
#2053=CARTESIAN_POINT('Ctrl Pts',(28.8680869689973,-21.5494700258644,-0.823345231595195));
#2054=CARTESIAN_POINT('Ctrl Pts',(28.0401759075128,-21.7610803339096,-0.794661957130978));
#2055=CARTESIAN_POINT('Ctrl Pts',(27.2922165238008,-22.2845705748583,-0.765978682666761));
#2056=CARTESIAN_POINT('Ctrl Pts',(26.8100108885476,-22.9898950812523,-0.737295408202544));
#2057=CARTESIAN_POINT('Ctrl Pts',(26.4088696596003,-23.5766462899,-0.713434127604345));
#2058=CARTESIAN_POINT('Ctrl Pts',(26.1916401639663,-24.2892337478114,-0.689572847006146));
#2059=CARTESIAN_POINT('Ctrl Pts',(26.189393648909,-25.000542973113,-0.665711566407947));
#2060=CARTESIAN_POINT('Ctrl Pts',(26.1899300650041,-25.0023254604222,-0.959288433550288));
#2061=CARTESIAN_POINT('Ctrl Pts',(26.192023098384,-24.344976362102,-0.981328683563095));
#2062=CARTESIAN_POINT('Ctrl Pts',(26.3756581423653,-23.6848094880875,-1.0033689335759));
#2063=CARTESIAN_POINT('Ctrl Pts',(26.7210720373278,-23.1259065217507,-1.02540918358871));
#2064=CARTESIAN_POINT('Ctrl Pts',(27.170595139253,-22.3985478405656,-1.05409245805293));
#2065=CARTESIAN_POINT('Ctrl Pts',(27.8941154700679,-21.8426950757714,-1.08277573251714));
#2066=CARTESIAN_POINT('Ctrl Pts',(28.7114120441695,-21.5937083591611,-1.11145900698136));
#2067=CARTESIAN_POINT('Ctrl Pts',(29.528708618271,-21.3447216425508,-1.14014228144558));
#2068=CARTESIAN_POINT('Ctrl Pts',(30.4397814356593,-21.4026009741242,-1.16882555590979));
#2069=CARTESIAN_POINT('Ctrl Pts',(31.2182005102666,-21.7546927371537,-1.19750883037401));
#2070=CARTESIAN_POINT('Ctrl Pts',(31.9966195848739,-22.1067845001831,-1.22619210483823));
#2071=CARTESIAN_POINT('Ctrl Pts',(32.6423849167002,-22.7530886946685,-1.25487537930244));
#2072=CARTESIAN_POINT('Ctrl Pts',(32.9946798923954,-23.5317117296105,-1.28355865376666));
#2073=CARTESIAN_POINT('Ctrl Pts',(33.3469748680907,-24.3103347645525,-1.31224192823088));
#2074=CARTESIAN_POINT('Ctrl Pts',(33.4057994876548,-25.2212766399511,-1.34092520269509));
#2075=CARTESIAN_POINT('Ctrl Pts',(33.1566710324375,-26.0384668417024,-1.36960847715931));
#2076=CARTESIAN_POINT('Ctrl Pts',(32.9075425772201,-26.8556570434537,-1.39829175162352));
#2077=CARTESIAN_POINT('Ctrl Pts',(32.3504610472212,-27.5790955715575,-1.42697502608774));
#2078=CARTESIAN_POINT('Ctrl Pts',(31.6237647885585,-28.0287314319465,-1.45565830055196));
#2079=CARTESIAN_POINT('Ctrl Pts',(30.8970685298959,-28.4783672923355,-1.48434157501617));
#2080=CARTESIAN_POINT('Ctrl Pts',(30.0007575425695,-28.6542004850097,-1.51302484948039));
#2081=CARTESIAN_POINT('Ctrl Pts',(29.1582314565976,-28.5122757085425,-1.54170812394461));
#2082=CARTESIAN_POINT('Ctrl Pts',(28.3157053706257,-28.3703509320752,-1.57039139840882));
#2083=CARTESIAN_POINT('Ctrl Pts',(27.5269641860082,-27.9106681864666,-1.59907467287304));
#2084=CARTESIAN_POINT('Ctrl Pts',(26.9877222052591,-27.2478239047628,-1.62775794733726));
#2085=CARTESIAN_POINT('Ctrl Pts',(26.476801215646,-26.61979220757,-1.6549347761039));
#2086=CARTESIAN_POINT('Ctrl Pts',(26.1898602377329,-25.8093786729763,-1.68211160487054));
#2087=CARTESIAN_POINT('Ctrl Pts',(26.1886366641576,-24.999777620181,-1.70928843363718));
#2088=CARTESIAN_POINT('Origin',(29.7499999999998,-25.,-7.15623098284279));
#2089=CARTESIAN_POINT('',(26.1904812905512,-24.9997137235327,-2.45928843368342));
#2090=CARTESIAN_POINT('',(26.1955755107917,-25.00093396525,-2.16571156643409));
#2091=CARTESIAN_POINT('',(26.1899499999998,-25.0000000000002,-7.15623098284279));
#2092=CARTESIAN_POINT('Ctrl Pts',(26.1955755107917,-25.00093396525,-2.16571156643409));
#2093=CARTESIAN_POINT('Ctrl Pts',(26.1944414959665,-25.5139774163831,-2.14850523845104));
#2094=CARTESIAN_POINT('Ctrl Pts',(26.2994162140711,-26.02658735445,-2.13129891046799));
#2095=CARTESIAN_POINT('Ctrl Pts',(26.512777513914,-26.4915416075618,-2.11409258248494));
#2096=CARTESIAN_POINT('Ctrl Pts',(26.86845483969,-27.2666291491016,-2.08540930802072));
#2097=CARTESIAN_POINT('Ctrl Pts',(27.5253332858203,-27.9092838242336,-2.05672603355651));
#2098=CARTESIAN_POINT('Ctrl Pts',(28.3079119795009,-28.2561332783766,-2.02804275909229));
#2099=CARTESIAN_POINT('Ctrl Pts',(29.0904906731816,-28.6029827325197,-1.99935948462807));
#2100=CARTESIAN_POINT('Ctrl Pts',(29.9987696144126,-28.6540269656738,-1.97067621016386));
#2101=CARTESIAN_POINT('Ctrl Pts',(30.8132943919558,-28.3985234309115,-1.94199293569964));
#2102=CARTESIAN_POINT('Ctrl Pts',(31.627819169499,-28.1430198961492,-1.91330966123542));
#2103=CARTESIAN_POINT('Ctrl Pts',(32.3485897833544,-27.5809685934706,-1.88462638677121));
#2104=CARTESIAN_POINT('Ctrl Pts',(32.7931366764191,-26.8510261623688,-1.85594311230699));
#2105=CARTESIAN_POINT('Ctrl Pts',(33.2376835694838,-26.1210837312669,-1.82725983784278));
#2106=CARTESIAN_POINT('Ctrl Pts',(33.4060067417579,-25.2232501717419,-1.79857656337856));
#2107=CARTESIAN_POINT('Ctrl Pts',(33.2575481399039,-24.3817580876143,-1.76989328891434));
#2108=CARTESIAN_POINT('Ctrl Pts',(33.1090895380498,-23.5402660034868,-1.74121001445012));
#2109=CARTESIAN_POINT('Ctrl Pts',(32.6438491620677,-22.7551153947566,-1.71252673998591));
#2110=CARTESIAN_POINT('Ctrl Pts',(31.977056080039,-22.2209051212367,-1.68384346552169));
#2111=CARTESIAN_POINT('Ctrl Pts',(31.3102629980104,-21.6866948477168,-1.65516019105747));
#2112=CARTESIAN_POINT('Ctrl Pts',(30.4419172099352,-21.4034249094072,-1.62647691659326));
#2113=CARTESIAN_POINT('Ctrl Pts',(29.588347225391,-21.4421773191551,-1.59779364212904));
#2114=CARTESIAN_POINT('Ctrl Pts',(28.7347772408468,-21.480929728903,-1.56911036766482));
#2115=CARTESIAN_POINT('Ctrl Pts',(27.8959830598336,-21.8417044867084,-1.54042709320061));
#2116=CARTESIAN_POINT('Ctrl Pts',(27.2802916819062,-22.434206755436,-1.51174381873639));
#2117=CARTESIAN_POINT('Ctrl Pts',(26.6646003039787,-23.0267090241636,-1.48306054427218));
#2118=CARTESIAN_POINT('Ctrl Pts',(26.272011729137,-23.8509388038133,-1.45437726980796));
#2119=CARTESIAN_POINT('Ctrl Pts',(26.2006479195899,-24.702341347408,-1.42569399534374));
#2120=CARTESIAN_POINT('Ctrl Pts',(26.1923691791475,-24.8011104674307,-1.4223665190524));
#2121=CARTESIAN_POINT('Ctrl Pts',(26.1884134015491,-24.9002452717393,-1.41903904276105));
#2122=CARTESIAN_POINT('Ctrl Pts',(26.1886828330159,-24.9994039396276,-1.41571156646971));
#2123=CARTESIAN_POINT('Ctrl Pts',(26.1886366641576,-24.999777620181,-1.70928843363718));
#2124=CARTESIAN_POINT('Ctrl Pts',(26.18856883994,-24.9549004186058,-1.71079487933475));
#2125=CARTESIAN_POINT('Ctrl Pts',(26.1893789178525,-24.9100257134815,-1.71230132503233));
#2126=CARTESIAN_POINT('Ctrl Pts',(26.1910774129705,-24.8651847063542,-1.71380777072991));
#2127=CARTESIAN_POINT('Ctrl Pts',(26.2234173783119,-24.0113956074481,-1.74249104519412));
#2128=CARTESIAN_POINT('Ctrl Pts',(26.5778400858754,-23.1698232274347,-1.77117431965834));
#2129=CARTESIAN_POINT('Ctrl Pts',(27.1656833943081,-22.5496638944705,-1.79985759412256));
#2130=CARTESIAN_POINT('Ctrl Pts',(27.7535267027408,-21.9295045615063,-1.82854086858677));
#2131=CARTESIAN_POINT('Ctrl Pts',(28.5747906120427,-21.5307582755913,-1.85722414305099));
#2132=CARTESIAN_POINT('Ctrl Pts',(29.4256342510362,-21.4529994294099,-1.88590741751521));
#2133=CARTESIAN_POINT('Ctrl Pts',(30.2764778900297,-21.3752405832284,-1.91459069197942));
#2134=CARTESIAN_POINT('Ctrl Pts',(31.1569012587148,-21.6184691767805,-1.94327396644364));
#2135=CARTESIAN_POINT('Ctrl Pts',(31.8475096310812,-22.1217444412532,-1.97195724090786));
#2136=CARTESIAN_POINT('Ctrl Pts',(32.5381180034476,-22.6250197057259,-2.00064051537207));
#2137=CARTESIAN_POINT('Ctrl Pts',(33.0389113794954,-23.3883416411192,-2.02932378983629));
#2138=CARTESIAN_POINT('Ctrl Pts',(33.2254870449437,-24.2221292332516,-2.05800706430051));
#2139=CARTESIAN_POINT('Ctrl Pts',(33.412062710392,-25.055916825384,-2.08669033876472));
#2140=CARTESIAN_POINT('Ctrl Pts',(33.2844206652408,-25.9601700742556,-2.11537361322894));
#2141=CARTESIAN_POINT('Ctrl Pts',(32.8742710197934,-26.7097307675821,-2.14405688769316));
#2142=CARTESIAN_POINT('Ctrl Pts',(32.4641213743459,-27.4592914609086,-2.17274016215737));
#2143=CARTESIAN_POINT('Ctrl Pts',(31.7714641286022,-28.0541595986902,-2.20142343662159));
#2144=CARTESIAN_POINT('Ctrl Pts',(30.968546030603,-28.346512421667,-2.23010671108581));
#2145=CARTESIAN_POINT('Ctrl Pts',(30.1656279326037,-28.6388652446439,-2.25878998555002));
#2146=CARTESIAN_POINT('Ctrl Pts',(29.2524489823489,-28.628702752816,-2.28747326001424));
#2147=CARTESIAN_POINT('Ctrl Pts',(28.4564184650901,-28.3183284081588,-2.31615653447845));
#2148=CARTESIAN_POINT('Ctrl Pts',(27.6603879478313,-28.0079540635016,-2.34483980894267));
#2149=CARTESIAN_POINT('Ctrl Pts',(26.9815058635686,-27.3973678660151,-2.37352308340689));
#2150=CARTESIAN_POINT('Ctrl Pts',(26.5881693605888,-26.6388644230017,-2.4022063578711));
#2151=CARTESIAN_POINT('Ctrl Pts',(26.3272453610079,-26.1357030063835,-2.42123371647521));
#2152=CARTESIAN_POINT('Ctrl Pts',(26.1919749781103,-25.5674509769573,-2.44026107507931));
#2153=CARTESIAN_POINT('Ctrl Pts',(26.1904812905512,-24.9997137235327,-2.45928843368342));
#2154=CARTESIAN_POINT('Origin',(29.7499999999998,-25.,-7.15623098284279));
#2155=CARTESIAN_POINT('',(26.1848490966591,-25.0013932290075,-3.2092884337716));
#2156=CARTESIAN_POINT('',(26.1905929853035,-25.0005280743752,-2.91571156632583));
#2157=CARTESIAN_POINT('',(26.1899499999998,-25.0000000000002,-7.15623098284279));
#2158=CARTESIAN_POINT('Ctrl Pts',(26.1905929853035,-25.0005280743752,-2.91571156632583));
#2159=CARTESIAN_POINT('Ctrl Pts',(26.1898701122017,-25.2707645800065,-2.90665470855681));
#2160=CARTESIAN_POINT('Ctrl Pts',(26.2194841796808,-25.5408466442408,-2.8975978507878));
#2161=CARTESIAN_POINT('Ctrl Pts',(26.280379695039,-25.8036849870187,-2.88854099301879));
#2162=CARTESIAN_POINT('Ctrl Pts',(26.473237176652,-26.6360999942867,-2.85985771855457));
#2163=CARTESIAN_POINT('Ctrl Pts',(26.9798486129505,-27.3958602362648,-2.83117444409035));
#2164=CARTESIAN_POINT('Ctrl Pts',(27.6740753622643,-27.8938960371503,-2.80249116962614));
#2165=CARTESIAN_POINT('Ctrl Pts',(28.3683021115782,-28.3919318380359,-2.77380789516192));
#2166=CARTESIAN_POINT('Ctrl Pts',(29.2501441739073,-28.6282431978289,-2.7451246206977));
#2167=CARTESIAN_POINT('Ctrl Pts',(30.1005312469316,-28.5441539176014,-2.71644134623349));
#2168=CARTESIAN_POINT('Ctrl Pts',(30.9509183199558,-28.4600646373739,-2.68775807176927));
#2169=CARTESIAN_POINT('Ctrl Pts',(31.769850403675,-28.0555747171258,-2.65907479730505));
#2170=CARTESIAN_POINT('Ctrl Pts',(32.3529095633463,-27.4310889490633,-2.63039152284084));
#2171=CARTESIAN_POINT('Ctrl Pts',(32.9359687230176,-26.8066031810008,-2.60170824837662));
#2172=CARTESIAN_POINT('Ctrl Pts',(33.283154958641,-25.9621215651239,-2.5730249739124));
#2173=CARTESIAN_POINT('Ctrl Pts',(33.3094873258343,-25.1081826162733,-2.54434169944819));
#2174=CARTESIAN_POINT('Ctrl Pts',(33.3358196930277,-24.2542436674226,-2.51565842498397));
#2175=CARTESIAN_POINT('Ctrl Pts',(33.0412981917911,-23.3908473855982,-2.48697515051975));
#2176=CARTESIAN_POINT('Ctrl Pts',(32.496385435372,-22.7318922482702,-2.45829187605554));
#2177=CARTESIAN_POINT('Ctrl Pts',(31.9514726789529,-22.0729371109422,-2.42960860159132));
#2178=CARTESIAN_POINT('Ctrl Pts',(31.1561686673514,-21.6184231181106,-2.4009253271271));
#2179=CARTESIAN_POINT('Ctrl Pts',(30.3141577322825,-21.4832924250259,-2.37224205266289));
#2180=CARTESIAN_POINT('Ctrl Pts',(29.4721467972137,-21.3481617319413,-2.34355877819867));
#2181=CARTESIAN_POINT('Ctrl Pts',(28.5834289386775,-21.5324143386035,-2.31487550373446));
#2182=CARTESIAN_POINT('Ctrl Pts',(27.8558296051201,-21.9860179310611,-2.28619222927024));
#2183=CARTESIAN_POINT('Ctrl Pts',(27.3707633827486,-22.2884203260328,-2.26707004629409));
#2184=CARTESIAN_POINT('Ctrl Pts',(26.9573053937009,-22.7105342702469,-2.24794786331795));
#2185=CARTESIAN_POINT('Ctrl Pts',(26.6714613636625,-23.2034246101119,-2.2288256803418));
#2186=CARTESIAN_POINT('Ctrl Pts',(26.3569785682239,-23.7456977228463,-2.20778764237257));
#2187=CARTESIAN_POINT('Ctrl Pts',(26.1969620615406,-24.3736398897543,-2.18674960440333));
#2188=CARTESIAN_POINT('Ctrl Pts',(26.1955755107917,-25.00093396525,-2.16571156643409));
#2189=CARTESIAN_POINT('Ctrl Pts',(26.1904812905512,-24.9997137235327,-2.45928843368342));
#2190=CARTESIAN_POINT('Ctrl Pts',(26.1897232809035,-24.7116010504191,-2.46894434954353));
#2191=CARTESIAN_POINT('Ctrl Pts',(26.2234169510702,-24.4236209482136,-2.47860026540364));
#2192=CARTESIAN_POINT('Ctrl Pts',(26.2926239124349,-24.1443474355298,-2.48825618126375));
#2193=CARTESIAN_POINT('Ctrl Pts',(26.4982058889575,-23.3147545796116,-2.51693945572797));
#2194=CARTESIAN_POINT('Ctrl Pts',(27.0171607636997,-22.5619895563156,-2.54562273019219));
#2195=CARTESIAN_POINT('Ctrl Pts',(27.7183514535354,-22.0748152319255,-2.5743060046564));
#2196=CARTESIAN_POINT('Ctrl Pts',(28.419542143371,-21.5876409075355,-2.60298927912062));
#2197=CARTESIAN_POINT('Ctrl Pts',(29.3029686483002,-21.3660572820515,-2.63167255358484));
#2198=CARTESIAN_POINT('Ctrl Pts',(30.1529190175926,-21.4622982769744,-2.66035582804905));
#2199=CARTESIAN_POINT('Ctrl Pts',(31.002869386885,-21.5585392718972,-2.68903910251327));
#2200=CARTESIAN_POINT('Ctrl Pts',(31.8193436205407,-21.9726048872269,-2.71772237697749));
#2201=CARTESIAN_POINT('Ctrl Pts',(32.3905932378419,-22.6067035224581,-2.7464056514417));
#2202=CARTESIAN_POINT('Ctrl Pts',(33.1522593942435,-23.4521683694331,-2.78465001739399));
#2203=CARTESIAN_POINT('Ctrl Pts',(33.4779706771261,-24.6888030295664,-2.82289438334628));
#2204=CARTESIAN_POINT('Ctrl Pts',(33.225032658322,-25.7953673237783,-2.86113874929857));
#2205=CARTESIAN_POINT('Ctrl Pts',(32.9720946395179,-26.9019316179901,-2.89938311525086));
#2206=CARTESIAN_POINT('Ctrl Pts',(32.1405073190271,-27.8784255462805,-2.93762748120315));
#2207=CARTESIAN_POINT('Ctrl Pts',(31.0871718919574,-28.3051189466849,-2.97587184715544));
#2208=CARTESIAN_POINT('Ctrl Pts',(30.0338364648877,-28.7318123470893,-3.01411621310772));
#2209=CARTESIAN_POINT('Ctrl Pts',(28.7587529312391,-28.6087052196078,-3.05236057906001));
#2210=CARTESIAN_POINT('Ctrl Pts',(27.8062866528304,-27.9894106458766,-3.0906049450123));
#2211=CARTESIAN_POINT('Ctrl Pts',(26.8538203744218,-27.3701160721455,-3.12884931096459));
#2212=CARTESIAN_POINT('Ctrl Pts',(26.223971351253,-26.2546340521647,-3.16709367691688));
#2213=CARTESIAN_POINT('Ctrl Pts',(26.1866107580864,-25.1187724590599,-3.20533804286917));
#2214=CARTESIAN_POINT('Ctrl Pts',(26.18532439042,-25.079663454007,-3.20665483983665));
#2215=CARTESIAN_POINT('Ctrl Pts',(26.1847404196418,-25.0405302889063,-3.20797163680412));
#2216=CARTESIAN_POINT('Ctrl Pts',(26.1848490966591,-25.0013932290075,-3.2092884337716));
#2217=CARTESIAN_POINT('Origin',(29.7499999999998,-25.,-7.15623098284279));
#2218=CARTESIAN_POINT('',(26.1885095758455,-24.9996662024492,-3.9592884337989));
#2219=CARTESIAN_POINT('',(26.1885655039856,-25.0001324446617,-3.66571156622394));
#2220=CARTESIAN_POINT('',(26.1899499999998,-25.0000000000002,-7.15623098284279));
#2221=CARTESIAN_POINT('Ctrl Pts',(26.1885655039856,-25.0001324446617,-3.66571156622394));
#2222=CARTESIAN_POINT('Ctrl Pts',(26.1885392885467,-25.0271621367922,-3.66480417866684));
#2223=CARTESIAN_POINT('Ctrl Pts',(26.1888331488238,-25.0541912554139,-3.66389679110974));
#2224=CARTESIAN_POINT('Ctrl Pts',(26.1894494852147,-25.0812130183931,-3.66298940355263));
#2225=CARTESIAN_POINT('Ctrl Pts',(26.2089323905349,-25.9353933936599,-3.63430612908842));
#2226=CARTESIAN_POINT('Ctrl Pts',(26.5506478172902,-26.782223682722,-3.6056228546242));
#2227=CARTESIAN_POINT('Ctrl Pts',(27.1290865963272,-27.4111578943759,-3.57693958015998));
#2228=CARTESIAN_POINT('Ctrl Pts',(27.7075253753642,-28.0400921060298,-3.54825630569576));
#2229=CARTESIAN_POINT('Ctrl Pts',(28.5226875066828,-28.4511302402755,-3.51957303123155));
#2230=CARTESIAN_POINT('Ctrl Pts',(29.3722675172026,-28.5417017770355,-3.49088975676733));
#2231=CARTESIAN_POINT('Ctrl Pts',(30.2218475277223,-28.6322733137955,-3.46220648230312));
#2232=CARTESIAN_POINT('Ctrl Pts',(31.105845417443,-28.4023782530699,-3.4335232078389));
#2233=CARTESIAN_POINT('Ctrl Pts',(31.8039451851119,-27.9095331056386,-3.40483993337468));
#2234=CARTESIAN_POINT('Ctrl Pts',(32.5020449527809,-27.4166879582074,-3.37615665891047));
#2235=CARTESIAN_POINT('Ctrl Pts',(33.014246598398,-26.6608927240705,-3.34747338444625));
#2236=CARTESIAN_POINT('Ctrl Pts',(33.2133682882417,-25.830057400467,-3.31879010998203));
#2237=CARTESIAN_POINT('Ctrl Pts',(33.4124899780854,-24.9992220768636,-3.29010683551782));
#2238=CARTESIAN_POINT('Ctrl Pts',(33.2985317121557,-24.0933466637936,-3.2614235610536));
#2239=CARTESIAN_POINT('Ctrl Pts',(32.8996836241621,-23.3376015786058,-3.23274028658938));
#2240=CARTESIAN_POINT('Ctrl Pts',(32.5008355361684,-22.5818564934179,-3.20405701212517));
#2241=CARTESIAN_POINT('Ctrl Pts',(31.8170976261108,-21.9762417361123,-3.17537373766095));
#2242=CARTESIAN_POINT('Ctrl Pts',(31.0187541716803,-21.6718553581412,-3.14669046319673));
#2243=CARTESIAN_POINT('Ctrl Pts',(30.2204107172498,-21.3674689801701,-3.11800718873252));
#2244=CARTESIAN_POINT('Ctrl Pts',(29.3074617184464,-21.3643109815335,-3.0893239142683));
#2245=CARTESIAN_POINT('Ctrl Pts',(28.5067876256994,-21.6627282241716,-3.06064063980408));
#2246=CARTESIAN_POINT('Ctrl Pts',(27.7061135329524,-21.9611454668096,-3.03195736533987));
#2247=CARTESIAN_POINT('Ctrl Pts',(27.0177143462617,-22.5611379507223,-3.00327409087565));
#2248=CARTESIAN_POINT('Ctrl Pts',(26.6130665163801,-23.3136690789575,-2.97459081641143));
#2249=CARTESIAN_POINT('Ctrl Pts',(26.3361878450146,-23.8285855163148,-2.95496439971623));
#2250=CARTESIAN_POINT('Ctrl Pts',(26.1921594677498,-24.4149194227827,-2.93533798302103));
#2251=CARTESIAN_POINT('Ctrl Pts',(26.1905929853035,-25.0005280743752,-2.91571156632583));
#2252=CARTESIAN_POINT('Ctrl Pts',(26.1848490966591,-25.0013932290075,-3.2092884337716));
#2253=CARTESIAN_POINT('Ctrl Pts',(26.1878967783841,-23.9038538854559,-3.24621600275641));
#2254=CARTESIAN_POINT('Ctrl Pts',(26.735668142562,-22.8032515295028,-3.28314357174122));
#2255=CARTESIAN_POINT('Ctrl Pts',(27.6131525700934,-22.1465245489665,-3.32007114072604));
#2256=CARTESIAN_POINT('Ctrl Pts',(28.5219271384315,-21.4663793982065,-3.35831550667832));
#2257=CARTESIAN_POINT('Ctrl Pts',(29.784348438272,-21.2623302629152,-3.39655987263061));
#2258=CARTESIAN_POINT('Ctrl Pts',(30.8661289079906,-21.6154901293506,-3.4348042385829));
#2259=CARTESIAN_POINT('Ctrl Pts',(31.6774642602795,-21.8803600291771,-3.46348751304712));
#2260=CARTESIAN_POINT('Ctrl Pts',(32.3871891456248,-22.4586599924748,-3.49217078751133));
#2261=CARTESIAN_POINT('Ctrl Pts',(32.8199870606974,-23.1964425538984,-3.52085406197555));
#2262=CARTESIAN_POINT('Ctrl Pts',(33.2527849757699,-23.9342251153219,-3.54953733643977));
#2263=CARTESIAN_POINT('Ctrl Pts',(33.4086559205697,-24.8314902748712,-3.57822061090398));
#2264=CARTESIAN_POINT('Ctrl Pts',(33.24787816145,-25.6700782496364,-3.6069038853682));
#2265=CARTESIAN_POINT('Ctrl Pts',(33.0871004023304,-26.5086662244015,-3.63558715983242));
#2266=CARTESIAN_POINT('Ctrl Pts',(32.6096739392912,-27.2885770143824,-3.66427043429663));
#2267=CARTESIAN_POINT('Ctrl Pts',(31.9348108102172,-27.8129702298752,-3.69295370876085));
#2268=CARTESIAN_POINT('Ctrl Pts',(31.2599476811432,-28.337363445368,-3.72163698322507));
#2269=CARTESIAN_POINT('Ctrl Pts',(30.3876478860342,-28.6062390863726,-3.75032025768928));
#2270=CARTESIAN_POINT('Ctrl Pts',(29.5348429182763,-28.5546462924437,-3.7790035321535));
#2271=CARTESIAN_POINT('Ctrl Pts',(28.6820379505184,-28.5030534985148,-3.80768680661772));
#2272=CARTESIAN_POINT('Ctrl Pts',(27.8487278101116,-28.1309922696523,-3.83637008108193));
#2273=CARTESIAN_POINT('Ctrl Pts',(27.2419871957187,-27.528997986515,-3.86505335554615));
#2274=CARTESIAN_POINT('Ctrl Pts',(26.6352465813259,-26.9270037033777,-3.89373663001037));
#2275=CARTESIAN_POINT('Ctrl Pts',(26.2550754929471,-26.0950763659655,-3.92241990447458));
#2276=CARTESIAN_POINT('Ctrl Pts',(26.1965397816299,-25.2431410646851,-3.9511031789388));
#2277=CARTESIAN_POINT('Ctrl Pts',(26.1909717316716,-25.1621030417076,-3.9538315972255));
#2278=CARTESIAN_POINT('Ctrl Pts',(26.1883139180395,-25.0808839817317,-3.9565600155122));
#2279=CARTESIAN_POINT('Ctrl Pts',(26.1885095758455,-24.9996662024492,-3.9592884337989));
#2280=CARTESIAN_POINT('Origin',(29.7499999999998,-25.,-7.15623098284279));
#2281=CARTESIAN_POINT('',(26.1899843505563,-24.9998298601938,-4.70928843372822));
#2282=CARTESIAN_POINT('',(26.1902047756196,-24.9993517039632,-4.41571156620315));
#2283=CARTESIAN_POINT('',(26.1899499999998,-25.0000000000002,-7.15623098284279));
#2284=CARTESIAN_POINT('Ctrl Pts',(26.1902047756196,-24.9993517039632,-4.41571156620315));
#2285=CARTESIAN_POINT('Ctrl Pts',(26.1921904628612,-25.6388703678559,-4.39427037436671));
#2286=CARTESIAN_POINT('Ctrl Pts',(26.3653932165119,-26.2794564913204,-4.37282918253027));
#2287=CARTESIAN_POINT('Ctrl Pts',(26.6931721295379,-26.8276275724541,-4.35138799069383));
#2288=CARTESIAN_POINT('Ctrl Pts',(27.1316632636888,-27.5609516196174,-4.32270471622961));
#2289=CARTESIAN_POINT('Ctrl Pts',(27.8467862119106,-28.1288883204348,-4.29402144176539));
#2290=CARTESIAN_POINT('Ctrl Pts',(28.6602554809799,-28.3904773093261,-4.26533816730118));
#2291=CARTESIAN_POINT('Ctrl Pts',(29.4737247500492,-28.6520662982173,-4.23665489283696));
#2292=CARTESIAN_POINT('Ctrl Pts',(30.3855403399659,-28.6073075751823,-4.20797161837275));
#2293=CARTESIAN_POINT('Ctrl Pts',(31.1691663838069,-28.2668424300035,-4.17928834390853));
#2294=CARTESIAN_POINT('Ctrl Pts',(31.952792427648,-27.9263772848246,-4.15060506944431));
#2295=CARTESIAN_POINT('Ctrl Pts',(32.6082289254134,-27.2902057175019,-4.1219217949801));
#2296=CARTESIAN_POINT('Ctrl Pts',(32.9722099659801,-26.5170583624686,-4.09323852051588));
#2297=CARTESIAN_POINT('Ctrl Pts',(33.3361910065468,-25.7439110074353,-4.06455524605166));
#2298=CARTESIAN_POINT('Ctrl Pts',(33.4087165899148,-24.8337878646914,-4.03587197158744));
#2299=CARTESIAN_POINT('Ctrl Pts',(33.1719176480083,-24.0128969398564,-4.00718869712323));
#2300=CARTESIAN_POINT('Ctrl Pts',(32.9351187061018,-23.1920060150214,-3.97850542265901));
#2301=CARTESIAN_POINT('Ctrl Pts',(32.3889952389207,-22.4603473080952,-3.9498221481948));
#2302=CARTESIAN_POINT('Ctrl Pts',(31.6691519236561,-21.9998434286385,-3.92113887373058));
#2303=CARTESIAN_POINT('Ctrl Pts',(30.9493086083914,-21.5393395491817,-3.89245559926636));
#2304=CARTESIAN_POINT('Ctrl Pts',(30.0557454450431,-21.3499904971943,-3.86377232480215));
#2305=CARTESIAN_POINT('Ctrl Pts',(29.2111777851072,-21.4792043503634,-3.83508905033793));
#2306=CARTESIAN_POINT('Ctrl Pts',(28.3666101251712,-21.6084182035325,-3.80640577587371));
#2307=CARTESIAN_POINT('Ctrl Pts',(27.5710379686477,-22.0561949618581,-3.7777225014095));
#2308=CARTESIAN_POINT('Ctrl Pts',(27.0218770823285,-22.7108485717565,-3.74903922694528));
#2309=CARTESIAN_POINT('Ctrl Pts',(26.4900887507264,-23.3447923934272,-3.72126334003817));
#2310=CARTESIAN_POINT('Ctrl Pts',(26.1893679803494,-24.1727311144676,-3.69348745313106));
#2311=CARTESIAN_POINT('Ctrl Pts',(26.1885655039856,-25.0001324446617,-3.66571156622394));
#2312=CARTESIAN_POINT('Ctrl Pts',(26.1885095758455,-24.9996662024492,-3.9592884337989));
#2313=CARTESIAN_POINT('Ctrl Pts',(26.1903708264614,-24.2270589410893,-3.98524328997642));
#2314=CARTESIAN_POINT('Ctrl Pts',(26.4504514843683,-23.4545675736222,-4.01119814615393));
#2315=CARTESIAN_POINT('Ctrl Pts',(26.9198859975232,-22.8391386738565,-4.03715300233145));
#2316=CARTESIAN_POINT('Ctrl Pts',(27.4386682589894,-22.159014849457,-4.06583627679566));
#2317=CARTESIAN_POINT('Ctrl Pts',(28.2131331161773,-21.6707104658066,-4.09451955125988));
#2318=CARTESIAN_POINT('Ctrl Pts',(29.0503292445659,-21.5052433724012,-4.1232028257241));
#2319=CARTESIAN_POINT('Ctrl Pts',(30.1665907490839,-21.2846205811938,-4.16144719167639));
#2320=CARTESIAN_POINT('Ctrl Pts',(31.3943745135141,-21.6379307504218,-4.19969155762867));
#2321=CARTESIAN_POINT('Ctrl Pts',(32.2144771023825,-22.4230771714937,-4.23793592358096));
#2322=CARTESIAN_POINT('Ctrl Pts',(33.034579691251,-23.2082235925657,-4.27618028953325));
#2323=CARTESIAN_POINT('Ctrl Pts',(33.4470011045576,-24.4252062654817,-4.31442465548554));
#2324=CARTESIAN_POINT('Ctrl Pts',(33.2730109678485,-25.5470739496139,-4.35266902143783));
#2325=CARTESIAN_POINT('Ctrl Pts',(33.0990208311395,-26.6689416337461,-4.39091338739012));
#2326=CARTESIAN_POINT('Ctrl Pts',(32.3386191444148,-27.6956943290944,-4.4291577533424));
#2327=CARTESIAN_POINT('Ctrl Pts',(31.317658870275,-28.1999345834351,-4.46740211929469));
#2328=CARTESIAN_POINT('Ctrl Pts',(30.7433687160713,-28.4835697265018,-4.48891457514286));
#2329=CARTESIAN_POINT('Ctrl Pts',(30.0866361963184,-28.601878667531,-4.51042703099102));
#2330=CARTESIAN_POINT('Ctrl Pts',(29.4469348343435,-28.5463717282773,-4.53193948683919));
#2331=CARTESIAN_POINT('Ctrl Pts',(28.8072334723685,-28.4908647890236,-4.55345194268735));
#2332=CARTESIAN_POINT('Ctrl Pts',(28.1845632681715,-28.261541969487,-4.57496439853551));
#2333=CARTESIAN_POINT('Ctrl Pts',(27.665034972075,-27.8864859141122,-4.59647685438367));
#2334=CARTESIAN_POINT('Ctrl Pts',(27.1455066759784,-27.5114298587375,-4.61798931023183));
#2335=CARTESIAN_POINT('Ctrl Pts',(26.7291202879824,-26.9906405675245,-4.63950176608));
#2336=CARTESIAN_POINT('Ctrl Pts',(26.476593285164,-26.4007354908272,-4.66101422192816));
#2337=CARTESIAN_POINT('Ctrl Pts',(26.2877020662761,-25.9594841089083,-4.67710562586151));
#2338=CARTESIAN_POINT('Ctrl Pts',(26.1904918197292,-25.4795617505882,-4.69319702979487));
#2339=CARTESIAN_POINT('Ctrl Pts',(26.1899843505563,-24.9998298601938,-4.70928843372822));
#2340=CARTESIAN_POINT('Origin',(29.7499999999998,-25.,-7.15623098284279));
#2341=CARTESIAN_POINT('',(26.1904161343547,-25.0002249224481,-5.459288433612));
#2342=CARTESIAN_POINT('',(26.1900797527744,-25.0001385507731,-5.16571156627533));
#2343=CARTESIAN_POINT('',(26.1899499999998,-25.0000000000002,-7.15623098284279));
#2344=CARTESIAN_POINT('',(26.3950118668975,-23.8091974851906,-5.50000000000008));
#2345=CARTESIAN_POINT('Ctrl Pts',(26.1904161343547,-25.0002249224481,-5.45928843361199));
#2346=CARTESIAN_POINT('Ctrl Pts',(26.1908487505175,-24.5954912419702,-5.47285895574135));
#2347=CARTESIAN_POINT('Ctrl Pts',(26.2596317434475,-24.1906198470573,-5.48642947787071));
#2348=CARTESIAN_POINT('Ctrl Pts',(26.3950118668491,-23.8091974853412,-5.50000000000007));
#2349=CARTESIAN_POINT('',(33.1049881331022,-23.8091974851905,-5.50000000000008));
#2350=CARTESIAN_POINT('Origin',(29.7499999999998,-25.,-5.50000000000008));
#2351=CARTESIAN_POINT('Ctrl Pts',(33.1045808244696,-23.8093159095259,-5.50000000000003));
#2352=CARTESIAN_POINT('Ctrl Pts',(33.0049821266844,-23.5284684700045,-5.4900118982661));
#2353=CARTESIAN_POINT('Ctrl Pts',(32.8705885683817,-23.2599888891541,-5.48002379653217));
#2354=CARTESIAN_POINT('Ctrl Pts',(32.7043999726343,-23.0128955897256,-5.47003569479824));
#2355=CARTESIAN_POINT('Ctrl Pts',(32.3464616051926,-22.4807040045844,-5.44852323895007));
#2356=CARTESIAN_POINT('Ctrl Pts',(31.8410295581409,-22.0477210253633,-5.42701078310191));
#2357=CARTESIAN_POINT('Ctrl Pts',(31.2602181139827,-21.7756817740004,-5.40549832725374));
#2358=CARTESIAN_POINT('Ctrl Pts',(30.6794066698245,-21.5036425226374,-5.38398587140558));
#2359=CARTESIAN_POINT('Ctrl Pts',(30.0232158285599,-21.3925469991327,-5.36247341555742));
#2360=CARTESIAN_POINT('Ctrl Pts',(29.3852290965893,-21.4582539574126,-5.34096095970926));
#2361=CARTESIAN_POINT('Ctrl Pts',(28.7472423646187,-21.5239609156926,-5.3194485038611));
#2362=CARTESIAN_POINT('Ctrl Pts',(28.1274597419422,-21.7664703557572,-5.29793604801294));
#2363=CARTESIAN_POINT('Ctrl Pts',(27.6142914614997,-22.1511830350287,-5.27642359216477));
#2364=CARTESIAN_POINT('Ctrl Pts',(27.1011231810573,-22.5358957143003,-5.25491113631661));
#2365=CARTESIAN_POINT('Ctrl Pts',(26.6945692428489,-23.0628116327789,-5.23339868046845));
#2366=CARTESIAN_POINT('Ctrl Pts',(26.4526101391715,-23.6567846575667,-5.21188622462028));
#2367=CARTESIAN_POINT('Ctrl Pts',(26.2794952544025,-24.0817555314843,-5.19649467183862));
#2368=CARTESIAN_POINT('Ctrl Pts',(26.1906364185599,-24.5410529190264,-5.18110311905695));
#2369=CARTESIAN_POINT('Ctrl Pts',(26.1900797527745,-25.0001385507731,-5.16571156627529));
#2370=CARTESIAN_POINT('Ctrl Pts',(29.75,-28.1647988479634,-5.49999999999937));
#2371=CARTESIAN_POINT('Ctrl Pts',(30.3203674181691,-28.1647988479634,-5.47848754415121));
#2372=CARTESIAN_POINT('Ctrl Pts',(31.4603081502767,-27.8493428798522,-5.43546263245488));
#2373=CARTESIAN_POINT('Ctrl Pts',(32.6830682861016,-26.5623184122549,-5.3709252649104));
#2374=CARTESIAN_POINT('Ctrl Pts',(33.068787365764,-24.8299507011166,-5.30638789736591));
#2375=CARTESIAN_POINT('Ctrl Pts',(32.5079190214738,-23.1459278441744,-5.24185052982142));
#2376=CARTESIAN_POINT('Ctrl Pts',(31.1602236481415,-21.9908953612072,-5.17731316227693));
#2377=CARTESIAN_POINT('Ctrl Pts',(29.410275583863,-21.6942245540582,-5.11277579473244));
#2378=CARTESIAN_POINT('Ctrl Pts',(27.757217028977,-22.3406141303062,-5.04823842718796));
#2379=CARTESIAN_POINT('Ctrl Pts',(26.6726562175076,-23.7456210272744,-4.98370105964347));
#2380=CARTESIAN_POINT('Ctrl Pts',(26.4659413757589,-25.5084950251831,-4.91916369209898));
#2381=CARTESIAN_POINT('Ctrl Pts',(27.196109191824,-27.1262531992728,-4.8546263245545));
#2382=CARTESIAN_POINT('Ctrl Pts',(28.6547379710737,-28.1375727548594,-4.79008895701001));
#2383=CARTESIAN_POINT('Ctrl Pts',(30.4259822036878,-28.2536065602074,-4.72555158946552));
#2384=CARTESIAN_POINT('Ctrl Pts',(32.004040219372,-27.4419653733553,-4.66101422192104));
#2385=CARTESIAN_POINT('Ctrl Pts',(32.939805129877,-25.9327309208206,-4.59647685437655));
#2386=CARTESIAN_POINT('Ctrl Pts',(32.9641582801979,-24.1594168202851,-4.53193948683206));
#2387=CARTESIAN_POINT('Ctrl Pts',(31.9757168996997,-22.4509407423151,-4.46023130067152));
#2388=CARTESIAN_POINT('Ctrl Pts',(29.9346447052884,-21.5519409009749,-4.38135229589493));
#2389=CARTESIAN_POINT('Ctrl Pts',(27.6119133105878,-22.2892636862687,-4.29530247250228));
#2390=CARTESIAN_POINT('Ctrl Pts',(26.3551056958807,-24.3741929866154,-4.20925264910962));
#2391=CARTESIAN_POINT('Ctrl Pts',(26.7862426934792,-26.7710868613721,-4.12320282571698));
#2392=CARTESIAN_POINT('Ctrl Pts',(28.6930889552666,-28.286154866399,-4.03715300232432));
#2393=CARTESIAN_POINT('Ctrl Pts',(31.1248617016065,-28.1673244361361,-3.95110317893168));
#2394=CARTESIAN_POINT('Ctrl Pts',(32.8732387765076,-26.4710874203417,-3.86505335553902));
#2395=CARTESIAN_POINT('Ctrl Pts',(33.0671961250811,-24.0438974908834,-3.77900353214638));
#2396=CARTESIAN_POINT('Ctrl Pts',(31.611155852,-22.0922944041051,-3.69295370875373));
#2397=CARTESIAN_POINT('Ctrl Pts',(29.2281991025795,-21.5867870676993,-3.60690388536108));
#2398=CARTESIAN_POINT('Ctrl Pts',(27.1062014720762,-22.7805060683586,-3.52085406196843));
#2399=CARTESIAN_POINT('Ctrl Pts',(26.2982819138731,-25.0779670230936,-3.43480423857578));
#2400=CARTESIAN_POINT('Ctrl Pts',(27.2091127653208,-27.3366038298271,-3.34875441518313));
#2401=CARTESIAN_POINT('Ctrl Pts',(29.3828488552439,-28.4332936960945,-3.26270459179048));
#2402=CARTESIAN_POINT('Ctrl Pts',(31.7405430099502,-27.8207016113757,-3.17665476839783));
#2403=CARTESIAN_POINT('Ctrl Pts',(33.1069936382238,-25.8053524231987,-3.09060494500518));
#2404=CARTESIAN_POINT('Ctrl Pts',(32.80360951939,-23.3893808809048,-3.00455512161253));
#2405=CARTESIAN_POINT('Ctrl Pts',(30.9804871135093,-21.7738467326939,-2.91850529821988));
#2406=CARTESIAN_POINT('Ctrl Pts',(28.5457199121276,-21.7648860573195,-2.83245547482723));
#2407=CARTESIAN_POINT('Ctrl Pts',(26.709455066742,-23.3646166261227,-2.74640565143458));
#2408=CARTESIAN_POINT('Ctrl Pts',(26.3864990285725,-25.7783010496265,-2.66035582804193));
#2409=CARTESIAN_POINT('Ctrl Pts',(27.7371469918425,-27.8048255944831,-2.57430600464928));
#2410=CARTESIAN_POINT('Ctrl Pts',(30.0888167094716,-28.4355711011686,-2.48825618125663));
#2411=CARTESIAN_POINT('Ctrl Pts',(32.2730880456037,-27.3573087516341,-2.40220635786398));
#2412=CARTESIAN_POINT('Ctrl Pts',(33.1995068030792,-25.1053420489785,-2.31615653447133));
#2413=CARTESIAN_POINT('Ctrl Pts',(32.4145485153306,-22.8025527738957,-2.23010671107868));
#2414=CARTESIAN_POINT('Ctrl Pts',(30.2937982420165,-21.5899276454746,-2.14405688768603));
#2415=CARTESIAN_POINT('Ctrl Pts',(28.1869048663298,-22.0262513530169,-2.06756815578146));
#2416=CARTESIAN_POINT('Ctrl Pts',(26.532537470735,-23.7145066418622,-1.9815183323888));
#2417=CARTESIAN_POINT('Ctrl Pts',(26.4094996721191,-26.2525005878942,-1.89546850899616));
#2418=CARTESIAN_POINT('Ctrl Pts',(28.3555755678216,-28.1572795780689,-1.79985759411544));
#2419=CARTESIAN_POINT('Ctrl Pts',(30.7778598161972,-28.2939466287531,-1.71380777072278));
#2420=CARTESIAN_POINT('Ctrl Pts',(32.7004345402332,-26.7954215458448,-1.62775794733014));
#2421=CARTESIAN_POINT('Ctrl Pts',(33.1498698925057,-24.4010635556161,-1.54170812393749));
#2422=CARTESIAN_POINT('Ctrl Pts',(31.9095705370871,-22.3068491393738,-1.45565830054484));
#2423=CARTESIAN_POINT('Ctrl Pts',(29.5939221078982,-21.5508764552742,-1.36960847715219));
#2424=CARTESIAN_POINT('Ctrl Pts',(27.3567057785949,-22.5125419067916,-1.28355865375954));
#2425=CARTESIAN_POINT('Ctrl Pts',(26.3092142064537,-24.7104716429599,-1.19750883036689));
#2426=CARTESIAN_POINT('Ctrl Pts',(26.9750570902604,-27.0537159397817,-1.11145900697424));
#2427=CARTESIAN_POINT('Ctrl Pts',(29.0205160957845,-28.3743675133366,-1.02540918358159));
#2428=CARTESIAN_POINT('Ctrl Pts',(31.4294340691959,-28.0163678061768,-0.939359360188939));
#2429=CARTESIAN_POINT('Ctrl Pts',(33.0026200034932,-26.157508812104,-0.85330953679629));
#2430=CARTESIAN_POINT('Ctrl Pts',(32.9569377942199,-23.7226056359458,-0.76725971340364));
#2431=CARTESIAN_POINT('Ctrl Pts',(31.3168104315079,-21.9230663880405,-0.68120989001099));
#2432=CARTESIAN_POINT('Ctrl Pts',(28.8956652003178,-21.6551190172974,-0.59516006661834));
#2433=CARTESIAN_POINT('Ctrl Pts',(26.9006027361291,-23.0507884948765,-0.50911024322569));
#2434=CARTESIAN_POINT('Ctrl Pts',(26.3228178738957,-25.4166492074014,-0.423060419833041));
#2435=CARTESIAN_POINT('Ctrl Pts',(27.4504467186377,-27.5750470575094,-0.337010596440392));
#2436=CARTESIAN_POINT('Ctrl Pts',(29.7222756015878,-28.452244350687,-0.250960773047742));
#2437=CARTESIAN_POINT('Ctrl Pts',(32.0076461095846,-27.6117784756998,-0.164910949655092));
#2438=CARTESIAN_POINT('Ctrl Pts',(33.1702998842402,-25.4716407253573,-0.0788611262624423));
#2439=CARTESIAN_POINT('Ctrl Pts',(32.6298920981095,-23.0971658168411,0.00718869713020607));
#2440=CARTESIAN_POINT('Ctrl Pts',(30.6590770636902,-21.6687856071482,0.0932385205228566));
#2441=CARTESIAN_POINT('Ctrl Pts',(28.230943515737,-21.89926971112,0.179288343915506));
#2442=CARTESIAN_POINT('Ctrl Pts',(26.5673734759754,-23.6693953861027,0.265338167308156));
#2443=CARTESIAN_POINT('Ctrl Pts',(26.4612139294123,-26.3802609206069,0.360949082188878));
#2444=CARTESIAN_POINT('Ctrl Pts',(28.7094601360739,-28.5483428256625,0.466121088557672));
#2445=CARTESIAN_POINT('Ctrl Pts',(32.070369320004,-27.8788111455187,0.580854186414538));
#2446=CARTESIAN_POINT('Ctrl Pts',(33.2304357687634,-25.2094739480876,0.678855374167277));
#2447=CARTESIAN_POINT('Ctrl Pts',(32.4722200186536,-23.1005888289835,0.760124651815892));
#2448=CARTESIAN_POINT('Ctrl Pts',(31.1125182316112,-21.9679458581752,0.824662019360378));
#2449=CARTESIAN_POINT('Ctrl Pts',(29.3545074510825,-21.7003134076104,0.889199386904865));
#2450=CARTESIAN_POINT('Ctrl Pts',(27.714033649587,-22.3739419650843,0.953736754449351));
#2451=CARTESIAN_POINT('Ctrl Pts',(26.652050721461,-23.7967217335504,1.01827412199384));
#2452=CARTESIAN_POINT('Ctrl Pts',(26.4749448078667,-25.5627501511393,1.08281148953833));
#2453=CARTESIAN_POINT('Ctrl Pts',(27.2315572134322,-27.1682480350409,1.14734885708281));
#2454=CARTESIAN_POINT('Ctrl Pts',(28.7068756424646,-28.155209887074,1.2118862246273));
#2455=CARTESIAN_POINT('Ctrl Pts',(30.4796268039221,-28.2420900824218,1.27642359217179));
#2456=CARTESIAN_POINT('Ctrl Pts',(32.0443155794571,-27.4041015706425,1.34096095971628));
#2457=CARTESIAN_POINT('Ctrl Pts',(32.954449524742,-25.8802997082551,1.40549832726077));
#2458=CARTESIAN_POINT('Ctrl Pts',(32.9505234571291,-24.1053721230455,1.47003569480525));
#2459=CARTESIAN_POINT('Ctrl Pts',(32.0334692025721,-22.5856612377006,1.53457306234974));
#2460=CARTESIAN_POINT('Ctrl Pts',(30.4652438845204,-21.754671800677,1.59911042989423));
#2461=CARTESIAN_POINT('Ctrl Pts',(28.6925106901278,-21.8495039269989,1.66364779743871));
#2462=CARTESIAN_POINT('Ctrl Pts',(27.7126377513496,-22.5119433672936,1.70667270913504));
#2463=CARTESIAN_POINT('Ctrl Pts',(27.3424323981082,-22.9458408069499,1.7281851649832));
#2464=CARTESIAN_POINT('Ctrl Pts',(29.7502782288293,-28.2965495641451,-5.57606106744866));
#2465=CARTESIAN_POINT('Ctrl Pts',(30.3443900675444,-28.2964994296371,-5.5545486116005));
#2466=CARTESIAN_POINT('Ctrl Pts',(31.5317588483758,-27.9678107869352,-5.51152369990418));
#2467=CARTESIAN_POINT('Ctrl Pts',(32.8053093971749,-26.627099943968,-5.44698633235969));
#2468=CARTESIAN_POINT('Ctrl Pts',(33.2069336810226,-24.8225797753118,-5.3824489648152));
#2469=CARTESIAN_POINT('Ctrl Pts',(32.6225683152269,-23.0685002815594,-5.31791159727072));
#2470=CARTESIAN_POINT('Ctrl Pts',(31.218666781276,-21.8655022245109,-5.25337422972622));
#2471=CARTESIAN_POINT('Ctrl Pts',(29.3958422204141,-21.5566348422741,-5.18883686218174));
#2472=CARTESIAN_POINT('Ctrl Pts',(27.6740235908131,-22.2300789705171,-5.12429949463725));
#2473=CARTESIAN_POINT('Ctrl Pts',(26.544435983287,-23.6936717139915,-5.05976212709276));
#2474=CARTESIAN_POINT('Ctrl Pts',(26.3292705732427,-25.5299524073654,-4.99522475954828));
#2475=CARTESIAN_POINT('Ctrl Pts',(27.0899775299652,-27.2149937345425,-4.93068739200379));
#2476=CARTESIAN_POINT('Ctrl Pts',(28.6094179980772,-28.2682863354134,-4.8661500244593));
#2477=CARTESIAN_POINT('Ctrl Pts',(30.45440940743,-28.3889949176064,-4.80161265691482));
#2478=CARTESIAN_POINT('Ctrl Pts',(32.0980906941716,-27.5434263403078,-4.73707528937032));
#2479=CARTESIAN_POINT('Ctrl Pts',(33.0726788580143,-25.9712801245726,-4.67253792182585));
#2480=CARTESIAN_POINT('Ctrl Pts',(33.0978899331464,-24.1241407388695,-4.60800055428135));
#2481=CARTESIAN_POINT('Ctrl Pts',(32.0681494979761,-22.3446276220329,-4.53629236812081));
#2482=CARTESIAN_POINT('Ctrl Pts',(29.9420283426208,-21.4083818157304,-4.45741336334422));
#2483=CARTESIAN_POINT('Ctrl Pts',(27.5226663579244,-22.17660357925,-4.37136353995157));
#2484=CARTESIAN_POINT('Ctrl Pts',(26.2137210791793,-24.3484390686258,-4.28531371655892));
#2485=CARTESIAN_POINT('Ctrl Pts',(26.6630170470517,-26.8450778391582,-4.19926389316627));
#2486=CARTESIAN_POINT('Ctrl Pts',(28.6493785987831,-28.4230505534648,-4.11321406977362));
#2487=CARTESIAN_POINT('Ctrl Pts',(31.1823757040806,-28.2990594270917,-4.02716424638097));
#2488=CARTESIAN_POINT('Ctrl Pts',(33.003388672888,-26.5320542794779,-3.94111442298832));
#2489=CARTESIAN_POINT('Ctrl Pts',(33.2052070929461,-24.0038032773688,-3.85506459959567));
#2490=CARTESIAN_POINT('Ctrl Pts',(31.6883802263408,-21.9710828699752,-3.76901477620302));
#2491=CARTESIAN_POINT('Ctrl Pts',(29.2061764435136,-21.4447407377585,-3.68296495281037));
#2492=CARTESIAN_POINT('Ctrl Pts',(26.9959448981532,-22.688340861132,-3.59691512941772));
#2493=CARTESIAN_POINT('Ctrl Pts',(26.1545935914867,-25.0815162451373,-3.51086530602507));
#2494=CARTESIAN_POINT('Ctrl Pts',(27.1035409369898,-27.4341001268737,-3.42481548263242));
#2495=CARTESIAN_POINT('Ctrl Pts',(29.3678661667352,-28.5762541443476,-3.33876565923977));
#2496=CARTESIAN_POINT('Ctrl Pts',(31.823657380973,-27.9379525480334,-3.25271583584712));
#2497=CARTESIAN_POINT('Ctrl Pts',(33.2468162326757,-25.8385841577532,-3.16666601245447));
#2498=CARTESIAN_POINT('Ctrl Pts',(32.9305898243528,-23.3220622817185,-3.08061618906182));
#2499=CARTESIAN_POINT('Ctrl Pts',(31.0314287256228,-21.6394336563051,-2.99456636566917));
#2500=CARTESIAN_POINT('Ctrl Pts',(28.49530126888,-21.6303139908325,-2.90851654227652));
#2501=CARTESIAN_POINT('Ctrl Pts',(26.5827332753133,-23.2968028479366,-2.82246671888387));
#2502=CARTESIAN_POINT('Ctrl Pts',(26.2465447569443,-25.8109974524561,-2.73641689549122));
#2503=CARTESIAN_POINT('Ctrl Pts',(27.6535984130335,-27.9217675643634,-2.65036707209857));
#2504=CARTESIAN_POINT('Ctrl Pts',(30.1032236957534,-28.5785642916783,-2.56431724870593));
#2505=CARTESIAN_POINT('Ctrl Pts',(32.3783315509895,-27.4552218069003,-2.47826742531327));
#2506=CARTESIAN_POINT('Ctrl Pts',(33.3431191848755,-25.1094241861129,-2.39221760192063));
#2507=CARTESIAN_POINT('Ctrl Pts',(32.5252806036332,-22.7108387002191,-2.30616777852798));
#2508=CARTESIAN_POINT('Ctrl Pts',(30.3161367966933,-21.4479183747241,-2.22011795513533));
#2509=CARTESIAN_POINT('Ctrl Pts',(28.1215717157788,-21.902591483344,-2.14362922323075));
#2510=CARTESIAN_POINT('Ctrl Pts',(26.3984813518496,-23.6612743528283,-2.0575793998381));
#2511=CARTESIAN_POINT('Ctrl Pts',(26.2705446054024,-26.3049359175471,-1.97152957644545));
#2512=CARTESIAN_POINT('Ctrl Pts',(28.2978031837573,-28.288839854342,-1.87591866156473));
#2513=CARTESIAN_POINT('Ctrl Pts',(30.8209392462505,-28.4309834109044,-1.78986883817208));
#2514=CARTESIAN_POINT('Ctrl Pts',(32.8234191029817,-26.8699056415321,-1.70381901477943));
#2515=CARTESIAN_POINT('Ctrl Pts',(33.2913539700726,-24.3758309134494,-1.61776919138678));
#2516=CARTESIAN_POINT('Ctrl Pts',(31.9992367919023,-22.194543293657,-1.53171936799413));
#2517=CARTESIAN_POINT('Ctrl Pts',(29.5871213550986,-21.4073030107443,-1.44566954460148));
#2518=CARTESIAN_POINT('Ctrl Pts',(27.2568541550869,-22.4091993197885,-1.35961972120883));
#2519=CARTESIAN_POINT('Ctrl Pts',(26.1659486860728,-24.6987210532366,-1.27356989781618));
#2520=CARTESIAN_POINT('Ctrl Pts',(26.8597166437261,-27.139456179872,-1.18752007442353));
#2521=CARTESIAN_POINT('Ctrl Pts',(28.9904442992124,-28.514906713116,-1.10147025103088));
#2522=CARTESIAN_POINT('Ctrl Pts',(31.4996141621814,-28.1417916873105,-1.01542042763823));
#2523=CARTESIAN_POINT('Ctrl Pts',(33.138128478709,-26.2054100073024,-0.929370604245582));
#2524=CARTESIAN_POINT('Ctrl Pts',(33.0903304548507,-23.6691457205007,-0.843320780852932));
#2525=CARTESIAN_POINT('Ctrl Pts',(31.3817663186876,-21.7948357610003,-0.757270957460282));
#2526=CARTESIAN_POINT('Ctrl Pts',(28.8598051447254,-21.5159465818945,-0.671221134067634));
#2527=CARTESIAN_POINT('Ctrl Pts',(26.7818108412877,-22.9698932326332,-0.585171310674982));
#2528=CARTESIAN_POINT('Ctrl Pts',(26.180180758895,-25.4342956267429,-0.499121487282335));
#2529=CARTESIAN_POINT('Ctrl Pts',(27.3549425943233,-27.6824485412886,-0.413071663889684));
#2530=CARTESIAN_POINT('Ctrl Pts',(29.7214249310146,-28.5959638731491,-0.327021840497035));
#2531=CARTESIAN_POINT('Ctrl Pts',(32.1018616268125,-27.7203084526383,-0.240972017104384));
#2532=CARTESIAN_POINT('Ctrl Pts',(33.3127285828629,-25.4909744602751,-0.154922193711735));
#2533=CARTESIAN_POINT('Ctrl Pts',(32.749614850234,-23.017697565682,-0.0688723703190862));
#2534=CARTESIAN_POINT('Ctrl Pts',(30.6966291233742,-21.5300270840096,0.0171774530735642));
#2535=CARTESIAN_POINT('Ctrl Pts',(28.1674325348246,-21.7703197183234,0.103227276466214));
#2536=CARTESIAN_POINT('Ctrl Pts',(26.4347636127665,-23.6142820515584,0.189277099858864));
#2537=CARTESIAN_POINT('Ctrl Pts',(26.3244229643918,-26.438010370519,0.284888014739586));
#2538=CARTESIAN_POINT('Ctrl Pts',(28.6664543598481,-28.6961519717766,0.390060021108379));
#2539=CARTESIAN_POINT('Ctrl Pts',(32.1672194850037,-27.9984521903425,0.504793118965246));
#2540=CARTESIAN_POINT('Ctrl Pts',(33.3753448767998,-25.2178883824223,0.602794306717985));
#2541=CARTESIAN_POINT('Ctrl Pts',(32.585379175883,-23.0212769387788,0.684063584366599));
#2542=CARTESIAN_POINT('Ctrl Pts',(31.1689733683666,-21.8416015269725,0.748600951911086));
#2543=CARTESIAN_POINT('Ctrl Pts',(29.3377529931908,-21.5629820776279,0.813138319455573));
#2544=CARTESIAN_POINT('Ctrl Pts',(27.6290454153321,-22.264798041011,0.877675687000059));
#2545=CARTESIAN_POINT('Ctrl Pts',(26.5229771719708,-23.7469015563777,0.942213054544549));
#2546=CARTESIAN_POINT('Ctrl Pts',(26.3386535883599,-25.5864653851221,1.00675042208903));
#2547=CARTESIAN_POINT('Ctrl Pts',(27.1269049461683,-27.2587337008199,1.07128778963352));
#2548=CARTESIAN_POINT('Ctrl Pts',(28.6637277136009,-28.2866531186558,1.13582515717801));
#2549=CARTESIAN_POINT('Ctrl Pts',(30.5102862222313,-28.37699429225,1.2003625247225));
#2550=CARTESIAN_POINT('Ctrl Pts',(32.1400393906922,-27.5039827251324,1.26489989226698));
#2551=CARTESIAN_POINT('Ctrl Pts',(33.0879282900132,-25.9166649107694,1.32943725981147));
#2552=CARTESIAN_POINT('Ctrl Pts',(33.0836827411278,-24.0678473573838,1.39397462735596));
#2553=CARTESIAN_POINT('Ctrl Pts',(32.128317873857,-22.4849514604626,1.45851199490045));
#2554=CARTESIAN_POINT('Ctrl Pts',(30.4947342136048,-21.6195057665009,1.52304936244493));
#2555=CARTESIAN_POINT('Ctrl Pts',(28.6482103905204,-21.7184415995973,1.58758672998942));
#2556=CARTESIAN_POINT('Ctrl Pts',(27.6276035430129,-22.4085445771229,1.63061164168575));
#2557=CARTESIAN_POINT('Ctrl Pts',(27.2420246637219,-22.8605377266944,1.65212409753391));
#2558=CARTESIAN_POINT('Ctrl Pts',(29.7505389276206,-28.4282998654503,-5.65212288530734));
#2559=CARTESIAN_POINT('Ctrl Pts',(30.3683951124758,-28.4282027464329,-5.63061042945917));
#2560=CARTESIAN_POINT('Ctrl Pts',(31.6031935416245,-28.0862877982033,-5.58758551776285));
#2561=CARTESIAN_POINT('Ctrl Pts',(32.9275414705924,-26.6918975134265,-5.52304815021836));
#2562=CARTESIAN_POINT('Ctrl Pts',(33.3450805032352,-24.8152272541901,-5.45851078267388));
#2563=CARTESIAN_POINT('Ctrl Pts',(32.7372275162896,-22.9910882362331,-5.39397341512938));
#2564=CARTESIAN_POINT('Ctrl Pts',(31.2771263956456,-21.7401172930745,-5.3294360475849));
#2565=CARTESIAN_POINT('Ctrl Pts',(29.3814272106447,-21.4190436820665,-5.26489868004041));
#2566=CARTESIAN_POINT('Ctrl Pts',(27.5908451429642,-22.1195331222535,-5.20036131249593));
#2567=CARTESIAN_POINT('Ctrl Pts',(26.4162230998362,-23.6417055211005,-5.13582394495144));
#2568=CARTESIAN_POINT('Ctrl Pts',(26.1925973848544,-25.5513915340249,-5.07128657740695));
#2569=CARTESIAN_POINT('Ctrl Pts',(26.9838344265007,-27.3037198462978,-5.00674920986246));
#2570=CARTESIAN_POINT('Ctrl Pts',(28.5640807910832,-28.3989934385653,-4.94221184231798));
#2571=CARTESIAN_POINT('Ctrl Pts',(30.4828185023123,-28.5243865925312,-4.87767447477349));
#2572=CARTESIAN_POINT('Ctrl Pts',(32.1921273486772,-27.6448994712318,-4.813137107229));
#2573=CARTESIAN_POINT('Ctrl Pts',(33.2055470019643,-26.0098468730357,-4.74859973968451));
#2574=CARTESIAN_POINT('Ctrl Pts',(33.2316258206852,-24.0888825691588,-4.68406237214003));
#2575=CARTESIAN_POINT('Ctrl Pts',(32.160595921568,-22.2383271640295,-4.61235418597948));
#2576=CARTESIAN_POINT('Ctrl Pts',(29.9494310533351,-21.2648242046973,-4.53347518120289));
#2577=CARTESIAN_POINT('Ctrl Pts',(27.4334346989125,-22.0639319857957,-4.44742535781024));
#2578=CARTESIAN_POINT('Ctrl Pts',(26.0723403734139,-24.3226664299276,-4.36137553441759));
#2579=CARTESIAN_POINT('Ctrl Pts',(26.5397819801975,-26.9190521696506,-4.27532571102494));
#2580=CARTESIAN_POINT('Ctrl Pts',(28.6056501792252,-28.5599399580384,-4.18927588763229));
#2581=CARTESIAN_POINT('Ctrl Pts',(31.2398719843759,-28.4308016145295,-4.10322606423964));
#2582=CARTESIAN_POINT('Ctrl Pts',(33.1335300122173,-26.5930382457983,-4.01717624084699));
#2583=CARTESIAN_POINT('Ctrl Pts',(33.343222921121,-23.9637275602086,-3.93112641745434));
#2584=CARTESIAN_POINT('Ctrl Pts',(31.7656204619771,-21.8498820266589,-3.8450765940617));
#2585=CARTESIAN_POINT('Ctrl Pts',(29.1841727553828,-21.3026919625885,-3.75902677066904));
#2586=CARTESIAN_POINT('Ctrl Pts',(26.8857009652316,-22.5961613032856,-3.67297694727639));
#2587=CARTESIAN_POINT('Ctrl Pts',(26.0109052896972,-25.0850463393021,-3.58692712388374));
#2588=CARTESIAN_POINT('Ctrl Pts',(26.9979564985576,-27.5315820460528,-3.50087730049109));
#2589=CARTESIAN_POINT('Ctrl Pts',(29.3528645126722,-28.719212106588,-3.41482747709845));
#2590=CARTESIAN_POINT('Ctrl Pts',(31.9067558676808,-28.0552141412715,-3.32877765370579));
#2591=CARTESIAN_POINT('Ctrl Pts',(33.3866339270078,-25.8718343782155,-3.24272783031315));
#2592=CARTESIAN_POINT('Ctrl Pts',(33.0575786495137,-23.2547608079986,-3.1566780069205));
#2593=CARTESIAN_POINT('Ctrl Pts',(31.0823880443479,-21.5050278147437,-3.07062818352784));
#2594=CARTESIAN_POINT('Ctrl Pts',(28.4449007023444,-21.4957356804481,-2.9845783601352));
#2595=CARTESIAN_POINT('Ctrl Pts',(26.4560209396588,-23.228972443585,-2.89852853674255));
#2596=CARTESIAN_POINT('Ctrl Pts',(26.1065866157079,-25.8436751245313,-2.8124787133499));
#2597=CARTESIAN_POINT('Ctrl Pts',(27.5700345633162,-28.0386980182656,-2.72642888995725));
#2598=CARTESIAN_POINT('Ctrl Pts',(30.1176116096372,-28.7215589085128,-2.6403790665646));
#2599=CARTESIAN_POINT('Ctrl Pts',(32.4835616695845,-27.5531485273084,-2.55432924317194));
#2600=CARTESIAN_POINT('Ctrl Pts',(33.4867305311531,-25.1135254148599,-2.4682794197793));
#2601=CARTESIAN_POINT('Ctrl Pts',(32.6360245132563,-22.6191396718955,-2.38222959638665));
#2602=CARTESIAN_POINT('Ctrl Pts',(30.3384941670888,-21.3059125635454,-2.296179772994));
#2603=CARTESIAN_POINT('Ctrl Pts',(28.0562552397549,-21.7789233444545,-2.21969104108942));
#2604=CARTESIAN_POINT('Ctrl Pts',(26.2644327740702,-23.6080244130645,-2.13364121769677));
#2605=CARTESIAN_POINT('Ctrl Pts',(26.131583041054,-26.3573525804691,-2.04759139430412));
#2606=CARTESIAN_POINT('Ctrl Pts',(28.2400134951784,-28.4203919942507,-1.9519804794234));
#2607=CARTESIAN_POINT('Ctrl Pts',(30.8640002986541,-28.5680254535652,-1.86593065603075));
#2608=CARTESIAN_POINT('Ctrl Pts',(32.9463933337352,-26.9444058439443,-1.7798808326381));
#2609=CARTESIAN_POINT('Ctrl Pts',(33.4328409216301,-24.3506171783121,-1.69383100924545));
#2610=CARTESIAN_POINT('Ctrl Pts',(32.0889176786697,-22.0822497635773,-1.6077811858528));
#2611=CARTESIAN_POINT('Ctrl Pts',(29.5803397259542,-21.2637291538357,-1.52173136246015));
#2612=CARTESIAN_POINT('Ctrl Pts',(27.1570166210365,-22.3058438017263,-1.4356815390675));
#2613=CARTESIAN_POINT('Ctrl Pts',(26.0226852225948,-24.6869514462421,-1.34963171567485));
#2614=CARTESIAN_POINT('Ctrl Pts',(26.7443651851416,-27.2251807808127,-1.2635818922822));
#2615=CARTESIAN_POINT('Ctrl Pts',(28.960353909704,-28.6554414307263,-1.17753206888955));
#2616=CARTESIAN_POINT('Ctrl Pts',(31.5697773286727,-28.2672244745759,-1.09148224549691));
#2617=CARTESIAN_POINT('Ctrl Pts',(33.2736301163592,-26.2533290655071,-1.00543242210425));
#2618=CARTESIAN_POINT('Ctrl Pts',(33.2237297722099,-23.6157037338782,-0.919382598711605));
#2619=CARTESIAN_POINT('Ctrl Pts',(31.4467390396594,-21.6666142166332,-0.833332775318955));
#2620=CARTESIAN_POINT('Ctrl Pts',(28.8239637281685,-21.3767698523389,-0.747282951926306));
#2621=CARTESIAN_POINT('Ctrl Pts',(26.6630301150374,-22.8889824447751,-0.661233128533655));
#2622=CARTESIAN_POINT('Ctrl Pts',(26.0375417858176,-25.4519230097008,-0.575183305141007));
#2623=CARTESIAN_POINT('Ctrl Pts',(27.259424509204,-27.7898369514666,-0.489133481748357));
#2624=CARTESIAN_POINT('Ctrl Pts',(29.7205551438572,-28.7396827895719,-0.403083658355708));
#2625=CARTESIAN_POINT('Ctrl Pts',(32.1960623824716,-27.8288505912358,-0.317033834963057));
#2626=CARTESIAN_POINT('Ctrl Pts',(33.4551542213661,-25.5103270770295,-0.230984011570408));
#2627=CARTESIAN_POINT('Ctrl Pts',(32.8693477630828,-22.9382455139252,-0.144934188177759));
#2628=CARTESIAN_POINT('Ctrl Pts',(30.7341995154009,-21.391274033249,-0.0588843647851087));
#2629=CARTESIAN_POINT('Ctrl Pts',(28.1039389237096,-21.6413617170546,0.0271654586075408));
#2630=CARTESIAN_POINT('Ctrl Pts',(26.3021615391012,-23.5591512644802,0.113215282000191));
#2631=CARTESIAN_POINT('Ctrl Pts',(26.1876247840106,-26.4957414252109,0.208826196880913));
#2632=CARTESIAN_POINT('Ctrl Pts',(28.6234290689692,-28.8439548895931,0.313998203249706));
#2633=CARTESIAN_POINT('Ctrl Pts',(32.2640533989817,-28.1181057089863,0.428731301106572));
#2634=CARTESIAN_POINT('Ctrl Pts',(33.5202523712814,-25.2263220652692,0.526732488859313));
#2635=CARTESIAN_POINT('Ctrl Pts',(32.6985484957358,-22.9419803749464,0.608001766507925));
#2636=CARTESIAN_POINT('Ctrl Pts',(31.2254451199515,-21.7152651393953,0.672539134052414));
#2637=CARTESIAN_POINT('Ctrl Pts',(29.3210168624521,-21.4256489897579,0.737076501596899));
#2638=CARTESIAN_POINT('Ctrl Pts',(27.5440719925182,-22.1556431848197,0.801613869141387));
#2639=CARTESIAN_POINT('Ctrl Pts',(26.3939106929049,-23.6970643788261,0.866151236685875));
#2640=CARTESIAN_POINT('Ctrl Pts',(26.2023596813116,-25.6101624063094,0.930688604230361));
#2641=CARTESIAN_POINT('Ctrl Pts',(27.0222410000734,-27.3492051339289,0.99522597177485));
#2642=CARTESIAN_POINT('Ctrl Pts',(28.6205624461894,-28.4180901592711,1.05976333931934));
#2643=CARTESIAN_POINT('Ctrl Pts',(30.5409275885057,-28.5119021182562,1.12430070686383));
#2644=CARTESIAN_POINT('Ctrl Pts',(32.2357495859153,-27.6038762715663,1.18883807440831));
#2645=CARTESIAN_POINT('Ctrl Pts',(33.2214017598771,-25.9530477460886,1.2533754419528));
#2646=CARTESIAN_POINT('Ctrl Pts',(33.2168465602061,-24.0303404347617,1.31791280949728));
#2647=CARTESIAN_POINT('Ctrl Pts',(32.2231796184912,-22.3842546476638,1.38245017704178));
#2648=CARTESIAN_POINT('Ctrl Pts',(30.5242424218055,-21.4843441172237,1.44698754458626));
#2649=CARTESIAN_POINT('Ctrl Pts',(28.6039276818658,-21.5873738321133,1.51152491213075));
#2650=CARTESIAN_POINT('Ctrl Pts',(27.5425833764296,-22.3051348217076,1.55454982382707));
#2651=CARTESIAN_POINT('Ctrl Pts',(27.1416286230746,-22.7752215800385,1.57606227967523));
#2652=CARTESIAN_POINT('Ctrl Pts',(29.7507874100839,-28.5600499129297,-5.72818516498152));
#2653=CARTESIAN_POINT('Ctrl Pts',(30.3923878955926,-28.5599080040507,-5.70667270913335));
#2654=CARTESIAN_POINT('Ctrl Pts',(31.6746171006133,-28.2047711860004,-5.66364779743703));
#2655=CARTESIAN_POINT('Ctrl Pts',(33.0497672785888,-26.7567062764664,-5.59911042989255));
#2656=CARTESIAN_POINT('Ctrl Pts',(33.483227715749,-24.8078875569887,-5.53457306234805));
#2657=CARTESIAN_POINT('Ctrl Pts',(32.8518936522524,-22.9136869838001,-5.47003569480357));
#2658=CARTESIAN_POINT('Ctrl Pts',(31.3355975110932,-21.6147380461334,-5.40549832725908));
#2659=CARTESIAN_POINT('Ctrl Pts',(29.3670249872943,-21.2814514756183,-5.34096095971459));
#2660=CARTESIAN_POINT('Ctrl Pts',(27.5076771192598,-22.008979795814,-5.27642359217011));
#2661=CARTESIAN_POINT('Ctrl Pts',(26.2880153046316,-23.5897275512538,-5.21188622462561));
#2662=CARTESIAN_POINT('Ctrl Pts',(26.0559224971919,-25.5728179445502,-5.14734885708113));
#2663=CARTESIAN_POINT('Ctrl Pts',(26.8776833211948,-27.3924359303863,-5.08281148953665));
#2664=CARTESIAN_POINT('Ctrl Pts',(28.5187315619457,-28.5296960627694,-5.01827412199215));
#2665=CARTESIAN_POINT('Ctrl Pts',(30.5112149851311,-28.659780615638,-4.95373675444767));
#2666=CARTESIAN_POINT('Ctrl Pts',(32.2861543973134,-27.7463811061439,-4.88919938690318));
#2667=CARTESIAN_POINT('Ctrl Pts',(33.3384112900009,-26.0484258583651,-4.8246620193587));
#2668=CARTESIAN_POINT('Ctrl Pts',(33.3653646950584,-24.0536368722698,-4.76012465181421));
#2669=CARTESIAN_POINT('Ctrl Pts',(32.2530520044317,-22.1320355016732,-4.68841646565367));
#2670=CARTESIAN_POINT('Ctrl Pts',(29.9568470578792,-21.1212675825312,-4.60953746087707));
#2671=CARTESIAN_POINT('Ctrl Pts',(27.3442136738056,-21.951252357519,-4.52348763748442));
#2672=CARTESIAN_POINT('Ctrl Pts',(25.930962355217,-24.2968807382707,-4.43743781409177));
#2673=CARTESIAN_POINT('Ctrl Pts',(26.4165403154584,-26.993014918805,-4.35138799069912));
#2674=CARTESIAN_POINT('Ctrl Pts',(28.5619091601294,-28.6968250212618,-4.26533816730647));
#2675=CARTESIAN_POINT('Ctrl Pts',(31.2973559298866,-28.5625488521565,-4.17928834391382));
#2676=CARTESIAN_POINT('Ctrl Pts',(33.2636654231878,-26.6540341501834,-4.09323852052117));
#2677=CARTESIAN_POINT('Ctrl Pts',(33.4812421732925,-23.9236647219447,-4.00718869712852));
#2678=CARTESIAN_POINT('Ctrl Pts',(31.8428717717451,-21.7286886011607,-3.92113887373588));
#2679=CARTESIAN_POINT('Ctrl Pts',(29.1621822816932,-21.160641445197,-3.83508905034322));
#2680=CARTESIAN_POINT('Ctrl Pts',(26.7754658121165,-22.5039717201772,-3.74903922695057));
#2681=CARTESIAN_POINT('Ctrl Pts',(25.8672169637697,-25.088563104598,-3.66298940355793));
#2682=CARTESIAN_POINT('Ctrl Pts',(26.8923632440381,-27.629053971791,-3.57693958016527));
#2683=CARTESIAN_POINT('Ctrl Pts',(29.3378496380005,-28.8621683745311,-3.49088975677263));
#2684=CARTESIAN_POINT('Ctrl Pts',(31.9898433071695,-28.1724831923524,-3.40483993337997));
#2685=CARTESIAN_POINT('Ctrl Pts',(33.5264482440249,-25.9050974899359,-3.31879010998733));
#2686=CARTESIAN_POINT('Ctrl Pts',(33.1845734462349,-23.1874712507189,-3.23274028659468));
#2687=CARTESIAN_POINT('Ctrl Pts',(31.1333597160567,-21.3706269787973,-3.14669046320203));
#2688=CARTESIAN_POINT('Ctrl Pts',(28.3945127196395,-21.3611529828876,-3.06064063980938));
#2689=CARTESIAN_POINT('Ctrl Pts',(26.3293151595622,-23.1611304346302,-2.97459081641673));
#2690=CARTESIAN_POINT('Ctrl Pts',(25.9666257403438,-25.8763397523108,-2.88854099302408));
#2691=CARTESIAN_POINT('Ctrl Pts',(27.4864600492431,-28.155620478251,-2.80249116963143));
#2692=CARTESIAN_POINT('Ctrl Pts',(30.1319862362375,-28.8645545576319,-2.71644134623878));
#2693=CARTESIAN_POINT('Ctrl Pts',(32.5887824874016,-27.6510847968846,-2.63039152284613));
#2694=CARTESIAN_POINT('Ctrl Pts',(33.6303411942743,-25.1176399492473,-2.54434169945348));
#2695=CARTESIAN_POINT('Ctrl Pts',(32.7467766905622,-22.5274511037674,-2.45829187606083));
#2696=CARTESIAN_POINT('Ctrl Pts',(30.3608646557514,-21.1639091252691,-2.37224205266818));
#2697=CARTESIAN_POINT('Ctrl Pts',(27.9909503663155,-21.6552494097031,-2.2957533207636));
#2698=CARTESIAN_POINT('Ctrl Pts',(26.1303894155962,-23.5547621586714,-2.20970349737095));
#2699=CARTESIAN_POINT('Ctrl Pts',(25.9926169115067,-26.4097562489292,-2.1236536739783));
#2700=CARTESIAN_POINT('Ctrl Pts',(28.1822117319465,-28.5519384993747,-2.02804275909758));
#2701=CARTESIAN_POINT('Ctrl Pts',(30.9070485556466,-28.7050711988374,-1.94199293570493));
#2702=CARTESIAN_POINT('Ctrl Pts',(33.0693603972184,-27.0189172907971,-1.85594311231229));
#2703=CARTESIAN_POINT('Ctrl Pts',(33.5743299140418,-24.3254166122152,-1.76989328891963));
#2704=CARTESIAN_POINT('Ctrl Pts',(32.1786087860918,-21.9699647860187,-1.68384346552698));
#2705=CARTESIAN_POINT('Ctrl Pts',(29.5735714218596,-21.1201549710876,-1.59779364213433));
#2706=CARTESIAN_POINT('Ctrl Pts',(27.0571888788135,-22.2024792445066,-1.51174381874168));
#2707=CARTESIAN_POINT('Ctrl Pts',(25.8794231542853,-24.6751685834622,-1.42569399534903));
#2708=CARTESIAN_POINT('Ctrl Pts',(26.62900602153,-27.3108945060877,-1.33964417195638));
#2709=CARTESIAN_POINT('Ctrl Pts',(28.9302505551503,-28.7959730624775,-1.25359434856373));
#2710=CARTESIAN_POINT('Ctrl Pts',(31.6399287182464,-28.3926635019258,-1.16754452517109));
#2711=CARTESIAN_POINT('Ctrl Pts',(33.4091270253376,-26.3012605848888,-1.08149470177843));
#2712=CARTESIAN_POINT('Ctrl Pts',(33.3571337643548,-23.5622742271239,-0.995444878385785));
#2713=CARTESIAN_POINT('Ctrl Pts',(31.5117235090001,-21.5383989675268,-0.909395054993136));
#2714=CARTESIAN_POINT('Ctrl Pts',(28.7881352912223,-21.2375900929512,-0.823345231600487));
#2715=CARTESIAN_POINT('Ctrl Pts',(26.5442571400805,-22.8080608158013,-0.737295408207835));
#2716=CARTESIAN_POINT('Ctrl Pts',(25.8949014796958,-25.4695371313261,-0.651245584815188));
#2717=CARTESIAN_POINT('Ctrl Pts',(27.163896669503,-27.8972162797072,-0.565195761422537));
#2718=CARTESIAN_POINT('Ctrl Pts',(29.719672034543,-28.8834013221582,-0.479145938029888));
#2719=CARTESIAN_POINT('Ctrl Pts',(32.2902528763353,-27.9374012341026,-0.393096114637237));
#2720=CARTESIAN_POINT('Ctrl Pts',(33.5975777655132,-25.5296928573208,-0.307046291244589));
#2721=CARTESIAN_POINT('Ctrl Pts',(32.989087788753,-22.858804729876,-0.220996467851939));
#2722=CARTESIAN_POINT('Ctrl Pts',(30.7717826929864,-21.2525247589428,-0.134946644459289));
#2723=CARTESIAN_POINT('Ctrl Pts',(28.0404574000606,-21.5123981002286,-0.0488968210666394));
#2724=CARTESIAN_POINT('Ctrl Pts',(26.1695648584352,-23.5040083003452,0.0371530023260104));
#2725=CARTESIAN_POINT('Ctrl Pts',(26.050821538656,-26.5534596761833,0.132763917206733));
#2726=CARTESIAN_POINT('Ctrl Pts',(28.5803901673151,-28.9917535066266,0.237935923575526));
#2727=CARTESIAN_POINT('Ctrl Pts',(32.360876013775,-28.2377679524049,0.352669021432392));
#2728=CARTESIAN_POINT('Ctrl Pts',(33.6651587802859,-25.2347691642101,0.450670209185133));
#2729=CARTESIAN_POINT('Ctrl Pts',(32.8117249279869,-22.8626944705061,0.531939486833745));
#2730=CARTESIAN_POINT('Ctrl Pts',(31.2819284651933,-21.5889342537067,0.596476854378233));
#2731=CARTESIAN_POINT('Ctrl Pts',(29.304293499019,-21.2883146400695,0.66101422192272));
#2732=CARTESIAN_POINT('Ctrl Pts',(27.4591088687173,-22.0464806810296,0.725551589467206));
#2733=CARTESIAN_POINT('Ctrl Pts',(26.2648491064886,-23.6472153407292,0.790088957011695));
#2734=CARTESIAN_POINT('Ctrl Pts',(26.0660638648638,-25.6338467417413,0.85462632455618));
#2735=CARTESIAN_POINT('Ctrl Pts',(26.9175688872169,-27.439666672835,0.91916369210067));
#2736=CARTESIAN_POINT('Ctrl Pts',(28.5773850843555,-28.549522920744,0.983701059645155));
#2737=CARTESIAN_POINT('Ctrl Pts',(30.5715563829187,-28.6468125004406,1.04823842718965));
#2738=CARTESIAN_POINT('Ctrl Pts',(32.3314503180688,-27.7037784804312,1.11277579473413));
#2739=CARTESIAN_POINT('Ctrl Pts',(33.3548715752517,-25.9894428790859,1.17731316227862));
#2740=CARTESIAN_POINT('Ctrl Pts',(33.3500135753342,-23.9928459364956,1.24185052982311));
#2741=CARTESIAN_POINT('Ctrl Pts',(32.3180504991137,-22.2835668425767,1.30638789736759));
#2742=CARTESIAN_POINT('Ctrl Pts',(30.5537630973917,-21.3491854873777,1.37092526491208));
#2743=CARTESIAN_POINT('Ctrl Pts',(28.5596572202888,-21.4563022386578,1.43546263245657));
#2744=CARTESIAN_POINT('Ctrl Pts',(27.4575729721449,-22.2017173967469,1.47848754415289));
#2745=CARTESIAN_POINT('Ctrl Pts',(27.0412407047082,-22.6898963047654,1.50000000000105));
#2746=CARTESIAN_POINT('',(32.4907962002049,-23.4176005760175,1.49999999999993));
#2747=CARTESIAN_POINT('',(29.75,-28.1647988479647,-5.50000000000007));
#2748=CARTESIAN_POINT('Ctrl Pts',(32.490481442512,-23.4178077556466,1.50000000000063));
#2749=CARTESIAN_POINT('Ctrl Pts',(32.6229932550566,-23.6471841999344,1.49001189826884));
#2750=CARTESIAN_POINT('Ctrl Pts',(32.7270678371251,-23.8929614897258,1.48002379653704));
#2751=CARTESIAN_POINT('Ctrl Pts',(32.7983354259718,-24.1479082396897,1.47003569480525));
#2752=CARTESIAN_POINT('Ctrl Pts',(32.9518321463334,-24.6970146514487,1.44852323895709));
#2753=CARTESIAN_POINT('Ctrl Pts',(32.9531408355377,-25.2886571798519,1.42701078310893));
#2754=CARTESIAN_POINT('Ctrl Pts',(32.802106189259,-25.8384454211181,1.40549832726076));
#2755=CARTESIAN_POINT('Ctrl Pts',(32.6510715429804,-26.3882336623842,1.3839858714126));
#2756=CARTESIAN_POINT('Ctrl Pts',(32.3476935612187,-26.8961676165134,1.36247341556444));
#2757=CARTESIAN_POINT('Ctrl Pts',(31.9352231077488,-27.2897993455411,1.34096095971628));
#2758=CARTESIAN_POINT('Ctrl Pts',(31.5227526542788,-27.6834310745689,1.31944850386811));
#2759=CARTESIAN_POINT('Ctrl Pts',(31.0011897291004,-27.9627605784954,1.29793604801995));
#2760=CARTESIAN_POINT('Ctrl Pts',(30.4449497396017,-28.0879452979006,1.27642359217179));
#2761=CARTESIAN_POINT('Ctrl Pts',(29.8887097501029,-28.2131300173059,1.25491113632363));
#2762=CARTESIAN_POINT('Ctrl Pts',(29.2977926962838,-28.1841699521899,1.23339868047546));
#2763=CARTESIAN_POINT('Ctrl Pts',(28.7564477645355,-28.0051962776264,1.2118862246273));
#2764=CARTESIAN_POINT('Ctrl Pts',(28.2151028327872,-27.826222603063,1.19037376877914));
#2765=CARTESIAN_POINT('Ctrl Pts',(27.7233300231097,-27.4972353190519,1.16886131293098));
#2766=CARTESIAN_POINT('Ctrl Pts',(27.3513415506767,-27.0651586963961,1.14734885708281));
#2767=CARTESIAN_POINT('Ctrl Pts',(26.9793530782437,-26.6330820737403,1.12583640123465));
#2768=CARTESIAN_POINT('Ctrl Pts',(26.7271489430552,-26.0979161124398,1.10432394538649));
#2769=CARTESIAN_POINT('Ctrl Pts',(26.6305645277267,-25.5359950621914,1.08281148953833));
#2770=CARTESIAN_POINT('Ctrl Pts',(26.5339801123982,-24.974074011943,1.06129903369016));
#2771=CARTESIAN_POINT('Ctrl Pts',(26.5930154169296,-24.3853978727467,1.039786577842));
#2772=CARTESIAN_POINT('Ctrl Pts',(26.799530223883,-23.8539298417375,1.01827412199384));
#2773=CARTESIAN_POINT('Ctrl Pts',(27.0060450308364,-23.3224618107284,0.996761666145678));
#2774=CARTESIAN_POINT('Ctrl Pts',(27.3600393402117,-22.8482018879063,0.975249210297515));
#2775=CARTESIAN_POINT('Ctrl Pts',(27.8104487951486,-22.4988005002496,0.953736754449352));
#2776=CARTESIAN_POINT('Ctrl Pts',(28.2608582500855,-22.149399112593,0.932224298601189));
#2777=CARTESIAN_POINT('Ctrl Pts',(28.807682850584,-21.9248562601017,0.910711842753027));
#2778=CARTESIAN_POINT('Ctrl Pts',(29.3740969475881,-21.8571902422835,0.889199386904865));
#2779=CARTESIAN_POINT('Ctrl Pts',(29.9405110445921,-21.7895242244653,0.867686931056703));
#2780=CARTESIAN_POINT('Ctrl Pts',(30.5265146381017,-21.8787350413202,0.84617447520854));
#2781=CARTESIAN_POINT('Ctrl Pts',(31.0461333993635,-22.1121142782158,0.824662019360378));
#2782=CARTESIAN_POINT('Ctrl Pts',(31.5657521606253,-22.3454935151113,0.803149563512216));
#2783=CARTESIAN_POINT('Ctrl Pts',(32.0189860896395,-22.7230411720474,0.781637107664055));
#2784=CARTESIAN_POINT('Ctrl Pts',(32.3459551387199,-23.1909321486321,0.760124651815893));
#2785=CARTESIAN_POINT('Ctrl Pts',(32.6729241878003,-23.6588231252169,0.73861219596773));
#2786=CARTESIAN_POINT('Ctrl Pts',(32.873628356947,-24.2170574214503,0.717099740119567));
#2787=CARTESIAN_POINT('Ctrl Pts',(32.9104054814453,-24.7852701154221,0.695587284271404));
#2788=CARTESIAN_POINT('Ctrl Pts',(32.9757870361089,-25.7954260158163,0.657342918319115));
#2789=CARTESIAN_POINT('Ctrl Pts',(32.5230781780564,-26.8371185806675,0.619098552366826));
#2790=CARTESIAN_POINT('Ctrl Pts',(31.7365722183752,-27.4695534764504,0.580854186414538));
#2791=CARTESIAN_POINT('Ctrl Pts',(30.950066258694,-28.1019883722333,0.542609820462249));
#2792=CARTESIAN_POINT('Ctrl Pts',(29.8297631973839,-28.3251655989479,0.50436545450996));
#2793=CARTESIAN_POINT('Ctrl Pts',(28.8608396291541,-28.0425575022951,0.466121088557672));
#2794=CARTESIAN_POINT('Ctrl Pts',(27.8919160609242,-27.7599494056422,0.427876722605383));
#2795=CARTESIAN_POINT('Ctrl Pts',(27.0743719857746,-26.971555985622,0.389632356653095));
#2796=CARTESIAN_POINT('Ctrl Pts',(26.748260992782,-26.014046683441,0.351387990700806));
#2797=CARTESIAN_POINT('Ctrl Pts',(26.5036777480375,-25.2959147068052,0.322704716236589));
#2798=CARTESIAN_POINT('Ctrl Pts',(26.5355256120064,-24.482655046454,0.294021441772373));
#2799=CARTESIAN_POINT('Ctrl Pts',(26.8287112172845,-23.7810042704479,0.265338167308156));
#2800=CARTESIAN_POINT('Ctrl Pts',(27.1218968225626,-23.0793534944418,0.23665489284394));
#2801=CARTESIAN_POINT('Ctrl Pts',(27.6764201691498,-22.489311602781,0.207971618379723));
#2802=CARTESIAN_POINT('Ctrl Pts',(28.3583707671022,-22.1558766396219,0.179288343915507));
#2803=CARTESIAN_POINT('Ctrl Pts',(29.0403213650547,-21.8224416764628,0.15060506945129));
#2804=CARTESIAN_POINT('Ctrl Pts',(29.8496992143725,-21.7456136418055,0.121921794987073));
#2805=CARTESIAN_POINT('Ctrl Pts',(30.5828573114346,-21.945262992759,0.0932385205228564));
#2806=CARTESIAN_POINT('Ctrl Pts',(31.3160154084967,-22.1449123437125,0.0645552460586395));
#2807=CARTESIAN_POINT('Ctrl Pts',(31.9729537533031,-22.6210390802768,0.0358719715944224));
#2808=CARTESIAN_POINT('Ctrl Pts',(32.3914908900615,-23.254848266645,0.00718869713020559));
#2809=CARTESIAN_POINT('Ctrl Pts',(32.8100280268198,-23.8886574530132,-0.0214945773340105));
#2810=CARTESIAN_POINT('Ctrl Pts',(32.99016395553,-24.6801490891852,-0.0501778517982265));
#2811=CARTESIAN_POINT('Ctrl Pts',(32.8864562907758,-25.4325845323283,-0.0788611262624425));
#2812=CARTESIAN_POINT('Ctrl Pts',(32.7827486260217,-26.1850199754715,-0.107544400726659));
#2813=CARTESIAN_POINT('Ctrl Pts',(32.3951973678032,-26.8983992255857,-0.136227675190876));
#2814=CARTESIAN_POINT('Ctrl Pts',(31.8205266540278,-27.3951664964739,-0.164910949655092));
#2815=CARTESIAN_POINT('Ctrl Pts',(31.2458559402523,-27.8919337673622,-0.193594224119309));
#2816=CARTESIAN_POINT('Ctrl Pts',(30.4840657709201,-28.1720890590246,-0.222277498583526));
#2817=CARTESIAN_POINT('Ctrl Pts',(29.7245325390956,-28.1659671559929,-0.250960773047743));
#2818=CARTESIAN_POINT('Ctrl Pts',(28.9649993072711,-28.1598452529611,-0.279644047511959));
#2819=CARTESIAN_POINT('Ctrl Pts',(28.2077230129544,-27.8674461552352,-0.308327321976175));
#2820=CARTESIAN_POINT('Ctrl Pts',(27.6411467250058,-27.3615136313543,-0.337010596440391));
#2821=CARTESIAN_POINT('Ctrl Pts',(27.0745704370571,-26.8555811074734,-0.365693870904608));
#2822=CARTESIAN_POINT('Ctrl Pts',(26.6986941554764,-26.1361151574374,-0.394377145368825));
#2823=CARTESIAN_POINT('Ctrl Pts',(26.607053491725,-25.3820720636653,-0.423060419833041));
#2824=CARTESIAN_POINT('Ctrl Pts',(26.5154128279735,-24.6280289698931,-0.451743694297257));
#2825=CARTESIAN_POINT('Ctrl Pts',(26.7080077820513,-23.8394087323848,-0.480426968761474));
#2826=CARTESIAN_POINT('Ctrl Pts',(27.1368156697883,-23.2124870340341,-0.50911024322569));
#2827=CARTESIAN_POINT('Ctrl Pts',(27.5656235575253,-22.5855653356835,-0.537793517689906));
#2828=CARTESIAN_POINT('Ctrl Pts',(28.2306443789216,-22.1203421764904,-0.566476792154123));
#2829=CARTESIAN_POINT('Ctrl Pts',(28.9666789948181,-21.9323884920178,-0.59516006661834));
#2830=CARTESIAN_POINT('Ctrl Pts',(29.7027136107145,-21.7444348075451,-0.623843341082557));
#2831=CARTESIAN_POINT('Ctrl Pts',(30.5097620211112,-21.8337505977928,-0.652526615546773));
#2832=CARTESIAN_POINT('Ctrl Pts',(31.1866407867616,-22.1783317009009,-0.68120989001099));
#2833=CARTESIAN_POINT('Ctrl Pts',(31.8635195524119,-22.5229128040089,-0.709893164475206));
#2834=CARTESIAN_POINT('Ctrl Pts',(32.4102286733159,-23.1227592199774,-0.738576438939422));
#2835=CARTESIAN_POINT('Ctrl Pts',(32.6911969353135,-23.8284996239879,-0.767259713403639));
#2836=CARTESIAN_POINT('Ctrl Pts',(32.972165197311,-24.5342400279985,-0.795942987867856));
#2837=CARTESIAN_POINT('Ctrl Pts',(32.9873926004021,-25.3458744200513,-0.824626262332073));
#2838=CARTESIAN_POINT('Ctrl Pts',(32.7328086462314,-26.0615014484231,-0.85330953679629));
#2839=CARTESIAN_POINT('Ctrl Pts',(32.4782246920608,-26.7771284767949,-0.881992811260506));
#2840=CARTESIAN_POINT('Ctrl Pts',(31.9538293806283,-27.3967481414859,-0.910676085724722));
#2841=CARTESIAN_POINT('Ctrl Pts',(31.2901453960102,-27.7662245916913,-0.939359360188938));
#2842=CARTESIAN_POINT('Ctrl Pts',(30.6264614113921,-28.1357010418967,-0.968042634653155));
#2843=CARTESIAN_POINT('Ctrl Pts',(29.8234887535883,-28.2550342776167,-0.996725909117371));
#2844=CARTESIAN_POINT('Ctrl Pts',(29.0810925904324,-28.0945922998842,-1.02540918358159));
#2845=CARTESIAN_POINT('Ctrl Pts',(28.3386964272765,-27.9341503221516,-1.0540924580458));
#2846=CARTESIAN_POINT('Ctrl Pts',(27.6568767587685,-27.4939331309667,-1.08277573251002));
#2847=CARTESIAN_POINT('Ctrl Pts',(27.2049931105467,-26.8832838192372,-1.11145900697424));
#2848=CARTESIAN_POINT('Ctrl Pts',(26.7531094623249,-26.2726345075077,-1.14014228143845));
#2849=CARTESIAN_POINT('Ctrl Pts',(26.5311618343893,-25.4915530752338,-1.16882555590267));
#2850=CARTESIAN_POINT('Ctrl Pts',(26.5947699491117,-24.7346907364021,-1.19750883036689));
#2851=CARTESIAN_POINT('Ctrl Pts',(26.6583780638341,-23.9778283975704,-1.22619210483111));
#2852=CARTESIAN_POINT('Ctrl Pts',(27.0075419212145,-23.245185152181,-1.25487537929532));
#2853=CARTESIAN_POINT('Ctrl Pts',(27.5549932381219,-22.7185859542334,-1.28355865375954));
#2854=CARTESIAN_POINT('Ctrl Pts',(28.1024445550293,-22.1919867562858,-1.31224192822375));
#2855=CARTESIAN_POINT('Ctrl Pts',(28.8481833314638,-21.87143160578,-1.34092520268797));
#2856=CARTESIAN_POINT('Ctrl Pts',(29.6069941245458,-21.837149477877,-1.36960847715219));
#2857=CARTESIAN_POINT('Ctrl Pts',(30.3658049176279,-21.8028673499741,-1.3982917516164));
#2858=CARTESIAN_POINT('Ctrl Pts',(31.1376877273575,-22.0548582446739,-1.42697502608062));
#2859=CARTESIAN_POINT('Ctrl Pts',(31.7303456914587,-22.5298894280642,-1.45565830054484));
#2860=CARTESIAN_POINT('Ctrl Pts',(32.32300365556,-23.0049206114545,-1.48434157500905));
#2861=CARTESIAN_POINT('Ctrl Pts',(32.7364367740329,-23.7029920835353,-1.51302484947327));
#2862=CARTESIAN_POINT('Ctrl Pts',(32.8682474412239,-24.4510874846138,-1.54170812393749));
#2863=CARTESIAN_POINT('Ctrl Pts',(33.0000581084149,-25.1991828856923,-1.5703913984017));
#2864=CARTESIAN_POINT('Ctrl Pts',(32.8502463243241,-25.9973022157686,-1.59907467286592));
#2865=CARTESIAN_POINT('Ctrl Pts',(32.454911311606,-26.6461160612914,-1.62775794733014));
#2866=CARTESIAN_POINT('Ctrl Pts',(32.0595762988879,-27.2949299068142,-1.65644122179435));
#2867=CARTESIAN_POINT('Ctrl Pts',(31.4187180575425,-27.7944382677837,-1.68512449625857));
#2868=CARTESIAN_POINT('Ctrl Pts',(30.6945748954739,-28.0214146064877,-1.71380777072279));
#2869=CARTESIAN_POINT('Ctrl Pts',(29.9704317334053,-28.2483909451917,-1.742491045187));
#2870=CARTESIAN_POINT('Ctrl Pts',(29.1630036506135,-28.2028352616303,-1.77117431965122));
#2871=CARTESIAN_POINT('Ctrl Pts',(28.4673782248622,-27.8943405713234,-1.79985759411543));
#2872=CARTESIAN_POINT('Ctrl Pts',(27.7717527991109,-27.5858458810165,-1.82854086857965));
#2873=CARTESIAN_POINT('Ctrl Pts',(27.1879300304001,-27.0144121839641,-1.85722414304387));
#2874=CARTESIAN_POINT('Ctrl Pts',(26.8718938480819,-26.3253080790724,-1.88590741750809));
#2875=CARTESIAN_POINT('Ctrl Pts',(26.4505122716577,-25.4065026058835,-1.92415178346037));
#2876=CARTESIAN_POINT('Ctrl Pts',(26.5051957377092,-24.278505296536,-1.96239614941266));
#2877=CARTESIAN_POINT('Ctrl Pts',(27.0136064917545,-23.4022824041326,-2.00064051536495));
#2878=CARTESIAN_POINT('Ctrl Pts',(27.2678118687771,-22.964170957931,-2.01976269834109));
#2879=CARTESIAN_POINT('Ctrl Pts',(27.6354490677982,-22.5890031159653,-2.03888488131724));
#2880=CARTESIAN_POINT('Ctrl Pts',(28.0667207247795,-22.3202700400317,-2.05800706429339));
#2881=CARTESIAN_POINT('Ctrl Pts',(28.7136282102515,-21.9171704261313,-2.0866903387576));
#2882=CARTESIAN_POINT('Ctrl Pts',(29.503713226134,-21.753549035803,-2.11537361322182));
#2883=CARTESIAN_POINT('Ctrl Pts',(30.2522141129609,-21.873842528709,-2.14405688768603));
#2884=CARTESIAN_POINT('Ctrl Pts',(31.0007149997879,-21.994136021615,-2.17274016215025));
#2885=CARTESIAN_POINT('Ctrl Pts',(31.7076317575592,-22.3983443977554,-2.20142343661447));
#2886=CARTESIAN_POINT('Ctrl Pts',(32.1919165177364,-22.9842467983393,-2.23010671107868));
#2887=CARTESIAN_POINT('Ctrl Pts',(32.6762012779135,-23.5701491989233,-2.2587899855429));
#2888=CARTESIAN_POINT('Ctrl Pts',(32.9378540404964,-24.3377456239509,-2.28747326000712));
#2889=CARTESIAN_POINT('Ctrl Pts',(32.9142772955419,-25.0968716202406,-2.31615653447133));
#2890=CARTESIAN_POINT('Ctrl Pts',(32.8907005505874,-25.8559976165304,-2.34483980893555));
#2891=CARTESIAN_POINT('Ctrl Pts',(32.5818942980956,-26.6066531840822,-2.37352308339977));
#2892=CARTESIAN_POINT('Ctrl Pts',(32.063445949161,-27.1616913594473,-2.40220635786398));
#2893=CARTESIAN_POINT('Ctrl Pts',(31.5449976002263,-27.7167295348123,-2.4308896323282));
#2894=CARTESIAN_POINT('Ctrl Pts',(30.816907154849,-28.0761503179904,-2.45957290679242));
#2895=CARTESIAN_POINT('Ctrl Pts',(30.0609169792221,-28.1507364584653,-2.48825618125663));
#2896=CARTESIAN_POINT('Ctrl Pts',(29.3049268035952,-28.2253225989401,-2.51693945572085));
#2897=CARTESIAN_POINT('Ctrl Pts',(28.5210368977189,-28.0150740967116,-2.54562273018506));
#2898=CARTESIAN_POINT('Ctrl Pts',(27.9039839509024,-27.5721957547879,-2.57430600464928));
#2899=CARTESIAN_POINT('Ctrl Pts',(27.2869310040858,-27.1293174128642,-2.6029892791135));
#2900=CARTESIAN_POINT('Ctrl Pts',(26.8367150163292,-26.4538092312453,-2.63167255357772));
#2901=CARTESIAN_POINT('Ctrl Pts',(26.6654330288124,-25.7137744031853,-2.66035582804193));
#2902=CARTESIAN_POINT('Ctrl Pts',(26.4941510412957,-24.9737395751252,-2.68903910250615));
#2903=CARTESIAN_POINT('Ctrl Pts',(26.6018030540189,-24.169178100624,-2.71772237697037));
#2904=CARTESIAN_POINT('Ctrl Pts',(26.961673201278,-23.5002756019061,-2.74640565143458));
#2905=CARTESIAN_POINT('Ctrl Pts',(27.3215433485372,-22.8313731031883,-2.7750889258988));
#2906=CARTESIAN_POINT('Ctrl Pts',(27.9336316303324,-22.2981295802539,-2.80377220036301));
#2907=CARTESIAN_POINT('Ctrl Pts',(28.6454703047937,-22.0330012646824,-2.83245547482723));
#2908=CARTESIAN_POINT('Ctrl Pts',(29.3573089792549,-21.767872949111,-2.86113874929145));
#2909=CARTESIAN_POINT('Ctrl Pts',(30.1688980463821,-21.7708598409024,-2.88982202375566));
#2910=CARTESIAN_POINT('Ctrl Pts',(30.8785463142592,-22.0416089781667,-2.91850529821988));
#2911=CARTESIAN_POINT('Ctrl Pts',(31.5881945821362,-22.3123581154309,-2.9471885726841));
#2912=CARTESIAN_POINT('Ctrl Pts',(32.1959020507631,-22.8508694981679,-2.97587184714831));
#2913=CARTESIAN_POINT('Ctrl Pts',(32.5503198048822,-23.522787113252,-3.00455512161253));
#2914=CARTESIAN_POINT('Ctrl Pts',(32.9047375590013,-24.1947047283361,-3.03323839607675));
#2915=CARTESIAN_POINT('Ctrl Pts',(33.0058655986126,-25.0000285757674,-3.06192167054096));
#2916=CARTESIAN_POINT('Ctrl Pts',(32.8286878470393,-25.7385820308459,-3.09060494500518));
#2917=CARTESIAN_POINT('Ctrl Pts',(32.651510095466,-26.4771354859244,-3.1192882194694));
#2918=CARTESIAN_POINT('Ctrl Pts',(32.1960265527081,-27.1489185486501,-3.14797149393361));
#2919=CARTESIAN_POINT('Ctrl Pts',(31.5753357555448,-27.5869087607994,-3.17665476839783));
#2920=CARTESIAN_POINT('Ctrl Pts',(30.9546449583815,-28.0248989729486,-3.20533804286205));
#2921=CARTESIAN_POINT('Ctrl Pts',(30.1687469068127,-28.2290963345216,-3.23402131732626));
#2922=CARTESIAN_POINT('Ctrl Pts',(29.4135085327078,-28.1484133709301,-3.26270459179048));
#2923=CARTESIAN_POINT('Ctrl Pts',(28.6582701586029,-28.0677304073387,-3.29138786625469));
#2924=CARTESIAN_POINT('Ctrl Pts',(27.9336914619618,-27.7021671185829,-3.32007114071891));
#2925=CARTESIAN_POINT('Ctrl Pts',(27.4195969717333,-27.1429460064161,-3.34875441518313));
#2926=CARTESIAN_POINT('Ctrl Pts',(26.9055024815049,-26.5837248942493,-3.37743768964735));
#2927=CARTESIAN_POINT('Ctrl Pts',(26.601892197689,-25.8308459586714,-3.40612096411156));
#2928=CARTESIAN_POINT('Ctrl Pts',(26.5847403154815,-25.07149633176,-3.43480423857578));
#2929=CARTESIAN_POINT('Ctrl Pts',(26.5675884332741,-24.3121467048486,-3.46348751304));
#2930=CARTESIAN_POINT('Ctrl Pts',(26.8368949526752,-23.5463263866036,-3.49217078750421));
#2931=CARTESIAN_POINT('Ctrl Pts',(27.3252144841263,-22.9644630607046,-3.52085406196843));
#2932=CARTESIAN_POINT('Ctrl Pts',(27.8135340155773,-22.3825997348055,-3.54953733643264));
#2933=CARTESIAN_POINT('Ctrl Pts',(28.5208665590784,-21.9846934012524,-3.57822061089686));
#2934=CARTESIAN_POINT('Ctrl Pts',(29.2716922890657,-21.8699914572102,-3.60690388536108));
#2935=CARTESIAN_POINT('Ctrl Pts',(30.022518019053,-21.7552895131679,-3.63558715982529));
#2936=CARTESIAN_POINT('Ctrl Pts',(30.8168369355265,-21.9237919586365,-3.66427043428951));
#2937=CARTESIAN_POINT('Ctrl Pts',(31.4566697726101,-22.3333103625005,-3.69295370875373));
#2938=CARTESIAN_POINT('Ctrl Pts',(32.0965026096937,-22.7428287663645,-3.72163698321794));
#2939=CARTESIAN_POINT('Ctrl Pts',(32.5818493673874,-23.393363128624,-3.75032025768216));
#2940=CARTESIAN_POINT('Ctrl Pts',(32.792196521472,-24.1231619646634,-3.77900353214638));
#2941=CARTESIAN_POINT('Ctrl Pts',(33.0025436755566,-24.8529608007028,-3.80768680661059));
#2942=CARTESIAN_POINT('Ctrl Pts',(32.9378912260321,-25.6620241105223,-3.83637008107481));
#2943=CARTESIAN_POINT('Ctrl Pts',(32.6141688221197,-26.3492619347311,-3.86505335553902));
#2944=CARTESIAN_POINT('Ctrl Pts',(32.2904464182072,-27.0364997589398,-3.89373663000324));
#2945=CARTESIAN_POINT('Ctrl Pts',(31.7076540599068,-27.601912097538,-3.92241990446746));
#2946=CARTESIAN_POINT('Ctrl Pts',(31.0109624230333,-27.9044233385475,-3.95110317893168));
#2947=CARTESIAN_POINT('Ctrl Pts',(30.3142707861599,-28.2069345795571,-3.97978645339589));
#2948=CARTESIAN_POINT('Ctrl Pts',(29.5036798707132,-28.2465447229781,-4.00846972786011));
#2949=CARTESIAN_POINT('Ctrl Pts',(28.780576702692,-28.0138384605174,-4.03715300232432));
#2950=CARTESIAN_POINT('Ctrl Pts',(28.0574735346708,-27.7811321980567,-4.06583627678854));
#2951=CARTESIAN_POINT('Ctrl Pts',(27.4218581140751,-27.2761095297144,-4.09451955125276));
#2952=CARTESIAN_POINT('Ctrl Pts',(27.0321942375107,-26.6241158830838,-4.12320282571698));
#2953=CARTESIAN_POINT('Ctrl Pts',(26.6425303609464,-25.9721222364532,-4.15188610018119));
#2954=CARTESIAN_POINT('Ctrl Pts',(26.4988180284136,-25.1731576115343,-4.18056937464541));
#2955=CARTESIAN_POINT('Ctrl Pts',(26.6364297979317,-24.4261870823504,-4.20925264910962));
#2956=CARTESIAN_POINT('Ctrl Pts',(26.7740415674497,-23.6792165531665,-4.23793592357384));
#2957=CARTESIAN_POINT('Ctrl Pts',(27.1929774390188,-22.9842401197176,-4.26661919803806));
#2958=CARTESIAN_POINT('Ctrl Pts',(27.78956727392,-22.5138647721108,-4.29530247250228));
#2959=CARTESIAN_POINT('Ctrl Pts',(28.3861571088213,-22.0434894245041,-4.32398574696649));
#2960=CARTESIAN_POINT('Ctrl Pts',(29.1604009070549,-21.7977151627395,-4.35266902143071));
#2961=CARTESIAN_POINT('Ctrl Pts',(29.9186268415191,-21.8382825484645,-4.38135229589493));
#2962=CARTESIAN_POINT('Ctrl Pts',(30.6768527759834,-21.8788499341895,-4.41003557035914));
#2963=CARTESIAN_POINT('Ctrl Pts',(31.4190608466784,-22.2057589674041,-4.43871884482335));
#2964=CARTESIAN_POINT('Ctrl Pts',(31.963079478233,-22.7363716566035,-4.46740211928757));
#2965=CARTESIAN_POINT('Ctrl Pts',(32.3710934518989,-23.1343311735031,-4.48891457513573));
#2966=CARTESIAN_POINT('Ctrl Pts',(32.6676258660484,-23.6468739968941,-4.5104270309839));
#2967=CARTESIAN_POINT('Ctrl Pts',(32.8118332147363,-24.1986977586788,-4.53193948683206));
#2968=CARTESIAN_POINT('Ctrl Pts',(32.9560405634242,-24.7505215204636,-4.55345194268022));
#2969=CARTESIAN_POINT('Ctrl Pts',(32.9479228466506,-25.3416262206421,-4.57496439852839));
#2970=CARTESIAN_POINT('Ctrl Pts',(32.7879031698463,-25.8887176461538,-4.59647685437655));
#2971=CARTESIAN_POINT('Ctrl Pts',(32.627883493042,-26.4358090716655,-4.61798931022471));
#2972=CARTESIAN_POINT('Ctrl Pts',(32.315961856207,-26.9388872225104,-4.63950176607287));
#2973=CARTESIAN_POINT('Ctrl Pts',(31.8969913685088,-27.3256998290749,-4.66101422192104));
#2974=CARTESIAN_POINT('Ctrl Pts',(31.4780208808106,-27.7125124356394,-4.6825266777692));
#2975=CARTESIAN_POINT('Ctrl Pts',(30.9520015422492,-27.9830594979234,-4.70403913361736));
#2976=CARTESIAN_POINT('Ctrl Pts',(30.3937845008662,-28.0989940615074,-4.72555158946552));
#2977=CARTESIAN_POINT('Ctrl Pts',(29.8355674594831,-28.2149286250914,-4.74706404531369));
#2978=CARTESIAN_POINT('Ctrl Pts',(29.2451527152784,-28.1762506899754,-4.76857650116185));
#2979=CARTESIAN_POINT('Ctrl Pts',(28.7068405466344,-27.9883584631529,-4.79008895701001));
#2980=CARTESIAN_POINT('Ctrl Pts',(28.1685283779905,-27.8004662363305,-4.81160141285817));
#2981=CARTESIAN_POINT('Ctrl Pts',(27.6823187849072,-27.4633597178016,-4.83311386870634));
#2982=CARTESIAN_POINT('Ctrl Pts',(27.3175193523548,-27.0251800961889,-4.8546263245545));
#2983=CARTESIAN_POINT('Ctrl Pts',(26.9527199198023,-26.5870004745762,-4.87613878040266));
#2984=CARTESIAN_POINT('Ctrl Pts',(26.7093306477806,-26.0477477498796,-4.89765123625082));
#2985=CARTESIAN_POINT('Ctrl Pts',(26.6220884853945,-25.4843090545466,-4.91916369209899));
#2986=CARTESIAN_POINT('Ctrl Pts',(26.5348463230085,-24.9208703592135,-4.94067614794715));
#2987=CARTESIAN_POINT('Ctrl Pts',(26.603751270258,-24.333245693244,-4.96218860379531));
#2988=CARTESIAN_POINT('Ctrl Pts',(26.8189638791277,-23.8052655440978,-4.98370105964347));
#2989=CARTESIAN_POINT('Ctrl Pts',(27.0341764879974,-23.2772853949517,-5.00521351549164));
#2990=CARTESIAN_POINT('Ctrl Pts',(27.3956967584872,-22.808949762629,-5.0267259713398));
#2991=CARTESIAN_POINT('Ctrl Pts',(27.8519666528798,-22.4670503504263,-5.04823842718796));
#2992=CARTESIAN_POINT('Ctrl Pts',(28.3082365472724,-22.1251509382235,-5.06975088303612));
#2993=CARTESIAN_POINT('Ctrl Pts',(28.8592560655677,-21.9096877461409,-5.09126333888428));
#2994=CARTESIAN_POINT('Ctrl Pts',(29.4264238354284,-21.8514012846244,-5.11277579473245));
#2995=CARTESIAN_POINT('Ctrl Pts',(29.9935916052892,-21.7931148231078,-5.13428825058061));
#2996=CARTESIAN_POINT('Ctrl Pts',(30.5769076267154,-21.8920050921575,-5.15580070642877));
#2997=CARTESIAN_POINT('Ctrl Pts',(31.0931815329838,-22.1339556405102,-5.17731316227693));
#2998=CARTESIAN_POINT('Ctrl Pts',(31.6094554392523,-22.375906188863,-5.1988256181251));
#2999=CARTESIAN_POINT('Ctrl Pts',(32.0586872303631,-22.7609170165187,-5.22033807397326));
#3000=CARTESIAN_POINT('Ctrl Pts',(32.3767811833001,-23.2340929065036,-5.24185052982142));
#3001=CARTESIAN_POINT('Ctrl Pts',(32.6948751362372,-23.7072687964885,-5.26336298566958));
#3002=CARTESIAN_POINT('Ctrl Pts',(32.8818312510006,-24.2686097488025,-5.28487544151775));
#3003=CARTESIAN_POINT('Ctrl Pts',(32.9110227951052,-24.838008176816,-5.30638789736591));
#3004=CARTESIAN_POINT('Ctrl Pts',(32.9402143392099,-25.4074066048294,-5.32790035321407));
#3005=CARTESIAN_POINT('Ctrl Pts',(32.8116413126558,-25.9848625085421,-5.34941280906223));
#3006=CARTESIAN_POINT('Ctrl Pts',(32.5435614434079,-26.4880945383314,-5.3709252649104));
#3007=CARTESIAN_POINT('Ctrl Pts',(32.27548157416,-26.9913265681206,-5.39243772075856));
#3008=CARTESIAN_POINT('Ctrl Pts',(31.8678948622184,-27.4203347239864,-5.41395017660672));
#3009=CARTESIAN_POINT('Ctrl Pts',(31.3791163232206,-27.7137027939471,-5.43546263245488));
#3010=CARTESIAN_POINT('Ctrl Pts',(30.8903377842229,-28.0070708639078,-5.45697508830304));
#3011=CARTESIAN_POINT('Ctrl Pts',(30.3203674181691,-28.1647988479634,-5.47848754415121));
#3012=CARTESIAN_POINT('Ctrl Pts',(29.75,-28.1647988479634,-5.49999999999937));
#3013=CARTESIAN_POINT('Ctrl Pts',(27.04124070473,-22.6898963047399,1.49999999999993));
#3014=CARTESIAN_POINT('Ctrl Pts',(27.1219067305506,-22.6057255806023,1.49999999999993));
#3015=CARTESIAN_POINT('Ctrl Pts',(27.206785521641,-22.5256325375289,1.50000000003078));
#3016=CARTESIAN_POINT('Ctrl Pts',(27.2955299932764,-22.4498448851312,1.50000000009183));
#3017=CARTESIAN_POINT('Ctrl Pts',(27.3842744649118,-22.3740572327336,1.50000000015287));
#3018=CARTESIAN_POINT('Ctrl Pts',(27.4768855450749,-22.3025744632306,1.50000000024421));
#3019=CARTESIAN_POINT('Ctrl Pts',(27.5730407577565,-22.2356811174535,1.50000000034886));
#3020=CARTESIAN_POINT('Ctrl Pts',(27.6657608679561,-22.1711775068942,1.50000000044977));
#3021=CARTESIAN_POINT('Ctrl Pts',(27.7613267683572,-22.1112543403196,1.50000000054759));
#3022=CARTESIAN_POINT('Ctrl Pts',(27.8593879708522,-22.0560838549807,1.50000000065749));
#3023=CARTESIAN_POINT('Ctrl Pts',(27.9572884265226,-22.0010038078588,1.50000000076721));
#3024=CARTESIAN_POINT('Ctrl Pts',(28.0576767883205,-21.9506605107563,1.50000000088903));
#3025=CARTESIAN_POINT('Ctrl Pts',(28.1602284265237,-21.9052711394029,1.50000000102453));
#3026=CARTESIAN_POINT('Ctrl Pts',(28.2609417413993,-21.8606954102463,1.50000000115759));
#3027=CARTESIAN_POINT('Ctrl Pts',(28.3637422100951,-21.820897381299,1.50000000130388));
#3028=CARTESIAN_POINT('Ctrl Pts',(28.4683343626704,-21.7861309830928,1.50000000145118));
#3029=CARTESIAN_POINT('Ctrl Pts',(28.5290577655937,-21.7659465432999,1.50000000153671));
#3030=CARTESIAN_POINT('Ctrl Pts',(28.5903852500619,-21.7474590084659,1.50000000162232));
#3031=CARTESIAN_POINT('Ctrl Pts',(28.6522594494758,-21.7307261798206,1.50000000170339));
#3032=CARTESIAN_POINT('Ctrl Pts',(28.7020523229551,-21.7172605410313,1.50000000176863));
#3033=CARTESIAN_POINT('Ctrl Pts',(28.7521992821199,-21.7049314190461,1.5000000018309));
#3034=CARTESIAN_POINT('Ctrl Pts',(28.8026606289485,-21.6937452665365,1.50000000188697));
#3035=CARTESIAN_POINT('Ctrl Pts',(28.9106109590286,-21.6698150916277,1.50000000200692));
#3036=CARTESIAN_POINT('Ctrl Pts',(29.0194873411146,-21.6512255396808,1.50000000209689));
#3037=CARTESIAN_POINT('Ctrl Pts',(29.1288898081547,-21.6379230431669,1.5000000021781));
#3038=CARTESIAN_POINT('Ctrl Pts',(29.2387444823968,-21.6245655617437,1.50000000225965));
#3039=CARTESIAN_POINT('Ctrl Pts',(29.3491304894647,-21.6165389775437,1.50000000233245));
#3040=CARTESIAN_POINT('Ctrl Pts',(29.4596479807793,-21.6138416800066,1.50000000240244));
#3041=CARTESIAN_POINT('Ctrl Pts',(29.5692331448895,-21.6111671369117,1.50000000247185));
#3042=CARTESIAN_POINT('Ctrl Pts',(29.678948428018,-21.6137324763654,1.50000000253856));
#3043=CARTESIAN_POINT('Ctrl Pts',(29.7883960804973,-21.6215862780972,1.50000000259215));
#3044=CARTESIAN_POINT('Ctrl Pts',(29.8978437329767,-21.6294400798289,1.50000000264575));
#3045=CARTESIAN_POINT('Ctrl Pts',(30.0070245948802,-21.6425823897441,1.50000000268631));
#3046=CARTESIAN_POINT('Ctrl Pts',(30.1155203622327,-21.6611109260045,1.50000000268606));
#3047=CARTESIAN_POINT('Ctrl Pts',(30.2226626939396,-21.6794083271519,1.50000000268581));
#3048=CARTESIAN_POINT('Ctrl Pts',(30.3286243986277,-21.7028708417581,1.5000000026434));
#3049=CARTESIAN_POINT('Ctrl Pts',(30.4330298001064,-21.7314957444863,1.50000000258729));
#3050=CARTESIAN_POINT('Ctrl Pts',(30.4446272717524,-21.7346754314858,1.50000000258105));
#3051=CARTESIAN_POINT('Ctrl Pts',(30.4562055293095,-21.7379188691644,1.50000000257463));
#3052=CARTESIAN_POINT('Ctrl Pts',(30.467764048406,-21.7412260925264,1.50000000256806));
#3053=CARTESIAN_POINT('Ctrl Pts',(30.5720347527991,-21.7710609274786,1.50000000250871));
#3054=CARTESIAN_POINT('Ctrl Pts',(30.6747009334315,-21.806082720638,1.50000000243783));
#3055=CARTESIAN_POINT('Ctrl Pts',(30.7754286316558,-21.8460735137302,1.5000000023646));
#3056=CARTESIAN_POINT('Ctrl Pts',(30.8757207785628,-21.8858913847472,1.50000000229169));
#3057=CARTESIAN_POINT('Ctrl Pts',(30.9740918719305,-21.9306359122321,1.50000000221652));
#3058=CARTESIAN_POINT('Ctrl Pts',(31.0701842868218,-21.9801346893001,1.50000000212963));
#3059=CARTESIAN_POINT('Ctrl Pts',(31.1528625990142,-22.022723642322,1.50000000205487));
#3060=CARTESIAN_POINT('Ctrl Pts',(31.2338538321034,-22.0688330033333,1.50000000197118));
#3061=CARTESIAN_POINT('Ctrl Pts',(31.3129075380372,-22.1183740119553,1.50000000186081));
#3062=CARTESIAN_POINT('Ctrl Pts',(31.4035482205946,-22.1751762931771,1.50000000173426));
#3063=CARTESIAN_POINT('Ctrl Pts',(31.4912056706065,-22.2362150101675,1.50000000157094));
#3064=CARTESIAN_POINT('Ctrl Pts',(31.5755665096742,-22.3012757144884,1.50000000140825));
#3065=CARTESIAN_POINT('Ctrl Pts',(31.6592053800514,-22.3657796226463,1.50000000124695));
#3066=CARTESIAN_POINT('Ctrl Pts',(31.7396044533086,-22.4342375356633,1.50000000108632));
#3067=CARTESIAN_POINT('Ctrl Pts',(31.8164256861702,-22.5064791757495,1.5000000009438));
#3068=CARTESIAN_POINT('Ctrl Pts',(31.8679320192333,-22.5549150291811,1.50000000084825));
#3069=CARTESIAN_POINT('Ctrl Pts',(31.9178293232686,-22.6050525652901,1.50000000076044));
#3070=CARTESIAN_POINT('Ctrl Pts',(31.9660052591368,-22.6568484864522,1.5000000006806));
#3071=CARTESIAN_POINT('Ctrl Pts',(32.0383394105212,-22.734617894247,1.50000000056073));
#3072=CARTESIAN_POINT('Ctrl Pts',(32.106795233956,-22.8161255234169,1.50000000045988));
#3073=CARTESIAN_POINT('Ctrl Pts',(32.1711427373249,-22.9010412983174,1.50000000036067));
#3074=CARTESIAN_POINT('Ctrl Pts',(32.1893720650809,-22.9250975151289,1.50000000033257));
#3075=CARTESIAN_POINT('Ctrl Pts',(32.2072713707653,-22.949427353604,1.50000000030446));
#3076=CARTESIAN_POINT('Ctrl Pts',(32.2248346838311,-22.9740234988408,1.50000000027561));
#3077=CARTESIAN_POINT('Ctrl Pts',(32.2870771772717,-23.061189593462,1.50000000017339));
#3078=CARTESIAN_POINT('Ctrl Pts',(32.3448312859937,-23.1513171208325,1.50000000008909));
#3079=CARTESIAN_POINT('Ctrl Pts',(32.3979211990436,-23.244021364021,1.50000000004284));
#3080=CARTESIAN_POINT('Ctrl Pts',(32.4305542650418,-23.3010043860772,1.5000000000144));
#3081=CARTESIAN_POINT('Ctrl Pts',(32.4614242266638,-23.3589615656996,1.49999999999993));
#3082=CARTESIAN_POINT('Ctrl Pts',(32.490481442513,-23.417807755646,1.49999999999993));
#3083=CARTESIAN_POINT('Ctrl Pts',(26.1900797527744,-25.0001385507731,-5.16571156627533));
#3084=CARTESIAN_POINT('Ctrl Pts',(26.1898583782736,-25.182707437162,-5.15959066320883));
#3085=CARTESIAN_POINT('Ctrl Pts',(26.2036018934275,-25.3652428346081,-5.15346976014233));
#3086=CARTESIAN_POINT('Ctrl Pts',(26.231564769108,-25.5455725433054,-5.14734885707584));
#3087=CARTESIAN_POINT('Ctrl Pts',(26.3298427718683,-26.1793572731592,-5.12583640122768));
#3088=CARTESIAN_POINT('Ctrl Pts',(26.6037630465352,-26.7858966017697,-5.10432394537951));
#3089=CARTESIAN_POINT('Ctrl Pts',(27.0142312239932,-27.2787096214716,-5.08281148953135));
#3090=CARTESIAN_POINT('Ctrl Pts',(27.4246994014511,-27.7715226411736,-5.06129903368319));
#3091=CARTESIAN_POINT('Ctrl Pts',(27.9717154817,-28.1506093519669,-5.03978657783502));
#3092=CARTESIAN_POINT('Ctrl Pts',(28.5773040923545,-28.361833466175,-5.01827412198686));
#3093=CARTESIAN_POINT('Ctrl Pts',(29.1828927030089,-28.5730575803831,-4.9967616661387));
#3094=CARTESIAN_POINT('Ctrl Pts',(29.847053844069,-28.6164190980058,-4.97524921029054));
#3095=CARTESIAN_POINT('Ctrl Pts',(30.474957649962,-28.4858666052352,-4.95373675444238));
#3096=CARTESIAN_POINT('Ctrl Pts',(31.102861455855,-28.3553141124646,-4.93222429859421));
#3097=CARTESIAN_POINT('Ctrl Pts',(31.694507926581,-28.0508476093007,-4.91071184274605));
#3098=CARTESIAN_POINT('Ctrl Pts',(32.1657073107247,-27.615621816423,-4.88919938689789));
#3099=CARTESIAN_POINT('Ctrl Pts',(32.6369066948685,-27.1803960235454,-4.86768693104973));
#3100=CARTESIAN_POINT('Ctrl Pts',(32.98765899243,-26.6144109409539,-4.84617447520156));
#3101=CARTESIAN_POINT('Ctrl Pts',(33.1675273753871,-25.9989535686432,-4.8246620193534));
#3102=CARTESIAN_POINT('Ctrl Pts',(33.3473957583441,-25.3834961963324,-4.80314956350524));
#3103=CARTESIAN_POINT('Ctrl Pts',(33.3563802266966,-24.7185665343024,-4.78163710765708));
#3104=CARTESIAN_POINT('Ctrl Pts',(33.1940255572793,-24.0978614976986,-4.76012465180891));
#3105=CARTESIAN_POINT('Ctrl Pts',(33.031670887862,-23.4771564610948,-4.73861219596075));
#3106=CARTESIAN_POINT('Ctrl Pts',(32.6979770806748,-22.9006760499173,-4.71709974011259));
#3107=CARTESIAN_POINT('Ctrl Pts',(32.2389073139845,-22.4531169672671,-4.69558728426443));
#3108=CARTESIAN_POINT('Ctrl Pts',(31.6268142917307,-21.8563715237335,-4.66690400980021));
#3109=CARTESIAN_POINT('Ctrl Pts',(30.7918306748047,-21.4888195531374,-4.638220735336));
#3110=CARTESIAN_POINT('Ctrl Pts',(29.9388999689972,-21.4433743636702,-4.60953746087178));
#3111=CARTESIAN_POINT('Ctrl Pts',(29.0859692631897,-21.3979291742031,-4.58085418640756));
#3112=CARTESIAN_POINT('Ctrl Pts',(28.2150914685007,-21.674590765865,-4.55217091194334));
#3113=CARTESIAN_POINT('Ctrl Pts',(27.5441106847254,-22.2038596251535,-4.52348763747913));
#3114=CARTESIAN_POINT('Ctrl Pts',(26.8731299009501,-22.7331284844421,-4.49480436301491));
#3115=CARTESIAN_POINT('Ctrl Pts',(26.4020461280885,-23.5150046113573,-4.4661210885507));
#3116=CARTESIAN_POINT('Ctrl Pts',(26.2474339016977,-24.3552983715695,-4.43743781408648));
#3117=CARTESIAN_POINT('Ctrl Pts',(26.2083967087795,-24.567459533666,-4.4301957314587));
#3118=CARTESIAN_POINT('Ctrl Pts',(26.1895340801104,-24.7833447281735,-4.42295364883093));
#3119=CARTESIAN_POINT('Ctrl Pts',(26.1902047756196,-24.9993517039632,-4.41571156620315));
#3120=CARTESIAN_POINT('Ctrl Pts',(29.75,-28.1647988479647,-5.50000000000008));
#3121=CARTESIAN_POINT('Ctrl Pts',(29.8548413369756,-28.1716473957168,-5.50000000000008));
#3122=CARTESIAN_POINT('Ctrl Pts',(29.9598861874206,-28.1731408378181,-5.4999999999747));
#3123=CARTESIAN_POINT('Ctrl Pts',(30.0647529109996,-28.1694361728901,-5.4999999999137));
#3124=CARTESIAN_POINT('Ctrl Pts',(30.172323380609,-28.1656359917416,-5.49999999985111));
#3125=CARTESIAN_POINT('Ctrl Pts',(30.2797072635395,-28.1563663258061,-5.49999999975104));
#3126=CARTESIAN_POINT('Ctrl Pts',(30.3865015702922,-28.1417413704956,-5.49999999962566));
#3127=CARTESIAN_POINT('Ctrl Pts',(30.4932958770449,-28.1271164151851,-5.49999999950027));
#3128=CARTESIAN_POINT('Ctrl Pts',(30.599501542771,-28.107136068198,-5.49999999934968));
#3129=CARTESIAN_POINT('Ctrl Pts',(30.7047108695901,-28.0818601816841,-5.49999999920821));
#3130=CARTESIAN_POINT('Ctrl Pts',(30.8086377873939,-28.0568923859613,-5.49999999906847));
#3131=CARTESIAN_POINT('Ctrl Pts',(30.9110908361172,-28.0268774824715,-5.49999999894897));
#3132=CARTESIAN_POINT('Ctrl Pts',(31.011696831102,-27.9919718694942,-5.49999999882508));
#3133=CARTESIAN_POINT('Ctrl Pts',(31.1131028721858,-27.9567886776361,-5.4999999987002));
#3134=CARTESIAN_POINT('Ctrl Pts',(31.2126332404524,-27.9166366138199,-5.49999999857092));
#3135=CARTESIAN_POINT('Ctrl Pts',(31.3099059467616,-27.8716233181413,-5.49999999843342));
#3136=CARTESIAN_POINT('Ctrl Pts',(31.3526714854526,-27.8518334108693,-5.49999999837296));
#3137=CARTESIAN_POINT('Ctrl Pts',(31.3950005671669,-27.8311032109537,-5.49999999831119));
#3138=CARTESIAN_POINT('Ctrl Pts',(31.4368600655439,-27.8094387423419,-5.49999999824902));
#3139=CARTESIAN_POINT('Ctrl Pts',(31.5317541756252,-27.760326102463,-5.49999999810808));
#3140=CARTESIAN_POINT('Ctrl Pts',(31.6242367187742,-27.706415262646,-5.49999999796382));
#3141=CARTESIAN_POINT('Ctrl Pts',(31.7140440229217,-27.6479815182727,-5.49999999784069));
#3142=CARTESIAN_POINT('Ctrl Pts',(31.7601600975096,-27.6179757749809,-5.49999999777746));
#3143=CARTESIAN_POINT('Ctrl Pts',(31.8055703821321,-27.5867766533447,-5.49999999772011));
#3144=CARTESIAN_POINT('Ctrl Pts',(31.8502362984611,-27.5544169423498,-5.49999999767381));
#3145=CARTESIAN_POINT('Ctrl Pts',(31.9382793501038,-27.4906312206983,-5.49999999758255));
#3146=CARTESIAN_POINT('Ctrl Pts',(32.023004205143,-27.4226486480272,-5.4999999975309));
#3147=CARTESIAN_POINT('Ctrl Pts',(32.1041743537212,-27.3508205936554,-5.499999997492));
#3148=CARTESIAN_POINT('Ctrl Pts',(32.1859735837164,-27.2784358605659,-5.49999999745281));
#3149=CARTESIAN_POINT('Ctrl Pts',(32.2641634840758,-27.2021453119529,-5.49999999742664));
#3150=CARTESIAN_POINT('Ctrl Pts',(32.3384812836883,-27.122258696207,-5.49999999740514));
#3151=CARTESIAN_POINT('Ctrl Pts',(32.4124724252704,-27.0427232157838,-5.49999999738373));
#3152=CARTESIAN_POINT('Ctrl Pts',(32.4826260823392,-26.9596226299847,-5.49999999736706));
#3153=CARTESIAN_POINT('Ctrl Pts',(32.5486524886635,-26.8732216237022,-5.49999999736449));
#3154=CARTESIAN_POINT('Ctrl Pts',(32.6137318209458,-26.7880599420296,-5.49999999736196));
#3155=CARTESIAN_POINT('Ctrl Pts',(32.6748020221559,-26.6996912460817,-5.49999999737324));
#3156=CARTESIAN_POINT('Ctrl Pts',(32.7315470426497,-26.6083378819126,-5.49999999742295));
#3157=CARTESIAN_POINT('Ctrl Pts',(32.7347553030131,-26.6031729286748,-5.49999999742576));
#3158=CARTESIAN_POINT('Ctrl Pts',(32.7379488773332,-26.5979997938735,-5.49999999742869));
#3159=CARTESIAN_POINT('Ctrl Pts',(32.7411277252483,-26.5928185319441,-5.49999999743174));
#3160=CARTESIAN_POINT('Ctrl Pts',(32.7985254373445,-26.4992649589348,-5.49999999748669));
#3161=CARTESIAN_POINT('Ctrl Pts',(32.8511250227367,-26.4030653230719,-5.4999999975772));
#3162=CARTESIAN_POINT('Ctrl Pts',(32.8989179183406,-26.3046458316797,-5.49999999767673));
#3163=CARTESIAN_POINT('Ctrl Pts',(32.9471690751569,-26.2052826469856,-5.49999999777721));
#3164=CARTESIAN_POINT('Ctrl Pts',(32.9905212498157,-26.1036561186449,-5.49999999788694));
#3165=CARTESIAN_POINT('Ctrl Pts',(33.0289255211642,-26.0001673293324,-5.49999999799519));
#3166=CARTESIAN_POINT('Ctrl Pts',(33.0675792890701,-25.8960062164535,-5.49999999810415));
#3167=CARTESIAN_POINT('Ctrl Pts',(33.1012209936817,-25.7899577946889,-5.49999999821167));
#3168=CARTESIAN_POINT('Ctrl Pts',(33.1297553187813,-25.6824044742952,-5.49999999832266));
#3169=CARTESIAN_POINT('Ctrl Pts',(33.1571135264753,-25.5792842474374,-5.49999999842906));
#3170=CARTESIAN_POINT('Ctrl Pts',(33.1797766662372,-25.474779823868,-5.4999999985388));
#3171=CARTESIAN_POINT('Ctrl Pts',(33.1976175315599,-25.3692156488708,-5.49999999866894));
#3172=CARTESIAN_POINT('Ctrl Pts',(33.2165210371735,-25.2573638446814,-5.49999999880683));
#3173=CARTESIAN_POINT('Ctrl Pts',(33.2299192562806,-25.1448628067991,-5.49999999896481));
#3174=CARTESIAN_POINT('Ctrl Pts',(33.2377662972634,-25.0321264331405,-5.49999999911377));
#3175=CARTESIAN_POINT('Ctrl Pts',(33.2426798611167,-24.9615345537609,-5.49999999920704));
#3176=CARTESIAN_POINT('Ctrl Pts',(33.245416001919,-24.8908498000053,-5.4999999992971));
#3177=CARTESIAN_POINT('Ctrl Pts',(33.2459539956431,-24.8201695067463,-5.49999999937984));
#3178=CARTESIAN_POINT('Ctrl Pts',(33.2468064609145,-24.7081747144775,-5.49999999951095));
#3179=CARTESIAN_POINT('Ctrl Pts',(33.2421427635993,-24.5961912021473,-5.49999999962303));
#3180=CARTESIAN_POINT('Ctrl Pts',(33.232115575763,-24.4845842683072,-5.49999999971103));
#3181=CARTESIAN_POINT('Ctrl Pts',(33.2219986258438,-24.371978243693,-5.49999999979983));
#3182=CARTESIAN_POINT('Ctrl Pts',(33.2064216555284,-24.2597547487927,-5.49999999986415));
#3183=CARTESIAN_POINT('Ctrl Pts',(33.1854888100343,-24.1482892636897,-5.49999999991211));
#3184=CARTESIAN_POINT('Ctrl Pts',(33.177136830749,-24.1038157389189,-5.49999999993124));
#3185=CARTESIAN_POINT('Ctrl Pts',(33.1679316594155,-24.0594629551737,-5.49999999994791));
#3186=CARTESIAN_POINT('Ctrl Pts',(33.1578776417369,-24.01525523129,-5.49999999996319));
#3187=CARTESIAN_POINT('Ctrl Pts',(33.1421303344358,-23.9460139950661,-5.49999999998711));
#3188=CARTESIAN_POINT('Ctrl Pts',(33.1243491611295,-23.8773398484449,-5.50000000000008));
#3189=CARTESIAN_POINT('Ctrl Pts',(33.1045808244256,-23.8093159093742,-5.50000000000008));
#3190=CARTESIAN_POINT('Origin',(29.7499999999998,-25.,-7.15623098284279));
#3191=CARTESIAN_POINT('Ctrl Pts',(26.1899843505563,-24.9998298601938,-4.70928843372822));
#3192=CARTESIAN_POINT('Ctrl Pts',(26.1898133886724,-24.838212421853,-4.71470948564303));
#3193=CARTESIAN_POINT('Ctrl Pts',(26.2006177724392,-24.6766166007953,-4.72013053755784));
#3194=CARTESIAN_POINT('Ctrl Pts',(26.2225895140181,-24.5165282910108,-4.72555158947265));
#3195=CARTESIAN_POINT('Ctrl Pts',(26.3097803633315,-23.8812470300732,-4.74706404532081));
#3196=CARTESIAN_POINT('Ctrl Pts',(26.5728296795988,-23.2697053703797,-4.76857650116897));
#3197=CARTESIAN_POINT('Ctrl Pts',(26.9745343559436,-22.7696895846926,-4.79008895701713));
#3198=CARTESIAN_POINT('Ctrl Pts',(27.3762390322884,-22.2696737990054,-4.8116014128653));
#3199=CARTESIAN_POINT('Ctrl Pts',(27.9165990687107,-21.8811838873246,-4.83311386871346));
#3200=CARTESIAN_POINT('Ctrl Pts',(28.5183855487794,-21.659358190582,-4.85462632456162));
#3201=CARTESIAN_POINT('Ctrl Pts',(29.1201720288482,-21.4375324938393,-4.87613878040978));
#3202=CARTESIAN_POINT('Ctrl Pts',(29.7833849525636,-21.3823710120348,-4.89765123625794));
#3203=CARTESIAN_POINT('Ctrl Pts',(30.4135033546843,-21.501876032993,-4.9191636921061));
#3204=CARTESIAN_POINT('Ctrl Pts',(31.043621756805,-21.6213810539512,-4.94067614795427));
#3205=CARTESIAN_POINT('Ctrl Pts',(31.640645637331,-21.9155525776722,-4.96218860380243));
#3206=CARTESIAN_POINT('Ctrl Pts',(32.1193810798231,-22.342364740137,-4.9837010596506));
#3207=CARTESIAN_POINT('Ctrl Pts',(32.5981165223151,-22.7691769026017,-5.00521351549876));
#3208=CARTESIAN_POINT('Ctrl Pts',(32.958563526773,-23.3286297038103,-5.02672597134692));
#3209=CARTESIAN_POINT('Ctrl Pts',(33.1493296072582,-23.9409610659367,-5.04823842719508));
#3210=CARTESIAN_POINT('Ctrl Pts',(33.3400956877434,-24.5532924280631,-5.06975088304324));
#3211=CARTESIAN_POINT('Ctrl Pts',(33.3611808442559,-25.2185023511073,-5.09126333889141));
#3212=CARTESIAN_POINT('Ctrl Pts',(33.2095655101586,-25.841686764937,-5.11277579473957));
#3213=CARTESIAN_POINT('Ctrl Pts',(33.0579501760614,-26.4648711787667,-5.13428825058773));
#3214=CARTESIAN_POINT('Ctrl Pts',(32.7336343513545,-27.0460300833819,-5.15580070643589));
#3215=CARTESIAN_POINT('Ctrl Pts',(32.2828876361863,-27.5022914066532,-5.17731316228406));
#3216=CARTESIAN_POINT('Ctrl Pts',(31.8321409210181,-27.9585527299244,-5.19882561813222));
#3217=CARTESIAN_POINT('Ctrl Pts',(31.2549633153886,-28.2899164718516,-5.22033807398038));
#3218=CARTESIAN_POINT('Ctrl Pts',(30.6336644390763,-28.4490872510405,-5.24185052982854));
#3219=CARTESIAN_POINT('Ctrl Pts',(30.0123655627641,-28.6082580302293,-5.26336298567671));
#3220=CARTESIAN_POINT('Ctrl Pts',(29.346945415769,-28.5952358466797,-5.28487544152487));
#3221=CARTESIAN_POINT('Ctrl Pts',(28.7323449880109,-28.4119368801204,-5.30638789737303));
#3222=CARTESIAN_POINT('Ctrl Pts',(28.1177445602529,-28.228637913561,-5.32790035322119));
#3223=CARTESIAN_POINT('Ctrl Pts',(27.5539638517318,-27.8750621639918,-5.34941280906935));
#3224=CARTESIAN_POINT('Ctrl Pts',(27.1213591580725,-27.4015235739819,-5.37092526491752));
#3225=CARTESIAN_POINT('Ctrl Pts',(26.6887544644132,-26.9279849839719,-5.39243772076568));
#3226=CARTESIAN_POINT('Ctrl Pts',(26.3873257856157,-26.3344835535211,-5.41395017661384));
#3227=CARTESIAN_POINT('Ctrl Pts',(26.2602378356865,-25.7059476223241,-5.43546263246201));
#3228=CARTESIAN_POINT('Ctrl Pts',(26.213319711524,-25.47390574206,-5.44340456617867));
#3229=CARTESIAN_POINT('Ctrl Pts',(26.190162952579,-25.2370889157872,-5.45134649989533));
#3230=CARTESIAN_POINT('Ctrl Pts',(26.1904161343547,-25.0002249224481,-5.459288433612));
#3231=CARTESIAN_POINT('Ctrl Pts',(26.3950118669045,-23.8091974851578,-5.5000000000012));
#3232=CARTESIAN_POINT('Ctrl Pts',(26.1804026646871,-24.4138412591824,-5.47848754415304));
#3233=CARTESIAN_POINT('Ctrl Pts',(26.0858971068088,-25.7409821230722,-5.43546263245671));
#3234=CARTESIAN_POINT('Ctrl Pts',(26.9901831432036,-27.5214864144291,-5.37092526491222));
#3235=CARTESIAN_POINT('Ctrl Pts',(28.6815252687712,-28.5822136631394,-5.30638789736774));
#3236=CARTESIAN_POINT('Ctrl Pts',(30.6777857097615,-28.6212802137882,-5.24185052982325));
#3237=CARTESIAN_POINT('Ctrl Pts',(32.4093185266544,-27.627188988004,-5.17731316227876));
#3238=CARTESIAN_POINT('Ctrl Pts',(33.3822660007777,-25.8837122741537,-5.11277579473428));
#3239=CARTESIAN_POINT('Ctrl Pts',(33.3190105312402,-23.888082505016,-5.04823842718979));
#3240=CARTESIAN_POINT('Ctrl Pts',(32.2376695178635,-22.209724101386,-4.98370105964531));
#3241=CARTESIAN_POINT('Ctrl Pts',(30.4465978762808,-21.3272095302208,-4.91916369210081));
#3242=CARTESIAN_POINT('Ctrl Pts',(28.4569591051296,-21.4926939756348,-4.85462632455633));
#3243=CARTESIAN_POINT('Ctrl Pts',(26.8358789958587,-22.6581637106802,-4.79008895701184));
#3244=CARTESIAN_POINT('Ctrl Pts',(26.0467310470545,-24.4927886897653,-4.72555158946736));
#3245=CARTESIAN_POINT('Ctrl Pts',(26.3127338999774,-26.4698512763154,-4.66101422192286));
#3246=CARTESIAN_POINT('Ctrl Pts',(27.5618930639688,-28.0322191499582,-4.59647685437838));
#3247=CARTESIAN_POINT('Ctrl Pts',(29.4299036765646,-28.7201876085697,-4.53193948683389));
#3248=CARTESIAN_POINT('Ctrl Pts',(31.9108931956377,-28.2732427202362,-4.45067020918527));
#3249=CARTESIAN_POINT('Ctrl Pts',(33.8594225178748,-25.6421889383995,-4.35266902143255));
#3250=CARTESIAN_POINT('Ctrl Pts',(32.6221582779518,-21.9912409196419,-4.23793592357566));
#3251=CARTESIAN_POINT('Ctrl Pts',(29.24575292576,-21.0196379542626,-4.13276391720688));
#3252=CARTESIAN_POINT('Ctrl Pts',(26.6642034017936,-22.6473192331012,-4.03715300232615));
#3253=CARTESIAN_POINT('Ctrl Pts',(25.8749044045583,-25.263149028554,-3.95110317893351));
#3254=CARTESIAN_POINT('Ctrl Pts',(27.0154176696977,-27.7589310407969,-3.86505335554086));
#3255=CARTESIAN_POINT('Ctrl Pts',(29.5153480909247,-28.8751147273873,-3.77900353214821));
#3256=CARTESIAN_POINT('Ctrl Pts',(32.1322474762583,-28.0684878043713,-3.69295370875555));
#3257=CARTESIAN_POINT('Ctrl Pts',(33.5645268653793,-25.7287554344225,-3.60690388536291));
#3258=CARTESIAN_POINT('Ctrl Pts',(33.0969140309787,-23.0369599557675,-3.52085406197026));
#3259=CARTESIAN_POINT('Ctrl Pts',(30.731164413155,-21.1092934114367,-3.42524314708954));
#3260=CARTESIAN_POINT('Ctrl Pts',(27.2595058385845,-21.6704285334892,-3.32007114072074));
#3261=CARTESIAN_POINT('Ctrl Pts',(25.5941223280736,-25.1391520321842,-3.20533804286388));
#3262=CARTESIAN_POINT('Ctrl Pts',(27.4836693975847,-28.4855980921352,-3.09060494500701));
#3263=CARTESIAN_POINT('Ctrl Pts',(31.3089199985403,-28.8549194745808,-2.97587184715014));
#3264=CARTESIAN_POINT('Ctrl Pts',(33.8036819600191,-25.9254376897021,-2.86113874929328));
#3265=CARTESIAN_POINT('Ctrl Pts',(32.9079759320897,-22.5246923743268,-2.75596674292448));
#3266=CARTESIAN_POINT('Ctrl Pts',(30.1863951532305,-21.1444736565576,-2.66035582804376));
#3267=CARTESIAN_POINT('Ctrl Pts',(27.5361156384362,-21.8092245330113,-2.57430600465111));
#3268=CARTESIAN_POINT('Ctrl Pts',(25.9792510142057,-24.0675196029053,-2.48825618125846));
#3269=CARTESIAN_POINT('Ctrl Pts',(26.302623779297,-26.7867816685331,-2.40220635786581));
#3270=CARTESIAN_POINT('Ctrl Pts',(28.3392700320904,-28.6185402609974,-2.31615653447316));
#3271=CARTESIAN_POINT('Ctrl Pts',(31.0788068828619,-28.6490277364811,-2.23010671108051));
#3272=CARTESIAN_POINT('Ctrl Pts',(33.1567786200984,-26.8644233231319,-2.14405688768786));
#3273=CARTESIAN_POINT('Ctrl Pts',(33.5397047555529,-24.1516635765104,-2.05800706429521));
#3274=CARTESIAN_POINT('Ctrl Pts',(32.0373246274057,-21.8616977703245,-1.97195724090256));
#3275=CARTESIAN_POINT('Ctrl Pts',(29.3960545213437,-21.1320119896664,-1.88590741750991));
#3276=CARTESIAN_POINT('Ctrl Pts',(26.9322627934316,-22.3282508474144,-1.79985759411726));
#3277=CARTESIAN_POINT('Ctrl Pts',(25.8689946707384,-24.852967987461,-1.71380777072462));
#3278=CARTESIAN_POINT('Ctrl Pts',(26.738223001383,-27.4509854408642,-1.62775794733196));
#3279=CARTESIAN_POINT('Ctrl Pts',(29.1044465552414,-28.8300336776937,-1.54170812393931));
#3280=CARTESIAN_POINT('Ctrl Pts',(31.7933795172275,-28.3025340996699,-1.45565830054666));
#3281=CARTESIAN_POINT('Ctrl Pts',(33.4646241072286,-26.1322185153528,-1.36960847715402));
#3282=CARTESIAN_POINT('Ctrl Pts',(33.2881502485356,-23.3993928891497,-1.28355865376137));
#3283=CARTESIAN_POINT('Ctrl Pts',(31.3508542530517,-21.4604803056886,-1.19750883036872));
#3284=CARTESIAN_POINT('Ctrl Pts',(28.6176358008799,-21.2868423109677,-1.11145900697607));
#3285=CARTESIAN_POINT('Ctrl Pts',(26.4470748084296,-22.9544006053545,-1.02540918358342));
#3286=CARTESIAN_POINT('Ctrl Pts',(25.9204971893218,-25.6509943980893,-0.939359360190769));
#3287=CARTESIAN_POINT('Ctrl Pts',(27.1460694999454,-27.7391488266659,-0.86287062828619));
#3288=CARTESIAN_POINT('Ctrl Pts',(29.5409371412207,-28.8889687605156,-0.776820804893541));
#3289=CARTESIAN_POINT('Ctrl Pts',(32.2905709005632,-28.1079164342355,-0.690770981500891));
#3290=CARTESIAN_POINT('Ctrl Pts',(33.6168875834393,-25.3460633244059,-0.595160066620169));
#3291=CARTESIAN_POINT('Ctrl Pts',(32.8887094432594,-22.7162205980133,-0.50911024322752));
#3292=CARTESIAN_POINT('Ctrl Pts',(30.5977243197267,-21.2083699928178,-0.42306041983487));
#3293=CARTESIAN_POINT('Ctrl Pts',(27.8855039897769,-21.5942159282616,-0.33701059644222));
#3294=CARTESIAN_POINT('Ctrl Pts',(26.1006947666049,-23.6712202515599,-0.25096077304957));
#3295=CARTESIAN_POINT('Ctrl Pts',(26.1318078651503,-26.4108152701454,-0.164910949656921));
#3296=CARTESIAN_POINT('Ctrl Pts',(27.9630697504149,-28.4482738869755,-0.0788611262642716));
#3297=CARTESIAN_POINT('Ctrl Pts',(30.6835875392934,-28.7689832483727,0.00718869712837807));
#3298=CARTESIAN_POINT('Ctrl Pts',(32.9393477898948,-27.2171012667001,0.093238520521029));
#3299=CARTESIAN_POINT('Ctrl Pts',(33.6086408119098,-24.5563608964236,0.179288343913677));
#3300=CARTESIAN_POINT('Ctrl Pts',(32.3580758234729,-22.1267707269917,0.265338167306329));
#3301=CARTESIAN_POINT('Ctrl Pts',(29.5242466140075,-20.9942222887584,0.360949082187049));
#3302=CARTESIAN_POINT('Ctrl Pts',(26.3799308753399,-22.5618196597479,0.466121088555844));
#3303=CARTESIAN_POINT('Ctrl Pts',(25.8251199593556,-26.3766165065793,0.58085418641271));
#3304=CARTESIAN_POINT('Ctrl Pts',(28.2183722153903,-28.6107700671261,0.678855374165451));
#3305=CARTESIAN_POINT('Ctrl Pts',(30.7392804567305,-28.6004999352855,0.760124651814063));
#3306=CARTESIAN_POINT('Ctrl Pts',(32.4515990348458,-27.5852503612446,0.824662019358552));
#3307=CARTESIAN_POINT('Ctrl Pts',(33.3967915088932,-25.8222987127188,0.889199386903039));
#3308=CARTESIAN_POINT('Ctrl Pts',(33.2999344345359,-23.8297736769668,0.953736754447526));
#3309=CARTESIAN_POINT('Ctrl Pts',(32.1912387523096,-22.1686308447558,1.01827412199201));
#3310=CARTESIAN_POINT('Ctrl Pts',(30.3857194656852,-21.3163860807243,1.0828114895365));
#3311=CARTESIAN_POINT('Ctrl Pts',(28.3990520059978,-21.5143755649854,1.14734885708099));
#3312=CARTESIAN_POINT('Ctrl Pts',(26.7976681065571,-22.7069941742272,1.21188622462547));
#3313=CARTESIAN_POINT('Ctrl Pts',(26.0385428328879,-24.5535894758317,1.27642359216996));
#3314=CARTESIAN_POINT('Ctrl Pts',(26.3381531428598,-26.5276140565826,1.34096095971445));
#3315=CARTESIAN_POINT('Ctrl Pts',(27.6110767600252,-28.0657958813966,1.40549832725894));
#3316=CARTESIAN_POINT('Ctrl Pts',(29.494146374356,-28.7294765887312,1.47003569480342));
#3317=CARTESIAN_POINT('Ctrl Pts',(31.4502397032783,-28.3291257012154,1.53457306234791));
#3318=CARTESIAN_POINT('Ctrl Pts',(32.9212360612074,-26.9793293470051,1.5991104298924));
#3319=CARTESIAN_POINT('Ctrl Pts',(33.4877211612031,-25.0643819854526,1.66364779743688));
#3320=CARTESIAN_POINT('Ctrl Pts',(33.1541647144396,-23.7763702346413,1.70667270913321));
#3321=CARTESIAN_POINT('Ctrl Pts',(32.8334873683794,-23.2206569606708,1.72818516498137));
#3322=CARTESIAN_POINT('Ctrl Pts',(26.519099682059,-23.8534733350596,-5.57606227967538));
#3323=CARTESIAN_POINT('Ctrl Pts',(26.3124699840394,-24.4357537163986,-5.55454982382722));
#3324=CARTESIAN_POINT('Ctrl Pts',(26.2215436383587,-25.7137856585055,-5.5115249121309));
#3325=CARTESIAN_POINT('Ctrl Pts',(27.0924736232434,-27.4283414483425,-5.4469875445864));
#3326=CARTESIAN_POINT('Ctrl Pts',(28.7212880203104,-28.4497091636741,-5.38245017704192));
#3327=CARTESIAN_POINT('Ctrl Pts',(30.643673392923,-28.4872069476512,-5.31791280949743));
#3328=CARTESIAN_POINT('Ctrl Pts',(32.3110645066342,-27.5297983012942,-5.25337544195294));
#3329=CARTESIAN_POINT('Ctrl Pts',(33.2478977842446,-25.8507841148376,-5.18883807440846));
#3330=CARTESIAN_POINT('Ctrl Pts',(33.186860313179,-23.9290123799344,-5.12430070686396));
#3331=CARTESIAN_POINT('Ctrl Pts',(32.1454340901028,-22.3128331792352,-5.05976333931949));
#3332=CARTESIAN_POINT('Ctrl Pts',(30.4205919376105,-21.4630890023683,-4.99522597177499));
#3333=CARTESIAN_POINT('Ctrl Pts',(28.504595784852,-21.6225717967027,-4.93068860423051));
#3334=CARTESIAN_POINT('Ctrl Pts',(26.9435803104739,-22.745009782245,-4.86615123668602));
#3335=CARTESIAN_POINT('Ctrl Pts',(26.1837501334977,-24.5117877004765,-4.80161386914154));
#3336=CARTESIAN_POINT('Ctrl Pts',(26.4400305818098,-26.4156668942724,-4.73707650159704));
#3337=CARTESIAN_POINT('Ctrl Pts',(27.6430572058931,-27.9201377949287,-4.67253913405256));
#3338=CARTESIAN_POINT('Ctrl Pts',(29.4419789904631,-28.5825308695163,-4.60800176650807));
#3339=CARTESIAN_POINT('Ctrl Pts',(31.8311246723343,-28.1519736259178,-4.52673248885946));
#3340=CARTESIAN_POINT('Ctrl Pts',(33.7073808442417,-25.618169661884,-4.42873130110672));
#3341=CARTESIAN_POINT('Ctrl Pts',(32.5156802532428,-22.1024119183707,-4.31399820324985));
#3342=CARTESIAN_POINT('Ctrl Pts',(29.2641688290191,-21.1669740039633,-4.20882619688106));
#3343=CARTESIAN_POINT('Ctrl Pts',(26.7782574062111,-22.7345772117513,-4.11321528200034));
#3344=CARTESIAN_POINT('Ctrl Pts',(26.0183299063204,-25.2536491819998,-4.02716545860768));
#3345=CARTESIAN_POINT('Ctrl Pts',(27.1167888984203,-27.6569971836012,-3.94111563521504));
#3346=CARTESIAN_POINT('Ctrl Pts',(29.5242708294762,-28.7317191910039,-3.85506581182239));
#3347=CARTESIAN_POINT('Ctrl Pts',(32.0442744731895,-27.9547826305538,-3.76901598842974));
#3348=CARTESIAN_POINT('Ctrl Pts',(33.4234040032327,-25.7015506784066,-3.68296616503709));
#3349=CARTESIAN_POINT('Ctrl Pts',(32.972930706263,-23.1094018023781,-3.59691634164444));
#3350=CARTESIAN_POINT('Ctrl Pts',(30.694613827718,-21.2532199772488,-3.50130542676372));
#3351=CARTESIAN_POINT('Ctrl Pts',(27.3514687415703,-21.7938025425544,-3.39613342039492));
#3352=CARTESIAN_POINT('Ctrl Pts',(25.747931352656,-25.1342583567828,-3.28140032253806));
#3353=CARTESIAN_POINT('Ctrl Pts',(27.5677563701485,-28.3567429387389,-3.16666722468119));
#3354=CARTESIAN_POINT('Ctrl Pts',(31.2514650996283,-28.7121608159957,-3.05193412682433));
#3355=CARTESIAN_POINT('Ctrl Pts',(33.6537205787119,-25.8909393948244,-2.93720102896745));
#3356=CARTESIAN_POINT('Ctrl Pts',(32.7909532545632,-22.6161038266306,-2.83202902259867));
#3357=CARTESIAN_POINT('Ctrl Pts',(30.1700075211661,-21.287131838119,-2.73641810771794));
#3358=CARTESIAN_POINT('Ctrl Pts',(27.6178503356389,-21.9274449470386,-2.65036828432529));
#3359=CARTESIAN_POINT('Ctrl Pts',(26.118741195441,-24.1022611021429,-2.56431846093264));
#3360=CARTESIAN_POINT('Ctrl Pts',(26.4303141426665,-26.7208689698237,-2.47826863753999));
#3361=CARTESIAN_POINT('Ctrl Pts',(28.3917011823836,-28.4847124765843,-2.39221881414734));
#3362=CARTESIAN_POINT('Ctrl Pts',(31.0298553095182,-28.5139028837078,-2.30616899075469));
#3363=CARTESIAN_POINT('Ctrl Pts',(33.0308156500069,-26.7952149660681,-2.22011916736205));
#3364=CARTESIAN_POINT('Ctrl Pts',(33.3994033395342,-24.1828252622178,-2.13406934396939));
#3365=CARTESIAN_POINT('Ctrl Pts',(31.9524821082885,-21.9776989288106,-2.04801952057675));
#3366=CARTESIAN_POINT('Ctrl Pts',(29.4089149949006,-21.2751800442863,-1.96196969718409));
#3367=CARTESIAN_POINT('Ctrl Pts',(27.0363768174584,-22.427300375282,-1.87591987379145));
#3368=CARTESIAN_POINT('Ctrl Pts',(26.0126136049843,-24.8586484568327,-1.78987005039879));
#3369=CARTESIAN_POINT('Ctrl Pts',(26.8498336588083,-27.3604650948059,-1.70382022700614));
#3370=CARTESIAN_POINT('Ctrl Pts',(29.1285731344644,-28.6883318120236,-1.6177704036135));
#3371=CARTESIAN_POINT('Ctrl Pts',(31.7179617373081,-28.1801882357816,-1.53172058022084));
#3372=CARTESIAN_POINT('Ctrl Pts',(33.3272232984698,-26.0900885777975,-1.4456707568282));
#3373=CARTESIAN_POINT('Ctrl Pts',(33.1571119965266,-23.4584100604417,-1.35962093343555));
#3374=CARTESIAN_POINT('Ctrl Pts',(31.2913918638908,-21.5913719857752,-1.2735711100429));
#3375=CARTESIAN_POINT('Ctrl Pts',(28.6593134858974,-21.4243283786892,-1.18752128665025));
#3376=CARTESIAN_POINT('Ctrl Pts',(26.5691832144207,-23.0303075169625,-1.1014714632576));
#3377=CARTESIAN_POINT('Ctrl Pts',(26.0622592908951,-25.6271383829485,-1.01542163986495));
#3378=CARTESIAN_POINT('Ctrl Pts',(27.2426043551176,-27.6379390231764,-0.938932907960371));
#3379=CARTESIAN_POINT('Ctrl Pts',(29.5489137348621,-28.74505893454,-0.85288308456772));
#3380=CARTESIAN_POINT('Ctrl Pts',(32.1967411042949,-27.9927423344208,-0.766833261175071));
#3381=CARTESIAN_POINT('Ctrl Pts',(33.4738033806021,-25.333017986794,-0.671222346294349));
#3382=CARTESIAN_POINT('Ctrl Pts',(32.7724115786862,-22.8005451742504,-0.5851725229017));
#3383=CARTESIAN_POINT('Ctrl Pts',(30.5661181814506,-21.3486381595711,-0.49912269950905));
#3384=CARTESIAN_POINT('Ctrl Pts',(27.9542952983491,-21.7203718402472,-0.4130728761164));
#3385=CARTESIAN_POINT('Ctrl Pts',(26.2356661482995,-23.7206204889729,-0.32702305272375));
#3386=CARTESIAN_POINT('Ctrl Pts',(26.2657966087004,-26.3588268358403,-0.240973229331101));
#3387=CARTESIAN_POINT('Ctrl Pts',(28.0294128054921,-28.3207704882651,-0.154923405938452));
#3388=CARTESIAN_POINT('Ctrl Pts',(30.649269609087,-28.629443439889,-0.0688735825458019));
#3389=CARTESIAN_POINT('Ctrl Pts',(32.8214532140654,-27.1348544243647,0.0171762408468486));
#3390=CARTESIAN_POINT('Ctrl Pts',(33.4658131514214,-24.572541321242,0.103226064239498));
#3391=CARTESIAN_POINT('Ctrl Pts',(32.2613792952379,-22.2329423216304,0.189275887632148));
#3392=CARTESIAN_POINT('Ctrl Pts',(29.5323544745918,-21.1424817578303,0.28488680251287));
#3393=CARTESIAN_POINT('Ctrl Pts',(26.5044999521731,-22.6522593190806,0.390058808881663));
#3394=CARTESIAN_POINT('Ctrl Pts',(25.9704564826171,-26.3259125918703,0.504791906738531));
#3395=CARTESIAN_POINT('Ctrl Pts',(28.2752770652923,-28.47723729267,0.60279309449127));
#3396=CARTESIAN_POINT('Ctrl Pts',(30.7028910653738,-28.46719191493,0.684062372139883));
#3397=CARTESIAN_POINT('Ctrl Pts',(32.351777716872,-27.4894091317871,0.748599739684371));
#3398=CARTESIAN_POINT('Ctrl Pts',(33.2618819493147,-25.7916424474088,0.813137107228858));
#3399=CARTESIAN_POINT('Ctrl Pts',(33.1684865909435,-23.8728626165981,0.877674474773345));
#3400=CARTESIAN_POINT('Ctrl Pts',(32.1007190994122,-22.2732635598644,0.942211842317835));
#3401=CARTESIAN_POINT('Ctrl Pts',(30.3619658444449,-21.4526698572634,1.00674920986232));
#3402=CARTESIAN_POINT('Ctrl Pts',(28.4488330437214,-21.6434545630133,1.07128657740681));
#3403=CARTESIAN_POINT('Ctrl Pts',(26.9067865358767,-22.7920354853979,1.13582394495129));
#3404=CARTESIAN_POINT('Ctrl Pts',(26.1758686942634,-24.5703388795764,1.20036131249578));
#3405=CARTESIAN_POINT('Ctrl Pts',(26.4645126700131,-26.4712904270074,1.26489868004027));
#3406=CARTESIAN_POINT('Ctrl Pts',(27.6904227834551,-27.9524688908884,1.32943604758475));
#3407=CARTESIAN_POINT('Ctrl Pts',(29.5038447714071,-28.5914721248469,1.39397341512924));
#3408=CARTESIAN_POINT('Ctrl Pts',(31.3875224574772,-28.2058168778355,1.45851078267373));
#3409=CARTESIAN_POINT('Ctrl Pts',(32.8039971161425,-26.9058830665529,1.52304815021822));
#3410=CARTESIAN_POINT('Ctrl Pts',(33.3493997820083,-25.0617690526178,1.5875855177627));
#3411=CARTESIAN_POINT('Ctrl Pts',(33.0281082239721,-23.8214445037635,1.63061042945903));
#3412=CARTESIAN_POINT('Ctrl Pts',(32.7192642390807,-23.2863167922849,1.65212288530719));
#3413=CARTESIAN_POINT('Ctrl Pts',(26.6431836527397,-23.8977607833715,-5.65212409753405));
#3414=CARTESIAN_POINT('Ctrl Pts',(26.4445355425198,-24.4576784627861,-5.63061164168589));
#3415=CARTESIAN_POINT('Ctrl Pts',(26.3571929800517,-25.6866017131877,-5.58758672998956));
#3416=CARTESIAN_POINT('Ctrl Pts',(27.1947729518739,-27.3352057696078,-5.52304936244508));
#3417=CARTESIAN_POINT('Ctrl Pts',(28.7610631407395,-28.3172080723467,-5.45851199490059));
#3418=CARTESIAN_POINT('Ctrl Pts',(30.6095734339075,-28.3531302372004,-5.3939746273561));
#3419=CARTESIAN_POINT('Ctrl Pts',(32.2128193094632,-27.4323983008725,-5.32943725981161));
#3420=CARTESIAN_POINT('Ctrl Pts',(33.11353233806,-25.8178434290581,-5.26489989226714));
#3421=CARTESIAN_POINT('Ctrl Pts',(33.0547060229061,-23.9699300892225,-5.20036252472263));
#3422=CARTESIAN_POINT('Ctrl Pts',(32.053188909293,-22.4159339225858,-5.13582515717816));
#3423=CARTESIAN_POINT('Ctrl Pts',(30.3945733469398,-21.5989663489953,-5.07128778963366));
#3424=CARTESIAN_POINT('Ctrl Pts',(28.552220523697,-21.7524543070565,-5.00675042208919));
#3425=CARTESIAN_POINT('Ctrl Pts',(27.0512737998892,-22.831866021231,-4.94221305454469));
#3426=CARTESIAN_POINT('Ctrl Pts',(26.3207677464299,-24.5307994541854,-4.87767568700021));
#3427=CARTESIAN_POINT('Ctrl Pts',(26.5673325545295,-26.3614941999359,-4.81313831945572));
#3428=CARTESIAN_POINT('Ctrl Pts',(27.7242319094027,-27.8080637293568,-4.74860095191123));
#3429=CARTESIAN_POINT('Ctrl Pts',(29.4540670918657,-28.444874960275,-4.68406358436674));
#3430=CARTESIAN_POINT('Ctrl Pts',(31.7513672249666,-28.0306968835291,-4.60279430671813));
#3431=CARTESIAN_POINT('Ctrl Pts',(33.5553410768432,-25.5941362376205,-4.50479311896539));
#3432=CARTESIAN_POINT('Ctrl Pts',(32.4091916986706,-22.2135732802146,-4.39006002110852));
#3433=CARTESIAN_POINT('Ctrl Pts',(29.2825711112881,-21.3143120690984,-4.28488801473973));
#3434=CARTESIAN_POINT('Ctrl Pts',(26.892303561742,-22.8218459494436,-4.18927709985901));
#3435=CARTESIAN_POINT('Ctrl Pts',(26.161756588096,-25.2441626111717,-4.10322727646636));
#3436=CARTESIAN_POINT('Ctrl Pts',(27.218169791456,-27.5550725109997,-4.01717745307371));
#3437=CARTESIAN_POINT('Ctrl Pts',(29.533206880455,-28.5883241802205,-3.93112762968106));
#3438=CARTESIAN_POINT('Ctrl Pts',(31.9563118270866,-27.8410690620725,-3.84507780628841));
#3439=CARTESIAN_POINT('Ctrl Pts',(33.2822833667135,-25.6743327815706,-3.75902798289576));
#3440=CARTESIAN_POINT('Ctrl Pts',(32.8489404048047,-23.1818323069582,-3.67297815950311));
#3441=CARTESIAN_POINT('Ctrl Pts',(30.658049822528,-21.3971434560129,-3.57736724462239));
#3442=CARTESIAN_POINT('Ctrl Pts',(27.4434203999101,-21.9171853376877,-3.4721952382536));
#3443=CARTESIAN_POINT('Ctrl Pts',(25.9017411540813,-25.1293789306279,-3.35746214039673));
#3444=CARTESIAN_POINT('Ctrl Pts',(27.6518554651056,-28.2278953100477,-3.24272904253987));
#3445=CARTESIAN_POINT('Ctrl Pts',(31.1940233150599,-28.5693965308626,-3.12799594468299));
#3446=CARTESIAN_POINT('Ctrl Pts',(33.5037620815679,-25.8564271241981,-3.01326284682613));
#3447=CARTESIAN_POINT('Ctrl Pts',(32.6739218559228,-22.7075046226621,-2.90809084045733));
#3448=CARTESIAN_POINT('Ctrl Pts',(30.1536066289179,-21.4297887998139,-2.81247992557662));
#3449=CARTESIAN_POINT('Ctrl Pts',(27.6995742443444,-22.0456731872267,-2.72643010218396));
#3450=CARTESIAN_POINT('Ctrl Pts',(26.2582284488779,-24.1370156064062,-2.64038027879131));
#3451=CARTESIAN_POINT('Ctrl Pts',(26.5580108850953,-26.6549679708545,-2.55433045539867));
#3452=CARTESIAN_POINT('Ctrl Pts',(28.4441448499606,-28.350889271799,-2.46828063200601));
#3453=CARTESIAN_POINT('Ctrl Pts',(30.9809161608164,-28.3787732088593,-2.38223080861337));
#3454=CARTESIAN_POINT('Ctrl Pts',(32.9048588313936,-26.7259947853396,-2.29618098522072));
#3455=CARTESIAN_POINT('Ctrl Pts',(33.2590987400663,-24.2139740065385,-2.21013116182807));
#3456=CARTESIAN_POINT('Ctrl Pts',(31.8676286557972,-22.0936924643525,-2.12408133843542));
#3457=CARTESIAN_POINT('Ctrl Pts',(29.4217622236956,-21.4183495938067,-2.03803151504277));
#3458=CARTESIAN_POINT('Ctrl Pts',(27.1404818760339,-22.5263597628018,-1.95198169165012));
#3459=CARTESIAN_POINT('Ctrl Pts',(26.1562323143532,-24.8643422531361,-1.86593186825747));
#3460=CARTESIAN_POINT('Ctrl Pts',(26.9614529441853,-27.2699549050677,-1.77988204486482));
#3461=CARTESIAN_POINT('Ctrl Pts',(29.1527129002519,-28.5466318873148,-1.69383222147217));
#3462=CARTESIAN_POINT('Ctrl Pts',(31.6425551422161,-28.0578351216804,-1.60778239807952));
#3463=CARTESIAN_POINT('Ctrl Pts',(33.1898261066488,-26.047945814297,-1.52173257468687));
#3464=CARTESIAN_POINT('Ctrl Pts',(33.0260679976948,-23.5174152059171,-1.43568275129422));
#3465=CARTESIAN_POINT('Ctrl Pts',(31.2319172151641,-21.722258430272,-1.34963292790157));
#3466=CARTESIAN_POINT('Ctrl Pts',(28.7009785112138,-21.5618185980518,-1.26358310450892));
#3467=CARTESIAN_POINT('Ctrl Pts',(26.691284840224,-23.1062259081259,-1.17753328111627));
#3468=CARTESIAN_POINT('Ctrl Pts',(26.204023901277,-25.6032954620854,-1.09148345772362));
#3469=CARTESIAN_POINT('Ctrl Pts',(27.3391487975602,-27.5367379532842,-1.01499472581904));
#3470=CARTESIAN_POINT('Ctrl Pts',(29.5569036871412,-28.6011495488191,-0.928944902426394));
#3471=CARTESIAN_POINT('Ctrl Pts',(32.1029217884093,-27.8775592930854,-0.842895079033745));
#3472=CARTESIAN_POINT('Ctrl Pts',(33.3307200865812,-25.319959356533,-0.747284164153021));
#3473=CARTESIAN_POINT('Ctrl Pts',(32.6561056520338,-22.8848591456712,-0.661234340760374));
#3474=CARTESIAN_POINT('Ctrl Pts',(30.5344989725336,-21.4889036908365,-0.575184517367723));
#3475=CARTESIAN_POINT('Ctrl Pts',(28.0230750555277,-21.8465343949506,-0.489134693975074));
#3476=CARTESIAN_POINT('Ctrl Pts',(26.3706332337418,-23.7700333433102,-0.403084870582423));
#3477=CARTESIAN_POINT('Ctrl Pts',(26.3997904535028,-26.3068507144965,-0.317035047189775));
#3478=CARTESIAN_POINT('Ctrl Pts',(28.0957678210066,-28.1932729720977,-0.230985223797125));
#3479=CARTESIAN_POINT('Ctrl Pts',(30.6149645430606,-28.4899001570548,-0.144935400404475));
#3480=CARTESIAN_POINT('Ctrl Pts',(32.7035660164944,-27.0525964783442,-0.0588855770118245));
#3481=CARTESIAN_POINT('Ctrl Pts',(33.322983689077,-24.588708540274,0.0271642463808242));
#3482=CARTESIAN_POINT('Ctrl Pts',(32.1646727213525,-22.339105172612,0.113214069773475));
#3483=CARTESIAN_POINT('Ctrl Pts',(29.5404486072929,-21.2907422915444,0.208824984654196));
#3484=CARTESIAN_POINT('Ctrl Pts',(26.6290609062939,-22.7427107160237,0.313996991022991));
#3485=CARTESIAN_POINT('Ctrl Pts',(26.1157980112755,-26.2752220465162,0.428730088879857));
#3486=CARTESIAN_POINT('Ctrl Pts',(28.3321944147112,-28.3437095111322,0.526731276632597));
#3487=CARTESIAN_POINT('Ctrl Pts',(30.6665139566419,-28.3338802412785,0.608000554281211));
#3488=CARTESIAN_POINT('Ctrl Pts',(32.2519650745426,-27.3935584463144,0.672537921825697));
#3489=CARTESIAN_POINT('Ctrl Pts',(33.1269749484491,-25.7609736103436,0.737075289370186));
#3490=CARTESIAN_POINT('Ctrl Pts',(33.0370344763844,-23.9159394601941,0.801612656914673));
#3491=CARTESIAN_POINT('Ctrl Pts',(32.0101895558478,-22.3778881027702,0.86615002445916));
#3492=CARTESIAN_POINT('Ctrl Pts',(30.3381995384331,-21.588951717938,0.930687392003647));
#3493=CARTESIAN_POINT('Ctrl Pts',(28.4986022191501,-21.7725384474412,0.995224759548134));
#3494=CARTESIAN_POINT('Ctrl Pts',(27.0158973102671,-22.8770870916114,1.05976212709262));
#3495=CARTESIAN_POINT('Ctrl Pts',(26.3131932913805,-24.5871010499605,1.12429949463711));
#3496=CARTESIAN_POINT('Ctrl Pts',(26.5908776843202,-26.4149783939118,1.18883686218159));
#3497=CARTESIAN_POINT('Ctrl Pts',(27.769779480322,-27.8391490183502,1.25337422972608));
#3498=CARTESIAN_POINT('Ctrl Pts',(29.5135559828224,-28.4534682703157,1.31791159727057));
#3499=CARTESIAN_POINT('Ctrl Pts',(31.324816512655,-28.0825019805125,1.38244896481506));
#3500=CARTESIAN_POINT('Ctrl Pts',(32.6867647322894,-26.8324257633026,1.44698633235954));
#3501=CARTESIAN_POINT('Ctrl Pts',(33.2110783579163,-25.059143288985,1.51152369990403));
#3502=CARTESIAN_POINT('Ctrl Pts',(32.9020472833986,-23.8665071834318,1.55454861160036));
#3503=CARTESIAN_POINT('Ctrl Pts',(32.6050347817985,-23.3519661711615,1.57606106744852));
#3504=CARTESIAN_POINT('Ctrl Pts',(26.7672621544552,-23.9420648919588,-5.72818516498335));
#3505=CARTESIAN_POINT('Ctrl Pts',(26.5765986256965,-24.479620852311,-5.70667270913518));
#3506=CARTESIAN_POINT('Ctrl Pts',(26.492846405962,-25.6594357221001,-5.66364779743886));
#3507=CARTESIAN_POINT('Ctrl Pts',(27.2970850174881,-27.2420833821862,-5.59911042989437));
#3508=CARTESIAN_POINT('Ctrl Pts',(28.8008560253616,-28.1847118206466,-5.53457306234988));
#3509=CARTESIAN_POINT('Ctrl Pts',(30.5754911949442,-28.2190485327291,-5.4700356948054));
#3510=CARTESIAN_POINT('Ctrl Pts',(32.1145867350356,-27.3349848981013,-5.4054983272609));
#3511=CARTESIAN_POINT('Ctrl Pts',(32.9791708156048,-25.7848847555091,-5.34096095971643));
#3512=CARTESIAN_POINT('Ctrl Pts',(32.9225458383228,-24.0108303569141,-5.27642359217193));
#3513=CARTESIAN_POINT('Ctrl Pts',(31.9609296976859,-22.5190227458064,-5.21188622462745));
#3514=CARTESIAN_POINT('Ctrl Pts',(30.368536591015,-21.7348406977947,-5.14734885708296));
#3515=CARTESIAN_POINT('Ctrl Pts',(28.5998281460396,-21.8823435963243,-5.08281148953847));
#3516=CARTESIAN_POINT('Ctrl Pts',(27.1589561017681,-22.9187368835603,-5.01827412199398));
#3517=CARTESIAN_POINT('Ctrl Pts',(26.457783297587,-24.5498295010263,-4.9537367544495));
#3518=CARTESIAN_POINT('Ctrl Pts',(26.6946421684526,-26.3073382563046,-4.88919938690501));
#3519=CARTESIAN_POINT('Ctrl Pts',(27.8054217996833,-27.6960000808376,-4.82466201936052));
#3520=CARTESIAN_POINT('Ctrl Pts',(29.4661735476097,-28.3072201889245,-4.76012465181603));
#3521=CARTESIAN_POINT('Ctrl Pts',(31.6716256405168,-27.9094091195418,-4.67885537416742));
#3522=CARTESIAN_POINT('Ctrl Pts',(33.4033039865088,-25.5700825026783,-4.58085418641468));
#3523=CARTESIAN_POINT('Ctrl Pts',(32.3026879930671,-22.3247208560215,-4.46612108855782));
#3524=CARTESIAN_POINT('Ctrl Pts',(29.300953854922,-21.461653083117,-4.36094908218902));
#3525=CARTESIAN_POINT('Ctrl Pts',(27.0063384980712,-22.9091301594005,-4.2653381673083));
#3526=CARTESIAN_POINT('Ctrl Pts',(26.3051850185067,-25.2346950871193,-4.17928834391565));
#3527=CARTESIAN_POINT('Ctrl Pts',(27.31956459136,-27.4531609787703,-4.093238520523));
#3528=CARTESIAN_POINT('Ctrl Pts',(29.5421620378664,-28.4449298685748,-4.00718869713035));
#3529=CARTESIAN_POINT('Ctrl Pts',(31.8683640090929,-27.7273434037591,-3.9211388737377));
#3530=CARTESIAN_POINT('Ctrl Pts',(33.1411658696584,-25.6470960175975,-3.83508905034505));
#3531=CARTESIAN_POINT('Ctrl Pts',(32.7249400442813,-23.2542465638724,-3.7490392269524));
#3532=CARTESIAN_POINT('Ctrl Pts',(30.6214665462774,-21.5410625603668,-3.65342831207168));
#3533=CARTESIAN_POINT('Ctrl Pts',(27.5353559578469,-22.0405807878957,-3.54825630570289));
#3534=CARTESIAN_POINT('Ctrl Pts',(26.0555521293795,-25.1245199498597,-3.43352320784602));
#3535=CARTESIAN_POINT('Ctrl Pts',(27.7359719877158,-28.0990584295882,-3.31879010998916));
#3536=CARTESIAN_POINT('Ctrl Pts',(31.1366003271197,-28.4266241169147,-3.20405701213229));
#3537=CARTESIAN_POINT('Ctrl Pts',(33.3538076653714,-25.8218947855502,-3.08932391427543));
#3538=CARTESIAN_POINT('Ctrl Pts',(32.5568778978069,-22.7988901623016,-2.98415190790663));
#3539=CARTESIAN_POINT('Ctrl Pts',(30.1371867023798,-21.572444065906,-2.88854099302591));
#3540=CARTESIAN_POINT('Ctrl Pts',(27.7812827032894,-22.1639127031577,-2.80249116963325));
#3541=CARTESIAN_POINT('Ctrl Pts',(26.3977115546277,-24.1717887858709,-2.71644134624061));
#3542=CARTESIAN_POINT('Ctrl Pts',(26.6857168303737,-26.5890837353311,-2.63039152284795));
#3543=CARTESIAN_POINT('Ctrl Pts',(28.4966064996375,-28.2170725872128,-2.54434169945531));
#3544=CARTESIAN_POINT('Ctrl Pts',(30.9319948222923,-28.2436365625158,-2.45829187606265));
#3545=CARTESIAN_POINT('Ctrl Pts',(32.7789107915709,-26.656757611415,-2.37224205267001));
#3546=CARTESIAN_POINT('Ctrl Pts',(33.1187895184747,-24.2451041922693,-2.28619222927736));
#3547=CARTESIAN_POINT('Ctrl Pts',(31.7827594816831,-22.2096751058815,-2.20014240588471));
#3548=CARTESIAN_POINT('Ctrl Pts',(29.4345904514477,-21.561521343304,-2.11409258249206));
#3549=CARTESIAN_POINT('Ctrl Pts',(27.2445741096066,-22.6254333368088,-2.02804275909941));
#3550=CARTESIAN_POINT('Ctrl Pts',(26.2998507562372,-24.8700551753751,-1.94199293570676));
#3551=CARTESIAN_POINT('Ctrl Pts',(27.0730846531843,-27.1794592546527,-1.85594311231411));
#3552=CARTESIAN_POINT('Ctrl Pts',(29.1768715977975,-28.4049346931583,-1.76989328892146));
#3553=CARTESIAN_POINT('Ctrl Pts',(31.5671645679694,-27.9354715568272,-1.68384346552881));
#3554=CARTESIAN_POINT('Ctrl Pts',(33.0524340522402,-26.0057846296348,-1.59779364213616));
#3555=CARTESIAN_POINT('Ctrl Pts',(32.895015701966,-23.5764031175147,-1.51174381874351));
#3556=CARTESIAN_POINT('Ctrl Pts',(31.1724249514282,-21.8531374119326,-1.42569399535086));
#3557=CARTESIAN_POINT('Ctrl Pts',(28.7426253863425,-21.6993148278764,-1.33964417195821));
#3558=CARTESIAN_POINT('Ctrl Pts',(26.8133767835283,-23.1821608013608,-1.25359434856556));
#3559=CARTESIAN_POINT('Ctrl Pts',(26.3457921663037,-25.5794713217889,-1.16754452517291));
#3560=CARTESIAN_POINT('Ctrl Pts',(27.4357070344191,-27.4355493773163,-1.09105579326834));
#3561=CARTESIAN_POINT('Ctrl Pts',(29.564912811755,-28.4572407391995,-1.00500596987569));
#3562=CARTESIAN_POINT('Ctrl Pts',(32.0091174755277,-27.7623633767149,-0.918956146483037));
#3563=CARTESIAN_POINT('Ctrl Pts',(33.1876380416826,-25.3068816466801,-0.823345231602314));
#3564=CARTESIAN_POINT('Ctrl Pts',(32.5397881118253,-22.9691579319033,-0.737295408209665));
#3565=CARTESIAN_POINT('Ctrl Pts',(30.5028609954727,-21.6291654941719,-0.651245584817016));
#3566=CARTESIAN_POINT('Ctrl Pts',(28.0918382632355,-21.9727065302552,-0.565195761424366));
#3567=CARTESIAN_POINT('Ctrl Pts',(26.5055942060632,-23.8194643215652,-0.479145938031716));
#3568=CARTESIAN_POINT('Ctrl Pts',(26.5337916699728,-26.2548922419012,-0.393096114639067));
#3569=CARTESIAN_POINT('Ctrl Pts',(28.1621400248827,-28.0657838482205,-0.307046291246417));
#3570=CARTESIAN_POINT('Ctrl Pts',(30.5806779236178,-28.3503518349422,-0.220996467853768));
#3571=CARTESIAN_POINT('Ctrl Pts',(32.5856893610978,-26.9703225673318,-0.134946644461117));
#3572=CARTESIAN_POINT('Ctrl Pts',(33.1801515864027,-24.60485681542,-0.048896821068468));
#3573=CARTESIAN_POINT('Ctrl Pts',(32.0679516950003,-22.4452555177223,0.0371530023241828));
#3574=CARTESIAN_POINT('Ctrl Pts',(29.5485230439763,-21.4390044098243,0.132763917204904));
#3575=CARTESIAN_POINT('Ctrl Pts',(26.7536102524148,-22.8331789909916,0.237935923573698));
#3576=CARTESIAN_POINT('Ctrl Pts',(26.2611467784837,-26.2245506661254,0.352669021430565));
#3577=CARTESIAN_POINT('Ctrl Pts',(28.389129722429,-28.2101888431884,0.450670209183305));
#3578=CARTESIAN_POINT('Ctrl Pts',(30.6301544591241,-28.2005632739601,0.531939486831918));
#3579=CARTESIAN_POINT('Ctrl Pts',(32.1521648431465,-27.2976941549147,0.596476854376406));
#3580=CARTESIAN_POINT('Ctrl Pts',(32.9920715674007,-25.7302867213763,0.661014221920893));
#3581=CARTESIAN_POINT('Ctrl Pts',(32.9055761825839,-23.9589989628969,0.725551589465381));
#3582=CARTESIAN_POINT('Ctrl Pts',(31.9196457846642,-22.4825009590189,0.790088957009868));
#3583=CARTESIAN_POINT('Ctrl Pts',(30.3144150210098,-21.725230881791,0.854626324554354));
#3584=CARTESIAN_POINT('Ctrl Pts',(28.548354391662,-21.9016293933303,0.919163692098842));
#3585=CARTESIAN_POINT('Ctrl Pts',(27.1249971420024,-22.962153503604,0.983701059643329));
#3586=CARTESIAN_POINT('Ctrl Pts',(26.4505161271067,-24.6038815465447,1.04823842718782));
#3587=CARTESIAN_POINT('Ctrl Pts',(26.7172506211182,-26.3586829797753,1.1127757947323));
#3588=CARTESIAN_POINT('Ctrl Pts',(27.8491515237434,-27.7258393163391,1.17731316227679));
#3589=CARTESIAN_POINT('Ctrl Pts',(29.5232855862516,-28.3154652371223,1.24185052982128));
#3590=CARTESIAN_POINT('Ctrl Pts',(31.2621267602161,-27.9591783198914,1.30638789736577));
#3591=CARTESIAN_POINT('Ctrl Pts',(32.5695417186987,-26.7589526143491,1.37092526491025));
#3592=CARTESIAN_POINT('Ctrl Pts',(33.0727568158505,-25.0564991126771,1.43546263245474));
#3593=CARTESIAN_POINT('Ctrl Pts',(32.7759799092884,-23.9115532496435,1.47848754415106));
#3594=CARTESIAN_POINT('Ctrl Pts',(32.4907962002038,-23.4176005760181,1.49999999999923));
#3595=CARTESIAN_POINT('Ctrl Pts',(26.3950118668933,-23.8091974851894,-5.50000000000008));
#3596=CARTESIAN_POINT('Ctrl Pts',(26.3624508944455,-23.9211416748412,-5.50000000000008));
#3597=CARTESIAN_POINT('Ctrl Pts',(26.3355276928716,-24.0346953911126,-5.50000000003093));
#3598=CARTESIAN_POINT('Ctrl Pts',(26.3142659175658,-24.1494441931131,-5.50000000009198));
#3599=CARTESIAN_POINT('Ctrl Pts',(26.2930041422599,-24.2641929951137,-5.50000000015302));
#3600=CARTESIAN_POINT('Ctrl Pts',(26.2774038174705,-24.3801379403942,-5.50000000024436));
#3601=CARTESIAN_POINT('Ctrl Pts',(26.267550120199,-24.4968574842157,-5.50000000034901));
#3602=CARTESIAN_POINT('Ctrl Pts',(26.2580484427524,-24.6094072639134,-5.50000000044992));
#3603=CARTESIAN_POINT('Ctrl Pts',(26.2539364435946,-24.7221313496205,-5.50000000054774));
#3604=CARTESIAN_POINT('Ctrl Pts',(26.2551880362929,-24.8346400894536,-5.50000000065764));
#3605=CARTESIAN_POINT('Ctrl Pts',(26.2564375777455,-24.9469644377744,-5.50000000076736));
#3606=CARTESIAN_POINT('Ctrl Pts',(26.2630332199022,-25.0590750005923,-5.50000000088918));
#3607=CARTESIAN_POINT('Ctrl Pts',(26.2750007234319,-25.1705820504147,-5.50000000102467));
#3608=CARTESIAN_POINT('Ctrl Pts',(26.2867537030536,-25.2800902766692,-5.50000000115774));
#3609=CARTESIAN_POINT('Ctrl Pts',(26.3036878701683,-25.3890171783473,-5.50000000130402));
#3610=CARTESIAN_POINT('Ctrl Pts',(26.32587539618,-25.4969799033739,-5.50000000145133));
#3611=CARTESIAN_POINT('Ctrl Pts',(26.338756856473,-25.5596600577463,-5.50000000153685));
#3612=CARTESIAN_POINT('Ctrl Pts',(26.3534099129335,-25.6220149090723,-5.50000000162247));
#3613=CARTESIAN_POINT('Ctrl Pts',(26.3698559386984,-25.6839658757547,-5.50000000170354));
#3614=CARTESIAN_POINT('Ctrl Pts',(26.3830907911217,-25.7338205891817,-5.50000000176878));
#3615=CARTESIAN_POINT('Ctrl Pts',(26.397486936319,-25.7834136903789,-5.50000000183105));
#3616=CARTESIAN_POINT('Ctrl Pts',(26.4130301137904,-25.8327075736552,-5.50000000188712));
#3617=CARTESIAN_POINT('Ctrl Pts',(26.4462811402911,-25.9381604144373,-5.50000000200706));
#3618=CARTESIAN_POINT('Ctrl Pts',(26.4846203007976,-26.0417449232768,-5.50000000209704));
#3619=CARTESIAN_POINT('Ctrl Pts',(26.5278012242433,-26.1431415035176,-5.50000000217825));
#3620=CARTESIAN_POINT('Ctrl Pts',(26.5711606227472,-26.2449571753182,-5.5000000022598));
#3621=CARTESIAN_POINT('Ctrl Pts',(26.6194023739039,-26.3445675434156,-5.50000000233259));
#3622=CARTESIAN_POINT('Ctrl Pts',(26.672325162089,-26.4416271354744,-5.50000000240259));
#3623=CARTESIAN_POINT('Ctrl Pts',(26.7248014836198,-26.5378679144506,-5.500000002472));
#3624=CARTESIAN_POINT('Ctrl Pts',(26.781880731754,-26.6316014380244,-5.50000000253871));
#3625=CARTESIAN_POINT('Ctrl Pts',(26.8434061063957,-26.7224589565873,-5.5000000025923));
#3626=CARTESIAN_POINT('Ctrl Pts',(26.9049314810374,-26.8133164751503,-5.5000000026459));
#3627=CARTESIAN_POINT('Ctrl Pts',(26.9709034419728,-26.9012986932717,-5.50000000268646));
#3628=CARTESIAN_POINT('Ctrl Pts',(27.0411974671571,-26.9859944916374,-5.50000000268621));
#3629=CARTESIAN_POINT('Ctrl Pts',(27.1106146125107,-27.0696337558646,-5.50000000268596));
#3630=CARTESIAN_POINT('Ctrl Pts',(27.1839145674016,-27.1496680125253,-5.50000000264354));
#3631=CARTESIAN_POINT('Ctrl Pts',(27.2609071368581,-27.2257732806023,-5.50000000258744));
#3632=CARTESIAN_POINT('Ctrl Pts',(27.2694595644448,-27.2342271456803,-5.5000000025812));
#3633=CARTESIAN_POINT('Ctrl Pts',(27.2780575948303,-27.2426324955201,-5.50000000257478));
#3634=CARTESIAN_POINT('Ctrl Pts',(27.2867009961478,-27.2509888585019,-5.50000000256821));
#3635=CARTESIAN_POINT('Ctrl Pts',(27.3646740526546,-27.3263725111901,-5.50000000250886));
#3636=CARTESIAN_POINT('Ctrl Pts',(27.4463368923069,-27.3977731300245,-5.50000000243798));
#3637=CARTESIAN_POINT('Ctrl Pts',(27.5313337764064,-27.4650104765546,-5.50000000236475));
#3638=CARTESIAN_POINT('Ctrl Pts',(27.6159631303182,-27.5319570859022,-5.50000000229183));
#3639=CARTESIAN_POINT('Ctrl Pts',(27.7038985725784,-27.5947766884658,-5.50000000221666));
#3640=CARTESIAN_POINT('Ctrl Pts',(27.7948119800517,-27.6532457745182,-5.50000000212978));
#3641=CARTESIAN_POINT('Ctrl Pts',(27.8730342612841,-27.7035528240471,-5.50000000205502));
#3642=CARTESIAN_POINT('Ctrl Pts',(27.9534617688138,-27.7506386168007,-5.50000000197132));
#3643=CARTESIAN_POINT('Ctrl Pts',(28.0358924085686,-27.7943306379658,-5.50000000186095));
#3644=CARTESIAN_POINT('Ctrl Pts',(28.1304049769529,-27.8444266356495,-5.5000000017344));
#3645=CARTESIAN_POINT('Ctrl Pts',(28.2270947919122,-27.8898208609877,-5.50000000157108));
#3646=CARTESIAN_POINT('Ctrl Pts',(28.3256194445151,-27.9303491436453,-5.50000000140839));
#3647=CARTESIAN_POINT('Ctrl Pts',(28.423300907892,-27.9705305789873,-5.50000000124709));
#3648=CARTESIAN_POINT('Ctrl Pts',(28.522786741091,-28.0059292656098,-5.50000000108646));
#3649=CARTESIAN_POINT('Ctrl Pts',(28.6237604557491,-28.0363375875027,-5.50000000094394));
#3650=CARTESIAN_POINT('Ctrl Pts',(28.6914603156016,-28.0567254591133,-5.50000000084839));
#3651=CARTESIAN_POINT('Ctrl Pts',(28.7598293606582,-28.0748690283431,-5.50000000076058));
#3652=CARTESIAN_POINT('Ctrl Pts',(28.8287739238944,-28.0906926551596,-5.50000000068074));
#3653=CARTESIAN_POINT('Ctrl Pts',(28.9322912905081,-28.1144511663667,-5.50000000056087));
#3654=CARTESIAN_POINT('Ctrl Pts',(29.0371068846017,-28.1329818343326,-5.50000000046002));
#3655=CARTESIAN_POINT('Ctrl Pts',(29.1428198571112,-28.1462505184002,-5.50000000036082));
#3656=CARTESIAN_POINT('Ctrl Pts',(29.1727678137837,-28.1500094702688,-5.50000000033271));
#3657=CARTESIAN_POINT('Ctrl Pts',(29.2027877225313,-28.1533458037677,-5.5000000003046));
#3658=CARTESIAN_POINT('Ctrl Pts',(29.2328702632125,-28.1562580057152,-5.50000000027576));
#3659=CARTESIAN_POINT('Ctrl Pts',(29.3394795577883,-28.1665785367692,-5.50000000017354));
#3660=CARTESIAN_POINT('Ctrl Pts',(29.4464093338629,-28.1715312954984,-5.50000000008924));
#3661=CARTESIAN_POINT('Ctrl Pts',(29.5532385123389,-28.171156384186,-5.50000000004298));
#3662=CARTESIAN_POINT('Ctrl Pts',(29.6189037909859,-28.1709259353878,-5.50000000001455));
#3663=CARTESIAN_POINT('Ctrl Pts',(29.6845311622143,-28.1686815142054,-5.50000000000007));
#3664=CARTESIAN_POINT('Ctrl Pts',(29.7500220658595,-28.1644227036819,-5.50000000000007));
#3665=CARTESIAN_POINT('Ctrl Pts',(32.4907962002049,-23.4176005760175,1.49999999999993));
#3666=CARTESIAN_POINT('Ctrl Pts',(32.5491478505033,-23.504971511639,1.49999999999993));
#3667=CARTESIAN_POINT('Ctrl Pts',(32.602963595628,-23.5951962486999,1.49999999997456));
#3668=CARTESIAN_POINT('Ctrl Pts',(32.6521885837358,-23.6878657771594,1.49999999991355));
#3669=CARTESIAN_POINT('Ctrl Pts',(32.702682768795,-23.782924658822,1.49999999985097));
#3670=CARTESIAN_POINT('Ctrl Pts',(32.7483469383538,-23.880556698888,1.49999999975089));
#3671=CARTESIAN_POINT('Ctrl Pts',(32.7890784973032,-23.9803557988744,1.49999999962551));
#3672=CARTESIAN_POINT('Ctrl Pts',(32.8298100562525,-24.0801548988608,1.49999999950013));
#3673=CARTESIAN_POINT('Ctrl Pts',(32.8656093835666,-24.1821219197867,1.49999999934953));
#3674=CARTESIAN_POINT('Ctrl Pts',(32.8963244672211,-24.2858738572687,1.49999999920806));
#3675=CARTESIAN_POINT('Ctrl Pts',(32.9266651392209,-24.3883610762486,1.49999999906832));
#3676=CARTESIAN_POINT('Ctrl Pts',(32.9518979581607,-24.4920954404539,1.49999999894883));
#3677=CARTESIAN_POINT('Ctrl Pts',(32.9719717800514,-24.5966755626592,1.49999999882493));
#3678=CARTESIAN_POINT('Ctrl Pts',(32.992205243857,-24.7020873835339,1.49999999870005));
#3679=CARTESIAN_POINT('Ctrl Pts',(33.0071977056259,-24.8083592595763,1.49999999857077));
#3680=CARTESIAN_POINT('Ctrl Pts',(33.0168513932645,-24.9151065571825,1.49999999843327));
#3681=CARTESIAN_POINT('Ctrl Pts',(33.0210956003171,-24.9620376005634,1.49999999837281));
#3682=CARTESIAN_POINT('Ctrl Pts',(33.0243072611737,-25.0090608072548,1.49999999831104));
#3683=CARTESIAN_POINT('Ctrl Pts',(33.026475029807,-25.0561444768256,1.49999999824887));
#3684=CARTESIAN_POINT('Ctrl Pts',(33.0313892871199,-25.1628815445878,1.49999999810793));
#3685=CARTESIAN_POINT('Ctrl Pts',(33.030942404002,-25.2699292318054,1.49999999796368));
#3686=CARTESIAN_POINT('Ctrl Pts',(33.0252409549619,-25.376921543617,1.49999999784055));
#3687=CARTESIAN_POINT('Ctrl Pts',(33.0223132616424,-25.4318620814218,1.49999999777732));
#3688=CARTESIAN_POINT('Ctrl Pts',(33.0179991805453,-25.486788075657,1.49999999771996));
#3689=CARTESIAN_POINT('Ctrl Pts',(33.0123078182761,-25.5416497220679,1.49999999767366));
#3690=CARTESIAN_POINT('Ctrl Pts',(33.0010893053418,-25.6497901040628,1.4999999975824));
#3691=CARTESIAN_POINT('Ctrl Pts',(32.9845771199544,-25.7571552662181,1.49999999753075));
#3692=CARTESIAN_POINT('Ctrl Pts',(32.9629572994746,-25.8633647001941,1.49999999749186));
#3693=CARTESIAN_POINT('Ctrl Pts',(32.9411699169717,-25.9703972986198,1.49999999745266));
#3694=CARTESIAN_POINT('Ctrl Pts',(32.9141953348302,-26.0762570301354,1.49999999742649));
#3695=CARTESIAN_POINT('Ctrl Pts',(32.8821704151265,-26.1805614536612,1.499999997405));
#3696=CARTESIAN_POINT('Ctrl Pts',(32.8502862712517,-26.2844073735647,1.49999999738359));
#3697=CARTESIAN_POINT('Ctrl Pts',(32.8133959156403,-26.3867124844116,1.49999999736691));
#3698=CARTESIAN_POINT('Ctrl Pts',(32.771583686601,-26.4870934988453,1.49999999736434));
#3699=CARTESIAN_POINT('Ctrl Pts',(32.7303712020401,-26.5860346723392,1.49999999736181));
#3700=CARTESIAN_POINT('Ctrl Pts',(32.6843767949745,-26.6831073406109,1.4999999973731));
#3701=CARTESIAN_POINT('Ctrl Pts',(32.6336349956158,-26.7779266234686,1.49999999742281));
#3702=CARTESIAN_POINT('Ctrl Pts',(32.6307661462961,-26.7832875337745,1.49999999742562));
#3703=CARTESIAN_POINT('Ctrl Pts',(32.6278828684998,-26.7886398163648,1.49999999742855));
#3704=CARTESIAN_POINT('Ctrl Pts',(32.6249851891881,-26.7939834090678,1.49999999743159));
#3705=CARTESIAN_POINT('Ctrl Pts',(32.5726642957962,-26.8904680486965,1.49999999748654));
#3706=CARTESIAN_POINT('Ctrl Pts',(32.5156527769927,-26.9841204166832,1.49999999757705));
#3707=CARTESIAN_POINT('Ctrl Pts',(32.4543154580678,-27.0747199965609,1.49999999767658));
#3708=CARTESIAN_POINT('Ctrl Pts',(32.3923900217898,-27.1661882675722,1.49999999777706));
#3709=CARTESIAN_POINT('Ctrl Pts',(32.3260549793478,-27.2545455684192,1.49999999788679));
#3710=CARTESIAN_POINT('Ctrl Pts',(32.2556332181615,-27.3395489940249,1.49999999799505));
#3711=CARTESIAN_POINT('Ctrl Pts',(32.1847539312525,-27.4251046815036,1.499999998104));
#3712=CARTESIAN_POINT('Ctrl Pts',(32.1097341505515,-27.5072634511896,1.49999999821153));
#3713=CARTESIAN_POINT('Ctrl Pts',(32.0308573954539,-27.5857515546984,1.49999999832251));
#3714=CARTESIAN_POINT('Ctrl Pts',(31.9552317541563,-27.6610045637089,1.49999999842892));
#3715=CARTESIAN_POINT('Ctrl Pts',(31.8760598255612,-27.7328836275277,1.49999999853866));
#3716=CARTESIAN_POINT('Ctrl Pts',(31.7935589846737,-27.8011163621491,1.4999999986688));
#3717=CARTESIAN_POINT('Ctrl Pts',(31.7061442342931,-27.8734131702853,1.49999999880669));
#3718=CARTESIAN_POINT('Ctrl Pts',(31.6154145854466,-27.9412668872154,1.49999999896467));
#3719=CARTESIAN_POINT('Ctrl Pts',(31.5217055387866,-28.0044308238555,1.49999999911363));
#3720=CARTESIAN_POINT('Ctrl Pts',(31.4630279436662,-28.0439820521785,1.4999999992069));
#3721=CARTESIAN_POINT('Ctrl Pts',(31.4031812041155,-28.0816940182748,1.49999999929696));
#3722=CARTESIAN_POINT('Ctrl Pts',(31.3422392527273,-28.1175001079144,1.4999999993797));
#3723=CARTESIAN_POINT('Ctrl Pts',(31.2456750852682,-28.1742358237431,1.4999999995108));
#3724=CARTESIAN_POINT('Ctrl Pts',(31.1463626002121,-28.2261887717344,1.49999999962289));
#3725=CARTESIAN_POINT('Ctrl Pts',(31.0446944939321,-28.2733085124548,1.49999999971089));
#3726=CARTESIAN_POINT('Ctrl Pts',(30.9421163451111,-28.3208500272216,1.49999999979968));
#3727=CARTESIAN_POINT('Ctrl Pts',(30.8371394675948,-28.3634717692068,1.49999999986401));
#3728=CARTESIAN_POINT('Ctrl Pts',(30.7301411109675,-28.401076182727,1.49999999991196));
#3729=CARTESIAN_POINT('Ctrl Pts',(30.6874499402078,-28.4160799312845,1.49999999993109));
#3730=CARTESIAN_POINT('Ctrl Pts',(30.6444367389271,-28.4302844240785,1.49999999994776));
#3731=CARTESIAN_POINT('Ctrl Pts',(30.6011247407867,-28.4436812646782,1.49999999996304));
#3732=CARTESIAN_POINT('Ctrl Pts',(30.5332864080417,-28.4646643494896,1.49999999998696));
#3733=CARTESIAN_POINT('Ctrl Pts',(30.4649222572866,-28.4836025077119,1.49999999999993));
#3734=CARTESIAN_POINT('Ctrl Pts',(30.3961276225466,-28.5004946240723,1.49999999999993));
#3735=CARTESIAN_POINT('Origin',(13.0833333333332,0.,-5.50000000000008));
#3736=CARTESIAN_POINT('',(13.0833333333332,0.,-5.50000000000008));
#3737=CARTESIAN_POINT('',(13.0833333333332,-6.36610018750175,-5.50000000000008));
#3738=CARTESIAN_POINT('',(13.0833333333332,0.,-5.50000000000008));
#3739=CARTESIAN_POINT('',(46.4166666666665,0.,-5.50000000000007));
#3740=CARTESIAN_POINT('',(46.4166666666665,0.,-5.50000000000007));
#3741=CARTESIAN_POINT('',(46.4166666666665,-6.36610018750174,-5.50000000000008));
#3742=CARTESIAN_POINT('',(46.4166666666665,0.,-5.50000000000007));
#3743=CARTESIAN_POINT('',(53.4166666666665,-16.9446360176036,-5.50000000000008));
#3744=CARTESIAN_POINT('Origin',(29.7499999999998,-25.,-5.50000000000008));
#3745=CARTESIAN_POINT('',(53.4166666666665,-31.,-5.50000000000008));
#3746=CARTESIAN_POINT('',(53.4166666666665,-12.5,-5.50000000000008));
#3747=CARTESIAN_POINT('',(6.08333333333317,-31.,-5.50000000000008));
#3748=CARTESIAN_POINT('',(29.7499999999998,-31.,-5.50000000000008));
#3749=CARTESIAN_POINT('',(6.08333333333317,-16.9446360176036,-5.50000000000008));
#3750=CARTESIAN_POINT('',(6.08333333333317,-12.5,-5.50000000000008));
#3751=CARTESIAN_POINT('Origin',(29.7499999999998,-25.,-5.50000000000008));
#3752=CARTESIAN_POINT('Origin',(29.7499999999998,-25.,-5.50000000000008));
#3753=CARTESIAN_POINT('',(46.4166666666665,-6.36610018750174,-21.0000000000001));
#3754=CARTESIAN_POINT('',(46.4166666666665,-6.36610018750174,-5.50000000000008));
#3755=CARTESIAN_POINT('',(53.4166666666665,-16.9446360176036,-21.0000000000001));
#3756=CARTESIAN_POINT('Origin',(29.7499999999998,-25.,-21.0000000000001));
#3757=CARTESIAN_POINT('',(53.4166666666665,-16.9446360176036,-5.50000000000008));
#3758=CARTESIAN_POINT('Origin',(29.7499999999998,-25.,-5.50000000000008));
#3759=CARTESIAN_POINT('',(6.08333333333316,-16.9446360176036,-21.0000000000001));
#3760=CARTESIAN_POINT('',(6.08333333333317,-16.9446360176036,-5.50000000000008));
#3761=CARTESIAN_POINT('',(13.0833333333332,-6.36610018750176,-21.0000000000001));
#3762=CARTESIAN_POINT('Origin',(29.7499999999998,-25.,-21.0000000000001));
#3763=CARTESIAN_POINT('',(13.0833333333332,-6.36610018750175,-5.50000000000008));
#3764=CARTESIAN_POINT('Origin',(6.08333333333317,0.,1.49999999999993));
#3765=CARTESIAN_POINT('',(6.08333333333316,-31.,-21.0000000000001));
#3766=CARTESIAN_POINT('',(6.08333333333316,-12.5,-21.0000000000001));
#3767=CARTESIAN_POINT('',(6.08333333333317,-31.,1.49999999999993));
#3768=CARTESIAN_POINT('',(6.08333333333317,-31.,1.49999999999993));
#3769=CARTESIAN_POINT('',(6.08333333333317,0.,1.49999999999993));
#3770=CARTESIAN_POINT('',(6.08333333333317,0.,1.49999999999993));
#3771=CARTESIAN_POINT('',(6.08333333333316,0.,-28.0000000000001));
#3772=CARTESIAN_POINT('',(6.08333333333317,0.,1.49999999999993));
#3773=CARTESIAN_POINT('',(6.08333333333316,-31.,-28.0000000000001));
#3774=CARTESIAN_POINT('',(6.08333333333316,0.,-28.0000000000001));
#3775=CARTESIAN_POINT('',(6.08333333333317,-31.,1.49999999999993));
#3776=CARTESIAN_POINT('Origin',(46.4166666666665,0.,-21.0000000000001));
#3777=CARTESIAN_POINT('',(13.0833333333332,0.,-21.0000000000001));
#3778=CARTESIAN_POINT('',(46.4166666666665,0.,-21.0000000000001));
#3779=CARTESIAN_POINT('',(13.0833333333332,0.,-21.0000000000001));
#3780=CARTESIAN_POINT('',(13.0833333333332,0.,-21.0000000000001));
#3781=CARTESIAN_POINT('',(53.4166666666665,-31.,-21.0000000000001));
#3782=CARTESIAN_POINT('',(29.7499999999998,-31.,-21.0000000000001));
#3783=CARTESIAN_POINT('',(53.4166666666665,-12.5,-21.0000000000001));
#3784=CARTESIAN_POINT('',(46.4166666666665,0.,-21.0000000000001));
#3785=CARTESIAN_POINT('Origin',(46.4166666666665,0.,-5.50000000000007));
#3786=CARTESIAN_POINT('',(46.4166666666665,0.,-21.0000000000001));
#3787=CARTESIAN_POINT('Origin',(29.7499999999998,-31.,-13.2500000000001));
#3788=CARTESIAN_POINT('',(53.4166666666665,-31.,1.49999999999993));
#3789=CARTESIAN_POINT('',(53.4166666666665,-31.,-28.0000000000001));
#3790=CARTESIAN_POINT('',(53.4166666666665,-31.,1.49999999999993));
#3791=CARTESIAN_POINT('Origin',(13.0833333333332,0.,-21.0000000000001));
#3792=CARTESIAN_POINT('',(13.0833333333332,0.,-5.50000000000008));
#3793=CARTESIAN_POINT('Origin',(53.4166666666665,0.,1.49999999999993));
#3794=CARTESIAN_POINT('',(53.4166666666665,0.,1.49999999999993));
#3795=CARTESIAN_POINT('',(53.4166666666665,0.,1.49999999999993));
#3796=CARTESIAN_POINT('',(53.4166666666665,0.,1.49999999999993));
#3797=CARTESIAN_POINT('Origin',(53.4166666666665,0.,-28.0000000000001));
#3798=CARTESIAN_POINT('',(53.4166666666665,-31.,-28.0000000000001));
#3799=CARTESIAN_POINT('',(53.4166666666665,-31.,-28.0000000000001));
#3800=CARTESIAN_POINT('',(53.4166666666665,0.,-28.0000000000001));
#3801=CARTESIAN_POINT('',(53.4166666666665,0.,-28.0000000000001));
#3802=CARTESIAN_POINT('',(53.4166666666665,0.,-28.0000000000001));
#3803=CARTESIAN_POINT('Origin',(6.08333333333316,0.,-28.0000000000001));
#3804=CARTESIAN_POINT('',(6.08333333333316,0.,-28.0000000000001));
#3805=CARTESIAN_POINT('',(6.08333333333316,-31.,-28.0000000000001));
#3806=CARTESIAN_POINT('Origin',(29.7499999999998,0.,-13.2500000000001));
#3807=CARTESIAN_POINT('Origin',(29.7499999999998,-31.,-13.2500000000001));
#3808=UNCERTAINTY_MEASURE_WITH_UNIT(LENGTH_MEASURE(0.01),#3812,
'DISTANCE_ACCURACY_VALUE',
'Maximum model space distance between geometric entities at asserted c
onnectivities');
#3809=UNCERTAINTY_MEASURE_WITH_UNIT(LENGTH_MEASURE(0.01),#3812,
'DISTANCE_ACCURACY_VALUE',
'Maximum model space distance between geometric entities at asserted c
onnectivities');
#3810=(
GEOMETRIC_REPRESENTATION_CONTEXT(3)
GLOBAL_UNCERTAINTY_ASSIGNED_CONTEXT((#3808))
GLOBAL_UNIT_ASSIGNED_CONTEXT((#3812,#3814,#3815))
REPRESENTATION_CONTEXT('','3D')
);
#3811=(
GEOMETRIC_REPRESENTATION_CONTEXT(3)
GLOBAL_UNCERTAINTY_ASSIGNED_CONTEXT((#3809))
GLOBAL_UNIT_ASSIGNED_CONTEXT((#3812,#3814,#3815))
REPRESENTATION_CONTEXT('','3D')
);
#3812=(
LENGTH_UNIT()
NAMED_UNIT(*)
SI_UNIT(.MILLI.,.METRE.)
);
#3813=(
LENGTH_UNIT()
NAMED_UNIT(*)
SI_UNIT($,.METRE.)
);
#3814=(
NAMED_UNIT(*)
PLANE_ANGLE_UNIT()
SI_UNIT($,.RADIAN.)
);
#3815=(
NAMED_UNIT(*)
SI_UNIT($,.STERADIAN.)
SOLID_ANGLE_UNIT()
);
#3816=SHAPE_DEFINITION_REPRESENTATION(#3817,#3818);
#3817=PRODUCT_DEFINITION_SHAPE('',$,#3820);
#3818=SHAPE_REPRESENTATION('',(#1200),#3810);
#3819=PRODUCT_DEFINITION_CONTEXT('part definition',#3824,'design');
#3820=PRODUCT_DEFINITION('boite_bilou','boite_bilou v2',#3821,#3819);
#3821=PRODUCT_DEFINITION_FORMATION('',$,#3826);
#3822=PRODUCT_RELATED_PRODUCT_CATEGORY('boite_bilou v2',
'boite_bilou v2',(#3826));
#3823=APPLICATION_PROTOCOL_DEFINITION('international standard',
'automotive_design',2009,#3824);
#3824=APPLICATION_CONTEXT(
'Core Data for Automotive Mechanical Design Process');
#3825=PRODUCT_CONTEXT('part definition',#3824,'mechanical');
#3826=PRODUCT('boite_bilou','boite_bilou v2',$,(#3825));
#3827=PRESENTATION_STYLE_ASSIGNMENT((#3828));
#3828=SURFACE_STYLE_USAGE(.BOTH.,#3829);
#3829=SURFACE_SIDE_STYLE('',(#3830));
#3830=SURFACE_STYLE_FILL_AREA(#3831);
#3831=FILL_AREA_STYLE('Acier - Satin\X\E9',(#3832));
#3832=FILL_AREA_STYLE_COLOUR('Acier - Satin\X\E9',#3833);
#3833=COLOUR_RGB('Acier - Satin\X\E9',0.627450980392157,0.627450980392157,
0.627450980392157);
ENDSEC;
END-ISO-10303-21;
