ISO-10303-21;
HEADER;
/* Generated by software containing ST-Developer
 * from STEP Tools, Inc. (www.steptools.com) 
 */

FILE_DESCRIPTION(
/* description */ (''),
/* implementation_level */ '2;1');

FILE_NAME(
/* name */ 'boite_alim_4x18650.step',
/* time_stamp */ '2026-02-13T12:22:40+01:00',
/* author */ (''),
/* organization */ (''),
/* preprocessor_version */ 'ST-DEVELOPER v20.1',
/* originating_system */ 'Autodesk Translation Framework v14.21.0.0',
/* authorisation */ '');

FILE_SCHEMA (('AUTOMOTIVE_DESIGN { 1 0 10303 214 3 1 1 }'));
ENDSEC;

DATA;
#10=MECHANICAL_DESIGN_GEOMETRIC_PRESENTATION_REPRESENTATION('',(#17),#3733);
#11=ITEM_DEFINED_TRANSFORMATION($,$,#2033,#2302);
#12=(
REPRESENTATION_RELATIONSHIP($,$,#3744,#3743)
REPRESENTATION_RELATIONSHIP_WITH_TRANSFORMATION(#11)
SHAPE_REPRESENTATION_RELATIONSHIP()
);
#13=CONTEXT_DEPENDENT_SHAPE_REPRESENTATION(#12,#3742);
#14=NEXT_ASSEMBLY_USAGE_OCCURRENCE('boite:1','boite:1','boite:1',#3746,
#3747,'boite:1');
#15=SHAPE_REPRESENTATION_RELATIONSHIP('SRR','None',#3744,#16);
#16=ADVANCED_BREP_SHAPE_REPRESENTATION('',(#18),#3732);
#17=STYLED_ITEM('',(#3757),#18);
#18=MANIFOLD_SOLID_BREP('Corps1',#2019);
#19=ELLIPSE('',#2127,0.707106781186544,0.5);
#20=ELLIPSE('',#2128,0.707106781186554,0.5);
#21=ELLIPSE('',#2130,0.707106781186548,0.5);
#22=ELLIPSE('',#2131,0.707106781186548,0.5);
#23=ELLIPSE('',#2133,0.707106781186548,0.5);
#24=ELLIPSE('',#2135,0.707106781186545,0.5);
#25=ELLIPSE('',#2136,0.707106781186548,0.5);
#26=ELLIPSE('',#2138,0.707106781186548,0.5);
#27=ELLIPSE('',#2141,0.707106781186548,0.5);
#28=ELLIPSE('',#2143,0.707106781186548,0.5);
#29=ELLIPSE('',#2146,0.707106781186548,0.5);
#30=ELLIPSE('',#2148,0.707106781186548,0.5);
#31=FACE_BOUND('',#534,.T.);
#32=FACE_BOUND('',#570,.T.);
#33=FACE_BOUND('',#576,.T.);
#34=FACE_BOUND('',#577,.T.);
#35=FACE_BOUND('',#578,.T.);
#36=FACE_BOUND('',#579,.T.);
#37=FACE_BOUND('',#580,.T.);
#38=FACE_BOUND('',#581,.T.);
#39=FACE_BOUND('',#582,.T.);
#40=FACE_BOUND('',#583,.T.);
#41=FACE_BOUND('',#601,.T.);
#42=FACE_BOUND('',#602,.T.);
#43=FACE_BOUND('',#603,.T.);
#44=FACE_BOUND('',#604,.T.);
#45=FACE_BOUND('',#605,.T.);
#46=FACE_BOUND('',#606,.T.);
#47=FACE_BOUND('',#607,.T.);
#48=FACE_BOUND('',#608,.T.);
#49=FACE_BOUND('',#619,.T.);
#50=FACE_BOUND('',#624,.T.);
#51=FACE_BOUND('',#628,.T.);
#52=FACE_BOUND('',#635,.T.);
#53=PLANE('',#2082);
#54=PLANE('',#2085);
#55=PLANE('',#2090);
#56=PLANE('',#2091);
#57=PLANE('',#2098);
#58=PLANE('',#2099);
#59=PLANE('',#2102);
#60=PLANE('',#2125);
#61=PLANE('',#2150);
#62=PLANE('',#2151);
#63=PLANE('',#2152);
#64=PLANE('',#2153);
#65=PLANE('',#2154);
#66=PLANE('',#2155);
#67=PLANE('',#2157);
#68=PLANE('',#2170);
#69=PLANE('',#2233);
#70=PLANE('',#2260);
#71=PLANE('',#2265);
#72=PLANE('',#2266);
#73=PLANE('',#2267);
#74=PLANE('',#2269);
#75=PLANE('',#2273);
#76=PLANE('',#2276);
#77=PLANE('',#2280);
#78=PLANE('',#2281);
#79=PLANE('',#2282);
#80=PLANE('',#2284);
#81=PLANE('',#2288);
#82=PLANE('',#2294);
#83=PLANE('',#2297);
#84=PLANE('',#2298);
#85=PLANE('',#2299);
#86=PLANE('',#2301);
#87=CYLINDRICAL_SURFACE('',#2048,0.5);
#88=CYLINDRICAL_SURFACE('',#2054,0.5);
#89=CYLINDRICAL_SURFACE('',#2060,0.5);
#90=CYLINDRICAL_SURFACE('',#2065,0.5);
#91=CYLINDRICAL_SURFACE('',#2068,0.5);
#92=CYLINDRICAL_SURFACE('',#2071,0.5);
#93=CYLINDRICAL_SURFACE('',#2074,0.5);
#94=CYLINDRICAL_SURFACE('',#2079,4.);
#95=CYLINDRICAL_SURFACE('',#2081,4.);
#96=CYLINDRICAL_SURFACE('',#2083,4.);
#97=CYLINDRICAL_SURFACE('',#2087,4.00000000000001);
#98=CYLINDRICAL_SURFACE('',#2089,3.99999999999999);
#99=CYLINDRICAL_SURFACE('',#2103,0.5);
#100=CYLINDRICAL_SURFACE('',#2109,0.5);
#101=CYLINDRICAL_SURFACE('',#2114,0.5);
#102=CYLINDRICAL_SURFACE('',#2120,0.5);
#103=CYLINDRICAL_SURFACE('',#2124,3.99999999999999);
#104=CYLINDRICAL_SURFACE('',#2126,0.5);
#105=CYLINDRICAL_SURFACE('',#2129,0.5);
#106=CYLINDRICAL_SURFACE('',#2132,0.5);
#107=CYLINDRICAL_SURFACE('',#2134,0.5);
#108=CYLINDRICAL_SURFACE('',#2137,0.5);
#109=CYLINDRICAL_SURFACE('',#2139,0.5);
#110=CYLINDRICAL_SURFACE('',#2140,0.5);
#111=CYLINDRICAL_SURFACE('',#2142,0.5);
#112=CYLINDRICAL_SURFACE('',#2144,0.5);
#113=CYLINDRICAL_SURFACE('',#2145,0.5);
#114=CYLINDRICAL_SURFACE('',#2147,0.5);
#115=CYLINDRICAL_SURFACE('',#2149,0.5);
#116=CYLINDRICAL_SURFACE('',#2162,4.75);
#117=CYLINDRICAL_SURFACE('',#2178,4.75);
#118=CYLINDRICAL_SURFACE('',#2185,1.5);
#119=CYLINDRICAL_SURFACE('',#2192,1.5);
#120=CYLINDRICAL_SURFACE('',#2199,4.75);
#121=CYLINDRICAL_SURFACE('',#2206,4.75);
#122=CYLINDRICAL_SURFACE('',#2213,4.75);
#123=CYLINDRICAL_SURFACE('',#2220,1.5);
#124=CYLINDRICAL_SURFACE('',#2227,1.5);
#125=CYLINDRICAL_SURFACE('',#2257,0.750000000000002);
#126=CYLINDRICAL_SURFACE('',#2262,0.750000000000002);
#127=CYLINDRICAL_SURFACE('',#2270,0.750000000000002);
#128=CYLINDRICAL_SURFACE('',#2275,2.00000000000001);
#129=CYLINDRICAL_SURFACE('',#2277,0.750000000000002);
#130=CYLINDRICAL_SURFACE('',#2285,1.7);
#131=CYLINDRICAL_SURFACE('',#2286,1.7);
#132=CYLINDRICAL_SURFACE('',#2289,2.);
#133=CYLINDRICAL_SURFACE('',#2291,2.);
#134=CYLINDRICAL_SURFACE('',#2295,1.99999999999999);
#135=CYLINDRICAL_SURFACE('',#2296,2.00000000000001);
#136=CYLINDRICAL_SURFACE('',#2300,1.99999999999999);
#137=LINE('',#3030,#267);
#138=LINE('',#3150,#268);
#139=LINE('',#3151,#269);
#140=LINE('',#3162,#270);
#141=LINE('',#3163,#271);
#142=LINE('',#3174,#272);
#143=LINE('',#3175,#273);
#144=LINE('',#3196,#274);
#145=LINE('',#3200,#275);
#146=LINE('',#3205,#276);
#147=LINE('',#3207,#277);
#148=LINE('',#3212,#278);
#149=LINE('',#3215,#279);
#150=LINE('',#3238,#280);
#151=LINE('',#3239,#281);
#152=LINE('',#3245,#282);
#153=LINE('',#3248,#283);
#154=LINE('',#3250,#284);
#155=LINE('',#3253,#285);
#156=LINE('',#3254,#286);
#157=LINE('',#3257,#287);
#158=LINE('',#3261,#288);
#159=LINE('',#3262,#289);
#160=LINE('',#3267,#290);
#161=LINE('',#3270,#291);
#162=LINE('',#3273,#292);
#163=LINE('',#3274,#293);
#164=LINE('',#3277,#294);
#165=LINE('',#3281,#295);
#166=LINE('',#3285,#296);
#167=LINE('',#3289,#297);
#168=LINE('',#3293,#298);
#169=LINE('',#3297,#299);
#170=LINE('',#3300,#300);
#171=LINE('',#3303,#301);
#172=LINE('',#3304,#302);
#173=LINE('',#3307,#303);
#174=LINE('',#3311,#304);
#175=LINE('',#3315,#305);
#176=LINE('',#3316,#306);
#177=LINE('',#3321,#307);
#178=LINE('',#3330,#308);
#179=LINE('',#3339,#309);
#180=LINE('',#3340,#310);
#181=LINE('',#3349,#311);
#182=LINE('',#3353,#312);
#183=LINE('',#3358,#313);
#184=LINE('',#3362,#314);
#185=LINE('',#3367,#315);
#186=LINE('',#3371,#316);
#187=LINE('',#3375,#317);
#188=LINE('',#3378,#318);
#189=LINE('',#3382,#319);
#190=LINE('',#3386,#320);
#191=LINE('',#3390,#321);
#192=LINE('',#3393,#322);
#193=LINE('',#3395,#323);
#194=LINE('',#3396,#324);
#195=LINE('',#3399,#325);
#196=LINE('',#3401,#326);
#197=LINE('',#3405,#327);
#198=LINE('',#3407,#328);
#199=LINE('',#3410,#329);
#200=LINE('',#3411,#330);
#201=LINE('',#3414,#331);
#202=LINE('',#3416,#332);
#203=LINE('',#3420,#333);
#204=LINE('',#3422,#334);
#205=LINE('',#3425,#335);
#206=LINE('',#3426,#336);
#207=LINE('',#3429,#337);
#208=LINE('',#3431,#338);
#209=LINE('',#3432,#339);
#210=LINE('',#3435,#340);
#211=LINE('',#3436,#341);
#212=LINE('',#3439,#342);
#213=LINE('',#3441,#343);
#214=LINE('',#3442,#344);
#215=LINE('',#3444,#345);
#216=LINE('',#3445,#346);
#217=LINE('',#3448,#347);
#218=LINE('',#3449,#348);
#219=LINE('',#3452,#349);
#220=LINE('',#3453,#350);
#221=LINE('',#3456,#351);
#222=LINE('',#3458,#352);
#223=LINE('',#3459,#353);
#224=LINE('',#3460,#354);
#225=LINE('',#3462,#355);
#226=LINE('',#3464,#356);
#227=LINE('',#3466,#357);
#228=LINE('',#3468,#358);
#229=LINE('',#3469,#359);
#230=LINE('',#3471,#360);
#231=LINE('',#3472,#361);
#232=LINE('',#3484,#362);
#233=LINE('',#3498,#363);
#234=LINE('',#3499,#364);
#235=LINE('',#3501,#365);
#236=LINE('',#3503,#366);
#237=LINE('',#3504,#367);
#238=LINE('',#3523,#368);
#239=LINE('',#3535,#369);
#240=LINE('',#3547,#370);
#241=LINE('',#3559,#371);
#242=LINE('',#3571,#372);
#243=LINE('',#3583,#373);
#244=LINE('',#3595,#374);
#245=LINE('',#3607,#375);
#246=LINE('',#3648,#376);
#247=LINE('',#3656,#377);
#248=LINE('',#3660,#378);
#249=LINE('',#3662,#379);
#250=LINE('',#3663,#380);
#251=LINE('',#3665,#381);
#252=LINE('',#3669,#382);
#253=LINE('',#3675,#383);
#254=LINE('',#3685,#384);
#255=LINE('',#3689,#385);
#256=LINE('',#3691,#386);
#257=LINE('',#3692,#387);
#258=LINE('',#3694,#388);
#259=LINE('',#3698,#389);
#260=LINE('',#3704,#390);
#261=LINE('',#3706,#391);
#262=LINE('',#3714,#392);
#263=LINE('',#3716,#393);
#264=LINE('',#3718,#394);
#265=LINE('',#3720,#395);
#266=LINE('',#3722,#396);
#267=VECTOR('',#2315,10.);
#268=VECTOR('',#2340,10.);
#269=VECTOR('',#2341,10.);
#270=VECTOR('',#2354,10.);
#271=VECTOR('',#2355,10.);
#272=VECTOR('',#2368,10.);
#273=VECTOR('',#2369,10.);
#274=VECTOR('',#2378,10.);
#275=VECTOR('',#2381,10.);
#276=VECTOR('',#2386,10.);
#277=VECTOR('',#2389,10.);
#278=VECTOR('',#2394,10.);
#279=VECTOR('',#2397,10.);
#280=VECTOR('',#2404,10.);
#281=VECTOR('',#2405,10.);
#282=VECTOR('',#2414,10.);
#283=VECTOR('',#2417,10.);
#284=VECTOR('',#2420,10.);
#285=VECTOR('',#2423,10.);
#286=VECTOR('',#2424,10.);
#287=VECTOR('',#2427,10.);
#288=VECTOR('',#2432,10.);
#289=VECTOR('',#2433,10.);
#290=VECTOR('',#2438,10.);
#291=VECTOR('',#2443,10.);
#292=VECTOR('',#2446,10.);
#293=VECTOR('',#2447,10.);
#294=VECTOR('',#2450,10.);
#295=VECTOR('',#2453,10.);
#296=VECTOR('',#2456,10.);
#297=VECTOR('',#2459,10.);
#298=VECTOR('',#2462,10.);
#299=VECTOR('',#2465,10.);
#300=VECTOR('',#2468,10.);
#301=VECTOR('',#2471,10.);
#302=VECTOR('',#2472,10.);
#303=VECTOR('',#2475,10.);
#304=VECTOR('',#2478,10.);
#305=VECTOR('',#2483,10.);
#306=VECTOR('',#2484,10.);
#307=VECTOR('',#2489,10.);
#308=VECTOR('',#2502,10.);
#309=VECTOR('',#2513,10.);
#310=VECTOR('',#2514,10.);
#311=VECTOR('',#2527,10.);
#312=VECTOR('',#2534,10.);
#313=VECTOR('',#2539,10.);
#314=VECTOR('',#2542,10.);
#315=VECTOR('',#2547,10.);
#316=VECTOR('',#2550,10.);
#317=VECTOR('',#2555,10.);
#318=VECTOR('',#2558,10.);
#319=VECTOR('',#2561,10.);
#320=VECTOR('',#2564,10.);
#321=VECTOR('',#2569,10.);
#322=VECTOR('',#2572,10.);
#323=VECTOR('',#2575,10.);
#324=VECTOR('',#2576,10.);
#325=VECTOR('',#2579,10.);
#326=VECTOR('',#2580,10.);
#327=VECTOR('',#2585,10.);
#328=VECTOR('',#2586,10.);
#329=VECTOR('',#2591,10.);
#330=VECTOR('',#2592,10.);
#331=VECTOR('',#2595,10.);
#332=VECTOR('',#2596,10.);
#333=VECTOR('',#2601,10.);
#334=VECTOR('',#2602,10.);
#335=VECTOR('',#2607,10.);
#336=VECTOR('',#2608,10.);
#337=VECTOR('',#2611,10.);
#338=VECTOR('',#2612,10.);
#339=VECTOR('',#2613,10.);
#340=VECTOR('',#2616,10.);
#341=VECTOR('',#2617,10.);
#342=VECTOR('',#2620,10.);
#343=VECTOR('',#2621,10.);
#344=VECTOR('',#2622,10.);
#345=VECTOR('',#2623,10.);
#346=VECTOR('',#2624,10.);
#347=VECTOR('',#2627,10.);
#348=VECTOR('',#2628,10.);
#349=VECTOR('',#2631,10.);
#350=VECTOR('',#2632,10.);
#351=VECTOR('',#2635,10.);
#352=VECTOR('',#2636,10.);
#353=VECTOR('',#2637,10.);
#354=VECTOR('',#2638,10.);
#355=VECTOR('',#2639,10.);
#356=VECTOR('',#2640,10.);
#357=VECTOR('',#2641,10.);
#358=VECTOR('',#2642,10.);
#359=VECTOR('',#2643,10.);
#360=VECTOR('',#2644,10.);
#361=VECTOR('',#2645,10.);
#362=VECTOR('',#2660,4.75);
#363=VECTOR('',#2677,10.);
#364=VECTOR('',#2678,10.);
#365=VECTOR('',#2679,10.);
#366=VECTOR('',#2680,10.);
#367=VECTOR('',#2681,10.);
#368=VECTOR('',#2700,4.75);
#369=VECTOR('',#2715,1.5);
#370=VECTOR('',#2730,1.5);
#371=VECTOR('',#2745,4.75);
#372=VECTOR('',#2760,4.75);
#373=VECTOR('',#2775,4.75);
#374=VECTOR('',#2790,1.5);
#375=VECTOR('',#2805,1.5);
#376=VECTOR('',#2866,0.750000000000002);
#377=VECTOR('',#2877,0.750000000000002);
#378=VECTOR('',#2882,10.);
#379=VECTOR('',#2883,10.);
#380=VECTOR('',#2884,10.);
#381=VECTOR('',#2887,10.);
#382=VECTOR('',#2892,10.);
#383=VECTOR('',#2899,0.750000000000002);
#384=VECTOR('',#2914,0.750000000000002);
#385=VECTOR('',#2919,10.);
#386=VECTOR('',#2920,10.);
#387=VECTOR('',#2921,10.);
#388=VECTOR('',#2924,10.);
#389=VECTOR('',#2929,10.);
#390=VECTOR('',#2938,10.);
#391=VECTOR('',#2941,10.);
#392=VECTOR('',#2952,10.);
#393=VECTOR('',#2955,10.);
#394=VECTOR('',#2958,10.);
#395=VECTOR('',#2961,10.);
#396=VECTOR('',#2964,10.);
#397=B_SPLINE_SURFACE_WITH_KNOTS('',3,3,((#3001,#3002,#3003,#3004),(#3005,
#3006,#3007,#3008),(#3009,#3010,#3011,#3012),(#3013,#3014,#3015,#3016),
(#3017,#3018,#3019,#3020),(#3021,#3022,#3023,#3024),(#3025,#3026,#3027,
#3028)),.UNSPECIFIED.,.F.,.F.,.F.,(4,1,1,1,4),(4,4),(0.,0.285714285714286,
0.571428571428571,0.785714285714286,1.),(0.2,0.529999999999156),
 .UNSPECIFIED.);
#398=FACE_OUTER_BOUND('',#513,.T.);
#399=FACE_OUTER_BOUND('',#514,.T.);
#400=FACE_OUTER_BOUND('',#515,.T.);
#401=FACE_OUTER_BOUND('',#516,.T.);
#402=FACE_OUTER_BOUND('',#517,.T.);
#403=FACE_OUTER_BOUND('',#518,.T.);
#404=FACE_OUTER_BOUND('',#519,.T.);
#405=FACE_OUTER_BOUND('',#520,.T.);
#406=FACE_OUTER_BOUND('',#521,.T.);
#407=FACE_OUTER_BOUND('',#522,.T.);
#408=FACE_OUTER_BOUND('',#523,.T.);
#409=FACE_OUTER_BOUND('',#524,.T.);
#410=FACE_OUTER_BOUND('',#525,.T.);
#411=FACE_OUTER_BOUND('',#526,.T.);
#412=FACE_OUTER_BOUND('',#527,.T.);
#413=FACE_OUTER_BOUND('',#528,.T.);
#414=FACE_OUTER_BOUND('',#529,.T.);
#415=FACE_OUTER_BOUND('',#530,.T.);
#416=FACE_OUTER_BOUND('',#531,.T.);
#417=FACE_OUTER_BOUND('',#532,.T.);
#418=FACE_OUTER_BOUND('',#533,.T.);
#419=FACE_OUTER_BOUND('',#535,.T.);
#420=FACE_OUTER_BOUND('',#536,.T.);
#421=FACE_OUTER_BOUND('',#537,.T.);
#422=FACE_OUTER_BOUND('',#538,.T.);
#423=FACE_OUTER_BOUND('',#539,.T.);
#424=FACE_OUTER_BOUND('',#540,.T.);
#425=FACE_OUTER_BOUND('',#541,.T.);
#426=FACE_OUTER_BOUND('',#542,.T.);
#427=FACE_OUTER_BOUND('',#543,.T.);
#428=FACE_OUTER_BOUND('',#544,.T.);
#429=FACE_OUTER_BOUND('',#545,.T.);
#430=FACE_OUTER_BOUND('',#546,.T.);
#431=FACE_OUTER_BOUND('',#547,.T.);
#432=FACE_OUTER_BOUND('',#548,.T.);
#433=FACE_OUTER_BOUND('',#549,.T.);
#434=FACE_OUTER_BOUND('',#550,.T.);
#435=FACE_OUTER_BOUND('',#551,.T.);
#436=FACE_OUTER_BOUND('',#552,.T.);
#437=FACE_OUTER_BOUND('',#553,.T.);
#438=FACE_OUTER_BOUND('',#554,.T.);
#439=FACE_OUTER_BOUND('',#555,.T.);
#440=FACE_OUTER_BOUND('',#556,.T.);
#441=FACE_OUTER_BOUND('',#557,.T.);
#442=FACE_OUTER_BOUND('',#558,.T.);
#443=FACE_OUTER_BOUND('',#559,.T.);
#444=FACE_OUTER_BOUND('',#560,.T.);
#445=FACE_OUTER_BOUND('',#561,.T.);
#446=FACE_OUTER_BOUND('',#562,.T.);
#447=FACE_OUTER_BOUND('',#563,.T.);
#448=FACE_OUTER_BOUND('',#564,.T.);
#449=FACE_OUTER_BOUND('',#565,.T.);
#450=FACE_OUTER_BOUND('',#566,.T.);
#451=FACE_OUTER_BOUND('',#567,.T.);
#452=FACE_OUTER_BOUND('',#568,.T.);
#453=FACE_OUTER_BOUND('',#569,.T.);
#454=FACE_OUTER_BOUND('',#571,.T.);
#455=FACE_OUTER_BOUND('',#572,.T.);
#456=FACE_OUTER_BOUND('',#573,.T.);
#457=FACE_OUTER_BOUND('',#574,.T.);
#458=FACE_OUTER_BOUND('',#575,.T.);
#459=FACE_OUTER_BOUND('',#584,.T.);
#460=FACE_OUTER_BOUND('',#585,.T.);
#461=FACE_OUTER_BOUND('',#586,.T.);
#462=FACE_OUTER_BOUND('',#587,.T.);
#463=FACE_OUTER_BOUND('',#588,.T.);
#464=FACE_OUTER_BOUND('',#589,.T.);
#465=FACE_OUTER_BOUND('',#590,.T.);
#466=FACE_OUTER_BOUND('',#591,.T.);
#467=FACE_OUTER_BOUND('',#592,.T.);
#468=FACE_OUTER_BOUND('',#593,.T.);
#469=FACE_OUTER_BOUND('',#594,.T.);
#470=FACE_OUTER_BOUND('',#595,.T.);
#471=FACE_OUTER_BOUND('',#596,.T.);
#472=FACE_OUTER_BOUND('',#597,.T.);
#473=FACE_OUTER_BOUND('',#598,.T.);
#474=FACE_OUTER_BOUND('',#599,.T.);
#475=FACE_OUTER_BOUND('',#600,.T.);
#476=FACE_OUTER_BOUND('',#609,.T.);
#477=FACE_OUTER_BOUND('',#610,.T.);
#478=FACE_OUTER_BOUND('',#611,.T.);
#479=FACE_OUTER_BOUND('',#612,.T.);
#480=FACE_OUTER_BOUND('',#613,.T.);
#481=FACE_OUTER_BOUND('',#614,.T.);
#482=FACE_OUTER_BOUND('',#615,.T.);
#483=FACE_OUTER_BOUND('',#616,.T.);
#484=FACE_OUTER_BOUND('',#617,.T.);
#485=FACE_OUTER_BOUND('',#618,.T.);
#486=FACE_OUTER_BOUND('',#620,.T.);
#487=FACE_OUTER_BOUND('',#621,.T.);
#488=FACE_OUTER_BOUND('',#622,.T.);
#489=FACE_OUTER_BOUND('',#623,.T.);
#490=FACE_OUTER_BOUND('',#625,.T.);
#491=FACE_OUTER_BOUND('',#626,.T.);
#492=FACE_OUTER_BOUND('',#627,.T.);
#493=FACE_OUTER_BOUND('',#629,.T.);
#494=FACE_OUTER_BOUND('',#630,.T.);
#495=FACE_OUTER_BOUND('',#631,.T.);
#496=FACE_OUTER_BOUND('',#632,.T.);
#497=FACE_OUTER_BOUND('',#633,.T.);
#498=FACE_OUTER_BOUND('',#634,.T.);
#499=FACE_OUTER_BOUND('',#636,.T.);
#500=FACE_OUTER_BOUND('',#637,.T.);
#501=FACE_OUTER_BOUND('',#638,.T.);
#502=FACE_OUTER_BOUND('',#639,.T.);
#503=FACE_OUTER_BOUND('',#640,.T.);
#504=FACE_OUTER_BOUND('',#641,.T.);
#505=FACE_OUTER_BOUND('',#642,.T.);
#506=FACE_OUTER_BOUND('',#643,.T.);
#507=FACE_OUTER_BOUND('',#644,.T.);
#508=FACE_OUTER_BOUND('',#645,.T.);
#509=FACE_OUTER_BOUND('',#646,.T.);
#510=FACE_OUTER_BOUND('',#647,.T.);
#511=FACE_OUTER_BOUND('',#648,.T.);
#512=FACE_OUTER_BOUND('',#649,.T.);
#513=EDGE_LOOP('',(#1284,#1285,#1286,#1287));
#514=EDGE_LOOP('',(#1288,#1289,#1290,#1291,#1292,#1293));
#515=EDGE_LOOP('',(#1294,#1295,#1296,#1297));
#516=EDGE_LOOP('',(#1298,#1299,#1300,#1301));
#517=EDGE_LOOP('',(#1302,#1303,#1304,#1305));
#518=EDGE_LOOP('',(#1306,#1307,#1308,#1309));
#519=EDGE_LOOP('',(#1310,#1311,#1312,#1313));
#520=EDGE_LOOP('',(#1314,#1315,#1316,#1317));
#521=EDGE_LOOP('',(#1318,#1319,#1320,#1321));
#522=EDGE_LOOP('',(#1322,#1323,#1324,#1325));
#523=EDGE_LOOP('',(#1326,#1327,#1328,#1329));
#524=EDGE_LOOP('',(#1330,#1331,#1332,#1333,#1334,#1335));
#525=EDGE_LOOP('',(#1336,#1337,#1338,#1339,#1340,#1341));
#526=EDGE_LOOP('',(#1342,#1343,#1344,#1345,#1346,#1347));
#527=EDGE_LOOP('',(#1348,#1349,#1350,#1351));
#528=EDGE_LOOP('',(#1352,#1353,#1354,#1355));
#529=EDGE_LOOP('',(#1356,#1357,#1358,#1359));
#530=EDGE_LOOP('',(#1360,#1361,#1362,#1363));
#531=EDGE_LOOP('',(#1364,#1365,#1366,#1367,#1368,#1369));
#532=EDGE_LOOP('',(#1370,#1371,#1372,#1373));
#533=EDGE_LOOP('',(#1374,#1375,#1376,#1377));
#534=EDGE_LOOP('',(#1378));
#535=EDGE_LOOP('',(#1379,#1380,#1381,#1382));
#536=EDGE_LOOP('',(#1383,#1384,#1385,#1386));
#537=EDGE_LOOP('',(#1387,#1388,#1389,#1390,#1391,#1392));
#538=EDGE_LOOP('',(#1393,#1394,#1395,#1396,#1397,#1398,#1399,#1400,#1401,
#1402,#1403,#1404,#1405,#1406,#1407,#1408,#1409,#1410));
#539=EDGE_LOOP('',(#1411,#1412,#1413,#1414));
#540=EDGE_LOOP('',(#1415,#1416,#1417,#1418,#1419,#1420,#1421,#1422));
#541=EDGE_LOOP('',(#1423,#1424,#1425,#1426));
#542=EDGE_LOOP('',(#1427,#1428,#1429,#1430));
#543=EDGE_LOOP('',(#1431,#1432,#1433,#1434));
#544=EDGE_LOOP('',(#1435,#1436,#1437,#1438));
#545=EDGE_LOOP('',(#1439,#1440,#1441,#1442));
#546=EDGE_LOOP('',(#1443,#1444,#1445,#1446));
#547=EDGE_LOOP('',(#1447,#1448,#1449,#1450));
#548=EDGE_LOOP('',(#1451,#1452,#1453,#1454));
#549=EDGE_LOOP('',(#1455,#1456,#1457,#1458));
#550=EDGE_LOOP('',(#1459,#1460,#1461,#1462));
#551=EDGE_LOOP('',(#1463,#1464,#1465,#1466,#1467,#1468,#1469,#1470));
#552=EDGE_LOOP('',(#1471,#1472,#1473,#1474));
#553=EDGE_LOOP('',(#1475,#1476,#1477,#1478));
#554=EDGE_LOOP('',(#1479,#1480,#1481,#1482));
#555=EDGE_LOOP('',(#1483,#1484,#1485,#1486));
#556=EDGE_LOOP('',(#1487,#1488,#1489,#1490));
#557=EDGE_LOOP('',(#1491,#1492,#1493,#1494));
#558=EDGE_LOOP('',(#1495,#1496,#1497,#1498));
#559=EDGE_LOOP('',(#1499,#1500,#1501,#1502));
#560=EDGE_LOOP('',(#1503,#1504,#1505,#1506));
#561=EDGE_LOOP('',(#1507,#1508,#1509,#1510));
#562=EDGE_LOOP('',(#1511,#1512,#1513,#1514));
#563=EDGE_LOOP('',(#1515,#1516,#1517,#1518));
#564=EDGE_LOOP('',(#1519,#1520,#1521,#1522));
#565=EDGE_LOOP('',(#1523,#1524,#1525,#1526));
#566=EDGE_LOOP('',(#1527,#1528,#1529,#1530,#1531,#1532,#1533,#1534));
#567=EDGE_LOOP('',(#1535,#1536,#1537,#1538));
#568=EDGE_LOOP('',(#1539,#1540,#1541,#1542));
#569=EDGE_LOOP('',(#1543,#1544,#1545,#1546,#1547,#1548,#1549,#1550,#1551,
#1552,#1553,#1554,#1555,#1556,#1557,#1558));
#570=EDGE_LOOP('',(#1559));
#571=EDGE_LOOP('',(#1560,#1561,#1562,#1563,#1564,#1565,#1566,#1567,#1568,
#1569,#1570,#1571));
#572=EDGE_LOOP('',(#1572,#1573,#1574,#1575,#1576));
#573=EDGE_LOOP('',(#1577,#1578,#1579,#1580,#1581,#1582));
#574=EDGE_LOOP('',(#1583,#1584,#1585,#1586,#1587));
#575=EDGE_LOOP('',(#1588,#1589,#1590,#1591,#1592,#1593,#1594,#1595));
#576=EDGE_LOOP('',(#1596));
#577=EDGE_LOOP('',(#1597));
#578=EDGE_LOOP('',(#1598));
#579=EDGE_LOOP('',(#1599));
#580=EDGE_LOOP('',(#1600));
#581=EDGE_LOOP('',(#1601));
#582=EDGE_LOOP('',(#1602));
#583=EDGE_LOOP('',(#1603));
#584=EDGE_LOOP('',(#1604,#1605,#1606,#1607,#1608,#1609));
#585=EDGE_LOOP('',(#1610,#1611,#1612,#1613,#1614));
#586=EDGE_LOOP('',(#1615,#1616,#1617,#1618,#1619,#1620));
#587=EDGE_LOOP('',(#1621,#1622,#1623,#1624,#1625));
#588=EDGE_LOOP('',(#1626,#1627,#1628,#1629,#1630,#1631));
#589=EDGE_LOOP('',(#1632,#1633,#1634,#1635,#1636));
#590=EDGE_LOOP('',(#1637,#1638,#1639,#1640,#1641,#1642));
#591=EDGE_LOOP('',(#1643,#1644,#1645,#1646,#1647));
#592=EDGE_LOOP('',(#1648,#1649,#1650,#1651,#1652,#1653));
#593=EDGE_LOOP('',(#1654,#1655,#1656,#1657,#1658));
#594=EDGE_LOOP('',(#1659,#1660,#1661,#1662,#1663,#1664));
#595=EDGE_LOOP('',(#1665,#1666,#1667,#1668,#1669));
#596=EDGE_LOOP('',(#1670,#1671,#1672,#1673,#1674,#1675));
#597=EDGE_LOOP('',(#1676,#1677,#1678,#1679,#1680));
#598=EDGE_LOOP('',(#1681,#1682,#1683,#1684,#1685,#1686));
#599=EDGE_LOOP('',(#1687,#1688,#1689,#1690,#1691));
#600=EDGE_LOOP('',(#1692,#1693,#1694,#1695));
#601=EDGE_LOOP('',(#1696));
#602=EDGE_LOOP('',(#1697));
#603=EDGE_LOOP('',(#1698));
#604=EDGE_LOOP('',(#1699));
#605=EDGE_LOOP('',(#1700));
#606=EDGE_LOOP('',(#1701));
#607=EDGE_LOOP('',(#1702));
#608=EDGE_LOOP('',(#1703));
#609=EDGE_LOOP('',(#1704,#1705,#1706,#1707,#1708));
#610=EDGE_LOOP('',(#1709,#1710,#1711,#1712,#1713));
#611=EDGE_LOOP('',(#1714,#1715,#1716,#1717,#1718));
#612=EDGE_LOOP('',(#1719,#1720,#1721,#1722,#1723));
#613=EDGE_LOOP('',(#1724,#1725,#1726,#1727,#1728));
#614=EDGE_LOOP('',(#1729,#1730,#1731,#1732,#1733));
#615=EDGE_LOOP('',(#1734,#1735,#1736,#1737,#1738));
#616=EDGE_LOOP('',(#1739,#1740,#1741,#1742,#1743));
#617=EDGE_LOOP('',(#1744,#1745,#1746,#1747));
#618=EDGE_LOOP('',(#1748,#1749,#1750,#1751,#1752));
#619=EDGE_LOOP('',(#1753));
#620=EDGE_LOOP('',(#1754,#1755,#1756,#1757));
#621=EDGE_LOOP('',(#1758,#1759,#1760,#1761));
#622=EDGE_LOOP('',(#1762,#1763,#1764,#1765));
#623=EDGE_LOOP('',(#1766,#1767,#1768,#1769,#1770));
#624=EDGE_LOOP('',(#1771));
#625=EDGE_LOOP('',(#1772));
#626=EDGE_LOOP('',(#1773,#1774,#1775,#1776));
#627=EDGE_LOOP('',(#1777,#1778,#1779,#1780,#1781));
#628=EDGE_LOOP('',(#1782));
#629=EDGE_LOOP('',(#1783,#1784,#1785,#1786));
#630=EDGE_LOOP('',(#1787));
#631=EDGE_LOOP('',(#1788,#1789,#1790,#1791));
#632=EDGE_LOOP('',(#1792,#1793,#1794,#1795));
#633=EDGE_LOOP('',(#1796,#1797,#1798,#1799));
#634=EDGE_LOOP('',(#1800,#1801,#1802,#1803,#1804));
#635=EDGE_LOOP('',(#1805));
#636=EDGE_LOOP('',(#1806));
#637=EDGE_LOOP('',(#1807,#1808,#1809,#1810));
#638=EDGE_LOOP('',(#1811,#1812,#1813,#1814));
#639=EDGE_LOOP('',(#1815,#1816,#1817,#1818));
#640=EDGE_LOOP('',(#1819,#1820,#1821,#1822));
#641=EDGE_LOOP('',(#1823,#1824,#1825,#1826));
#642=EDGE_LOOP('',(#1827,#1828,#1829,#1830,#1831,#1832,#1833,#1834));
#643=EDGE_LOOP('',(#1835,#1836,#1837,#1838));
#644=EDGE_LOOP('',(#1839,#1840,#1841,#1842));
#645=EDGE_LOOP('',(#1843,#1844,#1845,#1846));
#646=EDGE_LOOP('',(#1847,#1848,#1849,#1850,#1851,#1852,#1853,#1854,#1855,
#1856,#1857,#1858,#1859,#1860));
#647=EDGE_LOOP('',(#1861,#1862,#1863,#1864,#1865,#1866,#1867,#1868));
#648=EDGE_LOOP('',(#1869,#1870,#1871,#1872));
#649=EDGE_LOOP('',(#1873));
#650=B_SPLINE_CURVE_WITH_KNOTS('',3,(#2984,#2985,#2986,#2987,#2988,#2989,
#2990,#2991,#2992,#2993,#2994,#2995,#2996,#2997,#2998,#2999),
 .UNSPECIFIED.,.F.,.F.,(4,2,2,2,2,2,2,4),(-0.000462523369921516,0.,0.0218361851816501,
0.0428450726014439,0.0653986720743454,0.0823546848127568,0.0966692132020064,
0.0983554050745826),.UNSPECIFIED.);
#651=B_SPLINE_CURVE_WITH_KNOTS('',3,(#3032,#3033,#3034,#3035,#3036,#3037,
#3038,#3039,#3040,#3041,#3042,#3043,#3044,#3045,#3046,#3047),
 .UNSPECIFIED.,.F.,.F.,(4,2,2,2,2,2,2,4),(-0.225059243459879,-0.224493266072906,
-0.197772914596815,-0.172064905102035,-0.144466673086183,-0.123718057142213,
-0.106201754427163,-0.104138406863075),.UNSPECIFIED.);
#652=B_SPLINE_CURVE_WITH_KNOTS('',3,(#3049,#3050,#3051,#3052,#3053,#3054,
#3055),.UNSPECIFIED.,.F.,.F.,(4,3,4),(-0.0752067403920408,-0.0450244419548746,
0.),.UNSPECIFIED.);
#653=B_SPLINE_CURVE_WITH_KNOTS('',3,(#3057,#3058,#3059,#3060),
 .UNSPECIFIED.,.F.,.F.,(4,4),(0.25,0.479999999999942),.UNSPECIFIED.);
#654=B_SPLINE_CURVE_WITH_KNOTS('',3,(#3061,#3062,#3063,#3064,#3065,#3066,
#3067),.UNSPECIFIED.,.F.,.F.,(4,3,4),(-0.157527371286827,-0.112530670030196,
-0.0823669676725646),.UNSPECIFIED.);
#655=B_SPLINE_CURVE_WITH_KNOTS('',3,(#3073,#3074,#3075,#3076,#3077,#3078,
#3079,#3080,#3081,#3082,#3083,#3084,#3085,#3086,#3087,#3088),
 .UNSPECIFIED.,.F.,.F.,(4,2,2,2,2,2,2,4),(-0.224851512129169,-0.224290828109969,
-0.197711082150265,-0.172234215976851,-0.144443469794711,-0.123567419794474,
-0.105927977708376,-0.104091369346652),.UNSPECIFIED.);
#656=B_SPLINE_CURVE_WITH_KNOTS('',3,(#3091,#3092,#3093,#3094,#3095,#3096,
#3097,#3098,#3099,#3100,#3101,#3102,#3103,#3104),.UNSPECIFIED.,.F.,.F.,
(4,2,2,2,2,2,4),(0.,0.0141833584652342,0.0306733662961609,0.0524508987969025,
0.0743737317302108,0.0973758956705033,0.0978300348852078),.UNSPECIFIED.);
#657=B_SPLINE_CURVE_WITH_KNOTS('',3,(#3110,#3111,#3112,#3113,#3114,#3115,
#3116,#3117,#3118,#3119,#3120,#3121,#3122,#3123),.UNSPECIFIED.,.F.,.F.,
(4,2,2,2,2,2,4),(-0.00045882978400631,0.,0.0232397413882755,0.0453890039177771,
0.067391465281737,0.0840517898698998,0.0983816409047666),.UNSPECIFIED.);
#658=B_SPLINE_CURVE_WITH_KNOTS('',3,(#3132,#3133,#3134,#3135,#3136,#3137,
#3138,#3139,#3140,#3141,#3142,#3143,#3144,#3145),.UNSPECIFIED.,.F.,.F.,
(4,2,2,2,2,2,4),(0.,0.0141833584652375,0.0306733662961752,0.0524508987969157,
0.0743737317302237,0.0973758956708896,0.0978300348859627),.UNSPECIFIED.);
#659=B_SPLINE_CURVE_WITH_KNOTS('',3,(#3181,#3182,#3183,#3184,#3185,#3186,
#3187,#3188,#3189,#3190,#3191,#3192,#3193,#3194),.UNSPECIFIED.,.F.,.F.,
(4,2,2,2,2,2,4),(-0.000458829783634138,0.,0.023239741387911,0.0453890039174251,
0.0673914652813983,0.0840517898695592,0.0983816409044306),.UNSPECIFIED.);
#660=B_SPLINE_CURVE_WITH_KNOTS('',3,(#3217,#3218,#3219,#3220,#3221,#3222,
#3223,#3224,#3225,#3226,#3227,#3228,#3229,#3230,#3231,#3232),
 .UNSPECIFIED.,.F.,.F.,(4,2,2,2,2,2,2,4),(-0.00045882995782961,0.,0.0217512597117009,
0.0425999891772974,0.0653422583737751,0.0824259575934007,0.0968610122611674,
0.0983639816847677),.UNSPECIFIED.);
#661=CIRCLE('',#2035,0.499999999999972);
#662=CIRCLE('',#2036,3.99999999999999);
#663=CIRCLE('',#2037,3.49999999999999);
#664=CIRCLE('',#2039,4.);
#665=CIRCLE('',#2040,3.5);
#666=CIRCLE('',#2042,3.49999999999999);
#667=CIRCLE('',#2043,3.99999999999999);
#668=CIRCLE('',#2045,3.99999999999999);
#669=CIRCLE('',#2046,0.499999999999998);
#670=CIRCLE('',#2047,3.49999999999999);
#671=CIRCLE('',#2049,0.499999999999998);
#672=CIRCLE('',#2051,0.499999999999998);
#673=CIRCLE('',#2052,3.50000000000001);
#674=CIRCLE('',#2053,4.00000000000001);
#675=CIRCLE('',#2055,0.499999999999998);
#676=CIRCLE('',#2057,0.499999999999998);
#677=CIRCLE('',#2058,3.5);
#678=CIRCLE('',#2059,4.);
#679=CIRCLE('',#2061,0.499999999999998);
#680=CIRCLE('',#2063,3.5);
#681=CIRCLE('',#2064,4.);
#682=CIRCLE('',#2066,0.5);
#683=CIRCLE('',#2067,0.5);
#684=CIRCLE('',#2069,0.5);
#685=CIRCLE('',#2070,0.5);
#686=CIRCLE('',#2072,0.5);
#687=CIRCLE('',#2073,0.5);
#688=CIRCLE('',#2075,0.499999999999998);
#689=CIRCLE('',#2077,4.);
#690=CIRCLE('',#2078,3.5);
#691=CIRCLE('',#2080,4.);
#692=CIRCLE('',#2084,4.);
#693=CIRCLE('',#2086,5.25);
#694=CIRCLE('',#2088,4.00000000000001);
#695=CIRCLE('',#2092,1.7);
#696=CIRCLE('',#2093,2.00000000000001);
#697=CIRCLE('',#2094,1.99999999999999);
#698=CIRCLE('',#2095,1.99999999999999);
#699=CIRCLE('',#2096,2.00000000000001);
#700=CIRCLE('',#2097,1.7);
#701=CIRCLE('',#2100,2.);
#702=CIRCLE('',#2101,1.7);
#703=CIRCLE('',#2104,0.500000000000007);
#704=CIRCLE('',#2105,0.5);
#705=CIRCLE('',#2107,0.5);
#706=CIRCLE('',#2108,3.5);
#707=CIRCLE('',#2110,0.5);
#708=CIRCLE('',#2112,0.5);
#709=CIRCLE('',#2113,3.5);
#710=CIRCLE('',#2115,0.5);
#711=CIRCLE('',#2117,0.5);
#712=CIRCLE('',#2118,3.99999999999999);
#713=CIRCLE('',#2119,3.49999999999999);
#714=CIRCLE('',#2121,0.5);
#715=CIRCLE('',#2123,3.50000000000001);
#716=CIRCLE('',#2156,5.25);
#717=CIRCLE('',#2159,0.5);
#718=CIRCLE('',#2160,4.75);
#719=CIRCLE('',#2161,4.75);
#720=CIRCLE('',#2163,4.75);
#721=CIRCLE('',#2164,4.75);
#722=CIRCLE('',#2166,5.25);
#723=CIRCLE('',#2167,0.5);
#724=CIRCLE('',#2168,4.75);
#725=CIRCLE('',#2169,4.75);
#726=CIRCLE('',#2171,2.);
#727=CIRCLE('',#2172,5.25);
#728=CIRCLE('',#2173,5.25);
#729=CIRCLE('',#2174,2.);
#730=CIRCLE('',#2175,2.);
#731=CIRCLE('',#2176,5.25);
#732=CIRCLE('',#2177,2.);
#733=CIRCLE('',#2179,4.75);
#734=CIRCLE('',#2180,4.75);
#735=CIRCLE('',#2182,0.5);
#736=CIRCLE('',#2183,1.5);
#737=CIRCLE('',#2184,1.5);
#738=CIRCLE('',#2186,1.5);
#739=CIRCLE('',#2187,1.5);
#740=CIRCLE('',#2189,0.5);
#741=CIRCLE('',#2190,1.5);
#742=CIRCLE('',#2191,1.5);
#743=CIRCLE('',#2193,1.5);
#744=CIRCLE('',#2194,1.5);
#745=CIRCLE('',#2196,0.5);
#746=CIRCLE('',#2197,4.75);
#747=CIRCLE('',#2198,4.75);
#748=CIRCLE('',#2200,4.75);
#749=CIRCLE('',#2201,4.75);
#750=CIRCLE('',#2203,0.5);
#751=CIRCLE('',#2204,4.75);
#752=CIRCLE('',#2205,4.75);
#753=CIRCLE('',#2207,4.75);
#754=CIRCLE('',#2208,4.75);
#755=CIRCLE('',#2210,0.5);
#756=CIRCLE('',#2211,4.75);
#757=CIRCLE('',#2212,4.75);
#758=CIRCLE('',#2214,4.75);
#759=CIRCLE('',#2215,4.75);
#760=CIRCLE('',#2217,0.5);
#761=CIRCLE('',#2218,1.5);
#762=CIRCLE('',#2219,1.5);
#763=CIRCLE('',#2221,1.5);
#764=CIRCLE('',#2222,1.5);
#765=CIRCLE('',#2224,0.5);
#766=CIRCLE('',#2225,1.5);
#767=CIRCLE('',#2226,1.5);
#768=CIRCLE('',#2228,1.5);
#769=CIRCLE('',#2229,1.5);
#770=CIRCLE('',#2231,2.);
#771=CIRCLE('',#2232,0.5);
#772=CIRCLE('',#2234,2.);
#773=CIRCLE('',#2235,2.);
#774=CIRCLE('',#2236,5.25);
#775=CIRCLE('',#2237,5.25);
#776=CIRCLE('',#2238,5.25);
#777=CIRCLE('',#2239,5.25);
#778=CIRCLE('',#2240,2.);
#779=CIRCLE('',#2242,0.5);
#780=CIRCLE('',#2244,0.5);
#781=CIRCLE('',#2246,0.5);
#782=CIRCLE('',#2248,0.5);
#783=CIRCLE('',#2250,0.5);
#784=CIRCLE('',#2252,0.5);
#785=CIRCLE('',#2254,0.5);
#786=CIRCLE('',#2256,0.5);
#787=CIRCLE('',#2258,0.750000000000002);
#788=CIRCLE('',#2259,0.750000000000002);
#789=CIRCLE('',#2261,1.99999999999999);
#790=CIRCLE('',#2263,0.750000000000002);
#791=CIRCLE('',#2264,0.750000000000002);
#792=CIRCLE('',#2268,1.99999999999999);
#793=CIRCLE('',#2271,0.750000000000002);
#794=CIRCLE('',#2272,0.750000000000002);
#795=CIRCLE('',#2274,2.00000000000001);
#796=CIRCLE('',#2278,0.750000000000002);
#797=CIRCLE('',#2279,0.750000000000002);
#798=CIRCLE('',#2283,2.00000000000001);
#799=CIRCLE('',#2287,1.7);
#800=CIRCLE('',#2290,2.);
#801=CIRCLE('',#2292,2.);
#802=CIRCLE('',#2293,2.);
#803=VERTEX_POINT('',#2978);
#804=VERTEX_POINT('',#2979);
#805=VERTEX_POINT('',#2981);
#806=VERTEX_POINT('',#2983);
#807=VERTEX_POINT('',#3029);
#808=VERTEX_POINT('',#3031);
#809=VERTEX_POINT('',#3048);
#810=VERTEX_POINT('',#3056);
#811=VERTEX_POINT('',#3069);
#812=VERTEX_POINT('',#3070);
#813=VERTEX_POINT('',#3072);
#814=VERTEX_POINT('',#3089);
#815=VERTEX_POINT('',#3106);
#816=VERTEX_POINT('',#3108);
#817=VERTEX_POINT('',#3125);
#818=VERTEX_POINT('',#3126);
#819=VERTEX_POINT('',#3128);
#820=VERTEX_POINT('',#3130);
#821=VERTEX_POINT('',#3147);
#822=VERTEX_POINT('',#3148);
#823=VERTEX_POINT('',#3153);
#824=VERTEX_POINT('',#3154);
#825=VERTEX_POINT('',#3159);
#826=VERTEX_POINT('',#3160);
#827=VERTEX_POINT('',#3165);
#828=VERTEX_POINT('',#3166);
#829=VERTEX_POINT('',#3171);
#830=VERTEX_POINT('',#3172);
#831=VERTEX_POINT('',#3177);
#832=VERTEX_POINT('',#3179);
#833=VERTEX_POINT('',#3197);
#834=VERTEX_POINT('',#3199);
#835=VERTEX_POINT('',#3203);
#836=VERTEX_POINT('',#3204);
#837=VERTEX_POINT('',#3210);
#838=VERTEX_POINT('',#3211);
#839=VERTEX_POINT('',#3214);
#840=VERTEX_POINT('',#3216);
#841=VERTEX_POINT('',#3235);
#842=VERTEX_POINT('',#3236);
#843=VERTEX_POINT('',#3244);
#844=VERTEX_POINT('',#3246);
#845=VERTEX_POINT('',#3252);
#846=VERTEX_POINT('',#3256);
#847=VERTEX_POINT('',#3260);
#848=VERTEX_POINT('',#3263);
#849=VERTEX_POINT('',#3266);
#850=VERTEX_POINT('',#3272);
#851=VERTEX_POINT('',#3276);
#852=VERTEX_POINT('',#3278);
#853=VERTEX_POINT('',#3280);
#854=VERTEX_POINT('',#3282);
#855=VERTEX_POINT('',#3284);
#856=VERTEX_POINT('',#3286);
#857=VERTEX_POINT('',#3288);
#858=VERTEX_POINT('',#3290);
#859=VERTEX_POINT('',#3292);
#860=VERTEX_POINT('',#3294);
#861=VERTEX_POINT('',#3296);
#862=VERTEX_POINT('',#3298);
#863=VERTEX_POINT('',#3302);
#864=VERTEX_POINT('',#3306);
#865=VERTEX_POINT('',#3308);
#866=VERTEX_POINT('',#3310);
#867=VERTEX_POINT('',#3314);
#868=VERTEX_POINT('',#3318);
#869=VERTEX_POINT('',#3320);
#870=VERTEX_POINT('',#3324);
#871=VERTEX_POINT('',#3328);
#872=VERTEX_POINT('',#3332);
#873=VERTEX_POINT('',#3336);
#874=VERTEX_POINT('',#3337);
#875=VERTEX_POINT('',#3342);
#876=VERTEX_POINT('',#3347);
#877=VERTEX_POINT('',#3356);
#878=VERTEX_POINT('',#3357);
#879=VERTEX_POINT('',#3359);
#880=VERTEX_POINT('',#3361);
#881=VERTEX_POINT('',#3365);
#882=VERTEX_POINT('',#3366);
#883=VERTEX_POINT('',#3368);
#884=VERTEX_POINT('',#3370);
#885=VERTEX_POINT('',#3374);
#886=VERTEX_POINT('',#3376);
#887=VERTEX_POINT('',#3380);
#888=VERTEX_POINT('',#3381);
#889=VERTEX_POINT('',#3383);
#890=VERTEX_POINT('',#3385);
#891=VERTEX_POINT('',#3389);
#892=VERTEX_POINT('',#3391);
#893=VERTEX_POINT('',#3398);
#894=VERTEX_POINT('',#3400);
#895=VERTEX_POINT('',#3404);
#896=VERTEX_POINT('',#3406);
#897=VERTEX_POINT('',#3413);
#898=VERTEX_POINT('',#3415);
#899=VERTEX_POINT('',#3419);
#900=VERTEX_POINT('',#3421);
#901=VERTEX_POINT('',#3428);
#902=VERTEX_POINT('',#3430);
#903=VERTEX_POINT('',#3434);
#904=VERTEX_POINT('',#3438);
#905=VERTEX_POINT('',#3440);
#906=VERTEX_POINT('',#3443);
#907=VERTEX_POINT('',#3447);
#908=VERTEX_POINT('',#3451);
#909=VERTEX_POINT('',#3455);
#910=VERTEX_POINT('',#3457);
#911=VERTEX_POINT('',#3461);
#912=VERTEX_POINT('',#3463);
#913=VERTEX_POINT('',#3465);
#914=VERTEX_POINT('',#3467);
#915=VERTEX_POINT('',#3470);
#916=VERTEX_POINT('',#3473);
#917=VERTEX_POINT('',#3477);
#918=VERTEX_POINT('',#3479);
#919=VERTEX_POINT('',#3483);
#920=VERTEX_POINT('',#3485);
#921=VERTEX_POINT('',#3489);
#922=VERTEX_POINT('',#3491);
#923=VERTEX_POINT('',#3493);
#924=VERTEX_POINT('',#3497);
#925=VERTEX_POINT('',#3500);
#926=VERTEX_POINT('',#3502);
#927=VERTEX_POINT('',#3505);
#928=VERTEX_POINT('',#3507);
#929=VERTEX_POINT('',#3509);
#930=VERTEX_POINT('',#3511);
#931=VERTEX_POINT('',#3513);
#932=VERTEX_POINT('',#3515);
#933=VERTEX_POINT('',#3517);
#934=VERTEX_POINT('',#3520);
#935=VERTEX_POINT('',#3521);
#936=VERTEX_POINT('',#3526);
#937=VERTEX_POINT('',#3528);
#938=VERTEX_POINT('',#3532);
#939=VERTEX_POINT('',#3533);
#940=VERTEX_POINT('',#3538);
#941=VERTEX_POINT('',#3540);
#942=VERTEX_POINT('',#3544);
#943=VERTEX_POINT('',#3545);
#944=VERTEX_POINT('',#3550);
#945=VERTEX_POINT('',#3552);
#946=VERTEX_POINT('',#3556);
#947=VERTEX_POINT('',#3557);
#948=VERTEX_POINT('',#3562);
#949=VERTEX_POINT('',#3564);
#950=VERTEX_POINT('',#3568);
#951=VERTEX_POINT('',#3569);
#952=VERTEX_POINT('',#3574);
#953=VERTEX_POINT('',#3576);
#954=VERTEX_POINT('',#3580);
#955=VERTEX_POINT('',#3581);
#956=VERTEX_POINT('',#3586);
#957=VERTEX_POINT('',#3588);
#958=VERTEX_POINT('',#3592);
#959=VERTEX_POINT('',#3593);
#960=VERTEX_POINT('',#3598);
#961=VERTEX_POINT('',#3600);
#962=VERTEX_POINT('',#3604);
#963=VERTEX_POINT('',#3605);
#964=VERTEX_POINT('',#3610);
#965=VERTEX_POINT('',#3614);
#966=VERTEX_POINT('',#3616);
#967=VERTEX_POINT('',#3618);
#968=VERTEX_POINT('',#3620);
#969=VERTEX_POINT('',#3622);
#970=VERTEX_POINT('',#3624);
#971=VERTEX_POINT('',#3626);
#972=VERTEX_POINT('',#3645);
#973=VERTEX_POINT('',#3647);
#974=VERTEX_POINT('',#3653);
#975=VERTEX_POINT('',#3655);
#976=VERTEX_POINT('',#3659);
#977=VERTEX_POINT('',#3661);
#978=VERTEX_POINT('',#3667);
#979=VERTEX_POINT('',#3672);
#980=VERTEX_POINT('',#3674);
#981=VERTEX_POINT('',#3682);
#982=VERTEX_POINT('',#3684);
#983=VERTEX_POINT('',#3688);
#984=VERTEX_POINT('',#3690);
#985=VERTEX_POINT('',#3696);
#986=VERTEX_POINT('',#3702);
#987=VERTEX_POINT('',#3710);
#988=VERTEX_POINT('',#3712);
#989=EDGE_CURVE('',#803,#804,#661,.T.);
#990=EDGE_CURVE('',#804,#805,#662,.T.);
#991=EDGE_CURVE('',#805,#806,#650,.T.);
#992=EDGE_CURVE('',#806,#803,#663,.T.);
#993=EDGE_CURVE('',#805,#807,#137,.T.);
#994=EDGE_CURVE('',#807,#808,#651,.T.);
#995=EDGE_CURVE('',#808,#809,#652,.T.);
#996=EDGE_CURVE('',#809,#810,#653,.T.);
#997=EDGE_CURVE('',#810,#806,#654,.T.);
#998=EDGE_CURVE('',#811,#812,#664,.T.);
#999=EDGE_CURVE('',#812,#813,#655,.T.);
#1000=EDGE_CURVE('',#813,#814,#665,.T.);
#1001=EDGE_CURVE('',#814,#811,#656,.T.);
#1002=EDGE_CURVE('',#815,#808,#666,.T.);
#1003=EDGE_CURVE('',#807,#816,#667,.T.);
#1004=EDGE_CURVE('',#816,#815,#657,.T.);
#1005=EDGE_CURVE('',#817,#818,#668,.T.);
#1006=EDGE_CURVE('',#818,#819,#669,.T.);
#1007=EDGE_CURVE('',#819,#820,#670,.T.);
#1008=EDGE_CURVE('',#820,#817,#658,.T.);
#1009=EDGE_CURVE('',#821,#822,#671,.T.);
#1010=EDGE_CURVE('',#822,#819,#138,.T.);
#1011=EDGE_CURVE('',#818,#821,#139,.T.);
#1012=EDGE_CURVE('',#823,#824,#672,.T.);
#1013=EDGE_CURVE('',#824,#822,#673,.T.);
#1014=EDGE_CURVE('',#821,#823,#674,.T.);
#1015=EDGE_CURVE('',#825,#826,#675,.T.);
#1016=EDGE_CURVE('',#826,#824,#140,.T.);
#1017=EDGE_CURVE('',#823,#825,#141,.T.);
#1018=EDGE_CURVE('',#827,#828,#676,.T.);
#1019=EDGE_CURVE('',#828,#826,#677,.T.);
#1020=EDGE_CURVE('',#825,#827,#678,.T.);
#1021=EDGE_CURVE('',#829,#830,#679,.T.);
#1022=EDGE_CURVE('',#830,#828,#142,.T.);
#1023=EDGE_CURVE('',#827,#829,#143,.T.);
#1024=EDGE_CURVE('',#831,#830,#680,.T.);
#1025=EDGE_CURVE('',#829,#832,#681,.T.);
#1026=EDGE_CURVE('',#832,#831,#659,.T.);
#1027=EDGE_CURVE('',#816,#817,#144,.T.);
#1028=EDGE_CURVE('',#820,#833,#682,.T.);
#1029=EDGE_CURVE('',#833,#834,#145,.T.);
#1030=EDGE_CURVE('',#834,#815,#683,.T.);
#1031=EDGE_CURVE('',#835,#836,#146,.T.);
#1032=EDGE_CURVE('',#836,#831,#684,.T.);
#1033=EDGE_CURVE('',#832,#811,#147,.T.);
#1034=EDGE_CURVE('',#814,#835,#685,.T.);
#1035=EDGE_CURVE('',#837,#838,#148,.T.);
#1036=EDGE_CURVE('',#838,#813,#686,.T.);
#1037=EDGE_CURVE('',#839,#812,#149,.T.);
#1038=EDGE_CURVE('',#839,#840,#660,.T.);
#1039=EDGE_CURVE('',#840,#837,#687,.T.);
#1040=EDGE_CURVE('',#841,#842,#688,.T.);
#1041=EDGE_CURVE('',#842,#804,#150,.T.);
#1042=EDGE_CURVE('',#803,#841,#151,.T.);
#1043=EDGE_CURVE('',#839,#842,#689,.T.);
#1044=EDGE_CURVE('',#841,#840,#690,.T.);
#1045=EDGE_CURVE('',#843,#839,#152,.T.);
#1046=EDGE_CURVE('',#844,#843,#691,.T.);
#1047=EDGE_CURVE('',#844,#842,#153,.T.);
#1048=EDGE_CURVE('',#812,#829,#154,.T.);
#1049=EDGE_CURVE('',#845,#827,#155,.T.);
#1050=EDGE_CURVE('',#843,#845,#156,.T.);
#1051=EDGE_CURVE('',#846,#825,#157,.T.);
#1052=EDGE_CURVE('',#845,#846,#692,.T.);
#1053=EDGE_CURVE('',#847,#823,#158,.T.);
#1054=EDGE_CURVE('',#846,#847,#159,.T.);
#1055=EDGE_CURVE('',#848,#848,#693,.T.);
#1056=EDGE_CURVE('',#849,#821,#160,.T.);
#1057=EDGE_CURVE('',#847,#849,#694,.T.);
#1058=EDGE_CURVE('',#807,#818,#161,.T.);
#1059=EDGE_CURVE('',#850,#805,#162,.T.);
#1060=EDGE_CURVE('',#849,#850,#163,.T.);
#1061=EDGE_CURVE('',#810,#851,#164,.T.);
#1062=EDGE_CURVE('',#851,#852,#695,.T.);
#1063=EDGE_CURVE('',#852,#853,#165,.T.);
#1064=EDGE_CURVE('',#854,#853,#696,.T.);
#1065=EDGE_CURVE('',#855,#854,#166,.T.);
#1066=EDGE_CURVE('',#856,#855,#697,.T.);
#1067=EDGE_CURVE('',#857,#856,#167,.T.);
#1068=EDGE_CURVE('',#858,#857,#698,.T.);
#1069=EDGE_CURVE('',#859,#858,#168,.T.);
#1070=EDGE_CURVE('',#860,#859,#699,.T.);
#1071=EDGE_CURVE('',#860,#861,#169,.T.);
#1072=EDGE_CURVE('',#861,#862,#700,.T.);
#1073=EDGE_CURVE('',#837,#862,#170,.T.);
#1074=EDGE_CURVE('',#809,#863,#171,.T.);
#1075=EDGE_CURVE('',#851,#863,#172,.T.);
#1076=EDGE_CURVE('',#864,#834,#173,.T.);
#1077=EDGE_CURVE('',#865,#864,#701,.T.);
#1078=EDGE_CURVE('',#865,#866,#174,.T.);
#1079=EDGE_CURVE('',#866,#863,#702,.T.);
#1080=EDGE_CURVE('',#867,#833,#175,.T.);
#1081=EDGE_CURVE('',#864,#867,#176,.T.);
#1082=EDGE_CURVE('',#847,#868,#703,.T.);
#1083=EDGE_CURVE('',#868,#869,#177,.T.);
#1084=EDGE_CURVE('',#869,#846,#704,.T.);
#1085=EDGE_CURVE('',#870,#845,#705,.T.);
#1086=EDGE_CURVE('',#869,#870,#706,.T.);
#1087=EDGE_CURVE('',#871,#843,#707,.T.);
#1088=EDGE_CURVE('',#870,#871,#178,.T.);
#1089=EDGE_CURVE('',#872,#844,#708,.T.);
#1090=EDGE_CURVE('',#871,#872,#709,.T.);
#1091=EDGE_CURVE('',#873,#874,#710,.T.);
#1092=EDGE_CURVE('',#874,#844,#179,.T.);
#1093=EDGE_CURVE('',#872,#873,#180,.T.);
#1094=EDGE_CURVE('',#875,#850,#711,.T.);
#1095=EDGE_CURVE('',#850,#874,#712,.T.);
#1096=EDGE_CURVE('',#873,#875,#713,.T.);
#1097=EDGE_CURVE('',#876,#849,#714,.T.);
#1098=EDGE_CURVE('',#875,#876,#181,.T.);
#1099=EDGE_CURVE('',#876,#868,#715,.T.);
#1100=EDGE_CURVE('',#874,#804,#182,.T.);
#1101=EDGE_CURVE('',#877,#878,#183,.T.);
#1102=EDGE_CURVE('',#878,#879,#19,.T.);
#1103=EDGE_CURVE('',#879,#880,#184,.T.);
#1104=EDGE_CURVE('',#880,#877,#20,.T.);
#1105=EDGE_CURVE('',#881,#882,#185,.T.);
#1106=EDGE_CURVE('',#882,#883,#21,.T.);
#1107=EDGE_CURVE('',#883,#884,#186,.T.);
#1108=EDGE_CURVE('',#884,#881,#22,.T.);
#1109=EDGE_CURVE('',#882,#885,#187,.T.);
#1110=EDGE_CURVE('',#885,#886,#23,.T.);
#1111=EDGE_CURVE('',#886,#883,#188,.T.);
#1112=EDGE_CURVE('',#887,#888,#189,.T.);
#1113=EDGE_CURVE('',#888,#889,#24,.T.);
#1114=EDGE_CURVE('',#889,#890,#190,.T.);
#1115=EDGE_CURVE('',#890,#887,#25,.T.);
#1116=EDGE_CURVE('',#885,#891,#191,.T.);
#1117=EDGE_CURVE('',#891,#892,#26,.T.);
#1118=EDGE_CURVE('',#892,#886,#192,.T.);
#1119=EDGE_CURVE('',#888,#892,#193,.T.);
#1120=EDGE_CURVE('',#891,#889,#194,.T.);
#1121=EDGE_CURVE('',#893,#887,#195,.T.);
#1122=EDGE_CURVE('',#890,#894,#196,.T.);
#1123=EDGE_CURVE('',#894,#893,#27,.T.);
#1124=EDGE_CURVE('',#895,#893,#197,.T.);
#1125=EDGE_CURVE('',#894,#896,#198,.T.);
#1126=EDGE_CURVE('',#896,#895,#28,.T.);
#1127=EDGE_CURVE('',#878,#881,#199,.T.);
#1128=EDGE_CURVE('',#884,#879,#200,.T.);
#1129=EDGE_CURVE('',#897,#895,#201,.T.);
#1130=EDGE_CURVE('',#896,#898,#202,.T.);
#1131=EDGE_CURVE('',#898,#897,#29,.T.);
#1132=EDGE_CURVE('',#899,#897,#203,.T.);
#1133=EDGE_CURVE('',#898,#900,#204,.T.);
#1134=EDGE_CURVE('',#900,#899,#30,.T.);
#1135=EDGE_CURVE('',#880,#899,#205,.T.);
#1136=EDGE_CURVE('',#900,#877,#206,.T.);
#1137=EDGE_CURVE('',#900,#901,#207,.T.);
#1138=EDGE_CURVE('',#902,#901,#208,.T.);
#1139=EDGE_CURVE('',#877,#902,#209,.T.);
#1140=EDGE_CURVE('',#903,#898,#210,.T.);
#1141=EDGE_CURVE('',#901,#903,#211,.T.);
#1142=EDGE_CURVE('',#896,#904,#212,.T.);
#1143=EDGE_CURVE('',#904,#905,#213,.T.);
#1144=EDGE_CURVE('',#859,#905,#214,.T.);
#1145=EDGE_CURVE('',#858,#906,#215,.T.);
#1146=EDGE_CURVE('',#906,#903,#216,.T.);
#1147=EDGE_CURVE('',#894,#907,#217,.T.);
#1148=EDGE_CURVE('',#904,#907,#218,.T.);
#1149=EDGE_CURVE('',#908,#890,#219,.T.);
#1150=EDGE_CURVE('',#907,#908,#220,.T.);
#1151=EDGE_CURVE('',#889,#909,#221,.T.);
#1152=EDGE_CURVE('',#909,#910,#222,.T.);
#1153=EDGE_CURVE('',#853,#910,#223,.T.);
#1154=EDGE_CURVE('',#866,#852,#224,.T.);
#1155=EDGE_CURVE('',#911,#865,#225,.T.);
#1156=EDGE_CURVE('',#912,#911,#226,.T.);
#1157=EDGE_CURVE('',#913,#912,#227,.T.);
#1158=EDGE_CURVE('',#914,#913,#228,.T.);
#1159=EDGE_CURVE('',#861,#914,#229,.T.);
#1160=EDGE_CURVE('',#860,#915,#230,.T.);
#1161=EDGE_CURVE('',#915,#908,#231,.T.);
#1162=EDGE_CURVE('',#916,#916,#716,.T.);
#1163=EDGE_CURVE('',#848,#917,#717,.T.);
#1164=EDGE_CURVE('',#917,#918,#718,.T.);
#1165=EDGE_CURVE('',#918,#917,#719,.T.);
#1166=EDGE_CURVE('',#918,#919,#232,.T.);
#1167=EDGE_CURVE('',#920,#919,#720,.T.);
#1168=EDGE_CURVE('',#919,#920,#721,.T.);
#1169=EDGE_CURVE('',#921,#921,#722,.T.);
#1170=EDGE_CURVE('',#921,#922,#723,.T.);
#1171=EDGE_CURVE('',#922,#923,#724,.T.);
#1172=EDGE_CURVE('',#923,#922,#725,.T.);
#1173=EDGE_CURVE('',#902,#924,#233,.T.);
#1174=EDGE_CURVE('',#857,#924,#234,.T.);
#1175=EDGE_CURVE('',#856,#925,#235,.T.);
#1176=EDGE_CURVE('',#925,#926,#236,.T.);
#1177=EDGE_CURVE('',#926,#878,#237,.T.);
#1178=EDGE_CURVE('',#927,#927,#726,.T.);
#1179=EDGE_CURVE('',#928,#928,#727,.T.);
#1180=EDGE_CURVE('',#929,#929,#728,.T.);
#1181=EDGE_CURVE('',#930,#930,#729,.T.);
#1182=EDGE_CURVE('',#931,#931,#730,.T.);
#1183=EDGE_CURVE('',#932,#932,#731,.T.);
#1184=EDGE_CURVE('',#933,#933,#732,.T.);
#1185=EDGE_CURVE('',#934,#935,#733,.T.);
#1186=EDGE_CURVE('',#934,#923,#238,.T.);
#1187=EDGE_CURVE('',#935,#934,#734,.T.);
#1188=EDGE_CURVE('',#927,#936,#735,.T.);
#1189=EDGE_CURVE('',#936,#937,#736,.T.);
#1190=EDGE_CURVE('',#937,#936,#737,.T.);
#1191=EDGE_CURVE('',#938,#939,#738,.T.);
#1192=EDGE_CURVE('',#938,#937,#239,.T.);
#1193=EDGE_CURVE('',#939,#938,#739,.T.);
#1194=EDGE_CURVE('',#933,#940,#740,.T.);
#1195=EDGE_CURVE('',#940,#941,#741,.T.);
#1196=EDGE_CURVE('',#941,#940,#742,.T.);
#1197=EDGE_CURVE('',#942,#943,#743,.T.);
#1198=EDGE_CURVE('',#942,#941,#240,.T.);
#1199=EDGE_CURVE('',#943,#942,#744,.T.);
#1200=EDGE_CURVE('',#928,#944,#745,.T.);
#1201=EDGE_CURVE('',#944,#945,#746,.T.);
#1202=EDGE_CURVE('',#945,#944,#747,.T.);
#1203=EDGE_CURVE('',#946,#947,#748,.T.);
#1204=EDGE_CURVE('',#946,#945,#241,.T.);
#1205=EDGE_CURVE('',#947,#946,#749,.T.);
#1206=EDGE_CURVE('',#932,#948,#750,.T.);
#1207=EDGE_CURVE('',#948,#949,#751,.T.);
#1208=EDGE_CURVE('',#949,#948,#752,.T.);
#1209=EDGE_CURVE('',#950,#951,#753,.T.);
#1210=EDGE_CURVE('',#950,#949,#242,.T.);
#1211=EDGE_CURVE('',#951,#950,#754,.T.);
#1212=EDGE_CURVE('',#929,#952,#755,.T.);
#1213=EDGE_CURVE('',#952,#953,#756,.T.);
#1214=EDGE_CURVE('',#953,#952,#757,.T.);
#1215=EDGE_CURVE('',#954,#955,#758,.T.);
#1216=EDGE_CURVE('',#954,#953,#243,.T.);
#1217=EDGE_CURVE('',#955,#954,#759,.T.);
#1218=EDGE_CURVE('',#931,#956,#760,.T.);
#1219=EDGE_CURVE('',#956,#957,#761,.T.);
#1220=EDGE_CURVE('',#957,#956,#762,.T.);
#1221=EDGE_CURVE('',#958,#959,#763,.T.);
#1222=EDGE_CURVE('',#958,#957,#244,.T.);
#1223=EDGE_CURVE('',#959,#958,#764,.T.);
#1224=EDGE_CURVE('',#930,#960,#765,.T.);
#1225=EDGE_CURVE('',#960,#961,#766,.T.);
#1226=EDGE_CURVE('',#961,#960,#767,.T.);
#1227=EDGE_CURVE('',#962,#963,#768,.T.);
#1228=EDGE_CURVE('',#962,#961,#245,.T.);
#1229=EDGE_CURVE('',#963,#962,#769,.T.);
#1230=EDGE_CURVE('',#964,#964,#770,.T.);
#1231=EDGE_CURVE('',#964,#939,#771,.T.);
#1232=EDGE_CURVE('',#965,#965,#772,.T.);
#1233=EDGE_CURVE('',#966,#966,#773,.T.);
#1234=EDGE_CURVE('',#967,#967,#774,.T.);
#1235=EDGE_CURVE('',#968,#968,#775,.T.);
#1236=EDGE_CURVE('',#969,#969,#776,.T.);
#1237=EDGE_CURVE('',#970,#970,#777,.T.);
#1238=EDGE_CURVE('',#971,#971,#778,.T.);
#1239=EDGE_CURVE('',#965,#943,#779,.T.);
#1240=EDGE_CURVE('',#971,#963,#780,.T.);
#1241=EDGE_CURVE('',#966,#959,#781,.T.);
#1242=EDGE_CURVE('',#916,#920,#782,.T.);
#1243=EDGE_CURVE('',#970,#955,#783,.T.);
#1244=EDGE_CURVE('',#967,#951,#784,.T.);
#1245=EDGE_CURVE('',#969,#947,#785,.T.);
#1246=EDGE_CURVE('',#968,#935,#786,.T.);
#1247=EDGE_CURVE('',#972,#972,#787,.T.);
#1248=EDGE_CURVE('',#972,#973,#246,.T.);
#1249=EDGE_CURVE('',#973,#973,#788,.T.);
#1250=EDGE_CURVE('',#924,#906,#789,.T.);
#1251=EDGE_CURVE('',#974,#974,#790,.T.);
#1252=EDGE_CURVE('',#974,#975,#247,.T.);
#1253=EDGE_CURVE('',#975,#975,#791,.T.);
#1254=EDGE_CURVE('',#881,#976,#248,.T.);
#1255=EDGE_CURVE('',#977,#976,#249,.T.);
#1256=EDGE_CURVE('',#882,#977,#250,.T.);
#1257=EDGE_CURVE('',#976,#926,#251,.T.);
#1258=EDGE_CURVE('',#978,#925,#792,.T.);
#1259=EDGE_CURVE('',#977,#978,#252,.T.);
#1260=EDGE_CURVE('',#979,#979,#793,.T.);
#1261=EDGE_CURVE('',#979,#980,#253,.T.);
#1262=EDGE_CURVE('',#980,#980,#794,.T.);
#1263=EDGE_CURVE('',#905,#915,#795,.T.);
#1264=EDGE_CURVE('',#981,#981,#796,.T.);
#1265=EDGE_CURVE('',#981,#982,#254,.T.);
#1266=EDGE_CURVE('',#982,#982,#797,.T.);
#1267=EDGE_CURVE('',#983,#885,#255,.T.);
#1268=EDGE_CURVE('',#984,#983,#256,.T.);
#1269=EDGE_CURVE('',#891,#984,#257,.T.);
#1270=EDGE_CURVE('',#909,#984,#258,.T.);
#1271=EDGE_CURVE('',#910,#985,#798,.T.);
#1272=EDGE_CURVE('',#985,#983,#259,.T.);
#1273=EDGE_CURVE('',#986,#914,#799,.T.);
#1274=EDGE_CURVE('',#986,#862,#260,.T.);
#1275=EDGE_CURVE('',#838,#986,#261,.T.);
#1276=EDGE_CURVE('',#867,#911,#800,.T.);
#1277=EDGE_CURVE('',#987,#913,#801,.T.);
#1278=EDGE_CURVE('',#912,#988,#802,.T.);
#1279=EDGE_CURVE('',#988,#987,#262,.T.);
#1280=EDGE_CURVE('',#835,#987,#263,.T.);
#1281=EDGE_CURVE('',#855,#978,#264,.T.);
#1282=EDGE_CURVE('',#854,#985,#265,.T.);
#1283=EDGE_CURVE('',#836,#988,#266,.T.);
#1284=ORIENTED_EDGE('',*,*,#989,.T.);
#1285=ORIENTED_EDGE('',*,*,#990,.T.);
#1286=ORIENTED_EDGE('',*,*,#991,.T.);
#1287=ORIENTED_EDGE('',*,*,#992,.T.);
#1288=ORIENTED_EDGE('',*,*,#993,.T.);
#1289=ORIENTED_EDGE('',*,*,#994,.T.);
#1290=ORIENTED_EDGE('',*,*,#995,.T.);
#1291=ORIENTED_EDGE('',*,*,#996,.T.);
#1292=ORIENTED_EDGE('',*,*,#997,.T.);
#1293=ORIENTED_EDGE('',*,*,#991,.F.);
#1294=ORIENTED_EDGE('',*,*,#998,.T.);
#1295=ORIENTED_EDGE('',*,*,#999,.T.);
#1296=ORIENTED_EDGE('',*,*,#1000,.T.);
#1297=ORIENTED_EDGE('',*,*,#1001,.T.);
#1298=ORIENTED_EDGE('',*,*,#1002,.T.);
#1299=ORIENTED_EDGE('',*,*,#994,.F.);
#1300=ORIENTED_EDGE('',*,*,#1003,.T.);
#1301=ORIENTED_EDGE('',*,*,#1004,.T.);
#1302=ORIENTED_EDGE('',*,*,#1005,.T.);
#1303=ORIENTED_EDGE('',*,*,#1006,.T.);
#1304=ORIENTED_EDGE('',*,*,#1007,.T.);
#1305=ORIENTED_EDGE('',*,*,#1008,.T.);
#1306=ORIENTED_EDGE('',*,*,#1009,.T.);
#1307=ORIENTED_EDGE('',*,*,#1010,.T.);
#1308=ORIENTED_EDGE('',*,*,#1006,.F.);
#1309=ORIENTED_EDGE('',*,*,#1011,.T.);
#1310=ORIENTED_EDGE('',*,*,#1012,.T.);
#1311=ORIENTED_EDGE('',*,*,#1013,.T.);
#1312=ORIENTED_EDGE('',*,*,#1009,.F.);
#1313=ORIENTED_EDGE('',*,*,#1014,.T.);
#1314=ORIENTED_EDGE('',*,*,#1015,.T.);
#1315=ORIENTED_EDGE('',*,*,#1016,.T.);
#1316=ORIENTED_EDGE('',*,*,#1012,.F.);
#1317=ORIENTED_EDGE('',*,*,#1017,.T.);
#1318=ORIENTED_EDGE('',*,*,#1018,.T.);
#1319=ORIENTED_EDGE('',*,*,#1019,.T.);
#1320=ORIENTED_EDGE('',*,*,#1015,.F.);
#1321=ORIENTED_EDGE('',*,*,#1020,.T.);
#1322=ORIENTED_EDGE('',*,*,#1021,.T.);
#1323=ORIENTED_EDGE('',*,*,#1022,.T.);
#1324=ORIENTED_EDGE('',*,*,#1018,.F.);
#1325=ORIENTED_EDGE('',*,*,#1023,.T.);
#1326=ORIENTED_EDGE('',*,*,#1024,.T.);
#1327=ORIENTED_EDGE('',*,*,#1021,.F.);
#1328=ORIENTED_EDGE('',*,*,#1025,.T.);
#1329=ORIENTED_EDGE('',*,*,#1026,.T.);
#1330=ORIENTED_EDGE('',*,*,#1027,.T.);
#1331=ORIENTED_EDGE('',*,*,#1008,.F.);
#1332=ORIENTED_EDGE('',*,*,#1028,.T.);
#1333=ORIENTED_EDGE('',*,*,#1029,.T.);
#1334=ORIENTED_EDGE('',*,*,#1030,.T.);
#1335=ORIENTED_EDGE('',*,*,#1004,.F.);
#1336=ORIENTED_EDGE('',*,*,#1031,.T.);
#1337=ORIENTED_EDGE('',*,*,#1032,.T.);
#1338=ORIENTED_EDGE('',*,*,#1026,.F.);
#1339=ORIENTED_EDGE('',*,*,#1033,.T.);
#1340=ORIENTED_EDGE('',*,*,#1001,.F.);
#1341=ORIENTED_EDGE('',*,*,#1034,.T.);
#1342=ORIENTED_EDGE('',*,*,#1035,.T.);
#1343=ORIENTED_EDGE('',*,*,#1036,.T.);
#1344=ORIENTED_EDGE('',*,*,#999,.F.);
#1345=ORIENTED_EDGE('',*,*,#1037,.F.);
#1346=ORIENTED_EDGE('',*,*,#1038,.T.);
#1347=ORIENTED_EDGE('',*,*,#1039,.T.);
#1348=ORIENTED_EDGE('',*,*,#1040,.T.);
#1349=ORIENTED_EDGE('',*,*,#1041,.T.);
#1350=ORIENTED_EDGE('',*,*,#989,.F.);
#1351=ORIENTED_EDGE('',*,*,#1042,.T.);
#1352=ORIENTED_EDGE('',*,*,#1043,.T.);
#1353=ORIENTED_EDGE('',*,*,#1040,.F.);
#1354=ORIENTED_EDGE('',*,*,#1044,.T.);
#1355=ORIENTED_EDGE('',*,*,#1038,.F.);
#1356=ORIENTED_EDGE('',*,*,#1043,.F.);
#1357=ORIENTED_EDGE('',*,*,#1045,.F.);
#1358=ORIENTED_EDGE('',*,*,#1046,.F.);
#1359=ORIENTED_EDGE('',*,*,#1047,.T.);
#1360=ORIENTED_EDGE('',*,*,#998,.F.);
#1361=ORIENTED_EDGE('',*,*,#1033,.F.);
#1362=ORIENTED_EDGE('',*,*,#1025,.F.);
#1363=ORIENTED_EDGE('',*,*,#1048,.F.);
#1364=ORIENTED_EDGE('',*,*,#1023,.F.);
#1365=ORIENTED_EDGE('',*,*,#1049,.F.);
#1366=ORIENTED_EDGE('',*,*,#1050,.F.);
#1367=ORIENTED_EDGE('',*,*,#1045,.T.);
#1368=ORIENTED_EDGE('',*,*,#1037,.T.);
#1369=ORIENTED_EDGE('',*,*,#1048,.T.);
#1370=ORIENTED_EDGE('',*,*,#1020,.F.);
#1371=ORIENTED_EDGE('',*,*,#1051,.F.);
#1372=ORIENTED_EDGE('',*,*,#1052,.F.);
#1373=ORIENTED_EDGE('',*,*,#1049,.T.);
#1374=ORIENTED_EDGE('',*,*,#1017,.F.);
#1375=ORIENTED_EDGE('',*,*,#1053,.F.);
#1376=ORIENTED_EDGE('',*,*,#1054,.F.);
#1377=ORIENTED_EDGE('',*,*,#1051,.T.);
#1378=ORIENTED_EDGE('',*,*,#1055,.F.);
#1379=ORIENTED_EDGE('',*,*,#1014,.F.);
#1380=ORIENTED_EDGE('',*,*,#1056,.F.);
#1381=ORIENTED_EDGE('',*,*,#1057,.F.);
#1382=ORIENTED_EDGE('',*,*,#1053,.T.);
#1383=ORIENTED_EDGE('',*,*,#1003,.F.);
#1384=ORIENTED_EDGE('',*,*,#1058,.T.);
#1385=ORIENTED_EDGE('',*,*,#1005,.F.);
#1386=ORIENTED_EDGE('',*,*,#1027,.F.);
#1387=ORIENTED_EDGE('',*,*,#1011,.F.);
#1388=ORIENTED_EDGE('',*,*,#1058,.F.);
#1389=ORIENTED_EDGE('',*,*,#993,.F.);
#1390=ORIENTED_EDGE('',*,*,#1059,.F.);
#1391=ORIENTED_EDGE('',*,*,#1060,.F.);
#1392=ORIENTED_EDGE('',*,*,#1056,.T.);
#1393=ORIENTED_EDGE('',*,*,#1044,.F.);
#1394=ORIENTED_EDGE('',*,*,#1042,.F.);
#1395=ORIENTED_EDGE('',*,*,#992,.F.);
#1396=ORIENTED_EDGE('',*,*,#997,.F.);
#1397=ORIENTED_EDGE('',*,*,#1061,.T.);
#1398=ORIENTED_EDGE('',*,*,#1062,.T.);
#1399=ORIENTED_EDGE('',*,*,#1063,.T.);
#1400=ORIENTED_EDGE('',*,*,#1064,.F.);
#1401=ORIENTED_EDGE('',*,*,#1065,.F.);
#1402=ORIENTED_EDGE('',*,*,#1066,.F.);
#1403=ORIENTED_EDGE('',*,*,#1067,.F.);
#1404=ORIENTED_EDGE('',*,*,#1068,.F.);
#1405=ORIENTED_EDGE('',*,*,#1069,.F.);
#1406=ORIENTED_EDGE('',*,*,#1070,.F.);
#1407=ORIENTED_EDGE('',*,*,#1071,.T.);
#1408=ORIENTED_EDGE('',*,*,#1072,.T.);
#1409=ORIENTED_EDGE('',*,*,#1073,.F.);
#1410=ORIENTED_EDGE('',*,*,#1039,.F.);
#1411=ORIENTED_EDGE('',*,*,#996,.F.);
#1412=ORIENTED_EDGE('',*,*,#1074,.T.);
#1413=ORIENTED_EDGE('',*,*,#1075,.F.);
#1414=ORIENTED_EDGE('',*,*,#1061,.F.);
#1415=ORIENTED_EDGE('',*,*,#1002,.F.);
#1416=ORIENTED_EDGE('',*,*,#1030,.F.);
#1417=ORIENTED_EDGE('',*,*,#1076,.F.);
#1418=ORIENTED_EDGE('',*,*,#1077,.F.);
#1419=ORIENTED_EDGE('',*,*,#1078,.T.);
#1420=ORIENTED_EDGE('',*,*,#1079,.T.);
#1421=ORIENTED_EDGE('',*,*,#1074,.F.);
#1422=ORIENTED_EDGE('',*,*,#995,.F.);
#1423=ORIENTED_EDGE('',*,*,#1029,.F.);
#1424=ORIENTED_EDGE('',*,*,#1080,.F.);
#1425=ORIENTED_EDGE('',*,*,#1081,.F.);
#1426=ORIENTED_EDGE('',*,*,#1076,.T.);
#1427=ORIENTED_EDGE('',*,*,#1082,.T.);
#1428=ORIENTED_EDGE('',*,*,#1083,.T.);
#1429=ORIENTED_EDGE('',*,*,#1084,.T.);
#1430=ORIENTED_EDGE('',*,*,#1054,.T.);
#1431=ORIENTED_EDGE('',*,*,#1085,.T.);
#1432=ORIENTED_EDGE('',*,*,#1052,.T.);
#1433=ORIENTED_EDGE('',*,*,#1084,.F.);
#1434=ORIENTED_EDGE('',*,*,#1086,.T.);
#1435=ORIENTED_EDGE('',*,*,#1087,.T.);
#1436=ORIENTED_EDGE('',*,*,#1050,.T.);
#1437=ORIENTED_EDGE('',*,*,#1085,.F.);
#1438=ORIENTED_EDGE('',*,*,#1088,.T.);
#1439=ORIENTED_EDGE('',*,*,#1089,.T.);
#1440=ORIENTED_EDGE('',*,*,#1046,.T.);
#1441=ORIENTED_EDGE('',*,*,#1087,.F.);
#1442=ORIENTED_EDGE('',*,*,#1090,.T.);
#1443=ORIENTED_EDGE('',*,*,#1091,.T.);
#1444=ORIENTED_EDGE('',*,*,#1092,.T.);
#1445=ORIENTED_EDGE('',*,*,#1089,.F.);
#1446=ORIENTED_EDGE('',*,*,#1093,.T.);
#1447=ORIENTED_EDGE('',*,*,#1094,.T.);
#1448=ORIENTED_EDGE('',*,*,#1095,.T.);
#1449=ORIENTED_EDGE('',*,*,#1091,.F.);
#1450=ORIENTED_EDGE('',*,*,#1096,.T.);
#1451=ORIENTED_EDGE('',*,*,#1097,.T.);
#1452=ORIENTED_EDGE('',*,*,#1060,.T.);
#1453=ORIENTED_EDGE('',*,*,#1094,.F.);
#1454=ORIENTED_EDGE('',*,*,#1098,.T.);
#1455=ORIENTED_EDGE('',*,*,#1082,.F.);
#1456=ORIENTED_EDGE('',*,*,#1057,.T.);
#1457=ORIENTED_EDGE('',*,*,#1097,.F.);
#1458=ORIENTED_EDGE('',*,*,#1099,.T.);
#1459=ORIENTED_EDGE('',*,*,#990,.F.);
#1460=ORIENTED_EDGE('',*,*,#1100,.F.);
#1461=ORIENTED_EDGE('',*,*,#1095,.F.);
#1462=ORIENTED_EDGE('',*,*,#1059,.T.);
#1463=ORIENTED_EDGE('',*,*,#1083,.F.);
#1464=ORIENTED_EDGE('',*,*,#1099,.F.);
#1465=ORIENTED_EDGE('',*,*,#1098,.F.);
#1466=ORIENTED_EDGE('',*,*,#1096,.F.);
#1467=ORIENTED_EDGE('',*,*,#1093,.F.);
#1468=ORIENTED_EDGE('',*,*,#1090,.F.);
#1469=ORIENTED_EDGE('',*,*,#1088,.F.);
#1470=ORIENTED_EDGE('',*,*,#1086,.F.);
#1471=ORIENTED_EDGE('',*,*,#1101,.T.);
#1472=ORIENTED_EDGE('',*,*,#1102,.T.);
#1473=ORIENTED_EDGE('',*,*,#1103,.T.);
#1474=ORIENTED_EDGE('',*,*,#1104,.T.);
#1475=ORIENTED_EDGE('',*,*,#1105,.T.);
#1476=ORIENTED_EDGE('',*,*,#1106,.T.);
#1477=ORIENTED_EDGE('',*,*,#1107,.T.);
#1478=ORIENTED_EDGE('',*,*,#1108,.T.);
#1479=ORIENTED_EDGE('',*,*,#1109,.T.);
#1480=ORIENTED_EDGE('',*,*,#1110,.T.);
#1481=ORIENTED_EDGE('',*,*,#1111,.T.);
#1482=ORIENTED_EDGE('',*,*,#1106,.F.);
#1483=ORIENTED_EDGE('',*,*,#1112,.T.);
#1484=ORIENTED_EDGE('',*,*,#1113,.T.);
#1485=ORIENTED_EDGE('',*,*,#1114,.T.);
#1486=ORIENTED_EDGE('',*,*,#1115,.T.);
#1487=ORIENTED_EDGE('',*,*,#1116,.T.);
#1488=ORIENTED_EDGE('',*,*,#1117,.T.);
#1489=ORIENTED_EDGE('',*,*,#1118,.T.);
#1490=ORIENTED_EDGE('',*,*,#1110,.F.);
#1491=ORIENTED_EDGE('',*,*,#1119,.T.);
#1492=ORIENTED_EDGE('',*,*,#1117,.F.);
#1493=ORIENTED_EDGE('',*,*,#1120,.T.);
#1494=ORIENTED_EDGE('',*,*,#1113,.F.);
#1495=ORIENTED_EDGE('',*,*,#1121,.T.);
#1496=ORIENTED_EDGE('',*,*,#1115,.F.);
#1497=ORIENTED_EDGE('',*,*,#1122,.T.);
#1498=ORIENTED_EDGE('',*,*,#1123,.T.);
#1499=ORIENTED_EDGE('',*,*,#1124,.T.);
#1500=ORIENTED_EDGE('',*,*,#1123,.F.);
#1501=ORIENTED_EDGE('',*,*,#1125,.T.);
#1502=ORIENTED_EDGE('',*,*,#1126,.T.);
#1503=ORIENTED_EDGE('',*,*,#1127,.T.);
#1504=ORIENTED_EDGE('',*,*,#1108,.F.);
#1505=ORIENTED_EDGE('',*,*,#1128,.T.);
#1506=ORIENTED_EDGE('',*,*,#1102,.F.);
#1507=ORIENTED_EDGE('',*,*,#1129,.T.);
#1508=ORIENTED_EDGE('',*,*,#1126,.F.);
#1509=ORIENTED_EDGE('',*,*,#1130,.T.);
#1510=ORIENTED_EDGE('',*,*,#1131,.T.);
#1511=ORIENTED_EDGE('',*,*,#1132,.T.);
#1512=ORIENTED_EDGE('',*,*,#1131,.F.);
#1513=ORIENTED_EDGE('',*,*,#1133,.T.);
#1514=ORIENTED_EDGE('',*,*,#1134,.T.);
#1515=ORIENTED_EDGE('',*,*,#1135,.T.);
#1516=ORIENTED_EDGE('',*,*,#1134,.F.);
#1517=ORIENTED_EDGE('',*,*,#1136,.T.);
#1518=ORIENTED_EDGE('',*,*,#1104,.F.);
#1519=ORIENTED_EDGE('',*,*,#1136,.F.);
#1520=ORIENTED_EDGE('',*,*,#1137,.T.);
#1521=ORIENTED_EDGE('',*,*,#1138,.F.);
#1522=ORIENTED_EDGE('',*,*,#1139,.F.);
#1523=ORIENTED_EDGE('',*,*,#1133,.F.);
#1524=ORIENTED_EDGE('',*,*,#1140,.F.);
#1525=ORIENTED_EDGE('',*,*,#1141,.F.);
#1526=ORIENTED_EDGE('',*,*,#1137,.F.);
#1527=ORIENTED_EDGE('',*,*,#1130,.F.);
#1528=ORIENTED_EDGE('',*,*,#1142,.T.);
#1529=ORIENTED_EDGE('',*,*,#1143,.T.);
#1530=ORIENTED_EDGE('',*,*,#1144,.F.);
#1531=ORIENTED_EDGE('',*,*,#1069,.T.);
#1532=ORIENTED_EDGE('',*,*,#1145,.T.);
#1533=ORIENTED_EDGE('',*,*,#1146,.T.);
#1534=ORIENTED_EDGE('',*,*,#1140,.T.);
#1535=ORIENTED_EDGE('',*,*,#1125,.F.);
#1536=ORIENTED_EDGE('',*,*,#1147,.T.);
#1537=ORIENTED_EDGE('',*,*,#1148,.F.);
#1538=ORIENTED_EDGE('',*,*,#1142,.F.);
#1539=ORIENTED_EDGE('',*,*,#1122,.F.);
#1540=ORIENTED_EDGE('',*,*,#1149,.F.);
#1541=ORIENTED_EDGE('',*,*,#1150,.F.);
#1542=ORIENTED_EDGE('',*,*,#1147,.F.);
#1543=ORIENTED_EDGE('',*,*,#1114,.F.);
#1544=ORIENTED_EDGE('',*,*,#1151,.T.);
#1545=ORIENTED_EDGE('',*,*,#1152,.T.);
#1546=ORIENTED_EDGE('',*,*,#1153,.F.);
#1547=ORIENTED_EDGE('',*,*,#1063,.F.);
#1548=ORIENTED_EDGE('',*,*,#1154,.F.);
#1549=ORIENTED_EDGE('',*,*,#1078,.F.);
#1550=ORIENTED_EDGE('',*,*,#1155,.F.);
#1551=ORIENTED_EDGE('',*,*,#1156,.F.);
#1552=ORIENTED_EDGE('',*,*,#1157,.F.);
#1553=ORIENTED_EDGE('',*,*,#1158,.F.);
#1554=ORIENTED_EDGE('',*,*,#1159,.F.);
#1555=ORIENTED_EDGE('',*,*,#1071,.F.);
#1556=ORIENTED_EDGE('',*,*,#1160,.T.);
#1557=ORIENTED_EDGE('',*,*,#1161,.T.);
#1558=ORIENTED_EDGE('',*,*,#1149,.T.);
#1559=ORIENTED_EDGE('',*,*,#1162,.F.);
#1560=ORIENTED_EDGE('',*,*,#1112,.F.);
#1561=ORIENTED_EDGE('',*,*,#1121,.F.);
#1562=ORIENTED_EDGE('',*,*,#1124,.F.);
#1563=ORIENTED_EDGE('',*,*,#1129,.F.);
#1564=ORIENTED_EDGE('',*,*,#1132,.F.);
#1565=ORIENTED_EDGE('',*,*,#1135,.F.);
#1566=ORIENTED_EDGE('',*,*,#1103,.F.);
#1567=ORIENTED_EDGE('',*,*,#1128,.F.);
#1568=ORIENTED_EDGE('',*,*,#1107,.F.);
#1569=ORIENTED_EDGE('',*,*,#1111,.F.);
#1570=ORIENTED_EDGE('',*,*,#1118,.F.);
#1571=ORIENTED_EDGE('',*,*,#1119,.F.);
#1572=ORIENTED_EDGE('',*,*,#1055,.T.);
#1573=ORIENTED_EDGE('',*,*,#1163,.T.);
#1574=ORIENTED_EDGE('',*,*,#1164,.T.);
#1575=ORIENTED_EDGE('',*,*,#1165,.T.);
#1576=ORIENTED_EDGE('',*,*,#1163,.F.);
#1577=ORIENTED_EDGE('',*,*,#1165,.F.);
#1578=ORIENTED_EDGE('',*,*,#1166,.T.);
#1579=ORIENTED_EDGE('',*,*,#1167,.F.);
#1580=ORIENTED_EDGE('',*,*,#1168,.F.);
#1581=ORIENTED_EDGE('',*,*,#1166,.F.);
#1582=ORIENTED_EDGE('',*,*,#1164,.F.);
#1583=ORIENTED_EDGE('',*,*,#1169,.T.);
#1584=ORIENTED_EDGE('',*,*,#1170,.T.);
#1585=ORIENTED_EDGE('',*,*,#1171,.T.);
#1586=ORIENTED_EDGE('',*,*,#1172,.T.);
#1587=ORIENTED_EDGE('',*,*,#1170,.F.);
#1588=ORIENTED_EDGE('',*,*,#1101,.F.);
#1589=ORIENTED_EDGE('',*,*,#1139,.T.);
#1590=ORIENTED_EDGE('',*,*,#1173,.T.);
#1591=ORIENTED_EDGE('',*,*,#1174,.F.);
#1592=ORIENTED_EDGE('',*,*,#1067,.T.);
#1593=ORIENTED_EDGE('',*,*,#1175,.T.);
#1594=ORIENTED_EDGE('',*,*,#1176,.T.);
#1595=ORIENTED_EDGE('',*,*,#1177,.T.);
#1596=ORIENTED_EDGE('',*,*,#1178,.F.);
#1597=ORIENTED_EDGE('',*,*,#1179,.F.);
#1598=ORIENTED_EDGE('',*,*,#1180,.F.);
#1599=ORIENTED_EDGE('',*,*,#1181,.F.);
#1600=ORIENTED_EDGE('',*,*,#1182,.F.);
#1601=ORIENTED_EDGE('',*,*,#1183,.F.);
#1602=ORIENTED_EDGE('',*,*,#1184,.F.);
#1603=ORIENTED_EDGE('',*,*,#1169,.F.);
#1604=ORIENTED_EDGE('',*,*,#1185,.F.);
#1605=ORIENTED_EDGE('',*,*,#1186,.T.);
#1606=ORIENTED_EDGE('',*,*,#1171,.F.);
#1607=ORIENTED_EDGE('',*,*,#1172,.F.);
#1608=ORIENTED_EDGE('',*,*,#1186,.F.);
#1609=ORIENTED_EDGE('',*,*,#1187,.F.);
#1610=ORIENTED_EDGE('',*,*,#1178,.T.);
#1611=ORIENTED_EDGE('',*,*,#1188,.T.);
#1612=ORIENTED_EDGE('',*,*,#1189,.T.);
#1613=ORIENTED_EDGE('',*,*,#1190,.T.);
#1614=ORIENTED_EDGE('',*,*,#1188,.F.);
#1615=ORIENTED_EDGE('',*,*,#1191,.F.);
#1616=ORIENTED_EDGE('',*,*,#1192,.T.);
#1617=ORIENTED_EDGE('',*,*,#1189,.F.);
#1618=ORIENTED_EDGE('',*,*,#1190,.F.);
#1619=ORIENTED_EDGE('',*,*,#1192,.F.);
#1620=ORIENTED_EDGE('',*,*,#1193,.F.);
#1621=ORIENTED_EDGE('',*,*,#1184,.T.);
#1622=ORIENTED_EDGE('',*,*,#1194,.T.);
#1623=ORIENTED_EDGE('',*,*,#1195,.T.);
#1624=ORIENTED_EDGE('',*,*,#1196,.T.);
#1625=ORIENTED_EDGE('',*,*,#1194,.F.);
#1626=ORIENTED_EDGE('',*,*,#1197,.F.);
#1627=ORIENTED_EDGE('',*,*,#1198,.T.);
#1628=ORIENTED_EDGE('',*,*,#1195,.F.);
#1629=ORIENTED_EDGE('',*,*,#1196,.F.);
#1630=ORIENTED_EDGE('',*,*,#1198,.F.);
#1631=ORIENTED_EDGE('',*,*,#1199,.F.);
#1632=ORIENTED_EDGE('',*,*,#1179,.T.);
#1633=ORIENTED_EDGE('',*,*,#1200,.T.);
#1634=ORIENTED_EDGE('',*,*,#1201,.T.);
#1635=ORIENTED_EDGE('',*,*,#1202,.T.);
#1636=ORIENTED_EDGE('',*,*,#1200,.F.);
#1637=ORIENTED_EDGE('',*,*,#1203,.F.);
#1638=ORIENTED_EDGE('',*,*,#1204,.T.);
#1639=ORIENTED_EDGE('',*,*,#1201,.F.);
#1640=ORIENTED_EDGE('',*,*,#1202,.F.);
#1641=ORIENTED_EDGE('',*,*,#1204,.F.);
#1642=ORIENTED_EDGE('',*,*,#1205,.F.);
#1643=ORIENTED_EDGE('',*,*,#1183,.T.);
#1644=ORIENTED_EDGE('',*,*,#1206,.T.);
#1645=ORIENTED_EDGE('',*,*,#1207,.T.);
#1646=ORIENTED_EDGE('',*,*,#1208,.T.);
#1647=ORIENTED_EDGE('',*,*,#1206,.F.);
#1648=ORIENTED_EDGE('',*,*,#1209,.F.);
#1649=ORIENTED_EDGE('',*,*,#1210,.T.);
#1650=ORIENTED_EDGE('',*,*,#1207,.F.);
#1651=ORIENTED_EDGE('',*,*,#1208,.F.);
#1652=ORIENTED_EDGE('',*,*,#1210,.F.);
#1653=ORIENTED_EDGE('',*,*,#1211,.F.);
#1654=ORIENTED_EDGE('',*,*,#1180,.T.);
#1655=ORIENTED_EDGE('',*,*,#1212,.T.);
#1656=ORIENTED_EDGE('',*,*,#1213,.T.);
#1657=ORIENTED_EDGE('',*,*,#1214,.T.);
#1658=ORIENTED_EDGE('',*,*,#1212,.F.);
#1659=ORIENTED_EDGE('',*,*,#1215,.F.);
#1660=ORIENTED_EDGE('',*,*,#1216,.T.);
#1661=ORIENTED_EDGE('',*,*,#1213,.F.);
#1662=ORIENTED_EDGE('',*,*,#1214,.F.);
#1663=ORIENTED_EDGE('',*,*,#1216,.F.);
#1664=ORIENTED_EDGE('',*,*,#1217,.F.);
#1665=ORIENTED_EDGE('',*,*,#1182,.T.);
#1666=ORIENTED_EDGE('',*,*,#1218,.T.);
#1667=ORIENTED_EDGE('',*,*,#1219,.T.);
#1668=ORIENTED_EDGE('',*,*,#1220,.T.);
#1669=ORIENTED_EDGE('',*,*,#1218,.F.);
#1670=ORIENTED_EDGE('',*,*,#1221,.F.);
#1671=ORIENTED_EDGE('',*,*,#1222,.T.);
#1672=ORIENTED_EDGE('',*,*,#1219,.F.);
#1673=ORIENTED_EDGE('',*,*,#1220,.F.);
#1674=ORIENTED_EDGE('',*,*,#1222,.F.);
#1675=ORIENTED_EDGE('',*,*,#1223,.F.);
#1676=ORIENTED_EDGE('',*,*,#1181,.T.);
#1677=ORIENTED_EDGE('',*,*,#1224,.T.);
#1678=ORIENTED_EDGE('',*,*,#1225,.T.);
#1679=ORIENTED_EDGE('',*,*,#1226,.T.);
#1680=ORIENTED_EDGE('',*,*,#1224,.F.);
#1681=ORIENTED_EDGE('',*,*,#1227,.F.);
#1682=ORIENTED_EDGE('',*,*,#1228,.T.);
#1683=ORIENTED_EDGE('',*,*,#1225,.F.);
#1684=ORIENTED_EDGE('',*,*,#1226,.F.);
#1685=ORIENTED_EDGE('',*,*,#1228,.F.);
#1686=ORIENTED_EDGE('',*,*,#1229,.F.);
#1687=ORIENTED_EDGE('',*,*,#1230,.T.);
#1688=ORIENTED_EDGE('',*,*,#1231,.T.);
#1689=ORIENTED_EDGE('',*,*,#1193,.T.);
#1690=ORIENTED_EDGE('',*,*,#1191,.T.);
#1691=ORIENTED_EDGE('',*,*,#1231,.F.);
#1692=ORIENTED_EDGE('',*,*,#1041,.F.);
#1693=ORIENTED_EDGE('',*,*,#1047,.F.);
#1694=ORIENTED_EDGE('',*,*,#1092,.F.);
#1695=ORIENTED_EDGE('',*,*,#1100,.T.);
#1696=ORIENTED_EDGE('',*,*,#1232,.F.);
#1697=ORIENTED_EDGE('',*,*,#1233,.F.);
#1698=ORIENTED_EDGE('',*,*,#1234,.F.);
#1699=ORIENTED_EDGE('',*,*,#1235,.F.);
#1700=ORIENTED_EDGE('',*,*,#1236,.F.);
#1701=ORIENTED_EDGE('',*,*,#1237,.F.);
#1702=ORIENTED_EDGE('',*,*,#1238,.F.);
#1703=ORIENTED_EDGE('',*,*,#1230,.F.);
#1704=ORIENTED_EDGE('',*,*,#1232,.T.);
#1705=ORIENTED_EDGE('',*,*,#1239,.T.);
#1706=ORIENTED_EDGE('',*,*,#1199,.T.);
#1707=ORIENTED_EDGE('',*,*,#1197,.T.);
#1708=ORIENTED_EDGE('',*,*,#1239,.F.);
#1709=ORIENTED_EDGE('',*,*,#1238,.T.);
#1710=ORIENTED_EDGE('',*,*,#1240,.T.);
#1711=ORIENTED_EDGE('',*,*,#1229,.T.);
#1712=ORIENTED_EDGE('',*,*,#1227,.T.);
#1713=ORIENTED_EDGE('',*,*,#1240,.F.);
#1714=ORIENTED_EDGE('',*,*,#1233,.T.);
#1715=ORIENTED_EDGE('',*,*,#1241,.T.);
#1716=ORIENTED_EDGE('',*,*,#1223,.T.);
#1717=ORIENTED_EDGE('',*,*,#1221,.T.);
#1718=ORIENTED_EDGE('',*,*,#1241,.F.);
#1719=ORIENTED_EDGE('',*,*,#1162,.T.);
#1720=ORIENTED_EDGE('',*,*,#1242,.T.);
#1721=ORIENTED_EDGE('',*,*,#1167,.T.);
#1722=ORIENTED_EDGE('',*,*,#1168,.T.);
#1723=ORIENTED_EDGE('',*,*,#1242,.F.);
#1724=ORIENTED_EDGE('',*,*,#1237,.T.);
#1725=ORIENTED_EDGE('',*,*,#1243,.T.);
#1726=ORIENTED_EDGE('',*,*,#1217,.T.);
#1727=ORIENTED_EDGE('',*,*,#1215,.T.);
#1728=ORIENTED_EDGE('',*,*,#1243,.F.);
#1729=ORIENTED_EDGE('',*,*,#1234,.T.);
#1730=ORIENTED_EDGE('',*,*,#1244,.T.);
#1731=ORIENTED_EDGE('',*,*,#1211,.T.);
#1732=ORIENTED_EDGE('',*,*,#1209,.T.);
#1733=ORIENTED_EDGE('',*,*,#1244,.F.);
#1734=ORIENTED_EDGE('',*,*,#1236,.T.);
#1735=ORIENTED_EDGE('',*,*,#1245,.T.);
#1736=ORIENTED_EDGE('',*,*,#1205,.T.);
#1737=ORIENTED_EDGE('',*,*,#1203,.T.);
#1738=ORIENTED_EDGE('',*,*,#1245,.F.);
#1739=ORIENTED_EDGE('',*,*,#1235,.T.);
#1740=ORIENTED_EDGE('',*,*,#1246,.T.);
#1741=ORIENTED_EDGE('',*,*,#1187,.T.);
#1742=ORIENTED_EDGE('',*,*,#1185,.T.);
#1743=ORIENTED_EDGE('',*,*,#1246,.F.);
#1744=ORIENTED_EDGE('',*,*,#1247,.F.);
#1745=ORIENTED_EDGE('',*,*,#1248,.T.);
#1746=ORIENTED_EDGE('',*,*,#1249,.F.);
#1747=ORIENTED_EDGE('',*,*,#1248,.F.);
#1748=ORIENTED_EDGE('',*,*,#1250,.F.);
#1749=ORIENTED_EDGE('',*,*,#1173,.F.);
#1750=ORIENTED_EDGE('',*,*,#1138,.T.);
#1751=ORIENTED_EDGE('',*,*,#1141,.T.);
#1752=ORIENTED_EDGE('',*,*,#1146,.F.);
#1753=ORIENTED_EDGE('',*,*,#1247,.T.);
#1754=ORIENTED_EDGE('',*,*,#1251,.F.);
#1755=ORIENTED_EDGE('',*,*,#1252,.T.);
#1756=ORIENTED_EDGE('',*,*,#1253,.F.);
#1757=ORIENTED_EDGE('',*,*,#1252,.F.);
#1758=ORIENTED_EDGE('',*,*,#1105,.F.);
#1759=ORIENTED_EDGE('',*,*,#1254,.T.);
#1760=ORIENTED_EDGE('',*,*,#1255,.F.);
#1761=ORIENTED_EDGE('',*,*,#1256,.F.);
#1762=ORIENTED_EDGE('',*,*,#1127,.F.);
#1763=ORIENTED_EDGE('',*,*,#1177,.F.);
#1764=ORIENTED_EDGE('',*,*,#1257,.F.);
#1765=ORIENTED_EDGE('',*,*,#1254,.F.);
#1766=ORIENTED_EDGE('',*,*,#1257,.T.);
#1767=ORIENTED_EDGE('',*,*,#1176,.F.);
#1768=ORIENTED_EDGE('',*,*,#1258,.F.);
#1769=ORIENTED_EDGE('',*,*,#1259,.F.);
#1770=ORIENTED_EDGE('',*,*,#1255,.T.);
#1771=ORIENTED_EDGE('',*,*,#1251,.T.);
#1772=ORIENTED_EDGE('',*,*,#1249,.T.);
#1773=ORIENTED_EDGE('',*,*,#1260,.F.);
#1774=ORIENTED_EDGE('',*,*,#1261,.T.);
#1775=ORIENTED_EDGE('',*,*,#1262,.F.);
#1776=ORIENTED_EDGE('',*,*,#1261,.F.);
#1777=ORIENTED_EDGE('',*,*,#1161,.F.);
#1778=ORIENTED_EDGE('',*,*,#1263,.F.);
#1779=ORIENTED_EDGE('',*,*,#1143,.F.);
#1780=ORIENTED_EDGE('',*,*,#1148,.T.);
#1781=ORIENTED_EDGE('',*,*,#1150,.T.);
#1782=ORIENTED_EDGE('',*,*,#1260,.T.);
#1783=ORIENTED_EDGE('',*,*,#1263,.T.);
#1784=ORIENTED_EDGE('',*,*,#1160,.F.);
#1785=ORIENTED_EDGE('',*,*,#1070,.T.);
#1786=ORIENTED_EDGE('',*,*,#1144,.T.);
#1787=ORIENTED_EDGE('',*,*,#1262,.T.);
#1788=ORIENTED_EDGE('',*,*,#1264,.F.);
#1789=ORIENTED_EDGE('',*,*,#1265,.T.);
#1790=ORIENTED_EDGE('',*,*,#1266,.F.);
#1791=ORIENTED_EDGE('',*,*,#1265,.F.);
#1792=ORIENTED_EDGE('',*,*,#1116,.F.);
#1793=ORIENTED_EDGE('',*,*,#1267,.F.);
#1794=ORIENTED_EDGE('',*,*,#1268,.F.);
#1795=ORIENTED_EDGE('',*,*,#1269,.F.);
#1796=ORIENTED_EDGE('',*,*,#1120,.F.);
#1797=ORIENTED_EDGE('',*,*,#1269,.T.);
#1798=ORIENTED_EDGE('',*,*,#1270,.F.);
#1799=ORIENTED_EDGE('',*,*,#1151,.F.);
#1800=ORIENTED_EDGE('',*,*,#1271,.F.);
#1801=ORIENTED_EDGE('',*,*,#1152,.F.);
#1802=ORIENTED_EDGE('',*,*,#1270,.T.);
#1803=ORIENTED_EDGE('',*,*,#1268,.T.);
#1804=ORIENTED_EDGE('',*,*,#1272,.F.);
#1805=ORIENTED_EDGE('',*,*,#1264,.T.);
#1806=ORIENTED_EDGE('',*,*,#1253,.T.);
#1807=ORIENTED_EDGE('',*,*,#1062,.F.);
#1808=ORIENTED_EDGE('',*,*,#1075,.T.);
#1809=ORIENTED_EDGE('',*,*,#1079,.F.);
#1810=ORIENTED_EDGE('',*,*,#1154,.T.);
#1811=ORIENTED_EDGE('',*,*,#1273,.F.);
#1812=ORIENTED_EDGE('',*,*,#1274,.T.);
#1813=ORIENTED_EDGE('',*,*,#1072,.F.);
#1814=ORIENTED_EDGE('',*,*,#1159,.T.);
#1815=ORIENTED_EDGE('',*,*,#1035,.F.);
#1816=ORIENTED_EDGE('',*,*,#1073,.T.);
#1817=ORIENTED_EDGE('',*,*,#1274,.F.);
#1818=ORIENTED_EDGE('',*,*,#1275,.F.);
#1819=ORIENTED_EDGE('',*,*,#1077,.T.);
#1820=ORIENTED_EDGE('',*,*,#1081,.T.);
#1821=ORIENTED_EDGE('',*,*,#1276,.T.);
#1822=ORIENTED_EDGE('',*,*,#1155,.T.);
#1823=ORIENTED_EDGE('',*,*,#1277,.T.);
#1824=ORIENTED_EDGE('',*,*,#1157,.T.);
#1825=ORIENTED_EDGE('',*,*,#1278,.T.);
#1826=ORIENTED_EDGE('',*,*,#1279,.T.);
#1827=ORIENTED_EDGE('',*,*,#1000,.F.);
#1828=ORIENTED_EDGE('',*,*,#1036,.F.);
#1829=ORIENTED_EDGE('',*,*,#1275,.T.);
#1830=ORIENTED_EDGE('',*,*,#1273,.T.);
#1831=ORIENTED_EDGE('',*,*,#1158,.T.);
#1832=ORIENTED_EDGE('',*,*,#1277,.F.);
#1833=ORIENTED_EDGE('',*,*,#1280,.F.);
#1834=ORIENTED_EDGE('',*,*,#1034,.F.);
#1835=ORIENTED_EDGE('',*,*,#1258,.T.);
#1836=ORIENTED_EDGE('',*,*,#1175,.F.);
#1837=ORIENTED_EDGE('',*,*,#1066,.T.);
#1838=ORIENTED_EDGE('',*,*,#1281,.T.);
#1839=ORIENTED_EDGE('',*,*,#1271,.T.);
#1840=ORIENTED_EDGE('',*,*,#1282,.F.);
#1841=ORIENTED_EDGE('',*,*,#1064,.T.);
#1842=ORIENTED_EDGE('',*,*,#1153,.T.);
#1843=ORIENTED_EDGE('',*,*,#1031,.F.);
#1844=ORIENTED_EDGE('',*,*,#1280,.T.);
#1845=ORIENTED_EDGE('',*,*,#1279,.F.);
#1846=ORIENTED_EDGE('',*,*,#1283,.F.);
#1847=ORIENTED_EDGE('',*,*,#1032,.F.);
#1848=ORIENTED_EDGE('',*,*,#1283,.T.);
#1849=ORIENTED_EDGE('',*,*,#1278,.F.);
#1850=ORIENTED_EDGE('',*,*,#1156,.T.);
#1851=ORIENTED_EDGE('',*,*,#1276,.F.);
#1852=ORIENTED_EDGE('',*,*,#1080,.T.);
#1853=ORIENTED_EDGE('',*,*,#1028,.F.);
#1854=ORIENTED_EDGE('',*,*,#1007,.F.);
#1855=ORIENTED_EDGE('',*,*,#1010,.F.);
#1856=ORIENTED_EDGE('',*,*,#1013,.F.);
#1857=ORIENTED_EDGE('',*,*,#1016,.F.);
#1858=ORIENTED_EDGE('',*,*,#1019,.F.);
#1859=ORIENTED_EDGE('',*,*,#1022,.F.);
#1860=ORIENTED_EDGE('',*,*,#1024,.F.);
#1861=ORIENTED_EDGE('',*,*,#1109,.F.);
#1862=ORIENTED_EDGE('',*,*,#1256,.T.);
#1863=ORIENTED_EDGE('',*,*,#1259,.T.);
#1864=ORIENTED_EDGE('',*,*,#1281,.F.);
#1865=ORIENTED_EDGE('',*,*,#1065,.T.);
#1866=ORIENTED_EDGE('',*,*,#1282,.T.);
#1867=ORIENTED_EDGE('',*,*,#1272,.T.);
#1868=ORIENTED_EDGE('',*,*,#1267,.T.);
#1869=ORIENTED_EDGE('',*,*,#1250,.T.);
#1870=ORIENTED_EDGE('',*,*,#1145,.F.);
#1871=ORIENTED_EDGE('',*,*,#1068,.T.);
#1872=ORIENTED_EDGE('',*,*,#1174,.T.);
#1873=ORIENTED_EDGE('',*,*,#1266,.T.);
#1874=TOROIDAL_SURFACE('',#2034,3.49999999999999,0.5);
#1875=TOROIDAL_SURFACE('',#2038,3.5,0.5);
#1876=TOROIDAL_SURFACE('',#2041,3.49999999999999,0.5);
#1877=TOROIDAL_SURFACE('',#2044,3.49999999999999,0.5);
#1878=TOROIDAL_SURFACE('',#2050,3.50000000000001,0.5);
#1879=TOROIDAL_SURFACE('',#2056,3.5,0.5);
#1880=TOROIDAL_SURFACE('',#2062,3.5,0.5);
#1881=TOROIDAL_SURFACE('',#2076,3.5,0.5);
#1882=TOROIDAL_SURFACE('',#2106,3.5,0.5);
#1883=TOROIDAL_SURFACE('',#2111,3.5,0.5);
#1884=TOROIDAL_SURFACE('',#2116,3.49999999999999,0.5);
#1885=TOROIDAL_SURFACE('',#2122,3.50000000000001,0.5);
#1886=TOROIDAL_SURFACE('',#2158,5.25,0.5);
#1887=TOROIDAL_SURFACE('',#2165,5.25,0.5);
#1888=TOROIDAL_SURFACE('',#2181,2.,0.5);
#1889=TOROIDAL_SURFACE('',#2188,2.,0.5);
#1890=TOROIDAL_SURFACE('',#2195,5.25,0.5);
#1891=TOROIDAL_SURFACE('',#2202,5.25,0.5);
#1892=TOROIDAL_SURFACE('',#2209,5.25,0.5);
#1893=TOROIDAL_SURFACE('',#2216,2.,0.5);
#1894=TOROIDAL_SURFACE('',#2223,2.,0.5);
#1895=TOROIDAL_SURFACE('',#2230,2.,0.5);
#1896=TOROIDAL_SURFACE('',#2241,2.,0.5);
#1897=TOROIDAL_SURFACE('',#2243,2.,0.5);
#1898=TOROIDAL_SURFACE('',#2245,2.,0.5);
#1899=TOROIDAL_SURFACE('',#2247,5.25,0.5);
#1900=TOROIDAL_SURFACE('',#2249,5.25,0.5);
#1901=TOROIDAL_SURFACE('',#2251,5.25,0.5);
#1902=TOROIDAL_SURFACE('',#2253,5.25,0.5);
#1903=TOROIDAL_SURFACE('',#2255,5.25,0.5);
#1904=ADVANCED_FACE('',(#398),#1874,.T.);
#1905=ADVANCED_FACE('',(#399),#397,.F.);
#1906=ADVANCED_FACE('',(#400),#1875,.T.);
#1907=ADVANCED_FACE('',(#401),#1876,.T.);
#1908=ADVANCED_FACE('',(#402),#1877,.T.);
#1909=ADVANCED_FACE('',(#403),#87,.T.);
#1910=ADVANCED_FACE('',(#404),#1878,.T.);
#1911=ADVANCED_FACE('',(#405),#88,.T.);
#1912=ADVANCED_FACE('',(#406),#1879,.T.);
#1913=ADVANCED_FACE('',(#407),#89,.T.);
#1914=ADVANCED_FACE('',(#408),#1880,.T.);
#1915=ADVANCED_FACE('',(#409),#90,.T.);
#1916=ADVANCED_FACE('',(#410),#91,.T.);
#1917=ADVANCED_FACE('',(#411),#92,.T.);
#1918=ADVANCED_FACE('',(#412),#93,.T.);
#1919=ADVANCED_FACE('',(#413),#1881,.T.);
#1920=ADVANCED_FACE('',(#414),#94,.T.);
#1921=ADVANCED_FACE('',(#415),#95,.T.);
#1922=ADVANCED_FACE('',(#416),#53,.T.);
#1923=ADVANCED_FACE('',(#417),#96,.T.);
#1924=ADVANCED_FACE('',(#418,#31),#54,.T.);
#1925=ADVANCED_FACE('',(#419),#97,.T.);
#1926=ADVANCED_FACE('',(#420),#98,.T.);
#1927=ADVANCED_FACE('',(#421),#55,.T.);
#1928=ADVANCED_FACE('',(#422),#56,.F.);
#1929=ADVANCED_FACE('',(#423),#57,.F.);
#1930=ADVANCED_FACE('',(#424),#58,.F.);
#1931=ADVANCED_FACE('',(#425),#59,.F.);
#1932=ADVANCED_FACE('',(#426),#99,.T.);
#1933=ADVANCED_FACE('',(#427),#1882,.T.);
#1934=ADVANCED_FACE('',(#428),#100,.T.);
#1935=ADVANCED_FACE('',(#429),#1883,.T.);
#1936=ADVANCED_FACE('',(#430),#101,.T.);
#1937=ADVANCED_FACE('',(#431),#1884,.T.);
#1938=ADVANCED_FACE('',(#432),#102,.T.);
#1939=ADVANCED_FACE('',(#433),#1885,.T.);
#1940=ADVANCED_FACE('',(#434),#103,.T.);
#1941=ADVANCED_FACE('',(#435),#60,.F.);
#1942=ADVANCED_FACE('',(#436),#104,.F.);
#1943=ADVANCED_FACE('',(#437),#105,.F.);
#1944=ADVANCED_FACE('',(#438),#106,.F.);
#1945=ADVANCED_FACE('',(#439),#107,.F.);
#1946=ADVANCED_FACE('',(#440),#108,.F.);
#1947=ADVANCED_FACE('',(#441),#109,.F.);
#1948=ADVANCED_FACE('',(#442),#110,.F.);
#1949=ADVANCED_FACE('',(#443),#111,.F.);
#1950=ADVANCED_FACE('',(#444),#112,.F.);
#1951=ADVANCED_FACE('',(#445),#113,.F.);
#1952=ADVANCED_FACE('',(#446),#114,.F.);
#1953=ADVANCED_FACE('',(#447),#115,.F.);
#1954=ADVANCED_FACE('',(#448),#61,.T.);
#1955=ADVANCED_FACE('',(#449),#62,.T.);
#1956=ADVANCED_FACE('',(#450),#63,.F.);
#1957=ADVANCED_FACE('',(#451),#64,.T.);
#1958=ADVANCED_FACE('',(#452),#65,.T.);
#1959=ADVANCED_FACE('',(#453,#32),#66,.F.);
#1960=ADVANCED_FACE('',(#454),#67,.T.);
#1961=ADVANCED_FACE('',(#455),#1886,.T.);
#1962=ADVANCED_FACE('',(#456),#116,.F.);
#1963=ADVANCED_FACE('',(#457),#1887,.T.);
#1964=ADVANCED_FACE('',(#458,#33,#34,#35,#36,#37,#38,#39,#40),#68,.F.);
#1965=ADVANCED_FACE('',(#459),#117,.F.);
#1966=ADVANCED_FACE('',(#460),#1888,.T.);
#1967=ADVANCED_FACE('',(#461),#118,.F.);
#1968=ADVANCED_FACE('',(#462),#1889,.T.);
#1969=ADVANCED_FACE('',(#463),#119,.F.);
#1970=ADVANCED_FACE('',(#464),#1890,.T.);
#1971=ADVANCED_FACE('',(#465),#120,.F.);
#1972=ADVANCED_FACE('',(#466),#1891,.T.);
#1973=ADVANCED_FACE('',(#467),#121,.F.);
#1974=ADVANCED_FACE('',(#468),#1892,.T.);
#1975=ADVANCED_FACE('',(#469),#122,.F.);
#1976=ADVANCED_FACE('',(#470),#1893,.T.);
#1977=ADVANCED_FACE('',(#471),#123,.F.);
#1978=ADVANCED_FACE('',(#472),#1894,.T.);
#1979=ADVANCED_FACE('',(#473),#124,.F.);
#1980=ADVANCED_FACE('',(#474),#1895,.T.);
#1981=ADVANCED_FACE('',(#475,#41,#42,#43,#44,#45,#46,#47,#48),#69,.T.);
#1982=ADVANCED_FACE('',(#476),#1896,.T.);
#1983=ADVANCED_FACE('',(#477),#1897,.T.);
#1984=ADVANCED_FACE('',(#478),#1898,.T.);
#1985=ADVANCED_FACE('',(#479),#1899,.T.);
#1986=ADVANCED_FACE('',(#480),#1900,.T.);
#1987=ADVANCED_FACE('',(#481),#1901,.T.);
#1988=ADVANCED_FACE('',(#482),#1902,.T.);
#1989=ADVANCED_FACE('',(#483),#1903,.T.);
#1990=ADVANCED_FACE('',(#484),#125,.F.);
#1991=ADVANCED_FACE('',(#485,#49),#70,.T.);
#1992=ADVANCED_FACE('',(#486),#126,.F.);
#1993=ADVANCED_FACE('',(#487),#71,.T.);
#1994=ADVANCED_FACE('',(#488),#72,.T.);
#1995=ADVANCED_FACE('',(#489,#50),#73,.T.);
#1996=ADVANCED_FACE('',(#490),#74,.T.);
#1997=ADVANCED_FACE('',(#491),#127,.F.);
#1998=ADVANCED_FACE('',(#492,#51),#75,.T.);
#1999=ADVANCED_FACE('',(#493),#128,.F.);
#2000=ADVANCED_FACE('',(#494),#76,.T.);
#2001=ADVANCED_FACE('',(#495),#129,.F.);
#2002=ADVANCED_FACE('',(#496),#77,.T.);
#2003=ADVANCED_FACE('',(#497),#78,.T.);
#2004=ADVANCED_FACE('',(#498,#52),#79,.T.);
#2005=ADVANCED_FACE('',(#499),#80,.T.);
#2006=ADVANCED_FACE('',(#500),#130,.F.);
#2007=ADVANCED_FACE('',(#501),#131,.F.);
#2008=ADVANCED_FACE('',(#502),#81,.F.);
#2009=ADVANCED_FACE('',(#503),#132,.F.);
#2010=ADVANCED_FACE('',(#504),#133,.F.);
#2011=ADVANCED_FACE('',(#505),#82,.F.);
#2012=ADVANCED_FACE('',(#506),#134,.F.);
#2013=ADVANCED_FACE('',(#507),#135,.F.);
#2014=ADVANCED_FACE('',(#508),#83,.F.);
#2015=ADVANCED_FACE('',(#509),#84,.T.);
#2016=ADVANCED_FACE('',(#510),#85,.F.);
#2017=ADVANCED_FACE('',(#511),#136,.F.);
#2018=ADVANCED_FACE('',(#512),#86,.T.);
#2019=CLOSED_SHELL('',(#1904,#1905,#1906,#1907,#1908,#1909,#1910,#1911,
#1912,#1913,#1914,#1915,#1916,#1917,#1918,#1919,#1920,#1921,#1922,#1923,
#1924,#1925,#1926,#1927,#1928,#1929,#1930,#1931,#1932,#1933,#1934,#1935,
#1936,#1937,#1938,#1939,#1940,#1941,#1942,#1943,#1944,#1945,#1946,#1947,
#1948,#1949,#1950,#1951,#1952,#1953,#1954,#1955,#1956,#1957,#1958,#1959,
#1960,#1961,#1962,#1963,#1964,#1965,#1966,#1967,#1968,#1969,#1970,#1971,
#1972,#1973,#1974,#1975,#1976,#1977,#1978,#1979,#1980,#1981,#1982,#1983,
#1984,#1985,#1986,#1987,#1988,#1989,#1990,#1991,#1992,#1993,#1994,#1995,
#1996,#1997,#1998,#1999,#2000,#2001,#2002,#2003,#2004,#2005,#2006,#2007,
#2008,#2009,#2010,#2011,#2012,#2013,#2014,#2015,#2016,#2017,#2018));
#2020=DERIVED_UNIT_ELEMENT(#2022,1.);
#2021=DERIVED_UNIT_ELEMENT(#3735,-3.);
#2022=(
MASS_UNIT()
NAMED_UNIT(*)
SI_UNIT(.KILO.,.GRAM.)
);
#2023=DERIVED_UNIT((#2020,#2021));
#2024=MEASURE_REPRESENTATION_ITEM('density measure',
POSITIVE_RATIO_MEASURE(7850.),#2023);
#2025=PROPERTY_DEFINITION_REPRESENTATION(#2030,#2027);
#2026=PROPERTY_DEFINITION_REPRESENTATION(#2031,#2028);
#2027=REPRESENTATION('material name',(#2029),#3732);
#2028=REPRESENTATION('density',(#2024),#3732);
#2029=DESCRIPTIVE_REPRESENTATION_ITEM('Acier','Acier');
#2030=PROPERTY_DEFINITION('material property','material name',#3747);
#2031=PROPERTY_DEFINITION('material property','density of part',#3747);
#2032=AXIS2_PLACEMENT_3D('',#2975,#2303,#2304);
#2033=AXIS2_PLACEMENT_3D('',#2976,#2305,#2306);
#2034=AXIS2_PLACEMENT_3D('',#2977,#2307,#2308);
#2035=AXIS2_PLACEMENT_3D('',#2980,#2309,#2310);
#2036=AXIS2_PLACEMENT_3D('',#2982,#2311,#2312);
#2037=AXIS2_PLACEMENT_3D('',#3000,#2313,#2314);
#2038=AXIS2_PLACEMENT_3D('',#3068,#2316,#2317);
#2039=AXIS2_PLACEMENT_3D('',#3071,#2318,#2319);
#2040=AXIS2_PLACEMENT_3D('',#3090,#2320,#2321);
#2041=AXIS2_PLACEMENT_3D('',#3105,#2322,#2323);
#2042=AXIS2_PLACEMENT_3D('',#3107,#2324,#2325);
#2043=AXIS2_PLACEMENT_3D('',#3109,#2326,#2327);
#2044=AXIS2_PLACEMENT_3D('',#3124,#2328,#2329);
#2045=AXIS2_PLACEMENT_3D('',#3127,#2330,#2331);
#2046=AXIS2_PLACEMENT_3D('',#3129,#2332,#2333);
#2047=AXIS2_PLACEMENT_3D('',#3131,#2334,#2335);
#2048=AXIS2_PLACEMENT_3D('',#3146,#2336,#2337);
#2049=AXIS2_PLACEMENT_3D('',#3149,#2338,#2339);
#2050=AXIS2_PLACEMENT_3D('',#3152,#2342,#2343);
#2051=AXIS2_PLACEMENT_3D('',#3155,#2344,#2345);
#2052=AXIS2_PLACEMENT_3D('',#3156,#2346,#2347);
#2053=AXIS2_PLACEMENT_3D('',#3157,#2348,#2349);
#2054=AXIS2_PLACEMENT_3D('',#3158,#2350,#2351);
#2055=AXIS2_PLACEMENT_3D('',#3161,#2352,#2353);
#2056=AXIS2_PLACEMENT_3D('',#3164,#2356,#2357);
#2057=AXIS2_PLACEMENT_3D('',#3167,#2358,#2359);
#2058=AXIS2_PLACEMENT_3D('',#3168,#2360,#2361);
#2059=AXIS2_PLACEMENT_3D('',#3169,#2362,#2363);
#2060=AXIS2_PLACEMENT_3D('',#3170,#2364,#2365);
#2061=AXIS2_PLACEMENT_3D('',#3173,#2366,#2367);
#2062=AXIS2_PLACEMENT_3D('',#3176,#2370,#2371);
#2063=AXIS2_PLACEMENT_3D('',#3178,#2372,#2373);
#2064=AXIS2_PLACEMENT_3D('',#3180,#2374,#2375);
#2065=AXIS2_PLACEMENT_3D('',#3195,#2376,#2377);
#2066=AXIS2_PLACEMENT_3D('',#3198,#2379,#2380);
#2067=AXIS2_PLACEMENT_3D('',#3201,#2382,#2383);
#2068=AXIS2_PLACEMENT_3D('',#3202,#2384,#2385);
#2069=AXIS2_PLACEMENT_3D('',#3206,#2387,#2388);
#2070=AXIS2_PLACEMENT_3D('',#3208,#2390,#2391);
#2071=AXIS2_PLACEMENT_3D('',#3209,#2392,#2393);
#2072=AXIS2_PLACEMENT_3D('',#3213,#2395,#2396);
#2073=AXIS2_PLACEMENT_3D('',#3233,#2398,#2399);
#2074=AXIS2_PLACEMENT_3D('',#3234,#2400,#2401);
#2075=AXIS2_PLACEMENT_3D('',#3237,#2402,#2403);
#2076=AXIS2_PLACEMENT_3D('',#3240,#2406,#2407);
#2077=AXIS2_PLACEMENT_3D('',#3241,#2408,#2409);
#2078=AXIS2_PLACEMENT_3D('',#3242,#2410,#2411);
#2079=AXIS2_PLACEMENT_3D('',#3243,#2412,#2413);
#2080=AXIS2_PLACEMENT_3D('',#3247,#2415,#2416);
#2081=AXIS2_PLACEMENT_3D('',#3249,#2418,#2419);
#2082=AXIS2_PLACEMENT_3D('',#3251,#2421,#2422);
#2083=AXIS2_PLACEMENT_3D('',#3255,#2425,#2426);
#2084=AXIS2_PLACEMENT_3D('',#3258,#2428,#2429);
#2085=AXIS2_PLACEMENT_3D('',#3259,#2430,#2431);
#2086=AXIS2_PLACEMENT_3D('',#3264,#2434,#2435);
#2087=AXIS2_PLACEMENT_3D('',#3265,#2436,#2437);
#2088=AXIS2_PLACEMENT_3D('',#3268,#2439,#2440);
#2089=AXIS2_PLACEMENT_3D('',#3269,#2441,#2442);
#2090=AXIS2_PLACEMENT_3D('',#3271,#2444,#2445);
#2091=AXIS2_PLACEMENT_3D('',#3275,#2448,#2449);
#2092=AXIS2_PLACEMENT_3D('',#3279,#2451,#2452);
#2093=AXIS2_PLACEMENT_3D('',#3283,#2454,#2455);
#2094=AXIS2_PLACEMENT_3D('',#3287,#2457,#2458);
#2095=AXIS2_PLACEMENT_3D('',#3291,#2460,#2461);
#2096=AXIS2_PLACEMENT_3D('',#3295,#2463,#2464);
#2097=AXIS2_PLACEMENT_3D('',#3299,#2466,#2467);
#2098=AXIS2_PLACEMENT_3D('',#3301,#2469,#2470);
#2099=AXIS2_PLACEMENT_3D('',#3305,#2473,#2474);
#2100=AXIS2_PLACEMENT_3D('',#3309,#2476,#2477);
#2101=AXIS2_PLACEMENT_3D('',#3312,#2479,#2480);
#2102=AXIS2_PLACEMENT_3D('',#3313,#2481,#2482);
#2103=AXIS2_PLACEMENT_3D('',#3317,#2485,#2486);
#2104=AXIS2_PLACEMENT_3D('',#3319,#2487,#2488);
#2105=AXIS2_PLACEMENT_3D('',#3322,#2490,#2491);
#2106=AXIS2_PLACEMENT_3D('',#3323,#2492,#2493);
#2107=AXIS2_PLACEMENT_3D('',#3325,#2494,#2495);
#2108=AXIS2_PLACEMENT_3D('',#3326,#2496,#2497);
#2109=AXIS2_PLACEMENT_3D('',#3327,#2498,#2499);
#2110=AXIS2_PLACEMENT_3D('',#3329,#2500,#2501);
#2111=AXIS2_PLACEMENT_3D('',#3331,#2503,#2504);
#2112=AXIS2_PLACEMENT_3D('',#3333,#2505,#2506);
#2113=AXIS2_PLACEMENT_3D('',#3334,#2507,#2508);
#2114=AXIS2_PLACEMENT_3D('',#3335,#2509,#2510);
#2115=AXIS2_PLACEMENT_3D('',#3338,#2511,#2512);
#2116=AXIS2_PLACEMENT_3D('',#3341,#2515,#2516);
#2117=AXIS2_PLACEMENT_3D('',#3343,#2517,#2518);
#2118=AXIS2_PLACEMENT_3D('',#3344,#2519,#2520);
#2119=AXIS2_PLACEMENT_3D('',#3345,#2521,#2522);
#2120=AXIS2_PLACEMENT_3D('',#3346,#2523,#2524);
#2121=AXIS2_PLACEMENT_3D('',#3348,#2525,#2526);
#2122=AXIS2_PLACEMENT_3D('',#3350,#2528,#2529);
#2123=AXIS2_PLACEMENT_3D('',#3351,#2530,#2531);
#2124=AXIS2_PLACEMENT_3D('',#3352,#2532,#2533);
#2125=AXIS2_PLACEMENT_3D('',#3354,#2535,#2536);
#2126=AXIS2_PLACEMENT_3D('',#3355,#2537,#2538);
#2127=AXIS2_PLACEMENT_3D('',#3360,#2540,#2541);
#2128=AXIS2_PLACEMENT_3D('',#3363,#2543,#2544);
#2129=AXIS2_PLACEMENT_3D('',#3364,#2545,#2546);
#2130=AXIS2_PLACEMENT_3D('',#3369,#2548,#2549);
#2131=AXIS2_PLACEMENT_3D('',#3372,#2551,#2552);
#2132=AXIS2_PLACEMENT_3D('',#3373,#2553,#2554);
#2133=AXIS2_PLACEMENT_3D('',#3377,#2556,#2557);
#2134=AXIS2_PLACEMENT_3D('',#3379,#2559,#2560);
#2135=AXIS2_PLACEMENT_3D('',#3384,#2562,#2563);
#2136=AXIS2_PLACEMENT_3D('',#3387,#2565,#2566);
#2137=AXIS2_PLACEMENT_3D('',#3388,#2567,#2568);
#2138=AXIS2_PLACEMENT_3D('',#3392,#2570,#2571);
#2139=AXIS2_PLACEMENT_3D('',#3394,#2573,#2574);
#2140=AXIS2_PLACEMENT_3D('',#3397,#2577,#2578);
#2141=AXIS2_PLACEMENT_3D('',#3402,#2581,#2582);
#2142=AXIS2_PLACEMENT_3D('',#3403,#2583,#2584);
#2143=AXIS2_PLACEMENT_3D('',#3408,#2587,#2588);
#2144=AXIS2_PLACEMENT_3D('',#3409,#2589,#2590);
#2145=AXIS2_PLACEMENT_3D('',#3412,#2593,#2594);
#2146=AXIS2_PLACEMENT_3D('',#3417,#2597,#2598);
#2147=AXIS2_PLACEMENT_3D('',#3418,#2599,#2600);
#2148=AXIS2_PLACEMENT_3D('',#3423,#2603,#2604);
#2149=AXIS2_PLACEMENT_3D('',#3424,#2605,#2606);
#2150=AXIS2_PLACEMENT_3D('',#3427,#2609,#2610);
#2151=AXIS2_PLACEMENT_3D('',#3433,#2614,#2615);
#2152=AXIS2_PLACEMENT_3D('',#3437,#2618,#2619);
#2153=AXIS2_PLACEMENT_3D('',#3446,#2625,#2626);
#2154=AXIS2_PLACEMENT_3D('',#3450,#2629,#2630);
#2155=AXIS2_PLACEMENT_3D('',#3454,#2633,#2634);
#2156=AXIS2_PLACEMENT_3D('',#3474,#2646,#2647);
#2157=AXIS2_PLACEMENT_3D('',#3475,#2648,#2649);
#2158=AXIS2_PLACEMENT_3D('',#3476,#2650,#2651);
#2159=AXIS2_PLACEMENT_3D('',#3478,#2652,#2653);
#2160=AXIS2_PLACEMENT_3D('',#3480,#2654,#2655);
#2161=AXIS2_PLACEMENT_3D('',#3481,#2656,#2657);
#2162=AXIS2_PLACEMENT_3D('',#3482,#2658,#2659);
#2163=AXIS2_PLACEMENT_3D('',#3486,#2661,#2662);
#2164=AXIS2_PLACEMENT_3D('',#3487,#2663,#2664);
#2165=AXIS2_PLACEMENT_3D('',#3488,#2665,#2666);
#2166=AXIS2_PLACEMENT_3D('',#3490,#2667,#2668);
#2167=AXIS2_PLACEMENT_3D('',#3492,#2669,#2670);
#2168=AXIS2_PLACEMENT_3D('',#3494,#2671,#2672);
#2169=AXIS2_PLACEMENT_3D('',#3495,#2673,#2674);
#2170=AXIS2_PLACEMENT_3D('',#3496,#2675,#2676);
#2171=AXIS2_PLACEMENT_3D('',#3506,#2682,#2683);
#2172=AXIS2_PLACEMENT_3D('',#3508,#2684,#2685);
#2173=AXIS2_PLACEMENT_3D('',#3510,#2686,#2687);
#2174=AXIS2_PLACEMENT_3D('',#3512,#2688,#2689);
#2175=AXIS2_PLACEMENT_3D('',#3514,#2690,#2691);
#2176=AXIS2_PLACEMENT_3D('',#3516,#2692,#2693);
#2177=AXIS2_PLACEMENT_3D('',#3518,#2694,#2695);
#2178=AXIS2_PLACEMENT_3D('',#3519,#2696,#2697);
#2179=AXIS2_PLACEMENT_3D('',#3522,#2698,#2699);
#2180=AXIS2_PLACEMENT_3D('',#3524,#2701,#2702);
#2181=AXIS2_PLACEMENT_3D('',#3525,#2703,#2704);
#2182=AXIS2_PLACEMENT_3D('',#3527,#2705,#2706);
#2183=AXIS2_PLACEMENT_3D('',#3529,#2707,#2708);
#2184=AXIS2_PLACEMENT_3D('',#3530,#2709,#2710);
#2185=AXIS2_PLACEMENT_3D('',#3531,#2711,#2712);
#2186=AXIS2_PLACEMENT_3D('',#3534,#2713,#2714);
#2187=AXIS2_PLACEMENT_3D('',#3536,#2716,#2717);
#2188=AXIS2_PLACEMENT_3D('',#3537,#2718,#2719);
#2189=AXIS2_PLACEMENT_3D('',#3539,#2720,#2721);
#2190=AXIS2_PLACEMENT_3D('',#3541,#2722,#2723);
#2191=AXIS2_PLACEMENT_3D('',#3542,#2724,#2725);
#2192=AXIS2_PLACEMENT_3D('',#3543,#2726,#2727);
#2193=AXIS2_PLACEMENT_3D('',#3546,#2728,#2729);
#2194=AXIS2_PLACEMENT_3D('',#3548,#2731,#2732);
#2195=AXIS2_PLACEMENT_3D('',#3549,#2733,#2734);
#2196=AXIS2_PLACEMENT_3D('',#3551,#2735,#2736);
#2197=AXIS2_PLACEMENT_3D('',#3553,#2737,#2738);
#2198=AXIS2_PLACEMENT_3D('',#3554,#2739,#2740);
#2199=AXIS2_PLACEMENT_3D('',#3555,#2741,#2742);
#2200=AXIS2_PLACEMENT_3D('',#3558,#2743,#2744);
#2201=AXIS2_PLACEMENT_3D('',#3560,#2746,#2747);
#2202=AXIS2_PLACEMENT_3D('',#3561,#2748,#2749);
#2203=AXIS2_PLACEMENT_3D('',#3563,#2750,#2751);
#2204=AXIS2_PLACEMENT_3D('',#3565,#2752,#2753);
#2205=AXIS2_PLACEMENT_3D('',#3566,#2754,#2755);
#2206=AXIS2_PLACEMENT_3D('',#3567,#2756,#2757);
#2207=AXIS2_PLACEMENT_3D('',#3570,#2758,#2759);
#2208=AXIS2_PLACEMENT_3D('',#3572,#2761,#2762);
#2209=AXIS2_PLACEMENT_3D('',#3573,#2763,#2764);
#2210=AXIS2_PLACEMENT_3D('',#3575,#2765,#2766);
#2211=AXIS2_PLACEMENT_3D('',#3577,#2767,#2768);
#2212=AXIS2_PLACEMENT_3D('',#3578,#2769,#2770);
#2213=AXIS2_PLACEMENT_3D('',#3579,#2771,#2772);
#2214=AXIS2_PLACEMENT_3D('',#3582,#2773,#2774);
#2215=AXIS2_PLACEMENT_3D('',#3584,#2776,#2777);
#2216=AXIS2_PLACEMENT_3D('',#3585,#2778,#2779);
#2217=AXIS2_PLACEMENT_3D('',#3587,#2780,#2781);
#2218=AXIS2_PLACEMENT_3D('',#3589,#2782,#2783);
#2219=AXIS2_PLACEMENT_3D('',#3590,#2784,#2785);
#2220=AXIS2_PLACEMENT_3D('',#3591,#2786,#2787);
#2221=AXIS2_PLACEMENT_3D('',#3594,#2788,#2789);
#2222=AXIS2_PLACEMENT_3D('',#3596,#2791,#2792);
#2223=AXIS2_PLACEMENT_3D('',#3597,#2793,#2794);
#2224=AXIS2_PLACEMENT_3D('',#3599,#2795,#2796);
#2225=AXIS2_PLACEMENT_3D('',#3601,#2797,#2798);
#2226=AXIS2_PLACEMENT_3D('',#3602,#2799,#2800);
#2227=AXIS2_PLACEMENT_3D('',#3603,#2801,#2802);
#2228=AXIS2_PLACEMENT_3D('',#3606,#2803,#2804);
#2229=AXIS2_PLACEMENT_3D('',#3608,#2806,#2807);
#2230=AXIS2_PLACEMENT_3D('',#3609,#2808,#2809);
#2231=AXIS2_PLACEMENT_3D('',#3611,#2810,#2811);
#2232=AXIS2_PLACEMENT_3D('',#3612,#2812,#2813);
#2233=AXIS2_PLACEMENT_3D('',#3613,#2814,#2815);
#2234=AXIS2_PLACEMENT_3D('',#3615,#2816,#2817);
#2235=AXIS2_PLACEMENT_3D('',#3617,#2818,#2819);
#2236=AXIS2_PLACEMENT_3D('',#3619,#2820,#2821);
#2237=AXIS2_PLACEMENT_3D('',#3621,#2822,#2823);
#2238=AXIS2_PLACEMENT_3D('',#3623,#2824,#2825);
#2239=AXIS2_PLACEMENT_3D('',#3625,#2826,#2827);
#2240=AXIS2_PLACEMENT_3D('',#3627,#2828,#2829);
#2241=AXIS2_PLACEMENT_3D('',#3628,#2830,#2831);
#2242=AXIS2_PLACEMENT_3D('',#3629,#2832,#2833);
#2243=AXIS2_PLACEMENT_3D('',#3630,#2834,#2835);
#2244=AXIS2_PLACEMENT_3D('',#3631,#2836,#2837);
#2245=AXIS2_PLACEMENT_3D('',#3632,#2838,#2839);
#2246=AXIS2_PLACEMENT_3D('',#3633,#2840,#2841);
#2247=AXIS2_PLACEMENT_3D('',#3634,#2842,#2843);
#2248=AXIS2_PLACEMENT_3D('',#3635,#2844,#2845);
#2249=AXIS2_PLACEMENT_3D('',#3636,#2846,#2847);
#2250=AXIS2_PLACEMENT_3D('',#3637,#2848,#2849);
#2251=AXIS2_PLACEMENT_3D('',#3638,#2850,#2851);
#2252=AXIS2_PLACEMENT_3D('',#3639,#2852,#2853);
#2253=AXIS2_PLACEMENT_3D('',#3640,#2854,#2855);
#2254=AXIS2_PLACEMENT_3D('',#3641,#2856,#2857);
#2255=AXIS2_PLACEMENT_3D('',#3642,#2858,#2859);
#2256=AXIS2_PLACEMENT_3D('',#3643,#2860,#2861);
#2257=AXIS2_PLACEMENT_3D('',#3644,#2862,#2863);
#2258=AXIS2_PLACEMENT_3D('',#3646,#2864,#2865);
#2259=AXIS2_PLACEMENT_3D('',#3649,#2867,#2868);
#2260=AXIS2_PLACEMENT_3D('',#3650,#2869,#2870);
#2261=AXIS2_PLACEMENT_3D('',#3651,#2871,#2872);
#2262=AXIS2_PLACEMENT_3D('',#3652,#2873,#2874);
#2263=AXIS2_PLACEMENT_3D('',#3654,#2875,#2876);
#2264=AXIS2_PLACEMENT_3D('',#3657,#2878,#2879);
#2265=AXIS2_PLACEMENT_3D('',#3658,#2880,#2881);
#2266=AXIS2_PLACEMENT_3D('',#3664,#2885,#2886);
#2267=AXIS2_PLACEMENT_3D('',#3666,#2888,#2889);
#2268=AXIS2_PLACEMENT_3D('',#3668,#2890,#2891);
#2269=AXIS2_PLACEMENT_3D('',#3670,#2893,#2894);
#2270=AXIS2_PLACEMENT_3D('',#3671,#2895,#2896);
#2271=AXIS2_PLACEMENT_3D('',#3673,#2897,#2898);
#2272=AXIS2_PLACEMENT_3D('',#3676,#2900,#2901);
#2273=AXIS2_PLACEMENT_3D('',#3677,#2902,#2903);
#2274=AXIS2_PLACEMENT_3D('',#3678,#2904,#2905);
#2275=AXIS2_PLACEMENT_3D('',#3679,#2906,#2907);
#2276=AXIS2_PLACEMENT_3D('',#3680,#2908,#2909);
#2277=AXIS2_PLACEMENT_3D('',#3681,#2910,#2911);
#2278=AXIS2_PLACEMENT_3D('',#3683,#2912,#2913);
#2279=AXIS2_PLACEMENT_3D('',#3686,#2915,#2916);
#2280=AXIS2_PLACEMENT_3D('',#3687,#2917,#2918);
#2281=AXIS2_PLACEMENT_3D('',#3693,#2922,#2923);
#2282=AXIS2_PLACEMENT_3D('',#3695,#2925,#2926);
#2283=AXIS2_PLACEMENT_3D('',#3697,#2927,#2928);
#2284=AXIS2_PLACEMENT_3D('',#3699,#2930,#2931);
#2285=AXIS2_PLACEMENT_3D('',#3700,#2932,#2933);
#2286=AXIS2_PLACEMENT_3D('',#3701,#2934,#2935);
#2287=AXIS2_PLACEMENT_3D('',#3703,#2936,#2937);
#2288=AXIS2_PLACEMENT_3D('',#3705,#2939,#2940);
#2289=AXIS2_PLACEMENT_3D('',#3707,#2942,#2943);
#2290=AXIS2_PLACEMENT_3D('',#3708,#2944,#2945);
#2291=AXIS2_PLACEMENT_3D('',#3709,#2946,#2947);
#2292=AXIS2_PLACEMENT_3D('',#3711,#2948,#2949);
#2293=AXIS2_PLACEMENT_3D('',#3713,#2950,#2951);
#2294=AXIS2_PLACEMENT_3D('',#3715,#2953,#2954);
#2295=AXIS2_PLACEMENT_3D('',#3717,#2956,#2957);
#2296=AXIS2_PLACEMENT_3D('',#3719,#2959,#2960);
#2297=AXIS2_PLACEMENT_3D('',#3721,#2962,#2963);
#2298=AXIS2_PLACEMENT_3D('',#3723,#2965,#2966);
#2299=AXIS2_PLACEMENT_3D('',#3724,#2967,#2968);
#2300=AXIS2_PLACEMENT_3D('',#3725,#2969,#2970);
#2301=AXIS2_PLACEMENT_3D('',#3726,#2971,#2972);
#2302=AXIS2_PLACEMENT_3D('',#3727,#2973,#2974);
#2303=DIRECTION('axis',(0.,0.,1.));
#2304=DIRECTION('refdir',(1.,0.,0.));
#2305=DIRECTION('axis',(0.,0.,1.));
#2306=DIRECTION('refdir',(1.,0.,0.));
#2307=DIRECTION('center_axis',(0.,8.40426891759258E-15,-1.));
#2308=DIRECTION('ref_axis',(-1.,0.,0.));
#2309=DIRECTION('center_axis',(0.,1.,0.));
#2310=DIRECTION('ref_axis',(0.,0.,1.));
#2311=DIRECTION('center_axis',(0.,-8.40426891759258E-15,1.));
#2312=DIRECTION('ref_axis',(0.911437827766604,0.411437827765136,3.45209971719386E-15));
#2313=DIRECTION('center_axis',(0.,8.40426891759258E-15,-1.));
#2314=DIRECTION('ref_axis',(0.911437827766604,0.411437827765136,3.45783414740834E-15));
#2315=DIRECTION('',(0.,0.,1.));
#2316=DIRECTION('center_axis',(0.,0.,1.));
#2317=DIRECTION('ref_axis',(1.,0.,0.));
#2318=DIRECTION('center_axis',(0.,0.,-1.));
#2319=DIRECTION('ref_axis',(0.773893391193936,-0.633315892005206,0.));
#2320=DIRECTION('center_axis',(0.,0.,1.));
#2321=DIRECTION('ref_axis',(0.773893391193936,-0.633315892005206,0.));
#2322=DIRECTION('center_axis',(0.,0.,1.));
#2323=DIRECTION('ref_axis',(1.,0.,0.));
#2324=DIRECTION('center_axis',(0.,0.,1.));
#2325=DIRECTION('ref_axis',(0.773893391195344,0.633315892003485,0.));
#2326=DIRECTION('center_axis',(0.,0.,-1.));
#2327=DIRECTION('ref_axis',(0.773893391195344,0.633315892003485,0.));
#2328=DIRECTION('center_axis',(0.,0.,1.));
#2329=DIRECTION('ref_axis',(1.,0.,0.));
#2330=DIRECTION('center_axis',(0.,0.,1.));
#2331=DIRECTION('ref_axis',(0.500000000000002,0.866025403784437,0.));
#2332=DIRECTION('center_axis',(1.,0.,0.));
#2333=DIRECTION('ref_axis',(0.,1.,0.));
#2334=DIRECTION('center_axis',(0.,0.,-1.));
#2335=DIRECTION('ref_axis',(0.500000000000002,0.866025403784437,0.));
#2336=DIRECTION('center_axis',(-1.,0.,0.));
#2337=DIRECTION('ref_axis',(0.,0.707106781186541,0.707106781186554));
#2338=DIRECTION('center_axis',(1.,1.77635683940026E-14,0.));
#2339=DIRECTION('ref_axis',(-1.77635683940026E-14,1.,0.));
#2340=DIRECTION('',(1.,0.,0.));
#2341=DIRECTION('',(-1.,0.,0.));
#2342=DIRECTION('center_axis',(0.,0.,1.));
#2343=DIRECTION('ref_axis',(1.,0.,0.));
#2344=DIRECTION('center_axis',(0.,1.,0.));
#2345=DIRECTION('ref_axis',(-1.,0.,0.));
#2346=DIRECTION('center_axis',(0.,0.,-1.));
#2347=DIRECTION('ref_axis',(-0.707106781186549,0.707106781186546,0.));
#2348=DIRECTION('center_axis',(0.,0.,1.));
#2349=DIRECTION('ref_axis',(-0.707106781186549,0.707106781186546,0.));
#2350=DIRECTION('center_axis',(0.,-1.,0.));
#2351=DIRECTION('ref_axis',(-0.707106781186541,0.,0.707106781186554));
#2352=DIRECTION('center_axis',(0.,1.,0.));
#2353=DIRECTION('ref_axis',(-1.,0.,0.));
#2354=DIRECTION('',(0.,1.,0.));
#2355=DIRECTION('',(0.,-1.,0.));
#2356=DIRECTION('center_axis',(0.,0.,1.));
#2357=DIRECTION('ref_axis',(1.,0.,0.));
#2358=DIRECTION('center_axis',(-1.,0.,0.));
#2359=DIRECTION('ref_axis',(0.,-1.,0.));
#2360=DIRECTION('center_axis',(0.,0.,-1.));
#2361=DIRECTION('ref_axis',(-0.707106781186547,-0.707106781186547,0.));
#2362=DIRECTION('center_axis',(0.,0.,1.));
#2363=DIRECTION('ref_axis',(-0.707106781186547,-0.707106781186547,0.));
#2364=DIRECTION('center_axis',(1.,0.,0.));
#2365=DIRECTION('ref_axis',(0.,-0.707106781186541,0.707106781186554));
#2366=DIRECTION('center_axis',(-1.,-1.77635683940026E-14,0.));
#2367=DIRECTION('ref_axis',(1.77635683940026E-14,-1.,0.));
#2368=DIRECTION('',(-1.,0.,0.));
#2369=DIRECTION('',(1.,0.,0.));
#2370=DIRECTION('center_axis',(0.,0.,1.));
#2371=DIRECTION('ref_axis',(1.,0.,0.));
#2372=DIRECTION('center_axis',(0.,0.,-1.));
#2373=DIRECTION('ref_axis',(0.500000000000001,-0.866025403784438,0.));
#2374=DIRECTION('center_axis',(0.,0.,1.));
#2375=DIRECTION('ref_axis',(0.5,-0.866025403784438,0.));
#2376=DIRECTION('center_axis',(0.,0.,-1.));
#2377=DIRECTION('ref_axis',(0.925820099772536,-0.377964473009264,0.));
#2378=DIRECTION('',(0.,0.,1.));
#2379=DIRECTION('center_axis',(0.,0.,-1.));
#2380=DIRECTION('ref_axis',(0.925820099772536,-0.377964473009264,0.));
#2381=DIRECTION('',(0.,0.,-1.));
#2382=DIRECTION('center_axis',(0.,0.,1.));
#2383=DIRECTION('ref_axis',(0.925820099772536,-0.377964473009264,0.));
#2384=DIRECTION('center_axis',(0.,0.,1.));
#2385=DIRECTION('ref_axis',(0.925820099772553,0.377964473009224,0.));
#2386=DIRECTION('',(0.,0.,1.));
#2387=DIRECTION('center_axis',(0.,0.,-1.));
#2388=DIRECTION('ref_axis',(0.925820099772553,0.377964473009224,0.));
#2389=DIRECTION('',(0.,0.,-1.));
#2390=DIRECTION('center_axis',(0.,0.,1.));
#2391=DIRECTION('ref_axis',(0.925820099772553,0.377964473009224,0.));
#2392=DIRECTION('center_axis',(0.,0.,1.));
#2393=DIRECTION('ref_axis',(1.,0.,0.));
#2394=DIRECTION('',(0.,-1.15849359091311E-14,1.));
#2395=DIRECTION('center_axis',(0.,0.,-1.));
#2396=DIRECTION('ref_axis',(1.,0.,0.));
#2397=DIRECTION('',(0.,0.,1.));
#2398=DIRECTION('center_axis',(0.,-8.40426891759258E-15,1.));
#2399=DIRECTION('ref_axis',(1.,0.,0.));
#2400=DIRECTION('center_axis',(0.,-1.,-8.40426891759258E-15));
#2401=DIRECTION('ref_axis',(0.707106781186554,-5.49532360539318E-15,0.707106781186541));
#2402=DIRECTION('center_axis',(0.,1.,1.77635683940026E-14));
#2403=DIRECTION('ref_axis',(0.,-1.77635683940026E-14,1.));
#2404=DIRECTION('',(0.,1.,8.40426891759258E-15));
#2405=DIRECTION('',(0.,-1.,-8.40426891759258E-15));
#2406=DIRECTION('center_axis',(0.,8.40426891759258E-15,-1.));
#2407=DIRECTION('ref_axis',(-1.,0.,0.));
#2408=DIRECTION('center_axis',(0.,-8.40426891759258E-15,1.));
#2409=DIRECTION('ref_axis',(0.911437827765692,-0.411437827767157,-3.45209971719384E-15));
#2410=DIRECTION('center_axis',(0.,8.40426891759258E-15,-1.));
#2411=DIRECTION('ref_axis',(0.911437827765692,-0.411437827767157,-3.45783414742533E-15));
#2412=DIRECTION('center_axis',(0.,0.,1.));
#2413=DIRECTION('ref_axis',(0.,-1.,0.));
#2414=DIRECTION('',(0.,0.,1.));
#2415=DIRECTION('center_axis',(0.,0.,-1.));
#2416=DIRECTION('ref_axis',(0.707106781186547,-0.707106781186547,0.));
#2417=DIRECTION('',(0.,0.,1.));
#2418=DIRECTION('center_axis',(0.,0.,1.));
#2419=DIRECTION('ref_axis',(0.,-1.,0.));
#2420=DIRECTION('',(0.,0.,1.));
#2421=DIRECTION('center_axis',(0.,-1.,0.));
#2422=DIRECTION('ref_axis',(1.,0.,0.));
#2423=DIRECTION('',(0.,0.,1.));
#2424=DIRECTION('',(-1.,0.,0.));
#2425=DIRECTION('center_axis',(0.,0.,1.));
#2426=DIRECTION('ref_axis',(-1.,0.,0.));
#2427=DIRECTION('',(0.,0.,1.));
#2428=DIRECTION('center_axis',(0.,0.,-1.));
#2429=DIRECTION('ref_axis',(-0.707106781186547,-0.707106781186547,0.));
#2430=DIRECTION('center_axis',(-1.,0.,0.));
#2431=DIRECTION('ref_axis',(0.,-1.,0.));
#2432=DIRECTION('',(0.,0.,1.));
#2433=DIRECTION('',(0.,1.,0.));
#2434=DIRECTION('center_axis',(-1.,0.,0.));
#2435=DIRECTION('ref_axis',(0.,-1.,0.));
#2436=DIRECTION('center_axis',(0.,0.,1.));
#2437=DIRECTION('ref_axis',(-2.22044604925031E-15,1.,0.));
#2438=DIRECTION('',(0.,0.,1.));
#2439=DIRECTION('center_axis',(0.,0.,-1.));
#2440=DIRECTION('ref_axis',(-0.707106781186549,0.707106781186546,0.));
#2441=DIRECTION('center_axis',(0.,0.,1.));
#2442=DIRECTION('ref_axis',(1.,0.,0.));
#2443=DIRECTION('',(0.,0.,1.));
#2444=DIRECTION('center_axis',(0.,1.,0.));
#2445=DIRECTION('ref_axis',(-1.,0.,0.));
#2446=DIRECTION('',(0.,0.,1.));
#2447=DIRECTION('',(1.,0.,0.));
#2448=DIRECTION('center_axis',(0.,8.40426891759258E-15,-1.));
#2449=DIRECTION('ref_axis',(0.,-1.,-8.40426891759258E-15));
#2450=DIRECTION('',(-1.,0.,0.));
#2451=DIRECTION('center_axis',(0.,-8.40426891759258E-15,1.));
#2452=DIRECTION('ref_axis',(-0.707106781186548,0.707106781186548,0.));
#2453=DIRECTION('',(0.,-1.,-8.40426891759258E-15));
#2454=DIRECTION('center_axis',(0.,-8.40426891759258E-15,1.));
#2455=DIRECTION('ref_axis',(0.,1.,0.));
#2456=DIRECTION('',(-1.,0.,0.));
#2457=DIRECTION('center_axis',(0.,-8.40426891759258E-15,1.));
#2458=DIRECTION('ref_axis',(1.,0.,0.));
#2459=DIRECTION('',(-1.0208947352875E-16,1.,8.40426891759258E-15));
#2460=DIRECTION('center_axis',(0.,-8.40426891759258E-15,1.));
#2461=DIRECTION('ref_axis',(-4.44089209850064E-15,-1.,0.));
#2462=DIRECTION('',(1.,0.,0.));
#2463=DIRECTION('center_axis',(0.,-8.40426891759258E-15,1.));
#2464=DIRECTION('ref_axis',(-1.,0.,0.));
#2465=DIRECTION('',(0.,-1.,-8.40426891759258E-15));
#2466=DIRECTION('center_axis',(0.,-8.40426891759258E-15,1.));
#2467=DIRECTION('ref_axis',(-0.707106781186548,-0.707106781186548,-7.388670393806E-15));
#2468=DIRECTION('',(-1.,0.,0.));
#2469=DIRECTION('center_axis',(0.,1.,0.));
#2470=DIRECTION('ref_axis',(0.,0.,-1.));
#2471=DIRECTION('',(-1.,0.,0.));
#2472=DIRECTION('',(0.,0.,1.));
#2473=DIRECTION('center_axis',(0.,0.,1.));
#2474=DIRECTION('ref_axis',(0.,1.,0.));
#2475=DIRECTION('',(1.,0.,0.));
#2476=DIRECTION('center_axis',(0.,0.,-1.));
#2477=DIRECTION('ref_axis',(-0.707106781186551,0.707106781186544,0.));
#2478=DIRECTION('',(0.,1.,0.));
#2479=DIRECTION('center_axis',(0.,0.,-1.));
#2480=DIRECTION('ref_axis',(-0.707106781186548,0.707106781186548,0.));
#2481=DIRECTION('center_axis',(0.,1.,0.));
#2482=DIRECTION('ref_axis',(1.,0.,0.));
#2483=DIRECTION('',(1.,0.,0.));
#2484=DIRECTION('',(0.,0.,1.));
#2485=DIRECTION('center_axis',(0.,-1.,0.));
#2486=DIRECTION('ref_axis',(-0.70710678118654,0.,-0.707106781186555));
#2487=DIRECTION('center_axis',(0.,-1.,0.));
#2488=DIRECTION('ref_axis',(-1.,0.,0.));
#2489=DIRECTION('',(0.,-1.,0.));
#2490=DIRECTION('center_axis',(0.,1.,0.));
#2491=DIRECTION('ref_axis',(0.,0.,-1.));
#2492=DIRECTION('center_axis',(0.,0.,1.));
#2493=DIRECTION('ref_axis',(1.,0.,0.));
#2494=DIRECTION('center_axis',(-1.,0.,0.));
#2495=DIRECTION('ref_axis',(0.,0.,-1.));
#2496=DIRECTION('center_axis',(0.,0.,1.));
#2497=DIRECTION('ref_axis',(-0.707106781186547,-0.707106781186547,0.));
#2498=DIRECTION('center_axis',(1.,0.,0.));
#2499=DIRECTION('ref_axis',(0.,-0.70710678118654,-0.707106781186555));
#2500=DIRECTION('center_axis',(-1.,-1.77635683940026E-14,0.));
#2501=DIRECTION('ref_axis',(0.,0.,-1.));
#2502=DIRECTION('',(1.,0.,0.));
#2503=DIRECTION('center_axis',(0.,0.,1.));
#2504=DIRECTION('ref_axis',(1.,0.,0.));
#2505=DIRECTION('center_axis',(0.,-1.,0.));
#2506=DIRECTION('ref_axis',(0.,0.,-1.));
#2507=DIRECTION('center_axis',(0.,0.,1.));
#2508=DIRECTION('ref_axis',(0.707106781186547,-0.707106781186547,0.));
#2509=DIRECTION('center_axis',(0.,1.,0.));
#2510=DIRECTION('ref_axis',(0.707106781186553,0.,-0.707106781186543));
#2511=DIRECTION('center_axis',(0.,-1.,0.));
#2512=DIRECTION('ref_axis',(0.,0.,-1.));
#2513=DIRECTION('',(0.,-1.,0.));
#2514=DIRECTION('',(0.,1.,0.));
#2515=DIRECTION('center_axis',(0.,0.,1.));
#2516=DIRECTION('ref_axis',(1.,0.,0.));
#2517=DIRECTION('center_axis',(1.,0.,0.));
#2518=DIRECTION('ref_axis',(0.,0.,-1.));
#2519=DIRECTION('center_axis',(0.,0.,-1.));
#2520=DIRECTION('ref_axis',(0.707106781186546,0.707106781186549,0.));
#2521=DIRECTION('center_axis',(0.,0.,1.));
#2522=DIRECTION('ref_axis',(0.707106781186546,0.707106781186549,0.));
#2523=DIRECTION('center_axis',(-1.,0.,0.));
#2524=DIRECTION('ref_axis',(0.,0.70710678118654,-0.707106781186555));
#2525=DIRECTION('center_axis',(1.,1.77635683940026E-14,0.));
#2526=DIRECTION('ref_axis',(0.,0.,-1.));
#2527=DIRECTION('',(-1.,0.,0.));
#2528=DIRECTION('center_axis',(0.,0.,1.));
#2529=DIRECTION('ref_axis',(1.,0.,0.));
#2530=DIRECTION('center_axis',(0.,0.,1.));
#2531=DIRECTION('ref_axis',(-0.707106781186549,0.707106781186546,0.));
#2532=DIRECTION('center_axis',(0.,0.,1.));
#2533=DIRECTION('ref_axis',(1.,0.,0.));
#2534=DIRECTION('',(0.,0.,1.));
#2535=DIRECTION('center_axis',(0.,0.,1.));
#2536=DIRECTION('ref_axis',(1.,0.,0.));
#2537=DIRECTION('center_axis',(1.0208947352875E-16,-1.,0.));
#2538=DIRECTION('ref_axis',(0.707106781186552,0.,-0.707106781186543));
#2539=DIRECTION('',(-1.0208947352875E-16,1.,0.));
#2540=DIRECTION('center_axis',(-0.707106781186544,0.707106781186551,0.));
#2541=DIRECTION('ref_axis',(0.707106781186551,0.707106781186544,0.));
#2542=DIRECTION('',(1.0208947352875E-16,-1.,0.));
#2543=DIRECTION('center_axis',(-0.707106781186554,-0.707106781186541,6.28036983473504E-15));
#2544=DIRECTION('ref_axis',(-0.707106781186541,0.707106781186554,6.28036983473493E-15));
#2545=DIRECTION('center_axis',(0.,1.,0.));
#2546=DIRECTION('ref_axis',(0.70710678118654,0.,-0.707106781186555));
#2547=DIRECTION('',(0.,1.,0.));
#2548=DIRECTION('center_axis',(-0.707106781186548,0.707106781186548,0.));
#2549=DIRECTION('ref_axis',(-0.707106781186548,-0.707106781186548,0.));
#2550=DIRECTION('',(0.,-1.,0.));
#2551=DIRECTION('center_axis',(0.707106781186548,-0.707106781186548,0.));
#2552=DIRECTION('ref_axis',(-0.707106781186548,-0.707106781186548,0.));
#2553=DIRECTION('center_axis',(1.,0.,0.));
#2554=DIRECTION('ref_axis',(0.,0.707106781186552,-0.707106781186543));
#2555=DIRECTION('',(-1.,0.,0.));
#2556=DIRECTION('center_axis',(-0.707106781186548,-0.707106781186548,0.));
#2557=DIRECTION('ref_axis',(-0.707106781186547,0.707106781186547,0.));
#2558=DIRECTION('',(1.,0.,0.));
#2559=DIRECTION('center_axis',(0.,1.,0.));
#2560=DIRECTION('ref_axis',(-0.70710678118654,0.,-0.707106781186555));
#2561=DIRECTION('',(0.,1.,0.));
#2562=DIRECTION('center_axis',(0.707106781186544,0.707106781186551,-6.28036983473512E-15));
#2563=DIRECTION('ref_axis',(0.707106781186551,-0.707106781186544,-6.28036983473518E-15));
#2564=DIRECTION('',(0.,-1.,0.));
#2565=DIRECTION('center_axis',(0.707106781186548,-0.707106781186548,0.));
#2566=DIRECTION('ref_axis',(-0.707106781186548,-0.707106781186548,0.));
#2567=DIRECTION('center_axis',(0.,-1.,0.));
#2568=DIRECTION('ref_axis',(-0.70710678118654,0.,-0.707106781186555));
#2569=DIRECTION('',(0.,-1.,0.));
#2570=DIRECTION('center_axis',(-0.707106781186548,-0.707106781186548,0.));
#2571=DIRECTION('ref_axis',(-0.707106781186548,0.707106781186548,0.));
#2572=DIRECTION('',(0.,1.,0.));
#2573=DIRECTION('center_axis',(-1.,0.,0.));
#2574=DIRECTION('ref_axis',(0.,0.707106781186546,-0.707106781186549));
#2575=DIRECTION('',(1.,0.,0.));
#2576=DIRECTION('',(-1.,0.,0.));
#2577=DIRECTION('center_axis',(1.,0.,0.));
#2578=DIRECTION('ref_axis',(0.,-0.707106781186546,-0.707106781186549));
#2579=DIRECTION('',(-1.,0.,0.));
#2580=DIRECTION('',(1.,0.,0.));
#2581=DIRECTION('center_axis',(0.707106781186548,-0.707106781186548,0.));
#2582=DIRECTION('ref_axis',(-0.707106781186548,-0.707106781186548,0.));
#2583=DIRECTION('center_axis',(0.,-1.,0.));
#2584=DIRECTION('ref_axis',(-0.70710678118654,0.,-0.707106781186555));
#2585=DIRECTION('',(0.,1.,0.));
#2586=DIRECTION('',(0.,-1.,0.));
#2587=DIRECTION('center_axis',(0.707106781186548,-0.707106781186548,0.));
#2588=DIRECTION('ref_axis',(0.707106781186548,0.707106781186548,0.));
#2589=DIRECTION('center_axis',(-1.,0.,0.));
#2590=DIRECTION('ref_axis',(0.,0.707106781186546,-0.707106781186549));
#2591=DIRECTION('',(-1.,0.,0.));
#2592=DIRECTION('',(1.,0.,0.));
#2593=DIRECTION('center_axis',(-1.,0.,0.));
#2594=DIRECTION('ref_axis',(0.,-0.70710678118654,-0.707106781186555));
#2595=DIRECTION('',(-1.,0.,0.));
#2596=DIRECTION('',(1.,0.,0.));
#2597=DIRECTION('center_axis',(0.707106781186548,0.707106781186548,0.));
#2598=DIRECTION('ref_axis',(0.707106781186548,-0.707106781186548,0.));
#2599=DIRECTION('center_axis',(0.,1.,0.));
#2600=DIRECTION('ref_axis',(0.70710678118654,0.,-0.707106781186555));
#2601=DIRECTION('',(0.,-1.,0.));
#2602=DIRECTION('',(0.,1.,0.));
#2603=DIRECTION('center_axis',(0.707106781186548,0.707106781186548,0.));
#2604=DIRECTION('ref_axis',(0.707106781186548,-0.707106781186548,0.));
#2605=DIRECTION('center_axis',(1.,0.,0.));
#2606=DIRECTION('ref_axis',(0.,-0.707106781186546,-0.707106781186549));
#2607=DIRECTION('',(-1.,0.,0.));
#2608=DIRECTION('',(1.,0.,0.));
#2609=DIRECTION('center_axis',(0.,1.,0.));
#2610=DIRECTION('ref_axis',(-1.,0.,0.));
#2611=DIRECTION('',(0.,0.,1.));
#2612=DIRECTION('',(-1.,0.,0.));
#2613=DIRECTION('',(0.,0.,1.));
#2614=DIRECTION('center_axis',(-1.,0.,0.));
#2615=DIRECTION('ref_axis',(0.,-1.,0.));
#2616=DIRECTION('',(0.,0.,-1.));
#2617=DIRECTION('',(0.,-1.,0.));
#2618=DIRECTION('center_axis',(0.,-1.,0.));
#2619=DIRECTION('ref_axis',(-1.,0.,0.));
#2620=DIRECTION('',(0.,0.,1.));
#2621=DIRECTION('',(-1.,0.,0.));
#2622=DIRECTION('',(0.,0.,-1.));
#2623=DIRECTION('',(0.,0.,-1.));
#2624=DIRECTION('',(-1.,0.,0.));
#2625=DIRECTION('center_axis',(1.,0.,0.));
#2626=DIRECTION('ref_axis',(0.,1.,0.));
#2627=DIRECTION('',(0.,0.,1.));
#2628=DIRECTION('',(0.,1.,0.));
#2629=DIRECTION('center_axis',(0.,1.,0.));
#2630=DIRECTION('ref_axis',(-1.,0.,0.));
#2631=DIRECTION('',(0.,0.,-1.));
#2632=DIRECTION('',(-1.,0.,0.));
#2633=DIRECTION('center_axis',(-1.,0.,0.));
#2634=DIRECTION('ref_axis',(0.,1.,0.));
#2635=DIRECTION('',(0.,0.,1.));
#2636=DIRECTION('',(0.,1.,0.));
#2637=DIRECTION('',(0.,0.,-1.));
#2638=DIRECTION('',(0.,0.,-1.));
#2639=DIRECTION('',(0.,0.,-1.));
#2640=DIRECTION('',(0.,1.,0.));
#2641=DIRECTION('',(0.,0.,1.));
#2642=DIRECTION('',(0.,1.,0.));
#2643=DIRECTION('',(0.,-1.15849359091311E-14,1.));
#2644=DIRECTION('',(0.,0.,-1.));
#2645=DIRECTION('',(0.,1.,0.));
#2646=DIRECTION('center_axis',(1.,0.,0.));
#2647=DIRECTION('ref_axis',(0.,-1.,0.));
#2648=DIRECTION('center_axis',(0.,0.,1.));
#2649=DIRECTION('ref_axis',(-1.,0.,0.));
#2650=DIRECTION('center_axis',(1.,0.,0.));
#2651=DIRECTION('ref_axis',(0.,0.,-1.));
#2652=DIRECTION('center_axis',(0.,-1.,-1.22464679914735E-16));
#2653=DIRECTION('ref_axis',(0.,-1.22464679914735E-16,1.));
#2654=DIRECTION('center_axis',(1.,0.,0.));
#2655=DIRECTION('ref_axis',(0.,-1.,0.));
#2656=DIRECTION('center_axis',(1.,0.,0.));
#2657=DIRECTION('ref_axis',(0.,-1.,0.));
#2658=DIRECTION('center_axis',(1.,0.,0.));
#2659=DIRECTION('ref_axis',(0.,-1.,0.));
#2660=DIRECTION('',(1.,0.,0.));
#2661=DIRECTION('center_axis',(-1.,0.,0.));
#2662=DIRECTION('ref_axis',(0.,-1.,0.));
#2663=DIRECTION('center_axis',(-1.,0.,0.));
#2664=DIRECTION('ref_axis',(0.,-1.,0.));
#2665=DIRECTION('center_axis',(1.,1.0208947352875E-16,0.));
#2666=DIRECTION('ref_axis',(0.,0.,-1.));
#2667=DIRECTION('center_axis',(-1.,-1.0208947352875E-16,0.));
#2668=DIRECTION('ref_axis',(-1.0208947352875E-16,1.,0.));
#2669=DIRECTION('center_axis',(1.0208947352875E-16,-1.,0.));
#2670=DIRECTION('ref_axis',(0.,0.,1.));
#2671=DIRECTION('center_axis',(1.,1.0208947352875E-16,0.));
#2672=DIRECTION('ref_axis',(-1.02257383847054E-16,1.,0.));
#2673=DIRECTION('center_axis',(1.,1.0208947352875E-16,0.));
#2674=DIRECTION('ref_axis',(-1.02257383847054E-16,1.,0.));
#2675=DIRECTION('center_axis',(1.,1.0208947352875E-16,0.));
#2676=DIRECTION('ref_axis',(1.0208947352875E-16,-1.,0.));
#2677=DIRECTION('',(1.0208947352875E-16,-1.,0.));
#2678=DIRECTION('',(0.,0.,-1.));
#2679=DIRECTION('',(0.,0.,-1.));
#2680=DIRECTION('',(1.0208947352875E-16,-1.,0.));
#2681=DIRECTION('',(0.,0.,-1.));
#2682=DIRECTION('center_axis',(-1.,-1.0208947352875E-16,0.));
#2683=DIRECTION('ref_axis',(-1.0208947352875E-16,1.,0.));
#2684=DIRECTION('center_axis',(-1.,-1.0208947352875E-16,0.));
#2685=DIRECTION('ref_axis',(-1.0208947352875E-16,1.,0.));
#2686=DIRECTION('center_axis',(-1.,-1.0208947352875E-16,0.));
#2687=DIRECTION('ref_axis',(-1.0208947352875E-16,1.,0.));
#2688=DIRECTION('center_axis',(-1.,-1.0208947352875E-16,0.));
#2689=DIRECTION('ref_axis',(-1.0208947352875E-16,1.,0.));
#2690=DIRECTION('center_axis',(-1.,-1.0208947352875E-16,0.));
#2691=DIRECTION('ref_axis',(-1.0208947352875E-16,1.,0.));
#2692=DIRECTION('center_axis',(-1.,-1.0208947352875E-16,0.));
#2693=DIRECTION('ref_axis',(-1.0208947352875E-16,1.,0.));
#2694=DIRECTION('center_axis',(-1.,-1.0208947352875E-16,0.));
#2695=DIRECTION('ref_axis',(-1.0208947352875E-16,1.,0.));
#2696=DIRECTION('center_axis',(-1.,0.,0.));
#2697=DIRECTION('ref_axis',(0.,1.,0.));
#2698=DIRECTION('center_axis',(-1.,0.,0.));
#2699=DIRECTION('ref_axis',(0.,1.,0.));
#2700=DIRECTION('',(-1.,0.,0.));
#2701=DIRECTION('center_axis',(-1.,0.,0.));
#2702=DIRECTION('ref_axis',(0.,1.,0.));
#2703=DIRECTION('center_axis',(1.,1.0208947352875E-16,0.));
#2704=DIRECTION('ref_axis',(0.,0.,-1.));
#2705=DIRECTION('center_axis',(1.0208947352875E-16,-1.,0.));
#2706=DIRECTION('ref_axis',(0.,0.,1.));
#2707=DIRECTION('center_axis',(1.,1.0208947352875E-16,0.));
#2708=DIRECTION('ref_axis',(-9.25185853854298E-17,1.,0.));
#2709=DIRECTION('center_axis',(1.,1.0208947352875E-16,0.));
#2710=DIRECTION('ref_axis',(-9.25185853854298E-17,1.,0.));
#2711=DIRECTION('center_axis',(-1.,0.,0.));
#2712=DIRECTION('ref_axis',(0.,1.,0.));
#2713=DIRECTION('center_axis',(-1.,0.,0.));
#2714=DIRECTION('ref_axis',(0.,1.,0.));
#2715=DIRECTION('',(-1.,0.,0.));
#2716=DIRECTION('center_axis',(-1.,0.,0.));
#2717=DIRECTION('ref_axis',(0.,1.,0.));
#2718=DIRECTION('center_axis',(1.,1.0208947352875E-16,0.));
#2719=DIRECTION('ref_axis',(0.,0.,-1.));
#2720=DIRECTION('center_axis',(1.0208947352875E-16,-1.,0.));
#2721=DIRECTION('ref_axis',(0.,0.,1.));
#2722=DIRECTION('center_axis',(1.,1.0208947352875E-16,0.));
#2723=DIRECTION('ref_axis',(-9.25185853854298E-17,1.,0.));
#2724=DIRECTION('center_axis',(1.,1.0208947352875E-16,0.));
#2725=DIRECTION('ref_axis',(-9.25185853854298E-17,1.,0.));
#2726=DIRECTION('center_axis',(-1.,0.,0.));
#2727=DIRECTION('ref_axis',(0.,1.,0.));
#2728=DIRECTION('center_axis',(-1.,0.,0.));
#2729=DIRECTION('ref_axis',(0.,1.,0.));
#2730=DIRECTION('',(-1.,0.,0.));
#2731=DIRECTION('center_axis',(-1.,0.,0.));
#2732=DIRECTION('ref_axis',(0.,1.,0.));
#2733=DIRECTION('center_axis',(1.,1.0208947352875E-16,0.));
#2734=DIRECTION('ref_axis',(0.,0.,-1.));
#2735=DIRECTION('center_axis',(1.0208947352875E-16,-1.,-1.93082265152201E-16));
#2736=DIRECTION('ref_axis',(0.,-1.93082265152201E-16,1.));
#2737=DIRECTION('center_axis',(1.,1.0208947352875E-16,0.));
#2738=DIRECTION('ref_axis',(-1.02257383847054E-16,1.,0.));
#2739=DIRECTION('center_axis',(1.,1.0208947352875E-16,0.));
#2740=DIRECTION('ref_axis',(-1.02257383847054E-16,1.,0.));
#2741=DIRECTION('center_axis',(-1.,0.,0.));
#2742=DIRECTION('ref_axis',(0.,1.,0.));
#2743=DIRECTION('center_axis',(-1.,0.,0.));
#2744=DIRECTION('ref_axis',(0.,1.,0.));
#2745=DIRECTION('',(-1.,0.,0.));
#2746=DIRECTION('center_axis',(-1.,0.,0.));
#2747=DIRECTION('ref_axis',(0.,1.,0.));
#2748=DIRECTION('center_axis',(1.,1.0208947352875E-16,0.));
#2749=DIRECTION('ref_axis',(0.,0.,-1.));
#2750=DIRECTION('center_axis',(1.0208947352875E-16,-1.,-1.93082265152201E-16));
#2751=DIRECTION('ref_axis',(0.,-1.93082265152201E-16,1.));
#2752=DIRECTION('center_axis',(1.,1.0208947352875E-16,0.));
#2753=DIRECTION('ref_axis',(-1.02257383847054E-16,1.,0.));
#2754=DIRECTION('center_axis',(1.,1.0208947352875E-16,0.));
#2755=DIRECTION('ref_axis',(-1.02257383847054E-16,1.,0.));
#2756=DIRECTION('center_axis',(-1.,0.,0.));
#2757=DIRECTION('ref_axis',(0.,1.,0.));
#2758=DIRECTION('center_axis',(-1.,0.,0.));
#2759=DIRECTION('ref_axis',(0.,1.,0.));
#2760=DIRECTION('',(-1.,0.,0.));
#2761=DIRECTION('center_axis',(-1.,0.,0.));
#2762=DIRECTION('ref_axis',(0.,1.,0.));
#2763=DIRECTION('center_axis',(1.,1.0208947352875E-16,0.));
#2764=DIRECTION('ref_axis',(0.,0.,-1.));
#2765=DIRECTION('center_axis',(1.0208947352875E-16,-1.,0.));
#2766=DIRECTION('ref_axis',(0.,0.,1.));
#2767=DIRECTION('center_axis',(1.,1.0208947352875E-16,0.));
#2768=DIRECTION('ref_axis',(-1.02257383847054E-16,1.,0.));
#2769=DIRECTION('center_axis',(1.,1.0208947352875E-16,0.));
#2770=DIRECTION('ref_axis',(-1.02257383847054E-16,1.,0.));
#2771=DIRECTION('center_axis',(-1.,0.,0.));
#2772=DIRECTION('ref_axis',(0.,1.,0.));
#2773=DIRECTION('center_axis',(-1.,0.,0.));
#2774=DIRECTION('ref_axis',(0.,1.,0.));
#2775=DIRECTION('',(-1.,0.,0.));
#2776=DIRECTION('center_axis',(-1.,0.,0.));
#2777=DIRECTION('ref_axis',(0.,1.,0.));
#2778=DIRECTION('center_axis',(1.,1.0208947352875E-16,0.));
#2779=DIRECTION('ref_axis',(0.,0.,-1.));
#2780=DIRECTION('center_axis',(1.0208947352875E-16,-1.,0.));
#2781=DIRECTION('ref_axis',(0.,0.,1.));
#2782=DIRECTION('center_axis',(1.,1.0208947352875E-16,0.));
#2783=DIRECTION('ref_axis',(-9.25185853854298E-17,1.,0.));
#2784=DIRECTION('center_axis',(1.,1.0208947352875E-16,0.));
#2785=DIRECTION('ref_axis',(-9.25185853854298E-17,1.,0.));
#2786=DIRECTION('center_axis',(-1.,0.,0.));
#2787=DIRECTION('ref_axis',(0.,1.,0.));
#2788=DIRECTION('center_axis',(-1.,0.,0.));
#2789=DIRECTION('ref_axis',(0.,1.,0.));
#2790=DIRECTION('',(-1.,0.,0.));
#2791=DIRECTION('center_axis',(-1.,0.,0.));
#2792=DIRECTION('ref_axis',(0.,1.,0.));
#2793=DIRECTION('center_axis',(1.,1.0208947352875E-16,0.));
#2794=DIRECTION('ref_axis',(0.,0.,-1.));
#2795=DIRECTION('center_axis',(1.0208947352875E-16,-1.,0.));
#2796=DIRECTION('ref_axis',(0.,0.,1.));
#2797=DIRECTION('center_axis',(1.,1.0208947352875E-16,0.));
#2798=DIRECTION('ref_axis',(-9.25185853854298E-17,1.,0.));
#2799=DIRECTION('center_axis',(1.,1.0208947352875E-16,0.));
#2800=DIRECTION('ref_axis',(-9.25185853854298E-17,1.,0.));
#2801=DIRECTION('center_axis',(-1.,0.,0.));
#2802=DIRECTION('ref_axis',(0.,1.,0.));
#2803=DIRECTION('center_axis',(-1.,0.,0.));
#2804=DIRECTION('ref_axis',(0.,1.,0.));
#2805=DIRECTION('',(-1.,0.,0.));
#2806=DIRECTION('center_axis',(-1.,0.,0.));
#2807=DIRECTION('ref_axis',(0.,1.,0.));
#2808=DIRECTION('center_axis',(-1.,0.,0.));
#2809=DIRECTION('ref_axis',(0.,0.,1.));
#2810=DIRECTION('center_axis',(1.,0.,0.));
#2811=DIRECTION('ref_axis',(0.,1.,0.));
#2812=DIRECTION('center_axis',(0.,-1.,0.));
#2813=DIRECTION('ref_axis',(0.,0.,-1.));
#2814=DIRECTION('center_axis',(1.,0.,0.));
#2815=DIRECTION('ref_axis',(0.,1.,0.));
#2816=DIRECTION('center_axis',(1.,0.,0.));
#2817=DIRECTION('ref_axis',(0.,1.,0.));
#2818=DIRECTION('center_axis',(1.,0.,0.));
#2819=DIRECTION('ref_axis',(0.,1.,0.));
#2820=DIRECTION('center_axis',(1.,0.,0.));
#2821=DIRECTION('ref_axis',(0.,1.,0.));
#2822=DIRECTION('center_axis',(1.,0.,0.));
#2823=DIRECTION('ref_axis',(0.,1.,0.));
#2824=DIRECTION('center_axis',(1.,0.,0.));
#2825=DIRECTION('ref_axis',(0.,1.,0.));
#2826=DIRECTION('center_axis',(1.,0.,0.));
#2827=DIRECTION('ref_axis',(0.,1.,0.));
#2828=DIRECTION('center_axis',(1.,0.,0.));
#2829=DIRECTION('ref_axis',(0.,1.,0.));
#2830=DIRECTION('center_axis',(-1.,0.,0.));
#2831=DIRECTION('ref_axis',(0.,0.,1.));
#2832=DIRECTION('center_axis',(0.,-1.,0.));
#2833=DIRECTION('ref_axis',(0.,0.,-1.));
#2834=DIRECTION('center_axis',(-1.,0.,0.));
#2835=DIRECTION('ref_axis',(0.,0.,1.));
#2836=DIRECTION('center_axis',(0.,-1.,0.));
#2837=DIRECTION('ref_axis',(0.,0.,-1.));
#2838=DIRECTION('center_axis',(-1.,0.,0.));
#2839=DIRECTION('ref_axis',(0.,0.,1.));
#2840=DIRECTION('center_axis',(0.,-1.,0.));
#2841=DIRECTION('ref_axis',(0.,0.,-1.));
#2842=DIRECTION('center_axis',(-1.,0.,0.));
#2843=DIRECTION('ref_axis',(0.,0.,1.));
#2844=DIRECTION('center_axis',(0.,-1.,1.22464679914735E-16));
#2845=DIRECTION('ref_axis',(0.,-1.22464679914735E-16,-1.));
#2846=DIRECTION('center_axis',(-1.,0.,0.));
#2847=DIRECTION('ref_axis',(0.,0.,1.));
#2848=DIRECTION('center_axis',(0.,-1.,0.));
#2849=DIRECTION('ref_axis',(0.,0.,-1.));
#2850=DIRECTION('center_axis',(-1.,0.,0.));
#2851=DIRECTION('ref_axis',(0.,0.,1.));
#2852=DIRECTION('center_axis',(0.,-1.,1.93082265152201E-16));
#2853=DIRECTION('ref_axis',(0.,-1.93082265152201E-16,-1.));
#2854=DIRECTION('center_axis',(-1.,0.,0.));
#2855=DIRECTION('ref_axis',(0.,0.,1.));
#2856=DIRECTION('center_axis',(0.,-1.,1.93082265152201E-16));
#2857=DIRECTION('ref_axis',(0.,-1.93082265152201E-16,-1.));
#2858=DIRECTION('center_axis',(-1.,0.,0.));
#2859=DIRECTION('ref_axis',(0.,0.,1.));
#2860=DIRECTION('center_axis',(0.,-1.,0.));
#2861=DIRECTION('ref_axis',(0.,0.,-1.));
#2862=DIRECTION('center_axis',(0.,0.,1.));
#2863=DIRECTION('ref_axis',(-1.,0.,0.));
#2864=DIRECTION('center_axis',(0.,0.,-1.));
#2865=DIRECTION('ref_axis',(-1.,0.,0.));
#2866=DIRECTION('',(0.,0.,-1.));
#2867=DIRECTION('center_axis',(0.,0.,1.));
#2868=DIRECTION('ref_axis',(-1.,0.,0.));
#2869=DIRECTION('center_axis',(0.,0.,1.));
#2870=DIRECTION('ref_axis',(-1.,0.,0.));
#2871=DIRECTION('center_axis',(0.,0.,-1.));
#2872=DIRECTION('ref_axis',(-4.44089209850064E-15,-1.,0.));
#2873=DIRECTION('center_axis',(0.,0.,1.));
#2874=DIRECTION('ref_axis',(-1.,0.,0.));
#2875=DIRECTION('center_axis',(0.,0.,-1.));
#2876=DIRECTION('ref_axis',(-1.,0.,0.));
#2877=DIRECTION('',(0.,0.,-1.));
#2878=DIRECTION('center_axis',(0.,0.,1.));
#2879=DIRECTION('ref_axis',(-1.,0.,0.));
#2880=DIRECTION('center_axis',(-1.,0.,0.));
#2881=DIRECTION('ref_axis',(0.,-1.,0.));
#2882=DIRECTION('',(0.,0.,1.));
#2883=DIRECTION('',(0.,-1.,0.));
#2884=DIRECTION('',(0.,0.,1.));
#2885=DIRECTION('center_axis',(0.,-1.,0.));
#2886=DIRECTION('ref_axis',(1.,0.,0.));
#2887=DIRECTION('',(1.,0.,0.));
#2888=DIRECTION('center_axis',(0.,0.,1.));
#2889=DIRECTION('ref_axis',(-1.,0.,0.));
#2890=DIRECTION('center_axis',(0.,0.,-1.));
#2891=DIRECTION('ref_axis',(1.,0.,0.));
#2892=DIRECTION('',(1.,0.,0.));
#2893=DIRECTION('center_axis',(0.,0.,1.));
#2894=DIRECTION('ref_axis',(-1.,0.,0.));
#2895=DIRECTION('center_axis',(0.,0.,1.));
#2896=DIRECTION('ref_axis',(-1.,0.,0.));
#2897=DIRECTION('center_axis',(0.,0.,-1.));
#2898=DIRECTION('ref_axis',(-1.,0.,0.));
#2899=DIRECTION('',(0.,0.,-1.));
#2900=DIRECTION('center_axis',(0.,0.,1.));
#2901=DIRECTION('ref_axis',(-1.,0.,0.));
#2902=DIRECTION('center_axis',(0.,0.,1.));
#2903=DIRECTION('ref_axis',(-1.,0.,0.));
#2904=DIRECTION('center_axis',(0.,0.,-1.));
#2905=DIRECTION('ref_axis',(-1.,0.,0.));
#2906=DIRECTION('center_axis',(0.,0.,-1.));
#2907=DIRECTION('ref_axis',(-1.,0.,0.));
#2908=DIRECTION('center_axis',(0.,0.,1.));
#2909=DIRECTION('ref_axis',(-1.,0.,0.));
#2910=DIRECTION('center_axis',(0.,0.,1.));
#2911=DIRECTION('ref_axis',(-1.,0.,0.));
#2912=DIRECTION('center_axis',(0.,0.,-1.));
#2913=DIRECTION('ref_axis',(-1.,0.,0.));
#2914=DIRECTION('',(0.,0.,-1.));
#2915=DIRECTION('center_axis',(0.,0.,1.));
#2916=DIRECTION('ref_axis',(-1.,0.,0.));
#2917=DIRECTION('center_axis',(1.,0.,0.));
#2918=DIRECTION('ref_axis',(0.,1.,0.));
#2919=DIRECTION('',(0.,0.,-1.));
#2920=DIRECTION('',(0.,1.,0.));
#2921=DIRECTION('',(0.,0.,1.));
#2922=DIRECTION('center_axis',(0.,-1.,0.));
#2923=DIRECTION('ref_axis',(1.,0.,0.));
#2924=DIRECTION('',(1.,0.,0.));
#2925=DIRECTION('center_axis',(0.,0.,1.));
#2926=DIRECTION('ref_axis',(-1.,0.,0.));
#2927=DIRECTION('center_axis',(0.,0.,-1.));
#2928=DIRECTION('ref_axis',(0.,1.,0.));
#2929=DIRECTION('',(1.,0.,0.));
#2930=DIRECTION('center_axis',(0.,0.,1.));
#2931=DIRECTION('ref_axis',(-1.,0.,0.));
#2932=DIRECTION('center_axis',(0.,0.,-1.));
#2933=DIRECTION('ref_axis',(-0.707106781186548,0.707106781186548,0.));
#2934=DIRECTION('center_axis',(0.,-1.15849359091311E-14,1.));
#2935=DIRECTION('ref_axis',(-0.707106781186548,-0.707106781186548,-7.388670393806E-15));
#2936=DIRECTION('center_axis',(0.,0.,-1.));
#2937=DIRECTION('ref_axis',(-0.707106781186548,-0.707106781186548,-7.388670393806E-15));
#2938=DIRECTION('',(0.,1.15849359091311E-14,-1.));
#2939=DIRECTION('center_axis',(0.,-1.,-1.15849359091311E-14));
#2940=DIRECTION('ref_axis',(0.,-1.15849359091311E-14,1.));
#2941=DIRECTION('',(-1.,0.,0.));
#2942=DIRECTION('center_axis',(0.,0.,-1.));
#2943=DIRECTION('ref_axis',(-0.707106781186551,0.707106781186544,0.));
#2944=DIRECTION('center_axis',(0.,0.,1.));
#2945=DIRECTION('ref_axis',(-0.707106781186551,0.707106781186544,0.));
#2946=DIRECTION('center_axis',(0.,0.,1.));
#2947=DIRECTION('ref_axis',(-0.707106781186548,-0.707106781186548,0.));
#2948=DIRECTION('center_axis',(0.,0.,-1.));
#2949=DIRECTION('ref_axis',(-0.707106781186548,-0.707106781186548,0.));
#2950=DIRECTION('center_axis',(0.,0.,1.));
#2951=DIRECTION('ref_axis',(-0.707106781186548,-0.707106781186548,0.));
#2952=DIRECTION('',(0.,0.,-1.));
#2953=DIRECTION('center_axis',(0.,0.,1.));
#2954=DIRECTION('ref_axis',(0.,1.,0.));
#2955=DIRECTION('',(-1.,0.,0.));
#2956=DIRECTION('center_axis',(0.,0.,-1.));
#2957=DIRECTION('ref_axis',(1.,0.,0.));
#2958=DIRECTION('',(0.,0.,-1.));
#2959=DIRECTION('center_axis',(0.,0.,-1.));
#2960=DIRECTION('ref_axis',(0.,1.,0.));
#2961=DIRECTION('',(0.,0.,-1.));
#2962=DIRECTION('center_axis',(0.,-1.,0.));
#2963=DIRECTION('ref_axis',(-1.,0.,0.));
#2964=DIRECTION('',(-1.,0.,0.));
#2965=DIRECTION('center_axis',(0.,0.,1.));
#2966=DIRECTION('ref_axis',(1.,0.,0.));
#2967=DIRECTION('center_axis',(0.,1.,0.));
#2968=DIRECTION('ref_axis',(1.,0.,0.));
#2969=DIRECTION('center_axis',(0.,0.,-1.));
#2970=DIRECTION('ref_axis',(-4.44089209850064E-15,-1.,0.));
#2971=DIRECTION('center_axis',(0.,0.,1.));
#2972=DIRECTION('ref_axis',(-1.,0.,0.));
#2973=DIRECTION('',(0.,0.,1.));
#2974=DIRECTION('',(1.,0.,0.));
#2975=CARTESIAN_POINT('',(0.,0.,0.));
#2976=CARTESIAN_POINT('',(0.,0.,0.));
#2977=CARTESIAN_POINT('Origin',(71.,43.5,30.7000000000006));
#2978=CARTESIAN_POINT('',(74.5,43.5,31.2000000000006));
#2979=CARTESIAN_POINT('',(75.,43.5,30.7000000000006));
#2980=CARTESIAN_POINT('Origin',(74.5,43.5,30.7000000000006));
#2981=CARTESIAN_POINT('',(71.0000073305585,47.4999999999933,30.7000000000085));
#2982=CARTESIAN_POINT('Origin',(71.,43.5,30.7000000000006));
#2983=CARTESIAN_POINT('',(71.4987292074925,46.9642848003006,31.2000000000006));
#2984=CARTESIAN_POINT('Ctrl Pts',(71.0000073305585,47.4999999999933,30.7000000000085));
#2985=CARTESIAN_POINT('Ctrl Pts',(71.0011332615944,47.4999999979298,30.7010532120528));
#2986=CARTESIAN_POINT('Ctrl Pts',(71.0022591943572,47.4999961927043,30.702106425712));
#2987=CARTESIAN_POINT('Ctrl Pts',(71.0565406789019,47.4996293831328,30.7528823094059));
#2988=CARTESIAN_POINT('Ctrl Pts',(71.1098428541521,47.4907920646507,30.8027524111802));
#2989=CARTESIAN_POINT('Ctrl Pts',(71.2105686597626,47.4564929524801,30.8978827006366));
#2990=CARTESIAN_POINT('Ctrl Pts',(71.2585052180586,47.4315414135312,30.9435967532427));
#2991=CARTESIAN_POINT('Ctrl Pts',(71.3496837115745,47.3622711063485,31.0323365159118));
#2992=CARTESIAN_POINT('Ctrl Pts',(71.3927584054939,47.3162934259658,31.0753701532254));
#2993=CARTESIAN_POINT('Ctrl Pts',(71.4525400706228,47.2182688060021,31.1380943864983));
#2994=CARTESIAN_POINT('Ctrl Pts',(71.4730555547939,47.1706179116902,31.1608515169604));
#2995=CARTESIAN_POINT('Ctrl Pts',(71.4965211495568,47.074363576306,31.1900600010943));
#2996=CARTESIAN_POINT('Ctrl Pts',(71.5014447478821,47.028083968139,31.1981669806785));
#2997=CARTESIAN_POINT('Ctrl Pts',(71.4994292636627,46.9753474481124,31.1999085273071));
#2998=CARTESIAN_POINT('Ctrl Pts',(71.4991246530495,46.9698067549434,31.2000000000006));
#2999=CARTESIAN_POINT('Ctrl Pts',(71.4987292074925,46.9642848003006,31.2000000000006));
#3000=CARTESIAN_POINT('Origin',(71.,43.5,31.2000000000006));
#3001=CARTESIAN_POINT('Ctrl Pts',(71.0000064140301,46.4999999999941,34.));
#3002=CARTESIAN_POINT('Ctrl Pts',(71.0000064140301,46.4999999999941,32.9000000000028));
#3003=CARTESIAN_POINT('Ctrl Pts',(71.0000064142387,46.4999999999941,31.8000000000056));
#3004=CARTESIAN_POINT('Ctrl Pts',(71.0000064142387,46.4999999999941,30.7000000000085));
#3005=CARTESIAN_POINT('Ctrl Pts',(71.1496059769353,46.4999999999941,34.));
#3006=CARTESIAN_POINT('Ctrl Pts',(71.1496059769353,46.4999999999941,32.9000000000028));
#3007=CARTESIAN_POINT('Ctrl Pts',(71.1496059771411,46.4999999999941,31.8000000000056));
#3008=CARTESIAN_POINT('Ctrl Pts',(71.1496059771411,46.4999999999941,30.7000000000085));
#3009=CARTESIAN_POINT('Ctrl Pts',(71.4474123064394,46.644314659264,34.));
#3010=CARTESIAN_POINT('Ctrl Pts',(71.4474123064394,46.644314659264,32.9000000000028));
#3011=CARTESIAN_POINT('Ctrl Pts',(71.4474123066397,46.6443146592581,31.8000000000056));
#3012=CARTESIAN_POINT('Ctrl Pts',(71.4474123066397,46.6443146592581,30.7000000000085));
#3013=CARTESIAN_POINT('Ctrl Pts',(71.54797604725,47.0865130308774,34.));
#3014=CARTESIAN_POINT('Ctrl Pts',(71.54797604725,47.0865130308774,32.9000000000028));
#3015=CARTESIAN_POINT('Ctrl Pts',(71.5479760474593,47.086513030859,31.8000000000056));
#3016=CARTESIAN_POINT('Ctrl Pts',(71.5479760474593,47.086513030859,30.7000000000085));
#3017=CARTESIAN_POINT('Ctrl Pts',(71.3357813144971,47.421720379744,34.));
#3018=CARTESIAN_POINT('Ctrl Pts',(71.3357813144971,47.421720379744,32.9000000000028));
#3019=CARTESIAN_POINT('Ctrl Pts',(71.3357813147245,47.4217203797271,31.8000000000056));
#3020=CARTESIAN_POINT('Ctrl Pts',(71.3357813147245,47.4217203797271,30.7000000000085));
#3021=CARTESIAN_POINT('Ctrl Pts',(71.1122070024988,47.4999997943784,34.));
#3022=CARTESIAN_POINT('Ctrl Pts',(71.1122070024988,47.4999997943784,32.9000000000028));
#3023=CARTESIAN_POINT('Ctrl Pts',(71.1122070027351,47.4999997943717,31.8000000000056));
#3024=CARTESIAN_POINT('Ctrl Pts',(71.1122070027351,47.4999997943717,30.7000000000085));
#3025=CARTESIAN_POINT('Ctrl Pts',(71.0000073303201,47.4999999999933,34.));
#3026=CARTESIAN_POINT('Ctrl Pts',(71.0000073303201,47.4999999999933,32.9000000000028));
#3027=CARTESIAN_POINT('Ctrl Pts',(71.0000073305585,47.4999999999933,31.8000000000056));
#3028=CARTESIAN_POINT('Ctrl Pts',(71.0000073305585,47.4999999999933,30.7000000000085));
#3029=CARTESIAN_POINT('',(71.,47.5,34.));
#3030=CARTESIAN_POINT('',(71.,47.5,0.));
#3031=CARTESIAN_POINT('',(71.498729207286,46.9642848003303,33.5));
#3032=CARTESIAN_POINT('Ctrl Pts',(71.0000073303201,47.4999999999933,34.));
#3033=CARTESIAN_POINT('Ctrl Pts',(71.0011332613578,47.4999999979299,33.9989467879539));
#3034=CARTESIAN_POINT('Ctrl Pts',(71.0022591941169,47.4999961927045,33.9978935742903));
#3035=CARTESIAN_POINT('Ctrl Pts',(71.0565406786625,47.4996293831362,33.9471176905957));
#3036=CARTESIAN_POINT('Ctrl Pts',(71.1098428539122,47.4907920646575,33.8972475888223));
#3037=CARTESIAN_POINT('Ctrl Pts',(71.2105686595229,47.4564929524943,33.8021172993676));
#3038=CARTESIAN_POINT('Ctrl Pts',(71.2585052178198,47.4315414135491,33.7564032467623));
#3039=CARTESIAN_POINT('Ctrl Pts',(71.34968371134,47.3622711063736,33.667663484093));
#3040=CARTESIAN_POINT('Ctrl Pts',(71.392758405263,47.3162934259936,33.6246298467787));
#3041=CARTESIAN_POINT('Ctrl Pts',(71.452540070399,47.2182688060335,33.5619056135046));
#3042=CARTESIAN_POINT('Ctrl Pts',(71.4730555545735,47.1706179117228,33.539148483042));
#3043=CARTESIAN_POINT('Ctrl Pts',(71.4965211493431,47.0743635763399,33.5099399989073));
#3044=CARTESIAN_POINT('Ctrl Pts',(71.5014447476715,47.0280839681732,33.5018330193226));
#3045=CARTESIAN_POINT('Ctrl Pts',(71.4994292634557,46.9753474481449,33.5000914726936));
#3046=CARTESIAN_POINT('Ctrl Pts',(71.4991246528428,46.9698067549745,33.5));
#3047=CARTESIAN_POINT('Ctrl Pts',(71.498729207286,46.9642848003304,33.5));
#3048=CARTESIAN_POINT('',(71.0000064140301,46.4999999999941,33.5));
#3049=CARTESIAN_POINT('Ctrl Pts',(71.4980366311791,46.9646808244211,33.5));
#3050=CARTESIAN_POINT('Ctrl Pts',(71.4903366259775,46.8647158173104,33.5));
#3051=CARTESIAN_POINT('Ctrl Pts',(71.4534108877252,46.7667173965459,33.5));
#3052=CARTESIAN_POINT('Ctrl Pts',(71.391245040587,46.6886356983758,33.5));
#3053=CARTESIAN_POINT('Ctrl Pts',(71.2985091416999,46.5721573296289,33.5));
#3054=CARTESIAN_POINT('Ctrl Pts',(71.1496059769481,46.4999999999941,33.5));
#3055=CARTESIAN_POINT('Ctrl Pts',(71.000006414043,46.4999999999941,33.5));
#3056=CARTESIAN_POINT('',(71.0000064142387,46.4999999999941,31.2000000000006));
#3057=CARTESIAN_POINT('Ctrl Pts',(71.000006414043,46.4999999999941,33.5));
#3058=CARTESIAN_POINT('Ctrl Pts',(71.0000064140804,46.4999999999941,32.7333333333335));
#3059=CARTESIAN_POINT('Ctrl Pts',(71.0000064141884,46.4999999999941,31.966666666667));
#3060=CARTESIAN_POINT('Ctrl Pts',(71.0000064142258,46.4999999999941,31.2000000000006));
#3061=CARTESIAN_POINT('Ctrl Pts',(71.0000064142258,46.4999999999941,31.2000000000006));
#3062=CARTESIAN_POINT('Ctrl Pts',(71.1496059771284,46.4999999999941,31.2000000000006));
#3063=CARTESIAN_POINT('Ctrl Pts',(71.2985091418778,46.5721573296263,31.2000000000006));
#3064=CARTESIAN_POINT('Ctrl Pts',(71.3912450407651,46.68863569837,31.2000000000006));
#3065=CARTESIAN_POINT('Ctrl Pts',(71.4534108879002,46.7667173965337,31.2000000000006));
#3066=CARTESIAN_POINT('Ctrl Pts',(71.4903366261533,46.8647158172897,31.2000000000006));
#3067=CARTESIAN_POINT('Ctrl Pts',(71.4980366313598,46.9646808243931,31.2000000000006));
#3068=CARTESIAN_POINT('Origin',(71.,-43.5,34.));
#3069=CARTESIAN_POINT('',(73.7994168488951,-46.3571428571428,34.));
#3070=CARTESIAN_POINT('',(71.,-47.5,34.));
#3071=CARTESIAN_POINT('Origin',(71.,-43.5,34.));
#3072=CARTESIAN_POINT('',(71.4987228587056,-46.9642857142858,33.5));
#3073=CARTESIAN_POINT('Ctrl Pts',(71.,-47.5,34.));
#3074=CARTESIAN_POINT('Ctrl Pts',(71.0011169400798,-47.5,33.9989551982249));
#3075=CARTESIAN_POINT('Ctrl Pts',(71.0022338816435,-47.4999962573407,33.9979103962312));
#3076=CARTESIAN_POINT('Ctrl Pts',(71.0562996479654,-47.4996339214002,33.9473362889616));
#3077=CARTESIAN_POINT('Ctrl Pts',(71.1093935685167,-47.4908667882564,33.8976611902374));
#3078=CARTESIAN_POINT('Ctrl Pts',(71.2095727441055,-47.4569019144709,33.8030546552695));
#3079=CARTESIAN_POINT('Ctrl Pts',(71.2571747596973,-47.4322722074633,33.7576688009564));
#3080=CARTESIAN_POINT('Ctrl Pts',(71.3486056198634,-47.3633752412047,33.6687293582308));
#3081=CARTESIAN_POINT('Ctrl Pts',(71.3921460531751,-47.317153337526,33.6252535427301));
#3082=CARTESIAN_POINT('Ctrl Pts',(71.4524888665798,-47.2184417200466,33.5619607156167));
#3083=CARTESIAN_POINT('Ctrl Pts',(71.4731637999184,-47.1704314891474,33.5390267626707));
#3084=CARTESIAN_POINT('Ctrl Pts',(71.4966995900415,-47.0733623880929,33.5096914336599));
#3085=CARTESIAN_POINT('Ctrl Pts',(71.5015530833366,-47.026671971127,33.5016199640803));
#3086=CARTESIAN_POINT('Ctrl Pts',(71.499355871821,-46.9741487274858,33.5000727320047));
#3087=CARTESIAN_POINT('Ctrl Pts',(71.4990754659768,-46.96920960686,33.5));
#3088=CARTESIAN_POINT('Ctrl Pts',(71.4987228587056,-46.9642857142858,33.5));
#3089=CARTESIAN_POINT('',(73.7807255628509,-45.6254565025207,33.5));
#3090=CARTESIAN_POINT('Origin',(71.,-43.5,33.5));
#3091=CARTESIAN_POINT('Ctrl Pts',(73.7807255628509,-45.6254565025207,33.5));
#3092=CARTESIAN_POINT('Ctrl Pts',(73.8161407940881,-45.6567767450043,33.5));
#3093=CARTESIAN_POINT('Ctrl Pts',(73.8463609969952,-45.692455249715,33.5066576394605));
#3094=CARTESIAN_POINT('Ctrl Pts',(73.8995597880405,-45.7758063484709,33.5329662210593));
#3095=CARTESIAN_POINT('Ctrl Pts',(73.9197016915571,-45.8231021321218,33.5540906937133));
#3096=CARTESIAN_POINT('Ctrl Pts',(73.9491353107065,-45.9327209890695,33.6131723458431));
#3097=CARTESIAN_POINT('Ctrl Pts',(73.9528564110903,-45.994663176032,33.6541365450489));
#3098=CARTESIAN_POINT('Ctrl Pts',(73.9405112703853,-46.1111303373783,33.7425362325522));
#3099=CARTESIAN_POINT('Ctrl Pts',(73.9242909574188,-46.1661473840544,33.7904284094232));
#3100=CARTESIAN_POINT('Ctrl Pts',(73.8754965978288,-46.2680785859819,33.890848618879));
#3101=CARTESIAN_POINT('Ctrl Pts',(73.8419458299858,-46.3149266296231,33.9439469079189));
#3102=CARTESIAN_POINT('Ctrl Pts',(73.8010098588629,-46.3555767927847,33.9979103956633));
#3103=CARTESIAN_POINT('Ctrl Pts',(73.8002146629349,-46.3563611622199,33.9989551986216));
#3104=CARTESIAN_POINT('Ctrl Pts',(73.7994168488951,-46.3571428571428,34.));
#3105=CARTESIAN_POINT('Origin',(71.,43.5,34.));
#3106=CARTESIAN_POINT('',(73.7807255628509,45.6254565025207,33.5));
#3107=CARTESIAN_POINT('Origin',(71.,43.5,33.5));
#3108=CARTESIAN_POINT('',(73.7994168488951,46.3571428571428,34.));
#3109=CARTESIAN_POINT('Origin',(71.,43.5,34.));
#3110=CARTESIAN_POINT('Ctrl Pts',(73.7994168488951,46.3571428571428,34.));
#3111=CARTESIAN_POINT('Ctrl Pts',(73.8002146629356,46.3563611622193,33.9989551986207));
#3112=CARTESIAN_POINT('Ctrl Pts',(73.801009858864,46.3555767927836,33.9979103956645));
#3113=CARTESIAN_POINT('Ctrl Pts',(73.8419458299758,46.3149266296327,33.9439469079001));
#3114=CARTESIAN_POINT('Ctrl Pts',(73.8754965978284,46.2680785859828,33.8908486188798));
#3115=CARTESIAN_POINT('Ctrl Pts',(73.9242909574188,46.1661473840544,33.7904284094232));
#3116=CARTESIAN_POINT('Ctrl Pts',(73.9405112703853,46.1111303373783,33.7425362325522));
#3117=CARTESIAN_POINT('Ctrl Pts',(73.9528564110903,45.994663176032,33.6541365450489));
#3118=CARTESIAN_POINT('Ctrl Pts',(73.9491353107065,45.9327209890695,33.6131723458431));
#3119=CARTESIAN_POINT('Ctrl Pts',(73.9197016915571,45.8231021321218,33.5540906937133));
#3120=CARTESIAN_POINT('Ctrl Pts',(73.8995597880404,45.7758063484709,33.5329662210593));
#3121=CARTESIAN_POINT('Ctrl Pts',(73.8463609969952,45.6924552497151,33.5066576394605));
#3122=CARTESIAN_POINT('Ctrl Pts',(73.8161407940881,45.6567767450043,33.5));
#3123=CARTESIAN_POINT('Ctrl Pts',(73.7807255628509,45.6254565025207,33.5));
#3124=CARTESIAN_POINT('Origin',(71.,43.5,35.));
#3125=CARTESIAN_POINT('',(73.7994168488951,46.3571428571428,35.));
#3126=CARTESIAN_POINT('',(71.,47.5,35.));
#3127=CARTESIAN_POINT('Origin',(71.,43.5,35.));
#3128=CARTESIAN_POINT('',(71.,47.,35.5));
#3129=CARTESIAN_POINT('Origin',(71.,47.,35.));
#3130=CARTESIAN_POINT('',(73.7807255628509,45.6254565025207,35.5));
#3131=CARTESIAN_POINT('Origin',(71.,43.5,35.5));
#3132=CARTESIAN_POINT('Ctrl Pts',(73.7807255628509,45.6254565025207,35.5));
#3133=CARTESIAN_POINT('Ctrl Pts',(73.8161407940881,45.6567767450043,35.5));
#3134=CARTESIAN_POINT('Ctrl Pts',(73.8463609969952,45.6924552497151,35.4933423605395));
#3135=CARTESIAN_POINT('Ctrl Pts',(73.8995597880404,45.7758063484709,35.4670337789407));
#3136=CARTESIAN_POINT('Ctrl Pts',(73.9197016915571,45.8231021321218,35.4459093062868));
#3137=CARTESIAN_POINT('Ctrl Pts',(73.9491353107065,45.9327209890695,35.3868276541569));
#3138=CARTESIAN_POINT('Ctrl Pts',(73.9528564110903,45.994663176032,35.3458634549511));
#3139=CARTESIAN_POINT('Ctrl Pts',(73.9405112703853,46.1111303373783,35.2574637674478));
#3140=CARTESIAN_POINT('Ctrl Pts',(73.9242909574188,46.1661473840544,35.2095715905768));
#3141=CARTESIAN_POINT('Ctrl Pts',(73.8754965978284,46.2680785859828,35.1091513811202));
#3142=CARTESIAN_POINT('Ctrl Pts',(73.8419458299758,46.3149266296327,35.0560530920999));
#3143=CARTESIAN_POINT('Ctrl Pts',(73.801009858864,46.3555767927836,35.0020896043355));
#3144=CARTESIAN_POINT('Ctrl Pts',(73.8002146629356,46.3563611622193,35.0010448013793));
#3145=CARTESIAN_POINT('Ctrl Pts',(73.7994168488951,46.3571428571428,35.));
#3146=CARTESIAN_POINT('Origin',(35.5,47.,35.));
#3147=CARTESIAN_POINT('',(-71.,47.5,35.));
#3148=CARTESIAN_POINT('',(-71.,47.,35.5));
#3149=CARTESIAN_POINT('Origin',(-71.,47.,35.));
#3150=CARTESIAN_POINT('',(35.5,47.,35.5));
#3151=CARTESIAN_POINT('',(35.5,47.5,35.));
#3152=CARTESIAN_POINT('Origin',(-71.,43.5,35.));
#3153=CARTESIAN_POINT('',(-75.,43.5,35.));
#3154=CARTESIAN_POINT('',(-74.5,43.5,35.5));
#3155=CARTESIAN_POINT('Origin',(-74.5,43.5,35.));
#3156=CARTESIAN_POINT('Origin',(-71.,43.5,35.5));
#3157=CARTESIAN_POINT('Origin',(-71.,43.5,35.));
#3158=CARTESIAN_POINT('Origin',(-74.5,21.75,35.));
#3159=CARTESIAN_POINT('',(-75.,-43.5,35.));
#3160=CARTESIAN_POINT('',(-74.5,-43.5,35.5));
#3161=CARTESIAN_POINT('Origin',(-74.5,-43.5,35.));
#3162=CARTESIAN_POINT('',(-74.5,21.75,35.5));
#3163=CARTESIAN_POINT('',(-75.,21.75,35.));
#3164=CARTESIAN_POINT('Origin',(-71.,-43.5,35.));
#3165=CARTESIAN_POINT('',(-71.,-47.5,35.));
#3166=CARTESIAN_POINT('',(-71.,-47.,35.5));
#3167=CARTESIAN_POINT('Origin',(-71.,-47.,35.));
#3168=CARTESIAN_POINT('Origin',(-71.,-43.5,35.5));
#3169=CARTESIAN_POINT('Origin',(-71.,-43.5,35.));
#3170=CARTESIAN_POINT('Origin',(-35.5,-47.,35.));
#3171=CARTESIAN_POINT('',(71.,-47.5,35.));
#3172=CARTESIAN_POINT('',(71.,-47.,35.5));
#3173=CARTESIAN_POINT('Origin',(71.,-47.,35.));
#3174=CARTESIAN_POINT('',(-35.5,-47.,35.5));
#3175=CARTESIAN_POINT('',(-35.5,-47.5,35.));
#3176=CARTESIAN_POINT('Origin',(71.,-43.5,35.));
#3177=CARTESIAN_POINT('',(73.7807255628509,-45.6254565025207,35.5));
#3178=CARTESIAN_POINT('Origin',(71.,-43.5,35.5));
#3179=CARTESIAN_POINT('',(73.7994168488951,-46.3571428571428,35.));
#3180=CARTESIAN_POINT('Origin',(71.,-43.5,35.));
#3181=CARTESIAN_POINT('Ctrl Pts',(73.7994168488951,-46.3571428571428,35.));
#3182=CARTESIAN_POINT('Ctrl Pts',(73.8002146629349,-46.3563611622199,35.0010448013784));
#3183=CARTESIAN_POINT('Ctrl Pts',(73.8010098588629,-46.3555767927847,35.0020896043367));
#3184=CARTESIAN_POINT('Ctrl Pts',(73.8419458299858,-46.3149266296231,35.0560530920811));
#3185=CARTESIAN_POINT('Ctrl Pts',(73.8754965978288,-46.2680785859819,35.109151381121));
#3186=CARTESIAN_POINT('Ctrl Pts',(73.9242909574188,-46.1661473840544,35.2095715905768));
#3187=CARTESIAN_POINT('Ctrl Pts',(73.9405112703853,-46.1111303373783,35.2574637674478));
#3188=CARTESIAN_POINT('Ctrl Pts',(73.9528564110903,-45.994663176032,35.3458634549511));
#3189=CARTESIAN_POINT('Ctrl Pts',(73.9491353107065,-45.9327209890695,35.3868276541569));
#3190=CARTESIAN_POINT('Ctrl Pts',(73.9197016915571,-45.8231021321218,35.4459093062867));
#3191=CARTESIAN_POINT('Ctrl Pts',(73.8995597880405,-45.7758063484709,35.4670337789407));
#3192=CARTESIAN_POINT('Ctrl Pts',(73.8463609969952,-45.692455249715,35.4933423605395));
#3193=CARTESIAN_POINT('Ctrl Pts',(73.8161407940881,-45.6567767450043,35.5));
#3194=CARTESIAN_POINT('Ctrl Pts',(73.7807255628509,-45.6254565025207,35.5));
#3195=CARTESIAN_POINT('Origin',(73.4494897427832,46.,0.));
#3196=CARTESIAN_POINT('',(73.7994168488951,46.3571428571428,0.));
#3197=CARTESIAN_POINT('',(73.4494897427832,45.5,35.5));
#3198=CARTESIAN_POINT('Origin',(73.4494897427832,46.,35.5));
#3199=CARTESIAN_POINT('',(73.4494897427832,45.5,33.5));
#3200=CARTESIAN_POINT('',(73.4494897427832,45.5,0.));
#3201=CARTESIAN_POINT('Origin',(73.4494897427832,46.,33.5));
#3202=CARTESIAN_POINT('Origin',(73.4494897427832,-46.,0.));
#3203=CARTESIAN_POINT('',(73.4494897427832,-45.5,33.5));
#3204=CARTESIAN_POINT('',(73.4494897427832,-45.5,35.5));
#3205=CARTESIAN_POINT('',(73.4494897427832,-45.5,0.));
#3206=CARTESIAN_POINT('Origin',(73.4494897427832,-46.,35.5));
#3207=CARTESIAN_POINT('',(73.7994168488951,-46.3571428571428,0.));
#3208=CARTESIAN_POINT('Origin',(73.4494897427832,-46.,33.5));
#3209=CARTESIAN_POINT('Origin',(71.,-47.0000000000055,0.));
#3210=CARTESIAN_POINT('',(71.,-46.5000000000059,31.1999999999998));
#3211=CARTESIAN_POINT('',(71.,-46.5000000000059,33.5));
#3212=CARTESIAN_POINT('',(71.,-46.5000000000055,5.79246795456549E-15));
#3213=CARTESIAN_POINT('Origin',(71.,-47.0000000000055,33.5));
#3214=CARTESIAN_POINT('',(71.,-47.5,30.7000000000006));
#3215=CARTESIAN_POINT('',(71.,-47.5,0.));
#3216=CARTESIAN_POINT('',(71.4987228587056,-46.9642857142858,31.1999999999998));
#3217=CARTESIAN_POINT('Ctrl Pts',(71.,-47.5,30.7000000000006));
#3218=CARTESIAN_POINT('Ctrl Pts',(71.0011169400798,-47.5,30.7010448017756));
#3219=CARTESIAN_POINT('Ctrl Pts',(71.0022338816435,-47.4999962573407,30.7020896037693));
#3220=CARTESIAN_POINT('Ctrl Pts',(71.0562996479654,-47.4996339214002,30.7526637110389));
#3221=CARTESIAN_POINT('Ctrl Pts',(71.1093935685167,-47.4908667882564,30.8023388097631));
#3222=CARTESIAN_POINT('Ctrl Pts',(71.2095727441055,-47.4569019144709,30.8969453447311));
#3223=CARTESIAN_POINT('Ctrl Pts',(71.2571747596973,-47.4322722074633,30.9423311990442));
#3224=CARTESIAN_POINT('Ctrl Pts',(71.3486056198634,-47.3633752412047,31.0312706417697));
#3225=CARTESIAN_POINT('Ctrl Pts',(71.392146053175,-47.317153337526,31.0747464572704));
#3226=CARTESIAN_POINT('Ctrl Pts',(71.4524888665798,-47.2184417200466,31.1380392843839));
#3227=CARTESIAN_POINT('Ctrl Pts',(71.4731637999184,-47.1704314891474,31.1609732373298));
#3228=CARTESIAN_POINT('Ctrl Pts',(71.4966995900415,-47.073362388093,31.1903085663406));
#3229=CARTESIAN_POINT('Ctrl Pts',(71.5015530833366,-47.026671971127,31.1983800359203));
#3230=CARTESIAN_POINT('Ctrl Pts',(71.499355871821,-46.9741487274858,31.1999272679959));
#3231=CARTESIAN_POINT('Ctrl Pts',(71.4990754659768,-46.96920960686,31.2000000000006));
#3232=CARTESIAN_POINT('Ctrl Pts',(71.4987228587056,-46.9642857142858,31.2000000000006));
#3233=CARTESIAN_POINT('Origin',(71.,-47.0000000000055,31.2000000000006));
#3234=CARTESIAN_POINT('Origin',(74.5,1.49999999999693,30.7000000000002));
#3235=CARTESIAN_POINT('',(74.5,-43.5,31.1999999999998));
#3236=CARTESIAN_POINT('',(75.,-43.5,30.6999999999998));
#3237=CARTESIAN_POINT('Origin',(74.5,-43.5,30.6999999999998));
#3238=CARTESIAN_POINT('',(75.,1.49999999999693,30.7000000000002));
#3239=CARTESIAN_POINT('',(74.5,1.49999999999693,31.2000000000002));
#3240=CARTESIAN_POINT('Origin',(71.,-43.5,30.7000000000006));
#3241=CARTESIAN_POINT('Origin',(71.,-43.5,30.7000000000006));
#3242=CARTESIAN_POINT('Origin',(71.,-43.5,31.1999999999998));
#3243=CARTESIAN_POINT('Origin',(71.,-43.5,0.));
#3244=CARTESIAN_POINT('',(71.,-47.5,0.5));
#3245=CARTESIAN_POINT('',(71.,-47.5,0.));
#3246=CARTESIAN_POINT('',(75.,-43.5,0.5));
#3247=CARTESIAN_POINT('Origin',(71.,-43.5,0.5));
#3248=CARTESIAN_POINT('',(75.,-43.5,0.));
#3249=CARTESIAN_POINT('Origin',(71.,-43.5,0.));
#3250=CARTESIAN_POINT('',(71.,-47.5,0.));
#3251=CARTESIAN_POINT('Origin',(-71.,-47.5,0.));
#3252=CARTESIAN_POINT('',(-71.,-47.5,0.5));
#3253=CARTESIAN_POINT('',(-71.,-47.5,0.));
#3254=CARTESIAN_POINT('',(-35.5,-47.5,0.5));
#3255=CARTESIAN_POINT('Origin',(-71.,-43.5,0.));
#3256=CARTESIAN_POINT('',(-75.,-43.5,0.5));
#3257=CARTESIAN_POINT('',(-75.,-43.5,0.));
#3258=CARTESIAN_POINT('Origin',(-71.,-43.5,0.5));
#3259=CARTESIAN_POINT('Origin',(-75.,43.5,0.));
#3260=CARTESIAN_POINT('',(-75.,43.5,0.5));
#3261=CARTESIAN_POINT('',(-75.,43.5,0.));
#3262=CARTESIAN_POINT('',(-75.,21.75,0.5));
#3263=CARTESIAN_POINT('',(-75.,-6.4293956955236E-16,24.2500002831221));
#3264=CARTESIAN_POINT('Origin',(-75.,0.,19.0000002831221));
#3265=CARTESIAN_POINT('Origin',(-71.,43.5,0.));
#3266=CARTESIAN_POINT('',(-71.,47.5,0.5));
#3267=CARTESIAN_POINT('',(-71.,47.5,0.));
#3268=CARTESIAN_POINT('Origin',(-71.,43.5,0.5));
#3269=CARTESIAN_POINT('Origin',(71.,43.5,0.));
#3270=CARTESIAN_POINT('',(71.,47.5,0.));
#3271=CARTESIAN_POINT('Origin',(71.,47.5,0.));
#3272=CARTESIAN_POINT('',(71.,47.5,0.5));
#3273=CARTESIAN_POINT('',(71.,47.5,0.));
#3274=CARTESIAN_POINT('',(35.5,47.5,0.5));
#3275=CARTESIAN_POINT('Origin',(75.,46.4999999999941,31.2000000000006));
#3276=CARTESIAN_POINT('',(-71.3,46.4999999999941,31.2000000000006));
#3277=CARTESIAN_POINT('',(75.,46.4999999999941,31.2000000000006));
#3278=CARTESIAN_POINT('',(-73.,44.7999999999941,31.2000000000006));
#3279=CARTESIAN_POINT('Origin',(-71.3,44.7999999999941,31.2000000000006));
#3280=CARTESIAN_POINT('',(-73.,43.5,31.2000000000006));
#3281=CARTESIAN_POINT('',(-73.,46.4999999999941,31.2000000000006));
#3282=CARTESIAN_POINT('',(-71.,45.5,31.2000000000006));
#3283=CARTESIAN_POINT('Origin',(-71.,43.5,31.2000000000006));
#3284=CARTESIAN_POINT('',(71.,45.5,31.2000000000006));
#3285=CARTESIAN_POINT('',(2.,45.5,31.2000000000006));
#3286=CARTESIAN_POINT('',(73.,43.5,31.2000000000006));
#3287=CARTESIAN_POINT('Origin',(71.,43.5,31.2000000000006));
#3288=CARTESIAN_POINT('',(73.,-43.5,31.1999999999998));
#3289=CARTESIAN_POINT('',(73.,44.9999999999971,31.2000000000006));
#3290=CARTESIAN_POINT('',(71.,-45.5,31.1999999999998));
#3291=CARTESIAN_POINT('Origin',(71.,-43.5,31.2000000000006));
#3292=CARTESIAN_POINT('',(-71.,-45.5,31.1999999999998));
#3293=CARTESIAN_POINT('',(73.,-45.5,31.1999999999998));
#3294=CARTESIAN_POINT('',(-73.,-43.5,31.1999999999998));
#3295=CARTESIAN_POINT('Origin',(-71.,-43.5,31.2000000000006));
#3296=CARTESIAN_POINT('',(-73.,-44.8000000000059,31.1999999999998));
#3297=CARTESIAN_POINT('',(-73.,46.4999999999941,31.2000000000006));
#3298=CARTESIAN_POINT('',(-71.3,-46.5000000000059,31.1999999999998));
#3299=CARTESIAN_POINT('Origin',(-71.3,-44.8000000000059,31.1999999999995));
#3300=CARTESIAN_POINT('',(75.,-46.5000000000059,31.1999999999998));
#3301=CARTESIAN_POINT('Origin',(75.,46.4999999999941,33.5));
#3302=CARTESIAN_POINT('',(-71.3,46.4999999999941,33.5));
#3303=CARTESIAN_POINT('',(75.,46.4999999999941,33.5));
#3304=CARTESIAN_POINT('',(-71.3,46.4999999999941,34.5));
#3305=CARTESIAN_POINT('Origin',(75.,45.5,33.5));
#3306=CARTESIAN_POINT('',(-71.,45.5,33.5));
#3307=CARTESIAN_POINT('',(2.,45.5,33.5));
#3308=CARTESIAN_POINT('',(-73.,43.5,33.5));
#3309=CARTESIAN_POINT('Origin',(-71.,43.5,33.5));
#3310=CARTESIAN_POINT('',(-73.,44.7999999999941,33.5));
#3311=CARTESIAN_POINT('',(-73.,-46.5000000000059,33.5));
#3312=CARTESIAN_POINT('Origin',(-71.3,44.7999999999941,33.5));
#3313=CARTESIAN_POINT('Origin',(-71.,45.5,35.5));
#3314=CARTESIAN_POINT('',(-71.,45.5,35.5));
#3315=CARTESIAN_POINT('',(37.5,45.5,35.5));
#3316=CARTESIAN_POINT('',(-71.,45.5,35.5));
#3317=CARTESIAN_POINT('Origin',(-74.5,21.75,0.5));
#3318=CARTESIAN_POINT('',(-74.5,43.5,0.));
#3319=CARTESIAN_POINT('Origin',(-74.5,43.5,0.5));
#3320=CARTESIAN_POINT('',(-74.5,-43.5,0.));
#3321=CARTESIAN_POINT('',(-74.5,21.75,0.));
#3322=CARTESIAN_POINT('Origin',(-74.5,-43.5,0.5));
#3323=CARTESIAN_POINT('Origin',(-71.,-43.5,0.5));
#3324=CARTESIAN_POINT('',(-71.,-47.,0.));
#3325=CARTESIAN_POINT('Origin',(-71.,-47.,0.5));
#3326=CARTESIAN_POINT('Origin',(-71.,-43.5,0.));
#3327=CARTESIAN_POINT('Origin',(-35.5,-47.,0.5));
#3328=CARTESIAN_POINT('',(71.,-47.,0.));
#3329=CARTESIAN_POINT('Origin',(71.,-47.,0.5));
#3330=CARTESIAN_POINT('',(-35.5,-47.,0.));
#3331=CARTESIAN_POINT('Origin',(71.,-43.5,0.5));
#3332=CARTESIAN_POINT('',(74.5,-43.5,0.));
#3333=CARTESIAN_POINT('Origin',(74.5,-43.5,0.5));
#3334=CARTESIAN_POINT('Origin',(71.,-43.5,0.));
#3335=CARTESIAN_POINT('Origin',(74.5,-21.75,0.5));
#3336=CARTESIAN_POINT('',(74.5,43.5,0.));
#3337=CARTESIAN_POINT('',(75.,43.5,0.5));
#3338=CARTESIAN_POINT('Origin',(74.5,43.5,0.5));
#3339=CARTESIAN_POINT('',(75.,-21.75,0.5));
#3340=CARTESIAN_POINT('',(74.5,-21.75,0.));
#3341=CARTESIAN_POINT('Origin',(71.,43.5,0.5));
#3342=CARTESIAN_POINT('',(71.,47.,0.));
#3343=CARTESIAN_POINT('Origin',(71.,47.,0.5));
#3344=CARTESIAN_POINT('Origin',(71.,43.5,0.5));
#3345=CARTESIAN_POINT('Origin',(71.,43.5,0.));
#3346=CARTESIAN_POINT('Origin',(35.5,47.,0.5));
#3347=CARTESIAN_POINT('',(-71.,47.,0.));
#3348=CARTESIAN_POINT('Origin',(-71.,47.,0.5));
#3349=CARTESIAN_POINT('',(35.5,47.,0.));
#3350=CARTESIAN_POINT('Origin',(-71.,43.5,0.5));
#3351=CARTESIAN_POINT('Origin',(-71.,43.5,0.));
#3352=CARTESIAN_POINT('Origin',(71.,43.5,0.));
#3353=CARTESIAN_POINT('',(75.,43.5,0.));
#3354=CARTESIAN_POINT('Origin',(0.,0.,0.));
#3355=CARTESIAN_POINT('Origin',(72.5,21.75,2.5));
#3356=CARTESIAN_POINT('',(73.,-37.5,2.5));
#3357=CARTESIAN_POINT('',(73.,37.502307171473,2.5));
#3358=CARTESIAN_POINT('',(73.,21.75,2.5));
#3359=CARTESIAN_POINT('',(72.5,37.002307171473,2.));
#3360=CARTESIAN_POINT('Origin',(72.5,37.002307171473,2.5));
#3361=CARTESIAN_POINT('',(72.5,-37.,2.));
#3362=CARTESIAN_POINT('',(72.5,21.75,2.));
#3363=CARTESIAN_POINT('Origin',(72.5,-37.,2.5));
#3364=CARTESIAN_POINT('Origin',(62.5029567393092,22.75,2.5));
#3365=CARTESIAN_POINT('',(63.0029567393092,37.502307171473,2.5));
#3366=CARTESIAN_POINT('',(63.0029567393092,45.5,2.5));
#3367=CARTESIAN_POINT('',(63.0029567393092,22.75,2.5));
#3368=CARTESIAN_POINT('',(62.5029567393092,45.,2.));
#3369=CARTESIAN_POINT('Origin',(62.5029567393092,45.,2.5));
#3370=CARTESIAN_POINT('',(62.5029567393092,37.002307171473,2.));
#3371=CARTESIAN_POINT('',(62.5029567393092,22.75,2.));
#3372=CARTESIAN_POINT('Origin',(62.5029567393092,37.002307171473,2.5));
#3373=CARTESIAN_POINT('Origin',(-35.5,45.,2.5));
#3374=CARTESIAN_POINT('',(-63.0000010877848,45.5,2.5));
#3375=CARTESIAN_POINT('',(-35.5,45.5,2.5));
#3376=CARTESIAN_POINT('',(-62.5000010877848,45.,2.));
#3377=CARTESIAN_POINT('Origin',(-62.5000010877848,45.,2.5));
#3378=CARTESIAN_POINT('',(-35.5,45.,2.));
#3379=CARTESIAN_POINT('Origin',(-72.5,-21.75,2.5));
#3380=CARTESIAN_POINT('',(-72.5,-37.,2.));
#3381=CARTESIAN_POINT('',(-72.5,37.0000006780028,2.));
#3382=CARTESIAN_POINT('',(-72.5,-21.75,2.));
#3383=CARTESIAN_POINT('',(-73.,37.5000006780028,2.5));
#3384=CARTESIAN_POINT('Origin',(-72.5,37.0000006780028,2.5));
#3385=CARTESIAN_POINT('',(-73.,-37.5,2.5));
#3386=CARTESIAN_POINT('',(-73.,-21.75,2.5));
#3387=CARTESIAN_POINT('Origin',(-72.5,-37.,2.5));
#3388=CARTESIAN_POINT('Origin',(-62.5000010877848,18.7500003390014,2.5));
#3389=CARTESIAN_POINT('',(-63.0000010877848,37.5000006780028,2.5));
#3390=CARTESIAN_POINT('',(-63.0000010877848,18.7500003390014,2.5));
#3391=CARTESIAN_POINT('',(-62.5000010877848,37.0000006780028,2.));
#3392=CARTESIAN_POINT('Origin',(-62.5000010877848,37.0000006780028,2.5));
#3393=CARTESIAN_POINT('',(-62.5000010877848,18.7500003390014,2.));
#3394=CARTESIAN_POINT('Origin',(-36.5000005438924,37.0000006780028,2.5));
#3395=CARTESIAN_POINT('',(-36.5000005438924,37.0000006780028,2.));
#3396=CARTESIAN_POINT('',(-36.5000005438924,37.5000006780028,2.5));
#3397=CARTESIAN_POINT('Origin',(-31.5,-37.,2.5));
#3398=CARTESIAN_POINT('',(-62.5,-37.,2.));
#3399=CARTESIAN_POINT('',(-31.5,-37.,2.));
#3400=CARTESIAN_POINT('',(-63.,-37.5,2.5));
#3401=CARTESIAN_POINT('',(-31.5,-37.5,2.5));
#3402=CARTESIAN_POINT('Origin',(-62.5,-37.,2.5));
#3403=CARTESIAN_POINT('Origin',(-62.5,-22.75,2.5));
#3404=CARTESIAN_POINT('',(-62.5,-45.,2.));
#3405=CARTESIAN_POINT('',(-62.5,-22.75,2.));
#3406=CARTESIAN_POINT('',(-63.,-45.5,2.5));
#3407=CARTESIAN_POINT('',(-63.,-22.75,2.5));
#3408=CARTESIAN_POINT('Origin',(-62.5,-45.,2.5));
#3409=CARTESIAN_POINT('Origin',(31.5014783696546,37.002307171473,2.5));
#3410=CARTESIAN_POINT('',(31.5014783696546,37.502307171473,2.5));
#3411=CARTESIAN_POINT('',(31.5014783696546,37.002307171473,2.));
#3412=CARTESIAN_POINT('Origin',(35.5,-45.,2.5));
#3413=CARTESIAN_POINT('',(62.5,-45.,2.));
#3414=CARTESIAN_POINT('',(35.5,-45.,2.));
#3415=CARTESIAN_POINT('',(63.,-45.5,2.5));
#3416=CARTESIAN_POINT('',(35.5,-45.5,2.5));
#3417=CARTESIAN_POINT('Origin',(62.5,-45.,2.5));
#3418=CARTESIAN_POINT('Origin',(62.5,-18.75,2.5));
#3419=CARTESIAN_POINT('',(62.5,-37.,2.));
#3420=CARTESIAN_POINT('',(62.5,-18.75,2.));
#3421=CARTESIAN_POINT('',(63.,-37.5,2.5));
#3422=CARTESIAN_POINT('',(63.,-18.75,2.5));
#3423=CARTESIAN_POINT('Origin',(62.5,-37.,2.5));
#3424=CARTESIAN_POINT('Origin',(36.5,-37.,2.5));
#3425=CARTESIAN_POINT('',(36.5,-37.,2.));
#3426=CARTESIAN_POINT('',(36.5,-37.5,2.5));
#3427=CARTESIAN_POINT('Origin',(73.,-37.5,2.));
#3428=CARTESIAN_POINT('',(63.,-37.5,7.8));
#3429=CARTESIAN_POINT('',(63.,-37.5,2.));
#3430=CARTESIAN_POINT('',(73.,-37.5,7.8));
#3431=CARTESIAN_POINT('',(63.,-37.5,7.8));
#3432=CARTESIAN_POINT('',(73.,-37.5,18.75));
#3433=CARTESIAN_POINT('Origin',(63.,-37.5,2.));
#3434=CARTESIAN_POINT('',(63.,-45.5,7.8));
#3435=CARTESIAN_POINT('',(63.,-45.5,18.75));
#3436=CARTESIAN_POINT('',(63.,-45.5,7.8));
#3437=CARTESIAN_POINT('Origin',(71.,-45.5,35.5));
#3438=CARTESIAN_POINT('',(-63.,-45.5,7.8));
#3439=CARTESIAN_POINT('',(-63.,-45.5,18.75));
#3440=CARTESIAN_POINT('',(-71.,-45.5,7.8));
#3441=CARTESIAN_POINT('',(1.49999999999999,-45.5,7.8));
#3442=CARTESIAN_POINT('',(-71.,-45.5,35.5));
#3443=CARTESIAN_POINT('',(71.,-45.5,7.8));
#3444=CARTESIAN_POINT('',(71.,-45.5,35.5));
#3445=CARTESIAN_POINT('',(69.5,-45.5,7.8));
#3446=CARTESIAN_POINT('Origin',(-63.,-45.5,2.));
#3447=CARTESIAN_POINT('',(-63.,-37.5,7.8));
#3448=CARTESIAN_POINT('',(-63.,-37.5,2.));
#3449=CARTESIAN_POINT('',(-63.,-45.5,7.8));
#3450=CARTESIAN_POINT('Origin',(-63.,-37.5,2.));
#3451=CARTESIAN_POINT('',(-73.,-37.5,7.8));
#3452=CARTESIAN_POINT('',(-73.,-37.5,18.75));
#3453=CARTESIAN_POINT('',(-63.,-37.5,7.8));
#3454=CARTESIAN_POINT('Origin',(-73.,-43.5,35.5));
#3455=CARTESIAN_POINT('',(-73.0000010877848,37.5000006780028,7.8));
#3456=CARTESIAN_POINT('',(-73.,37.5000006780028,18.75));
#3457=CARTESIAN_POINT('',(-73.0000010877848,43.5,7.8));
#3458=CARTESIAN_POINT('',(-73.,-0.999999660998587,7.8));
#3459=CARTESIAN_POINT('',(-73.,43.5,35.5));
#3460=CARTESIAN_POINT('',(-73.,44.7999999999941,34.5));
#3461=CARTESIAN_POINT('',(-73.,43.5,35.5));
#3462=CARTESIAN_POINT('',(-73.,43.5,35.5));
#3463=CARTESIAN_POINT('',(-73.,-43.5,35.5));
#3464=CARTESIAN_POINT('',(-73.,-2.93987056920741E-12,35.5));
#3465=CARTESIAN_POINT('',(-73.,-43.5,33.5));
#3466=CARTESIAN_POINT('',(-73.,-43.5,35.5));
#3467=CARTESIAN_POINT('',(-73.,-44.8000000000059,33.5));
#3468=CARTESIAN_POINT('',(-73.,-46.5000000000059,33.5));
#3469=CARTESIAN_POINT('',(-73.,-44.8000000000059,33.3499999999999));
#3470=CARTESIAN_POINT('',(-73.,-43.5,7.8));
#3471=CARTESIAN_POINT('',(-73.,-43.5,35.5));
#3472=CARTESIAN_POINT('',(-73.,-42.5,7.8));
#3473=CARTESIAN_POINT('',(-73.,-6.42939569552361E-16,13.7500002831221));
#3474=CARTESIAN_POINT('Origin',(-73.,0.,19.0000002831221));
#3475=CARTESIAN_POINT('Origin',(0.,0.,2.));
#3476=CARTESIAN_POINT('Origin',(-74.5,0.,19.0000002831221));
#3477=CARTESIAN_POINT('',(-74.5,-5.81707229594993E-16,23.7500002831221));
#3478=CARTESIAN_POINT('Origin',(-74.5,-6.42939569552361E-16,24.2500002831221));
#3479=CARTESIAN_POINT('',(-74.5,4.75,19.0000002831221));
#3480=CARTESIAN_POINT('Origin',(-74.5,0.,19.0000002831221));
#3481=CARTESIAN_POINT('Origin',(-74.5,0.,19.0000002831221));
#3482=CARTESIAN_POINT('Origin',(-75.,0.,19.0000002831221));
#3483=CARTESIAN_POINT('',(-73.5,4.75,19.0000002831221));
#3484=CARTESIAN_POINT('',(-75.,4.75,19.0000002831221));
#3485=CARTESIAN_POINT('',(-73.5,-5.81707229594993E-16,14.2500002831221));
#3486=CARTESIAN_POINT('Origin',(-73.5,0.,19.0000002831221));
#3487=CARTESIAN_POINT('Origin',(-73.5,0.,19.0000002831221));
#3488=CARTESIAN_POINT('Origin',(73.5,-30.0374540353712,21.2000000000004));
#3489=CARTESIAN_POINT('',(73.,-30.0374540353712,26.4500000000004));
#3490=CARTESIAN_POINT('Origin',(73.,-30.0374540353712,21.2000000000004));
#3491=CARTESIAN_POINT('',(73.5,-30.0374540353712,25.9500000000004));
#3492=CARTESIAN_POINT('Origin',(73.5,-30.0374540353712,26.4500000000004));
#3493=CARTESIAN_POINT('',(73.5,-34.7874540353712,21.2000000000004));
#3494=CARTESIAN_POINT('Origin',(73.5,-30.0374540353712,21.2000000000004));
#3495=CARTESIAN_POINT('Origin',(73.5,-30.0374540353712,21.2000000000004));
#3496=CARTESIAN_POINT('Origin',(73.,43.5,35.5));
#3497=CARTESIAN_POINT('',(73.,-43.5,7.8));
#3498=CARTESIAN_POINT('',(73.,1.00000000000001,7.8));
#3499=CARTESIAN_POINT('',(73.,-43.5,35.5));
#3500=CARTESIAN_POINT('',(73.,43.5,7.8));
#3501=CARTESIAN_POINT('',(73.,43.5,35.5));
#3502=CARTESIAN_POINT('',(73.,37.502307171473,7.8));
#3503=CARTESIAN_POINT('',(73.,42.5005767928683,7.8));
#3504=CARTESIAN_POINT('',(73.,37.502307171473,18.75));
#3505=CARTESIAN_POINT('',(73.,-30.,12.8));
#3506=CARTESIAN_POINT('Origin',(73.,-30.,10.8));
#3507=CARTESIAN_POINT('',(73.,-9.87472083473229,26.4500000000004));
#3508=CARTESIAN_POINT('Origin',(73.,-9.87472083473229,21.2000000000004));
#3509=CARTESIAN_POINT('',(73.,29.9882271671726,26.4500000000004));
#3510=CARTESIAN_POINT('Origin',(73.,29.9882271671726,21.2000000000004));
#3511=CARTESIAN_POINT('',(73.,10.,12.8));
#3512=CARTESIAN_POINT('Origin',(73.,10.,10.8));
#3513=CARTESIAN_POINT('',(73.,30.,12.8));
#3514=CARTESIAN_POINT('Origin',(73.,30.,10.8));
#3515=CARTESIAN_POINT('',(73.,9.99154659915051,26.4500000000004));
#3516=CARTESIAN_POINT('Origin',(73.,9.99154659915052,21.2000000000004));
#3517=CARTESIAN_POINT('',(73.,-10.,12.8));
#3518=CARTESIAN_POINT('Origin',(73.,-10.,10.8));
#3519=CARTESIAN_POINT('Origin',(75.,-30.0374540353712,21.2000000000004));
#3520=CARTESIAN_POINT('',(74.5,-34.7874540353712,21.2000000000004));
#3521=CARTESIAN_POINT('',(74.5,-30.0374540353712,16.4500000000004));
#3522=CARTESIAN_POINT('Origin',(74.5,-30.0374540353712,21.2000000000004));
#3523=CARTESIAN_POINT('',(75.,-34.7874540353712,21.2000000000004));
#3524=CARTESIAN_POINT('Origin',(74.5,-30.0374540353712,21.2000000000004));
#3525=CARTESIAN_POINT('Origin',(73.5,-30.,10.8));
#3526=CARTESIAN_POINT('',(73.5,-30.,12.3));
#3527=CARTESIAN_POINT('Origin',(73.5,-30.,12.8));
#3528=CARTESIAN_POINT('',(73.5,-31.5,10.8));
#3529=CARTESIAN_POINT('Origin',(73.5,-30.,10.8));
#3530=CARTESIAN_POINT('Origin',(73.5,-30.,10.8));
#3531=CARTESIAN_POINT('Origin',(75.,-30.,10.8));
#3532=CARTESIAN_POINT('',(74.5,-31.5,10.8));
#3533=CARTESIAN_POINT('',(74.5,-30.,9.29999999999999));
#3534=CARTESIAN_POINT('Origin',(74.5,-30.,10.8));
#3535=CARTESIAN_POINT('',(75.,-31.5,10.8));
#3536=CARTESIAN_POINT('Origin',(74.5,-30.,10.8));
#3537=CARTESIAN_POINT('Origin',(73.5,-10.,10.8));
#3538=CARTESIAN_POINT('',(73.5,-10.,12.3));
#3539=CARTESIAN_POINT('Origin',(73.5,-10.,12.8));
#3540=CARTESIAN_POINT('',(73.5,-11.5,10.8));
#3541=CARTESIAN_POINT('Origin',(73.5,-10.,10.8));
#3542=CARTESIAN_POINT('Origin',(73.5,-10.,10.8));
#3543=CARTESIAN_POINT('Origin',(75.,-10.,10.8));
#3544=CARTESIAN_POINT('',(74.5,-11.5,10.8));
#3545=CARTESIAN_POINT('',(74.5,-10.,9.3));
#3546=CARTESIAN_POINT('Origin',(74.5,-10.,10.8));
#3547=CARTESIAN_POINT('',(75.,-11.5,10.8));
#3548=CARTESIAN_POINT('Origin',(74.5,-10.,10.8));
#3549=CARTESIAN_POINT('Origin',(73.5,-9.87472083473229,21.2000000000004));
#3550=CARTESIAN_POINT('',(73.5,-9.87472083473229,25.9500000000004));
#3551=CARTESIAN_POINT('Origin',(73.5,-9.87472083473229,26.4500000000004));
#3552=CARTESIAN_POINT('',(73.5,-14.6247208347323,21.2000000000004));
#3553=CARTESIAN_POINT('Origin',(73.5,-9.87472083473229,21.2000000000004));
#3554=CARTESIAN_POINT('Origin',(73.5,-9.87472083473229,21.2000000000004));
#3555=CARTESIAN_POINT('Origin',(75.,-9.87472083473229,21.2000000000004));
#3556=CARTESIAN_POINT('',(74.5,-14.6247208347323,21.2000000000004));
#3557=CARTESIAN_POINT('',(74.5,-9.87472083473229,16.4500000000004));
#3558=CARTESIAN_POINT('Origin',(74.5,-9.87472083473229,21.2000000000004));
#3559=CARTESIAN_POINT('',(75.,-14.6247208347323,21.2000000000004));
#3560=CARTESIAN_POINT('Origin',(74.5,-9.87472083473229,21.2000000000004));
#3561=CARTESIAN_POINT('Origin',(73.5,9.99154659915052,21.2000000000004));
#3562=CARTESIAN_POINT('',(73.5,9.99154659915051,25.9500000000004));
#3563=CARTESIAN_POINT('Origin',(73.5,9.99154659915052,26.4500000000004));
#3564=CARTESIAN_POINT('',(73.5,5.24154659915052,21.2000000000004));
#3565=CARTESIAN_POINT('Origin',(73.5,9.99154659915052,21.2000000000004));
#3566=CARTESIAN_POINT('Origin',(73.5,9.99154659915052,21.2000000000004));
#3567=CARTESIAN_POINT('Origin',(75.,9.99154659915052,21.2000000000004));
#3568=CARTESIAN_POINT('',(74.5,5.24154659915052,21.2000000000004));
#3569=CARTESIAN_POINT('',(74.5,9.99154659915051,16.4500000000004));
#3570=CARTESIAN_POINT('Origin',(74.5,9.99154659915052,21.2000000000004));
#3571=CARTESIAN_POINT('',(75.,5.24154659915052,21.2000000000004));
#3572=CARTESIAN_POINT('Origin',(74.5,9.99154659915052,21.2000000000004));
#3573=CARTESIAN_POINT('Origin',(73.5,29.9882271671726,21.2000000000004));
#3574=CARTESIAN_POINT('',(73.5,29.9882271671726,25.9500000000004));
#3575=CARTESIAN_POINT('Origin',(73.5,29.9882271671726,26.4500000000004));
#3576=CARTESIAN_POINT('',(73.5,25.2382271671726,21.2000000000004));
#3577=CARTESIAN_POINT('Origin',(73.5,29.9882271671726,21.2000000000004));
#3578=CARTESIAN_POINT('Origin',(73.5,29.9882271671726,21.2000000000004));
#3579=CARTESIAN_POINT('Origin',(75.,29.9882271671726,21.2000000000004));
#3580=CARTESIAN_POINT('',(74.5,25.2382271671726,21.2000000000004));
#3581=CARTESIAN_POINT('',(74.5,29.9882271671726,16.4500000000004));
#3582=CARTESIAN_POINT('Origin',(74.5,29.9882271671726,21.2000000000004));
#3583=CARTESIAN_POINT('',(75.,25.2382271671726,21.2000000000004));
#3584=CARTESIAN_POINT('Origin',(74.5,29.9882271671726,21.2000000000004));
#3585=CARTESIAN_POINT('Origin',(73.5,30.,10.8));
#3586=CARTESIAN_POINT('',(73.5,30.,12.3));
#3587=CARTESIAN_POINT('Origin',(73.5,30.,12.8));
#3588=CARTESIAN_POINT('',(73.5,28.5,10.8));
#3589=CARTESIAN_POINT('Origin',(73.5,30.,10.8));
#3590=CARTESIAN_POINT('Origin',(73.5,30.,10.8));
#3591=CARTESIAN_POINT('Origin',(75.,30.,10.8));
#3592=CARTESIAN_POINT('',(74.5,28.5,10.8));
#3593=CARTESIAN_POINT('',(74.5,30.,9.30000000000001));
#3594=CARTESIAN_POINT('Origin',(74.5,30.,10.8));
#3595=CARTESIAN_POINT('',(75.,28.5,10.8));
#3596=CARTESIAN_POINT('Origin',(74.5,30.,10.8));
#3597=CARTESIAN_POINT('Origin',(73.5,10.,10.8));
#3598=CARTESIAN_POINT('',(73.5,10.,12.3));
#3599=CARTESIAN_POINT('Origin',(73.5,10.,12.8));
#3600=CARTESIAN_POINT('',(73.5,8.5,10.8));
#3601=CARTESIAN_POINT('Origin',(73.5,10.,10.8));
#3602=CARTESIAN_POINT('Origin',(73.5,10.,10.8));
#3603=CARTESIAN_POINT('Origin',(75.,10.,10.8));
#3604=CARTESIAN_POINT('',(74.5,8.5,10.8));
#3605=CARTESIAN_POINT('',(74.5,10.,9.3));
#3606=CARTESIAN_POINT('Origin',(74.5,10.,10.8));
#3607=CARTESIAN_POINT('',(75.,8.5,10.8));
#3608=CARTESIAN_POINT('Origin',(74.5,10.,10.8));
#3609=CARTESIAN_POINT('Origin',(74.5,-30.,10.8));
#3610=CARTESIAN_POINT('',(75.,-30.,8.79999999999999));
#3611=CARTESIAN_POINT('Origin',(75.,-30.,10.8));
#3612=CARTESIAN_POINT('Origin',(74.5,-30.,8.79999999999999));
#3613=CARTESIAN_POINT('Origin',(75.,-43.5,0.));
#3614=CARTESIAN_POINT('',(75.,-10.,8.8));
#3615=CARTESIAN_POINT('Origin',(75.,-10.,10.8));
#3616=CARTESIAN_POINT('',(75.,30.,8.80000000000001));
#3617=CARTESIAN_POINT('Origin',(75.,30.,10.8));
#3618=CARTESIAN_POINT('',(75.,9.99154659915051,15.9500000000004));
#3619=CARTESIAN_POINT('Origin',(75.,9.99154659915052,21.2000000000004));
#3620=CARTESIAN_POINT('',(75.,-30.0374540353712,15.9500000000004));
#3621=CARTESIAN_POINT('Origin',(75.,-30.0374540353712,21.2000000000004));
#3622=CARTESIAN_POINT('',(75.,-9.87472083473229,15.9500000000004));
#3623=CARTESIAN_POINT('Origin',(75.,-9.87472083473229,21.2000000000004));
#3624=CARTESIAN_POINT('',(75.,29.9882271671726,15.9500000000004));
#3625=CARTESIAN_POINT('Origin',(75.,29.9882271671726,21.2000000000004));
#3626=CARTESIAN_POINT('',(75.,10.,8.8));
#3627=CARTESIAN_POINT('Origin',(75.,10.,10.8));
#3628=CARTESIAN_POINT('Origin',(74.5,-10.,10.8));
#3629=CARTESIAN_POINT('Origin',(74.5,-10.,8.8));
#3630=CARTESIAN_POINT('Origin',(74.5,10.,10.8));
#3631=CARTESIAN_POINT('Origin',(74.5,10.,8.8));
#3632=CARTESIAN_POINT('Origin',(74.5,30.,10.8));
#3633=CARTESIAN_POINT('Origin',(74.5,30.,8.80000000000001));
#3634=CARTESIAN_POINT('Origin',(-73.5,0.,19.0000002831221));
#3635=CARTESIAN_POINT('Origin',(-73.5,-6.42939569552361E-16,13.7500002831221));
#3636=CARTESIAN_POINT('Origin',(74.5,29.9882271671726,21.2000000000004));
#3637=CARTESIAN_POINT('Origin',(74.5,29.9882271671726,15.9500000000004));
#3638=CARTESIAN_POINT('Origin',(74.5,9.99154659915052,21.2000000000004));
#3639=CARTESIAN_POINT('Origin',(74.5,9.99154659915052,15.9500000000004));
#3640=CARTESIAN_POINT('Origin',(74.5,-9.87472083473229,21.2000000000004));
#3641=CARTESIAN_POINT('Origin',(74.5,-9.87472083473229,15.9500000000004));
#3642=CARTESIAN_POINT('Origin',(74.5,-30.0374540353712,21.2000000000004));
#3643=CARTESIAN_POINT('Origin',(74.5,-30.0374540353712,15.9500000000004));
#3644=CARTESIAN_POINT('Origin',(68.,-41.5,2.));
#3645=CARTESIAN_POINT('',(68.75,-41.5,7.8));
#3646=CARTESIAN_POINT('Origin',(68.,-41.5,7.8));
#3647=CARTESIAN_POINT('',(68.75,-41.5,2.));
#3648=CARTESIAN_POINT('',(68.75,-41.5,2.));
#3649=CARTESIAN_POINT('Origin',(68.,-41.5,2.));
#3650=CARTESIAN_POINT('Origin',(68.,-41.5,7.8));
#3651=CARTESIAN_POINT('Origin',(71.,-43.5,7.8));
#3652=CARTESIAN_POINT('Origin',(68.0029567393092,41.502307171473,2.));
#3653=CARTESIAN_POINT('',(68.7529567393092,41.502307171473,7.8));
#3654=CARTESIAN_POINT('Origin',(68.0029567393092,41.502307171473,7.8));
#3655=CARTESIAN_POINT('',(68.7529567393092,41.502307171473,2.));
#3656=CARTESIAN_POINT('',(68.7529567393092,41.502307171473,2.));
#3657=CARTESIAN_POINT('Origin',(68.0029567393092,41.502307171473,2.));
#3658=CARTESIAN_POINT('Origin',(63.0029567393092,45.5,2.));
#3659=CARTESIAN_POINT('',(63.0029567393092,37.502307171473,7.8));
#3660=CARTESIAN_POINT('',(63.0029567393092,37.502307171473,2.));
#3661=CARTESIAN_POINT('',(63.0029567393092,45.5,7.8));
#3662=CARTESIAN_POINT('',(63.0029567393092,45.502307171473,7.8));
#3663=CARTESIAN_POINT('',(63.0029567393092,45.5,18.75));
#3664=CARTESIAN_POINT('Origin',(63.0029567393092,37.502307171473,2.));
#3665=CARTESIAN_POINT('',(63.0029567393092,37.502307171473,7.8));
#3666=CARTESIAN_POINT('Origin',(68.0014783696546,41.5011535857365,7.8));
#3667=CARTESIAN_POINT('',(71.,45.5,7.8));
#3668=CARTESIAN_POINT('Origin',(71.,43.5,7.8));
#3669=CARTESIAN_POINT('',(-1.49926081517269,45.5,7.8));
#3670=CARTESIAN_POINT('Origin',(0.,0.,2.));
#3671=CARTESIAN_POINT('Origin',(-68.,-41.5,2.));
#3672=CARTESIAN_POINT('',(-67.25,-41.5,7.8));
#3673=CARTESIAN_POINT('Origin',(-68.,-41.5,7.8));
#3674=CARTESIAN_POINT('',(-67.25,-41.5,2.));
#3675=CARTESIAN_POINT('',(-67.25,-41.5,2.));
#3676=CARTESIAN_POINT('Origin',(-68.,-41.5,2.));
#3677=CARTESIAN_POINT('Origin',(-68.,-41.5,7.8));
#3678=CARTESIAN_POINT('Origin',(-71.,-43.5,7.8));
#3679=CARTESIAN_POINT('Origin',(-71.,-43.5,35.5));
#3680=CARTESIAN_POINT('Origin',(0.,0.,2.));
#3681=CARTESIAN_POINT('Origin',(-68.0000010877848,41.5000006780028,2.));
#3682=CARTESIAN_POINT('',(-67.2500010877848,41.5000006780028,7.8));
#3683=CARTESIAN_POINT('Origin',(-68.0000010877848,41.5000006780028,7.8));
#3684=CARTESIAN_POINT('',(-67.2500010877848,41.5000006780028,2.));
#3685=CARTESIAN_POINT('',(-67.2500010877848,41.5000006780028,2.));
#3686=CARTESIAN_POINT('Origin',(-68.0000010877848,41.5000006780028,2.));
#3687=CARTESIAN_POINT('Origin',(-63.0000010877848,37.5000006780028,2.));
#3688=CARTESIAN_POINT('',(-63.0000010877848,45.5000006780028,7.8));
#3689=CARTESIAN_POINT('',(-63.0000010877848,45.5,18.75));
#3690=CARTESIAN_POINT('',(-63.0000010877848,37.5000006780028,7.8));
#3691=CARTESIAN_POINT('',(-63.0000010877848,45.5000006780028,7.8));
#3692=CARTESIAN_POINT('',(-63.0000010877848,37.5000006780028,2.));
#3693=CARTESIAN_POINT('Origin',(-73.0000010877848,37.5000006780028,2.));
#3694=CARTESIAN_POINT('',(-63.0000010877848,37.5000006780028,7.8));
#3695=CARTESIAN_POINT('Origin',(-68.0000010877848,41.5000006780028,7.8));
#3696=CARTESIAN_POINT('',(-71.,45.5000006780028,7.8));
#3697=CARTESIAN_POINT('Origin',(-71.,43.5,7.8));
#3698=CARTESIAN_POINT('',(-69.5000005438924,45.5,7.8));
#3699=CARTESIAN_POINT('Origin',(0.,0.,2.));
#3700=CARTESIAN_POINT('Origin',(-71.3,44.7999999999941,34.5));
#3701=CARTESIAN_POINT('Origin',(-71.3,-44.8000000000059,33.3499999999999));
#3702=CARTESIAN_POINT('',(-71.3,-46.5000000000059,33.5));
#3703=CARTESIAN_POINT('Origin',(-71.3,-44.8000000000059,33.5));
#3704=CARTESIAN_POINT('',(-71.3,-46.5000000000059,33.3499999999999));
#3705=CARTESIAN_POINT('Origin',(75.,-46.5000000000059,31.1999999999998));
#3706=CARTESIAN_POINT('',(75.,-46.5000000000059,33.5));
#3707=CARTESIAN_POINT('Origin',(-71.,43.5,35.5));
#3708=CARTESIAN_POINT('Origin',(-71.,43.5,35.5));
#3709=CARTESIAN_POINT('Origin',(-71.,-43.5,35.5));
#3710=CARTESIAN_POINT('',(-71.,-45.5,33.5));
#3711=CARTESIAN_POINT('Origin',(-71.,-43.5,33.5));
#3712=CARTESIAN_POINT('',(-71.,-45.5,35.5));
#3713=CARTESIAN_POINT('Origin',(-71.,-43.5,35.5));
#3714=CARTESIAN_POINT('',(-71.,-45.5,35.5));
#3715=CARTESIAN_POINT('Origin',(75.,-46.5000000000059,33.5));
#3716=CARTESIAN_POINT('',(73.,-45.5,33.5));
#3717=CARTESIAN_POINT('Origin',(71.,43.5,35.5));
#3718=CARTESIAN_POINT('',(71.,45.5,35.5));
#3719=CARTESIAN_POINT('Origin',(-71.,43.5,35.5));
#3720=CARTESIAN_POINT('',(-71.,45.5,35.5));
#3721=CARTESIAN_POINT('Origin',(71.,-45.5,35.5));
#3722=CARTESIAN_POINT('',(37.5,-45.5,35.5));
#3723=CARTESIAN_POINT('Origin',(0.,0.,35.5));
#3724=CARTESIAN_POINT('Origin',(-71.,45.5,35.5));
#3725=CARTESIAN_POINT('Origin',(71.,-43.5,35.5));
#3726=CARTESIAN_POINT('Origin',(0.,0.,2.));
#3727=CARTESIAN_POINT('',(0.,0.,0.));
#3728=UNCERTAINTY_MEASURE_WITH_UNIT(LENGTH_MEASURE(0.01),#3734,
'DISTANCE_ACCURACY_VALUE',
'Maximum model space distance between geometric entities at asserted c
onnectivities');
#3729=UNCERTAINTY_MEASURE_WITH_UNIT(LENGTH_MEASURE(0.01),#3734,
'DISTANCE_ACCURACY_VALUE',
'Maximum model space distance between geometric entities at asserted c
onnectivities');
#3730=UNCERTAINTY_MEASURE_WITH_UNIT(LENGTH_MEASURE(0.01),#3734,
'DISTANCE_ACCURACY_VALUE',
'Maximum model space distance between geometric entities at asserted c
onnectivities');
#3731=(
GEOMETRIC_REPRESENTATION_CONTEXT(3)
GLOBAL_UNCERTAINTY_ASSIGNED_CONTEXT((#3728))
GLOBAL_UNIT_ASSIGNED_CONTEXT((#3734,#3736,#3737))
REPRESENTATION_CONTEXT('','3D')
);
#3732=(
GEOMETRIC_REPRESENTATION_CONTEXT(3)
GLOBAL_UNCERTAINTY_ASSIGNED_CONTEXT((#3729))
GLOBAL_UNIT_ASSIGNED_CONTEXT((#3734,#3736,#3737))
REPRESENTATION_CONTEXT('','3D')
);
#3733=(
GEOMETRIC_REPRESENTATION_CONTEXT(3)
GLOBAL_UNCERTAINTY_ASSIGNED_CONTEXT((#3730))
GLOBAL_UNIT_ASSIGNED_CONTEXT((#3734,#3736,#3737))
REPRESENTATION_CONTEXT('','3D')
);
#3734=(
LENGTH_UNIT()
NAMED_UNIT(*)
SI_UNIT(.MILLI.,.METRE.)
);
#3735=(
LENGTH_UNIT()
NAMED_UNIT(*)
SI_UNIT($,.METRE.)
);
#3736=(
NAMED_UNIT(*)
PLANE_ANGLE_UNIT()
SI_UNIT($,.RADIAN.)
);
#3737=(
NAMED_UNIT(*)
SI_UNIT($,.STERADIAN.)
SOLID_ANGLE_UNIT()
);
#3738=SHAPE_DEFINITION_REPRESENTATION(#3740,#3743);
#3739=SHAPE_DEFINITION_REPRESENTATION(#3741,#3744);
#3740=PRODUCT_DEFINITION_SHAPE('',$,#3746);
#3741=PRODUCT_DEFINITION_SHAPE('',$,#3747);
#3742=PRODUCT_DEFINITION_SHAPE($,$,#14);
#3743=SHAPE_REPRESENTATION('',(#2032,#2302),#3731);
#3744=SHAPE_REPRESENTATION('',(#2033),#3732);
#3745=PRODUCT_DEFINITION_CONTEXT('part definition',#3753,'design');
#3746=PRODUCT_DEFINITION('boite_alim_4x18650','boite_alim_4x18650 v2',#3748,
#3745);
#3747=PRODUCT_DEFINITION('boite','boite',#3749,#3745);
#3748=PRODUCT_DEFINITION_FORMATION('',$,#3755);
#3749=PRODUCT_DEFINITION_FORMATION('',$,#3756);
#3750=PRODUCT_RELATED_PRODUCT_CATEGORY('boite_alim_4x18650 v2',
'boite_alim_4x18650 v2',(#3755));
#3751=PRODUCT_RELATED_PRODUCT_CATEGORY('boite','boite',(#3756));
#3752=APPLICATION_PROTOCOL_DEFINITION('international standard',
'automotive_design',2009,#3753);
#3753=APPLICATION_CONTEXT(
'Core Data for Automotive Mechanical Design Process');
#3754=PRODUCT_CONTEXT('part definition',#3753,'mechanical');
#3755=PRODUCT('boite_alim_4x18650','boite_alim_4x18650 v2',$,(#3754));
#3756=PRODUCT('boite','boite',$,(#3754));
#3757=PRESENTATION_STYLE_ASSIGNMENT((#3758));
#3758=SURFACE_STYLE_USAGE(.BOTH.,#3759);
#3759=SURFACE_SIDE_STYLE('',(#3760));
#3760=SURFACE_STYLE_FILL_AREA(#3761);
#3761=FILL_AREA_STYLE('Acier - Satin\X\E9',(#3762));
#3762=FILL_AREA_STYLE_COLOUR('Acier - Satin\X\E9',#3763);
#3763=COLOUR_RGB('Acier - Satin\X\E9',0.627450980392157,0.627450980392157,
0.627450980392157);
ENDSEC;
END-ISO-10303-21;
