ISO-10303-21;
HEADER;
/* Generated by software containing ST-Developer
 * from STEP Tools, Inc. (www.steptools.com) 
 */

FILE_DESCRIPTION(
/* description */ (''),
/* implementation_level */ '2;1');

FILE_NAME(
/* name */ 'boite_1PE100.step',
/* time_stamp */ '2026-01-16T17:24:50+01:00',
/* author */ (''),
/* organization */ (''),
/* preprocessor_version */ 'ST-DEVELOPER v20.1',
/* originating_system */ 'Autodesk Translation Framework v14.21.0.0',
/* authorisation */ '');

FILE_SCHEMA (('AUTOMOTIVE_DESIGN { 1 0 10303 214 3 1 1 }'));
ENDSEC;

DATA;
#10=MECHANICAL_DESIGN_GEOMETRIC_PRESENTATION_REPRESENTATION('',(#13),#2670);
#11=SHAPE_REPRESENTATION_RELATIONSHIP('SRR','None',#2677,#12);
#12=ADVANCED_BREP_SHAPE_REPRESENTATION('',(#14),#2669);
#13=STYLED_ITEM('',(#2686),#14);
#14=MANIFOLD_SOLID_BREP('boite',#1546);
#15=ELLIPSE('',#1685,0.707106781186547,0.5);
#16=ELLIPSE('',#1691,0.707106781186547,0.5);
#17=ELLIPSE('',#1698,0.707106781186547,0.5);
#18=ELLIPSE('',#1712,0.707106781186548,0.5);
#19=FACE_BOUND('',#517,.T.);
#20=FACE_BOUND('',#518,.T.);
#21=PLANE('',#1604);
#22=PLANE('',#1607);
#23=PLANE('',#1610);
#24=PLANE('',#1613);
#25=PLANE('',#1614);
#26=PLANE('',#1617);
#27=PLANE('',#1618);
#28=PLANE('',#1635);
#29=PLANE('',#1638);
#30=PLANE('',#1639);
#31=PLANE('',#1655);
#32=PLANE('',#1656);
#33=PLANE('',#1673);
#34=PLANE('',#1674);
#35=PLANE('',#1675);
#36=PLANE('',#1693);
#37=PLANE('',#1694);
#38=PLANE('',#1695);
#39=PLANE('',#1696);
#40=PLANE('',#1714);
#41=PLANE('',#1715);
#42=PLANE('',#1716);
#43=PLANE('',#1717);
#44=PLANE('',#1718);
#45=PLANE('',#1719);
#46=PLANE('',#1720);
#47=PLANE('',#1721);
#48=PLANE('',#1722);
#49=PLANE('',#1723);
#50=PLANE('',#1724);
#51=PLANE('',#1725);
#52=PLANE('',#1726);
#53=PLANE('',#1727);
#54=PLANE('',#1728);
#55=PLANE('',#1729);
#56=PLANE('',#1730);
#57=PLANE('',#1731);
#58=PLANE('',#1732);
#59=SPHERICAL_SURFACE('',#1572,0.5);
#60=SPHERICAL_SURFACE('',#1577,0.5);
#61=SPHERICAL_SURFACE('',#1582,0.5);
#62=SPHERICAL_SURFACE('',#1593,0.5);
#63=SPHERICAL_SURFACE('',#1598,0.5);
#64=SPHERICAL_SURFACE('',#1600,0.5);
#65=SPHERICAL_SURFACE('',#1640,0.999999999999996);
#66=SPHERICAL_SURFACE('',#1644,0.999999999999996);
#67=SPHERICAL_SURFACE('',#1657,1.);
#68=SPHERICAL_SURFACE('',#1662,1.);
#69=SPHERICAL_SURFACE('',#1676,0.500000000000003);
#70=SPHERICAL_SURFACE('',#1680,0.499999999999998);
#71=SPHERICAL_SURFACE('',#1699,0.499999999999998);
#72=SPHERICAL_SURFACE('',#1705,0.5);
#73=LINE('',#2236,#214);
#74=LINE('',#2237,#215);
#75=LINE('',#2242,#216);
#76=LINE('',#2243,#217);
#77=LINE('',#2249,#218);
#78=LINE('',#2251,#219);
#79=LINE('',#2259,#220);
#80=LINE('',#2261,#221);
#81=LINE('',#2269,#222);
#82=LINE('',#2271,#223);
#83=LINE('',#2279,#224);
#84=LINE('',#2281,#225);
#85=LINE('',#2292,#226);
#86=LINE('',#2293,#227);
#87=LINE('',#2300,#228);
#88=LINE('',#2302,#229);
#89=LINE('',#2309,#230);
#90=LINE('',#2312,#231);
#91=LINE('',#2315,#232);
#92=LINE('',#2316,#233);
#93=LINE('',#2319,#234);
#94=LINE('',#2323,#235);
#95=LINE('',#2324,#236);
#96=LINE('',#2327,#237);
#97=LINE('',#2331,#238);
#98=LINE('',#2332,#239);
#99=LINE('',#2335,#240);
#100=LINE('',#2339,#241);
#101=LINE('',#2340,#242);
#102=LINE('',#2344,#243);
#103=LINE('',#2347,#244);
#104=LINE('',#2350,#245);
#105=LINE('',#2351,#246);
#106=LINE('',#2354,#247);
#107=LINE('',#2357,#248);
#108=LINE('',#2361,#249);
#109=LINE('',#2365,#250);
#110=LINE('',#2369,#251);
#111=LINE('',#2373,#252);
#112=LINE('',#2377,#253);
#113=LINE('',#2381,#254);
#114=LINE('',#2383,#255);
#115=LINE('',#2385,#256);
#116=LINE('',#2389,#257);
#117=LINE('',#2393,#258);
#118=LINE('',#2397,#259);
#119=LINE('',#2401,#260);
#120=LINE('',#2402,#261);
#121=LINE('',#2405,#262);
#122=LINE('',#2409,#263);
#123=LINE('',#2413,#264);
#124=LINE('',#2415,#265);
#125=LINE('',#2417,#266);
#126=LINE('',#2419,#267);
#127=LINE('',#2421,#268);
#128=LINE('',#2423,#269);
#129=LINE('',#2425,#270);
#130=LINE('',#2429,#271);
#131=LINE('',#2433,#272);
#132=LINE('',#2435,#273);
#133=LINE('',#2437,#274);
#134=LINE('',#2438,#275);
#135=LINE('',#2440,#276);
#136=LINE('',#2442,#277);
#137=LINE('',#2445,#278);
#138=LINE('',#2446,#279);
#139=LINE('',#2467,#280);
#140=LINE('',#2468,#281);
#141=LINE('',#2470,#282);
#142=LINE('',#2471,#283);
#143=LINE('',#2473,#284);
#144=LINE('',#2474,#285);
#145=LINE('',#2476,#286);
#146=LINE('',#2477,#287);
#147=LINE('',#2482,#288);
#148=LINE('',#2483,#289);
#149=LINE('',#2485,#290);
#150=LINE('',#2487,#291);
#151=LINE('',#2496,#292);
#152=LINE('',#2497,#293);
#153=LINE('',#2506,#294);
#154=LINE('',#2507,#295);
#155=LINE('',#2512,#296);
#156=LINE('',#2513,#297);
#157=LINE('',#2515,#298);
#158=LINE('',#2516,#299);
#159=LINE('',#2521,#300);
#160=LINE('',#2523,#301);
#161=LINE('',#2526,#302);
#162=LINE('',#2529,#303);
#163=LINE('',#2531,#304);
#164=LINE('',#2548,#305);
#165=LINE('',#2550,#306);
#166=LINE('',#2553,#307);
#167=LINE('',#2554,#308);
#168=LINE('',#2556,#309);
#169=LINE('',#2557,#310);
#170=LINE('',#2559,#311);
#171=LINE('',#2560,#312);
#172=LINE('',#2562,#313);
#173=LINE('',#2563,#314);
#174=LINE('',#2566,#315);
#175=LINE('',#2568,#316);
#176=LINE('',#2571,#317);
#177=LINE('',#2572,#318);
#178=LINE('',#2576,#319);
#179=LINE('',#2577,#320);
#180=LINE('',#2580,#321);
#181=LINE('',#2582,#322);
#182=LINE('',#2584,#323);
#183=LINE('',#2586,#324);
#184=LINE('',#2588,#325);
#185=LINE('',#2590,#326);
#186=LINE('',#2592,#327);
#187=LINE('',#2593,#328);
#188=LINE('',#2595,#329);
#189=LINE('',#2597,#330);
#190=LINE('',#2599,#331);
#191=LINE('',#2608,#332);
#192=LINE('',#2610,#333);
#193=LINE('',#2611,#334);
#194=LINE('',#2619,#335);
#195=LINE('',#2621,#336);
#196=LINE('',#2622,#337);
#197=LINE('',#2625,#338);
#198=LINE('',#2628,#339);
#199=LINE('',#2629,#340);
#200=LINE('',#2632,#341);
#201=LINE('',#2634,#342);
#202=LINE('',#2640,#343);
#203=LINE('',#2642,#344);
#204=LINE('',#2644,#345);
#205=LINE('',#2645,#346);
#206=LINE('',#2647,#347);
#207=LINE('',#2653,#348);
#208=LINE('',#2654,#349);
#209=LINE('',#2655,#350);
#210=LINE('',#2656,#351);
#211=LINE('',#2658,#352);
#212=LINE('',#2660,#353);
#213=LINE('',#2661,#354);
#214=VECTOR('',#1749,10.);
#215=VECTOR('',#1750,10.);
#216=VECTOR('',#1755,10.);
#217=VECTOR('',#1756,10.);
#218=VECTOR('',#1761,10.);
#219=VECTOR('',#1764,10.);
#220=VECTOR('',#1773,10.);
#221=VECTOR('',#1776,10.);
#222=VECTOR('',#1785,10.);
#223=VECTOR('',#1788,10.);
#224=VECTOR('',#1797,10.);
#225=VECTOR('',#1800,10.);
#226=VECTOR('',#1813,10.);
#227=VECTOR('',#1814,10.);
#228=VECTOR('',#1823,10.);
#229=VECTOR('',#1826,10.);
#230=VECTOR('',#1837,10.);
#231=VECTOR('',#1840,10.);
#232=VECTOR('',#1843,10.);
#233=VECTOR('',#1844,10.);
#234=VECTOR('',#1847,10.);
#235=VECTOR('',#1852,10.);
#236=VECTOR('',#1853,10.);
#237=VECTOR('',#1856,10.);
#238=VECTOR('',#1861,10.);
#239=VECTOR('',#1862,10.);
#240=VECTOR('',#1865,10.);
#241=VECTOR('',#1870,10.);
#242=VECTOR('',#1871,10.);
#243=VECTOR('',#1876,10.);
#244=VECTOR('',#1879,10.);
#245=VECTOR('',#1882,10.);
#246=VECTOR('',#1883,10.);
#247=VECTOR('',#1886,10.);
#248=VECTOR('',#1889,10.);
#249=VECTOR('',#1892,10.);
#250=VECTOR('',#1895,10.);
#251=VECTOR('',#1898,10.);
#252=VECTOR('',#1901,10.);
#253=VECTOR('',#1904,10.);
#254=VECTOR('',#1907,10.);
#255=VECTOR('',#1908,10.);
#256=VECTOR('',#1909,10.);
#257=VECTOR('',#1912,10.);
#258=VECTOR('',#1915,10.);
#259=VECTOR('',#1918,10.);
#260=VECTOR('',#1921,10.);
#261=VECTOR('',#1922,10.);
#262=VECTOR('',#1923,10.);
#263=VECTOR('',#1926,10.);
#264=VECTOR('',#1929,10.);
#265=VECTOR('',#1930,10.);
#266=VECTOR('',#1931,10.);
#267=VECTOR('',#1932,10.);
#268=VECTOR('',#1933,10.);
#269=VECTOR('',#1934,10.);
#270=VECTOR('',#1935,10.);
#271=VECTOR('',#1938,10.);
#272=VECTOR('',#1941,10.);
#273=VECTOR('',#1942,10.);
#274=VECTOR('',#1943,10.);
#275=VECTOR('',#1944,10.);
#276=VECTOR('',#1947,10.);
#277=VECTOR('',#1950,10.);
#278=VECTOR('',#1955,10.);
#279=VECTOR('',#1956,10.);
#280=VECTOR('',#1981,10.);
#281=VECTOR('',#1982,10.);
#282=VECTOR('',#1985,10.);
#283=VECTOR('',#1986,10.);
#284=VECTOR('',#1989,10.);
#285=VECTOR('',#1990,10.);
#286=VECTOR('',#1993,10.);
#287=VECTOR('',#1994,10.);
#288=VECTOR('',#1999,10.);
#289=VECTOR('',#2000,10.);
#290=VECTOR('',#2003,10.);
#291=VECTOR('',#2006,10.);
#292=VECTOR('',#2017,10.);
#293=VECTOR('',#2018,10.);
#294=VECTOR('',#2029,10.);
#295=VECTOR('',#2030,10.);
#296=VECTOR('',#2035,10.);
#297=VECTOR('',#2036,10.);
#298=VECTOR('',#2039,10.);
#299=VECTOR('',#2040,10.);
#300=VECTOR('',#2045,10.);
#301=VECTOR('',#2046,10.);
#302=VECTOR('',#2049,10.);
#303=VECTOR('',#2054,10.);
#304=VECTOR('',#2057,10.);
#305=VECTOR('',#2076,10.);
#306=VECTOR('',#2077,10.);
#307=VECTOR('',#2082,10.);
#308=VECTOR('',#2083,10.);
#309=VECTOR('',#2086,10.);
#310=VECTOR('',#2087,10.);
#311=VECTOR('',#2090,10.);
#312=VECTOR('',#2091,10.);
#313=VECTOR('',#2094,10.);
#314=VECTOR('',#2095,10.);
#315=VECTOR('',#2098,10.);
#316=VECTOR('',#2099,10.);
#317=VECTOR('',#2104,10.);
#318=VECTOR('',#2105,10.);
#319=VECTOR('',#2110,10.);
#320=VECTOR('',#2111,10.);
#321=VECTOR('',#2114,10.);
#322=VECTOR('',#2115,10.);
#323=VECTOR('',#2116,10.);
#324=VECTOR('',#2117,10.);
#325=VECTOR('',#2118,10.);
#326=VECTOR('',#2119,10.);
#327=VECTOR('',#2120,10.);
#328=VECTOR('',#2121,10.);
#329=VECTOR('',#2124,10.);
#330=VECTOR('',#2127,10.);
#331=VECTOR('',#2128,10.);
#332=VECTOR('',#2141,10.);
#333=VECTOR('',#2144,10.);
#334=VECTOR('',#2145,10.);
#335=VECTOR('',#2156,10.);
#336=VECTOR('',#2159,10.);
#337=VECTOR('',#2160,10.);
#338=VECTOR('',#2163,10.);
#339=VECTOR('',#2168,10.);
#340=VECTOR('',#2169,10.);
#341=VECTOR('',#2174,10.);
#342=VECTOR('',#2177,10.);
#343=VECTOR('',#2184,10.);
#344=VECTOR('',#2185,10.);
#345=VECTOR('',#2186,10.);
#346=VECTOR('',#2187,10.);
#347=VECTOR('',#2190,10.);
#348=VECTOR('',#2201,10.);
#349=VECTOR('',#2202,10.);
#350=VECTOR('',#2203,10.);
#351=VECTOR('',#2204,10.);
#352=VECTOR('',#2207,10.);
#353=VECTOR('',#2210,10.);
#354=VECTOR('',#2211,10.);
#355=CYLINDRICAL_SURFACE('',#1565,0.5);
#356=CYLINDRICAL_SURFACE('',#1567,0.5);
#357=CYLINDRICAL_SURFACE('',#1569,0.5);
#358=CYLINDRICAL_SURFACE('',#1574,0.5);
#359=CYLINDRICAL_SURFACE('',#1579,0.5);
#360=CYLINDRICAL_SURFACE('',#1584,0.5);
#361=CYLINDRICAL_SURFACE('',#1591,0.5);
#362=CYLINDRICAL_SURFACE('',#1595,0.5);
#363=CYLINDRICAL_SURFACE('',#1602,0.5);
#364=CYLINDRICAL_SURFACE('',#1605,0.5);
#365=CYLINDRICAL_SURFACE('',#1608,0.5);
#366=CYLINDRICAL_SURFACE('',#1611,0.5);
#367=CYLINDRICAL_SURFACE('',#1615,0.5);
#368=CYLINDRICAL_SURFACE('',#1634,0.5);
#369=CYLINDRICAL_SURFACE('',#1636,0.5);
#370=CYLINDRICAL_SURFACE('',#1637,0.5);
#371=CYLINDRICAL_SURFACE('',#1648,1.);
#372=CYLINDRICAL_SURFACE('',#1650,1.);
#373=CYLINDRICAL_SURFACE('',#1651,1.);
#374=CYLINDRICAL_SURFACE('',#1652,1.);
#375=CYLINDRICAL_SURFACE('',#1653,1.);
#376=CYLINDRICAL_SURFACE('',#1661,1.);
#377=CYLINDRICAL_SURFACE('',#1666,1.);
#378=CYLINDRICAL_SURFACE('',#1667,1.);
#379=CYLINDRICAL_SURFACE('',#1669,1.);
#380=CYLINDRICAL_SURFACE('',#1670,1.);
#381=CYLINDRICAL_SURFACE('',#1684,0.5);
#382=CYLINDRICAL_SURFACE('',#1686,0.5);
#383=CYLINDRICAL_SURFACE('',#1687,0.5);
#384=CYLINDRICAL_SURFACE('',#1688,0.5);
#385=CYLINDRICAL_SURFACE('',#1689,0.5);
#386=CYLINDRICAL_SURFACE('',#1690,0.5);
#387=CYLINDRICAL_SURFACE('',#1692,0.5);
#388=CYLINDRICAL_SURFACE('',#1697,0.5);
#389=CYLINDRICAL_SURFACE('',#1703,0.5);
#390=CYLINDRICAL_SURFACE('',#1704,0.5);
#391=CYLINDRICAL_SURFACE('',#1709,0.5);
#392=CYLINDRICAL_SURFACE('',#1710,0.5);
#393=CYLINDRICAL_SURFACE('',#1711,0.5);
#394=CYLINDRICAL_SURFACE('',#1713,0.5);
#395=FACE_OUTER_BOUND('',#489,.T.);
#396=FACE_OUTER_BOUND('',#490,.T.);
#397=FACE_OUTER_BOUND('',#491,.T.);
#398=FACE_OUTER_BOUND('',#492,.T.);
#399=FACE_OUTER_BOUND('',#493,.T.);
#400=FACE_OUTER_BOUND('',#494,.T.);
#401=FACE_OUTER_BOUND('',#495,.T.);
#402=FACE_OUTER_BOUND('',#496,.T.);
#403=FACE_OUTER_BOUND('',#497,.T.);
#404=FACE_OUTER_BOUND('',#498,.T.);
#405=FACE_OUTER_BOUND('',#499,.T.);
#406=FACE_OUTER_BOUND('',#500,.T.);
#407=FACE_OUTER_BOUND('',#501,.T.);
#408=FACE_OUTER_BOUND('',#502,.T.);
#409=FACE_OUTER_BOUND('',#503,.T.);
#410=FACE_OUTER_BOUND('',#504,.T.);
#411=FACE_OUTER_BOUND('',#505,.T.);
#412=FACE_OUTER_BOUND('',#506,.T.);
#413=FACE_OUTER_BOUND('',#507,.T.);
#414=FACE_OUTER_BOUND('',#508,.T.);
#415=FACE_OUTER_BOUND('',#509,.T.);
#416=FACE_OUTER_BOUND('',#510,.T.);
#417=FACE_OUTER_BOUND('',#511,.T.);
#418=FACE_OUTER_BOUND('',#512,.T.);
#419=FACE_OUTER_BOUND('',#513,.T.);
#420=FACE_OUTER_BOUND('',#514,.T.);
#421=FACE_OUTER_BOUND('',#515,.T.);
#422=FACE_OUTER_BOUND('',#516,.T.);
#423=FACE_OUTER_BOUND('',#519,.T.);
#424=FACE_OUTER_BOUND('',#520,.T.);
#425=FACE_OUTER_BOUND('',#521,.T.);
#426=FACE_OUTER_BOUND('',#522,.T.);
#427=FACE_OUTER_BOUND('',#523,.T.);
#428=FACE_OUTER_BOUND('',#524,.T.);
#429=FACE_OUTER_BOUND('',#525,.T.);
#430=FACE_OUTER_BOUND('',#526,.T.);
#431=FACE_OUTER_BOUND('',#527,.T.);
#432=FACE_OUTER_BOUND('',#528,.T.);
#433=FACE_OUTER_BOUND('',#529,.T.);
#434=FACE_OUTER_BOUND('',#530,.T.);
#435=FACE_OUTER_BOUND('',#531,.T.);
#436=FACE_OUTER_BOUND('',#532,.T.);
#437=FACE_OUTER_BOUND('',#533,.T.);
#438=FACE_OUTER_BOUND('',#534,.T.);
#439=FACE_OUTER_BOUND('',#535,.T.);
#440=FACE_OUTER_BOUND('',#536,.T.);
#441=FACE_OUTER_BOUND('',#537,.T.);
#442=FACE_OUTER_BOUND('',#538,.T.);
#443=FACE_OUTER_BOUND('',#539,.T.);
#444=FACE_OUTER_BOUND('',#540,.T.);
#445=FACE_OUTER_BOUND('',#541,.T.);
#446=FACE_OUTER_BOUND('',#542,.T.);
#447=FACE_OUTER_BOUND('',#543,.T.);
#448=FACE_OUTER_BOUND('',#544,.T.);
#449=FACE_OUTER_BOUND('',#545,.T.);
#450=FACE_OUTER_BOUND('',#546,.T.);
#451=FACE_OUTER_BOUND('',#547,.T.);
#452=FACE_OUTER_BOUND('',#548,.T.);
#453=FACE_OUTER_BOUND('',#549,.T.);
#454=FACE_OUTER_BOUND('',#550,.T.);
#455=FACE_OUTER_BOUND('',#551,.T.);
#456=FACE_OUTER_BOUND('',#552,.T.);
#457=FACE_OUTER_BOUND('',#553,.T.);
#458=FACE_OUTER_BOUND('',#554,.T.);
#459=FACE_OUTER_BOUND('',#555,.T.);
#460=FACE_OUTER_BOUND('',#556,.T.);
#461=FACE_OUTER_BOUND('',#557,.T.);
#462=FACE_OUTER_BOUND('',#558,.T.);
#463=FACE_OUTER_BOUND('',#559,.T.);
#464=FACE_OUTER_BOUND('',#560,.T.);
#465=FACE_OUTER_BOUND('',#561,.T.);
#466=FACE_OUTER_BOUND('',#562,.T.);
#467=FACE_OUTER_BOUND('',#563,.T.);
#468=FACE_OUTER_BOUND('',#564,.T.);
#469=FACE_OUTER_BOUND('',#565,.T.);
#470=FACE_OUTER_BOUND('',#566,.T.);
#471=FACE_OUTER_BOUND('',#567,.T.);
#472=FACE_OUTER_BOUND('',#568,.T.);
#473=FACE_OUTER_BOUND('',#569,.T.);
#474=FACE_OUTER_BOUND('',#570,.T.);
#475=FACE_OUTER_BOUND('',#571,.T.);
#476=FACE_OUTER_BOUND('',#572,.T.);
#477=FACE_OUTER_BOUND('',#573,.T.);
#478=FACE_OUTER_BOUND('',#574,.T.);
#479=FACE_OUTER_BOUND('',#575,.T.);
#480=FACE_OUTER_BOUND('',#576,.T.);
#481=FACE_OUTER_BOUND('',#577,.T.);
#482=FACE_OUTER_BOUND('',#578,.T.);
#483=FACE_OUTER_BOUND('',#579,.T.);
#484=FACE_OUTER_BOUND('',#580,.T.);
#485=FACE_OUTER_BOUND('',#581,.T.);
#486=FACE_OUTER_BOUND('',#582,.T.);
#487=FACE_OUTER_BOUND('',#583,.T.);
#488=FACE_OUTER_BOUND('',#584,.T.);
#489=EDGE_LOOP('',(#1010,#1011,#1012,#1013));
#490=EDGE_LOOP('',(#1014,#1015,#1016,#1017));
#491=EDGE_LOOP('',(#1018,#1019,#1020,#1021));
#492=EDGE_LOOP('',(#1022,#1023,#1024,#1025));
#493=EDGE_LOOP('',(#1026,#1027,#1028));
#494=EDGE_LOOP('',(#1029,#1030,#1031,#1032));
#495=EDGE_LOOP('',(#1033,#1034,#1035));
#496=EDGE_LOOP('',(#1036,#1037,#1038,#1039));
#497=EDGE_LOOP('',(#1040,#1041,#1042));
#498=EDGE_LOOP('',(#1043,#1044,#1045,#1046));
#499=EDGE_LOOP('',(#1047,#1048,#1049,#1050));
#500=EDGE_LOOP('',(#1051,#1052,#1053,#1054));
#501=EDGE_LOOP('',(#1055,#1056,#1057));
#502=EDGE_LOOP('',(#1058,#1059,#1060,#1061));
#503=EDGE_LOOP('',(#1062,#1063,#1064));
#504=EDGE_LOOP('',(#1065,#1066,#1067));
#505=EDGE_LOOP('',(#1068,#1069,#1070,#1071));
#506=EDGE_LOOP('',(#1072,#1073,#1074,#1075));
#507=EDGE_LOOP('',(#1076,#1077,#1078,#1079));
#508=EDGE_LOOP('',(#1080,#1081,#1082,#1083));
#509=EDGE_LOOP('',(#1084,#1085,#1086,#1087));
#510=EDGE_LOOP('',(#1088,#1089,#1090,#1091));
#511=EDGE_LOOP('',(#1092,#1093,#1094,#1095));
#512=EDGE_LOOP('',(#1096,#1097,#1098,#1099));
#513=EDGE_LOOP('',(#1100,#1101,#1102,#1103,#1104,#1105,#1106,#1107,#1108,
#1109));
#514=EDGE_LOOP('',(#1110,#1111,#1112,#1113));
#515=EDGE_LOOP('',(#1114,#1115,#1116,#1117));
#516=EDGE_LOOP('',(#1118,#1119,#1120,#1121,#1122,#1123,#1124,#1125,#1126,
#1127,#1128,#1129,#1130,#1131,#1132,#1133));
#517=EDGE_LOOP('',(#1134,#1135,#1136,#1137,#1138,#1139,#1140,#1141,#1142,
#1143,#1144,#1145,#1146,#1147,#1148,#1149,#1150,#1151,#1152,#1153));
#518=EDGE_LOOP('',(#1154,#1155,#1156,#1157,#1158,#1159,#1160,#1161,#1162,
#1163,#1164,#1165,#1166,#1167,#1168,#1169,#1170,#1171));
#519=EDGE_LOOP('',(#1172,#1173,#1174,#1175));
#520=EDGE_LOOP('',(#1176,#1177,#1178,#1179));
#521=EDGE_LOOP('',(#1180,#1181,#1182,#1183));
#522=EDGE_LOOP('',(#1184,#1185,#1186,#1187));
#523=EDGE_LOOP('',(#1188,#1189,#1190,#1191));
#524=EDGE_LOOP('',(#1192,#1193,#1194,#1195));
#525=EDGE_LOOP('',(#1196,#1197,#1198));
#526=EDGE_LOOP('',(#1199,#1200,#1201));
#527=EDGE_LOOP('',(#1202,#1203,#1204,#1205));
#528=EDGE_LOOP('',(#1206,#1207,#1208,#1209));
#529=EDGE_LOOP('',(#1210,#1211,#1212,#1213));
#530=EDGE_LOOP('',(#1214,#1215,#1216,#1217));
#531=EDGE_LOOP('',(#1218,#1219,#1220,#1221));
#532=EDGE_LOOP('',(#1222,#1223,#1224,#1225));
#533=EDGE_LOOP('',(#1226,#1227,#1228,#1229));
#534=EDGE_LOOP('',(#1230,#1231,#1232));
#535=EDGE_LOOP('',(#1233,#1234,#1235,#1236));
#536=EDGE_LOOP('',(#1237,#1238,#1239));
#537=EDGE_LOOP('',(#1240,#1241,#1242,#1243));
#538=EDGE_LOOP('',(#1244,#1245,#1246,#1247));
#539=EDGE_LOOP('',(#1248,#1249,#1250,#1251));
#540=EDGE_LOOP('',(#1252,#1253,#1254,#1255,#1256,#1257));
#541=EDGE_LOOP('',(#1258,#1259,#1260,#1261));
#542=EDGE_LOOP('',(#1262,#1263,#1264,#1265));
#543=EDGE_LOOP('',(#1266,#1267,#1268,#1269));
#544=EDGE_LOOP('',(#1270,#1271,#1272));
#545=EDGE_LOOP('',(#1273,#1274,#1275));
#546=EDGE_LOOP('',(#1276,#1277,#1278,#1279));
#547=EDGE_LOOP('',(#1280,#1281,#1282,#1283));
#548=EDGE_LOOP('',(#1284,#1285,#1286,#1287));
#549=EDGE_LOOP('',(#1288,#1289,#1290,#1291));
#550=EDGE_LOOP('',(#1292,#1293,#1294,#1295));
#551=EDGE_LOOP('',(#1296,#1297,#1298,#1299));
#552=EDGE_LOOP('',(#1300,#1301,#1302,#1303));
#553=EDGE_LOOP('',(#1304,#1305,#1306,#1307));
#554=EDGE_LOOP('',(#1308,#1309,#1310,#1311));
#555=EDGE_LOOP('',(#1312,#1313,#1314,#1315,#1316,#1317,#1318,#1319,#1320,
#1321,#1322,#1323));
#556=EDGE_LOOP('',(#1324,#1325,#1326,#1327));
#557=EDGE_LOOP('',(#1328,#1329,#1330,#1331));
#558=EDGE_LOOP('',(#1332,#1333,#1334));
#559=EDGE_LOOP('',(#1335,#1336,#1337,#1338));
#560=EDGE_LOOP('',(#1339,#1340,#1341,#1342));
#561=EDGE_LOOP('',(#1343,#1344,#1345));
#562=EDGE_LOOP('',(#1346,#1347,#1348,#1349));
#563=EDGE_LOOP('',(#1350,#1351,#1352,#1353));
#564=EDGE_LOOP('',(#1354,#1355,#1356,#1357));
#565=EDGE_LOOP('',(#1358,#1359,#1360,#1361));
#566=EDGE_LOOP('',(#1362,#1363,#1364,#1365));
#567=EDGE_LOOP('',(#1366,#1367,#1368,#1369));
#568=EDGE_LOOP('',(#1370,#1371,#1372,#1373));
#569=EDGE_LOOP('',(#1374,#1375,#1376,#1377));
#570=EDGE_LOOP('',(#1378,#1379,#1380,#1381));
#571=EDGE_LOOP('',(#1382,#1383,#1384,#1385));
#572=EDGE_LOOP('',(#1386,#1387,#1388,#1389));
#573=EDGE_LOOP('',(#1390,#1391,#1392,#1393));
#574=EDGE_LOOP('',(#1394,#1395,#1396,#1397));
#575=EDGE_LOOP('',(#1398,#1399,#1400,#1401));
#576=EDGE_LOOP('',(#1402,#1403,#1404,#1405));
#577=EDGE_LOOP('',(#1406,#1407,#1408,#1409,#1410,#1411,#1412,#1413,#1414,
#1415));
#578=EDGE_LOOP('',(#1416,#1417,#1418,#1419));
#579=EDGE_LOOP('',(#1420,#1421,#1422,#1423,#1424,#1425,#1426,#1427,#1428,
#1429));
#580=EDGE_LOOP('',(#1430,#1431,#1432,#1433));
#581=EDGE_LOOP('',(#1434,#1435,#1436,#1437));
#582=EDGE_LOOP('',(#1438,#1439,#1440,#1441));
#583=EDGE_LOOP('',(#1442,#1443,#1444,#1445));
#584=EDGE_LOOP('',(#1446,#1447,#1448,#1449));
#585=CIRCLE('',#1561,0.499999999999998);
#586=CIRCLE('',#1562,1.);
#587=CIRCLE('',#1563,0.5);
#588=CIRCLE('',#1564,0.5);
#589=CIRCLE('',#1566,0.5);
#590=CIRCLE('',#1568,0.499999999999998);
#591=CIRCLE('',#1570,0.5);
#592=CIRCLE('',#1571,0.500000000000003);
#593=CIRCLE('',#1573,0.499999999999999);
#594=CIRCLE('',#1575,0.500000000000001);
#595=CIRCLE('',#1576,0.499999999999998);
#596=CIRCLE('',#1578,0.500000000000002);
#597=CIRCLE('',#1580,0.5);
#598=CIRCLE('',#1581,0.499999999999998);
#599=CIRCLE('',#1583,0.499999999999997);
#600=CIRCLE('',#1585,0.5);
#601=CIRCLE('',#1586,0.499999999999998);
#602=CIRCLE('',#1588,0.5);
#603=CIRCLE('',#1589,0.5);
#604=CIRCLE('',#1590,1.);
#605=CIRCLE('',#1592,0.5);
#606=CIRCLE('',#1594,0.500000000000002);
#607=CIRCLE('',#1596,0.5);
#608=CIRCLE('',#1597,0.499999999999998);
#609=CIRCLE('',#1599,0.499999999999999);
#610=CIRCLE('',#1601,0.499999999999999);
#611=CIRCLE('',#1603,0.5);
#612=CIRCLE('',#1606,0.5);
#613=CIRCLE('',#1609,0.5);
#614=CIRCLE('',#1612,0.5);
#615=CIRCLE('',#1616,0.5);
#616=CIRCLE('',#1619,0.5);
#617=CIRCLE('',#1620,0.5);
#618=CIRCLE('',#1621,0.5);
#619=CIRCLE('',#1622,0.5);
#620=CIRCLE('',#1623,0.5);
#621=CIRCLE('',#1624,0.5);
#622=CIRCLE('',#1625,0.5);
#623=CIRCLE('',#1626,0.5);
#624=CIRCLE('',#1627,0.5);
#625=CIRCLE('',#1628,0.5);
#626=CIRCLE('',#1629,0.5);
#627=CIRCLE('',#1630,1.);
#628=CIRCLE('',#1631,1.);
#629=CIRCLE('',#1632,1.);
#630=CIRCLE('',#1633,1.);
#631=CIRCLE('',#1641,1.);
#632=CIRCLE('',#1642,0.999999999999996);
#633=CIRCLE('',#1643,1.00000000000001);
#634=CIRCLE('',#1645,1.);
#635=CIRCLE('',#1646,0.999999999999996);
#636=CIRCLE('',#1647,1.);
#637=CIRCLE('',#1649,1.);
#638=CIRCLE('',#1654,1.);
#639=CIRCLE('',#1658,1.);
#640=CIRCLE('',#1659,1.);
#641=CIRCLE('',#1660,1.);
#642=CIRCLE('',#1663,1.);
#643=CIRCLE('',#1664,1.);
#644=CIRCLE('',#1665,1.);
#645=CIRCLE('',#1668,1.);
#646=CIRCLE('',#1671,1.);
#647=CIRCLE('',#1672,1.);
#648=CIRCLE('',#1677,0.5);
#649=CIRCLE('',#1678,0.500000000000003);
#650=CIRCLE('',#1679,0.499999999999998);
#651=CIRCLE('',#1681,0.5);
#652=CIRCLE('',#1682,0.499999999999998);
#653=CIRCLE('',#1683,0.5);
#654=CIRCLE('',#1700,0.5);
#655=CIRCLE('',#1701,0.499999999999998);
#656=CIRCLE('',#1702,0.5);
#657=CIRCLE('',#1706,0.5);
#658=CIRCLE('',#1707,0.5);
#659=CIRCLE('',#1708,0.499999999999998);
#660=VERTEX_POINT('',#2224);
#661=VERTEX_POINT('',#2225);
#662=VERTEX_POINT('',#2227);
#663=VERTEX_POINT('',#2229);
#664=VERTEX_POINT('',#2233);
#665=VERTEX_POINT('',#2234);
#666=VERTEX_POINT('',#2239);
#667=VERTEX_POINT('',#2240);
#668=VERTEX_POINT('',#2245);
#669=VERTEX_POINT('',#2246);
#670=VERTEX_POINT('',#2248);
#671=VERTEX_POINT('',#2255);
#672=VERTEX_POINT('',#2256);
#673=VERTEX_POINT('',#2258);
#674=VERTEX_POINT('',#2265);
#675=VERTEX_POINT('',#2266);
#676=VERTEX_POINT('',#2268);
#677=VERTEX_POINT('',#2275);
#678=VERTEX_POINT('',#2276);
#679=VERTEX_POINT('',#2278);
#680=VERTEX_POINT('',#2283);
#681=VERTEX_POINT('',#2284);
#682=VERTEX_POINT('',#2289);
#683=VERTEX_POINT('',#2290);
#684=VERTEX_POINT('',#2297);
#685=VERTEX_POINT('',#2299);
#686=VERTEX_POINT('',#2308);
#687=VERTEX_POINT('',#2310);
#688=VERTEX_POINT('',#2314);
#689=VERTEX_POINT('',#2318);
#690=VERTEX_POINT('',#2322);
#691=VERTEX_POINT('',#2326);
#692=VERTEX_POINT('',#2330);
#693=VERTEX_POINT('',#2334);
#694=VERTEX_POINT('',#2338);
#695=VERTEX_POINT('',#2343);
#696=VERTEX_POINT('',#2345);
#697=VERTEX_POINT('',#2349);
#698=VERTEX_POINT('',#2353);
#699=VERTEX_POINT('',#2355);
#700=VERTEX_POINT('',#2358);
#701=VERTEX_POINT('',#2360);
#702=VERTEX_POINT('',#2363);
#703=VERTEX_POINT('',#2364);
#704=VERTEX_POINT('',#2366);
#705=VERTEX_POINT('',#2368);
#706=VERTEX_POINT('',#2370);
#707=VERTEX_POINT('',#2372);
#708=VERTEX_POINT('',#2374);
#709=VERTEX_POINT('',#2376);
#710=VERTEX_POINT('',#2378);
#711=VERTEX_POINT('',#2380);
#712=VERTEX_POINT('',#2382);
#713=VERTEX_POINT('',#2384);
#714=VERTEX_POINT('',#2386);
#715=VERTEX_POINT('',#2388);
#716=VERTEX_POINT('',#2390);
#717=VERTEX_POINT('',#2392);
#718=VERTEX_POINT('',#2394);
#719=VERTEX_POINT('',#2396);
#720=VERTEX_POINT('',#2398);
#721=VERTEX_POINT('',#2400);
#722=VERTEX_POINT('',#2403);
#723=VERTEX_POINT('',#2404);
#724=VERTEX_POINT('',#2406);
#725=VERTEX_POINT('',#2408);
#726=VERTEX_POINT('',#2410);
#727=VERTEX_POINT('',#2412);
#728=VERTEX_POINT('',#2414);
#729=VERTEX_POINT('',#2416);
#730=VERTEX_POINT('',#2418);
#731=VERTEX_POINT('',#2420);
#732=VERTEX_POINT('',#2422);
#733=VERTEX_POINT('',#2424);
#734=VERTEX_POINT('',#2426);
#735=VERTEX_POINT('',#2428);
#736=VERTEX_POINT('',#2430);
#737=VERTEX_POINT('',#2432);
#738=VERTEX_POINT('',#2434);
#739=VERTEX_POINT('',#2436);
#740=VERTEX_POINT('',#2450);
#741=VERTEX_POINT('',#2451);
#742=VERTEX_POINT('',#2453);
#743=VERTEX_POINT('',#2457);
#744=VERTEX_POINT('',#2458);
#745=VERTEX_POINT('',#2460);
#746=VERTEX_POINT('',#2464);
#747=VERTEX_POINT('',#2465);
#748=VERTEX_POINT('',#2479);
#749=VERTEX_POINT('',#2480);
#750=VERTEX_POINT('',#2489);
#751=VERTEX_POINT('',#2490);
#752=VERTEX_POINT('',#2492);
#753=VERTEX_POINT('',#2499);
#754=VERTEX_POINT('',#2500);
#755=VERTEX_POINT('',#2502);
#756=VERTEX_POINT('',#2509);
#757=VERTEX_POINT('',#2510);
#758=VERTEX_POINT('',#2518);
#759=VERTEX_POINT('',#2519);
#760=VERTEX_POINT('',#2522);
#761=VERTEX_POINT('',#2524);
#762=VERTEX_POINT('',#2533);
#763=VERTEX_POINT('',#2534);
#764=VERTEX_POINT('',#2536);
#765=VERTEX_POINT('',#2540);
#766=VERTEX_POINT('',#2541);
#767=VERTEX_POINT('',#2543);
#768=VERTEX_POINT('',#2547);
#769=VERTEX_POINT('',#2549);
#770=VERTEX_POINT('',#2565);
#771=VERTEX_POINT('',#2567);
#772=VERTEX_POINT('',#2575);
#773=VERTEX_POINT('',#2579);
#774=VERTEX_POINT('',#2581);
#775=VERTEX_POINT('',#2583);
#776=VERTEX_POINT('',#2585);
#777=VERTEX_POINT('',#2587);
#778=VERTEX_POINT('',#2589);
#779=VERTEX_POINT('',#2591);
#780=VERTEX_POINT('',#2598);
#781=VERTEX_POINT('',#2602);
#782=VERTEX_POINT('',#2604);
#783=VERTEX_POINT('',#2613);
#784=VERTEX_POINT('',#2615);
#785=VERTEX_POINT('',#2624);
#786=VERTEX_POINT('',#2638);
#787=VERTEX_POINT('',#2639);
#788=VERTEX_POINT('',#2641);
#789=VERTEX_POINT('',#2643);
#790=EDGE_CURVE('',#660,#661,#585,.T.);
#791=EDGE_CURVE('',#661,#662,#586,.T.);
#792=EDGE_CURVE('',#662,#663,#587,.T.);
#793=EDGE_CURVE('',#663,#660,#588,.T.);
#794=EDGE_CURVE('',#664,#665,#589,.T.);
#795=EDGE_CURVE('',#665,#663,#73,.T.);
#796=EDGE_CURVE('',#662,#664,#74,.T.);
#797=EDGE_CURVE('',#666,#667,#590,.T.);
#798=EDGE_CURVE('',#667,#661,#75,.T.);
#799=EDGE_CURVE('',#660,#666,#76,.T.);
#800=EDGE_CURVE('',#668,#669,#591,.T.);
#801=EDGE_CURVE('',#669,#670,#77,.T.);
#802=EDGE_CURVE('',#670,#664,#592,.T.);
#803=EDGE_CURVE('',#664,#668,#78,.T.);
#804=EDGE_CURVE('',#670,#665,#593,.T.);
#805=EDGE_CURVE('',#671,#672,#594,.T.);
#806=EDGE_CURVE('',#672,#673,#79,.T.);
#807=EDGE_CURVE('',#673,#668,#595,.T.);
#808=EDGE_CURVE('',#668,#671,#80,.T.);
#809=EDGE_CURVE('',#673,#669,#596,.T.);
#810=EDGE_CURVE('',#674,#675,#597,.T.);
#811=EDGE_CURVE('',#675,#676,#81,.T.);
#812=EDGE_CURVE('',#676,#671,#598,.T.);
#813=EDGE_CURVE('',#671,#674,#82,.T.);
#814=EDGE_CURVE('',#676,#672,#599,.T.);
#815=EDGE_CURVE('',#677,#678,#600,.T.);
#816=EDGE_CURVE('',#678,#679,#83,.T.);
#817=EDGE_CURVE('',#679,#674,#601,.T.);
#818=EDGE_CURVE('',#674,#677,#84,.T.);
#819=EDGE_CURVE('',#680,#681,#602,.T.);
#820=EDGE_CURVE('',#681,#678,#603,.T.);
#821=EDGE_CURVE('',#677,#680,#604,.T.);
#822=EDGE_CURVE('',#682,#683,#605,.T.);
#823=EDGE_CURVE('',#683,#681,#85,.T.);
#824=EDGE_CURVE('',#680,#682,#86,.T.);
#825=EDGE_CURVE('',#679,#675,#606,.T.);
#826=EDGE_CURVE('',#667,#684,#607,.T.);
#827=EDGE_CURVE('',#684,#685,#87,.T.);
#828=EDGE_CURVE('',#685,#682,#608,.T.);
#829=EDGE_CURVE('',#682,#667,#88,.T.);
#830=EDGE_CURVE('',#685,#683,#609,.T.);
#831=EDGE_CURVE('',#666,#684,#610,.T.);
#832=EDGE_CURVE('',#676,#686,#89,.T.);
#833=EDGE_CURVE('',#686,#687,#611,.T.);
#834=EDGE_CURVE('',#687,#672,#90,.T.);
#835=EDGE_CURVE('',#688,#675,#91,.T.);
#836=EDGE_CURVE('',#686,#688,#92,.T.);
#837=EDGE_CURVE('',#679,#689,#93,.T.);
#838=EDGE_CURVE('',#689,#688,#612,.T.);
#839=EDGE_CURVE('',#690,#678,#94,.T.);
#840=EDGE_CURVE('',#689,#690,#95,.T.);
#841=EDGE_CURVE('',#681,#691,#96,.T.);
#842=EDGE_CURVE('',#691,#690,#613,.T.);
#843=EDGE_CURVE('',#692,#683,#97,.T.);
#844=EDGE_CURVE('',#691,#692,#98,.T.);
#845=EDGE_CURVE('',#685,#693,#99,.T.);
#846=EDGE_CURVE('',#693,#692,#614,.T.);
#847=EDGE_CURVE('',#694,#684,#100,.T.);
#848=EDGE_CURVE('',#693,#694,#101,.T.);
#849=EDGE_CURVE('',#670,#695,#102,.T.);
#850=EDGE_CURVE('',#695,#696,#615,.T.);
#851=EDGE_CURVE('',#696,#665,#103,.T.);
#852=EDGE_CURVE('',#697,#696,#104,.T.);
#853=EDGE_CURVE('',#663,#697,#105,.T.);
#854=EDGE_CURVE('',#695,#698,#106,.T.);
#855=EDGE_CURVE('',#699,#698,#616,.T.);
#856=EDGE_CURVE('',#699,#687,#107,.T.);
#857=EDGE_CURVE('',#700,#694,#617,.T.);
#858=EDGE_CURVE('',#700,#701,#108,.T.);
#859=EDGE_CURVE('',#697,#701,#618,.T.);
#860=EDGE_CURVE('',#702,#703,#109,.T.);
#861=EDGE_CURVE('',#704,#703,#619,.T.);
#862=EDGE_CURVE('',#704,#705,#110,.T.);
#863=EDGE_CURVE('',#706,#705,#620,.T.);
#864=EDGE_CURVE('',#706,#707,#111,.T.);
#865=EDGE_CURVE('',#708,#707,#621,.T.);
#866=EDGE_CURVE('',#708,#709,#112,.T.);
#867=EDGE_CURVE('',#710,#709,#622,.T.);
#868=EDGE_CURVE('',#710,#711,#113,.T.);
#869=EDGE_CURVE('',#711,#712,#114,.T.);
#870=EDGE_CURVE('',#712,#713,#115,.T.);
#871=EDGE_CURVE('',#714,#713,#623,.T.);
#872=EDGE_CURVE('',#714,#715,#116,.T.);
#873=EDGE_CURVE('',#716,#715,#624,.T.);
#874=EDGE_CURVE('',#716,#717,#117,.T.);
#875=EDGE_CURVE('',#718,#717,#625,.T.);
#876=EDGE_CURVE('',#718,#719,#118,.T.);
#877=EDGE_CURVE('',#720,#719,#626,.T.);
#878=EDGE_CURVE('',#720,#721,#119,.T.);
#879=EDGE_CURVE('',#721,#702,#120,.T.);
#880=EDGE_CURVE('',#722,#723,#121,.T.);
#881=EDGE_CURVE('',#724,#723,#627,.T.);
#882=EDGE_CURVE('',#724,#725,#122,.T.);
#883=EDGE_CURVE('',#726,#725,#628,.T.);
#884=EDGE_CURVE('',#726,#727,#123,.T.);
#885=EDGE_CURVE('',#727,#728,#124,.T.);
#886=EDGE_CURVE('',#728,#729,#125,.T.);
#887=EDGE_CURVE('',#729,#730,#126,.T.);
#888=EDGE_CURVE('',#730,#731,#127,.T.);
#889=EDGE_CURVE('',#731,#732,#128,.T.);
#890=EDGE_CURVE('',#732,#733,#129,.T.);
#891=EDGE_CURVE('',#734,#733,#629,.T.);
#892=EDGE_CURVE('',#734,#735,#130,.T.);
#893=EDGE_CURVE('',#736,#735,#630,.T.);
#894=EDGE_CURVE('',#736,#737,#131,.T.);
#895=EDGE_CURVE('',#737,#738,#132,.T.);
#896=EDGE_CURVE('',#738,#739,#133,.T.);
#897=EDGE_CURVE('',#739,#722,#134,.T.);
#898=EDGE_CURVE('',#701,#660,#135,.T.);
#899=EDGE_CURVE('',#666,#700,#136,.T.);
#900=EDGE_CURVE('',#673,#699,#137,.T.);
#901=EDGE_CURVE('',#698,#669,#138,.T.);
#902=EDGE_CURVE('',#740,#741,#631,.F.);
#903=EDGE_CURVE('',#742,#740,#632,.F.);
#904=EDGE_CURVE('',#741,#742,#633,.F.);
#905=EDGE_CURVE('',#743,#744,#634,.F.);
#906=EDGE_CURVE('',#745,#743,#635,.F.);
#907=EDGE_CURVE('',#744,#745,#636,.F.);
#908=EDGE_CURVE('',#746,#747,#637,.T.);
#909=EDGE_CURVE('',#747,#745,#139,.T.);
#910=EDGE_CURVE('',#743,#746,#140,.T.);
#911=EDGE_CURVE('',#735,#744,#141,.T.);
#912=EDGE_CURVE('',#745,#736,#142,.T.);
#913=EDGE_CURVE('',#740,#743,#143,.T.);
#914=EDGE_CURVE('',#744,#742,#144,.T.);
#915=EDGE_CURVE('',#733,#741,#145,.T.);
#916=EDGE_CURVE('',#742,#734,#146,.T.);
#917=EDGE_CURVE('',#748,#749,#638,.T.);
#918=EDGE_CURVE('',#749,#740,#147,.T.);
#919=EDGE_CURVE('',#741,#748,#148,.T.);
#920=EDGE_CURVE('',#747,#737,#149,.T.);
#921=EDGE_CURVE('',#749,#746,#150,.T.);
#922=EDGE_CURVE('',#750,#751,#639,.F.);
#923=EDGE_CURVE('',#752,#750,#640,.F.);
#924=EDGE_CURVE('',#751,#752,#641,.F.);
#925=EDGE_CURVE('',#725,#752,#151,.T.);
#926=EDGE_CURVE('',#750,#726,#152,.T.);
#927=EDGE_CURVE('',#753,#754,#642,.F.);
#928=EDGE_CURVE('',#755,#753,#643,.F.);
#929=EDGE_CURVE('',#754,#755,#644,.F.);
#930=EDGE_CURVE('',#723,#755,#153,.T.);
#931=EDGE_CURVE('',#753,#724,#154,.T.);
#932=EDGE_CURVE('',#756,#757,#645,.T.);
#933=EDGE_CURVE('',#757,#754,#155,.T.);
#934=EDGE_CURVE('',#755,#756,#156,.T.);
#935=EDGE_CURVE('',#752,#753,#157,.T.);
#936=EDGE_CURVE('',#754,#751,#158,.T.);
#937=EDGE_CURVE('',#758,#759,#646,.T.);
#938=EDGE_CURVE('',#758,#750,#159,.T.);
#939=EDGE_CURVE('',#751,#760,#160,.T.);
#940=EDGE_CURVE('',#760,#761,#647,.T.);
#941=EDGE_CURVE('',#759,#761,#161,.T.);
#942=EDGE_CURVE('',#727,#758,#162,.T.);
#943=EDGE_CURVE('',#759,#728,#163,.T.);
#944=EDGE_CURVE('',#762,#763,#648,.F.);
#945=EDGE_CURVE('',#764,#762,#649,.F.);
#946=EDGE_CURVE('',#763,#764,#650,.F.);
#947=EDGE_CURVE('',#765,#766,#651,.F.);
#948=EDGE_CURVE('',#767,#765,#652,.F.);
#949=EDGE_CURVE('',#766,#767,#653,.F.);
#950=EDGE_CURVE('',#768,#710,#164,.T.);
#951=EDGE_CURVE('',#709,#769,#165,.T.);
#952=EDGE_CURVE('',#769,#768,#15,.T.);
#953=EDGE_CURVE('',#769,#767,#166,.T.);
#954=EDGE_CURVE('',#765,#768,#167,.T.);
#955=EDGE_CURVE('',#707,#766,#168,.T.);
#956=EDGE_CURVE('',#767,#708,#169,.T.);
#957=EDGE_CURVE('',#762,#765,#170,.T.);
#958=EDGE_CURVE('',#766,#764,#171,.T.);
#959=EDGE_CURVE('',#705,#763,#172,.T.);
#960=EDGE_CURVE('',#764,#706,#173,.T.);
#961=EDGE_CURVE('',#770,#762,#174,.T.);
#962=EDGE_CURVE('',#763,#771,#175,.T.);
#963=EDGE_CURVE('',#771,#770,#16,.T.);
#964=EDGE_CURVE('',#771,#704,#176,.T.);
#965=EDGE_CURVE('',#703,#770,#177,.T.);
#966=EDGE_CURVE('',#768,#772,#178,.T.);
#967=EDGE_CURVE('',#711,#772,#179,.T.);
#968=EDGE_CURVE('',#770,#773,#180,.T.);
#969=EDGE_CURVE('',#773,#774,#181,.T.);
#970=EDGE_CURVE('',#775,#774,#182,.T.);
#971=EDGE_CURVE('',#776,#775,#183,.T.);
#972=EDGE_CURVE('',#777,#776,#184,.T.);
#973=EDGE_CURVE('',#778,#777,#185,.T.);
#974=EDGE_CURVE('',#778,#779,#186,.T.);
#975=EDGE_CURVE('',#779,#772,#187,.T.);
#976=EDGE_CURVE('',#773,#702,#188,.T.);
#977=EDGE_CURVE('',#775,#720,#189,.T.);
#978=EDGE_CURVE('',#719,#780,#190,.T.);
#979=EDGE_CURVE('',#780,#775,#17,.T.);
#980=EDGE_CURVE('',#776,#781,#654,.F.);
#981=EDGE_CURVE('',#782,#776,#655,.F.);
#982=EDGE_CURVE('',#781,#782,#656,.F.);
#983=EDGE_CURVE('',#780,#782,#191,.T.);
#984=EDGE_CURVE('',#717,#781,#192,.T.);
#985=EDGE_CURVE('',#782,#718,#193,.T.);
#986=EDGE_CURVE('',#777,#783,#657,.F.);
#987=EDGE_CURVE('',#784,#777,#658,.F.);
#988=EDGE_CURVE('',#783,#784,#659,.F.);
#989=EDGE_CURVE('',#781,#784,#194,.T.);
#990=EDGE_CURVE('',#715,#783,#195,.T.);
#991=EDGE_CURVE('',#784,#716,#196,.T.);
#992=EDGE_CURVE('',#783,#785,#197,.T.);
#993=EDGE_CURVE('',#785,#778,#18,.T.);
#994=EDGE_CURVE('',#785,#714,#198,.T.);
#995=EDGE_CURVE('',#713,#778,#199,.T.);
#996=EDGE_CURVE('',#721,#774,#200,.T.);
#997=EDGE_CURVE('',#779,#712,#201,.T.);
#998=EDGE_CURVE('',#786,#787,#202,.T.);
#999=EDGE_CURVE('',#788,#786,#203,.T.);
#1000=EDGE_CURVE('',#789,#788,#204,.T.);
#1001=EDGE_CURVE('',#787,#789,#205,.T.);
#1002=EDGE_CURVE('',#757,#760,#206,.T.);
#1003=EDGE_CURVE('',#756,#722,#207,.T.);
#1004=EDGE_CURVE('',#739,#788,#208,.T.);
#1005=EDGE_CURVE('',#730,#786,#209,.T.);
#1006=EDGE_CURVE('',#761,#729,#210,.T.);
#1007=EDGE_CURVE('',#738,#789,#211,.T.);
#1008=EDGE_CURVE('',#748,#732,#212,.T.);
#1009=EDGE_CURVE('',#731,#787,#213,.T.);
#1010=ORIENTED_EDGE('',*,*,#790,.T.);
#1011=ORIENTED_EDGE('',*,*,#791,.T.);
#1012=ORIENTED_EDGE('',*,*,#792,.T.);
#1013=ORIENTED_EDGE('',*,*,#793,.T.);
#1014=ORIENTED_EDGE('',*,*,#794,.T.);
#1015=ORIENTED_EDGE('',*,*,#795,.T.);
#1016=ORIENTED_EDGE('',*,*,#792,.F.);
#1017=ORIENTED_EDGE('',*,*,#796,.T.);
#1018=ORIENTED_EDGE('',*,*,#797,.T.);
#1019=ORIENTED_EDGE('',*,*,#798,.T.);
#1020=ORIENTED_EDGE('',*,*,#790,.F.);
#1021=ORIENTED_EDGE('',*,*,#799,.T.);
#1022=ORIENTED_EDGE('',*,*,#800,.T.);
#1023=ORIENTED_EDGE('',*,*,#801,.T.);
#1024=ORIENTED_EDGE('',*,*,#802,.T.);
#1025=ORIENTED_EDGE('',*,*,#803,.T.);
#1026=ORIENTED_EDGE('',*,*,#802,.F.);
#1027=ORIENTED_EDGE('',*,*,#804,.T.);
#1028=ORIENTED_EDGE('',*,*,#794,.F.);
#1029=ORIENTED_EDGE('',*,*,#805,.T.);
#1030=ORIENTED_EDGE('',*,*,#806,.T.);
#1031=ORIENTED_EDGE('',*,*,#807,.T.);
#1032=ORIENTED_EDGE('',*,*,#808,.T.);
#1033=ORIENTED_EDGE('',*,*,#807,.F.);
#1034=ORIENTED_EDGE('',*,*,#809,.T.);
#1035=ORIENTED_EDGE('',*,*,#800,.F.);
#1036=ORIENTED_EDGE('',*,*,#810,.T.);
#1037=ORIENTED_EDGE('',*,*,#811,.T.);
#1038=ORIENTED_EDGE('',*,*,#812,.T.);
#1039=ORIENTED_EDGE('',*,*,#813,.T.);
#1040=ORIENTED_EDGE('',*,*,#812,.F.);
#1041=ORIENTED_EDGE('',*,*,#814,.T.);
#1042=ORIENTED_EDGE('',*,*,#805,.F.);
#1043=ORIENTED_EDGE('',*,*,#815,.T.);
#1044=ORIENTED_EDGE('',*,*,#816,.T.);
#1045=ORIENTED_EDGE('',*,*,#817,.T.);
#1046=ORIENTED_EDGE('',*,*,#818,.T.);
#1047=ORIENTED_EDGE('',*,*,#819,.T.);
#1048=ORIENTED_EDGE('',*,*,#820,.T.);
#1049=ORIENTED_EDGE('',*,*,#815,.F.);
#1050=ORIENTED_EDGE('',*,*,#821,.T.);
#1051=ORIENTED_EDGE('',*,*,#822,.T.);
#1052=ORIENTED_EDGE('',*,*,#823,.T.);
#1053=ORIENTED_EDGE('',*,*,#819,.F.);
#1054=ORIENTED_EDGE('',*,*,#824,.T.);
#1055=ORIENTED_EDGE('',*,*,#817,.F.);
#1056=ORIENTED_EDGE('',*,*,#825,.T.);
#1057=ORIENTED_EDGE('',*,*,#810,.F.);
#1058=ORIENTED_EDGE('',*,*,#826,.T.);
#1059=ORIENTED_EDGE('',*,*,#827,.T.);
#1060=ORIENTED_EDGE('',*,*,#828,.T.);
#1061=ORIENTED_EDGE('',*,*,#829,.T.);
#1062=ORIENTED_EDGE('',*,*,#828,.F.);
#1063=ORIENTED_EDGE('',*,*,#830,.T.);
#1064=ORIENTED_EDGE('',*,*,#822,.F.);
#1065=ORIENTED_EDGE('',*,*,#797,.F.);
#1066=ORIENTED_EDGE('',*,*,#831,.T.);
#1067=ORIENTED_EDGE('',*,*,#826,.F.);
#1068=ORIENTED_EDGE('',*,*,#814,.F.);
#1069=ORIENTED_EDGE('',*,*,#832,.T.);
#1070=ORIENTED_EDGE('',*,*,#833,.T.);
#1071=ORIENTED_EDGE('',*,*,#834,.T.);
#1072=ORIENTED_EDGE('',*,*,#811,.F.);
#1073=ORIENTED_EDGE('',*,*,#835,.F.);
#1074=ORIENTED_EDGE('',*,*,#836,.F.);
#1075=ORIENTED_EDGE('',*,*,#832,.F.);
#1076=ORIENTED_EDGE('',*,*,#825,.F.);
#1077=ORIENTED_EDGE('',*,*,#837,.T.);
#1078=ORIENTED_EDGE('',*,*,#838,.T.);
#1079=ORIENTED_EDGE('',*,*,#835,.T.);
#1080=ORIENTED_EDGE('',*,*,#816,.F.);
#1081=ORIENTED_EDGE('',*,*,#839,.F.);
#1082=ORIENTED_EDGE('',*,*,#840,.F.);
#1083=ORIENTED_EDGE('',*,*,#837,.F.);
#1084=ORIENTED_EDGE('',*,*,#820,.F.);
#1085=ORIENTED_EDGE('',*,*,#841,.T.);
#1086=ORIENTED_EDGE('',*,*,#842,.T.);
#1087=ORIENTED_EDGE('',*,*,#839,.T.);
#1088=ORIENTED_EDGE('',*,*,#823,.F.);
#1089=ORIENTED_EDGE('',*,*,#843,.F.);
#1090=ORIENTED_EDGE('',*,*,#844,.F.);
#1091=ORIENTED_EDGE('',*,*,#841,.F.);
#1092=ORIENTED_EDGE('',*,*,#830,.F.);
#1093=ORIENTED_EDGE('',*,*,#845,.T.);
#1094=ORIENTED_EDGE('',*,*,#846,.T.);
#1095=ORIENTED_EDGE('',*,*,#843,.T.);
#1096=ORIENTED_EDGE('',*,*,#827,.F.);
#1097=ORIENTED_EDGE('',*,*,#847,.F.);
#1098=ORIENTED_EDGE('',*,*,#848,.F.);
#1099=ORIENTED_EDGE('',*,*,#845,.F.);
#1100=ORIENTED_EDGE('',*,*,#791,.F.);
#1101=ORIENTED_EDGE('',*,*,#798,.F.);
#1102=ORIENTED_EDGE('',*,*,#829,.F.);
#1103=ORIENTED_EDGE('',*,*,#824,.F.);
#1104=ORIENTED_EDGE('',*,*,#821,.F.);
#1105=ORIENTED_EDGE('',*,*,#818,.F.);
#1106=ORIENTED_EDGE('',*,*,#813,.F.);
#1107=ORIENTED_EDGE('',*,*,#808,.F.);
#1108=ORIENTED_EDGE('',*,*,#803,.F.);
#1109=ORIENTED_EDGE('',*,*,#796,.F.);
#1110=ORIENTED_EDGE('',*,*,#804,.F.);
#1111=ORIENTED_EDGE('',*,*,#849,.T.);
#1112=ORIENTED_EDGE('',*,*,#850,.T.);
#1113=ORIENTED_EDGE('',*,*,#851,.T.);
#1114=ORIENTED_EDGE('',*,*,#795,.F.);
#1115=ORIENTED_EDGE('',*,*,#851,.F.);
#1116=ORIENTED_EDGE('',*,*,#852,.F.);
#1117=ORIENTED_EDGE('',*,*,#853,.F.);
#1118=ORIENTED_EDGE('',*,*,#850,.F.);
#1119=ORIENTED_EDGE('',*,*,#854,.T.);
#1120=ORIENTED_EDGE('',*,*,#855,.F.);
#1121=ORIENTED_EDGE('',*,*,#856,.T.);
#1122=ORIENTED_EDGE('',*,*,#833,.F.);
#1123=ORIENTED_EDGE('',*,*,#836,.T.);
#1124=ORIENTED_EDGE('',*,*,#838,.F.);
#1125=ORIENTED_EDGE('',*,*,#840,.T.);
#1126=ORIENTED_EDGE('',*,*,#842,.F.);
#1127=ORIENTED_EDGE('',*,*,#844,.T.);
#1128=ORIENTED_EDGE('',*,*,#846,.F.);
#1129=ORIENTED_EDGE('',*,*,#848,.T.);
#1130=ORIENTED_EDGE('',*,*,#857,.F.);
#1131=ORIENTED_EDGE('',*,*,#858,.T.);
#1132=ORIENTED_EDGE('',*,*,#859,.F.);
#1133=ORIENTED_EDGE('',*,*,#852,.T.);
#1134=ORIENTED_EDGE('',*,*,#860,.T.);
#1135=ORIENTED_EDGE('',*,*,#861,.F.);
#1136=ORIENTED_EDGE('',*,*,#862,.T.);
#1137=ORIENTED_EDGE('',*,*,#863,.F.);
#1138=ORIENTED_EDGE('',*,*,#864,.T.);
#1139=ORIENTED_EDGE('',*,*,#865,.F.);
#1140=ORIENTED_EDGE('',*,*,#866,.T.);
#1141=ORIENTED_EDGE('',*,*,#867,.F.);
#1142=ORIENTED_EDGE('',*,*,#868,.T.);
#1143=ORIENTED_EDGE('',*,*,#869,.T.);
#1144=ORIENTED_EDGE('',*,*,#870,.T.);
#1145=ORIENTED_EDGE('',*,*,#871,.F.);
#1146=ORIENTED_EDGE('',*,*,#872,.T.);
#1147=ORIENTED_EDGE('',*,*,#873,.F.);
#1148=ORIENTED_EDGE('',*,*,#874,.T.);
#1149=ORIENTED_EDGE('',*,*,#875,.F.);
#1150=ORIENTED_EDGE('',*,*,#876,.T.);
#1151=ORIENTED_EDGE('',*,*,#877,.F.);
#1152=ORIENTED_EDGE('',*,*,#878,.T.);
#1153=ORIENTED_EDGE('',*,*,#879,.T.);
#1154=ORIENTED_EDGE('',*,*,#880,.T.);
#1155=ORIENTED_EDGE('',*,*,#881,.F.);
#1156=ORIENTED_EDGE('',*,*,#882,.T.);
#1157=ORIENTED_EDGE('',*,*,#883,.F.);
#1158=ORIENTED_EDGE('',*,*,#884,.T.);
#1159=ORIENTED_EDGE('',*,*,#885,.T.);
#1160=ORIENTED_EDGE('',*,*,#886,.T.);
#1161=ORIENTED_EDGE('',*,*,#887,.T.);
#1162=ORIENTED_EDGE('',*,*,#888,.T.);
#1163=ORIENTED_EDGE('',*,*,#889,.T.);
#1164=ORIENTED_EDGE('',*,*,#890,.T.);
#1165=ORIENTED_EDGE('',*,*,#891,.F.);
#1166=ORIENTED_EDGE('',*,*,#892,.T.);
#1167=ORIENTED_EDGE('',*,*,#893,.F.);
#1168=ORIENTED_EDGE('',*,*,#894,.T.);
#1169=ORIENTED_EDGE('',*,*,#895,.T.);
#1170=ORIENTED_EDGE('',*,*,#896,.T.);
#1171=ORIENTED_EDGE('',*,*,#897,.T.);
#1172=ORIENTED_EDGE('',*,*,#793,.F.);
#1173=ORIENTED_EDGE('',*,*,#853,.T.);
#1174=ORIENTED_EDGE('',*,*,#859,.T.);
#1175=ORIENTED_EDGE('',*,*,#898,.T.);
#1176=ORIENTED_EDGE('',*,*,#799,.F.);
#1177=ORIENTED_EDGE('',*,*,#898,.F.);
#1178=ORIENTED_EDGE('',*,*,#858,.F.);
#1179=ORIENTED_EDGE('',*,*,#899,.F.);
#1180=ORIENTED_EDGE('',*,*,#831,.F.);
#1181=ORIENTED_EDGE('',*,*,#899,.T.);
#1182=ORIENTED_EDGE('',*,*,#857,.T.);
#1183=ORIENTED_EDGE('',*,*,#847,.T.);
#1184=ORIENTED_EDGE('',*,*,#809,.F.);
#1185=ORIENTED_EDGE('',*,*,#900,.T.);
#1186=ORIENTED_EDGE('',*,*,#855,.T.);
#1187=ORIENTED_EDGE('',*,*,#901,.T.);
#1188=ORIENTED_EDGE('',*,*,#801,.F.);
#1189=ORIENTED_EDGE('',*,*,#901,.F.);
#1190=ORIENTED_EDGE('',*,*,#854,.F.);
#1191=ORIENTED_EDGE('',*,*,#849,.F.);
#1192=ORIENTED_EDGE('',*,*,#806,.F.);
#1193=ORIENTED_EDGE('',*,*,#834,.F.);
#1194=ORIENTED_EDGE('',*,*,#856,.F.);
#1195=ORIENTED_EDGE('',*,*,#900,.F.);
#1196=ORIENTED_EDGE('',*,*,#902,.F.);
#1197=ORIENTED_EDGE('',*,*,#903,.F.);
#1198=ORIENTED_EDGE('',*,*,#904,.F.);
#1199=ORIENTED_EDGE('',*,*,#905,.F.);
#1200=ORIENTED_EDGE('',*,*,#906,.F.);
#1201=ORIENTED_EDGE('',*,*,#907,.F.);
#1202=ORIENTED_EDGE('',*,*,#908,.T.);
#1203=ORIENTED_EDGE('',*,*,#909,.T.);
#1204=ORIENTED_EDGE('',*,*,#906,.T.);
#1205=ORIENTED_EDGE('',*,*,#910,.T.);
#1206=ORIENTED_EDGE('',*,*,#893,.T.);
#1207=ORIENTED_EDGE('',*,*,#911,.T.);
#1208=ORIENTED_EDGE('',*,*,#907,.T.);
#1209=ORIENTED_EDGE('',*,*,#912,.T.);
#1210=ORIENTED_EDGE('',*,*,#903,.T.);
#1211=ORIENTED_EDGE('',*,*,#913,.T.);
#1212=ORIENTED_EDGE('',*,*,#905,.T.);
#1213=ORIENTED_EDGE('',*,*,#914,.T.);
#1214=ORIENTED_EDGE('',*,*,#891,.T.);
#1215=ORIENTED_EDGE('',*,*,#915,.T.);
#1216=ORIENTED_EDGE('',*,*,#904,.T.);
#1217=ORIENTED_EDGE('',*,*,#916,.T.);
#1218=ORIENTED_EDGE('',*,*,#917,.T.);
#1219=ORIENTED_EDGE('',*,*,#918,.T.);
#1220=ORIENTED_EDGE('',*,*,#902,.T.);
#1221=ORIENTED_EDGE('',*,*,#919,.T.);
#1222=ORIENTED_EDGE('',*,*,#912,.F.);
#1223=ORIENTED_EDGE('',*,*,#909,.F.);
#1224=ORIENTED_EDGE('',*,*,#920,.T.);
#1225=ORIENTED_EDGE('',*,*,#894,.F.);
#1226=ORIENTED_EDGE('',*,*,#910,.F.);
#1227=ORIENTED_EDGE('',*,*,#913,.F.);
#1228=ORIENTED_EDGE('',*,*,#918,.F.);
#1229=ORIENTED_EDGE('',*,*,#921,.T.);
#1230=ORIENTED_EDGE('',*,*,#922,.F.);
#1231=ORIENTED_EDGE('',*,*,#923,.F.);
#1232=ORIENTED_EDGE('',*,*,#924,.F.);
#1233=ORIENTED_EDGE('',*,*,#883,.T.);
#1234=ORIENTED_EDGE('',*,*,#925,.T.);
#1235=ORIENTED_EDGE('',*,*,#923,.T.);
#1236=ORIENTED_EDGE('',*,*,#926,.T.);
#1237=ORIENTED_EDGE('',*,*,#927,.F.);
#1238=ORIENTED_EDGE('',*,*,#928,.F.);
#1239=ORIENTED_EDGE('',*,*,#929,.F.);
#1240=ORIENTED_EDGE('',*,*,#881,.T.);
#1241=ORIENTED_EDGE('',*,*,#930,.T.);
#1242=ORIENTED_EDGE('',*,*,#928,.T.);
#1243=ORIENTED_EDGE('',*,*,#931,.T.);
#1244=ORIENTED_EDGE('',*,*,#932,.T.);
#1245=ORIENTED_EDGE('',*,*,#933,.T.);
#1246=ORIENTED_EDGE('',*,*,#929,.T.);
#1247=ORIENTED_EDGE('',*,*,#934,.T.);
#1248=ORIENTED_EDGE('',*,*,#924,.T.);
#1249=ORIENTED_EDGE('',*,*,#935,.T.);
#1250=ORIENTED_EDGE('',*,*,#927,.T.);
#1251=ORIENTED_EDGE('',*,*,#936,.T.);
#1252=ORIENTED_EDGE('',*,*,#937,.F.);
#1253=ORIENTED_EDGE('',*,*,#938,.T.);
#1254=ORIENTED_EDGE('',*,*,#922,.T.);
#1255=ORIENTED_EDGE('',*,*,#939,.T.);
#1256=ORIENTED_EDGE('',*,*,#940,.T.);
#1257=ORIENTED_EDGE('',*,*,#941,.F.);
#1258=ORIENTED_EDGE('',*,*,#931,.F.);
#1259=ORIENTED_EDGE('',*,*,#935,.F.);
#1260=ORIENTED_EDGE('',*,*,#925,.F.);
#1261=ORIENTED_EDGE('',*,*,#882,.F.);
#1262=ORIENTED_EDGE('',*,*,#926,.F.);
#1263=ORIENTED_EDGE('',*,*,#938,.F.);
#1264=ORIENTED_EDGE('',*,*,#942,.F.);
#1265=ORIENTED_EDGE('',*,*,#884,.F.);
#1266=ORIENTED_EDGE('',*,*,#937,.T.);
#1267=ORIENTED_EDGE('',*,*,#943,.T.);
#1268=ORIENTED_EDGE('',*,*,#885,.F.);
#1269=ORIENTED_EDGE('',*,*,#942,.T.);
#1270=ORIENTED_EDGE('',*,*,#944,.F.);
#1271=ORIENTED_EDGE('',*,*,#945,.F.);
#1272=ORIENTED_EDGE('',*,*,#946,.F.);
#1273=ORIENTED_EDGE('',*,*,#947,.F.);
#1274=ORIENTED_EDGE('',*,*,#948,.F.);
#1275=ORIENTED_EDGE('',*,*,#949,.F.);
#1276=ORIENTED_EDGE('',*,*,#950,.T.);
#1277=ORIENTED_EDGE('',*,*,#867,.T.);
#1278=ORIENTED_EDGE('',*,*,#951,.T.);
#1279=ORIENTED_EDGE('',*,*,#952,.T.);
#1280=ORIENTED_EDGE('',*,*,#953,.T.);
#1281=ORIENTED_EDGE('',*,*,#948,.T.);
#1282=ORIENTED_EDGE('',*,*,#954,.T.);
#1283=ORIENTED_EDGE('',*,*,#952,.F.);
#1284=ORIENTED_EDGE('',*,*,#865,.T.);
#1285=ORIENTED_EDGE('',*,*,#955,.T.);
#1286=ORIENTED_EDGE('',*,*,#949,.T.);
#1287=ORIENTED_EDGE('',*,*,#956,.T.);
#1288=ORIENTED_EDGE('',*,*,#945,.T.);
#1289=ORIENTED_EDGE('',*,*,#957,.T.);
#1290=ORIENTED_EDGE('',*,*,#947,.T.);
#1291=ORIENTED_EDGE('',*,*,#958,.T.);
#1292=ORIENTED_EDGE('',*,*,#863,.T.);
#1293=ORIENTED_EDGE('',*,*,#959,.T.);
#1294=ORIENTED_EDGE('',*,*,#946,.T.);
#1295=ORIENTED_EDGE('',*,*,#960,.T.);
#1296=ORIENTED_EDGE('',*,*,#961,.T.);
#1297=ORIENTED_EDGE('',*,*,#944,.T.);
#1298=ORIENTED_EDGE('',*,*,#962,.T.);
#1299=ORIENTED_EDGE('',*,*,#963,.T.);
#1300=ORIENTED_EDGE('',*,*,#964,.T.);
#1301=ORIENTED_EDGE('',*,*,#861,.T.);
#1302=ORIENTED_EDGE('',*,*,#965,.T.);
#1303=ORIENTED_EDGE('',*,*,#963,.F.);
#1304=ORIENTED_EDGE('',*,*,#956,.F.);
#1305=ORIENTED_EDGE('',*,*,#953,.F.);
#1306=ORIENTED_EDGE('',*,*,#951,.F.);
#1307=ORIENTED_EDGE('',*,*,#866,.F.);
#1308=ORIENTED_EDGE('',*,*,#950,.F.);
#1309=ORIENTED_EDGE('',*,*,#966,.T.);
#1310=ORIENTED_EDGE('',*,*,#967,.F.);
#1311=ORIENTED_EDGE('',*,*,#868,.F.);
#1312=ORIENTED_EDGE('',*,*,#954,.F.);
#1313=ORIENTED_EDGE('',*,*,#957,.F.);
#1314=ORIENTED_EDGE('',*,*,#961,.F.);
#1315=ORIENTED_EDGE('',*,*,#968,.T.);
#1316=ORIENTED_EDGE('',*,*,#969,.T.);
#1317=ORIENTED_EDGE('',*,*,#970,.F.);
#1318=ORIENTED_EDGE('',*,*,#971,.F.);
#1319=ORIENTED_EDGE('',*,*,#972,.F.);
#1320=ORIENTED_EDGE('',*,*,#973,.F.);
#1321=ORIENTED_EDGE('',*,*,#974,.T.);
#1322=ORIENTED_EDGE('',*,*,#975,.T.);
#1323=ORIENTED_EDGE('',*,*,#966,.F.);
#1324=ORIENTED_EDGE('',*,*,#965,.F.);
#1325=ORIENTED_EDGE('',*,*,#860,.F.);
#1326=ORIENTED_EDGE('',*,*,#976,.F.);
#1327=ORIENTED_EDGE('',*,*,#968,.F.);
#1328=ORIENTED_EDGE('',*,*,#977,.T.);
#1329=ORIENTED_EDGE('',*,*,#877,.T.);
#1330=ORIENTED_EDGE('',*,*,#978,.T.);
#1331=ORIENTED_EDGE('',*,*,#979,.T.);
#1332=ORIENTED_EDGE('',*,*,#980,.F.);
#1333=ORIENTED_EDGE('',*,*,#981,.F.);
#1334=ORIENTED_EDGE('',*,*,#982,.F.);
#1335=ORIENTED_EDGE('',*,*,#983,.T.);
#1336=ORIENTED_EDGE('',*,*,#981,.T.);
#1337=ORIENTED_EDGE('',*,*,#971,.T.);
#1338=ORIENTED_EDGE('',*,*,#979,.F.);
#1339=ORIENTED_EDGE('',*,*,#875,.T.);
#1340=ORIENTED_EDGE('',*,*,#984,.T.);
#1341=ORIENTED_EDGE('',*,*,#982,.T.);
#1342=ORIENTED_EDGE('',*,*,#985,.T.);
#1343=ORIENTED_EDGE('',*,*,#986,.F.);
#1344=ORIENTED_EDGE('',*,*,#987,.F.);
#1345=ORIENTED_EDGE('',*,*,#988,.F.);
#1346=ORIENTED_EDGE('',*,*,#987,.T.);
#1347=ORIENTED_EDGE('',*,*,#972,.T.);
#1348=ORIENTED_EDGE('',*,*,#980,.T.);
#1349=ORIENTED_EDGE('',*,*,#989,.T.);
#1350=ORIENTED_EDGE('',*,*,#873,.T.);
#1351=ORIENTED_EDGE('',*,*,#990,.T.);
#1352=ORIENTED_EDGE('',*,*,#988,.T.);
#1353=ORIENTED_EDGE('',*,*,#991,.T.);
#1354=ORIENTED_EDGE('',*,*,#973,.T.);
#1355=ORIENTED_EDGE('',*,*,#986,.T.);
#1356=ORIENTED_EDGE('',*,*,#992,.T.);
#1357=ORIENTED_EDGE('',*,*,#993,.T.);
#1358=ORIENTED_EDGE('',*,*,#994,.T.);
#1359=ORIENTED_EDGE('',*,*,#871,.T.);
#1360=ORIENTED_EDGE('',*,*,#995,.T.);
#1361=ORIENTED_EDGE('',*,*,#993,.F.);
#1362=ORIENTED_EDGE('',*,*,#985,.F.);
#1363=ORIENTED_EDGE('',*,*,#983,.F.);
#1364=ORIENTED_EDGE('',*,*,#978,.F.);
#1365=ORIENTED_EDGE('',*,*,#876,.F.);
#1366=ORIENTED_EDGE('',*,*,#977,.F.);
#1367=ORIENTED_EDGE('',*,*,#970,.T.);
#1368=ORIENTED_EDGE('',*,*,#996,.F.);
#1369=ORIENTED_EDGE('',*,*,#878,.F.);
#1370=ORIENTED_EDGE('',*,*,#995,.F.);
#1371=ORIENTED_EDGE('',*,*,#870,.F.);
#1372=ORIENTED_EDGE('',*,*,#997,.F.);
#1373=ORIENTED_EDGE('',*,*,#974,.F.);
#1374=ORIENTED_EDGE('',*,*,#959,.F.);
#1375=ORIENTED_EDGE('',*,*,#862,.F.);
#1376=ORIENTED_EDGE('',*,*,#964,.F.);
#1377=ORIENTED_EDGE('',*,*,#962,.F.);
#1378=ORIENTED_EDGE('',*,*,#990,.F.);
#1379=ORIENTED_EDGE('',*,*,#872,.F.);
#1380=ORIENTED_EDGE('',*,*,#994,.F.);
#1381=ORIENTED_EDGE('',*,*,#992,.F.);
#1382=ORIENTED_EDGE('',*,*,#998,.F.);
#1383=ORIENTED_EDGE('',*,*,#999,.F.);
#1384=ORIENTED_EDGE('',*,*,#1000,.F.);
#1385=ORIENTED_EDGE('',*,*,#1001,.F.);
#1386=ORIENTED_EDGE('',*,*,#933,.F.);
#1387=ORIENTED_EDGE('',*,*,#1002,.T.);
#1388=ORIENTED_EDGE('',*,*,#939,.F.);
#1389=ORIENTED_EDGE('',*,*,#936,.F.);
#1390=ORIENTED_EDGE('',*,*,#955,.F.);
#1391=ORIENTED_EDGE('',*,*,#864,.F.);
#1392=ORIENTED_EDGE('',*,*,#960,.F.);
#1393=ORIENTED_EDGE('',*,*,#958,.F.);
#1394=ORIENTED_EDGE('',*,*,#976,.T.);
#1395=ORIENTED_EDGE('',*,*,#879,.F.);
#1396=ORIENTED_EDGE('',*,*,#996,.T.);
#1397=ORIENTED_EDGE('',*,*,#969,.F.);
#1398=ORIENTED_EDGE('',*,*,#984,.F.);
#1399=ORIENTED_EDGE('',*,*,#874,.F.);
#1400=ORIENTED_EDGE('',*,*,#991,.F.);
#1401=ORIENTED_EDGE('',*,*,#989,.F.);
#1402=ORIENTED_EDGE('',*,*,#997,.T.);
#1403=ORIENTED_EDGE('',*,*,#869,.F.);
#1404=ORIENTED_EDGE('',*,*,#967,.T.);
#1405=ORIENTED_EDGE('',*,*,#975,.F.);
#1406=ORIENTED_EDGE('',*,*,#1003,.T.);
#1407=ORIENTED_EDGE('',*,*,#897,.F.);
#1408=ORIENTED_EDGE('',*,*,#1004,.T.);
#1409=ORIENTED_EDGE('',*,*,#999,.T.);
#1410=ORIENTED_EDGE('',*,*,#1005,.F.);
#1411=ORIENTED_EDGE('',*,*,#887,.F.);
#1412=ORIENTED_EDGE('',*,*,#1006,.F.);
#1413=ORIENTED_EDGE('',*,*,#940,.F.);
#1414=ORIENTED_EDGE('',*,*,#1002,.F.);
#1415=ORIENTED_EDGE('',*,*,#932,.F.);
#1416=ORIENTED_EDGE('',*,*,#1004,.F.);
#1417=ORIENTED_EDGE('',*,*,#896,.F.);
#1418=ORIENTED_EDGE('',*,*,#1007,.T.);
#1419=ORIENTED_EDGE('',*,*,#1000,.T.);
#1420=ORIENTED_EDGE('',*,*,#1007,.F.);
#1421=ORIENTED_EDGE('',*,*,#895,.F.);
#1422=ORIENTED_EDGE('',*,*,#920,.F.);
#1423=ORIENTED_EDGE('',*,*,#908,.F.);
#1424=ORIENTED_EDGE('',*,*,#921,.F.);
#1425=ORIENTED_EDGE('',*,*,#917,.F.);
#1426=ORIENTED_EDGE('',*,*,#1008,.T.);
#1427=ORIENTED_EDGE('',*,*,#889,.F.);
#1428=ORIENTED_EDGE('',*,*,#1009,.T.);
#1429=ORIENTED_EDGE('',*,*,#1001,.T.);
#1430=ORIENTED_EDGE('',*,*,#911,.F.);
#1431=ORIENTED_EDGE('',*,*,#892,.F.);
#1432=ORIENTED_EDGE('',*,*,#916,.F.);
#1433=ORIENTED_EDGE('',*,*,#914,.F.);
#1434=ORIENTED_EDGE('',*,*,#915,.F.);
#1435=ORIENTED_EDGE('',*,*,#890,.F.);
#1436=ORIENTED_EDGE('',*,*,#1008,.F.);
#1437=ORIENTED_EDGE('',*,*,#919,.F.);
#1438=ORIENTED_EDGE('',*,*,#1009,.F.);
#1439=ORIENTED_EDGE('',*,*,#888,.F.);
#1440=ORIENTED_EDGE('',*,*,#1005,.T.);
#1441=ORIENTED_EDGE('',*,*,#998,.T.);
#1442=ORIENTED_EDGE('',*,*,#941,.T.);
#1443=ORIENTED_EDGE('',*,*,#1006,.T.);
#1444=ORIENTED_EDGE('',*,*,#886,.F.);
#1445=ORIENTED_EDGE('',*,*,#943,.F.);
#1446=ORIENTED_EDGE('',*,*,#930,.F.);
#1447=ORIENTED_EDGE('',*,*,#880,.F.);
#1448=ORIENTED_EDGE('',*,*,#1003,.F.);
#1449=ORIENTED_EDGE('',*,*,#934,.F.);
#1450=TOROIDAL_SURFACE('',#1560,1.,0.5);
#1451=TOROIDAL_SURFACE('',#1587,1.,0.5);
#1452=ADVANCED_FACE('',(#395),#1450,.T.);
#1453=ADVANCED_FACE('',(#396),#355,.T.);
#1454=ADVANCED_FACE('',(#397),#356,.T.);
#1455=ADVANCED_FACE('',(#398),#357,.T.);
#1456=ADVANCED_FACE('',(#399),#59,.T.);
#1457=ADVANCED_FACE('',(#400),#358,.T.);
#1458=ADVANCED_FACE('',(#401),#60,.T.);
#1459=ADVANCED_FACE('',(#402),#359,.T.);
#1460=ADVANCED_FACE('',(#403),#61,.T.);
#1461=ADVANCED_FACE('',(#404),#360,.T.);
#1462=ADVANCED_FACE('',(#405),#1451,.T.);
#1463=ADVANCED_FACE('',(#406),#361,.T.);
#1464=ADVANCED_FACE('',(#407),#62,.T.);
#1465=ADVANCED_FACE('',(#408),#362,.T.);
#1466=ADVANCED_FACE('',(#409),#63,.T.);
#1467=ADVANCED_FACE('',(#410),#64,.T.);
#1468=ADVANCED_FACE('',(#411),#363,.T.);
#1469=ADVANCED_FACE('',(#412),#21,.T.);
#1470=ADVANCED_FACE('',(#413),#364,.T.);
#1471=ADVANCED_FACE('',(#414),#22,.T.);
#1472=ADVANCED_FACE('',(#415),#365,.F.);
#1473=ADVANCED_FACE('',(#416),#23,.T.);
#1474=ADVANCED_FACE('',(#417),#366,.T.);
#1475=ADVANCED_FACE('',(#418),#24,.T.);
#1476=ADVANCED_FACE('',(#419),#25,.T.);
#1477=ADVANCED_FACE('',(#420),#367,.T.);
#1478=ADVANCED_FACE('',(#421),#26,.T.);
#1479=ADVANCED_FACE('',(#422,#19,#20),#27,.T.);
#1480=ADVANCED_FACE('',(#423),#368,.F.);
#1481=ADVANCED_FACE('',(#424),#28,.T.);
#1482=ADVANCED_FACE('',(#425),#369,.T.);
#1483=ADVANCED_FACE('',(#426),#370,.T.);
#1484=ADVANCED_FACE('',(#427),#29,.T.);
#1485=ADVANCED_FACE('',(#428),#30,.F.);
#1486=ADVANCED_FACE('',(#429),#65,.F.);
#1487=ADVANCED_FACE('',(#430),#66,.F.);
#1488=ADVANCED_FACE('',(#431),#371,.F.);
#1489=ADVANCED_FACE('',(#432),#372,.F.);
#1490=ADVANCED_FACE('',(#433),#373,.F.);
#1491=ADVANCED_FACE('',(#434),#374,.F.);
#1492=ADVANCED_FACE('',(#435),#375,.F.);
#1493=ADVANCED_FACE('',(#436),#31,.T.);
#1494=ADVANCED_FACE('',(#437),#32,.T.);
#1495=ADVANCED_FACE('',(#438),#67,.F.);
#1496=ADVANCED_FACE('',(#439),#376,.F.);
#1497=ADVANCED_FACE('',(#440),#68,.F.);
#1498=ADVANCED_FACE('',(#441),#377,.F.);
#1499=ADVANCED_FACE('',(#442),#378,.F.);
#1500=ADVANCED_FACE('',(#443),#379,.F.);
#1501=ADVANCED_FACE('',(#444),#380,.F.);
#1502=ADVANCED_FACE('',(#445),#33,.F.);
#1503=ADVANCED_FACE('',(#446),#34,.F.);
#1504=ADVANCED_FACE('',(#447),#35,.F.);
#1505=ADVANCED_FACE('',(#448),#69,.F.);
#1506=ADVANCED_FACE('',(#449),#70,.F.);
#1507=ADVANCED_FACE('',(#450),#381,.F.);
#1508=ADVANCED_FACE('',(#451),#382,.F.);
#1509=ADVANCED_FACE('',(#452),#383,.F.);
#1510=ADVANCED_FACE('',(#453),#384,.F.);
#1511=ADVANCED_FACE('',(#454),#385,.F.);
#1512=ADVANCED_FACE('',(#455),#386,.F.);
#1513=ADVANCED_FACE('',(#456),#387,.F.);
#1514=ADVANCED_FACE('',(#457),#36,.F.);
#1515=ADVANCED_FACE('',(#458),#37,.F.);
#1516=ADVANCED_FACE('',(#459),#38,.T.);
#1517=ADVANCED_FACE('',(#460),#39,.F.);
#1518=ADVANCED_FACE('',(#461),#388,.F.);
#1519=ADVANCED_FACE('',(#462),#71,.F.);
#1520=ADVANCED_FACE('',(#463),#389,.F.);
#1521=ADVANCED_FACE('',(#464),#390,.F.);
#1522=ADVANCED_FACE('',(#465),#72,.F.);
#1523=ADVANCED_FACE('',(#466),#391,.F.);
#1524=ADVANCED_FACE('',(#467),#392,.F.);
#1525=ADVANCED_FACE('',(#468),#393,.F.);
#1526=ADVANCED_FACE('',(#469),#394,.F.);
#1527=ADVANCED_FACE('',(#470),#40,.F.);
#1528=ADVANCED_FACE('',(#471),#41,.F.);
#1529=ADVANCED_FACE('',(#472),#42,.F.);
#1530=ADVANCED_FACE('',(#473),#43,.F.);
#1531=ADVANCED_FACE('',(#474),#44,.F.);
#1532=ADVANCED_FACE('',(#475),#45,.F.);
#1533=ADVANCED_FACE('',(#476),#46,.T.);
#1534=ADVANCED_FACE('',(#477),#47,.T.);
#1535=ADVANCED_FACE('',(#478),#48,.T.);
#1536=ADVANCED_FACE('',(#479),#49,.T.);
#1537=ADVANCED_FACE('',(#480),#50,.T.);
#1538=ADVANCED_FACE('',(#481),#51,.T.);
#1539=ADVANCED_FACE('',(#482),#52,.T.);
#1540=ADVANCED_FACE('',(#483),#53,.T.);
#1541=ADVANCED_FACE('',(#484),#54,.T.);
#1542=ADVANCED_FACE('',(#485),#55,.T.);
#1543=ADVANCED_FACE('',(#486),#56,.T.);
#1544=ADVANCED_FACE('',(#487),#57,.T.);
#1545=ADVANCED_FACE('',(#488),#58,.T.);
#1546=CLOSED_SHELL('',(#1452,#1453,#1454,#1455,#1456,#1457,#1458,#1459,
#1460,#1461,#1462,#1463,#1464,#1465,#1466,#1467,#1468,#1469,#1470,#1471,
#1472,#1473,#1474,#1475,#1476,#1477,#1478,#1479,#1480,#1481,#1482,#1483,
#1484,#1485,#1486,#1487,#1488,#1489,#1490,#1491,#1492,#1493,#1494,#1495,
#1496,#1497,#1498,#1499,#1500,#1501,#1502,#1503,#1504,#1505,#1506,#1507,
#1508,#1509,#1510,#1511,#1512,#1513,#1514,#1515,#1516,#1517,#1518,#1519,
#1520,#1521,#1522,#1523,#1524,#1525,#1526,#1527,#1528,#1529,#1530,#1531,
#1532,#1533,#1534,#1535,#1536,#1537,#1538,#1539,#1540,#1541,#1542,#1543,
#1544,#1545));
#1547=DERIVED_UNIT_ELEMENT(#1549,1.);
#1548=DERIVED_UNIT_ELEMENT(#2672,-3.);
#1549=(
MASS_UNIT()
NAMED_UNIT(*)
SI_UNIT(.KILO.,.GRAM.)
);
#1550=DERIVED_UNIT((#1547,#1548));
#1551=MEASURE_REPRESENTATION_ITEM('density measure',
POSITIVE_RATIO_MEASURE(7850.),#1550);
#1552=PROPERTY_DEFINITION_REPRESENTATION(#1557,#1554);
#1553=PROPERTY_DEFINITION_REPRESENTATION(#1558,#1555);
#1554=REPRESENTATION('material name',(#1556),#2669);
#1555=REPRESENTATION('density',(#1551),#2669);
#1556=DESCRIPTIVE_REPRESENTATION_ITEM('Acier','Acier');
#1557=PROPERTY_DEFINITION('material property','material name',#2679);
#1558=PROPERTY_DEFINITION('material property','density of part',#2679);
#1559=AXIS2_PLACEMENT_3D('',#2222,#1733,#1734);
#1560=AXIS2_PLACEMENT_3D('',#2223,#1735,#1736);
#1561=AXIS2_PLACEMENT_3D('',#2226,#1737,#1738);
#1562=AXIS2_PLACEMENT_3D('',#2228,#1739,#1740);
#1563=AXIS2_PLACEMENT_3D('',#2230,#1741,#1742);
#1564=AXIS2_PLACEMENT_3D('',#2231,#1743,#1744);
#1565=AXIS2_PLACEMENT_3D('',#2232,#1745,#1746);
#1566=AXIS2_PLACEMENT_3D('',#2235,#1747,#1748);
#1567=AXIS2_PLACEMENT_3D('',#2238,#1751,#1752);
#1568=AXIS2_PLACEMENT_3D('',#2241,#1753,#1754);
#1569=AXIS2_PLACEMENT_3D('',#2244,#1757,#1758);
#1570=AXIS2_PLACEMENT_3D('',#2247,#1759,#1760);
#1571=AXIS2_PLACEMENT_3D('',#2250,#1762,#1763);
#1572=AXIS2_PLACEMENT_3D('',#2252,#1765,#1766);
#1573=AXIS2_PLACEMENT_3D('',#2253,#1767,#1768);
#1574=AXIS2_PLACEMENT_3D('',#2254,#1769,#1770);
#1575=AXIS2_PLACEMENT_3D('',#2257,#1771,#1772);
#1576=AXIS2_PLACEMENT_3D('',#2260,#1774,#1775);
#1577=AXIS2_PLACEMENT_3D('',#2262,#1777,#1778);
#1578=AXIS2_PLACEMENT_3D('',#2263,#1779,#1780);
#1579=AXIS2_PLACEMENT_3D('',#2264,#1781,#1782);
#1580=AXIS2_PLACEMENT_3D('',#2267,#1783,#1784);
#1581=AXIS2_PLACEMENT_3D('',#2270,#1786,#1787);
#1582=AXIS2_PLACEMENT_3D('',#2272,#1789,#1790);
#1583=AXIS2_PLACEMENT_3D('',#2273,#1791,#1792);
#1584=AXIS2_PLACEMENT_3D('',#2274,#1793,#1794);
#1585=AXIS2_PLACEMENT_3D('',#2277,#1795,#1796);
#1586=AXIS2_PLACEMENT_3D('',#2280,#1798,#1799);
#1587=AXIS2_PLACEMENT_3D('',#2282,#1801,#1802);
#1588=AXIS2_PLACEMENT_3D('',#2285,#1803,#1804);
#1589=AXIS2_PLACEMENT_3D('',#2286,#1805,#1806);
#1590=AXIS2_PLACEMENT_3D('',#2287,#1807,#1808);
#1591=AXIS2_PLACEMENT_3D('',#2288,#1809,#1810);
#1592=AXIS2_PLACEMENT_3D('',#2291,#1811,#1812);
#1593=AXIS2_PLACEMENT_3D('',#2294,#1815,#1816);
#1594=AXIS2_PLACEMENT_3D('',#2295,#1817,#1818);
#1595=AXIS2_PLACEMENT_3D('',#2296,#1819,#1820);
#1596=AXIS2_PLACEMENT_3D('',#2298,#1821,#1822);
#1597=AXIS2_PLACEMENT_3D('',#2301,#1824,#1825);
#1598=AXIS2_PLACEMENT_3D('',#2303,#1827,#1828);
#1599=AXIS2_PLACEMENT_3D('',#2304,#1829,#1830);
#1600=AXIS2_PLACEMENT_3D('',#2305,#1831,#1832);
#1601=AXIS2_PLACEMENT_3D('',#2306,#1833,#1834);
#1602=AXIS2_PLACEMENT_3D('',#2307,#1835,#1836);
#1603=AXIS2_PLACEMENT_3D('',#2311,#1838,#1839);
#1604=AXIS2_PLACEMENT_3D('',#2313,#1841,#1842);
#1605=AXIS2_PLACEMENT_3D('',#2317,#1845,#1846);
#1606=AXIS2_PLACEMENT_3D('',#2320,#1848,#1849);
#1607=AXIS2_PLACEMENT_3D('',#2321,#1850,#1851);
#1608=AXIS2_PLACEMENT_3D('',#2325,#1854,#1855);
#1609=AXIS2_PLACEMENT_3D('',#2328,#1857,#1858);
#1610=AXIS2_PLACEMENT_3D('',#2329,#1859,#1860);
#1611=AXIS2_PLACEMENT_3D('',#2333,#1863,#1864);
#1612=AXIS2_PLACEMENT_3D('',#2336,#1866,#1867);
#1613=AXIS2_PLACEMENT_3D('',#2337,#1868,#1869);
#1614=AXIS2_PLACEMENT_3D('',#2341,#1872,#1873);
#1615=AXIS2_PLACEMENT_3D('',#2342,#1874,#1875);
#1616=AXIS2_PLACEMENT_3D('',#2346,#1877,#1878);
#1617=AXIS2_PLACEMENT_3D('',#2348,#1880,#1881);
#1618=AXIS2_PLACEMENT_3D('',#2352,#1884,#1885);
#1619=AXIS2_PLACEMENT_3D('',#2356,#1887,#1888);
#1620=AXIS2_PLACEMENT_3D('',#2359,#1890,#1891);
#1621=AXIS2_PLACEMENT_3D('',#2362,#1893,#1894);
#1622=AXIS2_PLACEMENT_3D('',#2367,#1896,#1897);
#1623=AXIS2_PLACEMENT_3D('',#2371,#1899,#1900);
#1624=AXIS2_PLACEMENT_3D('',#2375,#1902,#1903);
#1625=AXIS2_PLACEMENT_3D('',#2379,#1905,#1906);
#1626=AXIS2_PLACEMENT_3D('',#2387,#1910,#1911);
#1627=AXIS2_PLACEMENT_3D('',#2391,#1913,#1914);
#1628=AXIS2_PLACEMENT_3D('',#2395,#1916,#1917);
#1629=AXIS2_PLACEMENT_3D('',#2399,#1919,#1920);
#1630=AXIS2_PLACEMENT_3D('',#2407,#1924,#1925);
#1631=AXIS2_PLACEMENT_3D('',#2411,#1927,#1928);
#1632=AXIS2_PLACEMENT_3D('',#2427,#1936,#1937);
#1633=AXIS2_PLACEMENT_3D('',#2431,#1939,#1940);
#1634=AXIS2_PLACEMENT_3D('',#2439,#1945,#1946);
#1635=AXIS2_PLACEMENT_3D('',#2441,#1948,#1949);
#1636=AXIS2_PLACEMENT_3D('',#2443,#1951,#1952);
#1637=AXIS2_PLACEMENT_3D('',#2444,#1953,#1954);
#1638=AXIS2_PLACEMENT_3D('',#2447,#1957,#1958);
#1639=AXIS2_PLACEMENT_3D('',#2448,#1959,#1960);
#1640=AXIS2_PLACEMENT_3D('',#2449,#1961,#1962);
#1641=AXIS2_PLACEMENT_3D('',#2452,#1963,#1964);
#1642=AXIS2_PLACEMENT_3D('',#2454,#1965,#1966);
#1643=AXIS2_PLACEMENT_3D('',#2455,#1967,#1968);
#1644=AXIS2_PLACEMENT_3D('',#2456,#1969,#1970);
#1645=AXIS2_PLACEMENT_3D('',#2459,#1971,#1972);
#1646=AXIS2_PLACEMENT_3D('',#2461,#1973,#1974);
#1647=AXIS2_PLACEMENT_3D('',#2462,#1975,#1976);
#1648=AXIS2_PLACEMENT_3D('',#2463,#1977,#1978);
#1649=AXIS2_PLACEMENT_3D('',#2466,#1979,#1980);
#1650=AXIS2_PLACEMENT_3D('',#2469,#1983,#1984);
#1651=AXIS2_PLACEMENT_3D('',#2472,#1987,#1988);
#1652=AXIS2_PLACEMENT_3D('',#2475,#1991,#1992);
#1653=AXIS2_PLACEMENT_3D('',#2478,#1995,#1996);
#1654=AXIS2_PLACEMENT_3D('',#2481,#1997,#1998);
#1655=AXIS2_PLACEMENT_3D('',#2484,#2001,#2002);
#1656=AXIS2_PLACEMENT_3D('',#2486,#2004,#2005);
#1657=AXIS2_PLACEMENT_3D('',#2488,#2007,#2008);
#1658=AXIS2_PLACEMENT_3D('',#2491,#2009,#2010);
#1659=AXIS2_PLACEMENT_3D('',#2493,#2011,#2012);
#1660=AXIS2_PLACEMENT_3D('',#2494,#2013,#2014);
#1661=AXIS2_PLACEMENT_3D('',#2495,#2015,#2016);
#1662=AXIS2_PLACEMENT_3D('',#2498,#2019,#2020);
#1663=AXIS2_PLACEMENT_3D('',#2501,#2021,#2022);
#1664=AXIS2_PLACEMENT_3D('',#2503,#2023,#2024);
#1665=AXIS2_PLACEMENT_3D('',#2504,#2025,#2026);
#1666=AXIS2_PLACEMENT_3D('',#2505,#2027,#2028);
#1667=AXIS2_PLACEMENT_3D('',#2508,#2031,#2032);
#1668=AXIS2_PLACEMENT_3D('',#2511,#2033,#2034);
#1669=AXIS2_PLACEMENT_3D('',#2514,#2037,#2038);
#1670=AXIS2_PLACEMENT_3D('',#2517,#2041,#2042);
#1671=AXIS2_PLACEMENT_3D('',#2520,#2043,#2044);
#1672=AXIS2_PLACEMENT_3D('',#2525,#2047,#2048);
#1673=AXIS2_PLACEMENT_3D('',#2527,#2050,#2051);
#1674=AXIS2_PLACEMENT_3D('',#2528,#2052,#2053);
#1675=AXIS2_PLACEMENT_3D('',#2530,#2055,#2056);
#1676=AXIS2_PLACEMENT_3D('',#2532,#2058,#2059);
#1677=AXIS2_PLACEMENT_3D('',#2535,#2060,#2061);
#1678=AXIS2_PLACEMENT_3D('',#2537,#2062,#2063);
#1679=AXIS2_PLACEMENT_3D('',#2538,#2064,#2065);
#1680=AXIS2_PLACEMENT_3D('',#2539,#2066,#2067);
#1681=AXIS2_PLACEMENT_3D('',#2542,#2068,#2069);
#1682=AXIS2_PLACEMENT_3D('',#2544,#2070,#2071);
#1683=AXIS2_PLACEMENT_3D('',#2545,#2072,#2073);
#1684=AXIS2_PLACEMENT_3D('',#2546,#2074,#2075);
#1685=AXIS2_PLACEMENT_3D('',#2551,#2078,#2079);
#1686=AXIS2_PLACEMENT_3D('',#2552,#2080,#2081);
#1687=AXIS2_PLACEMENT_3D('',#2555,#2084,#2085);
#1688=AXIS2_PLACEMENT_3D('',#2558,#2088,#2089);
#1689=AXIS2_PLACEMENT_3D('',#2561,#2092,#2093);
#1690=AXIS2_PLACEMENT_3D('',#2564,#2096,#2097);
#1691=AXIS2_PLACEMENT_3D('',#2569,#2100,#2101);
#1692=AXIS2_PLACEMENT_3D('',#2570,#2102,#2103);
#1693=AXIS2_PLACEMENT_3D('',#2573,#2106,#2107);
#1694=AXIS2_PLACEMENT_3D('',#2574,#2108,#2109);
#1695=AXIS2_PLACEMENT_3D('',#2578,#2112,#2113);
#1696=AXIS2_PLACEMENT_3D('',#2594,#2122,#2123);
#1697=AXIS2_PLACEMENT_3D('',#2596,#2125,#2126);
#1698=AXIS2_PLACEMENT_3D('',#2600,#2129,#2130);
#1699=AXIS2_PLACEMENT_3D('',#2601,#2131,#2132);
#1700=AXIS2_PLACEMENT_3D('',#2603,#2133,#2134);
#1701=AXIS2_PLACEMENT_3D('',#2605,#2135,#2136);
#1702=AXIS2_PLACEMENT_3D('',#2606,#2137,#2138);
#1703=AXIS2_PLACEMENT_3D('',#2607,#2139,#2140);
#1704=AXIS2_PLACEMENT_3D('',#2609,#2142,#2143);
#1705=AXIS2_PLACEMENT_3D('',#2612,#2146,#2147);
#1706=AXIS2_PLACEMENT_3D('',#2614,#2148,#2149);
#1707=AXIS2_PLACEMENT_3D('',#2616,#2150,#2151);
#1708=AXIS2_PLACEMENT_3D('',#2617,#2152,#2153);
#1709=AXIS2_PLACEMENT_3D('',#2618,#2154,#2155);
#1710=AXIS2_PLACEMENT_3D('',#2620,#2157,#2158);
#1711=AXIS2_PLACEMENT_3D('',#2623,#2161,#2162);
#1712=AXIS2_PLACEMENT_3D('',#2626,#2164,#2165);
#1713=AXIS2_PLACEMENT_3D('',#2627,#2166,#2167);
#1714=AXIS2_PLACEMENT_3D('',#2630,#2170,#2171);
#1715=AXIS2_PLACEMENT_3D('',#2631,#2172,#2173);
#1716=AXIS2_PLACEMENT_3D('',#2633,#2175,#2176);
#1717=AXIS2_PLACEMENT_3D('',#2635,#2178,#2179);
#1718=AXIS2_PLACEMENT_3D('',#2636,#2180,#2181);
#1719=AXIS2_PLACEMENT_3D('',#2637,#2182,#2183);
#1720=AXIS2_PLACEMENT_3D('',#2646,#2188,#2189);
#1721=AXIS2_PLACEMENT_3D('',#2648,#2191,#2192);
#1722=AXIS2_PLACEMENT_3D('',#2649,#2193,#2194);
#1723=AXIS2_PLACEMENT_3D('',#2650,#2195,#2196);
#1724=AXIS2_PLACEMENT_3D('',#2651,#2197,#2198);
#1725=AXIS2_PLACEMENT_3D('',#2652,#2199,#2200);
#1726=AXIS2_PLACEMENT_3D('',#2657,#2205,#2206);
#1727=AXIS2_PLACEMENT_3D('',#2659,#2208,#2209);
#1728=AXIS2_PLACEMENT_3D('',#2662,#2212,#2213);
#1729=AXIS2_PLACEMENT_3D('',#2663,#2214,#2215);
#1730=AXIS2_PLACEMENT_3D('',#2664,#2216,#2217);
#1731=AXIS2_PLACEMENT_3D('',#2665,#2218,#2219);
#1732=AXIS2_PLACEMENT_3D('',#2666,#2220,#2221);
#1733=DIRECTION('axis',(0.,0.,1.));
#1734=DIRECTION('refdir',(1.,0.,0.));
#1735=DIRECTION('center_axis',(0.,0.,-1.));
#1736=DIRECTION('ref_axis',(-1.,0.,0.));
#1737=DIRECTION('center_axis',(0.,1.,0.));
#1738=DIRECTION('ref_axis',(1.,0.,0.));
#1739=DIRECTION('center_axis',(0.,0.,-1.));
#1740=DIRECTION('ref_axis',(-0.707106781186548,0.707106781186548,0.));
#1741=DIRECTION('center_axis',(-1.,0.,0.));
#1742=DIRECTION('ref_axis',(0.,0.,-1.));
#1743=DIRECTION('center_axis',(0.,0.,1.));
#1744=DIRECTION('ref_axis',(-0.707106781186548,0.707106781186548,0.));
#1745=DIRECTION('center_axis',(-1.,1.0978719650187E-16,0.));
#1746=DIRECTION('ref_axis',(0.,-0.707106781186549,-0.707106781186546));
#1747=DIRECTION('center_axis',(-1.,0.,0.));
#1748=DIRECTION('ref_axis',(0.,0.,-1.));
#1749=DIRECTION('',(-1.,1.0978719650187E-16,0.));
#1750=DIRECTION('',(1.,-1.0978719650187E-16,0.));
#1751=DIRECTION('center_axis',(0.,-1.,0.));
#1752=DIRECTION('ref_axis',(0.707106781186546,0.,-0.707106781186549));
#1753=DIRECTION('center_axis',(0.,1.,0.));
#1754=DIRECTION('ref_axis',(1.,0.,0.));
#1755=DIRECTION('',(0.,1.,0.));
#1756=DIRECTION('',(0.,-1.,0.));
#1757=DIRECTION('center_axis',(2.92867754005198E-13,-1.,0.));
#1758=DIRECTION('ref_axis',(0.70710678118654,2.07252204546261E-13,-0.707106781186555));
#1759=DIRECTION('center_axis',(2.93098878501045E-13,-1.,0.));
#1760=DIRECTION('ref_axis',(0.,0.,-1.));
#1761=DIRECTION('',(2.92867754005198E-13,-1.,0.));
#1762=DIRECTION('center_axis',(-2.9309887850104E-13,1.,0.));
#1763=DIRECTION('ref_axis',(1.,2.9309887850104E-13,0.));
#1764=DIRECTION('',(-2.92867754005198E-13,1.,0.));
#1765=DIRECTION('center_axis',(-0.40824829046396,0.408248290463842,-0.816496580927688));
#1766=DIRECTION('ref_axis',(0.577350269189681,-0.577350269189514,-0.577350269189682));
#1767=DIRECTION('center_axis',(0.,0.,-1.));
#1768=DIRECTION('ref_axis',(0.707106781186645,-0.70710678118645,0.));
#1769=DIRECTION('center_axis',(1.,0.,0.));
#1770=DIRECTION('ref_axis',(0.,0.707106781186546,-0.707106781186549));
#1771=DIRECTION('center_axis',(1.,-8.88178419700128E-15,0.));
#1772=DIRECTION('ref_axis',(0.,0.,-1.));
#1773=DIRECTION('',(1.,0.,0.));
#1774=DIRECTION('center_axis',(-1.,0.,0.));
#1775=DIRECTION('ref_axis',(0.,1.,0.));
#1776=DIRECTION('',(-1.,0.,0.));
#1777=DIRECTION('center_axis',(-0.816496580927772,0.408248290463875,-0.408248290463758));
#1778=DIRECTION('ref_axis',(0.577350269189566,0.57735026918974,-0.577350269189572));
#1779=DIRECTION('center_axis',(0.,0.,-1.));
#1780=DIRECTION('ref_axis',(0.707106781186445,0.70710678118665,0.));
#1781=DIRECTION('center_axis',(0.,1.,0.));
#1782=DIRECTION('ref_axis',(-0.70710678118654,0.,-0.707106781186555));
#1783=DIRECTION('center_axis',(0.,1.,0.));
#1784=DIRECTION('ref_axis',(0.,0.,-1.));
#1785=DIRECTION('',(0.,1.,0.));
#1786=DIRECTION('center_axis',(4.44089209850064E-15,-1.,0.));
#1787=DIRECTION('ref_axis',(-1.,-4.44089209850064E-15,2.22044604925032E-15));
#1788=DIRECTION('',(0.,-1.,0.));
#1789=DIRECTION('center_axis',(-0.816496580927723,-0.408248290463869,0.408248290463864));
#1790=DIRECTION('ref_axis',(-0.577350269189624,0.577350269189631,-0.577350269189622));
#1791=DIRECTION('center_axis',(0.,0.,-1.));
#1792=DIRECTION('ref_axis',(-0.707106781186541,0.707106781186554,0.));
#1793=DIRECTION('center_axis',(-1.,1.0978719650187E-16,0.));
#1794=DIRECTION('ref_axis',(0.,-0.707106781186546,-0.707106781186549));
#1795=DIRECTION('center_axis',(-1.,0.,0.));
#1796=DIRECTION('ref_axis',(0.,0.,-1.));
#1797=DIRECTION('',(-1.,1.0978719650187E-16,0.));
#1798=DIRECTION('center_axis',(1.,0.,0.));
#1799=DIRECTION('ref_axis',(0.,-1.,0.));
#1800=DIRECTION('',(1.,-1.0978719650187E-16,0.));
#1801=DIRECTION('center_axis',(0.,0.,-1.));
#1802=DIRECTION('ref_axis',(-1.,0.,0.));
#1803=DIRECTION('center_axis',(0.,1.,0.));
#1804=DIRECTION('ref_axis',(0.,0.,-1.));
#1805=DIRECTION('center_axis',(0.,0.,1.));
#1806=DIRECTION('ref_axis',(0.707106781186548,0.707106781186548,0.));
#1807=DIRECTION('center_axis',(0.,0.,-1.));
#1808=DIRECTION('ref_axis',(0.707106781186548,0.707106781186548,0.));
#1809=DIRECTION('center_axis',(0.,1.,0.));
#1810=DIRECTION('ref_axis',(-0.707106781186546,0.,-0.707106781186549));
#1811=DIRECTION('center_axis',(0.,1.,0.));
#1812=DIRECTION('ref_axis',(0.,0.,-1.));
#1813=DIRECTION('',(0.,1.,0.));
#1814=DIRECTION('',(0.,-1.,0.));
#1815=DIRECTION('center_axis',(-0.816496580927729,0.408248290463861,0.40824829046386));
#1816=DIRECTION('ref_axis',(-0.577350269189623,-0.577350269189627,-0.577350269189627));
#1817=DIRECTION('center_axis',(0.,0.,-1.));
#1818=DIRECTION('ref_axis',(-0.707106781186543,-0.707106781186552,0.));
#1819=DIRECTION('center_axis',(-1.,0.,0.));
#1820=DIRECTION('ref_axis',(0.,-0.707106781186546,-0.707106781186549));
#1821=DIRECTION('center_axis',(-1.,0.,0.));
#1822=DIRECTION('ref_axis',(0.,0.,-1.));
#1823=DIRECTION('',(-1.,0.,0.));
#1824=DIRECTION('center_axis',(1.,0.,0.));
#1825=DIRECTION('ref_axis',(0.,-1.,0.));
#1826=DIRECTION('',(1.,0.,0.));
#1827=DIRECTION('center_axis',(0.40824829046386,-0.816496580927727,0.408248290463864));
#1828=DIRECTION('ref_axis',(-0.577350269189624,-0.577350269189624,-0.577350269189629));
#1829=DIRECTION('center_axis',(0.,0.,-1.));
#1830=DIRECTION('ref_axis',(-0.707106781186548,-0.707106781186548,0.));
#1831=DIRECTION('center_axis',(-0.40824829046386,-0.816496580927727,0.408248290463864));
#1832=DIRECTION('ref_axis',(0.577350269189624,-0.577350269189624,-0.577350269189629));
#1833=DIRECTION('center_axis',(0.,0.,-1.));
#1834=DIRECTION('ref_axis',(0.707106781186548,-0.707106781186548,0.));
#1835=DIRECTION('center_axis',(0.,0.,-1.));
#1836=DIRECTION('ref_axis',(-0.707106781186544,0.707106781186551,0.));
#1837=DIRECTION('',(0.,0.,1.));
#1838=DIRECTION('center_axis',(0.,0.,-1.));
#1839=DIRECTION('ref_axis',(-0.707106781186544,0.707106781186551,0.));
#1840=DIRECTION('',(0.,0.,-1.));
#1841=DIRECTION('center_axis',(-1.,0.,0.));
#1842=DIRECTION('ref_axis',(0.,1.,0.));
#1843=DIRECTION('',(0.,0.,-1.));
#1844=DIRECTION('',(0.,-1.,0.));
#1845=DIRECTION('center_axis',(0.,0.,1.));
#1846=DIRECTION('ref_axis',(-0.707106781186541,-0.707106781186554,0.));
#1847=DIRECTION('',(0.,0.,1.));
#1848=DIRECTION('center_axis',(0.,0.,-1.));
#1849=DIRECTION('ref_axis',(-0.707106781186541,-0.707106781186554,0.));
#1850=DIRECTION('center_axis',(-1.0978719650187E-16,-1.,0.));
#1851=DIRECTION('ref_axis',(-1.,1.0978719650187E-16,0.));
#1852=DIRECTION('',(0.,0.,-1.));
#1853=DIRECTION('',(1.,-1.0978719650187E-16,0.));
#1854=DIRECTION('center_axis',(0.,0.,1.));
#1855=DIRECTION('ref_axis',(0.707106781186548,0.707106781186548,0.));
#1856=DIRECTION('',(0.,0.,1.));
#1857=DIRECTION('center_axis',(0.,0.,1.));
#1858=DIRECTION('ref_axis',(0.707106781186548,0.707106781186548,0.));
#1859=DIRECTION('center_axis',(-1.,0.,0.));
#1860=DIRECTION('ref_axis',(0.,1.,0.));
#1861=DIRECTION('',(0.,0.,-1.));
#1862=DIRECTION('',(0.,-1.,0.));
#1863=DIRECTION('center_axis',(0.,0.,1.));
#1864=DIRECTION('ref_axis',(-0.707106781186548,-0.707106781186548,0.));
#1865=DIRECTION('',(0.,0.,1.));
#1866=DIRECTION('center_axis',(0.,0.,-1.));
#1867=DIRECTION('ref_axis',(-0.707106781186548,-0.707106781186548,0.));
#1868=DIRECTION('center_axis',(0.,-1.,0.));
#1869=DIRECTION('ref_axis',(-1.,0.,0.));
#1870=DIRECTION('',(0.,0.,-1.));
#1871=DIRECTION('',(1.,0.,0.));
#1872=DIRECTION('center_axis',(0.,0.,-1.));
#1873=DIRECTION('ref_axis',(-1.,0.,0.));
#1874=DIRECTION('center_axis',(0.,0.,1.));
#1875=DIRECTION('ref_axis',(0.707106781186648,-0.707106781186447,0.));
#1876=DIRECTION('',(0.,0.,1.));
#1877=DIRECTION('center_axis',(0.,0.,-1.));
#1878=DIRECTION('ref_axis',(0.707106781186648,-0.707106781186447,0.));
#1879=DIRECTION('',(0.,0.,-1.));
#1880=DIRECTION('center_axis',(-1.0978719650187E-16,-1.,0.));
#1881=DIRECTION('ref_axis',(-1.,1.0978719650187E-16,0.));
#1882=DIRECTION('',(1.,-1.0978719650187E-16,0.));
#1883=DIRECTION('',(0.,0.,1.));
#1884=DIRECTION('center_axis',(0.,0.,1.));
#1885=DIRECTION('ref_axis',(1.,0.,0.));
#1886=DIRECTION('',(-2.92867754005198E-13,1.,0.));
#1887=DIRECTION('center_axis',(0.,0.,-1.));
#1888=DIRECTION('ref_axis',(0.707106781186444,0.707106781186651,0.));
#1889=DIRECTION('',(-1.,0.,0.));
#1890=DIRECTION('center_axis',(0.,0.,-1.));
#1891=DIRECTION('ref_axis',(0.707106781186548,-0.707106781186548,0.));
#1892=DIRECTION('',(0.,1.,0.));
#1893=DIRECTION('center_axis',(0.,0.,1.));
#1894=DIRECTION('ref_axis',(-0.707106781186544,0.707106781186551,0.));
#1895=DIRECTION('',(-1.,-1.48029736616685E-15,0.));
#1896=DIRECTION('center_axis',(0.,0.,1.));
#1897=DIRECTION('ref_axis',(-0.707106781186548,-0.707106781186548,0.));
#1898=DIRECTION('',(5.18104078158406E-15,1.,0.));
#1899=DIRECTION('center_axis',(0.,0.,1.));
#1900=DIRECTION('ref_axis',(-0.707106781186544,0.707106781186551,0.));
#1901=DIRECTION('',(1.,1.48029736616687E-15,0.));
#1902=DIRECTION('center_axis',(0.,0.,1.));
#1903=DIRECTION('ref_axis',(0.707106781186548,0.707106781186548,0.));
#1904=DIRECTION('',(0.,-1.,0.));
#1905=DIRECTION('center_axis',(0.,0.,1.));
#1906=DIRECTION('ref_axis',(0.707106781186546,-0.707106781186549,0.));
#1907=DIRECTION('',(-1.,0.,0.));
#1908=DIRECTION('',(2.0278046111875E-16,-1.,0.));
#1909=DIRECTION('',(1.,7.77156117237629E-15,0.));
#1910=DIRECTION('center_axis',(0.,0.,1.));
#1911=DIRECTION('ref_axis',(0.707106781186538,0.707106781186557,0.));
#1912=DIRECTION('',(5.18104078158406E-15,-1.,0.));
#1913=DIRECTION('center_axis',(0.,0.,1.));
#1914=DIRECTION('ref_axis',(0.707106781186548,-0.707106781186548,0.));
#1915=DIRECTION('',(-1.,4.44089209850066E-15,0.));
#1916=DIRECTION('center_axis',(0.,0.,1.));
#1917=DIRECTION('ref_axis',(-0.707106781186554,-0.707106781186541,0.));
#1918=DIRECTION('',(7.40148683083438E-16,1.,0.));
#1919=DIRECTION('center_axis',(0.,0.,1.));
#1920=DIRECTION('ref_axis',(-0.707106781186546,0.707106781186549,0.));
#1921=DIRECTION('',(1.,-1.11022302462517E-15,0.));
#1922=DIRECTION('',(2.0278046111875E-16,1.,0.));
#1923=DIRECTION('',(2.96059473233375E-16,1.,0.));
#1924=DIRECTION('center_axis',(0.,0.,1.));
#1925=DIRECTION('ref_axis',(-0.707106781186551,0.707106781186544,0.));
#1926=DIRECTION('',(1.,0.,0.));
#1927=DIRECTION('center_axis',(0.,0.,1.));
#1928=DIRECTION('ref_axis',(0.707106781186546,0.707106781186549,0.));
#1929=DIRECTION('',(0.,-1.,0.));
#1930=DIRECTION('',(-1.,2.09472158519676E-16,0.));
#1931=DIRECTION('',(-5.92118946466749E-16,-1.,0.));
#1932=DIRECTION('',(1.,1.98697633042534E-16,0.));
#1933=DIRECTION('',(1.85037170770859E-15,-1.,0.));
#1934=DIRECTION('',(-1.,-2.980464495638E-16,0.));
#1935=DIRECTION('',(-5.92118946466749E-16,-1.,0.));
#1936=DIRECTION('center_axis',(0.,0.,1.));
#1937=DIRECTION('ref_axis',(0.707106781186548,-0.707106781186548,0.));
#1938=DIRECTION('',(-1.,6.28428127146315E-16,0.));
#1939=DIRECTION('center_axis',(0.,0.,1.));
#1940=DIRECTION('ref_axis',(-0.707106781186544,-0.707106781186551,0.));
#1941=DIRECTION('',(2.96059473233375E-16,1.,0.));
#1942=DIRECTION('',(-1.,-2.980464495638E-16,0.));
#1943=DIRECTION('',(-1.85037170770859E-15,1.,0.));
#1944=DIRECTION('',(1.,1.98697633042534E-16,0.));
#1945=DIRECTION('center_axis',(0.,0.,-1.));
#1946=DIRECTION('ref_axis',(-0.707106781186544,0.707106781186551,0.));
#1947=DIRECTION('',(0.,0.,-1.));
#1948=DIRECTION('center_axis',(1.,0.,0.));
#1949=DIRECTION('ref_axis',(0.,-1.,0.));
#1950=DIRECTION('',(0.,0.,1.));
#1951=DIRECTION('center_axis',(0.,0.,1.));
#1952=DIRECTION('ref_axis',(0.707106781186548,-0.707106781186548,0.));
#1953=DIRECTION('center_axis',(0.,0.,1.));
#1954=DIRECTION('ref_axis',(0.707106781186444,0.707106781186651,0.));
#1955=DIRECTION('',(0.,0.,1.));
#1956=DIRECTION('',(0.,0.,-1.));
#1957=DIRECTION('center_axis',(1.,2.92867754005198E-13,0.));
#1958=DIRECTION('ref_axis',(2.92867754005198E-13,-1.,0.));
#1959=DIRECTION('center_axis',(0.,-1.,0.));
#1960=DIRECTION('ref_axis',(-1.,0.,0.));
#1961=DIRECTION('center_axis',(-0.408248290463864,0.408248290463861,-0.816496580927726));
#1962=DIRECTION('ref_axis',(0.577350269189628,-0.577350269189625,-0.577350269189625));
#1963=DIRECTION('center_axis',(-4.4408920985006E-15,1.,0.));
#1964=DIRECTION('ref_axis',(0.,0.,-1.));
#1965=DIRECTION('center_axis',(-1.,0.,0.));
#1966=DIRECTION('ref_axis',(0.,-1.,0.));
#1967=DIRECTION('center_axis',(0.,0.,1.));
#1968=DIRECTION('ref_axis',(1.,0.,0.));
#1969=DIRECTION('center_axis',(-0.816496580927729,0.408248290463861,0.408248290463859));
#1970=DIRECTION('ref_axis',(-0.577350269189622,-0.577350269189629,-0.577350269189627));
#1971=DIRECTION('center_axis',(1.,4.44089209850064E-15,0.));
#1972=DIRECTION('ref_axis',(0.,0.,-1.));
#1973=DIRECTION('center_axis',(0.,1.,-4.44089209850063E-15));
#1974=DIRECTION('ref_axis',(-1.,0.,0.));
#1975=DIRECTION('center_axis',(0.,0.,1.));
#1976=DIRECTION('ref_axis',(0.,-1.,0.));
#1977=DIRECTION('center_axis',(-2.96059473233375E-16,-1.,0.));
#1978=DIRECTION('ref_axis',(-0.707106781186546,0.,-0.707106781186549));
#1979=DIRECTION('center_axis',(-2.980464495638E-16,1.,0.));
#1980=DIRECTION('ref_axis',(-0.707106781186546,0.,-0.707106781186549));
#1981=DIRECTION('',(-2.96059473233375E-16,-1.,0.));
#1982=DIRECTION('',(2.96059473233375E-16,1.,0.));
#1983=DIRECTION('center_axis',(0.,0.,1.));
#1984=DIRECTION('ref_axis',(-0.707106781186544,-0.707106781186551,0.));
#1985=DIRECTION('',(0.,0.,-1.));
#1986=DIRECTION('',(0.,0.,1.));
#1987=DIRECTION('center_axis',(1.,-6.28428127146315E-16,0.));
#1988=DIRECTION('ref_axis',(0.,-0.707106781186546,-0.707106781186549));
#1989=DIRECTION('',(-1.,6.28428127146315E-16,0.));
#1990=DIRECTION('',(1.,-6.28428127146315E-16,0.));
#1991=DIRECTION('center_axis',(0.,0.,1.));
#1992=DIRECTION('ref_axis',(0.707106781186548,-0.707106781186548,0.));
#1993=DIRECTION('',(0.,0.,-1.));
#1994=DIRECTION('',(0.,0.,1.));
#1995=DIRECTION('center_axis',(5.92118946466749E-16,1.,0.));
#1996=DIRECTION('ref_axis',(0.707106781186549,0.,-0.707106781186546));
#1997=DIRECTION('center_axis',(-2.980464495638E-16,1.,0.));
#1998=DIRECTION('ref_axis',(0.707106781186549,0.,-0.707106781186546));
#1999=DIRECTION('',(-5.92118946466749E-16,-1.,0.));
#2000=DIRECTION('',(5.92118946466749E-16,1.,0.));
#2001=DIRECTION('center_axis',(1.,-2.96059473233375E-16,0.));
#2002=DIRECTION('ref_axis',(2.96059473233375E-16,1.,0.));
#2003=DIRECTION('',(0.,0.,1.));
#2004=DIRECTION('center_axis',(0.,0.,1.));
#2005=DIRECTION('ref_axis',(1.,0.,0.));
#2006=DIRECTION('',(-1.,-2.980464495638E-16,0.));
#2007=DIRECTION('center_axis',(0.408248290463862,-0.816496580927727,-0.408248290463862));
#2008=DIRECTION('ref_axis',(0.577350269189626,0.577350269189626,-0.577350269189627));
#2009=DIRECTION('center_axis',(0.,-1.,2.22044604925031E-15));
#2010=DIRECTION('ref_axis',(1.,0.,0.));
#2011=DIRECTION('center_axis',(0.,0.,1.));
#2012=DIRECTION('ref_axis',(0.,1.,0.));
#2013=DIRECTION('center_axis',(-1.,0.,0.));
#2014=DIRECTION('ref_axis',(0.,0.,-1.));
#2015=DIRECTION('center_axis',(0.,0.,-1.));
#2016=DIRECTION('ref_axis',(0.707106781186546,0.707106781186549,0.));
#2017=DIRECTION('',(0.,0.,-1.));
#2018=DIRECTION('',(0.,0.,1.));
#2019=DIRECTION('center_axis',(0.408248290463866,-0.408248290463862,-0.816496580927725));
#2020=DIRECTION('ref_axis',(-0.577350269189626,0.577350269189624,-0.577350269189627));
#2021=DIRECTION('center_axis',(1.,0.,0.));
#2022=DIRECTION('ref_axis',(0.,1.,0.));
#2023=DIRECTION('center_axis',(0.,0.,1.));
#2024=DIRECTION('ref_axis',(-1.,0.,0.));
#2025=DIRECTION('center_axis',(-4.44089209850062E-15,-1.,0.));
#2026=DIRECTION('ref_axis',(0.,0.,-1.));
#2027=DIRECTION('center_axis',(0.,0.,-1.));
#2028=DIRECTION('ref_axis',(-0.707106781186551,0.707106781186544,0.));
#2029=DIRECTION('',(0.,0.,-1.));
#2030=DIRECTION('',(0.,0.,1.));
#2031=DIRECTION('center_axis',(-2.96059473233375E-16,-1.,0.));
#2032=DIRECTION('ref_axis',(-0.707106781186549,0.,-0.707106781186546));
#2033=DIRECTION('center_axis',(1.98697633042534E-16,-1.,0.));
#2034=DIRECTION('ref_axis',(-0.707106781186549,0.,-0.707106781186546));
#2035=DIRECTION('',(2.96059473233375E-16,1.,0.));
#2036=DIRECTION('',(-2.96059473233375E-16,-1.,0.));
#2037=DIRECTION('center_axis',(1.,0.,0.));
#2038=DIRECTION('ref_axis',(0.,0.707106781186549,-0.707106781186546));
#2039=DIRECTION('',(-1.,0.,0.));
#2040=DIRECTION('',(1.,0.,0.));
#2041=DIRECTION('center_axis',(0.,-1.,0.));
#2042=DIRECTION('ref_axis',(0.707106781186546,0.,-0.707106781186549));
#2043=DIRECTION('center_axis',(2.09472158519676E-16,1.,0.));
#2044=DIRECTION('ref_axis',(0.707106781186546,0.,-0.707106781186549));
#2045=DIRECTION('',(0.,1.,0.));
#2046=DIRECTION('',(0.,-1.,0.));
#2047=DIRECTION('center_axis',(1.98697633042534E-16,-1.,0.));
#2048=DIRECTION('ref_axis',(0.707106781186546,0.,-0.707106781186549));
#2049=DIRECTION('',(0.,-1.,0.));
#2050=DIRECTION('center_axis',(0.,1.,0.));
#2051=DIRECTION('ref_axis',(1.,0.,0.));
#2052=DIRECTION('center_axis',(1.,0.,0.));
#2053=DIRECTION('ref_axis',(0.,-1.,0.));
#2054=DIRECTION('',(0.,0.,-1.));
#2055=DIRECTION('center_axis',(-2.09472158519676E-16,-1.,0.));
#2056=DIRECTION('ref_axis',(-1.,2.09472158519676E-16,0.));
#2057=DIRECTION('',(0.,0.,1.));
#2058=DIRECTION('center_axis',(-0.816496580927732,-0.408248290463859,0.408248290463854));
#2059=DIRECTION('ref_axis',(-0.577350269189619,0.577350269189633,-0.577350269189626));
#2060=DIRECTION('center_axis',(-8.88178419700128E-15,-1.,0.));
#2061=DIRECTION('ref_axis',(0.,0.,-1.));
#2062=DIRECTION('center_axis',(1.,0.,8.88178419700125E-15));
#2063=DIRECTION('ref_axis',(0.,1.,0.));
#2064=DIRECTION('center_axis',(0.,0.,1.));
#2065=DIRECTION('ref_axis',(-1.,4.44089209850064E-15,0.));
#2066=DIRECTION('center_axis',(-0.816496580927724,0.408248290463866,-0.408248290463864));
#2067=DIRECTION('ref_axis',(0.577350269189625,0.577350269189629,-0.577350269189624));
#2068=DIRECTION('center_axis',(-1.,0.,0.));
#2069=DIRECTION('ref_axis',(0.,0.,-1.));
#2070=DIRECTION('center_axis',(0.,-1.,0.));
#2071=DIRECTION('ref_axis',(1.,0.,0.));
#2072=DIRECTION('center_axis',(0.,0.,1.));
#2073=DIRECTION('ref_axis',(0.,1.,0.));
#2074=DIRECTION('center_axis',(0.,0.,1.));
#2075=DIRECTION('ref_axis',(0.707106781186546,-0.707106781186549,0.));
#2076=DIRECTION('',(0.,0.,1.));
#2077=DIRECTION('',(0.,0.,-1.));
#2078=DIRECTION('center_axis',(0.,0.707106781186547,-0.707106781186548));
#2079=DIRECTION('ref_axis',(0.,-0.707106781186548,-0.707106781186547));
#2080=DIRECTION('center_axis',(0.,-1.,0.));
#2081=DIRECTION('ref_axis',(0.707106781186546,0.,-0.707106781186549));
#2082=DIRECTION('',(0.,1.,0.));
#2083=DIRECTION('',(0.,-1.,0.));
#2084=DIRECTION('center_axis',(0.,0.,1.));
#2085=DIRECTION('ref_axis',(0.707106781186548,0.707106781186548,0.));
#2086=DIRECTION('',(0.,0.,-1.));
#2087=DIRECTION('',(0.,0.,1.));
#2088=DIRECTION('center_axis',(-1.,-5.85097773188488E-17,0.));
#2089=DIRECTION('ref_axis',(0.,0.707106781186549,-0.707106781186546));
#2090=DIRECTION('',(1.,5.85097773188488E-17,0.));
#2091=DIRECTION('',(-1.,-5.85097773188488E-17,0.));
#2092=DIRECTION('center_axis',(0.,0.,1.));
#2093=DIRECTION('ref_axis',(-0.707106781186544,0.707106781186551,0.));
#2094=DIRECTION('',(0.,0.,-1.));
#2095=DIRECTION('',(0.,0.,1.));
#2096=DIRECTION('center_axis',(-5.18104078158406E-15,-1.,0.));
#2097=DIRECTION('ref_axis',(-0.707106781186546,3.5327080320385E-15,-0.707106781186549));
#2098=DIRECTION('',(5.18104078158406E-15,1.,0.));
#2099=DIRECTION('',(-5.18104078158406E-15,-1.,0.));
#2100=DIRECTION('center_axis',(-3.14018491736756E-15,-0.707106781186548,
0.707106781186547));
#2101=DIRECTION('ref_axis',(4.18691322315672E-15,0.707106781186547,0.707106781186548));
#2102=DIRECTION('center_axis',(0.,0.,1.));
#2103=DIRECTION('ref_axis',(-0.707106781186548,-0.707106781186548,0.));
#2104=DIRECTION('',(0.,0.,1.));
#2105=DIRECTION('',(0.,0.,-1.));
#2106=DIRECTION('center_axis',(1.,0.,0.));
#2107=DIRECTION('ref_axis',(0.,1.,0.));
#2108=DIRECTION('center_axis',(0.,-1.,0.));
#2109=DIRECTION('ref_axis',(1.,0.,0.));
#2110=DIRECTION('',(-1.,0.,0.));
#2111=DIRECTION('',(0.,0.,-1.));
#2112=DIRECTION('center_axis',(0.,0.,1.));
#2113=DIRECTION('ref_axis',(1.,0.,0.));
#2114=DIRECTION('',(1.,1.48029736616685E-15,0.));
#2115=DIRECTION('',(-2.0278046111875E-16,-1.,0.));
#2116=DIRECTION('',(1.,-1.11022302462517E-15,0.));
#2117=DIRECTION('',(7.40148683083438E-16,1.,0.));
#2118=DIRECTION('',(-1.,0.,0.));
#2119=DIRECTION('',(5.18104078158406E-15,-1.,0.));
#2120=DIRECTION('',(-1.,-7.77156117237629E-15,0.));
#2121=DIRECTION('',(-2.0278046111875E-16,1.,0.));
#2122=DIRECTION('center_axis',(1.48029736616685E-15,-1.,0.));
#2123=DIRECTION('ref_axis',(1.,1.48029736616685E-15,0.));
#2124=DIRECTION('',(0.,0.,1.));
#2125=DIRECTION('center_axis',(0.,0.,1.));
#2126=DIRECTION('ref_axis',(-0.707106781186546,0.707106781186549,0.));
#2127=DIRECTION('',(0.,0.,1.));
#2128=DIRECTION('',(0.,0.,-1.));
#2129=DIRECTION('center_axis',(0.,-0.707106781186547,-0.707106781186548));
#2130=DIRECTION('ref_axis',(0.,0.707106781186548,-0.707106781186547));
#2131=DIRECTION('center_axis',(-0.816496580927731,0.408248290463859,0.408248290463857));
#2132=DIRECTION('ref_axis',(-0.577350269189624,-0.577350269189627,-0.577350269189627));
#2133=DIRECTION('center_axis',(1.,0.,0.));
#2134=DIRECTION('ref_axis',(0.,0.,-1.));
#2135=DIRECTION('center_axis',(0.,1.,0.));
#2136=DIRECTION('ref_axis',(-1.,0.,0.));
#2137=DIRECTION('center_axis',(0.,0.,1.));
#2138=DIRECTION('ref_axis',(0.,-1.,0.));
#2139=DIRECTION('center_axis',(7.40148683083438E-16,1.,0.));
#2140=DIRECTION('ref_axis',(-0.707106781186546,0.,-0.707106781186549));
#2141=DIRECTION('',(-7.40148683083438E-16,-1.,0.));
#2142=DIRECTION('center_axis',(0.,0.,1.));
#2143=DIRECTION('ref_axis',(-0.707106781186554,-0.707106781186541,0.));
#2144=DIRECTION('',(0.,0.,-1.));
#2145=DIRECTION('',(0.,0.,1.));
#2146=DIRECTION('center_axis',(-0.40824829046386,0.40824829046386,-0.816496580927729));
#2147=DIRECTION('ref_axis',(0.577350269189625,-0.577350269189625,-0.577350269189628));
#2148=DIRECTION('center_axis',(-4.4408920985006E-15,1.,0.));
#2149=DIRECTION('ref_axis',(0.,0.,-1.));
#2150=DIRECTION('center_axis',(-1.,0.,0.));
#2151=DIRECTION('ref_axis',(0.,-1.,0.));
#2152=DIRECTION('center_axis',(0.,0.,1.));
#2153=DIRECTION('ref_axis',(1.,4.44089209850064E-15,0.));
#2154=DIRECTION('center_axis',(1.,0.,0.));
#2155=DIRECTION('ref_axis',(0.,-0.707106781186546,-0.707106781186549));
#2156=DIRECTION('',(1.,0.,0.));
#2157=DIRECTION('center_axis',(0.,0.,1.));
#2158=DIRECTION('ref_axis',(0.707106781186548,-0.707106781186548,0.));
#2159=DIRECTION('',(0.,0.,-1.));
#2160=DIRECTION('',(0.,0.,1.));
#2161=DIRECTION('center_axis',(-5.18104078158406E-15,1.,0.));
#2162=DIRECTION('ref_axis',(0.707106781186553,3.14018491736753E-15,-0.707106781186543));
#2163=DIRECTION('',(-5.18104078158406E-15,1.,0.));
#2164=DIRECTION('center_axis',(-3.14018491736753E-15,0.707106781186547,
0.707106781186548));
#2165=DIRECTION('ref_axis',(4.18691322315674E-15,-0.707106781186548,0.707106781186547));
#2166=DIRECTION('center_axis',(0.,0.,1.));
#2167=DIRECTION('ref_axis',(0.707106781186538,0.707106781186557,0.));
#2168=DIRECTION('',(0.,0.,1.));
#2169=DIRECTION('',(0.,0.,-1.));
#2170=DIRECTION('center_axis',(-1.,7.40148683083438E-16,0.));
#2171=DIRECTION('ref_axis',(-7.40148683083438E-16,-1.,0.));
#2172=DIRECTION('center_axis',(1.11022302462517E-15,1.,0.));
#2173=DIRECTION('ref_axis',(-1.,1.11022302462517E-15,0.));
#2174=DIRECTION('',(0.,0.,-1.));
#2175=DIRECTION('center_axis',(-7.77156117237629E-15,1.,0.));
#2176=DIRECTION('ref_axis',(-1.,-7.77156117237629E-15,0.));
#2177=DIRECTION('',(0.,0.,1.));
#2178=DIRECTION('center_axis',(-1.,5.18104078158406E-15,0.));
#2179=DIRECTION('ref_axis',(-5.18104078158406E-15,-1.,0.));
#2180=DIRECTION('center_axis',(1.,5.18104078158406E-15,0.));
#2181=DIRECTION('ref_axis',(-5.18104078158406E-15,1.,0.));
#2182=DIRECTION('center_axis',(0.,0.,-1.));
#2183=DIRECTION('ref_axis',(-1.,0.,0.));
#2184=DIRECTION('',(1.85037170770859E-15,-1.,0.));
#2185=DIRECTION('',(1.,1.98697633042534E-16,0.));
#2186=DIRECTION('',(-1.85037170770859E-15,1.,0.));
#2187=DIRECTION('',(-1.,-2.980464495638E-16,0.));
#2188=DIRECTION('center_axis',(0.,0.,1.));
#2189=DIRECTION('ref_axis',(1.,0.,0.));
#2190=DIRECTION('',(1.,1.98697633042534E-16,0.));
#2191=DIRECTION('center_axis',(5.85097773188488E-17,-1.,0.));
#2192=DIRECTION('ref_axis',(1.,5.85097773188488E-17,0.));
#2193=DIRECTION('center_axis',(1.,-2.0278046111875E-16,0.));
#2194=DIRECTION('ref_axis',(2.0278046111875E-16,1.,0.));
#2195=DIRECTION('center_axis',(0.,1.,0.));
#2196=DIRECTION('ref_axis',(-1.,0.,0.));
#2197=DIRECTION('center_axis',(-1.,-2.0278046111875E-16,0.));
#2198=DIRECTION('ref_axis',(2.0278046111875E-16,-1.,0.));
#2199=DIRECTION('center_axis',(1.98697633042534E-16,-1.,0.));
#2200=DIRECTION('ref_axis',(1.,1.98697633042534E-16,0.));
#2201=DIRECTION('',(0.,0.,1.));
#2202=DIRECTION('',(0.,0.,-1.));
#2203=DIRECTION('',(0.,0.,-1.));
#2204=DIRECTION('',(0.,0.,1.));
#2205=DIRECTION('center_axis',(1.,1.85037170770859E-15,0.));
#2206=DIRECTION('ref_axis',(-1.85037170770859E-15,1.,0.));
#2207=DIRECTION('',(0.,0.,-1.));
#2208=DIRECTION('center_axis',(-2.980464495638E-16,1.,0.));
#2209=DIRECTION('ref_axis',(-1.,-2.980464495638E-16,0.));
#2210=DIRECTION('',(0.,0.,1.));
#2211=DIRECTION('',(0.,0.,-1.));
#2212=DIRECTION('center_axis',(6.28428127146315E-16,1.,0.));
#2213=DIRECTION('ref_axis',(-1.,6.28428127146315E-16,0.));
#2214=DIRECTION('center_axis',(-1.,5.92118946466749E-16,0.));
#2215=DIRECTION('ref_axis',(-5.92118946466749E-16,-1.,0.));
#2216=DIRECTION('center_axis',(-1.,-1.85037170770859E-15,0.));
#2217=DIRECTION('ref_axis',(1.85037170770859E-15,-1.,0.));
#2218=DIRECTION('center_axis',(-1.,5.92118946466749E-16,0.));
#2219=DIRECTION('ref_axis',(-5.92118946466749E-16,-1.,0.));
#2220=DIRECTION('center_axis',(1.,-2.96059473233375E-16,0.));
#2221=DIRECTION('ref_axis',(2.96059473233375E-16,1.,0.));
#2222=CARTESIAN_POINT('',(0.,0.,0.));
#2223=CARTESIAN_POINT('Origin',(25.1900000000001,-13.950000000001,-1.5));
#2224=CARTESIAN_POINT('',(24.6900000000001,-13.950000000001,-1.5));
#2225=CARTESIAN_POINT('',(24.1900000000001,-13.950000000001,-2.));
#2226=CARTESIAN_POINT('Origin',(24.1900000000001,-13.950000000001,-1.5));
#2227=CARTESIAN_POINT('',(25.1900000000001,-12.950000000001,-2.));
#2228=CARTESIAN_POINT('Origin',(25.1900000000001,-13.950000000001,-2.));
#2229=CARTESIAN_POINT('',(25.1900000000001,-13.450000000001,-1.5));
#2230=CARTESIAN_POINT('Origin',(25.1900000000001,-12.950000000001,-1.5));
#2231=CARTESIAN_POINT('Origin',(25.1900000000001,-13.950000000001,-1.5));
#2232=CARTESIAN_POINT('Origin',(20.2249999999999,-12.950000000001,-1.5));
#2233=CARTESIAN_POINT('',(39.9499999999998,-12.950000000001,-2.));
#2234=CARTESIAN_POINT('',(39.9499999999998,-13.450000000001,-1.5));
#2235=CARTESIAN_POINT('Origin',(39.9499999999998,-12.950000000001,-1.5));
#2236=CARTESIAN_POINT('',(20.2249999999999,-13.450000000001,-1.5));
#2237=CARTESIAN_POINT('',(20.2249999999999,-12.950000000001,-2.));
#2238=CARTESIAN_POINT('Origin',(24.1900000000001,-10.9750000000007,-1.5));
#2239=CARTESIAN_POINT('',(24.6900000000001,-29.950000000001,-1.5));
#2240=CARTESIAN_POINT('',(24.1900000000001,-29.950000000001,-2.));
#2241=CARTESIAN_POINT('Origin',(24.1900000000001,-29.950000000001,-1.5));
#2242=CARTESIAN_POINT('',(24.1900000000001,-10.9750000000007,-2.));
#2243=CARTESIAN_POINT('',(24.6900000000001,-10.9750000000007,-1.5));
#2244=CARTESIAN_POINT('Origin',(39.9499999999952,2.47500000000554,-1.5));
#2245=CARTESIAN_POINT('',(39.9499999999925,11.95,-2.));
#2246=CARTESIAN_POINT('',(40.4499999999925,11.9500000000002,-1.5));
#2247=CARTESIAN_POINT('Origin',(39.9499999999925,11.95,-1.5));
#2248=CARTESIAN_POINT('',(40.4499999999998,-12.9500000000009,-1.5));
#2249=CARTESIAN_POINT('',(40.4499999999952,2.47500000000569,-1.5));
#2250=CARTESIAN_POINT('Origin',(39.9499999999998,-12.950000000001,-1.5));
#2251=CARTESIAN_POINT('',(39.9499999999952,2.47500000000554,-2.));
#2252=CARTESIAN_POINT('Origin',(39.9499999999998,-12.950000000001,-1.5));
#2253=CARTESIAN_POINT('Origin',(39.9499999999998,-12.950000000001,-1.5));
#2254=CARTESIAN_POINT('Origin',(20.2249999999961,11.95,-1.5));
#2255=CARTESIAN_POINT('',(-39.9500000000001,11.95,-2.));
#2256=CARTESIAN_POINT('',(-39.9500000000001,12.45,-1.5));
#2257=CARTESIAN_POINT('Origin',(-39.9500000000001,11.95,-1.5));
#2258=CARTESIAN_POINT('',(39.9499999999925,12.45,-1.5));
#2259=CARTESIAN_POINT('',(20.2249999999961,12.45,-1.5));
#2260=CARTESIAN_POINT('Origin',(39.9499999999925,11.95,-1.5));
#2261=CARTESIAN_POINT('',(20.2249999999961,11.95,-2.));
#2262=CARTESIAN_POINT('Origin',(39.9499999999925,11.95,-1.5));
#2263=CARTESIAN_POINT('Origin',(39.9499999999925,11.95,-1.5));
#2264=CARTESIAN_POINT('Origin',(-39.9500000000001,-10.9750000000007,-1.5));
#2265=CARTESIAN_POINT('',(-39.9500000000001,-12.950000000001,-2.));
#2266=CARTESIAN_POINT('',(-40.4500000000001,-12.950000000001,-1.5));
#2267=CARTESIAN_POINT('Origin',(-39.9500000000001,-12.950000000001,-1.5));
#2268=CARTESIAN_POINT('',(-40.4500000000001,11.95,-1.5));
#2269=CARTESIAN_POINT('',(-40.4500000000001,-10.9750000000007,-1.5));
#2270=CARTESIAN_POINT('Origin',(-39.9500000000001,11.95,-1.5));
#2271=CARTESIAN_POINT('',(-39.9500000000001,-10.9750000000007,-2.));
#2272=CARTESIAN_POINT('Origin',(-39.9500000000001,11.95,-1.5));
#2273=CARTESIAN_POINT('Origin',(-39.9500000000001,11.95,-1.5));
#2274=CARTESIAN_POINT('Origin',(-12.3550000000005,-12.950000000001,-1.5));
#2275=CARTESIAN_POINT('',(-25.2100000000009,-12.950000000001,-2.));
#2276=CARTESIAN_POINT('',(-25.2100000000009,-13.450000000001,-1.5));
#2277=CARTESIAN_POINT('Origin',(-25.2100000000009,-12.950000000001,-1.5));
#2278=CARTESIAN_POINT('',(-39.9500000000001,-13.450000000001,-1.5));
#2279=CARTESIAN_POINT('',(-12.3550000000005,-13.450000000001,-1.5));
#2280=CARTESIAN_POINT('Origin',(-39.9500000000001,-12.950000000001,-1.5));
#2281=CARTESIAN_POINT('',(-12.3550000000005,-12.950000000001,-2.));
#2282=CARTESIAN_POINT('Origin',(-25.2100000000009,-13.950000000001,-1.5));
#2283=CARTESIAN_POINT('',(-24.2100000000009,-13.950000000001,-2.));
#2284=CARTESIAN_POINT('',(-24.7100000000009,-13.950000000001,-1.5));
#2285=CARTESIAN_POINT('Origin',(-24.2100000000009,-13.950000000001,-1.5));
#2286=CARTESIAN_POINT('Origin',(-25.2100000000009,-13.950000000001,-1.5));
#2287=CARTESIAN_POINT('Origin',(-25.2100000000009,-13.950000000001,-2.));
#2288=CARTESIAN_POINT('Origin',(-24.2100000000009,-19.4750000000007,-1.5));
#2289=CARTESIAN_POINT('',(-24.2100000000009,-29.950000000001,-2.));
#2290=CARTESIAN_POINT('',(-24.7100000000009,-29.950000000001,-1.5));
#2291=CARTESIAN_POINT('Origin',(-24.2100000000009,-29.950000000001,-1.5));
#2292=CARTESIAN_POINT('',(-24.7100000000009,-19.4750000000007,-1.5));
#2293=CARTESIAN_POINT('',(-24.2100000000009,-19.4750000000007,-2.));
#2294=CARTESIAN_POINT('Origin',(-39.9500000000001,-12.950000000001,-1.5));
#2295=CARTESIAN_POINT('Origin',(-39.9500000000001,-12.950000000001,-1.5));
#2296=CARTESIAN_POINT('Origin',(12.345,-29.950000000001,-1.5));
#2297=CARTESIAN_POINT('',(24.1900000000001,-30.450000000001,-1.5));
#2298=CARTESIAN_POINT('Origin',(24.1900000000001,-29.950000000001,-1.5));
#2299=CARTESIAN_POINT('',(-24.2100000000009,-30.450000000001,-1.5));
#2300=CARTESIAN_POINT('',(12.345,-30.450000000001,-1.5));
#2301=CARTESIAN_POINT('Origin',(-24.2100000000009,-29.950000000001,-1.5));
#2302=CARTESIAN_POINT('',(12.345,-29.950000000001,-2.));
#2303=CARTESIAN_POINT('Origin',(-24.2100000000009,-29.950000000001,-1.5));
#2304=CARTESIAN_POINT('Origin',(-24.2100000000009,-29.950000000001,-1.5));
#2305=CARTESIAN_POINT('Origin',(24.1900000000001,-29.950000000001,-1.5));
#2306=CARTESIAN_POINT('Origin',(24.1900000000001,-29.950000000001,-1.5));
#2307=CARTESIAN_POINT('Origin',(-39.9500000000001,11.95,8.5));
#2308=CARTESIAN_POINT('',(-40.4500000000001,11.95,17.));
#2309=CARTESIAN_POINT('',(-40.4500000000001,11.95,8.5));
#2310=CARTESIAN_POINT('',(-39.9500000000001,12.45,17.));
#2311=CARTESIAN_POINT('Origin',(-39.9500000000001,11.95,17.));
#2312=CARTESIAN_POINT('',(-39.9500000000001,12.45,8.5));
#2313=CARTESIAN_POINT('Origin',(-40.4500000000001,-13.450000000001,0.));
#2314=CARTESIAN_POINT('',(-40.4500000000001,-12.950000000001,17.));
#2315=CARTESIAN_POINT('',(-40.4500000000001,-12.950000000001,0.));
#2316=CARTESIAN_POINT('',(-40.4500000000001,13.45,17.));
#2317=CARTESIAN_POINT('Origin',(-39.9500000000001,-12.950000000001,0.));
#2318=CARTESIAN_POINT('',(-39.9500000000001,-13.450000000001,17.));
#2319=CARTESIAN_POINT('',(-39.9500000000001,-13.450000000001,0.));
#2320=CARTESIAN_POINT('Origin',(-39.9500000000001,-12.950000000001,17.));
#2321=CARTESIAN_POINT('Origin',(-24.7100000000009,-13.450000000001,0.));
#2322=CARTESIAN_POINT('',(-25.2100000000009,-13.450000000001,17.));
#2323=CARTESIAN_POINT('',(-25.2100000000009,-13.450000000001,0.));
#2324=CARTESIAN_POINT('',(-40.4500000000001,-13.450000000001,17.));
#2325=CARTESIAN_POINT('Origin',(-25.2100000000009,-13.950000000001,0.));
#2326=CARTESIAN_POINT('',(-24.7100000000009,-13.950000000001,17.));
#2327=CARTESIAN_POINT('',(-24.7100000000009,-13.950000000001,0.));
#2328=CARTESIAN_POINT('Origin',(-25.2100000000009,-13.950000000001,17.));
#2329=CARTESIAN_POINT('Origin',(-24.7100000000009,-30.450000000001,0.));
#2330=CARTESIAN_POINT('',(-24.7100000000009,-29.950000000001,17.));
#2331=CARTESIAN_POINT('',(-24.7100000000009,-29.950000000001,0.));
#2332=CARTESIAN_POINT('',(-24.7100000000009,-13.450000000001,17.));
#2333=CARTESIAN_POINT('Origin',(-24.2100000000009,-29.950000000001,0.));
#2334=CARTESIAN_POINT('',(-24.2100000000009,-30.450000000001,17.));
#2335=CARTESIAN_POINT('',(-24.2100000000009,-30.450000000001,0.));
#2336=CARTESIAN_POINT('Origin',(-24.2100000000009,-29.950000000001,17.));
#2337=CARTESIAN_POINT('Origin',(24.6900000000001,-30.450000000001,0.));
#2338=CARTESIAN_POINT('',(24.1900000000001,-30.450000000001,17.));
#2339=CARTESIAN_POINT('',(24.1900000000001,-30.450000000001,0.));
#2340=CARTESIAN_POINT('',(-24.7100000000009,-30.450000000001,17.));
#2341=CARTESIAN_POINT('Origin',(-1.06581410364015E-13,-8.50000000000048,
-2.));
#2342=CARTESIAN_POINT('Origin',(39.9499999999998,-12.950000000001,0.));
#2343=CARTESIAN_POINT('',(40.4499999999998,-12.9500000000009,17.));
#2344=CARTESIAN_POINT('',(40.4499999999998,-12.9500000000009,0.));
#2345=CARTESIAN_POINT('',(39.9499999999998,-13.450000000001,17.));
#2346=CARTESIAN_POINT('Origin',(39.9499999999998,-12.950000000001,17.));
#2347=CARTESIAN_POINT('',(39.9499999999998,-13.450000000001,0.));
#2348=CARTESIAN_POINT('Origin',(40.4499999999999,-13.450000000001,0.));
#2349=CARTESIAN_POINT('',(25.1900000000001,-13.450000000001,17.));
#2350=CARTESIAN_POINT('',(-40.4500000000001,-13.450000000001,17.));
#2351=CARTESIAN_POINT('',(25.1900000000001,-13.450000000001,0.));
#2352=CARTESIAN_POINT('Origin',(-1.06581410364015E-13,-8.50000000000048,
17.));
#2353=CARTESIAN_POINT('',(40.4499999999925,11.9500000000002,17.));
#2354=CARTESIAN_POINT('',(40.4499999999999,-13.450000000001,17.));
#2355=CARTESIAN_POINT('',(39.9499999999925,12.45,17.));
#2356=CARTESIAN_POINT('Origin',(39.9499999999925,11.95,17.));
#2357=CARTESIAN_POINT('',(20.2249999999961,12.45,17.));
#2358=CARTESIAN_POINT('',(24.6900000000001,-29.950000000001,17.));
#2359=CARTESIAN_POINT('Origin',(24.1900000000001,-29.950000000001,17.));
#2360=CARTESIAN_POINT('',(24.6900000000001,-13.950000000001,17.));
#2361=CARTESIAN_POINT('',(24.6900000000001,-13.450000000001,17.));
#2362=CARTESIAN_POINT('Origin',(25.1900000000001,-13.950000000001,17.));
#2363=CARTESIAN_POINT('',(-37.95,4.95,17.));
#2364=CARTESIAN_POINT('',(-38.95,4.95,17.));
#2365=CARTESIAN_POINT('',(-19.7250000000001,4.95000000000003,17.));
#2366=CARTESIAN_POINT('',(-39.45,5.45,17.));
#2367=CARTESIAN_POINT('Origin',(-38.95,5.45,17.));
#2368=CARTESIAN_POINT('',(-39.45,10.45,17.));
#2369=CARTESIAN_POINT('',(-39.45,1.22499999999986,17.));
#2370=CARTESIAN_POINT('',(-38.95,10.95,17.));
#2371=CARTESIAN_POINT('Origin',(-38.95,10.45,17.));
#2372=CARTESIAN_POINT('',(38.95,10.9500000000001,17.));
#2373=CARTESIAN_POINT('',(-18.9750000000001,10.95,17.));
#2374=CARTESIAN_POINT('',(39.45,10.45,17.));
#2375=CARTESIAN_POINT('Origin',(38.95,10.45,17.));
#2376=CARTESIAN_POINT('',(39.45,5.45000000000001,17.));
#2377=CARTESIAN_POINT('',(39.45,-1.77500000000024,17.));
#2378=CARTESIAN_POINT('',(38.95,4.95000000000001,17.));
#2379=CARTESIAN_POINT('Origin',(38.95,5.45000000000001,17.));
#2380=CARTESIAN_POINT('',(37.95,4.95000000000001,17.));
#2381=CARTESIAN_POINT('',(18.975,4.95000000000001,17.));
#2382=CARTESIAN_POINT('',(37.95,-4.95000000000001,17.));
#2383=CARTESIAN_POINT('',(37.95,-10.95,17.));
#2384=CARTESIAN_POINT('',(38.95,-4.95,17.));
#2385=CARTESIAN_POINT('',(19.7249999999999,-4.95000000000015,17.));
#2386=CARTESIAN_POINT('',(39.45,-5.45,17.));
#2387=CARTESIAN_POINT('Origin',(38.95,-5.45,17.));
#2388=CARTESIAN_POINT('',(39.45,-10.45,17.));
#2389=CARTESIAN_POINT('',(39.45,-9.72500000000014,17.));
#2390=CARTESIAN_POINT('',(38.95,-10.95,17.));
#2391=CARTESIAN_POINT('Origin',(38.95,-10.45,17.));
#2392=CARTESIAN_POINT('',(-38.95,-10.9499999999997,17.));
#2393=CARTESIAN_POINT('',(18.975,-10.9499999999999,17.));
#2394=CARTESIAN_POINT('',(-39.45,-10.45,17.));
#2395=CARTESIAN_POINT('Origin',(-38.95,-10.45,17.));
#2396=CARTESIAN_POINT('',(-39.45,-5.44999999999999,17.));
#2397=CARTESIAN_POINT('',(-39.45,-6.72500000000023,17.));
#2398=CARTESIAN_POINT('',(-38.95,-4.94999999999999,17.));
#2399=CARTESIAN_POINT('Origin',(-38.95,-5.44999999999999,17.));
#2400=CARTESIAN_POINT('',(-37.95,-4.95,17.));
#2401=CARTESIAN_POINT('',(-18.9750000000001,-4.95000000000002,17.));
#2402=CARTESIAN_POINT('',(-37.95,10.95,17.));
#2403=CARTESIAN_POINT('',(-21.2100000000009,-15.650000000001,17.));
#2404=CARTESIAN_POINT('',(-21.2100000000009,-12.950000000001,17.));
#2405=CARTESIAN_POINT('',(-21.2100000000009,-13.45,17.));
#2406=CARTESIAN_POINT('',(-20.2100000000009,-11.950000000001,17.));
#2407=CARTESIAN_POINT('Origin',(-20.2100000000009,-12.950000000001,17.));
#2408=CARTESIAN_POINT('',(20.1907861463212,-11.950000000001,17.));
#2409=CARTESIAN_POINT('',(-10.6050000000006,-11.950000000001,17.));
#2410=CARTESIAN_POINT('',(21.1907861463212,-12.950000000001,17.));
#2411=CARTESIAN_POINT('Origin',(20.1907861463212,-12.950000000001,17.));
#2412=CARTESIAN_POINT('',(21.1907861463212,-13.450000000001,17.));
#2413=CARTESIAN_POINT('',(21.1907861463212,-10.2250000000007,17.));
#2414=CARTESIAN_POINT('',(21.1899999999991,-13.450000000001,17.));
#2415=CARTESIAN_POINT('',(10.5953930731606,-13.450000000001,17.));
#2416=CARTESIAN_POINT('',(21.1899999999991,-15.650000000001,17.));
#2417=CARTESIAN_POINT('',(21.1899999999991,-28.45,17.));
#2418=CARTESIAN_POINT('',(22.3399999999989,-15.650000000001,17.));
#2419=CARTESIAN_POINT('',(22.3399999999989,-15.650000000001,17.));
#2420=CARTESIAN_POINT('',(22.3399999999989,-18.050000000001,17.));
#2421=CARTESIAN_POINT('',(22.3399999999989,-18.050000000001,17.));
#2422=CARTESIAN_POINT('',(21.1899999999991,-18.050000000001,17.));
#2423=CARTESIAN_POINT('',(-22.3600000000011,-18.050000000001,17.));
#2424=CARTESIAN_POINT('',(21.1899999999991,-27.45,17.));
#2425=CARTESIAN_POINT('',(21.1899999999991,-28.45,17.));
#2426=CARTESIAN_POINT('',(20.1899999999991,-28.45,17.));
#2427=CARTESIAN_POINT('Origin',(20.1899999999991,-27.45,17.));
#2428=CARTESIAN_POINT('',(-20.2100000000009,-28.45,17.));
#2429=CARTESIAN_POINT('',(-21.2100000000009,-28.45,17.));
#2430=CARTESIAN_POINT('',(-21.2100000000009,-27.45,17.));
#2431=CARTESIAN_POINT('Origin',(-20.2100000000009,-27.45,17.));
#2432=CARTESIAN_POINT('',(-21.2100000000009,-18.050000000001,17.));
#2433=CARTESIAN_POINT('',(-21.2100000000009,-13.45,17.));
#2434=CARTESIAN_POINT('',(-22.3600000000011,-18.050000000001,17.));
#2435=CARTESIAN_POINT('',(-22.3600000000011,-18.050000000001,17.));
#2436=CARTESIAN_POINT('',(-22.3600000000011,-15.650000000001,17.));
#2437=CARTESIAN_POINT('',(-22.3600000000011,-15.650000000001,17.));
#2438=CARTESIAN_POINT('',(22.3399999999989,-15.650000000001,17.));
#2439=CARTESIAN_POINT('Origin',(25.1900000000001,-13.950000000001,0.));
#2440=CARTESIAN_POINT('',(24.6900000000001,-13.950000000001,0.));
#2441=CARTESIAN_POINT('Origin',(24.6900000000001,-13.450000000001,0.));
#2442=CARTESIAN_POINT('',(24.6900000000001,-29.950000000001,0.));
#2443=CARTESIAN_POINT('Origin',(24.1900000000001,-29.950000000001,0.));
#2444=CARTESIAN_POINT('Origin',(39.9499999999925,11.95,8.5));
#2445=CARTESIAN_POINT('',(39.9499999999925,12.45,8.5));
#2446=CARTESIAN_POINT('',(40.4499999999925,11.9500000000002,8.5));
#2447=CARTESIAN_POINT('Origin',(40.449999999992,13.45,0.));
#2448=CARTESIAN_POINT('Origin',(40.4499999999923,12.45,17.));
#2449=CARTESIAN_POINT('Origin',(20.1899999999991,-27.45,1.));
#2450=CARTESIAN_POINT('',(20.1899999999991,-27.45,0.));
#2451=CARTESIAN_POINT('',(21.1899999999991,-27.45,1.));
#2452=CARTESIAN_POINT('Origin',(20.1899999999991,-27.45,1.));
#2453=CARTESIAN_POINT('',(20.1899999999991,-28.45,1.));
#2454=CARTESIAN_POINT('Origin',(20.1899999999991,-27.45,1.));
#2455=CARTESIAN_POINT('Origin',(20.1899999999991,-27.45,1.));
#2456=CARTESIAN_POINT('Origin',(-20.2100000000009,-27.45,1.));
#2457=CARTESIAN_POINT('',(-20.2100000000009,-27.45,0.));
#2458=CARTESIAN_POINT('',(-20.2100000000009,-28.45,1.));
#2459=CARTESIAN_POINT('Origin',(-20.2100000000009,-27.45,1.));
#2460=CARTESIAN_POINT('',(-21.2100000000009,-27.45,1.));
#2461=CARTESIAN_POINT('Origin',(-20.2100000000009,-27.45,1.));
#2462=CARTESIAN_POINT('Origin',(-20.2100000000009,-27.45,1.));
#2463=CARTESIAN_POINT('Origin',(-20.2100000000009,-18.4750000000002,1.));
#2464=CARTESIAN_POINT('',(-20.2100000000009,-18.050000000001,0.));
#2465=CARTESIAN_POINT('',(-21.2100000000009,-18.050000000001,1.));
#2466=CARTESIAN_POINT('Origin',(-20.2100000000009,-18.050000000001,1.));
#2467=CARTESIAN_POINT('',(-21.2100000000009,-18.4750000000002,1.));
#2468=CARTESIAN_POINT('',(-20.2100000000009,-18.4750000000002,0.));
#2469=CARTESIAN_POINT('Origin',(-20.2100000000009,-27.45,0.));
#2470=CARTESIAN_POINT('',(-20.2100000000009,-28.45,0.));
#2471=CARTESIAN_POINT('',(-21.2100000000009,-27.45,0.));
#2472=CARTESIAN_POINT('Origin',(10.5949999999995,-27.45,1.));
#2473=CARTESIAN_POINT('',(10.5949999999995,-27.45,0.));
#2474=CARTESIAN_POINT('',(10.5949999999995,-28.45,1.));
#2475=CARTESIAN_POINT('Origin',(20.1899999999991,-27.45,0.));
#2476=CARTESIAN_POINT('',(21.1899999999991,-27.45,0.));
#2477=CARTESIAN_POINT('',(20.1899999999991,-28.45,0.));
#2478=CARTESIAN_POINT('Origin',(20.1899999999991,-13.2750000000007,1.));
#2479=CARTESIAN_POINT('',(21.1899999999991,-18.050000000001,1.));
#2480=CARTESIAN_POINT('',(20.1899999999991,-18.050000000001,0.));
#2481=CARTESIAN_POINT('Origin',(20.1899999999991,-18.050000000001,1.));
#2482=CARTESIAN_POINT('',(20.1899999999991,-13.2750000000007,0.));
#2483=CARTESIAN_POINT('',(21.1899999999991,-13.2750000000007,1.));
#2484=CARTESIAN_POINT('Origin',(-21.2100000000009,-28.45,0.));
#2485=CARTESIAN_POINT('',(-21.2100000000009,-18.050000000001,0.));
#2486=CARTESIAN_POINT('Origin',(-1.06581410364015E-13,-8.50000000000048,
0.));
#2487=CARTESIAN_POINT('',(11.1699999999994,-18.050000000001,0.));
#2488=CARTESIAN_POINT('Origin',(20.1907861463212,-12.950000000001,1.));
#2489=CARTESIAN_POINT('',(21.1907861463212,-12.950000000001,1.));
#2490=CARTESIAN_POINT('',(20.1907861463212,-12.950000000001,0.));
#2491=CARTESIAN_POINT('Origin',(20.1907861463212,-12.950000000001,1.));
#2492=CARTESIAN_POINT('',(20.1907861463212,-11.950000000001,1.));
#2493=CARTESIAN_POINT('Origin',(20.1907861463212,-12.950000000001,1.));
#2494=CARTESIAN_POINT('Origin',(20.1907861463212,-12.950000000001,1.));
#2495=CARTESIAN_POINT('Origin',(20.1907861463212,-12.950000000001,17.));
#2496=CARTESIAN_POINT('',(20.1907861463212,-11.950000000001,17.));
#2497=CARTESIAN_POINT('',(21.1907861463212,-12.950000000001,17.));
#2498=CARTESIAN_POINT('Origin',(-20.2100000000009,-12.950000000001,1.));
#2499=CARTESIAN_POINT('',(-20.2100000000009,-11.950000000001,1.));
#2500=CARTESIAN_POINT('',(-20.2100000000009,-12.950000000001,0.));
#2501=CARTESIAN_POINT('Origin',(-20.2100000000009,-12.950000000001,1.));
#2502=CARTESIAN_POINT('',(-21.2100000000009,-12.950000000001,1.));
#2503=CARTESIAN_POINT('Origin',(-20.2100000000009,-12.950000000001,1.));
#2504=CARTESIAN_POINT('Origin',(-20.2100000000009,-12.950000000001,1.));
#2505=CARTESIAN_POINT('Origin',(-20.2100000000009,-12.950000000001,8.5));
#2506=CARTESIAN_POINT('',(-21.2100000000009,-12.950000000001,8.5));
#2507=CARTESIAN_POINT('',(-20.2100000000009,-11.950000000001,8.5));
#2508=CARTESIAN_POINT('Origin',(-20.2100000000009,-12.0750000000007,1.));
#2509=CARTESIAN_POINT('',(-21.2100000000009,-15.650000000001,1.));
#2510=CARTESIAN_POINT('',(-20.2100000000009,-15.650000000001,0.));
#2511=CARTESIAN_POINT('Origin',(-20.2100000000009,-15.650000000001,1.));
#2512=CARTESIAN_POINT('',(-20.2100000000009,-12.0750000000007,0.));
#2513=CARTESIAN_POINT('',(-21.2100000000009,-12.0750000000007,1.));
#2514=CARTESIAN_POINT('Origin',(-10.6050000000006,-12.950000000001,1.));
#2515=CARTESIAN_POINT('',(-10.6050000000006,-11.950000000001,1.));
#2516=CARTESIAN_POINT('',(-10.6050000000006,-12.950000000001,0.));
#2517=CARTESIAN_POINT('Origin',(20.1907861463212,-10.2250000000007,1.));
#2518=CARTESIAN_POINT('',(21.1907861463212,-13.450000000001,1.));
#2519=CARTESIAN_POINT('',(21.1899999999991,-13.450000000001,0.960355648344427));
#2520=CARTESIAN_POINT('Origin',(20.1907861463212,-13.450000000001,1.));
#2521=CARTESIAN_POINT('',(21.1907861463212,-10.2250000000007,1.));
#2522=CARTESIAN_POINT('',(20.1907861463212,-15.650000000001,0.));
#2523=CARTESIAN_POINT('',(20.1907861463212,-10.2250000000007,0.));
#2524=CARTESIAN_POINT('',(21.1899999999991,-15.650000000001,0.960355648344427));
#2525=CARTESIAN_POINT('Origin',(20.1907861463212,-15.650000000001,1.));
#2526=CARTESIAN_POINT('',(21.1899999999991,-10.2250000000007,0.960355648344427));
#2527=CARTESIAN_POINT('Origin',(-21.2100000000011,-11.950000000001,17.));
#2528=CARTESIAN_POINT('Origin',(21.1907861463212,-11.950000000001,17.));
#2529=CARTESIAN_POINT('',(21.1907861463212,-13.450000000001,17.));
#2530=CARTESIAN_POINT('Origin',(21.1907861463212,-13.450000000001,17.));
#2531=CARTESIAN_POINT('',(21.1899999999991,-13.450000000001,0.));
#2532=CARTESIAN_POINT('Origin',(-38.95,10.45,0.5));
#2533=CARTESIAN_POINT('',(-38.95,10.45,0.));
#2534=CARTESIAN_POINT('',(-39.45,10.45,0.5));
#2535=CARTESIAN_POINT('Origin',(-38.95,10.45,0.5));
#2536=CARTESIAN_POINT('',(-38.95,10.95,0.5));
#2537=CARTESIAN_POINT('Origin',(-38.95,10.45,0.5));
#2538=CARTESIAN_POINT('Origin',(-38.95,10.45,0.5));
#2539=CARTESIAN_POINT('Origin',(38.95,10.45,0.5));
#2540=CARTESIAN_POINT('',(38.95,10.45,0.));
#2541=CARTESIAN_POINT('',(38.95,10.95,0.5));
#2542=CARTESIAN_POINT('Origin',(38.95,10.45,0.5));
#2543=CARTESIAN_POINT('',(39.45,10.45,0.5));
#2544=CARTESIAN_POINT('Origin',(38.95,10.45,0.5));
#2545=CARTESIAN_POINT('Origin',(38.95,10.45,0.5));
#2546=CARTESIAN_POINT('Origin',(38.95,5.45000000000001,0.));
#2547=CARTESIAN_POINT('',(38.95,4.95000000000001,0.));
#2548=CARTESIAN_POINT('',(38.95,4.95000000000001,0.));
#2549=CARTESIAN_POINT('',(39.45,5.45000000000001,0.5));
#2550=CARTESIAN_POINT('',(39.45,5.45000000000001,0.));
#2551=CARTESIAN_POINT('Origin',(38.95,5.45000000000001,0.5));
#2552=CARTESIAN_POINT('Origin',(38.95,-1.77500000000024,0.5));
#2553=CARTESIAN_POINT('',(39.45,-1.77500000000024,0.5));
#2554=CARTESIAN_POINT('',(38.95,-1.77500000000024,0.));
#2555=CARTESIAN_POINT('Origin',(38.95,10.45,0.));
#2556=CARTESIAN_POINT('',(38.95,10.95,0.));
#2557=CARTESIAN_POINT('',(39.45,10.45,0.));
#2558=CARTESIAN_POINT('Origin',(-18.975,10.45,0.5));
#2559=CARTESIAN_POINT('',(-18.975,10.45,0.));
#2560=CARTESIAN_POINT('',(-18.975,10.95,0.5));
#2561=CARTESIAN_POINT('Origin',(-38.95,10.45,0.));
#2562=CARTESIAN_POINT('',(-39.45,10.45,0.));
#2563=CARTESIAN_POINT('',(-38.95,10.95,0.));
#2564=CARTESIAN_POINT('Origin',(-38.95,1.22499999999986,0.5));
#2565=CARTESIAN_POINT('',(-38.95,4.95,0.));
#2566=CARTESIAN_POINT('',(-38.95,1.22499999999986,0.));
#2567=CARTESIAN_POINT('',(-39.45,5.45,0.5));
#2568=CARTESIAN_POINT('',(-39.45,1.22499999999986,0.5));
#2569=CARTESIAN_POINT('Origin',(-38.95,5.45,0.5));
#2570=CARTESIAN_POINT('Origin',(-38.95,5.45,0.));
#2571=CARTESIAN_POINT('',(-39.45,5.45,0.));
#2572=CARTESIAN_POINT('',(-38.95,4.95,0.));
#2573=CARTESIAN_POINT('Origin',(39.45,4.95000000000001,0.));
#2574=CARTESIAN_POINT('Origin',(37.95,4.95000000000001,0.));
#2575=CARTESIAN_POINT('',(37.95,4.95000000000001,0.));
#2576=CARTESIAN_POINT('',(39.45,4.95000000000001,0.));
#2577=CARTESIAN_POINT('',(37.95,4.95000000000001,0.));
#2578=CARTESIAN_POINT('Origin',(-1.06581410364015E-13,-8.50000000000048,
0.));
#2579=CARTESIAN_POINT('',(-37.95,4.95,0.));
#2580=CARTESIAN_POINT('',(-39.45,4.95,0.));
#2581=CARTESIAN_POINT('',(-37.95,-4.95,0.));
#2582=CARTESIAN_POINT('',(-37.95,-9.72500000000024,0.));
#2583=CARTESIAN_POINT('',(-38.95,-4.94999999999999,0.));
#2584=CARTESIAN_POINT('',(-39.45,-4.94999999999999,0.));
#2585=CARTESIAN_POINT('',(-38.95,-10.45,0.));
#2586=CARTESIAN_POINT('',(-38.95,-6.72500000000023,0.));
#2587=CARTESIAN_POINT('',(38.95,-10.45,0.));
#2588=CARTESIAN_POINT('',(18.975,-10.45,0.));
#2589=CARTESIAN_POINT('',(38.95,-4.95,0.));
#2590=CARTESIAN_POINT('',(38.95,-9.72500000000014,0.));
#2591=CARTESIAN_POINT('',(37.95,-4.95000000000001,0.));
#2592=CARTESIAN_POINT('',(39.45,-4.94999999999999,0.));
#2593=CARTESIAN_POINT('',(37.95,1.22499999999977,0.));
#2594=CARTESIAN_POINT('Origin',(-39.45,4.95,0.));
#2595=CARTESIAN_POINT('',(-37.95,4.95,0.));
#2596=CARTESIAN_POINT('Origin',(-38.95,-5.44999999999999,0.));
#2597=CARTESIAN_POINT('',(-38.95,-4.94999999999999,0.));
#2598=CARTESIAN_POINT('',(-39.45,-5.44999999999999,0.5));
#2599=CARTESIAN_POINT('',(-39.45,-5.44999999999999,0.));
#2600=CARTESIAN_POINT('Origin',(-38.95,-5.44999999999999,0.5));
#2601=CARTESIAN_POINT('Origin',(-38.95,-10.45,0.5));
#2602=CARTESIAN_POINT('',(-38.95,-10.95,0.5));
#2603=CARTESIAN_POINT('Origin',(-38.95,-10.45,0.5));
#2604=CARTESIAN_POINT('',(-39.45,-10.45,0.5));
#2605=CARTESIAN_POINT('Origin',(-38.95,-10.45,0.5));
#2606=CARTESIAN_POINT('Origin',(-38.95,-10.45,0.5));
#2607=CARTESIAN_POINT('Origin',(-38.95,-6.72500000000023,0.5));
#2608=CARTESIAN_POINT('',(-39.45,-6.72500000000023,0.5));
#2609=CARTESIAN_POINT('Origin',(-38.95,-10.45,0.));
#2610=CARTESIAN_POINT('',(-38.95,-10.95,0.));
#2611=CARTESIAN_POINT('',(-39.45,-10.45,0.));
#2612=CARTESIAN_POINT('Origin',(38.95,-10.45,0.5));
#2613=CARTESIAN_POINT('',(39.45,-10.45,0.5));
#2614=CARTESIAN_POINT('Origin',(38.95,-10.45,0.5));
#2615=CARTESIAN_POINT('',(38.95,-10.95,0.5));
#2616=CARTESIAN_POINT('Origin',(38.95,-10.45,0.5));
#2617=CARTESIAN_POINT('Origin',(38.95,-10.45,0.5));
#2618=CARTESIAN_POINT('Origin',(18.975,-10.45,0.5));
#2619=CARTESIAN_POINT('',(18.975,-10.95,0.5));
#2620=CARTESIAN_POINT('Origin',(38.95,-10.45,0.));
#2621=CARTESIAN_POINT('',(39.45,-10.45,0.));
#2622=CARTESIAN_POINT('',(38.95,-10.95,0.));
#2623=CARTESIAN_POINT('Origin',(38.95,-9.72500000000014,0.5));
#2624=CARTESIAN_POINT('',(39.45,-5.45,0.5));
#2625=CARTESIAN_POINT('',(39.45,-9.72500000000014,0.5));
#2626=CARTESIAN_POINT('Origin',(38.95,-5.45,0.5));
#2627=CARTESIAN_POINT('Origin',(38.95,-5.45,0.));
#2628=CARTESIAN_POINT('',(39.45,-5.45,0.));
#2629=CARTESIAN_POINT('',(38.95,-4.95,0.));
#2630=CARTESIAN_POINT('Origin',(-39.45,-4.94999999999999,0.));
#2631=CARTESIAN_POINT('Origin',(-37.95,-4.95,0.));
#2632=CARTESIAN_POINT('',(-37.95,-4.94999999999999,0.));
#2633=CARTESIAN_POINT('Origin',(39.45,-4.94999999999999,0.));
#2634=CARTESIAN_POINT('',(37.95,-4.95000000000001,0.));
#2635=CARTESIAN_POINT('Origin',(-39.45,10.95,0.));
#2636=CARTESIAN_POINT('Origin',(39.45,-10.95,0.));
#2637=CARTESIAN_POINT('Origin',(-0.0100000000010647,-16.850000000001,-1.5));
#2638=CARTESIAN_POINT('',(22.3399999999989,-15.650000000001,-1.5));
#2639=CARTESIAN_POINT('',(22.3399999999989,-18.050000000001,-1.5));
#2640=CARTESIAN_POINT('',(22.3399999999989,-18.050000000001,-1.5));
#2641=CARTESIAN_POINT('',(-22.3600000000011,-15.650000000001,-1.5));
#2642=CARTESIAN_POINT('',(22.3399999999989,-15.650000000001,-1.5));
#2643=CARTESIAN_POINT('',(-22.3600000000011,-18.050000000001,-1.5));
#2644=CARTESIAN_POINT('',(-22.3600000000011,-15.650000000001,-1.5));
#2645=CARTESIAN_POINT('',(-22.3600000000011,-18.050000000001,-1.5));
#2646=CARTESIAN_POINT('Origin',(-1.06581410364015E-13,-8.50000000000048,
0.));
#2647=CARTESIAN_POINT('',(-11.1800000000006,-15.650000000001,0.));
#2648=CARTESIAN_POINT('Origin',(-37.95,10.95,0.));
#2649=CARTESIAN_POINT('Origin',(-37.95,-10.95,0.));
#2650=CARTESIAN_POINT('Origin',(37.95,-10.95,0.));
#2651=CARTESIAN_POINT('Origin',(37.95,10.95,0.));
#2652=CARTESIAN_POINT('Origin',(-22.3600000000011,-15.650000000001,0.));
#2653=CARTESIAN_POINT('',(-21.2100000000009,-15.650000000001,0.));
#2654=CARTESIAN_POINT('',(-22.3600000000011,-15.650000000001,0.));
#2655=CARTESIAN_POINT('',(22.3399999999989,-15.650000000001,0.));
#2656=CARTESIAN_POINT('',(21.1899999999991,-15.650000000001,0.));
#2657=CARTESIAN_POINT('Origin',(-22.3600000000011,-18.050000000001,0.));
#2658=CARTESIAN_POINT('',(-22.3600000000011,-18.050000000001,0.));
#2659=CARTESIAN_POINT('Origin',(-21.2100000000009,-18.050000000001,0.));
#2660=CARTESIAN_POINT('',(21.1899999999991,-18.050000000001,0.));
#2661=CARTESIAN_POINT('',(22.3399999999989,-18.050000000001,0.));
#2662=CARTESIAN_POINT('Origin',(21.1899999999991,-28.45,0.));
#2663=CARTESIAN_POINT('Origin',(21.1899999999991,-18.050000000001,0.));
#2664=CARTESIAN_POINT('Origin',(22.3399999999989,-15.650000000001,0.));
#2665=CARTESIAN_POINT('Origin',(21.1899999999991,-13.450000000001,0.));
#2666=CARTESIAN_POINT('Origin',(-21.2100000000009,-15.650000000001,0.));
#2667=UNCERTAINTY_MEASURE_WITH_UNIT(LENGTH_MEASURE(0.01),#2671,
'DISTANCE_ACCURACY_VALUE',
'Maximum model space distance between geometric entities at asserted c
onnectivities');
#2668=UNCERTAINTY_MEASURE_WITH_UNIT(LENGTH_MEASURE(0.01),#2671,
'DISTANCE_ACCURACY_VALUE',
'Maximum model space distance between geometric entities at asserted c
onnectivities');
#2669=(
GEOMETRIC_REPRESENTATION_CONTEXT(3)
GLOBAL_UNCERTAINTY_ASSIGNED_CONTEXT((#2667))
GLOBAL_UNIT_ASSIGNED_CONTEXT((#2671,#2673,#2674))
REPRESENTATION_CONTEXT('','3D')
);
#2670=(
GEOMETRIC_REPRESENTATION_CONTEXT(3)
GLOBAL_UNCERTAINTY_ASSIGNED_CONTEXT((#2668))
GLOBAL_UNIT_ASSIGNED_CONTEXT((#2671,#2673,#2674))
REPRESENTATION_CONTEXT('','3D')
);
#2671=(
LENGTH_UNIT()
NAMED_UNIT(*)
SI_UNIT(.MILLI.,.METRE.)
);
#2672=(
LENGTH_UNIT()
NAMED_UNIT(*)
SI_UNIT($,.METRE.)
);
#2673=(
NAMED_UNIT(*)
PLANE_ANGLE_UNIT()
SI_UNIT($,.RADIAN.)
);
#2674=(
NAMED_UNIT(*)
SI_UNIT($,.STERADIAN.)
SOLID_ANGLE_UNIT()
);
#2675=SHAPE_DEFINITION_REPRESENTATION(#2676,#2677);
#2676=PRODUCT_DEFINITION_SHAPE('',$,#2679);
#2677=SHAPE_REPRESENTATION('',(#1559),#2669);
#2678=PRODUCT_DEFINITION_CONTEXT('part definition',#2683,'design');
#2679=PRODUCT_DEFINITION('boite_1PE100','boite_1PE100 v16',#2680,#2678);
#2680=PRODUCT_DEFINITION_FORMATION('',$,#2685);
#2681=PRODUCT_RELATED_PRODUCT_CATEGORY('boite_1PE100 v16',
'boite_1PE100 v16',(#2685));
#2682=APPLICATION_PROTOCOL_DEFINITION('international standard',
'automotive_design',2009,#2683);
#2683=APPLICATION_CONTEXT(
'Core Data for Automotive Mechanical Design Process');
#2684=PRODUCT_CONTEXT('part definition',#2683,'mechanical');
#2685=PRODUCT('boite_1PE100','boite_1PE100 v16',$,(#2684));
#2686=PRESENTATION_STYLE_ASSIGNMENT((#2687));
#2687=SURFACE_STYLE_USAGE(.BOTH.,#2688);
#2688=SURFACE_SIDE_STYLE('',(#2689));
#2689=SURFACE_STYLE_FILL_AREA(#2690);
#2690=FILL_AREA_STYLE('Acier - Satin\X\E9',(#2691));
#2691=FILL_AREA_STYLE_COLOUR('Acier - Satin\X\E9',#2692);
#2692=COLOUR_RGB('Acier - Satin\X\E9',0.627450980392157,0.627450980392157,
0.627450980392157);
ENDSEC;
END-ISO-10303-21;
