ISO-10303-21;
HEADER;
/* Generated by software containing ST-Developer
 * from STEP Tools, Inc. (www.steptools.com) 
 */

FILE_DESCRIPTION(
/* description */ (''),
/* implementation_level */ '2;1');

FILE_NAME(
/* name */ 'boite_esp32_lcd_fond.step',
/* time_stamp */ '2026-02-15T20:16:58+01:00',
/* author */ (''),
/* organization */ (''),
/* preprocessor_version */ 'ST-DEVELOPER v20.1',
/* originating_system */ 'Autodesk Translation Framework v14.21.0.0',
/* authorisation */ '');

FILE_SCHEMA (('AUTOMOTIVE_DESIGN { 1 0 10303 214 3 1 1 }'));
ENDSEC;

DATA;
#10=MECHANICAL_DESIGN_GEOMETRIC_PRESENTATION_REPRESENTATION('',(#13),#3704);
#11=SHAPE_REPRESENTATION_RELATIONSHIP('SRR','None',#3711,#12);
#12=ADVANCED_BREP_SHAPE_REPRESENTATION('',(#14),#3703);
#13=STYLED_ITEM('',(#3720),#14);
#14=MANIFOLD_SOLID_BREP('dos_boite',#2054);
#15=CONICAL_SURFACE('',#2343,1.5,1.02974425867665);
#16=CONICAL_SURFACE('',#2346,1.5,1.02974425867665);
#17=CONICAL_SURFACE('',#2349,1.5,1.02974425867665);
#18=CONICAL_SURFACE('',#2352,1.5,1.02974425867665);
#19=TOROIDAL_SURFACE('',#2121,4.2,0.5);
#20=TOROIDAL_SURFACE('',#2127,4.2,0.5);
#21=TOROIDAL_SURFACE('',#2133,4.2,0.5);
#22=TOROIDAL_SURFACE('',#2139,4.2,0.5);
#23=TOROIDAL_SURFACE('',#2166,3.8,0.5);
#24=TOROIDAL_SURFACE('',#2171,3.5,0.5);
#25=TOROIDAL_SURFACE('',#2188,3.5,0.5);
#26=TOROIDAL_SURFACE('',#2194,3.5,0.5);
#27=TOROIDAL_SURFACE('',#2200,3.5,0.5);
#28=TOROIDAL_SURFACE('',#2206,3.8,0.5);
#29=TOROIDAL_SURFACE('',#2214,3.80000000000001,0.5);
#30=TOROIDAL_SURFACE('',#2222,3.80000000000001,0.5);
#31=TOROIDAL_SURFACE('',#2233,2.25,0.5);
#32=TOROIDAL_SURFACE('',#2238,2.25,0.5);
#33=TOROIDAL_SURFACE('',#2246,5.2,0.5);
#34=TOROIDAL_SURFACE('',#2252,5.2,0.5);
#35=TOROIDAL_SURFACE('',#2258,5.2,0.5);
#36=TOROIDAL_SURFACE('',#2263,5.2,0.5);
#37=TOROIDAL_SURFACE('',#2276,2.25,0.5);
#38=TOROIDAL_SURFACE('',#2282,2.25,0.5);
#39=TOROIDAL_SURFACE('',#2289,6.2,0.5);
#40=TOROIDAL_SURFACE('',#2294,6.2,0.5);
#41=TOROIDAL_SURFACE('',#2299,6.2,0.5);
#42=TOROIDAL_SURFACE('',#2304,6.2,0.5);
#43=TOROIDAL_SURFACE('',#2317,2.,1.);
#44=TOROIDAL_SURFACE('',#2323,2.,1.);
#45=TOROIDAL_SURFACE('',#2329,4.,1.);
#46=TOROIDAL_SURFACE('',#2331,4.,1.);
#47=B_SPLINE_CURVE_WITH_KNOTS('',3,(#3217,#3218,#3219,#3220),
 .UNSPECIFIED.,.F.,.F.,(4,4),(0.390968669029243,0.479487483187118),
 .UNSPECIFIED.);
#48=B_SPLINE_CURVE_WITH_KNOTS('',3,(#3232,#3233,#3234,#3235),
 .UNSPECIFIED.,.F.,.F.,(4,4),(0.479487483187116,0.568006297344988),
 .UNSPECIFIED.);
#49=B_SPLINE_CURVE_WITH_KNOTS('',3,(#3237,#3238,#3239,#3240),
 .UNSPECIFIED.,.F.,.F.,(4,4),(0.390968669029243,0.479487483187116),
 .UNSPECIFIED.);
#50=B_SPLINE_CURVE_WITH_KNOTS('',3,(#3245,#3246,#3247,#3248),
 .UNSPECIFIED.,.F.,.F.,(4,4),(0.479487483187118,0.568006297344992),
 .UNSPECIFIED.);
#51=B_SPLINE_CURVE_WITH_KNOTS('',3,(#3270,#3271,#3272,#3273,#3274,#3275),
 .UNSPECIFIED.,.F.,.F.,(4,2,4),(0.390968669029243,0.47948748318712,0.568006297344996),
 .UNSPECIFIED.);
#52=B_SPLINE_CURVE_WITH_KNOTS('',3,(#3284,#3285,#3286,#3287,#3288,#3289),
 .UNSPECIFIED.,.F.,.F.,(4,2,4),(0.390968669029243,0.479487483187119,0.568006297344995),
 .UNSPECIFIED.);
#53=FACE_BOUND('',#252,.T.);
#54=FACE_BOUND('',#266,.T.);
#55=FACE_BOUND('',#269,.T.);
#56=FACE_BOUND('',#274,.T.);
#57=FACE_BOUND('',#277,.T.);
#58=FACE_BOUND('',#278,.T.);
#59=FACE_BOUND('',#279,.T.);
#60=FACE_BOUND('',#280,.T.);
#61=FACE_BOUND('',#281,.T.);
#62=FACE_BOUND('',#282,.T.);
#63=FACE_BOUND('',#293,.T.);
#64=FACE_BOUND('',#297,.T.);
#65=FACE_BOUND('',#301,.T.);
#66=FACE_BOUND('',#320,.T.);
#67=FACE_BOUND('',#327,.T.);
#68=FACE_BOUND('',#349,.T.);
#69=FACE_BOUND('',#352,.T.);
#70=FACE_BOUND('',#358,.T.);
#71=FACE_BOUND('',#362,.T.);
#72=PLANE('',#2079);
#73=PLANE('',#2086);
#74=PLANE('',#2087);
#75=PLANE('',#2089);
#76=PLANE('',#2092);
#77=PLANE('',#2098);
#78=PLANE('',#2102);
#79=PLANE('',#2105);
#80=PLANE('',#2107);
#81=PLANE('',#2110);
#82=PLANE('',#2112);
#83=PLANE('',#2144);
#84=PLANE('',#2147);
#85=PLANE('',#2150);
#86=PLANE('',#2153);
#87=PLANE('',#2161);
#88=PLANE('',#2169);
#89=PLANE('',#2176);
#90=PLANE('',#2212);
#91=PLANE('',#2220);
#92=PLANE('',#2228);
#93=PLANE('',#2242);
#94=PLANE('',#2266);
#95=PLANE('',#2268);
#96=PLANE('',#2285);
#97=PLANE('',#2307);
#98=PLANE('',#2310);
#99=PLANE('',#2312);
#100=PLANE('',#2313);
#101=PLANE('',#2314);
#102=PLANE('',#2315);
#103=PLANE('',#2316);
#104=PLANE('',#2321);
#105=PLANE('',#2327);
#106=PLANE('',#2337);
#107=PLANE('',#2342);
#108=PLANE('',#2359);
#109=FACE_OUTER_BOUND('',#231,.T.);
#110=FACE_OUTER_BOUND('',#232,.T.);
#111=FACE_OUTER_BOUND('',#233,.T.);
#112=FACE_OUTER_BOUND('',#234,.T.);
#113=FACE_OUTER_BOUND('',#235,.T.);
#114=FACE_OUTER_BOUND('',#236,.T.);
#115=FACE_OUTER_BOUND('',#237,.T.);
#116=FACE_OUTER_BOUND('',#238,.T.);
#117=FACE_OUTER_BOUND('',#239,.T.);
#118=FACE_OUTER_BOUND('',#240,.T.);
#119=FACE_OUTER_BOUND('',#241,.T.);
#120=FACE_OUTER_BOUND('',#242,.T.);
#121=FACE_OUTER_BOUND('',#243,.T.);
#122=FACE_OUTER_BOUND('',#244,.T.);
#123=FACE_OUTER_BOUND('',#245,.T.);
#124=FACE_OUTER_BOUND('',#246,.T.);
#125=FACE_OUTER_BOUND('',#247,.T.);
#126=FACE_OUTER_BOUND('',#248,.T.);
#127=FACE_OUTER_BOUND('',#249,.T.);
#128=FACE_OUTER_BOUND('',#250,.T.);
#129=FACE_OUTER_BOUND('',#251,.T.);
#130=FACE_OUTER_BOUND('',#253,.T.);
#131=FACE_OUTER_BOUND('',#254,.T.);
#132=FACE_OUTER_BOUND('',#255,.T.);
#133=FACE_OUTER_BOUND('',#256,.T.);
#134=FACE_OUTER_BOUND('',#257,.T.);
#135=FACE_OUTER_BOUND('',#258,.T.);
#136=FACE_OUTER_BOUND('',#259,.T.);
#137=FACE_OUTER_BOUND('',#260,.T.);
#138=FACE_OUTER_BOUND('',#261,.T.);
#139=FACE_OUTER_BOUND('',#262,.T.);
#140=FACE_OUTER_BOUND('',#263,.T.);
#141=FACE_OUTER_BOUND('',#264,.T.);
#142=FACE_OUTER_BOUND('',#265,.T.);
#143=FACE_OUTER_BOUND('',#267,.T.);
#144=FACE_OUTER_BOUND('',#268,.T.);
#145=FACE_OUTER_BOUND('',#270,.T.);
#146=FACE_OUTER_BOUND('',#271,.T.);
#147=FACE_OUTER_BOUND('',#272,.T.);
#148=FACE_OUTER_BOUND('',#273,.T.);
#149=FACE_OUTER_BOUND('',#275,.T.);
#150=FACE_OUTER_BOUND('',#276,.T.);
#151=FACE_OUTER_BOUND('',#283,.T.);
#152=FACE_OUTER_BOUND('',#284,.T.);
#153=FACE_OUTER_BOUND('',#285,.T.);
#154=FACE_OUTER_BOUND('',#286,.T.);
#155=FACE_OUTER_BOUND('',#287,.T.);
#156=FACE_OUTER_BOUND('',#288,.T.);
#157=FACE_OUTER_BOUND('',#289,.T.);
#158=FACE_OUTER_BOUND('',#290,.T.);
#159=FACE_OUTER_BOUND('',#291,.T.);
#160=FACE_OUTER_BOUND('',#292,.T.);
#161=FACE_OUTER_BOUND('',#294,.T.);
#162=FACE_OUTER_BOUND('',#295,.T.);
#163=FACE_OUTER_BOUND('',#296,.T.);
#164=FACE_OUTER_BOUND('',#298,.T.);
#165=FACE_OUTER_BOUND('',#299,.T.);
#166=FACE_OUTER_BOUND('',#300,.T.);
#167=FACE_OUTER_BOUND('',#302,.T.);
#168=FACE_OUTER_BOUND('',#303,.T.);
#169=FACE_OUTER_BOUND('',#304,.T.);
#170=FACE_OUTER_BOUND('',#305,.T.);
#171=FACE_OUTER_BOUND('',#306,.T.);
#172=FACE_OUTER_BOUND('',#307,.T.);
#173=FACE_OUTER_BOUND('',#308,.T.);
#174=FACE_OUTER_BOUND('',#309,.T.);
#175=FACE_OUTER_BOUND('',#310,.T.);
#176=FACE_OUTER_BOUND('',#311,.T.);
#177=FACE_OUTER_BOUND('',#312,.T.);
#178=FACE_OUTER_BOUND('',#313,.T.);
#179=FACE_OUTER_BOUND('',#314,.T.);
#180=FACE_OUTER_BOUND('',#315,.T.);
#181=FACE_OUTER_BOUND('',#316,.T.);
#182=FACE_OUTER_BOUND('',#317,.T.);
#183=FACE_OUTER_BOUND('',#318,.T.);
#184=FACE_OUTER_BOUND('',#319,.T.);
#185=FACE_OUTER_BOUND('',#321,.T.);
#186=FACE_OUTER_BOUND('',#322,.T.);
#187=FACE_OUTER_BOUND('',#323,.T.);
#188=FACE_OUTER_BOUND('',#324,.T.);
#189=FACE_OUTER_BOUND('',#325,.T.);
#190=FACE_OUTER_BOUND('',#326,.T.);
#191=FACE_OUTER_BOUND('',#328,.T.);
#192=FACE_OUTER_BOUND('',#329,.T.);
#193=FACE_OUTER_BOUND('',#330,.T.);
#194=FACE_OUTER_BOUND('',#331,.T.);
#195=FACE_OUTER_BOUND('',#332,.T.);
#196=FACE_OUTER_BOUND('',#333,.T.);
#197=FACE_OUTER_BOUND('',#334,.T.);
#198=FACE_OUTER_BOUND('',#335,.T.);
#199=FACE_OUTER_BOUND('',#336,.T.);
#200=FACE_OUTER_BOUND('',#337,.T.);
#201=FACE_OUTER_BOUND('',#338,.T.);
#202=FACE_OUTER_BOUND('',#339,.T.);
#203=FACE_OUTER_BOUND('',#340,.T.);
#204=FACE_OUTER_BOUND('',#341,.T.);
#205=FACE_OUTER_BOUND('',#342,.T.);
#206=FACE_OUTER_BOUND('',#343,.T.);
#207=FACE_OUTER_BOUND('',#344,.T.);
#208=FACE_OUTER_BOUND('',#345,.T.);
#209=FACE_OUTER_BOUND('',#346,.T.);
#210=FACE_OUTER_BOUND('',#347,.T.);
#211=FACE_OUTER_BOUND('',#348,.T.);
#212=FACE_OUTER_BOUND('',#350,.T.);
#213=FACE_OUTER_BOUND('',#351,.T.);
#214=FACE_OUTER_BOUND('',#353,.T.);
#215=FACE_OUTER_BOUND('',#354,.T.);
#216=FACE_OUTER_BOUND('',#355,.T.);
#217=FACE_OUTER_BOUND('',#356,.T.);
#218=FACE_OUTER_BOUND('',#357,.T.);
#219=FACE_OUTER_BOUND('',#359,.T.);
#220=FACE_OUTER_BOUND('',#360,.T.);
#221=FACE_OUTER_BOUND('',#361,.T.);
#222=FACE_OUTER_BOUND('',#363,.T.);
#223=FACE_OUTER_BOUND('',#364,.T.);
#224=FACE_OUTER_BOUND('',#365,.T.);
#225=FACE_OUTER_BOUND('',#366,.T.);
#226=FACE_OUTER_BOUND('',#367,.T.);
#227=FACE_OUTER_BOUND('',#368,.T.);
#228=FACE_OUTER_BOUND('',#369,.T.);
#229=FACE_OUTER_BOUND('',#370,.T.);
#230=FACE_OUTER_BOUND('',#371,.T.);
#231=EDGE_LOOP('',(#1277,#1278,#1279,#1280));
#232=EDGE_LOOP('',(#1281,#1282,#1283,#1284));
#233=EDGE_LOOP('',(#1285,#1286,#1287,#1288,#1289,#1290,#1291,#1292));
#234=EDGE_LOOP('',(#1293,#1294,#1295,#1296,#1297,#1298,#1299,#1300,#1301,
#1302,#1303));
#235=EDGE_LOOP('',(#1304,#1305,#1306,#1307));
#236=EDGE_LOOP('',(#1308,#1309,#1310,#1311));
#237=EDGE_LOOP('',(#1312,#1313,#1314,#1315));
#238=EDGE_LOOP('',(#1316,#1317,#1318,#1319));
#239=EDGE_LOOP('',(#1320,#1321,#1322,#1323,#1324,#1325,#1326,#1327,#1328,
#1329,#1330));
#240=EDGE_LOOP('',(#1331,#1332,#1333,#1334));
#241=EDGE_LOOP('',(#1335,#1336,#1337,#1338));
#242=EDGE_LOOP('',(#1339,#1340,#1341,#1342,#1343,#1344));
#243=EDGE_LOOP('',(#1345,#1346,#1347,#1348));
#244=EDGE_LOOP('',(#1349,#1350,#1351,#1352));
#245=EDGE_LOOP('',(#1353,#1354,#1355,#1356));
#246=EDGE_LOOP('',(#1357,#1358,#1359,#1360));
#247=EDGE_LOOP('',(#1361,#1362,#1363,#1364));
#248=EDGE_LOOP('',(#1365,#1366,#1367,#1368));
#249=EDGE_LOOP('',(#1369,#1370,#1371,#1372));
#250=EDGE_LOOP('',(#1373,#1374,#1375,#1376));
#251=EDGE_LOOP('',(#1377,#1378,#1379,#1380));
#252=EDGE_LOOP('',(#1381,#1382,#1383,#1384));
#253=EDGE_LOOP('',(#1385,#1386,#1387,#1388,#1389,#1390,#1391,#1392));
#254=EDGE_LOOP('',(#1393,#1394,#1395,#1396,#1397,#1398,#1399,#1400,#1401,
#1402,#1403,#1404));
#255=EDGE_LOOP('',(#1405,#1406,#1407,#1408));
#256=EDGE_LOOP('',(#1409,#1410,#1411,#1412));
#257=EDGE_LOOP('',(#1413,#1414,#1415,#1416));
#258=EDGE_LOOP('',(#1417,#1418,#1419,#1420,#1421,#1422,#1423,#1424));
#259=EDGE_LOOP('',(#1425,#1426,#1427,#1428));
#260=EDGE_LOOP('',(#1429,#1430,#1431,#1432));
#261=EDGE_LOOP('',(#1433,#1434,#1435,#1436));
#262=EDGE_LOOP('',(#1437,#1438,#1439,#1440));
#263=EDGE_LOOP('',(#1441,#1442,#1443,#1444));
#264=EDGE_LOOP('',(#1445,#1446,#1447,#1448));
#265=EDGE_LOOP('',(#1449,#1450,#1451,#1452));
#266=EDGE_LOOP('',(#1453,#1454,#1455,#1456));
#267=EDGE_LOOP('',(#1457,#1458,#1459));
#268=EDGE_LOOP('',(#1460,#1461,#1462,#1463,#1464,#1465,#1466,#1467,#1468,
#1469,#1470,#1471,#1472,#1473,#1474,#1475,#1476,#1477,#1478,#1479));
#269=EDGE_LOOP('',(#1480,#1481,#1482,#1483));
#270=EDGE_LOOP('',(#1484,#1485,#1486));
#271=EDGE_LOOP('',(#1487,#1488,#1489,#1490,#1491,#1492,#1493,#1494,#1495,
#1496));
#272=EDGE_LOOP('',(#1497,#1498,#1499,#1500,#1501));
#273=EDGE_LOOP('',(#1502));
#274=EDGE_LOOP('',(#1503));
#275=EDGE_LOOP('',(#1504,#1505,#1506,#1507,#1508));
#276=EDGE_LOOP('',(#1509,#1510,#1511,#1512,#1513,#1514,#1515,#1516));
#277=EDGE_LOOP('',(#1517));
#278=EDGE_LOOP('',(#1518));
#279=EDGE_LOOP('',(#1519));
#280=EDGE_LOOP('',(#1520));
#281=EDGE_LOOP('',(#1521));
#282=EDGE_LOOP('',(#1522));
#283=EDGE_LOOP('',(#1523,#1524,#1525,#1526,#1527));
#284=EDGE_LOOP('',(#1528,#1529,#1530,#1531,#1532));
#285=EDGE_LOOP('',(#1533,#1534,#1535,#1536,#1537));
#286=EDGE_LOOP('',(#1538,#1539,#1540,#1541,#1542));
#287=EDGE_LOOP('',(#1543,#1544,#1545,#1546,#1547));
#288=EDGE_LOOP('',(#1548,#1549,#1550,#1551,#1552));
#289=EDGE_LOOP('',(#1553,#1554,#1555,#1556,#1557));
#290=EDGE_LOOP('',(#1558,#1559,#1560,#1561,#1562));
#291=EDGE_LOOP('',(#1563,#1564,#1565,#1566,#1567,#1568,#1569,#1570,#1571,
#1572));
#292=EDGE_LOOP('',(#1573));
#293=EDGE_LOOP('',(#1574));
#294=EDGE_LOOP('',(#1575,#1576,#1577,#1578,#1579));
#295=EDGE_LOOP('',(#1580,#1581,#1582,#1583,#1584,#1585,#1586));
#296=EDGE_LOOP('',(#1587));
#297=EDGE_LOOP('',(#1588));
#298=EDGE_LOOP('',(#1589,#1590,#1591,#1592,#1593));
#299=EDGE_LOOP('',(#1594,#1595,#1596,#1597,#1598,#1599,#1600));
#300=EDGE_LOOP('',(#1601));
#301=EDGE_LOOP('',(#1602));
#302=EDGE_LOOP('',(#1603,#1604,#1605,#1606));
#303=EDGE_LOOP('',(#1607,#1608,#1609,#1610));
#304=EDGE_LOOP('',(#1611,#1612,#1613,#1614));
#305=EDGE_LOOP('',(#1615,#1616,#1617,#1618));
#306=EDGE_LOOP('',(#1619,#1620,#1621,#1622));
#307=EDGE_LOOP('',(#1623,#1624,#1625,#1626));
#308=EDGE_LOOP('',(#1627,#1628,#1629,#1630));
#309=EDGE_LOOP('',(#1631,#1632,#1633,#1634));
#310=EDGE_LOOP('',(#1635,#1636,#1637,#1638));
#311=EDGE_LOOP('',(#1639,#1640,#1641,#1642));
#312=EDGE_LOOP('',(#1643,#1644,#1645,#1646));
#313=EDGE_LOOP('',(#1647,#1648,#1649,#1650));
#314=EDGE_LOOP('',(#1651,#1652,#1653,#1654));
#315=EDGE_LOOP('',(#1655,#1656,#1657,#1658));
#316=EDGE_LOOP('',(#1659,#1660,#1661,#1662));
#317=EDGE_LOOP('',(#1663,#1664,#1665,#1666));
#318=EDGE_LOOP('',(#1667,#1668,#1669,#1670));
#319=EDGE_LOOP('',(#1671,#1672,#1673,#1674,#1675,#1676,#1677,#1678));
#320=EDGE_LOOP('',(#1679,#1680,#1681,#1682,#1683,#1684,#1685,#1686));
#321=EDGE_LOOP('',(#1687,#1688,#1689,#1690));
#322=EDGE_LOOP('',(#1691,#1692,#1693,#1694));
#323=EDGE_LOOP('',(#1695,#1696,#1697,#1698));
#324=EDGE_LOOP('',(#1699,#1700,#1701,#1702));
#325=EDGE_LOOP('',(#1703,#1704,#1705,#1706));
#326=EDGE_LOOP('',(#1707,#1708,#1709,#1710));
#327=EDGE_LOOP('',(#1711,#1712,#1713,#1714));
#328=EDGE_LOOP('',(#1715,#1716,#1717,#1718));
#329=EDGE_LOOP('',(#1719,#1720,#1721,#1722));
#330=EDGE_LOOP('',(#1723,#1724,#1725,#1726));
#331=EDGE_LOOP('',(#1727,#1728,#1729,#1730));
#332=EDGE_LOOP('',(#1731,#1732,#1733,#1734));
#333=EDGE_LOOP('',(#1735,#1736,#1737,#1738));
#334=EDGE_LOOP('',(#1739,#1740,#1741,#1742));
#335=EDGE_LOOP('',(#1743,#1744,#1745,#1746));
#336=EDGE_LOOP('',(#1747,#1748,#1749,#1750));
#337=EDGE_LOOP('',(#1751,#1752,#1753,#1754));
#338=EDGE_LOOP('',(#1755,#1756,#1757,#1758));
#339=EDGE_LOOP('',(#1759,#1760,#1761,#1762));
#340=EDGE_LOOP('',(#1763,#1764,#1765,#1766));
#341=EDGE_LOOP('',(#1767,#1768,#1769,#1770));
#342=EDGE_LOOP('',(#1771,#1772,#1773,#1774));
#343=EDGE_LOOP('',(#1775,#1776,#1777,#1778));
#344=EDGE_LOOP('',(#1779,#1780,#1781,#1782,#1783,#1784));
#345=EDGE_LOOP('',(#1785,#1786,#1787,#1788));
#346=EDGE_LOOP('',(#1789,#1790,#1791,#1792));
#347=EDGE_LOOP('',(#1793,#1794,#1795,#1796));
#348=EDGE_LOOP('',(#1797));
#349=EDGE_LOOP('',(#1798));
#350=EDGE_LOOP('',(#1799,#1800,#1801,#1802));
#351=EDGE_LOOP('',(#1803));
#352=EDGE_LOOP('',(#1804));
#353=EDGE_LOOP('',(#1805,#1806,#1807,#1808));
#354=EDGE_LOOP('',(#1809,#1810,#1811,#1812));
#355=EDGE_LOOP('',(#1813,#1814,#1815,#1816));
#356=EDGE_LOOP('',(#1817,#1818,#1819,#1820));
#357=EDGE_LOOP('',(#1821,#1822));
#358=EDGE_LOOP('',(#1823));
#359=EDGE_LOOP('',(#1824,#1825,#1826,#1827));
#360=EDGE_LOOP('',(#1828,#1829,#1830,#1831));
#361=EDGE_LOOP('',(#1832,#1833));
#362=EDGE_LOOP('',(#1834));
#363=EDGE_LOOP('',(#1835,#1836,#1837,#1838,#1839));
#364=EDGE_LOOP('',(#1840,#1841,#1842,#1843,#1844));
#365=EDGE_LOOP('',(#1845,#1846,#1847,#1848,#1849));
#366=EDGE_LOOP('',(#1850,#1851,#1852,#1853,#1854));
#367=EDGE_LOOP('',(#1855,#1856,#1857,#1858,#1859));
#368=EDGE_LOOP('',(#1860,#1861,#1862,#1863,#1864));
#369=EDGE_LOOP('',(#1865,#1866,#1867,#1868,#1869));
#370=EDGE_LOOP('',(#1870,#1871,#1872,#1873,#1874));
#371=EDGE_LOOP('',(#1875,#1876,#1877,#1878));
#372=CIRCLE('',#2069,4.2);
#373=CIRCLE('',#2070,4.2);
#374=CIRCLE('',#2072,4.2);
#375=CIRCLE('',#2073,4.2);
#376=CIRCLE('',#2075,1.);
#377=CIRCLE('',#2076,1.);
#378=CIRCLE('',#2077,1.);
#379=CIRCLE('',#2078,1.);
#380=CIRCLE('',#2080,1.);
#381=CIRCLE('',#2081,1.);
#382=CIRCLE('',#2082,1.);
#383=CIRCLE('',#2083,1.);
#384=CIRCLE('',#2084,1.);
#385=CIRCLE('',#2085,6.35);
#386=CIRCLE('',#2088,1.);
#387=CIRCLE('',#2091,1.);
#388=CIRCLE('',#2093,6.35);
#389=CIRCLE('',#2094,1.);
#390=CIRCLE('',#2095,1.);
#391=CIRCLE('',#2096,1.);
#392=CIRCLE('',#2097,1.);
#393=CIRCLE('',#2100,1.);
#394=CIRCLE('',#2101,1.);
#395=CIRCLE('',#2103,1.);
#396=CIRCLE('',#2104,6.35);
#397=CIRCLE('',#2109,1.);
#398=CIRCLE('',#2115,6.35);
#399=CIRCLE('',#2117,1.);
#400=CIRCLE('',#2119,0.5);
#401=CIRCLE('',#2120,0.499999999999998);
#402=CIRCLE('',#2122,0.500000000000007);
#403=CIRCLE('',#2123,4.2);
#404=CIRCLE('',#2124,4.7);
#405=CIRCLE('',#2126,0.499999999999994);
#406=CIRCLE('',#2128,0.500000000000007);
#407=CIRCLE('',#2129,4.2);
#408=CIRCLE('',#2130,4.7);
#409=CIRCLE('',#2132,0.499999999999998);
#410=CIRCLE('',#2134,0.500000000000003);
#411=CIRCLE('',#2135,4.2);
#412=CIRCLE('',#2136,4.7);
#413=CIRCLE('',#2138,0.499999999999998);
#414=CIRCLE('',#2140,4.2);
#415=CIRCLE('',#2141,4.7);
#416=CIRCLE('',#2143,4.7);
#417=CIRCLE('',#2146,4.7);
#418=CIRCLE('',#2148,2.25);
#419=CIRCLE('',#2149,2.25);
#420=CIRCLE('',#2151,4.3);
#421=CIRCLE('',#2152,4.2);
#422=CIRCLE('',#2154,4.3);
#423=CIRCLE('',#2155,4.30000000000001);
#424=CIRCLE('',#2156,4.30000000000001);
#425=CIRCLE('',#2157,4.30000000000001);
#426=CIRCLE('',#2158,4.30000000000001);
#427=CIRCLE('',#2159,4.3);
#428=CIRCLE('',#2160,4.2);
#429=CIRCLE('',#2162,4.3);
#430=CIRCLE('',#2164,4.3);
#431=CIRCLE('',#2165,4.3);
#432=CIRCLE('',#2167,3.8);
#433=CIRCLE('',#2168,0.5);
#434=CIRCLE('',#2170,1.5);
#435=CIRCLE('',#2172,3.5);
#436=CIRCLE('',#2173,0.5);
#437=CIRCLE('',#2174,3.);
#438=CIRCLE('',#2175,3.);
#439=CIRCLE('',#2177,6.2);
#440=CIRCLE('',#2178,6.2);
#441=CIRCLE('',#2179,6.2);
#442=CIRCLE('',#2180,6.2);
#443=CIRCLE('',#2181,3.5);
#444=CIRCLE('',#2182,3.5);
#445=CIRCLE('',#2183,4.);
#446=CIRCLE('',#2184,4.);
#447=CIRCLE('',#2185,3.5);
#448=CIRCLE('',#2187,3.);
#449=CIRCLE('',#2189,0.5);
#450=CIRCLE('',#2190,3.);
#451=CIRCLE('',#2191,3.);
#452=CIRCLE('',#2193,3.);
#453=CIRCLE('',#2195,0.5);
#454=CIRCLE('',#2196,3.);
#455=CIRCLE('',#2197,3.);
#456=CIRCLE('',#2199,3.);
#457=CIRCLE('',#2201,0.5);
#458=CIRCLE('',#2202,3.);
#459=CIRCLE('',#2203,3.);
#460=CIRCLE('',#2205,3.);
#461=CIRCLE('',#2207,3.8);
#462=CIRCLE('',#2208,0.5);
#463=CIRCLE('',#2209,4.3);
#464=CIRCLE('',#2210,4.3);
#465=CIRCLE('',#2213,1.49999999999999);
#466=CIRCLE('',#2215,3.80000000000001);
#467=CIRCLE('',#2216,0.5);
#468=CIRCLE('',#2217,4.30000000000001);
#469=CIRCLE('',#2218,4.30000000000001);
#470=CIRCLE('',#2221,1.5);
#471=CIRCLE('',#2223,3.80000000000001);
#472=CIRCLE('',#2224,0.5);
#473=CIRCLE('',#2225,4.30000000000001);
#474=CIRCLE('',#2226,4.30000000000001);
#475=CIRCLE('',#2229,1.5);
#476=CIRCLE('',#2231,0.499999999999998);
#477=CIRCLE('',#2232,0.5);
#478=CIRCLE('',#2234,0.5);
#479=CIRCLE('',#2235,1.75);
#480=CIRCLE('',#2237,0.5);
#481=CIRCLE('',#2239,1.75);
#482=CIRCLE('',#2241,1.75);
#483=CIRCLE('',#2244,0.499999999999998);
#484=CIRCLE('',#2245,0.499999999999998);
#485=CIRCLE('',#2247,0.499999999999998);
#486=CIRCLE('',#2248,5.2);
#487=CIRCLE('',#2249,4.7);
#488=CIRCLE('',#2251,0.499999999999998);
#489=CIRCLE('',#2253,0.499999999999998);
#490=CIRCLE('',#2254,5.2);
#491=CIRCLE('',#2255,4.7);
#492=CIRCLE('',#2257,0.499999999999998);
#493=CIRCLE('',#2259,0.500000000000003);
#494=CIRCLE('',#2260,5.2);
#495=CIRCLE('',#2262,0.500000000000003);
#496=CIRCLE('',#2264,5.2);
#497=CIRCLE('',#2269,6.7);
#498=CIRCLE('',#2270,6.7);
#499=CIRCLE('',#2271,6.7);
#500=CIRCLE('',#2272,6.7);
#501=CIRCLE('',#2274,0.500000000000007);
#502=CIRCLE('',#2275,0.5);
#503=CIRCLE('',#2277,0.5);
#504=CIRCLE('',#2278,2.25);
#505=CIRCLE('',#2279,1.75);
#506=CIRCLE('',#2281,0.5);
#507=CIRCLE('',#2283,2.25);
#508=CIRCLE('',#2287,0.5);
#509=CIRCLE('',#2288,0.499999999999998);
#510=CIRCLE('',#2290,0.499999999999998);
#511=CIRCLE('',#2291,6.7);
#512=CIRCLE('',#2293,0.499999999999994);
#513=CIRCLE('',#2295,0.499999999999998);
#514=CIRCLE('',#2296,6.7);
#515=CIRCLE('',#2298,0.499999999999998);
#516=CIRCLE('',#2300,0.499999999999994);
#517=CIRCLE('',#2301,6.7);
#518=CIRCLE('',#2303,0.499999999999998);
#519=CIRCLE('',#2305,6.7);
#520=CIRCLE('',#2318,2.);
#521=CIRCLE('',#2319,1.);
#522=CIRCLE('',#2320,3.);
#523=CIRCLE('',#2322,1.25);
#524=CIRCLE('',#2324,2.);
#525=CIRCLE('',#2325,1.);
#526=CIRCLE('',#2326,3.);
#527=CIRCLE('',#2328,1.25);
#528=CIRCLE('',#2330,1.);
#529=CIRCLE('',#2332,1.);
#530=CIRCLE('',#2334,4.2);
#531=CIRCLE('',#2336,1.25);
#532=CIRCLE('',#2339,4.2);
#533=CIRCLE('',#2341,1.25);
#534=CIRCLE('',#2344,1.49999999999999);
#535=CIRCLE('',#2345,1.49999999999999);
#536=CIRCLE('',#2347,1.5);
#537=CIRCLE('',#2348,1.5);
#538=CIRCLE('',#2350,1.5);
#539=CIRCLE('',#2351,1.5);
#540=CIRCLE('',#2353,1.5);
#541=CIRCLE('',#2354,1.5);
#542=LINE('',#3075,#667);
#543=LINE('',#3079,#668);
#544=LINE('',#3084,#669);
#545=LINE('',#3088,#670);
#546=LINE('',#3095,#671);
#547=LINE('',#3099,#672);
#548=LINE('',#3103,#673);
#549=LINE('',#3106,#674);
#550=LINE('',#3109,#675);
#551=LINE('',#3113,#676);
#552=LINE('',#3117,#677);
#553=LINE('',#3121,#678);
#554=LINE('',#3129,#679);
#555=LINE('',#3130,#680);
#556=LINE('',#3133,#681);
#557=LINE('',#3137,#682);
#558=LINE('',#3138,#683);
#559=LINE('',#3141,#684);
#560=LINE('',#3144,#685);
#561=LINE('',#3150,#686);
#562=LINE('',#3154,#687);
#563=LINE('',#3158,#688);
#564=LINE('',#3161,#689);
#565=LINE('',#3164,#690);
#566=LINE('',#3165,#691);
#567=LINE('',#3171,#692);
#568=LINE('',#3174,#693);
#569=LINE('',#3177,#694);
#570=LINE('',#3181,#695);
#571=LINE('',#3184,#696);
#572=LINE('',#3187,#697);
#573=LINE('',#3188,#698);
#574=LINE('',#3190,#699);
#575=LINE('',#3191,#700);
#576=LINE('',#3196,#701);
#577=LINE('',#3199,#702);
#578=LINE('',#3200,#703);
#579=LINE('',#3202,#704);
#580=LINE('',#3203,#705);
#581=LINE('',#3205,#706);
#582=LINE('',#3207,#707);
#583=LINE('',#3211,#708);
#584=LINE('',#3222,#709);
#585=LINE('',#3226,#710);
#586=LINE('',#3230,#711);
#587=LINE('',#3241,#712);
#588=LINE('',#3242,#713);
#589=LINE('',#3244,#714);
#590=LINE('',#3259,#715);
#591=LINE('',#3260,#716);
#592=LINE('',#3276,#717);
#593=LINE('',#3278,#718);
#594=LINE('',#3282,#719);
#595=LINE('',#3290,#720);
#596=LINE('',#3301,#721);
#597=LINE('',#3302,#722);
#598=LINE('',#3308,#723);
#599=LINE('',#3311,#724);
#600=LINE('',#3314,#725);
#601=LINE('',#3315,#726);
#602=LINE('',#3318,#727);
#603=LINE('',#3322,#728);
#604=LINE('',#3323,#729);
#605=LINE('',#3326,#730);
#606=LINE('',#3330,#731);
#607=LINE('',#3351,#732);
#608=LINE('',#3352,#733);
#609=LINE('',#3372,#734);
#610=LINE('',#3376,#735);
#611=LINE('',#3380,#736);
#612=LINE('',#3384,#737);
#613=LINE('',#3398,#738);
#614=LINE('',#3408,#739);
#615=LINE('',#3418,#740);
#616=LINE('',#3428,#741);
#617=LINE('',#3439,#742);
#618=LINE('',#3440,#743);
#619=LINE('',#3453,#744);
#620=LINE('',#3466,#745);
#621=LINE('',#3474,#746);
#622=LINE('',#3483,#747);
#623=LINE('',#3488,#748);
#624=LINE('',#3491,#749);
#625=LINE('',#3494,#750);
#626=LINE('',#3495,#751);
#627=LINE('',#3501,#752);
#628=LINE('',#3512,#753);
#629=LINE('',#3513,#754);
#630=LINE('',#3523,#755);
#631=LINE('',#3524,#756);
#632=LINE('',#3532,#757);
#633=LINE('',#3536,#758);
#634=LINE('',#3537,#759);
#635=LINE('',#3539,#760);
#636=LINE('',#3546,#761);
#637=LINE('',#3550,#762);
#638=LINE('',#3554,#763);
#639=LINE('',#3557,#764);
#640=LINE('',#3563,#765);
#641=LINE('',#3573,#766);
#642=LINE('',#3574,#767);
#643=LINE('',#3578,#768);
#644=LINE('',#3582,#769);
#645=LINE('',#3583,#770);
#646=LINE('',#3584,#771);
#647=LINE('',#3595,#772);
#648=LINE('',#3603,#773);
#649=LINE('',#3611,#774);
#650=LINE('',#3615,#775);
#651=LINE('',#3616,#776);
#652=LINE('',#3618,#777);
#653=LINE('',#3621,#778);
#654=LINE('',#3623,#779);
#655=LINE('',#3625,#780);
#656=LINE('',#3629,#781);
#657=LINE('',#3659,#782);
#658=LINE('',#3666,#783);
#659=LINE('',#3670,#784);
#660=LINE('',#3676,#785);
#661=LINE('',#3682,#786);
#662=LINE('',#3688,#787);
#663=LINE('',#3693,#788);
#664=LINE('',#3695,#789);
#665=LINE('',#3697,#790);
#666=LINE('',#3699,#791);
#667=VECTOR('',#2364,4.2);
#668=VECTOR('',#2367,10.);
#669=VECTOR('',#2372,4.2);
#670=VECTOR('',#2375,10.);
#671=VECTOR('',#2382,10.);
#672=VECTOR('',#2385,10.);
#673=VECTOR('',#2388,10.);
#674=VECTOR('',#2391,10.);
#675=VECTOR('',#2394,10.);
#676=VECTOR('',#2397,10.);
#677=VECTOR('',#2400,10.);
#678=VECTOR('',#2403,10.);
#679=VECTOR('',#2412,10.);
#680=VECTOR('',#2413,10.);
#681=VECTOR('',#2416,10.);
#682=VECTOR('',#2421,10.);
#683=VECTOR('',#2422,10.);
#684=VECTOR('',#2425,1.);
#685=VECTOR('',#2428,10.);
#686=VECTOR('',#2435,10.);
#687=VECTOR('',#2438,10.);
#688=VECTOR('',#2441,10.);
#689=VECTOR('',#2444,10.);
#690=VECTOR('',#2447,10.);
#691=VECTOR('',#2448,10.);
#692=VECTOR('',#2453,10.);
#693=VECTOR('',#2456,10.);
#694=VECTOR('',#2459,10.);
#695=VECTOR('',#2462,10.);
#696=VECTOR('',#2465,10.);
#697=VECTOR('',#2468,10.);
#698=VECTOR('',#2469,10.);
#699=VECTOR('',#2472,10.);
#700=VECTOR('',#2473,10.);
#701=VECTOR('',#2480,10.);
#702=VECTOR('',#2483,10.);
#703=VECTOR('',#2484,10.);
#704=VECTOR('',#2487,10.);
#705=VECTOR('',#2488,10.);
#706=VECTOR('',#2491,10.);
#707=VECTOR('',#2494,10.);
#708=VECTOR('',#2499,10.);
#709=VECTOR('',#2506,10.);
#710=VECTOR('',#2509,10.);
#711=VECTOR('',#2512,10.);
#712=VECTOR('',#2513,10.);
#713=VECTOR('',#2514,10.);
#714=VECTOR('',#2515,10.);
#715=VECTOR('',#2528,10.);
#716=VECTOR('',#2529,10.);
#717=VECTOR('',#2540,10.);
#718=VECTOR('',#2541,10.);
#719=VECTOR('',#2544,10.);
#720=VECTOR('',#2545,10.);
#721=VECTOR('',#2558,10.);
#722=VECTOR('',#2559,10.);
#723=VECTOR('',#2568,10.);
#724=VECTOR('',#2571,10.);
#725=VECTOR('',#2574,10.);
#726=VECTOR('',#2575,10.);
#727=VECTOR('',#2578,10.);
#728=VECTOR('',#2583,10.);
#729=VECTOR('',#2584,10.);
#730=VECTOR('',#2585,10.);
#731=VECTOR('',#2588,10.);
#732=VECTOR('',#2621,4.3);
#733=VECTOR('',#2622,10.);
#734=VECTOR('',#2647,10.);
#735=VECTOR('',#2650,10.);
#736=VECTOR('',#2653,10.);
#737=VECTOR('',#2656,10.);
#738=VECTOR('',#2671,3.);
#739=VECTOR('',#2684,3.);
#740=VECTOR('',#2697,3.);
#741=VECTOR('',#2710,3.);
#742=VECTOR('',#2725,4.3);
#743=VECTOR('',#2726,10.);
#744=VECTOR('',#2743,4.30000000000001);
#745=VECTOR('',#2760,4.30000000000001);
#746=VECTOR('',#2769,10.);
#747=VECTOR('',#2782,10.);
#748=VECTOR('',#2789,10.);
#749=VECTOR('',#2792,10.);
#750=VECTOR('',#2795,10.);
#751=VECTOR('',#2796,10.);
#752=VECTOR('',#2803,10.);
#753=VECTOR('',#2816,10.);
#754=VECTOR('',#2817,10.);
#755=VECTOR('',#2830,10.);
#756=VECTOR('',#2831,10.);
#757=VECTOR('',#2842,10.);
#758=VECTOR('',#2849,10.);
#759=VECTOR('',#2850,10.);
#760=VECTOR('',#2853,10.);
#761=VECTOR('',#2860,10.);
#762=VECTOR('',#2863,10.);
#763=VECTOR('',#2866,10.);
#764=VECTOR('',#2869,10.);
#765=VECTOR('',#2876,10.);
#766=VECTOR('',#2889,10.);
#767=VECTOR('',#2890,10.);
#768=VECTOR('',#2897,10.);
#769=VECTOR('',#2900,10.);
#770=VECTOR('',#2901,10.);
#771=VECTOR('',#2902,10.);
#772=VECTOR('',#2919,10.);
#773=VECTOR('',#2930,10.);
#774=VECTOR('',#2941,10.);
#775=VECTOR('',#2948,10.);
#776=VECTOR('',#2949,10.);
#777=VECTOR('',#2952,10.);
#778=VECTOR('',#2957,10.);
#779=VECTOR('',#2960,10.);
#780=VECTOR('',#2963,10.);
#781=VECTOR('',#2970,10.);
#782=VECTOR('',#3015,1.25);
#783=VECTOR('',#3026,1.25);
#784=VECTOR('',#3031,1.5);
#785=VECTOR('',#3038,1.5);
#786=VECTOR('',#3045,1.5);
#787=VECTOR('',#3052,1.5);
#788=VECTOR('',#3059,1.49999999999999);
#789=VECTOR('',#3062,1.5);
#790=VECTOR('',#3065,1.5);
#791=VECTOR('',#3068,1.5);
#792=VERTEX_POINT('',#3073);
#793=VERTEX_POINT('',#3074);
#794=VERTEX_POINT('',#3076);
#795=VERTEX_POINT('',#3078);
#796=VERTEX_POINT('',#3082);
#797=VERTEX_POINT('',#3083);
#798=VERTEX_POINT('',#3085);
#799=VERTEX_POINT('',#3087);
#800=VERTEX_POINT('',#3091);
#801=VERTEX_POINT('',#3092);
#802=VERTEX_POINT('',#3094);
#803=VERTEX_POINT('',#3096);
#804=VERTEX_POINT('',#3098);
#805=VERTEX_POINT('',#3100);
#806=VERTEX_POINT('',#3102);
#807=VERTEX_POINT('',#3104);
#808=VERTEX_POINT('',#3108);
#809=VERTEX_POINT('',#3110);
#810=VERTEX_POINT('',#3112);
#811=VERTEX_POINT('',#3114);
#812=VERTEX_POINT('',#3116);
#813=VERTEX_POINT('',#3118);
#814=VERTEX_POINT('',#3120);
#815=VERTEX_POINT('',#3122);
#816=VERTEX_POINT('',#3124);
#817=VERTEX_POINT('',#3128);
#818=VERTEX_POINT('',#3132);
#819=VERTEX_POINT('',#3136);
#820=VERTEX_POINT('',#3140);
#821=VERTEX_POINT('',#3142);
#822=VERTEX_POINT('',#3146);
#823=VERTEX_POINT('',#3149);
#824=VERTEX_POINT('',#3151);
#825=VERTEX_POINT('',#3153);
#826=VERTEX_POINT('',#3155);
#827=VERTEX_POINT('',#3157);
#828=VERTEX_POINT('',#3159);
#829=VERTEX_POINT('',#3163);
#830=VERTEX_POINT('',#3167);
#831=VERTEX_POINT('',#3168);
#832=VERTEX_POINT('',#3170);
#833=VERTEX_POINT('',#3172);
#834=VERTEX_POINT('',#3176);
#835=VERTEX_POINT('',#3178);
#836=VERTEX_POINT('',#3180);
#837=VERTEX_POINT('',#3182);
#838=VERTEX_POINT('',#3186);
#839=VERTEX_POINT('',#3194);
#840=VERTEX_POINT('',#3198);
#841=VERTEX_POINT('',#3209);
#842=VERTEX_POINT('',#3215);
#843=VERTEX_POINT('',#3216);
#844=VERTEX_POINT('',#3221);
#845=VERTEX_POINT('',#3223);
#846=VERTEX_POINT('',#3225);
#847=VERTEX_POINT('',#3227);
#848=VERTEX_POINT('',#3229);
#849=VERTEX_POINT('',#3231);
#850=VERTEX_POINT('',#3236);
#851=VERTEX_POINT('',#3243);
#852=VERTEX_POINT('',#3250);
#853=VERTEX_POINT('',#3251);
#854=VERTEX_POINT('',#3256);
#855=VERTEX_POINT('',#3257);
#856=VERTEX_POINT('',#3262);
#857=VERTEX_POINT('',#3263);
#858=VERTEX_POINT('',#3268);
#859=VERTEX_POINT('',#3269);
#860=VERTEX_POINT('',#3277);
#861=VERTEX_POINT('',#3279);
#862=VERTEX_POINT('',#3281);
#863=VERTEX_POINT('',#3283);
#864=VERTEX_POINT('',#3292);
#865=VERTEX_POINT('',#3293);
#866=VERTEX_POINT('',#3298);
#867=VERTEX_POINT('',#3299);
#868=VERTEX_POINT('',#3307);
#869=VERTEX_POINT('',#3309);
#870=VERTEX_POINT('',#3313);
#871=VERTEX_POINT('',#3317);
#872=VERTEX_POINT('',#3321);
#873=VERTEX_POINT('',#3324);
#874=VERTEX_POINT('',#3325);
#875=VERTEX_POINT('',#3327);
#876=VERTEX_POINT('',#3329);
#877=VERTEX_POINT('',#3337);
#878=VERTEX_POINT('',#3340);
#879=VERTEX_POINT('',#3348);
#880=VERTEX_POINT('',#3349);
#881=VERTEX_POINT('',#3355);
#882=VERTEX_POINT('',#3359);
#883=VERTEX_POINT('',#3362);
#884=VERTEX_POINT('',#3364);
#885=VERTEX_POINT('',#3366);
#886=VERTEX_POINT('',#3370);
#887=VERTEX_POINT('',#3371);
#888=VERTEX_POINT('',#3373);
#889=VERTEX_POINT('',#3375);
#890=VERTEX_POINT('',#3377);
#891=VERTEX_POINT('',#3379);
#892=VERTEX_POINT('',#3381);
#893=VERTEX_POINT('',#3383);
#894=VERTEX_POINT('',#3386);
#895=VERTEX_POINT('',#3388);
#896=VERTEX_POINT('',#3390);
#897=VERTEX_POINT('',#3392);
#898=VERTEX_POINT('',#3394);
#899=VERTEX_POINT('',#3397);
#900=VERTEX_POINT('',#3401);
#901=VERTEX_POINT('',#3403);
#902=VERTEX_POINT('',#3407);
#903=VERTEX_POINT('',#3411);
#904=VERTEX_POINT('',#3413);
#905=VERTEX_POINT('',#3417);
#906=VERTEX_POINT('',#3421);
#907=VERTEX_POINT('',#3423);
#908=VERTEX_POINT('',#3427);
#909=VERTEX_POINT('',#3431);
#910=VERTEX_POINT('',#3433);
#911=VERTEX_POINT('',#3435);
#912=VERTEX_POINT('',#3442);
#913=VERTEX_POINT('',#3445);
#914=VERTEX_POINT('',#3447);
#915=VERTEX_POINT('',#3449);
#916=VERTEX_POINT('',#3455);
#917=VERTEX_POINT('',#3458);
#918=VERTEX_POINT('',#3460);
#919=VERTEX_POINT('',#3462);
#920=VERTEX_POINT('',#3468);
#921=VERTEX_POINT('',#3471);
#922=VERTEX_POINT('',#3473);
#923=VERTEX_POINT('',#3477);
#924=VERTEX_POINT('',#3481);
#925=VERTEX_POINT('',#3487);
#926=VERTEX_POINT('',#3489);
#927=VERTEX_POINT('',#3493);
#928=VERTEX_POINT('',#3497);
#929=VERTEX_POINT('',#3499);
#930=VERTEX_POINT('',#3503);
#931=VERTEX_POINT('',#3504);
#932=VERTEX_POINT('',#3509);
#933=VERTEX_POINT('',#3510);
#934=VERTEX_POINT('',#3515);
#935=VERTEX_POINT('',#3516);
#936=VERTEX_POINT('',#3521);
#937=VERTEX_POINT('',#3526);
#938=VERTEX_POINT('',#3530);
#939=VERTEX_POINT('',#3542);
#940=VERTEX_POINT('',#3543);
#941=VERTEX_POINT('',#3545);
#942=VERTEX_POINT('',#3547);
#943=VERTEX_POINT('',#3549);
#944=VERTEX_POINT('',#3551);
#945=VERTEX_POINT('',#3553);
#946=VERTEX_POINT('',#3555);
#947=VERTEX_POINT('',#3559);
#948=VERTEX_POINT('',#3561);
#949=VERTEX_POINT('',#3565);
#950=VERTEX_POINT('',#3566);
#951=VERTEX_POINT('',#3571);
#952=VERTEX_POINT('',#3580);
#953=VERTEX_POINT('',#3581);
#954=VERTEX_POINT('',#3589);
#955=VERTEX_POINT('',#3593);
#956=VERTEX_POINT('',#3597);
#957=VERTEX_POINT('',#3601);
#958=VERTEX_POINT('',#3605);
#959=VERTEX_POINT('',#3609);
#960=VERTEX_POINT('',#3633);
#961=VERTEX_POINT('',#3635);
#962=VERTEX_POINT('',#3639);
#963=VERTEX_POINT('',#3642);
#964=VERTEX_POINT('',#3644);
#965=VERTEX_POINT('',#3648);
#966=VERTEX_POINT('',#3657);
#967=VERTEX_POINT('',#3664);
#968=VERTEX_POINT('',#3669);
#969=VERTEX_POINT('',#3671);
#970=VERTEX_POINT('',#3675);
#971=VERTEX_POINT('',#3677);
#972=VERTEX_POINT('',#3681);
#973=VERTEX_POINT('',#3683);
#974=VERTEX_POINT('',#3687);
#975=VERTEX_POINT('',#3689);
#976=EDGE_CURVE('',#792,#793,#542,.T.);
#977=EDGE_CURVE('',#794,#792,#372,.T.);
#978=EDGE_CURVE('',#795,#794,#543,.T.);
#979=EDGE_CURVE('',#793,#795,#373,.T.);
#980=EDGE_CURVE('',#796,#797,#544,.T.);
#981=EDGE_CURVE('',#798,#796,#374,.T.);
#982=EDGE_CURVE('',#799,#798,#545,.T.);
#983=EDGE_CURVE('',#797,#799,#375,.T.);
#984=EDGE_CURVE('',#800,#801,#376,.T.);
#985=EDGE_CURVE('',#801,#802,#546,.T.);
#986=EDGE_CURVE('',#802,#803,#377,.T.);
#987=EDGE_CURVE('',#803,#804,#547,.T.);
#988=EDGE_CURVE('',#804,#805,#378,.T.);
#989=EDGE_CURVE('',#806,#805,#548,.T.);
#990=EDGE_CURVE('',#806,#807,#379,.T.);
#991=EDGE_CURVE('',#807,#800,#549,.T.);
#992=EDGE_CURVE('',#808,#806,#550,.T.);
#993=EDGE_CURVE('',#809,#808,#380,.T.);
#994=EDGE_CURVE('',#810,#809,#551,.T.);
#995=EDGE_CURVE('',#811,#810,#381,.T.);
#996=EDGE_CURVE('',#812,#811,#552,.T.);
#997=EDGE_CURVE('',#813,#812,#382,.T.);
#998=EDGE_CURVE('',#813,#814,#553,.T.);
#999=EDGE_CURVE('',#815,#814,#383,.T.);
#1000=EDGE_CURVE('',#816,#815,#384,.T.);
#1001=EDGE_CURVE('',#816,#807,#385,.T.);
#1002=EDGE_CURVE('',#805,#817,#554,.T.);
#1003=EDGE_CURVE('',#808,#817,#555,.T.);
#1004=EDGE_CURVE('',#804,#818,#556,.T.);
#1005=EDGE_CURVE('',#817,#818,#386,.F.);
#1006=EDGE_CURVE('',#803,#819,#557,.T.);
#1007=EDGE_CURVE('',#818,#819,#558,.T.);
#1008=EDGE_CURVE('',#814,#820,#559,.T.);
#1009=EDGE_CURVE('',#820,#821,#387,.T.);
#1010=EDGE_CURVE('',#815,#821,#560,.T.);
#1011=EDGE_CURVE('',#800,#822,#388,.T.);
#1012=EDGE_CURVE('',#821,#822,#389,.T.);
#1013=EDGE_CURVE('',#823,#820,#561,.T.);
#1014=EDGE_CURVE('',#824,#823,#390,.T.);
#1015=EDGE_CURVE('',#825,#824,#562,.T.);
#1016=EDGE_CURVE('',#826,#825,#391,.T.);
#1017=EDGE_CURVE('',#826,#827,#563,.T.);
#1018=EDGE_CURVE('',#828,#827,#392,.T.);
#1019=EDGE_CURVE('',#801,#828,#564,.T.);
#1020=EDGE_CURVE('',#829,#828,#565,.T.);
#1021=EDGE_CURVE('',#829,#802,#566,.T.);
#1022=EDGE_CURVE('',#830,#831,#393,.T.);
#1023=EDGE_CURVE('',#830,#832,#567,.T.);
#1024=EDGE_CURVE('',#833,#832,#394,.T.);
#1025=EDGE_CURVE('',#833,#831,#568,.T.);
#1026=EDGE_CURVE('',#834,#832,#569,.T.);
#1027=EDGE_CURVE('',#834,#835,#395,.T.);
#1028=EDGE_CURVE('',#835,#836,#570,.T.);
#1029=EDGE_CURVE('',#836,#837,#396,.T.);
#1030=EDGE_CURVE('',#833,#837,#571,.T.);
#1031=EDGE_CURVE('',#830,#838,#572,.T.);
#1032=EDGE_CURVE('',#834,#838,#573,.T.);
#1033=EDGE_CURVE('',#823,#813,#574,.T.);
#1034=EDGE_CURVE('',#812,#824,#575,.T.);
#1035=EDGE_CURVE('',#839,#838,#397,.T.);
#1036=EDGE_CURVE('',#839,#835,#576,.T.);
#1037=EDGE_CURVE('',#839,#840,#577,.T.);
#1038=EDGE_CURVE('',#840,#836,#578,.T.);
#1039=EDGE_CURVE('',#810,#826,#579,.T.);
#1040=EDGE_CURVE('',#825,#811,#580,.T.);
#1041=EDGE_CURVE('',#827,#809,#581,.T.);
#1042=EDGE_CURVE('',#822,#816,#582,.T.);
#1043=EDGE_CURVE('',#841,#840,#398,.T.);
#1044=EDGE_CURVE('',#837,#841,#583,.T.);
#1045=EDGE_CURVE('',#819,#829,#399,.F.);
#1046=EDGE_CURVE('',#842,#843,#47,.T.);
#1047=EDGE_CURVE('',#842,#844,#584,.T.);
#1048=EDGE_CURVE('',#844,#845,#400,.T.);
#1049=EDGE_CURVE('',#845,#846,#585,.T.);
#1050=EDGE_CURVE('',#846,#847,#401,.T.);
#1051=EDGE_CURVE('',#847,#848,#586,.T.);
#1052=EDGE_CURVE('',#849,#848,#48,.T.);
#1053=EDGE_CURVE('',#850,#849,#49,.T.);
#1054=EDGE_CURVE('',#850,#793,#587,.T.);
#1055=EDGE_CURVE('',#793,#797,#588,.T.);
#1056=EDGE_CURVE('',#797,#851,#589,.T.);
#1057=EDGE_CURVE('',#843,#851,#50,.T.);
#1058=EDGE_CURVE('',#852,#853,#402,.T.);
#1059=EDGE_CURVE('',#853,#847,#403,.T.);
#1060=EDGE_CURVE('',#846,#852,#404,.T.);
#1061=EDGE_CURVE('',#854,#855,#405,.T.);
#1062=EDGE_CURVE('',#855,#853,#590,.T.);
#1063=EDGE_CURVE('',#852,#854,#591,.T.);
#1064=EDGE_CURVE('',#856,#857,#406,.T.);
#1065=EDGE_CURVE('',#857,#855,#407,.T.);
#1066=EDGE_CURVE('',#854,#856,#408,.T.);
#1067=EDGE_CURVE('',#858,#859,#51,.T.);
#1068=EDGE_CURVE('',#858,#857,#592,.T.);
#1069=EDGE_CURVE('',#856,#860,#593,.T.);
#1070=EDGE_CURVE('',#860,#861,#409,.T.);
#1071=EDGE_CURVE('',#861,#862,#594,.T.);
#1072=EDGE_CURVE('',#863,#862,#52,.T.);
#1073=EDGE_CURVE('',#863,#859,#595,.T.);
#1074=EDGE_CURVE('',#864,#865,#410,.T.);
#1075=EDGE_CURVE('',#865,#861,#411,.T.);
#1076=EDGE_CURVE('',#860,#864,#412,.T.);
#1077=EDGE_CURVE('',#866,#867,#413,.T.);
#1078=EDGE_CURVE('',#867,#865,#596,.T.);
#1079=EDGE_CURVE('',#864,#866,#597,.T.);
#1080=EDGE_CURVE('',#844,#867,#414,.T.);
#1081=EDGE_CURVE('',#866,#845,#415,.T.);
#1082=EDGE_CURVE('',#854,#868,#598,.T.);
#1083=EDGE_CURVE('',#869,#868,#416,.T.);
#1084=EDGE_CURVE('',#869,#856,#599,.T.);
#1085=EDGE_CURVE('',#870,#852,#600,.T.);
#1086=EDGE_CURVE('',#868,#870,#601,.T.);
#1087=EDGE_CURVE('',#846,#871,#602,.T.);
#1088=EDGE_CURVE('',#870,#871,#417,.T.);
#1089=EDGE_CURVE('',#872,#845,#603,.T.);
#1090=EDGE_CURVE('',#871,#872,#604,.T.);
#1091=EDGE_CURVE('',#873,#874,#605,.T.);
#1092=EDGE_CURVE('',#875,#873,#418,.T.);
#1093=EDGE_CURVE('',#876,#875,#606,.T.);
#1094=EDGE_CURVE('',#874,#876,#419,.T.);
#1095=EDGE_CURVE('',#850,#795,#420,.T.);
#1096=EDGE_CURVE('',#795,#793,#421,.T.);
#1097=EDGE_CURVE('',#795,#848,#422,.T.);
#1098=EDGE_CURVE('',#858,#877,#423,.T.);
#1099=EDGE_CURVE('',#877,#859,#424,.T.);
#1100=EDGE_CURVE('',#863,#878,#425,.T.);
#1101=EDGE_CURVE('',#878,#862,#426,.T.);
#1102=EDGE_CURVE('',#842,#799,#427,.T.);
#1103=EDGE_CURVE('',#799,#797,#428,.T.);
#1104=EDGE_CURVE('',#799,#851,#429,.T.);
#1105=EDGE_CURVE('',#879,#880,#430,.T.);
#1106=EDGE_CURVE('',#879,#849,#607,.T.);
#1107=EDGE_CURVE('',#795,#794,#608,.T.);
#1108=EDGE_CURVE('',#880,#879,#431,.T.);
#1109=EDGE_CURVE('',#881,#881,#432,.T.);
#1110=EDGE_CURVE('',#881,#880,#433,.T.);
#1111=EDGE_CURVE('',#882,#882,#434,.T.);
#1112=EDGE_CURVE('',#883,#883,#435,.T.);
#1113=EDGE_CURVE('',#883,#884,#436,.T.);
#1114=EDGE_CURVE('',#884,#885,#437,.T.);
#1115=EDGE_CURVE('',#885,#884,#438,.T.);
#1116=EDGE_CURVE('',#886,#887,#609,.T.);
#1117=EDGE_CURVE('',#888,#886,#439,.T.);
#1118=EDGE_CURVE('',#889,#888,#610,.T.);
#1119=EDGE_CURVE('',#890,#889,#440,.T.);
#1120=EDGE_CURVE('',#891,#890,#611,.T.);
#1121=EDGE_CURVE('',#892,#891,#441,.T.);
#1122=EDGE_CURVE('',#893,#892,#612,.T.);
#1123=EDGE_CURVE('',#887,#893,#442,.T.);
#1124=EDGE_CURVE('',#894,#894,#443,.T.);
#1125=EDGE_CURVE('',#895,#895,#444,.T.);
#1126=EDGE_CURVE('',#896,#896,#445,.T.);
#1127=EDGE_CURVE('',#897,#897,#446,.T.);
#1128=EDGE_CURVE('',#898,#898,#447,.T.);
#1129=EDGE_CURVE('',#885,#899,#613,.T.);
#1130=EDGE_CURVE('',#899,#899,#448,.T.);
#1131=EDGE_CURVE('',#894,#900,#449,.T.);
#1132=EDGE_CURVE('',#900,#901,#450,.T.);
#1133=EDGE_CURVE('',#901,#900,#451,.T.);
#1134=EDGE_CURVE('',#901,#902,#614,.T.);
#1135=EDGE_CURVE('',#902,#902,#452,.T.);
#1136=EDGE_CURVE('',#898,#903,#453,.T.);
#1137=EDGE_CURVE('',#903,#904,#454,.T.);
#1138=EDGE_CURVE('',#904,#903,#455,.T.);
#1139=EDGE_CURVE('',#904,#905,#615,.T.);
#1140=EDGE_CURVE('',#905,#905,#456,.T.);
#1141=EDGE_CURVE('',#895,#906,#457,.T.);
#1142=EDGE_CURVE('',#906,#907,#458,.T.);
#1143=EDGE_CURVE('',#907,#906,#459,.T.);
#1144=EDGE_CURVE('',#907,#908,#616,.T.);
#1145=EDGE_CURVE('',#908,#908,#460,.T.);
#1146=EDGE_CURVE('',#909,#909,#461,.T.);
#1147=EDGE_CURVE('',#909,#910,#462,.T.);
#1148=EDGE_CURVE('',#910,#911,#463,.T.);
#1149=EDGE_CURVE('',#911,#910,#464,.T.);
#1150=EDGE_CURVE('',#911,#843,#617,.T.);
#1151=EDGE_CURVE('',#799,#798,#618,.T.);
#1152=EDGE_CURVE('',#912,#912,#465,.T.);
#1153=EDGE_CURVE('',#913,#913,#466,.T.);
#1154=EDGE_CURVE('',#913,#914,#467,.T.);
#1155=EDGE_CURVE('',#914,#915,#468,.T.);
#1156=EDGE_CURVE('',#915,#914,#469,.T.);
#1157=EDGE_CURVE('',#915,#878,#619,.T.);
#1158=EDGE_CURVE('',#916,#916,#470,.T.);
#1159=EDGE_CURVE('',#917,#917,#471,.T.);
#1160=EDGE_CURVE('',#917,#918,#472,.T.);
#1161=EDGE_CURVE('',#918,#919,#473,.T.);
#1162=EDGE_CURVE('',#919,#918,#474,.T.);
#1163=EDGE_CURVE('',#919,#877,#620,.T.);
#1164=EDGE_CURVE('',#920,#920,#475,.T.);
#1165=EDGE_CURVE('',#874,#921,#476,.T.);
#1166=EDGE_CURVE('',#921,#922,#621,.T.);
#1167=EDGE_CURVE('',#922,#873,#477,.T.);
#1168=EDGE_CURVE('',#923,#875,#478,.T.);
#1169=EDGE_CURVE('',#922,#923,#479,.T.);
#1170=EDGE_CURVE('',#924,#876,#480,.T.);
#1171=EDGE_CURVE('',#923,#924,#622,.T.);
#1172=EDGE_CURVE('',#924,#921,#481,.T.);
#1173=EDGE_CURVE('',#925,#922,#623,.T.);
#1174=EDGE_CURVE('',#926,#925,#482,.T.);
#1175=EDGE_CURVE('',#926,#923,#624,.T.);
#1176=EDGE_CURVE('',#927,#921,#625,.T.);
#1177=EDGE_CURVE('',#925,#927,#626,.T.);
#1178=EDGE_CURVE('',#928,#871,#483,.T.);
#1179=EDGE_CURVE('',#872,#929,#484,.T.);
#1180=EDGE_CURVE('',#929,#928,#627,.T.);
#1181=EDGE_CURVE('',#930,#931,#485,.T.);
#1182=EDGE_CURVE('',#931,#929,#486,.T.);
#1183=EDGE_CURVE('',#872,#930,#487,.T.);
#1184=EDGE_CURVE('',#932,#933,#488,.T.);
#1185=EDGE_CURVE('',#933,#931,#628,.T.);
#1186=EDGE_CURVE('',#930,#932,#629,.T.);
#1187=EDGE_CURVE('',#934,#935,#489,.T.);
#1188=EDGE_CURVE('',#935,#933,#490,.T.);
#1189=EDGE_CURVE('',#932,#934,#491,.T.);
#1190=EDGE_CURVE('',#869,#936,#492,.T.);
#1191=EDGE_CURVE('',#936,#935,#630,.T.);
#1192=EDGE_CURVE('',#934,#869,#631,.T.);
#1193=EDGE_CURVE('',#868,#937,#493,.T.);
#1194=EDGE_CURVE('',#937,#936,#494,.T.);
#1195=EDGE_CURVE('',#870,#938,#495,.T.);
#1196=EDGE_CURVE('',#938,#937,#632,.T.);
#1197=EDGE_CURVE('',#928,#938,#496,.T.);
#1198=EDGE_CURVE('',#860,#934,#633,.T.);
#1199=EDGE_CURVE('',#932,#864,#634,.T.);
#1200=EDGE_CURVE('',#866,#930,#635,.T.);
#1201=EDGE_CURVE('',#939,#940,#497,.T.);
#1202=EDGE_CURVE('',#939,#941,#636,.T.);
#1203=EDGE_CURVE('',#942,#941,#498,.T.);
#1204=EDGE_CURVE('',#942,#943,#637,.T.);
#1205=EDGE_CURVE('',#944,#943,#499,.T.);
#1206=EDGE_CURVE('',#944,#945,#638,.T.);
#1207=EDGE_CURVE('',#946,#945,#500,.T.);
#1208=EDGE_CURVE('',#946,#940,#639,.T.);
#1209=EDGE_CURVE('',#947,#925,#501,.T.);
#1210=EDGE_CURVE('',#927,#948,#502,.T.);
#1211=EDGE_CURVE('',#948,#947,#640,.T.);
#1212=EDGE_CURVE('',#949,#950,#503,.T.);
#1213=EDGE_CURVE('',#950,#948,#504,.T.);
#1214=EDGE_CURVE('',#927,#949,#505,.T.);
#1215=EDGE_CURVE('',#926,#951,#506,.T.);
#1216=EDGE_CURVE('',#951,#950,#641,.T.);
#1217=EDGE_CURVE('',#949,#926,#642,.T.);
#1218=EDGE_CURVE('',#947,#951,#507,.T.);
#1219=EDGE_CURVE('',#949,#924,#643,.T.);
#1220=EDGE_CURVE('',#952,#953,#644,.T.);
#1221=EDGE_CURVE('',#941,#952,#645,.T.);
#1222=EDGE_CURVE('',#953,#939,#646,.T.);
#1223=EDGE_CURVE('',#887,#952,#508,.T.);
#1224=EDGE_CURVE('',#953,#886,#509,.T.);
#1225=EDGE_CURVE('',#954,#888,#510,.T.);
#1226=EDGE_CURVE('',#953,#954,#511,.T.);
#1227=EDGE_CURVE('',#955,#889,#512,.T.);
#1228=EDGE_CURVE('',#954,#955,#647,.T.);
#1229=EDGE_CURVE('',#956,#890,#513,.T.);
#1230=EDGE_CURVE('',#955,#956,#514,.T.);
#1231=EDGE_CURVE('',#957,#891,#515,.T.);
#1232=EDGE_CURVE('',#956,#957,#648,.T.);
#1233=EDGE_CURVE('',#958,#892,#516,.T.);
#1234=EDGE_CURVE('',#957,#958,#517,.T.);
#1235=EDGE_CURVE('',#959,#893,#518,.T.);
#1236=EDGE_CURVE('',#958,#959,#649,.T.);
#1237=EDGE_CURVE('',#959,#952,#519,.T.);
#1238=EDGE_CURVE('',#955,#946,#650,.T.);
#1239=EDGE_CURVE('',#945,#956,#651,.T.);
#1240=EDGE_CURVE('',#940,#954,#652,.T.);
#1241=EDGE_CURVE('',#959,#942,#653,.T.);
#1242=EDGE_CURVE('',#943,#958,#654,.T.);
#1243=EDGE_CURVE('',#957,#944,#655,.T.);
#1244=EDGE_CURVE('',#831,#841,#656,.T.);
#1245=EDGE_CURVE('',#960,#960,#520,.T.);
#1246=EDGE_CURVE('',#960,#961,#521,.T.);
#1247=EDGE_CURVE('',#961,#961,#522,.T.);
#1248=EDGE_CURVE('',#962,#962,#523,.T.);
#1249=EDGE_CURVE('',#963,#963,#524,.T.);
#1250=EDGE_CURVE('',#963,#964,#525,.T.);
#1251=EDGE_CURVE('',#964,#964,#526,.T.);
#1252=EDGE_CURVE('',#965,#965,#527,.T.);
#1253=EDGE_CURVE('',#897,#961,#528,.T.);
#1254=EDGE_CURVE('',#896,#964,#529,.T.);
#1255=EDGE_CURVE('',#796,#798,#530,.T.);
#1256=EDGE_CURVE('',#966,#966,#531,.T.);
#1257=EDGE_CURVE('',#966,#962,#657,.T.);
#1258=EDGE_CURVE('',#792,#794,#532,.T.);
#1259=EDGE_CURVE('',#967,#967,#533,.T.);
#1260=EDGE_CURVE('',#967,#965,#658,.T.);
#1261=EDGE_CURVE('',#908,#968,#659,.T.);
#1262=EDGE_CURVE('',#969,#968,#534,.T.);
#1263=EDGE_CURVE('',#968,#969,#535,.T.);
#1264=EDGE_CURVE('',#902,#970,#660,.T.);
#1265=EDGE_CURVE('',#971,#970,#536,.T.);
#1266=EDGE_CURVE('',#970,#971,#537,.T.);
#1267=EDGE_CURVE('',#899,#972,#661,.T.);
#1268=EDGE_CURVE('',#973,#972,#538,.T.);
#1269=EDGE_CURVE('',#972,#973,#539,.T.);
#1270=EDGE_CURVE('',#905,#974,#662,.T.);
#1271=EDGE_CURVE('',#975,#974,#540,.T.);
#1272=EDGE_CURVE('',#974,#975,#541,.T.);
#1273=EDGE_CURVE('',#912,#969,#663,.T.);
#1274=EDGE_CURVE('',#916,#971,#664,.T.);
#1275=EDGE_CURVE('',#882,#975,#665,.T.);
#1276=EDGE_CURVE('',#920,#973,#666,.T.);
#1277=ORIENTED_EDGE('',*,*,#976,.F.);
#1278=ORIENTED_EDGE('',*,*,#977,.F.);
#1279=ORIENTED_EDGE('',*,*,#978,.F.);
#1280=ORIENTED_EDGE('',*,*,#979,.F.);
#1281=ORIENTED_EDGE('',*,*,#980,.F.);
#1282=ORIENTED_EDGE('',*,*,#981,.F.);
#1283=ORIENTED_EDGE('',*,*,#982,.F.);
#1284=ORIENTED_EDGE('',*,*,#983,.F.);
#1285=ORIENTED_EDGE('',*,*,#984,.T.);
#1286=ORIENTED_EDGE('',*,*,#985,.T.);
#1287=ORIENTED_EDGE('',*,*,#986,.T.);
#1288=ORIENTED_EDGE('',*,*,#987,.T.);
#1289=ORIENTED_EDGE('',*,*,#988,.T.);
#1290=ORIENTED_EDGE('',*,*,#989,.F.);
#1291=ORIENTED_EDGE('',*,*,#990,.T.);
#1292=ORIENTED_EDGE('',*,*,#991,.T.);
#1293=ORIENTED_EDGE('',*,*,#990,.F.);
#1294=ORIENTED_EDGE('',*,*,#992,.F.);
#1295=ORIENTED_EDGE('',*,*,#993,.F.);
#1296=ORIENTED_EDGE('',*,*,#994,.F.);
#1297=ORIENTED_EDGE('',*,*,#995,.F.);
#1298=ORIENTED_EDGE('',*,*,#996,.F.);
#1299=ORIENTED_EDGE('',*,*,#997,.F.);
#1300=ORIENTED_EDGE('',*,*,#998,.T.);
#1301=ORIENTED_EDGE('',*,*,#999,.F.);
#1302=ORIENTED_EDGE('',*,*,#1000,.F.);
#1303=ORIENTED_EDGE('',*,*,#1001,.T.);
#1304=ORIENTED_EDGE('',*,*,#989,.T.);
#1305=ORIENTED_EDGE('',*,*,#1002,.T.);
#1306=ORIENTED_EDGE('',*,*,#1003,.F.);
#1307=ORIENTED_EDGE('',*,*,#992,.T.);
#1308=ORIENTED_EDGE('',*,*,#988,.F.);
#1309=ORIENTED_EDGE('',*,*,#1004,.T.);
#1310=ORIENTED_EDGE('',*,*,#1005,.F.);
#1311=ORIENTED_EDGE('',*,*,#1002,.F.);
#1312=ORIENTED_EDGE('',*,*,#987,.F.);
#1313=ORIENTED_EDGE('',*,*,#1006,.T.);
#1314=ORIENTED_EDGE('',*,*,#1007,.F.);
#1315=ORIENTED_EDGE('',*,*,#1004,.F.);
#1316=ORIENTED_EDGE('',*,*,#999,.T.);
#1317=ORIENTED_EDGE('',*,*,#1008,.T.);
#1318=ORIENTED_EDGE('',*,*,#1009,.T.);
#1319=ORIENTED_EDGE('',*,*,#1010,.F.);
#1320=ORIENTED_EDGE('',*,*,#984,.F.);
#1321=ORIENTED_EDGE('',*,*,#1011,.T.);
#1322=ORIENTED_EDGE('',*,*,#1012,.F.);
#1323=ORIENTED_EDGE('',*,*,#1009,.F.);
#1324=ORIENTED_EDGE('',*,*,#1013,.F.);
#1325=ORIENTED_EDGE('',*,*,#1014,.F.);
#1326=ORIENTED_EDGE('',*,*,#1015,.F.);
#1327=ORIENTED_EDGE('',*,*,#1016,.F.);
#1328=ORIENTED_EDGE('',*,*,#1017,.T.);
#1329=ORIENTED_EDGE('',*,*,#1018,.F.);
#1330=ORIENTED_EDGE('',*,*,#1019,.F.);
#1331=ORIENTED_EDGE('',*,*,#985,.F.);
#1332=ORIENTED_EDGE('',*,*,#1019,.T.);
#1333=ORIENTED_EDGE('',*,*,#1020,.F.);
#1334=ORIENTED_EDGE('',*,*,#1021,.T.);
#1335=ORIENTED_EDGE('',*,*,#1022,.F.);
#1336=ORIENTED_EDGE('',*,*,#1023,.T.);
#1337=ORIENTED_EDGE('',*,*,#1024,.F.);
#1338=ORIENTED_EDGE('',*,*,#1025,.T.);
#1339=ORIENTED_EDGE('',*,*,#1024,.T.);
#1340=ORIENTED_EDGE('',*,*,#1026,.F.);
#1341=ORIENTED_EDGE('',*,*,#1027,.T.);
#1342=ORIENTED_EDGE('',*,*,#1028,.T.);
#1343=ORIENTED_EDGE('',*,*,#1029,.T.);
#1344=ORIENTED_EDGE('',*,*,#1030,.F.);
#1345=ORIENTED_EDGE('',*,*,#1023,.F.);
#1346=ORIENTED_EDGE('',*,*,#1031,.T.);
#1347=ORIENTED_EDGE('',*,*,#1032,.F.);
#1348=ORIENTED_EDGE('',*,*,#1026,.T.);
#1349=ORIENTED_EDGE('',*,*,#1014,.T.);
#1350=ORIENTED_EDGE('',*,*,#1033,.T.);
#1351=ORIENTED_EDGE('',*,*,#997,.T.);
#1352=ORIENTED_EDGE('',*,*,#1034,.T.);
#1353=ORIENTED_EDGE('',*,*,#1008,.F.);
#1354=ORIENTED_EDGE('',*,*,#998,.F.);
#1355=ORIENTED_EDGE('',*,*,#1033,.F.);
#1356=ORIENTED_EDGE('',*,*,#1013,.T.);
#1357=ORIENTED_EDGE('',*,*,#1027,.F.);
#1358=ORIENTED_EDGE('',*,*,#1032,.T.);
#1359=ORIENTED_EDGE('',*,*,#1035,.F.);
#1360=ORIENTED_EDGE('',*,*,#1036,.T.);
#1361=ORIENTED_EDGE('',*,*,#1036,.F.);
#1362=ORIENTED_EDGE('',*,*,#1037,.T.);
#1363=ORIENTED_EDGE('',*,*,#1038,.T.);
#1364=ORIENTED_EDGE('',*,*,#1028,.F.);
#1365=ORIENTED_EDGE('',*,*,#995,.T.);
#1366=ORIENTED_EDGE('',*,*,#1039,.T.);
#1367=ORIENTED_EDGE('',*,*,#1016,.T.);
#1368=ORIENTED_EDGE('',*,*,#1040,.T.);
#1369=ORIENTED_EDGE('',*,*,#1041,.F.);
#1370=ORIENTED_EDGE('',*,*,#1017,.F.);
#1371=ORIENTED_EDGE('',*,*,#1039,.F.);
#1372=ORIENTED_EDGE('',*,*,#994,.T.);
#1373=ORIENTED_EDGE('',*,*,#1000,.T.);
#1374=ORIENTED_EDGE('',*,*,#1010,.T.);
#1375=ORIENTED_EDGE('',*,*,#1012,.T.);
#1376=ORIENTED_EDGE('',*,*,#1042,.T.);
#1377=ORIENTED_EDGE('',*,*,#991,.F.);
#1378=ORIENTED_EDGE('',*,*,#1001,.F.);
#1379=ORIENTED_EDGE('',*,*,#1042,.F.);
#1380=ORIENTED_EDGE('',*,*,#1011,.F.);
#1381=ORIENTED_EDGE('',*,*,#1029,.F.);
#1382=ORIENTED_EDGE('',*,*,#1038,.F.);
#1383=ORIENTED_EDGE('',*,*,#1043,.F.);
#1384=ORIENTED_EDGE('',*,*,#1044,.F.);
#1385=ORIENTED_EDGE('',*,*,#1005,.T.);
#1386=ORIENTED_EDGE('',*,*,#1007,.T.);
#1387=ORIENTED_EDGE('',*,*,#1045,.T.);
#1388=ORIENTED_EDGE('',*,*,#1020,.T.);
#1389=ORIENTED_EDGE('',*,*,#1018,.T.);
#1390=ORIENTED_EDGE('',*,*,#1041,.T.);
#1391=ORIENTED_EDGE('',*,*,#993,.T.);
#1392=ORIENTED_EDGE('',*,*,#1003,.T.);
#1393=ORIENTED_EDGE('',*,*,#1046,.F.);
#1394=ORIENTED_EDGE('',*,*,#1047,.T.);
#1395=ORIENTED_EDGE('',*,*,#1048,.T.);
#1396=ORIENTED_EDGE('',*,*,#1049,.T.);
#1397=ORIENTED_EDGE('',*,*,#1050,.T.);
#1398=ORIENTED_EDGE('',*,*,#1051,.T.);
#1399=ORIENTED_EDGE('',*,*,#1052,.F.);
#1400=ORIENTED_EDGE('',*,*,#1053,.F.);
#1401=ORIENTED_EDGE('',*,*,#1054,.T.);
#1402=ORIENTED_EDGE('',*,*,#1055,.T.);
#1403=ORIENTED_EDGE('',*,*,#1056,.T.);
#1404=ORIENTED_EDGE('',*,*,#1057,.F.);
#1405=ORIENTED_EDGE('',*,*,#1058,.T.);
#1406=ORIENTED_EDGE('',*,*,#1059,.T.);
#1407=ORIENTED_EDGE('',*,*,#1050,.F.);
#1408=ORIENTED_EDGE('',*,*,#1060,.T.);
#1409=ORIENTED_EDGE('',*,*,#1061,.T.);
#1410=ORIENTED_EDGE('',*,*,#1062,.T.);
#1411=ORIENTED_EDGE('',*,*,#1058,.F.);
#1412=ORIENTED_EDGE('',*,*,#1063,.T.);
#1413=ORIENTED_EDGE('',*,*,#1064,.T.);
#1414=ORIENTED_EDGE('',*,*,#1065,.T.);
#1415=ORIENTED_EDGE('',*,*,#1061,.F.);
#1416=ORIENTED_EDGE('',*,*,#1066,.T.);
#1417=ORIENTED_EDGE('',*,*,#1067,.F.);
#1418=ORIENTED_EDGE('',*,*,#1068,.T.);
#1419=ORIENTED_EDGE('',*,*,#1064,.F.);
#1420=ORIENTED_EDGE('',*,*,#1069,.T.);
#1421=ORIENTED_EDGE('',*,*,#1070,.T.);
#1422=ORIENTED_EDGE('',*,*,#1071,.T.);
#1423=ORIENTED_EDGE('',*,*,#1072,.F.);
#1424=ORIENTED_EDGE('',*,*,#1073,.T.);
#1425=ORIENTED_EDGE('',*,*,#1074,.T.);
#1426=ORIENTED_EDGE('',*,*,#1075,.T.);
#1427=ORIENTED_EDGE('',*,*,#1070,.F.);
#1428=ORIENTED_EDGE('',*,*,#1076,.T.);
#1429=ORIENTED_EDGE('',*,*,#1077,.T.);
#1430=ORIENTED_EDGE('',*,*,#1078,.T.);
#1431=ORIENTED_EDGE('',*,*,#1074,.F.);
#1432=ORIENTED_EDGE('',*,*,#1079,.T.);
#1433=ORIENTED_EDGE('',*,*,#1048,.F.);
#1434=ORIENTED_EDGE('',*,*,#1080,.T.);
#1435=ORIENTED_EDGE('',*,*,#1077,.F.);
#1436=ORIENTED_EDGE('',*,*,#1081,.T.);
#1437=ORIENTED_EDGE('',*,*,#1066,.F.);
#1438=ORIENTED_EDGE('',*,*,#1082,.T.);
#1439=ORIENTED_EDGE('',*,*,#1083,.F.);
#1440=ORIENTED_EDGE('',*,*,#1084,.T.);
#1441=ORIENTED_EDGE('',*,*,#1063,.F.);
#1442=ORIENTED_EDGE('',*,*,#1085,.F.);
#1443=ORIENTED_EDGE('',*,*,#1086,.F.);
#1444=ORIENTED_EDGE('',*,*,#1082,.F.);
#1445=ORIENTED_EDGE('',*,*,#1060,.F.);
#1446=ORIENTED_EDGE('',*,*,#1087,.T.);
#1447=ORIENTED_EDGE('',*,*,#1088,.F.);
#1448=ORIENTED_EDGE('',*,*,#1085,.T.);
#1449=ORIENTED_EDGE('',*,*,#1049,.F.);
#1450=ORIENTED_EDGE('',*,*,#1089,.F.);
#1451=ORIENTED_EDGE('',*,*,#1090,.F.);
#1452=ORIENTED_EDGE('',*,*,#1087,.F.);
#1453=ORIENTED_EDGE('',*,*,#1091,.F.);
#1454=ORIENTED_EDGE('',*,*,#1092,.F.);
#1455=ORIENTED_EDGE('',*,*,#1093,.F.);
#1456=ORIENTED_EDGE('',*,*,#1094,.F.);
#1457=ORIENTED_EDGE('',*,*,#1054,.F.);
#1458=ORIENTED_EDGE('',*,*,#1095,.T.);
#1459=ORIENTED_EDGE('',*,*,#1096,.T.);
#1460=ORIENTED_EDGE('',*,*,#1055,.F.);
#1461=ORIENTED_EDGE('',*,*,#979,.T.);
#1462=ORIENTED_EDGE('',*,*,#1097,.T.);
#1463=ORIENTED_EDGE('',*,*,#1051,.F.);
#1464=ORIENTED_EDGE('',*,*,#1059,.F.);
#1465=ORIENTED_EDGE('',*,*,#1062,.F.);
#1466=ORIENTED_EDGE('',*,*,#1065,.F.);
#1467=ORIENTED_EDGE('',*,*,#1068,.F.);
#1468=ORIENTED_EDGE('',*,*,#1098,.T.);
#1469=ORIENTED_EDGE('',*,*,#1099,.T.);
#1470=ORIENTED_EDGE('',*,*,#1073,.F.);
#1471=ORIENTED_EDGE('',*,*,#1100,.T.);
#1472=ORIENTED_EDGE('',*,*,#1101,.T.);
#1473=ORIENTED_EDGE('',*,*,#1071,.F.);
#1474=ORIENTED_EDGE('',*,*,#1075,.F.);
#1475=ORIENTED_EDGE('',*,*,#1078,.F.);
#1476=ORIENTED_EDGE('',*,*,#1080,.F.);
#1477=ORIENTED_EDGE('',*,*,#1047,.F.);
#1478=ORIENTED_EDGE('',*,*,#1102,.T.);
#1479=ORIENTED_EDGE('',*,*,#1103,.T.);
#1480=ORIENTED_EDGE('',*,*,#996,.T.);
#1481=ORIENTED_EDGE('',*,*,#1040,.F.);
#1482=ORIENTED_EDGE('',*,*,#1015,.T.);
#1483=ORIENTED_EDGE('',*,*,#1034,.F.);
#1484=ORIENTED_EDGE('',*,*,#1056,.F.);
#1485=ORIENTED_EDGE('',*,*,#983,.T.);
#1486=ORIENTED_EDGE('',*,*,#1104,.T.);
#1487=ORIENTED_EDGE('',*,*,#1105,.F.);
#1488=ORIENTED_EDGE('',*,*,#1106,.T.);
#1489=ORIENTED_EDGE('',*,*,#1052,.T.);
#1490=ORIENTED_EDGE('',*,*,#1097,.F.);
#1491=ORIENTED_EDGE('',*,*,#1107,.T.);
#1492=ORIENTED_EDGE('',*,*,#1107,.F.);
#1493=ORIENTED_EDGE('',*,*,#1095,.F.);
#1494=ORIENTED_EDGE('',*,*,#1053,.T.);
#1495=ORIENTED_EDGE('',*,*,#1106,.F.);
#1496=ORIENTED_EDGE('',*,*,#1108,.F.);
#1497=ORIENTED_EDGE('',*,*,#1109,.T.);
#1498=ORIENTED_EDGE('',*,*,#1110,.T.);
#1499=ORIENTED_EDGE('',*,*,#1108,.T.);
#1500=ORIENTED_EDGE('',*,*,#1105,.T.);
#1501=ORIENTED_EDGE('',*,*,#1110,.F.);
#1502=ORIENTED_EDGE('',*,*,#1109,.F.);
#1503=ORIENTED_EDGE('',*,*,#1111,.T.);
#1504=ORIENTED_EDGE('',*,*,#1112,.T.);
#1505=ORIENTED_EDGE('',*,*,#1113,.T.);
#1506=ORIENTED_EDGE('',*,*,#1114,.T.);
#1507=ORIENTED_EDGE('',*,*,#1115,.T.);
#1508=ORIENTED_EDGE('',*,*,#1113,.F.);
#1509=ORIENTED_EDGE('',*,*,#1116,.F.);
#1510=ORIENTED_EDGE('',*,*,#1117,.F.);
#1511=ORIENTED_EDGE('',*,*,#1118,.F.);
#1512=ORIENTED_EDGE('',*,*,#1119,.F.);
#1513=ORIENTED_EDGE('',*,*,#1120,.F.);
#1514=ORIENTED_EDGE('',*,*,#1121,.F.);
#1515=ORIENTED_EDGE('',*,*,#1122,.F.);
#1516=ORIENTED_EDGE('',*,*,#1123,.F.);
#1517=ORIENTED_EDGE('',*,*,#1124,.F.);
#1518=ORIENTED_EDGE('',*,*,#1125,.F.);
#1519=ORIENTED_EDGE('',*,*,#1126,.F.);
#1520=ORIENTED_EDGE('',*,*,#1127,.F.);
#1521=ORIENTED_EDGE('',*,*,#1128,.F.);
#1522=ORIENTED_EDGE('',*,*,#1112,.F.);
#1523=ORIENTED_EDGE('',*,*,#1114,.F.);
#1524=ORIENTED_EDGE('',*,*,#1115,.F.);
#1525=ORIENTED_EDGE('',*,*,#1129,.T.);
#1526=ORIENTED_EDGE('',*,*,#1130,.T.);
#1527=ORIENTED_EDGE('',*,*,#1129,.F.);
#1528=ORIENTED_EDGE('',*,*,#1124,.T.);
#1529=ORIENTED_EDGE('',*,*,#1131,.T.);
#1530=ORIENTED_EDGE('',*,*,#1132,.T.);
#1531=ORIENTED_EDGE('',*,*,#1133,.T.);
#1532=ORIENTED_EDGE('',*,*,#1131,.F.);
#1533=ORIENTED_EDGE('',*,*,#1132,.F.);
#1534=ORIENTED_EDGE('',*,*,#1133,.F.);
#1535=ORIENTED_EDGE('',*,*,#1134,.T.);
#1536=ORIENTED_EDGE('',*,*,#1135,.T.);
#1537=ORIENTED_EDGE('',*,*,#1134,.F.);
#1538=ORIENTED_EDGE('',*,*,#1128,.T.);
#1539=ORIENTED_EDGE('',*,*,#1136,.T.);
#1540=ORIENTED_EDGE('',*,*,#1137,.T.);
#1541=ORIENTED_EDGE('',*,*,#1138,.T.);
#1542=ORIENTED_EDGE('',*,*,#1136,.F.);
#1543=ORIENTED_EDGE('',*,*,#1137,.F.);
#1544=ORIENTED_EDGE('',*,*,#1138,.F.);
#1545=ORIENTED_EDGE('',*,*,#1139,.T.);
#1546=ORIENTED_EDGE('',*,*,#1140,.T.);
#1547=ORIENTED_EDGE('',*,*,#1139,.F.);
#1548=ORIENTED_EDGE('',*,*,#1125,.T.);
#1549=ORIENTED_EDGE('',*,*,#1141,.T.);
#1550=ORIENTED_EDGE('',*,*,#1142,.T.);
#1551=ORIENTED_EDGE('',*,*,#1143,.T.);
#1552=ORIENTED_EDGE('',*,*,#1141,.F.);
#1553=ORIENTED_EDGE('',*,*,#1142,.F.);
#1554=ORIENTED_EDGE('',*,*,#1143,.F.);
#1555=ORIENTED_EDGE('',*,*,#1144,.T.);
#1556=ORIENTED_EDGE('',*,*,#1145,.T.);
#1557=ORIENTED_EDGE('',*,*,#1144,.F.);
#1558=ORIENTED_EDGE('',*,*,#1146,.T.);
#1559=ORIENTED_EDGE('',*,*,#1147,.T.);
#1560=ORIENTED_EDGE('',*,*,#1148,.T.);
#1561=ORIENTED_EDGE('',*,*,#1149,.T.);
#1562=ORIENTED_EDGE('',*,*,#1147,.F.);
#1563=ORIENTED_EDGE('',*,*,#1149,.F.);
#1564=ORIENTED_EDGE('',*,*,#1150,.T.);
#1565=ORIENTED_EDGE('',*,*,#1057,.T.);
#1566=ORIENTED_EDGE('',*,*,#1104,.F.);
#1567=ORIENTED_EDGE('',*,*,#1151,.T.);
#1568=ORIENTED_EDGE('',*,*,#1151,.F.);
#1569=ORIENTED_EDGE('',*,*,#1102,.F.);
#1570=ORIENTED_EDGE('',*,*,#1046,.T.);
#1571=ORIENTED_EDGE('',*,*,#1150,.F.);
#1572=ORIENTED_EDGE('',*,*,#1148,.F.);
#1573=ORIENTED_EDGE('',*,*,#1146,.F.);
#1574=ORIENTED_EDGE('',*,*,#1152,.T.);
#1575=ORIENTED_EDGE('',*,*,#1153,.T.);
#1576=ORIENTED_EDGE('',*,*,#1154,.T.);
#1577=ORIENTED_EDGE('',*,*,#1155,.T.);
#1578=ORIENTED_EDGE('',*,*,#1156,.T.);
#1579=ORIENTED_EDGE('',*,*,#1154,.F.);
#1580=ORIENTED_EDGE('',*,*,#1156,.F.);
#1581=ORIENTED_EDGE('',*,*,#1157,.T.);
#1582=ORIENTED_EDGE('',*,*,#1100,.F.);
#1583=ORIENTED_EDGE('',*,*,#1072,.T.);
#1584=ORIENTED_EDGE('',*,*,#1101,.F.);
#1585=ORIENTED_EDGE('',*,*,#1157,.F.);
#1586=ORIENTED_EDGE('',*,*,#1155,.F.);
#1587=ORIENTED_EDGE('',*,*,#1153,.F.);
#1588=ORIENTED_EDGE('',*,*,#1158,.T.);
#1589=ORIENTED_EDGE('',*,*,#1159,.T.);
#1590=ORIENTED_EDGE('',*,*,#1160,.T.);
#1591=ORIENTED_EDGE('',*,*,#1161,.T.);
#1592=ORIENTED_EDGE('',*,*,#1162,.T.);
#1593=ORIENTED_EDGE('',*,*,#1160,.F.);
#1594=ORIENTED_EDGE('',*,*,#1162,.F.);
#1595=ORIENTED_EDGE('',*,*,#1163,.T.);
#1596=ORIENTED_EDGE('',*,*,#1098,.F.);
#1597=ORIENTED_EDGE('',*,*,#1067,.T.);
#1598=ORIENTED_EDGE('',*,*,#1099,.F.);
#1599=ORIENTED_EDGE('',*,*,#1163,.F.);
#1600=ORIENTED_EDGE('',*,*,#1161,.F.);
#1601=ORIENTED_EDGE('',*,*,#1159,.F.);
#1602=ORIENTED_EDGE('',*,*,#1164,.T.);
#1603=ORIENTED_EDGE('',*,*,#1165,.T.);
#1604=ORIENTED_EDGE('',*,*,#1166,.T.);
#1605=ORIENTED_EDGE('',*,*,#1167,.T.);
#1606=ORIENTED_EDGE('',*,*,#1091,.T.);
#1607=ORIENTED_EDGE('',*,*,#1168,.T.);
#1608=ORIENTED_EDGE('',*,*,#1092,.T.);
#1609=ORIENTED_EDGE('',*,*,#1167,.F.);
#1610=ORIENTED_EDGE('',*,*,#1169,.T.);
#1611=ORIENTED_EDGE('',*,*,#1170,.T.);
#1612=ORIENTED_EDGE('',*,*,#1093,.T.);
#1613=ORIENTED_EDGE('',*,*,#1168,.F.);
#1614=ORIENTED_EDGE('',*,*,#1171,.T.);
#1615=ORIENTED_EDGE('',*,*,#1165,.F.);
#1616=ORIENTED_EDGE('',*,*,#1094,.T.);
#1617=ORIENTED_EDGE('',*,*,#1170,.F.);
#1618=ORIENTED_EDGE('',*,*,#1172,.T.);
#1619=ORIENTED_EDGE('',*,*,#1169,.F.);
#1620=ORIENTED_EDGE('',*,*,#1173,.F.);
#1621=ORIENTED_EDGE('',*,*,#1174,.F.);
#1622=ORIENTED_EDGE('',*,*,#1175,.T.);
#1623=ORIENTED_EDGE('',*,*,#1166,.F.);
#1624=ORIENTED_EDGE('',*,*,#1176,.F.);
#1625=ORIENTED_EDGE('',*,*,#1177,.F.);
#1626=ORIENTED_EDGE('',*,*,#1173,.T.);
#1627=ORIENTED_EDGE('',*,*,#1178,.T.);
#1628=ORIENTED_EDGE('',*,*,#1090,.T.);
#1629=ORIENTED_EDGE('',*,*,#1179,.T.);
#1630=ORIENTED_EDGE('',*,*,#1180,.T.);
#1631=ORIENTED_EDGE('',*,*,#1181,.T.);
#1632=ORIENTED_EDGE('',*,*,#1182,.T.);
#1633=ORIENTED_EDGE('',*,*,#1179,.F.);
#1634=ORIENTED_EDGE('',*,*,#1183,.T.);
#1635=ORIENTED_EDGE('',*,*,#1184,.T.);
#1636=ORIENTED_EDGE('',*,*,#1185,.T.);
#1637=ORIENTED_EDGE('',*,*,#1181,.F.);
#1638=ORIENTED_EDGE('',*,*,#1186,.T.);
#1639=ORIENTED_EDGE('',*,*,#1187,.T.);
#1640=ORIENTED_EDGE('',*,*,#1188,.T.);
#1641=ORIENTED_EDGE('',*,*,#1184,.F.);
#1642=ORIENTED_EDGE('',*,*,#1189,.T.);
#1643=ORIENTED_EDGE('',*,*,#1190,.T.);
#1644=ORIENTED_EDGE('',*,*,#1191,.T.);
#1645=ORIENTED_EDGE('',*,*,#1187,.F.);
#1646=ORIENTED_EDGE('',*,*,#1192,.T.);
#1647=ORIENTED_EDGE('',*,*,#1193,.T.);
#1648=ORIENTED_EDGE('',*,*,#1194,.T.);
#1649=ORIENTED_EDGE('',*,*,#1190,.F.);
#1650=ORIENTED_EDGE('',*,*,#1083,.T.);
#1651=ORIENTED_EDGE('',*,*,#1195,.T.);
#1652=ORIENTED_EDGE('',*,*,#1196,.T.);
#1653=ORIENTED_EDGE('',*,*,#1193,.F.);
#1654=ORIENTED_EDGE('',*,*,#1086,.T.);
#1655=ORIENTED_EDGE('',*,*,#1195,.F.);
#1656=ORIENTED_EDGE('',*,*,#1088,.T.);
#1657=ORIENTED_EDGE('',*,*,#1178,.F.);
#1658=ORIENTED_EDGE('',*,*,#1197,.T.);
#1659=ORIENTED_EDGE('',*,*,#1076,.F.);
#1660=ORIENTED_EDGE('',*,*,#1198,.T.);
#1661=ORIENTED_EDGE('',*,*,#1189,.F.);
#1662=ORIENTED_EDGE('',*,*,#1199,.T.);
#1663=ORIENTED_EDGE('',*,*,#1079,.F.);
#1664=ORIENTED_EDGE('',*,*,#1199,.F.);
#1665=ORIENTED_EDGE('',*,*,#1186,.F.);
#1666=ORIENTED_EDGE('',*,*,#1200,.F.);
#1667=ORIENTED_EDGE('',*,*,#1081,.F.);
#1668=ORIENTED_EDGE('',*,*,#1200,.T.);
#1669=ORIENTED_EDGE('',*,*,#1183,.F.);
#1670=ORIENTED_EDGE('',*,*,#1089,.T.);
#1671=ORIENTED_EDGE('',*,*,#1201,.F.);
#1672=ORIENTED_EDGE('',*,*,#1202,.T.);
#1673=ORIENTED_EDGE('',*,*,#1203,.F.);
#1674=ORIENTED_EDGE('',*,*,#1204,.T.);
#1675=ORIENTED_EDGE('',*,*,#1205,.F.);
#1676=ORIENTED_EDGE('',*,*,#1206,.T.);
#1677=ORIENTED_EDGE('',*,*,#1207,.F.);
#1678=ORIENTED_EDGE('',*,*,#1208,.T.);
#1679=ORIENTED_EDGE('',*,*,#1180,.F.);
#1680=ORIENTED_EDGE('',*,*,#1182,.F.);
#1681=ORIENTED_EDGE('',*,*,#1185,.F.);
#1682=ORIENTED_EDGE('',*,*,#1188,.F.);
#1683=ORIENTED_EDGE('',*,*,#1191,.F.);
#1684=ORIENTED_EDGE('',*,*,#1194,.F.);
#1685=ORIENTED_EDGE('',*,*,#1196,.F.);
#1686=ORIENTED_EDGE('',*,*,#1197,.F.);
#1687=ORIENTED_EDGE('',*,*,#1209,.T.);
#1688=ORIENTED_EDGE('',*,*,#1177,.T.);
#1689=ORIENTED_EDGE('',*,*,#1210,.T.);
#1690=ORIENTED_EDGE('',*,*,#1211,.T.);
#1691=ORIENTED_EDGE('',*,*,#1212,.T.);
#1692=ORIENTED_EDGE('',*,*,#1213,.T.);
#1693=ORIENTED_EDGE('',*,*,#1210,.F.);
#1694=ORIENTED_EDGE('',*,*,#1214,.T.);
#1695=ORIENTED_EDGE('',*,*,#1215,.T.);
#1696=ORIENTED_EDGE('',*,*,#1216,.T.);
#1697=ORIENTED_EDGE('',*,*,#1212,.F.);
#1698=ORIENTED_EDGE('',*,*,#1217,.T.);
#1699=ORIENTED_EDGE('',*,*,#1209,.F.);
#1700=ORIENTED_EDGE('',*,*,#1218,.T.);
#1701=ORIENTED_EDGE('',*,*,#1215,.F.);
#1702=ORIENTED_EDGE('',*,*,#1174,.T.);
#1703=ORIENTED_EDGE('',*,*,#1172,.F.);
#1704=ORIENTED_EDGE('',*,*,#1219,.F.);
#1705=ORIENTED_EDGE('',*,*,#1214,.F.);
#1706=ORIENTED_EDGE('',*,*,#1176,.T.);
#1707=ORIENTED_EDGE('',*,*,#1220,.F.);
#1708=ORIENTED_EDGE('',*,*,#1221,.F.);
#1709=ORIENTED_EDGE('',*,*,#1202,.F.);
#1710=ORIENTED_EDGE('',*,*,#1222,.F.);
#1711=ORIENTED_EDGE('',*,*,#1211,.F.);
#1712=ORIENTED_EDGE('',*,*,#1213,.F.);
#1713=ORIENTED_EDGE('',*,*,#1216,.F.);
#1714=ORIENTED_EDGE('',*,*,#1218,.F.);
#1715=ORIENTED_EDGE('',*,*,#1223,.T.);
#1716=ORIENTED_EDGE('',*,*,#1220,.T.);
#1717=ORIENTED_EDGE('',*,*,#1224,.T.);
#1718=ORIENTED_EDGE('',*,*,#1116,.T.);
#1719=ORIENTED_EDGE('',*,*,#1225,.T.);
#1720=ORIENTED_EDGE('',*,*,#1117,.T.);
#1721=ORIENTED_EDGE('',*,*,#1224,.F.);
#1722=ORIENTED_EDGE('',*,*,#1226,.T.);
#1723=ORIENTED_EDGE('',*,*,#1227,.T.);
#1724=ORIENTED_EDGE('',*,*,#1118,.T.);
#1725=ORIENTED_EDGE('',*,*,#1225,.F.);
#1726=ORIENTED_EDGE('',*,*,#1228,.T.);
#1727=ORIENTED_EDGE('',*,*,#1229,.T.);
#1728=ORIENTED_EDGE('',*,*,#1119,.T.);
#1729=ORIENTED_EDGE('',*,*,#1227,.F.);
#1730=ORIENTED_EDGE('',*,*,#1230,.T.);
#1731=ORIENTED_EDGE('',*,*,#1231,.T.);
#1732=ORIENTED_EDGE('',*,*,#1120,.T.);
#1733=ORIENTED_EDGE('',*,*,#1229,.F.);
#1734=ORIENTED_EDGE('',*,*,#1232,.T.);
#1735=ORIENTED_EDGE('',*,*,#1233,.T.);
#1736=ORIENTED_EDGE('',*,*,#1121,.T.);
#1737=ORIENTED_EDGE('',*,*,#1231,.F.);
#1738=ORIENTED_EDGE('',*,*,#1234,.T.);
#1739=ORIENTED_EDGE('',*,*,#1235,.T.);
#1740=ORIENTED_EDGE('',*,*,#1122,.T.);
#1741=ORIENTED_EDGE('',*,*,#1233,.F.);
#1742=ORIENTED_EDGE('',*,*,#1236,.T.);
#1743=ORIENTED_EDGE('',*,*,#1235,.F.);
#1744=ORIENTED_EDGE('',*,*,#1237,.T.);
#1745=ORIENTED_EDGE('',*,*,#1223,.F.);
#1746=ORIENTED_EDGE('',*,*,#1123,.T.);
#1747=ORIENTED_EDGE('',*,*,#1230,.F.);
#1748=ORIENTED_EDGE('',*,*,#1238,.T.);
#1749=ORIENTED_EDGE('',*,*,#1207,.T.);
#1750=ORIENTED_EDGE('',*,*,#1239,.T.);
#1751=ORIENTED_EDGE('',*,*,#1228,.F.);
#1752=ORIENTED_EDGE('',*,*,#1240,.F.);
#1753=ORIENTED_EDGE('',*,*,#1208,.F.);
#1754=ORIENTED_EDGE('',*,*,#1238,.F.);
#1755=ORIENTED_EDGE('',*,*,#1226,.F.);
#1756=ORIENTED_EDGE('',*,*,#1222,.T.);
#1757=ORIENTED_EDGE('',*,*,#1201,.T.);
#1758=ORIENTED_EDGE('',*,*,#1240,.T.);
#1759=ORIENTED_EDGE('',*,*,#1237,.F.);
#1760=ORIENTED_EDGE('',*,*,#1241,.T.);
#1761=ORIENTED_EDGE('',*,*,#1203,.T.);
#1762=ORIENTED_EDGE('',*,*,#1221,.T.);
#1763=ORIENTED_EDGE('',*,*,#1236,.F.);
#1764=ORIENTED_EDGE('',*,*,#1242,.F.);
#1765=ORIENTED_EDGE('',*,*,#1204,.F.);
#1766=ORIENTED_EDGE('',*,*,#1241,.F.);
#1767=ORIENTED_EDGE('',*,*,#1234,.F.);
#1768=ORIENTED_EDGE('',*,*,#1243,.T.);
#1769=ORIENTED_EDGE('',*,*,#1205,.T.);
#1770=ORIENTED_EDGE('',*,*,#1242,.T.);
#1771=ORIENTED_EDGE('',*,*,#1069,.F.);
#1772=ORIENTED_EDGE('',*,*,#1084,.F.);
#1773=ORIENTED_EDGE('',*,*,#1192,.F.);
#1774=ORIENTED_EDGE('',*,*,#1198,.F.);
#1775=ORIENTED_EDGE('',*,*,#986,.F.);
#1776=ORIENTED_EDGE('',*,*,#1021,.F.);
#1777=ORIENTED_EDGE('',*,*,#1045,.F.);
#1778=ORIENTED_EDGE('',*,*,#1006,.F.);
#1779=ORIENTED_EDGE('',*,*,#1022,.T.);
#1780=ORIENTED_EDGE('',*,*,#1244,.T.);
#1781=ORIENTED_EDGE('',*,*,#1043,.T.);
#1782=ORIENTED_EDGE('',*,*,#1037,.F.);
#1783=ORIENTED_EDGE('',*,*,#1035,.T.);
#1784=ORIENTED_EDGE('',*,*,#1031,.F.);
#1785=ORIENTED_EDGE('',*,*,#1025,.F.);
#1786=ORIENTED_EDGE('',*,*,#1030,.T.);
#1787=ORIENTED_EDGE('',*,*,#1044,.T.);
#1788=ORIENTED_EDGE('',*,*,#1244,.F.);
#1789=ORIENTED_EDGE('',*,*,#1171,.F.);
#1790=ORIENTED_EDGE('',*,*,#1175,.F.);
#1791=ORIENTED_EDGE('',*,*,#1217,.F.);
#1792=ORIENTED_EDGE('',*,*,#1219,.T.);
#1793=ORIENTED_EDGE('',*,*,#1245,.T.);
#1794=ORIENTED_EDGE('',*,*,#1246,.T.);
#1795=ORIENTED_EDGE('',*,*,#1247,.F.);
#1796=ORIENTED_EDGE('',*,*,#1246,.F.);
#1797=ORIENTED_EDGE('',*,*,#1245,.F.);
#1798=ORIENTED_EDGE('',*,*,#1248,.F.);
#1799=ORIENTED_EDGE('',*,*,#1249,.T.);
#1800=ORIENTED_EDGE('',*,*,#1250,.T.);
#1801=ORIENTED_EDGE('',*,*,#1251,.F.);
#1802=ORIENTED_EDGE('',*,*,#1250,.F.);
#1803=ORIENTED_EDGE('',*,*,#1249,.F.);
#1804=ORIENTED_EDGE('',*,*,#1252,.F.);
#1805=ORIENTED_EDGE('',*,*,#1127,.T.);
#1806=ORIENTED_EDGE('',*,*,#1253,.T.);
#1807=ORIENTED_EDGE('',*,*,#1247,.T.);
#1808=ORIENTED_EDGE('',*,*,#1253,.F.);
#1809=ORIENTED_EDGE('',*,*,#1126,.T.);
#1810=ORIENTED_EDGE('',*,*,#1254,.T.);
#1811=ORIENTED_EDGE('',*,*,#1251,.T.);
#1812=ORIENTED_EDGE('',*,*,#1254,.F.);
#1813=ORIENTED_EDGE('',*,*,#980,.T.);
#1814=ORIENTED_EDGE('',*,*,#1103,.F.);
#1815=ORIENTED_EDGE('',*,*,#982,.T.);
#1816=ORIENTED_EDGE('',*,*,#1255,.F.);
#1817=ORIENTED_EDGE('',*,*,#1256,.F.);
#1818=ORIENTED_EDGE('',*,*,#1257,.T.);
#1819=ORIENTED_EDGE('',*,*,#1248,.T.);
#1820=ORIENTED_EDGE('',*,*,#1257,.F.);
#1821=ORIENTED_EDGE('',*,*,#981,.T.);
#1822=ORIENTED_EDGE('',*,*,#1255,.T.);
#1823=ORIENTED_EDGE('',*,*,#1256,.T.);
#1824=ORIENTED_EDGE('',*,*,#976,.T.);
#1825=ORIENTED_EDGE('',*,*,#1096,.F.);
#1826=ORIENTED_EDGE('',*,*,#978,.T.);
#1827=ORIENTED_EDGE('',*,*,#1258,.F.);
#1828=ORIENTED_EDGE('',*,*,#1259,.F.);
#1829=ORIENTED_EDGE('',*,*,#1260,.T.);
#1830=ORIENTED_EDGE('',*,*,#1252,.T.);
#1831=ORIENTED_EDGE('',*,*,#1260,.F.);
#1832=ORIENTED_EDGE('',*,*,#977,.T.);
#1833=ORIENTED_EDGE('',*,*,#1258,.T.);
#1834=ORIENTED_EDGE('',*,*,#1259,.T.);
#1835=ORIENTED_EDGE('',*,*,#1145,.F.);
#1836=ORIENTED_EDGE('',*,*,#1261,.T.);
#1837=ORIENTED_EDGE('',*,*,#1262,.F.);
#1838=ORIENTED_EDGE('',*,*,#1263,.F.);
#1839=ORIENTED_EDGE('',*,*,#1261,.F.);
#1840=ORIENTED_EDGE('',*,*,#1135,.F.);
#1841=ORIENTED_EDGE('',*,*,#1264,.T.);
#1842=ORIENTED_EDGE('',*,*,#1265,.F.);
#1843=ORIENTED_EDGE('',*,*,#1266,.F.);
#1844=ORIENTED_EDGE('',*,*,#1264,.F.);
#1845=ORIENTED_EDGE('',*,*,#1130,.F.);
#1846=ORIENTED_EDGE('',*,*,#1267,.T.);
#1847=ORIENTED_EDGE('',*,*,#1268,.F.);
#1848=ORIENTED_EDGE('',*,*,#1269,.F.);
#1849=ORIENTED_EDGE('',*,*,#1267,.F.);
#1850=ORIENTED_EDGE('',*,*,#1140,.F.);
#1851=ORIENTED_EDGE('',*,*,#1270,.T.);
#1852=ORIENTED_EDGE('',*,*,#1271,.F.);
#1853=ORIENTED_EDGE('',*,*,#1272,.F.);
#1854=ORIENTED_EDGE('',*,*,#1270,.F.);
#1855=ORIENTED_EDGE('',*,*,#1152,.F.);
#1856=ORIENTED_EDGE('',*,*,#1273,.T.);
#1857=ORIENTED_EDGE('',*,*,#1262,.T.);
#1858=ORIENTED_EDGE('',*,*,#1263,.T.);
#1859=ORIENTED_EDGE('',*,*,#1273,.F.);
#1860=ORIENTED_EDGE('',*,*,#1158,.F.);
#1861=ORIENTED_EDGE('',*,*,#1274,.T.);
#1862=ORIENTED_EDGE('',*,*,#1265,.T.);
#1863=ORIENTED_EDGE('',*,*,#1266,.T.);
#1864=ORIENTED_EDGE('',*,*,#1274,.F.);
#1865=ORIENTED_EDGE('',*,*,#1111,.F.);
#1866=ORIENTED_EDGE('',*,*,#1275,.T.);
#1867=ORIENTED_EDGE('',*,*,#1271,.T.);
#1868=ORIENTED_EDGE('',*,*,#1272,.T.);
#1869=ORIENTED_EDGE('',*,*,#1275,.F.);
#1870=ORIENTED_EDGE('',*,*,#1164,.F.);
#1871=ORIENTED_EDGE('',*,*,#1276,.T.);
#1872=ORIENTED_EDGE('',*,*,#1268,.T.);
#1873=ORIENTED_EDGE('',*,*,#1269,.T.);
#1874=ORIENTED_EDGE('',*,*,#1276,.F.);
#1875=ORIENTED_EDGE('',*,*,#1232,.F.);
#1876=ORIENTED_EDGE('',*,*,#1239,.F.);
#1877=ORIENTED_EDGE('',*,*,#1206,.F.);
#1878=ORIENTED_EDGE('',*,*,#1243,.F.);
#1879=CYLINDRICAL_SURFACE('',#2068,4.2);
#1880=CYLINDRICAL_SURFACE('',#2071,4.2);
#1881=CYLINDRICAL_SURFACE('',#2074,1.);
#1882=CYLINDRICAL_SURFACE('',#2090,1.);
#1883=CYLINDRICAL_SURFACE('',#2099,1.);
#1884=CYLINDRICAL_SURFACE('',#2106,1.);
#1885=CYLINDRICAL_SURFACE('',#2108,1.);
#1886=CYLINDRICAL_SURFACE('',#2111,1.);
#1887=CYLINDRICAL_SURFACE('',#2113,1.);
#1888=CYLINDRICAL_SURFACE('',#2114,6.35);
#1889=CYLINDRICAL_SURFACE('',#2116,1.);
#1890=CYLINDRICAL_SURFACE('',#2118,0.5);
#1891=CYLINDRICAL_SURFACE('',#2125,0.5);
#1892=CYLINDRICAL_SURFACE('',#2131,0.5);
#1893=CYLINDRICAL_SURFACE('',#2137,0.5);
#1894=CYLINDRICAL_SURFACE('',#2142,4.7);
#1895=CYLINDRICAL_SURFACE('',#2145,4.7);
#1896=CYLINDRICAL_SURFACE('',#2163,4.3);
#1897=CYLINDRICAL_SURFACE('',#2186,3.);
#1898=CYLINDRICAL_SURFACE('',#2192,3.);
#1899=CYLINDRICAL_SURFACE('',#2198,3.);
#1900=CYLINDRICAL_SURFACE('',#2204,3.);
#1901=CYLINDRICAL_SURFACE('',#2211,4.3);
#1902=CYLINDRICAL_SURFACE('',#2219,4.30000000000001);
#1903=CYLINDRICAL_SURFACE('',#2227,4.30000000000001);
#1904=CYLINDRICAL_SURFACE('',#2230,0.5);
#1905=CYLINDRICAL_SURFACE('',#2236,0.5);
#1906=CYLINDRICAL_SURFACE('',#2240,1.75);
#1907=CYLINDRICAL_SURFACE('',#2243,0.5);
#1908=CYLINDRICAL_SURFACE('',#2250,0.5);
#1909=CYLINDRICAL_SURFACE('',#2256,0.5);
#1910=CYLINDRICAL_SURFACE('',#2261,0.5);
#1911=CYLINDRICAL_SURFACE('',#2265,4.7);
#1912=CYLINDRICAL_SURFACE('',#2267,4.7);
#1913=CYLINDRICAL_SURFACE('',#2273,0.5);
#1914=CYLINDRICAL_SURFACE('',#2280,0.5);
#1915=CYLINDRICAL_SURFACE('',#2284,1.75);
#1916=CYLINDRICAL_SURFACE('',#2286,0.5);
#1917=CYLINDRICAL_SURFACE('',#2292,0.5);
#1918=CYLINDRICAL_SURFACE('',#2297,0.5);
#1919=CYLINDRICAL_SURFACE('',#2302,0.5);
#1920=CYLINDRICAL_SURFACE('',#2306,6.7);
#1921=CYLINDRICAL_SURFACE('',#2308,6.7);
#1922=CYLINDRICAL_SURFACE('',#2309,6.7);
#1923=CYLINDRICAL_SURFACE('',#2311,6.7);
#1924=CYLINDRICAL_SURFACE('',#2333,4.2);
#1925=CYLINDRICAL_SURFACE('',#2335,1.25);
#1926=CYLINDRICAL_SURFACE('',#2338,4.2);
#1927=CYLINDRICAL_SURFACE('',#2340,1.25);
#1928=CYLINDRICAL_SURFACE('',#2355,1.49999999999999);
#1929=CYLINDRICAL_SURFACE('',#2356,1.5);
#1930=CYLINDRICAL_SURFACE('',#2357,1.5);
#1931=CYLINDRICAL_SURFACE('',#2358,1.5);
#1932=ADVANCED_FACE('',(#109),#1879,.T.);
#1933=ADVANCED_FACE('',(#110),#1880,.T.);
#1934=ADVANCED_FACE('',(#111),#1881,.T.);
#1935=ADVANCED_FACE('',(#112),#72,.T.);
#1936=ADVANCED_FACE('',(#113),#73,.T.);
#1937=ADVANCED_FACE('',(#114),#74,.T.);
#1938=ADVANCED_FACE('',(#115),#75,.T.);
#1939=ADVANCED_FACE('',(#116),#1882,.T.);
#1940=ADVANCED_FACE('',(#117),#76,.T.);
#1941=ADVANCED_FACE('',(#118),#77,.T.);
#1942=ADVANCED_FACE('',(#119),#1883,.F.);
#1943=ADVANCED_FACE('',(#120),#78,.T.);
#1944=ADVANCED_FACE('',(#121),#79,.T.);
#1945=ADVANCED_FACE('',(#122),#1884,.F.);
#1946=ADVANCED_FACE('',(#123),#80,.T.);
#1947=ADVANCED_FACE('',(#124),#1885,.F.);
#1948=ADVANCED_FACE('',(#125),#81,.T.);
#1949=ADVANCED_FACE('',(#126),#1886,.F.);
#1950=ADVANCED_FACE('',(#127),#82,.T.);
#1951=ADVANCED_FACE('',(#128),#1887,.T.);
#1952=ADVANCED_FACE('',(#129,#53),#1888,.F.);
#1953=ADVANCED_FACE('',(#130),#1889,.T.);
#1954=ADVANCED_FACE('',(#131),#1890,.F.);
#1955=ADVANCED_FACE('',(#132),#19,.F.);
#1956=ADVANCED_FACE('',(#133),#1891,.F.);
#1957=ADVANCED_FACE('',(#134),#20,.F.);
#1958=ADVANCED_FACE('',(#135),#1892,.F.);
#1959=ADVANCED_FACE('',(#136),#21,.F.);
#1960=ADVANCED_FACE('',(#137),#1893,.F.);
#1961=ADVANCED_FACE('',(#138),#22,.F.);
#1962=ADVANCED_FACE('',(#139),#1894,.F.);
#1963=ADVANCED_FACE('',(#140),#83,.T.);
#1964=ADVANCED_FACE('',(#141),#1895,.F.);
#1965=ADVANCED_FACE('',(#142,#54),#84,.T.);
#1966=ADVANCED_FACE('',(#143),#85,.T.);
#1967=ADVANCED_FACE('',(#144,#55),#86,.T.);
#1968=ADVANCED_FACE('',(#145),#87,.T.);
#1969=ADVANCED_FACE('',(#146),#1896,.T.);
#1970=ADVANCED_FACE('',(#147),#23,.T.);
#1971=ADVANCED_FACE('',(#148,#56),#88,.T.);
#1972=ADVANCED_FACE('',(#149),#24,.T.);
#1973=ADVANCED_FACE('',(#150,#57,#58,#59,#60,#61,#62),#89,.F.);
#1974=ADVANCED_FACE('',(#151),#1897,.F.);
#1975=ADVANCED_FACE('',(#152),#25,.T.);
#1976=ADVANCED_FACE('',(#153),#1898,.F.);
#1977=ADVANCED_FACE('',(#154),#26,.T.);
#1978=ADVANCED_FACE('',(#155),#1899,.F.);
#1979=ADVANCED_FACE('',(#156),#27,.T.);
#1980=ADVANCED_FACE('',(#157),#1900,.F.);
#1981=ADVANCED_FACE('',(#158),#28,.T.);
#1982=ADVANCED_FACE('',(#159),#1901,.T.);
#1983=ADVANCED_FACE('',(#160,#63),#90,.T.);
#1984=ADVANCED_FACE('',(#161),#29,.T.);
#1985=ADVANCED_FACE('',(#162),#1902,.T.);
#1986=ADVANCED_FACE('',(#163,#64),#91,.T.);
#1987=ADVANCED_FACE('',(#164),#30,.T.);
#1988=ADVANCED_FACE('',(#165),#1903,.T.);
#1989=ADVANCED_FACE('',(#166,#65),#92,.T.);
#1990=ADVANCED_FACE('',(#167),#1904,.T.);
#1991=ADVANCED_FACE('',(#168),#31,.T.);
#1992=ADVANCED_FACE('',(#169),#1905,.T.);
#1993=ADVANCED_FACE('',(#170),#32,.T.);
#1994=ADVANCED_FACE('',(#171),#1906,.F.);
#1995=ADVANCED_FACE('',(#172),#93,.F.);
#1996=ADVANCED_FACE('',(#173),#1907,.T.);
#1997=ADVANCED_FACE('',(#174),#33,.T.);
#1998=ADVANCED_FACE('',(#175),#1908,.T.);
#1999=ADVANCED_FACE('',(#176),#34,.T.);
#2000=ADVANCED_FACE('',(#177),#1909,.T.);
#2001=ADVANCED_FACE('',(#178),#35,.T.);
#2002=ADVANCED_FACE('',(#179),#1910,.T.);
#2003=ADVANCED_FACE('',(#180),#36,.T.);
#2004=ADVANCED_FACE('',(#181),#1911,.F.);
#2005=ADVANCED_FACE('',(#182),#94,.T.);
#2006=ADVANCED_FACE('',(#183),#1912,.F.);
#2007=ADVANCED_FACE('',(#184,#66),#95,.T.);
#2008=ADVANCED_FACE('',(#185),#1913,.T.);
#2009=ADVANCED_FACE('',(#186),#37,.T.);
#2010=ADVANCED_FACE('',(#187),#1914,.T.);
#2011=ADVANCED_FACE('',(#188),#38,.T.);
#2012=ADVANCED_FACE('',(#189),#1915,.F.);
#2013=ADVANCED_FACE('',(#190,#67),#96,.T.);
#2014=ADVANCED_FACE('',(#191),#1916,.T.);
#2015=ADVANCED_FACE('',(#192),#39,.T.);
#2016=ADVANCED_FACE('',(#193),#1917,.T.);
#2017=ADVANCED_FACE('',(#194),#40,.T.);
#2018=ADVANCED_FACE('',(#195),#1918,.T.);
#2019=ADVANCED_FACE('',(#196),#41,.T.);
#2020=ADVANCED_FACE('',(#197),#1919,.T.);
#2021=ADVANCED_FACE('',(#198),#42,.T.);
#2022=ADVANCED_FACE('',(#199),#1920,.T.);
#2023=ADVANCED_FACE('',(#200),#97,.T.);
#2024=ADVANCED_FACE('',(#201),#1921,.T.);
#2025=ADVANCED_FACE('',(#202),#1922,.T.);
#2026=ADVANCED_FACE('',(#203),#98,.T.);
#2027=ADVANCED_FACE('',(#204),#1923,.T.);
#2028=ADVANCED_FACE('',(#205),#99,.T.);
#2029=ADVANCED_FACE('',(#206),#100,.T.);
#2030=ADVANCED_FACE('',(#207),#101,.T.);
#2031=ADVANCED_FACE('',(#208),#102,.T.);
#2032=ADVANCED_FACE('',(#209),#103,.F.);
#2033=ADVANCED_FACE('',(#210),#43,.F.);
#2034=ADVANCED_FACE('',(#211,#68),#104,.F.);
#2035=ADVANCED_FACE('',(#212),#44,.F.);
#2036=ADVANCED_FACE('',(#213,#69),#105,.F.);
#2037=ADVANCED_FACE('',(#214),#45,.T.);
#2038=ADVANCED_FACE('',(#215),#46,.T.);
#2039=ADVANCED_FACE('',(#216),#1924,.T.);
#2040=ADVANCED_FACE('',(#217),#1925,.F.);
#2041=ADVANCED_FACE('',(#218,#70),#106,.T.);
#2042=ADVANCED_FACE('',(#219),#1926,.T.);
#2043=ADVANCED_FACE('',(#220),#1927,.F.);
#2044=ADVANCED_FACE('',(#221,#71),#107,.T.);
#2045=ADVANCED_FACE('',(#222),#15,.F.);
#2046=ADVANCED_FACE('',(#223),#16,.F.);
#2047=ADVANCED_FACE('',(#224),#17,.F.);
#2048=ADVANCED_FACE('',(#225),#18,.F.);
#2049=ADVANCED_FACE('',(#226),#1928,.F.);
#2050=ADVANCED_FACE('',(#227),#1929,.F.);
#2051=ADVANCED_FACE('',(#228),#1930,.F.);
#2052=ADVANCED_FACE('',(#229),#1931,.F.);
#2053=ADVANCED_FACE('',(#230),#108,.T.);
#2054=CLOSED_SHELL('',(#1932,#1933,#1934,#1935,#1936,#1937,#1938,#1939,
#1940,#1941,#1942,#1943,#1944,#1945,#1946,#1947,#1948,#1949,#1950,#1951,
#1952,#1953,#1954,#1955,#1956,#1957,#1958,#1959,#1960,#1961,#1962,#1963,
#1964,#1965,#1966,#1967,#1968,#1969,#1970,#1971,#1972,#1973,#1974,#1975,
#1976,#1977,#1978,#1979,#1980,#1981,#1982,#1983,#1984,#1985,#1986,#1987,
#1988,#1989,#1990,#1991,#1992,#1993,#1994,#1995,#1996,#1997,#1998,#1999,
#2000,#2001,#2002,#2003,#2004,#2005,#2006,#2007,#2008,#2009,#2010,#2011,
#2012,#2013,#2014,#2015,#2016,#2017,#2018,#2019,#2020,#2021,#2022,#2023,
#2024,#2025,#2026,#2027,#2028,#2029,#2030,#2031,#2032,#2033,#2034,#2035,
#2036,#2037,#2038,#2039,#2040,#2041,#2042,#2043,#2044,#2045,#2046,#2047,
#2048,#2049,#2050,#2051,#2052,#2053));
#2055=DERIVED_UNIT_ELEMENT(#2057,1.);
#2056=DERIVED_UNIT_ELEMENT(#3706,-3.);
#2057=(
MASS_UNIT()
NAMED_UNIT(*)
SI_UNIT(.KILO.,.GRAM.)
);
#2058=DERIVED_UNIT((#2055,#2056));
#2059=MEASURE_REPRESENTATION_ITEM('density measure',
POSITIVE_RATIO_MEASURE(7850.),#2058);
#2060=PROPERTY_DEFINITION_REPRESENTATION(#2065,#2062);
#2061=PROPERTY_DEFINITION_REPRESENTATION(#2066,#2063);
#2062=REPRESENTATION('material name',(#2064),#3703);
#2063=REPRESENTATION('density',(#2059),#3703);
#2064=DESCRIPTIVE_REPRESENTATION_ITEM('Acier','Acier');
#2065=PROPERTY_DEFINITION('material property','material name',#3713);
#2066=PROPERTY_DEFINITION('material property','density of part',#3713);
#2067=AXIS2_PLACEMENT_3D('',#3071,#2360,#2361);
#2068=AXIS2_PLACEMENT_3D('',#3072,#2362,#2363);
#2069=AXIS2_PLACEMENT_3D('',#3077,#2365,#2366);
#2070=AXIS2_PLACEMENT_3D('',#3080,#2368,#2369);
#2071=AXIS2_PLACEMENT_3D('',#3081,#2370,#2371);
#2072=AXIS2_PLACEMENT_3D('',#3086,#2373,#2374);
#2073=AXIS2_PLACEMENT_3D('',#3089,#2376,#2377);
#2074=AXIS2_PLACEMENT_3D('',#3090,#2378,#2379);
#2075=AXIS2_PLACEMENT_3D('',#3093,#2380,#2381);
#2076=AXIS2_PLACEMENT_3D('',#3097,#2383,#2384);
#2077=AXIS2_PLACEMENT_3D('',#3101,#2386,#2387);
#2078=AXIS2_PLACEMENT_3D('',#3105,#2389,#2390);
#2079=AXIS2_PLACEMENT_3D('',#3107,#2392,#2393);
#2080=AXIS2_PLACEMENT_3D('',#3111,#2395,#2396);
#2081=AXIS2_PLACEMENT_3D('',#3115,#2398,#2399);
#2082=AXIS2_PLACEMENT_3D('',#3119,#2401,#2402);
#2083=AXIS2_PLACEMENT_3D('',#3123,#2404,#2405);
#2084=AXIS2_PLACEMENT_3D('',#3125,#2406,#2407);
#2085=AXIS2_PLACEMENT_3D('',#3126,#2408,#2409);
#2086=AXIS2_PLACEMENT_3D('',#3127,#2410,#2411);
#2087=AXIS2_PLACEMENT_3D('',#3131,#2414,#2415);
#2088=AXIS2_PLACEMENT_3D('',#3134,#2417,#2418);
#2089=AXIS2_PLACEMENT_3D('',#3135,#2419,#2420);
#2090=AXIS2_PLACEMENT_3D('',#3139,#2423,#2424);
#2091=AXIS2_PLACEMENT_3D('',#3143,#2426,#2427);
#2092=AXIS2_PLACEMENT_3D('',#3145,#2429,#2430);
#2093=AXIS2_PLACEMENT_3D('',#3147,#2431,#2432);
#2094=AXIS2_PLACEMENT_3D('',#3148,#2433,#2434);
#2095=AXIS2_PLACEMENT_3D('',#3152,#2436,#2437);
#2096=AXIS2_PLACEMENT_3D('',#3156,#2439,#2440);
#2097=AXIS2_PLACEMENT_3D('',#3160,#2442,#2443);
#2098=AXIS2_PLACEMENT_3D('',#3162,#2445,#2446);
#2099=AXIS2_PLACEMENT_3D('',#3166,#2449,#2450);
#2100=AXIS2_PLACEMENT_3D('',#3169,#2451,#2452);
#2101=AXIS2_PLACEMENT_3D('',#3173,#2454,#2455);
#2102=AXIS2_PLACEMENT_3D('',#3175,#2457,#2458);
#2103=AXIS2_PLACEMENT_3D('',#3179,#2460,#2461);
#2104=AXIS2_PLACEMENT_3D('',#3183,#2463,#2464);
#2105=AXIS2_PLACEMENT_3D('',#3185,#2466,#2467);
#2106=AXIS2_PLACEMENT_3D('',#3189,#2470,#2471);
#2107=AXIS2_PLACEMENT_3D('',#3192,#2474,#2475);
#2108=AXIS2_PLACEMENT_3D('',#3193,#2476,#2477);
#2109=AXIS2_PLACEMENT_3D('',#3195,#2478,#2479);
#2110=AXIS2_PLACEMENT_3D('',#3197,#2481,#2482);
#2111=AXIS2_PLACEMENT_3D('',#3201,#2485,#2486);
#2112=AXIS2_PLACEMENT_3D('',#3204,#2489,#2490);
#2113=AXIS2_PLACEMENT_3D('',#3206,#2492,#2493);
#2114=AXIS2_PLACEMENT_3D('',#3208,#2495,#2496);
#2115=AXIS2_PLACEMENT_3D('',#3210,#2497,#2498);
#2116=AXIS2_PLACEMENT_3D('',#3212,#2500,#2501);
#2117=AXIS2_PLACEMENT_3D('',#3213,#2502,#2503);
#2118=AXIS2_PLACEMENT_3D('',#3214,#2504,#2505);
#2119=AXIS2_PLACEMENT_3D('',#3224,#2507,#2508);
#2120=AXIS2_PLACEMENT_3D('',#3228,#2510,#2511);
#2121=AXIS2_PLACEMENT_3D('',#3249,#2516,#2517);
#2122=AXIS2_PLACEMENT_3D('',#3252,#2518,#2519);
#2123=AXIS2_PLACEMENT_3D('',#3253,#2520,#2521);
#2124=AXIS2_PLACEMENT_3D('',#3254,#2522,#2523);
#2125=AXIS2_PLACEMENT_3D('',#3255,#2524,#2525);
#2126=AXIS2_PLACEMENT_3D('',#3258,#2526,#2527);
#2127=AXIS2_PLACEMENT_3D('',#3261,#2530,#2531);
#2128=AXIS2_PLACEMENT_3D('',#3264,#2532,#2533);
#2129=AXIS2_PLACEMENT_3D('',#3265,#2534,#2535);
#2130=AXIS2_PLACEMENT_3D('',#3266,#2536,#2537);
#2131=AXIS2_PLACEMENT_3D('',#3267,#2538,#2539);
#2132=AXIS2_PLACEMENT_3D('',#3280,#2542,#2543);
#2133=AXIS2_PLACEMENT_3D('',#3291,#2546,#2547);
#2134=AXIS2_PLACEMENT_3D('',#3294,#2548,#2549);
#2135=AXIS2_PLACEMENT_3D('',#3295,#2550,#2551);
#2136=AXIS2_PLACEMENT_3D('',#3296,#2552,#2553);
#2137=AXIS2_PLACEMENT_3D('',#3297,#2554,#2555);
#2138=AXIS2_PLACEMENT_3D('',#3300,#2556,#2557);
#2139=AXIS2_PLACEMENT_3D('',#3303,#2560,#2561);
#2140=AXIS2_PLACEMENT_3D('',#3304,#2562,#2563);
#2141=AXIS2_PLACEMENT_3D('',#3305,#2564,#2565);
#2142=AXIS2_PLACEMENT_3D('',#3306,#2566,#2567);
#2143=AXIS2_PLACEMENT_3D('',#3310,#2569,#2570);
#2144=AXIS2_PLACEMENT_3D('',#3312,#2572,#2573);
#2145=AXIS2_PLACEMENT_3D('',#3316,#2576,#2577);
#2146=AXIS2_PLACEMENT_3D('',#3319,#2579,#2580);
#2147=AXIS2_PLACEMENT_3D('',#3320,#2581,#2582);
#2148=AXIS2_PLACEMENT_3D('',#3328,#2586,#2587);
#2149=AXIS2_PLACEMENT_3D('',#3331,#2589,#2590);
#2150=AXIS2_PLACEMENT_3D('',#3332,#2591,#2592);
#2151=AXIS2_PLACEMENT_3D('',#3333,#2593,#2594);
#2152=AXIS2_PLACEMENT_3D('',#3334,#2595,#2596);
#2153=AXIS2_PLACEMENT_3D('',#3335,#2597,#2598);
#2154=AXIS2_PLACEMENT_3D('',#3336,#2599,#2600);
#2155=AXIS2_PLACEMENT_3D('',#3338,#2601,#2602);
#2156=AXIS2_PLACEMENT_3D('',#3339,#2603,#2604);
#2157=AXIS2_PLACEMENT_3D('',#3341,#2605,#2606);
#2158=AXIS2_PLACEMENT_3D('',#3342,#2607,#2608);
#2159=AXIS2_PLACEMENT_3D('',#3343,#2609,#2610);
#2160=AXIS2_PLACEMENT_3D('',#3344,#2611,#2612);
#2161=AXIS2_PLACEMENT_3D('',#3345,#2613,#2614);
#2162=AXIS2_PLACEMENT_3D('',#3346,#2615,#2616);
#2163=AXIS2_PLACEMENT_3D('',#3347,#2617,#2618);
#2164=AXIS2_PLACEMENT_3D('',#3350,#2619,#2620);
#2165=AXIS2_PLACEMENT_3D('',#3353,#2623,#2624);
#2166=AXIS2_PLACEMENT_3D('',#3354,#2625,#2626);
#2167=AXIS2_PLACEMENT_3D('',#3356,#2627,#2628);
#2168=AXIS2_PLACEMENT_3D('',#3357,#2629,#2630);
#2169=AXIS2_PLACEMENT_3D('',#3358,#2631,#2632);
#2170=AXIS2_PLACEMENT_3D('',#3360,#2633,#2634);
#2171=AXIS2_PLACEMENT_3D('',#3361,#2635,#2636);
#2172=AXIS2_PLACEMENT_3D('',#3363,#2637,#2638);
#2173=AXIS2_PLACEMENT_3D('',#3365,#2639,#2640);
#2174=AXIS2_PLACEMENT_3D('',#3367,#2641,#2642);
#2175=AXIS2_PLACEMENT_3D('',#3368,#2643,#2644);
#2176=AXIS2_PLACEMENT_3D('',#3369,#2645,#2646);
#2177=AXIS2_PLACEMENT_3D('',#3374,#2648,#2649);
#2178=AXIS2_PLACEMENT_3D('',#3378,#2651,#2652);
#2179=AXIS2_PLACEMENT_3D('',#3382,#2654,#2655);
#2180=AXIS2_PLACEMENT_3D('',#3385,#2657,#2658);
#2181=AXIS2_PLACEMENT_3D('',#3387,#2659,#2660);
#2182=AXIS2_PLACEMENT_3D('',#3389,#2661,#2662);
#2183=AXIS2_PLACEMENT_3D('',#3391,#2663,#2664);
#2184=AXIS2_PLACEMENT_3D('',#3393,#2665,#2666);
#2185=AXIS2_PLACEMENT_3D('',#3395,#2667,#2668);
#2186=AXIS2_PLACEMENT_3D('',#3396,#2669,#2670);
#2187=AXIS2_PLACEMENT_3D('',#3399,#2672,#2673);
#2188=AXIS2_PLACEMENT_3D('',#3400,#2674,#2675);
#2189=AXIS2_PLACEMENT_3D('',#3402,#2676,#2677);
#2190=AXIS2_PLACEMENT_3D('',#3404,#2678,#2679);
#2191=AXIS2_PLACEMENT_3D('',#3405,#2680,#2681);
#2192=AXIS2_PLACEMENT_3D('',#3406,#2682,#2683);
#2193=AXIS2_PLACEMENT_3D('',#3409,#2685,#2686);
#2194=AXIS2_PLACEMENT_3D('',#3410,#2687,#2688);
#2195=AXIS2_PLACEMENT_3D('',#3412,#2689,#2690);
#2196=AXIS2_PLACEMENT_3D('',#3414,#2691,#2692);
#2197=AXIS2_PLACEMENT_3D('',#3415,#2693,#2694);
#2198=AXIS2_PLACEMENT_3D('',#3416,#2695,#2696);
#2199=AXIS2_PLACEMENT_3D('',#3419,#2698,#2699);
#2200=AXIS2_PLACEMENT_3D('',#3420,#2700,#2701);
#2201=AXIS2_PLACEMENT_3D('',#3422,#2702,#2703);
#2202=AXIS2_PLACEMENT_3D('',#3424,#2704,#2705);
#2203=AXIS2_PLACEMENT_3D('',#3425,#2706,#2707);
#2204=AXIS2_PLACEMENT_3D('',#3426,#2708,#2709);
#2205=AXIS2_PLACEMENT_3D('',#3429,#2711,#2712);
#2206=AXIS2_PLACEMENT_3D('',#3430,#2713,#2714);
#2207=AXIS2_PLACEMENT_3D('',#3432,#2715,#2716);
#2208=AXIS2_PLACEMENT_3D('',#3434,#2717,#2718);
#2209=AXIS2_PLACEMENT_3D('',#3436,#2719,#2720);
#2210=AXIS2_PLACEMENT_3D('',#3437,#2721,#2722);
#2211=AXIS2_PLACEMENT_3D('',#3438,#2723,#2724);
#2212=AXIS2_PLACEMENT_3D('',#3441,#2727,#2728);
#2213=AXIS2_PLACEMENT_3D('',#3443,#2729,#2730);
#2214=AXIS2_PLACEMENT_3D('',#3444,#2731,#2732);
#2215=AXIS2_PLACEMENT_3D('',#3446,#2733,#2734);
#2216=AXIS2_PLACEMENT_3D('',#3448,#2735,#2736);
#2217=AXIS2_PLACEMENT_3D('',#3450,#2737,#2738);
#2218=AXIS2_PLACEMENT_3D('',#3451,#2739,#2740);
#2219=AXIS2_PLACEMENT_3D('',#3452,#2741,#2742);
#2220=AXIS2_PLACEMENT_3D('',#3454,#2744,#2745);
#2221=AXIS2_PLACEMENT_3D('',#3456,#2746,#2747);
#2222=AXIS2_PLACEMENT_3D('',#3457,#2748,#2749);
#2223=AXIS2_PLACEMENT_3D('',#3459,#2750,#2751);
#2224=AXIS2_PLACEMENT_3D('',#3461,#2752,#2753);
#2225=AXIS2_PLACEMENT_3D('',#3463,#2754,#2755);
#2226=AXIS2_PLACEMENT_3D('',#3464,#2756,#2757);
#2227=AXIS2_PLACEMENT_3D('',#3465,#2758,#2759);
#2228=AXIS2_PLACEMENT_3D('',#3467,#2761,#2762);
#2229=AXIS2_PLACEMENT_3D('',#3469,#2763,#2764);
#2230=AXIS2_PLACEMENT_3D('',#3470,#2765,#2766);
#2231=AXIS2_PLACEMENT_3D('',#3472,#2767,#2768);
#2232=AXIS2_PLACEMENT_3D('',#3475,#2770,#2771);
#2233=AXIS2_PLACEMENT_3D('',#3476,#2772,#2773);
#2234=AXIS2_PLACEMENT_3D('',#3478,#2774,#2775);
#2235=AXIS2_PLACEMENT_3D('',#3479,#2776,#2777);
#2236=AXIS2_PLACEMENT_3D('',#3480,#2778,#2779);
#2237=AXIS2_PLACEMENT_3D('',#3482,#2780,#2781);
#2238=AXIS2_PLACEMENT_3D('',#3484,#2783,#2784);
#2239=AXIS2_PLACEMENT_3D('',#3485,#2785,#2786);
#2240=AXIS2_PLACEMENT_3D('',#3486,#2787,#2788);
#2241=AXIS2_PLACEMENT_3D('',#3490,#2790,#2791);
#2242=AXIS2_PLACEMENT_3D('',#3492,#2793,#2794);
#2243=AXIS2_PLACEMENT_3D('',#3496,#2797,#2798);
#2244=AXIS2_PLACEMENT_3D('',#3498,#2799,#2800);
#2245=AXIS2_PLACEMENT_3D('',#3500,#2801,#2802);
#2246=AXIS2_PLACEMENT_3D('',#3502,#2804,#2805);
#2247=AXIS2_PLACEMENT_3D('',#3505,#2806,#2807);
#2248=AXIS2_PLACEMENT_3D('',#3506,#2808,#2809);
#2249=AXIS2_PLACEMENT_3D('',#3507,#2810,#2811);
#2250=AXIS2_PLACEMENT_3D('',#3508,#2812,#2813);
#2251=AXIS2_PLACEMENT_3D('',#3511,#2814,#2815);
#2252=AXIS2_PLACEMENT_3D('',#3514,#2818,#2819);
#2253=AXIS2_PLACEMENT_3D('',#3517,#2820,#2821);
#2254=AXIS2_PLACEMENT_3D('',#3518,#2822,#2823);
#2255=AXIS2_PLACEMENT_3D('',#3519,#2824,#2825);
#2256=AXIS2_PLACEMENT_3D('',#3520,#2826,#2827);
#2257=AXIS2_PLACEMENT_3D('',#3522,#2828,#2829);
#2258=AXIS2_PLACEMENT_3D('',#3525,#2832,#2833);
#2259=AXIS2_PLACEMENT_3D('',#3527,#2834,#2835);
#2260=AXIS2_PLACEMENT_3D('',#3528,#2836,#2837);
#2261=AXIS2_PLACEMENT_3D('',#3529,#2838,#2839);
#2262=AXIS2_PLACEMENT_3D('',#3531,#2840,#2841);
#2263=AXIS2_PLACEMENT_3D('',#3533,#2843,#2844);
#2264=AXIS2_PLACEMENT_3D('',#3534,#2845,#2846);
#2265=AXIS2_PLACEMENT_3D('',#3535,#2847,#2848);
#2266=AXIS2_PLACEMENT_3D('',#3538,#2851,#2852);
#2267=AXIS2_PLACEMENT_3D('',#3540,#2854,#2855);
#2268=AXIS2_PLACEMENT_3D('',#3541,#2856,#2857);
#2269=AXIS2_PLACEMENT_3D('',#3544,#2858,#2859);
#2270=AXIS2_PLACEMENT_3D('',#3548,#2861,#2862);
#2271=AXIS2_PLACEMENT_3D('',#3552,#2864,#2865);
#2272=AXIS2_PLACEMENT_3D('',#3556,#2867,#2868);
#2273=AXIS2_PLACEMENT_3D('',#3558,#2870,#2871);
#2274=AXIS2_PLACEMENT_3D('',#3560,#2872,#2873);
#2275=AXIS2_PLACEMENT_3D('',#3562,#2874,#2875);
#2276=AXIS2_PLACEMENT_3D('',#3564,#2877,#2878);
#2277=AXIS2_PLACEMENT_3D('',#3567,#2879,#2880);
#2278=AXIS2_PLACEMENT_3D('',#3568,#2881,#2882);
#2279=AXIS2_PLACEMENT_3D('',#3569,#2883,#2884);
#2280=AXIS2_PLACEMENT_3D('',#3570,#2885,#2886);
#2281=AXIS2_PLACEMENT_3D('',#3572,#2887,#2888);
#2282=AXIS2_PLACEMENT_3D('',#3575,#2891,#2892);
#2283=AXIS2_PLACEMENT_3D('',#3576,#2893,#2894);
#2284=AXIS2_PLACEMENT_3D('',#3577,#2895,#2896);
#2285=AXIS2_PLACEMENT_3D('',#3579,#2898,#2899);
#2286=AXIS2_PLACEMENT_3D('',#3585,#2903,#2904);
#2287=AXIS2_PLACEMENT_3D('',#3586,#2905,#2906);
#2288=AXIS2_PLACEMENT_3D('',#3587,#2907,#2908);
#2289=AXIS2_PLACEMENT_3D('',#3588,#2909,#2910);
#2290=AXIS2_PLACEMENT_3D('',#3590,#2911,#2912);
#2291=AXIS2_PLACEMENT_3D('',#3591,#2913,#2914);
#2292=AXIS2_PLACEMENT_3D('',#3592,#2915,#2916);
#2293=AXIS2_PLACEMENT_3D('',#3594,#2917,#2918);
#2294=AXIS2_PLACEMENT_3D('',#3596,#2920,#2921);
#2295=AXIS2_PLACEMENT_3D('',#3598,#2922,#2923);
#2296=AXIS2_PLACEMENT_3D('',#3599,#2924,#2925);
#2297=AXIS2_PLACEMENT_3D('',#3600,#2926,#2927);
#2298=AXIS2_PLACEMENT_3D('',#3602,#2928,#2929);
#2299=AXIS2_PLACEMENT_3D('',#3604,#2931,#2932);
#2300=AXIS2_PLACEMENT_3D('',#3606,#2933,#2934);
#2301=AXIS2_PLACEMENT_3D('',#3607,#2935,#2936);
#2302=AXIS2_PLACEMENT_3D('',#3608,#2937,#2938);
#2303=AXIS2_PLACEMENT_3D('',#3610,#2939,#2940);
#2304=AXIS2_PLACEMENT_3D('',#3612,#2942,#2943);
#2305=AXIS2_PLACEMENT_3D('',#3613,#2944,#2945);
#2306=AXIS2_PLACEMENT_3D('',#3614,#2946,#2947);
#2307=AXIS2_PLACEMENT_3D('',#3617,#2950,#2951);
#2308=AXIS2_PLACEMENT_3D('',#3619,#2953,#2954);
#2309=AXIS2_PLACEMENT_3D('',#3620,#2955,#2956);
#2310=AXIS2_PLACEMENT_3D('',#3622,#2958,#2959);
#2311=AXIS2_PLACEMENT_3D('',#3624,#2961,#2962);
#2312=AXIS2_PLACEMENT_3D('',#3626,#2964,#2965);
#2313=AXIS2_PLACEMENT_3D('',#3627,#2966,#2967);
#2314=AXIS2_PLACEMENT_3D('',#3628,#2968,#2969);
#2315=AXIS2_PLACEMENT_3D('',#3630,#2971,#2972);
#2316=AXIS2_PLACEMENT_3D('',#3631,#2973,#2974);
#2317=AXIS2_PLACEMENT_3D('',#3632,#2975,#2976);
#2318=AXIS2_PLACEMENT_3D('',#3634,#2977,#2978);
#2319=AXIS2_PLACEMENT_3D('',#3636,#2979,#2980);
#2320=AXIS2_PLACEMENT_3D('',#3637,#2981,#2982);
#2321=AXIS2_PLACEMENT_3D('',#3638,#2983,#2984);
#2322=AXIS2_PLACEMENT_3D('',#3640,#2985,#2986);
#2323=AXIS2_PLACEMENT_3D('',#3641,#2987,#2988);
#2324=AXIS2_PLACEMENT_3D('',#3643,#2989,#2990);
#2325=AXIS2_PLACEMENT_3D('',#3645,#2991,#2992);
#2326=AXIS2_PLACEMENT_3D('',#3646,#2993,#2994);
#2327=AXIS2_PLACEMENT_3D('',#3647,#2995,#2996);
#2328=AXIS2_PLACEMENT_3D('',#3649,#2997,#2998);
#2329=AXIS2_PLACEMENT_3D('',#3650,#2999,#3000);
#2330=AXIS2_PLACEMENT_3D('',#3651,#3001,#3002);
#2331=AXIS2_PLACEMENT_3D('',#3652,#3003,#3004);
#2332=AXIS2_PLACEMENT_3D('',#3653,#3005,#3006);
#2333=AXIS2_PLACEMENT_3D('',#3654,#3007,#3008);
#2334=AXIS2_PLACEMENT_3D('',#3655,#3009,#3010);
#2335=AXIS2_PLACEMENT_3D('',#3656,#3011,#3012);
#2336=AXIS2_PLACEMENT_3D('',#3658,#3013,#3014);
#2337=AXIS2_PLACEMENT_3D('',#3660,#3016,#3017);
#2338=AXIS2_PLACEMENT_3D('',#3661,#3018,#3019);
#2339=AXIS2_PLACEMENT_3D('',#3662,#3020,#3021);
#2340=AXIS2_PLACEMENT_3D('',#3663,#3022,#3023);
#2341=AXIS2_PLACEMENT_3D('',#3665,#3024,#3025);
#2342=AXIS2_PLACEMENT_3D('',#3667,#3027,#3028);
#2343=AXIS2_PLACEMENT_3D('',#3668,#3029,#3030);
#2344=AXIS2_PLACEMENT_3D('',#3672,#3032,#3033);
#2345=AXIS2_PLACEMENT_3D('',#3673,#3034,#3035);
#2346=AXIS2_PLACEMENT_3D('',#3674,#3036,#3037);
#2347=AXIS2_PLACEMENT_3D('',#3678,#3039,#3040);
#2348=AXIS2_PLACEMENT_3D('',#3679,#3041,#3042);
#2349=AXIS2_PLACEMENT_3D('',#3680,#3043,#3044);
#2350=AXIS2_PLACEMENT_3D('',#3684,#3046,#3047);
#2351=AXIS2_PLACEMENT_3D('',#3685,#3048,#3049);
#2352=AXIS2_PLACEMENT_3D('',#3686,#3050,#3051);
#2353=AXIS2_PLACEMENT_3D('',#3690,#3053,#3054);
#2354=AXIS2_PLACEMENT_3D('',#3691,#3055,#3056);
#2355=AXIS2_PLACEMENT_3D('',#3692,#3057,#3058);
#2356=AXIS2_PLACEMENT_3D('',#3694,#3060,#3061);
#2357=AXIS2_PLACEMENT_3D('',#3696,#3063,#3064);
#2358=AXIS2_PLACEMENT_3D('',#3698,#3066,#3067);
#2359=AXIS2_PLACEMENT_3D('',#3700,#3069,#3070);
#2360=DIRECTION('axis',(0.,0.,1.));
#2361=DIRECTION('refdir',(1.,0.,0.));
#2362=DIRECTION('center_axis',(0.,1.,0.));
#2363=DIRECTION('ref_axis',(1.,0.,0.));
#2364=DIRECTION('',(0.,-1.,0.));
#2365=DIRECTION('center_axis',(0.,1.,0.));
#2366=DIRECTION('ref_axis',(1.,0.,0.));
#2367=DIRECTION('',(0.,1.,0.));
#2368=DIRECTION('center_axis',(0.,-1.,0.));
#2369=DIRECTION('ref_axis',(1.,0.,0.));
#2370=DIRECTION('center_axis',(0.,1.,0.));
#2371=DIRECTION('ref_axis',(1.,0.,0.));
#2372=DIRECTION('',(0.,-1.,0.));
#2373=DIRECTION('center_axis',(0.,1.,0.));
#2374=DIRECTION('ref_axis',(1.,0.,0.));
#2375=DIRECTION('',(0.,1.,0.));
#2376=DIRECTION('center_axis',(0.,-1.,0.));
#2377=DIRECTION('ref_axis',(1.,0.,0.));
#2378=DIRECTION('center_axis',(0.,0.,1.));
#2379=DIRECTION('ref_axis',(-0.845154254728516,0.53452248382485,0.));
#2380=DIRECTION('center_axis',(0.,0.,-1.));
#2381=DIRECTION('ref_axis',(-0.845154254728516,0.53452248382485,0.));
#2382=DIRECTION('',(0.,0.,-1.));
#2383=DIRECTION('center_axis',(0.,0.,1.));
#2384=DIRECTION('ref_axis',(-0.845154254728516,0.53452248382485,0.));
#2385=DIRECTION('',(0.,0.,-1.));
#2386=DIRECTION('center_axis',(0.,0.,-1.));
#2387=DIRECTION('ref_axis',(-0.845154254728516,0.53452248382485,0.));
#2388=DIRECTION('',(0.,0.,1.));
#2389=DIRECTION('center_axis',(0.,0.,1.));
#2390=DIRECTION('ref_axis',(-0.845154254728516,0.53452248382485,0.));
#2391=DIRECTION('',(0.,0.,1.));
#2392=DIRECTION('center_axis',(0.,0.,-1.));
#2393=DIRECTION('ref_axis',(-1.,0.,0.));
#2394=DIRECTION('',(-1.,0.,0.));
#2395=DIRECTION('center_axis',(0.,0.,1.));
#2396=DIRECTION('ref_axis',(0.707106781186546,0.707106781186549,0.));
#2397=DIRECTION('',(0.,1.,0.));
#2398=DIRECTION('center_axis',(0.,0.,-1.));
#2399=DIRECTION('ref_axis',(-0.707106781186548,-0.707106781186548,0.));
#2400=DIRECTION('',(1.,0.,0.));
#2401=DIRECTION('center_axis',(0.,0.,-1.));
#2402=DIRECTION('ref_axis',(0.707106781186546,-0.707106781186549,0.));
#2403=DIRECTION('',(0.,1.,0.));
#2404=DIRECTION('center_axis',(0.,0.,1.));
#2405=DIRECTION('ref_axis',(-0.24888884887222,0.968532054661621,0.));
#2406=DIRECTION('center_axis',(0.,0.,1.));
#2407=DIRECTION('ref_axis',(0.845154254728516,0.53452248382485,0.));
#2408=DIRECTION('center_axis',(0.,0.,1.));
#2409=DIRECTION('ref_axis',(-1.,0.,0.));
#2410=DIRECTION('center_axis',(0.,1.,0.));
#2411=DIRECTION('ref_axis',(0.,0.,1.));
#2412=DIRECTION('',(1.,0.,0.));
#2413=DIRECTION('',(0.,0.,1.));
#2414=DIRECTION('center_axis',(0.,0.,1.));
#2415=DIRECTION('ref_axis',(1.,0.,0.));
#2416=DIRECTION('',(0.,1.,0.));
#2417=DIRECTION('center_axis',(0.,0.,-1.));
#2418=DIRECTION('ref_axis',(-0.707106781186546,0.707106781186549,0.));
#2419=DIRECTION('center_axis',(-1.,0.,0.));
#2420=DIRECTION('ref_axis',(0.,0.,1.));
#2421=DIRECTION('',(0.,1.,0.));
#2422=DIRECTION('',(0.,0.,1.));
#2423=DIRECTION('center_axis',(9.57088814332031E-17,0.,1.));
#2424=DIRECTION('ref_axis',(-0.24888884887222,0.968532054661621,0.));
#2425=DIRECTION('',(9.57088814332032E-17,0.,1.));
#2426=DIRECTION('center_axis',(0.,0.,-1.));
#2427=DIRECTION('ref_axis',(-0.24888884887222,0.968532054661621,0.));
#2428=DIRECTION('',(0.,0.,1.));
#2429=DIRECTION('center_axis',(0.,0.,1.));
#2430=DIRECTION('ref_axis',(1.,0.,0.));
#2431=DIRECTION('center_axis',(0.,0.,-1.));
#2432=DIRECTION('ref_axis',(-1.,0.,0.));
#2433=DIRECTION('center_axis',(0.,0.,-1.));
#2434=DIRECTION('ref_axis',(0.845154254728516,0.53452248382485,0.));
#2435=DIRECTION('',(0.,1.,0.));
#2436=DIRECTION('center_axis',(0.,0.,1.));
#2437=DIRECTION('ref_axis',(0.707106781186546,-0.707106781186549,0.));
#2438=DIRECTION('',(-1.,0.,0.));
#2439=DIRECTION('center_axis',(0.,0.,1.));
#2440=DIRECTION('ref_axis',(-0.707106781186548,-0.707106781186548,0.));
#2441=DIRECTION('',(0.,1.,0.));
#2442=DIRECTION('center_axis',(0.,0.,-1.));
#2443=DIRECTION('ref_axis',(0.707106781186546,0.707106781186549,0.));
#2444=DIRECTION('',(1.,0.,0.));
#2445=DIRECTION('center_axis',(0.,1.,0.));
#2446=DIRECTION('ref_axis',(0.,0.,1.));
#2447=DIRECTION('',(0.,0.,1.));
#2448=DIRECTION('',(-1.,0.,0.));
#2449=DIRECTION('center_axis',(0.,0.,-1.));
#2450=DIRECTION('ref_axis',(0.707106781186546,-0.707106781186549,0.));
#2451=DIRECTION('center_axis',(0.,0.,1.));
#2452=DIRECTION('ref_axis',(0.707106781186546,-0.707106781186549,0.));
#2453=DIRECTION('',(0.,0.,1.));
#2454=DIRECTION('center_axis',(0.,0.,-1.));
#2455=DIRECTION('ref_axis',(0.707106781186546,-0.707106781186549,0.));
#2456=DIRECTION('',(0.,0.,-1.));
#2457=DIRECTION('center_axis',(0.,0.,-1.));
#2458=DIRECTION('ref_axis',(-1.,0.,0.));
#2459=DIRECTION('',(1.,0.,0.));
#2460=DIRECTION('center_axis',(0.,0.,-1.));
#2461=DIRECTION('ref_axis',(-0.707106781186546,-0.707106781186549,0.));
#2462=DIRECTION('',(0.,1.,0.));
#2463=DIRECTION('center_axis',(0.,0.,1.));
#2464=DIRECTION('ref_axis',(-1.,0.,0.));
#2465=DIRECTION('',(0.,1.,0.));
#2466=DIRECTION('center_axis',(0.,1.,0.));
#2467=DIRECTION('ref_axis',(0.,0.,1.));
#2468=DIRECTION('',(-1.,0.,0.));
#2469=DIRECTION('',(-1.04738021191052E-16,0.,-1.));
#2470=DIRECTION('center_axis',(-9.57088814332031E-17,0.,-1.));
#2471=DIRECTION('ref_axis',(0.707106781186546,-0.707106781186549,0.));
#2472=DIRECTION('',(-9.57088814332031E-17,0.,-1.));
#2473=DIRECTION('',(9.57088814332031E-17,0.,1.));
#2474=DIRECTION('center_axis',(-1.,0.,9.57088814332031E-17));
#2475=DIRECTION('ref_axis',(9.57088814332031E-17,0.,1.));
#2476=DIRECTION('center_axis',(1.04738021191052E-16,0.,1.));
#2477=DIRECTION('ref_axis',(-0.707106781186546,-0.707106781186549,0.));
#2478=DIRECTION('center_axis',(0.,0.,1.));
#2479=DIRECTION('ref_axis',(-0.707106781186546,-0.707106781186549,0.));
#2480=DIRECTION('',(1.04738021191052E-16,0.,1.));
#2481=DIRECTION('center_axis',(1.,0.,-1.04738021191052E-16));
#2482=DIRECTION('ref_axis',(-1.04738021191052E-16,0.,-1.));
#2483=DIRECTION('',(0.,1.,0.));
#2484=DIRECTION('',(0.,0.,1.));
#2485=DIRECTION('center_axis',(0.,0.,1.));
#2486=DIRECTION('ref_axis',(-0.707106781186548,-0.707106781186548,0.));
#2487=DIRECTION('',(0.,0.,1.));
#2488=DIRECTION('',(0.,0.,-1.));
#2489=DIRECTION('center_axis',(1.,0.,0.));
#2490=DIRECTION('ref_axis',(0.,0.,-1.));
#2491=DIRECTION('',(0.,0.,-1.));
#2492=DIRECTION('center_axis',(0.,0.,-1.));
#2493=DIRECTION('ref_axis',(0.845154254728516,0.53452248382485,0.));
#2494=DIRECTION('',(0.,0.,-1.));
#2495=DIRECTION('center_axis',(0.,0.,1.));
#2496=DIRECTION('ref_axis',(1.83697019872103E-16,-1.,0.));
#2497=DIRECTION('center_axis',(0.,0.,-1.));
#2498=DIRECTION('ref_axis',(-1.,0.,0.));
#2499=DIRECTION('',(0.,0.,-1.));
#2500=DIRECTION('center_axis',(0.,0.,1.));
#2501=DIRECTION('ref_axis',(-0.707106781186546,0.707106781186549,0.));
#2502=DIRECTION('center_axis',(0.,0.,1.));
#2503=DIRECTION('ref_axis',(-0.707106781186546,0.707106781186549,0.));
#2504=DIRECTION('center_axis',(0.,0.,1.));
#2505=DIRECTION('ref_axis',(-0.707106781186553,-0.707106781186542,0.));
#2506=DIRECTION('',(0.,0.,-1.));
#2507=DIRECTION('center_axis',(0.,0.,-1.));
#2508=DIRECTION('ref_axis',(0.,-1.,0.));
#2509=DIRECTION('',(0.,0.,1.));
#2510=DIRECTION('center_axis',(0.,0.,1.));
#2511=DIRECTION('ref_axis',(-1.,0.,0.));
#2512=DIRECTION('',(0.,0.,-1.));
#2513=DIRECTION('',(0.,0.,-1.));
#2514=DIRECTION('',(0.,0.,-1.));
#2515=DIRECTION('',(0.,0.,-1.));
#2516=DIRECTION('center_axis',(0.,1.,0.));
#2517=DIRECTION('ref_axis',(0.,0.,1.));
#2518=DIRECTION('center_axis',(1.,0.,0.));
#2519=DIRECTION('ref_axis',(0.,0.,1.));
#2520=DIRECTION('center_axis',(0.,-1.,0.));
#2521=DIRECTION('ref_axis',(-0.707106781186547,0.,0.707106781186548));
#2522=DIRECTION('center_axis',(0.,1.,0.));
#2523=DIRECTION('ref_axis',(-0.707106781186547,0.,0.707106781186548));
#2524=DIRECTION('center_axis',(1.,0.,-5.0811122408474E-17));
#2525=DIRECTION('ref_axis',(0.,-0.707106781186555,0.70710678118654));
#2526=DIRECTION('center_axis',(1.,0.,0.));
#2527=DIRECTION('ref_axis',(0.,0.,1.));
#2528=DIRECTION('',(-1.,0.,5.0811122408474E-17));
#2529=DIRECTION('',(1.,0.,-5.0811122408474E-17));
#2530=DIRECTION('center_axis',(0.,1.,0.));
#2531=DIRECTION('ref_axis',(0.,0.,1.));
#2532=DIRECTION('center_axis',(0.,0.,-1.));
#2533=DIRECTION('ref_axis',(1.,0.,0.));
#2534=DIRECTION('center_axis',(0.,-1.,0.));
#2535=DIRECTION('ref_axis',(0.707106781186547,0.,0.707106781186547));
#2536=DIRECTION('center_axis',(0.,1.,0.));
#2537=DIRECTION('ref_axis',(0.707106781186548,0.,0.707106781186548));
#2538=DIRECTION('center_axis',(0.,0.,-1.));
#2539=DIRECTION('ref_axis',(0.707106781186553,-0.707106781186542,0.));
#2540=DIRECTION('',(0.,0.,1.));
#2541=DIRECTION('',(0.,0.,-1.));
#2542=DIRECTION('center_axis',(0.,0.,-1.));
#2543=DIRECTION('ref_axis',(1.,0.,0.));
#2544=DIRECTION('',(0.,0.,1.));
#2545=DIRECTION('',(0.,0.,1.));
#2546=DIRECTION('center_axis',(0.,1.,0.));
#2547=DIRECTION('ref_axis',(0.,0.,1.));
#2548=DIRECTION('center_axis',(-1.,0.,0.));
#2549=DIRECTION('ref_axis',(0.,0.,-1.));
#2550=DIRECTION('center_axis',(0.,-1.,0.));
#2551=DIRECTION('ref_axis',(0.707106781186547,0.,-0.707106781186547));
#2552=DIRECTION('center_axis',(0.,1.,0.));
#2553=DIRECTION('ref_axis',(0.707106781186548,0.,-0.707106781186548));
#2554=DIRECTION('center_axis',(-1.,0.,-5.0811122408474E-17));
#2555=DIRECTION('ref_axis',(0.,-0.707106781186549,-0.707106781186546));
#2556=DIRECTION('center_axis',(-1.,0.,0.));
#2557=DIRECTION('ref_axis',(0.,0.,-1.));
#2558=DIRECTION('',(1.,0.,5.0811122408474E-17));
#2559=DIRECTION('',(-1.,0.,-5.0811122408474E-17));
#2560=DIRECTION('center_axis',(0.,1.,0.));
#2561=DIRECTION('ref_axis',(0.,0.,1.));
#2562=DIRECTION('center_axis',(0.,-1.,0.));
#2563=DIRECTION('ref_axis',(-0.707106781186547,0.,-0.707106781186548));
#2564=DIRECTION('center_axis',(0.,1.,0.));
#2565=DIRECTION('ref_axis',(-0.707106781186547,0.,-0.707106781186548));
#2566=DIRECTION('center_axis',(0.,1.,0.));
#2567=DIRECTION('ref_axis',(0.707106781186547,0.,0.707106781186547));
#2568=DIRECTION('',(0.,1.,0.));
#2569=DIRECTION('center_axis',(0.,-1.,0.));
#2570=DIRECTION('ref_axis',(0.707106781186547,0.,0.707106781186547));
#2571=DIRECTION('',(0.,-1.,0.));
#2572=DIRECTION('center_axis',(-5.0811122408474E-17,0.,-1.));
#2573=DIRECTION('ref_axis',(-1.,0.,5.0811122408474E-17));
#2574=DIRECTION('',(0.,-1.,0.));
#2575=DIRECTION('',(-1.,0.,5.0811122408474E-17));
#2576=DIRECTION('center_axis',(0.,1.,0.));
#2577=DIRECTION('ref_axis',(-0.707106781186546,0.,0.707106781186549));
#2578=DIRECTION('',(0.,1.,0.));
#2579=DIRECTION('center_axis',(0.,-1.,0.));
#2580=DIRECTION('ref_axis',(-0.707106781186546,0.,0.707106781186549));
#2581=DIRECTION('center_axis',(1.,0.,0.));
#2582=DIRECTION('ref_axis',(0.,0.,-1.));
#2583=DIRECTION('',(0.,-1.,0.));
#2584=DIRECTION('',(0.,0.,-1.));
#2585=DIRECTION('',(0.,0.,1.));
#2586=DIRECTION('center_axis',(1.,0.,0.));
#2587=DIRECTION('ref_axis',(0.,0.,-1.));
#2588=DIRECTION('',(0.,0.,-1.));
#2589=DIRECTION('center_axis',(1.,0.,0.));
#2590=DIRECTION('ref_axis',(0.,0.,1.));
#2591=DIRECTION('center_axis',(0.,1.,0.));
#2592=DIRECTION('ref_axis',(0.,0.,1.));
#2593=DIRECTION('center_axis',(0.,-1.,0.));
#2594=DIRECTION('ref_axis',(1.,0.,0.));
#2595=DIRECTION('center_axis',(0.,-1.,0.));
#2596=DIRECTION('ref_axis',(1.,0.,0.));
#2597=DIRECTION('center_axis',(0.,1.,0.));
#2598=DIRECTION('ref_axis',(0.,0.,1.));
#2599=DIRECTION('center_axis',(0.,-1.,0.));
#2600=DIRECTION('ref_axis',(1.,0.,0.));
#2601=DIRECTION('center_axis',(0.,-1.,0.));
#2602=DIRECTION('ref_axis',(1.,0.,0.));
#2603=DIRECTION('center_axis',(0.,-1.,0.));
#2604=DIRECTION('ref_axis',(1.,0.,0.));
#2605=DIRECTION('center_axis',(0.,-1.,0.));
#2606=DIRECTION('ref_axis',(1.,0.,0.));
#2607=DIRECTION('center_axis',(0.,-1.,0.));
#2608=DIRECTION('ref_axis',(1.,0.,0.));
#2609=DIRECTION('center_axis',(0.,-1.,0.));
#2610=DIRECTION('ref_axis',(1.,0.,0.));
#2611=DIRECTION('center_axis',(0.,-1.,0.));
#2612=DIRECTION('ref_axis',(1.,0.,0.));
#2613=DIRECTION('center_axis',(0.,1.,0.));
#2614=DIRECTION('ref_axis',(0.,0.,1.));
#2615=DIRECTION('center_axis',(0.,-1.,0.));
#2616=DIRECTION('ref_axis',(1.,0.,0.));
#2617=DIRECTION('center_axis',(0.,1.,0.));
#2618=DIRECTION('ref_axis',(1.,0.,0.));
#2619=DIRECTION('center_axis',(0.,1.,0.));
#2620=DIRECTION('ref_axis',(1.,0.,0.));
#2621=DIRECTION('',(0.,-1.,0.));
#2622=DIRECTION('',(0.,1.,0.));
#2623=DIRECTION('center_axis',(0.,1.,0.));
#2624=DIRECTION('ref_axis',(1.,0.,0.));
#2625=DIRECTION('center_axis',(0.,1.,0.));
#2626=DIRECTION('ref_axis',(0.,0.,1.));
#2627=DIRECTION('center_axis',(0.,-1.,0.));
#2628=DIRECTION('ref_axis',(1.,0.,0.));
#2629=DIRECTION('center_axis',(-1.,0.,0.));
#2630=DIRECTION('ref_axis',(0.,0.,-1.));
#2631=DIRECTION('center_axis',(0.,1.,0.));
#2632=DIRECTION('ref_axis',(1.,0.,0.));
#2633=DIRECTION('center_axis',(0.,-1.,0.));
#2634=DIRECTION('ref_axis',(1.,0.,0.));
#2635=DIRECTION('center_axis',(0.,1.,0.));
#2636=DIRECTION('ref_axis',(0.,0.,1.));
#2637=DIRECTION('center_axis',(0.,-1.,0.));
#2638=DIRECTION('ref_axis',(0.,0.,1.));
#2639=DIRECTION('center_axis',(-1.,0.,0.));
#2640=DIRECTION('ref_axis',(0.,0.,-1.));
#2641=DIRECTION('center_axis',(0.,1.,0.));
#2642=DIRECTION('ref_axis',(0.,0.,1.));
#2643=DIRECTION('center_axis',(0.,1.,0.));
#2644=DIRECTION('ref_axis',(0.,0.,1.));
#2645=DIRECTION('center_axis',(0.,1.,0.));
#2646=DIRECTION('ref_axis',(1.,0.,0.));
#2647=DIRECTION('',(0.,0.,1.));
#2648=DIRECTION('center_axis',(0.,1.,0.));
#2649=DIRECTION('ref_axis',(-0.707106781186548,0.,-0.707106781186547));
#2650=DIRECTION('',(-1.,0.,-4.85874409026327E-17));
#2651=DIRECTION('center_axis',(0.,1.,0.));
#2652=DIRECTION('ref_axis',(0.707106781186548,0.,-0.707106781186547));
#2653=DIRECTION('',(0.,0.,-1.));
#2654=DIRECTION('center_axis',(0.,1.,0.));
#2655=DIRECTION('ref_axis',(0.707106781186548,0.,0.707106781186547));
#2656=DIRECTION('',(1.,0.,-4.85874409026327E-17));
#2657=DIRECTION('center_axis',(0.,1.,0.));
#2658=DIRECTION('ref_axis',(-0.707106781186548,0.,0.707106781186547));
#2659=DIRECTION('center_axis',(0.,-1.,0.));
#2660=DIRECTION('ref_axis',(0.,0.,1.));
#2661=DIRECTION('center_axis',(0.,-1.,0.));
#2662=DIRECTION('ref_axis',(0.,0.,1.));
#2663=DIRECTION('center_axis',(0.,-1.,0.));
#2664=DIRECTION('ref_axis',(0.,0.,1.));
#2665=DIRECTION('center_axis',(0.,-1.,0.));
#2666=DIRECTION('ref_axis',(0.,0.,1.));
#2667=DIRECTION('center_axis',(0.,-1.,0.));
#2668=DIRECTION('ref_axis',(0.,0.,1.));
#2669=DIRECTION('center_axis',(0.,1.,0.));
#2670=DIRECTION('ref_axis',(0.,0.,-1.));
#2671=DIRECTION('',(0.,1.,0.));
#2672=DIRECTION('center_axis',(0.,1.,0.));
#2673=DIRECTION('ref_axis',(0.,0.,-1.));
#2674=DIRECTION('center_axis',(0.,1.,0.));
#2675=DIRECTION('ref_axis',(0.,0.,1.));
#2676=DIRECTION('center_axis',(-1.,0.,0.));
#2677=DIRECTION('ref_axis',(0.,0.,-1.));
#2678=DIRECTION('center_axis',(0.,1.,0.));
#2679=DIRECTION('ref_axis',(0.,0.,1.));
#2680=DIRECTION('center_axis',(0.,1.,0.));
#2681=DIRECTION('ref_axis',(0.,0.,1.));
#2682=DIRECTION('center_axis',(0.,1.,0.));
#2683=DIRECTION('ref_axis',(0.,0.,-1.));
#2684=DIRECTION('',(0.,1.,0.));
#2685=DIRECTION('center_axis',(0.,1.,0.));
#2686=DIRECTION('ref_axis',(0.,0.,-1.));
#2687=DIRECTION('center_axis',(0.,1.,0.));
#2688=DIRECTION('ref_axis',(0.,0.,1.));
#2689=DIRECTION('center_axis',(-1.,0.,0.));
#2690=DIRECTION('ref_axis',(0.,0.,-1.));
#2691=DIRECTION('center_axis',(0.,1.,0.));
#2692=DIRECTION('ref_axis',(0.,0.,1.));
#2693=DIRECTION('center_axis',(0.,1.,0.));
#2694=DIRECTION('ref_axis',(0.,0.,1.));
#2695=DIRECTION('center_axis',(0.,1.,0.));
#2696=DIRECTION('ref_axis',(0.,0.,-1.));
#2697=DIRECTION('',(0.,1.,0.));
#2698=DIRECTION('center_axis',(0.,1.,0.));
#2699=DIRECTION('ref_axis',(0.,0.,-1.));
#2700=DIRECTION('center_axis',(0.,1.,0.));
#2701=DIRECTION('ref_axis',(0.,0.,1.));
#2702=DIRECTION('center_axis',(-1.,0.,0.));
#2703=DIRECTION('ref_axis',(0.,0.,-1.));
#2704=DIRECTION('center_axis',(0.,1.,0.));
#2705=DIRECTION('ref_axis',(0.,0.,1.));
#2706=DIRECTION('center_axis',(0.,1.,0.));
#2707=DIRECTION('ref_axis',(0.,0.,1.));
#2708=DIRECTION('center_axis',(0.,1.,0.));
#2709=DIRECTION('ref_axis',(0.,0.,-1.));
#2710=DIRECTION('',(0.,1.,0.));
#2711=DIRECTION('center_axis',(0.,1.,0.));
#2712=DIRECTION('ref_axis',(0.,0.,-1.));
#2713=DIRECTION('center_axis',(0.,1.,0.));
#2714=DIRECTION('ref_axis',(0.,0.,1.));
#2715=DIRECTION('center_axis',(0.,-1.,0.));
#2716=DIRECTION('ref_axis',(1.,0.,0.));
#2717=DIRECTION('center_axis',(-1.,0.,0.));
#2718=DIRECTION('ref_axis',(0.,0.,-1.));
#2719=DIRECTION('center_axis',(0.,1.,0.));
#2720=DIRECTION('ref_axis',(1.,0.,0.));
#2721=DIRECTION('center_axis',(0.,1.,0.));
#2722=DIRECTION('ref_axis',(1.,0.,0.));
#2723=DIRECTION('center_axis',(0.,1.,0.));
#2724=DIRECTION('ref_axis',(1.,0.,0.));
#2725=DIRECTION('',(0.,-1.,0.));
#2726=DIRECTION('',(0.,1.,0.));
#2727=DIRECTION('center_axis',(0.,1.,0.));
#2728=DIRECTION('ref_axis',(1.,0.,0.));
#2729=DIRECTION('center_axis',(0.,-1.,0.));
#2730=DIRECTION('ref_axis',(1.,0.,0.));
#2731=DIRECTION('center_axis',(0.,1.,0.));
#2732=DIRECTION('ref_axis',(0.,0.,1.));
#2733=DIRECTION('center_axis',(0.,-1.,0.));
#2734=DIRECTION('ref_axis',(1.,0.,0.));
#2735=DIRECTION('center_axis',(-1.,0.,0.));
#2736=DIRECTION('ref_axis',(0.,0.,-1.));
#2737=DIRECTION('center_axis',(0.,1.,0.));
#2738=DIRECTION('ref_axis',(1.,0.,0.));
#2739=DIRECTION('center_axis',(0.,1.,0.));
#2740=DIRECTION('ref_axis',(1.,0.,0.));
#2741=DIRECTION('center_axis',(0.,1.,0.));
#2742=DIRECTION('ref_axis',(1.,0.,0.));
#2743=DIRECTION('',(0.,-1.,0.));
#2744=DIRECTION('center_axis',(0.,1.,0.));
#2745=DIRECTION('ref_axis',(1.,0.,0.));
#2746=DIRECTION('center_axis',(0.,-1.,0.));
#2747=DIRECTION('ref_axis',(1.,0.,0.));
#2748=DIRECTION('center_axis',(0.,1.,0.));
#2749=DIRECTION('ref_axis',(0.,0.,1.));
#2750=DIRECTION('center_axis',(0.,-1.,0.));
#2751=DIRECTION('ref_axis',(1.,0.,0.));
#2752=DIRECTION('center_axis',(-1.,0.,0.));
#2753=DIRECTION('ref_axis',(0.,0.,-1.));
#2754=DIRECTION('center_axis',(0.,1.,0.));
#2755=DIRECTION('ref_axis',(1.,0.,0.));
#2756=DIRECTION('center_axis',(0.,1.,0.));
#2757=DIRECTION('ref_axis',(1.,0.,0.));
#2758=DIRECTION('center_axis',(0.,1.,0.));
#2759=DIRECTION('ref_axis',(1.,0.,0.));
#2760=DIRECTION('',(0.,-1.,0.));
#2761=DIRECTION('center_axis',(0.,1.,0.));
#2762=DIRECTION('ref_axis',(1.,0.,0.));
#2763=DIRECTION('center_axis',(0.,-1.,0.));
#2764=DIRECTION('ref_axis',(1.,0.,0.));
#2765=DIRECTION('center_axis',(0.,0.,-1.));
#2766=DIRECTION('ref_axis',(0.707106781186554,-0.707106781186541,0.));
#2767=DIRECTION('center_axis',(0.,-1.11022302462516E-15,-1.));
#2768=DIRECTION('ref_axis',(1.,0.,0.));
#2769=DIRECTION('',(0.,0.,-1.));
#2770=DIRECTION('center_axis',(0.,2.22044604925031E-15,1.));
#2771=DIRECTION('ref_axis',(0.,-1.,2.22044604925031E-15));
#2772=DIRECTION('center_axis',(-1.,0.,0.));
#2773=DIRECTION('ref_axis',(0.,0.,-1.));
#2774=DIRECTION('center_axis',(0.,0.,-1.));
#2775=DIRECTION('ref_axis',(0.,1.,0.));
#2776=DIRECTION('center_axis',(-1.,0.,0.));
#2777=DIRECTION('ref_axis',(0.,0.,-1.));
#2778=DIRECTION('center_axis',(0.,0.,1.));
#2779=DIRECTION('ref_axis',(0.707106781186554,0.707106781186541,0.));
#2780=DIRECTION('center_axis',(0.,-1.11022302462516E-15,-1.));
#2781=DIRECTION('ref_axis',(0.,1.,-1.11022302462516E-15));
#2782=DIRECTION('',(0.,0.,1.));
#2783=DIRECTION('center_axis',(-1.,0.,0.));
#2784=DIRECTION('ref_axis',(0.,0.,1.));
#2785=DIRECTION('center_axis',(-1.,0.,0.));
#2786=DIRECTION('ref_axis',(0.,0.,1.));
#2787=DIRECTION('center_axis',(1.,0.,0.));
#2788=DIRECTION('ref_axis',(0.,1.,0.));
#2789=DIRECTION('',(1.,0.,0.));
#2790=DIRECTION('center_axis',(1.,0.,0.));
#2791=DIRECTION('ref_axis',(0.,0.,-1.));
#2792=DIRECTION('',(1.,0.,0.));
#2793=DIRECTION('center_axis',(0.,1.,0.));
#2794=DIRECTION('ref_axis',(0.,0.,1.));
#2795=DIRECTION('',(1.,0.,0.));
#2796=DIRECTION('',(0.,0.,1.));
#2797=DIRECTION('center_axis',(0.,0.,-1.));
#2798=DIRECTION('ref_axis',(0.707106781186554,0.707106781186541,0.));
#2799=DIRECTION('center_axis',(0.,0.,-1.));
#2800=DIRECTION('ref_axis',(0.,1.,0.));
#2801=DIRECTION('center_axis',(0.,0.,1.));
#2802=DIRECTION('ref_axis',(1.,0.,0.));
#2803=DIRECTION('',(0.,0.,1.));
#2804=DIRECTION('center_axis',(0.,1.,0.));
#2805=DIRECTION('ref_axis',(0.,0.,1.));
#2806=DIRECTION('center_axis',(-1.,0.,0.));
#2807=DIRECTION('ref_axis',(0.,0.,1.));
#2808=DIRECTION('center_axis',(0.,1.,0.));
#2809=DIRECTION('ref_axis',(-0.707106781186547,0.,-0.707106781186548));
#2810=DIRECTION('center_axis',(0.,-1.,0.));
#2811=DIRECTION('ref_axis',(-0.707106781186547,0.,-0.707106781186548));
#2812=DIRECTION('center_axis',(1.,0.,5.0811122408474E-17));
#2813=DIRECTION('ref_axis',(0.,0.707106781186548,0.707106781186548));
#2814=DIRECTION('center_axis',(-1.,0.,8.88178419700128E-15));
#2815=DIRECTION('ref_axis',(8.88178419700128E-15,0.,1.));
#2816=DIRECTION('',(-1.,0.,-5.0811122408474E-17));
#2817=DIRECTION('',(1.,0.,5.0811122408474E-17));
#2818=DIRECTION('center_axis',(0.,1.,0.));
#2819=DIRECTION('ref_axis',(0.,0.,1.));
#2820=DIRECTION('center_axis',(0.,0.,-1.));
#2821=DIRECTION('ref_axis',(-1.,0.,0.));
#2822=DIRECTION('center_axis',(0.,1.,0.));
#2823=DIRECTION('ref_axis',(0.707106781186548,0.,-0.707106781186548));
#2824=DIRECTION('center_axis',(0.,-1.,0.));
#2825=DIRECTION('ref_axis',(0.707106781186547,0.,-0.707106781186547));
#2826=DIRECTION('center_axis',(0.,0.,1.));
#2827=DIRECTION('ref_axis',(-0.707106781186554,0.707106781186541,0.));
#2828=DIRECTION('center_axis',(0.,0.,-1.));
#2829=DIRECTION('ref_axis',(-1.,0.,0.));
#2830=DIRECTION('',(0.,0.,-1.));
#2831=DIRECTION('',(0.,0.,1.));
#2832=DIRECTION('center_axis',(0.,1.,0.));
#2833=DIRECTION('ref_axis',(0.,0.,1.));
#2834=DIRECTION('center_axis',(1.,0.,0.));
#2835=DIRECTION('ref_axis',(0.,0.,-1.));
#2836=DIRECTION('center_axis',(0.,1.,0.));
#2837=DIRECTION('ref_axis',(0.707106781186548,0.,0.707106781186548));
#2838=DIRECTION('center_axis',(-1.,0.,5.0811122408474E-17));
#2839=DIRECTION('ref_axis',(0.,0.707106781186541,-0.707106781186554));
#2840=DIRECTION('center_axis',(1.,0.,0.));
#2841=DIRECTION('ref_axis',(0.,0.,-1.));
#2842=DIRECTION('',(1.,0.,-5.0811122408474E-17));
#2843=DIRECTION('center_axis',(0.,1.,0.));
#2844=DIRECTION('ref_axis',(0.,0.,1.));
#2845=DIRECTION('center_axis',(0.,1.,0.));
#2846=DIRECTION('ref_axis',(-0.707106781186546,0.,0.707106781186549));
#2847=DIRECTION('center_axis',(0.,1.,0.));
#2848=DIRECTION('ref_axis',(0.707106781186547,0.,-0.707106781186547));
#2849=DIRECTION('',(0.,1.,0.));
#2850=DIRECTION('',(0.,-1.,0.));
#2851=DIRECTION('center_axis',(-5.0811122408474E-17,0.,1.));
#2852=DIRECTION('ref_axis',(1.,0.,5.0811122408474E-17));
#2853=DIRECTION('',(0.,1.,0.));
#2854=DIRECTION('center_axis',(0.,1.,0.));
#2855=DIRECTION('ref_axis',(-0.707106781186546,0.,-0.707106781186549));
#2856=DIRECTION('center_axis',(0.,1.,0.));
#2857=DIRECTION('ref_axis',(0.,0.,1.));
#2858=DIRECTION('center_axis',(0.,-1.,0.));
#2859=DIRECTION('ref_axis',(-0.707106781186548,0.,-0.707106781186548));
#2860=DIRECTION('',(0.,0.,1.));
#2861=DIRECTION('center_axis',(0.,-1.,0.));
#2862=DIRECTION('ref_axis',(-0.707106781186548,0.,0.707106781186548));
#2863=DIRECTION('',(1.,0.,-4.85874409026327E-17));
#2864=DIRECTION('center_axis',(0.,-1.,0.));
#2865=DIRECTION('ref_axis',(0.707106781186548,0.,0.707106781186548));
#2866=DIRECTION('',(0.,0.,-1.));
#2867=DIRECTION('center_axis',(0.,-1.,0.));
#2868=DIRECTION('ref_axis',(0.707106781186548,0.,-0.707106781186548));
#2869=DIRECTION('',(-1.,0.,-4.85874409026327E-17));
#2870=DIRECTION('center_axis',(0.,0.,1.));
#2871=DIRECTION('ref_axis',(-0.707106781186554,-0.707106781186541,0.));
#2872=DIRECTION('center_axis',(0.,2.22044604925031E-15,1.));
#2873=DIRECTION('ref_axis',(-1.,0.,0.));
#2874=DIRECTION('center_axis',(0.,3.33066907387547E-15,-1.));
#2875=DIRECTION('ref_axis',(0.,-1.,-3.33066907387547E-15));
#2876=DIRECTION('',(0.,0.,-1.));
#2877=DIRECTION('center_axis',(1.,0.,0.));
#2878=DIRECTION('ref_axis',(0.,0.,1.));
#2879=DIRECTION('center_axis',(0.,0.,1.));
#2880=DIRECTION('ref_axis',(0.,1.,0.));
#2881=DIRECTION('center_axis',(-1.,0.,0.));
#2882=DIRECTION('ref_axis',(0.,0.,1.));
#2883=DIRECTION('center_axis',(1.,0.,0.));
#2884=DIRECTION('ref_axis',(0.,0.,1.));
#2885=DIRECTION('center_axis',(0.,0.,-1.));
#2886=DIRECTION('ref_axis',(-0.707106781186554,0.707106781186541,0.));
#2887=DIRECTION('center_axis',(0.,0.,1.));
#2888=DIRECTION('ref_axis',(0.,1.,0.));
#2889=DIRECTION('',(0.,0.,1.));
#2890=DIRECTION('',(0.,0.,-1.));
#2891=DIRECTION('center_axis',(1.,0.,0.));
#2892=DIRECTION('ref_axis',(0.,0.,-1.));
#2893=DIRECTION('center_axis',(-1.,0.,0.));
#2894=DIRECTION('ref_axis',(0.,0.,-1.));
#2895=DIRECTION('center_axis',(1.,0.,0.));
#2896=DIRECTION('ref_axis',(0.,-1.,3.1720657846433E-16));
#2897=DIRECTION('',(1.,0.,0.));
#2898=DIRECTION('center_axis',(-1.,0.,0.));
#2899=DIRECTION('ref_axis',(0.,0.,1.));
#2900=DIRECTION('',(0.,0.,-1.));
#2901=DIRECTION('',(0.,-1.,0.));
#2902=DIRECTION('',(0.,1.,0.));
#2903=DIRECTION('center_axis',(0.,0.,-1.));
#2904=DIRECTION('ref_axis',(-0.70710678118654,-0.707106781186555,0.));
#2905=DIRECTION('center_axis',(0.,0.,-1.));
#2906=DIRECTION('ref_axis',(0.,-1.,0.));
#2907=DIRECTION('center_axis',(0.,0.,1.));
#2908=DIRECTION('ref_axis',(-1.,0.,0.));
#2909=DIRECTION('center_axis',(0.,1.,0.));
#2910=DIRECTION('ref_axis',(0.,0.,1.));
#2911=DIRECTION('center_axis',(-1.,0.,0.));
#2912=DIRECTION('ref_axis',(0.,0.,-1.));
#2913=DIRECTION('center_axis',(0.,-1.,0.));
#2914=DIRECTION('ref_axis',(-0.707106781186548,0.,-0.707106781186547));
#2915=DIRECTION('center_axis',(1.,0.,4.85874409026327E-17));
#2916=DIRECTION('ref_axis',(0.,-0.707106781186555,-0.70710678118654));
#2917=DIRECTION('center_axis',(-1.,0.,0.));
#2918=DIRECTION('ref_axis',(0.,0.,-1.));
#2919=DIRECTION('',(1.,0.,4.85874409026327E-17));
#2920=DIRECTION('center_axis',(0.,1.,0.));
#2921=DIRECTION('ref_axis',(0.,0.,1.));
#2922=DIRECTION('center_axis',(0.,0.,-1.));
#2923=DIRECTION('ref_axis',(1.,0.,0.));
#2924=DIRECTION('center_axis',(0.,-1.,0.));
#2925=DIRECTION('ref_axis',(0.707106781186548,0.,-0.707106781186547));
#2926=DIRECTION('center_axis',(0.,0.,1.));
#2927=DIRECTION('ref_axis',(0.70710678118654,-0.707106781186555,0.));
#2928=DIRECTION('center_axis',(0.,0.,-1.));
#2929=DIRECTION('ref_axis',(1.,0.,0.));
#2930=DIRECTION('',(0.,0.,1.));
#2931=DIRECTION('center_axis',(0.,1.,0.));
#2932=DIRECTION('ref_axis',(0.,0.,1.));
#2933=DIRECTION('center_axis',(1.,0.,0.));
#2934=DIRECTION('ref_axis',(0.,0.,1.));
#2935=DIRECTION('center_axis',(0.,-1.,0.));
#2936=DIRECTION('ref_axis',(0.707106781186548,0.,0.707106781186547));
#2937=DIRECTION('center_axis',(-1.,0.,4.85874409026327E-17));
#2938=DIRECTION('ref_axis',(0.,-0.707106781186549,0.707106781186546));
#2939=DIRECTION('center_axis',(1.,0.,0.));
#2940=DIRECTION('ref_axis',(0.,0.,1.));
#2941=DIRECTION('',(-1.,0.,4.85874409026327E-17));
#2942=DIRECTION('center_axis',(0.,1.,0.));
#2943=DIRECTION('ref_axis',(0.,0.,1.));
#2944=DIRECTION('center_axis',(0.,-1.,0.));
#2945=DIRECTION('ref_axis',(-0.707106781186548,0.,0.707106781186547));
#2946=DIRECTION('center_axis',(0.,1.,0.));
#2947=DIRECTION('ref_axis',(0.707106781186548,0.,-0.707106781186548));
#2948=DIRECTION('',(0.,1.,0.));
#2949=DIRECTION('',(0.,-1.,0.));
#2950=DIRECTION('center_axis',(4.85874409026327E-17,0.,-1.));
#2951=DIRECTION('ref_axis',(-1.,0.,-4.85874409026327E-17));
#2952=DIRECTION('',(0.,-1.,0.));
#2953=DIRECTION('center_axis',(0.,1.,0.));
#2954=DIRECTION('ref_axis',(-0.707106781186548,0.,-0.707106781186548));
#2955=DIRECTION('center_axis',(0.,1.,0.));
#2956=DIRECTION('ref_axis',(-0.707106781186548,0.,0.707106781186548));
#2957=DIRECTION('',(0.,1.,0.));
#2958=DIRECTION('center_axis',(4.85874409026327E-17,0.,1.));
#2959=DIRECTION('ref_axis',(1.,0.,-4.85874409026327E-17));
#2960=DIRECTION('',(0.,-1.,0.));
#2961=DIRECTION('center_axis',(0.,1.,0.));
#2962=DIRECTION('ref_axis',(0.707106781186548,0.,0.707106781186548));
#2963=DIRECTION('',(0.,1.,0.));
#2964=DIRECTION('center_axis',(-1.,0.,0.));
#2965=DIRECTION('ref_axis',(0.,0.,1.));
#2966=DIRECTION('center_axis',(0.,0.,-1.));
#2967=DIRECTION('ref_axis',(-1.,0.,0.));
#2968=DIRECTION('center_axis',(0.,0.,1.));
#2969=DIRECTION('ref_axis',(1.,0.,0.));
#2970=DIRECTION('',(0.,1.,0.));
#2971=DIRECTION('center_axis',(-1.,0.,0.));
#2972=DIRECTION('ref_axis',(0.,0.,1.));
#2973=DIRECTION('center_axis',(0.,-1.,0.));
#2974=DIRECTION('ref_axis',(0.,0.,-1.));
#2975=DIRECTION('center_axis',(0.,1.,0.));
#2976=DIRECTION('ref_axis',(0.,0.,1.));
#2977=DIRECTION('center_axis',(0.,1.,0.));
#2978=DIRECTION('ref_axis',(0.,0.,1.));
#2979=DIRECTION('center_axis',(-1.,0.,0.));
#2980=DIRECTION('ref_axis',(0.,0.,-1.));
#2981=DIRECTION('center_axis',(0.,1.,0.));
#2982=DIRECTION('ref_axis',(0.,0.,1.));
#2983=DIRECTION('center_axis',(0.,1.,0.));
#2984=DIRECTION('ref_axis',(0.,0.,-1.));
#2985=DIRECTION('center_axis',(0.,-1.,0.));
#2986=DIRECTION('ref_axis',(1.,0.,0.));
#2987=DIRECTION('center_axis',(0.,1.,0.));
#2988=DIRECTION('ref_axis',(0.,0.,1.));
#2989=DIRECTION('center_axis',(0.,1.,0.));
#2990=DIRECTION('ref_axis',(0.,0.,1.));
#2991=DIRECTION('center_axis',(-1.,0.,0.));
#2992=DIRECTION('ref_axis',(0.,0.,-1.));
#2993=DIRECTION('center_axis',(0.,1.,0.));
#2994=DIRECTION('ref_axis',(0.,0.,1.));
#2995=DIRECTION('center_axis',(0.,1.,0.));
#2996=DIRECTION('ref_axis',(0.,0.,-1.));
#2997=DIRECTION('center_axis',(0.,-1.,0.));
#2998=DIRECTION('ref_axis',(1.,0.,0.));
#2999=DIRECTION('center_axis',(0.,1.,0.));
#3000=DIRECTION('ref_axis',(0.,0.,1.));
#3001=DIRECTION('center_axis',(-1.,0.,0.));
#3002=DIRECTION('ref_axis',(0.,0.,-1.));
#3003=DIRECTION('center_axis',(0.,1.,0.));
#3004=DIRECTION('ref_axis',(0.,0.,1.));
#3005=DIRECTION('center_axis',(-1.,0.,0.));
#3006=DIRECTION('ref_axis',(0.,0.,-1.));
#3007=DIRECTION('center_axis',(0.,1.,0.));
#3008=DIRECTION('ref_axis',(1.,0.,0.));
#3009=DIRECTION('center_axis',(0.,1.,0.));
#3010=DIRECTION('ref_axis',(1.,0.,0.));
#3011=DIRECTION('center_axis',(0.,1.,0.));
#3012=DIRECTION('ref_axis',(1.,0.,0.));
#3013=DIRECTION('center_axis',(0.,-1.,0.));
#3014=DIRECTION('ref_axis',(1.,0.,0.));
#3015=DIRECTION('',(0.,-1.,0.));
#3016=DIRECTION('center_axis',(0.,1.,0.));
#3017=DIRECTION('ref_axis',(1.,0.,0.));
#3018=DIRECTION('center_axis',(0.,1.,0.));
#3019=DIRECTION('ref_axis',(1.,0.,0.));
#3020=DIRECTION('center_axis',(0.,1.,0.));
#3021=DIRECTION('ref_axis',(1.,0.,0.));
#3022=DIRECTION('center_axis',(0.,1.,0.));
#3023=DIRECTION('ref_axis',(1.,0.,0.));
#3024=DIRECTION('center_axis',(0.,-1.,0.));
#3025=DIRECTION('ref_axis',(1.,0.,0.));
#3026=DIRECTION('',(0.,-1.,0.));
#3027=DIRECTION('center_axis',(0.,1.,0.));
#3028=DIRECTION('ref_axis',(1.,0.,0.));
#3029=DIRECTION('center_axis',(0.,-1.,0.));
#3030=DIRECTION('ref_axis',(0.,0.,-1.));
#3031=DIRECTION('',(-1.04972719113862E-16,0.515038074910054,-0.857167300702112));
#3032=DIRECTION('center_axis',(0.,-1.,0.));
#3033=DIRECTION('ref_axis',(1.,0.,0.));
#3034=DIRECTION('center_axis',(0.,-1.,0.));
#3035=DIRECTION('ref_axis',(1.,0.,0.));
#3036=DIRECTION('center_axis',(0.,-1.,0.));
#3037=DIRECTION('ref_axis',(0.,0.,-1.));
#3038=DIRECTION('',(-1.04972719113862E-16,0.515038074910054,-0.857167300702112));
#3039=DIRECTION('center_axis',(0.,-1.,0.));
#3040=DIRECTION('ref_axis',(1.,0.,0.));
#3041=DIRECTION('center_axis',(0.,-1.,0.));
#3042=DIRECTION('ref_axis',(1.,0.,0.));
#3043=DIRECTION('center_axis',(0.,-1.,0.));
#3044=DIRECTION('ref_axis',(0.,0.,-1.));
#3045=DIRECTION('',(-1.04972719113862E-16,0.515038074910054,-0.857167300702112));
#3046=DIRECTION('center_axis',(0.,-1.,0.));
#3047=DIRECTION('ref_axis',(1.,0.,0.));
#3048=DIRECTION('center_axis',(0.,-1.,0.));
#3049=DIRECTION('ref_axis',(1.,0.,0.));
#3050=DIRECTION('center_axis',(0.,-1.,0.));
#3051=DIRECTION('ref_axis',(0.,0.,-1.));
#3052=DIRECTION('',(-1.04972719113862E-16,0.515038074910054,-0.857167300702112));
#3053=DIRECTION('center_axis',(0.,-1.,0.));
#3054=DIRECTION('ref_axis',(1.,0.,0.));
#3055=DIRECTION('center_axis',(0.,-1.,0.));
#3056=DIRECTION('ref_axis',(1.,0.,0.));
#3057=DIRECTION('center_axis',(0.,1.,0.));
#3058=DIRECTION('ref_axis',(1.,0.,0.));
#3059=DIRECTION('',(0.,-1.,0.));
#3060=DIRECTION('center_axis',(0.,1.,0.));
#3061=DIRECTION('ref_axis',(1.,0.,0.));
#3062=DIRECTION('',(0.,-1.,0.));
#3063=DIRECTION('center_axis',(0.,1.,0.));
#3064=DIRECTION('ref_axis',(1.,0.,0.));
#3065=DIRECTION('',(0.,-1.,0.));
#3066=DIRECTION('center_axis',(0.,1.,0.));
#3067=DIRECTION('ref_axis',(1.,0.,0.));
#3068=DIRECTION('',(0.,-1.,0.));
#3069=DIRECTION('center_axis',(1.,0.,0.));
#3070=DIRECTION('ref_axis',(0.,0.,-1.));
#3071=CARTESIAN_POINT('',(0.,0.,0.));
#3072=CARTESIAN_POINT('Origin',(-42.2,0.,12.5));
#3073=CARTESIAN_POINT('',(-46.4,14.7,12.5));
#3074=CARTESIAN_POINT('',(-46.4,2.,12.5));
#3075=CARTESIAN_POINT('',(-46.4,0.,12.5));
#3076=CARTESIAN_POINT('',(-42.2,14.7,16.7));
#3077=CARTESIAN_POINT('Origin',(-42.2,14.7,12.5));
#3078=CARTESIAN_POINT('',(-42.2,2.,16.7));
#3079=CARTESIAN_POINT('',(-42.2,0.,16.7));
#3080=CARTESIAN_POINT('Origin',(-42.2,2.,12.5));
#3081=CARTESIAN_POINT('Origin',(-42.2,0.,-12.5));
#3082=CARTESIAN_POINT('',(-46.4,14.7,-12.5));
#3083=CARTESIAN_POINT('',(-46.4,2.,-12.5));
#3084=CARTESIAN_POINT('',(-46.4,0.,-12.5));
#3085=CARTESIAN_POINT('',(-42.2,14.7,-16.7));
#3086=CARTESIAN_POINT('Origin',(-42.2,14.7,-12.5));
#3087=CARTESIAN_POINT('',(-42.2,2.,-16.7));
#3088=CARTESIAN_POINT('',(-42.2,0.,-16.7));
#3089=CARTESIAN_POINT('Origin',(-42.2,2.,-12.5));
#3090=CARTESIAN_POINT('Origin',(-21.3092172563731,11.7,-23.2));
#3091=CARTESIAN_POINT('',(-22.2127251592784,11.2714285714286,23.2));
#3092=CARTESIAN_POINT('',(-21.3092172563731,12.7,23.2));
#3093=CARTESIAN_POINT('Origin',(-21.3092172563731,11.7,23.2));
#3094=CARTESIAN_POINT('',(-21.3092172563731,12.7,21.2));
#3095=CARTESIAN_POINT('',(-21.3092172563731,12.7,-23.2));
#3096=CARTESIAN_POINT('',(-22.2418945802081,11.3392881903735,21.2));
#3097=CARTESIAN_POINT('Origin',(-21.3092172563731,11.7,21.2));
#3098=CARTESIAN_POINT('',(-22.2418945802081,11.3392881903735,-21.2));
#3099=CARTESIAN_POINT('',(-22.2418945802081,11.3392881903735,-23.2));
#3100=CARTESIAN_POINT('',(-21.3092172563731,12.7,-21.2));
#3101=CARTESIAN_POINT('Origin',(-21.3092172563731,11.7,-21.2));
#3102=CARTESIAN_POINT('',(-21.3092172563731,12.7,-23.2));
#3103=CARTESIAN_POINT('',(-21.3092172563731,12.7,-23.2));
#3104=CARTESIAN_POINT('',(-22.2127251592784,11.2714285714286,-23.2));
#3105=CARTESIAN_POINT('Origin',(-21.3092172563731,11.7,-23.2));
#3106=CARTESIAN_POINT('',(-22.2127251592784,11.2714285714286,-23.2));
#3107=CARTESIAN_POINT('Origin',(-20.2418945802081,2.,-23.2));
#3108=CARTESIAN_POINT('',(-21.2418945802081,12.7,-23.2));
#3109=CARTESIAN_POINT('',(-20.2418945802081,12.7,-23.2));
#3110=CARTESIAN_POINT('',(-20.2418945802081,11.7,-23.2));
#3111=CARTESIAN_POINT('Origin',(-21.2418945802081,11.7,-23.2));
#3112=CARTESIAN_POINT('',(-20.2418945802081,3.,-23.2));
#3113=CARTESIAN_POINT('',(-20.2418945802081,2.,-23.2));
#3114=CARTESIAN_POINT('',(-19.2418945802081,2.,-23.2));
#3115=CARTESIAN_POINT('Origin',(-19.2418945802081,3.,-23.2));
#3116=CARTESIAN_POINT('',(-36.3418945802081,2.,-23.2));
#3117=CARTESIAN_POINT('',(-11.720947290104,2.,-23.2));
#3118=CARTESIAN_POINT('',(-35.3418945802081,3.,-23.2));
#3119=CARTESIAN_POINT('Origin',(-36.3418945802081,3.,-23.2));
#3120=CARTESIAN_POINT('',(-35.3418945802081,11.7314679453384,-23.2));
#3121=CARTESIAN_POINT('',(-35.3418945802081,2.,-23.2));
#3122=CARTESIAN_POINT('',(-34.5907834290803,12.7,-23.2));
#3123=CARTESIAN_POINT('Origin',(-34.3418945802081,11.7314679453384,-23.2));
#3124=CARTESIAN_POINT('',(-33.6872755261751,11.2714285714286,-23.2));
#3125=CARTESIAN_POINT('Origin',(-34.5907834290803,11.7,-23.2));
#3126=CARTESIAN_POINT('Origin',(-27.9500003427267,8.55,-23.2));
#3127=CARTESIAN_POINT('Origin',(-27.7918945802081,12.7,0.));
#3128=CARTESIAN_POINT('',(-21.2418945802081,12.7,-21.2));
#3129=CARTESIAN_POINT('',(-22.2418945802081,12.7,-21.2));
#3130=CARTESIAN_POINT('',(-21.2418945802081,12.7,11.6));
#3131=CARTESIAN_POINT('Origin',(-33.3418945802081,2.,-21.2));
#3132=CARTESIAN_POINT('',(-22.2418945802081,11.7,-21.2));
#3133=CARTESIAN_POINT('',(-22.2418945802081,2.,-21.2));
#3134=CARTESIAN_POINT('Origin',(-21.2418945802081,11.7,-21.2));
#3135=CARTESIAN_POINT('Origin',(-22.2418945802081,2.,-21.2));
#3136=CARTESIAN_POINT('',(-22.2418945802081,11.7,21.2));
#3137=CARTESIAN_POINT('',(-22.2418945802081,2.,21.2));
#3138=CARTESIAN_POINT('',(-22.2418945802081,11.7,-10.6));
#3139=CARTESIAN_POINT('Origin',(-34.3418945802081,11.7314679453384,-23.2));
#3140=CARTESIAN_POINT('',(-35.3418945802081,11.7314679453384,23.2));
#3141=CARTESIAN_POINT('',(-35.3418945802081,11.7314679453384,-23.2));
#3142=CARTESIAN_POINT('',(-34.5907834290803,12.7,23.2));
#3143=CARTESIAN_POINT('Origin',(-34.3418945802081,11.7314679453384,23.2));
#3144=CARTESIAN_POINT('',(-34.5907834290803,12.7,-23.2));
#3145=CARTESIAN_POINT('Origin',(-35.3418945802081,2.,23.2));
#3146=CARTESIAN_POINT('',(-33.6872755261751,11.2714285714286,23.2));
#3147=CARTESIAN_POINT('Origin',(-27.9500003427267,8.55,23.2));
#3148=CARTESIAN_POINT('Origin',(-34.5907834290803,11.7,23.2));
#3149=CARTESIAN_POINT('',(-35.3418945802081,3.,23.2));
#3150=CARTESIAN_POINT('',(-35.3418945802081,2.,23.2));
#3151=CARTESIAN_POINT('',(-36.3418945802081,2.,23.2));
#3152=CARTESIAN_POINT('Origin',(-36.3418945802081,3.,23.2));
#3153=CARTESIAN_POINT('',(-19.2418945802081,2.,23.2));
#3154=CARTESIAN_POINT('',(-19.270947290104,2.,23.2));
#3155=CARTESIAN_POINT('',(-20.2418945802081,3.,23.2));
#3156=CARTESIAN_POINT('Origin',(-19.2418945802081,3.,23.2));
#3157=CARTESIAN_POINT('',(-20.2418945802081,11.7,23.2));
#3158=CARTESIAN_POINT('',(-20.2418945802081,2.,23.2));
#3159=CARTESIAN_POINT('',(-21.2418945802081,12.7,23.2));
#3160=CARTESIAN_POINT('Origin',(-21.2418945802081,11.7,23.2));
#3161=CARTESIAN_POINT('',(-35.3418945802081,12.7,23.2));
#3162=CARTESIAN_POINT('Origin',(-27.7918945802081,12.7,0.));
#3163=CARTESIAN_POINT('',(-21.2418945802081,12.7,21.2));
#3164=CARTESIAN_POINT('',(-21.2418945802081,12.7,11.6));
#3165=CARTESIAN_POINT('',(-33.3418945802081,12.7,21.2));
#3166=CARTESIAN_POINT('Origin',(-23.2418945802081,3.,-10.6));
#3167=CARTESIAN_POINT('',(-23.2418945802081,2.,-21.2));
#3168=CARTESIAN_POINT('',(-22.2418945802081,3.,-21.2));
#3169=CARTESIAN_POINT('Origin',(-23.2418945802081,3.,-21.2));
#3170=CARTESIAN_POINT('',(-23.2418945802081,2.,21.2));
#3171=CARTESIAN_POINT('',(-23.2418945802081,2.,-10.6));
#3172=CARTESIAN_POINT('',(-22.2418945802081,3.,21.2));
#3173=CARTESIAN_POINT('Origin',(-23.2418945802081,3.,21.2));
#3174=CARTESIAN_POINT('',(-22.2418945802081,3.,-10.6));
#3175=CARTESIAN_POINT('Origin',(-22.2418945802081,2.,21.2));
#3176=CARTESIAN_POINT('',(-32.3418945802081,2.,21.2));
#3177=CARTESIAN_POINT('',(-12.720947290104,2.,21.2));
#3178=CARTESIAN_POINT('',(-33.3418945802081,3.,21.2));
#3179=CARTESIAN_POINT('Origin',(-32.3418945802081,3.,21.2));
#3180=CARTESIAN_POINT('',(-33.3418945802081,5.19590153218258,21.2));
#3181=CARTESIAN_POINT('',(-33.3418945802081,2.,21.2));
#3182=CARTESIAN_POINT('',(-22.2418945802081,5.76790931062598,21.2));
#3183=CARTESIAN_POINT('Origin',(-27.9500003427267,8.55,21.2));
#3184=CARTESIAN_POINT('',(-22.2418945802081,2.,21.2));
#3185=CARTESIAN_POINT('Origin',(-3.2,2.,0.));
#3186=CARTESIAN_POINT('',(-32.3418945802081,2.,-21.2));
#3187=CARTESIAN_POINT('',(-18.270947290104,2.,-21.2));
#3188=CARTESIAN_POINT('',(-32.3418945802081,2.,10.6));
#3189=CARTESIAN_POINT('Origin',(-36.3418945802081,3.,-11.6));
#3190=CARTESIAN_POINT('',(-35.3418945802081,3.,-11.6));
#3191=CARTESIAN_POINT('',(-36.3418945802081,2.,-11.6));
#3192=CARTESIAN_POINT('Origin',(-35.3418945802081,2.,-23.2));
#3193=CARTESIAN_POINT('Origin',(-32.3418945802081,3.,10.6));
#3194=CARTESIAN_POINT('',(-33.3418945802081,3.,-21.2));
#3195=CARTESIAN_POINT('Origin',(-32.3418945802081,3.,-21.2));
#3196=CARTESIAN_POINT('',(-33.3418945802081,3.,10.6));
#3197=CARTESIAN_POINT('Origin',(-33.3418945802081,2.,21.2));
#3198=CARTESIAN_POINT('',(-33.3418945802081,5.19590153218259,-21.2));
#3199=CARTESIAN_POINT('',(-33.3418945802081,2.,-21.2));
#3200=CARTESIAN_POINT('',(-33.3418945802081,5.19590153218259,-23.2));
#3201=CARTESIAN_POINT('Origin',(-19.2418945802081,3.,11.6));
#3202=CARTESIAN_POINT('',(-20.2418945802081,3.,11.6));
#3203=CARTESIAN_POINT('',(-19.2418945802081,2.,11.6));
#3204=CARTESIAN_POINT('Origin',(-20.2418945802081,2.,23.2));
#3205=CARTESIAN_POINT('',(-20.2418945802081,11.7,11.6));
#3206=CARTESIAN_POINT('Origin',(-34.5907834290803,11.7,-23.2));
#3207=CARTESIAN_POINT('',(-33.6872755261751,11.2714285714286,-23.2));
#3208=CARTESIAN_POINT('Origin',(-27.9500003427267,8.55,-23.2));
#3209=CARTESIAN_POINT('',(-22.2418945802081,5.76790931062598,-21.2));
#3210=CARTESIAN_POINT('Origin',(-27.9500003427267,8.55,-21.2));
#3211=CARTESIAN_POINT('',(-22.2418945802081,5.76790931062598,-23.2));
#3212=CARTESIAN_POINT('Origin',(-21.2418945802081,11.7,-10.6));
#3213=CARTESIAN_POINT('Origin',(-21.2418945802081,11.7,21.2));
#3214=CARTESIAN_POINT('Origin',(-46.4,2.5,14.35));
#3215=CARTESIAN_POINT('',(-46.4,2.,-21.9219544457293));
#3216=CARTESIAN_POINT('',(-46.5,2.01010205144336,-21.));
#3217=CARTESIAN_POINT('Ctrl Pts',(-46.4,2.,-21.9219544457293));
#3218=CARTESIAN_POINT('Ctrl Pts',(-46.4676458391159,2.,-21.6137911459016));
#3219=CARTESIAN_POINT('Ctrl Pts',(-46.5,2.01010205144336,-21.2950627138596));
#3220=CARTESIAN_POINT('Ctrl Pts',(-46.5,2.01010205144336,-21.));
#3221=CARTESIAN_POINT('',(-46.4,2.,-24.));
#3222=CARTESIAN_POINT('',(-46.4,2.,14.35));
#3223=CARTESIAN_POINT('',(-46.9,2.5,-24.));
#3224=CARTESIAN_POINT('Origin',(-46.4,2.5,-24.));
#3225=CARTESIAN_POINT('',(-46.9,2.5,24.));
#3226=CARTESIAN_POINT('',(-46.9,2.5,14.35));
#3227=CARTESIAN_POINT('',(-46.4,2.,24.));
#3228=CARTESIAN_POINT('Origin',(-46.4,2.5,24.));
#3229=CARTESIAN_POINT('',(-46.4,2.,21.9219544457293));
#3230=CARTESIAN_POINT('',(-46.4,2.,14.35));
#3231=CARTESIAN_POINT('',(-46.5,2.01010205144336,21.));
#3232=CARTESIAN_POINT('Ctrl Pts',(-46.5,2.01010205144336,21.));
#3233=CARTESIAN_POINT('Ctrl Pts',(-46.5,2.01010205144336,21.2950627138596));
#3234=CARTESIAN_POINT('Ctrl Pts',(-46.4676458391159,2.,21.6137911459016));
#3235=CARTESIAN_POINT('Ctrl Pts',(-46.4,2.,21.9219544457293));
#3236=CARTESIAN_POINT('',(-46.4,2.,20.0780455542707));
#3237=CARTESIAN_POINT('Ctrl Pts',(-46.4,2.,20.0780455542707));
#3238=CARTESIAN_POINT('Ctrl Pts',(-46.4676458391159,2.,20.3862088540984));
#3239=CARTESIAN_POINT('Ctrl Pts',(-46.5,2.01010205144336,20.7049372861404));
#3240=CARTESIAN_POINT('Ctrl Pts',(-46.5,2.01010205144336,21.));
#3241=CARTESIAN_POINT('',(-46.4,2.,14.35));
#3242=CARTESIAN_POINT('',(-46.4,2.,14.35));
#3243=CARTESIAN_POINT('',(-46.4,2.,-20.0780455542707));
#3244=CARTESIAN_POINT('',(-46.4,2.,14.35));
#3245=CARTESIAN_POINT('Ctrl Pts',(-46.5,2.01010205144336,-21.));
#3246=CARTESIAN_POINT('Ctrl Pts',(-46.5,2.01010205144336,-20.7049372861404));
#3247=CARTESIAN_POINT('Ctrl Pts',(-46.4676458391159,2.,-20.3862088540984));
#3248=CARTESIAN_POINT('Ctrl Pts',(-46.4,2.,-20.0780455542707));
#3249=CARTESIAN_POINT('Origin',(-42.2,2.5,24.));
#3250=CARTESIAN_POINT('',(-42.2,2.5,28.7));
#3251=CARTESIAN_POINT('',(-42.2,2.,28.2));
#3252=CARTESIAN_POINT('Origin',(-42.2,2.5,28.2));
#3253=CARTESIAN_POINT('Origin',(-42.2,2.,24.));
#3254=CARTESIAN_POINT('Origin',(-42.2,2.5,24.));
#3255=CARTESIAN_POINT('Origin',(18.65,2.5,28.2));
#3256=CARTESIAN_POINT('',(35.8,2.5,28.7));
#3257=CARTESIAN_POINT('',(35.8,2.,28.2));
#3258=CARTESIAN_POINT('Origin',(35.8,2.5,28.2));
#3259=CARTESIAN_POINT('',(18.65,2.,28.2));
#3260=CARTESIAN_POINT('',(18.65,2.5,28.7));
#3261=CARTESIAN_POINT('Origin',(35.8,2.5,24.));
#3262=CARTESIAN_POINT('',(40.5,2.5,24.));
#3263=CARTESIAN_POINT('',(40.,2.,24.));
#3264=CARTESIAN_POINT('Origin',(40.,2.5,24.));
#3265=CARTESIAN_POINT('Origin',(35.8,2.,24.));
#3266=CARTESIAN_POINT('Origin',(35.8,2.5,24.));
#3267=CARTESIAN_POINT('Origin',(40.,2.5,-14.35));
#3268=CARTESIAN_POINT('',(40.,2.,21.9219544457293));
#3269=CARTESIAN_POINT('',(40.,2.,20.0780455542707));
#3270=CARTESIAN_POINT('Ctrl Pts',(40.,2.,21.9219544457293));
#3271=CARTESIAN_POINT('Ctrl Pts',(40.0676458391159,2.,21.6137911459016));
#3272=CARTESIAN_POINT('Ctrl Pts',(40.1,2.01010205144337,21.2950627138596));
#3273=CARTESIAN_POINT('Ctrl Pts',(40.1,2.01010205144337,20.7049372861404));
#3274=CARTESIAN_POINT('Ctrl Pts',(40.0676458391159,2.,20.3862088540984));
#3275=CARTESIAN_POINT('Ctrl Pts',(40.,2.,20.0780455542707));
#3276=CARTESIAN_POINT('',(40.,2.,-14.35));
#3277=CARTESIAN_POINT('',(40.5,2.5,-24.));
#3278=CARTESIAN_POINT('',(40.5,2.5,-14.35));
#3279=CARTESIAN_POINT('',(40.,2.,-24.));
#3280=CARTESIAN_POINT('Origin',(40.,2.5,-24.));
#3281=CARTESIAN_POINT('',(40.,2.,-21.9219544457293));
#3282=CARTESIAN_POINT('',(40.,2.,-14.35));
#3283=CARTESIAN_POINT('',(40.,2.,-20.0780455542707));
#3284=CARTESIAN_POINT('Ctrl Pts',(40.,2.,-20.0780455542707));
#3285=CARTESIAN_POINT('Ctrl Pts',(40.0676458391159,2.,-20.3862088540984));
#3286=CARTESIAN_POINT('Ctrl Pts',(40.1,2.01010205144337,-20.7049372861404));
#3287=CARTESIAN_POINT('Ctrl Pts',(40.1,2.01010205144337,-21.2950627138596));
#3288=CARTESIAN_POINT('Ctrl Pts',(40.0676458391159,2.,-21.6137911459016));
#3289=CARTESIAN_POINT('Ctrl Pts',(40.,2.,-21.9219544457293));
#3290=CARTESIAN_POINT('',(40.,2.,-14.35));
#3291=CARTESIAN_POINT('Origin',(35.8,2.5,-24.));
#3292=CARTESIAN_POINT('',(35.8,2.5,-28.7));
#3293=CARTESIAN_POINT('',(35.8,2.,-28.2));
#3294=CARTESIAN_POINT('Origin',(35.8,2.5,-28.2));
#3295=CARTESIAN_POINT('Origin',(35.8,2.,-24.));
#3296=CARTESIAN_POINT('Origin',(35.8,2.5,-24.));
#3297=CARTESIAN_POINT('Origin',(-25.05,2.5,-28.2));
#3298=CARTESIAN_POINT('',(-42.2,2.5,-28.7));
#3299=CARTESIAN_POINT('',(-42.2,2.,-28.2));
#3300=CARTESIAN_POINT('Origin',(-42.2,2.5,-28.2));
#3301=CARTESIAN_POINT('',(-25.05,2.,-28.2));
#3302=CARTESIAN_POINT('',(-25.05,2.5,-28.7));
#3303=CARTESIAN_POINT('Origin',(-42.2,2.5,-24.));
#3304=CARTESIAN_POINT('Origin',(-42.2,2.,-24.));
#3305=CARTESIAN_POINT('Origin',(-42.2,2.5,-24.));
#3306=CARTESIAN_POINT('Origin',(35.8,0.,24.));
#3307=CARTESIAN_POINT('',(35.8,22.7,28.7));
#3308=CARTESIAN_POINT('',(35.8,0.,28.7));
#3309=CARTESIAN_POINT('',(40.5,22.7,24.));
#3310=CARTESIAN_POINT('Origin',(35.8,22.7,24.));
#3311=CARTESIAN_POINT('',(40.5,0.,24.));
#3312=CARTESIAN_POINT('Origin',(40.5,0.,28.7));
#3313=CARTESIAN_POINT('',(-42.2,22.7,28.7));
#3314=CARTESIAN_POINT('',(-42.2,0.,28.7));
#3315=CARTESIAN_POINT('',(18.65,22.7,28.7));
#3316=CARTESIAN_POINT('Origin',(-42.2,0.,24.));
#3317=CARTESIAN_POINT('',(-46.9,22.7,24.));
#3318=CARTESIAN_POINT('',(-46.9,0.,24.));
#3319=CARTESIAN_POINT('Origin',(-42.2,22.7,24.));
#3320=CARTESIAN_POINT('Origin',(-46.9,0.,28.7));
#3321=CARTESIAN_POINT('',(-46.9,22.7,-24.));
#3322=CARTESIAN_POINT('',(-46.9,0.,-24.));
#3323=CARTESIAN_POINT('',(-46.9,22.7,14.35));
#3324=CARTESIAN_POINT('',(-46.9,18.45,-4.));
#3325=CARTESIAN_POINT('',(-46.9,18.45,4.));
#3326=CARTESIAN_POINT('',(-46.9,18.45,12.35));
#3327=CARTESIAN_POINT('',(-46.9,13.95,-4.));
#3328=CARTESIAN_POINT('Origin',(-46.9,16.2,-4.));
#3329=CARTESIAN_POINT('',(-46.9,13.95,4.));
#3330=CARTESIAN_POINT('',(-46.9,13.95,16.35));
#3331=CARTESIAN_POINT('Origin',(-46.9,16.2,4.));
#3332=CARTESIAN_POINT('Origin',(-3.2,2.,0.));
#3333=CARTESIAN_POINT('Origin',(-42.2,2.,21.));
#3334=CARTESIAN_POINT('Origin',(-42.2,2.,12.5));
#3335=CARTESIAN_POINT('Origin',(-3.2,2.,0.));
#3336=CARTESIAN_POINT('Origin',(-42.2,2.,21.));
#3337=CARTESIAN_POINT('',(31.5,2.,21.));
#3338=CARTESIAN_POINT('Origin',(35.8,2.,21.));
#3339=CARTESIAN_POINT('Origin',(35.8,2.,21.));
#3340=CARTESIAN_POINT('',(31.5,2.,-21.));
#3341=CARTESIAN_POINT('Origin',(35.8,2.,-21.));
#3342=CARTESIAN_POINT('Origin',(35.8,2.,-21.));
#3343=CARTESIAN_POINT('Origin',(-42.2,2.,-21.));
#3344=CARTESIAN_POINT('Origin',(-42.2,2.,-12.5));
#3345=CARTESIAN_POINT('Origin',(-3.2,2.,0.));
#3346=CARTESIAN_POINT('Origin',(-42.2,2.,-21.));
#3347=CARTESIAN_POINT('Origin',(-42.2,0.,21.));
#3348=CARTESIAN_POINT('',(-46.5,17.1,21.));
#3349=CARTESIAN_POINT('',(-42.2,17.1,16.7));
#3350=CARTESIAN_POINT('Origin',(-42.2,17.1,21.));
#3351=CARTESIAN_POINT('',(-46.5,0.,21.));
#3352=CARTESIAN_POINT('',(-42.2,0.,16.7));
#3353=CARTESIAN_POINT('Origin',(-42.2,17.1,21.));
#3354=CARTESIAN_POINT('Origin',(-42.2,17.1,21.));
#3355=CARTESIAN_POINT('',(-42.2,17.6,17.2));
#3356=CARTESIAN_POINT('Origin',(-42.2,17.6,21.));
#3357=CARTESIAN_POINT('Origin',(-42.2,17.1,17.2));
#3358=CARTESIAN_POINT('Origin',(-42.2,17.6,21.));
#3359=CARTESIAN_POINT('',(-43.7,17.6,21.));
#3360=CARTESIAN_POINT('Origin',(-42.2,17.6,21.));
#3361=CARTESIAN_POINT('Origin',(35.8,0.5,21.));
#3362=CARTESIAN_POINT('',(35.8,0.,17.5));
#3363=CARTESIAN_POINT('Origin',(35.8,0.,21.));
#3364=CARTESIAN_POINT('',(35.8,0.5,18.));
#3365=CARTESIAN_POINT('Origin',(35.8,0.5,17.5));
#3366=CARTESIAN_POINT('',(35.8,0.5,24.));
#3367=CARTESIAN_POINT('Origin',(35.8,0.5,21.));
#3368=CARTESIAN_POINT('Origin',(35.8,0.5,21.));
#3369=CARTESIAN_POINT('Origin',(-3.2,0.,0.));
#3370=CARTESIAN_POINT('',(-48.4,0.,-24.));
#3371=CARTESIAN_POINT('',(-48.4,0.,24.));
#3372=CARTESIAN_POINT('',(-48.4,0.,-15.35));
#3373=CARTESIAN_POINT('',(-42.2,0.,-30.2));
#3374=CARTESIAN_POINT('Origin',(-42.2,0.,-24.));
#3375=CARTESIAN_POINT('',(35.8,0.,-30.2));
#3376=CARTESIAN_POINT('',(19.65,0.,-30.2));
#3377=CARTESIAN_POINT('',(42.,0.,-24.));
#3378=CARTESIAN_POINT('Origin',(35.8,0.,-24.));
#3379=CARTESIAN_POINT('',(42.,0.,24.));
#3380=CARTESIAN_POINT('',(42.,0.,15.35));
#3381=CARTESIAN_POINT('',(35.8,0.,30.2));
#3382=CARTESIAN_POINT('Origin',(35.8,0.,24.));
#3383=CARTESIAN_POINT('',(-42.2,0.,30.2));
#3384=CARTESIAN_POINT('',(-26.05,0.,30.2));
#3385=CARTESIAN_POINT('Origin',(-42.2,0.,24.));
#3386=CARTESIAN_POINT('',(35.8,0.,-24.5));
#3387=CARTESIAN_POINT('Origin',(35.8,0.,-21.));
#3388=CARTESIAN_POINT('',(-42.2,0.,-24.5));
#3389=CARTESIAN_POINT('Origin',(-42.2,0.,-21.));
#3390=CARTESIAN_POINT('',(-42.2,0.,8.50000000000001));
#3391=CARTESIAN_POINT('Origin',(-42.2,0.,12.5));
#3392=CARTESIAN_POINT('',(-42.2,0.,-16.5));
#3393=CARTESIAN_POINT('Origin',(-42.2,0.,-12.5));
#3394=CARTESIAN_POINT('',(-42.2,0.,17.5));
#3395=CARTESIAN_POINT('Origin',(-42.2,0.,21.));
#3396=CARTESIAN_POINT('Origin',(35.8,1.35,21.));
#3397=CARTESIAN_POINT('',(35.8,2.7,24.));
#3398=CARTESIAN_POINT('',(35.8,1.35,24.));
#3399=CARTESIAN_POINT('Origin',(35.8,2.7,21.));
#3400=CARTESIAN_POINT('Origin',(35.8,0.5,-21.));
#3401=CARTESIAN_POINT('',(35.8,0.5,-24.));
#3402=CARTESIAN_POINT('Origin',(35.8,0.5,-24.5));
#3403=CARTESIAN_POINT('',(35.8,0.5,-18.));
#3404=CARTESIAN_POINT('Origin',(35.8,0.5,-21.));
#3405=CARTESIAN_POINT('Origin',(35.8,0.5,-21.));
#3406=CARTESIAN_POINT('Origin',(35.8,1.35,-21.));
#3407=CARTESIAN_POINT('',(35.8,2.7,-18.));
#3408=CARTESIAN_POINT('',(35.8,1.35,-18.));
#3409=CARTESIAN_POINT('Origin',(35.8,2.7,-21.));
#3410=CARTESIAN_POINT('Origin',(-42.2,0.5,21.));
#3411=CARTESIAN_POINT('',(-42.2,0.5,18.));
#3412=CARTESIAN_POINT('Origin',(-42.2,0.5,17.5));
#3413=CARTESIAN_POINT('',(-42.2,0.5,24.));
#3414=CARTESIAN_POINT('Origin',(-42.2,0.5,21.));
#3415=CARTESIAN_POINT('Origin',(-42.2,0.5,21.));
#3416=CARTESIAN_POINT('Origin',(-42.2,1.35,21.));
#3417=CARTESIAN_POINT('',(-42.2,2.7,24.));
#3418=CARTESIAN_POINT('',(-42.2,1.35,24.));
#3419=CARTESIAN_POINT('Origin',(-42.2,2.7,21.));
#3420=CARTESIAN_POINT('Origin',(-42.2,0.5,-21.));
#3421=CARTESIAN_POINT('',(-42.2,0.5,-24.));
#3422=CARTESIAN_POINT('Origin',(-42.2,0.5,-24.5));
#3423=CARTESIAN_POINT('',(-42.2,0.5,-18.));
#3424=CARTESIAN_POINT('Origin',(-42.2,0.5,-21.));
#3425=CARTESIAN_POINT('Origin',(-42.2,0.5,-21.));
#3426=CARTESIAN_POINT('Origin',(-42.2,1.35,-21.));
#3427=CARTESIAN_POINT('',(-42.2,2.7,-18.));
#3428=CARTESIAN_POINT('',(-42.2,1.35,-18.));
#3429=CARTESIAN_POINT('Origin',(-42.2,2.7,-21.));
#3430=CARTESIAN_POINT('Origin',(-42.2,17.1,-21.));
#3431=CARTESIAN_POINT('',(-42.2,17.6,-24.8));
#3432=CARTESIAN_POINT('Origin',(-42.2,17.6,-21.));
#3433=CARTESIAN_POINT('',(-42.2,17.1,-25.3));
#3434=CARTESIAN_POINT('Origin',(-42.2,17.1,-24.8));
#3435=CARTESIAN_POINT('',(-46.5,17.1,-21.));
#3436=CARTESIAN_POINT('Origin',(-42.2,17.1,-21.));
#3437=CARTESIAN_POINT('Origin',(-42.2,17.1,-21.));
#3438=CARTESIAN_POINT('Origin',(-42.2,0.,-21.));
#3439=CARTESIAN_POINT('',(-46.5,0.,-21.));
#3440=CARTESIAN_POINT('',(-42.2,0.,-16.7));
#3441=CARTESIAN_POINT('Origin',(-42.2,17.6,-21.));
#3442=CARTESIAN_POINT('',(-43.7,17.6,-21.));
#3443=CARTESIAN_POINT('Origin',(-42.2,17.6,-21.));
#3444=CARTESIAN_POINT('Origin',(35.8,17.1,-21.));
#3445=CARTESIAN_POINT('',(35.8,17.6,-24.8));
#3446=CARTESIAN_POINT('Origin',(35.8,17.6,-21.));
#3447=CARTESIAN_POINT('',(35.8,17.1,-25.3));
#3448=CARTESIAN_POINT('Origin',(35.8,17.1,-24.8));
#3449=CARTESIAN_POINT('',(31.5,17.1,-21.));
#3450=CARTESIAN_POINT('Origin',(35.8,17.1,-21.));
#3451=CARTESIAN_POINT('Origin',(35.8,17.1,-21.));
#3452=CARTESIAN_POINT('Origin',(35.8,0.,-21.));
#3453=CARTESIAN_POINT('',(31.5,0.,-21.));
#3454=CARTESIAN_POINT('Origin',(35.8,17.6,-21.));
#3455=CARTESIAN_POINT('',(34.3,17.6,-21.));
#3456=CARTESIAN_POINT('Origin',(35.8,17.6,-21.));
#3457=CARTESIAN_POINT('Origin',(35.8,17.1,21.));
#3458=CARTESIAN_POINT('',(35.8,17.6,17.2));
#3459=CARTESIAN_POINT('Origin',(35.8,17.6,21.));
#3460=CARTESIAN_POINT('',(35.8,17.1,16.7));
#3461=CARTESIAN_POINT('Origin',(35.8,17.1,17.2));
#3462=CARTESIAN_POINT('',(31.5,17.1,21.));
#3463=CARTESIAN_POINT('Origin',(35.8,17.1,21.));
#3464=CARTESIAN_POINT('Origin',(35.8,17.1,21.));
#3465=CARTESIAN_POINT('Origin',(35.8,0.,21.));
#3466=CARTESIAN_POINT('',(31.5,0.,21.));
#3467=CARTESIAN_POINT('Origin',(35.8,17.6,21.));
#3468=CARTESIAN_POINT('',(34.3,17.6,21.));
#3469=CARTESIAN_POINT('Origin',(35.8,17.6,21.));
#3470=CARTESIAN_POINT('Origin',(-47.4,18.45,12.35));
#3471=CARTESIAN_POINT('',(-47.4,17.95,4.));
#3472=CARTESIAN_POINT('Origin',(-47.4,18.45,4.));
#3473=CARTESIAN_POINT('',(-47.4,17.95,-4.));
#3474=CARTESIAN_POINT('',(-47.4,17.95,12.35));
#3475=CARTESIAN_POINT('Origin',(-47.4,18.45,-4.));
#3476=CARTESIAN_POINT('Origin',(-47.4,16.2,-4.));
#3477=CARTESIAN_POINT('',(-47.4,14.45,-4.));
#3478=CARTESIAN_POINT('Origin',(-47.4,13.95,-4.));
#3479=CARTESIAN_POINT('Origin',(-47.4,16.2,-4.));
#3480=CARTESIAN_POINT('Origin',(-47.4,13.95,16.35));
#3481=CARTESIAN_POINT('',(-47.4,14.45,4.));
#3482=CARTESIAN_POINT('Origin',(-47.4,13.95,4.));
#3483=CARTESIAN_POINT('',(-47.4,14.45,16.35));
#3484=CARTESIAN_POINT('Origin',(-47.4,16.2,4.));
#3485=CARTESIAN_POINT('Origin',(-47.4,16.2,4.));
#3486=CARTESIAN_POINT('Origin',(-48.9,16.2,-4.));
#3487=CARTESIAN_POINT('',(-48.4,17.95,-4.));
#3488=CARTESIAN_POINT('',(-48.9,17.95,-4.));
#3489=CARTESIAN_POINT('',(-48.4,14.45,-4.));
#3490=CARTESIAN_POINT('Origin',(-48.4,16.2,-4.));
#3491=CARTESIAN_POINT('',(-48.9,14.45,-4.));
#3492=CARTESIAN_POINT('Origin',(-48.9,17.95,-4.));
#3493=CARTESIAN_POINT('',(-48.4,17.95,4.));
#3494=CARTESIAN_POINT('',(-48.9,17.95,4.));
#3495=CARTESIAN_POINT('',(-48.4,17.95,-17.35));
#3496=CARTESIAN_POINT('Origin',(-47.4,22.7,14.35));
#3497=CARTESIAN_POINT('',(-47.4,23.2,24.));
#3498=CARTESIAN_POINT('Origin',(-47.4,22.7,24.));
#3499=CARTESIAN_POINT('',(-47.4,23.2,-24.));
#3500=CARTESIAN_POINT('Origin',(-47.4,22.7,-24.));
#3501=CARTESIAN_POINT('',(-47.4,23.2,14.35));
#3502=CARTESIAN_POINT('Origin',(-42.2,22.7,-24.));
#3503=CARTESIAN_POINT('',(-42.2,22.7,-28.7));
#3504=CARTESIAN_POINT('',(-42.2,23.2,-29.2));
#3505=CARTESIAN_POINT('Origin',(-42.2,22.7,-29.2));
#3506=CARTESIAN_POINT('Origin',(-42.2,23.2,-24.));
#3507=CARTESIAN_POINT('Origin',(-42.2,22.7,-24.));
#3508=CARTESIAN_POINT('Origin',(-25.05,22.7,-29.2));
#3509=CARTESIAN_POINT('',(35.8,22.7,-28.7));
#3510=CARTESIAN_POINT('',(35.8,23.2,-29.2));
#3511=CARTESIAN_POINT('Origin',(35.8,22.7,-29.2));
#3512=CARTESIAN_POINT('',(-25.05,23.2,-29.2));
#3513=CARTESIAN_POINT('',(-25.05,22.7,-28.7));
#3514=CARTESIAN_POINT('Origin',(35.8,22.7,-24.));
#3515=CARTESIAN_POINT('',(40.5,22.7,-24.));
#3516=CARTESIAN_POINT('',(41.,23.2,-24.));
#3517=CARTESIAN_POINT('Origin',(41.,22.7,-24.));
#3518=CARTESIAN_POINT('Origin',(35.8,23.2,-24.));
#3519=CARTESIAN_POINT('Origin',(35.8,22.7,-24.));
#3520=CARTESIAN_POINT('Origin',(41.,22.7,-14.35));
#3521=CARTESIAN_POINT('',(41.,23.2,24.));
#3522=CARTESIAN_POINT('Origin',(41.,22.7,24.));
#3523=CARTESIAN_POINT('',(41.,23.2,-14.35));
#3524=CARTESIAN_POINT('',(40.5,22.7,-14.35));
#3525=CARTESIAN_POINT('Origin',(35.8,22.7,24.));
#3526=CARTESIAN_POINT('',(35.8,23.2,29.2));
#3527=CARTESIAN_POINT('Origin',(35.8,22.7,29.2));
#3528=CARTESIAN_POINT('Origin',(35.8,23.2,24.));
#3529=CARTESIAN_POINT('Origin',(18.65,22.7,29.2));
#3530=CARTESIAN_POINT('',(-42.2,23.2,29.2));
#3531=CARTESIAN_POINT('Origin',(-42.2,22.7,29.2));
#3532=CARTESIAN_POINT('',(18.65,23.2,29.2));
#3533=CARTESIAN_POINT('Origin',(-42.2,22.7,24.));
#3534=CARTESIAN_POINT('Origin',(-42.2,23.2,24.));
#3535=CARTESIAN_POINT('Origin',(35.8,0.,-24.));
#3536=CARTESIAN_POINT('',(40.5,0.,-24.));
#3537=CARTESIAN_POINT('',(35.8,0.,-28.7));
#3538=CARTESIAN_POINT('Origin',(-46.9,0.,-28.7));
#3539=CARTESIAN_POINT('',(-42.2,0.,-28.7));
#3540=CARTESIAN_POINT('Origin',(-42.2,0.,-24.));
#3541=CARTESIAN_POINT('Origin',(-3.2,23.2,0.));
#3542=CARTESIAN_POINT('',(-48.9,23.2,-24.));
#3543=CARTESIAN_POINT('',(-42.2,23.2,-30.7));
#3544=CARTESIAN_POINT('Origin',(-42.2,23.2,-24.));
#3545=CARTESIAN_POINT('',(-48.9,23.2,24.));
#3546=CARTESIAN_POINT('',(-48.9,23.2,30.7));
#3547=CARTESIAN_POINT('',(-42.2,23.2,30.7));
#3548=CARTESIAN_POINT('Origin',(-42.2,23.2,24.));
#3549=CARTESIAN_POINT('',(35.8,23.2,30.7));
#3550=CARTESIAN_POINT('',(42.5,23.2,30.7));
#3551=CARTESIAN_POINT('',(42.5,23.2,24.));
#3552=CARTESIAN_POINT('Origin',(35.8,23.2,24.));
#3553=CARTESIAN_POINT('',(42.5,23.2,-24.));
#3554=CARTESIAN_POINT('',(42.5,23.2,-30.7));
#3555=CARTESIAN_POINT('',(35.8,23.2,-30.7));
#3556=CARTESIAN_POINT('Origin',(35.8,23.2,-24.));
#3557=CARTESIAN_POINT('',(-48.9,23.2,-30.7));
#3558=CARTESIAN_POINT('Origin',(-48.4,18.45,-17.35));
#3559=CARTESIAN_POINT('',(-48.9,18.45,-4.));
#3560=CARTESIAN_POINT('Origin',(-48.4,18.45,-4.));
#3561=CARTESIAN_POINT('',(-48.9,18.45,4.));
#3562=CARTESIAN_POINT('Origin',(-48.4,18.45,4.));
#3563=CARTESIAN_POINT('',(-48.9,18.45,-17.35));
#3564=CARTESIAN_POINT('Origin',(-48.4,16.2,4.));
#3565=CARTESIAN_POINT('',(-48.4,14.45,4.));
#3566=CARTESIAN_POINT('',(-48.9,13.95,4.));
#3567=CARTESIAN_POINT('Origin',(-48.4,13.95,4.));
#3568=CARTESIAN_POINT('Origin',(-48.9,16.2,4.));
#3569=CARTESIAN_POINT('Origin',(-48.4,16.2,4.));
#3570=CARTESIAN_POINT('Origin',(-48.4,13.95,-13.35));
#3571=CARTESIAN_POINT('',(-48.9,13.95,-4.));
#3572=CARTESIAN_POINT('Origin',(-48.4,13.95,-4.));
#3573=CARTESIAN_POINT('',(-48.9,13.95,-13.35));
#3574=CARTESIAN_POINT('',(-48.4,14.45,-13.35));
#3575=CARTESIAN_POINT('Origin',(-48.4,16.2,-4.));
#3576=CARTESIAN_POINT('Origin',(-48.9,16.2,-4.));
#3577=CARTESIAN_POINT('Origin',(-48.9,16.2,4.));
#3578=CARTESIAN_POINT('',(-48.9,14.45,4.));
#3579=CARTESIAN_POINT('Origin',(-48.9,0.,-30.7));
#3580=CARTESIAN_POINT('',(-48.9,0.5,24.));
#3581=CARTESIAN_POINT('',(-48.9,0.5,-24.));
#3582=CARTESIAN_POINT('',(-48.9,0.5,-15.35));
#3583=CARTESIAN_POINT('',(-48.9,0.,24.));
#3584=CARTESIAN_POINT('',(-48.9,0.,-24.));
#3585=CARTESIAN_POINT('Origin',(-48.4,0.5,-15.35));
#3586=CARTESIAN_POINT('Origin',(-48.4,0.5,24.));
#3587=CARTESIAN_POINT('Origin',(-48.4,0.5,-24.));
#3588=CARTESIAN_POINT('Origin',(-42.2,0.5,-24.));
#3589=CARTESIAN_POINT('',(-42.2,0.5,-30.7));
#3590=CARTESIAN_POINT('Origin',(-42.2,0.5,-30.2));
#3591=CARTESIAN_POINT('Origin',(-42.2,0.5,-24.));
#3592=CARTESIAN_POINT('Origin',(19.65,0.5,-30.2));
#3593=CARTESIAN_POINT('',(35.8,0.5,-30.7));
#3594=CARTESIAN_POINT('Origin',(35.8,0.5,-30.2));
#3595=CARTESIAN_POINT('',(19.65,0.5,-30.7));
#3596=CARTESIAN_POINT('Origin',(35.8,0.5,-24.));
#3597=CARTESIAN_POINT('',(42.5,0.5,-24.));
#3598=CARTESIAN_POINT('Origin',(42.,0.5,-24.));
#3599=CARTESIAN_POINT('Origin',(35.8,0.5,-24.));
#3600=CARTESIAN_POINT('Origin',(42.,0.5,15.35));
#3601=CARTESIAN_POINT('',(42.5,0.5,24.));
#3602=CARTESIAN_POINT('Origin',(42.,0.5,24.));
#3603=CARTESIAN_POINT('',(42.5,0.5,15.35));
#3604=CARTESIAN_POINT('Origin',(35.8,0.5,24.));
#3605=CARTESIAN_POINT('',(35.8,0.5,30.7));
#3606=CARTESIAN_POINT('Origin',(35.8,0.5,30.2));
#3607=CARTESIAN_POINT('Origin',(35.8,0.5,24.));
#3608=CARTESIAN_POINT('Origin',(-26.05,0.5,30.2));
#3609=CARTESIAN_POINT('',(-42.2,0.5,30.7));
#3610=CARTESIAN_POINT('Origin',(-42.2,0.5,30.2));
#3611=CARTESIAN_POINT('',(-26.05,0.5,30.7));
#3612=CARTESIAN_POINT('Origin',(-42.2,0.5,24.));
#3613=CARTESIAN_POINT('Origin',(-42.2,0.5,24.));
#3614=CARTESIAN_POINT('Origin',(35.8,0.,-24.));
#3615=CARTESIAN_POINT('',(35.8,0.,-30.7));
#3616=CARTESIAN_POINT('',(42.5,0.,-24.));
#3617=CARTESIAN_POINT('Origin',(42.5,0.,-30.7));
#3618=CARTESIAN_POINT('',(-42.2,0.,-30.7));
#3619=CARTESIAN_POINT('Origin',(-42.2,0.,-24.));
#3620=CARTESIAN_POINT('Origin',(-42.2,0.,24.));
#3621=CARTESIAN_POINT('',(-42.2,0.,30.7));
#3622=CARTESIAN_POINT('Origin',(-48.9,0.,30.7));
#3623=CARTESIAN_POINT('',(35.8,0.,30.7));
#3624=CARTESIAN_POINT('Origin',(35.8,0.,24.));
#3625=CARTESIAN_POINT('',(42.5,0.,24.));
#3626=CARTESIAN_POINT('Origin',(40.5,0.,-28.7));
#3627=CARTESIAN_POINT('Origin',(-22.2418945802081,2.,21.2));
#3628=CARTESIAN_POINT('Origin',(-33.3418945802081,2.,-21.2));
#3629=CARTESIAN_POINT('',(-22.2418945802081,2.,-21.2));
#3630=CARTESIAN_POINT('Origin',(-22.2418945802081,2.,-21.2));
#3631=CARTESIAN_POINT('Origin',(-48.9,14.45,4.));
#3632=CARTESIAN_POINT('Origin',(-42.2,1.,-12.5));
#3633=CARTESIAN_POINT('',(-42.2,2.,-14.5));
#3634=CARTESIAN_POINT('Origin',(-42.2,2.,-12.5));
#3635=CARTESIAN_POINT('',(-42.2,1.,-15.5));
#3636=CARTESIAN_POINT('Origin',(-42.2,1.,-14.5));
#3637=CARTESIAN_POINT('Origin',(-42.2,1.,-12.5));
#3638=CARTESIAN_POINT('Origin',(-42.2,2.,-12.5));
#3639=CARTESIAN_POINT('',(-43.45,2.,-12.5));
#3640=CARTESIAN_POINT('Origin',(-42.2,2.,-12.5));
#3641=CARTESIAN_POINT('Origin',(-42.2,1.,12.5));
#3642=CARTESIAN_POINT('',(-42.2,2.,10.5));
#3643=CARTESIAN_POINT('Origin',(-42.2,2.,12.5));
#3644=CARTESIAN_POINT('',(-42.2,1.,9.50000000000001));
#3645=CARTESIAN_POINT('Origin',(-42.2,1.,10.5));
#3646=CARTESIAN_POINT('Origin',(-42.2,1.,12.5));
#3647=CARTESIAN_POINT('Origin',(-42.2,2.,12.5));
#3648=CARTESIAN_POINT('',(-43.45,2.,12.5));
#3649=CARTESIAN_POINT('Origin',(-42.2,2.,12.5));
#3650=CARTESIAN_POINT('Origin',(-42.2,1.,-12.5));
#3651=CARTESIAN_POINT('Origin',(-42.2,1.,-16.5));
#3652=CARTESIAN_POINT('Origin',(-42.2,1.,12.5));
#3653=CARTESIAN_POINT('Origin',(-42.2,1.,8.50000000000001));
#3654=CARTESIAN_POINT('Origin',(-42.2,0.,-12.5));
#3655=CARTESIAN_POINT('Origin',(-42.2,14.7,-12.5));
#3656=CARTESIAN_POINT('Origin',(-42.2,0.,-12.5));
#3657=CARTESIAN_POINT('',(-43.45,14.7,-12.5));
#3658=CARTESIAN_POINT('Origin',(-42.2,14.7,-12.5));
#3659=CARTESIAN_POINT('',(-43.45,0.,-12.5));
#3660=CARTESIAN_POINT('Origin',(-42.2,14.7,-12.5));
#3661=CARTESIAN_POINT('Origin',(-42.2,0.,12.5));
#3662=CARTESIAN_POINT('Origin',(-42.2,14.7,12.5));
#3663=CARTESIAN_POINT('Origin',(-42.2,0.,12.5));
#3664=CARTESIAN_POINT('',(-43.45,14.7,12.5));
#3665=CARTESIAN_POINT('Origin',(-42.2,14.7,12.5));
#3666=CARTESIAN_POINT('',(-43.45,0.,12.5));
#3667=CARTESIAN_POINT('Origin',(-42.2,14.7,12.5));
#3668=CARTESIAN_POINT('Origin',(-42.2,3.60129092854134,-21.));
#3669=CARTESIAN_POINT('',(-42.2,3.60129092854135,-19.5));
#3670=CARTESIAN_POINT('',(-42.2,3.60129092854134,-19.5));
#3671=CARTESIAN_POINT('',(-43.7,3.60129092854135,-21.));
#3672=CARTESIAN_POINT('Origin',(-42.2,3.60129092854135,-21.));
#3673=CARTESIAN_POINT('Origin',(-42.2,3.60129092854135,-21.));
#3674=CARTESIAN_POINT('Origin',(35.8,3.60129092854134,-21.));
#3675=CARTESIAN_POINT('',(35.8,3.60129092854134,-19.5));
#3676=CARTESIAN_POINT('',(35.8,3.60129092854134,-19.5));
#3677=CARTESIAN_POINT('',(34.3,3.60129092854134,-21.));
#3678=CARTESIAN_POINT('Origin',(35.8,3.60129092854134,-21.));
#3679=CARTESIAN_POINT('Origin',(35.8,3.60129092854134,-21.));
#3680=CARTESIAN_POINT('Origin',(35.8,3.60129092854134,21.));
#3681=CARTESIAN_POINT('',(35.8,3.60129092854134,22.5));
#3682=CARTESIAN_POINT('',(35.8,3.60129092854134,22.5));
#3683=CARTESIAN_POINT('',(34.3,3.60129092854134,21.));
#3684=CARTESIAN_POINT('Origin',(35.8,3.60129092854134,21.));
#3685=CARTESIAN_POINT('Origin',(35.8,3.60129092854134,21.));
#3686=CARTESIAN_POINT('Origin',(-42.2,3.60129092854134,21.));
#3687=CARTESIAN_POINT('',(-42.2,3.60129092854134,22.5));
#3688=CARTESIAN_POINT('',(-42.2,3.60129092854134,22.5));
#3689=CARTESIAN_POINT('',(-43.7,3.60129092854134,21.));
#3690=CARTESIAN_POINT('Origin',(-42.2,3.60129092854134,21.));
#3691=CARTESIAN_POINT('Origin',(-42.2,3.60129092854134,21.));
#3692=CARTESIAN_POINT('Origin',(-42.2,0.,-21.));
#3693=CARTESIAN_POINT('',(-43.7,0.,-21.));
#3694=CARTESIAN_POINT('Origin',(35.8,0.,-21.));
#3695=CARTESIAN_POINT('',(34.3,0.,-21.));
#3696=CARTESIAN_POINT('Origin',(-42.2,0.,21.));
#3697=CARTESIAN_POINT('',(-43.7,0.,21.));
#3698=CARTESIAN_POINT('Origin',(35.8,0.,21.));
#3699=CARTESIAN_POINT('',(34.3,0.,21.));
#3700=CARTESIAN_POINT('Origin',(42.5,0.,30.7));
#3701=UNCERTAINTY_MEASURE_WITH_UNIT(LENGTH_MEASURE(0.01),#3705,
'DISTANCE_ACCURACY_VALUE',
'Maximum model space distance between geometric entities at asserted c
onnectivities');
#3702=UNCERTAINTY_MEASURE_WITH_UNIT(LENGTH_MEASURE(0.01),#3705,
'DISTANCE_ACCURACY_VALUE',
'Maximum model space distance between geometric entities at asserted c
onnectivities');
#3703=(
GEOMETRIC_REPRESENTATION_CONTEXT(3)
GLOBAL_UNCERTAINTY_ASSIGNED_CONTEXT((#3701))
GLOBAL_UNIT_ASSIGNED_CONTEXT((#3705,#3707,#3708))
REPRESENTATION_CONTEXT('','3D')
);
#3704=(
GEOMETRIC_REPRESENTATION_CONTEXT(3)
GLOBAL_UNCERTAINTY_ASSIGNED_CONTEXT((#3702))
GLOBAL_UNIT_ASSIGNED_CONTEXT((#3705,#3707,#3708))
REPRESENTATION_CONTEXT('','3D')
);
#3705=(
LENGTH_UNIT()
NAMED_UNIT(*)
SI_UNIT(.MILLI.,.METRE.)
);
#3706=(
LENGTH_UNIT()
NAMED_UNIT(*)
SI_UNIT($,.METRE.)
);
#3707=(
NAMED_UNIT(*)
PLANE_ANGLE_UNIT()
SI_UNIT($,.RADIAN.)
);
#3708=(
NAMED_UNIT(*)
SI_UNIT($,.STERADIAN.)
SOLID_ANGLE_UNIT()
);
#3709=SHAPE_DEFINITION_REPRESENTATION(#3710,#3711);
#3710=PRODUCT_DEFINITION_SHAPE('',$,#3713);
#3711=SHAPE_REPRESENTATION('',(#2067),#3703);
#3712=PRODUCT_DEFINITION_CONTEXT('part definition',#3717,'design');
#3713=PRODUCT_DEFINITION('boite_esp32_lcd','boite_esp32_lcd v11',#3714,
#3712);
#3714=PRODUCT_DEFINITION_FORMATION('',$,#3719);
#3715=PRODUCT_RELATED_PRODUCT_CATEGORY('boite_esp32_lcd v11',
'boite_esp32_lcd v11',(#3719));
#3716=APPLICATION_PROTOCOL_DEFINITION('international standard',
'automotive_design',2009,#3717);
#3717=APPLICATION_CONTEXT(
'Core Data for Automotive Mechanical Design Process');
#3718=PRODUCT_CONTEXT('part definition',#3717,'mechanical');
#3719=PRODUCT('boite_esp32_lcd','boite_esp32_lcd v11',$,(#3718));
#3720=PRESENTATION_STYLE_ASSIGNMENT((#3721));
#3721=SURFACE_STYLE_USAGE(.BOTH.,#3722);
#3722=SURFACE_SIDE_STYLE('',(#3723));
#3723=SURFACE_STYLE_FILL_AREA(#3724);
#3724=FILL_AREA_STYLE('Acier - Satin\X\E9',(#3725));
#3725=FILL_AREA_STYLE_COLOUR('Acier - Satin\X\E9',#3726);
#3726=COLOUR_RGB('Acier - Satin\X\E9',0.627450980392157,0.627450980392157,
0.627450980392157);
ENDSEC;
END-ISO-10303-21;
