ISO-10303-21;
HEADER;
/* Generated by software containing ST-Developer
 * from STEP Tools, Inc. (www.steptools.com) 
 */

FILE_DESCRIPTION(
/* description */ (''),
/* implementation_level */ '2;1');

FILE_NAME(
/* name */ 'bouton.step',
/* time_stamp */ '2025-11-30T18:52:50+01:00',
/* author */ (''),
/* organization */ (''),
/* preprocessor_version */ 'ST-DEVELOPER v20.1',
/* originating_system */ 'Autodesk Translation Framework v14.21.0.0',
/* authorisation */ '');

FILE_SCHEMA (('AUTOMOTIVE_DESIGN { 1 0 10303 214 3 1 1 }'));
ENDSEC;

DATA;
#10=MECHANICAL_DESIGN_GEOMETRIC_PRESENTATION_REPRESENTATION('',(#13),#6624);
#11=SHAPE_REPRESENTATION_RELATIONSHIP('SRR','None',#6631,#12);
#12=ADVANCED_BREP_SHAPE_REPRESENTATION('',(#14),#6623);
#13=STYLED_ITEM('',(#6640),#14);
#14=MANIFOLD_SOLID_BREP('Corps1',#2709);
#15=FACE_BOUND('',#610,.T.);
#16=FACE_BOUND('',#614,.T.);
#17=(
BOUNDED_SURFACE()
B_SPLINE_SURFACE(2,2,((#4048,#4049,#4050,#4051,#4052,#4053,#4054),(#4055,
#4056,#4057,#4058,#4059,#4060,#4061),(#4062,#4063,#4064,#4065,#4066,#4067,
#4068)),.UNSPECIFIED.,.F.,.F.,.F.)
B_SPLINE_SURFACE_WITH_KNOTS((3,3),(3,2,2,3),(0.,1.57079632679504),(-1.58808528584974,
-0.529361761949914,0.529361761949914,1.58808528584974),.UNSPECIFIED.)
GEOMETRIC_REPRESENTATION_ITEM()
RATIONAL_B_SPLINE_SURFACE(((1.,0.863129545375521,1.,0.863129545375521,1.,
0.863129545375521,1.),(0.70710678118649,0.610324754577443,0.70710678118649,
0.610324754577443,0.70710678118649,0.610324754577443,0.70710678118649),
(1.,0.863129545375521,1.,0.863129545375521,1.,0.863129545375521,1.)))
REPRESENTATION_ITEM('')
SURFACE()
);
#18=(
BOUNDED_SURFACE()
B_SPLINE_SURFACE(2,2,((#4106,#4107,#4108,#4109,#4110,#4111,#4112),(#4113,
#4114,#4115,#4116,#4117,#4118,#4119),(#4120,#4121,#4122,#4123,#4124,#4125,
#4126)),.UNSPECIFIED.,.F.,.F.,.F.)
B_SPLINE_SURFACE_WITH_KNOTS((3,3),(3,2,2,3),(0.,1.57079632679504),(-1.58808528584974,
-0.529361761949914,0.529361761949913,1.58808528584974),.UNSPECIFIED.)
GEOMETRIC_REPRESENTATION_ITEM()
RATIONAL_B_SPLINE_SURFACE(((1.,0.863129545375521,1.,0.863129545375521,1.,
0.863129545375521,1.),(0.707106781186499,0.610324754577451,0.707106781186499,
0.610324754577451,0.707106781186499,0.610324754577451,0.707106781186499),
(1.,0.863129545375521,1.,0.863129545375521,1.,0.863129545375521,1.)))
REPRESENTATION_ITEM('')
SURFACE()
);
#19=(
BOUNDED_SURFACE()
B_SPLINE_SURFACE(2,2,((#4164,#4165,#4166,#4167,#4168,#4169,#4170),(#4171,
#4172,#4173,#4174,#4175,#4176,#4177),(#4178,#4179,#4180,#4181,#4182,#4183,
#4184)),.UNSPECIFIED.,.F.,.F.,.F.)
B_SPLINE_SURFACE_WITH_KNOTS((3,3),(3,2,2,3),(0.,1.57079632679504),(-1.58808528584974,
-0.529361761949913,0.529361761949914,1.58808528584974),.UNSPECIFIED.)
GEOMETRIC_REPRESENTATION_ITEM()
RATIONAL_B_SPLINE_SURFACE(((1.,0.863129545375521,1.,0.863129545375521,1.,
0.863129545375521,1.),(0.707106781186491,0.610324754577445,0.707106781186491,
0.610324754577445,0.707106781186491,0.610324754577445,0.707106781186491),
(1.,0.863129545375521,1.,0.863129545375521,1.,0.863129545375521,1.)))
REPRESENTATION_ITEM('')
SURFACE()
);
#20=(
BOUNDED_SURFACE()
B_SPLINE_SURFACE(2,2,((#4222,#4223,#4224,#4225,#4226,#4227,#4228),(#4229,
#4230,#4231,#4232,#4233,#4234,#4235),(#4236,#4237,#4238,#4239,#4240,#4241,
#4242)),.UNSPECIFIED.,.F.,.F.,.F.)
B_SPLINE_SURFACE_WITH_KNOTS((3,3),(3,2,2,3),(0.,1.57079632679504),(-1.58808528584974,
-0.529361761949914,0.529361761949913,1.58808528584974),.UNSPECIFIED.)
GEOMETRIC_REPRESENTATION_ITEM()
RATIONAL_B_SPLINE_SURFACE(((1.,0.863129545375521,1.,0.863129545375521,1.,
0.863129545375521,1.),(0.707106781186495,0.610324754577448,0.707106781186495,
0.610324754577448,0.707106781186495,0.610324754577448,0.707106781186495),
(1.,0.863129545375521,1.,0.863129545375521,1.,0.863129545375521,1.)))
REPRESENTATION_ITEM('')
SURFACE()
);
#21=(
BOUNDED_SURFACE()
B_SPLINE_SURFACE(2,2,((#4280,#4281,#4282,#4283,#4284,#4285,#4286),(#4287,
#4288,#4289,#4290,#4291,#4292,#4293),(#4294,#4295,#4296,#4297,#4298,#4299,
#4300)),.UNSPECIFIED.,.F.,.F.,.F.)
B_SPLINE_SURFACE_WITH_KNOTS((3,3),(3,2,2,3),(0.,1.57079632679504),(-1.58808528584974,
-0.529361761949914,0.529361761949912,1.58808528584974),.UNSPECIFIED.)
GEOMETRIC_REPRESENTATION_ITEM()
RATIONAL_B_SPLINE_SURFACE(((1.,0.863129545375521,1.,0.863129545375521,1.,
0.863129545375521,1.),(0.7071067811865,0.610324754577452,0.7071067811865,
0.610324754577452,0.7071067811865,0.610324754577452,0.7071067811865),(1.,
0.863129545375521,1.,0.863129545375521,1.,0.863129545375521,1.)))
REPRESENTATION_ITEM('')
SURFACE()
);
#22=(
BOUNDED_SURFACE()
B_SPLINE_SURFACE(2,2,((#4338,#4339,#4340,#4341,#4342,#4343,#4344),(#4345,
#4346,#4347,#4348,#4349,#4350,#4351),(#4352,#4353,#4354,#4355,#4356,#4357,
#4358)),.UNSPECIFIED.,.F.,.F.,.F.)
B_SPLINE_SURFACE_WITH_KNOTS((3,3),(3,2,2,3),(-4.44089209850062E-15,1.57079632679492),
(-1.58808528584974,-0.529361761949913,0.529361761949913,1.58808528584974),
 .UNSPECIFIED.)
GEOMETRIC_REPRESENTATION_ITEM()
RATIONAL_B_SPLINE_SURFACE(((1.,0.863129545375522,1.,0.863129545375522,1.,
0.863129545375522,1.),(0.707106781186538,0.610324754577485,0.707106781186538,
0.610324754577485,0.707106781186538,0.610324754577485,0.707106781186538),
(1.,0.863129545375522,1.,0.863129545375522,1.,0.863129545375522,1.)))
REPRESENTATION_ITEM('')
SURFACE()
);
#23=(
BOUNDED_SURFACE()
B_SPLINE_SURFACE(2,2,((#4396,#4397,#4398,#4399,#4400,#4401,#4402),(#4403,
#4404,#4405,#4406,#4407,#4408,#4409),(#4410,#4411,#4412,#4413,#4414,#4415,
#4416)),.UNSPECIFIED.,.F.,.F.,.F.)
B_SPLINE_SURFACE_WITH_KNOTS((3,3),(3,2,2,3),(0.,1.5707963267949),(-1.58808528584974,
-0.529361761949914,0.529361761949913,1.58808528584974),.UNSPECIFIED.)
GEOMETRIC_REPRESENTATION_ITEM()
RATIONAL_B_SPLINE_SURFACE(((1.,0.863129545375521,1.,0.863129545375521,1.,
0.863129545375521,1.),(0.707106781186551,0.610324754577496,0.707106781186551,
0.610324754577496,0.707106781186551,0.610324754577496,0.707106781186551),
(1.,0.863129545375521,1.,0.863129545375521,1.,0.863129545375521,1.)))
REPRESENTATION_ITEM('')
SURFACE()
);
#24=(
BOUNDED_SURFACE()
B_SPLINE_SURFACE(2,2,((#4454,#4455,#4456,#4457,#4458,#4459,#4460),(#4461,
#4462,#4463,#4464,#4465,#4466,#4467),(#4468,#4469,#4470,#4471,#4472,#4473,
#4474)),.UNSPECIFIED.,.F.,.F.,.F.)
B_SPLINE_SURFACE_WITH_KNOTS((3,3),(3,2,2,3),(0.,1.57079632679504),(-1.58808528584973,
-0.529361761949912,0.529361761949911,1.58808528584973),.UNSPECIFIED.)
GEOMETRIC_REPRESENTATION_ITEM()
RATIONAL_B_SPLINE_SURFACE(((1.,0.863129545375523,1.,0.863129545375523,1.,
0.863129545375523,1.),(0.707106781186497,0.61032475457745,0.707106781186497,
0.61032475457745,0.707106781186497,0.61032475457745,0.707106781186497),
(1.,0.863129545375523,1.,0.863129545375523,1.,0.863129545375523,1.)))
REPRESENTATION_ITEM('')
SURFACE()
);
#25=(
BOUNDED_SURFACE()
B_SPLINE_SURFACE(2,2,((#4512,#4513,#4514,#4515,#4516,#4517,#4518),(#4519,
#4520,#4521,#4522,#4523,#4524,#4525),(#4526,#4527,#4528,#4529,#4530,#4531,
#4532)),.UNSPECIFIED.,.F.,.F.,.F.)
B_SPLINE_SURFACE_WITH_KNOTS((3,3),(3,2,2,3),(0.,1.57079632679504),(-1.58808528584974,
-0.529361761949913,0.529361761949912,1.58808528584974),.UNSPECIFIED.)
GEOMETRIC_REPRESENTATION_ITEM()
RATIONAL_B_SPLINE_SURFACE(((1.,0.863129545375522,1.,0.863129545375522,1.,
0.863129545375522,1.),(0.7071067811865,0.610324754577453,0.7071067811865,
0.610324754577453,0.7071067811865,0.610324754577453,0.7071067811865),(1.,
0.863129545375522,1.,0.863129545375522,1.,0.863129545375522,1.)))
REPRESENTATION_ITEM('')
SURFACE()
);
#26=(
BOUNDED_SURFACE()
B_SPLINE_SURFACE(2,2,((#4570,#4571,#4572,#4573,#4574,#4575,#4576),(#4577,
#4578,#4579,#4580,#4581,#4582,#4583),(#4584,#4585,#4586,#4587,#4588,#4589,
#4590)),.UNSPECIFIED.,.F.,.F.,.F.)
B_SPLINE_SURFACE_WITH_KNOTS((3,3),(3,2,2,3),(-4.44089209850062E-15,1.5707963267949),
(-1.58808528584974,-0.529361761949913,0.529361761949913,1.58808528584974),
 .UNSPECIFIED.)
GEOMETRIC_REPRESENTATION_ITEM()
RATIONAL_B_SPLINE_SURFACE(((1.,0.863129545375522,1.,0.863129545375522,1.,
0.863129545375522,1.),(0.707106781186541,0.610324754577487,0.707106781186541,
0.610324754577487,0.707106781186541,0.610324754577487,0.707106781186541),
(1.,0.863129545375522,1.,0.863129545375522,1.,0.863129545375522,1.)))
REPRESENTATION_ITEM('')
SURFACE()
);
#27=(
BOUNDED_SURFACE()
B_SPLINE_SURFACE(2,2,((#4628,#4629,#4630,#4631,#4632,#4633,#4634),(#4635,
#4636,#4637,#4638,#4639,#4640,#4641),(#4642,#4643,#4644,#4645,#4646,#4647,
#4648)),.UNSPECIFIED.,.F.,.F.,.F.)
B_SPLINE_SURFACE_WITH_KNOTS((3,3),(3,2,2,3),(0.,1.57079632679504),(-1.58808528584974,
-0.529361761949915,0.529361761949913,1.58808528584974),.UNSPECIFIED.)
GEOMETRIC_REPRESENTATION_ITEM()
RATIONAL_B_SPLINE_SURFACE(((1.,0.863129545375521,1.,0.863129545375521,1.,
0.863129545375521,1.),(0.707106781186491,0.610324754577444,0.707106781186491,
0.610324754577444,0.707106781186491,0.610324754577444,0.707106781186491),
(1.,0.863129545375521,1.,0.863129545375521,1.,0.863129545375521,1.)))
REPRESENTATION_ITEM('')
SURFACE()
);
#28=(
BOUNDED_SURFACE()
B_SPLINE_SURFACE(2,2,((#4686,#4687,#4688,#4689,#4690,#4691,#4692),(#4693,
#4694,#4695,#4696,#4697,#4698,#4699),(#4700,#4701,#4702,#4703,#4704,#4705,
#4706)),.UNSPECIFIED.,.F.,.F.,.F.)
B_SPLINE_SURFACE_WITH_KNOTS((3,3),(3,2,2,3),(0.,1.57079632679504),(-1.58808528584974,
-0.529361761949914,0.529361761949914,1.58808528584974),.UNSPECIFIED.)
GEOMETRIC_REPRESENTATION_ITEM()
RATIONAL_B_SPLINE_SURFACE(((1.,0.863129545375521,1.,0.863129545375521,1.,
0.863129545375521,1.),(0.707106781186493,0.610324754577446,0.707106781186493,
0.610324754577446,0.707106781186493,0.610324754577446,0.707106781186493),
(1.,0.863129545375521,1.,0.863129545375521,1.,0.863129545375521,1.)))
REPRESENTATION_ITEM('')
SURFACE()
);
#29=(
BOUNDED_SURFACE()
B_SPLINE_SURFACE(2,2,((#4744,#4745,#4746,#4747,#4748,#4749,#4750),(#4751,
#4752,#4753,#4754,#4755,#4756,#4757),(#4758,#4759,#4760,#4761,#4762,#4763,
#4764)),.UNSPECIFIED.,.F.,.F.,.F.)
B_SPLINE_SURFACE_WITH_KNOTS((3,3),(3,2,2,3),(-4.44089209850063E-15,1.57079632679504),
(-1.58808528584974,-0.529361761949914,0.529361761949916,1.58808528584975),
 .UNSPECIFIED.)
GEOMETRIC_REPRESENTATION_ITEM()
RATIONAL_B_SPLINE_SURFACE(((1.,0.863129545375521,1.,0.863129545375521,1.,
0.863129545375521,1.),(0.707106781186496,0.610324754577448,0.707106781186496,
0.610324754577448,0.707106781186496,0.610324754577448,0.707106781186496),
(1.,0.863129545375521,1.,0.863129545375521,1.,0.863129545375521,1.)))
REPRESENTATION_ITEM('')
SURFACE()
);
#30=(
BOUNDED_SURFACE()
B_SPLINE_SURFACE(2,2,((#4802,#4803,#4804,#4805,#4806,#4807,#4808),(#4809,
#4810,#4811,#4812,#4813,#4814,#4815),(#4816,#4817,#4818,#4819,#4820,#4821,
#4822)),.UNSPECIFIED.,.F.,.F.,.F.)
B_SPLINE_SURFACE_WITH_KNOTS((3,3),(3,2,2,3),(0.,1.57079632679504),(-1.58808528584974,
-0.529361761949914,0.529361761949915,1.58808528584974),.UNSPECIFIED.)
GEOMETRIC_REPRESENTATION_ITEM()
RATIONAL_B_SPLINE_SURFACE(((1.,0.863129545375521,1.,0.863129545375521,1.,
0.863129545375521,1.),(0.707106781186493,0.610324754577445,0.707106781186493,
0.610324754577445,0.707106781186493,0.610324754577445,0.707106781186493),
(1.,0.863129545375521,1.,0.863129545375521,1.,0.863129545375521,1.)))
REPRESENTATION_ITEM('')
SURFACE()
);
#31=(
BOUNDED_SURFACE()
B_SPLINE_SURFACE(2,2,((#4860,#4861,#4862,#4863,#4864,#4865,#4866),(#4867,
#4868,#4869,#4870,#4871,#4872,#4873),(#4874,#4875,#4876,#4877,#4878,#4879,
#4880)),.UNSPECIFIED.,.F.,.F.,.F.)
B_SPLINE_SURFACE_WITH_KNOTS((3,3),(3,2,2,3),(0.,1.57079632679504),(-1.58808528584974,
-0.529361761949914,0.529361761949915,1.58808528584974),.UNSPECIFIED.)
GEOMETRIC_REPRESENTATION_ITEM()
RATIONAL_B_SPLINE_SURFACE(((1.,0.863129545375521,1.,0.863129545375521,1.,
0.863129545375521,1.),(0.707106781186496,0.610324754577449,0.707106781186496,
0.610324754577449,0.707106781186496,0.610324754577449,0.707106781186496),
(1.,0.863129545375521,1.,0.863129545375521,1.,0.863129545375521,1.)))
REPRESENTATION_ITEM('')
SURFACE()
);
#32=(
BOUNDED_SURFACE()
B_SPLINE_SURFACE(2,2,((#4918,#4919,#4920,#4921,#4922,#4923,#4924),(#4925,
#4926,#4927,#4928,#4929,#4930,#4931),(#4932,#4933,#4934,#4935,#4936,#4937,
#4938)),.UNSPECIFIED.,.F.,.F.,.F.)
B_SPLINE_SURFACE_WITH_KNOTS((3,3),(3,2,2,3),(0.,1.57079632679504),(-1.58808528584974,
-0.529361761949914,0.529361761949914,1.58808528584974),.UNSPECIFIED.)
GEOMETRIC_REPRESENTATION_ITEM()
RATIONAL_B_SPLINE_SURFACE(((1.,0.863129545375521,1.,0.863129545375521,1.,
0.863129545375521,1.),(0.70710678118649,0.610324754577444,0.70710678118649,
0.610324754577444,0.70710678118649,0.610324754577444,0.70710678118649),
(1.,0.863129545375521,1.,0.863129545375521,1.,0.863129545375521,1.)))
REPRESENTATION_ITEM('')
SURFACE()
);
#33=(
BOUNDED_SURFACE()
B_SPLINE_SURFACE(2,2,((#4976,#4977,#4978,#4979,#4980,#4981,#4982),(#4983,
#4984,#4985,#4986,#4987,#4988,#4989),(#4990,#4991,#4992,#4993,#4994,#4995,
#4996)),.UNSPECIFIED.,.F.,.F.,.F.)
B_SPLINE_SURFACE_WITH_KNOTS((3,3),(3,2,2,3),(0.,1.57079632679504),(-1.58808528584973,
-0.529361761949911,0.529361761949911,1.58808528584973),.UNSPECIFIED.)
GEOMETRIC_REPRESENTATION_ITEM()
RATIONAL_B_SPLINE_SURFACE(((1.,0.863129545375523,1.,0.863129545375523,1.,
0.863129545375523,1.),(0.707106781186494,0.610324754577448,0.707106781186494,
0.610324754577448,0.707106781186494,0.610324754577448,0.707106781186494),
(1.,0.863129545375523,1.,0.863129545375523,1.,0.863129545375523,1.)))
REPRESENTATION_ITEM('')
SURFACE()
);
#34=(
BOUNDED_SURFACE()
B_SPLINE_SURFACE(2,2,((#5034,#5035,#5036,#5037,#5038,#5039,#5040),(#5041,
#5042,#5043,#5044,#5045,#5046,#5047),(#5048,#5049,#5050,#5051,#5052,#5053,
#5054)),.UNSPECIFIED.,.F.,.F.,.F.)
B_SPLINE_SURFACE_WITH_KNOTS((3,3),(3,2,2,3),(-4.44089209850063E-15,1.5707963267949),
(-0.194798915127533,0.863924608772296,1.92264813267212,2.98137165657195),
 .UNSPECIFIED.)
GEOMETRIC_REPRESENTATION_ITEM()
RATIONAL_B_SPLINE_SURFACE(((1.,0.863129545375521,1.,0.863129545375521,1.,
0.863129545375521,1.),(0.707106781186544,0.61032475457749,0.707106781186544,
0.61032475457749,0.707106781186544,0.61032475457749,0.707106781186544),
(1.,0.863129545375521,1.,0.863129545375521,1.,0.863129545375521,1.)))
REPRESENTATION_ITEM('')
SURFACE()
);
#35=(
BOUNDED_SURFACE()
B_SPLINE_SURFACE(2,2,((#5092,#5093,#5094,#5095,#5096,#5097,#5098),(#5099,
#5100,#5101,#5102,#5103,#5104,#5105),(#5106,#5107,#5108,#5109,#5110,#5111,
#5112)),.UNSPECIFIED.,.F.,.F.,.F.)
B_SPLINE_SURFACE_WITH_KNOTS((3,3),(3,2,2,3),(0.,1.57079632679504),(-0.35590623069623,
0.702817293203591,1.76154081710341,2.82026434100323),.UNSPECIFIED.)
GEOMETRIC_REPRESENTATION_ITEM()
RATIONAL_B_SPLINE_SURFACE(((1.,0.863129545375523,1.,0.863129545375523,1.,
0.863129545375523,1.),(0.707106781186496,0.61032475457745,0.707106781186496,
0.61032475457745,0.707106781186496,0.61032475457745,0.707106781186496),
(1.,0.863129545375523,1.,0.863129545375523,1.,0.863129545375523,1.)))
REPRESENTATION_ITEM('')
SURFACE()
);
#36=(
BOUNDED_SURFACE()
B_SPLINE_SURFACE(2,2,((#5150,#5151,#5152,#5153,#5154,#5155,#5156),(#5157,
#5158,#5159,#5160,#5161,#5162,#5163),(#5164,#5165,#5166,#5167,#5168,#5169,
#5170)),.UNSPECIFIED.,.F.,.F.,.F.)
B_SPLINE_SURFACE_WITH_KNOTS((3,3),(3,2,2,3),(0.,1.57079632679504),(-0.517013546264945,
0.541709977634884,1.60043350153471,2.65915702543454),.UNSPECIFIED.)
GEOMETRIC_REPRESENTATION_ITEM()
RATIONAL_B_SPLINE_SURFACE(((1.,0.863129545375521,1.,0.863129545375521,1.,
0.863129545375521,1.),(0.70710678118649,0.610324754577444,0.70710678118649,
0.610324754577444,0.70710678118649,0.610324754577444,0.70710678118649),
(1.,0.863129545375521,1.,0.863129545375521,1.,0.863129545375521,1.)))
REPRESENTATION_ITEM('')
SURFACE()
);
#37=(
BOUNDED_SURFACE()
B_SPLINE_SURFACE(2,2,((#5208,#5209,#5210,#5211,#5212,#5213,#5214),(#5215,
#5216,#5217,#5218,#5219,#5220,#5221),(#5222,#5223,#5224,#5225,#5226,#5227,
#5228)),.UNSPECIFIED.,.F.,.F.,.F.)
B_SPLINE_SURFACE_WITH_KNOTS((3,3),(3,2,2,3),(0.,1.57079632679504),(-0.678120861833643,
0.380602662066179,1.439326185966,2.49804970986582),.UNSPECIFIED.)
GEOMETRIC_REPRESENTATION_ITEM()
RATIONAL_B_SPLINE_SURFACE(((1.,0.863129545375523,1.,0.863129545375523,1.,
0.863129545375523,1.),(0.70710678118649,0.610324754577445,0.70710678118649,
0.610324754577445,0.70710678118649,0.610324754577445,0.70710678118649),
(1.,0.863129545375523,1.,0.863129545375523,1.,0.863129545375523,1.)))
REPRESENTATION_ITEM('')
SURFACE()
);
#38=(
BOUNDED_SURFACE()
B_SPLINE_SURFACE(2,2,((#5266,#5267,#5268,#5269,#5270,#5271,#5272),(#5273,
#5274,#5275,#5276,#5277,#5278,#5279),(#5280,#5281,#5282,#5283,#5284,#5285,
#5286)),.UNSPECIFIED.,.F.,.F.,.F.)
B_SPLINE_SURFACE_WITH_KNOTS((3,3),(3,2,2,3),(0.,1.57079632679504),(-0.839228177402358,
0.21949534649747,1.2782188703973,2.33694239429712),.UNSPECIFIED.)
GEOMETRIC_REPRESENTATION_ITEM()
RATIONAL_B_SPLINE_SURFACE(((1.,0.863129545375521,1.,0.863129545375521,1.,
0.863129545375521,1.),(0.7071067811865,0.610324754577452,0.7071067811865,
0.610324754577452,0.7071067811865,0.610324754577452,0.7071067811865),(1.,
0.863129545375521,1.,0.863129545375521,1.,0.863129545375521,1.)))
REPRESENTATION_ITEM('')
SURFACE()
);
#39=(
BOUNDED_SURFACE()
B_SPLINE_SURFACE(2,2,((#5324,#5325,#5326,#5327,#5328,#5329,#5330),(#5331,
#5332,#5333,#5334,#5335,#5336,#5337),(#5338,#5339,#5340,#5341,#5342,#5343,
#5344)),.UNSPECIFIED.,.F.,.F.,.F.)
B_SPLINE_SURFACE_WITH_KNOTS((3,3),(3,2,2,3),(-4.44089209850063E-15,1.57079632679505),
(-1.00033549297107,0.0583880309287579,1.11711155482859,2.17583507872842),
 .UNSPECIFIED.)
GEOMETRIC_REPRESENTATION_ITEM()
RATIONAL_B_SPLINE_SURFACE(((1.,0.863129545375521,1.,0.863129545375521,1.,
0.863129545375521,1.),(0.707106781186492,0.610324754577444,0.707106781186492,
0.610324754577444,0.707106781186492,0.610324754577444,0.707106781186492),
(1.,0.863129545375521,1.,0.863129545375521,1.,0.863129545375521,1.)))
REPRESENTATION_ITEM('')
SURFACE()
);
#40=(
BOUNDED_SURFACE()
B_SPLINE_SURFACE(2,2,((#5382,#5383,#5384,#5385,#5386,#5387,#5388),(#5389,
#5390,#5391,#5392,#5393,#5394,#5395),(#5396,#5397,#5398,#5399,#5400,#5401,
#5402)),.UNSPECIFIED.,.F.,.F.,.F.)
B_SPLINE_SURFACE_WITH_KNOTS((3,3),(3,2,2,3),(0.,1.57079632679504),(-1.16144280853977,
-0.102719284639945,0.956004239259876,2.0147277631597),.UNSPECIFIED.)
GEOMETRIC_REPRESENTATION_ITEM()
RATIONAL_B_SPLINE_SURFACE(((1.,0.863129545375523,1.,0.863129545375523,1.,
0.863129545375523,1.),(0.707106781186493,0.610324754577447,0.707106781186493,
0.610324754577447,0.707106781186493,0.610324754577447,0.707106781186493),
(1.,0.863129545375523,1.,0.863129545375523,1.,0.863129545375523,1.)))
REPRESENTATION_ITEM('')
SURFACE()
);
#41=(
BOUNDED_SURFACE()
B_SPLINE_SURFACE(2,2,((#5440,#5441,#5442,#5443,#5444,#5445,#5446),(#5447,
#5448,#5449,#5450,#5451,#5452,#5453),(#5454,#5455,#5456,#5457,#5458,#5459,
#5460)),.UNSPECIFIED.,.F.,.F.,.F.)
B_SPLINE_SURFACE_WITH_KNOTS((3,3),(3,2,2,3),(0.,1.57079632679504),(-1.32255012410848,
-0.263826600208654,0.794896923691174,1.853620447591),.UNSPECIFIED.)
GEOMETRIC_REPRESENTATION_ITEM()
RATIONAL_B_SPLINE_SURFACE(((1.,0.863129545375521,1.,0.863129545375521,1.,
0.863129545375521,1.),(0.707106781186497,0.610324754577449,0.707106781186497,
0.610324754577449,0.707106781186497,0.610324754577449,0.707106781186497),
(1.,0.863129545375521,1.,0.863129545375521,1.,0.863129545375521,1.)))
REPRESENTATION_ITEM('')
SURFACE()
);
#42=(
BOUNDED_SURFACE()
B_SPLINE_SURFACE(2,2,((#5498,#5499,#5500,#5501,#5502,#5503,#5504),(#5505,
#5506,#5507,#5508,#5509,#5510,#5511),(#5512,#5513,#5514,#5515,#5516,#5517,
#5518)),.UNSPECIFIED.,.F.,.F.,.F.)
B_SPLINE_SURFACE_WITH_KNOTS((3,3),(3,2,2,3),(0.,1.57079632679504),(-1.48365743967718,
-0.42493391577736,0.63378960812246,1.69251313202228),.UNSPECIFIED.)
GEOMETRIC_REPRESENTATION_ITEM()
RATIONAL_B_SPLINE_SURFACE(((1.,0.863129545375523,1.,0.863129545375523,1.,
0.863129545375523,1.),(0.707106781186497,0.610324754577451,0.707106781186497,
0.610324754577451,0.707106781186497,0.610324754577451,0.707106781186497),
(1.,0.863129545375523,1.,0.863129545375523,1.,0.863129545375523,1.)))
REPRESENTATION_ITEM('')
SURFACE()
);
#43=(
BOUNDED_SURFACE()
B_SPLINE_SURFACE(2,2,((#5556,#5557,#5558,#5559,#5560,#5561,#5562),(#5563,
#5564,#5565,#5566,#5567,#5568,#5569),(#5570,#5571,#5572,#5573,#5574,#5575,
#5576)),.UNSPECIFIED.,.F.,.F.,.F.)
B_SPLINE_SURFACE_WITH_KNOTS((3,3),(3,2,2,3),(0.,1.57079632679492),(-1.64476475524589,
-0.586041231346066,0.472682292553757,1.53140581645358),.UNSPECIFIED.)
GEOMETRIC_REPRESENTATION_ITEM()
RATIONAL_B_SPLINE_SURFACE(((1.,0.863129545375522,1.,0.863129545375522,1.,
0.863129545375522,1.),(0.707106781186528,0.610324754577477,0.707106781186528,
0.610324754577477,0.707106781186528,0.610324754577477,0.707106781186528),
(1.,0.863129545375522,1.,0.863129545375522,1.,0.863129545375522,1.)))
REPRESENTATION_ITEM('')
SURFACE()
);
#44=(
BOUNDED_SURFACE()
B_SPLINE_SURFACE(2,2,((#5614,#5615,#5616,#5617,#5618,#5619,#5620),(#5621,
#5622,#5623,#5624,#5625,#5626,#5627),(#5628,#5629,#5630,#5631,#5632,#5633,
#5634)),.UNSPECIFIED.,.F.,.F.,.F.)
B_SPLINE_SURFACE_WITH_KNOTS((3,3),(3,2,2,3),(0.,1.57079632679504),(-1.8058720708146,
-0.747148546914774,0.311574976985048,1.37029850088487),.UNSPECIFIED.)
GEOMETRIC_REPRESENTATION_ITEM()
RATIONAL_B_SPLINE_SURFACE(((1.,0.863129545375523,1.,0.863129545375523,1.,
0.863129545375523,1.),(0.707106781186497,0.61032475457745,0.707106781186497,
0.61032475457745,0.707106781186497,0.61032475457745,0.707106781186497),
(1.,0.863129545375523,1.,0.863129545375523,1.,0.863129545375523,1.)))
REPRESENTATION_ITEM('')
SURFACE()
);
#45=(
BOUNDED_SURFACE()
B_SPLINE_SURFACE(2,2,((#5672,#5673,#5674,#5675,#5676,#5677,#5678),(#5679,
#5680,#5681,#5682,#5683,#5684,#5685),(#5686,#5687,#5688,#5689,#5690,#5691,
#5692)),.UNSPECIFIED.,.F.,.F.,.F.)
B_SPLINE_SURFACE_WITH_KNOTS((3,3),(3,2,2,3),(0.,1.57079632679504),(-1.9669793863833,
-0.908255862483481,0.15046766141634,1.20919118531616),.UNSPECIFIED.)
GEOMETRIC_REPRESENTATION_ITEM()
RATIONAL_B_SPLINE_SURFACE(((1.,0.863129545375523,1.,0.863129545375523,1.,
0.863129545375523,1.),(0.707106781186497,0.610324754577451,0.707106781186497,
0.610324754577451,0.707106781186497,0.610324754577451,0.707106781186497),
(1.,0.863129545375523,1.,0.863129545375523,1.,0.863129545375523,1.)))
REPRESENTATION_ITEM('')
SURFACE()
);
#46=(
BOUNDED_SURFACE()
B_SPLINE_SURFACE(2,2,((#5730,#5731,#5732,#5733,#5734,#5735,#5736),(#5737,
#5738,#5739,#5740,#5741,#5742,#5743),(#5744,#5745,#5746,#5747,#5748,#5749,
#5750)),.UNSPECIFIED.,.F.,.F.,.F.)
B_SPLINE_SURFACE_WITH_KNOTS((3,3),(3,2,2,3),(0.,1.57079632679504),(-2.12808670195201,
-1.06936317805219,-0.0106396541523619,1.04808386974746),.UNSPECIFIED.)
GEOMETRIC_REPRESENTATION_ITEM()
RATIONAL_B_SPLINE_SURFACE(((1.,0.863129545375522,1.,0.863129545375522,1.,
0.863129545375522,1.),(0.70710678118649,0.610324754577444,0.70710678118649,
0.610324754577444,0.70710678118649,0.610324754577444,0.70710678118649),
(1.,0.863129545375522,1.,0.863129545375522,1.,0.863129545375522,1.)))
REPRESENTATION_ITEM('')
SURFACE()
);
#47=(
BOUNDED_SURFACE()
B_SPLINE_SURFACE(2,2,((#5788,#5789,#5790,#5791,#5792,#5793,#5794),(#5795,
#5796,#5797,#5798,#5799,#5800,#5801),(#5802,#5803,#5804,#5805,#5806,#5807,
#5808)),.UNSPECIFIED.,.F.,.F.,.F.)
B_SPLINE_SURFACE_WITH_KNOTS((3,3),(3,2,2,3),(0.,1.57079632679504),(-2.28919401752072,
-1.2304704936209,-0.171746969721068,0.88697655417876),.UNSPECIFIED.)
GEOMETRIC_REPRESENTATION_ITEM()
RATIONAL_B_SPLINE_SURFACE(((1.,0.863129545375521,1.,0.863129545375521,1.,
0.863129545375521,1.),(0.70710678118649,0.610324754577444,0.70710678118649,
0.610324754577444,0.70710678118649,0.610324754577444,0.70710678118649),
(1.,0.863129545375521,1.,0.863129545375521,1.,0.863129545375521,1.)))
REPRESENTATION_ITEM('')
SURFACE()
);
#48=(
BOUNDED_SURFACE()
B_SPLINE_SURFACE(2,2,((#5846,#5847,#5848,#5849,#5850,#5851,#5852),(#5853,
#5854,#5855,#5856,#5857,#5858,#5859),(#5860,#5861,#5862,#5863,#5864,#5865,
#5866)),.UNSPECIFIED.,.F.,.F.,.F.)
B_SPLINE_SURFACE_WITH_KNOTS((3,3),(3,2,2,3),(0.,1.57079632679504),(-2.45030133308943,
-1.3915778091896,-0.332854285289776,0.725869238610053),.UNSPECIFIED.)
GEOMETRIC_REPRESENTATION_ITEM()
RATIONAL_B_SPLINE_SURFACE(((1.,0.863129545375521,1.,0.863129545375521,1.,
0.863129545375521,1.),(0.70710678118649,0.610324754577443,0.70710678118649,
0.610324754577443,0.70710678118649,0.610324754577443,0.70710678118649),
(1.,0.863129545375521,1.,0.863129545375521,1.,0.863129545375521,1.)))
REPRESENTATION_ITEM('')
SURFACE()
);
#49=(
BOUNDED_SURFACE()
B_SPLINE_SURFACE(2,2,((#5904,#5905,#5906,#5907,#5908,#5909,#5910),(#5911,
#5912,#5913,#5914,#5915,#5916,#5917),(#5918,#5919,#5920,#5921,#5922,#5923,
#5924)),.UNSPECIFIED.,.F.,.F.,.F.)
B_SPLINE_SURFACE_WITH_KNOTS((3,3),(3,2,2,3),(0.,1.57079632679504),(-2.61140864865814,
-1.55268512475831,-0.493961600858479,0.56476192304135),.UNSPECIFIED.)
GEOMETRIC_REPRESENTATION_ITEM()
RATIONAL_B_SPLINE_SURFACE(((1.,0.863129545375521,1.,0.863129545375521,1.,
0.863129545375521,1.),(0.70710678118649,0.610324754577443,0.70710678118649,
0.610324754577443,0.70710678118649,0.610324754577443,0.70710678118649),
(1.,0.863129545375521,1.,0.863129545375521,1.,0.863129545375521,1.)))
REPRESENTATION_ITEM('')
SURFACE()
);
#50=(
BOUNDED_SURFACE()
B_SPLINE_SURFACE(2,2,((#5962,#5963,#5964,#5965,#5966,#5967,#5968),(#5969,
#5970,#5971,#5972,#5973,#5974,#5975),(#5976,#5977,#5978,#5979,#5980,#5981,
#5982)),.UNSPECIFIED.,.F.,.F.,.F.)
B_SPLINE_SURFACE_WITH_KNOTS((3,3),(3,2,2,3),(0.,1.57079632679504),(-2.77251596422685,
-1.71379244032702,-0.655068916427192,0.403654607472637),.UNSPECIFIED.)
GEOMETRIC_REPRESENTATION_ITEM()
RATIONAL_B_SPLINE_SURFACE(((1.,0.863129545375521,1.,0.863129545375521,1.,
0.863129545375521,1.),(0.707106781186496,0.610324754577448,0.707106781186496,
0.610324754577448,0.707106781186496,0.610324754577448,0.707106781186496),
(1.,0.863129545375521,1.,0.863129545375521,1.,0.863129545375521,1.)))
REPRESENTATION_ITEM('')
SURFACE()
);
#51=(
BOUNDED_SURFACE()
B_SPLINE_SURFACE(2,2,((#6020,#6021,#6022,#6023,#6024,#6025,#6026),(#6027,
#6028,#6029,#6030,#6031,#6032,#6033),(#6034,#6035,#6036,#6037,#6038,#6039,
#6040)),.UNSPECIFIED.,.F.,.F.,.F.)
B_SPLINE_SURFACE_WITH_KNOTS((3,3),(3,2,2,3),(-4.44089209850063E-15,1.57079632679504),
(-2.93362327979556,-1.87489975589573,-0.816176231995902,0.242547291903928),
 .UNSPECIFIED.)
GEOMETRIC_REPRESENTATION_ITEM()
RATIONAL_B_SPLINE_SURFACE(((1.,0.863129545375521,1.,0.863129545375521,1.,
0.863129545375521,1.),(0.707106781186498,0.61032475457745,0.707106781186498,
0.61032475457745,0.707106781186498,0.61032475457745,0.707106781186498),
(1.,0.863129545375521,1.,0.863129545375521,1.,0.863129545375521,1.)))
REPRESENTATION_ITEM('')
SURFACE()
);
#52=(
BOUNDED_SURFACE()
B_SPLINE_SURFACE(2,2,((#6078,#6079,#6080,#6081,#6082,#6083,#6084),(#6085,
#6086,#6087,#6088,#6089,#6090,#6091),(#6092,#6093,#6094,#6095,#6096,#6097,
#6098)),.UNSPECIFIED.,.F.,.F.,.F.)
B_SPLINE_SURFACE_WITH_KNOTS((3,3),(3,2,2,3),(-4.44089209850063E-15,1.5707963267949),
(-3.09473059536426,-2.03600707146443,-0.977283547564602,0.0814399763352266),
 .UNSPECIFIED.)
GEOMETRIC_REPRESENTATION_ITEM()
RATIONAL_B_SPLINE_SURFACE(((1.,0.863129545375521,1.,0.863129545375521,1.,
0.863129545375521,1.),(0.707106781186544,0.610324754577489,0.707106781186544,
0.610324754577489,0.707106781186544,0.610324754577489,0.707106781186544),
(1.,0.863129545375521,1.,0.863129545375521,1.,0.863129545375521,1.)))
REPRESENTATION_ITEM('')
SURFACE()
);
#53=(
BOUNDED_SURFACE()
B_SPLINE_SURFACE(2,2,((#6136,#6137,#6138,#6139,#6140,#6141,#6142),(#6143,
#6144,#6145,#6146,#6147,#6148,#6149),(#6150,#6151,#6152,#6153,#6154,#6155,
#6156)),.UNSPECIFIED.,.F.,.F.,.F.)
B_SPLINE_SURFACE_WITH_KNOTS((3,3),(3,2,2,3),(-4.44089209850063E-15,1.57079632679504),
(-1.58808528584975,-0.529361761949916,0.529361761949914,1.58808528584975),
 .UNSPECIFIED.)
GEOMETRIC_REPRESENTATION_ITEM()
RATIONAL_B_SPLINE_SURFACE(((1.,0.86312954537552,1.,0.86312954537552,1.,
0.86312954537552,1.),(0.707106781186497,0.610324754577449,0.707106781186497,
0.610324754577449,0.707106781186497,0.610324754577449,0.707106781186497),
(1.,0.86312954537552,1.,0.86312954537552,1.,0.86312954537552,1.)))
REPRESENTATION_ITEM('')
SURFACE()
);
#54=(
BOUNDED_SURFACE()
B_SPLINE_SURFACE(2,2,((#6194,#6195,#6196,#6197,#6198,#6199,#6200),(#6201,
#6202,#6203,#6204,#6205,#6206,#6207),(#6208,#6209,#6210,#6211,#6212,#6213,
#6214)),.UNSPECIFIED.,.F.,.F.,.F.)
B_SPLINE_SURFACE_WITH_KNOTS((3,3),(3,2,2,3),(-4.44089209850062E-15,1.5707963267949),
(-1.58808528584973,-0.529361761949911,0.529361761949912,1.58808528584973),
 .UNSPECIFIED.)
GEOMETRIC_REPRESENTATION_ITEM()
RATIONAL_B_SPLINE_SURFACE(((1.,0.863129545375522,1.,0.863129545375522,1.,
0.863129545375522,1.),(0.707106781186546,0.610324754577492,0.707106781186546,
0.610324754577492,0.707106781186546,0.610324754577492,0.707106781186546),
(1.,0.863129545375522,1.,0.863129545375522,1.,0.863129545375522,1.)))
REPRESENTATION_ITEM('')
SURFACE()
);
#55=(
BOUNDED_SURFACE()
B_SPLINE_SURFACE(2,2,((#6252,#6253,#6254,#6255,#6256,#6257,#6258),(#6259,
#6260,#6261,#6262,#6263,#6264,#6265),(#6266,#6267,#6268,#6269,#6270,#6271,
#6272)),.UNSPECIFIED.,.F.,.F.,.F.)
B_SPLINE_SURFACE_WITH_KNOTS((3,3),(3,2,2,3),(0.,1.57079632679492),(-1.58808528584974,
-0.529361761949912,0.529361761949912,1.58808528584974),.UNSPECIFIED.)
GEOMETRIC_REPRESENTATION_ITEM()
RATIONAL_B_SPLINE_SURFACE(((1.,0.863129545375522,1.,0.863129545375522,1.,
0.863129545375522,1.),(0.707106781186541,0.610324754577488,0.707106781186541,
0.610324754577488,0.707106781186541,0.610324754577488,0.707106781186541),
(1.,0.863129545375522,1.,0.863129545375522,1.,0.863129545375522,1.)))
REPRESENTATION_ITEM('')
SURFACE()
);
#56=PLANE('',#2732);
#57=PLANE('',#3006);
#58=PLANE('',#3010);
#59=PLANE('',#3019);
#60=PLANE('',#3060);
#61=PLANE('',#3061);
#62=LINE('',#3999,#148);
#63=LINE('',#4000,#149);
#64=LINE('',#4005,#150);
#65=LINE('',#4007,#151);
#66=LINE('',#4010,#152);
#67=LINE('',#6277,#153);
#68=LINE('',#6280,#154);
#69=LINE('',#6283,#155);
#70=LINE('',#6287,#156);
#71=LINE('',#6291,#157);
#72=LINE('',#6295,#158);
#73=LINE('',#6299,#159);
#74=LINE('',#6303,#160);
#75=LINE('',#6307,#161);
#76=LINE('',#6311,#162);
#77=LINE('',#6315,#163);
#78=LINE('',#6319,#164);
#79=LINE('',#6323,#165);
#80=LINE('',#6327,#166);
#81=LINE('',#6331,#167);
#82=LINE('',#6335,#168);
#83=LINE('',#6339,#169);
#84=LINE('',#6343,#170);
#85=LINE('',#6347,#171);
#86=LINE('',#6351,#172);
#87=LINE('',#6355,#173);
#88=LINE('',#6359,#174);
#89=LINE('',#6363,#175);
#90=LINE('',#6367,#176);
#91=LINE('',#6371,#177);
#92=LINE('',#6375,#178);
#93=LINE('',#6379,#179);
#94=LINE('',#6383,#180);
#95=LINE('',#6387,#181);
#96=LINE('',#6391,#182);
#97=LINE('',#6395,#183);
#98=LINE('',#6399,#184);
#99=LINE('',#6403,#185);
#100=LINE('',#6407,#186);
#101=LINE('',#6411,#187);
#102=LINE('',#6415,#188);
#103=LINE('',#6419,#189);
#104=LINE('',#6423,#190);
#105=LINE('',#6427,#191);
#106=LINE('',#6431,#192);
#107=LINE('',#6449,#193);
#108=LINE('',#6534,#194);
#109=LINE('',#6538,#195);
#110=LINE('',#6545,#196);
#111=LINE('',#6546,#197);
#112=LINE('',#6548,#198);
#113=LINE('',#6550,#199);
#114=LINE('',#6552,#200);
#115=LINE('',#6554,#201);
#116=LINE('',#6556,#202);
#117=LINE('',#6558,#203);
#118=LINE('',#6560,#204);
#119=LINE('',#6562,#205);
#120=LINE('',#6564,#206);
#121=LINE('',#6566,#207);
#122=LINE('',#6568,#208);
#123=LINE('',#6570,#209);
#124=LINE('',#6572,#210);
#125=LINE('',#6574,#211);
#126=LINE('',#6576,#212);
#127=LINE('',#6578,#213);
#128=LINE('',#6580,#214);
#129=LINE('',#6582,#215);
#130=LINE('',#6584,#216);
#131=LINE('',#6586,#217);
#132=LINE('',#6588,#218);
#133=LINE('',#6590,#219);
#134=LINE('',#6592,#220);
#135=LINE('',#6594,#221);
#136=LINE('',#6596,#222);
#137=LINE('',#6599,#223);
#138=LINE('',#6601,#224);
#139=LINE('',#6603,#225);
#140=LINE('',#6605,#226);
#141=LINE('',#6607,#227);
#142=LINE('',#6609,#228);
#143=LINE('',#6611,#229);
#144=LINE('',#6613,#230);
#145=LINE('',#6615,#231);
#146=LINE('',#6617,#232);
#147=LINE('',#6619,#233);
#148=VECTOR('',#3118,10.);
#149=VECTOR('',#3119,10.);
#150=VECTOR('',#3124,3.1);
#151=VECTOR('',#3125,10.);
#152=VECTOR('',#3128,10.);
#153=VECTOR('',#3525,10.);
#154=VECTOR('',#3528,10.);
#155=VECTOR('',#3531,10.);
#156=VECTOR('',#3536,10.);
#157=VECTOR('',#3541,10.);
#158=VECTOR('',#3546,10.);
#159=VECTOR('',#3551,10.);
#160=VECTOR('',#3556,10.);
#161=VECTOR('',#3561,10.);
#162=VECTOR('',#3566,10.);
#163=VECTOR('',#3571,10.);
#164=VECTOR('',#3576,10.);
#165=VECTOR('',#3581,10.);
#166=VECTOR('',#3586,10.);
#167=VECTOR('',#3591,10.);
#168=VECTOR('',#3596,10.);
#169=VECTOR('',#3601,10.);
#170=VECTOR('',#3606,10.);
#171=VECTOR('',#3611,10.);
#172=VECTOR('',#3616,10.);
#173=VECTOR('',#3621,10.);
#174=VECTOR('',#3626,10.);
#175=VECTOR('',#3631,10.);
#176=VECTOR('',#3636,10.);
#177=VECTOR('',#3641,10.);
#178=VECTOR('',#3646,10.);
#179=VECTOR('',#3651,10.);
#180=VECTOR('',#3656,10.);
#181=VECTOR('',#3661,10.);
#182=VECTOR('',#3666,10.);
#183=VECTOR('',#3671,10.);
#184=VECTOR('',#3676,10.);
#185=VECTOR('',#3681,10.);
#186=VECTOR('',#3686,10.);
#187=VECTOR('',#3691,10.);
#188=VECTOR('',#3696,10.);
#189=VECTOR('',#3701,10.);
#190=VECTOR('',#3706,10.);
#191=VECTOR('',#3711,10.);
#192=VECTOR('',#3716,10.);
#193=VECTOR('',#3741,5.5);
#194=VECTOR('',#3830,10.);
#195=VECTOR('',#3835,9.636949947);
#196=VECTOR('',#3846,10.);
#197=VECTOR('',#3847,10.);
#198=VECTOR('',#3850,10.);
#199=VECTOR('',#3853,10.);
#200=VECTOR('',#3856,10.);
#201=VECTOR('',#3859,10.);
#202=VECTOR('',#3862,10.);
#203=VECTOR('',#3865,10.);
#204=VECTOR('',#3868,10.);
#205=VECTOR('',#3871,10.);
#206=VECTOR('',#3874,10.);
#207=VECTOR('',#3877,10.);
#208=VECTOR('',#3880,10.);
#209=VECTOR('',#3883,10.);
#210=VECTOR('',#3886,10.);
#211=VECTOR('',#3889,10.);
#212=VECTOR('',#3892,10.);
#213=VECTOR('',#3895,10.);
#214=VECTOR('',#3898,10.);
#215=VECTOR('',#3901,10.);
#216=VECTOR('',#3904,10.);
#217=VECTOR('',#3907,10.);
#218=VECTOR('',#3910,10.);
#219=VECTOR('',#3913,10.);
#220=VECTOR('',#3916,10.);
#221=VECTOR('',#3919,10.);
#222=VECTOR('',#3922,10.);
#223=VECTOR('',#3927,10.);
#224=VECTOR('',#3930,10.);
#225=VECTOR('',#3933,10.);
#226=VECTOR('',#3936,10.);
#227=VECTOR('',#3939,10.);
#228=VECTOR('',#3942,10.);
#229=VECTOR('',#3945,10.);
#230=VECTOR('',#3948,10.);
#231=VECTOR('',#3951,10.);
#232=VECTOR('',#3954,10.);
#233=VECTOR('',#3957,10.);
#234=CYLINDRICAL_SURFACE('',#2727,0.5);
#235=CYLINDRICAL_SURFACE('',#2728,3.1);
#236=CYLINDRICAL_SURFACE('',#2928,11.);
#237=CYLINDRICAL_SURFACE('',#2930,0.863050053000001);
#238=CYLINDRICAL_SURFACE('',#2932,11.);
#239=CYLINDRICAL_SURFACE('',#2934,0.863050053000001);
#240=CYLINDRICAL_SURFACE('',#2936,11.);
#241=CYLINDRICAL_SURFACE('',#2938,0.863050053000001);
#242=CYLINDRICAL_SURFACE('',#2940,11.);
#243=CYLINDRICAL_SURFACE('',#2942,0.863050053);
#244=CYLINDRICAL_SURFACE('',#2944,11.);
#245=CYLINDRICAL_SURFACE('',#2946,0.863050053000001);
#246=CYLINDRICAL_SURFACE('',#2948,11.);
#247=CYLINDRICAL_SURFACE('',#2950,0.863050053);
#248=CYLINDRICAL_SURFACE('',#2952,11.);
#249=CYLINDRICAL_SURFACE('',#2954,0.863050053);
#250=CYLINDRICAL_SURFACE('',#2956,11.);
#251=CYLINDRICAL_SURFACE('',#2958,0.863050053);
#252=CYLINDRICAL_SURFACE('',#2960,11.);
#253=CYLINDRICAL_SURFACE('',#2962,0.863050053);
#254=CYLINDRICAL_SURFACE('',#2964,11.);
#255=CYLINDRICAL_SURFACE('',#2966,0.863050053000001);
#256=CYLINDRICAL_SURFACE('',#2968,11.);
#257=CYLINDRICAL_SURFACE('',#2970,0.863050053000001);
#258=CYLINDRICAL_SURFACE('',#2972,11.);
#259=CYLINDRICAL_SURFACE('',#2974,0.863050053000001);
#260=CYLINDRICAL_SURFACE('',#2976,11.);
#261=CYLINDRICAL_SURFACE('',#2978,0.863050053000001);
#262=CYLINDRICAL_SURFACE('',#2980,11.);
#263=CYLINDRICAL_SURFACE('',#2982,0.863050053000001);
#264=CYLINDRICAL_SURFACE('',#2984,11.);
#265=CYLINDRICAL_SURFACE('',#2986,0.863050053000001);
#266=CYLINDRICAL_SURFACE('',#2988,11.);
#267=CYLINDRICAL_SURFACE('',#2990,0.863050053000001);
#268=CYLINDRICAL_SURFACE('',#2992,11.);
#269=CYLINDRICAL_SURFACE('',#2994,0.863050053000001);
#270=CYLINDRICAL_SURFACE('',#2996,11.);
#271=CYLINDRICAL_SURFACE('',#2998,0.863050053000001);
#272=CYLINDRICAL_SURFACE('',#3000,11.);
#273=CYLINDRICAL_SURFACE('',#3002,0.863050053000001);
#274=CYLINDRICAL_SURFACE('',#3004,11.);
#275=CYLINDRICAL_SURFACE('',#3016,5.5);
#276=CYLINDRICAL_SURFACE('',#3062,9.636949947);
#277=CYLINDRICAL_SURFACE('',#3067,0.863050053);
#278=CYLINDRICAL_SURFACE('',#3068,11.);
#279=CYLINDRICAL_SURFACE('',#3069,0.863050053);
#280=CYLINDRICAL_SURFACE('',#3070,11.);
#281=CYLINDRICAL_SURFACE('',#3071,0.863050053);
#282=CYLINDRICAL_SURFACE('',#3072,11.);
#283=CYLINDRICAL_SURFACE('',#3073,0.863050053);
#284=CYLINDRICAL_SURFACE('',#3074,11.);
#285=CYLINDRICAL_SURFACE('',#3075,0.863050053000001);
#286=CYLINDRICAL_SURFACE('',#3076,11.);
#287=CYLINDRICAL_SURFACE('',#3077,0.863050053000001);
#288=CYLINDRICAL_SURFACE('',#3078,11.);
#289=CYLINDRICAL_SURFACE('',#3079,0.863050053000001);
#290=CYLINDRICAL_SURFACE('',#3080,11.);
#291=CYLINDRICAL_SURFACE('',#3081,0.863050053);
#292=CYLINDRICAL_SURFACE('',#3082,11.);
#293=CYLINDRICAL_SURFACE('',#3083,0.863050053000001);
#294=CYLINDRICAL_SURFACE('',#3084,11.);
#295=CYLINDRICAL_SURFACE('',#3085,0.863050053000001);
#296=CYLINDRICAL_SURFACE('',#3086,11.);
#297=CYLINDRICAL_SURFACE('',#3087,0.863050053000001);
#298=CYLINDRICAL_SURFACE('',#3088,11.);
#299=CYLINDRICAL_SURFACE('',#3089,0.863050053000001);
#300=CYLINDRICAL_SURFACE('',#3090,11.);
#301=CYLINDRICAL_SURFACE('',#3091,0.863050053000001);
#302=CYLINDRICAL_SURFACE('',#3092,11.);
#303=CYLINDRICAL_SURFACE('',#3093,0.863050053000001);
#304=CYLINDRICAL_SURFACE('',#3094,0.863050053000001);
#305=CYLINDRICAL_SURFACE('',#3095,11.);
#306=CYLINDRICAL_SURFACE('',#3096,0.863050053000001);
#307=CYLINDRICAL_SURFACE('',#3097,11.);
#308=CYLINDRICAL_SURFACE('',#3098,0.863050053000001);
#309=CYLINDRICAL_SURFACE('',#3099,11.);
#310=CYLINDRICAL_SURFACE('',#3100,0.863050053000001);
#311=CYLINDRICAL_SURFACE('',#3101,11.);
#312=CYLINDRICAL_SURFACE('',#3102,0.863050053);
#313=CYLINDRICAL_SURFACE('',#3103,11.);
#314=CYLINDRICAL_SURFACE('',#3104,0.863050053);
#315=CYLINDRICAL_SURFACE('',#3105,11.);
#316=FACE_OUTER_BOUND('',#486,.T.);
#317=FACE_OUTER_BOUND('',#487,.T.);
#318=FACE_OUTER_BOUND('',#488,.T.);
#319=FACE_OUTER_BOUND('',#489,.T.);
#320=FACE_OUTER_BOUND('',#490,.T.);
#321=FACE_OUTER_BOUND('',#491,.T.);
#322=FACE_OUTER_BOUND('',#492,.T.);
#323=FACE_OUTER_BOUND('',#493,.T.);
#324=FACE_OUTER_BOUND('',#494,.T.);
#325=FACE_OUTER_BOUND('',#495,.T.);
#326=FACE_OUTER_BOUND('',#496,.T.);
#327=FACE_OUTER_BOUND('',#497,.T.);
#328=FACE_OUTER_BOUND('',#498,.T.);
#329=FACE_OUTER_BOUND('',#499,.T.);
#330=FACE_OUTER_BOUND('',#500,.T.);
#331=FACE_OUTER_BOUND('',#501,.T.);
#332=FACE_OUTER_BOUND('',#502,.T.);
#333=FACE_OUTER_BOUND('',#503,.T.);
#334=FACE_OUTER_BOUND('',#504,.T.);
#335=FACE_OUTER_BOUND('',#505,.T.);
#336=FACE_OUTER_BOUND('',#506,.T.);
#337=FACE_OUTER_BOUND('',#507,.T.);
#338=FACE_OUTER_BOUND('',#508,.T.);
#339=FACE_OUTER_BOUND('',#509,.T.);
#340=FACE_OUTER_BOUND('',#510,.T.);
#341=FACE_OUTER_BOUND('',#511,.T.);
#342=FACE_OUTER_BOUND('',#512,.T.);
#343=FACE_OUTER_BOUND('',#513,.T.);
#344=FACE_OUTER_BOUND('',#514,.T.);
#345=FACE_OUTER_BOUND('',#515,.T.);
#346=FACE_OUTER_BOUND('',#516,.T.);
#347=FACE_OUTER_BOUND('',#517,.T.);
#348=FACE_OUTER_BOUND('',#518,.T.);
#349=FACE_OUTER_BOUND('',#519,.T.);
#350=FACE_OUTER_BOUND('',#520,.T.);
#351=FACE_OUTER_BOUND('',#521,.T.);
#352=FACE_OUTER_BOUND('',#522,.T.);
#353=FACE_OUTER_BOUND('',#523,.T.);
#354=FACE_OUTER_BOUND('',#524,.T.);
#355=FACE_OUTER_BOUND('',#525,.T.);
#356=FACE_OUTER_BOUND('',#526,.T.);
#357=FACE_OUTER_BOUND('',#527,.T.);
#358=FACE_OUTER_BOUND('',#528,.T.);
#359=FACE_OUTER_BOUND('',#529,.T.);
#360=FACE_OUTER_BOUND('',#530,.T.);
#361=FACE_OUTER_BOUND('',#531,.T.);
#362=FACE_OUTER_BOUND('',#532,.T.);
#363=FACE_OUTER_BOUND('',#533,.T.);
#364=FACE_OUTER_BOUND('',#534,.T.);
#365=FACE_OUTER_BOUND('',#535,.T.);
#366=FACE_OUTER_BOUND('',#536,.T.);
#367=FACE_OUTER_BOUND('',#537,.T.);
#368=FACE_OUTER_BOUND('',#538,.T.);
#369=FACE_OUTER_BOUND('',#539,.T.);
#370=FACE_OUTER_BOUND('',#540,.T.);
#371=FACE_OUTER_BOUND('',#541,.T.);
#372=FACE_OUTER_BOUND('',#542,.T.);
#373=FACE_OUTER_BOUND('',#543,.T.);
#374=FACE_OUTER_BOUND('',#544,.T.);
#375=FACE_OUTER_BOUND('',#545,.T.);
#376=FACE_OUTER_BOUND('',#546,.T.);
#377=FACE_OUTER_BOUND('',#547,.T.);
#378=FACE_OUTER_BOUND('',#548,.T.);
#379=FACE_OUTER_BOUND('',#549,.T.);
#380=FACE_OUTER_BOUND('',#550,.T.);
#381=FACE_OUTER_BOUND('',#551,.T.);
#382=FACE_OUTER_BOUND('',#552,.T.);
#383=FACE_OUTER_BOUND('',#553,.T.);
#384=FACE_OUTER_BOUND('',#554,.T.);
#385=FACE_OUTER_BOUND('',#555,.T.);
#386=FACE_OUTER_BOUND('',#556,.T.);
#387=FACE_OUTER_BOUND('',#557,.T.);
#388=FACE_OUTER_BOUND('',#558,.T.);
#389=FACE_OUTER_BOUND('',#559,.T.);
#390=FACE_OUTER_BOUND('',#560,.T.);
#391=FACE_OUTER_BOUND('',#561,.T.);
#392=FACE_OUTER_BOUND('',#562,.T.);
#393=FACE_OUTER_BOUND('',#563,.T.);
#394=FACE_OUTER_BOUND('',#564,.T.);
#395=FACE_OUTER_BOUND('',#565,.T.);
#396=FACE_OUTER_BOUND('',#566,.T.);
#397=FACE_OUTER_BOUND('',#567,.T.);
#398=FACE_OUTER_BOUND('',#568,.T.);
#399=FACE_OUTER_BOUND('',#569,.T.);
#400=FACE_OUTER_BOUND('',#570,.T.);
#401=FACE_OUTER_BOUND('',#571,.T.);
#402=FACE_OUTER_BOUND('',#572,.T.);
#403=FACE_OUTER_BOUND('',#573,.T.);
#404=FACE_OUTER_BOUND('',#574,.T.);
#405=FACE_OUTER_BOUND('',#575,.T.);
#406=FACE_OUTER_BOUND('',#576,.T.);
#407=FACE_OUTER_BOUND('',#577,.T.);
#408=FACE_OUTER_BOUND('',#578,.T.);
#409=FACE_OUTER_BOUND('',#579,.T.);
#410=FACE_OUTER_BOUND('',#580,.T.);
#411=FACE_OUTER_BOUND('',#581,.T.);
#412=FACE_OUTER_BOUND('',#582,.T.);
#413=FACE_OUTER_BOUND('',#583,.T.);
#414=FACE_OUTER_BOUND('',#584,.T.);
#415=FACE_OUTER_BOUND('',#585,.T.);
#416=FACE_OUTER_BOUND('',#586,.T.);
#417=FACE_OUTER_BOUND('',#587,.T.);
#418=FACE_OUTER_BOUND('',#588,.T.);
#419=FACE_OUTER_BOUND('',#589,.T.);
#420=FACE_OUTER_BOUND('',#590,.T.);
#421=FACE_OUTER_BOUND('',#591,.T.);
#422=FACE_OUTER_BOUND('',#592,.T.);
#423=FACE_OUTER_BOUND('',#593,.T.);
#424=FACE_OUTER_BOUND('',#594,.T.);
#425=FACE_OUTER_BOUND('',#595,.T.);
#426=FACE_OUTER_BOUND('',#596,.T.);
#427=FACE_OUTER_BOUND('',#597,.T.);
#428=FACE_OUTER_BOUND('',#598,.T.);
#429=FACE_OUTER_BOUND('',#599,.T.);
#430=FACE_OUTER_BOUND('',#600,.T.);
#431=FACE_OUTER_BOUND('',#601,.T.);
#432=FACE_OUTER_BOUND('',#602,.T.);
#433=FACE_OUTER_BOUND('',#603,.T.);
#434=FACE_OUTER_BOUND('',#604,.T.);
#435=FACE_OUTER_BOUND('',#605,.T.);
#436=FACE_OUTER_BOUND('',#606,.T.);
#437=FACE_OUTER_BOUND('',#607,.T.);
#438=FACE_OUTER_BOUND('',#608,.T.);
#439=FACE_OUTER_BOUND('',#609,.T.);
#440=FACE_OUTER_BOUND('',#611,.T.);
#441=FACE_OUTER_BOUND('',#612,.T.);
#442=FACE_OUTER_BOUND('',#613,.T.);
#443=FACE_OUTER_BOUND('',#615,.T.);
#444=FACE_OUTER_BOUND('',#616,.T.);
#445=FACE_OUTER_BOUND('',#617,.T.);
#446=FACE_OUTER_BOUND('',#618,.T.);
#447=FACE_OUTER_BOUND('',#619,.T.);
#448=FACE_OUTER_BOUND('',#620,.T.);
#449=FACE_OUTER_BOUND('',#621,.T.);
#450=FACE_OUTER_BOUND('',#622,.T.);
#451=FACE_OUTER_BOUND('',#623,.T.);
#452=FACE_OUTER_BOUND('',#624,.T.);
#453=FACE_OUTER_BOUND('',#625,.T.);
#454=FACE_OUTER_BOUND('',#626,.T.);
#455=FACE_OUTER_BOUND('',#627,.T.);
#456=FACE_OUTER_BOUND('',#628,.T.);
#457=FACE_OUTER_BOUND('',#629,.T.);
#458=FACE_OUTER_BOUND('',#630,.T.);
#459=FACE_OUTER_BOUND('',#631,.T.);
#460=FACE_OUTER_BOUND('',#632,.T.);
#461=FACE_OUTER_BOUND('',#633,.T.);
#462=FACE_OUTER_BOUND('',#634,.T.);
#463=FACE_OUTER_BOUND('',#635,.T.);
#464=FACE_OUTER_BOUND('',#636,.T.);
#465=FACE_OUTER_BOUND('',#637,.T.);
#466=FACE_OUTER_BOUND('',#638,.T.);
#467=FACE_OUTER_BOUND('',#639,.T.);
#468=FACE_OUTER_BOUND('',#640,.T.);
#469=FACE_OUTER_BOUND('',#641,.T.);
#470=FACE_OUTER_BOUND('',#642,.T.);
#471=FACE_OUTER_BOUND('',#643,.T.);
#472=FACE_OUTER_BOUND('',#644,.T.);
#473=FACE_OUTER_BOUND('',#645,.T.);
#474=FACE_OUTER_BOUND('',#646,.T.);
#475=FACE_OUTER_BOUND('',#647,.T.);
#476=FACE_OUTER_BOUND('',#648,.T.);
#477=FACE_OUTER_BOUND('',#649,.T.);
#478=FACE_OUTER_BOUND('',#650,.T.);
#479=FACE_OUTER_BOUND('',#651,.T.);
#480=FACE_OUTER_BOUND('',#652,.T.);
#481=FACE_OUTER_BOUND('',#653,.T.);
#482=FACE_OUTER_BOUND('',#654,.T.);
#483=FACE_OUTER_BOUND('',#655,.T.);
#484=FACE_OUTER_BOUND('',#656,.T.);
#485=FACE_OUTER_BOUND('',#657,.T.);
#486=EDGE_LOOP('',(#1660,#1661,#1662,#1663,#1664));
#487=EDGE_LOOP('',(#1665,#1666,#1667,#1668));
#488=EDGE_LOOP('',(#1669,#1670,#1671,#1672,#1673,#1674,#1675,#1676,#1677));
#489=EDGE_LOOP('',(#1678,#1679));
#490=EDGE_LOOP('',(#1680,#1681,#1682,#1683));
#491=EDGE_LOOP('',(#1684,#1685,#1686,#1687));
#492=EDGE_LOOP('',(#1688,#1689,#1690,#1691));
#493=EDGE_LOOP('',(#1692,#1693,#1694,#1695));
#494=EDGE_LOOP('',(#1696,#1697,#1698,#1699));
#495=EDGE_LOOP('',(#1700,#1701,#1702,#1703));
#496=EDGE_LOOP('',(#1704,#1705,#1706,#1707));
#497=EDGE_LOOP('',(#1708,#1709,#1710,#1711));
#498=EDGE_LOOP('',(#1712,#1713,#1714,#1715));
#499=EDGE_LOOP('',(#1716,#1717,#1718,#1719));
#500=EDGE_LOOP('',(#1720,#1721,#1722,#1723));
#501=EDGE_LOOP('',(#1724,#1725,#1726,#1727));
#502=EDGE_LOOP('',(#1728,#1729,#1730,#1731));
#503=EDGE_LOOP('',(#1732,#1733,#1734,#1735));
#504=EDGE_LOOP('',(#1736,#1737,#1738,#1739));
#505=EDGE_LOOP('',(#1740,#1741,#1742,#1743));
#506=EDGE_LOOP('',(#1744,#1745,#1746,#1747));
#507=EDGE_LOOP('',(#1748,#1749,#1750,#1751));
#508=EDGE_LOOP('',(#1752,#1753,#1754,#1755));
#509=EDGE_LOOP('',(#1756,#1757,#1758,#1759));
#510=EDGE_LOOP('',(#1760,#1761,#1762,#1763));
#511=EDGE_LOOP('',(#1764,#1765,#1766,#1767));
#512=EDGE_LOOP('',(#1768,#1769,#1770,#1771));
#513=EDGE_LOOP('',(#1772,#1773,#1774,#1775));
#514=EDGE_LOOP('',(#1776,#1777,#1778,#1779));
#515=EDGE_LOOP('',(#1780,#1781,#1782,#1783));
#516=EDGE_LOOP('',(#1784,#1785,#1786,#1787));
#517=EDGE_LOOP('',(#1788,#1789,#1790,#1791));
#518=EDGE_LOOP('',(#1792,#1793,#1794,#1795));
#519=EDGE_LOOP('',(#1796,#1797,#1798,#1799));
#520=EDGE_LOOP('',(#1800,#1801,#1802,#1803));
#521=EDGE_LOOP('',(#1804,#1805,#1806,#1807));
#522=EDGE_LOOP('',(#1808,#1809,#1810,#1811));
#523=EDGE_LOOP('',(#1812,#1813,#1814,#1815));
#524=EDGE_LOOP('',(#1816,#1817,#1818,#1819));
#525=EDGE_LOOP('',(#1820,#1821,#1822,#1823));
#526=EDGE_LOOP('',(#1824,#1825,#1826,#1827));
#527=EDGE_LOOP('',(#1828,#1829,#1830,#1831));
#528=EDGE_LOOP('',(#1832,#1833,#1834,#1835));
#529=EDGE_LOOP('',(#1836,#1837,#1838,#1839));
#530=EDGE_LOOP('',(#1840,#1841,#1842,#1843));
#531=EDGE_LOOP('',(#1844,#1845,#1846,#1847));
#532=EDGE_LOOP('',(#1848,#1849,#1850,#1851));
#533=EDGE_LOOP('',(#1852,#1853,#1854,#1855));
#534=EDGE_LOOP('',(#1856,#1857,#1858,#1859));
#535=EDGE_LOOP('',(#1860,#1861,#1862,#1863));
#536=EDGE_LOOP('',(#1864,#1865,#1866,#1867));
#537=EDGE_LOOP('',(#1868,#1869,#1870,#1871));
#538=EDGE_LOOP('',(#1872,#1873,#1874,#1875));
#539=EDGE_LOOP('',(#1876,#1877,#1878,#1879));
#540=EDGE_LOOP('',(#1880,#1881,#1882,#1883));
#541=EDGE_LOOP('',(#1884,#1885,#1886,#1887));
#542=EDGE_LOOP('',(#1888,#1889,#1890,#1891));
#543=EDGE_LOOP('',(#1892,#1893,#1894,#1895));
#544=EDGE_LOOP('',(#1896,#1897,#1898,#1899));
#545=EDGE_LOOP('',(#1900,#1901,#1902,#1903));
#546=EDGE_LOOP('',(#1904,#1905,#1906,#1907));
#547=EDGE_LOOP('',(#1908,#1909,#1910,#1911));
#548=EDGE_LOOP('',(#1912,#1913,#1914,#1915));
#549=EDGE_LOOP('',(#1916,#1917,#1918,#1919));
#550=EDGE_LOOP('',(#1920,#1921,#1922,#1923));
#551=EDGE_LOOP('',(#1924,#1925,#1926,#1927));
#552=EDGE_LOOP('',(#1928,#1929,#1930,#1931));
#553=EDGE_LOOP('',(#1932,#1933,#1934,#1935));
#554=EDGE_LOOP('',(#1936,#1937,#1938,#1939));
#555=EDGE_LOOP('',(#1940,#1941,#1942,#1943));
#556=EDGE_LOOP('',(#1944,#1945,#1946,#1947));
#557=EDGE_LOOP('',(#1948,#1949,#1950,#1951));
#558=EDGE_LOOP('',(#1952,#1953,#1954,#1955));
#559=EDGE_LOOP('',(#1956,#1957,#1958,#1959));
#560=EDGE_LOOP('',(#1960,#1961,#1962,#1963));
#561=EDGE_LOOP('',(#1964,#1965,#1966,#1967));
#562=EDGE_LOOP('',(#1968,#1969,#1970,#1971));
#563=EDGE_LOOP('',(#1972,#1973,#1974,#1975));
#564=EDGE_LOOP('',(#1976,#1977,#1978,#1979));
#565=EDGE_LOOP('',(#1980,#1981,#1982,#1983));
#566=EDGE_LOOP('',(#1984,#1985,#1986,#1987));
#567=EDGE_LOOP('',(#1988,#1989,#1990,#1991));
#568=EDGE_LOOP('',(#1992,#1993,#1994,#1995));
#569=EDGE_LOOP('',(#1996,#1997,#1998,#1999));
#570=EDGE_LOOP('',(#2000,#2001,#2002,#2003));
#571=EDGE_LOOP('',(#2004,#2005,#2006,#2007));
#572=EDGE_LOOP('',(#2008,#2009,#2010,#2011));
#573=EDGE_LOOP('',(#2012,#2013,#2014,#2015));
#574=EDGE_LOOP('',(#2016,#2017,#2018,#2019));
#575=EDGE_LOOP('',(#2020,#2021,#2022,#2023));
#576=EDGE_LOOP('',(#2024,#2025,#2026,#2027));
#577=EDGE_LOOP('',(#2028,#2029,#2030,#2031));
#578=EDGE_LOOP('',(#2032,#2033,#2034,#2035));
#579=EDGE_LOOP('',(#2036,#2037,#2038,#2039));
#580=EDGE_LOOP('',(#2040,#2041,#2042,#2043));
#581=EDGE_LOOP('',(#2044,#2045,#2046,#2047));
#582=EDGE_LOOP('',(#2048,#2049,#2050,#2051));
#583=EDGE_LOOP('',(#2052,#2053,#2054,#2055));
#584=EDGE_LOOP('',(#2056,#2057,#2058,#2059));
#585=EDGE_LOOP('',(#2060,#2061,#2062,#2063));
#586=EDGE_LOOP('',(#2064,#2065,#2066,#2067));
#587=EDGE_LOOP('',(#2068,#2069,#2070,#2071));
#588=EDGE_LOOP('',(#2072,#2073,#2074,#2075));
#589=EDGE_LOOP('',(#2076,#2077,#2078,#2079));
#590=EDGE_LOOP('',(#2080,#2081,#2082,#2083));
#591=EDGE_LOOP('',(#2084,#2085,#2086,#2087));
#592=EDGE_LOOP('',(#2088,#2089,#2090,#2091));
#593=EDGE_LOOP('',(#2092,#2093,#2094,#2095));
#594=EDGE_LOOP('',(#2096,#2097,#2098,#2099));
#595=EDGE_LOOP('',(#2100,#2101,#2102,#2103));
#596=EDGE_LOOP('',(#2104,#2105,#2106,#2107));
#597=EDGE_LOOP('',(#2108,#2109,#2110,#2111));
#598=EDGE_LOOP('',(#2112,#2113,#2114,#2115));
#599=EDGE_LOOP('',(#2116,#2117,#2118,#2119));
#600=EDGE_LOOP('',(#2120,#2121,#2122,#2123));
#601=EDGE_LOOP('',(#2124,#2125,#2126,#2127));
#602=EDGE_LOOP('',(#2128,#2129,#2130,#2131));
#603=EDGE_LOOP('',(#2132,#2133,#2134,#2135));
#604=EDGE_LOOP('',(#2136,#2137,#2138,#2139));
#605=EDGE_LOOP('',(#2140,#2141,#2142,#2143));
#606=EDGE_LOOP('',(#2144,#2145,#2146,#2147));
#607=EDGE_LOOP('',(#2148,#2149,#2150,#2151,#2152,#2153,#2154,#2155,#2156,
#2157,#2158,#2159,#2160,#2161,#2162,#2163,#2164,#2165,#2166,#2167,#2168,
#2169,#2170,#2171,#2172,#2173,#2174,#2175,#2176,#2177,#2178,#2179,#2180,
#2181,#2182,#2183,#2184,#2185,#2186,#2187,#2188,#2189,#2190,#2191,#2192,
#2193,#2194,#2195,#2196,#2197,#2198,#2199,#2200,#2201,#2202,#2203,#2204,
#2205,#2206,#2207,#2208,#2209,#2210,#2211,#2212,#2213,#2214,#2215,#2216,
#2217,#2218,#2219,#2220,#2221,#2222,#2223,#2224,#2225));
#608=EDGE_LOOP('',(#2226,#2227,#2228,#2229,#2230));
#609=EDGE_LOOP('',(#2231));
#610=EDGE_LOOP('',(#2232));
#611=EDGE_LOOP('',(#2233,#2234,#2235,#2236,#2237));
#612=EDGE_LOOP('',(#2238,#2239,#2240,#2241,#2242,#2243));
#613=EDGE_LOOP('',(#2244,#2245,#2246,#2247,#2248,#2249,#2250,#2251,#2252,
#2253,#2254,#2255,#2256,#2257,#2258,#2259,#2260,#2261,#2262,#2263,#2264,
#2265,#2266,#2267,#2268,#2269,#2270,#2271,#2272,#2273,#2274,#2275,#2276,
#2277,#2278,#2279,#2280,#2281,#2282,#2283,#2284,#2285,#2286,#2287,#2288,
#2289,#2290,#2291,#2292,#2293,#2294,#2295,#2296,#2297,#2298,#2299,#2300,
#2301,#2302,#2303,#2304,#2305,#2306,#2307,#2308,#2309,#2310,#2311,#2312,
#2313,#2314,#2315,#2316,#2317,#2318,#2319,#2320,#2321));
#614=EDGE_LOOP('',(#2322));
#615=EDGE_LOOP('',(#2323,#2324));
#616=EDGE_LOOP('',(#2325,#2326,#2327,#2328));
#617=EDGE_LOOP('',(#2329,#2330,#2331,#2332,#2333));
#618=EDGE_LOOP('',(#2334,#2335,#2336,#2337,#2338,#2339));
#619=EDGE_LOOP('',(#2340,#2341,#2342,#2343));
#620=EDGE_LOOP('',(#2344,#2345,#2346,#2347));
#621=EDGE_LOOP('',(#2348,#2349,#2350,#2351));
#622=EDGE_LOOP('',(#2352,#2353,#2354,#2355));
#623=EDGE_LOOP('',(#2356,#2357,#2358,#2359));
#624=EDGE_LOOP('',(#2360,#2361,#2362,#2363));
#625=EDGE_LOOP('',(#2364,#2365,#2366,#2367));
#626=EDGE_LOOP('',(#2368,#2369,#2370,#2371));
#627=EDGE_LOOP('',(#2372,#2373,#2374,#2375));
#628=EDGE_LOOP('',(#2376,#2377,#2378,#2379));
#629=EDGE_LOOP('',(#2380,#2381,#2382,#2383));
#630=EDGE_LOOP('',(#2384,#2385,#2386,#2387));
#631=EDGE_LOOP('',(#2388,#2389,#2390,#2391));
#632=EDGE_LOOP('',(#2392,#2393,#2394,#2395));
#633=EDGE_LOOP('',(#2396,#2397,#2398,#2399));
#634=EDGE_LOOP('',(#2400,#2401,#2402,#2403));
#635=EDGE_LOOP('',(#2404,#2405,#2406,#2407));
#636=EDGE_LOOP('',(#2408,#2409,#2410,#2411));
#637=EDGE_LOOP('',(#2412,#2413,#2414,#2415));
#638=EDGE_LOOP('',(#2416,#2417,#2418,#2419));
#639=EDGE_LOOP('',(#2420,#2421,#2422,#2423));
#640=EDGE_LOOP('',(#2424,#2425,#2426,#2427));
#641=EDGE_LOOP('',(#2428,#2429,#2430,#2431));
#642=EDGE_LOOP('',(#2432,#2433,#2434,#2435));
#643=EDGE_LOOP('',(#2436,#2437,#2438,#2439));
#644=EDGE_LOOP('',(#2440,#2441,#2442,#2443));
#645=EDGE_LOOP('',(#2444,#2445,#2446,#2447));
#646=EDGE_LOOP('',(#2448,#2449,#2450,#2451));
#647=EDGE_LOOP('',(#2452,#2453,#2454,#2455));
#648=EDGE_LOOP('',(#2456,#2457,#2458,#2459));
#649=EDGE_LOOP('',(#2460,#2461,#2462,#2463));
#650=EDGE_LOOP('',(#2464,#2465,#2466,#2467));
#651=EDGE_LOOP('',(#2468,#2469,#2470,#2471));
#652=EDGE_LOOP('',(#2472,#2473,#2474,#2475));
#653=EDGE_LOOP('',(#2476,#2477,#2478,#2479));
#654=EDGE_LOOP('',(#2480,#2481,#2482,#2483));
#655=EDGE_LOOP('',(#2484,#2485,#2486,#2487));
#656=EDGE_LOOP('',(#2488,#2489,#2490,#2491));
#657=EDGE_LOOP('',(#2492,#2493,#2494,#2495));
#658=B_SPLINE_CURVE_WITH_KNOTS('',3,(#3968,#3969,#3970,#3971,#3972,#3973,
#3974,#3975,#3976,#3977,#3978,#3979,#3980,#3981),.UNSPECIFIED.,.F.,.F.,
(4,2,2,2,2,2,4),(-0.0847252601840921,-0.0673365490885369,-0.0489263917558976,
-0.0281250606313384,-0.014204408975981,0.,0.000369143348101268),
 .UNSPECIFIED.);
#659=B_SPLINE_CURVE_WITH_KNOTS('',3,(#3984,#3985,#3986,#3987,#3988,#3989,
#3990,#3991,#3992,#3993,#3994,#3995,#3996,#3997),.UNSPECIFIED.,.F.,.F.,
(4,2,2,2,2,2,4),(-0.169819663716154,-0.169450520368007,-0.155246111392085,
-0.141325459736761,-0.12052412861222,-0.102113971279598,-0.0847252601840594),
 .UNSPECIFIED.);
#660=B_SPLINE_CURVE_WITH_KNOTS('',3,(#4018,#4019,#4020,#4021,#4022,#4023,
#4024,#4025,#4026,#4027,#4028,#4029,#4030,#4031),.UNSPECIFIED.,.F.,.F.,
(4,2,2,2,2,2,4),(-0.000323771645390423,0.,0.00549962688912276,0.0313614820605755,
0.0515159430249521,0.0699248957903059,0.0876157612502532),.UNSPECIFIED.);
#661=B_SPLINE_CURVE_WITH_KNOTS('',3,(#4034,#4035,#4036,#4037,#4038,#4039,
#4040,#4041,#4042,#4043,#4044,#4045,#4046,#4047),.UNSPECIFIED.,.F.,.F.,
(4,2,2,2,2,2,4),(-0.175555294134913,-0.17523152249065,-0.169731895601774,
-0.143870040431799,-0.123715579468571,-0.105306626704266,-0.0876157612453255),
 .UNSPECIFIED.);
#662=B_SPLINE_CURVE_WITH_KNOTS('',3,(#4072,#4073,#4074,#4075,#4076,#4077,
#4078,#4079,#4080,#4081,#4082,#4083,#4084,#4085),.UNSPECIFIED.,.F.,.F.,
(4,2,2,2,2,2,4),(-0.175555294132068,-0.175231522487838,-0.169731895599044,
-0.14387004042948,-0.123715579466577,-0.105306626702568,-0.0876157612439134),
 .UNSPECIFIED.);
#663=B_SPLINE_CURVE_WITH_KNOTS('',3,(#4091,#4092,#4093,#4094,#4095,#4096,
#4097,#4098,#4099,#4100,#4101,#4102,#4103,#4104),.UNSPECIFIED.,.F.,.F.,
(4,2,2,2,2,2,4),(-0.000323771645216266,0.,0.00549962688803851,0.0313614820535283,
0.0515159430132565,0.0699248957743656,0.0876157612302357),.UNSPECIFIED.);
#664=B_SPLINE_CURVE_WITH_KNOTS('',3,(#4130,#4131,#4132,#4133,#4134,#4135,
#4136,#4137,#4138,#4139,#4140,#4141,#4142,#4143),.UNSPECIFIED.,.F.,.F.,
(4,2,2,2,2,2,4),(-0.175555294136241,-0.175231522491984,-0.169731895603073,
-0.143870040432895,-0.123715579469514,-0.105306626705067,-0.0876157612459921),
 .UNSPECIFIED.);
#665=B_SPLINE_CURVE_WITH_KNOTS('',3,(#4149,#4150,#4151,#4152,#4153,#4154,
#4155,#4156,#4157,#4158,#4159,#4160,#4161,#4162),.UNSPECIFIED.,.F.,.F.,
(4,2,2,2,2,2,4),(-0.000323771645187242,0.,0.0054996268877334,0.0313614820514609,
0.0515159430098166,0.0699248957696727,0.0876157612243369),.UNSPECIFIED.);
#666=B_SPLINE_CURVE_WITH_KNOTS('',3,(#4188,#4189,#4190,#4191,#4192,#4193,
#4194,#4195,#4196,#4197,#4198,#4199,#4200,#4201),.UNSPECIFIED.,.F.,.F.,
(4,2,2,2,2,2,4),(-0.175555294146529,-0.175231522502263,-0.169731895613127,
-0.143870040441402,-0.123715579476818,-0.105306626711275,-0.0876157612511451),
 .UNSPECIFIED.);
#667=B_SPLINE_CURVE_WITH_KNOTS('',3,(#4207,#4208,#4209,#4210,#4211,#4212,
#4213,#4214,#4215,#4216,#4217,#4218,#4219,#4220),.UNSPECIFIED.,.F.,.F.,
(4,2,2,2,2,2,4),(-0.000323771645333365,0.,0.00549962688870374,0.0313614820578051,
0.0515159430203448,0.0699248957840219,0.0876157612423574),.UNSPECIFIED.);
#668=B_SPLINE_CURVE_WITH_KNOTS('',3,(#4246,#4247,#4248,#4249,#4250,#4251,
#4252,#4253,#4254,#4255,#4256,#4257,#4258,#4259),.UNSPECIFIED.,.F.,.F.,
(4,2,2,2,2,2,4),(-0.175555294133599,-0.17523152248936,-0.169731895600528,
-0.143870040430737,-0.123715579467659,-0.105306626703489,-0.0876157612446802),
 .UNSPECIFIED.);
#669=B_SPLINE_CURVE_WITH_KNOTS('',3,(#4265,#4266,#4267,#4268,#4269,#4270,
#4271,#4272,#4273,#4274,#4275,#4276,#4277,#4278),.UNSPECIFIED.,.F.,.F.,
(4,2,2,2,2,2,4),(-0.000323771645285103,0.,0.00549962688827609,0.0313614820550245,
0.0515159430157317,0.0699248957777337,0.0876157612344622),.UNSPECIFIED.);
#670=B_SPLINE_CURVE_WITH_KNOTS('',3,(#4304,#4305,#4306,#4307,#4308,#4309,
#4310,#4311,#4312,#4313,#4314,#4315,#4316,#4317),.UNSPECIFIED.,.F.,.F.,
(4,2,2,2,2,2,4),(-0.175555294114983,-0.175231522470815,-0.169731895582509,
-0.143870040415472,-0.123715579454541,-0.105306626692338,-0.087615761235418),
 .UNSPECIFIED.);
#671=B_SPLINE_CURVE_WITH_KNOTS('',3,(#4323,#4324,#4325,#4326,#4327,#4328,
#4329,#4330,#4331,#4332,#4333,#4334,#4335,#4336),.UNSPECIFIED.,.F.,.F.,
(4,2,2,2,2,2,4),(-0.000323771644373242,0.,0.00549962688895135,0.0313614820593382,
0.0515159430228859,0.0699248957874831,0.0876157612467031),.UNSPECIFIED.);
#672=B_SPLINE_CURVE_WITH_KNOTS('',3,(#4362,#4363,#4364,#4365,#4366,#4367,
#4368,#4369,#4370,#4371,#4372,#4373,#4374,#4375),.UNSPECIFIED.,.F.,.F.,
(4,2,2,2,2,2,4),(-0.175555294148772,-0.175231522504509,-0.16973189561528,
-0.14387004044322,-0.123715579478377,-0.105306626712598,-0.0876157612522407),
 .UNSPECIFIED.);
#673=B_SPLINE_CURVE_WITH_KNOTS('',3,(#4381,#4382,#4383,#4384,#4385,#4386,
#4387,#4388,#4389,#4390,#4391,#4392,#4393,#4394),.UNSPECIFIED.,.F.,.F.,
(4,2,2,2,2,2,4),(-0.000323771643960996,0.,0.00549962688833529,0.0313614820553237,
0.0515159430162249,0.0699248957784057,0.0876157612353021),.UNSPECIFIED.);
#674=B_SPLINE_CURVE_WITH_KNOTS('',3,(#4420,#4421,#4422,#4423,#4424,#4425,
#4426,#4427,#4428,#4429,#4430,#4431,#4432,#4433),.UNSPECIFIED.,.F.,.F.,
(4,2,2,2,2,2,4),(-0.175555294158066,-0.175231522513753,-0.169731895624249,
-0.143870040450831,-0.123715579484923,-0.105306626718167,-0.0876157612568722),
 .UNSPECIFIED.);
#675=B_SPLINE_CURVE_WITH_KNOTS('',3,(#4439,#4440,#4441,#4442,#4443,#4444,
#4445,#4446,#4447,#4448,#4449,#4450,#4451,#4452),.UNSPECIFIED.,.F.,.F.,
(4,2,2,2,2,2,4),(-0.000323771645310309,0.,0.00549962688816281,0.031361482054251,
0.0515159430144458,0.0699248957759826,0.0876157612322612),.UNSPECIFIED.);
#676=B_SPLINE_CURVE_WITH_KNOTS('',3,(#4478,#4479,#4480,#4481,#4482,#4483,
#4484,#4485,#4486,#4487,#4488,#4489,#4490,#4491),.UNSPECIFIED.,.F.,.F.,
(4,2,2,2,2,2,4),(-0.175555294125749,-0.17523152248156,-0.169731895592931,
-0.143870040424306,-0.123715579462134,-0.105306626698792,-0.0876157612407799),
 .UNSPECIFIED.);
#677=B_SPLINE_CURVE_WITH_KNOTS('',3,(#4497,#4498,#4499,#4500,#4501,#4502,
#4503,#4504,#4505,#4506,#4507,#4508,#4509,#4510),.UNSPECIFIED.,.F.,.F.,
(4,2,2,2,2,2,4),(-0.000323771645362844,0.,0.00549962688858311,0.0313614820569899,
0.0515159430189923,0.0699248957821779,0.0876157612400421),.UNSPECIFIED.);
#678=B_SPLINE_CURVE_WITH_KNOTS('',3,(#4536,#4537,#4538,#4539,#4540,#4541,
#4542,#4543,#4544,#4545,#4546,#4547,#4548,#4549),.UNSPECIFIED.,.F.,.F.,
(4,2,2,2,2,2,4),(-0.175555294108033,-0.17523152246386,-0.169731895575755,
-0.143870040409754,-0.123715579449633,-0.105306626688164,-0.0876157612319494),
 .UNSPECIFIED.);
#679=B_SPLINE_CURVE_WITH_KNOTS('',3,(#4555,#4556,#4557,#4558,#4559,#4560,
#4561,#4562,#4563,#4564,#4565,#4566,#4567,#4568),.UNSPECIFIED.,.F.,.F.,
(4,2,2,2,2,2,4),(-0.000323771643954025,0.,0.00549962688880535,0.0313614820583737,
0.0515159430212821,0.0699248957852964,0.0876157612439559),.UNSPECIFIED.);
#680=B_SPLINE_CURVE_WITH_KNOTS('',3,(#4594,#4595,#4596,#4597,#4598,#4599,
#4600,#4601,#4602,#4603,#4604,#4605,#4606,#4607),.UNSPECIFIED.,.F.,.F.,
(4,2,2,2,2,2,4),(-0.175555294144192,-0.175231522499917,-0.169731895610779,
-0.14387004043942,-0.123715579475115,-0.105306626709827,-0.0876157612499419),
 .UNSPECIFIED.);
#681=B_SPLINE_CURVE_WITH_KNOTS('',3,(#4613,#4614,#4615,#4616,#4617,#4618,
#4619,#4620,#4621,#4622,#4623,#4624,#4625,#4626),.UNSPECIFIED.,.F.,.F.,
(4,2,2,2,2,2,4),(-0.000323771645240986,0.,0.00549962688819671,0.0313614820546291,
0.0515159430150828,0.0699248957768545,0.0876157612333603),.UNSPECIFIED.);
#682=B_SPLINE_CURVE_WITH_KNOTS('',3,(#4652,#4653,#4654,#4655,#4656,#4657,
#4658,#4659,#4660,#4661,#4662,#4663,#4664,#4665),.UNSPECIFIED.,.F.,.F.,
(4,2,2,2,2,2,4),(-0.175555294144486,-0.175231522500239,-0.169731895611154,
-0.14387004043974,-0.123715579475395,-0.105306626710068,-0.0876157612501453),
 .UNSPECIFIED.);
#683=B_SPLINE_CURVE_WITH_KNOTS('',3,(#4671,#4672,#4673,#4674,#4675,#4676,
#4677,#4678,#4679,#4680,#4681,#4682,#4683,#4684),.UNSPECIFIED.,.F.,.F.,
(4,2,2,2,2,2,4),(-0.000323771645269707,0.,0.00549962688809364,0.0313614820539142,
0.0515159430138958,0.0699248957752357,0.0876157612313235),.UNSPECIFIED.);
#684=B_SPLINE_CURVE_WITH_KNOTS('',3,(#4710,#4711,#4712,#4713,#4714,#4715,
#4716,#4717,#4718,#4719,#4720,#4721,#4722,#4723),.UNSPECIFIED.,.F.,.F.,
(4,2,2,2,2,2,4),(-0.175555294135445,-0.175231522491194,-0.169731895602319,
-0.143870040432258,-0.123715579468966,-0.1053066267046,-0.087615761245603),
 .UNSPECIFIED.);
#685=B_SPLINE_CURVE_WITH_KNOTS('',3,(#4729,#4730,#4731,#4732,#4733,#4734,
#4735,#4736,#4737,#4738,#4739,#4740,#4741,#4742),.UNSPECIFIED.,.F.,.F.,
(4,2,2,2,2,2,4),(-0.000323771645342138,0.,0.00549962688870847,0.0313614820578572,
0.0515159430204382,0.0699248957841523,0.0876157612425257),.UNSPECIFIED.);
#686=B_SPLINE_CURVE_WITH_KNOTS('',3,(#4768,#4769,#4770,#4771,#4772,#4773,
#4774,#4775,#4776,#4777,#4778,#4779,#4780,#4781),.UNSPECIFIED.,.F.,.F.,
(4,2,2,2,2,2,4),(-0.175555294137201,-0.175231522492964,-0.169731895604034,
-0.143870040433701,-0.123715579470206,-0.105306626705655,-0.0876157612464764),
 .UNSPECIFIED.);
#687=B_SPLINE_CURVE_WITH_KNOTS('',3,(#4787,#4788,#4789,#4790,#4791,#4792,
#4793,#4794,#4795,#4796,#4797,#4798,#4799,#4800),.UNSPECIFIED.,.F.,.F.,
(4,2,2,2,2,2,4),(-0.000323771645326247,0.,0.00549962688877894,0.0313614820583149,
0.0515159430211951,0.0699248957851827,0.0876157612438172),.UNSPECIFIED.);
#688=B_SPLINE_CURVE_WITH_KNOTS('',3,(#4826,#4827,#4828,#4829,#4830,#4831,
#4832,#4833,#4834,#4835,#4836,#4837,#4838,#4839),.UNSPECIFIED.,.F.,.F.,
(4,2,2,2,2,2,4),(-0.175555294120085,-0.175231522475895,-0.169731895587412,
-0.143870040419633,-0.123715579458118,-0.105306626695377,-0.0876157612379401),
 .UNSPECIFIED.);
#689=B_SPLINE_CURVE_WITH_KNOTS('',3,(#4845,#4846,#4847,#4848,#4849,#4850,
#4851,#4852,#4853,#4854,#4855,#4856,#4857,#4858),.UNSPECIFIED.,.F.,.F.,
(4,2,2,2,2,2,4),(-0.000323771645278448,0.,0.00549962688853318,0.0313614820567567,
0.0515159430186117,0.0699248957816653,0.087615761239402),.UNSPECIFIED.);
#690=B_SPLINE_CURVE_WITH_KNOTS('',3,(#4884,#4885,#4886,#4887,#4888,#4889,
#4890,#4891,#4892,#4893,#4894,#4895,#4896,#4897),.UNSPECIFIED.,.F.,.F.,
(4,2,2,2,2,2,4),(-0.175555294137445,-0.175231522493177,-0.169731895604275,
-0.14387004043391,-0.123715579470386,-0.105306626705808,-0.0876157612466087),
 .UNSPECIFIED.);
#691=B_SPLINE_CURVE_WITH_KNOTS('',3,(#4903,#4904,#4905,#4906,#4907,#4908,
#4909,#4910,#4911,#4912,#4913,#4914,#4915,#4916),.UNSPECIFIED.,.F.,.F.,
(4,2,2,2,2,2,4),(-0.000323771645228126,0.,0.00549962688817727,0.0313614820545318,
0.0515159430149272,0.0699248957766453,0.0876157612331001),.UNSPECIFIED.);
#692=B_SPLINE_CURVE_WITH_KNOTS('',3,(#4942,#4943,#4944,#4945,#4946,#4947,
#4948,#4949,#4950,#4951,#4952,#4953,#4954,#4955),.UNSPECIFIED.,.F.,.F.,
(4,2,2,2,2,2,4),(-0.175555294098907,-0.175231522454852,-0.169731895566962,
-0.14387004040231,-0.123715579443237,-0.105306626682726,-0.0876157612274323),
 .UNSPECIFIED.);
#693=B_SPLINE_CURVE_WITH_KNOTS('',3,(#4961,#4962,#4963,#4964,#4965,#4966,
#4967,#4968,#4969,#4970,#4971,#4972,#4973,#4974),.UNSPECIFIED.,.F.,.F.,
(4,2,2,2,2,2,4),(-0.000323771645503745,0.,0.00549962688973803,0.0313614820645135,
0.0515159430314808,0.0699248957992046,0.0876157612614284),.UNSPECIFIED.);
#694=B_SPLINE_CURVE_WITH_KNOTS('',3,(#5000,#5001,#5002,#5003,#5004,#5005,
#5006,#5007,#5008,#5009,#5010,#5011,#5012,#5013),.UNSPECIFIED.,.F.,.F.,
(4,2,2,2,2,2,4),(-0.175555294094704,-0.175231522450548,-0.169731895562727,
-0.143870040398727,-0.123715579440155,-0.105306626680104,-0.087615761225251),
 .UNSPECIFIED.);
#695=B_SPLINE_CURVE_WITH_KNOTS('',3,(#5019,#5020,#5021,#5022,#5023,#5024,
#5025,#5026,#5027,#5028,#5029,#5030,#5031,#5032),.UNSPECIFIED.,.F.,.F.,
(4,2,2,2,2,2,4),(-0.000323771643907928,0.,0.00549962688818664,0.0313614820545657,
0.0515159430149842,0.0699248957767239,0.087615761233199),.UNSPECIFIED.);
#696=B_SPLINE_CURVE_WITH_KNOTS('',3,(#5058,#5059,#5060,#5061,#5062,#5063,
#5064,#5065,#5066,#5067,#5068,#5069,#5070,#5071),.UNSPECIFIED.,.F.,.F.,
(4,2,2,2,2,2,4),(-0.1755552941181,-0.175231522473936,-0.169731895585556,
-0.143870040418056,-0.123715579456765,-0.105306626694228,-0.0876157612369866),
 .UNSPECIFIED.);
#697=B_SPLINE_CURVE_WITH_KNOTS('',3,(#5077,#5078,#5079,#5080,#5081,#5082,
#5083,#5084,#5085,#5086,#5087,#5088,#5089,#5090),.UNSPECIFIED.,.F.,.F.,
(4,2,2,2,2,2,4),(-0.000323771645428913,0.,0.00549962688950238,0.0313614820629603,
0.0515159430289018,0.0699248957956872,0.0876157612570146),.UNSPECIFIED.);
#698=B_SPLINE_CURVE_WITH_KNOTS('',3,(#5116,#5117,#5118,#5119,#5120,#5121,
#5122,#5123,#5124,#5125,#5126,#5127,#5128,#5129),.UNSPECIFIED.,.F.,.F.,
(4,2,2,2,2,2,4),(-0.175555294132906,-0.17523152248867,-0.169731895599863,
-0.143870040430174,-0.123715579467178,-0.105306626703082,-0.0876157612443409),
 .UNSPECIFIED.);
#699=B_SPLINE_CURVE_WITH_KNOTS('',3,(#5135,#5136,#5137,#5138,#5139,#5140,
#5141,#5142,#5143,#5144,#5145,#5146,#5147,#5148),.UNSPECIFIED.,.F.,.F.,
(4,2,2,2,2,2,4),(-0.000323771645370632,0.,0.00549962688892183,0.0313614820592796,
0.0515159430227986,0.0699248957873708,0.0876157612465661),.UNSPECIFIED.);
#700=B_SPLINE_CURVE_WITH_KNOTS('',3,(#5174,#5175,#5176,#5177,#5178,#5179,
#5180,#5181,#5182,#5183,#5184,#5185,#5186,#5187),.UNSPECIFIED.,.F.,.F.,
(4,2,2,2,2,2,4),(-0.175555294113786,-0.175231522469585,-0.169731895581305,
-0.143870040414458,-0.123715579453672,-0.105306626691598,-0.0876157612348008),
 .UNSPECIFIED.);
#701=B_SPLINE_CURVE_WITH_KNOTS('',3,(#5194,#5195,#5196,#5197,#5198,#5199,
#5200,#5201,#5202,#5203,#5204,#5205,#5206,#5207),.UNSPECIFIED.,.F.,.F.,
(4,2,2,2,2,2,4),(-0.00032377164527089,0.,0.00549962688826179,0.031361482054898,
0.0515159430155192,0.0699248957774441,0.0876157612340965),.UNSPECIFIED.);
#702=B_SPLINE_CURVE_WITH_KNOTS('',3,(#5233,#5234,#5235,#5236,#5237,#5238,
#5239,#5240,#5241,#5242,#5243,#5244,#5245,#5246),.UNSPECIFIED.,.F.,.F.,
(4,2,2,2,2,2,4),(-0.17555529414405,-0.175231522499814,-0.169731895610743,
-0.143870040439386,-0.12371557947509,-0.105306626709807,-0.0876157612499287),
 .UNSPECIFIED.);
#703=B_SPLINE_CURVE_WITH_KNOTS('',3,(#5252,#5253,#5254,#5255,#5256,#5257,
#5258,#5259,#5260,#5261,#5262,#5263,#5264,#5265),.UNSPECIFIED.,.F.,.F.,
(4,2,2,2,2,2,4),(-0.000323771645330474,0.,0.00549962688879696,0.0313614820584849,
0.0515159430214779,0.0699248957855698,0.0876157612443055),.UNSPECIFIED.);
#704=B_SPLINE_CURVE_WITH_KNOTS('',3,(#5291,#5292,#5293,#5294,#5295,#5296,
#5297,#5298,#5299,#5300,#5301,#5302,#5303,#5304),.UNSPECIFIED.,.F.,.F.,
(4,2,2,2,2,2,4),(-0.175555294123525,-0.175231522479326,-0.169731895590765,
-0.143870040422471,-0.123715579460556,-0.105306626697449,-0.0876157612396597),
 .UNSPECIFIED.);
#705=B_SPLINE_CURVE_WITH_KNOTS('',3,(#5310,#5311,#5312,#5313,#5314,#5315,
#5316,#5317,#5318,#5319,#5320,#5321,#5322,#5323),.UNSPECIFIED.,.F.,.F.,
(4,2,2,2,2,2,4),(-0.000323771645373771,0.,0.00549962688861431,0.0313614820571917,
0.0515159430193239,0.0699248957826278,0.0876157612406065),.UNSPECIFIED.);
#706=B_SPLINE_CURVE_WITH_KNOTS('',3,(#5349,#5350,#5351,#5352,#5353,#5354,
#5355,#5356,#5357,#5358,#5359,#5360,#5361,#5362),.UNSPECIFIED.,.F.,.F.,
(4,2,2,2,2,2,4),(-0.175555294142406,-0.175231522498165,-0.169731895609129,
-0.143870040438019,-0.123715579473914,-0.105306626708809,-0.0876157612490986),
 .UNSPECIFIED.);
#707=B_SPLINE_CURVE_WITH_KNOTS('',3,(#5368,#5369,#5370,#5371,#5372,#5373,
#5374,#5375,#5376,#5377,#5378,#5379,#5380,#5381),.UNSPECIFIED.,.F.,.F.,
(4,2,2,2,2,2,4),(-0.000323771645354206,0.,0.00549962688849769,0.0313614820564312,
0.0515159430180637,0.0699248957809154,0.0876157612384571),.UNSPECIFIED.);
#708=B_SPLINE_CURVE_WITH_KNOTS('',3,(#5407,#5408,#5409,#5410,#5411,#5412,
#5413,#5414,#5415,#5416,#5417,#5418,#5419,#5420),.UNSPECIFIED.,.F.,.F.,
(4,2,2,2,2,2,4),(-0.175555294120043,-0.175231522475874,-0.169731895587417,
-0.143870040419631,-0.123715579458115,-0.105306626695373,-0.0876157612379365),
 .UNSPECIFIED.);
#709=B_SPLINE_CURVE_WITH_KNOTS('',3,(#5426,#5427,#5428,#5429,#5430,#5431,
#5432,#5433,#5434,#5435,#5436,#5437,#5438,#5439),.UNSPECIFIED.,.F.,.F.,
(4,2,2,2,2,2,4),(-0.000323771645298074,0.,0.00549962688810814,0.031361482053974,
0.0515159430139944,0.0699248957753694,0.0876157612314934),.UNSPECIFIED.);
#710=B_SPLINE_CURVE_WITH_KNOTS('',3,(#5465,#5466,#5467,#5468,#5469,#5470,
#5471,#5472,#5473,#5474,#5475,#5476,#5477,#5478),.UNSPECIFIED.,.F.,.F.,
(4,2,2,2,2,2,4),(-0.175555294104657,-0.175231522460443,-0.169731895572426,
-0.143870040406931,-0.123715579447203,-0.105306626686096,-0.0876157612302302),
 .UNSPECIFIED.);
#711=B_SPLINE_CURVE_WITH_KNOTS('',3,(#5484,#5485,#5486,#5487,#5488,#5489,
#5490,#5491,#5492,#5493,#5494,#5495,#5496,#5497),.UNSPECIFIED.,.F.,.F.,
(4,2,2,2,2,2,4),(-0.000323771645325271,0.,0.00549962688830898,0.0313614820553449,
0.0515159430162722,0.0699248957784762,0.0876157612353958),.UNSPECIFIED.);
#712=B_SPLINE_CURVE_WITH_KNOTS('',3,(#5523,#5524,#5525,#5526,#5527,#5528,
#5529,#5530,#5531,#5532,#5533,#5534,#5535,#5536),.UNSPECIFIED.,.F.,.F.,
(4,2,2,2,2,2,4),(-0.175555294159717,-0.175231522515418,-0.169731895625863,
-0.143870040452201,-0.1237155794861,-0.10530662671917,-0.0876157612577105),
 .UNSPECIFIED.);
#713=B_SPLINE_CURVE_WITH_KNOTS('',3,(#5542,#5543,#5544,#5545,#5546,#5547,
#5548,#5549,#5550,#5551,#5552,#5553,#5554,#5555),.UNSPECIFIED.,.F.,.F.,
(4,2,2,2,2,2,4),(-0.000323771644430642,0.,0.00549962688910849,0.0313614820604182,
0.0515159430246851,0.0699248957899377,0.0876157612497884),.UNSPECIFIED.);
#714=B_SPLINE_CURVE_WITH_KNOTS('',3,(#5581,#5582,#5583,#5584,#5585,#5586,
#5587,#5588,#5589,#5590,#5591,#5592,#5593,#5594),.UNSPECIFIED.,.F.,.F.,
(4,2,2,2,2,2,4),(-0.17555529415546,-0.175231522511172,-0.169731895621756,
-0.143870040448717,-0.123715579483108,-0.105306626716625,-0.0876157612555932),
 .UNSPECIFIED.);
#715=B_SPLINE_CURVE_WITH_KNOTS('',3,(#5600,#5601,#5602,#5603,#5604,#5605,
#5606,#5607,#5608,#5609,#5610,#5611,#5612,#5613),.UNSPECIFIED.,.F.,.F.,
(4,2,2,2,2,2,4),(-0.000323771645271055,0.,0.00549962688788547,0.0313614820525108,
0.051515943011564,0.0699248957720543,0.0876157612273292),.UNSPECIFIED.);
#716=B_SPLINE_CURVE_WITH_KNOTS('',3,(#5639,#5640,#5641,#5642,#5643,#5644,
#5645,#5646,#5647,#5648,#5649,#5650,#5651,#5652),.UNSPECIFIED.,.F.,.F.,
(4,2,2,2,2,2,4),(-0.175555294113726,-0.175231522469537,-0.169731895581266,
-0.143870040414421,-0.123715579453642,-0.105306626691571,-0.0876157612347765),
 .UNSPECIFIED.);
#717=B_SPLINE_CURVE_WITH_KNOTS('',3,(#5658,#5659,#5660,#5661,#5662,#5663,
#5664,#5665,#5666,#5667,#5668,#5669,#5670,#5671),.UNSPECIFIED.,.F.,.F.,
(4,2,2,2,2,2,4),(-0.000323771645392363,0.,0.00549962688893297,0.0313614820593471,
0.0515159430229085,0.0699248957875178,0.0876157612467501),.UNSPECIFIED.);
#718=B_SPLINE_CURVE_WITH_KNOTS('',3,(#5697,#5698,#5699,#5700,#5701,#5702,
#5703,#5704,#5705,#5706,#5707,#5708,#5709,#5710),.UNSPECIFIED.,.F.,.F.,
(4,2,2,2,2,2,4),(-0.175555294115776,-0.175231522471606,-0.169731895583257,
-0.143870040416109,-0.123715579455091,-0.105306626692803,-0.0876157612358018),
 .UNSPECIFIED.);
#719=B_SPLINE_CURVE_WITH_KNOTS('',3,(#5716,#5717,#5718,#5719,#5720,#5721,
#5722,#5723,#5724,#5725,#5726,#5727,#5728,#5729),.UNSPECIFIED.,.F.,.F.,
(4,2,2,2,2,2,4),(-0.000323771645343659,0.,0.00549962688897895,0.0313614820595724,
0.0515159430232806,0.0699248957880246,0.0876157612473871),.UNSPECIFIED.);
#720=B_SPLINE_CURVE_WITH_KNOTS('',3,(#5755,#5756,#5757,#5758,#5759,#5760,
#5761,#5762,#5763,#5764,#5765,#5766,#5767,#5768),.UNSPECIFIED.,.F.,.F.,
(4,2,2,2,2,2,4),(-0.175555294129412,-0.175231522485195,-0.169731895596447,
-0.143870040427282,-0.123715579464686,-0.105306626700958,-0.087615761242573),
 .UNSPECIFIED.);
#721=B_SPLINE_CURVE_WITH_KNOTS('',3,(#5774,#5775,#5776,#5777,#5778,#5779,
#5780,#5781,#5782,#5783,#5784,#5785,#5786,#5787),.UNSPECIFIED.,.F.,.F.,
(4,2,2,2,2,2,4),(-0.000323771645311672,0.,0.00549962688863509,0.0313614820574063,
0.0515159430196898,0.0699248957831318,0.0876157612412418),.UNSPECIFIED.);
#722=B_SPLINE_CURVE_WITH_KNOTS('',3,(#5813,#5814,#5815,#5816,#5817,#5818,
#5819,#5820,#5821,#5822,#5823,#5824,#5825,#5826),.UNSPECIFIED.,.F.,.F.,
(4,2,2,2,2,2,4),(-0.175555294120639,-0.175231522476477,-0.169731895588011,
-0.143870040420132,-0.123715579458546,-0.105306626695738,-0.0876157612382374),
 .UNSPECIFIED.);
#723=B_SPLINE_CURVE_WITH_KNOTS('',3,(#5832,#5833,#5834,#5835,#5836,#5837,
#5838,#5839,#5840,#5841,#5842,#5843,#5844,#5845),.UNSPECIFIED.,.F.,.F.,
(4,2,2,2,2,2,4),(-0.000323771645337079,0.,0.00549962688869225,0.0313614820577581,
0.0515159430202708,0.0699248957839238,0.087615761242237),.UNSPECIFIED.);
#724=B_SPLINE_CURVE_WITH_KNOTS('',3,(#5871,#5872,#5873,#5874,#5875,#5876,
#5877,#5878,#5879,#5880,#5881,#5882,#5883,#5884),.UNSPECIFIED.,.F.,.F.,
(4,2,2,2,2,2,4),(-0.175555294112197,-0.175231522467968,-0.169731895579909,
-0.143870040413275,-0.123715579452657,-0.105306626690734,-0.0876157612340853),
 .UNSPECIFIED.);
#725=B_SPLINE_CURVE_WITH_KNOTS('',3,(#5890,#5891,#5892,#5893,#5894,#5895,
#5896,#5897,#5898,#5899,#5900,#5901,#5902,#5903),.UNSPECIFIED.,.F.,.F.,
(4,2,2,2,2,2,4),(-0.000323771645249491,0.,0.00549962688826235,0.0313614820549533,
0.0515159430156164,0.0699248957775802,0.0876157612342685),.UNSPECIFIED.);
#726=B_SPLINE_CURVE_WITH_KNOTS('',3,(#5929,#5930,#5931,#5932,#5933,#5934,
#5935,#5936,#5937,#5938,#5939,#5940,#5941,#5942),.UNSPECIFIED.,.F.,.F.,
(4,2,2,2,2,2,4),(-0.175555294144088,-0.175231522499829,-0.169731895610731,
-0.143870040439378,-0.123715579475082,-0.1053066267098,-0.0876157612499215),
 .UNSPECIFIED.);
#727=B_SPLINE_CURVE_WITH_KNOTS('',3,(#5948,#5949,#5950,#5951,#5952,#5953,
#5954,#5955,#5956,#5957,#5958,#5959,#5960,#5961),.UNSPECIFIED.,.F.,.F.,
(4,2,2,2,2,2,4),(-0.000323771645315833,0.,0.00549962688844443,0.0313614820560772,
0.0515159430174772,0.0699248957801136,0.0876157612374497),.UNSPECIFIED.);
#728=B_SPLINE_CURVE_WITH_KNOTS('',3,(#5987,#5988,#5989,#5990,#5991,#5992,
#5993,#5994,#5995,#5996,#5997,#5998,#5999,#6000),.UNSPECIFIED.,.F.,.F.,
(4,2,2,2,2,2,4),(-0.175555294140607,-0.175231522496347,-0.169731895607354,
-0.143870040436514,-0.12371557947262,-0.105306626707706,-0.0876157612481823),
 .UNSPECIFIED.);
#729=B_SPLINE_CURVE_WITH_KNOTS('',3,(#6006,#6007,#6008,#6009,#6010,#6011,
#6012,#6013,#6014,#6015,#6016,#6017,#6018,#6019),.UNSPECIFIED.,.F.,.F.,
(4,2,2,2,2,2,4),(-0.000323771645268543,0.,0.00549962688786734,0.0313614820523957,
0.051515943011372,0.0699248957717963,0.0876157612270069),.UNSPECIFIED.);
#730=B_SPLINE_CURVE_WITH_KNOTS('',3,(#6045,#6046,#6047,#6048,#6049,#6050,
#6051,#6052,#6053,#6054,#6055,#6056,#6057,#6058),.UNSPECIFIED.,.F.,.F.,
(4,2,2,2,2,2,4),(-0.17555529414346,-0.175231522499207,-0.169731895610116,
-0.143870040438848,-0.123715579474621,-0.105306626709407,-0.087615761249593),
 .UNSPECIFIED.);
#731=B_SPLINE_CURVE_WITH_KNOTS('',3,(#6064,#6065,#6066,#6067,#6068,#6069,
#6070,#6071,#6072,#6073,#6074,#6075,#6076,#6077),.UNSPECIFIED.,.F.,.F.,
(4,2,2,2,2,2,4),(-0.00032377164396091,0.,0.00549962688867243,0.0313614820575864,
0.0515159430199821,0.0699248957835286,0.0876157612417404),.UNSPECIFIED.);
#732=B_SPLINE_CURVE_WITH_KNOTS('',3,(#6103,#6104,#6105,#6106,#6107,#6108,
#6109,#6110,#6111,#6112,#6113,#6114,#6115,#6116),.UNSPECIFIED.,.F.,.F.,
(4,2,2,2,2,2,4),(-0.175555294125593,-0.175231522481391,-0.169731895592767,
-0.143870040424169,-0.123715579462016,-0.105306626698695,-0.0876157612406986),
 .UNSPECIFIED.);
#733=B_SPLINE_CURVE_WITH_KNOTS('',3,(#6122,#6123,#6124,#6125,#6126,#6127,
#6128,#6129,#6130,#6131,#6132,#6133,#6134,#6135),.UNSPECIFIED.,.F.,.F.,
(4,2,2,2,2,2,4),(-0.000323771645374391,0.,0.00549962688895817,0.0313614820594579,
0.0515159430230916,0.0699248957877664,0.0876157612470625),.UNSPECIFIED.);
#734=B_SPLINE_CURVE_WITH_KNOTS('',3,(#6161,#6162,#6163,#6164,#6165,#6166,
#6167,#6168,#6169,#6170,#6171,#6172,#6173,#6174),.UNSPECIFIED.,.F.,.F.,
(4,2,2,2,2,2,4),(-0.175555294137282,-0.175231522493063,-0.16973189560412,
-0.14387004043378,-0.123715579470274,-0.105306626705714,-0.0876157612465247),
 .UNSPECIFIED.);
#735=B_SPLINE_CURVE_WITH_KNOTS('',3,(#6180,#6181,#6182,#6183,#6184,#6185,
#6186,#6187,#6188,#6189,#6190,#6191,#6192,#6193),.UNSPECIFIED.,.F.,.F.,
(4,2,2,2,2,2,4),(-0.000323771643900392,0.,0.00549962688840463,0.0313614820557215,
0.0515159430168783,0.0699248957792919,0.0876157612364145),.UNSPECIFIED.);
#736=B_SPLINE_CURVE_WITH_KNOTS('',3,(#6219,#6220,#6221,#6222,#6223,#6224,
#6225,#6226,#6227,#6228,#6229,#6230,#6231,#6232),.UNSPECIFIED.,.F.,.F.,
(4,2,2,2,2,2,4),(-0.175555294135035,-0.175231522490808,-0.169731895601984,
-0.143870040431963,-0.12371557946871,-0.105306626704382,-0.0876157612454187),
 .UNSPECIFIED.);
#737=B_SPLINE_CURVE_WITH_KNOTS('',3,(#6238,#6239,#6240,#6241,#6242,#6243,
#6244,#6245,#6246,#6247,#6248,#6249,#6250,#6251),.UNSPECIFIED.,.F.,.F.,
(4,2,2,2,2,2,4),(-0.000323771644360634,0.,0.00549962688830876,0.0313614820552139,
0.0515159430160438,0.0699248957781598,0.0876157612349978),.UNSPECIFIED.);
#738=CIRCLE('',#2724,3.1);
#739=CIRCLE('',#2725,3.1);
#740=CIRCLE('',#2726,2.6);
#741=CIRCLE('',#2729,3.1);
#742=CIRCLE('',#2730,3.1);
#743=CIRCLE('',#2731,3.1);
#744=CIRCLE('',#2734,10.5);
#745=CIRCLE('',#2735,11.);
#746=CIRCLE('',#2736,0.363050053000001);
#747=CIRCLE('',#2737,0.863050053000001);
#748=CIRCLE('',#2739,10.5);
#749=CIRCLE('',#2740,11.);
#750=CIRCLE('',#2741,0.363050053000001);
#751=CIRCLE('',#2742,0.863050053000001);
#752=CIRCLE('',#2744,10.5);
#753=CIRCLE('',#2745,11.);
#754=CIRCLE('',#2746,0.363050053000001);
#755=CIRCLE('',#2747,0.863050053000001);
#756=CIRCLE('',#2749,10.5);
#757=CIRCLE('',#2750,11.);
#758=CIRCLE('',#2751,0.363050053000001);
#759=CIRCLE('',#2752,0.863050053000001);
#760=CIRCLE('',#2754,10.5);
#761=CIRCLE('',#2755,11.);
#762=CIRCLE('',#2756,0.363050053);
#763=CIRCLE('',#2757,0.863050053);
#764=CIRCLE('',#2759,10.5);
#765=CIRCLE('',#2760,11.);
#766=CIRCLE('',#2761,0.363050053);
#767=CIRCLE('',#2762,0.863050053);
#768=CIRCLE('',#2764,10.5);
#769=CIRCLE('',#2765,11.);
#770=CIRCLE('',#2766,0.363050053);
#771=CIRCLE('',#2767,0.863050053);
#772=CIRCLE('',#2769,10.5);
#773=CIRCLE('',#2770,11.);
#774=CIRCLE('',#2771,0.363050053);
#775=CIRCLE('',#2772,0.863050053);
#776=CIRCLE('',#2774,10.5);
#777=CIRCLE('',#2775,11.);
#778=CIRCLE('',#2776,0.363050053);
#779=CIRCLE('',#2777,0.863050053);
#780=CIRCLE('',#2779,10.5);
#781=CIRCLE('',#2780,11.);
#782=CIRCLE('',#2781,0.363050053);
#783=CIRCLE('',#2782,0.863050053);
#784=CIRCLE('',#2784,10.5);
#785=CIRCLE('',#2785,11.);
#786=CIRCLE('',#2786,0.363050053000001);
#787=CIRCLE('',#2787,0.863050053000001);
#788=CIRCLE('',#2789,10.5);
#789=CIRCLE('',#2790,11.);
#790=CIRCLE('',#2791,0.363050053000001);
#791=CIRCLE('',#2792,0.863050053000001);
#792=CIRCLE('',#2794,10.5);
#793=CIRCLE('',#2795,11.);
#794=CIRCLE('',#2796,0.363050053000001);
#795=CIRCLE('',#2797,0.863050053000001);
#796=CIRCLE('',#2799,10.5);
#797=CIRCLE('',#2800,11.);
#798=CIRCLE('',#2801,0.363050053);
#799=CIRCLE('',#2802,0.863050053);
#800=CIRCLE('',#2804,10.5);
#801=CIRCLE('',#2805,11.);
#802=CIRCLE('',#2806,0.363050053000001);
#803=CIRCLE('',#2807,0.863050053000001);
#804=CIRCLE('',#2809,10.5);
#805=CIRCLE('',#2810,11.);
#806=CIRCLE('',#2811,0.363050053000001);
#807=CIRCLE('',#2812,0.863050053000001);
#808=CIRCLE('',#2814,10.5);
#809=CIRCLE('',#2815,11.);
#810=CIRCLE('',#2816,0.363050053000001);
#811=CIRCLE('',#2817,0.863050053000001);
#812=CIRCLE('',#2819,10.5);
#813=CIRCLE('',#2820,11.);
#814=CIRCLE('',#2821,0.363050053000001);
#815=CIRCLE('',#2822,0.863050053000001);
#816=CIRCLE('',#2824,10.5);
#817=CIRCLE('',#2825,11.);
#818=CIRCLE('',#2826,0.363050053000001);
#819=CIRCLE('',#2827,0.863050053000001);
#820=CIRCLE('',#2829,10.5);
#821=CIRCLE('',#2830,11.);
#822=CIRCLE('',#2831,0.363050053000001);
#823=CIRCLE('',#2832,0.863050053000001);
#824=CIRCLE('',#2834,11.);
#825=CIRCLE('',#2835,10.5);
#826=CIRCLE('',#2836,0.863050053000001);
#827=CIRCLE('',#2837,0.363050053000001);
#828=CIRCLE('',#2839,11.);
#829=CIRCLE('',#2840,10.5);
#830=CIRCLE('',#2841,0.863050053000001);
#831=CIRCLE('',#2842,0.363050053000001);
#832=CIRCLE('',#2844,11.);
#833=CIRCLE('',#2845,10.5);
#834=CIRCLE('',#2846,0.863050053000001);
#835=CIRCLE('',#2847,0.363050053000001);
#836=CIRCLE('',#2849,11.);
#837=CIRCLE('',#2850,10.5);
#838=CIRCLE('',#2851,0.863050053);
#839=CIRCLE('',#2852,0.363050053);
#840=CIRCLE('',#2854,11.);
#841=CIRCLE('',#2855,10.5);
#842=CIRCLE('',#2856,0.863050053000001);
#843=CIRCLE('',#2857,0.363050053000001);
#844=CIRCLE('',#2859,11.);
#845=CIRCLE('',#2860,10.5);
#846=CIRCLE('',#2861,0.863050053);
#847=CIRCLE('',#2862,0.363050053);
#848=CIRCLE('',#2864,11.);
#849=CIRCLE('',#2865,10.5);
#850=CIRCLE('',#2866,0.863050053);
#851=CIRCLE('',#2867,0.363050053);
#852=CIRCLE('',#2869,11.);
#853=CIRCLE('',#2870,10.5);
#854=CIRCLE('',#2871,0.863050053);
#855=CIRCLE('',#2872,0.363050053);
#856=CIRCLE('',#2874,11.);
#857=CIRCLE('',#2875,10.5);
#858=CIRCLE('',#2876,0.863050053);
#859=CIRCLE('',#2877,0.363050053);
#860=CIRCLE('',#2879,11.);
#861=CIRCLE('',#2880,10.5);
#862=CIRCLE('',#2881,0.863050053000001);
#863=CIRCLE('',#2882,0.363050053000001);
#864=CIRCLE('',#2884,11.);
#865=CIRCLE('',#2885,10.5);
#866=CIRCLE('',#2886,0.863050053000001);
#867=CIRCLE('',#2887,0.363050053000001);
#868=CIRCLE('',#2889,11.);
#869=CIRCLE('',#2890,10.5);
#870=CIRCLE('',#2891,0.863050053000001);
#871=CIRCLE('',#2892,0.363050053000001);
#872=CIRCLE('',#2894,11.);
#873=CIRCLE('',#2895,10.5);
#874=CIRCLE('',#2896,0.863050053000001);
#875=CIRCLE('',#2897,0.363050053000001);
#876=CIRCLE('',#2899,11.);
#877=CIRCLE('',#2900,10.5);
#878=CIRCLE('',#2901,0.863050053000001);
#879=CIRCLE('',#2902,0.363050053000001);
#880=CIRCLE('',#2904,11.);
#881=CIRCLE('',#2905,10.5);
#882=CIRCLE('',#2906,0.863050053000001);
#883=CIRCLE('',#2907,0.363050053000001);
#884=CIRCLE('',#2909,11.);
#885=CIRCLE('',#2910,10.5);
#886=CIRCLE('',#2911,0.863050053000001);
#887=CIRCLE('',#2912,0.363050053000001);
#888=CIRCLE('',#2914,11.);
#889=CIRCLE('',#2915,10.5);
#890=CIRCLE('',#2916,0.863050053000001);
#891=CIRCLE('',#2917,0.363050053000001);
#892=CIRCLE('',#2919,11.);
#893=CIRCLE('',#2920,10.5);
#894=CIRCLE('',#2921,0.863050053000001);
#895=CIRCLE('',#2922,0.363050053000001);
#896=CIRCLE('',#2924,11.);
#897=CIRCLE('',#2925,10.5);
#898=CIRCLE('',#2926,0.863050053000001);
#899=CIRCLE('',#2927,0.363050053000001);
#900=CIRCLE('',#2929,11.);
#901=CIRCLE('',#2931,0.863050053000001);
#902=CIRCLE('',#2933,11.);
#903=CIRCLE('',#2935,0.863050053000001);
#904=CIRCLE('',#2937,11.);
#905=CIRCLE('',#2939,0.863050053000001);
#906=CIRCLE('',#2941,11.);
#907=CIRCLE('',#2943,0.863050053);
#908=CIRCLE('',#2945,11.);
#909=CIRCLE('',#2947,0.863050053000001);
#910=CIRCLE('',#2949,11.);
#911=CIRCLE('',#2951,0.863050053);
#912=CIRCLE('',#2953,11.);
#913=CIRCLE('',#2955,0.863050053);
#914=CIRCLE('',#2957,11.);
#915=CIRCLE('',#2959,0.863050053);
#916=CIRCLE('',#2961,11.);
#917=CIRCLE('',#2963,0.863050053);
#918=CIRCLE('',#2965,11.);
#919=CIRCLE('',#2967,0.863050053000001);
#920=CIRCLE('',#2969,11.);
#921=CIRCLE('',#2971,0.863050053000001);
#922=CIRCLE('',#2973,11.);
#923=CIRCLE('',#2975,0.863050053000001);
#924=CIRCLE('',#2977,11.);
#925=CIRCLE('',#2979,0.863050053000001);
#926=CIRCLE('',#2981,11.);
#927=CIRCLE('',#2983,0.863050053000001);
#928=CIRCLE('',#2985,11.);
#929=CIRCLE('',#2987,0.863050053000001);
#930=CIRCLE('',#2989,11.);
#931=CIRCLE('',#2991,0.863050053000001);
#932=CIRCLE('',#2993,11.);
#933=CIRCLE('',#2995,0.863050053000001);
#934=CIRCLE('',#2997,11.);
#935=CIRCLE('',#2999,0.863050053000001);
#936=CIRCLE('',#3001,11.);
#937=CIRCLE('',#3003,0.863050053000001);
#938=CIRCLE('',#3005,11.);
#939=CIRCLE('',#3008,3.3);
#940=CIRCLE('',#3009,0.2);
#941=CIRCLE('',#3011,5.3);
#942=CIRCLE('',#3013,0.2);
#943=CIRCLE('',#3014,5.5);
#944=CIRCLE('',#3015,5.5);
#945=CIRCLE('',#3017,5.5);
#946=CIRCLE('',#3018,5.5);
#947=CIRCLE('',#3020,11.);
#948=CIRCLE('',#3021,0.863050053);
#949=CIRCLE('',#3022,11.);
#950=CIRCLE('',#3023,0.863050053);
#951=CIRCLE('',#3024,11.);
#952=CIRCLE('',#3025,0.863050053);
#953=CIRCLE('',#3026,11.);
#954=CIRCLE('',#3027,0.863050053);
#955=CIRCLE('',#3028,11.);
#956=CIRCLE('',#3029,0.863050053000001);
#957=CIRCLE('',#3030,11.);
#958=CIRCLE('',#3031,0.863050053000001);
#959=CIRCLE('',#3032,11.);
#960=CIRCLE('',#3033,0.863050053000001);
#961=CIRCLE('',#3034,11.);
#962=CIRCLE('',#3035,0.863050053);
#963=CIRCLE('',#3036,11.);
#964=CIRCLE('',#3037,0.863050053000001);
#965=CIRCLE('',#3038,11.);
#966=CIRCLE('',#3039,0.863050053000001);
#967=CIRCLE('',#3040,11.);
#968=CIRCLE('',#3041,0.863050053000001);
#969=CIRCLE('',#3042,11.);
#970=CIRCLE('',#3043,0.863050053000001);
#971=CIRCLE('',#3044,11.);
#972=CIRCLE('',#3045,0.863050053000001);
#973=CIRCLE('',#3046,11.);
#974=CIRCLE('',#3047,0.863050053000001);
#975=CIRCLE('',#3048,0.863050053000001);
#976=CIRCLE('',#3049,11.);
#977=CIRCLE('',#3050,0.863050053000001);
#978=CIRCLE('',#3051,11.);
#979=CIRCLE('',#3052,0.863050053000001);
#980=CIRCLE('',#3053,11.);
#981=CIRCLE('',#3054,0.863050053000001);
#982=CIRCLE('',#3055,11.);
#983=CIRCLE('',#3056,0.863050053);
#984=CIRCLE('',#3057,11.);
#985=CIRCLE('',#3058,0.863050053);
#986=CIRCLE('',#3059,9.636949947);
#987=CIRCLE('',#3063,9.636949947);
#988=CIRCLE('',#3064,9.636949947);
#989=CIRCLE('',#3066,2.0684749735);
#990=VERTEX_POINT('',#3962);
#991=VERTEX_POINT('',#3963);
#992=VERTEX_POINT('',#3965);
#993=VERTEX_POINT('',#3967);
#994=VERTEX_POINT('',#3982);
#995=VERTEX_POINT('',#4002);
#996=VERTEX_POINT('',#4003);
#997=VERTEX_POINT('',#4006);
#998=VERTEX_POINT('',#4008);
#999=VERTEX_POINT('',#4014);
#1000=VERTEX_POINT('',#4015);
#1001=VERTEX_POINT('',#4017);
#1002=VERTEX_POINT('',#4032);
#1003=VERTEX_POINT('',#4069);
#1004=VERTEX_POINT('',#4071);
#1005=VERTEX_POINT('',#4088);
#1006=VERTEX_POINT('',#4090);
#1007=VERTEX_POINT('',#4127);
#1008=VERTEX_POINT('',#4129);
#1009=VERTEX_POINT('',#4146);
#1010=VERTEX_POINT('',#4148);
#1011=VERTEX_POINT('',#4185);
#1012=VERTEX_POINT('',#4187);
#1013=VERTEX_POINT('',#4204);
#1014=VERTEX_POINT('',#4206);
#1015=VERTEX_POINT('',#4243);
#1016=VERTEX_POINT('',#4245);
#1017=VERTEX_POINT('',#4262);
#1018=VERTEX_POINT('',#4264);
#1019=VERTEX_POINT('',#4301);
#1020=VERTEX_POINT('',#4303);
#1021=VERTEX_POINT('',#4320);
#1022=VERTEX_POINT('',#4322);
#1023=VERTEX_POINT('',#4359);
#1024=VERTEX_POINT('',#4361);
#1025=VERTEX_POINT('',#4378);
#1026=VERTEX_POINT('',#4380);
#1027=VERTEX_POINT('',#4417);
#1028=VERTEX_POINT('',#4419);
#1029=VERTEX_POINT('',#4436);
#1030=VERTEX_POINT('',#4438);
#1031=VERTEX_POINT('',#4475);
#1032=VERTEX_POINT('',#4477);
#1033=VERTEX_POINT('',#4494);
#1034=VERTEX_POINT('',#4496);
#1035=VERTEX_POINT('',#4533);
#1036=VERTEX_POINT('',#4535);
#1037=VERTEX_POINT('',#4552);
#1038=VERTEX_POINT('',#4554);
#1039=VERTEX_POINT('',#4591);
#1040=VERTEX_POINT('',#4593);
#1041=VERTEX_POINT('',#4610);
#1042=VERTEX_POINT('',#4612);
#1043=VERTEX_POINT('',#4649);
#1044=VERTEX_POINT('',#4651);
#1045=VERTEX_POINT('',#4668);
#1046=VERTEX_POINT('',#4670);
#1047=VERTEX_POINT('',#4707);
#1048=VERTEX_POINT('',#4709);
#1049=VERTEX_POINT('',#4726);
#1050=VERTEX_POINT('',#4728);
#1051=VERTEX_POINT('',#4765);
#1052=VERTEX_POINT('',#4767);
#1053=VERTEX_POINT('',#4784);
#1054=VERTEX_POINT('',#4786);
#1055=VERTEX_POINT('',#4823);
#1056=VERTEX_POINT('',#4825);
#1057=VERTEX_POINT('',#4842);
#1058=VERTEX_POINT('',#4844);
#1059=VERTEX_POINT('',#4881);
#1060=VERTEX_POINT('',#4883);
#1061=VERTEX_POINT('',#4900);
#1062=VERTEX_POINT('',#4902);
#1063=VERTEX_POINT('',#4939);
#1064=VERTEX_POINT('',#4941);
#1065=VERTEX_POINT('',#4958);
#1066=VERTEX_POINT('',#4960);
#1067=VERTEX_POINT('',#4997);
#1068=VERTEX_POINT('',#4999);
#1069=VERTEX_POINT('',#5016);
#1070=VERTEX_POINT('',#5018);
#1071=VERTEX_POINT('',#5055);
#1072=VERTEX_POINT('',#5057);
#1073=VERTEX_POINT('',#5074);
#1074=VERTEX_POINT('',#5076);
#1075=VERTEX_POINT('',#5113);
#1076=VERTEX_POINT('',#5115);
#1077=VERTEX_POINT('',#5132);
#1078=VERTEX_POINT('',#5134);
#1079=VERTEX_POINT('',#5171);
#1080=VERTEX_POINT('',#5173);
#1081=VERTEX_POINT('',#5190);
#1082=VERTEX_POINT('',#5192);
#1083=VERTEX_POINT('',#5229);
#1084=VERTEX_POINT('',#5231);
#1085=VERTEX_POINT('',#5248);
#1086=VERTEX_POINT('',#5250);
#1087=VERTEX_POINT('',#5287);
#1088=VERTEX_POINT('',#5289);
#1089=VERTEX_POINT('',#5306);
#1090=VERTEX_POINT('',#5308);
#1091=VERTEX_POINT('',#5345);
#1092=VERTEX_POINT('',#5347);
#1093=VERTEX_POINT('',#5364);
#1094=VERTEX_POINT('',#5366);
#1095=VERTEX_POINT('',#5403);
#1096=VERTEX_POINT('',#5405);
#1097=VERTEX_POINT('',#5422);
#1098=VERTEX_POINT('',#5424);
#1099=VERTEX_POINT('',#5461);
#1100=VERTEX_POINT('',#5463);
#1101=VERTEX_POINT('',#5480);
#1102=VERTEX_POINT('',#5482);
#1103=VERTEX_POINT('',#5519);
#1104=VERTEX_POINT('',#5521);
#1105=VERTEX_POINT('',#5538);
#1106=VERTEX_POINT('',#5540);
#1107=VERTEX_POINT('',#5577);
#1108=VERTEX_POINT('',#5579);
#1109=VERTEX_POINT('',#5596);
#1110=VERTEX_POINT('',#5598);
#1111=VERTEX_POINT('',#5635);
#1112=VERTEX_POINT('',#5637);
#1113=VERTEX_POINT('',#5654);
#1114=VERTEX_POINT('',#5656);
#1115=VERTEX_POINT('',#5693);
#1116=VERTEX_POINT('',#5695);
#1117=VERTEX_POINT('',#5712);
#1118=VERTEX_POINT('',#5714);
#1119=VERTEX_POINT('',#5751);
#1120=VERTEX_POINT('',#5753);
#1121=VERTEX_POINT('',#5770);
#1122=VERTEX_POINT('',#5772);
#1123=VERTEX_POINT('',#5809);
#1124=VERTEX_POINT('',#5811);
#1125=VERTEX_POINT('',#5828);
#1126=VERTEX_POINT('',#5830);
#1127=VERTEX_POINT('',#5867);
#1128=VERTEX_POINT('',#5869);
#1129=VERTEX_POINT('',#5886);
#1130=VERTEX_POINT('',#5888);
#1131=VERTEX_POINT('',#5925);
#1132=VERTEX_POINT('',#5927);
#1133=VERTEX_POINT('',#5944);
#1134=VERTEX_POINT('',#5946);
#1135=VERTEX_POINT('',#5983);
#1136=VERTEX_POINT('',#5985);
#1137=VERTEX_POINT('',#6002);
#1138=VERTEX_POINT('',#6004);
#1139=VERTEX_POINT('',#6041);
#1140=VERTEX_POINT('',#6043);
#1141=VERTEX_POINT('',#6060);
#1142=VERTEX_POINT('',#6062);
#1143=VERTEX_POINT('',#6099);
#1144=VERTEX_POINT('',#6101);
#1145=VERTEX_POINT('',#6118);
#1146=VERTEX_POINT('',#6120);
#1147=VERTEX_POINT('',#6157);
#1148=VERTEX_POINT('',#6159);
#1149=VERTEX_POINT('',#6176);
#1150=VERTEX_POINT('',#6178);
#1151=VERTEX_POINT('',#6215);
#1152=VERTEX_POINT('',#6217);
#1153=VERTEX_POINT('',#6234);
#1154=VERTEX_POINT('',#6236);
#1155=VERTEX_POINT('',#6276);
#1156=VERTEX_POINT('',#6278);
#1157=VERTEX_POINT('',#6282);
#1158=VERTEX_POINT('',#6286);
#1159=VERTEX_POINT('',#6290);
#1160=VERTEX_POINT('',#6294);
#1161=VERTEX_POINT('',#6298);
#1162=VERTEX_POINT('',#6302);
#1163=VERTEX_POINT('',#6306);
#1164=VERTEX_POINT('',#6310);
#1165=VERTEX_POINT('',#6314);
#1166=VERTEX_POINT('',#6318);
#1167=VERTEX_POINT('',#6322);
#1168=VERTEX_POINT('',#6326);
#1169=VERTEX_POINT('',#6330);
#1170=VERTEX_POINT('',#6334);
#1171=VERTEX_POINT('',#6338);
#1172=VERTEX_POINT('',#6342);
#1173=VERTEX_POINT('',#6346);
#1174=VERTEX_POINT('',#6350);
#1175=VERTEX_POINT('',#6354);
#1176=VERTEX_POINT('',#6358);
#1177=VERTEX_POINT('',#6362);
#1178=VERTEX_POINT('',#6366);
#1179=VERTEX_POINT('',#6370);
#1180=VERTEX_POINT('',#6374);
#1181=VERTEX_POINT('',#6378);
#1182=VERTEX_POINT('',#6382);
#1183=VERTEX_POINT('',#6386);
#1184=VERTEX_POINT('',#6390);
#1185=VERTEX_POINT('',#6394);
#1186=VERTEX_POINT('',#6398);
#1187=VERTEX_POINT('',#6402);
#1188=VERTEX_POINT('',#6406);
#1189=VERTEX_POINT('',#6410);
#1190=VERTEX_POINT('',#6414);
#1191=VERTEX_POINT('',#6418);
#1192=VERTEX_POINT('',#6422);
#1193=VERTEX_POINT('',#6426);
#1194=VERTEX_POINT('',#6430);
#1195=VERTEX_POINT('',#6435);
#1196=VERTEX_POINT('',#6439);
#1197=VERTEX_POINT('',#6442);
#1198=VERTEX_POINT('',#6444);
#1199=VERTEX_POINT('',#6448);
#1200=VERTEX_POINT('',#6450);
#1201=VERTEX_POINT('',#6454);
#1202=VERTEX_POINT('',#6455);
#1203=VERTEX_POINT('',#6457);
#1204=VERTEX_POINT('',#6459);
#1205=VERTEX_POINT('',#6461);
#1206=VERTEX_POINT('',#6463);
#1207=VERTEX_POINT('',#6465);
#1208=VERTEX_POINT('',#6467);
#1209=VERTEX_POINT('',#6469);
#1210=VERTEX_POINT('',#6471);
#1211=VERTEX_POINT('',#6473);
#1212=VERTEX_POINT('',#6475);
#1213=VERTEX_POINT('',#6477);
#1214=VERTEX_POINT('',#6479);
#1215=VERTEX_POINT('',#6481);
#1216=VERTEX_POINT('',#6483);
#1217=VERTEX_POINT('',#6485);
#1218=VERTEX_POINT('',#6487);
#1219=VERTEX_POINT('',#6489);
#1220=VERTEX_POINT('',#6491);
#1221=VERTEX_POINT('',#6493);
#1222=VERTEX_POINT('',#6495);
#1223=VERTEX_POINT('',#6497);
#1224=VERTEX_POINT('',#6499);
#1225=VERTEX_POINT('',#6501);
#1226=VERTEX_POINT('',#6503);
#1227=VERTEX_POINT('',#6505);
#1228=VERTEX_POINT('',#6507);
#1229=VERTEX_POINT('',#6510);
#1230=VERTEX_POINT('',#6512);
#1231=VERTEX_POINT('',#6514);
#1232=VERTEX_POINT('',#6516);
#1233=VERTEX_POINT('',#6518);
#1234=VERTEX_POINT('',#6520);
#1235=VERTEX_POINT('',#6522);
#1236=VERTEX_POINT('',#6524);
#1237=VERTEX_POINT('',#6526);
#1238=VERTEX_POINT('',#6528);
#1239=VERTEX_POINT('',#6531);
#1240=VERTEX_POINT('',#6537);
#1241=VERTEX_POINT('',#6539);
#1242=EDGE_CURVE('',#990,#991,#738,.T.);
#1243=EDGE_CURVE('',#991,#992,#739,.T.);
#1244=EDGE_CURVE('',#992,#993,#658,.T.);
#1245=EDGE_CURVE('',#993,#994,#740,.T.);
#1246=EDGE_CURVE('',#994,#990,#659,.T.);
#1247=EDGE_CURVE('',#994,#993,#62,.T.);
#1248=EDGE_CURVE('',#992,#990,#63,.T.);
#1249=EDGE_CURVE('',#995,#996,#741,.T.);
#1250=EDGE_CURVE('',#995,#991,#64,.T.);
#1251=EDGE_CURVE('',#990,#997,#65,.T.);
#1252=EDGE_CURVE('',#997,#998,#742,.T.);
#1253=EDGE_CURVE('',#998,#992,#66,.T.);
#1254=EDGE_CURVE('',#996,#995,#743,.T.);
#1255=EDGE_CURVE('',#999,#1000,#744,.T.);
#1256=EDGE_CURVE('',#1000,#1001,#660,.T.);
#1257=EDGE_CURVE('',#1001,#1002,#745,.T.);
#1258=EDGE_CURVE('',#999,#1002,#661,.T.);
#1259=EDGE_CURVE('',#1000,#1003,#746,.T.);
#1260=EDGE_CURVE('',#1003,#1004,#662,.T.);
#1261=EDGE_CURVE('',#1004,#1001,#747,.T.);
#1262=EDGE_CURVE('',#1003,#1005,#748,.T.);
#1263=EDGE_CURVE('',#1005,#1006,#663,.T.);
#1264=EDGE_CURVE('',#1006,#1004,#749,.T.);
#1265=EDGE_CURVE('',#1005,#1007,#750,.T.);
#1266=EDGE_CURVE('',#1007,#1008,#664,.T.);
#1267=EDGE_CURVE('',#1008,#1006,#751,.T.);
#1268=EDGE_CURVE('',#1007,#1009,#752,.T.);
#1269=EDGE_CURVE('',#1009,#1010,#665,.T.);
#1270=EDGE_CURVE('',#1010,#1008,#753,.T.);
#1271=EDGE_CURVE('',#1009,#1011,#754,.T.);
#1272=EDGE_CURVE('',#1011,#1012,#666,.T.);
#1273=EDGE_CURVE('',#1012,#1010,#755,.T.);
#1274=EDGE_CURVE('',#1011,#1013,#756,.T.);
#1275=EDGE_CURVE('',#1013,#1014,#667,.T.);
#1276=EDGE_CURVE('',#1014,#1012,#757,.T.);
#1277=EDGE_CURVE('',#1013,#1015,#758,.T.);
#1278=EDGE_CURVE('',#1015,#1016,#668,.T.);
#1279=EDGE_CURVE('',#1016,#1014,#759,.T.);
#1280=EDGE_CURVE('',#1015,#1017,#760,.T.);
#1281=EDGE_CURVE('',#1017,#1018,#669,.T.);
#1282=EDGE_CURVE('',#1018,#1016,#761,.T.);
#1283=EDGE_CURVE('',#1017,#1019,#762,.T.);
#1284=EDGE_CURVE('',#1019,#1020,#670,.T.);
#1285=EDGE_CURVE('',#1020,#1018,#763,.T.);
#1286=EDGE_CURVE('',#1019,#1021,#764,.T.);
#1287=EDGE_CURVE('',#1021,#1022,#671,.T.);
#1288=EDGE_CURVE('',#1022,#1020,#765,.T.);
#1289=EDGE_CURVE('',#1021,#1023,#766,.T.);
#1290=EDGE_CURVE('',#1023,#1024,#672,.T.);
#1291=EDGE_CURVE('',#1024,#1022,#767,.T.);
#1292=EDGE_CURVE('',#1023,#1025,#768,.T.);
#1293=EDGE_CURVE('',#1025,#1026,#673,.T.);
#1294=EDGE_CURVE('',#1026,#1024,#769,.T.);
#1295=EDGE_CURVE('',#1025,#1027,#770,.T.);
#1296=EDGE_CURVE('',#1027,#1028,#674,.T.);
#1297=EDGE_CURVE('',#1028,#1026,#771,.T.);
#1298=EDGE_CURVE('',#1027,#1029,#772,.T.);
#1299=EDGE_CURVE('',#1029,#1030,#675,.T.);
#1300=EDGE_CURVE('',#1030,#1028,#773,.T.);
#1301=EDGE_CURVE('',#1029,#1031,#774,.T.);
#1302=EDGE_CURVE('',#1031,#1032,#676,.T.);
#1303=EDGE_CURVE('',#1032,#1030,#775,.T.);
#1304=EDGE_CURVE('',#1031,#1033,#776,.T.);
#1305=EDGE_CURVE('',#1033,#1034,#677,.T.);
#1306=EDGE_CURVE('',#1034,#1032,#777,.T.);
#1307=EDGE_CURVE('',#1033,#1035,#778,.T.);
#1308=EDGE_CURVE('',#1035,#1036,#678,.T.);
#1309=EDGE_CURVE('',#1036,#1034,#779,.T.);
#1310=EDGE_CURVE('',#1035,#1037,#780,.T.);
#1311=EDGE_CURVE('',#1037,#1038,#679,.T.);
#1312=EDGE_CURVE('',#1038,#1036,#781,.T.);
#1313=EDGE_CURVE('',#1037,#1039,#782,.T.);
#1314=EDGE_CURVE('',#1039,#1040,#680,.T.);
#1315=EDGE_CURVE('',#1040,#1038,#783,.T.);
#1316=EDGE_CURVE('',#1039,#1041,#784,.T.);
#1317=EDGE_CURVE('',#1041,#1042,#681,.T.);
#1318=EDGE_CURVE('',#1042,#1040,#785,.T.);
#1319=EDGE_CURVE('',#1041,#1043,#786,.T.);
#1320=EDGE_CURVE('',#1043,#1044,#682,.T.);
#1321=EDGE_CURVE('',#1044,#1042,#787,.T.);
#1322=EDGE_CURVE('',#1043,#1045,#788,.T.);
#1323=EDGE_CURVE('',#1045,#1046,#683,.T.);
#1324=EDGE_CURVE('',#1046,#1044,#789,.T.);
#1325=EDGE_CURVE('',#1045,#1047,#790,.T.);
#1326=EDGE_CURVE('',#1047,#1048,#684,.T.);
#1327=EDGE_CURVE('',#1048,#1046,#791,.T.);
#1328=EDGE_CURVE('',#1047,#1049,#792,.T.);
#1329=EDGE_CURVE('',#1049,#1050,#685,.T.);
#1330=EDGE_CURVE('',#1050,#1048,#793,.T.);
#1331=EDGE_CURVE('',#1049,#1051,#794,.T.);
#1332=EDGE_CURVE('',#1051,#1052,#686,.T.);
#1333=EDGE_CURVE('',#1052,#1050,#795,.T.);
#1334=EDGE_CURVE('',#1051,#1053,#796,.T.);
#1335=EDGE_CURVE('',#1053,#1054,#687,.T.);
#1336=EDGE_CURVE('',#1054,#1052,#797,.T.);
#1337=EDGE_CURVE('',#1053,#1055,#798,.T.);
#1338=EDGE_CURVE('',#1055,#1056,#688,.T.);
#1339=EDGE_CURVE('',#1056,#1054,#799,.T.);
#1340=EDGE_CURVE('',#1055,#1057,#800,.T.);
#1341=EDGE_CURVE('',#1057,#1058,#689,.T.);
#1342=EDGE_CURVE('',#1058,#1056,#801,.T.);
#1343=EDGE_CURVE('',#1057,#1059,#802,.T.);
#1344=EDGE_CURVE('',#1059,#1060,#690,.T.);
#1345=EDGE_CURVE('',#1060,#1058,#803,.T.);
#1346=EDGE_CURVE('',#1059,#1061,#804,.T.);
#1347=EDGE_CURVE('',#1061,#1062,#691,.T.);
#1348=EDGE_CURVE('',#1062,#1060,#805,.T.);
#1349=EDGE_CURVE('',#1061,#1063,#806,.T.);
#1350=EDGE_CURVE('',#1063,#1064,#692,.T.);
#1351=EDGE_CURVE('',#1064,#1062,#807,.T.);
#1352=EDGE_CURVE('',#1063,#1065,#808,.T.);
#1353=EDGE_CURVE('',#1065,#1066,#693,.T.);
#1354=EDGE_CURVE('',#1066,#1064,#809,.T.);
#1355=EDGE_CURVE('',#1065,#1067,#810,.T.);
#1356=EDGE_CURVE('',#1067,#1068,#694,.T.);
#1357=EDGE_CURVE('',#1068,#1066,#811,.T.);
#1358=EDGE_CURVE('',#1067,#1069,#812,.T.);
#1359=EDGE_CURVE('',#1069,#1070,#695,.T.);
#1360=EDGE_CURVE('',#1070,#1068,#813,.T.);
#1361=EDGE_CURVE('',#1069,#1071,#814,.T.);
#1362=EDGE_CURVE('',#1071,#1072,#696,.T.);
#1363=EDGE_CURVE('',#1072,#1070,#815,.T.);
#1364=EDGE_CURVE('',#1071,#1073,#816,.T.);
#1365=EDGE_CURVE('',#1073,#1074,#697,.T.);
#1366=EDGE_CURVE('',#1074,#1072,#817,.T.);
#1367=EDGE_CURVE('',#1073,#1075,#818,.T.);
#1368=EDGE_CURVE('',#1075,#1076,#698,.T.);
#1369=EDGE_CURVE('',#1076,#1074,#819,.T.);
#1370=EDGE_CURVE('',#1075,#1077,#820,.T.);
#1371=EDGE_CURVE('',#1077,#1078,#699,.T.);
#1372=EDGE_CURVE('',#1078,#1076,#821,.T.);
#1373=EDGE_CURVE('',#1077,#1079,#822,.T.);
#1374=EDGE_CURVE('',#1079,#1080,#700,.T.);
#1375=EDGE_CURVE('',#1080,#1078,#823,.T.);
#1376=EDGE_CURVE('',#1081,#1080,#824,.T.);
#1377=EDGE_CURVE('',#1079,#1082,#825,.T.);
#1378=EDGE_CURVE('',#1082,#1081,#701,.T.);
#1379=EDGE_CURVE('',#1083,#1081,#826,.T.);
#1380=EDGE_CURVE('',#1082,#1084,#827,.T.);
#1381=EDGE_CURVE('',#1084,#1083,#702,.T.);
#1382=EDGE_CURVE('',#1085,#1083,#828,.T.);
#1383=EDGE_CURVE('',#1084,#1086,#829,.T.);
#1384=EDGE_CURVE('',#1086,#1085,#703,.T.);
#1385=EDGE_CURVE('',#1087,#1085,#830,.T.);
#1386=EDGE_CURVE('',#1086,#1088,#831,.T.);
#1387=EDGE_CURVE('',#1088,#1087,#704,.T.);
#1388=EDGE_CURVE('',#1089,#1087,#832,.T.);
#1389=EDGE_CURVE('',#1088,#1090,#833,.T.);
#1390=EDGE_CURVE('',#1090,#1089,#705,.T.);
#1391=EDGE_CURVE('',#1091,#1089,#834,.T.);
#1392=EDGE_CURVE('',#1090,#1092,#835,.T.);
#1393=EDGE_CURVE('',#1092,#1091,#706,.T.);
#1394=EDGE_CURVE('',#1093,#1091,#836,.T.);
#1395=EDGE_CURVE('',#1092,#1094,#837,.T.);
#1396=EDGE_CURVE('',#1094,#1093,#707,.T.);
#1397=EDGE_CURVE('',#1095,#1093,#838,.T.);
#1398=EDGE_CURVE('',#1094,#1096,#839,.T.);
#1399=EDGE_CURVE('',#1096,#1095,#708,.T.);
#1400=EDGE_CURVE('',#1097,#1095,#840,.T.);
#1401=EDGE_CURVE('',#1096,#1098,#841,.T.);
#1402=EDGE_CURVE('',#1098,#1097,#709,.T.);
#1403=EDGE_CURVE('',#1099,#1097,#842,.T.);
#1404=EDGE_CURVE('',#1098,#1100,#843,.T.);
#1405=EDGE_CURVE('',#1100,#1099,#710,.T.);
#1406=EDGE_CURVE('',#1101,#1099,#844,.T.);
#1407=EDGE_CURVE('',#1100,#1102,#845,.T.);
#1408=EDGE_CURVE('',#1102,#1101,#711,.T.);
#1409=EDGE_CURVE('',#1103,#1101,#846,.T.);
#1410=EDGE_CURVE('',#1102,#1104,#847,.T.);
#1411=EDGE_CURVE('',#1104,#1103,#712,.T.);
#1412=EDGE_CURVE('',#1105,#1103,#848,.T.);
#1413=EDGE_CURVE('',#1104,#1106,#849,.T.);
#1414=EDGE_CURVE('',#1106,#1105,#713,.T.);
#1415=EDGE_CURVE('',#1107,#1105,#850,.T.);
#1416=EDGE_CURVE('',#1106,#1108,#851,.T.);
#1417=EDGE_CURVE('',#1108,#1107,#714,.T.);
#1418=EDGE_CURVE('',#1109,#1107,#852,.T.);
#1419=EDGE_CURVE('',#1108,#1110,#853,.T.);
#1420=EDGE_CURVE('',#1110,#1109,#715,.T.);
#1421=EDGE_CURVE('',#1111,#1109,#854,.T.);
#1422=EDGE_CURVE('',#1110,#1112,#855,.T.);
#1423=EDGE_CURVE('',#1112,#1111,#716,.T.);
#1424=EDGE_CURVE('',#1113,#1111,#856,.T.);
#1425=EDGE_CURVE('',#1112,#1114,#857,.T.);
#1426=EDGE_CURVE('',#1114,#1113,#717,.T.);
#1427=EDGE_CURVE('',#1115,#1113,#858,.T.);
#1428=EDGE_CURVE('',#1114,#1116,#859,.T.);
#1429=EDGE_CURVE('',#1116,#1115,#718,.T.);
#1430=EDGE_CURVE('',#1117,#1115,#860,.T.);
#1431=EDGE_CURVE('',#1116,#1118,#861,.T.);
#1432=EDGE_CURVE('',#1118,#1117,#719,.T.);
#1433=EDGE_CURVE('',#1119,#1117,#862,.T.);
#1434=EDGE_CURVE('',#1118,#1120,#863,.T.);
#1435=EDGE_CURVE('',#1120,#1119,#720,.T.);
#1436=EDGE_CURVE('',#1121,#1119,#864,.T.);
#1437=EDGE_CURVE('',#1120,#1122,#865,.T.);
#1438=EDGE_CURVE('',#1122,#1121,#721,.T.);
#1439=EDGE_CURVE('',#1123,#1121,#866,.T.);
#1440=EDGE_CURVE('',#1122,#1124,#867,.T.);
#1441=EDGE_CURVE('',#1124,#1123,#722,.T.);
#1442=EDGE_CURVE('',#1125,#1123,#868,.T.);
#1443=EDGE_CURVE('',#1124,#1126,#869,.T.);
#1444=EDGE_CURVE('',#1126,#1125,#723,.T.);
#1445=EDGE_CURVE('',#1127,#1125,#870,.T.);
#1446=EDGE_CURVE('',#1126,#1128,#871,.T.);
#1447=EDGE_CURVE('',#1128,#1127,#724,.T.);
#1448=EDGE_CURVE('',#1129,#1127,#872,.T.);
#1449=EDGE_CURVE('',#1128,#1130,#873,.T.);
#1450=EDGE_CURVE('',#1130,#1129,#725,.T.);
#1451=EDGE_CURVE('',#1131,#1129,#874,.T.);
#1452=EDGE_CURVE('',#1130,#1132,#875,.T.);
#1453=EDGE_CURVE('',#1132,#1131,#726,.T.);
#1454=EDGE_CURVE('',#1133,#1131,#876,.T.);
#1455=EDGE_CURVE('',#1132,#1134,#877,.T.);
#1456=EDGE_CURVE('',#1134,#1133,#727,.T.);
#1457=EDGE_CURVE('',#1135,#1133,#878,.T.);
#1458=EDGE_CURVE('',#1134,#1136,#879,.T.);
#1459=EDGE_CURVE('',#1136,#1135,#728,.T.);
#1460=EDGE_CURVE('',#1137,#1135,#880,.T.);
#1461=EDGE_CURVE('',#1136,#1138,#881,.T.);
#1462=EDGE_CURVE('',#1138,#1137,#729,.T.);
#1463=EDGE_CURVE('',#1139,#1137,#882,.T.);
#1464=EDGE_CURVE('',#1138,#1140,#883,.T.);
#1465=EDGE_CURVE('',#1140,#1139,#730,.T.);
#1466=EDGE_CURVE('',#1141,#1139,#884,.T.);
#1467=EDGE_CURVE('',#1140,#1142,#885,.T.);
#1468=EDGE_CURVE('',#1142,#1141,#731,.T.);
#1469=EDGE_CURVE('',#1143,#1141,#886,.T.);
#1470=EDGE_CURVE('',#1142,#1144,#887,.T.);
#1471=EDGE_CURVE('',#1144,#1143,#732,.T.);
#1472=EDGE_CURVE('',#1145,#1143,#888,.T.);
#1473=EDGE_CURVE('',#1144,#1146,#889,.T.);
#1474=EDGE_CURVE('',#1146,#1145,#733,.T.);
#1475=EDGE_CURVE('',#1147,#1145,#890,.T.);
#1476=EDGE_CURVE('',#1146,#1148,#891,.T.);
#1477=EDGE_CURVE('',#1148,#1147,#734,.T.);
#1478=EDGE_CURVE('',#1149,#1147,#892,.T.);
#1479=EDGE_CURVE('',#1148,#1150,#893,.T.);
#1480=EDGE_CURVE('',#1150,#1149,#735,.T.);
#1481=EDGE_CURVE('',#1151,#1149,#894,.T.);
#1482=EDGE_CURVE('',#1150,#1152,#895,.T.);
#1483=EDGE_CURVE('',#1152,#1151,#736,.T.);
#1484=EDGE_CURVE('',#1153,#1151,#896,.T.);
#1485=EDGE_CURVE('',#1152,#1154,#897,.T.);
#1486=EDGE_CURVE('',#1154,#1153,#737,.T.);
#1487=EDGE_CURVE('',#1002,#1153,#898,.T.);
#1488=EDGE_CURVE('',#1154,#999,#899,.T.);
#1489=EDGE_CURVE('',#1155,#1081,#67,.T.);
#1490=EDGE_CURVE('',#1156,#1155,#900,.T.);
#1491=EDGE_CURVE('',#1156,#1080,#68,.T.);
#1492=EDGE_CURVE('',#1157,#1083,#69,.T.);
#1493=EDGE_CURVE('',#1155,#1157,#901,.T.);
#1494=EDGE_CURVE('',#1158,#1085,#70,.T.);
#1495=EDGE_CURVE('',#1157,#1158,#902,.T.);
#1496=EDGE_CURVE('',#1159,#1087,#71,.T.);
#1497=EDGE_CURVE('',#1158,#1159,#903,.T.);
#1498=EDGE_CURVE('',#1160,#1089,#72,.T.);
#1499=EDGE_CURVE('',#1159,#1160,#904,.T.);
#1500=EDGE_CURVE('',#1161,#1091,#73,.T.);
#1501=EDGE_CURVE('',#1160,#1161,#905,.T.);
#1502=EDGE_CURVE('',#1162,#1093,#74,.T.);
#1503=EDGE_CURVE('',#1161,#1162,#906,.T.);
#1504=EDGE_CURVE('',#1163,#1095,#75,.T.);
#1505=EDGE_CURVE('',#1162,#1163,#907,.T.);
#1506=EDGE_CURVE('',#1164,#1097,#76,.T.);
#1507=EDGE_CURVE('',#1163,#1164,#908,.T.);
#1508=EDGE_CURVE('',#1165,#1099,#77,.T.);
#1509=EDGE_CURVE('',#1164,#1165,#909,.T.);
#1510=EDGE_CURVE('',#1166,#1101,#78,.T.);
#1511=EDGE_CURVE('',#1165,#1166,#910,.T.);
#1512=EDGE_CURVE('',#1167,#1103,#79,.T.);
#1513=EDGE_CURVE('',#1166,#1167,#911,.T.);
#1514=EDGE_CURVE('',#1168,#1105,#80,.T.);
#1515=EDGE_CURVE('',#1167,#1168,#912,.T.);
#1516=EDGE_CURVE('',#1169,#1107,#81,.T.);
#1517=EDGE_CURVE('',#1168,#1169,#913,.T.);
#1518=EDGE_CURVE('',#1170,#1109,#82,.T.);
#1519=EDGE_CURVE('',#1169,#1170,#914,.T.);
#1520=EDGE_CURVE('',#1171,#1111,#83,.T.);
#1521=EDGE_CURVE('',#1170,#1171,#915,.T.);
#1522=EDGE_CURVE('',#1172,#1113,#84,.T.);
#1523=EDGE_CURVE('',#1171,#1172,#916,.T.);
#1524=EDGE_CURVE('',#1173,#1115,#85,.T.);
#1525=EDGE_CURVE('',#1172,#1173,#917,.T.);
#1526=EDGE_CURVE('',#1174,#1117,#86,.T.);
#1527=EDGE_CURVE('',#1173,#1174,#918,.T.);
#1528=EDGE_CURVE('',#1175,#1119,#87,.T.);
#1529=EDGE_CURVE('',#1174,#1175,#919,.T.);
#1530=EDGE_CURVE('',#1176,#1121,#88,.T.);
#1531=EDGE_CURVE('',#1175,#1176,#920,.T.);
#1532=EDGE_CURVE('',#1177,#1123,#89,.T.);
#1533=EDGE_CURVE('',#1176,#1177,#921,.T.);
#1534=EDGE_CURVE('',#1178,#1125,#90,.T.);
#1535=EDGE_CURVE('',#1177,#1178,#922,.T.);
#1536=EDGE_CURVE('',#1179,#1127,#91,.T.);
#1537=EDGE_CURVE('',#1178,#1179,#923,.T.);
#1538=EDGE_CURVE('',#1180,#1129,#92,.T.);
#1539=EDGE_CURVE('',#1179,#1180,#924,.T.);
#1540=EDGE_CURVE('',#1181,#1131,#93,.T.);
#1541=EDGE_CURVE('',#1180,#1181,#925,.T.);
#1542=EDGE_CURVE('',#1182,#1133,#94,.T.);
#1543=EDGE_CURVE('',#1181,#1182,#926,.T.);
#1544=EDGE_CURVE('',#1183,#1135,#95,.T.);
#1545=EDGE_CURVE('',#1182,#1183,#927,.T.);
#1546=EDGE_CURVE('',#1184,#1137,#96,.T.);
#1547=EDGE_CURVE('',#1183,#1184,#928,.T.);
#1548=EDGE_CURVE('',#1185,#1139,#97,.T.);
#1549=EDGE_CURVE('',#1184,#1185,#929,.T.);
#1550=EDGE_CURVE('',#1186,#1141,#98,.T.);
#1551=EDGE_CURVE('',#1185,#1186,#930,.T.);
#1552=EDGE_CURVE('',#1187,#1143,#99,.T.);
#1553=EDGE_CURVE('',#1186,#1187,#931,.T.);
#1554=EDGE_CURVE('',#1188,#1145,#100,.T.);
#1555=EDGE_CURVE('',#1187,#1188,#932,.T.);
#1556=EDGE_CURVE('',#1189,#1147,#101,.T.);
#1557=EDGE_CURVE('',#1188,#1189,#933,.T.);
#1558=EDGE_CURVE('',#1190,#1149,#102,.T.);
#1559=EDGE_CURVE('',#1189,#1190,#934,.T.);
#1560=EDGE_CURVE('',#1191,#1151,#103,.T.);
#1561=EDGE_CURVE('',#1190,#1191,#935,.T.);
#1562=EDGE_CURVE('',#1192,#1153,#104,.T.);
#1563=EDGE_CURVE('',#1191,#1192,#936,.T.);
#1564=EDGE_CURVE('',#1193,#1002,#105,.T.);
#1565=EDGE_CURVE('',#1192,#1193,#937,.T.);
#1566=EDGE_CURVE('',#1194,#1001,#106,.T.);
#1567=EDGE_CURVE('',#1193,#1194,#938,.T.);
#1568=EDGE_CURVE('',#1195,#1195,#939,.T.);
#1569=EDGE_CURVE('',#1195,#996,#940,.T.);
#1570=EDGE_CURVE('',#1196,#1196,#941,.T.);
#1571=EDGE_CURVE('',#1196,#1197,#942,.T.);
#1572=EDGE_CURVE('',#1197,#1198,#943,.T.);
#1573=EDGE_CURVE('',#1198,#1197,#944,.T.);
#1574=EDGE_CURVE('',#1198,#1199,#107,.T.);
#1575=EDGE_CURVE('',#1200,#1199,#945,.T.);
#1576=EDGE_CURVE('',#1199,#1200,#946,.T.);
#1577=EDGE_CURVE('',#1201,#1202,#947,.T.);
#1578=EDGE_CURVE('',#1202,#1203,#948,.T.);
#1579=EDGE_CURVE('',#1203,#1204,#949,.T.);
#1580=EDGE_CURVE('',#1204,#1205,#950,.T.);
#1581=EDGE_CURVE('',#1205,#1206,#951,.T.);
#1582=EDGE_CURVE('',#1206,#1207,#952,.T.);
#1583=EDGE_CURVE('',#1207,#1208,#953,.T.);
#1584=EDGE_CURVE('',#1208,#1209,#954,.T.);
#1585=EDGE_CURVE('',#1209,#1210,#955,.T.);
#1586=EDGE_CURVE('',#1210,#1211,#956,.T.);
#1587=EDGE_CURVE('',#1211,#1212,#957,.T.);
#1588=EDGE_CURVE('',#1212,#1213,#958,.T.);
#1589=EDGE_CURVE('',#1213,#1214,#959,.T.);
#1590=EDGE_CURVE('',#1214,#1215,#960,.T.);
#1591=EDGE_CURVE('',#1215,#1216,#961,.T.);
#1592=EDGE_CURVE('',#1216,#1217,#962,.T.);
#1593=EDGE_CURVE('',#1217,#1218,#963,.T.);
#1594=EDGE_CURVE('',#1218,#1219,#964,.T.);
#1595=EDGE_CURVE('',#1219,#1220,#965,.T.);
#1596=EDGE_CURVE('',#1220,#1221,#966,.T.);
#1597=EDGE_CURVE('',#1221,#1222,#967,.T.);
#1598=EDGE_CURVE('',#1222,#1223,#968,.T.);
#1599=EDGE_CURVE('',#1223,#1224,#969,.T.);
#1600=EDGE_CURVE('',#1224,#1225,#970,.T.);
#1601=EDGE_CURVE('',#1225,#1226,#971,.T.);
#1602=EDGE_CURVE('',#1226,#1227,#972,.T.);
#1603=EDGE_CURVE('',#1227,#1228,#973,.T.);
#1604=EDGE_CURVE('',#1228,#1156,#974,.T.);
#1605=EDGE_CURVE('',#1194,#1229,#975,.T.);
#1606=EDGE_CURVE('',#1229,#1230,#976,.T.);
#1607=EDGE_CURVE('',#1230,#1231,#977,.T.);
#1608=EDGE_CURVE('',#1231,#1232,#978,.T.);
#1609=EDGE_CURVE('',#1232,#1233,#979,.T.);
#1610=EDGE_CURVE('',#1233,#1234,#980,.T.);
#1611=EDGE_CURVE('',#1234,#1235,#981,.T.);
#1612=EDGE_CURVE('',#1235,#1236,#982,.T.);
#1613=EDGE_CURVE('',#1236,#1237,#983,.T.);
#1614=EDGE_CURVE('',#1237,#1238,#984,.T.);
#1615=EDGE_CURVE('',#1238,#1201,#985,.T.);
#1616=EDGE_CURVE('',#1239,#1239,#986,.T.);
#1617=EDGE_CURVE('',#998,#997,#108,.T.);
#1618=EDGE_CURVE('',#1239,#1240,#109,.T.);
#1619=EDGE_CURVE('',#1241,#1240,#987,.T.);
#1620=EDGE_CURVE('',#1240,#1241,#988,.T.);
#1621=EDGE_CURVE('',#1241,#1200,#989,.T.);
#1622=EDGE_CURVE('',#1203,#1028,#110,.T.);
#1623=EDGE_CURVE('',#1026,#1202,#111,.T.);
#1624=EDGE_CURVE('',#1204,#1030,#112,.T.);
#1625=EDGE_CURVE('',#1205,#1032,#113,.T.);
#1626=EDGE_CURVE('',#1206,#1034,#114,.T.);
#1627=EDGE_CURVE('',#1207,#1036,#115,.T.);
#1628=EDGE_CURVE('',#1208,#1038,#116,.T.);
#1629=EDGE_CURVE('',#1209,#1040,#117,.T.);
#1630=EDGE_CURVE('',#1210,#1042,#118,.T.);
#1631=EDGE_CURVE('',#1211,#1044,#119,.T.);
#1632=EDGE_CURVE('',#1212,#1046,#120,.T.);
#1633=EDGE_CURVE('',#1213,#1048,#121,.T.);
#1634=EDGE_CURVE('',#1214,#1050,#122,.T.);
#1635=EDGE_CURVE('',#1215,#1052,#123,.T.);
#1636=EDGE_CURVE('',#1216,#1054,#124,.T.);
#1637=EDGE_CURVE('',#1217,#1056,#125,.T.);
#1638=EDGE_CURVE('',#1218,#1058,#126,.T.);
#1639=EDGE_CURVE('',#1219,#1060,#127,.T.);
#1640=EDGE_CURVE('',#1220,#1062,#128,.T.);
#1641=EDGE_CURVE('',#1221,#1064,#129,.T.);
#1642=EDGE_CURVE('',#1222,#1066,#130,.T.);
#1643=EDGE_CURVE('',#1223,#1068,#131,.T.);
#1644=EDGE_CURVE('',#1224,#1070,#132,.T.);
#1645=EDGE_CURVE('',#1225,#1072,#133,.T.);
#1646=EDGE_CURVE('',#1226,#1074,#134,.T.);
#1647=EDGE_CURVE('',#1227,#1076,#135,.T.);
#1648=EDGE_CURVE('',#1228,#1078,#136,.T.);
#1649=EDGE_CURVE('',#1229,#1004,#137,.T.);
#1650=EDGE_CURVE('',#1230,#1006,#138,.T.);
#1651=EDGE_CURVE('',#1231,#1008,#139,.T.);
#1652=EDGE_CURVE('',#1232,#1010,#140,.T.);
#1653=EDGE_CURVE('',#1233,#1012,#141,.T.);
#1654=EDGE_CURVE('',#1234,#1014,#142,.T.);
#1655=EDGE_CURVE('',#1235,#1016,#143,.T.);
#1656=EDGE_CURVE('',#1236,#1018,#144,.T.);
#1657=EDGE_CURVE('',#1237,#1020,#145,.T.);
#1658=EDGE_CURVE('',#1238,#1022,#146,.T.);
#1659=EDGE_CURVE('',#1201,#1024,#147,.T.);
#1660=ORIENTED_EDGE('',*,*,#1242,.T.);
#1661=ORIENTED_EDGE('',*,*,#1243,.T.);
#1662=ORIENTED_EDGE('',*,*,#1244,.T.);
#1663=ORIENTED_EDGE('',*,*,#1245,.T.);
#1664=ORIENTED_EDGE('',*,*,#1246,.T.);
#1665=ORIENTED_EDGE('',*,*,#1247,.T.);
#1666=ORIENTED_EDGE('',*,*,#1244,.F.);
#1667=ORIENTED_EDGE('',*,*,#1248,.T.);
#1668=ORIENTED_EDGE('',*,*,#1246,.F.);
#1669=ORIENTED_EDGE('',*,*,#1249,.F.);
#1670=ORIENTED_EDGE('',*,*,#1250,.T.);
#1671=ORIENTED_EDGE('',*,*,#1242,.F.);
#1672=ORIENTED_EDGE('',*,*,#1251,.T.);
#1673=ORIENTED_EDGE('',*,*,#1252,.T.);
#1674=ORIENTED_EDGE('',*,*,#1253,.T.);
#1675=ORIENTED_EDGE('',*,*,#1243,.F.);
#1676=ORIENTED_EDGE('',*,*,#1250,.F.);
#1677=ORIENTED_EDGE('',*,*,#1254,.F.);
#1678=ORIENTED_EDGE('',*,*,#1245,.F.);
#1679=ORIENTED_EDGE('',*,*,#1247,.F.);
#1680=ORIENTED_EDGE('',*,*,#1255,.T.);
#1681=ORIENTED_EDGE('',*,*,#1256,.T.);
#1682=ORIENTED_EDGE('',*,*,#1257,.T.);
#1683=ORIENTED_EDGE('',*,*,#1258,.F.);
#1684=ORIENTED_EDGE('',*,*,#1259,.T.);
#1685=ORIENTED_EDGE('',*,*,#1260,.T.);
#1686=ORIENTED_EDGE('',*,*,#1261,.T.);
#1687=ORIENTED_EDGE('',*,*,#1256,.F.);
#1688=ORIENTED_EDGE('',*,*,#1262,.T.);
#1689=ORIENTED_EDGE('',*,*,#1263,.T.);
#1690=ORIENTED_EDGE('',*,*,#1264,.T.);
#1691=ORIENTED_EDGE('',*,*,#1260,.F.);
#1692=ORIENTED_EDGE('',*,*,#1265,.T.);
#1693=ORIENTED_EDGE('',*,*,#1266,.T.);
#1694=ORIENTED_EDGE('',*,*,#1267,.T.);
#1695=ORIENTED_EDGE('',*,*,#1263,.F.);
#1696=ORIENTED_EDGE('',*,*,#1268,.T.);
#1697=ORIENTED_EDGE('',*,*,#1269,.T.);
#1698=ORIENTED_EDGE('',*,*,#1270,.T.);
#1699=ORIENTED_EDGE('',*,*,#1266,.F.);
#1700=ORIENTED_EDGE('',*,*,#1271,.T.);
#1701=ORIENTED_EDGE('',*,*,#1272,.T.);
#1702=ORIENTED_EDGE('',*,*,#1273,.T.);
#1703=ORIENTED_EDGE('',*,*,#1269,.F.);
#1704=ORIENTED_EDGE('',*,*,#1274,.T.);
#1705=ORIENTED_EDGE('',*,*,#1275,.T.);
#1706=ORIENTED_EDGE('',*,*,#1276,.T.);
#1707=ORIENTED_EDGE('',*,*,#1272,.F.);
#1708=ORIENTED_EDGE('',*,*,#1277,.T.);
#1709=ORIENTED_EDGE('',*,*,#1278,.T.);
#1710=ORIENTED_EDGE('',*,*,#1279,.T.);
#1711=ORIENTED_EDGE('',*,*,#1275,.F.);
#1712=ORIENTED_EDGE('',*,*,#1280,.T.);
#1713=ORIENTED_EDGE('',*,*,#1281,.T.);
#1714=ORIENTED_EDGE('',*,*,#1282,.T.);
#1715=ORIENTED_EDGE('',*,*,#1278,.F.);
#1716=ORIENTED_EDGE('',*,*,#1283,.T.);
#1717=ORIENTED_EDGE('',*,*,#1284,.T.);
#1718=ORIENTED_EDGE('',*,*,#1285,.T.);
#1719=ORIENTED_EDGE('',*,*,#1281,.F.);
#1720=ORIENTED_EDGE('',*,*,#1286,.T.);
#1721=ORIENTED_EDGE('',*,*,#1287,.T.);
#1722=ORIENTED_EDGE('',*,*,#1288,.T.);
#1723=ORIENTED_EDGE('',*,*,#1284,.F.);
#1724=ORIENTED_EDGE('',*,*,#1289,.T.);
#1725=ORIENTED_EDGE('',*,*,#1290,.T.);
#1726=ORIENTED_EDGE('',*,*,#1291,.T.);
#1727=ORIENTED_EDGE('',*,*,#1287,.F.);
#1728=ORIENTED_EDGE('',*,*,#1292,.T.);
#1729=ORIENTED_EDGE('',*,*,#1293,.T.);
#1730=ORIENTED_EDGE('',*,*,#1294,.T.);
#1731=ORIENTED_EDGE('',*,*,#1290,.F.);
#1732=ORIENTED_EDGE('',*,*,#1295,.T.);
#1733=ORIENTED_EDGE('',*,*,#1296,.T.);
#1734=ORIENTED_EDGE('',*,*,#1297,.T.);
#1735=ORIENTED_EDGE('',*,*,#1293,.F.);
#1736=ORIENTED_EDGE('',*,*,#1298,.T.);
#1737=ORIENTED_EDGE('',*,*,#1299,.T.);
#1738=ORIENTED_EDGE('',*,*,#1300,.T.);
#1739=ORIENTED_EDGE('',*,*,#1296,.F.);
#1740=ORIENTED_EDGE('',*,*,#1301,.T.);
#1741=ORIENTED_EDGE('',*,*,#1302,.T.);
#1742=ORIENTED_EDGE('',*,*,#1303,.T.);
#1743=ORIENTED_EDGE('',*,*,#1299,.F.);
#1744=ORIENTED_EDGE('',*,*,#1304,.T.);
#1745=ORIENTED_EDGE('',*,*,#1305,.T.);
#1746=ORIENTED_EDGE('',*,*,#1306,.T.);
#1747=ORIENTED_EDGE('',*,*,#1302,.F.);
#1748=ORIENTED_EDGE('',*,*,#1307,.T.);
#1749=ORIENTED_EDGE('',*,*,#1308,.T.);
#1750=ORIENTED_EDGE('',*,*,#1309,.T.);
#1751=ORIENTED_EDGE('',*,*,#1305,.F.);
#1752=ORIENTED_EDGE('',*,*,#1310,.T.);
#1753=ORIENTED_EDGE('',*,*,#1311,.T.);
#1754=ORIENTED_EDGE('',*,*,#1312,.T.);
#1755=ORIENTED_EDGE('',*,*,#1308,.F.);
#1756=ORIENTED_EDGE('',*,*,#1313,.T.);
#1757=ORIENTED_EDGE('',*,*,#1314,.T.);
#1758=ORIENTED_EDGE('',*,*,#1315,.T.);
#1759=ORIENTED_EDGE('',*,*,#1311,.F.);
#1760=ORIENTED_EDGE('',*,*,#1316,.T.);
#1761=ORIENTED_EDGE('',*,*,#1317,.T.);
#1762=ORIENTED_EDGE('',*,*,#1318,.T.);
#1763=ORIENTED_EDGE('',*,*,#1314,.F.);
#1764=ORIENTED_EDGE('',*,*,#1319,.T.);
#1765=ORIENTED_EDGE('',*,*,#1320,.T.);
#1766=ORIENTED_EDGE('',*,*,#1321,.T.);
#1767=ORIENTED_EDGE('',*,*,#1317,.F.);
#1768=ORIENTED_EDGE('',*,*,#1322,.T.);
#1769=ORIENTED_EDGE('',*,*,#1323,.T.);
#1770=ORIENTED_EDGE('',*,*,#1324,.T.);
#1771=ORIENTED_EDGE('',*,*,#1320,.F.);
#1772=ORIENTED_EDGE('',*,*,#1325,.T.);
#1773=ORIENTED_EDGE('',*,*,#1326,.T.);
#1774=ORIENTED_EDGE('',*,*,#1327,.T.);
#1775=ORIENTED_EDGE('',*,*,#1323,.F.);
#1776=ORIENTED_EDGE('',*,*,#1328,.T.);
#1777=ORIENTED_EDGE('',*,*,#1329,.T.);
#1778=ORIENTED_EDGE('',*,*,#1330,.T.);
#1779=ORIENTED_EDGE('',*,*,#1326,.F.);
#1780=ORIENTED_EDGE('',*,*,#1331,.T.);
#1781=ORIENTED_EDGE('',*,*,#1332,.T.);
#1782=ORIENTED_EDGE('',*,*,#1333,.T.);
#1783=ORIENTED_EDGE('',*,*,#1329,.F.);
#1784=ORIENTED_EDGE('',*,*,#1334,.T.);
#1785=ORIENTED_EDGE('',*,*,#1335,.T.);
#1786=ORIENTED_EDGE('',*,*,#1336,.T.);
#1787=ORIENTED_EDGE('',*,*,#1332,.F.);
#1788=ORIENTED_EDGE('',*,*,#1337,.T.);
#1789=ORIENTED_EDGE('',*,*,#1338,.T.);
#1790=ORIENTED_EDGE('',*,*,#1339,.T.);
#1791=ORIENTED_EDGE('',*,*,#1335,.F.);
#1792=ORIENTED_EDGE('',*,*,#1340,.T.);
#1793=ORIENTED_EDGE('',*,*,#1341,.T.);
#1794=ORIENTED_EDGE('',*,*,#1342,.T.);
#1795=ORIENTED_EDGE('',*,*,#1338,.F.);
#1796=ORIENTED_EDGE('',*,*,#1343,.T.);
#1797=ORIENTED_EDGE('',*,*,#1344,.T.);
#1798=ORIENTED_EDGE('',*,*,#1345,.T.);
#1799=ORIENTED_EDGE('',*,*,#1341,.F.);
#1800=ORIENTED_EDGE('',*,*,#1346,.T.);
#1801=ORIENTED_EDGE('',*,*,#1347,.T.);
#1802=ORIENTED_EDGE('',*,*,#1348,.T.);
#1803=ORIENTED_EDGE('',*,*,#1344,.F.);
#1804=ORIENTED_EDGE('',*,*,#1349,.T.);
#1805=ORIENTED_EDGE('',*,*,#1350,.T.);
#1806=ORIENTED_EDGE('',*,*,#1351,.T.);
#1807=ORIENTED_EDGE('',*,*,#1347,.F.);
#1808=ORIENTED_EDGE('',*,*,#1352,.T.);
#1809=ORIENTED_EDGE('',*,*,#1353,.T.);
#1810=ORIENTED_EDGE('',*,*,#1354,.T.);
#1811=ORIENTED_EDGE('',*,*,#1350,.F.);
#1812=ORIENTED_EDGE('',*,*,#1355,.T.);
#1813=ORIENTED_EDGE('',*,*,#1356,.T.);
#1814=ORIENTED_EDGE('',*,*,#1357,.T.);
#1815=ORIENTED_EDGE('',*,*,#1353,.F.);
#1816=ORIENTED_EDGE('',*,*,#1358,.T.);
#1817=ORIENTED_EDGE('',*,*,#1359,.T.);
#1818=ORIENTED_EDGE('',*,*,#1360,.T.);
#1819=ORIENTED_EDGE('',*,*,#1356,.F.);
#1820=ORIENTED_EDGE('',*,*,#1361,.T.);
#1821=ORIENTED_EDGE('',*,*,#1362,.T.);
#1822=ORIENTED_EDGE('',*,*,#1363,.T.);
#1823=ORIENTED_EDGE('',*,*,#1359,.F.);
#1824=ORIENTED_EDGE('',*,*,#1364,.T.);
#1825=ORIENTED_EDGE('',*,*,#1365,.T.);
#1826=ORIENTED_EDGE('',*,*,#1366,.T.);
#1827=ORIENTED_EDGE('',*,*,#1362,.F.);
#1828=ORIENTED_EDGE('',*,*,#1367,.T.);
#1829=ORIENTED_EDGE('',*,*,#1368,.T.);
#1830=ORIENTED_EDGE('',*,*,#1369,.T.);
#1831=ORIENTED_EDGE('',*,*,#1365,.F.);
#1832=ORIENTED_EDGE('',*,*,#1370,.T.);
#1833=ORIENTED_EDGE('',*,*,#1371,.T.);
#1834=ORIENTED_EDGE('',*,*,#1372,.T.);
#1835=ORIENTED_EDGE('',*,*,#1368,.F.);
#1836=ORIENTED_EDGE('',*,*,#1373,.T.);
#1837=ORIENTED_EDGE('',*,*,#1374,.T.);
#1838=ORIENTED_EDGE('',*,*,#1375,.T.);
#1839=ORIENTED_EDGE('',*,*,#1371,.F.);
#1840=ORIENTED_EDGE('',*,*,#1376,.T.);
#1841=ORIENTED_EDGE('',*,*,#1374,.F.);
#1842=ORIENTED_EDGE('',*,*,#1377,.T.);
#1843=ORIENTED_EDGE('',*,*,#1378,.T.);
#1844=ORIENTED_EDGE('',*,*,#1379,.T.);
#1845=ORIENTED_EDGE('',*,*,#1378,.F.);
#1846=ORIENTED_EDGE('',*,*,#1380,.T.);
#1847=ORIENTED_EDGE('',*,*,#1381,.T.);
#1848=ORIENTED_EDGE('',*,*,#1382,.T.);
#1849=ORIENTED_EDGE('',*,*,#1381,.F.);
#1850=ORIENTED_EDGE('',*,*,#1383,.T.);
#1851=ORIENTED_EDGE('',*,*,#1384,.T.);
#1852=ORIENTED_EDGE('',*,*,#1385,.T.);
#1853=ORIENTED_EDGE('',*,*,#1384,.F.);
#1854=ORIENTED_EDGE('',*,*,#1386,.T.);
#1855=ORIENTED_EDGE('',*,*,#1387,.T.);
#1856=ORIENTED_EDGE('',*,*,#1388,.T.);
#1857=ORIENTED_EDGE('',*,*,#1387,.F.);
#1858=ORIENTED_EDGE('',*,*,#1389,.T.);
#1859=ORIENTED_EDGE('',*,*,#1390,.T.);
#1860=ORIENTED_EDGE('',*,*,#1391,.T.);
#1861=ORIENTED_EDGE('',*,*,#1390,.F.);
#1862=ORIENTED_EDGE('',*,*,#1392,.T.);
#1863=ORIENTED_EDGE('',*,*,#1393,.T.);
#1864=ORIENTED_EDGE('',*,*,#1394,.T.);
#1865=ORIENTED_EDGE('',*,*,#1393,.F.);
#1866=ORIENTED_EDGE('',*,*,#1395,.T.);
#1867=ORIENTED_EDGE('',*,*,#1396,.T.);
#1868=ORIENTED_EDGE('',*,*,#1397,.T.);
#1869=ORIENTED_EDGE('',*,*,#1396,.F.);
#1870=ORIENTED_EDGE('',*,*,#1398,.T.);
#1871=ORIENTED_EDGE('',*,*,#1399,.T.);
#1872=ORIENTED_EDGE('',*,*,#1400,.T.);
#1873=ORIENTED_EDGE('',*,*,#1399,.F.);
#1874=ORIENTED_EDGE('',*,*,#1401,.T.);
#1875=ORIENTED_EDGE('',*,*,#1402,.T.);
#1876=ORIENTED_EDGE('',*,*,#1403,.T.);
#1877=ORIENTED_EDGE('',*,*,#1402,.F.);
#1878=ORIENTED_EDGE('',*,*,#1404,.T.);
#1879=ORIENTED_EDGE('',*,*,#1405,.T.);
#1880=ORIENTED_EDGE('',*,*,#1406,.T.);
#1881=ORIENTED_EDGE('',*,*,#1405,.F.);
#1882=ORIENTED_EDGE('',*,*,#1407,.T.);
#1883=ORIENTED_EDGE('',*,*,#1408,.T.);
#1884=ORIENTED_EDGE('',*,*,#1409,.T.);
#1885=ORIENTED_EDGE('',*,*,#1408,.F.);
#1886=ORIENTED_EDGE('',*,*,#1410,.T.);
#1887=ORIENTED_EDGE('',*,*,#1411,.T.);
#1888=ORIENTED_EDGE('',*,*,#1412,.T.);
#1889=ORIENTED_EDGE('',*,*,#1411,.F.);
#1890=ORIENTED_EDGE('',*,*,#1413,.T.);
#1891=ORIENTED_EDGE('',*,*,#1414,.T.);
#1892=ORIENTED_EDGE('',*,*,#1415,.T.);
#1893=ORIENTED_EDGE('',*,*,#1414,.F.);
#1894=ORIENTED_EDGE('',*,*,#1416,.T.);
#1895=ORIENTED_EDGE('',*,*,#1417,.T.);
#1896=ORIENTED_EDGE('',*,*,#1418,.T.);
#1897=ORIENTED_EDGE('',*,*,#1417,.F.);
#1898=ORIENTED_EDGE('',*,*,#1419,.T.);
#1899=ORIENTED_EDGE('',*,*,#1420,.T.);
#1900=ORIENTED_EDGE('',*,*,#1421,.T.);
#1901=ORIENTED_EDGE('',*,*,#1420,.F.);
#1902=ORIENTED_EDGE('',*,*,#1422,.T.);
#1903=ORIENTED_EDGE('',*,*,#1423,.T.);
#1904=ORIENTED_EDGE('',*,*,#1424,.T.);
#1905=ORIENTED_EDGE('',*,*,#1423,.F.);
#1906=ORIENTED_EDGE('',*,*,#1425,.T.);
#1907=ORIENTED_EDGE('',*,*,#1426,.T.);
#1908=ORIENTED_EDGE('',*,*,#1427,.T.);
#1909=ORIENTED_EDGE('',*,*,#1426,.F.);
#1910=ORIENTED_EDGE('',*,*,#1428,.T.);
#1911=ORIENTED_EDGE('',*,*,#1429,.T.);
#1912=ORIENTED_EDGE('',*,*,#1430,.T.);
#1913=ORIENTED_EDGE('',*,*,#1429,.F.);
#1914=ORIENTED_EDGE('',*,*,#1431,.T.);
#1915=ORIENTED_EDGE('',*,*,#1432,.T.);
#1916=ORIENTED_EDGE('',*,*,#1433,.T.);
#1917=ORIENTED_EDGE('',*,*,#1432,.F.);
#1918=ORIENTED_EDGE('',*,*,#1434,.T.);
#1919=ORIENTED_EDGE('',*,*,#1435,.T.);
#1920=ORIENTED_EDGE('',*,*,#1436,.T.);
#1921=ORIENTED_EDGE('',*,*,#1435,.F.);
#1922=ORIENTED_EDGE('',*,*,#1437,.T.);
#1923=ORIENTED_EDGE('',*,*,#1438,.T.);
#1924=ORIENTED_EDGE('',*,*,#1439,.T.);
#1925=ORIENTED_EDGE('',*,*,#1438,.F.);
#1926=ORIENTED_EDGE('',*,*,#1440,.T.);
#1927=ORIENTED_EDGE('',*,*,#1441,.T.);
#1928=ORIENTED_EDGE('',*,*,#1442,.T.);
#1929=ORIENTED_EDGE('',*,*,#1441,.F.);
#1930=ORIENTED_EDGE('',*,*,#1443,.T.);
#1931=ORIENTED_EDGE('',*,*,#1444,.T.);
#1932=ORIENTED_EDGE('',*,*,#1445,.T.);
#1933=ORIENTED_EDGE('',*,*,#1444,.F.);
#1934=ORIENTED_EDGE('',*,*,#1446,.T.);
#1935=ORIENTED_EDGE('',*,*,#1447,.T.);
#1936=ORIENTED_EDGE('',*,*,#1448,.T.);
#1937=ORIENTED_EDGE('',*,*,#1447,.F.);
#1938=ORIENTED_EDGE('',*,*,#1449,.T.);
#1939=ORIENTED_EDGE('',*,*,#1450,.T.);
#1940=ORIENTED_EDGE('',*,*,#1451,.T.);
#1941=ORIENTED_EDGE('',*,*,#1450,.F.);
#1942=ORIENTED_EDGE('',*,*,#1452,.T.);
#1943=ORIENTED_EDGE('',*,*,#1453,.T.);
#1944=ORIENTED_EDGE('',*,*,#1454,.T.);
#1945=ORIENTED_EDGE('',*,*,#1453,.F.);
#1946=ORIENTED_EDGE('',*,*,#1455,.T.);
#1947=ORIENTED_EDGE('',*,*,#1456,.T.);
#1948=ORIENTED_EDGE('',*,*,#1457,.T.);
#1949=ORIENTED_EDGE('',*,*,#1456,.F.);
#1950=ORIENTED_EDGE('',*,*,#1458,.T.);
#1951=ORIENTED_EDGE('',*,*,#1459,.T.);
#1952=ORIENTED_EDGE('',*,*,#1460,.T.);
#1953=ORIENTED_EDGE('',*,*,#1459,.F.);
#1954=ORIENTED_EDGE('',*,*,#1461,.T.);
#1955=ORIENTED_EDGE('',*,*,#1462,.T.);
#1956=ORIENTED_EDGE('',*,*,#1463,.T.);
#1957=ORIENTED_EDGE('',*,*,#1462,.F.);
#1958=ORIENTED_EDGE('',*,*,#1464,.T.);
#1959=ORIENTED_EDGE('',*,*,#1465,.T.);
#1960=ORIENTED_EDGE('',*,*,#1466,.T.);
#1961=ORIENTED_EDGE('',*,*,#1465,.F.);
#1962=ORIENTED_EDGE('',*,*,#1467,.T.);
#1963=ORIENTED_EDGE('',*,*,#1468,.T.);
#1964=ORIENTED_EDGE('',*,*,#1469,.T.);
#1965=ORIENTED_EDGE('',*,*,#1468,.F.);
#1966=ORIENTED_EDGE('',*,*,#1470,.T.);
#1967=ORIENTED_EDGE('',*,*,#1471,.T.);
#1968=ORIENTED_EDGE('',*,*,#1472,.T.);
#1969=ORIENTED_EDGE('',*,*,#1471,.F.);
#1970=ORIENTED_EDGE('',*,*,#1473,.T.);
#1971=ORIENTED_EDGE('',*,*,#1474,.T.);
#1972=ORIENTED_EDGE('',*,*,#1475,.T.);
#1973=ORIENTED_EDGE('',*,*,#1474,.F.);
#1974=ORIENTED_EDGE('',*,*,#1476,.T.);
#1975=ORIENTED_EDGE('',*,*,#1477,.T.);
#1976=ORIENTED_EDGE('',*,*,#1478,.T.);
#1977=ORIENTED_EDGE('',*,*,#1477,.F.);
#1978=ORIENTED_EDGE('',*,*,#1479,.T.);
#1979=ORIENTED_EDGE('',*,*,#1480,.T.);
#1980=ORIENTED_EDGE('',*,*,#1481,.T.);
#1981=ORIENTED_EDGE('',*,*,#1480,.F.);
#1982=ORIENTED_EDGE('',*,*,#1482,.T.);
#1983=ORIENTED_EDGE('',*,*,#1483,.T.);
#1984=ORIENTED_EDGE('',*,*,#1484,.T.);
#1985=ORIENTED_EDGE('',*,*,#1483,.F.);
#1986=ORIENTED_EDGE('',*,*,#1485,.T.);
#1987=ORIENTED_EDGE('',*,*,#1486,.T.);
#1988=ORIENTED_EDGE('',*,*,#1487,.T.);
#1989=ORIENTED_EDGE('',*,*,#1486,.F.);
#1990=ORIENTED_EDGE('',*,*,#1488,.T.);
#1991=ORIENTED_EDGE('',*,*,#1258,.T.);
#1992=ORIENTED_EDGE('',*,*,#1376,.F.);
#1993=ORIENTED_EDGE('',*,*,#1489,.F.);
#1994=ORIENTED_EDGE('',*,*,#1490,.F.);
#1995=ORIENTED_EDGE('',*,*,#1491,.T.);
#1996=ORIENTED_EDGE('',*,*,#1379,.F.);
#1997=ORIENTED_EDGE('',*,*,#1492,.F.);
#1998=ORIENTED_EDGE('',*,*,#1493,.F.);
#1999=ORIENTED_EDGE('',*,*,#1489,.T.);
#2000=ORIENTED_EDGE('',*,*,#1382,.F.);
#2001=ORIENTED_EDGE('',*,*,#1494,.F.);
#2002=ORIENTED_EDGE('',*,*,#1495,.F.);
#2003=ORIENTED_EDGE('',*,*,#1492,.T.);
#2004=ORIENTED_EDGE('',*,*,#1385,.F.);
#2005=ORIENTED_EDGE('',*,*,#1496,.F.);
#2006=ORIENTED_EDGE('',*,*,#1497,.F.);
#2007=ORIENTED_EDGE('',*,*,#1494,.T.);
#2008=ORIENTED_EDGE('',*,*,#1388,.F.);
#2009=ORIENTED_EDGE('',*,*,#1498,.F.);
#2010=ORIENTED_EDGE('',*,*,#1499,.F.);
#2011=ORIENTED_EDGE('',*,*,#1496,.T.);
#2012=ORIENTED_EDGE('',*,*,#1391,.F.);
#2013=ORIENTED_EDGE('',*,*,#1500,.F.);
#2014=ORIENTED_EDGE('',*,*,#1501,.F.);
#2015=ORIENTED_EDGE('',*,*,#1498,.T.);
#2016=ORIENTED_EDGE('',*,*,#1394,.F.);
#2017=ORIENTED_EDGE('',*,*,#1502,.F.);
#2018=ORIENTED_EDGE('',*,*,#1503,.F.);
#2019=ORIENTED_EDGE('',*,*,#1500,.T.);
#2020=ORIENTED_EDGE('',*,*,#1397,.F.);
#2021=ORIENTED_EDGE('',*,*,#1504,.F.);
#2022=ORIENTED_EDGE('',*,*,#1505,.F.);
#2023=ORIENTED_EDGE('',*,*,#1502,.T.);
#2024=ORIENTED_EDGE('',*,*,#1400,.F.);
#2025=ORIENTED_EDGE('',*,*,#1506,.F.);
#2026=ORIENTED_EDGE('',*,*,#1507,.F.);
#2027=ORIENTED_EDGE('',*,*,#1504,.T.);
#2028=ORIENTED_EDGE('',*,*,#1403,.F.);
#2029=ORIENTED_EDGE('',*,*,#1508,.F.);
#2030=ORIENTED_EDGE('',*,*,#1509,.F.);
#2031=ORIENTED_EDGE('',*,*,#1506,.T.);
#2032=ORIENTED_EDGE('',*,*,#1406,.F.);
#2033=ORIENTED_EDGE('',*,*,#1510,.F.);
#2034=ORIENTED_EDGE('',*,*,#1511,.F.);
#2035=ORIENTED_EDGE('',*,*,#1508,.T.);
#2036=ORIENTED_EDGE('',*,*,#1409,.F.);
#2037=ORIENTED_EDGE('',*,*,#1512,.F.);
#2038=ORIENTED_EDGE('',*,*,#1513,.F.);
#2039=ORIENTED_EDGE('',*,*,#1510,.T.);
#2040=ORIENTED_EDGE('',*,*,#1412,.F.);
#2041=ORIENTED_EDGE('',*,*,#1514,.F.);
#2042=ORIENTED_EDGE('',*,*,#1515,.F.);
#2043=ORIENTED_EDGE('',*,*,#1512,.T.);
#2044=ORIENTED_EDGE('',*,*,#1415,.F.);
#2045=ORIENTED_EDGE('',*,*,#1516,.F.);
#2046=ORIENTED_EDGE('',*,*,#1517,.F.);
#2047=ORIENTED_EDGE('',*,*,#1514,.T.);
#2048=ORIENTED_EDGE('',*,*,#1418,.F.);
#2049=ORIENTED_EDGE('',*,*,#1518,.F.);
#2050=ORIENTED_EDGE('',*,*,#1519,.F.);
#2051=ORIENTED_EDGE('',*,*,#1516,.T.);
#2052=ORIENTED_EDGE('',*,*,#1421,.F.);
#2053=ORIENTED_EDGE('',*,*,#1520,.F.);
#2054=ORIENTED_EDGE('',*,*,#1521,.F.);
#2055=ORIENTED_EDGE('',*,*,#1518,.T.);
#2056=ORIENTED_EDGE('',*,*,#1424,.F.);
#2057=ORIENTED_EDGE('',*,*,#1522,.F.);
#2058=ORIENTED_EDGE('',*,*,#1523,.F.);
#2059=ORIENTED_EDGE('',*,*,#1520,.T.);
#2060=ORIENTED_EDGE('',*,*,#1427,.F.);
#2061=ORIENTED_EDGE('',*,*,#1524,.F.);
#2062=ORIENTED_EDGE('',*,*,#1525,.F.);
#2063=ORIENTED_EDGE('',*,*,#1522,.T.);
#2064=ORIENTED_EDGE('',*,*,#1430,.F.);
#2065=ORIENTED_EDGE('',*,*,#1526,.F.);
#2066=ORIENTED_EDGE('',*,*,#1527,.F.);
#2067=ORIENTED_EDGE('',*,*,#1524,.T.);
#2068=ORIENTED_EDGE('',*,*,#1433,.F.);
#2069=ORIENTED_EDGE('',*,*,#1528,.F.);
#2070=ORIENTED_EDGE('',*,*,#1529,.F.);
#2071=ORIENTED_EDGE('',*,*,#1526,.T.);
#2072=ORIENTED_EDGE('',*,*,#1436,.F.);
#2073=ORIENTED_EDGE('',*,*,#1530,.F.);
#2074=ORIENTED_EDGE('',*,*,#1531,.F.);
#2075=ORIENTED_EDGE('',*,*,#1528,.T.);
#2076=ORIENTED_EDGE('',*,*,#1439,.F.);
#2077=ORIENTED_EDGE('',*,*,#1532,.F.);
#2078=ORIENTED_EDGE('',*,*,#1533,.F.);
#2079=ORIENTED_EDGE('',*,*,#1530,.T.);
#2080=ORIENTED_EDGE('',*,*,#1442,.F.);
#2081=ORIENTED_EDGE('',*,*,#1534,.F.);
#2082=ORIENTED_EDGE('',*,*,#1535,.F.);
#2083=ORIENTED_EDGE('',*,*,#1532,.T.);
#2084=ORIENTED_EDGE('',*,*,#1445,.F.);
#2085=ORIENTED_EDGE('',*,*,#1536,.F.);
#2086=ORIENTED_EDGE('',*,*,#1537,.F.);
#2087=ORIENTED_EDGE('',*,*,#1534,.T.);
#2088=ORIENTED_EDGE('',*,*,#1448,.F.);
#2089=ORIENTED_EDGE('',*,*,#1538,.F.);
#2090=ORIENTED_EDGE('',*,*,#1539,.F.);
#2091=ORIENTED_EDGE('',*,*,#1536,.T.);
#2092=ORIENTED_EDGE('',*,*,#1451,.F.);
#2093=ORIENTED_EDGE('',*,*,#1540,.F.);
#2094=ORIENTED_EDGE('',*,*,#1541,.F.);
#2095=ORIENTED_EDGE('',*,*,#1538,.T.);
#2096=ORIENTED_EDGE('',*,*,#1454,.F.);
#2097=ORIENTED_EDGE('',*,*,#1542,.F.);
#2098=ORIENTED_EDGE('',*,*,#1543,.F.);
#2099=ORIENTED_EDGE('',*,*,#1540,.T.);
#2100=ORIENTED_EDGE('',*,*,#1457,.F.);
#2101=ORIENTED_EDGE('',*,*,#1544,.F.);
#2102=ORIENTED_EDGE('',*,*,#1545,.F.);
#2103=ORIENTED_EDGE('',*,*,#1542,.T.);
#2104=ORIENTED_EDGE('',*,*,#1460,.F.);
#2105=ORIENTED_EDGE('',*,*,#1546,.F.);
#2106=ORIENTED_EDGE('',*,*,#1547,.F.);
#2107=ORIENTED_EDGE('',*,*,#1544,.T.);
#2108=ORIENTED_EDGE('',*,*,#1463,.F.);
#2109=ORIENTED_EDGE('',*,*,#1548,.F.);
#2110=ORIENTED_EDGE('',*,*,#1549,.F.);
#2111=ORIENTED_EDGE('',*,*,#1546,.T.);
#2112=ORIENTED_EDGE('',*,*,#1466,.F.);
#2113=ORIENTED_EDGE('',*,*,#1550,.F.);
#2114=ORIENTED_EDGE('',*,*,#1551,.F.);
#2115=ORIENTED_EDGE('',*,*,#1548,.T.);
#2116=ORIENTED_EDGE('',*,*,#1469,.F.);
#2117=ORIENTED_EDGE('',*,*,#1552,.F.);
#2118=ORIENTED_EDGE('',*,*,#1553,.F.);
#2119=ORIENTED_EDGE('',*,*,#1550,.T.);
#2120=ORIENTED_EDGE('',*,*,#1472,.F.);
#2121=ORIENTED_EDGE('',*,*,#1554,.F.);
#2122=ORIENTED_EDGE('',*,*,#1555,.F.);
#2123=ORIENTED_EDGE('',*,*,#1552,.T.);
#2124=ORIENTED_EDGE('',*,*,#1475,.F.);
#2125=ORIENTED_EDGE('',*,*,#1556,.F.);
#2126=ORIENTED_EDGE('',*,*,#1557,.F.);
#2127=ORIENTED_EDGE('',*,*,#1554,.T.);
#2128=ORIENTED_EDGE('',*,*,#1478,.F.);
#2129=ORIENTED_EDGE('',*,*,#1558,.F.);
#2130=ORIENTED_EDGE('',*,*,#1559,.F.);
#2131=ORIENTED_EDGE('',*,*,#1556,.T.);
#2132=ORIENTED_EDGE('',*,*,#1481,.F.);
#2133=ORIENTED_EDGE('',*,*,#1560,.F.);
#2134=ORIENTED_EDGE('',*,*,#1561,.F.);
#2135=ORIENTED_EDGE('',*,*,#1558,.T.);
#2136=ORIENTED_EDGE('',*,*,#1484,.F.);
#2137=ORIENTED_EDGE('',*,*,#1562,.F.);
#2138=ORIENTED_EDGE('',*,*,#1563,.F.);
#2139=ORIENTED_EDGE('',*,*,#1560,.T.);
#2140=ORIENTED_EDGE('',*,*,#1487,.F.);
#2141=ORIENTED_EDGE('',*,*,#1564,.F.);
#2142=ORIENTED_EDGE('',*,*,#1565,.F.);
#2143=ORIENTED_EDGE('',*,*,#1562,.T.);
#2144=ORIENTED_EDGE('',*,*,#1257,.F.);
#2145=ORIENTED_EDGE('',*,*,#1566,.F.);
#2146=ORIENTED_EDGE('',*,*,#1567,.F.);
#2147=ORIENTED_EDGE('',*,*,#1564,.T.);
#2148=ORIENTED_EDGE('',*,*,#1255,.F.);
#2149=ORIENTED_EDGE('',*,*,#1488,.F.);
#2150=ORIENTED_EDGE('',*,*,#1485,.F.);
#2151=ORIENTED_EDGE('',*,*,#1482,.F.);
#2152=ORIENTED_EDGE('',*,*,#1479,.F.);
#2153=ORIENTED_EDGE('',*,*,#1476,.F.);
#2154=ORIENTED_EDGE('',*,*,#1473,.F.);
#2155=ORIENTED_EDGE('',*,*,#1470,.F.);
#2156=ORIENTED_EDGE('',*,*,#1467,.F.);
#2157=ORIENTED_EDGE('',*,*,#1464,.F.);
#2158=ORIENTED_EDGE('',*,*,#1461,.F.);
#2159=ORIENTED_EDGE('',*,*,#1458,.F.);
#2160=ORIENTED_EDGE('',*,*,#1455,.F.);
#2161=ORIENTED_EDGE('',*,*,#1452,.F.);
#2162=ORIENTED_EDGE('',*,*,#1449,.F.);
#2163=ORIENTED_EDGE('',*,*,#1446,.F.);
#2164=ORIENTED_EDGE('',*,*,#1443,.F.);
#2165=ORIENTED_EDGE('',*,*,#1440,.F.);
#2166=ORIENTED_EDGE('',*,*,#1437,.F.);
#2167=ORIENTED_EDGE('',*,*,#1434,.F.);
#2168=ORIENTED_EDGE('',*,*,#1431,.F.);
#2169=ORIENTED_EDGE('',*,*,#1428,.F.);
#2170=ORIENTED_EDGE('',*,*,#1425,.F.);
#2171=ORIENTED_EDGE('',*,*,#1422,.F.);
#2172=ORIENTED_EDGE('',*,*,#1419,.F.);
#2173=ORIENTED_EDGE('',*,*,#1416,.F.);
#2174=ORIENTED_EDGE('',*,*,#1413,.F.);
#2175=ORIENTED_EDGE('',*,*,#1410,.F.);
#2176=ORIENTED_EDGE('',*,*,#1407,.F.);
#2177=ORIENTED_EDGE('',*,*,#1404,.F.);
#2178=ORIENTED_EDGE('',*,*,#1401,.F.);
#2179=ORIENTED_EDGE('',*,*,#1398,.F.);
#2180=ORIENTED_EDGE('',*,*,#1395,.F.);
#2181=ORIENTED_EDGE('',*,*,#1392,.F.);
#2182=ORIENTED_EDGE('',*,*,#1389,.F.);
#2183=ORIENTED_EDGE('',*,*,#1386,.F.);
#2184=ORIENTED_EDGE('',*,*,#1383,.F.);
#2185=ORIENTED_EDGE('',*,*,#1380,.F.);
#2186=ORIENTED_EDGE('',*,*,#1377,.F.);
#2187=ORIENTED_EDGE('',*,*,#1373,.F.);
#2188=ORIENTED_EDGE('',*,*,#1370,.F.);
#2189=ORIENTED_EDGE('',*,*,#1367,.F.);
#2190=ORIENTED_EDGE('',*,*,#1364,.F.);
#2191=ORIENTED_EDGE('',*,*,#1361,.F.);
#2192=ORIENTED_EDGE('',*,*,#1358,.F.);
#2193=ORIENTED_EDGE('',*,*,#1355,.F.);
#2194=ORIENTED_EDGE('',*,*,#1352,.F.);
#2195=ORIENTED_EDGE('',*,*,#1349,.F.);
#2196=ORIENTED_EDGE('',*,*,#1346,.F.);
#2197=ORIENTED_EDGE('',*,*,#1343,.F.);
#2198=ORIENTED_EDGE('',*,*,#1340,.F.);
#2199=ORIENTED_EDGE('',*,*,#1337,.F.);
#2200=ORIENTED_EDGE('',*,*,#1334,.F.);
#2201=ORIENTED_EDGE('',*,*,#1331,.F.);
#2202=ORIENTED_EDGE('',*,*,#1328,.F.);
#2203=ORIENTED_EDGE('',*,*,#1325,.F.);
#2204=ORIENTED_EDGE('',*,*,#1322,.F.);
#2205=ORIENTED_EDGE('',*,*,#1319,.F.);
#2206=ORIENTED_EDGE('',*,*,#1316,.F.);
#2207=ORIENTED_EDGE('',*,*,#1313,.F.);
#2208=ORIENTED_EDGE('',*,*,#1310,.F.);
#2209=ORIENTED_EDGE('',*,*,#1307,.F.);
#2210=ORIENTED_EDGE('',*,*,#1304,.F.);
#2211=ORIENTED_EDGE('',*,*,#1301,.F.);
#2212=ORIENTED_EDGE('',*,*,#1298,.F.);
#2213=ORIENTED_EDGE('',*,*,#1295,.F.);
#2214=ORIENTED_EDGE('',*,*,#1292,.F.);
#2215=ORIENTED_EDGE('',*,*,#1289,.F.);
#2216=ORIENTED_EDGE('',*,*,#1286,.F.);
#2217=ORIENTED_EDGE('',*,*,#1283,.F.);
#2218=ORIENTED_EDGE('',*,*,#1280,.F.);
#2219=ORIENTED_EDGE('',*,*,#1277,.F.);
#2220=ORIENTED_EDGE('',*,*,#1274,.F.);
#2221=ORIENTED_EDGE('',*,*,#1271,.F.);
#2222=ORIENTED_EDGE('',*,*,#1268,.F.);
#2223=ORIENTED_EDGE('',*,*,#1265,.F.);
#2224=ORIENTED_EDGE('',*,*,#1262,.F.);
#2225=ORIENTED_EDGE('',*,*,#1259,.F.);
#2226=ORIENTED_EDGE('',*,*,#1568,.T.);
#2227=ORIENTED_EDGE('',*,*,#1569,.T.);
#2228=ORIENTED_EDGE('',*,*,#1254,.T.);
#2229=ORIENTED_EDGE('',*,*,#1249,.T.);
#2230=ORIENTED_EDGE('',*,*,#1569,.F.);
#2231=ORIENTED_EDGE('',*,*,#1570,.F.);
#2232=ORIENTED_EDGE('',*,*,#1568,.F.);
#2233=ORIENTED_EDGE('',*,*,#1570,.T.);
#2234=ORIENTED_EDGE('',*,*,#1571,.T.);
#2235=ORIENTED_EDGE('',*,*,#1572,.T.);
#2236=ORIENTED_EDGE('',*,*,#1573,.T.);
#2237=ORIENTED_EDGE('',*,*,#1571,.F.);
#2238=ORIENTED_EDGE('',*,*,#1573,.F.);
#2239=ORIENTED_EDGE('',*,*,#1574,.T.);
#2240=ORIENTED_EDGE('',*,*,#1575,.F.);
#2241=ORIENTED_EDGE('',*,*,#1576,.F.);
#2242=ORIENTED_EDGE('',*,*,#1574,.F.);
#2243=ORIENTED_EDGE('',*,*,#1572,.F.);
#2244=ORIENTED_EDGE('',*,*,#1577,.T.);
#2245=ORIENTED_EDGE('',*,*,#1578,.T.);
#2246=ORIENTED_EDGE('',*,*,#1579,.T.);
#2247=ORIENTED_EDGE('',*,*,#1580,.T.);
#2248=ORIENTED_EDGE('',*,*,#1581,.T.);
#2249=ORIENTED_EDGE('',*,*,#1582,.T.);
#2250=ORIENTED_EDGE('',*,*,#1583,.T.);
#2251=ORIENTED_EDGE('',*,*,#1584,.T.);
#2252=ORIENTED_EDGE('',*,*,#1585,.T.);
#2253=ORIENTED_EDGE('',*,*,#1586,.T.);
#2254=ORIENTED_EDGE('',*,*,#1587,.T.);
#2255=ORIENTED_EDGE('',*,*,#1588,.T.);
#2256=ORIENTED_EDGE('',*,*,#1589,.T.);
#2257=ORIENTED_EDGE('',*,*,#1590,.T.);
#2258=ORIENTED_EDGE('',*,*,#1591,.T.);
#2259=ORIENTED_EDGE('',*,*,#1592,.T.);
#2260=ORIENTED_EDGE('',*,*,#1593,.T.);
#2261=ORIENTED_EDGE('',*,*,#1594,.T.);
#2262=ORIENTED_EDGE('',*,*,#1595,.T.);
#2263=ORIENTED_EDGE('',*,*,#1596,.T.);
#2264=ORIENTED_EDGE('',*,*,#1597,.T.);
#2265=ORIENTED_EDGE('',*,*,#1598,.T.);
#2266=ORIENTED_EDGE('',*,*,#1599,.T.);
#2267=ORIENTED_EDGE('',*,*,#1600,.T.);
#2268=ORIENTED_EDGE('',*,*,#1601,.T.);
#2269=ORIENTED_EDGE('',*,*,#1602,.T.);
#2270=ORIENTED_EDGE('',*,*,#1603,.T.);
#2271=ORIENTED_EDGE('',*,*,#1604,.T.);
#2272=ORIENTED_EDGE('',*,*,#1490,.T.);
#2273=ORIENTED_EDGE('',*,*,#1493,.T.);
#2274=ORIENTED_EDGE('',*,*,#1495,.T.);
#2275=ORIENTED_EDGE('',*,*,#1497,.T.);
#2276=ORIENTED_EDGE('',*,*,#1499,.T.);
#2277=ORIENTED_EDGE('',*,*,#1501,.T.);
#2278=ORIENTED_EDGE('',*,*,#1503,.T.);
#2279=ORIENTED_EDGE('',*,*,#1505,.T.);
#2280=ORIENTED_EDGE('',*,*,#1507,.T.);
#2281=ORIENTED_EDGE('',*,*,#1509,.T.);
#2282=ORIENTED_EDGE('',*,*,#1511,.T.);
#2283=ORIENTED_EDGE('',*,*,#1513,.T.);
#2284=ORIENTED_EDGE('',*,*,#1515,.T.);
#2285=ORIENTED_EDGE('',*,*,#1517,.T.);
#2286=ORIENTED_EDGE('',*,*,#1519,.T.);
#2287=ORIENTED_EDGE('',*,*,#1521,.T.);
#2288=ORIENTED_EDGE('',*,*,#1523,.T.);
#2289=ORIENTED_EDGE('',*,*,#1525,.T.);
#2290=ORIENTED_EDGE('',*,*,#1527,.T.);
#2291=ORIENTED_EDGE('',*,*,#1529,.T.);
#2292=ORIENTED_EDGE('',*,*,#1531,.T.);
#2293=ORIENTED_EDGE('',*,*,#1533,.T.);
#2294=ORIENTED_EDGE('',*,*,#1535,.T.);
#2295=ORIENTED_EDGE('',*,*,#1537,.T.);
#2296=ORIENTED_EDGE('',*,*,#1539,.T.);
#2297=ORIENTED_EDGE('',*,*,#1541,.T.);
#2298=ORIENTED_EDGE('',*,*,#1543,.T.);
#2299=ORIENTED_EDGE('',*,*,#1545,.T.);
#2300=ORIENTED_EDGE('',*,*,#1547,.T.);
#2301=ORIENTED_EDGE('',*,*,#1549,.T.);
#2302=ORIENTED_EDGE('',*,*,#1551,.T.);
#2303=ORIENTED_EDGE('',*,*,#1553,.T.);
#2304=ORIENTED_EDGE('',*,*,#1555,.T.);
#2305=ORIENTED_EDGE('',*,*,#1557,.T.);
#2306=ORIENTED_EDGE('',*,*,#1559,.T.);
#2307=ORIENTED_EDGE('',*,*,#1561,.T.);
#2308=ORIENTED_EDGE('',*,*,#1563,.T.);
#2309=ORIENTED_EDGE('',*,*,#1565,.T.);
#2310=ORIENTED_EDGE('',*,*,#1567,.T.);
#2311=ORIENTED_EDGE('',*,*,#1605,.T.);
#2312=ORIENTED_EDGE('',*,*,#1606,.T.);
#2313=ORIENTED_EDGE('',*,*,#1607,.T.);
#2314=ORIENTED_EDGE('',*,*,#1608,.T.);
#2315=ORIENTED_EDGE('',*,*,#1609,.T.);
#2316=ORIENTED_EDGE('',*,*,#1610,.T.);
#2317=ORIENTED_EDGE('',*,*,#1611,.T.);
#2318=ORIENTED_EDGE('',*,*,#1612,.T.);
#2319=ORIENTED_EDGE('',*,*,#1613,.T.);
#2320=ORIENTED_EDGE('',*,*,#1614,.T.);
#2321=ORIENTED_EDGE('',*,*,#1615,.T.);
#2322=ORIENTED_EDGE('',*,*,#1616,.T.);
#2323=ORIENTED_EDGE('',*,*,#1252,.F.);
#2324=ORIENTED_EDGE('',*,*,#1617,.F.);
#2325=ORIENTED_EDGE('',*,*,#1248,.F.);
#2326=ORIENTED_EDGE('',*,*,#1253,.F.);
#2327=ORIENTED_EDGE('',*,*,#1617,.T.);
#2328=ORIENTED_EDGE('',*,*,#1251,.F.);
#2329=ORIENTED_EDGE('',*,*,#1616,.F.);
#2330=ORIENTED_EDGE('',*,*,#1618,.T.);
#2331=ORIENTED_EDGE('',*,*,#1619,.F.);
#2332=ORIENTED_EDGE('',*,*,#1620,.F.);
#2333=ORIENTED_EDGE('',*,*,#1618,.F.);
#2334=ORIENTED_EDGE('',*,*,#1620,.T.);
#2335=ORIENTED_EDGE('',*,*,#1621,.T.);
#2336=ORIENTED_EDGE('',*,*,#1575,.T.);
#2337=ORIENTED_EDGE('',*,*,#1576,.T.);
#2338=ORIENTED_EDGE('',*,*,#1621,.F.);
#2339=ORIENTED_EDGE('',*,*,#1619,.T.);
#2340=ORIENTED_EDGE('',*,*,#1297,.F.);
#2341=ORIENTED_EDGE('',*,*,#1622,.F.);
#2342=ORIENTED_EDGE('',*,*,#1578,.F.);
#2343=ORIENTED_EDGE('',*,*,#1623,.F.);
#2344=ORIENTED_EDGE('',*,*,#1300,.F.);
#2345=ORIENTED_EDGE('',*,*,#1624,.F.);
#2346=ORIENTED_EDGE('',*,*,#1579,.F.);
#2347=ORIENTED_EDGE('',*,*,#1622,.T.);
#2348=ORIENTED_EDGE('',*,*,#1303,.F.);
#2349=ORIENTED_EDGE('',*,*,#1625,.F.);
#2350=ORIENTED_EDGE('',*,*,#1580,.F.);
#2351=ORIENTED_EDGE('',*,*,#1624,.T.);
#2352=ORIENTED_EDGE('',*,*,#1306,.F.);
#2353=ORIENTED_EDGE('',*,*,#1626,.F.);
#2354=ORIENTED_EDGE('',*,*,#1581,.F.);
#2355=ORIENTED_EDGE('',*,*,#1625,.T.);
#2356=ORIENTED_EDGE('',*,*,#1309,.F.);
#2357=ORIENTED_EDGE('',*,*,#1627,.F.);
#2358=ORIENTED_EDGE('',*,*,#1582,.F.);
#2359=ORIENTED_EDGE('',*,*,#1626,.T.);
#2360=ORIENTED_EDGE('',*,*,#1312,.F.);
#2361=ORIENTED_EDGE('',*,*,#1628,.F.);
#2362=ORIENTED_EDGE('',*,*,#1583,.F.);
#2363=ORIENTED_EDGE('',*,*,#1627,.T.);
#2364=ORIENTED_EDGE('',*,*,#1315,.F.);
#2365=ORIENTED_EDGE('',*,*,#1629,.F.);
#2366=ORIENTED_EDGE('',*,*,#1584,.F.);
#2367=ORIENTED_EDGE('',*,*,#1628,.T.);
#2368=ORIENTED_EDGE('',*,*,#1318,.F.);
#2369=ORIENTED_EDGE('',*,*,#1630,.F.);
#2370=ORIENTED_EDGE('',*,*,#1585,.F.);
#2371=ORIENTED_EDGE('',*,*,#1629,.T.);
#2372=ORIENTED_EDGE('',*,*,#1321,.F.);
#2373=ORIENTED_EDGE('',*,*,#1631,.F.);
#2374=ORIENTED_EDGE('',*,*,#1586,.F.);
#2375=ORIENTED_EDGE('',*,*,#1630,.T.);
#2376=ORIENTED_EDGE('',*,*,#1324,.F.);
#2377=ORIENTED_EDGE('',*,*,#1632,.F.);
#2378=ORIENTED_EDGE('',*,*,#1587,.F.);
#2379=ORIENTED_EDGE('',*,*,#1631,.T.);
#2380=ORIENTED_EDGE('',*,*,#1327,.F.);
#2381=ORIENTED_EDGE('',*,*,#1633,.F.);
#2382=ORIENTED_EDGE('',*,*,#1588,.F.);
#2383=ORIENTED_EDGE('',*,*,#1632,.T.);
#2384=ORIENTED_EDGE('',*,*,#1330,.F.);
#2385=ORIENTED_EDGE('',*,*,#1634,.F.);
#2386=ORIENTED_EDGE('',*,*,#1589,.F.);
#2387=ORIENTED_EDGE('',*,*,#1633,.T.);
#2388=ORIENTED_EDGE('',*,*,#1333,.F.);
#2389=ORIENTED_EDGE('',*,*,#1635,.F.);
#2390=ORIENTED_EDGE('',*,*,#1590,.F.);
#2391=ORIENTED_EDGE('',*,*,#1634,.T.);
#2392=ORIENTED_EDGE('',*,*,#1336,.F.);
#2393=ORIENTED_EDGE('',*,*,#1636,.F.);
#2394=ORIENTED_EDGE('',*,*,#1591,.F.);
#2395=ORIENTED_EDGE('',*,*,#1635,.T.);
#2396=ORIENTED_EDGE('',*,*,#1339,.F.);
#2397=ORIENTED_EDGE('',*,*,#1637,.F.);
#2398=ORIENTED_EDGE('',*,*,#1592,.F.);
#2399=ORIENTED_EDGE('',*,*,#1636,.T.);
#2400=ORIENTED_EDGE('',*,*,#1342,.F.);
#2401=ORIENTED_EDGE('',*,*,#1638,.F.);
#2402=ORIENTED_EDGE('',*,*,#1593,.F.);
#2403=ORIENTED_EDGE('',*,*,#1637,.T.);
#2404=ORIENTED_EDGE('',*,*,#1345,.F.);
#2405=ORIENTED_EDGE('',*,*,#1639,.F.);
#2406=ORIENTED_EDGE('',*,*,#1594,.F.);
#2407=ORIENTED_EDGE('',*,*,#1638,.T.);
#2408=ORIENTED_EDGE('',*,*,#1348,.F.);
#2409=ORIENTED_EDGE('',*,*,#1640,.F.);
#2410=ORIENTED_EDGE('',*,*,#1595,.F.);
#2411=ORIENTED_EDGE('',*,*,#1639,.T.);
#2412=ORIENTED_EDGE('',*,*,#1351,.F.);
#2413=ORIENTED_EDGE('',*,*,#1641,.F.);
#2414=ORIENTED_EDGE('',*,*,#1596,.F.);
#2415=ORIENTED_EDGE('',*,*,#1640,.T.);
#2416=ORIENTED_EDGE('',*,*,#1354,.F.);
#2417=ORIENTED_EDGE('',*,*,#1642,.F.);
#2418=ORIENTED_EDGE('',*,*,#1597,.F.);
#2419=ORIENTED_EDGE('',*,*,#1641,.T.);
#2420=ORIENTED_EDGE('',*,*,#1357,.F.);
#2421=ORIENTED_EDGE('',*,*,#1643,.F.);
#2422=ORIENTED_EDGE('',*,*,#1598,.F.);
#2423=ORIENTED_EDGE('',*,*,#1642,.T.);
#2424=ORIENTED_EDGE('',*,*,#1360,.F.);
#2425=ORIENTED_EDGE('',*,*,#1644,.F.);
#2426=ORIENTED_EDGE('',*,*,#1599,.F.);
#2427=ORIENTED_EDGE('',*,*,#1643,.T.);
#2428=ORIENTED_EDGE('',*,*,#1363,.F.);
#2429=ORIENTED_EDGE('',*,*,#1645,.F.);
#2430=ORIENTED_EDGE('',*,*,#1600,.F.);
#2431=ORIENTED_EDGE('',*,*,#1644,.T.);
#2432=ORIENTED_EDGE('',*,*,#1366,.F.);
#2433=ORIENTED_EDGE('',*,*,#1646,.F.);
#2434=ORIENTED_EDGE('',*,*,#1601,.F.);
#2435=ORIENTED_EDGE('',*,*,#1645,.T.);
#2436=ORIENTED_EDGE('',*,*,#1369,.F.);
#2437=ORIENTED_EDGE('',*,*,#1647,.F.);
#2438=ORIENTED_EDGE('',*,*,#1602,.F.);
#2439=ORIENTED_EDGE('',*,*,#1646,.T.);
#2440=ORIENTED_EDGE('',*,*,#1372,.F.);
#2441=ORIENTED_EDGE('',*,*,#1648,.F.);
#2442=ORIENTED_EDGE('',*,*,#1603,.F.);
#2443=ORIENTED_EDGE('',*,*,#1647,.T.);
#2444=ORIENTED_EDGE('',*,*,#1375,.F.);
#2445=ORIENTED_EDGE('',*,*,#1491,.F.);
#2446=ORIENTED_EDGE('',*,*,#1604,.F.);
#2447=ORIENTED_EDGE('',*,*,#1648,.T.);
#2448=ORIENTED_EDGE('',*,*,#1261,.F.);
#2449=ORIENTED_EDGE('',*,*,#1649,.F.);
#2450=ORIENTED_EDGE('',*,*,#1605,.F.);
#2451=ORIENTED_EDGE('',*,*,#1566,.T.);
#2452=ORIENTED_EDGE('',*,*,#1264,.F.);
#2453=ORIENTED_EDGE('',*,*,#1650,.F.);
#2454=ORIENTED_EDGE('',*,*,#1606,.F.);
#2455=ORIENTED_EDGE('',*,*,#1649,.T.);
#2456=ORIENTED_EDGE('',*,*,#1267,.F.);
#2457=ORIENTED_EDGE('',*,*,#1651,.F.);
#2458=ORIENTED_EDGE('',*,*,#1607,.F.);
#2459=ORIENTED_EDGE('',*,*,#1650,.T.);
#2460=ORIENTED_EDGE('',*,*,#1270,.F.);
#2461=ORIENTED_EDGE('',*,*,#1652,.F.);
#2462=ORIENTED_EDGE('',*,*,#1608,.F.);
#2463=ORIENTED_EDGE('',*,*,#1651,.T.);
#2464=ORIENTED_EDGE('',*,*,#1273,.F.);
#2465=ORIENTED_EDGE('',*,*,#1653,.F.);
#2466=ORIENTED_EDGE('',*,*,#1609,.F.);
#2467=ORIENTED_EDGE('',*,*,#1652,.T.);
#2468=ORIENTED_EDGE('',*,*,#1276,.F.);
#2469=ORIENTED_EDGE('',*,*,#1654,.F.);
#2470=ORIENTED_EDGE('',*,*,#1610,.F.);
#2471=ORIENTED_EDGE('',*,*,#1653,.T.);
#2472=ORIENTED_EDGE('',*,*,#1279,.F.);
#2473=ORIENTED_EDGE('',*,*,#1655,.F.);
#2474=ORIENTED_EDGE('',*,*,#1611,.F.);
#2475=ORIENTED_EDGE('',*,*,#1654,.T.);
#2476=ORIENTED_EDGE('',*,*,#1282,.F.);
#2477=ORIENTED_EDGE('',*,*,#1656,.F.);
#2478=ORIENTED_EDGE('',*,*,#1612,.F.);
#2479=ORIENTED_EDGE('',*,*,#1655,.T.);
#2480=ORIENTED_EDGE('',*,*,#1285,.F.);
#2481=ORIENTED_EDGE('',*,*,#1657,.F.);
#2482=ORIENTED_EDGE('',*,*,#1613,.F.);
#2483=ORIENTED_EDGE('',*,*,#1656,.T.);
#2484=ORIENTED_EDGE('',*,*,#1288,.F.);
#2485=ORIENTED_EDGE('',*,*,#1658,.F.);
#2486=ORIENTED_EDGE('',*,*,#1614,.F.);
#2487=ORIENTED_EDGE('',*,*,#1657,.T.);
#2488=ORIENTED_EDGE('',*,*,#1291,.F.);
#2489=ORIENTED_EDGE('',*,*,#1659,.F.);
#2490=ORIENTED_EDGE('',*,*,#1615,.F.);
#2491=ORIENTED_EDGE('',*,*,#1658,.T.);
#2492=ORIENTED_EDGE('',*,*,#1294,.F.);
#2493=ORIENTED_EDGE('',*,*,#1623,.T.);
#2494=ORIENTED_EDGE('',*,*,#1577,.F.);
#2495=ORIENTED_EDGE('',*,*,#1659,.T.);
#2496=TOROIDAL_SURFACE('',#2723,2.6,0.5);
#2497=TOROIDAL_SURFACE('',#2733,10.5,0.5);
#2498=TOROIDAL_SURFACE('',#2738,10.5,0.5);
#2499=TOROIDAL_SURFACE('',#2743,10.5,0.5);
#2500=TOROIDAL_SURFACE('',#2748,10.5,0.5);
#2501=TOROIDAL_SURFACE('',#2753,10.5,0.5);
#2502=TOROIDAL_SURFACE('',#2758,10.5,0.5);
#2503=TOROIDAL_SURFACE('',#2763,10.5,0.5);
#2504=TOROIDAL_SURFACE('',#2768,10.5,0.5);
#2505=TOROIDAL_SURFACE('',#2773,10.5,0.5);
#2506=TOROIDAL_SURFACE('',#2778,10.5,0.5);
#2507=TOROIDAL_SURFACE('',#2783,10.5,0.5);
#2508=TOROIDAL_SURFACE('',#2788,10.5,0.5);
#2509=TOROIDAL_SURFACE('',#2793,10.5,0.5);
#2510=TOROIDAL_SURFACE('',#2798,10.5,0.5);
#2511=TOROIDAL_SURFACE('',#2803,10.5,0.5);
#2512=TOROIDAL_SURFACE('',#2808,10.5,0.5);
#2513=TOROIDAL_SURFACE('',#2813,10.5,0.5);
#2514=TOROIDAL_SURFACE('',#2818,10.5,0.5);
#2515=TOROIDAL_SURFACE('',#2823,10.5,0.5);
#2516=TOROIDAL_SURFACE('',#2828,10.5,0.5);
#2517=TOROIDAL_SURFACE('',#2833,10.5,0.5);
#2518=TOROIDAL_SURFACE('',#2838,10.5,0.5);
#2519=TOROIDAL_SURFACE('',#2843,10.5,0.5);
#2520=TOROIDAL_SURFACE('',#2848,10.5,0.5);
#2521=TOROIDAL_SURFACE('',#2853,10.5,0.5);
#2522=TOROIDAL_SURFACE('',#2858,10.5,0.5);
#2523=TOROIDAL_SURFACE('',#2863,10.5,0.5);
#2524=TOROIDAL_SURFACE('',#2868,10.5,0.5);
#2525=TOROIDAL_SURFACE('',#2873,10.5,0.5);
#2526=TOROIDAL_SURFACE('',#2878,10.5,0.5);
#2527=TOROIDAL_SURFACE('',#2883,10.5,0.5);
#2528=TOROIDAL_SURFACE('',#2888,10.5,0.5);
#2529=TOROIDAL_SURFACE('',#2893,10.5,0.5);
#2530=TOROIDAL_SURFACE('',#2898,10.5,0.5);
#2531=TOROIDAL_SURFACE('',#2903,10.5,0.5);
#2532=TOROIDAL_SURFACE('',#2908,10.5,0.5);
#2533=TOROIDAL_SURFACE('',#2913,10.5,0.5);
#2534=TOROIDAL_SURFACE('',#2918,10.5,0.5);
#2535=TOROIDAL_SURFACE('',#2923,10.5,0.5);
#2536=TOROIDAL_SURFACE('',#3007,3.3,0.2);
#2537=TOROIDAL_SURFACE('',#3012,5.3,0.2);
#2538=TOROIDAL_SURFACE('',#3065,7.5684749735,2.0684749735);
#2539=ADVANCED_FACE('',(#316),#2496,.F.);
#2540=ADVANCED_FACE('',(#317),#234,.F.);
#2541=ADVANCED_FACE('',(#318),#235,.F.);
#2542=ADVANCED_FACE('',(#319),#56,.F.);
#2543=ADVANCED_FACE('',(#320),#2497,.T.);
#2544=ADVANCED_FACE('',(#321),#17,.F.);
#2545=ADVANCED_FACE('',(#322),#2498,.T.);
#2546=ADVANCED_FACE('',(#323),#18,.F.);
#2547=ADVANCED_FACE('',(#324),#2499,.T.);
#2548=ADVANCED_FACE('',(#325),#19,.F.);
#2549=ADVANCED_FACE('',(#326),#2500,.T.);
#2550=ADVANCED_FACE('',(#327),#20,.F.);
#2551=ADVANCED_FACE('',(#328),#2501,.T.);
#2552=ADVANCED_FACE('',(#329),#21,.F.);
#2553=ADVANCED_FACE('',(#330),#2502,.T.);
#2554=ADVANCED_FACE('',(#331),#22,.F.);
#2555=ADVANCED_FACE('',(#332),#2503,.T.);
#2556=ADVANCED_FACE('',(#333),#23,.F.);
#2557=ADVANCED_FACE('',(#334),#2504,.T.);
#2558=ADVANCED_FACE('',(#335),#24,.F.);
#2559=ADVANCED_FACE('',(#336),#2505,.T.);
#2560=ADVANCED_FACE('',(#337),#25,.F.);
#2561=ADVANCED_FACE('',(#338),#2506,.T.);
#2562=ADVANCED_FACE('',(#339),#26,.F.);
#2563=ADVANCED_FACE('',(#340),#2507,.T.);
#2564=ADVANCED_FACE('',(#341),#27,.F.);
#2565=ADVANCED_FACE('',(#342),#2508,.T.);
#2566=ADVANCED_FACE('',(#343),#28,.F.);
#2567=ADVANCED_FACE('',(#344),#2509,.T.);
#2568=ADVANCED_FACE('',(#345),#29,.F.);
#2569=ADVANCED_FACE('',(#346),#2510,.T.);
#2570=ADVANCED_FACE('',(#347),#30,.F.);
#2571=ADVANCED_FACE('',(#348),#2511,.T.);
#2572=ADVANCED_FACE('',(#349),#31,.F.);
#2573=ADVANCED_FACE('',(#350),#2512,.T.);
#2574=ADVANCED_FACE('',(#351),#32,.F.);
#2575=ADVANCED_FACE('',(#352),#2513,.T.);
#2576=ADVANCED_FACE('',(#353),#33,.F.);
#2577=ADVANCED_FACE('',(#354),#2514,.T.);
#2578=ADVANCED_FACE('',(#355),#34,.F.);
#2579=ADVANCED_FACE('',(#356),#2515,.T.);
#2580=ADVANCED_FACE('',(#357),#35,.F.);
#2581=ADVANCED_FACE('',(#358),#2516,.T.);
#2582=ADVANCED_FACE('',(#359),#36,.F.);
#2583=ADVANCED_FACE('',(#360),#2517,.T.);
#2584=ADVANCED_FACE('',(#361),#37,.F.);
#2585=ADVANCED_FACE('',(#362),#2518,.T.);
#2586=ADVANCED_FACE('',(#363),#38,.F.);
#2587=ADVANCED_FACE('',(#364),#2519,.T.);
#2588=ADVANCED_FACE('',(#365),#39,.F.);
#2589=ADVANCED_FACE('',(#366),#2520,.T.);
#2590=ADVANCED_FACE('',(#367),#40,.F.);
#2591=ADVANCED_FACE('',(#368),#2521,.T.);
#2592=ADVANCED_FACE('',(#369),#41,.F.);
#2593=ADVANCED_FACE('',(#370),#2522,.T.);
#2594=ADVANCED_FACE('',(#371),#42,.F.);
#2595=ADVANCED_FACE('',(#372),#2523,.T.);
#2596=ADVANCED_FACE('',(#373),#43,.F.);
#2597=ADVANCED_FACE('',(#374),#2524,.T.);
#2598=ADVANCED_FACE('',(#375),#44,.F.);
#2599=ADVANCED_FACE('',(#376),#2525,.T.);
#2600=ADVANCED_FACE('',(#377),#45,.F.);
#2601=ADVANCED_FACE('',(#378),#2526,.T.);
#2602=ADVANCED_FACE('',(#379),#46,.F.);
#2603=ADVANCED_FACE('',(#380),#2527,.T.);
#2604=ADVANCED_FACE('',(#381),#47,.F.);
#2605=ADVANCED_FACE('',(#382),#2528,.T.);
#2606=ADVANCED_FACE('',(#383),#48,.F.);
#2607=ADVANCED_FACE('',(#384),#2529,.T.);
#2608=ADVANCED_FACE('',(#385),#49,.F.);
#2609=ADVANCED_FACE('',(#386),#2530,.T.);
#2610=ADVANCED_FACE('',(#387),#50,.F.);
#2611=ADVANCED_FACE('',(#388),#2531,.T.);
#2612=ADVANCED_FACE('',(#389),#51,.F.);
#2613=ADVANCED_FACE('',(#390),#2532,.T.);
#2614=ADVANCED_FACE('',(#391),#52,.F.);
#2615=ADVANCED_FACE('',(#392),#2533,.T.);
#2616=ADVANCED_FACE('',(#393),#53,.F.);
#2617=ADVANCED_FACE('',(#394),#2534,.T.);
#2618=ADVANCED_FACE('',(#395),#54,.F.);
#2619=ADVANCED_FACE('',(#396),#2535,.T.);
#2620=ADVANCED_FACE('',(#397),#55,.F.);
#2621=ADVANCED_FACE('',(#398),#236,.T.);
#2622=ADVANCED_FACE('',(#399),#237,.T.);
#2623=ADVANCED_FACE('',(#400),#238,.T.);
#2624=ADVANCED_FACE('',(#401),#239,.T.);
#2625=ADVANCED_FACE('',(#402),#240,.T.);
#2626=ADVANCED_FACE('',(#403),#241,.T.);
#2627=ADVANCED_FACE('',(#404),#242,.T.);
#2628=ADVANCED_FACE('',(#405),#243,.T.);
#2629=ADVANCED_FACE('',(#406),#244,.T.);
#2630=ADVANCED_FACE('',(#407),#245,.T.);
#2631=ADVANCED_FACE('',(#408),#246,.T.);
#2632=ADVANCED_FACE('',(#409),#247,.T.);
#2633=ADVANCED_FACE('',(#410),#248,.T.);
#2634=ADVANCED_FACE('',(#411),#249,.T.);
#2635=ADVANCED_FACE('',(#412),#250,.T.);
#2636=ADVANCED_FACE('',(#413),#251,.T.);
#2637=ADVANCED_FACE('',(#414),#252,.T.);
#2638=ADVANCED_FACE('',(#415),#253,.T.);
#2639=ADVANCED_FACE('',(#416),#254,.T.);
#2640=ADVANCED_FACE('',(#417),#255,.T.);
#2641=ADVANCED_FACE('',(#418),#256,.T.);
#2642=ADVANCED_FACE('',(#419),#257,.T.);
#2643=ADVANCED_FACE('',(#420),#258,.T.);
#2644=ADVANCED_FACE('',(#421),#259,.T.);
#2645=ADVANCED_FACE('',(#422),#260,.T.);
#2646=ADVANCED_FACE('',(#423),#261,.T.);
#2647=ADVANCED_FACE('',(#424),#262,.T.);
#2648=ADVANCED_FACE('',(#425),#263,.T.);
#2649=ADVANCED_FACE('',(#426),#264,.T.);
#2650=ADVANCED_FACE('',(#427),#265,.T.);
#2651=ADVANCED_FACE('',(#428),#266,.T.);
#2652=ADVANCED_FACE('',(#429),#267,.T.);
#2653=ADVANCED_FACE('',(#430),#268,.T.);
#2654=ADVANCED_FACE('',(#431),#269,.T.);
#2655=ADVANCED_FACE('',(#432),#270,.T.);
#2656=ADVANCED_FACE('',(#433),#271,.T.);
#2657=ADVANCED_FACE('',(#434),#272,.T.);
#2658=ADVANCED_FACE('',(#435),#273,.T.);
#2659=ADVANCED_FACE('',(#436),#274,.T.);
#2660=ADVANCED_FACE('',(#437),#57,.T.);
#2661=ADVANCED_FACE('',(#438),#2536,.T.);
#2662=ADVANCED_FACE('',(#439,#15),#58,.F.);
#2663=ADVANCED_FACE('',(#440),#2537,.T.);
#2664=ADVANCED_FACE('',(#441),#275,.T.);
#2665=ADVANCED_FACE('',(#442,#16),#59,.F.);
#2666=ADVANCED_FACE('',(#443),#60,.F.);
#2667=ADVANCED_FACE('',(#444),#61,.T.);
#2668=ADVANCED_FACE('',(#445),#276,.F.);
#2669=ADVANCED_FACE('',(#446),#2538,.F.);
#2670=ADVANCED_FACE('',(#447),#277,.T.);
#2671=ADVANCED_FACE('',(#448),#278,.T.);
#2672=ADVANCED_FACE('',(#449),#279,.T.);
#2673=ADVANCED_FACE('',(#450),#280,.T.);
#2674=ADVANCED_FACE('',(#451),#281,.T.);
#2675=ADVANCED_FACE('',(#452),#282,.T.);
#2676=ADVANCED_FACE('',(#453),#283,.T.);
#2677=ADVANCED_FACE('',(#454),#284,.T.);
#2678=ADVANCED_FACE('',(#455),#285,.T.);
#2679=ADVANCED_FACE('',(#456),#286,.T.);
#2680=ADVANCED_FACE('',(#457),#287,.T.);
#2681=ADVANCED_FACE('',(#458),#288,.T.);
#2682=ADVANCED_FACE('',(#459),#289,.T.);
#2683=ADVANCED_FACE('',(#460),#290,.T.);
#2684=ADVANCED_FACE('',(#461),#291,.T.);
#2685=ADVANCED_FACE('',(#462),#292,.T.);
#2686=ADVANCED_FACE('',(#463),#293,.T.);
#2687=ADVANCED_FACE('',(#464),#294,.T.);
#2688=ADVANCED_FACE('',(#465),#295,.T.);
#2689=ADVANCED_FACE('',(#466),#296,.T.);
#2690=ADVANCED_FACE('',(#467),#297,.T.);
#2691=ADVANCED_FACE('',(#468),#298,.T.);
#2692=ADVANCED_FACE('',(#469),#299,.T.);
#2693=ADVANCED_FACE('',(#470),#300,.T.);
#2694=ADVANCED_FACE('',(#471),#301,.T.);
#2695=ADVANCED_FACE('',(#472),#302,.T.);
#2696=ADVANCED_FACE('',(#473),#303,.T.);
#2697=ADVANCED_FACE('',(#474),#304,.T.);
#2698=ADVANCED_FACE('',(#475),#305,.T.);
#2699=ADVANCED_FACE('',(#476),#306,.T.);
#2700=ADVANCED_FACE('',(#477),#307,.T.);
#2701=ADVANCED_FACE('',(#478),#308,.T.);
#2702=ADVANCED_FACE('',(#479),#309,.T.);
#2703=ADVANCED_FACE('',(#480),#310,.T.);
#2704=ADVANCED_FACE('',(#481),#311,.T.);
#2705=ADVANCED_FACE('',(#482),#312,.T.);
#2706=ADVANCED_FACE('',(#483),#313,.T.);
#2707=ADVANCED_FACE('',(#484),#314,.T.);
#2708=ADVANCED_FACE('',(#485),#315,.T.);
#2709=CLOSED_SHELL('',(#2539,#2540,#2541,#2542,#2543,#2544,#2545,#2546,
#2547,#2548,#2549,#2550,#2551,#2552,#2553,#2554,#2555,#2556,#2557,#2558,
#2559,#2560,#2561,#2562,#2563,#2564,#2565,#2566,#2567,#2568,#2569,#2570,
#2571,#2572,#2573,#2574,#2575,#2576,#2577,#2578,#2579,#2580,#2581,#2582,
#2583,#2584,#2585,#2586,#2587,#2588,#2589,#2590,#2591,#2592,#2593,#2594,
#2595,#2596,#2597,#2598,#2599,#2600,#2601,#2602,#2603,#2604,#2605,#2606,
#2607,#2608,#2609,#2610,#2611,#2612,#2613,#2614,#2615,#2616,#2617,#2618,
#2619,#2620,#2621,#2622,#2623,#2624,#2625,#2626,#2627,#2628,#2629,#2630,
#2631,#2632,#2633,#2634,#2635,#2636,#2637,#2638,#2639,#2640,#2641,#2642,
#2643,#2644,#2645,#2646,#2647,#2648,#2649,#2650,#2651,#2652,#2653,#2654,
#2655,#2656,#2657,#2658,#2659,#2660,#2661,#2662,#2663,#2664,#2665,#2666,
#2667,#2668,#2669,#2670,#2671,#2672,#2673,#2674,#2675,#2676,#2677,#2678,
#2679,#2680,#2681,#2682,#2683,#2684,#2685,#2686,#2687,#2688,#2689,#2690,
#2691,#2692,#2693,#2694,#2695,#2696,#2697,#2698,#2699,#2700,#2701,#2702,
#2703,#2704,#2705,#2706,#2707,#2708));
#2710=DERIVED_UNIT_ELEMENT(#2712,1.);
#2711=DERIVED_UNIT_ELEMENT(#6626,-3.);
#2712=(
MASS_UNIT()
NAMED_UNIT(*)
SI_UNIT(.KILO.,.GRAM.)
);
#2713=DERIVED_UNIT((#2710,#2711));
#2714=MEASURE_REPRESENTATION_ITEM('density measure',
POSITIVE_RATIO_MEASURE(7850.),#2713);
#2715=PROPERTY_DEFINITION_REPRESENTATION(#2720,#2717);
#2716=PROPERTY_DEFINITION_REPRESENTATION(#2721,#2718);
#2717=REPRESENTATION('material name',(#2719),#6623);
#2718=REPRESENTATION('density',(#2714),#6623);
#2719=DESCRIPTIVE_REPRESENTATION_ITEM('Acier','Acier');
#2720=PROPERTY_DEFINITION('material property','material name',#6633);
#2721=PROPERTY_DEFINITION('material property','density of part',#6633);
#2722=AXIS2_PLACEMENT_3D('',#3960,#3106,#3107);
#2723=AXIS2_PLACEMENT_3D('',#3961,#3108,#3109);
#2724=AXIS2_PLACEMENT_3D('',#3964,#3110,#3111);
#2725=AXIS2_PLACEMENT_3D('',#3966,#3112,#3113);
#2726=AXIS2_PLACEMENT_3D('',#3983,#3114,#3115);
#2727=AXIS2_PLACEMENT_3D('',#3998,#3116,#3117);
#2728=AXIS2_PLACEMENT_3D('',#4001,#3120,#3121);
#2729=AXIS2_PLACEMENT_3D('',#4004,#3122,#3123);
#2730=AXIS2_PLACEMENT_3D('',#4009,#3126,#3127);
#2731=AXIS2_PLACEMENT_3D('',#4011,#3129,#3130);
#2732=AXIS2_PLACEMENT_3D('',#4012,#3131,#3132);
#2733=AXIS2_PLACEMENT_3D('',#4013,#3133,#3134);
#2734=AXIS2_PLACEMENT_3D('',#4016,#3135,#3136);
#2735=AXIS2_PLACEMENT_3D('',#4033,#3137,#3138);
#2736=AXIS2_PLACEMENT_3D('',#4070,#3139,#3140);
#2737=AXIS2_PLACEMENT_3D('',#4086,#3141,#3142);
#2738=AXIS2_PLACEMENT_3D('',#4087,#3143,#3144);
#2739=AXIS2_PLACEMENT_3D('',#4089,#3145,#3146);
#2740=AXIS2_PLACEMENT_3D('',#4105,#3147,#3148);
#2741=AXIS2_PLACEMENT_3D('',#4128,#3149,#3150);
#2742=AXIS2_PLACEMENT_3D('',#4144,#3151,#3152);
#2743=AXIS2_PLACEMENT_3D('',#4145,#3153,#3154);
#2744=AXIS2_PLACEMENT_3D('',#4147,#3155,#3156);
#2745=AXIS2_PLACEMENT_3D('',#4163,#3157,#3158);
#2746=AXIS2_PLACEMENT_3D('',#4186,#3159,#3160);
#2747=AXIS2_PLACEMENT_3D('',#4202,#3161,#3162);
#2748=AXIS2_PLACEMENT_3D('',#4203,#3163,#3164);
#2749=AXIS2_PLACEMENT_3D('',#4205,#3165,#3166);
#2750=AXIS2_PLACEMENT_3D('',#4221,#3167,#3168);
#2751=AXIS2_PLACEMENT_3D('',#4244,#3169,#3170);
#2752=AXIS2_PLACEMENT_3D('',#4260,#3171,#3172);
#2753=AXIS2_PLACEMENT_3D('',#4261,#3173,#3174);
#2754=AXIS2_PLACEMENT_3D('',#4263,#3175,#3176);
#2755=AXIS2_PLACEMENT_3D('',#4279,#3177,#3178);
#2756=AXIS2_PLACEMENT_3D('',#4302,#3179,#3180);
#2757=AXIS2_PLACEMENT_3D('',#4318,#3181,#3182);
#2758=AXIS2_PLACEMENT_3D('',#4319,#3183,#3184);
#2759=AXIS2_PLACEMENT_3D('',#4321,#3185,#3186);
#2760=AXIS2_PLACEMENT_3D('',#4337,#3187,#3188);
#2761=AXIS2_PLACEMENT_3D('',#4360,#3189,#3190);
#2762=AXIS2_PLACEMENT_3D('',#4376,#3191,#3192);
#2763=AXIS2_PLACEMENT_3D('',#4377,#3193,#3194);
#2764=AXIS2_PLACEMENT_3D('',#4379,#3195,#3196);
#2765=AXIS2_PLACEMENT_3D('',#4395,#3197,#3198);
#2766=AXIS2_PLACEMENT_3D('',#4418,#3199,#3200);
#2767=AXIS2_PLACEMENT_3D('',#4434,#3201,#3202);
#2768=AXIS2_PLACEMENT_3D('',#4435,#3203,#3204);
#2769=AXIS2_PLACEMENT_3D('',#4437,#3205,#3206);
#2770=AXIS2_PLACEMENT_3D('',#4453,#3207,#3208);
#2771=AXIS2_PLACEMENT_3D('',#4476,#3209,#3210);
#2772=AXIS2_PLACEMENT_3D('',#4492,#3211,#3212);
#2773=AXIS2_PLACEMENT_3D('',#4493,#3213,#3214);
#2774=AXIS2_PLACEMENT_3D('',#4495,#3215,#3216);
#2775=AXIS2_PLACEMENT_3D('',#4511,#3217,#3218);
#2776=AXIS2_PLACEMENT_3D('',#4534,#3219,#3220);
#2777=AXIS2_PLACEMENT_3D('',#4550,#3221,#3222);
#2778=AXIS2_PLACEMENT_3D('',#4551,#3223,#3224);
#2779=AXIS2_PLACEMENT_3D('',#4553,#3225,#3226);
#2780=AXIS2_PLACEMENT_3D('',#4569,#3227,#3228);
#2781=AXIS2_PLACEMENT_3D('',#4592,#3229,#3230);
#2782=AXIS2_PLACEMENT_3D('',#4608,#3231,#3232);
#2783=AXIS2_PLACEMENT_3D('',#4609,#3233,#3234);
#2784=AXIS2_PLACEMENT_3D('',#4611,#3235,#3236);
#2785=AXIS2_PLACEMENT_3D('',#4627,#3237,#3238);
#2786=AXIS2_PLACEMENT_3D('',#4650,#3239,#3240);
#2787=AXIS2_PLACEMENT_3D('',#4666,#3241,#3242);
#2788=AXIS2_PLACEMENT_3D('',#4667,#3243,#3244);
#2789=AXIS2_PLACEMENT_3D('',#4669,#3245,#3246);
#2790=AXIS2_PLACEMENT_3D('',#4685,#3247,#3248);
#2791=AXIS2_PLACEMENT_3D('',#4708,#3249,#3250);
#2792=AXIS2_PLACEMENT_3D('',#4724,#3251,#3252);
#2793=AXIS2_PLACEMENT_3D('',#4725,#3253,#3254);
#2794=AXIS2_PLACEMENT_3D('',#4727,#3255,#3256);
#2795=AXIS2_PLACEMENT_3D('',#4743,#3257,#3258);
#2796=AXIS2_PLACEMENT_3D('',#4766,#3259,#3260);
#2797=AXIS2_PLACEMENT_3D('',#4782,#3261,#3262);
#2798=AXIS2_PLACEMENT_3D('',#4783,#3263,#3264);
#2799=AXIS2_PLACEMENT_3D('',#4785,#3265,#3266);
#2800=AXIS2_PLACEMENT_3D('',#4801,#3267,#3268);
#2801=AXIS2_PLACEMENT_3D('',#4824,#3269,#3270);
#2802=AXIS2_PLACEMENT_3D('',#4840,#3271,#3272);
#2803=AXIS2_PLACEMENT_3D('',#4841,#3273,#3274);
#2804=AXIS2_PLACEMENT_3D('',#4843,#3275,#3276);
#2805=AXIS2_PLACEMENT_3D('',#4859,#3277,#3278);
#2806=AXIS2_PLACEMENT_3D('',#4882,#3279,#3280);
#2807=AXIS2_PLACEMENT_3D('',#4898,#3281,#3282);
#2808=AXIS2_PLACEMENT_3D('',#4899,#3283,#3284);
#2809=AXIS2_PLACEMENT_3D('',#4901,#3285,#3286);
#2810=AXIS2_PLACEMENT_3D('',#4917,#3287,#3288);
#2811=AXIS2_PLACEMENT_3D('',#4940,#3289,#3290);
#2812=AXIS2_PLACEMENT_3D('',#4956,#3291,#3292);
#2813=AXIS2_PLACEMENT_3D('',#4957,#3293,#3294);
#2814=AXIS2_PLACEMENT_3D('',#4959,#3295,#3296);
#2815=AXIS2_PLACEMENT_3D('',#4975,#3297,#3298);
#2816=AXIS2_PLACEMENT_3D('',#4998,#3299,#3300);
#2817=AXIS2_PLACEMENT_3D('',#5014,#3301,#3302);
#2818=AXIS2_PLACEMENT_3D('',#5015,#3303,#3304);
#2819=AXIS2_PLACEMENT_3D('',#5017,#3305,#3306);
#2820=AXIS2_PLACEMENT_3D('',#5033,#3307,#3308);
#2821=AXIS2_PLACEMENT_3D('',#5056,#3309,#3310);
#2822=AXIS2_PLACEMENT_3D('',#5072,#3311,#3312);
#2823=AXIS2_PLACEMENT_3D('',#5073,#3313,#3314);
#2824=AXIS2_PLACEMENT_3D('',#5075,#3315,#3316);
#2825=AXIS2_PLACEMENT_3D('',#5091,#3317,#3318);
#2826=AXIS2_PLACEMENT_3D('',#5114,#3319,#3320);
#2827=AXIS2_PLACEMENT_3D('',#5130,#3321,#3322);
#2828=AXIS2_PLACEMENT_3D('',#5131,#3323,#3324);
#2829=AXIS2_PLACEMENT_3D('',#5133,#3325,#3326);
#2830=AXIS2_PLACEMENT_3D('',#5149,#3327,#3328);
#2831=AXIS2_PLACEMENT_3D('',#5172,#3329,#3330);
#2832=AXIS2_PLACEMENT_3D('',#5188,#3331,#3332);
#2833=AXIS2_PLACEMENT_3D('',#5189,#3333,#3334);
#2834=AXIS2_PLACEMENT_3D('',#5191,#3335,#3336);
#2835=AXIS2_PLACEMENT_3D('',#5193,#3337,#3338);
#2836=AXIS2_PLACEMENT_3D('',#5230,#3339,#3340);
#2837=AXIS2_PLACEMENT_3D('',#5232,#3341,#3342);
#2838=AXIS2_PLACEMENT_3D('',#5247,#3343,#3344);
#2839=AXIS2_PLACEMENT_3D('',#5249,#3345,#3346);
#2840=AXIS2_PLACEMENT_3D('',#5251,#3347,#3348);
#2841=AXIS2_PLACEMENT_3D('',#5288,#3349,#3350);
#2842=AXIS2_PLACEMENT_3D('',#5290,#3351,#3352);
#2843=AXIS2_PLACEMENT_3D('',#5305,#3353,#3354);
#2844=AXIS2_PLACEMENT_3D('',#5307,#3355,#3356);
#2845=AXIS2_PLACEMENT_3D('',#5309,#3357,#3358);
#2846=AXIS2_PLACEMENT_3D('',#5346,#3359,#3360);
#2847=AXIS2_PLACEMENT_3D('',#5348,#3361,#3362);
#2848=AXIS2_PLACEMENT_3D('',#5363,#3363,#3364);
#2849=AXIS2_PLACEMENT_3D('',#5365,#3365,#3366);
#2850=AXIS2_PLACEMENT_3D('',#5367,#3367,#3368);
#2851=AXIS2_PLACEMENT_3D('',#5404,#3369,#3370);
#2852=AXIS2_PLACEMENT_3D('',#5406,#3371,#3372);
#2853=AXIS2_PLACEMENT_3D('',#5421,#3373,#3374);
#2854=AXIS2_PLACEMENT_3D('',#5423,#3375,#3376);
#2855=AXIS2_PLACEMENT_3D('',#5425,#3377,#3378);
#2856=AXIS2_PLACEMENT_3D('',#5462,#3379,#3380);
#2857=AXIS2_PLACEMENT_3D('',#5464,#3381,#3382);
#2858=AXIS2_PLACEMENT_3D('',#5479,#3383,#3384);
#2859=AXIS2_PLACEMENT_3D('',#5481,#3385,#3386);
#2860=AXIS2_PLACEMENT_3D('',#5483,#3387,#3388);
#2861=AXIS2_PLACEMENT_3D('',#5520,#3389,#3390);
#2862=AXIS2_PLACEMENT_3D('',#5522,#3391,#3392);
#2863=AXIS2_PLACEMENT_3D('',#5537,#3393,#3394);
#2864=AXIS2_PLACEMENT_3D('',#5539,#3395,#3396);
#2865=AXIS2_PLACEMENT_3D('',#5541,#3397,#3398);
#2866=AXIS2_PLACEMENT_3D('',#5578,#3399,#3400);
#2867=AXIS2_PLACEMENT_3D('',#5580,#3401,#3402);
#2868=AXIS2_PLACEMENT_3D('',#5595,#3403,#3404);
#2869=AXIS2_PLACEMENT_3D('',#5597,#3405,#3406);
#2870=AXIS2_PLACEMENT_3D('',#5599,#3407,#3408);
#2871=AXIS2_PLACEMENT_3D('',#5636,#3409,#3410);
#2872=AXIS2_PLACEMENT_3D('',#5638,#3411,#3412);
#2873=AXIS2_PLACEMENT_3D('',#5653,#3413,#3414);
#2874=AXIS2_PLACEMENT_3D('',#5655,#3415,#3416);
#2875=AXIS2_PLACEMENT_3D('',#5657,#3417,#3418);
#2876=AXIS2_PLACEMENT_3D('',#5694,#3419,#3420);
#2877=AXIS2_PLACEMENT_3D('',#5696,#3421,#3422);
#2878=AXIS2_PLACEMENT_3D('',#5711,#3423,#3424);
#2879=AXIS2_PLACEMENT_3D('',#5713,#3425,#3426);
#2880=AXIS2_PLACEMENT_3D('',#5715,#3427,#3428);
#2881=AXIS2_PLACEMENT_3D('',#5752,#3429,#3430);
#2882=AXIS2_PLACEMENT_3D('',#5754,#3431,#3432);
#2883=AXIS2_PLACEMENT_3D('',#5769,#3433,#3434);
#2884=AXIS2_PLACEMENT_3D('',#5771,#3435,#3436);
#2885=AXIS2_PLACEMENT_3D('',#5773,#3437,#3438);
#2886=AXIS2_PLACEMENT_3D('',#5810,#3439,#3440);
#2887=AXIS2_PLACEMENT_3D('',#5812,#3441,#3442);
#2888=AXIS2_PLACEMENT_3D('',#5827,#3443,#3444);
#2889=AXIS2_PLACEMENT_3D('',#5829,#3445,#3446);
#2890=AXIS2_PLACEMENT_3D('',#5831,#3447,#3448);
#2891=AXIS2_PLACEMENT_3D('',#5868,#3449,#3450);
#2892=AXIS2_PLACEMENT_3D('',#5870,#3451,#3452);
#2893=AXIS2_PLACEMENT_3D('',#5885,#3453,#3454);
#2894=AXIS2_PLACEMENT_3D('',#5887,#3455,#3456);
#2895=AXIS2_PLACEMENT_3D('',#5889,#3457,#3458);
#2896=AXIS2_PLACEMENT_3D('',#5926,#3459,#3460);
#2897=AXIS2_PLACEMENT_3D('',#5928,#3461,#3462);
#2898=AXIS2_PLACEMENT_3D('',#5943,#3463,#3464);
#2899=AXIS2_PLACEMENT_3D('',#5945,#3465,#3466);
#2900=AXIS2_PLACEMENT_3D('',#5947,#3467,#3468);
#2901=AXIS2_PLACEMENT_3D('',#5984,#3469,#3470);
#2902=AXIS2_PLACEMENT_3D('',#5986,#3471,#3472);
#2903=AXIS2_PLACEMENT_3D('',#6001,#3473,#3474);
#2904=AXIS2_PLACEMENT_3D('',#6003,#3475,#3476);
#2905=AXIS2_PLACEMENT_3D('',#6005,#3477,#3478);
#2906=AXIS2_PLACEMENT_3D('',#6042,#3479,#3480);
#2907=AXIS2_PLACEMENT_3D('',#6044,#3481,#3482);
#2908=AXIS2_PLACEMENT_3D('',#6059,#3483,#3484);
#2909=AXIS2_PLACEMENT_3D('',#6061,#3485,#3486);
#2910=AXIS2_PLACEMENT_3D('',#6063,#3487,#3488);
#2911=AXIS2_PLACEMENT_3D('',#6100,#3489,#3490);
#2912=AXIS2_PLACEMENT_3D('',#6102,#3491,#3492);
#2913=AXIS2_PLACEMENT_3D('',#6117,#3493,#3494);
#2914=AXIS2_PLACEMENT_3D('',#6119,#3495,#3496);
#2915=AXIS2_PLACEMENT_3D('',#6121,#3497,#3498);
#2916=AXIS2_PLACEMENT_3D('',#6158,#3499,#3500);
#2917=AXIS2_PLACEMENT_3D('',#6160,#3501,#3502);
#2918=AXIS2_PLACEMENT_3D('',#6175,#3503,#3504);
#2919=AXIS2_PLACEMENT_3D('',#6177,#3505,#3506);
#2920=AXIS2_PLACEMENT_3D('',#6179,#3507,#3508);
#2921=AXIS2_PLACEMENT_3D('',#6216,#3509,#3510);
#2922=AXIS2_PLACEMENT_3D('',#6218,#3511,#3512);
#2923=AXIS2_PLACEMENT_3D('',#6233,#3513,#3514);
#2924=AXIS2_PLACEMENT_3D('',#6235,#3515,#3516);
#2925=AXIS2_PLACEMENT_3D('',#6237,#3517,#3518);
#2926=AXIS2_PLACEMENT_3D('',#6273,#3519,#3520);
#2927=AXIS2_PLACEMENT_3D('',#6274,#3521,#3522);
#2928=AXIS2_PLACEMENT_3D('',#6275,#3523,#3524);
#2929=AXIS2_PLACEMENT_3D('',#6279,#3526,#3527);
#2930=AXIS2_PLACEMENT_3D('',#6281,#3529,#3530);
#2931=AXIS2_PLACEMENT_3D('',#6284,#3532,#3533);
#2932=AXIS2_PLACEMENT_3D('',#6285,#3534,#3535);
#2933=AXIS2_PLACEMENT_3D('',#6288,#3537,#3538);
#2934=AXIS2_PLACEMENT_3D('',#6289,#3539,#3540);
#2935=AXIS2_PLACEMENT_3D('',#6292,#3542,#3543);
#2936=AXIS2_PLACEMENT_3D('',#6293,#3544,#3545);
#2937=AXIS2_PLACEMENT_3D('',#6296,#3547,#3548);
#2938=AXIS2_PLACEMENT_3D('',#6297,#3549,#3550);
#2939=AXIS2_PLACEMENT_3D('',#6300,#3552,#3553);
#2940=AXIS2_PLACEMENT_3D('',#6301,#3554,#3555);
#2941=AXIS2_PLACEMENT_3D('',#6304,#3557,#3558);
#2942=AXIS2_PLACEMENT_3D('',#6305,#3559,#3560);
#2943=AXIS2_PLACEMENT_3D('',#6308,#3562,#3563);
#2944=AXIS2_PLACEMENT_3D('',#6309,#3564,#3565);
#2945=AXIS2_PLACEMENT_3D('',#6312,#3567,#3568);
#2946=AXIS2_PLACEMENT_3D('',#6313,#3569,#3570);
#2947=AXIS2_PLACEMENT_3D('',#6316,#3572,#3573);
#2948=AXIS2_PLACEMENT_3D('',#6317,#3574,#3575);
#2949=AXIS2_PLACEMENT_3D('',#6320,#3577,#3578);
#2950=AXIS2_PLACEMENT_3D('',#6321,#3579,#3580);
#2951=AXIS2_PLACEMENT_3D('',#6324,#3582,#3583);
#2952=AXIS2_PLACEMENT_3D('',#6325,#3584,#3585);
#2953=AXIS2_PLACEMENT_3D('',#6328,#3587,#3588);
#2954=AXIS2_PLACEMENT_3D('',#6329,#3589,#3590);
#2955=AXIS2_PLACEMENT_3D('',#6332,#3592,#3593);
#2956=AXIS2_PLACEMENT_3D('',#6333,#3594,#3595);
#2957=AXIS2_PLACEMENT_3D('',#6336,#3597,#3598);
#2958=AXIS2_PLACEMENT_3D('',#6337,#3599,#3600);
#2959=AXIS2_PLACEMENT_3D('',#6340,#3602,#3603);
#2960=AXIS2_PLACEMENT_3D('',#6341,#3604,#3605);
#2961=AXIS2_PLACEMENT_3D('',#6344,#3607,#3608);
#2962=AXIS2_PLACEMENT_3D('',#6345,#3609,#3610);
#2963=AXIS2_PLACEMENT_3D('',#6348,#3612,#3613);
#2964=AXIS2_PLACEMENT_3D('',#6349,#3614,#3615);
#2965=AXIS2_PLACEMENT_3D('',#6352,#3617,#3618);
#2966=AXIS2_PLACEMENT_3D('',#6353,#3619,#3620);
#2967=AXIS2_PLACEMENT_3D('',#6356,#3622,#3623);
#2968=AXIS2_PLACEMENT_3D('',#6357,#3624,#3625);
#2969=AXIS2_PLACEMENT_3D('',#6360,#3627,#3628);
#2970=AXIS2_PLACEMENT_3D('',#6361,#3629,#3630);
#2971=AXIS2_PLACEMENT_3D('',#6364,#3632,#3633);
#2972=AXIS2_PLACEMENT_3D('',#6365,#3634,#3635);
#2973=AXIS2_PLACEMENT_3D('',#6368,#3637,#3638);
#2974=AXIS2_PLACEMENT_3D('',#6369,#3639,#3640);
#2975=AXIS2_PLACEMENT_3D('',#6372,#3642,#3643);
#2976=AXIS2_PLACEMENT_3D('',#6373,#3644,#3645);
#2977=AXIS2_PLACEMENT_3D('',#6376,#3647,#3648);
#2978=AXIS2_PLACEMENT_3D('',#6377,#3649,#3650);
#2979=AXIS2_PLACEMENT_3D('',#6380,#3652,#3653);
#2980=AXIS2_PLACEMENT_3D('',#6381,#3654,#3655);
#2981=AXIS2_PLACEMENT_3D('',#6384,#3657,#3658);
#2982=AXIS2_PLACEMENT_3D('',#6385,#3659,#3660);
#2983=AXIS2_PLACEMENT_3D('',#6388,#3662,#3663);
#2984=AXIS2_PLACEMENT_3D('',#6389,#3664,#3665);
#2985=AXIS2_PLACEMENT_3D('',#6392,#3667,#3668);
#2986=AXIS2_PLACEMENT_3D('',#6393,#3669,#3670);
#2987=AXIS2_PLACEMENT_3D('',#6396,#3672,#3673);
#2988=AXIS2_PLACEMENT_3D('',#6397,#3674,#3675);
#2989=AXIS2_PLACEMENT_3D('',#6400,#3677,#3678);
#2990=AXIS2_PLACEMENT_3D('',#6401,#3679,#3680);
#2991=AXIS2_PLACEMENT_3D('',#6404,#3682,#3683);
#2992=AXIS2_PLACEMENT_3D('',#6405,#3684,#3685);
#2993=AXIS2_PLACEMENT_3D('',#6408,#3687,#3688);
#2994=AXIS2_PLACEMENT_3D('',#6409,#3689,#3690);
#2995=AXIS2_PLACEMENT_3D('',#6412,#3692,#3693);
#2996=AXIS2_PLACEMENT_3D('',#6413,#3694,#3695);
#2997=AXIS2_PLACEMENT_3D('',#6416,#3697,#3698);
#2998=AXIS2_PLACEMENT_3D('',#6417,#3699,#3700);
#2999=AXIS2_PLACEMENT_3D('',#6420,#3702,#3703);
#3000=AXIS2_PLACEMENT_3D('',#6421,#3704,#3705);
#3001=AXIS2_PLACEMENT_3D('',#6424,#3707,#3708);
#3002=AXIS2_PLACEMENT_3D('',#6425,#3709,#3710);
#3003=AXIS2_PLACEMENT_3D('',#6428,#3712,#3713);
#3004=AXIS2_PLACEMENT_3D('',#6429,#3714,#3715);
#3005=AXIS2_PLACEMENT_3D('',#6432,#3717,#3718);
#3006=AXIS2_PLACEMENT_3D('',#6433,#3719,#3720);
#3007=AXIS2_PLACEMENT_3D('',#6434,#3721,#3722);
#3008=AXIS2_PLACEMENT_3D('',#6436,#3723,#3724);
#3009=AXIS2_PLACEMENT_3D('',#6437,#3725,#3726);
#3010=AXIS2_PLACEMENT_3D('',#6438,#3727,#3728);
#3011=AXIS2_PLACEMENT_3D('',#6440,#3729,#3730);
#3012=AXIS2_PLACEMENT_3D('',#6441,#3731,#3732);
#3013=AXIS2_PLACEMENT_3D('',#6443,#3733,#3734);
#3014=AXIS2_PLACEMENT_3D('',#6445,#3735,#3736);
#3015=AXIS2_PLACEMENT_3D('',#6446,#3737,#3738);
#3016=AXIS2_PLACEMENT_3D('',#6447,#3739,#3740);
#3017=AXIS2_PLACEMENT_3D('',#6451,#3742,#3743);
#3018=AXIS2_PLACEMENT_3D('',#6452,#3744,#3745);
#3019=AXIS2_PLACEMENT_3D('',#6453,#3746,#3747);
#3020=AXIS2_PLACEMENT_3D('',#6456,#3748,#3749);
#3021=AXIS2_PLACEMENT_3D('',#6458,#3750,#3751);
#3022=AXIS2_PLACEMENT_3D('',#6460,#3752,#3753);
#3023=AXIS2_PLACEMENT_3D('',#6462,#3754,#3755);
#3024=AXIS2_PLACEMENT_3D('',#6464,#3756,#3757);
#3025=AXIS2_PLACEMENT_3D('',#6466,#3758,#3759);
#3026=AXIS2_PLACEMENT_3D('',#6468,#3760,#3761);
#3027=AXIS2_PLACEMENT_3D('',#6470,#3762,#3763);
#3028=AXIS2_PLACEMENT_3D('',#6472,#3764,#3765);
#3029=AXIS2_PLACEMENT_3D('',#6474,#3766,#3767);
#3030=AXIS2_PLACEMENT_3D('',#6476,#3768,#3769);
#3031=AXIS2_PLACEMENT_3D('',#6478,#3770,#3771);
#3032=AXIS2_PLACEMENT_3D('',#6480,#3772,#3773);
#3033=AXIS2_PLACEMENT_3D('',#6482,#3774,#3775);
#3034=AXIS2_PLACEMENT_3D('',#6484,#3776,#3777);
#3035=AXIS2_PLACEMENT_3D('',#6486,#3778,#3779);
#3036=AXIS2_PLACEMENT_3D('',#6488,#3780,#3781);
#3037=AXIS2_PLACEMENT_3D('',#6490,#3782,#3783);
#3038=AXIS2_PLACEMENT_3D('',#6492,#3784,#3785);
#3039=AXIS2_PLACEMENT_3D('',#6494,#3786,#3787);
#3040=AXIS2_PLACEMENT_3D('',#6496,#3788,#3789);
#3041=AXIS2_PLACEMENT_3D('',#6498,#3790,#3791);
#3042=AXIS2_PLACEMENT_3D('',#6500,#3792,#3793);
#3043=AXIS2_PLACEMENT_3D('',#6502,#3794,#3795);
#3044=AXIS2_PLACEMENT_3D('',#6504,#3796,#3797);
#3045=AXIS2_PLACEMENT_3D('',#6506,#3798,#3799);
#3046=AXIS2_PLACEMENT_3D('',#6508,#3800,#3801);
#3047=AXIS2_PLACEMENT_3D('',#6509,#3802,#3803);
#3048=AXIS2_PLACEMENT_3D('',#6511,#3804,#3805);
#3049=AXIS2_PLACEMENT_3D('',#6513,#3806,#3807);
#3050=AXIS2_PLACEMENT_3D('',#6515,#3808,#3809);
#3051=AXIS2_PLACEMENT_3D('',#6517,#3810,#3811);
#3052=AXIS2_PLACEMENT_3D('',#6519,#3812,#3813);
#3053=AXIS2_PLACEMENT_3D('',#6521,#3814,#3815);
#3054=AXIS2_PLACEMENT_3D('',#6523,#3816,#3817);
#3055=AXIS2_PLACEMENT_3D('',#6525,#3818,#3819);
#3056=AXIS2_PLACEMENT_3D('',#6527,#3820,#3821);
#3057=AXIS2_PLACEMENT_3D('',#6529,#3822,#3823);
#3058=AXIS2_PLACEMENT_3D('',#6530,#3824,#3825);
#3059=AXIS2_PLACEMENT_3D('',#6532,#3826,#3827);
#3060=AXIS2_PLACEMENT_3D('',#6533,#3828,#3829);
#3061=AXIS2_PLACEMENT_3D('',#6535,#3831,#3832);
#3062=AXIS2_PLACEMENT_3D('',#6536,#3833,#3834);
#3063=AXIS2_PLACEMENT_3D('',#6540,#3836,#3837);
#3064=AXIS2_PLACEMENT_3D('',#6541,#3838,#3839);
#3065=AXIS2_PLACEMENT_3D('',#6542,#3840,#3841);
#3066=AXIS2_PLACEMENT_3D('',#6543,#3842,#3843);
#3067=AXIS2_PLACEMENT_3D('',#6544,#3844,#3845);
#3068=AXIS2_PLACEMENT_3D('',#6547,#3848,#3849);
#3069=AXIS2_PLACEMENT_3D('',#6549,#3851,#3852);
#3070=AXIS2_PLACEMENT_3D('',#6551,#3854,#3855);
#3071=AXIS2_PLACEMENT_3D('',#6553,#3857,#3858);
#3072=AXIS2_PLACEMENT_3D('',#6555,#3860,#3861);
#3073=AXIS2_PLACEMENT_3D('',#6557,#3863,#3864);
#3074=AXIS2_PLACEMENT_3D('',#6559,#3866,#3867);
#3075=AXIS2_PLACEMENT_3D('',#6561,#3869,#3870);
#3076=AXIS2_PLACEMENT_3D('',#6563,#3872,#3873);
#3077=AXIS2_PLACEMENT_3D('',#6565,#3875,#3876);
#3078=AXIS2_PLACEMENT_3D('',#6567,#3878,#3879);
#3079=AXIS2_PLACEMENT_3D('',#6569,#3881,#3882);
#3080=AXIS2_PLACEMENT_3D('',#6571,#3884,#3885);
#3081=AXIS2_PLACEMENT_3D('',#6573,#3887,#3888);
#3082=AXIS2_PLACEMENT_3D('',#6575,#3890,#3891);
#3083=AXIS2_PLACEMENT_3D('',#6577,#3893,#3894);
#3084=AXIS2_PLACEMENT_3D('',#6579,#3896,#3897);
#3085=AXIS2_PLACEMENT_3D('',#6581,#3899,#3900);
#3086=AXIS2_PLACEMENT_3D('',#6583,#3902,#3903);
#3087=AXIS2_PLACEMENT_3D('',#6585,#3905,#3906);
#3088=AXIS2_PLACEMENT_3D('',#6587,#3908,#3909);
#3089=AXIS2_PLACEMENT_3D('',#6589,#3911,#3912);
#3090=AXIS2_PLACEMENT_3D('',#6591,#3914,#3915);
#3091=AXIS2_PLACEMENT_3D('',#6593,#3917,#3918);
#3092=AXIS2_PLACEMENT_3D('',#6595,#3920,#3921);
#3093=AXIS2_PLACEMENT_3D('',#6597,#3923,#3924);
#3094=AXIS2_PLACEMENT_3D('',#6598,#3925,#3926);
#3095=AXIS2_PLACEMENT_3D('',#6600,#3928,#3929);
#3096=AXIS2_PLACEMENT_3D('',#6602,#3931,#3932);
#3097=AXIS2_PLACEMENT_3D('',#6604,#3934,#3935);
#3098=AXIS2_PLACEMENT_3D('',#6606,#3937,#3938);
#3099=AXIS2_PLACEMENT_3D('',#6608,#3940,#3941);
#3100=AXIS2_PLACEMENT_3D('',#6610,#3943,#3944);
#3101=AXIS2_PLACEMENT_3D('',#6612,#3946,#3947);
#3102=AXIS2_PLACEMENT_3D('',#6614,#3949,#3950);
#3103=AXIS2_PLACEMENT_3D('',#6616,#3952,#3953);
#3104=AXIS2_PLACEMENT_3D('',#6618,#3955,#3956);
#3105=AXIS2_PLACEMENT_3D('',#6620,#3958,#3959);
#3106=DIRECTION('axis',(0.,0.,1.));
#3107=DIRECTION('refdir',(1.,0.,0.));
#3108=DIRECTION('center_axis',(0.,1.,0.));
#3109=DIRECTION('ref_axis',(0.,0.,1.));
#3110=DIRECTION('center_axis',(0.,-1.,0.));
#3111=DIRECTION('ref_axis',(-0.653140212083561,0.,0.757236992862499));
#3112=DIRECTION('center_axis',(0.,-1.,0.));
#3113=DIRECTION('ref_axis',(-0.653140212083561,0.,0.757236992862499));
#3114=DIRECTION('center_axis',(0.,1.,0.));
#3115=DIRECTION('ref_axis',(-0.653140212083562,0.,0.757236992862499));
#3116=DIRECTION('center_axis',(0.757236992862499,0.,0.653140212083562));
#3117=DIRECTION('ref_axis',(0.461839873029907,0.707106781186546,-0.535447412618383));
#3118=DIRECTION('',(-0.757236992862499,0.,-0.653140212083562));
#3119=DIRECTION('',(0.757236992862499,0.,0.653140212083562));
#3120=DIRECTION('center_axis',(0.,1.,0.));
#3121=DIRECTION('ref_axis',(1.,0.,0.));
#3122=DIRECTION('center_axis',(0.,1.,0.));
#3123=DIRECTION('ref_axis',(-0.991393870882466,0.,-0.130912920587234));
#3124=DIRECTION('',(0.,1.,0.));
#3125=DIRECTION('',(0.,-1.,0.));
#3126=DIRECTION('center_axis',(0.,1.,0.));
#3127=DIRECTION('ref_axis',(1.,0.,0.));
#3128=DIRECTION('',(0.,1.,0.));
#3129=DIRECTION('center_axis',(0.,1.,0.));
#3130=DIRECTION('ref_axis',(-0.991393870882466,0.,-0.130912920587234));
#3131=DIRECTION('center_axis',(0.,1.,0.));
#3132=DIRECTION('ref_axis',(1.,0.,0.));
#3133=DIRECTION('center_axis',(0.,1.,0.));
#3134=DIRECTION('ref_axis',(0.,0.,1.));
#3135=DIRECTION('center_axis',(0.,-1.,0.));
#3136=DIRECTION('ref_axis',(-0.877714568530553,0.,-0.47918382296278));
#3137=DIRECTION('center_axis',(0.,1.,0.));
#3138=DIRECTION('ref_axis',(-0.877714568530553,0.,-0.47918382296278));
#3139=DIRECTION('center_axis',(0.,-1.,0.));
#3140=DIRECTION('ref_axis',(-0.836310132620316,0.,-0.548256657120175));
#3141=DIRECTION('center_axis',(0.,1.,0.));
#3142=DIRECTION('ref_axis',(-0.836310132620316,0.,-0.548256657120175));
#3143=DIRECTION('center_axis',(0.,1.,0.));
#3144=DIRECTION('ref_axis',(0.,0.,1.));
#3145=DIRECTION('center_axis',(0.,-1.,0.));
#3146=DIRECTION('ref_axis',(-0.789481904581427,0.,-0.613773836472753));
#3147=DIRECTION('center_axis',(0.,1.,0.));
#3148=DIRECTION('ref_axis',(-0.789481904581427,0.,-0.613773836472753));
#3149=DIRECTION('center_axis',(0.,-1.,0.));
#3150=DIRECTION('ref_axis',(-0.73753358344219,0.,-0.675310456971401));
#3151=DIRECTION('center_axis',(0.,1.,0.));
#3152=DIRECTION('ref_axis',(-0.73753358344219,0.,-0.675310456971401));
#3153=DIRECTION('center_axis',(0.,1.,0.));
#3154=DIRECTION('ref_axis',(0.,0.,1.));
#3155=DIRECTION('center_axis',(0.,-1.,0.));
#3156=DIRECTION('ref_axis',(-0.680802073999402,0.,-0.732467430018641));
#3157=DIRECTION('center_axis',(0.,1.,0.));
#3158=DIRECTION('ref_axis',(-0.680802073999402,0.,-0.732467430018641));
#3159=DIRECTION('center_axis',(0.,-1.,0.));
#3160=DIRECTION('ref_axis',(-0.619655301861471,0.,-0.784874070711327));
#3161=DIRECTION('center_axis',(0.,1.,0.));
#3162=DIRECTION('ref_axis',(-0.619655301861471,0.,-0.784874070711327));
#3163=DIRECTION('center_axis',(0.,1.,0.));
#3164=DIRECTION('ref_axis',(0.,0.,1.));
#3165=DIRECTION('center_axis',(0.,-1.,0.));
#3166=DIRECTION('ref_axis',(-0.554489827309663,0.,-0.832190501874481));
#3167=DIRECTION('center_axis',(0.,1.,0.));
#3168=DIRECTION('ref_axis',(-0.554489827309663,0.,-0.832190501874481));
#3169=DIRECTION('center_axis',(0.,-1.,0.));
#3170=DIRECTION('ref_axis',(-0.485728273452495,0.,-0.874109858295202));
#3171=DIRECTION('center_axis',(0.,1.,0.));
#3172=DIRECTION('ref_axis',(-0.485728273452495,0.,-0.874109858295202));
#3173=DIRECTION('center_axis',(0.,1.,0.));
#3174=DIRECTION('ref_axis',(0.,0.,1.));
#3175=DIRECTION('center_axis',(0.,-1.,0.));
#3176=DIRECTION('ref_axis',(-0.413816585352706,0.,-0.910360276861324));
#3177=DIRECTION('center_axis',(0.,1.,0.));
#3178=DIRECTION('ref_axis',(-0.413816585352706,0.,-0.910360276861324));
#3179=DIRECTION('center_axis',(0.,-1.,0.));
#3180=DIRECTION('ref_axis',(-0.339221137902414,0.,-0.940706659698012));
#3181=DIRECTION('center_axis',(0.,1.,0.));
#3182=DIRECTION('ref_axis',(-0.339221137902414,0.,-0.940706659698012));
#3183=DIRECTION('center_axis',(0.,1.,0.));
#3184=DIRECTION('ref_axis',(0.,0.,1.));
#3185=DIRECTION('center_axis',(0.,-1.,0.));
#3186=DIRECTION('ref_axis',(-0.262425711202962,0.,-0.964952198867705));
#3187=DIRECTION('center_axis',(0.,1.,0.));
#3188=DIRECTION('ref_axis',(-0.262425711202962,0.,-0.964952198867705));
#3189=DIRECTION('center_axis',(0.,-1.,0.));
#3190=DIRECTION('ref_axis',(-0.183928353065325,0.,-0.98293965274511));
#3191=DIRECTION('center_axis',(0.,1.,0.));
#3192=DIRECTION('ref_axis',(-0.183928353065325,0.,-0.98293965274511));
#3193=DIRECTION('center_axis',(0.,1.,0.));
#3194=DIRECTION('ref_axis',(0.,0.,1.));
#3195=DIRECTION('center_axis',(0.,-1.,0.));
#3196=DIRECTION('ref_axis',(-0.104238148978944,0.,-0.994552365789476));
#3197=DIRECTION('center_axis',(0.,1.,0.));
#3198=DIRECTION('ref_axis',(-0.104238148978944,0.,-0.994552365789476));
#3199=DIRECTION('center_axis',(0.,-1.,0.));
#3200=DIRECTION('ref_axis',(-0.0238719204969655,0.,-0.999715025100547));
#3201=DIRECTION('center_axis',(0.,1.,0.));
#3202=DIRECTION('ref_axis',(-0.0238719204969655,0.,-0.999715025100547));
#3203=DIRECTION('center_axis',(0.,1.,0.));
#3204=DIRECTION('ref_axis',(0.,0.,1.));
#3205=DIRECTION('center_axis',(0.,-1.,0.));
#3206=DIRECTION('ref_axis',(0.0566491265498491,0.,-0.998394148851614));
#3207=DIRECTION('center_axis',(0.,1.,0.));
#3208=DIRECTION('ref_axis',(0.0566491265498491,0.,-0.998394148851614));
#3209=DIRECTION('center_axis',(0.,-1.,0.));
#3210=DIRECTION('ref_axis',(0.136802782272929,0.,-0.990598303432014));
#3211=DIRECTION('center_axis',(0.,1.,0.));
#3212=DIRECTION('ref_axis',(0.136802782272929,0.,-0.990598303432014));
#3213=DIRECTION('center_axis',(0.,1.,0.));
#3214=DIRECTION('ref_axis',(0.,0.,1.));
#3215=DIRECTION('center_axis',(0.,-1.,0.));
#3216=DIRECTION('ref_axis',(0.216069219457417,0.,-0.976378047890807));
#3217=DIRECTION('center_axis',(0.,1.,0.));
#3218=DIRECTION('ref_axis',(0.216069219457417,0.,-0.976378047890807));
#3219=DIRECTION('center_axis',(0.,-1.,0.));
#3220=DIRECTION('ref_axis',(0.293934364841143,0.,-0.955825606041936));
#3221=DIRECTION('center_axis',(0.,1.,0.));
#3222=DIRECTION('ref_axis',(0.293934364841143,0.,-0.955825606041936));
#3223=DIRECTION('center_axis',(0.,1.,0.));
#3224=DIRECTION('ref_axis',(0.,0.,1.));
#3225=DIRECTION('center_axis',(0.,-1.,0.));
#3226=DIRECTION('ref_axis',(0.369893233076976,0.,-0.929074268357413));
#3227=DIRECTION('center_axis',(0.,1.,0.));
#3228=DIRECTION('ref_axis',(0.369893233076976,0.,-0.929074268357413));
#3229=DIRECTION('center_axis',(0.,-1.,0.));
#3230=DIRECTION('ref_axis',(0.44345320175659,0.,-0.896297527527455));
#3231=DIRECTION('center_axis',(0.,1.,0.));
#3232=DIRECTION('ref_axis',(0.44345320175659,0.,-0.896297527527455));
#3233=DIRECTION('center_axis',(0.,1.,0.));
#3234=DIRECTION('ref_axis',(0.,0.,1.));
#3235=DIRECTION('center_axis',(0.,-1.,0.));
#3236=DIRECTION('ref_axis',(0.514137206255815,0.,-0.857707953293815));
#3237=DIRECTION('center_axis',(0.,1.,0.));
#3238=DIRECTION('ref_axis',(0.514137206255815,0.,-0.857707953293815));
#3239=DIRECTION('center_axis',(0.,-1.,0.));
#3240=DIRECTION('ref_axis',(0.58148683368179,0.,-0.813555813853436));
#3241=DIRECTION('center_axis',(0.,1.,0.));
#3242=DIRECTION('ref_axis',(0.58148683368179,0.,-0.813555813853436));
#3243=DIRECTION('center_axis',(0.,1.,0.));
#3244=DIRECTION('ref_axis',(0.,0.,1.));
#3245=DIRECTION('center_axis',(0.,-1.,0.));
#3246=DIRECTION('ref_axis',(0.645065295856474,0.,-0.764127452773161));
#3247=DIRECTION('center_axis',(0.,1.,0.));
#3248=DIRECTION('ref_axis',(0.645065295856474,0.,-0.764127452773161));
#3249=DIRECTION('center_axis',(0.,-1.,0.));
#3250=DIRECTION('ref_axis',(0.704460262055605,0.,-0.709743431941816));
#3251=DIRECTION('center_axis',(0.,1.,0.));
#3252=DIRECTION('ref_axis',(0.704460262055605,0.,-0.709743431941816));
#3253=DIRECTION('center_axis',(0.,1.,0.));
#3254=DIRECTION('ref_axis',(0.,0.,1.));
#3255=DIRECTION('center_axis',(0.,-1.,0.));
#3256=DIRECTION('ref_axis',(0.759286533131657,0.,-0.65075645260336));
#3257=DIRECTION('center_axis',(0.,1.,0.));
#3258=DIRECTION('ref_axis',(0.759286533131657,0.,-0.65075645260336));
#3259=DIRECTION('center_axis',(0.,-1.,0.));
#3260=DIRECTION('ref_axis',(0.809188539678128,0.,-0.587549067953969));
#3261=DIRECTION('center_axis',(0.,1.,0.));
#3262=DIRECTION('ref_axis',(0.809188539678129,0.,-0.587549067953969));
#3263=DIRECTION('center_axis',(0.,1.,0.));
#3264=DIRECTION('ref_axis',(0.,0.,1.));
#3265=DIRECTION('center_axis',(0.,-1.,0.));
#3266=DIRECTION('ref_axis',(0.853842648033589,0.,-0.520531202137766));
#3267=DIRECTION('center_axis',(0.,1.,0.));
#3268=DIRECTION('ref_axis',(0.853842648033589,0.,-0.520531202137766));
#3269=DIRECTION('center_axis',(0.,-1.,0.));
#3270=DIRECTION('ref_axis',(0.892959259170164,0.,-0.45013749173144));
#3271=DIRECTION('center_axis',(0.,1.,0.));
#3272=DIRECTION('ref_axis',(0.892959259170164,0.,-0.45013749173144));
#3273=DIRECTION('center_axis',(0.,1.,0.));
#3274=DIRECTION('ref_axis',(0.,0.,1.));
#3275=DIRECTION('center_axis',(0.,-1.,0.));
#3276=DIRECTION('ref_axis',(0.926284686854354,0.,-0.376824466959262));
#3277=DIRECTION('center_axis',(0.,1.,0.));
#3278=DIRECTION('ref_axis',(0.926284686854354,0.,-0.376824466959262));
#3279=DIRECTION('center_axis',(0.,-1.,0.));
#3280=DIRECTION('ref_axis',(0.953602802899606,0.,-0.301067590919406));
#3281=DIRECTION('center_axis',(0.,1.,0.));
#3282=DIRECTION('ref_axis',(0.953602802899606,0.,-0.301067590919406));
#3283=DIRECTION('center_axis',(0.,1.,0.));
#3284=DIRECTION('ref_axis',(0.,0.,1.));
#3285=DIRECTION('center_axis',(0.,-1.,0.));
#3286=DIRECTION('ref_axis',(0.974736438840545,0.,-0.223358176023294));
#3287=DIRECTION('center_axis',(0.,1.,0.));
#3288=DIRECTION('ref_axis',(0.974736438840545,0.,-0.223358176023294));
#3289=DIRECTION('center_axis',(0.,-1.,0.));
#3290=DIRECTION('ref_axis',(0.989548534938448,0.,-0.144200197646088));
#3291=DIRECTION('center_axis',(0.,1.,0.));
#3292=DIRECTION('ref_axis',(0.989548534938448,0.,-0.144200197646088));
#3293=DIRECTION('center_axis',(0.,1.,0.));
#3294=DIRECTION('ref_axis',(0.,0.,1.));
#3295=DIRECTION('center_axis',(0.,-1.,0.));
#3296=DIRECTION('ref_axis',(0.997943029066253,0.,-0.0641070256529741));
#3297=DIRECTION('center_axis',(0.,1.,0.));
#3298=DIRECTION('ref_axis',(0.997943029066253,0.,-0.0641070256529741));
#3299=DIRECTION('center_axis',(0.,-1.,0.));
#3300=DIRECTION('ref_axis',(0.999865479708308,0.,0.0164019050013879));
#3301=DIRECTION('center_axis',(0.,1.,0.));
#3302=DIRECTION('ref_axis',(0.999865479708308,0.,0.0164019050013879));
#3303=DIRECTION('center_axis',(0.,1.,0.));
#3304=DIRECTION('ref_axis',(0.,0.,1.));
#3305=DIRECTION('center_axis',(0.,-1.,0.));
#3306=DIRECTION('ref_axis',(0.995303419034494,0.,0.0968044630078875));
#3307=DIRECTION('center_axis',(0.,1.,0.));
#3308=DIRECTION('ref_axis',(0.995303419034494,0.,0.0968044630078875));
#3309=DIRECTION('center_axis',(0.,-1.,0.));
#3310=DIRECTION('ref_axis',(0.984286433758888,0.,0.17657920692485));
#3311=DIRECTION('center_axis',(0.,1.,0.));
#3312=DIRECTION('ref_axis',(0.984286433758889,0.,0.17657920692485));
#3313=DIRECTION('center_axis',(0.,1.,0.));
#3314=DIRECTION('ref_axis',(0.,0.,1.));
#3315=DIRECTION('center_axis',(0.,-1.,0.));
#3316=DIRECTION('ref_axis',(0.966885973258568,0.,0.255208766925889));
#3317=DIRECTION('center_axis',(0.,1.,0.));
#3318=DIRECTION('ref_axis',(0.966885973258567,0.,0.255208766925889));
#3319=DIRECTION('center_axis',(0.,-1.,0.));
#3320=DIRECTION('ref_axis',(0.943214886196982,0.,0.33218320014175));
#3321=DIRECTION('center_axis',(0.,1.,0.));
#3322=DIRECTION('ref_axis',(0.943214886196982,0.,0.33218320014175));
#3323=DIRECTION('center_axis',(0.,1.,0.));
#3324=DIRECTION('ref_axis',(0.,0.,1.));
#3325=DIRECTION('center_axis',(0.,-1.,0.));
#3326=DIRECTION('ref_axis',(0.913426688657072,0.,0.407003297835505));
#3327=DIRECTION('center_axis',(0.,1.,0.));
#3328=DIRECTION('ref_axis',(0.913426688657072,0.,0.407003297835505));
#3329=DIRECTION('center_axis',(0.,-1.,0.));
#3330=DIRECTION('ref_axis',(0.877714568530553,0.,0.47918382296278));
#3331=DIRECTION('center_axis',(0.,1.,0.));
#3332=DIRECTION('ref_axis',(0.877714568530553,0.,0.47918382296278));
#3333=DIRECTION('center_axis',(0.,1.,0.));
#3334=DIRECTION('ref_axis',(0.,0.,1.));
#3335=DIRECTION('center_axis',(0.,1.,0.));
#3336=DIRECTION('ref_axis',(0.836310132620316,0.,0.548256657120176));
#3337=DIRECTION('center_axis',(0.,-1.,0.));
#3338=DIRECTION('ref_axis',(0.836310132620316,0.,0.548256657120176));
#3339=DIRECTION('center_axis',(0.,1.,0.));
#3340=DIRECTION('ref_axis',(0.789481904581428,0.,0.613773836472752));
#3341=DIRECTION('center_axis',(0.,-1.,0.));
#3342=DIRECTION('ref_axis',(0.789481904581428,0.,0.613773836472752));
#3343=DIRECTION('center_axis',(0.,1.,0.));
#3344=DIRECTION('ref_axis',(0.,0.,1.));
#3345=DIRECTION('center_axis',(0.,1.,0.));
#3346=DIRECTION('ref_axis',(0.737533583442189,0.,0.675310456971401));
#3347=DIRECTION('center_axis',(0.,-1.,0.));
#3348=DIRECTION('ref_axis',(0.737533583442189,0.,0.675310456971402));
#3349=DIRECTION('center_axis',(0.,1.,0.));
#3350=DIRECTION('ref_axis',(0.680802073999402,0.,0.732467430018641));
#3351=DIRECTION('center_axis',(0.,-1.,0.));
#3352=DIRECTION('ref_axis',(0.680802073999402,0.,0.732467430018641));
#3353=DIRECTION('center_axis',(0.,1.,0.));
#3354=DIRECTION('ref_axis',(0.,0.,1.));
#3355=DIRECTION('center_axis',(0.,1.,0.));
#3356=DIRECTION('ref_axis',(0.619655301861472,0.,0.784874070711326));
#3357=DIRECTION('center_axis',(0.,-1.,0.));
#3358=DIRECTION('ref_axis',(0.619655301861472,0.,0.784874070711326));
#3359=DIRECTION('center_axis',(0.,1.,0.));
#3360=DIRECTION('ref_axis',(0.554489827309662,0.,0.832190501874481));
#3361=DIRECTION('center_axis',(0.,-1.,0.));
#3362=DIRECTION('ref_axis',(0.554489827309662,0.,0.832190501874481));
#3363=DIRECTION('center_axis',(0.,1.,0.));
#3364=DIRECTION('ref_axis',(0.,0.,1.));
#3365=DIRECTION('center_axis',(0.,1.,0.));
#3366=DIRECTION('ref_axis',(0.485728273452493,0.,0.874109858295203));
#3367=DIRECTION('center_axis',(0.,-1.,0.));
#3368=DIRECTION('ref_axis',(0.485728273452493,0.,0.874109858295203));
#3369=DIRECTION('center_axis',(0.,1.,0.));
#3370=DIRECTION('ref_axis',(0.413816585352707,0.,0.910360276861324));
#3371=DIRECTION('center_axis',(0.,-1.,0.));
#3372=DIRECTION('ref_axis',(0.413816585352707,0.,0.910360276861324));
#3373=DIRECTION('center_axis',(0.,1.,0.));
#3374=DIRECTION('ref_axis',(0.,0.,1.));
#3375=DIRECTION('center_axis',(0.,1.,0.));
#3376=DIRECTION('ref_axis',(0.339221137902414,0.,0.940706659698012));
#3377=DIRECTION('center_axis',(0.,-1.,0.));
#3378=DIRECTION('ref_axis',(0.339221137902414,0.,0.940706659698012));
#3379=DIRECTION('center_axis',(0.,1.,0.));
#3380=DIRECTION('ref_axis',(0.262425711202961,0.,0.964952198867706));
#3381=DIRECTION('center_axis',(0.,-1.,0.));
#3382=DIRECTION('ref_axis',(0.262425711202961,0.,0.964952198867706));
#3383=DIRECTION('center_axis',(0.,1.,0.));
#3384=DIRECTION('ref_axis',(0.,0.,1.));
#3385=DIRECTION('center_axis',(0.,1.,0.));
#3386=DIRECTION('ref_axis',(0.183928353065326,0.,0.98293965274511));
#3387=DIRECTION('center_axis',(0.,-1.,0.));
#3388=DIRECTION('ref_axis',(0.183928353065326,0.,0.98293965274511));
#3389=DIRECTION('center_axis',(0.,1.,0.));
#3390=DIRECTION('ref_axis',(0.104238148978944,0.,0.994552365789476));
#3391=DIRECTION('center_axis',(0.,-1.,0.));
#3392=DIRECTION('ref_axis',(0.104238148978944,0.,0.994552365789476));
#3393=DIRECTION('center_axis',(0.,1.,0.));
#3394=DIRECTION('ref_axis',(0.,0.,1.));
#3395=DIRECTION('center_axis',(0.,1.,0.));
#3396=DIRECTION('ref_axis',(0.0238719204969643,0.,0.999715025100547));
#3397=DIRECTION('center_axis',(0.,-1.,0.));
#3398=DIRECTION('ref_axis',(0.0238719204969643,0.,0.999715025100547));
#3399=DIRECTION('center_axis',(0.,1.,0.));
#3400=DIRECTION('ref_axis',(-0.0566491265498481,0.,0.998394148851614));
#3401=DIRECTION('center_axis',(0.,-1.,0.));
#3402=DIRECTION('ref_axis',(-0.0566491265498481,0.,0.998394148851614));
#3403=DIRECTION('center_axis',(0.,1.,0.));
#3404=DIRECTION('ref_axis',(0.,0.,1.));
#3405=DIRECTION('center_axis',(0.,1.,0.));
#3406=DIRECTION('ref_axis',(-0.136802782272927,0.,0.990598303432015));
#3407=DIRECTION('center_axis',(0.,-1.,0.));
#3408=DIRECTION('ref_axis',(-0.136802782272927,0.,0.990598303432015));
#3409=DIRECTION('center_axis',(0.,1.,0.));
#3410=DIRECTION('ref_axis',(-0.216069219457419,0.,0.976378047890806));
#3411=DIRECTION('center_axis',(0.,-1.,0.));
#3412=DIRECTION('ref_axis',(-0.216069219457419,0.,0.976378047890806));
#3413=DIRECTION('center_axis',(0.,1.,0.));
#3414=DIRECTION('ref_axis',(0.,0.,1.));
#3415=DIRECTION('center_axis',(0.,1.,0.));
#3416=DIRECTION('ref_axis',(-0.293934364841143,0.,0.955825606041936));
#3417=DIRECTION('center_axis',(0.,-1.,0.));
#3418=DIRECTION('ref_axis',(-0.293934364841143,0.,0.955825606041936));
#3419=DIRECTION('center_axis',(0.,1.,0.));
#3420=DIRECTION('ref_axis',(-0.369893233076977,0.,0.929074268357413));
#3421=DIRECTION('center_axis',(0.,-1.,0.));
#3422=DIRECTION('ref_axis',(-0.369893233076977,0.,0.929074268357412));
#3423=DIRECTION('center_axis',(0.,1.,0.));
#3424=DIRECTION('ref_axis',(0.,0.,1.));
#3425=DIRECTION('center_axis',(0.,1.,0.));
#3426=DIRECTION('ref_axis',(-0.44345320175659,0.,0.896297527527455));
#3427=DIRECTION('center_axis',(0.,-1.,0.));
#3428=DIRECTION('ref_axis',(-0.44345320175659,0.,0.896297527527455));
#3429=DIRECTION('center_axis',(0.,1.,0.));
#3430=DIRECTION('ref_axis',(-0.514137206255815,0.,0.857707953293815));
#3431=DIRECTION('center_axis',(0.,-1.,0.));
#3432=DIRECTION('ref_axis',(-0.514137206255815,0.,0.857707953293815));
#3433=DIRECTION('center_axis',(0.,1.,0.));
#3434=DIRECTION('ref_axis',(0.,0.,1.));
#3435=DIRECTION('center_axis',(0.,1.,0.));
#3436=DIRECTION('ref_axis',(-0.581486833681789,0.,0.813555813853437));
#3437=DIRECTION('center_axis',(0.,-1.,0.));
#3438=DIRECTION('ref_axis',(-0.581486833681789,0.,0.813555813853437));
#3439=DIRECTION('center_axis',(0.,1.,0.));
#3440=DIRECTION('ref_axis',(-0.645065295856475,0.,0.76412745277316));
#3441=DIRECTION('center_axis',(0.,-1.,0.));
#3442=DIRECTION('ref_axis',(-0.645065295856475,0.,0.76412745277316));
#3443=DIRECTION('center_axis',(0.,1.,0.));
#3444=DIRECTION('ref_axis',(0.,0.,1.));
#3445=DIRECTION('center_axis',(0.,1.,0.));
#3446=DIRECTION('ref_axis',(-0.704460262055605,0.,0.709743431941817));
#3447=DIRECTION('center_axis',(0.,-1.,0.));
#3448=DIRECTION('ref_axis',(-0.704460262055605,0.,0.709743431941817));
#3449=DIRECTION('center_axis',(0.,1.,0.));
#3450=DIRECTION('ref_axis',(-0.759286533131657,0.,0.65075645260336));
#3451=DIRECTION('center_axis',(0.,-1.,0.));
#3452=DIRECTION('ref_axis',(-0.759286533131657,0.,0.65075645260336));
#3453=DIRECTION('center_axis',(0.,1.,0.));
#3454=DIRECTION('ref_axis',(0.,0.,1.));
#3455=DIRECTION('center_axis',(0.,1.,0.));
#3456=DIRECTION('ref_axis',(-0.809188539678127,0.,0.587549067953971));
#3457=DIRECTION('center_axis',(0.,-1.,0.));
#3458=DIRECTION('ref_axis',(-0.809188539678127,0.,0.587549067953971));
#3459=DIRECTION('center_axis',(0.,1.,0.));
#3460=DIRECTION('ref_axis',(-0.853842648033589,0.,0.520531202137767));
#3461=DIRECTION('center_axis',(0.,-1.,0.));
#3462=DIRECTION('ref_axis',(-0.853842648033589,0.,0.520531202137767));
#3463=DIRECTION('center_axis',(0.,1.,0.));
#3464=DIRECTION('ref_axis',(0.,0.,1.));
#3465=DIRECTION('center_axis',(0.,1.,0.));
#3466=DIRECTION('ref_axis',(-0.892959259170164,0.,0.450137491731439));
#3467=DIRECTION('center_axis',(0.,-1.,0.));
#3468=DIRECTION('ref_axis',(-0.892959259170164,0.,0.450137491731439));
#3469=DIRECTION('center_axis',(0.,1.,0.));
#3470=DIRECTION('ref_axis',(-0.926284686854354,0.,0.376824466959261));
#3471=DIRECTION('center_axis',(0.,-1.,0.));
#3472=DIRECTION('ref_axis',(-0.926284686854354,0.,0.376824466959261));
#3473=DIRECTION('center_axis',(0.,1.,0.));
#3474=DIRECTION('ref_axis',(0.,0.,1.));
#3475=DIRECTION('center_axis',(0.,1.,0.));
#3476=DIRECTION('ref_axis',(-0.953602802899607,0.,0.301067590919405));
#3477=DIRECTION('center_axis',(0.,-1.,0.));
#3478=DIRECTION('ref_axis',(-0.953602802899607,0.,0.301067590919405));
#3479=DIRECTION('center_axis',(0.,1.,0.));
#3480=DIRECTION('ref_axis',(-0.974736438840545,0.,0.223358176023294));
#3481=DIRECTION('center_axis',(0.,-1.,0.));
#3482=DIRECTION('ref_axis',(-0.974736438840545,0.,0.223358176023294));
#3483=DIRECTION('center_axis',(0.,1.,0.));
#3484=DIRECTION('ref_axis',(0.,0.,1.));
#3485=DIRECTION('center_axis',(0.,1.,0.));
#3486=DIRECTION('ref_axis',(-0.989548534938448,0.,0.144200197646086));
#3487=DIRECTION('center_axis',(0.,-1.,0.));
#3488=DIRECTION('ref_axis',(-0.989548534938448,0.,0.144200197646086));
#3489=DIRECTION('center_axis',(0.,1.,0.));
#3490=DIRECTION('ref_axis',(-0.997943029066253,0.,0.064107025652972));
#3491=DIRECTION('center_axis',(0.,-1.,0.));
#3492=DIRECTION('ref_axis',(-0.997943029066253,0.,0.064107025652972));
#3493=DIRECTION('center_axis',(0.,1.,0.));
#3494=DIRECTION('ref_axis',(0.,0.,1.));
#3495=DIRECTION('center_axis',(0.,1.,0.));
#3496=DIRECTION('ref_axis',(-0.999865479708308,0.,-0.0164019050013879));
#3497=DIRECTION('center_axis',(0.,-1.,0.));
#3498=DIRECTION('ref_axis',(-0.999865479708308,0.,-0.0164019050013879));
#3499=DIRECTION('center_axis',(0.,1.,0.));
#3500=DIRECTION('ref_axis',(-0.995303419034494,0.,-0.0968044630078869));
#3501=DIRECTION('center_axis',(0.,-1.,0.));
#3502=DIRECTION('ref_axis',(-0.995303419034495,0.,-0.0968044630078869));
#3503=DIRECTION('center_axis',(0.,1.,0.));
#3504=DIRECTION('ref_axis',(0.,0.,1.));
#3505=DIRECTION('center_axis',(0.,1.,0.));
#3506=DIRECTION('ref_axis',(-0.984286433758888,0.,-0.176579206924851));
#3507=DIRECTION('center_axis',(0.,-1.,0.));
#3508=DIRECTION('ref_axis',(-0.984286433758889,0.,-0.176579206924851));
#3509=DIRECTION('center_axis',(0.,1.,0.));
#3510=DIRECTION('ref_axis',(-0.966885973258567,0.,-0.255208766925889));
#3511=DIRECTION('center_axis',(0.,-1.,0.));
#3512=DIRECTION('ref_axis',(-0.966885973258568,0.,-0.255208766925889));
#3513=DIRECTION('center_axis',(0.,1.,0.));
#3514=DIRECTION('ref_axis',(0.,0.,1.));
#3515=DIRECTION('center_axis',(0.,1.,0.));
#3516=DIRECTION('ref_axis',(-0.943214886196983,0.,-0.332183200141748));
#3517=DIRECTION('center_axis',(0.,-1.,0.));
#3518=DIRECTION('ref_axis',(-0.943214886196983,0.,-0.332183200141748));
#3519=DIRECTION('center_axis',(0.,1.,0.));
#3520=DIRECTION('ref_axis',(-0.913426688657072,0.,-0.407003297835505));
#3521=DIRECTION('center_axis',(0.,-1.,0.));
#3522=DIRECTION('ref_axis',(-0.913426688657072,0.,-0.407003297835505));
#3523=DIRECTION('center_axis',(0.,1.,0.));
#3524=DIRECTION('ref_axis',(1.,0.,0.));
#3525=DIRECTION('',(0.,1.,0.));
#3526=DIRECTION('center_axis',(0.,-1.,0.));
#3527=DIRECTION('ref_axis',(1.,0.,0.));
#3528=DIRECTION('',(0.,1.,0.));
#3529=DIRECTION('center_axis',(0.,1.,0.));
#3530=DIRECTION('ref_axis',(1.,0.,0.));
#3531=DIRECTION('',(0.,1.,0.));
#3532=DIRECTION('center_axis',(0.,-1.,0.));
#3533=DIRECTION('ref_axis',(1.,0.,0.));
#3534=DIRECTION('center_axis',(0.,1.,0.));
#3535=DIRECTION('ref_axis',(1.,0.,0.));
#3536=DIRECTION('',(0.,1.,0.));
#3537=DIRECTION('center_axis',(0.,-1.,0.));
#3538=DIRECTION('ref_axis',(1.,0.,0.));
#3539=DIRECTION('center_axis',(0.,1.,0.));
#3540=DIRECTION('ref_axis',(1.,0.,0.));
#3541=DIRECTION('',(0.,1.,0.));
#3542=DIRECTION('center_axis',(0.,-1.,0.));
#3543=DIRECTION('ref_axis',(1.,0.,0.));
#3544=DIRECTION('center_axis',(0.,1.,0.));
#3545=DIRECTION('ref_axis',(1.,0.,0.));
#3546=DIRECTION('',(0.,1.,0.));
#3547=DIRECTION('center_axis',(0.,-1.,0.));
#3548=DIRECTION('ref_axis',(1.,0.,0.));
#3549=DIRECTION('center_axis',(0.,1.,0.));
#3550=DIRECTION('ref_axis',(1.,0.,0.));
#3551=DIRECTION('',(0.,1.,0.));
#3552=DIRECTION('center_axis',(0.,-1.,0.));
#3553=DIRECTION('ref_axis',(1.,0.,0.));
#3554=DIRECTION('center_axis',(0.,1.,0.));
#3555=DIRECTION('ref_axis',(1.,0.,0.));
#3556=DIRECTION('',(0.,1.,0.));
#3557=DIRECTION('center_axis',(0.,-1.,0.));
#3558=DIRECTION('ref_axis',(1.,0.,0.));
#3559=DIRECTION('center_axis',(0.,1.,0.));
#3560=DIRECTION('ref_axis',(1.,0.,0.));
#3561=DIRECTION('',(0.,1.,0.));
#3562=DIRECTION('center_axis',(0.,-1.,0.));
#3563=DIRECTION('ref_axis',(1.,0.,0.));
#3564=DIRECTION('center_axis',(0.,1.,0.));
#3565=DIRECTION('ref_axis',(1.,0.,0.));
#3566=DIRECTION('',(0.,1.,0.));
#3567=DIRECTION('center_axis',(0.,-1.,0.));
#3568=DIRECTION('ref_axis',(1.,0.,0.));
#3569=DIRECTION('center_axis',(0.,1.,0.));
#3570=DIRECTION('ref_axis',(1.,0.,0.));
#3571=DIRECTION('',(0.,1.,0.));
#3572=DIRECTION('center_axis',(0.,-1.,0.));
#3573=DIRECTION('ref_axis',(1.,0.,0.));
#3574=DIRECTION('center_axis',(0.,1.,0.));
#3575=DIRECTION('ref_axis',(1.,0.,0.));
#3576=DIRECTION('',(0.,1.,0.));
#3577=DIRECTION('center_axis',(0.,-1.,0.));
#3578=DIRECTION('ref_axis',(1.,0.,0.));
#3579=DIRECTION('center_axis',(0.,1.,0.));
#3580=DIRECTION('ref_axis',(1.,0.,0.));
#3581=DIRECTION('',(0.,1.,0.));
#3582=DIRECTION('center_axis',(0.,-1.,0.));
#3583=DIRECTION('ref_axis',(1.,0.,0.));
#3584=DIRECTION('center_axis',(0.,1.,0.));
#3585=DIRECTION('ref_axis',(1.,0.,0.));
#3586=DIRECTION('',(0.,1.,0.));
#3587=DIRECTION('center_axis',(0.,-1.,0.));
#3588=DIRECTION('ref_axis',(1.,0.,0.));
#3589=DIRECTION('center_axis',(0.,1.,0.));
#3590=DIRECTION('ref_axis',(1.,0.,0.));
#3591=DIRECTION('',(0.,1.,0.));
#3592=DIRECTION('center_axis',(0.,-1.,0.));
#3593=DIRECTION('ref_axis',(1.,0.,0.));
#3594=DIRECTION('center_axis',(0.,1.,0.));
#3595=DIRECTION('ref_axis',(1.,0.,0.));
#3596=DIRECTION('',(0.,1.,0.));
#3597=DIRECTION('center_axis',(0.,-1.,0.));
#3598=DIRECTION('ref_axis',(1.,0.,0.));
#3599=DIRECTION('center_axis',(0.,1.,0.));
#3600=DIRECTION('ref_axis',(1.,0.,0.));
#3601=DIRECTION('',(0.,1.,0.));
#3602=DIRECTION('center_axis',(0.,-1.,0.));
#3603=DIRECTION('ref_axis',(1.,0.,0.));
#3604=DIRECTION('center_axis',(0.,1.,0.));
#3605=DIRECTION('ref_axis',(1.,0.,0.));
#3606=DIRECTION('',(0.,1.,0.));
#3607=DIRECTION('center_axis',(0.,-1.,0.));
#3608=DIRECTION('ref_axis',(1.,0.,0.));
#3609=DIRECTION('center_axis',(0.,1.,0.));
#3610=DIRECTION('ref_axis',(1.,0.,0.));
#3611=DIRECTION('',(0.,1.,0.));
#3612=DIRECTION('center_axis',(0.,-1.,0.));
#3613=DIRECTION('ref_axis',(1.,0.,0.));
#3614=DIRECTION('center_axis',(0.,1.,0.));
#3615=DIRECTION('ref_axis',(1.,0.,0.));
#3616=DIRECTION('',(0.,1.,0.));
#3617=DIRECTION('center_axis',(0.,-1.,0.));
#3618=DIRECTION('ref_axis',(1.,0.,0.));
#3619=DIRECTION('center_axis',(0.,1.,0.));
#3620=DIRECTION('ref_axis',(1.,0.,0.));
#3621=DIRECTION('',(0.,1.,0.));
#3622=DIRECTION('center_axis',(0.,-1.,0.));
#3623=DIRECTION('ref_axis',(1.,0.,0.));
#3624=DIRECTION('center_axis',(0.,1.,0.));
#3625=DIRECTION('ref_axis',(1.,0.,0.));
#3626=DIRECTION('',(0.,1.,0.));
#3627=DIRECTION('center_axis',(0.,-1.,0.));
#3628=DIRECTION('ref_axis',(1.,0.,0.));
#3629=DIRECTION('center_axis',(0.,1.,0.));
#3630=DIRECTION('ref_axis',(-0.645065295856475,0.,0.76412745277316));
#3631=DIRECTION('',(0.,1.,0.));
#3632=DIRECTION('center_axis',(0.,-1.,0.));
#3633=DIRECTION('ref_axis',(1.,0.,0.));
#3634=DIRECTION('center_axis',(0.,1.,0.));
#3635=DIRECTION('ref_axis',(1.,0.,0.));
#3636=DIRECTION('',(0.,1.,0.));
#3637=DIRECTION('center_axis',(0.,-1.,0.));
#3638=DIRECTION('ref_axis',(1.,0.,0.));
#3639=DIRECTION('center_axis',(0.,1.,0.));
#3640=DIRECTION('ref_axis',(-0.759286533131657,0.,0.65075645260336));
#3641=DIRECTION('',(0.,1.,0.));
#3642=DIRECTION('center_axis',(0.,-1.,0.));
#3643=DIRECTION('ref_axis',(1.,0.,0.));
#3644=DIRECTION('center_axis',(0.,1.,0.));
#3645=DIRECTION('ref_axis',(1.,0.,0.));
#3646=DIRECTION('',(0.,1.,0.));
#3647=DIRECTION('center_axis',(0.,-1.,0.));
#3648=DIRECTION('ref_axis',(1.,0.,0.));
#3649=DIRECTION('center_axis',(0.,1.,0.));
#3650=DIRECTION('ref_axis',(-0.853842648033588,0.,0.520531202137768));
#3651=DIRECTION('',(0.,1.,0.));
#3652=DIRECTION('center_axis',(0.,-1.,0.));
#3653=DIRECTION('ref_axis',(1.,0.,0.));
#3654=DIRECTION('center_axis',(0.,1.,0.));
#3655=DIRECTION('ref_axis',(1.,0.,0.));
#3656=DIRECTION('',(0.,1.,0.));
#3657=DIRECTION('center_axis',(0.,-1.,0.));
#3658=DIRECTION('ref_axis',(1.,0.,0.));
#3659=DIRECTION('center_axis',(0.,1.,0.));
#3660=DIRECTION('ref_axis',(-0.926284686854354,0.,0.376824466959262));
#3661=DIRECTION('',(0.,1.,0.));
#3662=DIRECTION('center_axis',(0.,-1.,0.));
#3663=DIRECTION('ref_axis',(1.,0.,0.));
#3664=DIRECTION('center_axis',(0.,1.,0.));
#3665=DIRECTION('ref_axis',(1.,0.,0.));
#3666=DIRECTION('',(0.,1.,0.));
#3667=DIRECTION('center_axis',(0.,-1.,0.));
#3668=DIRECTION('ref_axis',(1.,0.,0.));
#3669=DIRECTION('center_axis',(0.,1.,0.));
#3670=DIRECTION('ref_axis',(-0.974736438840545,0.,0.223358176023293));
#3671=DIRECTION('',(0.,1.,0.));
#3672=DIRECTION('center_axis',(0.,-1.,0.));
#3673=DIRECTION('ref_axis',(1.,0.,0.));
#3674=DIRECTION('center_axis',(0.,1.,0.));
#3675=DIRECTION('ref_axis',(1.,0.,0.));
#3676=DIRECTION('',(0.,1.,0.));
#3677=DIRECTION('center_axis',(0.,-1.,0.));
#3678=DIRECTION('ref_axis',(1.,0.,0.));
#3679=DIRECTION('center_axis',(0.,1.,0.));
#3680=DIRECTION('ref_axis',(-0.997943029066253,0.,0.0641070256529721));
#3681=DIRECTION('',(0.,1.,0.));
#3682=DIRECTION('center_axis',(0.,-1.,0.));
#3683=DIRECTION('ref_axis',(1.,0.,0.));
#3684=DIRECTION('center_axis',(0.,1.,0.));
#3685=DIRECTION('ref_axis',(1.,0.,0.));
#3686=DIRECTION('',(0.,1.,0.));
#3687=DIRECTION('center_axis',(0.,-1.,0.));
#3688=DIRECTION('ref_axis',(1.,0.,0.));
#3689=DIRECTION('center_axis',(0.,1.,0.));
#3690=DIRECTION('ref_axis',(-0.995303419034494,0.,-0.0968044630078868));
#3691=DIRECTION('',(0.,1.,0.));
#3692=DIRECTION('center_axis',(0.,-1.,0.));
#3693=DIRECTION('ref_axis',(1.,0.,0.));
#3694=DIRECTION('center_axis',(0.,1.,0.));
#3695=DIRECTION('ref_axis',(1.,0.,0.));
#3696=DIRECTION('',(0.,1.,0.));
#3697=DIRECTION('center_axis',(0.,-1.,0.));
#3698=DIRECTION('ref_axis',(1.,0.,0.));
#3699=DIRECTION('center_axis',(0.,1.,0.));
#3700=DIRECTION('ref_axis',(-0.966885973258568,0.,-0.255208766925889));
#3701=DIRECTION('',(0.,1.,0.));
#3702=DIRECTION('center_axis',(0.,-1.,0.));
#3703=DIRECTION('ref_axis',(1.,0.,0.));
#3704=DIRECTION('center_axis',(0.,1.,0.));
#3705=DIRECTION('ref_axis',(1.,0.,0.));
#3706=DIRECTION('',(0.,1.,0.));
#3707=DIRECTION('center_axis',(0.,-1.,0.));
#3708=DIRECTION('ref_axis',(1.,0.,0.));
#3709=DIRECTION('center_axis',(0.,1.,0.));
#3710=DIRECTION('ref_axis',(-0.913426688657072,0.,-0.407003297835505));
#3711=DIRECTION('',(0.,1.,0.));
#3712=DIRECTION('center_axis',(0.,-1.,0.));
#3713=DIRECTION('ref_axis',(1.,0.,0.));
#3714=DIRECTION('center_axis',(0.,1.,0.));
#3715=DIRECTION('ref_axis',(1.,0.,0.));
#3716=DIRECTION('',(0.,1.,0.));
#3717=DIRECTION('center_axis',(0.,-1.,0.));
#3718=DIRECTION('ref_axis',(1.,0.,0.));
#3719=DIRECTION('center_axis',(0.,1.,0.));
#3720=DIRECTION('ref_axis',(1.,0.,0.));
#3721=DIRECTION('center_axis',(0.,1.,0.));
#3722=DIRECTION('ref_axis',(0.,0.,1.));
#3723=DIRECTION('center_axis',(0.,-1.,0.));
#3724=DIRECTION('ref_axis',(-0.991393870882467,0.,-0.130912920587234));
#3725=DIRECTION('center_axis',(-1.,0.,1.22464679914735E-16));
#3726=DIRECTION('ref_axis',(-1.22464679914735E-16,0.,-1.));
#3727=DIRECTION('center_axis',(0.,1.,0.));
#3728=DIRECTION('ref_axis',(1.,0.,0.));
#3729=DIRECTION('center_axis',(0.,1.,0.));
#3730=DIRECTION('ref_axis',(1.,0.,0.));
#3731=DIRECTION('center_axis',(0.,-1.,0.));
#3732=DIRECTION('ref_axis',(0.,0.,-1.));
#3733=DIRECTION('center_axis',(-1.,0.,-1.22464679914735E-16));
#3734=DIRECTION('ref_axis',(-1.22464679914735E-16,0.,1.));
#3735=DIRECTION('center_axis',(0.,-1.,0.));
#3736=DIRECTION('ref_axis',(1.,0.,0.));
#3737=DIRECTION('center_axis',(0.,-1.,0.));
#3738=DIRECTION('ref_axis',(1.,0.,0.));
#3739=DIRECTION('center_axis',(0.,1.,0.));
#3740=DIRECTION('ref_axis',(1.,0.,0.));
#3741=DIRECTION('',(0.,1.,0.));
#3742=DIRECTION('center_axis',(0.,1.,0.));
#3743=DIRECTION('ref_axis',(1.,0.,0.));
#3744=DIRECTION('center_axis',(0.,1.,0.));
#3745=DIRECTION('ref_axis',(1.,0.,0.));
#3746=DIRECTION('center_axis',(0.,1.,0.));
#3747=DIRECTION('ref_axis',(1.,0.,0.));
#3748=DIRECTION('center_axis',(0.,-1.,0.));
#3749=DIRECTION('ref_axis',(1.,0.,0.));
#3750=DIRECTION('center_axis',(0.,-1.,0.));
#3751=DIRECTION('ref_axis',(1.,0.,0.));
#3752=DIRECTION('center_axis',(0.,-1.,0.));
#3753=DIRECTION('ref_axis',(1.,0.,0.));
#3754=DIRECTION('center_axis',(0.,-1.,0.));
#3755=DIRECTION('ref_axis',(1.,0.,0.));
#3756=DIRECTION('center_axis',(0.,-1.,0.));
#3757=DIRECTION('ref_axis',(1.,0.,0.));
#3758=DIRECTION('center_axis',(0.,-1.,0.));
#3759=DIRECTION('ref_axis',(1.,0.,0.));
#3760=DIRECTION('center_axis',(0.,-1.,0.));
#3761=DIRECTION('ref_axis',(1.,0.,0.));
#3762=DIRECTION('center_axis',(0.,-1.,0.));
#3763=DIRECTION('ref_axis',(1.,0.,0.));
#3764=DIRECTION('center_axis',(0.,-1.,0.));
#3765=DIRECTION('ref_axis',(1.,0.,0.));
#3766=DIRECTION('center_axis',(0.,-1.,0.));
#3767=DIRECTION('ref_axis',(1.,0.,0.));
#3768=DIRECTION('center_axis',(0.,-1.,0.));
#3769=DIRECTION('ref_axis',(1.,0.,0.));
#3770=DIRECTION('center_axis',(0.,-1.,0.));
#3771=DIRECTION('ref_axis',(1.,0.,0.));
#3772=DIRECTION('center_axis',(0.,-1.,0.));
#3773=DIRECTION('ref_axis',(1.,0.,0.));
#3774=DIRECTION('center_axis',(0.,-1.,0.));
#3775=DIRECTION('ref_axis',(1.,0.,0.));
#3776=DIRECTION('center_axis',(0.,-1.,0.));
#3777=DIRECTION('ref_axis',(1.,0.,0.));
#3778=DIRECTION('center_axis',(0.,-1.,0.));
#3779=DIRECTION('ref_axis',(1.,0.,0.));
#3780=DIRECTION('center_axis',(0.,-1.,0.));
#3781=DIRECTION('ref_axis',(1.,0.,0.));
#3782=DIRECTION('center_axis',(0.,-1.,0.));
#3783=DIRECTION('ref_axis',(1.,0.,0.));
#3784=DIRECTION('center_axis',(0.,-1.,0.));
#3785=DIRECTION('ref_axis',(1.,0.,0.));
#3786=DIRECTION('center_axis',(0.,-1.,0.));
#3787=DIRECTION('ref_axis',(1.,0.,0.));
#3788=DIRECTION('center_axis',(0.,-1.,0.));
#3789=DIRECTION('ref_axis',(1.,0.,0.));
#3790=DIRECTION('center_axis',(0.,-1.,0.));
#3791=DIRECTION('ref_axis',(1.,0.,0.));
#3792=DIRECTION('center_axis',(0.,-1.,0.));
#3793=DIRECTION('ref_axis',(1.,0.,0.));
#3794=DIRECTION('center_axis',(0.,-1.,0.));
#3795=DIRECTION('ref_axis',(1.,0.,0.));
#3796=DIRECTION('center_axis',(0.,-1.,0.));
#3797=DIRECTION('ref_axis',(1.,0.,0.));
#3798=DIRECTION('center_axis',(0.,-1.,0.));
#3799=DIRECTION('ref_axis',(1.,0.,0.));
#3800=DIRECTION('center_axis',(0.,-1.,0.));
#3801=DIRECTION('ref_axis',(1.,0.,0.));
#3802=DIRECTION('center_axis',(0.,-1.,0.));
#3803=DIRECTION('ref_axis',(1.,0.,0.));
#3804=DIRECTION('center_axis',(0.,-1.,0.));
#3805=DIRECTION('ref_axis',(1.,0.,0.));
#3806=DIRECTION('center_axis',(0.,-1.,0.));
#3807=DIRECTION('ref_axis',(1.,0.,0.));
#3808=DIRECTION('center_axis',(0.,-1.,0.));
#3809=DIRECTION('ref_axis',(1.,0.,0.));
#3810=DIRECTION('center_axis',(0.,-1.,0.));
#3811=DIRECTION('ref_axis',(1.,0.,0.));
#3812=DIRECTION('center_axis',(0.,-1.,0.));
#3813=DIRECTION('ref_axis',(1.,0.,0.));
#3814=DIRECTION('center_axis',(0.,-1.,0.));
#3815=DIRECTION('ref_axis',(1.,0.,0.));
#3816=DIRECTION('center_axis',(0.,-1.,0.));
#3817=DIRECTION('ref_axis',(1.,0.,0.));
#3818=DIRECTION('center_axis',(0.,-1.,0.));
#3819=DIRECTION('ref_axis',(1.,0.,0.));
#3820=DIRECTION('center_axis',(0.,-1.,0.));
#3821=DIRECTION('ref_axis',(1.,0.,0.));
#3822=DIRECTION('center_axis',(0.,-1.,0.));
#3823=DIRECTION('ref_axis',(1.,0.,0.));
#3824=DIRECTION('center_axis',(0.,-1.,0.));
#3825=DIRECTION('ref_axis',(1.,0.,0.));
#3826=DIRECTION('center_axis',(0.,1.,0.));
#3827=DIRECTION('ref_axis',(1.,0.,0.));
#3828=DIRECTION('center_axis',(0.,1.,0.));
#3829=DIRECTION('ref_axis',(1.,0.,0.));
#3830=DIRECTION('',(0.757236992862499,0.,0.653140212083562));
#3831=DIRECTION('center_axis',(-0.653140212083562,0.,0.757236992862499));
#3832=DIRECTION('ref_axis',(0.757236992862499,0.,0.653140212083562));
#3833=DIRECTION('center_axis',(0.,1.,0.));
#3834=DIRECTION('ref_axis',(1.,0.,0.));
#3835=DIRECTION('',(0.,1.,0.));
#3836=DIRECTION('center_axis',(0.,-1.,0.));
#3837=DIRECTION('ref_axis',(1.,0.,0.));
#3838=DIRECTION('center_axis',(0.,-1.,0.));
#3839=DIRECTION('ref_axis',(1.,0.,0.));
#3840=DIRECTION('center_axis',(0.,-1.,0.));
#3841=DIRECTION('ref_axis',(0.,0.,-1.));
#3842=DIRECTION('center_axis',(-1.,0.,-1.22464679914735E-16));
#3843=DIRECTION('ref_axis',(-1.22464679914735E-16,0.,1.));
#3844=DIRECTION('center_axis',(0.,1.,0.));
#3845=DIRECTION('ref_axis',(1.,0.,0.));
#3846=DIRECTION('',(0.,1.,0.));
#3847=DIRECTION('',(0.,-1.,0.));
#3848=DIRECTION('center_axis',(0.,1.,0.));
#3849=DIRECTION('ref_axis',(1.,0.,0.));
#3850=DIRECTION('',(0.,1.,0.));
#3851=DIRECTION('center_axis',(0.,1.,0.));
#3852=DIRECTION('ref_axis',(1.,0.,0.));
#3853=DIRECTION('',(0.,1.,0.));
#3854=DIRECTION('center_axis',(0.,1.,0.));
#3855=DIRECTION('ref_axis',(1.,0.,0.));
#3856=DIRECTION('',(0.,1.,0.));
#3857=DIRECTION('center_axis',(0.,1.,0.));
#3858=DIRECTION('ref_axis',(1.,0.,0.));
#3859=DIRECTION('',(0.,1.,0.));
#3860=DIRECTION('center_axis',(0.,1.,0.));
#3861=DIRECTION('ref_axis',(1.,0.,0.));
#3862=DIRECTION('',(0.,1.,0.));
#3863=DIRECTION('center_axis',(0.,1.,0.));
#3864=DIRECTION('ref_axis',(1.,0.,0.));
#3865=DIRECTION('',(0.,1.,0.));
#3866=DIRECTION('center_axis',(0.,1.,0.));
#3867=DIRECTION('ref_axis',(1.,0.,0.));
#3868=DIRECTION('',(0.,1.,0.));
#3869=DIRECTION('center_axis',(0.,1.,0.));
#3870=DIRECTION('ref_axis',(1.,0.,0.));
#3871=DIRECTION('',(0.,1.,0.));
#3872=DIRECTION('center_axis',(0.,1.,0.));
#3873=DIRECTION('ref_axis',(1.,0.,0.));
#3874=DIRECTION('',(0.,1.,0.));
#3875=DIRECTION('center_axis',(0.,1.,0.));
#3876=DIRECTION('ref_axis',(1.,0.,0.));
#3877=DIRECTION('',(0.,1.,0.));
#3878=DIRECTION('center_axis',(0.,1.,0.));
#3879=DIRECTION('ref_axis',(1.,0.,0.));
#3880=DIRECTION('',(0.,1.,0.));
#3881=DIRECTION('center_axis',(0.,1.,0.));
#3882=DIRECTION('ref_axis',(1.,0.,0.));
#3883=DIRECTION('',(0.,1.,0.));
#3884=DIRECTION('center_axis',(0.,1.,0.));
#3885=DIRECTION('ref_axis',(1.,0.,0.));
#3886=DIRECTION('',(0.,1.,0.));
#3887=DIRECTION('center_axis',(0.,1.,0.));
#3888=DIRECTION('ref_axis',(1.,0.,0.));
#3889=DIRECTION('',(0.,1.,0.));
#3890=DIRECTION('center_axis',(0.,1.,0.));
#3891=DIRECTION('ref_axis',(1.,0.,0.));
#3892=DIRECTION('',(0.,1.,0.));
#3893=DIRECTION('center_axis',(0.,1.,0.));
#3894=DIRECTION('ref_axis',(1.,0.,0.));
#3895=DIRECTION('',(0.,1.,0.));
#3896=DIRECTION('center_axis',(0.,1.,0.));
#3897=DIRECTION('ref_axis',(1.,0.,0.));
#3898=DIRECTION('',(0.,1.,0.));
#3899=DIRECTION('center_axis',(0.,1.,0.));
#3900=DIRECTION('ref_axis',(1.,0.,0.));
#3901=DIRECTION('',(0.,1.,0.));
#3902=DIRECTION('center_axis',(0.,1.,0.));
#3903=DIRECTION('ref_axis',(1.,0.,0.));
#3904=DIRECTION('',(0.,1.,0.));
#3905=DIRECTION('center_axis',(0.,1.,0.));
#3906=DIRECTION('ref_axis',(1.,0.,0.));
#3907=DIRECTION('',(0.,1.,0.));
#3908=DIRECTION('center_axis',(0.,1.,0.));
#3909=DIRECTION('ref_axis',(1.,0.,0.));
#3910=DIRECTION('',(0.,1.,0.));
#3911=DIRECTION('center_axis',(0.,1.,0.));
#3912=DIRECTION('ref_axis',(1.,0.,0.));
#3913=DIRECTION('',(0.,1.,0.));
#3914=DIRECTION('center_axis',(0.,1.,0.));
#3915=DIRECTION('ref_axis',(1.,0.,0.));
#3916=DIRECTION('',(0.,1.,0.));
#3917=DIRECTION('center_axis',(0.,1.,0.));
#3918=DIRECTION('ref_axis',(1.,0.,0.));
#3919=DIRECTION('',(0.,1.,0.));
#3920=DIRECTION('center_axis',(0.,1.,0.));
#3921=DIRECTION('ref_axis',(1.,0.,0.));
#3922=DIRECTION('',(0.,1.,0.));
#3923=DIRECTION('center_axis',(0.,1.,0.));
#3924=DIRECTION('ref_axis',(1.,0.,0.));
#3925=DIRECTION('center_axis',(0.,1.,0.));
#3926=DIRECTION('ref_axis',(-0.836310132620316,0.,-0.548256657120175));
#3927=DIRECTION('',(0.,1.,0.));
#3928=DIRECTION('center_axis',(0.,1.,0.));
#3929=DIRECTION('ref_axis',(1.,0.,0.));
#3930=DIRECTION('',(0.,1.,0.));
#3931=DIRECTION('center_axis',(0.,1.,0.));
#3932=DIRECTION('ref_axis',(-0.73753358344219,0.,-0.6753104569714));
#3933=DIRECTION('',(0.,1.,0.));
#3934=DIRECTION('center_axis',(0.,1.,0.));
#3935=DIRECTION('ref_axis',(1.,0.,0.));
#3936=DIRECTION('',(0.,1.,0.));
#3937=DIRECTION('center_axis',(0.,1.,0.));
#3938=DIRECTION('ref_axis',(-0.619655301861472,0.,-0.784874070711326));
#3939=DIRECTION('',(0.,1.,0.));
#3940=DIRECTION('center_axis',(0.,1.,0.));
#3941=DIRECTION('ref_axis',(1.,0.,0.));
#3942=DIRECTION('',(0.,1.,0.));
#3943=DIRECTION('center_axis',(0.,1.,0.));
#3944=DIRECTION('ref_axis',(1.,0.,0.));
#3945=DIRECTION('',(0.,1.,0.));
#3946=DIRECTION('center_axis',(0.,1.,0.));
#3947=DIRECTION('ref_axis',(1.,0.,0.));
#3948=DIRECTION('',(0.,1.,0.));
#3949=DIRECTION('center_axis',(0.,1.,0.));
#3950=DIRECTION('ref_axis',(1.,0.,0.));
#3951=DIRECTION('',(0.,1.,0.));
#3952=DIRECTION('center_axis',(0.,1.,0.));
#3953=DIRECTION('ref_axis',(1.,0.,0.));
#3954=DIRECTION('',(0.,1.,0.));
#3955=DIRECTION('center_axis',(0.,1.,0.));
#3956=DIRECTION('ref_axis',(1.,0.,0.));
#3957=DIRECTION('',(0.,1.,0.));
#3958=DIRECTION('center_axis',(0.,1.,0.));
#3959=DIRECTION('ref_axis',(1.,0.,0.));
#3960=CARTESIAN_POINT('',(0.,0.,0.));
#3961=CARTESIAN_POINT('Origin',(0.,13.5,0.));
#3962=CARTESIAN_POINT('',(3.07332099973565,13.5,0.405830053820424));
#3963=CARTESIAN_POINT('',(-3.1,13.5,3.7964050773568E-16));
#3964=CARTESIAN_POINT('Origin',(0.,13.5,0.));
#3965=CARTESIAN_POINT('',(-0.852644278651537,13.5,-2.98043582955292));
#3966=CARTESIAN_POINT('Origin',(0.,13.5,0.));
#3967=CARTESIAN_POINT('',(-0.962808349337138,14.,-2.41516046722505));
#3968=CARTESIAN_POINT('Ctrl Pts',(-0.852644278651538,13.5,-2.98043582955292));
#3969=CARTESIAN_POINT('Ctrl Pts',(-0.852644278651538,13.5576883875705,-2.98043582955292));
#3970=CARTESIAN_POINT('Ctrl Pts',(-0.855093416668117,13.6144879476033,-2.96936502298764));
#3971=CARTESIAN_POINT('Ctrl Pts',(-0.864584944487782,13.7245952269626,-2.92568955434617));
#3972=CARTESIAN_POINT('Ctrl Pts',(-0.871739285260668,13.7759187241667,-2.89250932105877));
#3973=CARTESIAN_POINT('Ctrl Pts',(-0.890146387048527,13.8702780944201,-2.80447326200961));
#3974=CARTESIAN_POINT('Ctrl Pts',(-0.901592083714658,13.9103683962404,-2.74834493237973));
#3975=CARTESIAN_POINT('Ctrl Pts',(-0.92157118336073,13.9595146962287,-2.64555945359991));
#3976=CARTESIAN_POINT('Ctrl Pts',(-0.929772666196286,13.9743447735968,-2.60213705407594));
#3977=CARTESIAN_POINT('Ctrl Pts',(-0.946169262192332,13.9945612274294,-2.51209219392463));
#3978=CARTESIAN_POINT('Ctrl Pts',(-0.954347348319317,13.9997345033336,-2.46549302192789));
#3979=CARTESIAN_POINT('Ctrl Pts',(-0.962401019292599,13.9999966806804,-2.4175874788059));
#3980=CARTESIAN_POINT('Ctrl Pts',(-0.962604796067981,14.,-2.4163739917404));
#3981=CARTESIAN_POINT('Ctrl Pts',(-0.962808349337138,14.,-2.41516046722505));
#3982=CARTESIAN_POINT('',(2.53034485833768,14.,0.597791684355048));
#3983=CARTESIAN_POINT('Origin',(0.,14.,0.));
#3984=CARTESIAN_POINT('Ctrl Pts',(2.53034485833768,14.,0.597791684355049));
#3985=CARTESIAN_POINT('Ctrl Pts',(2.5315153481108,14.,0.597412172333903));
#3986=CARTESIAN_POINT('Ctrl Pts',(2.53268576802555,13.9999966806804,0.597032444726736));
#3987=CARTESIAN_POINT('Ctrl Pts',(2.57888979443039,13.9997345033336,0.582032757330251));
#3988=CARTESIAN_POINT('Ctrl Pts',(2.62378333962797,13.9945612274293,0.56710179878655));
#3989=CARTESIAN_POINT('Ctrl Pts',(2.71044518293217,13.9743447735968,0.537662877016091));
#3990=CARTESIAN_POINT('Ctrl Pts',(2.75219294460307,13.9595146962287,0.52317517545288));
#3991=CARTESIAN_POINT('Ctrl Pts',(2.85093137953487,13.9103683962404,0.488322047359837));
#3992=CARTESIAN_POINT('Ctrl Pts',(2.90477108646606,13.8702780944201,0.468759856358401));
#3993=CARTESIAN_POINT('Ctrl Pts',(2.98915072244892,13.7759187241667,0.437627138511481));
#3994=CARTESIAN_POINT('Ctrl Pts',(3.0209210403511,13.7245952269626,0.425678943112368));
#3995=CARTESIAN_POINT('Ctrl Pts',(3.0627297299554,13.6144879476033,0.409878021146387));
#3996=CARTESIAN_POINT('Ctrl Pts',(3.07332099973565,13.5576883875705,0.405830053820424));
#3997=CARTESIAN_POINT('Ctrl Pts',(3.07332099973565,13.5,0.405830053820424));
#3998=CARTESIAN_POINT('Origin',(-0.197723065096522,13.5,-1.75525086227833));
#3999=CARTESIAN_POINT('',(-0.197723065096522,14.,-1.75525086227833));
#4000=CARTESIAN_POINT('',(0.128847040945259,13.5,-2.13386935870958));
#4001=CARTESIAN_POINT('Origin',(0.,0.,0.));
#4002=CARTESIAN_POINT('',(-3.1,0.2,3.7964050773568E-16));
#4003=CARTESIAN_POINT('',(-3.7964050773568E-16,0.2,-3.1));
#4004=CARTESIAN_POINT('Origin',(0.,0.2,0.));
#4005=CARTESIAN_POINT('',(-3.1,0.,3.7964050773568E-16));
#4006=CARTESIAN_POINT('',(3.07332099973565,2.8,0.405830053820425));
#4007=CARTESIAN_POINT('',(3.07332099973565,0.,0.405830053820424));
#4008=CARTESIAN_POINT('',(-0.852644278651538,2.8,-2.98043582955292));
#4009=CARTESIAN_POINT('Origin',(0.,2.8,0.));
#4010=CARTESIAN_POINT('',(-0.852644278651537,0.,-2.98043582955292));
#4011=CARTESIAN_POINT('Origin',(0.,0.2,0.));
#4012=CARTESIAN_POINT('Origin',(0.,14.,0.));
#4013=CARTESIAN_POINT('Origin',(0.,15.5,0.));
#4014=CARTESIAN_POINT('',(-9.43750667301538,16.,-4.60255014060576));
#4015=CARTESIAN_POINT('',(-8.97502219926564,16.,-5.44967673561368));
#4016=CARTESIAN_POINT('Origin',(0.,16.,0.));
#4017=CARTESIAN_POINT('',(-9.57424510732024,15.5,-5.41607151217138));
#4018=CARTESIAN_POINT('Ctrl Pts',(-8.9750221992656,16.,-5.44967673561374));
#4019=CARTESIAN_POINT('Ctrl Pts',(-8.97607275808165,16.,-5.44942958667035));
#4020=CARTESIAN_POINT('Ctrl Pts',(-8.97712368818102,15.999998222648,-5.44918402316439));
#4021=CARTESIAN_POINT('Ctrl Pts',(-8.99603233361816,15.999933984148,-5.44479555267017));
#4022=CARTESIAN_POINT('Ctrl Pts',(-9.01398596378722,15.9993547730416,-5.44110528487944));
#4023=CARTESIAN_POINT('Ctrl Pts',(-9.11661770551319,15.992665443023,-5.42229369500303));
#4024=CARTESIAN_POINT('Ctrl Pts',(-9.20085504842404,15.9739388412932,-5.41542958835579));
#4025=CARTESIAN_POINT('Ctrl Pts',(-9.33956817485899,15.909159314877,-5.41007008508367));
#4026=CARTESIAN_POINT('Ctrl Pts',(-9.39491059729824,15.8707908841223,-5.41020150996506));
#4027=CARTESIAN_POINT('Ctrl Pts',(-9.48372746537828,15.7785340248921,-5.41189290250998));
#4028=CARTESIAN_POINT('Ctrl Pts',(-9.51761671666291,15.7273338415636,-5.41330601554614));
#4029=CARTESIAN_POINT('Ctrl Pts',(-9.56275893603522,15.6164748153309,-5.41539925550115));
#4030=CARTESIAN_POINT('Ctrl Pts',(-9.57424510732024,15.5586377127634,-5.41607151217138));
#4031=CARTESIAN_POINT('Ctrl Pts',(-9.57424510732024,15.5,-5.41607151217138));
#4032=CARTESIAN_POINT('',(-9.7332780700506,15.5,-5.12477297166149));
#4033=CARTESIAN_POINT('Origin',(0.,15.5,0.));
#4034=CARTESIAN_POINT('Ctrl Pts',(-9.43750667301538,16.,-4.60255014060576));
#4035=CARTESIAN_POINT('Ctrl Pts',(-9.43786688413803,16.,-4.60356749224862));
#4036=CARTESIAN_POINT('Ctrl Pts',(-9.43822862966932,15.999998222648,-4.60458429886538));
#4037=CARTESIAN_POINT('Ctrl Pts',(-9.44476231311046,15.999933984148,-4.62286287993894));
#4038=CARTESIAN_POINT('Ctrl Pts',(-9.45136686646057,15.9993547730416,-4.63996056363231));
#4039=CARTESIAN_POINT('Ctrl Pts',(-9.49104278885535,15.992665443023,-4.73646430193078));
#4040=CARTESIAN_POINT('Ctrl Pts',(-9.53082155402604,15.9739388412932,-4.81103437462905));
#4041=CARTESIAN_POINT('Ctrl Pts',(-9.60132458801517,15.909159314877,-4.93061438098048));
#4042=CARTESIAN_POINT('Ctrl Pts',(-9.6313624244478,15.8707908841223,-4.97709587596924));
#4043=CARTESIAN_POINT('Ctrl Pts',(-9.68081429689548,15.7785340248921,-5.05089160196816));
#4044=CARTESIAN_POINT('Ctrl Pts',(-9.7003291154029,15.7273338415636,-5.07863417033714));
#4045=CARTESIAN_POINT('Ctrl Pts',(-9.7265012579534,15.6164748153309,-5.11547464505834));
#4046=CARTESIAN_POINT('Ctrl Pts',(-9.7332780700506,15.5586377127634,-5.12477297166149));
#4047=CARTESIAN_POINT('Ctrl Pts',(-9.7332780700506,15.5,-5.12477297166149));
#4048=CARTESIAN_POINT('Ctrl Pts',(-8.29567601132156,15.5,-6.4701842741641));
#4049=CARTESIAN_POINT('Ctrl Pts',(-8.71311009657366,15.5,-6.7542779264483));
#4050=CARTESIAN_POINT('Ctrl Pts',(-9.16529979967164,15.5,-6.52958949503585));
#4051=CARTESIAN_POINT('Ctrl Pts',(-9.61748950276963,15.5,-6.3049010636234));
#4052=CARTESIAN_POINT('Ctrl Pts',(-9.64318796362461,15.5,-5.8006193884575));
#4053=CARTESIAN_POINT('Ctrl Pts',(-9.66888642447958,15.5,-5.29633771329161));
#4054=CARTESIAN_POINT('Ctrl Pts',(-9.24188045358885,15.5,-5.02684500537153));
#4055=CARTESIAN_POINT('Ctrl Pts',(-8.29567601132156,16.0000000000001,-6.4701842741641));
#4056=CARTESIAN_POINT('Ctrl Pts',(-8.71311009657366,16.0000000000001,-6.7542779264483));
#4057=CARTESIAN_POINT('Ctrl Pts',(-9.16529979967164,16.0000000000001,-6.52958949503585));
#4058=CARTESIAN_POINT('Ctrl Pts',(-9.61748950276963,16.0000000000001,-6.3049010636234));
#4059=CARTESIAN_POINT('Ctrl Pts',(-9.64318796362461,16.0000000000001,-5.80061938845751));
#4060=CARTESIAN_POINT('Ctrl Pts',(-9.66888642447958,16.0000000000001,-5.29633771329161));
#4061=CARTESIAN_POINT('Ctrl Pts',(-9.24188045358885,16.0000000000001,-5.02684500537153));
#4062=CARTESIAN_POINT('Ctrl Pts',(-8.57699247698029,16.,-6.05683085861108));
#4063=CARTESIAN_POINT('Ctrl Pts',(-8.752590017642,16.,-6.17633750270455));
#4064=CARTESIAN_POINT('Ctrl Pts',(-8.94280783305733,16.,-6.08182021874261));
#4065=CARTESIAN_POINT('Ctrl Pts',(-9.13302564847266,16.,-5.98730293478068));
#4066=CARTESIAN_POINT('Ctrl Pts',(-9.1438359456773,16.,-5.77517214554143));
#4067=CARTESIAN_POINT('Ctrl Pts',(-9.15464624288195,16.,-5.56304135630218));
#4068=CARTESIAN_POINT('Ctrl Pts',(-8.9750221992656,16.,-5.44967673561374));
#4069=CARTESIAN_POINT('',(-8.57699247698026,16.,-6.05683085861114));
#4070=CARTESIAN_POINT('Origin',(-8.78125639251458,16.,-5.75669489976267));
#4071=CARTESIAN_POINT('',(-8.78516327888183,15.5,-6.61973610979972));
#4072=CARTESIAN_POINT('Ctrl Pts',(-8.57699247698026,16.,-6.05683085861114));
#4073=CARTESIAN_POINT('Ctrl Pts',(-8.57718482878333,16.,-6.05789281774486));
#4074=CARTESIAN_POINT('Ctrl Pts',(-8.57737878255326,15.999998222648,-6.05895448504725));
#4075=CARTESIAN_POINT('Ctrl Pts',(-8.58089576590745,15.999933984148,-6.07804443982542));
#4076=CARTESIAN_POINT('Ctrl Pts',(-8.58467213068542,15.9993547730416,-6.09598015786831));
#4077=CARTESIAN_POINT('Ctrl Pts',(-8.60835397203756,15.992665443023,-6.19759866363191));
#4078=CARTESIAN_POINT('Ctrl Pts',(-8.63565573177152,15.9739388412932,-6.27758403614568));
#4079=CARTESIAN_POINT('Ctrl Pts',(-8.68606378800345,15.909159314877,-6.40692499480767));
#4080=CARTESIAN_POINT('Ctrl Pts',(-8.70825648619602,15.8707908841223,-6.45762297446048));
#4081=CARTESIAN_POINT('Ctrl Pts',(-8.74523030295412,15.7785340248921,-6.53839570338942));
#4082=CARTESIAN_POINT('Ctrl Pts',(-8.76004218876085,15.7273338415636,-6.56890940981675));
#4083=CARTESIAN_POINT('Ctrl Pts',(-8.77996578120169,15.6164748153309,-6.60947111697534));
#4084=CARTESIAN_POINT('Ctrl Pts',(-8.78516327888183,15.5586377127634,-6.61973610979972));
#4085=CARTESIAN_POINT('Ctrl Pts',(-8.78516327888183,15.5,-6.61973610979972));
#4086=CARTESIAN_POINT('Origin',(-8.78125639251458,15.5,-5.75669489976267));
#4087=CARTESIAN_POINT('Origin',(0.,15.5,0.));
#4088=CARTESIAN_POINT('',(-7.98460839354572,16.,-6.81879965989024));
#4089=CARTESIAN_POINT('Origin',(0.,16.,0.));
#4090=CARTESIAN_POINT('',(-8.58146217925556,15.5,-6.88175172946586));
#4091=CARTESIAN_POINT('Ctrl Pts',(-7.98460839354567,16.,-6.81879965989029));
#4092=CARTESIAN_POINT('Ctrl Pts',(-7.98568499337897,16.,-6.81872423294615));
#4093=CARTESIAN_POINT('Ctrl Pts',(-7.98676170536724,15.999998222648,-6.81865043046635));
#4094=CARTESIAN_POINT('Ctrl Pts',(-8.00612944898089,15.999933984148,-6.81735194954657));
#4095=CARTESIAN_POINT('Ctrl Pts',(-8.02444254494056,15.9993547730417,-6.81658943456578));
#4096=CARTESIAN_POINT('Ctrl Pts',(-8.12876282379383,15.992665443023,-6.81448473898454));
#4097=CARTESIAN_POINT('Ctrl Pts',(-8.21301039537715,15.9739388412932,-6.821222140788));
#4098=CARTESIAN_POINT('Ctrl Pts',(-8.35078694804074,15.909159314877,-6.83818319195885));
#4099=CARTESIAN_POINT('Ctrl Pts',(-8.40539161861085,15.8707908841223,-6.8471904637918));
#4100=CARTESIAN_POINT('Ctrl Pts',(-8.49278701313137,15.7785340248921,-6.86310718081798));
#4101=CARTESIAN_POINT('Ctrl Pts',(-8.52601072824034,15.7273338415636,-6.86993821261734));
#4102=CARTESIAN_POINT('Ctrl Pts',(-8.57023258842551,15.6164748153309,-6.87924566689497));
#4103=CARTESIAN_POINT('Ctrl Pts',(-8.58146217925556,15.5586377127634,-6.88175172946586));
#4104=CARTESIAN_POINT('Ctrl Pts',(-8.58146217925556,15.5,-6.88175172946586));
#4105=CARTESIAN_POINT('Origin',(0.,15.5,0.));
#4106=CARTESIAN_POINT('Ctrl Pts',(-7.15035863892958,15.5,-7.71711710168646));
#4107=CARTESIAN_POINT('Ctrl Pts',(-7.51681523576521,15.5,-8.06449295207632));
#4108=CARTESIAN_POINT('Ctrl Pts',(-7.99919176004703,15.5,-7.91525050630359));
#4109=CARTESIAN_POINT('Ctrl Pts',(-8.48156828432885,15.5,-7.76600806053087));
#4110=CARTESIAN_POINT('Ctrl Pts',(-8.5878264262916,15.5,-7.27237902363671));
#4111=CARTESIAN_POINT('Ctrl Pts',(-8.69408456825435,15.5,-6.77874998674255));
#4112=CARTESIAN_POINT('Ctrl Pts',(-8.31583788299799,15.5,-6.44425056388654));
#4113=CARTESIAN_POINT('Ctrl Pts',(-7.15035863892958,16.0000000000001,-7.71711710168646));
#4114=CARTESIAN_POINT('Ctrl Pts',(-7.51681523576521,16.0000000000001,-8.06449295207631));
#4115=CARTESIAN_POINT('Ctrl Pts',(-7.99919176004703,16.0000000000001,-7.91525050630359));
#4116=CARTESIAN_POINT('Ctrl Pts',(-8.48156828432885,16.0000000000001,-7.76600806053087));
#4117=CARTESIAN_POINT('Ctrl Pts',(-8.5878264262916,16.0000000000001,-7.27237902363671));
#4118=CARTESIAN_POINT('Ctrl Pts',(-8.69408456825435,16.0000000000001,-6.77874998674255));
#4119=CARTESIAN_POINT('Ctrl Pts',(-8.31583788299799,16.0000000000001,-6.44425056388654));
#4120=CARTESIAN_POINT('Ctrl Pts',(-7.49433868107819,16.,-7.35424283888526));
#4121=CARTESIAN_POINT('Ctrl Pts',(-7.64849206585685,16.,-7.50036972973771));
#4122=CARTESIAN_POINT('Ctrl Pts',(-7.85140824910449,16.,-7.437589503192));
#4123=CARTESIAN_POINT('Ctrl Pts',(-8.05432443235213,16.,-7.37480927664629));
#4124=CARTESIAN_POINT('Ctrl Pts',(-8.09902291065841,16.,-7.16715961903515));
#4125=CARTESIAN_POINT('Ctrl Pts',(-8.14372138896469,16.,-6.95950996142401));
#4126=CARTESIAN_POINT('Ctrl Pts',(-7.98460839354567,16.,-6.8187996598903));
#4127=CARTESIAN_POINT('',(-7.49433868107814,16.,-7.35424283888531));
#4128=CARTESIAN_POINT('Origin',(-7.7441026261441,16.,-7.09075979820073));
#4129=CARTESIAN_POINT('',(-7.60951737342392,15.5,-7.94325155988148));
#4130=CARTESIAN_POINT('Ctrl Pts',(-7.49433868107814,16.,-7.35424283888532));
#4131=CARTESIAN_POINT('Ctrl Pts',(-7.49435819175103,16.,-7.35532190132637));
#4132=CARTESIAN_POINT('Ctrl Pts',(-7.49437933045876,15.999998222648,-7.35640093268849));
#4133=CARTESIAN_POINT('Ctrl Pts',(-7.49478852570473,15.999933984148,-7.37580784137134));
#4134=CARTESIAN_POINT('Ctrl Pts',(-7.49563889604625,15.9993547730416,-7.39411706808657));
#4135=CARTESIAN_POINT('Ctrl Pts',(-7.50271330910426,15.992665443023,-7.49821847539385));
#4136=CARTESIAN_POINT('Ctrl Pts',(-7.51683096216532,15.9739388412932,-7.58154756858929));
#4137=CARTESIAN_POINT('Ctrl Pts',(-7.54583849846177,15.909159314877,-7.71729961667217));
#4138=CARTESIAN_POINT('Ctrl Pts',(-7.55961127918838,15.8707908841223,-7.77090102994644));
#4139=CARTESIAN_POINT('Ctrl Pts',(-7.58314943782433,15.7785340248921,-7.8565587905541));
#4140=CARTESIAN_POINT('Ctrl Pts',(-7.5928747708683,15.7273338415636,-7.88905334607143));
#4141=CARTESIAN_POINT('Ctrl Pts',(-7.60603380262063,15.6164748153309,-7.93228575875808));
#4142=CARTESIAN_POINT('Ctrl Pts',(-7.60951737342392,15.5586377127634,-7.94325155988148));
#4143=CARTESIAN_POINT('Ctrl Pts',(-7.60951737342392,15.5,-7.94325155988148));
#4144=CARTESIAN_POINT('Origin',(-7.7441026261441,15.5,-7.09075979820073));
#4145=CARTESIAN_POINT('Origin',(0.,15.5,0.));
#4146=CARTESIAN_POINT('',(-6.78739742455473,16.,-8.01131925472626));
#4147=CARTESIAN_POINT('Origin',(0.,16.,0.));
#4148=CARTESIAN_POINT('',(-7.36642388838279,15.5,-8.169198191785));
#4149=CARTESIAN_POINT('Ctrl Pts',(-6.78739742455467,16.,-8.01131925472631));
#4150=CARTESIAN_POINT('Ctrl Pts',(-6.78847218203551,16.,-8.0114175032995));
#4151=CARTESIAN_POINT('Ctrl Pts',(-6.78954678963683,15.999998222648,-8.01151737329161));
#4152=CARTESIAN_POINT('Ctrl Pts',(-6.80887201704379,15.999933984148,-8.01334251191899));
#4153=CARTESIAN_POINT('Ctrl Pts',(-6.82707027922601,15.9993547730417,-8.01552749848635));
#4154=CARTESIAN_POINT('Ctrl Pts',(-6.93037725478091,15.992665443023,-8.03018420771047));
#4155=CARTESIAN_POINT('Ctrl Pts',(-7.01245308718581,15.9739388412932,-8.05034862279689));
#4156=CARTESIAN_POINT('Ctrl Pts',(-7.14572472573474,15.909159314877,-8.08919094609463));
#4157=CARTESIAN_POINT('Ctrl Pts',(-7.19817741215047,15.8707908841223,-8.10684078126996));
#4158=CARTESIAN_POINT('Ctrl Pts',(-7.28188783830008,15.7785340248921,-8.13657058816709));
#4159=CARTESIAN_POINT('Ctrl Pts',(-7.31358554046367,15.7273338415636,-8.14864261859421));
#4160=CARTESIAN_POINT('Ctrl Pts',(-7.35574171851158,15.6164748153309,-8.16492322901765));
#4161=CARTESIAN_POINT('Ctrl Pts',(-7.36642388838279,15.5586377127634,-8.169198191785));
#4162=CARTESIAN_POINT('Ctrl Pts',(-7.36642388838279,15.5,-8.169198191785));
#4163=CARTESIAN_POINT('Origin',(0.,15.5,0.));
#4164=CARTESIAN_POINT('Ctrl Pts',(-5.81985073369986,15.5,-8.76418064989019));
#4165=CARTESIAN_POINT('Ctrl Pts',(-6.12583880875178,15.5,-9.16584184632875));
#4166=CARTESIAN_POINT('Ctrl Pts',(-6.62590885561926,15.5,-9.09591068714782));
#4167=CARTESIAN_POINT('Ctrl Pts',(-7.12597890248674,15.5,-9.02597952796689));
#4168=CARTESIAN_POINT('Ctrl Pts',(-7.31004469549526,15.5,-8.55578786210862));
#4169=CARTESIAN_POINT('Ctrl Pts',(-7.49411048850379,15.5,-8.08559619625035));
#4170=CARTESIAN_POINT('Ctrl Pts',(-7.17441947934608,15.5,-7.69475341780592));
#4171=CARTESIAN_POINT('Ctrl Pts',(-5.81985073369986,16.0000000000001,-8.76418064989019));
#4172=CARTESIAN_POINT('Ctrl Pts',(-6.12583880875178,16.0000000000001,-9.16584184632875));
#4173=CARTESIAN_POINT('Ctrl Pts',(-6.62590885561926,16.0000000000001,-9.09591068714782));
#4174=CARTESIAN_POINT('Ctrl Pts',(-7.12597890248674,16.0000000000001,-9.02597952796689));
#4175=CARTESIAN_POINT('Ctrl Pts',(-7.31004469549526,16.0000000000001,-8.55578786210862));
#4176=CARTESIAN_POINT('Ctrl Pts',(-7.49411048850379,16.0000000000001,-8.08559619625035));
#4177=CARTESIAN_POINT('Ctrl Pts',(-7.17441947934608,16.0000000000001,-7.69475341780592));
#4178=CARTESIAN_POINT('Ctrl Pts',(-6.21758544993111,16.,-8.4611837926383));
#4179=CARTESIAN_POINT('Ctrl Pts',(-6.346302187134,16.,-8.63014632053357));
#4180=CARTESIAN_POINT('Ctrl Pts',(-6.5566613156548,16.,-8.60072912629469));
#4181=CARTESIAN_POINT('Ctrl Pts',(-6.76702044417561,16.,-8.5713119320558));
#4182=CARTESIAN_POINT('Ctrl Pts',(-6.84444943647441,16.,-8.37352142313155));
#4183=CARTESIAN_POINT('Ctrl Pts',(-6.92187842877321,16.,-8.1757309142073));
#4184=CARTESIAN_POINT('Ctrl Pts',(-6.78739742455467,16.,-8.01131925472631));
#4185=CARTESIAN_POINT('',(-6.21758544993105,16.,-8.46118379263834));
#4186=CARTESIAN_POINT('Origin',(-6.50638066954639,16.,-8.24117774247011));
#4187=CARTESIAN_POINT('',(-6.23678896508985,15.5,-9.06104096696034));
#4188=CARTESIAN_POINT('Ctrl Pts',(-6.21758544993105,16.,-8.46118379263834));
#4189=CARTESIAN_POINT('Ctrl Pts',(-6.21743161415754,16.,-8.46225201123627));
#4190=CARTESIAN_POINT('Ctrl Pts',(-6.21727939032169,15.999998222648,-8.46332046031273));
#4191=CARTESIAN_POINT('Ctrl Pts',(-6.21457019951724,15.999933984148,-8.48254169415974));
#4192=CARTESIAN_POINT('Ctrl Pts',(-6.21247255127741,15.9993547730416,-8.5007502301928));
#4193=CARTESIAN_POINT('Ctrl Pts',(-6.20275631245908,15.992665443023,-8.60463836727572));
#4194=CARTESIAN_POINT('Ctrl Pts',(-6.20332421904863,15.9739388412932,-8.68915300141009));
#4195=CARTESIAN_POINT('Ctrl Pts',(-6.21017995545648,15.909159314877,-8.82780023217578));
#4196=CARTESIAN_POINT('Ctrl Pts',(-6.21517611093083,15.8707908841223,-8.88291683062324));
#4197=CARTESIAN_POINT('Ctrl Pts',(-6.22466898549996,15.7785340248921,-8.97124113190383));
#4198=CARTESIAN_POINT('Ctrl Pts',(-6.22905588476382,15.7273338415636,-9.00487494459187));
#4199=CARTESIAN_POINT('Ctrl Pts',(-6.23510954381738,15.6164748153309,-9.04965836602693));
#4200=CARTESIAN_POINT('Ctrl Pts',(-6.23678896508985,15.5586377127634,-9.06104096696034));
#4201=CARTESIAN_POINT('Ctrl Pts',(-6.23678896508985,15.5,-9.06104096696034));
#4202=CARTESIAN_POINT('Origin',(-6.50638066954639,15.5,-8.24117774247011));
#4203=CARTESIAN_POINT('Origin',(0.,15.5,0.));
#4204=CARTESIAN_POINT('',(-5.41439642752356,16.,-8.99634988901721));
#4205=CARTESIAN_POINT('Origin',(0.,16.,0.));
#4206=CARTESIAN_POINT('',(-5.9605990882053,15.5,-9.24506671201924));
#4207=CARTESIAN_POINT('Ctrl Pts',(-5.4143964275235,16.,-8.99634988901725));
#4208=CARTESIAN_POINT('Ctrl Pts',(-5.41544150699823,16.,-8.99661926852145));
#4209=CARTESIAN_POINT('Ctrl Pts',(-5.41648617843906,15.999998222648,-8.9968902244049));
#4210=CARTESIAN_POINT('Ctrl Pts',(-5.43526837640527,15.999933984148,-9.00179171244858));
#4211=CARTESIAN_POINT('Ctrl Pts',(-5.45288047937519,15.9993547730416,-9.0068676105591));
#4212=CARTESIAN_POINT('Ctrl Pts',(-5.55249855522869,15.992665443023,-9.03790612351832));
#4213=CARTESIAN_POINT('Ctrl Pts',(-5.63027692750843,15.9739388412932,-9.07097530412885));
#4214=CARTESIAN_POINT('Ctrl Pts',(-5.75559198650867,15.909159314877,-9.13069290378301));
#4215=CARTESIAN_POINT('Ctrl Pts',(-5.80453419174398,15.8707908841223,-9.15652818084071));
#4216=CARTESIAN_POINT('Ctrl Pts',(-5.88239159345645,15.7785340248921,-9.1993010912265));
#4217=CARTESIAN_POINT('Ctrl Pts',(-5.91174232883867,15.7273338415636,-9.21630146103448));
#4218=CARTESIAN_POINT('Ctrl Pts',(-5.95074100188151,15.6164748153309,-9.23913356834558));
#4219=CARTESIAN_POINT('Ctrl Pts',(-5.9605990882053,15.5586377127634,-9.24506671201924));
#4220=CARTESIAN_POINT('Ctrl Pts',(-5.9605990882053,15.5,-9.24506671201924));
#4221=CARTESIAN_POINT('Origin',(0.,15.5,0.));
#4222=CARTESIAN_POINT('Ctrl Pts',(-4.33861175149421,15.5,-9.584256522874));
#4223=CARTESIAN_POINT('Ctrl Pts',(-4.57620637434671,15.5,-10.0298002513564));
#4224=CARTESIAN_POINT('Ctrl Pts',(-5.08101839226069,15.5,-10.0409915590569));
#4225=CARTESIAN_POINT('Ctrl Pts',(-5.58583041017467,15.5,-10.0521828667574));
#4226=CARTESIAN_POINT('Ctrl Pts',(-5.84293664687536,15.5,-9.61760628910045));
#4227=CARTESIAN_POINT('Ctrl Pts',(-6.10004288357605,15.5,-9.18302971144348));
#4228=CARTESIAN_POINT('Ctrl Pts',(-5.84718737972823,15.5,-8.74596620007208));
#4229=CARTESIAN_POINT('Ctrl Pts',(-4.33861175149421,16.0000000000001,-9.584256522874));
#4230=CARTESIAN_POINT('Ctrl Pts',(-4.57620637434671,16.0000000000001,-10.0298002513564));
#4231=CARTESIAN_POINT('Ctrl Pts',(-5.08101839226069,16.0000000000001,-10.0409915590569));
#4232=CARTESIAN_POINT('Ctrl Pts',(-5.58583041017467,16.0000000000001,-10.0521828667574));
#4233=CARTESIAN_POINT('Ctrl Pts',(-5.84293664687536,16.0000000000001,-9.61760628910045));
#4234=CARTESIAN_POINT('Ctrl Pts',(-6.10004288357605,16.0000000000001,-9.18302971144348));
#4235=CARTESIAN_POINT('Ctrl Pts',(-5.84718737972823,16.0000000000001,-8.74596620007208));
#4236=CARTESIAN_POINT('Ctrl Pts',(-4.77980002157813,16.,-9.3489845306173));
#4237=CARTESIAN_POINT('Ctrl Pts',(-4.8797464153235,16.,-9.53640665483485));
#4238=CARTESIAN_POINT('Ctrl Pts',(-5.09210029818534,16.,-9.54111438278143));
#4239=CARTESIAN_POINT('Ctrl Pts',(-5.30445418104719,16.,-9.54582211072801));
#4240=CARTESIAN_POINT('Ctrl Pts',(-5.41260831710955,16.,-9.36301342077722));
#4241=CARTESIAN_POINT('Ctrl Pts',(-5.52076245317192,16.,-9.18020473082643));
#4242=CARTESIAN_POINT('Ctrl Pts',(-5.4143964275235,16.,-8.99634988901725));
#4243=CARTESIAN_POINT('',(-4.77980002157807,16.,-9.34898453061734));
#4244=CARTESIAN_POINT('Origin',(-5.10014687125191,16.,-9.17815351210095));
#4245=CARTESIAN_POINT('',(-4.70253099859443,15.5,-9.9441541725407));
#4246=CARTESIAN_POINT('Ctrl Pts',(-4.77980002157807,16.,-9.34898453061734));
#4247=CARTESIAN_POINT('Ctrl Pts',(-4.77947682362393,16.,-9.3500142390714));
#4248=CARTESIAN_POINT('Ctrl Pts',(-4.77915517976182,15.999998222648,-9.35104443359266));
#4249=CARTESIAN_POINT('Ctrl Pts',(-4.77339776952612,15.999933984148,-9.36958217274114));
#4250=CARTESIAN_POINT('Ctrl Pts',(-4.76840643069215,15.9993547730416,-9.38721842657477));
#4251=CARTESIAN_POINT('Ctrl Pts',(-4.74215118547915,15.992665443023,-9.48820264525403));
#4252=CARTESIAN_POINT('Ctrl Pts',(-4.72915463711483,15.9739388412932,-9.5717139356964));
#4253=CARTESIAN_POINT('Ctrl Pts',(-4.71368101366228,15.909159314877,-9.70966545869609));
#4254=CARTESIAN_POINT('Ctrl Pts',(-4.70977114608192,15.8707908841223,-9.76486975136837));
#4255=CARTESIAN_POINT('Ctrl Pts',(-4.7049728761193,15.7785340248921,-9.85357304031335));
#4256=CARTESIAN_POINT('Ctrl Pts',(-4.70390772321643,15.7273338415636,-9.8874750120905));
#4257=CARTESIAN_POINT('Ctrl Pts',(-4.70269922298158,15.6164748153309,-9.93264957518246));
#4258=CARTESIAN_POINT('Ctrl Pts',(-4.70253099859442,15.5586377127634,-9.9441541725407));
#4259=CARTESIAN_POINT('Ctrl Pts',(-4.70253099859442,15.5,-9.9441541725407));
#4260=CARTESIAN_POINT('Origin',(-5.10014687125191,15.5,-9.17815351210095));
#4261=CARTESIAN_POINT('Origin',(0.,15.5,0.));
#4262=CARTESIAN_POINT('',(-3.90116540707109,16.,-9.74837978674774));
#4263=CARTESIAN_POINT('Origin',(0.,16.,0.));
#4264=CARTESIAN_POINT('',(-4.40039790260189,15.5,-10.0814928606222));
#4265=CARTESIAN_POINT('Ctrl Pts',(-3.90116540707102,16.,-9.74837978674776));
#4266=CARTESIAN_POINT('Ctrl Pts',(-3.90215374152958,16.,-9.74881332039521));
#4267=CARTESIAN_POINT('Ctrl Pts',(-3.90314142036959,15.999998222648,-9.74924834455516));
#4268=CARTESIAN_POINT('Ctrl Pts',(-3.92089413982841,15.999933984148,-9.75709923604842));
#4269=CARTESIAN_POINT('Ctrl Pts',(-3.9374639393742,15.9993547730417,-9.76493458260804));
#4270=CARTESIAN_POINT('Ctrl Pts',(-4.03081305968934,15.992665443023,-9.81155101812066));
#4271=CARTESIAN_POINT('Ctrl Pts',(-4.10227955285696,15.9739388412932,-9.85666848984793));
#4272=CARTESIAN_POINT('Ctrl Pts',(-4.21639243810534,15.909159314877,-9.93571471139566));
#4273=CARTESIAN_POINT('Ctrl Pts',(-4.2605565847528,15.8707908841223,-9.96906631023059));
#4274=CARTESIAN_POINT('Ctrl Pts',(-4.3305444962204,15.7785340248921,-10.0237745281936));
#4275=CARTESIAN_POINT('Ctrl Pts',(-4.35678809619209,15.7273338415636,-10.0452629367343));
#4276=CARTESIAN_POINT('Ctrl Pts',(-4.39161921908309,15.6164748153309,-10.0740552013469));
#4277=CARTESIAN_POINT('Ctrl Pts',(-4.40039790260189,15.5586377127634,-10.0814928606222));
#4278=CARTESIAN_POINT('Ctrl Pts',(-4.40039790260189,15.5,-10.0814928606222));
#4279=CARTESIAN_POINT('Origin',(0.,15.5,0.));
#4280=CARTESIAN_POINT('Ctrl Pts',(-2.74500500389274,15.5,-10.1561051862936));
#4281=CARTESIAN_POINT('Ctrl Pts',(-2.90805259861664,15.5,-10.6339920982856));
#4282=CARTESIAN_POINT('Ctrl Pts',(-3.4045322214787,15.5,-10.7260160238766));
#4283=CARTESIAN_POINT('Ctrl Pts',(-3.90101184434075,15.5,-10.8180399494676));
#4284=CARTESIAN_POINT('Ctrl Pts',(-4.22449960825475,15.5,-10.4303337651007));
#4285=CARTESIAN_POINT('Ctrl Pts',(-4.54798737216874,15.5,-10.0426275807337));
#4286=CARTESIAN_POINT('Ctrl Pts',(-4.3685161983616,15.5,-9.570663051801));
#4287=CARTESIAN_POINT('Ctrl Pts',(-2.74500500389274,16.0000000000001,-10.1561051862936));
#4288=CARTESIAN_POINT('Ctrl Pts',(-2.90805259861664,16.0000000000001,-10.6339920982856));
#4289=CARTESIAN_POINT('Ctrl Pts',(-3.4045322214787,16.0000000000001,-10.7260160238766));
#4290=CARTESIAN_POINT('Ctrl Pts',(-3.90101184434075,16.0000000000001,-10.8180399494676));
#4291=CARTESIAN_POINT('Ctrl Pts',(-4.22449960825475,16.0000000000001,-10.4303337651007));
#4292=CARTESIAN_POINT('Ctrl Pts',(-4.54798737216874,16.0000000000001,-10.0426275807337));
#4293=CARTESIAN_POINT('Ctrl Pts',(-4.3685161983616,16.0000000000001,-9.570663051801));
#4294=CARTESIAN_POINT('Ctrl Pts',(-3.21822028337969,16.,-9.9946514800489));
#4295=CARTESIAN_POINT('Ctrl Pts',(-3.28680777456894,16.,-10.1956790660198));
#4296=CARTESIAN_POINT('Ctrl Pts',(-3.49565655775006,16.,-10.2343897884709));
#4297=CARTESIAN_POINT('Ctrl Pts',(-3.70450534093119,16.,-10.273100510922));
#4298=CARTESIAN_POINT('Ctrl Pts',(-3.84058348544386,16.,-10.1100082889894));
#4299=CARTESIAN_POINT('Ctrl Pts',(-3.97666162995653,16.,-9.94691606705678));
#4300=CARTESIAN_POINT('Ctrl Pts',(-3.90116540707102,16.,-9.74837978674776));
#4301=CARTESIAN_POINT('',(-3.21822028337962,16.,-9.99465148004892));
#4302=CARTESIAN_POINT('Origin',(-3.56182194797586,16.,-9.87741992683054));
#4303=CARTESIAN_POINT('',(-3.04647994936126,15.5,-10.569719008476));
#4304=CARTESIAN_POINT('Ctrl Pts',(-3.21822028337962,16.,-9.99465148004892));
#4305=CARTESIAN_POINT('Ctrl Pts',(-3.21773609390217,16.,-9.99561600945095));
#4306=CARTESIAN_POINT('Ctrl Pts',(-3.21725336042072,15.999998222648,-9.99658126792022));
#4307=CARTESIAN_POINT('Ctrl Pts',(-3.20859684465516,15.999933984148,-10.0139553946636));
#4308=CARTESIAN_POINT('Ctrl Pts',(-3.20084108828065,15.9993547730417,-10.0305625965876));
#4309=CARTESIAN_POINT('Ctrl Pts',(-3.15872683373272,15.992665443023,-10.1260274586435));
#4310=CARTESIAN_POINT('Ctrl Pts',(-3.13250243419036,15.9739388412932,-10.2063725068381));
#4311=CARTESIAN_POINT('Ctrl Pts',(-3.0951002095969,15.909159314877,-10.3400554500887));
#4312=CARTESIAN_POINT('Ctrl Pts',(-3.08238558247842,15.8707908841223,-10.3939176748031));
#4313=CARTESIAN_POINT('Ctrl Pts',(-3.06342044065565,15.7785340248921,-10.4807025828225));
#4314=CARTESIAN_POINT('Ctrl Pts',(-3.05693082248675,15.7273338415636,-10.5139946704276));
#4315=CARTESIAN_POINT('Ctrl Pts',(-3.04849146248476,15.6164748153309,-10.5583903777215));
#4316=CARTESIAN_POINT('Ctrl Pts',(-3.04647994936126,15.5586377127634,-10.569719008476));
#4317=CARTESIAN_POINT('Ctrl Pts',(-3.04647994936126,15.5,-10.569719008476));
#4318=CARTESIAN_POINT('Origin',(-3.56182194797586,15.5,-9.87741992683054));
#4319=CARTESIAN_POINT('Origin',(0.,15.5,0.));
#4320=CARTESIAN_POINT('',(-2.28689625176335,16.,-10.2479317685897));
#4321=CARTESIAN_POINT('Origin',(0.,16.,0.));
#4322=CARTESIAN_POINT('',(-2.72622872274374,15.5,-10.6568136396996));
#4323=CARTESIAN_POINT('Ctrl Pts',(-2.28689625176334,16.,-10.2479317685897));
#4324=CARTESIAN_POINT('Ctrl Pts',(-2.28780224386,16.,-10.2485182280851));
#4325=CARTESIAN_POINT('Ctrl Pts',(-2.28870734974077,15.999998222648,-10.2491060536275));
#4326=CARTESIAN_POINT('Ctrl Pts',(-2.30497080458416,15.999933984148,-10.2597030146046));
#4327=CARTESIAN_POINT('Ctrl Pts',(-2.32006915159853,15.9993547730416,-10.2700948782518));
#4328=CARTESIAN_POINT('Ctrl Pts',(-2.40473162319274,15.992665443023,-10.3310818951243));
#4329=CARTESIAN_POINT('Ctrl Pts',(-2.46803529261478,15.9739388412932,-10.3870791391496));
#4330=CARTESIAN_POINT('Ctrl Pts',(-2.56799054032412,15.909159314877,-10.4834067269739));
#4331=CARTESIAN_POINT('Ctrl Pts',(-2.6062328001839,15.8707908841223,-10.523410858695));
#4332=CARTESIAN_POINT('Ctrl Pts',(-2.66653857126258,15.7785340248921,-10.588637470127));
#4333=CARTESIAN_POINT('Ctrl Pts',(-2.68899534036959,15.7273338415636,-10.6140573789065));
#4334=CARTESIAN_POINT('Ctrl Pts',(-2.71875680532184,15.6164748153309,-10.6480640962909));
#4335=CARTESIAN_POINT('Ctrl Pts',(-2.72622872274374,15.5586377127634,-10.6568136396996));
#4336=CARTESIAN_POINT('Ctrl Pts',(-2.72622872274374,15.5,-10.6568136396996));
#4337=CARTESIAN_POINT('Origin',(0.,15.5,0.));
#4338=CARTESIAN_POINT('Ctrl Pts',(-1.0803040685752,15.5,-10.4649160601448));
#4339=CARTESIAN_POINT('Ctrl Pts',(-1.16458178811212,15.5,-10.9627691356481));
#4340=CARTESIAN_POINT('Ctrl Pts',(-1.63987045447887,15.5,-11.1332423077947));
#4341=CARTESIAN_POINT('Ctrl Pts',(-2.11515912084562,15.5,-11.3037154799414));
#4342=CARTESIAN_POINT('Ctrl Pts',(-2.49665024880786,15.5,-10.972921075387));
#4343=CARTESIAN_POINT('Ctrl Pts',(-2.87814137677009,15.5,-10.6421266708325));
#4344=CARTESIAN_POINT('Ctrl Pts',(-2.77670274213335,15.5,-10.1474847577262));
#4345=CARTESIAN_POINT('Ctrl Pts',(-1.0803040685752,16.,-10.4649160601448));
#4346=CARTESIAN_POINT('Ctrl Pts',(-1.16458178811212,16.,-10.9627691356481));
#4347=CARTESIAN_POINT('Ctrl Pts',(-1.63987045447887,16.,-11.1332423077947));
#4348=CARTESIAN_POINT('Ctrl Pts',(-2.11515912084562,16.,-11.3037154799414));
#4349=CARTESIAN_POINT('Ctrl Pts',(-2.49665024880786,16.,-10.972921075387));
#4350=CARTESIAN_POINT('Ctrl Pts',(-2.8781413767701,16.,-10.6421266708325));
#4351=CARTESIAN_POINT('Ctrl Pts',(-2.77670274213336,16.,-10.1474847577262));
#4352=CARTESIAN_POINT('Ctrl Pts',(-1.57329033029496,16.,-10.381462206096));
#4353=CARTESIAN_POINT('Ctrl Pts',(-1.60874253893366,16.,-10.5908887449386));
#4354=CARTESIAN_POINT('Ctrl Pts',(-1.80867714865292,16.,-10.6625998745165));
#4355=CARTESIAN_POINT('Ctrl Pts',(-2.00861175837218,16.,-10.7343110040945));
#4356=CARTESIAN_POINT('Ctrl Pts',(-2.16908955887087,16.,-10.5951592530597));
#4357=CARTESIAN_POINT('Ctrl Pts',(-2.32956735936956,16.,-10.4560075020249));
#4358=CARTESIAN_POINT('Ctrl Pts',(-2.28689625176334,16.,-10.2479317685897));
#4359=CARTESIAN_POINT('',(-1.57329033029495,16.,-10.381462206096));
#4360=CARTESIAN_POINT('Origin',(-1.9312477071862,16.,-10.3208663538251));
#4361=CARTESIAN_POINT('',(-1.3115266696819,15.5,-10.9215336741097));
#4362=CARTESIAN_POINT('Ctrl Pts',(-1.57329033029495,16.,-10.381462206096));
#4363=CARTESIAN_POINT('Ctrl Pts',(-1.5726576895471,16.,-10.3823365756416));
#4364=CARTESIAN_POINT('Ctrl Pts',(-1.57202636899036,15.999998222648,-10.3832118983707));
#4365=CARTESIAN_POINT('Ctrl Pts',(-1.56069494690408,15.999933984148,-10.3989724319565));
#4366=CARTESIAN_POINT('Ctrl Pts',(-1.55037564300682,15.9993547730416,-10.4141204641615));
#4367=CARTESIAN_POINT('Ctrl Pts',(-1.49349311619546,15.992665443023,-10.5015934798116));
#4368=CARTESIAN_POINT('Ctrl Pts',(-1.45472006364816,15.9739388412932,-10.5766913912134));
#4369=CARTESIAN_POINT('Ctrl Pts',(-1.39635793588428,15.909159314877,-10.7026434367052));
#4370=CARTESIAN_POINT('Ctrl Pts',(-1.37516785139136,15.8707908841223,-10.7537685901341));
#4371=CARTESIAN_POINT('Ctrl Pts',(-1.34252702491971,15.7785340248921,-10.8363874336962));
#4372=CARTESIAN_POINT('Ctrl Pts',(-1.33078101918652,15.7273338415636,-10.8682073895478));
#4373=CARTESIAN_POINT('Ctrl Pts',(-1.31532937440846,15.6164748153309,-10.9106744155447));
#4374=CARTESIAN_POINT('Ctrl Pts',(-1.3115266696819,15.5586377127634,-10.9215336741097));
#4375=CARTESIAN_POINT('Ctrl Pts',(-1.3115266696819,15.5,-10.9215336741097));
#4376=CARTESIAN_POINT('Origin',(-1.9312477071862,15.5,-10.3208663538251));
#4377=CARTESIAN_POINT('Origin',(0.,15.5,0.));
#4378=CARTESIAN_POINT('',(-0.613397684786261,16.,-10.4820677006161));
#4379=CARTESIAN_POINT('Origin',(0.,16.,0.));
#4380=CARTESIAN_POINT('',(-0.98145165098857,15.5,-10.9561285432753));
#4381=CARTESIAN_POINT('Ctrl Pts',(-0.613397684786279,16.,-10.4820677006161));
#4382=CARTESIAN_POINT('Ctrl Pts',(-0.614197869803401,16.,-10.4827918969667));
#4383=CARTESIAN_POINT('Ctrl Pts',(-0.614996960954549,15.999998222648,-10.4835172995183));
#4384=CARTESIAN_POINT('Ctrl Pts',(-0.629349936243061,15.999933984148,-10.4965858742541));
#4385=CARTESIAN_POINT('Ctrl Pts',(-0.642585791472121,15.9993547730417,-10.509265111181));
#4386=CARTESIAN_POINT('Ctrl Pts',(-0.716368900802808,15.992665443023,-10.5830431777117));
#4387=CARTESIAN_POINT('Ctrl Pts',(-0.76987021469315,15.9739388412932,-10.6484698948289));
#4388=CARTESIAN_POINT('Ctrl Pts',(-0.853079036451855,15.909159314877,-10.7595840150037));
#4389=CARTESIAN_POINT('Ctrl Pts',(-0.884408955081332,15.8707908841223,-10.8052045936126));
#4390=CARTESIAN_POINT('Ctrl Pts',(-0.933470697977316,15.7785340248921,-10.8792602635393));
#4391=CARTESIAN_POINT('Ctrl Pts',(-0.951559017695778,15.7273338415636,-10.9079533102728));
#4392=CARTESIAN_POINT('Ctrl Pts',(-0.975480018399974,15.6164748153309,-10.9462937243117));
#4393=CARTESIAN_POINT('Ctrl Pts',(-0.981451650988572,15.5586377127634,-10.9561285432753));
#4394=CARTESIAN_POINT('Ctrl Pts',(-0.981451650988572,15.5,-10.9561285432753));
#4395=CARTESIAN_POINT('Origin',(0.,15.5,0.));
#4396=CARTESIAN_POINT('Ctrl Pts',(0.612376174660811,15.5,-10.5026911050056));
#4397=CARTESIAN_POINT('Ctrl Pts',(0.609051078977826,15.5,-11.0076162108749));
#4398=CARTESIAN_POINT('Ctrl Pts',(0.167263095907632,15.5,-11.2521234639641));
#4399=CARTESIAN_POINT('Ctrl Pts',(-0.274524887162563,15.5,-11.4966307170532));
#4400=CARTESIAN_POINT('Ctrl Pts',(-0.704138959346878,15.5,-11.2313154936309));
#4401=CARTESIAN_POINT('Ctrl Pts',(-1.13375303153119,15.5,-10.9660002702086));
#4402=CARTESIAN_POINT('Ctrl Pts',(-1.11297414341868,15.5,-10.4614919386547));
#4403=CARTESIAN_POINT('Ctrl Pts',(0.612376174660811,16.,-10.5026911050056));
#4404=CARTESIAN_POINT('Ctrl Pts',(0.609051078977826,16.,-11.0076162108749));
#4405=CARTESIAN_POINT('Ctrl Pts',(0.167263095907632,16.,-11.2521234639641));
#4406=CARTESIAN_POINT('Ctrl Pts',(-0.274524887162563,16.,-11.4966307170532));
#4407=CARTESIAN_POINT('Ctrl Pts',(-0.704138959346878,16.,-11.2313154936309));
#4408=CARTESIAN_POINT('Ctrl Pts',(-1.13375303153119,16.,-10.9660002702086));
#4409=CARTESIAN_POINT('Ctrl Pts',(-1.11297414341868,16.,-10.4614919386547));
#4410=CARTESIAN_POINT('Ctrl Pts',(0.112387015932977,16.,-10.4993985141364));
#4411=CARTESIAN_POINT('Ctrl Pts',(0.110988283426396,16.,-10.7117999685013));
#4412=CARTESIAN_POINT('Ctrl Pts',(-0.0748539514600639,16.,-10.8146542246181));
#4413=CARTESIAN_POINT('Ctrl Pts',(-0.260696186346524,16.,-10.9175084807349));
#4414=CARTESIAN_POINT('Ctrl Pts',(-0.441417352093398,16.,-10.8059011578568));
#4415=CARTESIAN_POINT('Ctrl Pts',(-0.622138517840273,16.,-10.6942938349786));
#4416=CARTESIAN_POINT('Ctrl Pts',(-0.613397684786261,16.,-10.4820677006161));
#4417=CARTESIAN_POINT('',(0.112387015932977,16.,-10.4993985141364));
#4418=CARTESIAN_POINT('Origin',(-0.250655165218155,16.,-10.4970077635572));
#4419=CARTESIAN_POINT('',(0.457394461828955,15.5,-10.9904863544016));
#4420=CARTESIAN_POINT('Ctrl Pts',(0.112387015932977,16.,-10.4993985141364));
#4421=CARTESIAN_POINT('Ctrl Pts',(0.113151722888164,16.,-10.5001600781134));
#4422=CARTESIAN_POINT('Ctrl Pts',(0.113915279649396,15.999998222648,-10.5009227947037));
#4423=CARTESIAN_POINT('Ctrl Pts',(0.127628130175989,15.999933984148,-10.5146615455889));
#4424=CARTESIAN_POINT('Ctrl Pts',(0.140243717045918,15.9993547730416,-10.5279580819989));
#4425=CARTESIAN_POINT('Ctrl Pts',(0.210421288555522,15.992665443023,-10.6051737460859));
#4426=CARTESIAN_POINT('Ctrl Pts',(0.260738792413245,15.9739388412932,-10.6730795242367));
#4427=CARTESIAN_POINT('Ctrl Pts',(0.338549274894678,15.909159314877,-10.7880385801509));
#4428=CARTESIAN_POINT('Ctrl Pts',(0.367666004704302,15.8707908841223,-10.8351025476753));
#4429=CARTESIAN_POINT('Ctrl Pts',(0.413137135564646,15.7785340248921,-10.9114155421295));
#4430=CARTESIAN_POINT('Ctrl Pts',(0.42983531348354,15.7273338415636,-10.9409392460854));
#4431=CARTESIAN_POINT('Ctrl Pts',(0.451899053554284,15.6164748153309,-10.9803777171189));
#4432=CARTESIAN_POINT('Ctrl Pts',(0.457394461828958,15.5586377127634,-10.9904863544016));
#4433=CARTESIAN_POINT('Ctrl Pts',(0.457394461828958,15.5,-10.9904863544016));
#4434=CARTESIAN_POINT('Origin',(-0.250655165218155,15.5,-10.4970077635572));
#4435=CARTESIAN_POINT('Origin',(0.,15.5,0.));
#4436=CARTESIAN_POINT('',(1.07598756002382,16.,-10.4447235851732));
#4437=CARTESIAN_POINT('Origin',(0.,16.,0.));
#4438=CARTESIAN_POINT('',(0.788744502994382,15.5,-10.9716854725697));
#4439=CARTESIAN_POINT('Ctrl Pts',(1.07598756002389,16.,-10.4447235851732));
#4440=CARTESIAN_POINT('Ctrl Pts',(1.07531390645398,16.,-10.4455667620784));
#4441=CARTESIAN_POINT('Ctrl Pts',(1.07464152608131,15.999998222648,-10.4464109540855));
#4442=CARTESIAN_POINT('Ctrl Pts',(1.06257076486307,15.999933984148,-10.461612673364));
#4443=CARTESIAN_POINT('Ctrl Pts',(1.05154020311842,15.9993547730417,-10.4762508979936));
#4444=CARTESIAN_POINT('Ctrl Pts',(0.990547399826709,15.992665443023,-10.5609092010131));
#4445=CARTESIAN_POINT('Ctrl Pts',(0.948234097394843,15.9739388412932,-10.634070873616));
#4446=CARTESIAN_POINT('Ctrl Pts',(0.88392676636273,15.909159314877,-10.7570937287942));
#4447=CARTESIAN_POINT('Ctrl Pts',(0.86032061739921,15.8707908841223,-10.8071492052684));
#4448=CARTESIAN_POINT('Ctrl Pts',(0.823773576055979,15.7785340248921,-10.8881159307384));
#4449=CARTESIAN_POINT('Ctrl Pts',(0.810522183705415,15.7273338415636,-10.9193389805872));
#4450=CARTESIAN_POINT('Ctrl Pts',(0.793061188602379,15.6164748153309,-10.9610200946963));
#4451=CARTESIAN_POINT('Ctrl Pts',(0.788744502994381,15.5586377127634,-10.9716854725697));
#4452=CARTESIAN_POINT('Ctrl Pts',(0.788744502994381,15.5,-10.9716854725697));
#4453=CARTESIAN_POINT('Origin',(0.,15.5,0.));
#4454=CARTESIAN_POINT('Ctrl Pts',(2.28919619663951,15.5,-10.2684519670566));
#4455=CARTESIAN_POINT('Ctrl Pts',(2.36690984304206,15.5,-10.7673718082748));
#4456=CARTESIAN_POINT('Ctrl Pts',(1.97006461996939,15.5,-11.0795805328852));
#4457=CARTESIAN_POINT('Ctrl Pts',(1.57321939689673,15.5,-11.3917892574956));
#4458=CARTESIAN_POINT('Ctrl Pts',(1.10660915929402,15.5,-11.1988247401283));
#4459=CARTESIAN_POINT('Ctrl Pts',(0.639998921691313,15.5,-11.0058602227611));
#4460=CARTESIAN_POINT('Ctrl Pts',(0.579579900992128,15.5,-10.5045519735409));
#4461=CARTESIAN_POINT('Ctrl Pts',(2.28919619663951,16.0000000000001,-10.2684519670566));
#4462=CARTESIAN_POINT('Ctrl Pts',(2.36690984304206,16.0000000000001,-10.7673718082748));
#4463=CARTESIAN_POINT('Ctrl Pts',(1.97006461996939,16.0000000000001,-11.0795805328852));
#4464=CARTESIAN_POINT('Ctrl Pts',(1.57321939689673,16.0000000000001,-11.3917892574956));
#4465=CARTESIAN_POINT('Ctrl Pts',(1.10660915929402,16.0000000000001,-11.1988247401283));
#4466=CARTESIAN_POINT('Ctrl Pts',(0.639998921691313,16.0000000000001,-11.0058602227611));
#4467=CARTESIAN_POINT('Ctrl Pts',(0.579579900992128,16.0000000000001,-10.5045519735409));
#4468=CARTESIAN_POINT('Ctrl Pts',(1.79515359748235,16.,-10.3454059157409));
#4469=CARTESIAN_POINT('Ctrl Pts',(1.82784456754508,16.,-10.5552811995293));
#4470=CARTESIAN_POINT('Ctrl Pts',(1.66090792375659,16.,-10.6866147109784));
#4471=CARTESIAN_POINT('Ctrl Pts',(1.4939712799681,16.,-10.8179482224275));
#4472=CARTESIAN_POINT('Ctrl Pts',(1.29768733223747,16.,-10.7367758987439));
#4473=CARTESIAN_POINT('Ctrl Pts',(1.10140338450684,16.,-10.6556035750603));
#4474=CARTESIAN_POINT('Ctrl Pts',(1.07598756002389,16.,-10.4447235851732));
#4475=CARTESIAN_POINT('',(1.79515359748242,16.,-10.3454059157409));
#4476=CARTESIAN_POINT('Origin',(1.43642921386594,16.,-10.4012821860376));
#4477=CARTESIAN_POINT('',(2.2144693170367,15.5,-10.7747912111513));
#4478=CARTESIAN_POINT('Ctrl Pts',(1.79515359748242,16.,-10.3454059157409));
#4479=CARTESIAN_POINT('Ctrl Pts',(1.79603056513607,16.,-10.346034950042));
#4480=CARTESIAN_POINT('Ctrl Pts',(1.7969065823836,15.999998222648,-10.3466653065351));
#4481=CARTESIAN_POINT('Ctrl Pts',(1.81264570572168,15.999933984148,-10.3580264482856));
#4482=CARTESIAN_POINT('Ctrl Pts',(1.82723083849335,15.9993547730416,-10.369127115594));
#4483=CARTESIAN_POINT('Ctrl Pts',(1.90888589246208,15.992665443023,-10.4340855829779));
#4484=CARTESIAN_POINT('Ctrl Pts',(1.96944465071093,15.9739388412932,-10.4930405038928));
#4485=CARTESIAN_POINT('Ctrl Pts',(2.06468823728561,15.909159314877,-10.5940291910666));
#4486=CARTESIAN_POINT('Ctrl Pts',(2.10097750440419,15.8707908841223,-10.6358130406491));
#4487=CARTESIAN_POINT('Ctrl Pts',(2.15810126124883,15.7785340248921,-10.7038437195245));
#4488=CARTESIAN_POINT('Ctrl Pts',(2.17931913731647,15.7273338415636,-10.7303065231602));
#4489=CARTESIAN_POINT('Ctrl Pts',(2.20742353340163,15.6164748153309,-10.7656950035466));
#4490=CARTESIAN_POINT('Ctrl Pts',(2.2144693170367,15.5586377127634,-10.7747912111513));
#4491=CARTESIAN_POINT('Ctrl Pts',(2.2144693170367,15.5,-10.7747912111513));
#4492=CARTESIAN_POINT('Origin',(1.43642921386594,15.5,-10.4012821860376));
#4493=CARTESIAN_POINT('Origin',(0.,15.5,0.));
#4494=CARTESIAN_POINT('',(2.73750529221953,16.,-10.1368666152352));
#4495=CARTESIAN_POINT('Origin',(0.,16.,0.));
#4496=CARTESIAN_POINT('',(2.53851258865819,15.5,-10.7030815112856));
#4497=CARTESIAN_POINT('Ctrl Pts',(2.7375052922196,16.,-10.1368666152352));
#4498=CARTESIAN_POINT('Ctrl Pts',(2.73697561737374,16.,-10.137806934853));
#4499=CARTESIAN_POINT('Ctrl Pts',(2.73644736207163,15.999998222648,-10.1387480521918));
#4500=CARTESIAN_POINT('Ctrl Pts',(2.72697144130087,15.999933984148,-10.1556891994676));
#4501=CARTESIAN_POINT('Ctrl Pts',(2.71843185879667,15.9993547730416,-10.1719072894698));
#4502=CARTESIAN_POINT('Ctrl Pts',(2.67180904311127,15.992665443023,-10.2652532233986));
#4503=CARTESIAN_POINT('Ctrl Pts',(2.64177964444474,15.9739388412932,-10.3442550025967));
#4504=CARTESIAN_POINT('Ctrl Pts',(2.59803933023386,15.909159314877,-10.4760003654503));
#4505=CARTESIAN_POINT('Ctrl Pts',(2.58276833779472,15.8707908841223,-10.5291943292419));
#4506=CARTESIAN_POINT('Ctrl Pts',(2.55968254717776,15.7785340248921,-10.6149751145955));
#4507=CARTESIAN_POINT('Ctrl Pts',(2.55161128629634,15.7273338415636,-10.6479195069692));
#4508=CARTESIAN_POINT('Ctrl Pts',(2.54106252739579,15.6164748153309,-10.6918618021872));
#4509=CARTESIAN_POINT('Ctrl Pts',(2.53851258865819,15.5586377127634,-10.7030815112856));
#4510=CARTESIAN_POINT('Ctrl Pts',(2.53851258865819,15.5,-10.7030815112856));
#4511=CARTESIAN_POINT('Origin',(0.,15.5,0.));
#4512=CARTESIAN_POINT('Ctrl Pts',(3.90672723958467,15.5,-9.76826531693031));
#4513=CARTESIAN_POINT('Ctrl Pts',(4.06346688545202,15.5,-10.2482581316805));
#4514=CARTESIAN_POINT('Ctrl Pts',(3.72184250520126,15.5,-10.6200822858404));
#4515=CARTESIAN_POINT('Ctrl Pts',(3.38021812495051,15.5,-10.9919064400003));
#4516=CARTESIAN_POINT('Ctrl Pts',(2.88869668198423,15.5,-10.8762903083283));
#4517=CARTESIAN_POINT('Ctrl Pts',(2.39717523901796,15.5,-10.7606741766564));
#4518=CARTESIAN_POINT('Ctrl Pts',(2.25712313040654,15.5,-10.2755496300996));
#4519=CARTESIAN_POINT('Ctrl Pts',(3.90672723958467,16.0000000000001,-9.76826531693031));
#4520=CARTESIAN_POINT('Ctrl Pts',(4.06346688545202,16.0000000000001,-10.2482581316805));
#4521=CARTESIAN_POINT('Ctrl Pts',(3.72184250520126,16.0000000000001,-10.6200822858404));
#4522=CARTESIAN_POINT('Ctrl Pts',(3.38021812495051,16.0000000000001,-10.9919064400003));
#4523=CARTESIAN_POINT('Ctrl Pts',(2.88869668198423,16.0000000000001,-10.8762903083283));
#4524=CARTESIAN_POINT('Ctrl Pts',(2.39717523901796,16.0000000000001,-10.7606741766564));
#4525=CARTESIAN_POINT('Ctrl Pts',(2.25712313040654,16.0000000000001,-10.2755496300996));
#4526=CARTESIAN_POINT('Ctrl Pts',(3.43142664380778,16.,-9.92347273831928));
#4527=CARTESIAN_POINT('Ctrl Pts',(3.49736063748698,16.,-10.1253861919236));
#4528=CARTESIAN_POINT('Ctrl Pts',(3.35365315618276,16.,-10.2817974897448));
#4529=CARTESIAN_POINT('Ctrl Pts',(3.20994567487854,16.,-10.4382087875661));
#4530=CARTESIAN_POINT('Ctrl Pts',(3.00318259630712,16.,-10.3895737836225));
#4531=CARTESIAN_POINT('Ctrl Pts',(2.7964195177357,16.,-10.3409387796789));
#4532=CARTESIAN_POINT('Ctrl Pts',(2.7375052922196,16.,-10.1368666152352));
#4533=CARTESIAN_POINT('',(3.43142664380785,16.,-9.92347273831926));
#4534=CARTESIAN_POINT('Origin',(3.08631083083245,16.,-10.0361688634418));
#4535=CARTESIAN_POINT('',(3.91419058014038,15.5,-10.2800346352695));
#4536=CARTESIAN_POINT('Ctrl Pts',(3.43142664380785,16.,-9.92347273831926));
#4537=CARTESIAN_POINT('Ctrl Pts',(3.43239315915864,16.,-9.92395295128682));
#4538=CARTESIAN_POINT('Ctrl Pts',(3.4333589485054,15.999998222648,-9.92443462178019));
#4539=CARTESIAN_POINT('Ctrl Pts',(3.45071670962902,15.999933984148,-9.93312390679404));
#4540=CARTESIAN_POINT('Ctrl Pts',(3.46689364102423,15.9993547730417,-9.94174120354746));
#4541=CARTESIAN_POINT('Ctrl Pts',(3.55791135444537,15.992665443023,-9.99276008404356));
#4542=CARTESIAN_POINT('Ctrl Pts',(3.62714292705684,15.9739388412932,-10.0412372462387));
#4543=CARTESIAN_POINT('Ctrl Pts',(3.73735285886165,15.909159314877,-10.125640010721));
#4544=CARTESIAN_POINT('Ctrl Pts',(3.77987479033269,15.8707908841223,-10.1610615626057));
#4545=CARTESIAN_POINT('Ctrl Pts',(3.84717169786508,15.7785340248921,-10.2190479670542));
#4546=CARTESIAN_POINT('Ctrl Pts',(3.87235974023656,15.7273338415636,-10.2417644976559));
#4547=CARTESIAN_POINT('Ctrl Pts',(3.90577690324008,15.6164748153309,-10.2721864443418));
#4548=CARTESIAN_POINT('Ctrl Pts',(3.91419058014038,15.5586377127634,-10.2800346352695));
#4549=CARTESIAN_POINT('Ctrl Pts',(3.91419058014038,15.5,-10.2800346352695));
#4550=CARTESIAN_POINT('Origin',(3.08631083083245,15.5,-10.0361688634418));
#4551=CARTESIAN_POINT('Origin',(0.,15.5,0.));
#4552=CARTESIAN_POINT('',(4.32812307529211,16.,-9.56647012461357));
#4553=CARTESIAN_POINT('Origin',(0.,16.,0.));
#4554=CARTESIAN_POINT('',(4.22253453169505,15.5,-10.1572733609292));
#4555=CARTESIAN_POINT('Ctrl Pts',(4.32812307529209,16.,-9.56647012461358));
#4556=CARTESIAN_POINT('Ctrl Pts',(4.32775109747231,16.,-9.56748323315538));
#4557=CARTESIAN_POINT('Ctrl Pts',(4.32738064877223,15.999998222648,-9.56849690139023));
#4558=CARTESIAN_POINT('Ctrl Pts',(4.32074498982178,15.999933984148,-9.58673870984258));
#4559=CARTESIAN_POINT('Ctrl Pts',(4.31491755725872,15.9993547730416,-9.60411662520563));
#4560=CARTESIAN_POINT('Ctrl Pts',(4.28387223561595,15.992665443023,-9.70373257938753));
#4561=CARTESIAN_POINT('Ctrl Pts',(4.2669044863665,15.9739388412932,-9.7865283605973));
#4562=CARTESIAN_POINT('Ctrl Pts',(4.2448640401392,15.909159314877,-9.9235840954309));
#4563=CARTESIAN_POINT('Ctrl Pts',(4.23832371490712,15.8707908841223,-9.97853885081933));
#4564=CARTESIAN_POINT('Ctrl Pts',(4.229297084867,15.7785340248921,-10.0669120187744));
#4565=CARTESIAN_POINT('Ctrl Pts',(4.22661499687192,15.7273338415636,-10.1007245112154));
#4566=CARTESIAN_POINT('Ctrl Pts',(4.22325168148838,15.6164748153309,-10.1457899051779));
#4567=CARTESIAN_POINT('Ctrl Pts',(4.22253453169505,15.5586377127634,-10.1572733609292));
#4568=CARTESIAN_POINT('Ctrl Pts',(4.22253453169505,15.5,-10.1572733609292));
#4569=CARTESIAN_POINT('Origin',(0.,15.5,0.));
#4570=CARTESIAN_POINT('Ctrl Pts',(5.42307609913396,15.5,-9.0150857261292));
#4571=CARTESIAN_POINT('Ctrl Pts',(5.65478226996971,15.5,-9.46371995263791));
#4572=CARTESIAN_POINT('Ctrl Pts',(5.37722662454232,15.5,-9.88552948606481));
#4573=CARTESIAN_POINT('Ctrl Pts',(5.09967097911494,15.5,-10.3073390194917));
#4574=CARTESIAN_POINT('Ctrl Pts',(4.5959684779736,15.5,-10.272065670595));
#4575=CARTESIAN_POINT('Ctrl Pts',(4.09226597683225,15.5,-10.2367923216983));
#4576=CARTESIAN_POINT('Ctrl Pts',(3.87620805635565,15.5,-9.78041594873654));
#4577=CARTESIAN_POINT('Ctrl Pts',(5.42307609913396,16.,-9.0150857261292));
#4578=CARTESIAN_POINT('Ctrl Pts',(5.65478226996971,16.,-9.46371995263791));
#4579=CARTESIAN_POINT('Ctrl Pts',(5.37722662454232,16.,-9.88552948606481));
#4580=CARTESIAN_POINT('Ctrl Pts',(5.09967097911494,16.,-10.3073390194917));
#4581=CARTESIAN_POINT('Ctrl Pts',(4.5959684779736,16.,-10.272065670595));
#4582=CARTESIAN_POINT('Ctrl Pts',(4.09226597683225,16.,-10.2367923216983));
#4583=CARTESIAN_POINT('Ctrl Pts',(3.87620805635564,16.,-9.78041594873654));
#4584=CARTESIAN_POINT('Ctrl Pts',(4.97882754250413,16.,-9.24452682953553));
#4585=CARTESIAN_POINT('Ctrl Pts',(5.07629690399706,16.,-9.43324900056771));
#4586=CARTESIAN_POINT('Ctrl Pts',(4.95954053345679,16.,-9.61068711430657));
#4587=CARTESIAN_POINT('Ctrl Pts',(4.84278416291653,16.,-9.78812522804543));
#4588=CARTESIAN_POINT('Ctrl Pts',(4.63089700863164,16.,-9.77328716489728));
#4589=CARTESIAN_POINT('Ctrl Pts',(4.41900985434675,16.,-9.75844910174912));
#4590=CARTESIAN_POINT('Ctrl Pts',(4.32812307529211,16.,-9.56647012461357));
#4591=CARTESIAN_POINT('',(4.97882754250413,16.,-9.24452682953553));
#4592=CARTESIAN_POINT('Origin',(4.65625861844487,16.,-9.41112403903963));
#4593=CARTESIAN_POINT('',(5.51253636324813,15.5,-9.51903056218789));
#4594=CARTESIAN_POINT('Ctrl Pts',(4.97882754250413,16.,-9.24452682953553));
#4595=CARTESIAN_POINT('Ctrl Pts',(4.97985857331246,16.,-9.24484578390598));
#4596=CARTESIAN_POINT('Ctrl Pts',(4.98088912132106,15.999998222648,-9.24516629338664));
#4597=CARTESIAN_POINT('Ctrl Pts',(4.99941596333854,15.999933984148,-9.25095867374792));
#4598=CARTESIAN_POINT('Ctrl Pts',(5.01676571932845,15.9993547730416,-9.25686941648547));
#4599=CARTESIAN_POINT('Ctrl Pts',(5.11478878123356,15.992665443023,-9.29262734788795));
#4600=CARTESIAN_POINT('Ctrl Pts',(5.19090010684252,15.9739388412932,-9.32937121832613));
#4601=CARTESIAN_POINT('Ctrl Pts',(5.3132220045343,15.909159314877,-9.39500207285175));
#4602=CARTESIAN_POINT('Ctrl Pts',(5.36087530466844,15.8707908841223,-9.4231439274507));
#4603=CARTESIAN_POINT('Ctrl Pts',(5.43660240833292,15.7785340248921,-9.469584240056));
#4604=CARTESIAN_POINT('Ctrl Pts',(5.46510825994149,15.7273338415636,-9.48796615141351));
#4605=CARTESIAN_POINT('Ctrl Pts',(5.50297270289482,15.6164748153309,-9.51263365195982));
#4606=CARTESIAN_POINT('Ctrl Pts',(5.51253636324813,15.5586377127634,-9.51903056218789));
#4607=CARTESIAN_POINT('Ctrl Pts',(5.51253636324813,15.5,-9.51903056218789));
#4608=CARTESIAN_POINT('Origin',(4.65625861844487,15.5,-9.41112403903963));
#4609=CARTESIAN_POINT('Origin',(0.,15.5,0.));
#4610=CARTESIAN_POINT('',(5.80664474417305,16.,-8.74830708279993));
#4611=CARTESIAN_POINT('Origin',(0.,16.,0.));
#4612=CARTESIAN_POINT('',(5.79719504835632,15.5,-9.34839716589496));
#4613=CARTESIAN_POINT('Ctrl Pts',(5.80664474417311,16.,-8.74830708279989));
#4614=CARTESIAN_POINT('Ctrl Pts',(5.80644009740642,16.,-8.74936674129489));
#4615=CARTESIAN_POINT('Ctrl Pts',(5.80623704974117,15.999998222648,-8.75042670693443));
#4616=CARTESIAN_POINT('Ctrl Pts',(5.80261351268992,15.999933984148,-8.76949672331211));
#4617=CARTESIAN_POINT('Ctrl Pts',(5.79964915750977,15.9993547730417,-8.78758438515856));
#4618=CARTESIAN_POINT('Ctrl Pts',(5.78498538743273,15.992665443023,-8.89089035870619));
#4619=CARTESIAN_POINT('Ctrl Pts',(5.78151874339316,15.9739388412932,-8.97533577468512));
#4620=CARTESIAN_POINT('Ctrl Pts',(5.78174900112941,15.909159314877,-9.11415220995872));
#4621=CARTESIAN_POINT('Ctrl Pts',(5.78410873409242,15.8707908841223,-9.16944445764577));
#4622=CARTESIAN_POINT('Ctrl Pts',(5.78937504960571,15.7785340248921,-9.25812118957249));
#4623=CARTESIAN_POINT('Ctrl Pts',(5.7921515991672,15.7273338415636,-9.29192605628747));
#4624=CARTESIAN_POINT('Ctrl Pts',(5.79606083540243,15.6164748153309,-9.33694737896267));
#4625=CARTESIAN_POINT('Ctrl Pts',(5.79719504835632,15.5586377127634,-9.34839716589496));
#4626=CARTESIAN_POINT('Ctrl Pts',(5.79719504835632,15.5,-9.34839716589496));
#4627=CARTESIAN_POINT('Origin',(0.,15.5,0.));
#4628=CARTESIAN_POINT('Ctrl Pts',(6.79897013632646,15.5,-8.02842015042794));
#4629=CARTESIAN_POINT('Ctrl Pts',(7.0996417640156,15.5,-8.43407639788531));
#4630=CARTESIAN_POINT('Ctrl Pts',(6.89334339883489,15.5,-8.89494666522982));
#4631=CARTESIAN_POINT('Ctrl Pts',(6.68704503365418,15.5,-9.35581693257433));
#4632=CARTESIAN_POINT('Ctrl Pts',(6.18420710453458,15.5,-9.40179992766106));
#4633=CARTESIAN_POINT('Ctrl Pts',(5.68136917541498,15.5,-9.4477829227478));
#4634=CARTESIAN_POINT('Ctrl Pts',(5.39490122972353,15.5,-9.03197463171725));
#4635=CARTESIAN_POINT('Ctrl Pts',(6.79897013632646,16.0000000000001,-8.02842015042794));
#4636=CARTESIAN_POINT('Ctrl Pts',(7.0996417640156,16.0000000000001,-8.43407639788531));
#4637=CARTESIAN_POINT('Ctrl Pts',(6.89334339883489,16.0000000000001,-8.89494666522982));
#4638=CARTESIAN_POINT('Ctrl Pts',(6.68704503365418,16.0000000000001,-9.35581693257433));
#4639=CARTESIAN_POINT('Ctrl Pts',(6.18420710453458,16.0000000000001,-9.40179992766106));
#4640=CARTESIAN_POINT('Ctrl Pts',(5.68136917541498,16.0000000000001,-9.4477829227478));
#4641=CARTESIAN_POINT('Ctrl Pts',(5.39490122972353,16.0000000000001,-9.03197463171725));
#4642=CARTESIAN_POINT('Ctrl Pts',(6.39727942310724,16.,-8.32615253179334));
#4643=CARTESIAN_POINT('Ctrl Pts',(6.52375974714949,16.,-8.49679561515475));
#4644=CARTESIAN_POINT('Ctrl Pts',(6.43697841604093,16.,-8.69066499086929));
#4645=CARTESIAN_POINT('Ctrl Pts',(6.35019708493236,16.,-8.88453436658384));
#4646=CARTESIAN_POINT('Ctrl Pts',(6.13867362093086,16.,-8.90387754227256));
#4647=CARTESIAN_POINT('Ctrl Pts',(5.92715015692935,16.,-8.92322071796127));
#4648=CARTESIAN_POINT('Ctrl Pts',(5.80664474417311,16.,-8.74830708279989));
#4649=CARTESIAN_POINT('',(6.3972794231073,16.,-8.3261525317933));
#4650=CARTESIAN_POINT('Origin',(6.10561175365966,16.,-8.54233604546231));
#4651=CARTESIAN_POINT('',(6.96811035014984,15.5,-8.51148859766226));
#4652=CARTESIAN_POINT('Ctrl Pts',(6.3972794231073,16.,-8.32615253179329));
#4653=CARTESIAN_POINT('Ctrl Pts',(6.39834826621651,16.,-8.32630196681585));
#4654=CARTESIAN_POINT('Ctrl Pts',(6.39941688223545,15.999998222648,-8.32645301425687));
#4655=CARTESIAN_POINT('Ctrl Pts',(6.41863296966842,15.999933984148,-8.32919847035562));
#4656=CARTESIAN_POINT('Ctrl Pts',(6.43670620068773,15.9993547730416,-8.33224957394613));
#4657=CARTESIAN_POINT('Ctrl Pts',(6.5391958652625,15.992665443023,-8.35182044461445));
#4658=CARTESIAN_POINT('Ctrl Pts',(6.62021570051529,15.9739388412932,-8.3758793763521));
#4659=CARTESIAN_POINT('Ctrl Pts',(6.75148149119658,15.909159314877,-8.42103851626307));
#4660=CARTESIAN_POINT('Ctrl Pts',(6.80303196455148,15.8707908841223,-8.44117181432446));
#4661=CARTESIAN_POINT('Ctrl Pts',(6.88522797214077,15.7785340248921,-8.47486325538404));
#4662=CARTESIAN_POINT('Ctrl Pts',(6.9163133464032,15.7273338415636,-8.48843446564879));
#4663=CARTESIAN_POINT('Ctrl Pts',(6.9576444001231,15.6164748153309,-8.50670864474854));
#4664=CARTESIAN_POINT('Ctrl Pts',(6.96811035014983,15.5586377127634,-8.51148859766226));
#4665=CARTESIAN_POINT('Ctrl Pts',(6.96811035014983,15.5,-8.51148859766226));
#4666=CARTESIAN_POINT('Origin',(6.10561175365966,15.5,-8.54233604546231));
#4667=CARTESIAN_POINT('Origin',(0.,15.5,0.));
#4668=CARTESIAN_POINT('',(7.13477736427002,16.,-7.70356748281601));
#4669=CARTESIAN_POINT('Origin',(0.,16.,0.));
#4670=CARTESIAN_POINT('',(7.22171125839158,15.5,-8.29740239475104));
#4671=CARTESIAN_POINT('Ctrl Pts',(7.13477736427007,16.,-7.70356748281596));
#4672=CARTESIAN_POINT('Ctrl Pts',(7.13474534880172,16.,-7.70464624666181));
#4673=CARTESIAN_POINT('Ctrl Pts',(7.13471496099631,15.999998222648,-7.70572505716057));
#4674=CARTESIAN_POINT('Ctrl Pts',(7.13419739355133,15.999933984148,-7.72512937805405));
#4675=CARTESIAN_POINT('Ctrl Pts',(7.13417289099671,15.9993547730417,-7.74345832544175));
#4676=CARTESIAN_POINT('Ctrl Pts',(7.13627045642794,15.992665443023,-7.84777874790436));
#4677=CARTESIAN_POINT('Ctrl Pts',(7.14639470185795,15.9739388412932,-7.93168670673557));
#4678=CARTESIAN_POINT('Ctrl Pts',(7.16888970000333,15.909159314877,-8.06866856969242));
#4679=CARTESIAN_POINT('Ctrl Pts',(7.18008837531722,15.8707908841223,-8.12286626950668));
#4680=CARTESIAN_POINT('Ctrl Pts',(7.19951124157839,15.7785340248921,-8.20954988462794));
#4681=CARTESIAN_POINT('Ctrl Pts',(7.20767451752126,15.7273338415636,-8.24247159732588));
#4682=CARTESIAN_POINT('Ctrl Pts',(7.2187550582102,15.6164748153309,-8.28628282010507));
#4683=CARTESIAN_POINT('Ctrl Pts',(7.22171125839159,15.5586377127634,-8.29740239475104));
#4684=CARTESIAN_POINT('Ctrl Pts',(7.22171125839159,15.5,-8.29740239475104));
#4685=CARTESIAN_POINT('Origin',(0.,15.5,0.));
#4686=CARTESIAN_POINT('Ctrl Pts',(7.99877441832276,15.5,-6.83382270996562));
#4687=CARTESIAN_POINT('Ctrl Pts',(8.36062426564368,15.5,-7.18599469464393));
#4688=CARTESIAN_POINT('Ctrl Pts',(8.23092620000428,15.5,-7.67398939806583));
#4689=CARTESIAN_POINT('Ctrl Pts',(8.10122813436488,15.5,-8.16198410148773));
#4690=CARTESIAN_POINT('Ctrl Pts',(7.61227801550262,15.5,-8.28803250513891));
#4691=CARTESIAN_POINT('Ctrl Pts',(7.12332789664035,15.5,-8.41408090879009));
#4692=CARTESIAN_POINT('Ctrl Pts',(6.77386929505277,15.5,-8.04960991601442));
#4693=CARTESIAN_POINT('Ctrl Pts',(7.99877441832276,16.0000000000001,-6.83382270996562));
#4694=CARTESIAN_POINT('Ctrl Pts',(8.36062426564368,16.0000000000001,-7.18599469464393));
#4695=CARTESIAN_POINT('Ctrl Pts',(8.23092620000428,16.0000000000001,-7.67398939806583));
#4696=CARTESIAN_POINT('Ctrl Pts',(8.10122813436488,16.0000000000001,-8.16198410148773));
#4697=CARTESIAN_POINT('Ctrl Pts',(7.61227801550262,16.0000000000001,-8.28803250513891));
#4698=CARTESIAN_POINT('Ctrl Pts',(7.12332789664035,16.0000000000001,-8.41408090879009));
#4699=CARTESIAN_POINT('Ctrl Pts',(6.77386929505277,16.0000000000001,-8.04960991601442));
#4700=CARTESIAN_POINT('Ctrl Pts',(7.65004512698818,16.,-7.19213525700431));
#4701=CARTESIAN_POINT('Ctrl Pts',(7.80226063962412,16.,-7.34027968647061));
#4702=CARTESIAN_POINT('Ctrl Pts',(7.74770193883881,16.,-7.54555920916477));
#4703=CARTESIAN_POINT('Ctrl Pts',(7.6931432380535,16.,-7.75083873185892));
#4704=CARTESIAN_POINT('Ctrl Pts',(7.48746181094482,16.,-7.80386216829467));
#4705=CARTESIAN_POINT('Ctrl Pts',(7.28178038383614,16.,-7.85688560473042));
#4706=CARTESIAN_POINT('Ctrl Pts',(7.13477736427007,16.,-7.70356748281596));
#4707=CARTESIAN_POINT('',(7.65004512698823,16.,-7.19213525700426));
#4708=CARTESIAN_POINT('Origin',(7.39683275158492,16.,-7.45230603539014));
#4709=CARTESIAN_POINT('',(8.24321393916258,15.5,-7.28350354933639));
#4710=CARTESIAN_POINT('Ctrl Pts',(7.65004512698823,16.,-7.19213525700426));
#4711=CARTESIAN_POINT('Ctrl Pts',(7.65112409992325,16.,-7.19211130239033));
#4712=CARTESIAN_POINT('Ctrl Pts',(7.65220310735892,15.999998222648,-7.19208897574232));
#4713=CARTESIAN_POINT('Ctrl Pts',(7.67161075363458,15.999933984148,-7.19171640170747));
#4714=CARTESIAN_POINT('Ctrl Pts',(7.68993937249486,15.9993547730416,-7.19182884417074));
#4715=CARTESIAN_POINT('Ctrl Pts',(7.7942412112628,15.992665443023,-7.19470577883486));
#4716=CARTESIAN_POINT('Ctrl Pts',(7.878071184984,15.9739388412932,-7.2054566581775));
#4717=CARTESIAN_POINT('Ctrl Pts',(8.01488115362688,15.909159314877,-7.22897448547114));
#4718=CARTESIAN_POINT('Ctrl Pts',(8.06899367002087,15.8707908841223,-7.24057778515072));
#4719=CARTESIAN_POINT('Ctrl Pts',(8.15552974811398,15.7785340248921,-7.26064776403844));
#4720=CARTESIAN_POINT('Ctrl Pts',(8.18838955016526,15.7273338415636,-7.26905678599319));
#4721=CARTESIAN_POINT('Ctrl Pts',(8.2321167620706,15.6164748153309,-7.28046435200667));
#4722=CARTESIAN_POINT('Ctrl Pts',(8.24321393916258,15.5586377127634,-7.28350354933639));
#4723=CARTESIAN_POINT('Ctrl Pts',(8.24321393916258,15.5,-7.28350354933639));
#4724=CARTESIAN_POINT('Origin',(7.39683275158492,15.5,-7.45230603539014));
#4725=CARTESIAN_POINT('Origin',(0.,15.5,0.));
#4726=CARTESIAN_POINT('',(8.27812299835847,16.,-6.45930953152491));
#4727=CARTESIAN_POINT('Origin',(0.,16.,0.));
#4728=CARTESIAN_POINT('',(8.45918894022485,15.5,-7.03150926000796));
#4729=CARTESIAN_POINT('Ctrl Pts',(8.27812299835851,16.,-6.45930953152486));
#4730=CARTESIAN_POINT('Ctrl Pts',(8.27826444337235,16.,-6.46037946130476));
#4731=CARTESIAN_POINT('Ctrl Pts',(8.27840750245489,15.999998222648,-6.46144917603721));
#4732=CARTESIAN_POINT('Ctrl Pts',(8.2810093093414,15.999933984148,-6.48068523973047));
#4733=CARTESIAN_POINT('Ctrl Pts',(8.28392529401544,15.9993547730416,-6.49878076254789));
#4734=CARTESIAN_POINT('Ctrl Pts',(8.30272986911204,15.992665443023,-6.60141378978027));
#4735=CARTESIAN_POINT('Ctrl Pts',(8.32618279137301,15.9739388412932,-6.68261111940486));
#4736=CARTESIAN_POINT('Ctrl Pts',(8.37035992129164,15.909159314877,-6.81421065174764));
#4737=CARTESIAN_POINT('Ctrl Pts',(8.39010749914816,15.8707908841223,-6.86591011173267));
#4738=CARTESIAN_POINT('Ctrl Pts',(8.42318387412341,15.7785340248921,-6.94835554994962));
#4739=CARTESIAN_POINT('Ctrl Pts',(8.43652245188871,15.7273338415636,-6.97954145356462));
#4740=CARTESIAN_POINT('Ctrl Pts',(8.45448731684785,15.6164748153309,-7.02100788879081));
#4741=CARTESIAN_POINT('Ctrl Pts',(8.45918894022485,15.5586377127634,-7.03150926000795));
#4742=CARTESIAN_POINT('Ctrl Pts',(8.45918894022485,15.5,-7.03150926000795));
#4743=CARTESIAN_POINT('Origin',(0.,15.5,0.));
#4744=CARTESIAN_POINT('Ctrl Pts',(8.99141464444733,15.5,-5.46223285095706));
#4745=CARTESIAN_POINT('Ctrl Pts',(9.40507099042541,15.5,-5.75179950344055));
#4746=CARTESIAN_POINT('Ctrl Pts',(9.35533233610012,15.5,-6.25427983645304));
#4747=CARTESIAN_POINT('Ctrl Pts',(9.30559368177483,15.5,-6.75676016946553));
#4748=CARTESIAN_POINT('Ctrl Pts',(8.84319492441475,15.5,-6.95960939423677));
#4749=CARTESIAN_POINT('Ctrl Pts',(8.38079616705468,15.5,-7.16245861900801));
#4750=CARTESIAN_POINT('Ctrl Pts',(7.97739770378993,15.5,-6.85876453175231));
#4751=CARTESIAN_POINT('Ctrl Pts',(8.99141464444734,16.0000000000001,-5.46223285095705));
#4752=CARTESIAN_POINT('Ctrl Pts',(9.40507099042541,16.0000000000001,-5.75179950344055));
#4753=CARTESIAN_POINT('Ctrl Pts',(9.35533233610012,16.0000000000001,-6.25427983645304));
#4754=CARTESIAN_POINT('Ctrl Pts',(9.30559368177483,16.0000000000001,-6.75676016946554));
#4755=CARTESIAN_POINT('Ctrl Pts',(8.84319492441475,16.0000000000001,-6.95960939423678));
#4756=CARTESIAN_POINT('Ctrl Pts',(8.38079616705468,16.0000000000001,-7.16245861900801));
#4757=CARTESIAN_POINT('Ctrl Pts',(7.97739770378993,16.0000000000001,-6.85876453175231));
#4758=CARTESIAN_POINT('Ctrl Pts',(8.70467868046388,16.,-5.87184545691365));
#4759=CARTESIAN_POINT('Ctrl Pts',(8.87868707987139,16.,-5.99365436957836));
#4760=CARTESIAN_POINT('Ctrl Pts',(8.85776405110131,16.,-6.20502740744272));
#4761=CARTESIAN_POINT('Ctrl Pts',(8.83684102233122,16.,-6.41640044530707));
#4762=CARTESIAN_POINT('Ctrl Pts',(8.642328673038,16.,-6.5017308633381));
#4763=CARTESIAN_POINT('Ctrl Pts',(8.44781632374477,16.,-6.58706128136913));
#4764=CARTESIAN_POINT('Ctrl Pts',(8.27812299835851,16.,-6.45930953152486));
#4765=CARTESIAN_POINT('',(8.70467868046392,16.,-5.87184545691359));
#4766=CARTESIAN_POINT('Origin',(8.49647966662156,16.,-6.16926521351757));
#4767=CARTESIAN_POINT('',(9.30482261711203,15.5,-5.86687958493103));
#4768=CARTESIAN_POINT('Ctrl Pts',(8.70467868046393,16.,-5.87184545691359));
#4769=CARTESIAN_POINT('Ctrl Pts',(8.70573983839245,16.,-5.87164873307512));
#4770=CARTESIAN_POINT('Ctrl Pts',(8.70680129151915,15.999998222648,-5.8714536105865));
#4771=CARTESIAN_POINT('Ctrl Pts',(8.72589784879436,15.999933984148,-5.86797265589008));
#4772=CARTESIAN_POINT('Ctrl Pts',(8.74400715389386,15.9993547730416,-5.86514352502523));
#4773=CARTESIAN_POINT('Ctrl Pts',(8.84741980401777,15.992665443023,-5.85125201258845));
#4774=CARTESIAN_POINT('Ctrl Pts',(8.93188876392194,15.9739388412932,-5.8484163974083));
#4775=CARTESIAN_POINT('Ctrl Pts',(9.07069960420156,15.909159314877,-5.84968381271105));
#4776=CARTESIAN_POINT('Ctrl Pts',(9.12597267788403,15.8707908841223,-5.85245659464205));
#4777=CARTESIAN_POINT('Ctrl Pts',(9.21460758751366,15.7785340248921,-5.85838530944698));
#4778=CARTESIAN_POINT('Ctrl Pts',(9.24839076574113,15.7273338415636,-5.86141435384016));
#4779=CARTESIAN_POINT('Ctrl Pts',(9.29338162401242,15.6164748153309,-5.86565985679976));
#4780=CARTESIAN_POINT('Ctrl Pts',(9.30482261711203,15.5586377127634,-5.86687958493103));
#4781=CARTESIAN_POINT('Ctrl Pts',(9.30482261711203,15.5,-5.86687958493103));
#4782=CARTESIAN_POINT('Origin',(8.49647966662156,15.5,-6.16926521351757));
#4783=CARTESIAN_POINT('Origin',(0.,15.5,0.));
#4784=CARTESIAN_POINT('',(9.20706959508732,16.,-5.04775885628648));
#4785=CARTESIAN_POINT('Origin',(0.,16.,0.));
#4786=CARTESIAN_POINT('',(9.47757807191374,15.5,-5.58350372891251));
#4787=CARTESIAN_POINT('Ctrl Pts',(9.20706959508735,16.,-5.04775885628642));
#4788=CARTESIAN_POINT('Ctrl Pts',(9.20738083723182,16.,-5.04879224138078));
#4789=CARTESIAN_POINT('Ctrl Pts',(9.20769363804723,15.999998222648,-5.04982515529783));
#4790=CARTESIAN_POINT('Ctrl Pts',(9.21334743383364,15.999933984148,-5.06839475784335));
#4791=CARTESIAN_POINT('Ctrl Pts',(9.21912838326488,15.9993547730416,-5.08578819155613));
#4792=CARTESIAN_POINT('Ctrl Pts',(9.25415293940941,15.992665443023,-5.18407568206392));
#4793=CARTESIAN_POINT('Ctrl Pts',(9.29032712013403,15.9739388412932,-5.26045941429562));
#4794=CARTESIAN_POINT('Ctrl Pts',(9.35504221736619,15.909159314877,-5.38326825726272));
#4795=CARTESIAN_POINT('Ctrl Pts',(9.38282724587179,15.8707908841223,-5.43113048856138));
#4796=CARTESIAN_POINT('Ctrl Pts',(9.42870046882349,15.7785340248921,-5.50720245633081));
#4797=CARTESIAN_POINT('Ctrl Pts',(9.44686888625353,15.7273338415636,-5.53584485234045));
#4798=CARTESIAN_POINT('Ctrl Pts',(9.47125279491694,15.6164748153309,-5.57389254112257));
#4799=CARTESIAN_POINT('Ctrl Pts',(9.47757807191374,15.5586377127634,-5.58350372891251));
#4800=CARTESIAN_POINT('Ctrl Pts',(9.47757807191374,15.5,-5.58350372891251));
#4801=CARTESIAN_POINT('Origin',(0.,15.5,0.));
#4802=CARTESIAN_POINT('Ctrl Pts',(9.75118195425347,15.5,-3.94917403028759));
#4803=CARTESIAN_POINT('Ctrl Pts',(10.2059313168115,15.5,-4.16863572637932));
#4804=CARTESIAN_POINT('Ctrl Pts',(10.2374402788209,15.5,-4.67258771229815));
#4805=CARTESIAN_POINT('Ctrl Pts',(10.2689492408302,15.5,-5.17653969821697));
#4806=CARTESIAN_POINT('Ctrl Pts',(9.84507772990106,15.5,-5.45093605573848));
#4807=CARTESIAN_POINT('Ctrl Pts',(9.42120621897191,15.5,-5.72533241326));
#4808=CARTESIAN_POINT('Ctrl Pts',(8.9743157023331,15.5,-5.49028074886103));
#4809=CARTESIAN_POINT('Ctrl Pts',(9.75118195425347,16.0000000000001,-3.94917403028759));
#4810=CARTESIAN_POINT('Ctrl Pts',(10.2059313168115,16.0000000000001,-4.16863572637932));
#4811=CARTESIAN_POINT('Ctrl Pts',(10.2374402788209,16.0000000000001,-4.67258771229815));
#4812=CARTESIAN_POINT('Ctrl Pts',(10.2689492408302,16.0000000000001,-5.17653969821697));
#4813=CARTESIAN_POINT('Ctrl Pts',(9.84507772990106,16.0000000000001,-5.45093605573848));
#4814=CARTESIAN_POINT('Ctrl Pts',(9.42120621897191,16.0000000000001,-5.72533241326));
#4815=CARTESIAN_POINT('Ctrl Pts',(8.9743157023331,16.0000000000001,-5.49028074886103));
#4816=CARTESIAN_POINT('Ctrl Pts',(9.53386562847285,16.,-4.39947794382741));
#4817=CARTESIAN_POINT('Ctrl Pts',(9.72516018850967,16.,-4.49179655283578));
#4818=CARTESIAN_POINT('Ctrl Pts',(9.7384147272096,16.,-4.7037886552188));
#4819=CARTESIAN_POINT('Ctrl Pts',(9.75166926590952,16.,-4.91578075760183));
#4820=CARTESIAN_POINT('Ctrl Pts',(9.57336376210581,16.,-5.03120814422314));
#4821=CARTESIAN_POINT('Ctrl Pts',(9.3950582583021,16.,-5.14663553084444));
#4822=CARTESIAN_POINT('Ctrl Pts',(9.20706959508735,16.,-5.04775885628642));
#4823=CARTESIAN_POINT('',(9.53386562847288,16.,-4.39947794382735));
#4824=CARTESIAN_POINT('Origin',(9.37607222128807,16.,-4.72644366318079));
#4825=CARTESIAN_POINT('',(10.1254412768766,15.5,-4.298306521006));
#4826=CARTESIAN_POINT('Ctrl Pts',(9.53386562847289,16.,-4.39947794382735));
#4827=CARTESIAN_POINT('Ctrl Pts',(9.53488148796188,16.,-4.39911354580846));
#4828=CARTESIAN_POINT('Ctrl Pts',(9.53589789570134,15.999998222648,-4.3987506810491));
#4829=CARTESIAN_POINT('Ctrl Pts',(9.55418877317225,15.999933984148,-4.39225150058983));
#4830=CARTESIAN_POINT('Ctrl Pts',(9.57160974302233,15.9993547730417,-4.38655406939976));
#4831=CARTESIAN_POINT('Ctrl Pts',(9.67145487118455,15.992665443023,-4.35625389273723));
#4832=CARTESIAN_POINT('Ctrl Pts',(9.75437511557958,15.9739388412932,-4.339905223978));
#4833=CARTESIAN_POINT('Ctrl Pts',(9.89159169964665,15.909159314877,-4.31888940189925));
#4834=CARTESIAN_POINT('Ctrl Pts',(9.94659378704282,15.8707908841223,-4.31275985248613));
#4835=CARTESIAN_POINT('Ctrl Pts',(10.0350319306073,15.7785340248921,-4.30439375260904));
#4836=CARTESIAN_POINT('Ctrl Pts',(10.0688635184404,15.7273338415636,-4.30196436878196));
#4837=CARTESIAN_POINT('Ctrl Pts',(10.113952783481,15.6164748153309,-4.29893785239108));
#4838=CARTESIAN_POINT('Ctrl Pts',(10.1254412768766,15.5586377127634,-4.298306521006));
#4839=CARTESIAN_POINT('Ctrl Pts',(10.1254412768766,15.5,-4.298306521006));
#4840=CARTESIAN_POINT('Origin',(9.37607222128807,15.5,-4.72644366318079));
#4841=CARTESIAN_POINT('Origin',(0.,15.5,0.));
#4842=CARTESIAN_POINT('',(9.89755792555449,16.,-3.50547387813593));
#4843=CARTESIAN_POINT('Origin',(0.,16.,0.));
#4844=CARTESIAN_POINT('',(10.2505029098827,15.5,-3.99088838411775));
#4845=CARTESIAN_POINT('Ctrl Pts',(9.89755792555452,16.,-3.50547387813586));
#4846=CARTESIAN_POINT('Ctrl Pts',(9.8980309038215,16.,-3.50644395441346));
#4847=CARTESIAN_POINT('Ctrl Pts',(9.89850534499309,15.999998222648,-3.5074133155874));
#4848=CARTESIAN_POINT('Ctrl Pts',(9.90706469933788,15.999933984148,-3.52483551403235));
#4849=CARTESIAN_POINT('Ctrl Pts',(9.91556088997296,15.9993547730416,-3.5410763778445));
#4850=CARTESIAN_POINT('Ctrl Pts',(9.96589830955889,15.992665443023,-3.6324727372517));
#4851=CARTESIAN_POINT('Ctrl Pts',(10.0138568564678,15.9739388412932,-3.70206457354828));
#4852=CARTESIAN_POINT('Ctrl Pts',(10.0974338339885,15.909159314877,-3.81290204261537));
#4853=CARTESIAN_POINT('Ctrl Pts',(10.1325366954997,15.8707908841223,-3.8556874385779));
#4854=CARTESIAN_POINT('Ctrl Pts',(10.1900186740495,15.7785340248921,-3.92341571189335));
#4855=CARTESIAN_POINT('Ctrl Pts',(10.2125463786762,15.7273338415636,-3.94877277728613));
#4856=CARTESIAN_POINT('Ctrl Pts',(10.2427178006178,15.6164748153309,-3.98241630447027));
#4857=CARTESIAN_POINT('Ctrl Pts',(10.2505029098827,15.5586377127634,-3.99088838411775));
#4858=CARTESIAN_POINT('Ctrl Pts',(10.2505029098827,15.5,-3.99088838411775));
#4859=CARTESIAN_POINT('Origin',(0.,15.5,0.));
#4860=CARTESIAN_POINT('Ctrl Pts',(10.2583987735046,15.5,-2.33383367663931));
#4861=CARTESIAN_POINT('Ctrl Pts',(10.7424633830213,15.5,-2.47750647368843));
#4862=CARTESIAN_POINT('Ctrl Pts',(10.8544038958001,15.5,-2.96987802079209));
#4863=CARTESIAN_POINT('Ctrl Pts',(10.9663444085789,15.5,-3.46224956789575));
#4864=CARTESIAN_POINT('Ctrl Pts',(10.5919781935643,15.5,-3.8010863366415));
#4865=CARTESIAN_POINT('Ctrl Pts',(10.2176119785496,15.5,-4.13992310538726));
#4866=CARTESIAN_POINT('Ctrl Pts',(9.73880363817692,15.5,-3.97960157848599));
#4867=CARTESIAN_POINT('Ctrl Pts',(10.2583987735046,16.0000000000001,-2.33383367663931));
#4868=CARTESIAN_POINT('Ctrl Pts',(10.7424633830213,16.0000000000001,-2.47750647368843));
#4869=CARTESIAN_POINT('Ctrl Pts',(10.8544038958001,16.0000000000001,-2.96987802079209));
#4870=CARTESIAN_POINT('Ctrl Pts',(10.9663444085789,16.0000000000001,-3.46224956789575));
#4871=CARTESIAN_POINT('Ctrl Pts',(10.5919781935643,16.0000000000001,-3.8010863366415));
#4872=CARTESIAN_POINT('Ctrl Pts',(10.2176119785496,16.0000000000001,-4.13992310538726));
#4873=CARTESIAN_POINT('Ctrl Pts',(9.73880363817692,16.0000000000001,-3.97960157848599));
#4874=CARTESIAN_POINT('Ctrl Pts',(10.1161304646135,16.,-2.81316626293545));
#4875=CARTESIAN_POINT('Ctrl Pts',(10.3197567566571,16.,-2.8736035648069));
#4876=CARTESIAN_POINT('Ctrl Pts',(10.366845577237,16.,-3.08072424761119));
#4877=CARTESIAN_POINT('Ctrl Pts',(10.4139343978169,16.,-3.28784493041548));
#4878=CARTESIAN_POINT('Ctrl Pts',(10.2564537583916,16.,-3.43037977694479));
#4879=CARTESIAN_POINT('Ctrl Pts',(10.0989731189664,16.,-3.57291462347411));
#4880=CARTESIAN_POINT('Ctrl Pts',(9.89755792555452,16.,-3.50547387813586));
#4881=CARTESIAN_POINT('',(10.1161304646135,16.,-2.81316626293538));
#4882=CARTESIAN_POINT('Origin',(10.0128294304473,16.,-3.16120970465421));
#4883=CARTESIAN_POINT('',(10.6838163262197,15.5,-2.61840957598341));
#4884=CARTESIAN_POINT('Ctrl Pts',(10.1161304646135,16.,-2.81316626293538));
#4885=CARTESIAN_POINT('Ctrl Pts',(10.1170747154363,16.,-2.81264362845319));
#4886=CARTESIAN_POINT('Ctrl Pts',(10.1180197533611,15.999998222648,-2.81212241943008));
#4887=CARTESIAN_POINT('Ctrl Pts',(10.1350312269127,15.999933984148,-2.80277333856659));
#4888=CARTESIAN_POINT('Ctrl Pts',(10.1513126675424,15.9993547730416,-2.79435516752744));
#4889=CARTESIAN_POINT('Ctrl Pts',(10.2450043373689,15.992665443023,-2.74843108529903));
#4890=CARTESIAN_POINT('Ctrl Pts',(10.3242282754811,15.9739388412932,-2.71899278489395));
#4891=CARTESIAN_POINT('Ctrl Pts',(10.4562967658849,15.909159314877,-2.67623802418643));
#4892=CARTESIAN_POINT('Ctrl Pts',(10.5096033418225,15.8707908841223,-2.6613648955393));
#4893=CARTESIAN_POINT('Ctrl Pts',(10.595554217858,15.7785340248921,-2.6389206585725));
#4894=CARTESIAN_POINT('Ctrl Pts',(10.6285579949426,15.7273338415636,-2.63109576629018));
#4895=CARTESIAN_POINT('Ctrl Pts',(10.6725778784723,15.6164748153309,-2.62087561573358));
#4896=CARTESIAN_POINT('Ctrl Pts',(10.6838163262197,15.5586377127634,-2.61840957598341));
#4897=CARTESIAN_POINT('Ctrl Pts',(10.6838163262197,15.5,-2.61840957598341));
#4898=CARTESIAN_POINT('Origin',(10.0128294304473,15.5,-3.16120970465421));
#4899=CARTESIAN_POINT('Origin',(0.,15.5,0.));
#4900=CARTESIAN_POINT('',(10.3317047046977,16.,-1.87239896788234));
#4901=CARTESIAN_POINT('Origin',(0.,16.,0.));
#4902=CARTESIAN_POINT('',(10.7579451068271,15.5,-2.29491112649154));
#4903=CARTESIAN_POINT('Ctrl Pts',(10.3317047046977,16.,-1.87239896788226));
#4904=CARTESIAN_POINT('Ctrl Pts',(10.3323271691985,16.,-1.87328061087709));
#4905=CARTESIAN_POINT('Ctrl Pts',(10.3329509629492,15.999998222648,-1.87416131336266));
#4906=CARTESIAN_POINT('Ctrl Pts',(10.3441941930704,15.999933984148,-1.88998488191862));
#4907=CARTESIAN_POINT('Ctrl Pts',(10.3551855780352,15.9993547730417,-1.90465254598855));
#4908=CARTESIAN_POINT('Ctrl Pts',(10.4195321483362,15.992665443023,-1.98679065659476));
#4909=CARTESIAN_POINT('Ctrl Pts',(10.4780329602561,15.9739388412932,-2.04778820495106));
#4910=CARTESIAN_POINT('Ctrl Pts',(10.5783072182484,15.909159314877,-2.14378366788956));
#4911=CARTESIAN_POINT('Ctrl Pts',(10.6198187670907,15.8707908841223,-2.18038410923466));
#4912=CARTESIAN_POINT('Ctrl Pts',(10.687420748188,15.7785340248921,-2.23801456139327));
#4913=CARTESIAN_POINT('Ctrl Pts',(10.713724284295,15.7273338415636,-2.25942956149497));
#4914=CARTESIAN_POINT('Ctrl Pts',(10.7489017955348,15.6164748153309,-2.2877975773992));
#4915=CARTESIAN_POINT('Ctrl Pts',(10.7579451068271,15.5586377127634,-2.29491112649154));
#4916=CARTESIAN_POINT('Ctrl Pts',(10.7579451068271,15.5,-2.29491112649154));
#4917=CARTESIAN_POINT('Origin',(0.,15.5,0.));
#4918=CARTESIAN_POINT('Ctrl Pts',(10.4999284530108,15.5,-0.658048256672485));
#4919=CARTESIAN_POINT('Ctrl Pts',(11.000771290367,15.5,-0.722211104703266));
#4920=CARTESIAN_POINT('Ctrl Pts',(11.190244153434,15.5,-1.19025004855264));
#4921=CARTESIAN_POINT('Ctrl Pts',(11.379717016501,15.5,-1.65828899240202));
#4922=CARTESIAN_POINT('Ctrl Pts',(11.0645519857242,15.5,-2.05279047804427));
#4923=CARTESIAN_POINT('Ctrl Pts',(10.7493869549475,15.5,-2.44729196368651));
#4924=CARTESIAN_POINT('Ctrl Pts',(10.2510616753501,15.5,-2.36585281761667));
#4925=CARTESIAN_POINT('Ctrl Pts',(10.4999284530108,16.0000000000001,-0.658048256672485));
#4926=CARTESIAN_POINT('Ctrl Pts',(11.000771290367,16.0000000000001,-0.722211104703266));
#4927=CARTESIAN_POINT('Ctrl Pts',(11.190244153434,16.0000000000001,-1.19025004855264));
#4928=CARTESIAN_POINT('Ctrl Pts',(11.379717016501,16.0000000000001,-1.65828899240202));
#4929=CARTESIAN_POINT('Ctrl Pts',(11.0645519857242,16.0000000000001,-2.05279047804427));
#4930=CARTESIAN_POINT('Ctrl Pts',(10.7493869549475,16.0000000000001,-2.44729196368651));
#4931=CARTESIAN_POINT('Ctrl Pts',(10.2510616753501,16.0000000000001,-2.36585281761667));
#4932=CARTESIAN_POINT('Ctrl Pts',(10.4363928354795,16.,-1.15399505352169));
#4933=CARTESIAN_POINT('Ctrl Pts',(10.6470770455259,16.,-1.180985753884));
#4934=CARTESIAN_POINT('Ctrl Pts',(10.7267805722673,16.,-1.37787070022042));
#4935=CARTESIAN_POINT('Ctrl Pts',(10.8064840990088,16.,-1.57475564655683));
#4936=CARTESIAN_POINT('Ctrl Pts',(10.6739069898024,16.,-1.74070637533915));
#4937=CARTESIAN_POINT('Ctrl Pts',(10.5413298805959,16.,-1.90665710412146));
#4938=CARTESIAN_POINT('Ctrl Pts',(10.3317047046977,16.,-1.87239896788226));
#4939=CARTESIAN_POINT('',(10.4363928354795,16.,-1.15399505352161));
#4940=CARTESIAN_POINT('Origin',(10.3902596168552,16.,-1.51410207528412));
#4941=CARTESIAN_POINT('',(10.9654861446641,15.5,-0.870697198330098));
#4942=CARTESIAN_POINT('Ctrl Pts',(10.4363928354795,16.,-1.15399505352161));
#4943=CARTESIAN_POINT('Ctrl Pts',(10.4372410220348,16.,-1.15332771853523));
#4944=CARTESIAN_POINT('Ctrl Pts',(10.4380902141608,15.999998222648,-1.1526616642872));
#4945=CARTESIAN_POINT('Ctrl Pts',(10.4533816955581,15.999933984148,-1.14070481930653));
#4946=CARTESIAN_POINT('Ctrl Pts',(10.4681019262113,15.9993547730417,-1.12978393462387));
#4947=CARTESIAN_POINT('Ctrl Pts',(10.5532135726687,15.992665443023,-1.06942535643593));
#4948=CARTESIAN_POINT('Ctrl Pts',(10.6266893461153,15.9739388412932,-1.02765986090233));
#4949=CARTESIAN_POINT('Ctrl Pts',(10.7501892383266,15.909159314877,-0.964273487410339));
#4950=CARTESIAN_POINT('Ctrl Pts',(10.8004196904895,15.8707908841223,-0.941041985748644));
#4951=CARTESIAN_POINT('Ctrl Pts',(10.8816572164546,15.7785340248921,-0.905100905640164));
#4952=CARTESIAN_POINT('Ctrl Pts',(10.9129784023005,15.7273338415636,-0.89208316550249));
#4953=CARTESIAN_POINT('Ctrl Pts',(10.9547888124584,15.6164748153309,-0.874934077311188));
#4954=CARTESIAN_POINT('Ctrl Pts',(10.9654861446641,15.5586377127634,-0.870697198330095));
#4955=CARTESIAN_POINT('Ctrl Pts',(10.9654861446641,15.5,-0.870697198330095));
#4956=CARTESIAN_POINT('Origin',(10.3902596168552,15.5,-1.51410207528412));
#4957=CARTESIAN_POINT('Origin',(0.,15.5,0.));
#4958=CARTESIAN_POINT('',(10.498265758984,16.,-0.190829907886506));
#4959=CARTESIAN_POINT('Origin',(0.,16.,0.));
#4960=CARTESIAN_POINT('',(10.9867621763932,15.5,-0.539496876150527));
#4961=CARTESIAN_POINT('Ctrl Pts',(10.498265758984,16.,-0.190829907886432));
#4962=CARTESIAN_POINT('Ctrl Pts',(10.4990215882157,16.,-0.19160028350883));
#4963=CARTESIAN_POINT('Ctrl Pts',(10.4997785786136,15.999998222648,-0.192369517572661));
#4964=CARTESIAN_POINT('Ctrl Pts',(10.5134144907618,15.999933984148,-0.206184634131308));
#4965=CARTESIAN_POINT('Ctrl Pts',(10.5266163989555,15.9993547730416,-0.21889921366011));
#4966=CARTESIAN_POINT('Ctrl Pts',(10.6033055776002,15.992665443023,-0.289651741545281));
#4967=CARTESIAN_POINT('Ctrl Pts',(10.6708335142311,15.9739388412932,-0.340475197499279));
#4968=CARTESIAN_POINT('Ctrl Pts',(10.7852080020847,15.909159314877,-0.419142422243137));
#4969=CARTESIAN_POINT('Ctrl Pts',(10.8320531109482,15.8707908841223,-0.448609976765298));
#4970=CARTESIAN_POINT('Ctrl Pts',(10.9080242387923,15.7785340248921,-0.494650009328058));
#4971=CARTESIAN_POINT('Ctrl Pts',(10.9374223586108,15.7273338415636,-0.511568306884829));
#4972=CARTESIAN_POINT('Ctrl Pts',(10.9766948800856,15.6164748153309,-0.533926094798253));
#4973=CARTESIAN_POINT('Ctrl Pts',(10.9867621763932,15.5586377127634,-0.539496876150527));
#4974=CARTESIAN_POINT('Ctrl Pts',(10.9867621763932,15.5,-0.539496876150527));
#4975=CARTESIAN_POINT('Origin',(0.,15.5,0.));
#4976=CARTESIAN_POINT('Ctrl Pts',(10.4695155009427,15.5,1.03478026748532));
#4977=CARTESIAN_POINT('Ctrl Pts',(10.9741649997316,15.5,1.05178915253368));
#4978=CARTESIAN_POINT('Ctrl Pts',(11.2362629654587,15.5,0.620204774734741));
#4979=CARTESIAN_POINT('Ctrl Pts',(11.4983609311859,15.5,0.188620396935804));
#4980=CARTESIAN_POINT('Ctrl Pts',(11.2505596933957,15.5,-0.251328424346891));
#4981=CARTESIAN_POINT('Ctrl Pts',(11.0027584556054,15.5,-0.691277245629585));
#4982=CARTESIAN_POINT('Ctrl Pts',(10.4978225997666,15.5,-0.690829711496376));
#4983=CARTESIAN_POINT('Ctrl Pts',(10.4695155009427,16.0000000000001,1.03478026748532));
#4984=CARTESIAN_POINT('Ctrl Pts',(10.9741649997316,16.0000000000001,1.05178915253368));
#4985=CARTESIAN_POINT('Ctrl Pts',(11.2362629654587,16.0000000000001,0.620204774734741));
#4986=CARTESIAN_POINT('Ctrl Pts',(11.4983609311859,16.0000000000001,0.188620396935804));
#4987=CARTESIAN_POINT('Ctrl Pts',(11.2505596933957,16.0000000000001,-0.251328424346891));
#4988=CARTESIAN_POINT('Ctrl Pts',(11.0027584556054,16.0000000000001,-0.691277245629585));
#4989=CARTESIAN_POINT('Ctrl Pts',(10.4978225997666,16.0000000000001,-0.690829711496376));
#4990=CARTESIAN_POINT('Ctrl Pts',(10.4863581138914,16.,0.535064021612586));
#4991=CARTESIAN_POINT('Ctrl Pts',(10.6986436315677,16.,0.542218967721231));
#4992=CARTESIAN_POINT('Ctrl Pts',(10.8088975849945,16.,0.3606689745439));
#4993=CARTESIAN_POINT('Ctrl Pts',(10.9191515384212,16.,0.179118981366569));
#4994=CARTESIAN_POINT('Ctrl Pts',(10.8149116369225,16.,-0.00594959296319558));
#4995=CARTESIAN_POINT('Ctrl Pts',(10.7106717354237,16.,-0.19101816729296));
#4996=CARTESIAN_POINT('Ctrl Pts',(10.498265758984,16.,-0.190829907886433));
#4997=CARTESIAN_POINT('',(10.4863581138914,16.,0.535064021612659));
#4998=CARTESIAN_POINT('Origin',(10.4985875369387,16.,0.1722200025146));
#4999=CARTESIAN_POINT('',(10.9631556318665,15.5,0.899565779403775));
#5000=CARTESIAN_POINT('Ctrl Pts',(10.4863581138914,16.,0.535064021612659));
#5001=CARTESIAN_POINT('Ctrl Pts',(10.4870882685938,16.,0.535858773478193));
#5002=CARTESIAN_POINT('Ctrl Pts',(10.4878196212894,15.999998222648,0.536652422494841));
#5003=CARTESIAN_POINT('Ctrl Pts',(10.5009950692,15.999933984148,0.550907355590113));
#5004=CARTESIAN_POINT('Ctrl Pts',(10.5137728436327,15.9993547730417,0.564048108738423));
#5005=CARTESIAN_POINT('Ctrl Pts',(10.5881001197844,15.992665443023,0.637277927415654));
#5006=CARTESIAN_POINT('Ctrl Pts',(10.653924744628,15.9739388412932,0.690288913681798));
#5007=CARTESIAN_POINT('Ctrl Pts',(10.7656574563102,15.909159314877,0.772665226180133));
#5008=CARTESIAN_POINT('Ctrl Pts',(10.8115108423722,15.8707908841223,0.803653417166294));
#5009=CARTESIAN_POINT('Ctrl Pts',(10.8859310090165,15.7785340248921,0.852160485320634));
#5010=CARTESIAN_POINT('Ctrl Pts',(10.9147584013624,15.7273338415636,0.870033920682001));
#5011=CARTESIAN_POINT('Ctrl Pts',(10.9532764704875,15.6164748153309,0.893667794131848));
#5012=CARTESIAN_POINT('Ctrl Pts',(10.9631556318665,15.5586377127634,0.899565779403778));
#5013=CARTESIAN_POINT('Ctrl Pts',(10.9631556318665,15.5,0.899565779403778));
#5014=CARTESIAN_POINT('Origin',(10.4985875369387,15.5,0.1722200025146));
#5015=CARTESIAN_POINT('Origin',(0.,15.5,0.));
#5016=CARTESIAN_POINT('',(10.3929272445978,16.,1.49568154648525));
#5017=CARTESIAN_POINT('Origin',(0.,16.,0.));
#5018=CARTESIAN_POINT('',(10.9310278766712,15.5,1.22989005989812));
#5019=CARTESIAN_POINT('Ctrl Pts',(10.3929272445978,16.,1.49568154648523));
#5020=CARTESIAN_POINT('Ctrl Pts',(10.3937968629755,16.,1.49504239056313));
#5021=CARTESIAN_POINT('Ctrl Pts',(10.3946674443766,15.999998222648,1.49440454767153));
#5022=CARTESIAN_POINT('Ctrl Pts',(10.4103428755776,15.999933984148,1.48295568738345));
#5023=CARTESIAN_POINT('Ctrl Pts',(10.425413384519,15.9993547730417,1.47252349332077));
#5024=CARTESIAN_POINT('Ctrl Pts',(10.5124589620642,15.992665443023,1.41498900146333));
#5025=CARTESIAN_POINT('Ctrl Pts',(10.5872650853184,15.9739388412932,1.37565593872437));
#5026=CARTESIAN_POINT('Ctrl Pts',(10.7127775638761,15.909159314877,1.316354391974));
#5027=CARTESIAN_POINT('Ctrl Pts',(10.7637429690477,15.8707908841223,1.29478291845831));
#5028=CARTESIAN_POINT('Ctrl Pts',(10.8461156313333,15.7785340248921,1.26152571815107));
#5029=CARTESIAN_POINT('Ctrl Pts',(10.8778469390022,15.7273338415636,1.24954229815917));
#5030=CARTESIAN_POINT('Ctrl Pts',(10.9201973330347,15.6164748153309,1.2337737931995));
#5031=CARTESIAN_POINT('Ctrl Pts',(10.9310278766712,15.5586377127634,1.22989005989811));
#5032=CARTESIAN_POINT('Ctrl Pts',(10.9310278766712,15.5,1.22989005989811));
#5033=CARTESIAN_POINT('Origin',(0.,15.5,0.));
#5034=CARTESIAN_POINT('Ctrl Pts',(10.1679475967835,15.5,2.70080852626031));
#5035=CARTESIAN_POINT('Ctrl Pts',(10.6633336000666,15.5,2.79854862319942));
#5036=CARTESIAN_POINT('Ctrl Pts',(10.9912684688154,15.5,2.41459662013507));
#5037=CARTESIAN_POINT('Ctrl Pts',(11.3192033375642,15.5,2.03064461707072));
#5038=CARTESIAN_POINT('Ctrl Pts',(11.1451838146551,15.5,1.55664290352431));
#5039=CARTESIAN_POINT('Ctrl Pts',(10.9711642917461,15.5,1.08264118997791));
#5040=CARTESIAN_POINT('Ctrl Pts',(10.4726954331016,15.5,1.00208552127554));
#5041=CARTESIAN_POINT('Ctrl Pts',(10.1679475967835,16.,2.70080852626031));
#5042=CARTESIAN_POINT('Ctrl Pts',(10.6633336000666,16.,2.79854862319943));
#5043=CARTESIAN_POINT('Ctrl Pts',(10.9912684688154,16.,2.41459662013507));
#5044=CARTESIAN_POINT('Ctrl Pts',(11.3192033375642,16.,2.03064461707072));
#5045=CARTESIAN_POINT('Ctrl Pts',(11.1451838146551,16.,1.55664290352431));
#5046=CARTESIAN_POINT('Ctrl Pts',(10.9711642917461,16.,1.08264118997791));
#5047=CARTESIAN_POINT('Ctrl Pts',(10.4726954331016,16.,1.00208552127553));
#5048=CARTESIAN_POINT('Ctrl Pts',(10.2647322253839,16.,2.21026521964336));
#5049=CARTESIAN_POINT('Ctrl Pts',(10.4731209672908,16.,2.25138050287708));
#5050=CARTESIAN_POINT('Ctrl Pts',(10.6110698279229,16.,2.08986751231827));
#5051=CARTESIAN_POINT('Ctrl Pts',(10.749018688555,16.,1.92835452175946));
#5052=CARTESIAN_POINT('Ctrl Pts',(10.675815753458,16.,1.7289612807453));
#5053=CARTESIAN_POINT('Ctrl Pts',(10.6026128183611,16.,1.52956803973114));
#5054=CARTESIAN_POINT('Ctrl Pts',(10.3929272445978,16.,1.49568154648525));
#5055=CARTESIAN_POINT('',(10.2647322253839,16.,2.21026521964336));
#5056=CARTESIAN_POINT('Origin',(10.3350075544698,16.,1.85408167271121));
#5057=CARTESIAN_POINT('',(10.6768851468842,15.5,2.64653047597125));
#5058=CARTESIAN_POINT('Ctrl Pts',(10.2647322253839,16.,2.21026521964336));
#5059=CARTESIAN_POINT('Ctrl Pts',(10.26532543761,16.,2.21116680473208));
#5060=CARTESIAN_POINT('Ctrl Pts',(10.2659200092249,15.999998222648,2.21206749342493));
#5061=CARTESIAN_POINT('Ctrl Pts',(10.2766381864707,15.999933984148,2.22825131935813));
#5062=CARTESIAN_POINT('Ctrl Pts',(10.2871425670353,15.9993547730416,2.24327160236584));
#5063=CARTESIAN_POINT('Ctrl Pts',(10.3487604354704,15.992665443023,2.32747604769362));
#5064=CARTESIAN_POINT('Ctrl Pts',(10.405229088504,15.9739388412932,2.39035956799361));
#5065=CARTESIAN_POINT('Ctrl Pts',(10.502300801115,15.909159314877,2.48959231627491));
#5066=CARTESIAN_POINT('Ctrl Pts',(10.5425895424628,15.8707908841223,2.52753461871634));
#5067=CARTESIAN_POINT('Ctrl Pts',(10.6082649065613,15.7785340248921,2.58735136733093));
#5068=CARTESIAN_POINT('Ctrl Pts',(10.6338518910879,15.7273338415636,2.60961758532861));
#5069=CARTESIAN_POINT('Ctrl Pts',(10.6680800214223,15.6164748153309,2.63912413912896));
#5070=CARTESIAN_POINT('Ctrl Pts',(10.6768851468841,15.5586377127634,2.64653047597125));
#5071=CARTESIAN_POINT('Ctrl Pts',(10.6768851468841,15.5,2.64653047597125));
#5072=CARTESIAN_POINT('Origin',(10.3350075544698,15.5,1.85408167271121));
#5073=CARTESIAN_POINT('Origin',(0.,15.5,0.));
#5074=CARTESIAN_POINT('',(10.01841737373,16.,3.14345563444839));
#5075=CARTESIAN_POINT('Origin',(0.,16.,0.));
#5076=CARTESIAN_POINT('',(10.5921856967482,15.5,2.96742348942691));
#5077=CARTESIAN_POINT('Ctrl Pts',(10.01841737373,16.,3.14345563444846));
#5078=CARTESIAN_POINT('Ctrl Pts',(10.0193782586027,16.,3.14296425202319));
#5079=CARTESIAN_POINT('Ctrl Pts',(10.0203398833896,15.999998222648,3.14247432011169));
#5080=CARTESIAN_POINT('Ctrl Pts',(10.0376488482251,15.999933984148,3.13368823555012));
#5081=CARTESIAN_POINT('Ctrl Pts',(10.0541976396421,15.9993547730416,3.12580861530481));
#5082=CARTESIAN_POINT('Ctrl Pts',(10.1493451813514,15.992665443023,3.08298227259345));
#5083=CARTESIAN_POINT('Ctrl Pts',(10.2294920519304,15.9739388412932,3.05615830873386));
#5084=CARTESIAN_POINT('Ctrl Pts',(10.3628918139261,15.909159314877,3.01775831888814));
#5085=CARTESIAN_POINT('Ctrl Pts',(10.4166575381829,15.8707908841223,3.004641616212));
#5086=CARTESIAN_POINT('Ctrl Pts',(10.5032983262251,15.7785340248921,2.98502859217903));
#5087=CARTESIAN_POINT('Ctrl Pts',(10.5365409975435,15.7273338415636,2.97829041403521));
#5088=CARTESIAN_POINT('Ctrl Pts',(10.5808724111739,15.6164748153309,2.96951958802493));
#5089=CARTESIAN_POINT('Ctrl Pts',(10.5921856967482,15.5586377127634,2.96742348942691));
#5090=CARTESIAN_POINT('Ctrl Pts',(10.5921856967482,15.5,2.96742348942691));
#5091=CARTESIAN_POINT('Origin',(0.,15.5,0.));
#5092=CARTESIAN_POINT('Ctrl Pts',(9.60303519084475,15.5,4.29688726287458));
#5093=CARTESIAN_POINT('Ctrl Pts',(10.0763274613513,15.5,4.47282715453422));
#5094=CARTESIAN_POINT('Ctrl Pts',(10.4616058922774,15.5,4.14645168140312));
#5095=CARTESIAN_POINT('Ctrl Pts',(10.8468843232035,15.5,3.82007620827202));
#5096=CARTESIAN_POINT('Ctrl Pts',(10.7511535294107,15.5,3.32429799786113));
#5097=CARTESIAN_POINT('Ctrl Pts',(10.6554227356179,15.5,2.82851978745023));
#5098=CARTESIAN_POINT('Ctrl Pts',(10.176330955773,15.5,2.6690472654177));
#5099=CARTESIAN_POINT('Ctrl Pts',(9.60303519084475,16.0000000000001,4.29688726287458));
#5100=CARTESIAN_POINT('Ctrl Pts',(10.0763274613513,16.0000000000001,4.47282715453422));
#5101=CARTESIAN_POINT('Ctrl Pts',(10.4616058922774,16.0000000000001,4.14645168140312));
#5102=CARTESIAN_POINT('Ctrl Pts',(10.8468843232035,16.0000000000001,3.82007620827202));
#5103=CARTESIAN_POINT('Ctrl Pts',(10.7511535294107,16.0000000000001,3.32429799786113));
#5104=CARTESIAN_POINT('Ctrl Pts',(10.6554227356179,16.0000000000001,2.82851978745023));
#5105=CARTESIAN_POINT('Ctrl Pts',(10.176330955773,16.0000000000001,2.6690472654177));
#5106=CARTESIAN_POINT('Ctrl Pts',(9.77725516405471,16.,3.82822170948411));
#5107=CARTESIAN_POINT('Ctrl Pts',(9.97634997123833,16.,3.90223246560399));
#5108=CARTESIAN_POINT('Ctrl Pts',(10.1384209360465,16.,3.76493957928037));
#5109=CARTESIAN_POINT('Ctrl Pts',(10.3004919008547,16.,3.62764669295676));
#5110=CARTESIAN_POINT('Ctrl Pts',(10.2602218497268,16.,3.4190929654641));
#5111=CARTESIAN_POINT('Ctrl Pts',(10.219951798599,16.,3.21053923797144));
#5112=CARTESIAN_POINT('Ctrl Pts',(10.01841737373,16.,3.14345563444846));
#5113=CARTESIAN_POINT('',(9.77725516405469,16.,3.82822170948418));
#5114=CARTESIAN_POINT('Origin',(9.90375630506973,16.,3.48792360148886));
#5115=CARTESIAN_POINT('',(10.1140889449072,15.5,4.32495142336954));
#5116=CARTESIAN_POINT('Ctrl Pts',(9.77725516405469,16.,3.82822170948418));
#5117=CARTESIAN_POINT('Ctrl Pts',(9.7776960699195,16.,3.82920677721601));
#5118=CARTESIAN_POINT('Ctrl Pts',(9.77813846136107,15.999998222648,3.83019117822073));
#5119=CARTESIAN_POINT('Ctrl Pts',(9.78612177277995,15.999933984148,3.84788474440028));
#5120=CARTESIAN_POINT('Ctrl Pts',(9.79408070153851,15.9993547730416,3.86439553982796));
#5121=CARTESIAN_POINT('Ctrl Pts',(9.84139329183168,15.992665443023,3.95739376090345));
#5122=CARTESIAN_POINT('Ctrl Pts',(9.88704346460311,15.9739388412932,4.0285211650925));
#5123=CARTESIAN_POINT('Ctrl Pts',(9.96694007177564,15.909159314877,4.14204027310081));
#5124=CARTESIAN_POINT('Ctrl Pts',(10.000620711171,15.8707908841223,4.18595400129445));
#5125=CARTESIAN_POINT('Ctrl Pts',(10.0558503152912,15.7785340248921,4.25553120800047));
#5126=CARTESIAN_POINT('Ctrl Pts',(10.0775342025394,15.7273338415636,4.28161352528424));
#5127=CARTESIAN_POINT('Ctrl Pts',(10.1065859034869,15.6164748153309,4.31622855519073));
#5128=CARTESIAN_POINT('Ctrl Pts',(10.1140889449072,15.5586377127634,4.32495142336954));
#5129=CARTESIAN_POINT('Ctrl Pts',(10.1140889449072,15.5,4.32495142336954));
#5130=CARTESIAN_POINT('Origin',(9.90375630506973,15.5,3.48792360148886));
#5131=CARTESIAN_POINT('Origin',(0.,15.5,0.));
#5132=CARTESIAN_POINT('',(9.38443575531499,16.,4.70981587266058));
#5133=CARTESIAN_POINT('Origin',(0.,16.,0.));
#5134=CARTESIAN_POINT('',(9.9790114710985,15.5,4.62810220929537));
#5135=CARTESIAN_POINT('Ctrl Pts',(9.38443575531496,16.,4.70981587266064));
#5136=CARTESIAN_POINT('Ctrl Pts',(9.38546302026498,16.,4.70948499028197));
#5137=CARTESIAN_POINT('Ctrl Pts',(9.38649078286927,15.999998222648,4.7091556583237));
#5138=CARTESIAN_POINT('Ctrl Pts',(9.40498498823236,15.999933984148,4.70325990446987));
#5139=CARTESIAN_POINT('Ctrl Pts',(9.42258345712462,15.9993547730416,4.69813693606461));
#5140=CARTESIAN_POINT('Ctrl Pts',(9.52336869164722,15.992665443023,4.67112792227953));
#5141=CARTESIAN_POINT('Ctrl Pts',(9.60678054770221,15.9739388412932,4.65750778387323));
#5142=CARTESIAN_POINT('Ctrl Pts',(9.74461260937207,15.909159314877,4.64100389049858));
#5143=CARTESIAN_POINT('Ctrl Pts',(9.79978614869749,15.8707908841223,4.63668167437142));
#5144=CARTESIAN_POINT('Ctrl Pts',(9.88845111159631,15.7785340248921,4.63122079363292));
#5145=CARTESIAN_POINT('Ctrl Pts',(9.92234417883868,15.7273338415636,4.62990237261168));
#5146=CARTESIAN_POINT('Ctrl Pts',(9.96750845174011,15.6164748153309,4.62835638533737));
#5147=CARTESIAN_POINT('Ctrl Pts',(9.9790114710985,15.5586377127634,4.62810220929537));
#5148=CARTESIAN_POINT('Ctrl Pts',(9.9790114710985,15.5,4.62810220929537));
#5149=CARTESIAN_POINT('Origin',(0.,15.5,0.));
#5150=CARTESIAN_POINT('Ctrl Pts',(8.78940921770532,15.5,5.78167887643141));
#5151=CARTESIAN_POINT('Ctrl Pts',(9.22834973423818,15.5,6.03126181203458));
#5152=CARTESIAN_POINT('Ctrl Pts',(9.66099321835804,15.5,5.77091582215368));
#5153=CARTESIAN_POINT('Ctrl Pts',(10.0936367024779,15.5,5.51056983227277));
#5154=CARTESIAN_POINT('Ctrl Pts',(10.0786740150756,15.5,5.00585552022671));
#5155=CARTESIAN_POINT('Ctrl Pts',(10.0637113276732,15.5,4.50114120818064));
#5156=CARTESIAN_POINT('Ctrl Pts',(9.61640485207045,15.5,4.26688208737156));
#5157=CARTESIAN_POINT('Ctrl Pts',(8.78940921770532,16.0000000000001,5.78167887643141));
#5158=CARTESIAN_POINT('Ctrl Pts',(9.22834973423818,16.0000000000001,6.03126181203458));
#5159=CARTESIAN_POINT('Ctrl Pts',(9.66099321835804,16.0000000000001,5.77091582215368));
#5160=CARTESIAN_POINT('Ctrl Pts',(10.0936367024779,16.0000000000001,5.51056983227277));
#5161=CARTESIAN_POINT('Ctrl Pts',(10.0786740150756,16.0000000000001,5.00585552022671));
#5162=CARTESIAN_POINT('Ctrl Pts',(10.0637113276732,16.0000000000001,4.50114120818064));
#5163=CARTESIAN_POINT('Ctrl Pts',(9.61640485207045,16.0000000000001,4.26688208737156));
#5164=CARTESIAN_POINT('Ctrl Pts',(9.03655232973226,16.,5.34702926792162));
#5165=CARTESIAN_POINT('Ctrl Pts',(9.22119675126626,16.,5.45201865722024));
#5166=CARTESIAN_POINT('Ctrl Pts',(9.40319226739397,16.,5.34250168877092));
#5167=CARTESIAN_POINT('Ctrl Pts',(9.58518778352168,16.,5.23298472032161));
#5168=CARTESIAN_POINT('Ctrl Pts',(9.57889358953427,16.,5.02067193834424));
#5169=CARTESIAN_POINT('Ctrl Pts',(9.57259939554685,16.,4.80835915636687));
#5170=CARTESIAN_POINT('Ctrl Pts',(9.38443575531496,16.,4.70981587266064));
#5171=CARTESIAN_POINT('',(9.03655232973223,16.,5.34702926792168));
#5172=CARTESIAN_POINT('Origin',(9.21600296957213,16.,5.03143014110991));
#5173=CARTESIAN_POINT('',(9.28934315194355,15.5,5.891358400695));
#5174=CARTESIAN_POINT('Ctrl Pts',(9.03655232973223,16.,5.34702926792168));
#5175=CARTESIAN_POINT('Ctrl Pts',(9.03682951000526,16.,5.3480723055595));
#5176=CARTESIAN_POINT('Ctrl Pts',(9.03710826356787,15.999998222648,5.34911492340776));
#5177=CARTESIAN_POINT('Ctrl Pts',(9.0421499455863,15.999933984148,5.36785997576069));
#5178=CARTESIAN_POINT('Ctrl Pts',(9.04735729046563,15.9993547730417,5.38543366268186));
#5179=CARTESIAN_POINT('Ctrl Pts',(9.0791392313804,15.992665443023,5.48481705442904));
#5180=CARTESIAN_POINT('Ctrl Pts',(9.11278860839388,15.9739388412932,5.56234618010029));
#5181=CARTESIAN_POINT('Ctrl Pts',(9.17344082996996,15.909159314877,5.68721156256704));
#5182=CARTESIAN_POINT('Ctrl Pts',(9.19964105654415,15.8707908841223,5.7359593740195));
#5183=CARTESIAN_POINT('Ctrl Pts',(9.2429944829502,15.7785340248921,5.81349502571048));
#5184=CARTESIAN_POINT('Ctrl Pts',(9.26021367163035,15.7273338415636,5.84271792396309));
#5185=CARTESIAN_POINT('Ctrl Pts',(9.28333651939638,15.6164748153309,5.88154491888359));
#5186=CARTESIAN_POINT('Ctrl Pts',(9.28934315194355,15.5586377127634,5.891358400695));
#5187=CARTESIAN_POINT('Ctrl Pts',(9.28934315194355,15.5,5.891358400695));
#5188=CARTESIAN_POINT('Origin',(9.21600296957213,15.5,5.03143014110991));
#5189=CARTESIAN_POINT('Origin',(0.,15.5,0.));
#5190=CARTESIAN_POINT('',(9.10738609008081,15.5,6.16891551297329));
#5191=CARTESIAN_POINT('Origin',(0.,15.5,0.));
#5192=CARTESIAN_POINT('',(8.50740218025459,16.,6.15419435372327));
#5193=CARTESIAN_POINT('Origin',(0.,16.,0.));
#5194=CARTESIAN_POINT('Ctrl Pts',(8.50740218025455,16.,6.15419435372333));
#5195=CARTESIAN_POINT('Ctrl Pts',(8.50846921965912,16.,6.15403254107103));
#5196=CARTESIAN_POINT('Ctrl Pts',(8.50953650156952,15.999998222648,6.15387233859079));
#5197=CARTESIAN_POINT('Ctrl Pts',(8.52873695725525,15.999933984148,6.15101961237202));
#5198=CARTESIAN_POINT('Ctrl Pts',(8.54692931252278,15.9993547730417,6.14878597799799));
#5199=CARTESIAN_POINT('Ctrl Pts',(8.65074195522484,15.992665443023,6.13829381240911));
#5200=CARTESIAN_POINT('Ctrl Pts',(8.73525847349818,15.9739388412932,6.13823025388652));
#5201=CARTESIAN_POINT('Ctrl Pts',(8.8739530568447,15.909159314877,6.14404989915225));
#5202=CARTESIAN_POINT('Ctrl Pts',(8.92910544555162,15.8707908841223,6.14863411270141));
#5203=CARTESIAN_POINT('Ctrl Pts',(9.01749820734155,15.7785340248921,6.15746680920005));
#5204=CARTESIAN_POINT('Ctrl Pts',(9.05116385786947,15.7273338415636,6.16160229171331));
#5205=CARTESIAN_POINT('Ctrl Pts',(9.09599125909754,15.6164748153309,6.16732118343329));
#5206=CARTESIAN_POINT('Ctrl Pts',(9.10738609008081,15.5586377127634,6.16891551297329));
#5207=CARTESIAN_POINT('Ctrl Pts',(9.10738609008081,15.5,6.16891551297329));
#5208=CARTESIAN_POINT('Ctrl Pts',(7.74814216269152,15.5,7.11672804406481));
#5209=CARTESIAN_POINT('Ctrl Pts',(8.14136259643736,15.5,7.43348995667926));
#5210=CARTESIAN_POINT('Ctrl Pts',(8.61016589476941,15.5,7.24591627443302));
#5211=CARTESIAN_POINT('Ctrl Pts',(9.07896919310146,15.5,7.05834259218677));
#5212=CARTESIAN_POINT('Ctrl Pts',(9.14516213783378,15.5,6.55776401407332));
#5213=CARTESIAN_POINT('Ctrl Pts',(9.2113550825661,15.5,6.05718543595986));
#5214=CARTESIAN_POINT('Ctrl Pts',(8.80741891396434,15.5,5.7542069045525));
#5215=CARTESIAN_POINT('Ctrl Pts',(7.74814216269152,16.0000000000001,7.11672804406481));
#5216=CARTESIAN_POINT('Ctrl Pts',(8.14136259643736,16.0000000000001,7.43348995667926));
#5217=CARTESIAN_POINT('Ctrl Pts',(8.61016589476941,16.0000000000001,7.24591627443302));
#5218=CARTESIAN_POINT('Ctrl Pts',(9.07896919310146,16.0000000000001,7.05834259218677));
#5219=CARTESIAN_POINT('Ctrl Pts',(9.14516213783378,16.0000000000001,6.55776401407332));
#5220=CARTESIAN_POINT('Ctrl Pts',(9.2113550825661,16.0000000000001,6.05718543595986));
#5221=CARTESIAN_POINT('Ctrl Pts',(8.80741891396434,16.0000000000001,5.7542069045525));
#5222=CARTESIAN_POINT('Ctrl Pts',(8.06180753675224,16.,6.72735157698517));
#5223=CARTESIAN_POINT('Ctrl Pts',(8.22721937910813,16.,6.86060042942807));
#5224=CARTESIAN_POINT('Ctrl Pts',(8.42442585828552,16.,6.78169581080928));
#5225=CARTESIAN_POINT('Ctrl Pts',(8.62163233746291,16.,6.70279119219049));
#5226=CARTESIAN_POINT('Ctrl Pts',(8.649477016934,16.,6.49221814525886));
#5227=CARTESIAN_POINT('Ctrl Pts',(8.67732169640509,16.,6.28164509832722));
#5228=CARTESIAN_POINT('Ctrl Pts',(8.50740218025455,16.,6.15419435372333));
#5229=CARTESIAN_POINT('',(8.22400825081197,15.5,7.3051822900306));
#5230=CARTESIAN_POINT('Origin',(8.28955999810617,15.5,6.44462528296483));
#5231=CARTESIAN_POINT('',(8.06180753675219,16.,6.72735157698523));
#5232=CARTESIAN_POINT('Origin',(8.28955999810617,16.,6.44462528296483));
#5233=CARTESIAN_POINT('Ctrl Pts',(8.06180753675219,16.,6.72735157698523));
#5234=CARTESIAN_POINT('Ctrl Pts',(8.06191381261004,16.,6.72842557040234));
#5235=CARTESIAN_POINT('Ctrl Pts',(8.0620217087227,15.999998222648,6.72949940183905));
#5236=CARTESIAN_POINT('Ctrl Pts',(8.06399118442578,15.999933984148,6.74881045336047));
#5237=CARTESIAN_POINT('Ctrl Pts',(8.06631207792794,15.9993547730416,6.76699188251111));
#5238=CARTESIAN_POINT('Ctrl Pts',(8.08174023388874,15.992665443023,6.87018646728667));
#5239=CARTESIAN_POINT('Ctrl Pts',(8.1025173139548,15.9739388412932,6.95210935080943));
#5240=CARTESIAN_POINT('Ctrl Pts',(8.14235428925476,15.909159314877,7.08508705991752));
#5241=CARTESIAN_POINT('Ctrl Pts',(8.16039553090189,15.8707908841223,7.13740641191822));
#5242=CARTESIAN_POINT('Ctrl Pts',(8.19074994862234,15.7785340248921,7.22089237594298));
#5243=CARTESIAN_POINT('Ctrl Pts',(8.20305847079242,15.7273338415636,7.25249899744977));
#5244=CARTESIAN_POINT('Ctrl Pts',(8.21965359576576,15.6164748153309,7.29453235861072));
#5245=CARTESIAN_POINT('Ctrl Pts',(8.22400825081197,15.5586377127634,7.3051822900306));
#5246=CARTESIAN_POINT('Ctrl Pts',(8.22400825081197,15.5,7.3051822900306));
#5247=CARTESIAN_POINT('Origin',(0.,15.5,0.));
#5248=CARTESIAN_POINT('',(7.99988419321979,15.5,7.54995714524739));
#5249=CARTESIAN_POINT('Origin',(0.,15.5,0.));
#5250=CARTESIAN_POINT('',(7.4100313574583,16.,7.43918243367406));
#5251=CARTESIAN_POINT('Origin',(0.,16.,0.));
#5252=CARTESIAN_POINT('Ctrl Pts',(7.41003135745825,16.,7.43918243367411));
#5253=CARTESIAN_POINT('Ctrl Pts',(7.41111053555779,16.,7.43919388161077));
#5254=CARTESIAN_POINT('Ctrl Pts',(7.41218969473241,15.999998222648,7.43920695776885));
#5255=CARTESIAN_POINT('Ctrl Pts',(7.43159911902845,15.999933984148,7.43947114329502));
#5256=CARTESIAN_POINT('Ctrl Pts',(7.44991418822274,15.9993547730416,7.44018469290978));
#5257=CARTESIAN_POINT('Ctrl Pts',(7.55406554618758,15.992665443023,7.44648111709466));
#5258=CARTESIAN_POINT('Ctrl Pts',(7.63749779325062,15.9739388412932,7.45997578458811));
#5259=CARTESIAN_POINT('Ctrl Pts',(7.77346278141806,15.909159314877,7.48796824273877));
#5260=CARTESIAN_POINT('Ctrl Pts',(7.82716560160919,15.8707908841223,7.50134015724129));
#5261=CARTESIAN_POINT('Ctrl Pts',(7.91299683619046,15.7785340248921,7.52423766877735));
#5262=CARTESIAN_POINT('Ctrl Pts',(7.945563147339,15.7273338415636,7.5337199480003));
#5263=CARTESIAN_POINT('Ctrl Pts',(7.98889267074865,15.6164748153309,7.54655560242302));
#5264=CARTESIAN_POINT('Ctrl Pts',(7.99988419321979,15.5586377127634,7.54995714524739));
#5265=CARTESIAN_POINT('Ctrl Pts',(7.99988419321979,15.5,7.54995714524739));
#5266=CARTESIAN_POINT('Ctrl Pts',(6.50620229557577,15.5,8.26745769360213));
#5267=CARTESIAN_POINT('Ctrl Pts',(6.84351844384975,15.5,8.64319461607853));
#5268=CARTESIAN_POINT('Ctrl Pts',(7.33633979721825,15.5,8.53325130130921));
#5269=CARTESIAN_POINT('Ctrl Pts',(7.82916115058676,15.5,8.42330798653988));
#5270=CARTESIAN_POINT('Ctrl Pts',(7.97479536495471,15.5,7.93982986459033));
#5271=CARTESIAN_POINT('Ctrl Pts',(8.12042957932266,15.5,7.45635174264078));
#5272=CARTESIAN_POINT('Ctrl Pts',(7.77032545231078,15.5,7.09250078545132));
#5273=CARTESIAN_POINT('Ctrl Pts',(6.50620229557577,16.0000000000001,8.26745769360213));
#5274=CARTESIAN_POINT('Ctrl Pts',(6.84351844384975,16.0000000000001,8.64319461607853));
#5275=CARTESIAN_POINT('Ctrl Pts',(7.33633979721825,16.0000000000001,8.53325130130921));
#5276=CARTESIAN_POINT('Ctrl Pts',(7.82916115058676,16.0000000000001,8.42330798653988));
#5277=CARTESIAN_POINT('Ctrl Pts',(7.97479536495471,16.0000000000001,7.93982986459033));
#5278=CARTESIAN_POINT('Ctrl Pts',(8.12042957932266,16.0000000000001,7.45635174264078));
#5279=CARTESIAN_POINT('Ctrl Pts',(7.77032545231078,16.0000000000001,7.09250078545132));
#5280=CARTESIAN_POINT('Ctrl Pts',(6.87826616324293,16.,7.93343901391996));
#5281=CARTESIAN_POINT('Ctrl Pts',(7.02016134659054,16.,8.09149625422128));
#5282=CARTESIAN_POINT('Ctrl Pts',(7.22747124459472,16.,8.04524757360855));
#5283=CARTESIAN_POINT('Ctrl Pts',(7.4347811425989,16.,7.99899889299583));
#5284=CARTESIAN_POINT('Ctrl Pts',(7.49604353295633,16.,7.79561931241652));
#5285=CARTESIAN_POINT('Ctrl Pts',(7.55730592331376,16.,7.59223973183722));
#5286=CARTESIAN_POINT('Ctrl Pts',(7.41003135745825,16.,7.43918243367411));
#5287=CARTESIAN_POINT('',(6.94567585585708,15.5,8.52980579529007));
#5288=CARTESIAN_POINT('Origin',(7.14842177699474,15.5,7.69090801519684));
#5289=CARTESIAN_POINT('',(6.87826616324288,16.,7.93343901392001));
#5290=CARTESIAN_POINT('Origin',(7.14842177699474,16.,7.69090801519684));
#5291=CARTESIAN_POINT('Ctrl Pts',(6.87826616324288,16.,7.93343901392001));
#5292=CARTESIAN_POINT('Ctrl Pts',(6.87819878219662,16.,7.93451614725077));
#5293=CARTESIAN_POINT('Ctrl Pts',(6.87813302640676,15.999998222648,7.93559338060635));
#5294=CARTESIAN_POINT('Ctrl Pts',(6.87697928740761,15.999933984148,7.95497028520016));
#5295=CARTESIAN_POINT('Ctrl Pts',(6.87635361961045,15.9993547730416,7.97328856711959));
#5296=CARTESIAN_POINT('Ctrl Pts',(6.87502840948216,15.992665443023,8.07762165938466));
#5297=CARTESIAN_POINT('Ctrl Pts',(6.88239507714077,15.9739388412932,8.16181654110763));
#5298=CARTESIAN_POINT('Ctrl Pts',(6.90038504942973,15.909159314877,8.29946252404111));
#5299=CARTESIAN_POINT('Ctrl Pts',(6.90980004746776,15.8707908841223,8.35399837285533));
#5300=CARTESIAN_POINT('Ctrl Pts',(6.92636929302811,15.7785340248921,8.44127240659876));
#5301=CARTESIAN_POINT('Ctrl Pts',(6.93344836442927,15.7273338415636,8.47444415646491));
#5302=CARTESIAN_POINT('Ctrl Pts',(6.94308596159013,15.6164748153309,8.51859524189134));
#5303=CARTESIAN_POINT('Ctrl Pts',(6.94567585585708,15.5586377127634,8.52980579529007));
#5304=CARTESIAN_POINT('Ctrl Pts',(6.94567585585708,15.5,8.52980579529007));
#5305=CARTESIAN_POINT('Origin',(0.,15.5,0.));
#5306=CARTESIAN_POINT('',(6.68518949790015,15.5,8.73545885326956));
#5307=CARTESIAN_POINT('Origin',(0.,15.5,0.));
#5308=CARTESIAN_POINT('',(6.12074461481418,16.,8.53149959621538));
#5309=CARTESIAN_POINT('Origin',(0.,16.,0.));
#5310=CARTESIAN_POINT('Ctrl Pts',(6.12074461481412,16.,8.53149959621542));
#5311=CARTESIAN_POINT('Ctrl Pts',(6.12180798146266,16.,8.53168400824556));
#5312=CARTESIAN_POINT('Ctrl Pts',(6.12287106824585,15.999998222648,8.53187002437623));
#5313=CARTESIAN_POINT('Ctrl Pts',(6.14198676725581,15.999933984148,8.53524427938117));
#5314=CARTESIAN_POINT('Ctrl Pts',(6.15995019970708,15.9993547730416,8.53888653242434));
#5315=CARTESIAN_POINT('Ctrl Pts',(6.26174280747227,15.992665443023,8.561808472304));
#5316=CARTESIAN_POINT('Ctrl Pts',(6.34192993195087,15.9739388412932,8.58851186101382));
#5317=CARTESIAN_POINT('Ctrl Pts',(6.47164390316478,15.909159314877,8.63795214208705));
#5318=CARTESIAN_POINT('Ctrl Pts',(6.52250628000596,15.8707908841223,8.65976543198127));
#5319=CARTESIAN_POINT('Ctrl Pts',(6.60355300348799,15.7785340248921,8.69613472503348));
#5320=CARTESIAN_POINT('Ctrl Pts',(6.63417652490469,15.7273338415636,8.71071821491504));
#5321=CARTESIAN_POINT('Ctrl Pts',(6.67488595859957,15.6164748153309,8.73033819533322));
#5322=CARTESIAN_POINT('Ctrl Pts',(6.68518949790015,15.5586377127634,8.73545885326956));
#5323=CARTESIAN_POINT('Ctrl Pts',(6.68518949790015,15.5,8.73545885326956));
#5324=CARTESIAN_POINT('Ctrl Pts',(5.09575520655539,15.5,9.20406453157083));
#5325=CARTESIAN_POINT('Ctrl Pts',(5.36843075830124,15.5,9.62904507498256));
#5326=CARTESIAN_POINT('Ctrl Pts',(5.87250635252109,15.5,9.59957960179211));
#5327=CARTESIAN_POINT('Ctrl Pts',(6.37658194674094,15.5,9.57011412860166));
#5328=CARTESIAN_POINT('Ctrl Pts',(6.59788558109052,15.5,9.11625829221515));
#5329=CARTESIAN_POINT('Ctrl Pts',(6.8191892154401,15.5,8.66240245582864));
#5330=CARTESIAN_POINT('Ctrl Pts',(6.5319846430065,15.5,8.24710262152616));
#5331=CARTESIAN_POINT('Ctrl Pts',(5.09575520655538,16.0000000000001,9.20406453157083));
#5332=CARTESIAN_POINT('Ctrl Pts',(5.36843075830124,16.0000000000001,9.62904507498256));
#5333=CARTESIAN_POINT('Ctrl Pts',(5.87250635252109,16.0000000000001,9.59957960179211));
#5334=CARTESIAN_POINT('Ctrl Pts',(6.37658194674094,16.0000000000001,9.57011412860166));
#5335=CARTESIAN_POINT('Ctrl Pts',(6.59788558109052,16.0000000000001,9.11625829221515));
#5336=CARTESIAN_POINT('Ctrl Pts',(6.81918921544011,16.0000000000001,8.66240245582864));
#5337=CARTESIAN_POINT('Ctrl Pts',(6.5319846430065,16.0000000000001,8.24710262152616));
#5338=CARTESIAN_POINT('Ctrl Pts',(5.51658130909258,16.,8.93405454763795));
#5339=CARTESIAN_POINT('Ctrl Pts',(5.63128482271732,16.,9.11282657629753));
#5340=CARTESIAN_POINT('Ctrl Pts',(5.84332892208485,16.,9.10043165022543));
#5341=CARTESIAN_POINT('Ctrl Pts',(6.05537302145238,16.,9.08803672415332));
#5342=CARTESIAN_POINT('Ctrl Pts',(6.14846645896555,16.,8.89711803423297));
#5343=CARTESIAN_POINT('Ctrl Pts',(6.24155989647872,16.,8.70619934431262));
#5344=CARTESIAN_POINT('Ctrl Pts',(6.12074461481412,16.,8.53149959621542));
#5345=CARTESIAN_POINT('',(5.48745410463111,15.5,9.53351181095231));
#5346=CARTESIAN_POINT('Origin',(5.82214318675229,15.5,8.7380002696833));
#5347=CARTESIAN_POINT('',(5.51658130909252,16.,8.93405454763799));
#5348=CARTESIAN_POINT('Origin',(5.82214318675229,16.,8.7380002696833));
#5349=CARTESIAN_POINT('Ctrl Pts',(5.51658130909252,16.,8.93405454763799));
#5350=CARTESIAN_POINT('Ctrl Pts',(5.51634201627583,16.,8.93510692369524));
#5351=CARTESIAN_POINT('Ctrl Pts',(5.5161043116239,15.999998222648,8.93615965919098));
#5352=CARTESIAN_POINT('Ctrl Pts',(5.51185723915635,15.999933984148,8.95510056521092));
#5353=CARTESIAN_POINT('Ctrl Pts',(5.50830121452741,15.9993547730416,8.97308126601627));
#5354=CARTESIAN_POINT('Ctrl Pts',(5.49025696055621,15.992665443023,9.07585069348375));
#5355=CARTESIAN_POINT('Ctrl Pts',(5.48402242298454,15.9739388412932,9.16013697019603));
#5356=CARTESIAN_POINT('Ctrl Pts',(5.47969946142993,15.909159314877,9.29888626829905));
#5357=CARTESIAN_POINT('Ctrl Pts',(5.48024437235515,15.8707908841223,9.35422616408886));
#5358=CARTESIAN_POINT('Ctrl Pts',(5.48259931099879,15.7785340248921,9.44302791591998));
#5359=CARTESIAN_POINT('Ctrl Pts',(5.48426558740022,15.7273338415636,9.47690566324826));
#5360=CARTESIAN_POINT('Ctrl Pts',(5.48669604804453,15.6164748153309,9.52203098301914));
#5361=CARTESIAN_POINT('Ctrl Pts',(5.48745410463111,15.5586377127634,9.53351181095231));
#5362=CARTESIAN_POINT('Ctrl Pts',(5.48745410463111,15.5,9.53351181095231));
#5363=CARTESIAN_POINT('Origin',(0.,15.5,0.));
#5364=CARTESIAN_POINT('',(5.19735190615332,15.5,9.69471676551741));
#5365=CARTESIAN_POINT('Origin',(0.,15.5,0.));
#5366=CARTESIAN_POINT('',(4.67293380172556,16.,9.40285540060522));
#5367=CARTESIAN_POINT('Origin',(0.,16.,0.));
#5368=CARTESIAN_POINT('Ctrl Pts',(4.67293380172549,16.,9.40285540060525));
#5369=CARTESIAN_POINT('Ctrl Pts',(4.67395381628519,16.,9.40320800055412));
#5370=CARTESIAN_POINT('Ctrl Pts',(4.67497329728808,15.999998222648,9.40356213893735));
#5371=CARTESIAN_POINT('Ctrl Pts',(4.69330018444867,15.999933984148,9.40995907198872));
#5372=CARTESIAN_POINT('Ctrl Pts',(4.71044673669199,15.9993547730417,9.41643569601978));
#5373=CARTESIAN_POINT('Ctrl Pts',(4.80724421918546,15.992665443023,9.45538948539166));
#5374=CARTESIAN_POINT('Ctrl Pts',(4.88210941667605,15.9739388412932,9.49460999157693));
#5375=CARTESIAN_POINT('Ctrl Pts',(5.00221284721763,15.909159314877,9.56421761826273));
#5376=CARTESIAN_POINT('Ctrl Pts',(5.04891747186545,15.8707908841223,9.59390733079837));
#5377=CARTESIAN_POINT('Ctrl Pts',(5.12308061668193,15.7785340248921,9.64280645978059));
#5378=CARTESIAN_POINT('Ctrl Pts',(5.15096821524791,15.7273338415636,9.66211345559319));
#5379=CARTESIAN_POINT('Ctrl Pts',(5.18800320627899,15.6164748153309,9.68800961481989));
#5380=CARTESIAN_POINT('Ctrl Pts',(5.19735190615332,15.5586377127634,9.69471676551741));
#5381=CARTESIAN_POINT('Ctrl Pts',(5.19735190615332,15.5,9.69471676551741));
#5382=CARTESIAN_POINT('Ctrl Pts',(3.55333073436225,15.5,9.90229093284444));
#5383=CARTESIAN_POINT('Ctrl Pts',(3.75430353601963,15.5,10.3655083243491));
#5384=CARTESIAN_POINT('Ctrl Pts',(4.25657807797926,15.5,10.4172838330157));
#5385=CARTESIAN_POINT('Ctrl Pts',(4.75885261993888,15.5,10.4690593416822));
#5386=CARTESIAN_POINT('Ctrl Pts',(5.05009402638589,15.5,10.0565804186217));
#5387=CARTESIAN_POINT('Ctrl Pts',(5.34133543283289,15.5,9.64410149556113));
#5388=CARTESIAN_POINT('Ctrl Pts',(5.12446886254198,15.5,9.18810883170712));
#5389=CARTESIAN_POINT('Ctrl Pts',(3.55333073436225,16.0000000000001,9.90229093284444));
#5390=CARTESIAN_POINT('Ctrl Pts',(3.75430353601963,16.0000000000001,10.3655083243491));
#5391=CARTESIAN_POINT('Ctrl Pts',(4.25657807797926,16.0000000000001,10.4172838330157));
#5392=CARTESIAN_POINT('Ctrl Pts',(4.75885261993888,16.0000000000001,10.4690593416822));
#5393=CARTESIAN_POINT('Ctrl Pts',(5.05009402638589,16.0000000000001,10.0565804186217));
#5394=CARTESIAN_POINT('Ctrl Pts',(5.34133543283289,16.0000000000001,9.64410149556113));
#5395=CARTESIAN_POINT('Ctrl Pts',(5.12446886254198,16.0000000000001,9.18810883170712));
#5396=CARTESIAN_POINT('Ctrl Pts',(4.01201989676353,16.,9.703282761415));
#5397=CARTESIAN_POINT('Ctrl Pts',(4.0965609799135,16.,9.89813947679518));
#5398=CARTESIAN_POINT('Ctrl Pts',(4.3078474498524,16.,9.91991932733821));
#5399=CARTESIAN_POINT('Ctrl Pts',(4.51913391979131,16.,9.94169917788123));
#5400=CARTESIAN_POINT('Ctrl Pts',(4.64164733332835,16.,9.76818607240381));
#5401=CARTESIAN_POINT('Ctrl Pts',(4.7641607468654,16.,9.59467296692638));
#5402=CARTESIAN_POINT('Ctrl Pts',(4.67293380172549,16.,9.40285540060525));
#5403=CARTESIAN_POINT('',(3.88711017452219,15.5,10.2903048784342));
#5404=CARTESIAN_POINT('Origin',(4.34507414620403,15.5,9.55878290704527));
#5405=CARTESIAN_POINT('',(4.01201989676346,16.,9.70328276141503));
#5406=CARTESIAN_POINT('Origin',(4.34507414620403,16.,9.55878290704527));
#5407=CARTESIAN_POINT('Ctrl Pts',(4.01201989676346,16.,9.70328276141503));
#5408=CARTESIAN_POINT('Ctrl Pts',(4.01161488973472,16.,9.70428312421126));
#5409=CARTESIAN_POINT('Ctrl Pts',(4.01121139264613,15.999998222648,9.70528409655163));
#5410=CARTESIAN_POINT('Ctrl Pts',(4.00398098365728,15.999933984148,9.72329844447638));
#5411=CARTESIAN_POINT('Ctrl Pts',(3.99758670136571,15.9993547730417,9.74047587346499));
#5412=CARTESIAN_POINT('Ctrl Pts',(3.96329074025112,15.992665443023,9.8390199619467));
#5413=CARTESIAN_POINT('Ctrl Pts',(3.94361646869743,15.9739388412932,9.92121466335487));
#5414=CARTESIAN_POINT('Ctrl Pts',(3.91709253573275,15.909159314877,10.0574737426882));
#5415=CARTESIAN_POINT('Ctrl Pts',(3.90875324663843,15.8707908841223,10.1121844112214));
#5416=CARTESIAN_POINT('Ctrl Pts',(3.89683288669149,15.7785340248921,10.2002139624131));
#5417=CARTESIAN_POINT('Ctrl Pts',(3.89304321240964,15.7273338415636,10.2339202913429));
#5418=CARTESIAN_POINT('Ctrl Pts',(3.88820358888338,15.6164748153309,10.2788511233794));
#5419=CARTESIAN_POINT('Ctrl Pts',(3.88711017452219,15.5586377127634,10.2903048784342));
#5420=CARTESIAN_POINT('Ctrl Pts',(3.88711017452219,15.5,10.2903048784342));
#5421=CARTESIAN_POINT('Origin',(0.,15.5,0.));
#5422=CARTESIAN_POINT('',(3.57490563008045,15.5,10.4028866059387));
#5423=CARTESIAN_POINT('Origin',(0.,15.5,0.));
#5424=CARTESIAN_POINT('',(3.1040964577514,16.,10.030682189212));
#5425=CARTESIAN_POINT('Origin',(0.,16.,0.));
#5426=CARTESIAN_POINT('Ctrl Pts',(3.10409645775133,16.,10.030682189212));
#5427=CARTESIAN_POINT('Ctrl Pts',(3.10504670238078,16.,10.0311938449261));
#5428=CARTESIAN_POINT('Ctrl Pts',(3.10599617358112,15.999998222648,10.0317069335639));
#5429=CARTESIAN_POINT('Ctrl Pts',(3.12305959214067,15.999933984148,10.0409608674552));
#5430=CARTESIAN_POINT('Ctrl Pts',(3.13894517748036,15.9993547730417,10.0501041213143));
#5431=CARTESIAN_POINT('Ctrl Pts',(3.22824053075087,15.992665443023,10.1040808774952));
#5432=CARTESIAN_POINT('Ctrl Pts',(3.29584483196338,15.9739388412932,10.1548027106473));
#5433=CARTESIAN_POINT('Ctrl Pts',(3.40322710606902,15.909159314877,10.2427748819777));
#5434=CARTESIAN_POINT('Ctrl Pts',(3.44456435327791,15.8707908841223,10.2795720691954));
#5435=CARTESIAN_POINT('Ctrl Pts',(3.50992313293421,15.7785340248921,10.3397345723525));
#5436=CARTESIAN_POINT('Ctrl Pts',(3.53435253449528,15.7273338415636,10.3632650330461));
#5437=CARTESIAN_POINT('Ctrl Pts',(3.56675389604846,15.6164748153309,10.39476667416));
#5438=CARTESIAN_POINT('Ctrl Pts',(3.57490563008045,15.5586377127634,10.4028866059387));
#5439=CARTESIAN_POINT('Ctrl Pts',(3.57490563008045,15.5,10.4028866059387));
#5440=CARTESIAN_POINT('Ctrl Pts',(1.91887686262787,15.5,10.3440532003914));
#5441=CARTESIAN_POINT('Ctrl Pts',(2.0429418242,15.5,10.833510352866));
#5442=CARTESIAN_POINT('Ctrl Pts',(2.53040666709532,15.5,10.9651858849115));
#5443=CARTESIAN_POINT('Ctrl Pts',(3.01787150999064,15.5,11.0968614169571));
#5444=CARTESIAN_POINT('Ctrl Pts',(3.37150768909017,15.5,10.7364423946645));
#5445=CARTESIAN_POINT('Ctrl Pts',(3.7251438681897,15.5,10.376023372372));
#5446=CARTESIAN_POINT('Ctrl Pts',(3.58423203029723,15.5,9.8911478494383));
#5447=CARTESIAN_POINT('Ctrl Pts',(1.91887686262787,16.0000000000001,10.3440532003914));
#5448=CARTESIAN_POINT('Ctrl Pts',(2.0429418242,16.0000000000001,10.833510352866));
#5449=CARTESIAN_POINT('Ctrl Pts',(2.53040666709532,16.0000000000001,10.9651858849115));
#5450=CARTESIAN_POINT('Ctrl Pts',(3.01787150999064,16.0000000000001,11.0968614169571));
#5451=CARTESIAN_POINT('Ctrl Pts',(3.37150768909017,16.0000000000001,10.7364423946645));
#5452=CARTESIAN_POINT('Ctrl Pts',(3.7251438681897,16.0000000000001,10.376023372372));
#5453=CARTESIAN_POINT('Ctrl Pts',(3.58423203029723,16.0000000000001,9.8911478494383));
#5454=CARTESIAN_POINT('Ctrl Pts',(2.40354927652537,16.,10.2212010485713));
#5455=CARTESIAN_POINT('Ctrl Pts',(2.45573835955437,16.,10.4270957640972));
#5456=CARTESIAN_POINT('Ctrl Pts',(2.6607949914769,16.,10.4824863045667));
#5457=CARTESIAN_POINT('Ctrl Pts',(2.86585162339944,16.,10.5378768450363));
#5458=CARTESIAN_POINT('Ctrl Pts',(3.01461197990309,16.,10.3862632222914));
#5459=CARTESIAN_POINT('Ctrl Pts',(3.16337233640674,16.,10.2346495995465));
#5460=CARTESIAN_POINT('Ctrl Pts',(3.10409645775133,16.,10.030682189212));
#5461=CARTESIAN_POINT('',(2.18609213269815,15.5,10.780584454813));
#5462=CARTESIAN_POINT('Origin',(2.7554699676315,15.5,10.1319980881124));
#5463=CARTESIAN_POINT('',(2.4035492765253,16.,10.2212010485713));
#5464=CARTESIAN_POINT('Origin',(2.7554699676315,16.,10.1319980881124));
#5465=CARTESIAN_POINT('Ctrl Pts',(2.4035492765253,16.,10.2212010485713));
#5466=CARTESIAN_POINT('Ctrl Pts',(2.40298904475365,16.,10.2221234892359));
#5467=CARTESIAN_POINT('Ctrl Pts',(2.40243020559134,15.999998222648,10.2230467737623));
#5468=CARTESIAN_POINT('Ctrl Pts',(2.39240372387594,15.999933984148,10.2396680014449));
#5469=CARTESIAN_POINT('Ctrl Pts',(2.3833367924743,15.9993547730417,10.2555972722277));
#5470=CARTESIAN_POINT('Ctrl Pts',(2.33367737159433,15.992665443023,10.3473637815945));
#5471=CARTESIAN_POINT('Ctrl Pts',(2.30107291935745,15.9739388412932,10.425338108107));
#5472=CARTESIAN_POINT('Ctrl Pts',(2.25303497091411,15.909159314877,10.5555779300896));
#5473=CARTESIAN_POINT('Ctrl Pts',(2.23602746500736,15.8707908841223,10.6082423937893));
#5474=CARTESIAN_POINT('Ctrl Pts',(2.21014053753099,15.7785340248921,10.6932198252056));
#5475=CARTESIAN_POINT('Ctrl Pts',(2.20099306313914,15.7273338415636,10.7258817595227));
#5476=CARTESIAN_POINT('Ctrl Pts',(2.18900869914949,15.6164748153309,10.7694544188762));
#5477=CARTESIAN_POINT('Ctrl Pts',(2.18609213269815,15.5586377127634,10.780584454813));
#5478=CARTESIAN_POINT('Ctrl Pts',(2.18609213269815,15.5,10.780584454813));
#5479=CARTESIAN_POINT('Origin',(0.,15.5,0.));
#5480=CARTESIAN_POINT('',(1.85987117599999,15.5,10.8416271476511));
#5481=CARTESIAN_POINT('Origin',(0.,15.5,0.));
#5482=CARTESIAN_POINT('',(1.45486464602831,16.,10.3987195779931));
#5483=CARTESIAN_POINT('Origin',(0.,16.,0.));
#5484=CARTESIAN_POINT('Ctrl Pts',(1.45486464602824,16.,10.3987195779931));
#5485=CARTESIAN_POINT('Ctrl Pts',(1.45572050989094,16.,10.3993770378582));
#5486=CARTESIAN_POINT('Ctrl Pts',(1.45657538048286,15.999998222648,10.4000357880243));
#5487=CARTESIAN_POINT('Ctrl Pts',(1.47193339686569,15.999933984148,10.4119070507295));
#5488=CARTESIAN_POINT('Ctrl Pts',(1.48614658698421,15.9993547730417,10.4234801289437));
#5489=CARTESIAN_POINT('Ctrl Pts',(1.56562710828655,15.992665443023,10.491081882301));
#5490=CARTESIAN_POINT('Ctrl Pts',(1.62421959733046,15.9739388412932,10.5519913735843));
#5491=CARTESIAN_POINT('Ctrl Pts',(1.71609957050616,15.909159314877,10.6560496565315));
#5492=CARTESIAN_POINT('Ctrl Pts',(1.75099882728687,15.8707908841223,10.699001290611));
#5493=CARTESIAN_POINT('Ctrl Pts',(1.80586048372127,15.7785340248921,10.7688689907131));
#5494=CARTESIAN_POINT('Ctrl Pts',(1.82619897960918,15.7273338415636,10.7960134897157));
#5495=CARTESIAN_POINT('Ctrl Pts',(1.85312753343987,15.6164748153309,10.832304736759));
#5496=CARTESIAN_POINT('Ctrl Pts',(1.85987117599999,15.5586377127634,10.8416271476511));
#5497=CARTESIAN_POINT('Ctrl Pts',(1.85987117599999,15.5,10.8416271476511));
#5498=CARTESIAN_POINT('Ctrl Pts',(0.234725088091051,15.5,10.5179099235294));
#5499=CARTESIAN_POINT('Ctrl Pts',(0.27866899224155,15.5,11.0209301538248));
#5500=CARTESIAN_POINT('Ctrl Pts',(0.738699052695072,15.5,11.2290953821352));
#5501=CARTESIAN_POINT('Ctrl Pts',(1.19872911314859,15.5,11.4372606104457));
#5502=CARTESIAN_POINT('Ctrl Pts',(1.6056010736185,15.5,11.1382361522792));
#5503=CARTESIAN_POINT('Ctrl Pts',(2.01247303408841,15.5,10.8392116941126));
#5504=CARTESIAN_POINT('Ctrl Pts',(1.95116547117822,15.5,10.3380113334499));
#5505=CARTESIAN_POINT('Ctrl Pts',(0.234725088091051,16.0000000000001,10.5179099235294));
#5506=CARTESIAN_POINT('Ctrl Pts',(0.27866899224155,16.0000000000001,11.0209301538248));
#5507=CARTESIAN_POINT('Ctrl Pts',(0.738699052695072,16.0000000000001,11.2290953821352));
#5508=CARTESIAN_POINT('Ctrl Pts',(1.19872911314859,16.0000000000001,11.4372606104457));
#5509=CARTESIAN_POINT('Ctrl Pts',(1.6056010736185,16.0000000000001,11.1382361522792));
#5510=CARTESIAN_POINT('Ctrl Pts',(2.01247303408841,16.0000000000001,10.8392116941126));
#5511=CARTESIAN_POINT('Ctrl Pts',(1.95116547117822,16.0000000000001,10.3380113334499));
#5512=CARTESIAN_POINT('Ctrl Pts',(0.732827992551535,16.,10.4743955975194));
#5513=CARTESIAN_POINT('Ctrl Pts',(0.751313405622777,16.,10.6859957482105));
#5514=CARTESIAN_POINT('Ctrl Pts',(0.944829340473441,16.,10.7735623927037));
#5515=CARTESIAN_POINT('Ctrl Pts',(1.13834527532411,16.,10.8611290371968));
#5516=CARTESIAN_POINT('Ctrl Pts',(1.30949975970114,16.,10.7353416103746));
#5517=CARTESIAN_POINT('Ctrl Pts',(1.48065424407817,16.,10.6095541835524));
#5518=CARTESIAN_POINT('Ctrl Pts',(1.45486464602824,16.,10.3987195779931));
#5519=CARTESIAN_POINT('',(0.428455452938577,15.5,10.9916525565925));
#5520=CARTESIAN_POINT('Origin',(1.09450056427907,15.5,10.442799840791));
#5521=CARTESIAN_POINT('',(0.732827992551462,16.,10.4743955975194));
#5522=CARTESIAN_POINT('Origin',(1.09450056427907,16.,10.442799840791));
#5523=CARTESIAN_POINT('Ctrl Pts',(0.732827992551462,16.,10.4743955975194));
#5524=CARTESIAN_POINT('Ctrl Pts',(0.732127045745411,16.,10.4752162253238));
#5525=CARTESIAN_POINT('Ctrl Pts',(0.731427338150352,15.999998222648,10.4760379094518));
#5526=CARTESIAN_POINT('Ctrl Pts',(0.718864464314599,15.999933984148,10.4908355358307));
#5527=CARTESIAN_POINT('Ctrl Pts',(0.707359712566525,15.9993547730416,10.5051040886578));
#5528=CARTESIAN_POINT('Ctrl Pts',(0.643622984837468,15.992665443023,10.5877163145193));
#5529=CARTESIAN_POINT('Ctrl Pts',(0.59893279010408,15.9739388412932,10.6594507720374));
#5530=CARTESIAN_POINT('Ctrl Pts',(0.530624983813608,15.909159314877,10.7802981936915));
#5531=CARTESIAN_POINT('Ctrl Pts',(0.505389746563778,15.8707908841223,10.8295524706113));
#5532=CARTESIAN_POINT('Ctrl Pts',(0.466206709381832,15.7785340248921,10.9092769114152));
#5533=CARTESIAN_POINT('Ctrl Pts',(0.451938349661786,15.7273338415636,10.9400485241773));
#5534=CARTESIAN_POINT('Ctrl Pts',(0.433119633940997,15.6164748153309,10.9811345018581));
#5535=CARTESIAN_POINT('Ctrl Pts',(0.428455452938579,15.5586377127634,10.9916525565925));
#5536=CARTESIAN_POINT('Ctrl Pts',(0.428455452938579,15.5,10.9916525565925));
#5537=CARTESIAN_POINT('Origin',(0.,15.5,0.));
#5538=CARTESIAN_POINT('',(0.0966670354065026,15.5,10.9995752410839));
#5539=CARTESIAN_POINT('Origin',(0.,15.5,0.));
#5540=CARTESIAN_POINT('',(-0.232047395821682,16.,10.4974355919002));
#5541=CARTESIAN_POINT('Origin',(0.,16.,0.));
#5542=CARTESIAN_POINT('Ctrl Pts',(-0.232047395821694,16.,10.4974355919002));
#5543=CARTESIAN_POINT('Ctrl Pts',(-0.23130807915236,16.,10.498221828049));
#5544=CARTESIAN_POINT('Ctrl Pts',(-0.230569949863959,15.999998222648,10.4990091784644));
#5545=CARTESIAN_POINT('Ctrl Pts',(-0.21731510021586,15.999933984148,10.5131903105146));
#5546=CARTESIAN_POINT('Ctrl Pts',(-0.205142419477773,15.9993547730416,10.5268934764358));
#5547=CARTESIAN_POINT('Ctrl Pts',(-0.137535233896186,15.992665443023,10.606369377067));
#5548=CARTESIAN_POINT('Ctrl Pts',(-0.0894720717099947,15.9739388412932,
10.6758890026514));
#5549=CARTESIAN_POINT('Ctrl Pts',(-0.0154740425072036,15.909159314877,10.7933383423464));
#5550=CARTESIAN_POINT('Ctrl Pts',(0.0120833514264463,15.8707908841223,10.8413319985264));
#5551=CARTESIAN_POINT('Ctrl Pts',(0.0550269965547955,15.7785340248921,10.9190953588408));
#5552=CARTESIAN_POINT('Ctrl Pts',(0.0707478304093729,15.7273338415636,10.9491508678866));
#5553=CARTESIAN_POINT('Ctrl Pts',(0.0915061411182753,15.6164748153309,10.9892917966237));
#5554=CARTESIAN_POINT('Ctrl Pts',(0.0966670354065,15.5586377127634,10.9995752410839));
#5555=CARTESIAN_POINT('Ctrl Pts',(0.0966670354065,15.5,10.9995752410839));
#5556=CARTESIAN_POINT('Ctrl Pts',(-1.45550594293191,15.5,10.4193583044517));
#5557=CARTESIAN_POINT('Ctrl Pts',(-1.49282122023788,15.5,10.9229136528276));
#5558=CARTESIAN_POINT('Ctrl Pts',(-1.07214047914923,15.5,11.202177207334));
#5559=CARTESIAN_POINT('Ctrl Pts',(-0.651459738060574,15.5,11.4814407618404));
#5560=CARTESIAN_POINT('Ctrl Pts',(-0.201889766276455,15.5,11.251555444196));
#5561=CARTESIAN_POINT('Ctrl Pts',(0.247680205507665,15.5,11.0216701265516));
#5562=CARTESIAN_POINT('Ctrl Pts',(0.267564751255752,15.5,10.5171257542326));
#5563=CARTESIAN_POINT('Ctrl Pts',(-1.45550594293191,16.,10.4193583044517));
#5564=CARTESIAN_POINT('Ctrl Pts',(-1.49282122023788,16.,10.9229136528276));
#5565=CARTESIAN_POINT('Ctrl Pts',(-1.07214047914923,16.,11.202177207334));
#5566=CARTESIAN_POINT('Ctrl Pts',(-0.651459738060574,16.,11.4814407618404));
#5567=CARTESIAN_POINT('Ctrl Pts',(-0.201889766276455,16.,11.251555444196));
#5568=CARTESIAN_POINT('Ctrl Pts',(0.247680205507665,16.,11.0216701265516));
#5569=CARTESIAN_POINT('Ctrl Pts',(0.267564751255752,16.,10.5171257542326));
#5570=CARTESIAN_POINT('Ctrl Pts',(-0.956873151492621,16.,10.4563088024385));
#5571=CARTESIAN_POINT('Ctrl Pts',(-0.972570170867742,16.,10.6681340555404));
#5572=CARTESIAN_POINT('Ctrl Pts',(-0.795606894152307,16.,10.7856088739615));
#5573=CARTESIAN_POINT('Ctrl Pts',(-0.618643617436872,16.,10.9030836923826));
#5574=CARTESIAN_POINT('Ctrl Pts',(-0.429527816428483,16.,10.8063802897646));
#5575=CARTESIAN_POINT('Ctrl Pts',(-0.240412015420093,16.,10.7096768871467));
#5576=CARTESIAN_POINT('Ctrl Pts',(-0.232047395821693,16.,10.4974355919002));
#5577=CARTESIAN_POINT('',(-1.34027799799482,15.5,10.9180426308057));
#5578=CARTESIAN_POINT('Origin',(-0.594815828773495,15.5,10.4831385629435));
#5579=CARTESIAN_POINT('',(-0.956873151492632,16.,10.4563088024385));
#5580=CARTESIAN_POINT('Origin',(-0.594815828773495,16.,10.4831385629435));
#5581=CARTESIAN_POINT('Ctrl Pts',(-0.956873151492632,16.,10.4563088024385));
#5582=CARTESIAN_POINT('Ctrl Pts',(-0.957696659178837,16.,10.4570063635534));
#5583=CARTESIAN_POINT('Ctrl Pts',(-0.958519113147789,15.999998222648,10.4577051660963));
#5584=CARTESIAN_POINT('Ctrl Pts',(-0.973293007267641,15.999933984148,10.4702959404164));
#5585=CARTESIAN_POINT('Ctrl Pts',(-0.986937612337388,15.9993547730416,10.4825342272683));
#5586=CARTESIAN_POINT('Ctrl Pts',(-1.06310089914695,15.992665443023,10.5538525563692));
#5587=CARTESIAN_POINT('Ctrl Pts',(-1.11871938380805,15.9739388412932,10.6174892601237));
#5588=CARTESIAN_POINT('Ctrl Pts',(-1.2055279116432,15.909159314877,10.7258143967069));
#5589=CARTESIAN_POINT('Ctrl Pts',(-1.2383373008468,15.8707908841223,10.7703828269466));
#5590=CARTESIAN_POINT('Ctrl Pts',(-1.2898016276532,15.7785340248921,10.8427894559985));
#5591=CARTESIAN_POINT('Ctrl Pts',(-1.30882132967953,15.7273338415636,10.8708737785987));
#5592=CARTESIAN_POINT('Ctrl Pts',(-1.33398700227931,15.6164748153309,10.9084089693664));
#5593=CARTESIAN_POINT('Ctrl Pts',(-1.34027799799482,15.5586377127634,10.9180426308057));
#5594=CARTESIAN_POINT('Ctrl Pts',(-1.34027799799482,15.5,10.9180426308057));
#5595=CARTESIAN_POINT('Origin',(0.,15.5,0.));
#5596=CARTESIAN_POINT('',(-1.66904073062716,15.5,10.8726401135836));
#5597=CARTESIAN_POINT('Origin',(0.,15.5,0.));
#5598=CARTESIAN_POINT('',(-1.91294953200878,16.,10.3242735380262));
#5599=CARTESIAN_POINT('Origin',(0.,16.,0.));
#5600=CARTESIAN_POINT('Ctrl Pts',(-1.91294953200886,16.,10.3242735380262));
#5601=CARTESIAN_POINT('Ctrl Pts',(-1.91234591044234,16.,10.3251681873596));
#5602=CARTESIAN_POINT('Ctrl Pts',(-1.91174363962604,15.999998222648,10.3260637460538));
#5603=CARTESIAN_POINT('Ctrl Pts',(-1.90093525035654,15.999933984148,10.342187463577));
#5604=CARTESIAN_POINT('Ctrl Pts',(-1.89111834503236,15.9993547730417,10.3576658124099));
#5605=CARTESIAN_POINT('Ctrl Pts',(-1.83713548576506,15.992665443023,10.4469574762363));
#5606=CARTESIAN_POINT('Ctrl Pts',(-1.80084646109071,15.9739388412932,10.5232867143363));
#5607=CARTESIAN_POINT('Ctrl Pts',(-1.74664688594776,15.909159314877,10.6510852345742));
#5608=CARTESIAN_POINT('Ctrl Pts',(-1.72714507688883,15.8707908841223,10.7028779023697));
#5609=CARTESIAN_POINT('Ctrl Pts',(-1.69723166091809,15.7785340248921,10.7865228927113));
#5610=CARTESIAN_POINT('Ctrl Pts',(-1.68653565043591,15.7273338415636,10.8187109899035));
#5611=CARTESIAN_POINT('Ctrl Pts',(-1.67248521219231,15.6164748153309,10.8616619713652));
#5612=CARTESIAN_POINT('Ctrl Pts',(-1.66904073062716,15.5586377127634,10.8726401135836));
#5613=CARTESIAN_POINT('Ctrl Pts',(-1.66904073062716,15.5,10.8726401135836));
#5614=CARTESIAN_POINT('Ctrl Pts',(-3.10804013457503,15.5,10.0509507783258));
#5615=CARTESIAN_POINT('Ctrl Pts',(-3.22564814725605,15.5,10.5419994257647));
#5616=CARTESIAN_POINT('Ctrl Pts',(-2.85521213575304,15.5,10.8851285270957));
#5617=CARTESIAN_POINT('Ctrl Pts',(-2.48477612425003,15.5,11.2282576284266));
#5618=CARTESIAN_POINT('Ctrl Pts',(-2.00415176727267,15.5,11.0734653602782));
#5619=CARTESIAN_POINT('Ctrl Pts',(-1.52352741029531,15.5,10.9186730921298));
#5620=CARTESIAN_POINT('Ctrl Pts',(-1.42296575517895,15.5,10.4238521423725));
#5621=CARTESIAN_POINT('Ctrl Pts',(-3.10804013457503,16.0000000000001,10.0509507783258));
#5622=CARTESIAN_POINT('Ctrl Pts',(-3.22564814725605,16.0000000000001,10.5419994257647));
#5623=CARTESIAN_POINT('Ctrl Pts',(-2.85521213575304,16.0000000000001,10.8851285270957));
#5624=CARTESIAN_POINT('Ctrl Pts',(-2.48477612425003,16.0000000000001,11.2282576284266));
#5625=CARTESIAN_POINT('Ctrl Pts',(-2.00415176727267,16.0000000000001,11.0734653602782));
#5626=CARTESIAN_POINT('Ctrl Pts',(-1.52352741029531,16.0000000000001,10.9186730921298));
#5627=CARTESIAN_POINT('Ctrl Pts',(-1.42296575517895,16.0000000000001,10.4238521423725));
#5628=CARTESIAN_POINT('Ctrl Pts',(-2.62179178353533,16.,10.1674091018207));
#5629=CARTESIAN_POINT('Ctrl Pts',(-2.67126469080026,16.,10.3739732945446));
#5630=CARTESIAN_POINT('Ctrl Pts',(-2.51543732813251,16.,10.5183137508032));
#5631=CARTESIAN_POINT('Ctrl Pts',(-2.35960996546477,16.,10.6626542070618));
#5632=CARTESIAN_POINT('Ctrl Pts',(-2.15743084773324,16.,10.5975393959799));
#5633=CARTESIAN_POINT('Ctrl Pts',(-1.95525173000172,16.,10.5324245848981));
#5634=CARTESIAN_POINT('Ctrl Pts',(-1.91294953200886,16.,10.3242735380262));
#5635=CARTESIAN_POINT('',(-3.07429895279578,15.5,10.5616611358649));
#5636=CARTESIAN_POINT('Origin',(-2.26872680430321,15.5,10.2519695028549));
#5637=CARTESIAN_POINT('',(-2.6217917835354,16.,10.1674091018207));
#5638=CARTESIAN_POINT('Origin',(-2.26872680430321,16.,10.2519695028549));
#5639=CARTESIAN_POINT('Ctrl Pts',(-2.6217917835354,16.,10.1674091018207));
#5640=CARTESIAN_POINT('Ctrl Pts',(-2.622716523685,16.,10.1679655297795));
#5641=CARTESIAN_POINT('Ctrl Pts',(-2.62364042290258,15.999998222648,10.1685233521187));
#5642=CARTESIAN_POINT('Ctrl Pts',(-2.64024270120601,15.999933984148,10.1785811799371));
#5643=CARTESIAN_POINT('Ctrl Pts',(-2.6556737714958,15.9993547730417,10.188472235614));
#5644=CARTESIAN_POINT('Ctrl Pts',(-2.74229102826466,15.992665443023,10.2466495606927));
#5645=CARTESIAN_POINT('Ctrl Pts',(-2.80739731331581,15.9739388412932,10.3005403534832));
#5646=CARTESIAN_POINT('Ctrl Pts',(-2.91045826742312,15.909159314877,10.3935376408586));
#5647=CARTESIAN_POINT('Ctrl Pts',(-2.94999206263409,15.8707908841223,10.4322659254857));
#5648=CARTESIAN_POINT('Ctrl Pts',(-3.01240478003364,15.7785340248921,10.4954794491266));
#5649=CARTESIAN_POINT('Ctrl Pts',(-3.03568322407434,15.7273338415636,10.5201491123616));
#5650=CARTESIAN_POINT('Ctrl Pts',(-3.06654407585171,15.6164748153309,10.5531613744917));
#5651=CARTESIAN_POINT('Ctrl Pts',(-3.07429895279578,15.5586377127634,10.5616611358649));
#5652=CARTESIAN_POINT('Ctrl Pts',(-3.07429895279578,15.5,10.5616611358649));
#5653=CARTESIAN_POINT('Origin',(0.,15.5,0.));
#5654=CARTESIAN_POINT('',(-3.39152121844432,15.5,10.4641093182765));
#5655=CARTESIAN_POINT('Origin',(0.,15.5,0.));
#5656=CARTESIAN_POINT('',(-3.544307280143,16.,9.8837182226086));
#5657=CARTESIAN_POINT('Origin',(0.,16.,0.));
#5658=CARTESIAN_POINT('Ctrl Pts',(-3.54430728014307,16.,9.88371822260858));
#5659=CARTESIAN_POINT('Ctrl Pts',(-3.54385498716263,16.,9.8846981141771));
#5660=CARTESIAN_POINT('Ctrl Pts',(-3.54340417331278,15.999998222648,9.88567868665376));
#5661=CARTESIAN_POINT('Ctrl Pts',(-3.53532217602411,15.999933984148,9.90332739384005));
#5662=CARTESIAN_POINT('Ctrl Pts',(-3.52811529880866,15.9993547730416,9.92018004447525));
#5663=CARTESIAN_POINT('Ctrl Pts',(-3.48915489355545,15.992665443023,10.0169748643053));
#5664=CARTESIAN_POINT('Ctrl Pts',(-3.46557987307028,15.9739388412932,10.098136827748));
#5665=CARTESIAN_POINT('Ctrl Pts',(-3.43258249251366,15.909159314877,10.2329746139842));
#5666=CARTESIAN_POINT('Ctrl Pts',(-3.42164135494024,15.8707908841223,10.2872248905046));
#5667=CARTESIAN_POINT('Ctrl Pts',(-3.40553290988796,15.7785340248921,10.3745851495604));
#5668=CARTESIAN_POINT('Ctrl Pts',(-3.40013874383131,15.7273338415636,10.4080721800892));
#5669=CARTESIAN_POINT('Ctrl Pts',(-3.39316007702317,15.6164748153309,10.4527208064169));
#5670=CARTESIAN_POINT('Ctrl Pts',(-3.39152121844432,15.5586377127634,10.4641093182765));
#5671=CARTESIAN_POINT('Ctrl Pts',(-3.39152121844432,15.5,10.4641093182765));
#5672=CARTESIAN_POINT('Ctrl Pts',(-4.68007771931099,15.5,9.42222890656268));
#5673=CARTESIAN_POINT('Ctrl Pts',(-4.87493248161527,15.5,9.88805295103202));
#5674=CARTESIAN_POINT('Ctrl Pts',(-4.56433529781475,15.5,10.2861607357005));
#5675=CARTESIAN_POINT('Ctrl Pts',(-4.25373811401424,15.5,10.6842685203689));
#5676=CARTESIAN_POINT('Ctrl Pts',(-3.75450729022899,15.5,10.6085783401529));
#5677=CARTESIAN_POINT('Ctrl Pts',(-3.25527646644375,15.5,10.5328881599369));
#5678=CARTESIAN_POINT('Ctrl Pts',(-3.07664219600402,15.5,10.0606062354226));
#5679=CARTESIAN_POINT('Ctrl Pts',(-4.68007771931099,16.0000000000001,9.42222890656268));
#5680=CARTESIAN_POINT('Ctrl Pts',(-4.87493248161527,16.0000000000001,9.88805295103202));
#5681=CARTESIAN_POINT('Ctrl Pts',(-4.56433529781475,16.0000000000001,10.2861607357005));
#5682=CARTESIAN_POINT('Ctrl Pts',(-4.25373811401424,16.0000000000001,10.6842685203689));
#5683=CARTESIAN_POINT('Ctrl Pts',(-3.75450729022899,16.0000000000001,10.6085783401529));
#5684=CARTESIAN_POINT('Ctrl Pts',(-3.25527646644375,16.0000000000001,10.5328881599369));
#5685=CARTESIAN_POINT('Ctrl Pts',(-3.07664219600402,16.0000000000001,10.0606062354226));
#5686=CARTESIAN_POINT('Ctrl Pts',(-4.21880738554838,16.,9.61517884615998));
#5687=CARTESIAN_POINT('Ctrl Pts',(-4.30077485839188,16.,9.81113207441757));
#5688=CARTESIAN_POINT('Ctrl Pts',(-4.17011925661254,16.,9.9785998265151));
#5689=CARTESIAN_POINT('Ctrl Pts',(-4.0394636548332,16.,10.1460675786126));
#5690=CARTESIAN_POINT('Ctrl Pts',(-3.82945755332795,16.,10.1142277984707));
#5691=CARTESIAN_POINT('Ctrl Pts',(-3.6194514518227,16.,10.0823880183288));
#5692=CARTESIAN_POINT('Ctrl Pts',(-3.54430728014307,16.,9.88371822260858));
#5693=CARTESIAN_POINT('',(-4.72869717957424,15.5,9.93173816529043));
#5694=CARTESIAN_POINT('Origin',(-3.88387894730881,15.5,9.75527981775423));
#5695=CARTESIAN_POINT('',(-4.21880738554845,16.,9.61517884615996));
#5696=CARTESIAN_POINT('Origin',(-3.88387894730881,16.,9.75527981775423));
#5697=CARTESIAN_POINT('Ctrl Pts',(-4.21880738554845,16.,9.61517884615996));
#5698=CARTESIAN_POINT('Ctrl Pts',(-4.21980940787747,16.,9.61557972977092));
#5699=CARTESIAN_POINT('Ctrl Pts',(-4.22081082383891,15.999998222648,9.6159821246005));
#5700=CARTESIAN_POINT('Ctrl Pts',(-4.23881149604157,15.999933984148,9.62324651346236));
#5701=CARTESIAN_POINT('Ctrl Pts',(-4.25562937493407,15.9993547730417,9.63053416481586));
#5702=CARTESIAN_POINT('Ctrl Pts',(-4.35045726020959,15.992665443023,9.67406372371176));
#5703=CARTESIAN_POINT('Ctrl Pts',(-4.42336512706663,15.9739388412932,9.71681286231242));
#5704=CARTESIAN_POINT('Ctrl Pts',(-4.54000928287015,15.909159314877,9.79207371958612));
#5705=CARTESIAN_POINT('Ctrl Pts',(-4.58524357955867,15.8707908841223,9.82395881637189));
#5706=CARTESIAN_POINT('Ctrl Pts',(-4.6569882309546,15.7785340248921,9.876342037544));
#5707=CARTESIAN_POINT('Ctrl Pts',(-4.68392251753664,15.7273338415636,9.89695811009436));
#5708=CARTESIAN_POINT('Ctrl Pts',(-4.71967926864101,15.6164748153309,9.92459244333812));
#5709=CARTESIAN_POINT('Ctrl Pts',(-4.72869717957424,15.5586377127634,9.93173816529043));
#5710=CARTESIAN_POINT('Ctrl Pts',(-4.72869717957424,15.5,9.93173816529043));
#5711=CARTESIAN_POINT('Origin',(0.,15.5,0.));
#5712=CARTESIAN_POINT('',(-5.02616308818788,15.5,9.78456358816977));
#5713=CARTESIAN_POINT('Origin',(0.,15.5,0.));
#5714=CARTESIAN_POINT('',(-5.08386933146044,16.,9.18717979690372));
#5715=CARTESIAN_POINT('Origin',(0.,16.,0.));
#5716=CARTESIAN_POINT('Ctrl Pts',(-5.08386933146051,16.,9.18717979690369));
#5717=CARTESIAN_POINT('Ctrl Pts',(-5.08358008121703,16.,9.18821955202992));
#5718=CARTESIAN_POINT('Ctrl Pts',(-5.083292400175,15.999998222648,9.18925974197793));
#5719=CARTESIAN_POINT('Ctrl Pts',(-5.07814611435383,15.999933984148,9.20797634657834));
#5720=CARTESIAN_POINT('Ctrl Pts',(-5.07373591957978,15.9993547730416,9.22576682421899));
#5721=CARTESIAN_POINT('Ctrl Pts',(-5.05080702237146,15.992665443023,9.32755786506362));
#5722=CARTESIAN_POINT('Ctrl Pts',(-5.04055658672264,15.9739388412932,9.41145050162814));
#5723=CARTESIAN_POINT('Ctrl Pts',(-5.02961601557606,15.909159314877,9.54983532602615));
#5724=CARTESIAN_POINT('Ctrl Pts',(-5.02751891920418,15.8707908841223,9.60513815760601));
#5725=CARTESIAN_POINT('Ctrl Pts',(-5.02563264533584,15.7785340248921,9.69395110055456));
#5726=CARTESIAN_POINT('Ctrl Pts',(-5.02568002977216,15.7273338415636,9.72786976791931));
#5727=CARTESIAN_POINT('Ctrl Pts',(-5.02595387820409,15.6164748153309,9.77305966314384));
#5728=CARTESIAN_POINT('Ctrl Pts',(-5.02616308818788,15.5586377127634,9.78456358816977));
#5729=CARTESIAN_POINT('Ctrl Pts',(-5.02616308818788,15.5,9.78456358816977));
#5730=CARTESIAN_POINT('Ctrl Pts',(-6.13090374944849,15.5,8.54947625538869));
#5731=CARTESIAN_POINT('Ctrl Pts',(-6.39795862538485,15.5,8.97801109882274));
#5732=CARTESIAN_POINT('Ctrl Pts',(-6.15524457319806,15.5,9.42078678432218));
#5733=CARTESIAN_POINT('Ctrl Pts',(-5.91253052101127,15.5,9.86356246982162));
#5734=CARTESIAN_POINT('Ctrl Pts',(-5.4076230465203,15.5,9.86893471344735));
#5735=CARTESIAN_POINT('Ctrl Pts',(-4.90271557202932,15.5,9.87430695707308));
#5736=CARTESIAN_POINT('Ctrl Pts',(-4.65063522003836,15.5,9.43679591156846));
#5737=CARTESIAN_POINT('Ctrl Pts',(-6.13090374944849,16.0000000000001,8.54947625538869));
#5738=CARTESIAN_POINT('Ctrl Pts',(-6.39795862538485,16.0000000000001,8.97801109882274));
#5739=CARTESIAN_POINT('Ctrl Pts',(-6.15524457319806,16.0000000000001,9.42078678432218));
#5740=CARTESIAN_POINT('Ctrl Pts',(-5.91253052101127,16.0000000000001,9.86356246982162));
#5741=CARTESIAN_POINT('Ctrl Pts',(-5.4076230465203,16.0000000000001,9.86893471344735));
#5742=CARTESIAN_POINT('Ctrl Pts',(-4.90271557202932,16.0000000000001,9.87430695707308));
#5743=CARTESIAN_POINT('Ctrl Pts',(-4.65063522003836,16.0000000000001,9.43679591156846));
#5744=CARTESIAN_POINT('Ctrl Pts',(-5.70655809231326,16.,8.81392050900472));
#5745=CARTESIAN_POINT('Ctrl Pts',(-5.81889721624421,16.,8.99418768711362));
#5746=CARTESIAN_POINT('Ctrl Pts',(-5.71679728680914,16.,9.18044540823754));
#5747=CARTESIAN_POINT('Ctrl Pts',(-5.61469735737406,16.,9.36670312936145));
#5748=CARTESIAN_POINT('Ctrl Pts',(-5.40230331981294,16.,9.36896301374042));
#5749=CARTESIAN_POINT('Ctrl Pts',(-5.18990928225182,16.,9.3712228981194));
#5750=CARTESIAN_POINT('Ctrl Pts',(-5.08386933146051,16.,9.18717979690369));
#5751=CARTESIAN_POINT('',(-6.26062463327206,15.5,9.04458839313692));
#5752=CARTESIAN_POINT('Origin',(-5.39844066568683,15.5,9.00593350958635));
#5753=CARTESIAN_POINT('',(-5.70655809231332,16.,8.81392050900468));
#5754=CARTESIAN_POINT('Origin',(-5.39844066568683,16.,9.00593350958635));
#5755=CARTESIAN_POINT('Ctrl Pts',(-5.70655809231332,16.,8.81392050900468));
#5756=CARTESIAN_POINT('Ctrl Pts',(-5.70761144496999,16.,8.81415546559296));
#5757=CARTESIAN_POINT('Ctrl Pts',(-5.70866444152751,15.999998222648,8.81439201109807));
#5758=CARTESIAN_POINT('Ctrl Pts',(-5.72759729967572,15.999933984148,8.81867481714797));
#5759=CARTESIAN_POINT('Ctrl Pts',(-5.74536641294097,15.9993547730416,8.82317031783584));
#5760=CARTESIAN_POINT('Ctrl Pts',(-5.84594893430515,15.992665443023,8.85092471783846));
#5761=CARTESIAN_POINT('Ctrl Pts',(-5.92477010751322,15.9739388412932,8.88142502201463));
#5762=CARTESIAN_POINT('Ctrl Pts',(-6.05197644264797,15.909159314877,8.93700023251596));
#5763=CARTESIAN_POINT('Ctrl Pts',(-6.10173969629029,15.8707908841223,8.96121633420208));
#5764=CARTESIAN_POINT('Ctrl Pts',(-6.18095813289718,15.7785340248921,9.00141255499271));
#5765=CARTESIAN_POINT('Ctrl Pts',(-6.21085067814601,15.7273338415636,9.0174410914085));
#5766=CARTESIAN_POINT('Ctrl Pts',(-6.25057724750594,15.6164748153309,9.03898178105061));
#5767=CARTESIAN_POINT('Ctrl Pts',(-6.26062463327206,15.5586377127634,9.04458839313692));
#5768=CARTESIAN_POINT('Ctrl Pts',(-6.26062463327206,15.5,9.04458839313692));
#5769=CARTESIAN_POINT('Origin',(0.,15.5,0.));
#5770=CARTESIAN_POINT('',(-6.53062997406935,15.5,8.85160280072411));
#5771=CARTESIAN_POINT('Origin',(0.,15.5,0.));
#5772=CARTESIAN_POINT('',(-6.49176183752672,16.,8.25269824026249));
#5773=CARTESIAN_POINT('Origin',(0.,16.,0.));
#5774=CARTESIAN_POINT('Ctrl Pts',(-6.49176183752678,16.,8.25269824026245));
#5775=CARTESIAN_POINT('Ctrl Pts',(-6.49164312144958,16.,8.25377092983481));
#5776=CARTESIAN_POINT('Ctrl Pts',(-6.49152602400336,15.999998222648,8.25484379688083));
#5777=CARTESIAN_POINT('Ctrl Pts',(-6.48944873574935,15.999933984148,8.27414354866634));
#5778=CARTESIAN_POINT('Ctrl Pts',(-6.48794944514465,15.9993547730416,8.29241108928747));
#5779=CARTESIAN_POINT('Ctrl Pts',(-6.48164590237489,15.992665443023,8.39656201665734));
#5780=CARTESIAN_POINT('Ctrl Pts',(-6.48498553246143,15.9739388412932,8.48101255112356));
#5781=CARTESIAN_POINT('Ctrl Pts',(-6.49638512577074,15.909159314877,8.61936031942167));
#5782=CARTESIAN_POINT('Ctrl Pts',(-6.50318638429489,15.8707908841223,8.67428339177228));
#5783=CARTESIAN_POINT('Ctrl Pts',(-6.51557113511286,15.7785340248921,8.76224881004257));
#5784=CARTESIAN_POINT('Ctrl Pts',(-6.52105884281014,15.7273338415636,8.79572063857515));
#5785=CARTESIAN_POINT('Ctrl Pts',(-6.5285781139516,15.6164748153309,8.84028140814737));
#5786=CARTESIAN_POINT('Ctrl Pts',(-6.53062997406935,15.5586377127634,8.85160280072411));
#5787=CARTESIAN_POINT('Ctrl Pts',(-6.53062997406935,15.5,8.85160280072411));
#5788=CARTESIAN_POINT('Ctrl Pts',(-7.4229425928908,15.5,7.45529666003333));
#5789=CARTESIAN_POINT('Ctrl Pts',(-7.75528100144996,15.5,7.83544347508614));
#5790=CARTESIAN_POINT('Ctrl Pts',(-7.58673624733671,15.5,8.31141940374151));
#5791=CARTESIAN_POINT('Ctrl Pts',(-7.41819149322347,15.5,8.78739533239687));
#5792=CARTESIAN_POINT('Ctrl Pts',(-6.92068420640039,15.5,8.87369086157636));
#5793=CARTESIAN_POINT('Ctrl Pts',(-6.42317691957731,15.5,8.95998639075584));
#5794=CARTESIAN_POINT('Ctrl Pts',(-6.10417923473996,15.5,8.56857753052546));
#5795=CARTESIAN_POINT('Ctrl Pts',(-7.4229425928908,16.0000000000001,7.45529666003333));
#5796=CARTESIAN_POINT('Ctrl Pts',(-7.75528100144996,16.0000000000001,7.83544347508614));
#5797=CARTESIAN_POINT('Ctrl Pts',(-7.58673624733671,16.0000000000001,8.31141940374151));
#5798=CARTESIAN_POINT('Ctrl Pts',(-7.41819149322347,16.0000000000001,8.78739533239687));
#5799=CARTESIAN_POINT('Ctrl Pts',(-6.92068420640039,16.0000000000001,8.87369086157636));
#5800=CARTESIAN_POINT('Ctrl Pts',(-6.42317691957731,16.0000000000001,8.95998639075584));
#5801=CARTESIAN_POINT('Ctrl Pts',(-6.10417923473996,16.0000000000001,8.56857753052546));
#5802=CARTESIAN_POINT('Ctrl Pts',(-7.04651194200424,16.,7.78438626040561));
#5803=CARTESIAN_POINT('Ctrl Pts',(-7.18631319272186,16.,7.94429856314279));
#5804=CARTESIAN_POINT('Ctrl Pts',(-7.11541327017279,16.,8.14452227615266));
#5805=CARTESIAN_POINT('Ctrl Pts',(-7.04451334762372,16.,8.34474598916252));
#5806=CARTESIAN_POINT('Ctrl Pts',(-6.83523226801411,16.,8.38104700824405));
#5807=CARTESIAN_POINT('Ctrl Pts',(-6.6259511884045,16.,8.41734802732558));
#5808=CARTESIAN_POINT('Ctrl Pts',(-6.49176183752678,16.,8.25269824026245));
#5809=CARTESIAN_POINT('',(-7.63040519752289,15.5,7.9231885325048));
#5810=CARTESIAN_POINT('Origin',(-6.77318560649395,15.5,8.02333825411934));
#5811=CARTESIAN_POINT('',(-7.04651194200429,16.,7.78438626040556));
#5812=CARTESIAN_POINT('Origin',(-6.77318560649395,16.,8.02333825411934));
#5813=CARTESIAN_POINT('Ctrl Pts',(-7.04651194200429,16.,7.78438626040556));
#5814=CARTESIAN_POINT('Ctrl Pts',(-7.04758934370783,16.,7.78444920471887));
#5815=CARTESIAN_POINT('Ctrl Pts',(-7.04866664880424,15.999998222648,7.78451377449531));
#5816=CARTESIAN_POINT('Ctrl Pts',(-7.06804134181548,15.999933984148,7.78570407530579));
#5817=CARTESIAN_POINT('Ctrl Pts',(-7.08630147875466,15.9993547730416,7.78729099422191));
#5818=CARTESIAN_POINT('Ctrl Pts',(-7.1900336017377,15.992665443023,7.79855141094989));
#5819=CARTESIAN_POINT('Ctrl Pts',(-7.27272665431368,15.9739388412932,7.8160129388445));
#5820=CARTESIAN_POINT('Ctrl Pts',(-7.40720059151812,15.909159314877,7.85046313381382));
#5821=CARTESIAN_POINT('Ctrl Pts',(-7.46020395998435,15.8707908841223,7.86638305608676));
#5822=CARTESIAN_POINT('Ctrl Pts',(-7.54484446590561,15.7785340248921,7.89335121549154));
#5823=CARTESIAN_POINT('Ctrl Pts',(-7.57692106860111,15.7273338415636,7.90437708509898));
#5824=CARTESIAN_POINT('Ctrl Pts',(-7.61958855893758,15.6164748153309,7.91926623859252));
#5825=CARTESIAN_POINT('Ctrl Pts',(-7.6304051975229,15.5586377127634,7.9231885325048));
#5826=CARTESIAN_POINT('Ctrl Pts',(-7.6304051975229,15.5,7.9231885325048));
#5827=CARTESIAN_POINT('Origin',(0.,15.5,0.));
#5828=CARTESIAN_POINT('',(-7.86595697400447,15.5,7.68939015027268));
#5829=CARTESIAN_POINT('Origin',(0.,15.5,0.));
#5830=CARTESIAN_POINT('',(-7.73152112196662,16.,7.10447613414135));
#5831=CARTESIAN_POINT('Origin',(0.,16.,0.));
#5832=CARTESIAN_POINT('Ctrl Pts',(-7.73152112196667,16.,7.10447613414129));
#5833=CARTESIAN_POINT('Ctrl Pts',(-7.73157601473976,16.,7.10555397606351));
#5834=CARTESIAN_POINT('Ctrl Pts',(-7.73163253365175,15.999998222648,7.10663173351422));
#5835=CARTESIAN_POINT('Ctrl Pts',(-7.73267804363921,15.999933984148,7.12601477905277));
#5836=CARTESIAN_POINT('Ctrl Pts',(-7.73412848804322,15.9993547730416,7.14428626294672));
#5837=CARTESIAN_POINT('Ctrl Pts',(-7.74461355815872,15.992665443023,7.24809962253077));
#5838=CARTESIAN_POINT('Ctrl Pts',(-7.76145675931559,15.9739388412932,7.33092083041577));
#5839=CARTESIAN_POINT('Ctrl Pts',(-7.79490127360202,15.909159314877,7.46564840808577));
#5840=CARTESIAN_POINT('Ctrl Pts',(-7.81042473799896,15.8707908841223,7.51876924248303));
#5841=CARTESIAN_POINT('Ctrl Pts',(-7.83675975496246,15.7785340248921,7.60360887794796));
#5842=CARTESIAN_POINT('Ctrl Pts',(-7.84754565717391,15.7273338415636,7.63576696487131));
#5843=CARTESIAN_POINT('Ctrl Pts',(-7.86211560585201,15.6164748153309,7.67854450826601));
#5844=CARTESIAN_POINT('Ctrl Pts',(-7.86595697400447,15.5586377127634,7.68939015027268));
#5845=CARTESIAN_POINT('Ctrl Pts',(-7.86595697400447,15.5,7.68939015027268));
#5846=CARTESIAN_POINT('Ctrl Pts',(-8.52273112226954,15.5,6.16802879727021));
#5847=CARTESIAN_POINT('Ctrl Pts',(-8.91174567323914,15.5,6.48994198111385));
#5848=CARTESIAN_POINT('Ctrl Pts',(-8.82173543779849,15.5,6.98679062639162));
#5849=CARTESIAN_POINT('Ctrl Pts',(-8.73172520235785,15.5,7.48363927166939));
#5850=CARTESIAN_POINT('Ctrl Pts',(-8.25450328060283,15.5,7.64862307752583));
#5851=CARTESIAN_POINT('Ctrl Pts',(-7.77728135884781,15.5,7.81360688338228));
#5852=CARTESIAN_POINT('Ctrl Pts',(-7.39962821363958,15.5,7.4784374923085));
#5853=CARTESIAN_POINT('Ctrl Pts',(-8.52273112226954,16.0000000000001,6.16802879727021));
#5854=CARTESIAN_POINT('Ctrl Pts',(-8.91174567323914,16.0000000000001,6.48994198111385));
#5855=CARTESIAN_POINT('Ctrl Pts',(-8.82173543779849,16.0000000000001,6.98679062639162));
#5856=CARTESIAN_POINT('Ctrl Pts',(-8.73172520235785,16.0000000000001,7.48363927166939));
#5857=CARTESIAN_POINT('Ctrl Pts',(-8.25450328060283,16.0000000000001,7.64862307752583));
#5858=CARTESIAN_POINT('Ctrl Pts',(-7.77728135884781,16.0000000000001,7.81360688338228));
#5859=CARTESIAN_POINT('Ctrl Pts',(-7.39962821363958,16.0000000000001,7.4784374923085));
#5860=CARTESIAN_POINT('Ctrl Pts',(-8.20396483375968,16.,6.55324049661192));
#5861=CARTESIAN_POINT('Ctrl Pts',(-8.36760743230461,16.,6.68865627933456));
#5862=CARTESIAN_POINT('Ctrl Pts',(-8.32974378739355,16.,6.89766029523609));
#5863=CARTESIAN_POINT('Ctrl Pts',(-8.29188014248249,16.,7.10666431113763));
#5864=CARTESIAN_POINT('Ctrl Pts',(-8.09113229085599,16.,7.17606628759555));
#5865=CARTESIAN_POINT('Ctrl Pts',(-7.89038443922949,16.,7.24546826405347));
#5866=CARTESIAN_POINT('Ctrl Pts',(-7.73152112196667,16.,7.10447613414129));
#5867=CARTESIAN_POINT('',(-8.80256227522528,15.5,6.59658225074021));
#5868=CARTESIAN_POINT('Origin',(-7.97250859788353,15.5,6.83294275233627));
#5869=CARTESIAN_POINT('',(-8.20396483375973,16.,6.55324049661186));
#5870=CARTESIAN_POINT('Origin',(-7.97250859788353,16.,6.83294275233627));
#5871=CARTESIAN_POINT('Ctrl Pts',(-8.20396483375973,16.,6.55324049661186));
#5872=CARTESIAN_POINT('Ctrl Pts',(-8.20503838037255,16.,6.55312979842553));
#5873=CARTESIAN_POINT('Ctrl Pts',(-8.20611209237054,15.999998222648,6.55302072015002));
#5874=CARTESIAN_POINT('Ctrl Pts',(-8.22542682587656,15.999933984148,6.55108768755517));
#5875=CARTESIAN_POINT('Ctrl Pts',(-8.24370505853197,15.9993547730416,6.54972492433329));
#5876=CARTESIAN_POINT('Ctrl Pts',(-8.34790017563613,15.992665443023,6.54419971890827));
#5877=CARTESIAN_POINT('Ctrl Pts',(-8.43232340095494,15.9739388412932,6.54817022612096));
#5878=CARTESIAN_POINT('Ctrl Pts',(-8.57058213589136,15.909159314877,6.5606031636044));
#5879=CARTESIAN_POINT('Ctrl Pts',(-8.6254528597796,15.8707908841223,6.56781458883964));
#5880=CARTESIAN_POINT('Ctrl Pts',(-8.71332329037149,15.7785340248921,6.58085622569571));
#5881=CARTESIAN_POINT('Ctrl Pts',(-8.74675318335292,15.7273338415636,6.58659386426359));
#5882=CARTESIAN_POINT('Ctrl Pts',(-8.79125652907842,15.6164748153309,6.59444586035399));
#5883=CARTESIAN_POINT('Ctrl Pts',(-8.80256227522528,15.5586377127634,6.59658225074021));
#5884=CARTESIAN_POINT('Ctrl Pts',(-8.80256227522528,15.5,6.59658225074021));
#5885=CARTESIAN_POINT('Origin',(0.,15.5,0.));
#5886=CARTESIAN_POINT('',(-8.99755982010992,15.5,6.32802633397994));
#5887=CARTESIAN_POINT('Origin',(0.,15.5,0.));
#5888=CARTESIAN_POINT('',(-8.77103807052873,16.,5.7722518279555));
#5889=CARTESIAN_POINT('Origin',(0.,16.,0.));
#5890=CARTESIAN_POINT('Ctrl Pts',(-8.77103807052877,16.,5.77225182795544));
#5891=CARTESIAN_POINT('Ctrl Pts',(-8.7712651504581,16.,5.77330690668752));
#5892=CARTESIAN_POINT('Ctrl Pts',(-8.77149382191828,15.999998222648,5.77436164119182));
#5893=CARTESIAN_POINT('Ctrl Pts',(-8.77563505198738,15.999933984148,5.79332596978344));
#5894=CARTESIAN_POINT('Ctrl Pts',(-8.77999766565214,15.9993547730417,5.81112817511624));
#5895=CARTESIAN_POINT('Ctrl Pts',(-8.80699979084451,15.992665443023,5.91191525543213));
#5896=CARTESIAN_POINT('Ctrl Pts',(-8.83691033300908,15.9739388412932,5.99096211095569));
#5897=CARTESIAN_POINT('Ctrl Pts',(-8.89153357292022,15.909159314877,6.1185801245051));
#5898=CARTESIAN_POINT('Ctrl Pts',(-8.91537719361616,15.8707908841223,6.16852291924119));
#5899=CARTESIAN_POINT('Ctrl Pts',(-8.95498041361899,15.7785340248921,6.24803946990642));
#5900=CARTESIAN_POINT('Ctrl Pts',(-8.9707851611429,15.7273338415636,6.27805093766111));
#5901=CARTESIAN_POINT('Ctrl Pts',(-8.99202843334013,15.6164748153309,6.31793733897435));
#5902=CARTESIAN_POINT('Ctrl Pts',(-8.99755982010992,15.5586377127634,6.32802633397994));
#5903=CARTESIAN_POINT('Ctrl Pts',(-8.99755982010992,15.5,6.32802633397994));
#5904=CARTESIAN_POINT('Ctrl Pts',(-9.40178539236613,15.5,4.72101222857422));
#5905=CARTESIAN_POINT('Ctrl Pts',(-9.83740081321601,15.5,4.97635439884035));
#5906=CARTESIAN_POINT('Ctrl Pts',(-9.82825631426566,15.5,5.48120764181041));
#5907=CARTESIAN_POINT('Ctrl Pts',(-9.81911181531532,15.5,5.98606088478046));
#5908=CARTESIAN_POINT('Ctrl Pts',(-9.37453505572867,15.5,6.22545997340419));
#5909=CARTESIAN_POINT('Ctrl Pts',(-8.92995829614203,15.5,6.46485906202792));
#5910=CARTESIAN_POINT('Ctrl Pts',(-8.50343070865176,15.5,6.19460985128317));
#5911=CARTESIAN_POINT('Ctrl Pts',(-9.40178539236613,16.0000000000001,4.72101222857422));
#5912=CARTESIAN_POINT('Ctrl Pts',(-9.83740081321601,16.0000000000001,4.97635439884035));
#5913=CARTESIAN_POINT('Ctrl Pts',(-9.82825631426566,16.0000000000001,5.48120764181041));
#5914=CARTESIAN_POINT('Ctrl Pts',(-9.81911181531532,16.0000000000001,5.98606088478046));
#5915=CARTESIAN_POINT('Ctrl Pts',(-9.37453505572867,16.0000000000001,6.22545997340419));
#5916=CARTESIAN_POINT('Ctrl Pts',(-8.92995829614203,16.0000000000001,6.46485906202792));
#5917=CARTESIAN_POINT('Ctrl Pts',(-8.50343070865176,16.0000000000001,6.19460985128317));
#5918=CARTESIAN_POINT('Ctrl Pts',(-9.14893934566516,16.,5.15236924621479));
#5919=CARTESIAN_POINT('Ctrl Pts',(-9.33218503469258,16.,5.259781311281));
#5920=CARTESIAN_POINT('Ctrl Pts',(-9.32833831593387,16.,5.47215253584712));
#5921=CARTESIAN_POINT('Ctrl Pts',(-9.32449159717516,16.,5.68452376041324));
#5922=CARTESIAN_POINT('Ctrl Pts',(-9.1374762374409,16.,5.78522921951247));
#5923=CARTESIAN_POINT('Ctrl Pts',(-8.95046087770664,16.,5.8859346786117));
#5924=CARTESIAN_POINT('Ctrl Pts',(-8.77103807052877,16.,5.77225182795544));
#5925=CARTESIAN_POINT('',(-9.7467376137725,15.5,5.09912795370663));
#5926=CARTESIAN_POINT('Origin',(-8.96534780435397,15.5,5.46557762244734));
#5927=CARTESIAN_POINT('',(-9.1489393456652,16.,5.15236924621472));
#5928=CARTESIAN_POINT('Origin',(-8.96534780435397,16.,5.46557762244734));
#5929=CARTESIAN_POINT('Ctrl Pts',(-9.1489393456652,16.,5.15236924621472));
#5930=CARTESIAN_POINT('Ctrl Pts',(-9.14998123289337,16.,5.15208777255364));
#5931=CARTESIAN_POINT('Ctrl Pts',(-9.15102354321732,15.999998222648,5.15180787129622));
#5932=CARTESIAN_POINT('Ctrl Pts',(-9.16977807576233,15.999933984148,5.14680156982477));
#5933=CARTESIAN_POINT('Ctrl Pts',(-9.18760100751163,15.9993547730416,5.14252441931656));
#5934=CARTESIAN_POINT('Ctrl Pts',(-9.28956051993589,15.992665443023,5.12035669165683));
#5935=CARTESIAN_POINT('Ctrl Pts',(-9.37352740080712,15.9739388412932,5.1107333441364));
#5936=CARTESIAN_POINT('Ctrl Pts',(-9.51199010486463,15.909159314877,5.10082701758387));
#5937=CARTESIAN_POINT('Ctrl Pts',(-9.56730706124845,15.8707908841223,5.0991431736558));
#5938=CARTESIAN_POINT('Ctrl Pts',(-9.65613161851484,15.7785340248921,5.09792051641905));
#5939=CARTESIAN_POINT('Ctrl Pts',(-9.69004898511389,15.7273338415636,5.09822132212231));
#5940=CARTESIAN_POINT('Ctrl Pts',(-9.73523557295066,15.6164748153309,5.09883279823529));
#5941=CARTESIAN_POINT('Ctrl Pts',(-9.7467376137725,15.5586377127634,5.09912795370663));
#5942=CARTESIAN_POINT('Ctrl Pts',(-9.7467376137725,15.5,5.09912795370663));
#5943=CARTESIAN_POINT('Origin',(0.,15.5,0.));
#5944=CARTESIAN_POINT('',(-9.89613059307519,15.5,4.80276995959637));
#5945=CARTESIAN_POINT('Origin',(0.,15.5,0.));
#5946=CARTESIAN_POINT('',(-9.58338974027841,16.,4.29052923144996));
#5947=CARTESIAN_POINT('Origin',(0.,16.,0.));
#5948=CARTESIAN_POINT('Ctrl Pts',(-9.58338974027843,16.,4.29052923144989));
#5949=CARTESIAN_POINT('Ctrl Pts',(-9.58378312611323,16.,4.29153422100738));
#5950=CARTESIAN_POINT('Ctrl Pts',(-9.58417802765068,15.999998222648,4.29253861549462));
#5951=CARTESIAN_POINT('Ctrl Pts',(-9.59130772211833,15.999933984148,4.31059306099279));
#5952=CARTESIAN_POINT('Ctrl Pts',(-9.59846951564125,15.9993547730417,4.32746491999573));
#5953=CARTESIAN_POINT('Ctrl Pts',(-9.64128935505154,15.992665443023,4.42261538860402));
#5954=CARTESIAN_POINT('Ctrl Pts',(-9.68349257089302,15.9739388412932,4.49584061972945));
#5955=CARTESIAN_POINT('Ctrl Pts',(-9.75787982320742,15.909159314877,4.61304382964196));
#5956=CARTESIAN_POINT('Ctrl Pts',(-9.78942606295081,15.8707908841223,4.65851509256697));
#5957=CARTESIAN_POINT('Ctrl Pts',(-9.84127178339753,15.7785340248921,4.7306491215384));
#5958=CARTESIAN_POINT('Ctrl Pts',(-9.86168604157488,15.7273338415636,4.75773668887387));
#5959=CARTESIAN_POINT('Ctrl Pts',(-9.88905244769991,15.6164748153309,4.79369891126302));
#5960=CARTESIAN_POINT('Ctrl Pts',(-9.89613059307519,15.5586377127634,4.80276995959637));
#5961=CARTESIAN_POINT('Ctrl Pts',(-9.89613059307519,15.5,4.80276995959637));
#5962=CARTESIAN_POINT('Ctrl Pts',(-10.037338359331,15.5,3.15172392299175));
#5963=CARTESIAN_POINT('Ctrl Pts',(-10.5082724394794,15.5,3.33388185159555));
#5964=CARTESIAN_POINT('Ctrl Pts',(-10.5802305147388,15.5,3.83366425845217));
#5965=CARTESIAN_POINT('Ctrl Pts',(-10.6521885899982,15.5,4.33344666530879));
#5966=CARTESIAN_POINT('Ctrl Pts',(-10.2517712971278,15.5,4.64106072605501));
#5967=CARTESIAN_POINT('Ctrl Pts',(-9.8513540042574,15.5,4.94867478680123));
#5968=CARTESIAN_POINT('Ctrl Pts',(-9.38699881495645,15.5,4.75034506898841));
#5969=CARTESIAN_POINT('Ctrl Pts',(-10.037338359331,16.0000000000001,3.15172392299175));
#5970=CARTESIAN_POINT('Ctrl Pts',(-10.5082724394794,16.0000000000001,3.33388185159555));
#5971=CARTESIAN_POINT('Ctrl Pts',(-10.5802305147388,16.0000000000001,3.83366425845217));
#5972=CARTESIAN_POINT('Ctrl Pts',(-10.6521885899982,16.0000000000001,4.33344666530879));
#5973=CARTESIAN_POINT('Ctrl Pts',(-10.2517712971278,16.0000000000001,4.64106072605501));
#5974=CARTESIAN_POINT('Ctrl Pts',(-9.8513540042574,16.0000000000001,4.94867478680123));
#5975=CARTESIAN_POINT('Ctrl Pts',(-9.38699881495645,16.0000000000001,4.75034506898841));
#5976=CARTESIAN_POINT('Ctrl Pts',(-9.85696113423458,16.,3.6180543387557));
#5977=CARTESIAN_POINT('Ctrl Pts',(-10.0550639466532,16.,3.69468077010124));
#5978=CARTESIAN_POINT('Ctrl Pts',(-10.0853337820421,16.,3.90491890016914));
#5979=CARTESIAN_POINT('Ctrl Pts',(-10.115603617431,16.,4.11515703023705));
#5980=CARTESIAN_POINT('Ctrl Pts',(-9.94716434917147,16.,4.24455775348506));
#5981=CARTESIAN_POINT('Ctrl Pts',(-9.77872508091192,16.,4.37395847673308));
#5982=CARTESIAN_POINT('Ctrl Pts',(-9.58338974027843,16.,4.29052923144989));
#5983=CARTESIAN_POINT('',(-10.4384775678487,15.5,3.46960892112069));
#5984=CARTESIAN_POINT('Origin',(-9.72598921197211,15.5,3.95665690307281));
#5985=CARTESIAN_POINT('',(-9.85696113423461,16.,3.61805433875563));
#5986=CARTESIAN_POINT('Origin',(-9.72598921197211,16.,3.95665690307281));
#5987=CARTESIAN_POINT('Ctrl Pts',(-9.85696113423461,16.,3.61805433875563));
#5988=CARTESIAN_POINT('Ctrl Pts',(-9.85794437774631,16.,3.61760937963975));
#5989=CARTESIAN_POINT('Ctrl Pts',(-9.85892829110609,15.999998222648,3.61716590469599));
#5990=CARTESIAN_POINT('Ctrl Pts',(-9.87663689014862,15.999933984148,3.60921599492644));
#5991=CARTESIAN_POINT('Ctrl Pts',(-9.89354291642156,15.9993547730416,3.60213523308332));
#5992=CARTESIAN_POINT('Ctrl Pts',(-9.99062612635072,15.992665443023,3.56389911569109));
#5993=CARTESIAN_POINT('Ctrl Pts',(-10.0719619646657,15.9739388412932,3.54093115308339));
#5994=CARTESIAN_POINT('Ctrl Pts',(-10.2070425265404,15.909159314877,3.50894213114904));
#5995=CARTESIAN_POINT('Ctrl Pts',(-10.2613730353061,15.8707908841223,3.49840662873092));
#5996=CARTESIAN_POINT('Ctrl Pts',(-10.3488512098712,15.7785340248921,3.48295134358154));
#5997=CARTESIAN_POINT('Ctrl Pts',(-10.3823776081089,15.7273338415636,3.47780752571047));
#5998=CARTESIAN_POINT('Ctrl Pts',(-10.4270771291674,15.6164748153309,3.47116264493589));
#5999=CARTESIAN_POINT('Ctrl Pts',(-10.4384775678487,15.5586377127634,3.46960892112069));
#6000=CARTESIAN_POINT('Ctrl Pts',(-10.4384775678487,15.5,3.46960892112069));
#6001=CARTESIAN_POINT('Origin',(0.,15.5,0.));
#6002=CARTESIAN_POINT('',(-10.538396781878,15.5,3.15312436603822));
#6003=CARTESIAN_POINT('Origin',(0.,15.5,0.));
#6004=CARTESIAN_POINT('',(-10.1475366496778,16.,2.69768418156115));
#6005=CARTESIAN_POINT('Origin',(0.,16.,0.));
#6006=CARTESIAN_POINT('Ctrl Pts',(-10.1475366496778,16.,2.69768418156108));
#6007=CARTESIAN_POINT('Ctrl Pts',(-10.1480861529315,16.,2.69861305324198));
#6008=CARTESIAN_POINT('Ctrl Pts',(-10.1486370568041,15.999998222648,2.69954109442324));
#6009=CARTESIAN_POINT('Ctrl Pts',(-10.1585705603274,15.999933984148,2.71621805617053));
#6010=CARTESIAN_POINT('Ctrl Pts',(-10.1683460470191,15.9993547730417,2.7317225965597));
#6011=CARTESIAN_POINT('Ctrl Pts',(-10.2258745892989,15.992665443023,2.81877210630393));
#6012=CARTESIAN_POINT('Ctrl Pts',(-10.2792774376954,15.9739388412932,2.88427921800858));
#6013=CARTESIAN_POINT('Ctrl Pts',(-10.3715021116519,15.909159314877,2.9880321227115));
#6014=CARTESIAN_POINT('Ctrl Pts',(-10.4099339394039,15.8707908841223,3.02785417200062));
#6015=CARTESIAN_POINT('Ctrl Pts',(-10.4726793833682,15.7785340248921,3.09073744581816));
#6016=CARTESIAN_POINT('Ctrl Pts',(-10.4971744336353,15.7273338415636,3.11419955896886));
#6017=CARTESIAN_POINT('Ctrl Pts',(-10.5299551981444,15.6164748153309,3.14530619976413));
#6018=CARTESIAN_POINT('Ctrl Pts',(-10.538396781878,15.5586377127634,3.15312436603822));
#6019=CARTESIAN_POINT('Ctrl Pts',(-10.538396781878,15.5,3.15312436603822));
#6020=CARTESIAN_POINT('Ctrl Pts',(-10.4129295351604,15.5,1.50080762332818));
#6021=CARTESIAN_POINT('Ctrl Pts',(-10.9069853293018,15.5,1.60506351560196));
#6022=CARTESIAN_POINT('Ctrl Pts',(-11.0581823024195,15.5,2.08683098453118));
#6023=CARTESIAN_POINT('Ctrl Pts',(-11.2093792755373,15.5,2.5685984534604));
#6024=CARTESIAN_POINT('Ctrl Pts',(-10.8634920469389,15.5,2.936460443738));
#6025=CARTESIAN_POINT('Ctrl Pts',(-10.5176048183406,15.5,3.30432243401561));
#6026=CARTESIAN_POINT('Ctrl Pts',(-10.0274485827173,15.5,3.18304884464828));
#6027=CARTESIAN_POINT('Ctrl Pts',(-10.4129295351604,16.0000000000001,1.50080762332818));
#6028=CARTESIAN_POINT('Ctrl Pts',(-10.9069853293018,16.0000000000001,1.60506351560196));
#6029=CARTESIAN_POINT('Ctrl Pts',(-11.0581823024195,16.0000000000001,2.08683098453118));
#6030=CARTESIAN_POINT('Ctrl Pts',(-11.2093792755373,16.0000000000001,2.5685984534604));
#6031=CARTESIAN_POINT('Ctrl Pts',(-10.8634920469389,16.0000000000001,2.93646044373801));
#6032=CARTESIAN_POINT('Ctrl Pts',(-10.5176048183406,16.0000000000001,3.30432243401561));
#6033=CARTESIAN_POINT('Ctrl Pts',(-10.0274485827173,16.0000000000001,3.18304884464829));
#6034=CARTESIAN_POINT('Ctrl Pts',(-10.3096928070507,16.,1.99003372439932));
#6035=CARTESIAN_POINT('Ctrl Pts',(-10.5175219840775,16.,2.03388993770234));
#6036=CARTESIAN_POINT('Ctrl Pts',(-10.5811244007775,16.,2.23654991613629));
#6037=CARTESIAN_POINT('Ctrl Pts',(-10.6447268174774,16.,2.43920989457023));
#6038=CARTESIAN_POINT('Ctrl Pts',(-10.4992261292635,16.,2.59395447120598));
#6039=CARTESIAN_POINT('Ctrl Pts',(-10.3537254410495,16.,2.74869904784172));
#6040=CARTESIAN_POINT('Ctrl Pts',(-10.1475366496778,16.,2.69768418156108));
#6041=CARTESIAN_POINT('',(-10.8598664359975,15.5,1.75022883997942));
#6042=CARTESIAN_POINT('Origin',(-10.2347326078272,15.5,2.34526084824493));
#6043=CARTESIAN_POINT('',(-10.3096928070507,16.,1.99003372439925));
#6044=CARTESIAN_POINT('Origin',(-10.2347326078272,16.,2.34526084824493));
#6045=CARTESIAN_POINT('Ctrl Pts',(-10.3096928070507,16.,1.99003372439925));
#6046=CARTESIAN_POINT('Ctrl Pts',(-10.3105919413555,16.,1.98943680403598));
#6047=CARTESIAN_POINT('Ctrl Pts',(-10.311491974912,15.999998222648,1.98884124117392));
#6048=CARTESIAN_POINT('Ctrl Pts',(-10.327695997039,15.999933984148,1.97815362159331));
#6049=CARTESIAN_POINT('Ctrl Pts',(-10.343247260635,15.9993547730416,1.9684526364278));
#6050=CARTESIAN_POINT('Ctrl Pts',(-10.4329397639276,15.992665443023,1.91513842465897));
#6051=CARTESIAN_POINT('Ctrl Pts',(-10.5095380041976,15.9739388412932,1.87942070513106));
#6052=CARTESIAN_POINT('Ctrl Pts',(-10.6377379082914,15.909159314877,1.82617748667993));
#6053=CARTESIAN_POINT('Ctrl Pts',(-10.6896748378005,15.8707908841223,1.80706318975034));
#6054=CARTESIAN_POINT('Ctrl Pts',(-10.7735409908932,15.7785340248921,1.77777556045542));
#6055=CARTESIAN_POINT('Ctrl Pts',(-10.8058081046658,15.7273338415636,1.76732034119096));
#6056=CARTESIAN_POINT('Ctrl Pts',(-10.8488628648302,15.6164748153309,1.75359120245049));
#6057=CARTESIAN_POINT('Ctrl Pts',(-10.8598664359975,15.5586377127634,1.75022883997942));
#6058=CARTESIAN_POINT('Ctrl Pts',(-10.8598664359975,15.5,1.75022883997942));
#6059=CARTESIAN_POINT('Origin',(0.,15.5,0.));
#6060=CARTESIAN_POINT('',(-10.9077240295952,15.5,1.42181450765968));
#6061=CARTESIAN_POINT('Origin',(0.,15.5,0.));
#6062=CARTESIAN_POINT('',(-10.4488676901063,16.,1.03497052839819));
#6063=CARTESIAN_POINT('Origin',(0.,16.,0.));
#6064=CARTESIAN_POINT('Ctrl Pts',(-10.4488676901063,16.,1.03497052839821));
#6065=CARTESIAN_POINT('Ctrl Pts',(-10.4495590789304,16.,1.0357992249107));
#6066=CARTESIAN_POINT('Ctrl Pts',(-10.4502517170227,15.999998222648,1.03662687701316));
#6067=CARTESIAN_POINT('Ctrl Pts',(-10.4627317570779,15.999933984148,1.05149443046096));
#6068=CARTESIAN_POINT('Ctrl Pts',(-10.4748677569659,15.9993547730416,1.06523009278123));
#6069=CARTESIAN_POINT('Ctrl Pts',(-10.5456150430882,15.992665443023,1.14192410708349));
#6070=CARTESIAN_POINT('Ctrl Pts',(-10.6088344183174,15.9739388412932,1.19801649958346));
#6071=CARTESIAN_POINT('Ctrl Pts',(-10.716507943304,15.909159314877,1.28563195334386));
#6072=CARTESIAN_POINT('Ctrl Pts',(-10.7608299949131,15.8707908841223,1.31877341883806));
#6073=CARTESIAN_POINT('Ctrl Pts',(-10.832850088355,15.7785340248921,1.37077729374089));
#6074=CARTESIAN_POINT('Ctrl Pts',(-10.8607915217766,15.7273338415636,1.39000629630031));
#6075=CARTESIAN_POINT('Ctrl Pts',(-10.8981376400879,15.6164748153309,1.41545170984466));
#6076=CARTESIAN_POINT('Ctrl Pts',(-10.9077240295952,15.5586377127634,1.42181450765969));
#6077=CARTESIAN_POINT('Ctrl Pts',(-10.9077240295952,15.5,1.42181450765969));
#6078=CARTESIAN_POINT('Ctrl Pts',(-10.5188313056894,15.5,-0.188978805441626));
#6079=CARTESIAN_POINT('Ctrl Pts',(-11.0232130282709,15.5,-0.165325122344643));
#6080=CARTESIAN_POINT('Ctrl Pts',(-11.2497329770634,15.5,0.285949884272709));
#6081=CARTESIAN_POINT('Ctrl Pts',(-11.4762529258559,15.5,0.737224890890062));
#6082=CARTESIAN_POINT('Ctrl Pts',(-11.1938540590641,15.5,1.15580737837988));
#6083=CARTESIAN_POINT('Ctrl Pts',(-10.9114551922724,15.5,1.57438986586969));
#6084=CARTESIAN_POINT('Ctrl Pts',(-10.4081926993621,15.5,1.53331332721038));
#6085=CARTESIAN_POINT('Ctrl Pts',(-10.5188313056894,16.,-0.188978805441628));
#6086=CARTESIAN_POINT('Ctrl Pts',(-11.023213028271,16.,-0.165325122344646));
#6087=CARTESIAN_POINT('Ctrl Pts',(-11.2497329770634,16.,0.285949884272708));
#6088=CARTESIAN_POINT('Ctrl Pts',(-11.4762529258559,16.,0.737224890890062));
#6089=CARTESIAN_POINT('Ctrl Pts',(-11.1938540590641,16.,1.15580737837988));
#6090=CARTESIAN_POINT('Ctrl Pts',(-10.9114551922724,16.,1.57438986586969));
#6091=CARTESIAN_POINT('Ctrl Pts',(-10.4081926993621,16.,1.53331332721038));
#6092=CARTESIAN_POINT('Ctrl Pts',(-10.4954088515967,16.,0.310472281897541));
#6093=CARTESIAN_POINT('Ctrl Pts',(-10.7075817267143,16.,0.320422424270111));
#6094=CARTESIAN_POINT('Ctrl Pts',(-10.8028694555417,16.,0.510255464081078));
#6095=CARTESIAN_POINT('Ctrl Pts',(-10.898157184369,16.,0.700088503892044));
#6096=CARTESIAN_POINT('Ctrl Pts',(-10.7793634675973,16.,0.876169130664277));
#6097=CARTESIAN_POINT('Ctrl Pts',(-10.6605697508255,16.,1.05224975743651));
#6098=CARTESIAN_POINT('Ctrl Pts',(-10.4488676901063,16.,1.03497052839819));
#6099=CARTESIAN_POINT('',(-10.9999904678792,15.5,-0.0144812487644147));
#6100=CARTESIAN_POINT('Origin',(-10.4784018051972,15.5,0.673123769356325));
#6101=CARTESIAN_POINT('',(-10.4954088515967,16.,0.310472281897541));
#6102=CARTESIAN_POINT('Origin',(-10.4784018051972,16.,0.673123769356325));
#6103=CARTESIAN_POINT('Ctrl Pts',(-10.4954088515967,16.,0.310472281897541));
#6104=CARTESIAN_POINT('Ctrl Pts',(-10.4962005895881,16.,0.309738860210828));
#6105=CARTESIAN_POINT('Ctrl Pts',(-10.4969934329451,15.999998222648,0.309006634195577));
#6106=CARTESIAN_POINT('Ctrl Pts',(-10.5112732024939,15.999933984148,0.295858108538314));
#6107=CARTESIAN_POINT('Ctrl Pts',(-10.5250669338557,15.9993547730416,0.283788150469527));
#6108=CARTESIAN_POINT('Ctrl Pts',(-10.6050457417898,15.992665443023,0.216776654404075));
#6109=CARTESIAN_POINT('Ctrl Pts',(-10.6749225298271,15.9739388412932,0.169234248130082));
#6110=CARTESIAN_POINT('Ctrl Pts',(-10.7929214659642,15.909159314877,0.0961158045526963));
#6111=CARTESIAN_POINT('Ctrl Pts',(-10.8411196770236,15.8707908841223,0.0689177633618358));
#6112=CARTESIAN_POINT('Ctrl Pts',(-10.9192017193317,15.7785340248921,0.0265563241360293));
#6113=CARTESIAN_POINT('Ctrl Pts',(-10.9493738473417,15.7273338415636,0.0110604881652501));
#6114=CARTESIAN_POINT('Ctrl Pts',(-10.9896687509394,15.6164748153309,-0.00939733105931699));
#6115=CARTESIAN_POINT('Ctrl Pts',(-10.9999904678792,15.5586377127634,-0.0144812487644168));
#6116=CARTESIAN_POINT('Ctrl Pts',(-10.9999904678792,15.5,-0.0144812487644167));
#6117=CARTESIAN_POINT('Origin',(0.,15.5,0.));
#6118=CARTESIAN_POINT('',(-10.9945469545096,15.5,-0.346319599622449));
#6119=CARTESIAN_POINT('Origin',(0.,15.5,0.));
#6120=CARTESIAN_POINT('',(-10.4795785458986,16.,-0.654548317805282));
#6121=CARTESIAN_POINT('Origin',(0.,16.,0.));
#6122=CARTESIAN_POINT('Ctrl Pts',(-10.4795785458986,16.,-0.654548317805355));
#6123=CARTESIAN_POINT('Ctrl Pts',(-10.4803939136916,16.,-0.653841259258812));
#6124=CARTESIAN_POINT('Ctrl Pts',(-10.4812103470293,15.999998222648,-0.653135432003337));
#6125=CARTESIAN_POINT('Ctrl Pts',(-10.4959136971396,15.999933984148,-0.640462348674627));
#6126=CARTESIAN_POINT('Ctrl Pts',(-10.510095894202,15.9993547730416,-0.628851310860897));
#6127=CARTESIAN_POINT('Ctrl Pts',(-10.5922296066182,15.992665443023,-0.564499126685345));
#6128=CARTESIAN_POINT('Ctrl Pts',(-10.6636281600692,15.9739388412932,-0.51927421689177));
#6129=CARTESIAN_POINT('Ctrl Pts',(-10.783961848347,15.909159314877,-0.450065408304008));
#6130=CARTESIAN_POINT('Ctrl Pts',(-10.8330262059579,15.8707908841223,-0.424462873152603));
#6131=CARTESIAN_POINT('Ctrl Pts',(-10.9124556662876,15.7785340248921,-0.384685270208095));
#6132=CARTESIAN_POINT('Ctrl Pts',(-10.9431198144151,15.7273338415636,-0.370187399305714));
#6133=CARTESIAN_POINT('Ctrl Pts',(-10.9840640416814,15.6164748153309,-0.351062235857218));
#6134=CARTESIAN_POINT('Ctrl Pts',(-10.9945469545096,15.5586377127634,-0.346319599622447));
#6135=CARTESIAN_POINT('Ctrl Pts',(-10.9945469545096,15.5,-0.346319599622447));
#6136=CARTESIAN_POINT('Ctrl Pts',(-10.3523008706887,15.5,-1.87387078241649));
#6137=CARTESIAN_POINT('Ctrl Pts',(-10.8539453000352,15.5,-1.93143192646382));
#6138=CARTESIAN_POINT('Ctrl Pts',(-11.1499214768141,15.5,-1.52233716778587));
#6139=CARTESIAN_POINT('Ctrl Pts',(-11.4458976535931,15.5,-1.11324240910792));
#6140=CARTESIAN_POINT('Ctrl Pts',(-11.2343011309205,15.5,-0.654780490960622));
#6141=CARTESIAN_POINT('Ctrl Pts',(-11.0227046082479,15.5,-0.196318572813321));
#6142=CARTESIAN_POINT('Ctrl Pts',(-10.5193700922655,15.5,-0.156134199989856));
#6143=CARTESIAN_POINT('Ctrl Pts',(-10.3523008706887,16.0000000000001,-1.87387078241649));
#6144=CARTESIAN_POINT('Ctrl Pts',(-10.8539453000352,16.0000000000001,-1.93143192646382));
#6145=CARTESIAN_POINT('Ctrl Pts',(-11.1499214768141,16.0000000000001,-1.52233716778587));
#6146=CARTESIAN_POINT('Ctrl Pts',(-11.4458976535931,16.0000000000001,-1.11324240910792));
#6147=CARTESIAN_POINT('Ctrl Pts',(-11.2343011309205,16.0000000000001,-0.654780490960621));
#6148=CARTESIAN_POINT('Ctrl Pts',(-11.0227046082479,16.0000000000001,-0.196318572813319));
#6149=CARTESIAN_POINT('Ctrl Pts',(-10.5193700922655,16.0000000000001,-0.156134199989853));
#6150=CARTESIAN_POINT('Ctrl Pts',(-10.4092993198708,16.,-1.37713022962166));
#6151=CARTESIAN_POINT('Ctrl Pts',(-10.620320727063,16.,-1.40134386164043));
#6152=CARTESIAN_POINT('Ctrl Pts',(-10.7448258658933,16.,-1.22925433646891));
#6153=CARTESIAN_POINT('Ctrl Pts',(-10.8693310047237,16.,-1.0571648112974));
#6154=CARTESIAN_POINT('Ctrl Pts',(-10.7803209542592,16.,-0.864308530131249));
#6155=CARTESIAN_POINT('Ctrl Pts',(-10.6913109037948,16.,-0.671452248965102));
#6156=CARTESIAN_POINT('Ctrl Pts',(-10.4795785458986,16.,-0.654548317805355));
#6157=CARTESIAN_POINT('',(-10.855220524672,15.5,-1.7788162807719));
#6158=CARTESIAN_POINT('Origin',(-10.4506858998637,15.5,-1.01644686158296));
#6159=CARTESIAN_POINT('',(-10.4092993198708,16.,-1.37713022962173));
#6160=CARTESIAN_POINT('Origin',(-10.4506858998637,16.,-1.01644686158296));
#6161=CARTESIAN_POINT('Ctrl Pts',(-10.4092993198708,16.,-1.37713022962173));
#6162=CARTESIAN_POINT('Ctrl Pts',(-10.409963155951,16.,-1.37798115739557));
#6163=CARTESIAN_POINT('Ctrl Pts',(-10.4106282748818,15.999998222648,-1.37883108229459));
#6164=CARTESIAN_POINT('Ctrl Pts',(-10.4226139533237,15.999933984148,-1.39409997412223));
#6165=CARTESIAN_POINT('Ctrl Pts',(-10.4342929020531,15.9993547730416,-1.4082262995191));
#6166=CARTESIAN_POINT('Ctrl Pts',(-10.5024866055136,15.992665443023,-1.48719951733229));
#6167=CARTESIAN_POINT('Ctrl Pts',(-10.5638321692127,15.9739388412932,-1.54533528700279));
#6168=CARTESIAN_POINT('Ctrl Pts',(-10.6685740269293,15.909159314877,-1.63643522642514));
#6169=CARTESIAN_POINT('Ctrl Pts',(-10.7117852111899,15.8707908841223,-1.6710125968969));
#6170=CARTESIAN_POINT('Ctrl Pts',(-10.7820608588323,15.7785340248921,-1.7253507070291));
#6171=CARTESIAN_POINT('Ctrl Pts',(-10.8093565588128,15.7273338415636,-1.74548582569414));
#6172=CARTESIAN_POINT('Ctrl Pts',(-10.8458479890065,15.6164748153309,-1.77214247863088));
#6173=CARTESIAN_POINT('Ctrl Pts',(-10.855220524672,15.5586377127634,-1.7788162807719));
#6174=CARTESIAN_POINT('Ctrl Pts',(-10.855220524672,15.5,-1.7788162807719));
#6175=CARTESIAN_POINT('Origin',(0.,15.5,0.));
#6176=CARTESIAN_POINT('',(-10.796616888472,15.5,-2.10548421118768));
#6177=CARTESIAN_POINT('Origin',(0.,15.5,0.));
#6178=CARTESIAN_POINT('',(-10.2388738220214,16.,-2.32711470639601));
#6179=CARTESIAN_POINT('Origin',(0.,16.,0.));
#6180=CARTESIAN_POINT('Ctrl Pts',(-10.2388738220214,16.,-2.32711470639599));
#6181=CARTESIAN_POINT('Ctrl Pts',(-10.2397920511786,16.,-2.32654759826655));
#6182=CARTESIAN_POINT('Ctrl Pts',(-10.2407111345814,15.999998222648,-2.32598187640103));
#6183=CARTESIAN_POINT('Ctrl Pts',(-10.2572569856928,15.999933984148,-2.31583148940061));
#6184=CARTESIAN_POINT('Ctrl Pts',(-10.2731180684771,15.9993547730417,-2.30664579587246));
#6185=CARTESIAN_POINT('Ctrl Pts',(-10.364510987179,15.992665443023,-2.2563021295907));
#6186=CARTESIAN_POINT('Ctrl Pts',(-10.4422395338214,15.9739388412932,-2.22311600391169));
#6187=CARTESIAN_POINT('Ctrl Pts',(-10.5721168060723,15.909159314877,-2.17410631228528));
#6188=CARTESIAN_POINT('Ctrl Pts',(-10.6246527285951,15.8707908841223,-2.1567057996887));
#6189=CARTESIAN_POINT('Ctrl Pts',(-10.7094343745126,15.7785340248921,-2.13018468772456));
#6190=CARTESIAN_POINT('Ctrl Pts',(-10.7420270520165,15.7273338415636,-2.12079343572021));
#6191=CARTESIAN_POINT('Ctrl Pts',(-10.7855089542587,15.6164748153309,-2.1084838540549));
#6192=CARTESIAN_POINT('Ctrl Pts',(-10.796616888472,15.5586377127634,-2.10548421118767));
#6193=CARTESIAN_POINT('Ctrl Pts',(-10.796616888472,15.5,-2.10548421118767));
#6194=CARTESIAN_POINT('Ctrl Pts',(-9.91765128095063,15.5,-3.51023049042579));
#6195=CARTESIAN_POINT('Ctrl Pts',(-10.4035660898437,15.5,-3.64751565822207));
#6196=CARTESIAN_POINT('Ctrl Pts',(-10.7613328670996,15.5,-3.2911964868457));
#6197=CARTESIAN_POINT('Ctrl Pts',(-11.1190996443555,15.5,-2.93487731546933));
#6198=CARTESIAN_POINT('Ctrl Pts',(-10.9837857045928,15.5,-2.4484098895256));
#6199=CARTESIAN_POINT('Ctrl Pts',(-10.84847176483,15.5,-1.96194246358187));
#6200=CARTESIAN_POINT('Ctrl Pts',(-10.35810132535,15.5,-1.84153793342387));
#6201=CARTESIAN_POINT('Ctrl Pts',(-9.91765128095063,16.,-3.51023049042579));
#6202=CARTESIAN_POINT('Ctrl Pts',(-10.4035660898437,16.,-3.64751565822208));
#6203=CARTESIAN_POINT('Ctrl Pts',(-10.7613328670996,16.,-3.2911964868457));
#6204=CARTESIAN_POINT('Ctrl Pts',(-11.1190996443555,16.,-2.93487731546933));
#6205=CARTESIAN_POINT('Ctrl Pts',(-10.9837857045928,16.,-2.4484098895256));
#6206=CARTESIAN_POINT('Ctrl Pts',(-10.8484717648301,16.,-1.96194246358187));
#6207=CARTESIAN_POINT('Ctrl Pts',(-10.35810132535,16.,-1.84153793342387));
#6208=CARTESIAN_POINT('Ctrl Pts',(-10.0535944035135,16.,-3.02906579156702));
#6209=CARTESIAN_POINT('Ctrl Pts',(-10.2579989991785,16.,-3.08681607762668));
#6210=CARTESIAN_POINT('Ctrl Pts',(-10.4084969303158,16.,-2.93692709540202));
#6211=CARTESIAN_POINT('Ctrl Pts',(-10.558994861453,16.,-2.78703811317736));
#6212=CARTESIAN_POINT('Ctrl Pts',(-10.502073790848,16.,-2.58240105399669));
#6213=CARTESIAN_POINT('Ctrl Pts',(-10.4451527202429,16.,-2.37776399481602));
#6214=CARTESIAN_POINT('Ctrl Pts',(-10.2388738220214,16.,-2.32711470639601));
#6215=CARTESIAN_POINT('',(-10.4293060718607,15.5,-3.49708090547659));
#6216=CARTESIAN_POINT('Origin',(-10.1523027192164,15.5,-2.67969205272221));
#6217=CARTESIAN_POINT('',(-10.0535944035135,16.,-3.02906579156702));
#6218=CARTESIAN_POINT('Origin',(-10.1523027192164,16.,-2.67969205272221));
#6219=CARTESIAN_POINT('Ctrl Pts',(-10.0535944035135,16.,-3.02906579156702));
#6220=CARTESIAN_POINT('Ctrl Pts',(-10.0541131446768,16.,-3.03001218684565));
#6221=CARTESIAN_POINT('Ctrl Pts',(-10.0546333129503,15.999998222648,-3.03095779801994));
#6222=CARTESIAN_POINT('Ctrl Pts',(-10.0640144775092,15.999933984148,-3.04795159973976));
#6223=CARTESIAN_POINT('Ctrl Pts',(-10.073276164969,15.9993547730416,-3.06376842805742));
#6224=CARTESIAN_POINT('Ctrl Pts',(-10.127918582857,15.992665443023,-3.15265800275961));
#6225=CARTESIAN_POINT('Ctrl Pts',(-10.1791441043414,15.9739388412932,-3.21988144992953));
#6226=CARTESIAN_POINT('Ctrl Pts',(-10.267916124541,15.909159314877,-3.32660344461843));
#6227=CARTESIAN_POINT('Ctrl Pts',(-10.3050211350282,15.8707908841223,-3.36766460863853));
#6228=CARTESIAN_POINT('Ctrl Pts',(-10.365670285645,15.7785340248921,-3.43257206116718));
#6229=CARTESIAN_POINT('Ctrl Pts',(-10.3893826133044,15.7273338415636,-3.45682497352955));
#6230=CARTESIAN_POINT('Ctrl Pts',(-10.4211254612201,15.6164748153309,-3.4889900668695));
#6231=CARTESIAN_POINT('Ctrl Pts',(-10.4293060718607,15.5586377127634,-3.49708090547659));
#6232=CARTESIAN_POINT('Ctrl Pts',(-10.4293060718607,15.5,-3.49708090547659));
#6233=CARTESIAN_POINT('Origin',(0.,15.5,0.));
#6234=CARTESIAN_POINT('',(-10.3190601162248,15.5,-3.8101178876431));
#6235=CARTESIAN_POINT('Origin',(0.,15.5,0.));
#6236=CARTESIAN_POINT('',(-9.73298764438678,16.,-3.93941004646818));
#6237=CARTESIAN_POINT('Origin',(0.,16.,0.));
#6238=CARTESIAN_POINT('Ctrl Pts',(-9.73298764438677,16.,-3.93941004646819));
#6239=CARTESIAN_POINT('Ctrl Pts',(-9.73398495326033,16.,-3.93899757655471));
#6240=CARTESIAN_POINT('Ctrl Pts',(-9.73498288294073,15.999998222648,-3.93858661198577));
#6241=CARTESIAN_POINT('Ctrl Pts',(-9.7529427062069,15.999933984148,-3.93122181100034));
#6242=CARTESIAN_POINT('Ctrl Pts',(-9.77007188099952,15.9993547730417,-3.92469936639599));
#6243=CARTESIAN_POINT('Ctrl Pts',(-9.86835697739869,15.992665443023,-3.88966809252072));
#6244=CARTESIAN_POINT('Ctrl Pts',(-9.95040238870348,15.9739388412932,-3.86938025417942));
#6245=CARTESIAN_POINT('Ctrl Pts',(-10.0864594917978,15.909159314877,-3.84183900478385));
#6246=CARTESIAN_POINT('Ctrl Pts',(-10.141106326435,15.8707908841223,-3.83309117887829));
#6247=CARTESIAN_POINT('Ctrl Pts',(-10.2290443578447,15.7785340248921,-3.82051344076348));
#6248=CARTESIAN_POINT('Ctrl Pts',(-10.2627214314979,15.7273338415636,-3.81647203615109));
#6249=CARTESIAN_POINT('Ctrl Pts',(-10.3076148502877,15.6164748153309,-3.81129684796817));
#6250=CARTESIAN_POINT('Ctrl Pts',(-10.3190601162248,15.5586377127634,-3.8101178876431));
#6251=CARTESIAN_POINT('Ctrl Pts',(-10.3190601162248,15.5,-3.8101178876431));
#6252=CARTESIAN_POINT('Ctrl Pts',(-9.22613973253838,15.5,-5.05567707257228));
#6253=CARTESIAN_POINT('Ctrl Pts',(-9.68373998266695,15.5,-5.26913065038419));
#6254=CARTESIAN_POINT('Ctrl Pts',(-10.0940313887952,15.5,-4.97481554568219));
#6255=CARTESIAN_POINT('Ctrl Pts',(-10.5043227949234,15.5,-4.68050044098019));
#6256=CARTESIAN_POINT('Ctrl Pts',(-10.4487959980333,15.5,-4.1786267580424));
#6257=CARTESIAN_POINT('Ctrl Pts',(-10.3932692011431,15.5,-3.6767530751046));
#6258=CARTESIAN_POINT('Ctrl Pts',(-9.92856317496816,15.5,-3.47924680169757));
#6259=CARTESIAN_POINT('Ctrl Pts',(-9.22613973253838,16.,-5.05567707257228));
#6260=CARTESIAN_POINT('Ctrl Pts',(-9.68373998266695,16.,-5.26913065038419));
#6261=CARTESIAN_POINT('Ctrl Pts',(-10.0940313887952,16.,-4.97481554568219));
#6262=CARTESIAN_POINT('Ctrl Pts',(-10.5043227949234,16.,-4.68050044098019));
#6263=CARTESIAN_POINT('Ctrl Pts',(-10.4487959980333,16.,-4.1786267580424));
#6264=CARTESIAN_POINT('Ctrl Pts',(-10.3932692011431,16.,-3.6767530751046));
#6265=CARTESIAN_POINT('Ctrl Pts',(-9.92856317496816,16.,-3.47924680169757));
#6266=CARTESIAN_POINT('Ctrl Pts',(-9.43750667301539,16.,-4.60255014060575));
#6267=CARTESIAN_POINT('Ctrl Pts',(-9.63000048549417,16.,-4.69234137863219));
#6268=CARTESIAN_POINT('Ctrl Pts',(-9.80259339157478,16.,-4.56853498526098));
#6269=CARTESIAN_POINT('Ctrl Pts',(-9.97518629765539,16.,-4.44472859188977));
#6270=CARTESIAN_POINT('Ctrl Pts',(-9.95182843273919,16.,-4.2336107470365));
#6271=CARTESIAN_POINT('Ctrl Pts',(-9.92847056782299,16.,-4.02249290218322));
#6272=CARTESIAN_POINT('Ctrl Pts',(-9.73298764438677,16.,-3.93941004646819));
#6273=CARTESIAN_POINT('Origin',(-9.59098023090063,15.5,-4.27353462727342));
#6274=CARTESIAN_POINT('Origin',(-9.59098023090063,16.,-4.27353462727342));
#6275=CARTESIAN_POINT('Origin',(0.,0.,0.));
#6276=CARTESIAN_POINT('',(9.10738609008082,-2.,6.16891551297329));
#6277=CARTESIAN_POINT('',(9.10738609008081,0.,6.16891551297329));
#6278=CARTESIAN_POINT('',(9.28934315194355,-2.,5.891358400695));
#6279=CARTESIAN_POINT('Origin',(0.,-2.,0.));
#6280=CARTESIAN_POINT('',(9.28934315194355,0.,5.891358400695));
#6281=CARTESIAN_POINT('Origin',(8.28955999810617,0.,6.44462528296483));
#6282=CARTESIAN_POINT('',(8.22400825081197,-2.,7.30518229003059));
#6283=CARTESIAN_POINT('',(8.22400825081197,0.,7.3051822900306));
#6284=CARTESIAN_POINT('Origin',(8.28955999810617,-2.,6.44462528296483));
#6285=CARTESIAN_POINT('Origin',(0.,0.,0.));
#6286=CARTESIAN_POINT('',(7.99988419321979,-2.,7.54995714524739));
#6287=CARTESIAN_POINT('',(7.99988419321979,0.,7.54995714524739));
#6288=CARTESIAN_POINT('Origin',(0.,-2.,0.));
#6289=CARTESIAN_POINT('Origin',(7.14842177699474,0.,7.69090801519684));
#6290=CARTESIAN_POINT('',(6.94567585585708,-2.,8.52980579529007));
#6291=CARTESIAN_POINT('',(6.94567585585708,0.,8.52980579529007));
#6292=CARTESIAN_POINT('Origin',(7.14842177699474,-2.,7.69090801519684));
#6293=CARTESIAN_POINT('Origin',(0.,0.,0.));
#6294=CARTESIAN_POINT('',(6.68518949790015,-2.,8.73545885326956));
#6295=CARTESIAN_POINT('',(6.68518949790015,0.,8.73545885326956));
#6296=CARTESIAN_POINT('Origin',(0.,-2.,0.));
#6297=CARTESIAN_POINT('Origin',(5.82214318675229,0.,8.7380002696833));
#6298=CARTESIAN_POINT('',(5.48745410463111,-2.,9.53351181095231));
#6299=CARTESIAN_POINT('',(5.48745410463111,0.,9.53351181095231));
#6300=CARTESIAN_POINT('Origin',(5.82214318675229,-2.,8.7380002696833));
#6301=CARTESIAN_POINT('Origin',(0.,0.,0.));
#6302=CARTESIAN_POINT('',(5.19735190615332,-2.,9.69471676551741));
#6303=CARTESIAN_POINT('',(5.19735190615332,0.,9.69471676551741));
#6304=CARTESIAN_POINT('Origin',(0.,-2.,0.));
#6305=CARTESIAN_POINT('Origin',(4.34507414620403,0.,9.55878290704527));
#6306=CARTESIAN_POINT('',(3.88711017452219,-2.,10.2903048784342));
#6307=CARTESIAN_POINT('',(3.88711017452219,0.,10.2903048784342));
#6308=CARTESIAN_POINT('Origin',(4.34507414620403,-2.,9.55878290704527));
#6309=CARTESIAN_POINT('Origin',(0.,0.,0.));
#6310=CARTESIAN_POINT('',(3.57490563008045,-2.,10.4028866059387));
#6311=CARTESIAN_POINT('',(3.57490563008045,0.,10.4028866059387));
#6312=CARTESIAN_POINT('Origin',(0.,-2.,0.));
#6313=CARTESIAN_POINT('Origin',(2.7554699676315,0.,10.1319980881124));
#6314=CARTESIAN_POINT('',(2.18609213269815,-2.,10.780584454813));
#6315=CARTESIAN_POINT('',(2.18609213269815,0.,10.780584454813));
#6316=CARTESIAN_POINT('Origin',(2.7554699676315,-2.,10.1319980881124));
#6317=CARTESIAN_POINT('Origin',(0.,0.,0.));
#6318=CARTESIAN_POINT('',(1.85987117599999,-2.,10.8416271476511));
#6319=CARTESIAN_POINT('',(1.85987117599999,0.,10.8416271476511));
#6320=CARTESIAN_POINT('Origin',(0.,-2.,0.));
#6321=CARTESIAN_POINT('Origin',(1.09450056427907,0.,10.442799840791));
#6322=CARTESIAN_POINT('',(0.428455452938576,-2.,10.9916525565925));
#6323=CARTESIAN_POINT('',(0.428455452938577,0.,10.9916525565925));
#6324=CARTESIAN_POINT('Origin',(1.09450056427907,-2.,10.442799840791));
#6325=CARTESIAN_POINT('Origin',(0.,0.,0.));
#6326=CARTESIAN_POINT('',(0.0966670354065026,-2.,10.9995752410839));
#6327=CARTESIAN_POINT('',(0.0966670354065026,0.,10.9995752410839));
#6328=CARTESIAN_POINT('Origin',(0.,-2.,0.));
#6329=CARTESIAN_POINT('Origin',(-0.594815828773495,0.,10.4831385629435));
#6330=CARTESIAN_POINT('',(-1.34027799799482,-2.,10.9180426308057));
#6331=CARTESIAN_POINT('',(-1.34027799799482,0.,10.9180426308057));
#6332=CARTESIAN_POINT('Origin',(-0.594815828773495,-2.,10.4831385629435));
#6333=CARTESIAN_POINT('Origin',(0.,0.,0.));
#6334=CARTESIAN_POINT('',(-1.66904073062716,-2.,10.8726401135836));
#6335=CARTESIAN_POINT('',(-1.66904073062716,0.,10.8726401135836));
#6336=CARTESIAN_POINT('Origin',(0.,-2.,0.));
#6337=CARTESIAN_POINT('Origin',(-2.26872680430321,0.,10.2519695028549));
#6338=CARTESIAN_POINT('',(-3.07429895279578,-2.,10.5616611358649));
#6339=CARTESIAN_POINT('',(-3.07429895279578,0.,10.5616611358649));
#6340=CARTESIAN_POINT('Origin',(-2.26872680430321,-2.,10.2519695028549));
#6341=CARTESIAN_POINT('Origin',(0.,0.,0.));
#6342=CARTESIAN_POINT('',(-3.39152121844432,-2.,10.4641093182765));
#6343=CARTESIAN_POINT('',(-3.39152121844432,0.,10.4641093182765));
#6344=CARTESIAN_POINT('Origin',(0.,-2.,0.));
#6345=CARTESIAN_POINT('Origin',(-3.88387894730881,0.,9.75527981775423));
#6346=CARTESIAN_POINT('',(-4.72869717957424,-2.,9.93173816529043));
#6347=CARTESIAN_POINT('',(-4.72869717957424,0.,9.93173816529043));
#6348=CARTESIAN_POINT('Origin',(-3.88387894730881,-2.,9.75527981775423));
#6349=CARTESIAN_POINT('Origin',(0.,0.,0.));
#6350=CARTESIAN_POINT('',(-5.02616308818788,-2.,9.78456358816977));
#6351=CARTESIAN_POINT('',(-5.02616308818788,0.,9.78456358816977));
#6352=CARTESIAN_POINT('Origin',(0.,-2.,0.));
#6353=CARTESIAN_POINT('Origin',(-5.39844066568683,0.,9.00593350958635));
#6354=CARTESIAN_POINT('',(-6.26062463327206,-2.,9.04458839313692));
#6355=CARTESIAN_POINT('',(-6.26062463327206,0.,9.04458839313692));
#6356=CARTESIAN_POINT('Origin',(-5.39844066568683,-2.,9.00593350958635));
#6357=CARTESIAN_POINT('Origin',(0.,0.,0.));
#6358=CARTESIAN_POINT('',(-6.53062997406935,-2.,8.85160280072411));
#6359=CARTESIAN_POINT('',(-6.53062997406935,0.,8.85160280072411));
#6360=CARTESIAN_POINT('Origin',(0.,-2.,0.));
#6361=CARTESIAN_POINT('Origin',(-6.77318560649395,0.,8.02333825411934));
#6362=CARTESIAN_POINT('',(-7.63040519752289,-2.,7.9231885325048));
#6363=CARTESIAN_POINT('',(-7.63040519752289,0.,7.9231885325048));
#6364=CARTESIAN_POINT('Origin',(-6.77318560649395,-2.,8.02333825411934));
#6365=CARTESIAN_POINT('Origin',(0.,0.,0.));
#6366=CARTESIAN_POINT('',(-7.86595697400447,-2.,7.68939015027268));
#6367=CARTESIAN_POINT('',(-7.86595697400447,0.,7.68939015027268));
#6368=CARTESIAN_POINT('Origin',(0.,-2.,0.));
#6369=CARTESIAN_POINT('Origin',(-7.97250859788353,0.,6.83294275233627));
#6370=CARTESIAN_POINT('',(-8.80256227522528,-2.,6.59658225074021));
#6371=CARTESIAN_POINT('',(-8.80256227522528,0.,6.59658225074021));
#6372=CARTESIAN_POINT('Origin',(-7.97250859788353,-2.,6.83294275233627));
#6373=CARTESIAN_POINT('Origin',(0.,0.,0.));
#6374=CARTESIAN_POINT('',(-8.99755982010992,-2.,6.32802633397994));
#6375=CARTESIAN_POINT('',(-8.99755982010992,0.,6.32802633397994));
#6376=CARTESIAN_POINT('Origin',(0.,-2.,0.));
#6377=CARTESIAN_POINT('Origin',(-8.96534780435397,0.,5.46557762244734));
#6378=CARTESIAN_POINT('',(-9.7467376137725,-2.,5.09912795370663));
#6379=CARTESIAN_POINT('',(-9.7467376137725,0.,5.09912795370663));
#6380=CARTESIAN_POINT('Origin',(-8.96534780435397,-2.,5.46557762244734));
#6381=CARTESIAN_POINT('Origin',(0.,0.,0.));
#6382=CARTESIAN_POINT('',(-9.89613059307519,-2.,4.80276995959637));
#6383=CARTESIAN_POINT('',(-9.89613059307519,0.,4.80276995959637));
#6384=CARTESIAN_POINT('Origin',(0.,-2.,0.));
#6385=CARTESIAN_POINT('Origin',(-9.72598921197211,0.,3.95665690307281));
#6386=CARTESIAN_POINT('',(-10.4384775678487,-2.,3.46960892112069));
#6387=CARTESIAN_POINT('',(-10.4384775678487,0.,3.46960892112069));
#6388=CARTESIAN_POINT('Origin',(-9.72598921197211,-2.,3.95665690307281));
#6389=CARTESIAN_POINT('Origin',(0.,0.,0.));
#6390=CARTESIAN_POINT('',(-10.538396781878,-2.,3.15312436603822));
#6391=CARTESIAN_POINT('',(-10.538396781878,0.,3.15312436603822));
#6392=CARTESIAN_POINT('Origin',(0.,-2.,0.));
#6393=CARTESIAN_POINT('Origin',(-10.2347326078272,0.,2.34526084824493));
#6394=CARTESIAN_POINT('',(-10.8598664359975,-2.,1.75022883997942));
#6395=CARTESIAN_POINT('',(-10.8598664359975,0.,1.75022883997942));
#6396=CARTESIAN_POINT('Origin',(-10.2347326078272,-2.,2.34526084824493));
#6397=CARTESIAN_POINT('Origin',(0.,0.,0.));
#6398=CARTESIAN_POINT('',(-10.9077240295952,-2.,1.42181450765968));
#6399=CARTESIAN_POINT('',(-10.9077240295952,0.,1.42181450765968));
#6400=CARTESIAN_POINT('Origin',(0.,-2.,0.));
#6401=CARTESIAN_POINT('Origin',(-10.4784018051972,0.,0.673123769356325));
#6402=CARTESIAN_POINT('',(-10.9999904678792,-2.,-0.0144812487644153));
#6403=CARTESIAN_POINT('',(-10.9999904678792,0.,-0.0144812487644147));
#6404=CARTESIAN_POINT('Origin',(-10.4784018051972,-2.,0.673123769356325));
#6405=CARTESIAN_POINT('Origin',(0.,0.,0.));
#6406=CARTESIAN_POINT('',(-10.9945469545096,-2.,-0.346319599622449));
#6407=CARTESIAN_POINT('',(-10.9945469545096,0.,-0.346319599622449));
#6408=CARTESIAN_POINT('Origin',(0.,-2.,0.));
#6409=CARTESIAN_POINT('Origin',(-10.4506858998637,0.,-1.01644686158296));
#6410=CARTESIAN_POINT('',(-10.855220524672,-2.,-1.7788162807719));
#6411=CARTESIAN_POINT('',(-10.855220524672,0.,-1.7788162807719));
#6412=CARTESIAN_POINT('Origin',(-10.4506858998637,-2.,-1.01644686158296));
#6413=CARTESIAN_POINT('Origin',(0.,0.,0.));
#6414=CARTESIAN_POINT('',(-10.796616888472,-2.,-2.10548421118768));
#6415=CARTESIAN_POINT('',(-10.796616888472,0.,-2.10548421118768));
#6416=CARTESIAN_POINT('Origin',(0.,-2.,0.));
#6417=CARTESIAN_POINT('Origin',(-10.1523027192164,0.,-2.67969205272221));
#6418=CARTESIAN_POINT('',(-10.4293060718607,-2.,-3.49708090547659));
#6419=CARTESIAN_POINT('',(-10.4293060718607,0.,-3.49708090547659));
#6420=CARTESIAN_POINT('Origin',(-10.1523027192164,-2.,-2.67969205272221));
#6421=CARTESIAN_POINT('Origin',(0.,0.,0.));
#6422=CARTESIAN_POINT('',(-10.3190601162248,-2.,-3.8101178876431));
#6423=CARTESIAN_POINT('',(-10.3190601162248,0.,-3.8101178876431));
#6424=CARTESIAN_POINT('Origin',(0.,-2.,0.));
#6425=CARTESIAN_POINT('Origin',(-9.59098023090063,0.,-4.27353462727342));
#6426=CARTESIAN_POINT('',(-9.7332780700506,-2.,-5.12477297166149));
#6427=CARTESIAN_POINT('',(-9.7332780700506,0.,-5.12477297166149));
#6428=CARTESIAN_POINT('Origin',(-9.59098023090063,-2.,-4.27353462727342));
#6429=CARTESIAN_POINT('Origin',(0.,0.,0.));
#6430=CARTESIAN_POINT('',(-9.57424510732024,-2.,-5.41607151217138));
#6431=CARTESIAN_POINT('',(-9.57424510732024,0.,-5.41607151217138));
#6432=CARTESIAN_POINT('Origin',(0.,-2.,0.));
#6433=CARTESIAN_POINT('Origin',(0.0100928658707899,16.,-0.00693460030689597));
#6434=CARTESIAN_POINT('Origin',(0.,0.2,0.));
#6435=CARTESIAN_POINT('',(-4.04133443718627E-16,0.,-3.3));
#6436=CARTESIAN_POINT('Origin',(0.,0.,0.));
#6437=CARTESIAN_POINT('Origin',(-4.04133443718627E-16,0.2,-3.3));
#6438=CARTESIAN_POINT('Origin',(0.0100928658707899,0.,-0.00693460030689597));
#6439=CARTESIAN_POINT('',(-6.49062803548097E-16,0.,5.3));
#6440=CARTESIAN_POINT('Origin',(0.,0.,0.));
#6441=CARTESIAN_POINT('Origin',(0.,0.2,0.));
#6442=CARTESIAN_POINT('',(-6.73555739531044E-16,0.2,5.5));
#6443=CARTESIAN_POINT('Origin',(-6.49062803548097E-16,0.2,5.3));
#6444=CARTESIAN_POINT('',(-5.5,0.2,-6.73555739531044E-16));
#6445=CARTESIAN_POINT('Origin',(0.,0.2,0.));
#6446=CARTESIAN_POINT('Origin',(0.,0.2,0.));
#6447=CARTESIAN_POINT('Origin',(0.,0.,0.));
#6448=CARTESIAN_POINT('',(-5.5,11.9315250265,6.73555739531044E-16));
#6449=CARTESIAN_POINT('',(-5.5,0.,6.73555739531044E-16));
#6450=CARTESIAN_POINT('',(-6.73555739531044E-16,11.9315250265,5.5));
#6451=CARTESIAN_POINT('Origin',(0.,11.9315250265,0.));
#6452=CARTESIAN_POINT('Origin',(0.,11.9315250265,0.));
#6453=CARTESIAN_POINT('Origin',(0.0100928658707899,-2.,-0.00693460030689597));
#6454=CARTESIAN_POINT('',(-1.3115266696819,-2.,-10.9215336741097));
#6455=CARTESIAN_POINT('',(-0.98145165098857,-2.,-10.9561285432753));
#6456=CARTESIAN_POINT('Origin',(0.,-2.,0.));
#6457=CARTESIAN_POINT('',(0.457394461828955,-2.,-10.9904863544016));
#6458=CARTESIAN_POINT('Origin',(-0.250655165218155,-2.,-10.4970077635572));
#6459=CARTESIAN_POINT('',(0.788744502994382,-2.,-10.9716854725697));
#6460=CARTESIAN_POINT('Origin',(0.,-2.,0.));
#6461=CARTESIAN_POINT('',(2.2144693170367,-2.,-10.7747912111513));
#6462=CARTESIAN_POINT('Origin',(1.43642921386594,-2.,-10.4012821860376));
#6463=CARTESIAN_POINT('',(2.53851258865819,-2.,-10.7030815112856));
#6464=CARTESIAN_POINT('Origin',(0.,-2.,0.));
#6465=CARTESIAN_POINT('',(3.91419058014038,-2.,-10.2800346352695));
#6466=CARTESIAN_POINT('Origin',(3.08631083083245,-2.,-10.0361688634418));
#6467=CARTESIAN_POINT('',(4.22253453169505,-2.,-10.1572733609292));
#6468=CARTESIAN_POINT('Origin',(0.,-2.,0.));
#6469=CARTESIAN_POINT('',(5.51253636324813,-2.,-9.51903056218789));
#6470=CARTESIAN_POINT('Origin',(4.65625861844487,-2.,-9.41112403903963));
#6471=CARTESIAN_POINT('',(5.79719504835632,-2.,-9.34839716589496));
#6472=CARTESIAN_POINT('Origin',(0.,-2.,0.));
#6473=CARTESIAN_POINT('',(6.96811035014984,-2.,-8.51148859766226));
#6474=CARTESIAN_POINT('Origin',(6.10561175365966,-2.,-8.54233604546231));
#6475=CARTESIAN_POINT('',(7.22171125839158,-2.,-8.29740239475104));
#6476=CARTESIAN_POINT('Origin',(0.,-2.,0.));
#6477=CARTESIAN_POINT('',(8.24321393916258,-2.,-7.28350354933639));
#6478=CARTESIAN_POINT('Origin',(7.39683275158492,-2.,-7.45230603539014));
#6479=CARTESIAN_POINT('',(8.45918894022485,-2.,-7.03150926000796));
#6480=CARTESIAN_POINT('Origin',(0.,-2.,0.));
#6481=CARTESIAN_POINT('',(9.30482261711203,-2.,-5.86687958493103));
#6482=CARTESIAN_POINT('Origin',(8.49647966662156,-2.,-6.16926521351757));
#6483=CARTESIAN_POINT('',(9.47757807191374,-2.,-5.58350372891251));
#6484=CARTESIAN_POINT('Origin',(0.,-2.,0.));
#6485=CARTESIAN_POINT('',(10.1254412768766,-2.,-4.298306521006));
#6486=CARTESIAN_POINT('Origin',(9.37607222128807,-2.,-4.72644366318079));
#6487=CARTESIAN_POINT('',(10.2505029098827,-2.,-3.99088838411775));
#6488=CARTESIAN_POINT('Origin',(0.,-2.,0.));
#6489=CARTESIAN_POINT('',(10.6838163262197,-2.,-2.61840957598341));
#6490=CARTESIAN_POINT('Origin',(10.0128294304473,-2.,-3.16120970465421));
#6491=CARTESIAN_POINT('',(10.7579451068271,-2.,-2.29491112649154));
#6492=CARTESIAN_POINT('Origin',(0.,-2.,0.));
#6493=CARTESIAN_POINT('',(10.9654861446641,-2.,-0.870697198330097));
#6494=CARTESIAN_POINT('Origin',(10.3902596168552,-2.,-1.51410207528412));
#6495=CARTESIAN_POINT('',(10.9867621763932,-2.,-0.539496876150527));
#6496=CARTESIAN_POINT('Origin',(0.,-2.,0.));
#6497=CARTESIAN_POINT('',(10.9631556318665,-2.,0.899565779403775));
#6498=CARTESIAN_POINT('Origin',(10.4985875369387,-2.,0.1722200025146));
#6499=CARTESIAN_POINT('',(10.9310278766712,-2.,1.22989005989812));
#6500=CARTESIAN_POINT('Origin',(0.,-2.,0.));
#6501=CARTESIAN_POINT('',(10.6768851468842,-2.,2.64653047597125));
#6502=CARTESIAN_POINT('Origin',(10.3350075544698,-2.,1.85408167271121));
#6503=CARTESIAN_POINT('',(10.5921856967482,-2.,2.96742348942691));
#6504=CARTESIAN_POINT('Origin',(0.,-2.,0.));
#6505=CARTESIAN_POINT('',(10.1140889449072,-2.,4.32495142336954));
#6506=CARTESIAN_POINT('Origin',(9.90375630506973,-2.,3.48792360148886));
#6507=CARTESIAN_POINT('',(9.97901147109849,-2.,4.62810220929537));
#6508=CARTESIAN_POINT('Origin',(0.,-2.,0.));
#6509=CARTESIAN_POINT('Origin',(9.21600296957213,-2.,5.03143014110991));
#6510=CARTESIAN_POINT('',(-8.78516327888183,-2.,-6.61973610979972));
#6511=CARTESIAN_POINT('Origin',(-8.78125639251458,-2.,-5.75669489976267));
#6512=CARTESIAN_POINT('',(-8.58146217925556,-2.,-6.88175172946586));
#6513=CARTESIAN_POINT('Origin',(0.,-2.,0.));
#6514=CARTESIAN_POINT('',(-7.60951737342392,-2.,-7.94325155988148));
#6515=CARTESIAN_POINT('Origin',(-7.7441026261441,-2.,-7.09075979820073));
#6516=CARTESIAN_POINT('',(-7.36642388838279,-2.,-8.169198191785));
#6517=CARTESIAN_POINT('Origin',(0.,-2.,0.));
#6518=CARTESIAN_POINT('',(-6.23678896508985,-2.,-9.06104096696034));
#6519=CARTESIAN_POINT('Origin',(-6.50638066954639,-2.,-8.24117774247011));
#6520=CARTESIAN_POINT('',(-5.9605990882053,-2.,-9.24506671201924));
#6521=CARTESIAN_POINT('Origin',(0.,-2.,0.));
#6522=CARTESIAN_POINT('',(-4.70253099859443,-2.,-9.9441541725407));
#6523=CARTESIAN_POINT('Origin',(-5.10014687125191,-2.,-9.17815351210095));
#6524=CARTESIAN_POINT('',(-4.40039790260189,-2.,-10.0814928606222));
#6525=CARTESIAN_POINT('Origin',(0.,-2.,0.));
#6526=CARTESIAN_POINT('',(-3.04647994936126,-2.,-10.569719008476));
#6527=CARTESIAN_POINT('Origin',(-3.56182194797586,-2.,-9.87741992683054));
#6528=CARTESIAN_POINT('',(-2.72622872274374,-2.,-10.6568136396996));
#6529=CARTESIAN_POINT('Origin',(0.,-2.,0.));
#6530=CARTESIAN_POINT('Origin',(-1.9312477071862,-2.,-10.3208663538251));
#6531=CARTESIAN_POINT('',(-9.636949947,-2.,2.22044604925031E-15));
#6532=CARTESIAN_POINT('Origin',(0.,-2.,0.));
#6533=CARTESIAN_POINT('Origin',(1.12367786067423,2.8,-1.34708497308979));
#6534=CARTESIAN_POINT('',(0.117887958531695,2.8,-2.14332190458268));
#6535=CARTESIAN_POINT('Origin',(-0.852644278651538,0.,-2.98043582955292));
#6536=CARTESIAN_POINT('Origin',(0.,0.,0.));
#6537=CARTESIAN_POINT('',(-9.636949947,11.9315250265,-1.18018599061368E-15));
#6538=CARTESIAN_POINT('',(-9.636949947,0.,1.18018599061368E-15));
#6539=CARTESIAN_POINT('',(-1.18018599061368E-15,11.9315250265,9.636949947));
#6540=CARTESIAN_POINT('Origin',(0.,11.9315250265,0.));
#6541=CARTESIAN_POINT('Origin',(0.,11.9315250265,0.));
#6542=CARTESIAN_POINT('Origin',(0.,11.9315250265,0.));
#6543=CARTESIAN_POINT('Origin',(-9.26870865072362E-16,11.9315250265,7.5684749735));
#6544=CARTESIAN_POINT('Origin',(-0.250655165218155,0.,-10.4970077635572));
#6545=CARTESIAN_POINT('',(0.457394461828955,0.,-10.9904863544016));
#6546=CARTESIAN_POINT('',(-0.98145165098857,0.,-10.9561285432753));
#6547=CARTESIAN_POINT('Origin',(0.,0.,0.));
#6548=CARTESIAN_POINT('',(0.788744502994382,0.,-10.9716854725697));
#6549=CARTESIAN_POINT('Origin',(1.43642921386594,0.,-10.4012821860376));
#6550=CARTESIAN_POINT('',(2.2144693170367,0.,-10.7747912111513));
#6551=CARTESIAN_POINT('Origin',(0.,0.,0.));
#6552=CARTESIAN_POINT('',(2.53851258865819,0.,-10.7030815112856));
#6553=CARTESIAN_POINT('Origin',(3.08631083083245,0.,-10.0361688634418));
#6554=CARTESIAN_POINT('',(3.91419058014038,0.,-10.2800346352695));
#6555=CARTESIAN_POINT('Origin',(0.,0.,0.));
#6556=CARTESIAN_POINT('',(4.22253453169505,0.,-10.1572733609292));
#6557=CARTESIAN_POINT('Origin',(4.65625861844487,0.,-9.41112403903963));
#6558=CARTESIAN_POINT('',(5.51253636324813,0.,-9.51903056218789));
#6559=CARTESIAN_POINT('Origin',(0.,0.,0.));
#6560=CARTESIAN_POINT('',(5.79719504835632,0.,-9.34839716589496));
#6561=CARTESIAN_POINT('Origin',(6.10561175365966,0.,-8.54233604546231));
#6562=CARTESIAN_POINT('',(6.96811035014984,0.,-8.51148859766226));
#6563=CARTESIAN_POINT('Origin',(0.,0.,0.));
#6564=CARTESIAN_POINT('',(7.22171125839158,0.,-8.29740239475104));
#6565=CARTESIAN_POINT('Origin',(7.39683275158492,0.,-7.45230603539014));
#6566=CARTESIAN_POINT('',(8.24321393916258,0.,-7.28350354933639));
#6567=CARTESIAN_POINT('Origin',(0.,0.,0.));
#6568=CARTESIAN_POINT('',(8.45918894022485,0.,-7.03150926000796));
#6569=CARTESIAN_POINT('Origin',(8.49647966662156,0.,-6.16926521351757));
#6570=CARTESIAN_POINT('',(9.30482261711203,0.,-5.86687958493103));
#6571=CARTESIAN_POINT('Origin',(0.,0.,0.));
#6572=CARTESIAN_POINT('',(9.47757807191374,0.,-5.58350372891251));
#6573=CARTESIAN_POINT('Origin',(9.37607222128807,0.,-4.72644366318079));
#6574=CARTESIAN_POINT('',(10.1254412768766,0.,-4.298306521006));
#6575=CARTESIAN_POINT('Origin',(0.,0.,0.));
#6576=CARTESIAN_POINT('',(10.2505029098827,0.,-3.99088838411775));
#6577=CARTESIAN_POINT('Origin',(10.0128294304473,0.,-3.16120970465421));
#6578=CARTESIAN_POINT('',(10.6838163262197,0.,-2.61840957598341));
#6579=CARTESIAN_POINT('Origin',(0.,0.,0.));
#6580=CARTESIAN_POINT('',(10.7579451068271,0.,-2.29491112649154));
#6581=CARTESIAN_POINT('Origin',(10.3902596168552,0.,-1.51410207528412));
#6582=CARTESIAN_POINT('',(10.9654861446641,0.,-0.870697198330098));
#6583=CARTESIAN_POINT('Origin',(0.,0.,0.));
#6584=CARTESIAN_POINT('',(10.9867621763932,0.,-0.539496876150527));
#6585=CARTESIAN_POINT('Origin',(10.4985875369387,0.,0.1722200025146));
#6586=CARTESIAN_POINT('',(10.9631556318665,0.,0.899565779403775));
#6587=CARTESIAN_POINT('Origin',(0.,0.,0.));
#6588=CARTESIAN_POINT('',(10.9310278766712,0.,1.22989005989812));
#6589=CARTESIAN_POINT('Origin',(10.3350075544698,0.,1.85408167271121));
#6590=CARTESIAN_POINT('',(10.6768851468842,0.,2.64653047597125));
#6591=CARTESIAN_POINT('Origin',(0.,0.,0.));
#6592=CARTESIAN_POINT('',(10.5921856967482,0.,2.96742348942691));
#6593=CARTESIAN_POINT('Origin',(9.90375630506973,0.,3.48792360148886));
#6594=CARTESIAN_POINT('',(10.1140889449072,0.,4.32495142336954));
#6595=CARTESIAN_POINT('Origin',(0.,0.,0.));
#6596=CARTESIAN_POINT('',(9.9790114710985,0.,4.62810220929537));
#6597=CARTESIAN_POINT('Origin',(9.21600296957213,0.,5.03143014110991));
#6598=CARTESIAN_POINT('Origin',(-8.78125639251458,0.,-5.75669489976267));
#6599=CARTESIAN_POINT('',(-8.78516327888183,0.,-6.61973610979972));
#6600=CARTESIAN_POINT('Origin',(0.,0.,0.));
#6601=CARTESIAN_POINT('',(-8.58146217925556,0.,-6.88175172946586));
#6602=CARTESIAN_POINT('Origin',(-7.7441026261441,0.,-7.09075979820073));
#6603=CARTESIAN_POINT('',(-7.60951737342392,0.,-7.94325155988148));
#6604=CARTESIAN_POINT('Origin',(0.,0.,0.));
#6605=CARTESIAN_POINT('',(-7.36642388838279,0.,-8.169198191785));
#6606=CARTESIAN_POINT('Origin',(-6.50638066954639,0.,-8.24117774247011));
#6607=CARTESIAN_POINT('',(-6.23678896508985,0.,-9.06104096696034));
#6608=CARTESIAN_POINT('Origin',(0.,0.,0.));
#6609=CARTESIAN_POINT('',(-5.9605990882053,0.,-9.24506671201924));
#6610=CARTESIAN_POINT('Origin',(-5.10014687125191,0.,-9.17815351210095));
#6611=CARTESIAN_POINT('',(-4.70253099859443,0.,-9.9441541725407));
#6612=CARTESIAN_POINT('Origin',(0.,0.,0.));
#6613=CARTESIAN_POINT('',(-4.40039790260189,0.,-10.0814928606222));
#6614=CARTESIAN_POINT('Origin',(-3.56182194797586,0.,-9.87741992683054));
#6615=CARTESIAN_POINT('',(-3.04647994936126,0.,-10.569719008476));
#6616=CARTESIAN_POINT('Origin',(0.,0.,0.));
#6617=CARTESIAN_POINT('',(-2.72622872274374,0.,-10.6568136396996));
#6618=CARTESIAN_POINT('Origin',(-1.9312477071862,0.,-10.3208663538251));
#6619=CARTESIAN_POINT('',(-1.3115266696819,0.,-10.9215336741097));
#6620=CARTESIAN_POINT('Origin',(0.,0.,0.));
#6621=UNCERTAINTY_MEASURE_WITH_UNIT(LENGTH_MEASURE(0.01),#6625,
'DISTANCE_ACCURACY_VALUE',
'Maximum model space distance between geometric entities at asserted c
onnectivities');
#6622=UNCERTAINTY_MEASURE_WITH_UNIT(LENGTH_MEASURE(0.01),#6625,
'DISTANCE_ACCURACY_VALUE',
'Maximum model space distance between geometric entities at asserted c
onnectivities');
#6623=(
GEOMETRIC_REPRESENTATION_CONTEXT(3)
GLOBAL_UNCERTAINTY_ASSIGNED_CONTEXT((#6621))
GLOBAL_UNIT_ASSIGNED_CONTEXT((#6625,#6627,#6628))
REPRESENTATION_CONTEXT('','3D')
);
#6624=(
GEOMETRIC_REPRESENTATION_CONTEXT(3)
GLOBAL_UNCERTAINTY_ASSIGNED_CONTEXT((#6622))
GLOBAL_UNIT_ASSIGNED_CONTEXT((#6625,#6627,#6628))
REPRESENTATION_CONTEXT('','3D')
);
#6625=(
LENGTH_UNIT()
NAMED_UNIT(*)
SI_UNIT(.MILLI.,.METRE.)
);
#6626=(
LENGTH_UNIT()
NAMED_UNIT(*)
SI_UNIT($,.METRE.)
);
#6627=(
NAMED_UNIT(*)
PLANE_ANGLE_UNIT()
SI_UNIT($,.RADIAN.)
);
#6628=(
NAMED_UNIT(*)
SI_UNIT($,.STERADIAN.)
SOLID_ANGLE_UNIT()
);
#6629=SHAPE_DEFINITION_REPRESENTATION(#6630,#6631);
#6630=PRODUCT_DEFINITION_SHAPE('',$,#6633);
#6631=SHAPE_REPRESENTATION('',(#2722),#6623);
#6632=PRODUCT_DEFINITION_CONTEXT('part definition',#6637,'design');
#6633=PRODUCT_DEFINITION('bouton','bouton v9',#6634,#6632);
#6634=PRODUCT_DEFINITION_FORMATION('',$,#6639);
#6635=PRODUCT_RELATED_PRODUCT_CATEGORY('bouton v9','bouton v9',(#6639));
#6636=APPLICATION_PROTOCOL_DEFINITION('international standard',
'automotive_design',2009,#6637);
#6637=APPLICATION_CONTEXT(
'Core Data for Automotive Mechanical Design Process');
#6638=PRODUCT_CONTEXT('part definition',#6637,'mechanical');
#6639=PRODUCT('bouton','bouton v9',$,(#6638));
#6640=PRESENTATION_STYLE_ASSIGNMENT((#6641));
#6641=SURFACE_STYLE_USAGE(.BOTH.,#6642);
#6642=SURFACE_SIDE_STYLE('',(#6643));
#6643=SURFACE_STYLE_FILL_AREA(#6644);
#6644=FILL_AREA_STYLE('Acier - Satin\X\E9',(#6645));
#6645=FILL_AREA_STYLE_COLOUR('Acier - Satin\X\E9',#6646);
#6646=COLOUR_RGB('Acier - Satin\X\E9',0.627450980392157,0.627450980392157,
0.627450980392157);
ENDSEC;
END-ISO-10303-21;
