ISO-10303-21;
HEADER;
/* Generated by software containing ST-Developer
 * from STEP Tools, Inc. (www.steptools.com) 
 */

FILE_DESCRIPTION(
/* description */ (''),
/* implementation_level */ '2;1');

FILE_NAME(
/* name */ 'casier_due_afficheur.step',
/* time_stamp */ '2025-11-28T17:35:09+01:00',
/* author */ (''),
/* organization */ (''),
/* preprocessor_version */ 'ST-DEVELOPER v20.1',
/* originating_system */ 'Autodesk Translation Framework v14.21.0.0',
/* authorisation */ '');

FILE_SCHEMA (('AUTOMOTIVE_DESIGN { 1 0 10303 214 3 1 1 }'));
ENDSEC;

DATA;
#10=MECHANICAL_DESIGN_GEOMETRIC_PRESENTATION_REPRESENTATION('',(#13,#14),
#2734);
#11=SHAPE_REPRESENTATION_RELATIONSHIP('SRR','None',#2741,#12);
#12=ADVANCED_BREP_SHAPE_REPRESENTATION('',(#15,#16),#2733);
#13=STYLED_ITEM('',(#2750),#15);
#14=STYLED_ITEM('',(#2750),#16);
#15=MANIFOLD_SOLID_BREP('Corps1',#1704);
#16=MANIFOLD_SOLID_BREP('Corps3',#1705);
#17=CYLINDRICAL_SURFACE('',#1747,1.);
#18=CYLINDRICAL_SURFACE('',#1756,1.);
#19=CYLINDRICAL_SURFACE('',#1758,1.);
#20=CYLINDRICAL_SURFACE('',#1760,1.);
#21=CYLINDRICAL_SURFACE('',#1762,1.);
#22=CYLINDRICAL_SURFACE('',#1764,1.);
#23=CYLINDRICAL_SURFACE('',#1793,1.25);
#24=CYLINDRICAL_SURFACE('',#1795,1.25);
#25=FACE_BOUND('',#155,.T.);
#26=FACE_BOUND('',#156,.T.);
#27=FACE_BOUND('',#193,.T.);
#28=FACE_BOUND('',#201,.T.);
#29=FACE_BOUND('',#214,.T.);
#30=FACE_BOUND('',#221,.T.);
#31=FACE_BOUND('',#222,.T.);
#32=FACE_BOUND('',#231,.T.);
#33=FACE_BOUND('',#232,.T.);
#34=CIRCLE('',#1732,1.);
#35=CIRCLE('',#1733,1.);
#36=CIRCLE('',#1734,1.);
#37=CIRCLE('',#1735,1.);
#38=CIRCLE('',#1736,1.);
#39=CIRCLE('',#1737,1.);
#40=CIRCLE('',#1748,1.);
#41=CIRCLE('',#1751,1.);
#42=CIRCLE('',#1752,1.);
#43=CIRCLE('',#1753,1.);
#44=CIRCLE('',#1754,1.);
#45=CIRCLE('',#1755,1.);
#46=CIRCLE('',#1784,1.25);
#47=CIRCLE('',#1792,1.25);
#48=CIRCLE('',#1794,1.25);
#49=CIRCLE('',#1796,1.25);
#50=FACE_OUTER_BOUND('',#138,.T.);
#51=FACE_OUTER_BOUND('',#139,.T.);
#52=FACE_OUTER_BOUND('',#140,.T.);
#53=FACE_OUTER_BOUND('',#141,.T.);
#54=FACE_OUTER_BOUND('',#142,.T.);
#55=FACE_OUTER_BOUND('',#143,.T.);
#56=FACE_OUTER_BOUND('',#144,.T.);
#57=FACE_OUTER_BOUND('',#145,.T.);
#58=FACE_OUTER_BOUND('',#146,.T.);
#59=FACE_OUTER_BOUND('',#147,.T.);
#60=FACE_OUTER_BOUND('',#148,.T.);
#61=FACE_OUTER_BOUND('',#149,.T.);
#62=FACE_OUTER_BOUND('',#150,.T.);
#63=FACE_OUTER_BOUND('',#151,.T.);
#64=FACE_OUTER_BOUND('',#152,.T.);
#65=FACE_OUTER_BOUND('',#153,.T.);
#66=FACE_OUTER_BOUND('',#154,.T.);
#67=FACE_OUTER_BOUND('',#157,.T.);
#68=FACE_OUTER_BOUND('',#158,.T.);
#69=FACE_OUTER_BOUND('',#159,.T.);
#70=FACE_OUTER_BOUND('',#160,.T.);
#71=FACE_OUTER_BOUND('',#161,.T.);
#72=FACE_OUTER_BOUND('',#162,.T.);
#73=FACE_OUTER_BOUND('',#163,.T.);
#74=FACE_OUTER_BOUND('',#164,.T.);
#75=FACE_OUTER_BOUND('',#165,.T.);
#76=FACE_OUTER_BOUND('',#166,.T.);
#77=FACE_OUTER_BOUND('',#167,.T.);
#78=FACE_OUTER_BOUND('',#168,.T.);
#79=FACE_OUTER_BOUND('',#169,.T.);
#80=FACE_OUTER_BOUND('',#170,.T.);
#81=FACE_OUTER_BOUND('',#171,.T.);
#82=FACE_OUTER_BOUND('',#172,.T.);
#83=FACE_OUTER_BOUND('',#173,.T.);
#84=FACE_OUTER_BOUND('',#174,.T.);
#85=FACE_OUTER_BOUND('',#175,.T.);
#86=FACE_OUTER_BOUND('',#176,.T.);
#87=FACE_OUTER_BOUND('',#177,.T.);
#88=FACE_OUTER_BOUND('',#178,.T.);
#89=FACE_OUTER_BOUND('',#179,.T.);
#90=FACE_OUTER_BOUND('',#180,.T.);
#91=FACE_OUTER_BOUND('',#181,.T.);
#92=FACE_OUTER_BOUND('',#182,.T.);
#93=FACE_OUTER_BOUND('',#183,.T.);
#94=FACE_OUTER_BOUND('',#184,.T.);
#95=FACE_OUTER_BOUND('',#185,.T.);
#96=FACE_OUTER_BOUND('',#186,.T.);
#97=FACE_OUTER_BOUND('',#187,.T.);
#98=FACE_OUTER_BOUND('',#188,.T.);
#99=FACE_OUTER_BOUND('',#189,.T.);
#100=FACE_OUTER_BOUND('',#190,.T.);
#101=FACE_OUTER_BOUND('',#191,.T.);
#102=FACE_OUTER_BOUND('',#192,.T.);
#103=FACE_OUTER_BOUND('',#194,.T.);
#104=FACE_OUTER_BOUND('',#195,.T.);
#105=FACE_OUTER_BOUND('',#196,.T.);
#106=FACE_OUTER_BOUND('',#197,.T.);
#107=FACE_OUTER_BOUND('',#198,.T.);
#108=FACE_OUTER_BOUND('',#199,.T.);
#109=FACE_OUTER_BOUND('',#200,.T.);
#110=FACE_OUTER_BOUND('',#202,.T.);
#111=FACE_OUTER_BOUND('',#203,.T.);
#112=FACE_OUTER_BOUND('',#204,.T.);
#113=FACE_OUTER_BOUND('',#205,.T.);
#114=FACE_OUTER_BOUND('',#206,.T.);
#115=FACE_OUTER_BOUND('',#207,.T.);
#116=FACE_OUTER_BOUND('',#208,.T.);
#117=FACE_OUTER_BOUND('',#209,.T.);
#118=FACE_OUTER_BOUND('',#210,.T.);
#119=FACE_OUTER_BOUND('',#211,.T.);
#120=FACE_OUTER_BOUND('',#212,.T.);
#121=FACE_OUTER_BOUND('',#213,.T.);
#122=FACE_OUTER_BOUND('',#215,.T.);
#123=FACE_OUTER_BOUND('',#216,.T.);
#124=FACE_OUTER_BOUND('',#217,.T.);
#125=FACE_OUTER_BOUND('',#218,.T.);
#126=FACE_OUTER_BOUND('',#219,.T.);
#127=FACE_OUTER_BOUND('',#220,.T.);
#128=FACE_OUTER_BOUND('',#223,.T.);
#129=FACE_OUTER_BOUND('',#224,.T.);
#130=FACE_OUTER_BOUND('',#225,.T.);
#131=FACE_OUTER_BOUND('',#226,.T.);
#132=FACE_OUTER_BOUND('',#227,.T.);
#133=FACE_OUTER_BOUND('',#228,.T.);
#134=FACE_OUTER_BOUND('',#229,.T.);
#135=FACE_OUTER_BOUND('',#230,.T.);
#136=FACE_OUTER_BOUND('',#233,.T.);
#137=FACE_OUTER_BOUND('',#234,.T.);
#138=EDGE_LOOP('',(#1064,#1065,#1066,#1067));
#139=EDGE_LOOP('',(#1068,#1069,#1070,#1071));
#140=EDGE_LOOP('',(#1072,#1073,#1074,#1075));
#141=EDGE_LOOP('',(#1076,#1077,#1078,#1079));
#142=EDGE_LOOP('',(#1080,#1081,#1082,#1083));
#143=EDGE_LOOP('',(#1084,#1085,#1086,#1087));
#144=EDGE_LOOP('',(#1088,#1089,#1090,#1091));
#145=EDGE_LOOP('',(#1092,#1093,#1094,#1095));
#146=EDGE_LOOP('',(#1096,#1097,#1098,#1099));
#147=EDGE_LOOP('',(#1100,#1101,#1102,#1103));
#148=EDGE_LOOP('',(#1104,#1105,#1106,#1107));
#149=EDGE_LOOP('',(#1108,#1109,#1110,#1111));
#150=EDGE_LOOP('',(#1112,#1113,#1114,#1115,#1116,#1117,#1118,#1119,#1120,
#1121,#1122,#1123,#1124,#1125,#1126,#1127,#1128,#1129,#1130,#1131,#1132,
#1133,#1134,#1135,#1136));
#151=EDGE_LOOP('',(#1137,#1138,#1139,#1140));
#152=EDGE_LOOP('',(#1141,#1142,#1143,#1144));
#153=EDGE_LOOP('',(#1145,#1146,#1147,#1148));
#154=EDGE_LOOP('',(#1149,#1150,#1151,#1152,#1153));
#155=EDGE_LOOP('',(#1154,#1155,#1156,#1157));
#156=EDGE_LOOP('',(#1158,#1159,#1160,#1161));
#157=EDGE_LOOP('',(#1162,#1163,#1164,#1165));
#158=EDGE_LOOP('',(#1166,#1167,#1168,#1169));
#159=EDGE_LOOP('',(#1170,#1171,#1172,#1173,#1174,#1175,#1176,#1177));
#160=EDGE_LOOP('',(#1178,#1179,#1180,#1181,#1182,#1183));
#161=EDGE_LOOP('',(#1184,#1185,#1186,#1187));
#162=EDGE_LOOP('',(#1188,#1189,#1190,#1191));
#163=EDGE_LOOP('',(#1192,#1193,#1194,#1195));
#164=EDGE_LOOP('',(#1196,#1197,#1198,#1199,#1200,#1201,#1202,#1203,#1204,
#1205,#1206,#1207,#1208,#1209,#1210,#1211,#1212,#1213,#1214,#1215,#1216,
#1217));
#165=EDGE_LOOP('',(#1218,#1219,#1220,#1221));
#166=EDGE_LOOP('',(#1222,#1223,#1224,#1225));
#167=EDGE_LOOP('',(#1226,#1227,#1228,#1229));
#168=EDGE_LOOP('',(#1230,#1231,#1232,#1233));
#169=EDGE_LOOP('',(#1234,#1235,#1236,#1237));
#170=EDGE_LOOP('',(#1238,#1239,#1240,#1241));
#171=EDGE_LOOP('',(#1242,#1243,#1244,#1245));
#172=EDGE_LOOP('',(#1246,#1247,#1248,#1249));
#173=EDGE_LOOP('',(#1250,#1251,#1252,#1253));
#174=EDGE_LOOP('',(#1254,#1255,#1256,#1257));
#175=EDGE_LOOP('',(#1258,#1259,#1260,#1261));
#176=EDGE_LOOP('',(#1262,#1263,#1264,#1265));
#177=EDGE_LOOP('',(#1266,#1267,#1268,#1269));
#178=EDGE_LOOP('',(#1270,#1271,#1272,#1273));
#179=EDGE_LOOP('',(#1274,#1275,#1276,#1277));
#180=EDGE_LOOP('',(#1278,#1279,#1280,#1281,#1282,#1283,#1284,#1285,#1286,
#1287,#1288,#1289));
#181=EDGE_LOOP('',(#1290,#1291,#1292,#1293,#1294,#1295));
#182=EDGE_LOOP('',(#1296,#1297,#1298,#1299));
#183=EDGE_LOOP('',(#1300,#1301,#1302,#1303));
#184=EDGE_LOOP('',(#1304,#1305,#1306,#1307));
#185=EDGE_LOOP('',(#1308,#1309,#1310,#1311,#1312,#1313));
#186=EDGE_LOOP('',(#1314,#1315,#1316,#1317));
#187=EDGE_LOOP('',(#1318,#1319,#1320,#1321));
#188=EDGE_LOOP('',(#1322,#1323,#1324,#1325));
#189=EDGE_LOOP('',(#1326,#1327,#1328,#1329));
#190=EDGE_LOOP('',(#1330,#1331,#1332,#1333));
#191=EDGE_LOOP('',(#1334,#1335,#1336,#1337));
#192=EDGE_LOOP('',(#1338,#1339,#1340,#1341,#1342,#1343));
#193=EDGE_LOOP('',(#1344));
#194=EDGE_LOOP('',(#1345,#1346,#1347,#1348));
#195=EDGE_LOOP('',(#1349,#1350,#1351,#1352));
#196=EDGE_LOOP('',(#1353,#1354,#1355,#1356));
#197=EDGE_LOOP('',(#1357,#1358,#1359,#1360));
#198=EDGE_LOOP('',(#1361,#1362,#1363,#1364));
#199=EDGE_LOOP('',(#1365,#1366,#1367,#1368));
#200=EDGE_LOOP('',(#1369,#1370,#1371,#1372,#1373,#1374));
#201=EDGE_LOOP('',(#1375));
#202=EDGE_LOOP('',(#1376,#1377,#1378,#1379));
#203=EDGE_LOOP('',(#1380,#1381,#1382,#1383));
#204=EDGE_LOOP('',(#1384,#1385,#1386,#1387));
#205=EDGE_LOOP('',(#1388,#1389,#1390,#1391));
#206=EDGE_LOOP('',(#1392,#1393,#1394,#1395));
#207=EDGE_LOOP('',(#1396,#1397,#1398,#1399));
#208=EDGE_LOOP('',(#1400,#1401,#1402,#1403));
#209=EDGE_LOOP('',(#1404,#1405,#1406,#1407));
#210=EDGE_LOOP('',(#1408,#1409,#1410,#1411));
#211=EDGE_LOOP('',(#1412,#1413,#1414,#1415));
#212=EDGE_LOOP('',(#1416,#1417,#1418,#1419));
#213=EDGE_LOOP('',(#1420,#1421,#1422,#1423));
#214=EDGE_LOOP('',(#1424,#1425,#1426,#1427));
#215=EDGE_LOOP('',(#1428,#1429,#1430,#1431));
#216=EDGE_LOOP('',(#1432,#1433,#1434,#1435));
#217=EDGE_LOOP('',(#1436,#1437,#1438,#1439,#1440,#1441,#1442,#1443));
#218=EDGE_LOOP('',(#1444,#1445,#1446,#1447));
#219=EDGE_LOOP('',(#1448,#1449,#1450,#1451));
#220=EDGE_LOOP('',(#1452,#1453,#1454,#1455,#1456,#1457,#1458,#1459));
#221=EDGE_LOOP('',(#1460,#1461,#1462,#1463,#1464,#1465));
#222=EDGE_LOOP('',(#1466,#1467,#1468,#1469,#1470,#1471));
#223=EDGE_LOOP('',(#1472,#1473,#1474,#1475,#1476,#1477,#1478,#1479,#1480));
#224=EDGE_LOOP('',(#1481,#1482,#1483,#1484));
#225=EDGE_LOOP('',(#1485,#1486,#1487,#1488));
#226=EDGE_LOOP('',(#1489,#1490,#1491,#1492,#1493,#1494));
#227=EDGE_LOOP('',(#1495,#1496,#1497,#1498,#1499,#1500));
#228=EDGE_LOOP('',(#1501,#1502,#1503,#1504,#1505,#1506));
#229=EDGE_LOOP('',(#1507,#1508,#1509,#1510));
#230=EDGE_LOOP('',(#1511,#1512,#1513,#1514));
#231=EDGE_LOOP('',(#1515));
#232=EDGE_LOOP('',(#1516));
#233=EDGE_LOOP('',(#1517,#1518,#1519,#1520,#1521,#1522,#1523,#1524,#1525,
#1526));
#234=EDGE_LOOP('',(#1527,#1528,#1529,#1530,#1531,#1532,#1533,#1534,#1535));
#235=LINE('',#2257,#455);
#236=LINE('',#2259,#456);
#237=LINE('',#2261,#457);
#238=LINE('',#2262,#458);
#239=LINE('',#2265,#459);
#240=LINE('',#2267,#460);
#241=LINE('',#2268,#461);
#242=LINE('',#2271,#462);
#243=LINE('',#2273,#463);
#244=LINE('',#2274,#464);
#245=LINE('',#2276,#465);
#246=LINE('',#2277,#466);
#247=LINE('',#2282,#467);
#248=LINE('',#2284,#468);
#249=LINE('',#2286,#469);
#250=LINE('',#2287,#470);
#251=LINE('',#2290,#471);
#252=LINE('',#2292,#472);
#253=LINE('',#2293,#473);
#254=LINE('',#2296,#474);
#255=LINE('',#2298,#475);
#256=LINE('',#2299,#476);
#257=LINE('',#2301,#477);
#258=LINE('',#2302,#478);
#259=LINE('',#2307,#479);
#260=LINE('',#2309,#480);
#261=LINE('',#2311,#481);
#262=LINE('',#2312,#482);
#263=LINE('',#2315,#483);
#264=LINE('',#2317,#484);
#265=LINE('',#2318,#485);
#266=LINE('',#2321,#486);
#267=LINE('',#2323,#487);
#268=LINE('',#2325,#488);
#269=LINE('',#2327,#489);
#270=LINE('',#2331,#490);
#271=LINE('',#2333,#491);
#272=LINE('',#2335,#492);
#273=LINE('',#2339,#493);
#274=LINE('',#2343,#494);
#275=LINE('',#2345,#495);
#276=LINE('',#2347,#496);
#277=LINE('',#2351,#497);
#278=LINE('',#2355,#498);
#279=LINE('',#2357,#499);
#280=LINE('',#2359,#500);
#281=LINE('',#2363,#501);
#282=LINE('',#2364,#502);
#283=LINE('',#2367,#503);
#284=LINE('',#2369,#504);
#285=LINE('',#2370,#505);
#286=LINE('',#2374,#506);
#287=LINE('',#2376,#507);
#288=LINE('',#2378,#508);
#289=LINE('',#2379,#509);
#290=LINE('',#2381,#510);
#291=LINE('',#2382,#511);
#292=LINE('',#2385,#512);
#293=LINE('',#2386,#513);
#294=LINE('',#2390,#514);
#295=LINE('',#2392,#515);
#296=LINE('',#2394,#516);
#297=LINE('',#2395,#517);
#298=LINE('',#2398,#518);
#299=LINE('',#2400,#519);
#300=LINE('',#2401,#520);
#301=LINE('',#2404,#521);
#302=LINE('',#2406,#522);
#303=LINE('',#2407,#523);
#304=LINE('',#2408,#524);
#305=LINE('',#2411,#525);
#306=LINE('',#2413,#526);
#307=LINE('',#2415,#527);
#308=LINE('',#2416,#528);
#309=LINE('',#2418,#529);
#310=LINE('',#2421,#530);
#311=LINE('',#2424,#531);
#312=LINE('',#2427,#532);
#313=LINE('',#2428,#533);
#314=LINE('',#2431,#534);
#315=LINE('',#2433,#535);
#316=LINE('',#2434,#536);
#317=LINE('',#2436,#537);
#318=LINE('',#2440,#538);
#319=LINE('',#2442,#539);
#320=LINE('',#2444,#540);
#321=LINE('',#2448,#541);
#322=LINE('',#2452,#542);
#323=LINE('',#2454,#543);
#324=LINE('',#2456,#544);
#325=LINE('',#2460,#545);
#326=LINE('',#2464,#546);
#327=LINE('',#2465,#547);
#328=LINE('',#2467,#548);
#329=LINE('',#2468,#549);
#330=LINE('',#2470,#550);
#331=LINE('',#2472,#551);
#332=LINE('',#2474,#552);
#333=LINE('',#2476,#553);
#334=LINE('',#2477,#554);
#335=LINE('',#2479,#555);
#336=LINE('',#2481,#556);
#337=LINE('',#2483,#557);
#338=LINE('',#2485,#558);
#339=LINE('',#2486,#559);
#340=LINE('',#2488,#560);
#341=LINE('',#2490,#561);
#342=LINE('',#2493,#562);
#343=LINE('',#2497,#563);
#344=LINE('',#2498,#564);
#345=LINE('',#2501,#565);
#346=LINE('',#2502,#566);
#347=LINE('',#2504,#567);
#348=LINE('',#2511,#568);
#349=LINE('',#2513,#569);
#350=LINE('',#2515,#570);
#351=LINE('',#2516,#571);
#352=LINE('',#2519,#572);
#353=LINE('',#2521,#573);
#354=LINE('',#2522,#574);
#355=LINE('',#2525,#575);
#356=LINE('',#2527,#576);
#357=LINE('',#2528,#577);
#358=LINE('',#2531,#578);
#359=LINE('',#2533,#579);
#360=LINE('',#2534,#580);
#361=LINE('',#2537,#581);
#362=LINE('',#2539,#582);
#363=LINE('',#2540,#583);
#364=LINE('',#2542,#584);
#365=LINE('',#2543,#585);
#366=LINE('',#2550,#586);
#367=LINE('',#2552,#587);
#368=LINE('',#2554,#588);
#369=LINE('',#2555,#589);
#370=LINE('',#2558,#590);
#371=LINE('',#2560,#591);
#372=LINE('',#2561,#592);
#373=LINE('',#2564,#593);
#374=LINE('',#2566,#594);
#375=LINE('',#2567,#595);
#376=LINE('',#2570,#596);
#377=LINE('',#2572,#597);
#378=LINE('',#2573,#598);
#379=LINE('',#2576,#599);
#380=LINE('',#2578,#600);
#381=LINE('',#2579,#601);
#382=LINE('',#2581,#602);
#383=LINE('',#2582,#603);
#384=LINE('',#2588,#604);
#385=LINE('',#2592,#605);
#386=LINE('',#2597,#606);
#387=LINE('',#2599,#607);
#388=LINE('',#2601,#608);
#389=LINE('',#2602,#609);
#390=LINE('',#2605,#610);
#391=LINE('',#2607,#611);
#392=LINE('',#2608,#612);
#393=LINE('',#2611,#613);
#394=LINE('',#2613,#614);
#395=LINE('',#2614,#615);
#396=LINE('',#2616,#616);
#397=LINE('',#2617,#617);
#398=LINE('',#2622,#618);
#399=LINE('',#2624,#619);
#400=LINE('',#2626,#620);
#401=LINE('',#2627,#621);
#402=LINE('',#2630,#622);
#403=LINE('',#2632,#623);
#404=LINE('',#2633,#624);
#405=LINE('',#2636,#625);
#406=LINE('',#2638,#626);
#407=LINE('',#2639,#627);
#408=LINE('',#2641,#628);
#409=LINE('',#2645,#629);
#410=LINE('',#2647,#630);
#411=LINE('',#2649,#631);
#412=LINE('',#2650,#632);
#413=LINE('',#2653,#633);
#414=LINE('',#2655,#634);
#415=LINE('',#2656,#635);
#416=LINE('',#2657,#636);
#417=LINE('',#2660,#637);
#418=LINE('',#2661,#638);
#419=LINE('',#2664,#639);
#420=LINE('',#2666,#640);
#421=LINE('',#2668,#641);
#422=LINE('',#2670,#642);
#423=LINE('',#2672,#643);
#424=LINE('',#2673,#644);
#425=LINE('',#2676,#645);
#426=LINE('',#2678,#646);
#427=LINE('',#2679,#647);
#428=LINE('',#2682,#648);
#429=LINE('',#2684,#649);
#430=LINE('',#2685,#650);
#431=LINE('',#2687,#651);
#432=LINE('',#2688,#652);
#433=LINE('',#2690,#653);
#434=LINE('',#2692,#654);
#435=LINE('',#2693,#655);
#436=LINE('',#2695,#656);
#437=LINE('',#2697,#657);
#438=LINE('',#2701,#658);
#439=LINE('',#2703,#659);
#440=LINE('',#2705,#660);
#441=LINE('',#2706,#661);
#442=LINE('',#2708,#662);
#443=LINE('',#2709,#663);
#444=LINE('',#2710,#664);
#445=LINE('',#2712,#665);
#446=LINE('',#2713,#666);
#447=LINE('',#2716,#667);
#448=LINE('',#2718,#668);
#449=LINE('',#2719,#669);
#450=LINE('',#2722,#670);
#451=LINE('',#2724,#671);
#452=LINE('',#2725,#672);
#453=LINE('',#2727,#673);
#454=LINE('',#2728,#674);
#455=VECTOR('',#1827,10.);
#456=VECTOR('',#1828,10.);
#457=VECTOR('',#1829,10.);
#458=VECTOR('',#1830,10.);
#459=VECTOR('',#1833,10.);
#460=VECTOR('',#1834,10.);
#461=VECTOR('',#1835,10.);
#462=VECTOR('',#1838,10.);
#463=VECTOR('',#1839,10.);
#464=VECTOR('',#1840,10.);
#465=VECTOR('',#1843,10.);
#466=VECTOR('',#1844,10.);
#467=VECTOR('',#1849,10.);
#468=VECTOR('',#1850,10.);
#469=VECTOR('',#1851,10.);
#470=VECTOR('',#1852,10.);
#471=VECTOR('',#1855,10.);
#472=VECTOR('',#1856,10.);
#473=VECTOR('',#1857,10.);
#474=VECTOR('',#1860,10.);
#475=VECTOR('',#1861,10.);
#476=VECTOR('',#1862,10.);
#477=VECTOR('',#1865,10.);
#478=VECTOR('',#1866,10.);
#479=VECTOR('',#1871,10.);
#480=VECTOR('',#1872,10.);
#481=VECTOR('',#1873,10.);
#482=VECTOR('',#1874,10.);
#483=VECTOR('',#1877,10.);
#484=VECTOR('',#1878,10.);
#485=VECTOR('',#1879,10.);
#486=VECTOR('',#1882,10.);
#487=VECTOR('',#1883,10.);
#488=VECTOR('',#1884,10.);
#489=VECTOR('',#1885,10.);
#490=VECTOR('',#1888,10.);
#491=VECTOR('',#1889,10.);
#492=VECTOR('',#1890,10.);
#493=VECTOR('',#1893,10.);
#494=VECTOR('',#1896,10.);
#495=VECTOR('',#1897,10.);
#496=VECTOR('',#1898,10.);
#497=VECTOR('',#1901,10.);
#498=VECTOR('',#1904,10.);
#499=VECTOR('',#1905,10.);
#500=VECTOR('',#1906,10.);
#501=VECTOR('',#1909,10.);
#502=VECTOR('',#1910,10.);
#503=VECTOR('',#1913,10.);
#504=VECTOR('',#1914,10.);
#505=VECTOR('',#1915,10.);
#506=VECTOR('',#1918,10.);
#507=VECTOR('',#1919,10.);
#508=VECTOR('',#1920,10.);
#509=VECTOR('',#1921,10.);
#510=VECTOR('',#1924,10.);
#511=VECTOR('',#1925,10.);
#512=VECTOR('',#1928,10.);
#513=VECTOR('',#1929,10.);
#514=VECTOR('',#1932,10.);
#515=VECTOR('',#1933,10.);
#516=VECTOR('',#1934,10.);
#517=VECTOR('',#1935,10.);
#518=VECTOR('',#1938,10.);
#519=VECTOR('',#1939,10.);
#520=VECTOR('',#1940,10.);
#521=VECTOR('',#1943,10.);
#522=VECTOR('',#1944,10.);
#523=VECTOR('',#1945,10.);
#524=VECTOR('',#1946,10.);
#525=VECTOR('',#1949,10.);
#526=VECTOR('',#1950,10.);
#527=VECTOR('',#1951,10.);
#528=VECTOR('',#1952,10.);
#529=VECTOR('',#1955,10.);
#530=VECTOR('',#1958,10.);
#531=VECTOR('',#1961,10.);
#532=VECTOR('',#1964,10.);
#533=VECTOR('',#1965,10.);
#534=VECTOR('',#1968,10.);
#535=VECTOR('',#1969,10.);
#536=VECTOR('',#1970,10.);
#537=VECTOR('',#1971,10.);
#538=VECTOR('',#1974,10.);
#539=VECTOR('',#1975,10.);
#540=VECTOR('',#1976,10.);
#541=VECTOR('',#1979,10.);
#542=VECTOR('',#1982,10.);
#543=VECTOR('',#1983,10.);
#544=VECTOR('',#1984,10.);
#545=VECTOR('',#1987,10.);
#546=VECTOR('',#1990,10.);
#547=VECTOR('',#1991,10.);
#548=VECTOR('',#1994,10.);
#549=VECTOR('',#1995,10.);
#550=VECTOR('',#1998,10.);
#551=VECTOR('',#2001,10.);
#552=VECTOR('',#2004,10.);
#553=VECTOR('',#2007,10.);
#554=VECTOR('',#2008,10.);
#555=VECTOR('',#2011,10.);
#556=VECTOR('',#2014,10.);
#557=VECTOR('',#2017,10.);
#558=VECTOR('',#2020,10.);
#559=VECTOR('',#2021,10.);
#560=VECTOR('',#2024,10.);
#561=VECTOR('',#2027,10.);
#562=VECTOR('',#2032,10.);
#563=VECTOR('',#2039,10.);
#564=VECTOR('',#2040,10.);
#565=VECTOR('',#2043,10.);
#566=VECTOR('',#2044,10.);
#567=VECTOR('',#2047,10.);
#568=VECTOR('',#2056,10.);
#569=VECTOR('',#2057,10.);
#570=VECTOR('',#2058,10.);
#571=VECTOR('',#2059,10.);
#572=VECTOR('',#2062,10.);
#573=VECTOR('',#2063,10.);
#574=VECTOR('',#2064,10.);
#575=VECTOR('',#2067,10.);
#576=VECTOR('',#2068,10.);
#577=VECTOR('',#2069,10.);
#578=VECTOR('',#2072,10.);
#579=VECTOR('',#2073,10.);
#580=VECTOR('',#2074,10.);
#581=VECTOR('',#2077,10.);
#582=VECTOR('',#2078,10.);
#583=VECTOR('',#2079,10.);
#584=VECTOR('',#2082,10.);
#585=VECTOR('',#2083,10.);
#586=VECTOR('',#2090,10.);
#587=VECTOR('',#2091,10.);
#588=VECTOR('',#2092,10.);
#589=VECTOR('',#2093,10.);
#590=VECTOR('',#2096,10.);
#591=VECTOR('',#2097,10.);
#592=VECTOR('',#2098,10.);
#593=VECTOR('',#2101,10.);
#594=VECTOR('',#2102,10.);
#595=VECTOR('',#2103,10.);
#596=VECTOR('',#2106,10.);
#597=VECTOR('',#2107,10.);
#598=VECTOR('',#2108,10.);
#599=VECTOR('',#2111,10.);
#600=VECTOR('',#2112,10.);
#601=VECTOR('',#2113,10.);
#602=VECTOR('',#2116,10.);
#603=VECTOR('',#2117,10.);
#604=VECTOR('',#2124,1.25);
#605=VECTOR('',#2129,1.25);
#606=VECTOR('',#2134,10.);
#607=VECTOR('',#2135,10.);
#608=VECTOR('',#2136,10.);
#609=VECTOR('',#2137,10.);
#610=VECTOR('',#2140,10.);
#611=VECTOR('',#2141,10.);
#612=VECTOR('',#2142,10.);
#613=VECTOR('',#2145,10.);
#614=VECTOR('',#2146,10.);
#615=VECTOR('',#2147,10.);
#616=VECTOR('',#2150,10.);
#617=VECTOR('',#2151,10.);
#618=VECTOR('',#2156,10.);
#619=VECTOR('',#2157,10.);
#620=VECTOR('',#2158,10.);
#621=VECTOR('',#2159,10.);
#622=VECTOR('',#2162,10.);
#623=VECTOR('',#2163,10.);
#624=VECTOR('',#2164,10.);
#625=VECTOR('',#2167,10.);
#626=VECTOR('',#2168,10.);
#627=VECTOR('',#2169,10.);
#628=VECTOR('',#2172,10.);
#629=VECTOR('',#2175,10.);
#630=VECTOR('',#2176,10.);
#631=VECTOR('',#2177,10.);
#632=VECTOR('',#2178,10.);
#633=VECTOR('',#2181,10.);
#634=VECTOR('',#2182,10.);
#635=VECTOR('',#2183,10.);
#636=VECTOR('',#2184,10.);
#637=VECTOR('',#2187,10.);
#638=VECTOR('',#2188,10.);
#639=VECTOR('',#2191,10.);
#640=VECTOR('',#2192,10.);
#641=VECTOR('',#2193,10.);
#642=VECTOR('',#2194,10.);
#643=VECTOR('',#2195,10.);
#644=VECTOR('',#2196,10.);
#645=VECTOR('',#2199,10.);
#646=VECTOR('',#2200,10.);
#647=VECTOR('',#2201,10.);
#648=VECTOR('',#2204,10.);
#649=VECTOR('',#2205,10.);
#650=VECTOR('',#2206,10.);
#651=VECTOR('',#2209,10.);
#652=VECTOR('',#2210,10.);
#653=VECTOR('',#2211,10.);
#654=VECTOR('',#2212,10.);
#655=VECTOR('',#2213,10.);
#656=VECTOR('',#2216,10.);
#657=VECTOR('',#2219,10.);
#658=VECTOR('',#2222,10.);
#659=VECTOR('',#2223,10.);
#660=VECTOR('',#2224,10.);
#661=VECTOR('',#2225,10.);
#662=VECTOR('',#2228,10.);
#663=VECTOR('',#2229,10.);
#664=VECTOR('',#2230,10.);
#665=VECTOR('',#2233,10.);
#666=VECTOR('',#2234,10.);
#667=VECTOR('',#2237,10.);
#668=VECTOR('',#2238,10.);
#669=VECTOR('',#2239,10.);
#670=VECTOR('',#2242,10.);
#671=VECTOR('',#2243,10.);
#672=VECTOR('',#2244,10.);
#673=VECTOR('',#2247,10.);
#674=VECTOR('',#2248,10.);
#675=VERTEX_POINT('',#2255);
#676=VERTEX_POINT('',#2256);
#677=VERTEX_POINT('',#2258);
#678=VERTEX_POINT('',#2260);
#679=VERTEX_POINT('',#2264);
#680=VERTEX_POINT('',#2266);
#681=VERTEX_POINT('',#2270);
#682=VERTEX_POINT('',#2272);
#683=VERTEX_POINT('',#2280);
#684=VERTEX_POINT('',#2281);
#685=VERTEX_POINT('',#2283);
#686=VERTEX_POINT('',#2285);
#687=VERTEX_POINT('',#2289);
#688=VERTEX_POINT('',#2291);
#689=VERTEX_POINT('',#2295);
#690=VERTEX_POINT('',#2297);
#691=VERTEX_POINT('',#2305);
#692=VERTEX_POINT('',#2306);
#693=VERTEX_POINT('',#2308);
#694=VERTEX_POINT('',#2310);
#695=VERTEX_POINT('',#2314);
#696=VERTEX_POINT('',#2316);
#697=VERTEX_POINT('',#2320);
#698=VERTEX_POINT('',#2322);
#699=VERTEX_POINT('',#2324);
#700=VERTEX_POINT('',#2326);
#701=VERTEX_POINT('',#2328);
#702=VERTEX_POINT('',#2330);
#703=VERTEX_POINT('',#2332);
#704=VERTEX_POINT('',#2334);
#705=VERTEX_POINT('',#2336);
#706=VERTEX_POINT('',#2338);
#707=VERTEX_POINT('',#2340);
#708=VERTEX_POINT('',#2342);
#709=VERTEX_POINT('',#2344);
#710=VERTEX_POINT('',#2346);
#711=VERTEX_POINT('',#2348);
#712=VERTEX_POINT('',#2350);
#713=VERTEX_POINT('',#2352);
#714=VERTEX_POINT('',#2354);
#715=VERTEX_POINT('',#2356);
#716=VERTEX_POINT('',#2358);
#717=VERTEX_POINT('',#2360);
#718=VERTEX_POINT('',#2362);
#719=VERTEX_POINT('',#2366);
#720=VERTEX_POINT('',#2368);
#721=VERTEX_POINT('',#2372);
#722=VERTEX_POINT('',#2373);
#723=VERTEX_POINT('',#2375);
#724=VERTEX_POINT('',#2377);
#725=VERTEX_POINT('',#2384);
#726=VERTEX_POINT('',#2388);
#727=VERTEX_POINT('',#2389);
#728=VERTEX_POINT('',#2391);
#729=VERTEX_POINT('',#2393);
#730=VERTEX_POINT('',#2397);
#731=VERTEX_POINT('',#2399);
#732=VERTEX_POINT('',#2403);
#733=VERTEX_POINT('',#2405);
#734=VERTEX_POINT('',#2410);
#735=VERTEX_POINT('',#2412);
#736=VERTEX_POINT('',#2414);
#737=VERTEX_POINT('',#2420);
#738=VERTEX_POINT('',#2422);
#739=VERTEX_POINT('',#2426);
#740=VERTEX_POINT('',#2430);
#741=VERTEX_POINT('',#2432);
#742=VERTEX_POINT('',#2435);
#743=VERTEX_POINT('',#2437);
#744=VERTEX_POINT('',#2439);
#745=VERTEX_POINT('',#2441);
#746=VERTEX_POINT('',#2443);
#747=VERTEX_POINT('',#2445);
#748=VERTEX_POINT('',#2447);
#749=VERTEX_POINT('',#2449);
#750=VERTEX_POINT('',#2451);
#751=VERTEX_POINT('',#2453);
#752=VERTEX_POINT('',#2455);
#753=VERTEX_POINT('',#2457);
#754=VERTEX_POINT('',#2459);
#755=VERTEX_POINT('',#2461);
#756=VERTEX_POINT('',#2463);
#757=VERTEX_POINT('',#2500);
#758=VERTEX_POINT('',#2509);
#759=VERTEX_POINT('',#2510);
#760=VERTEX_POINT('',#2512);
#761=VERTEX_POINT('',#2514);
#762=VERTEX_POINT('',#2518);
#763=VERTEX_POINT('',#2520);
#764=VERTEX_POINT('',#2524);
#765=VERTEX_POINT('',#2526);
#766=VERTEX_POINT('',#2530);
#767=VERTEX_POINT('',#2532);
#768=VERTEX_POINT('',#2536);
#769=VERTEX_POINT('',#2538);
#770=VERTEX_POINT('',#2545);
#771=VERTEX_POINT('',#2548);
#772=VERTEX_POINT('',#2549);
#773=VERTEX_POINT('',#2551);
#774=VERTEX_POINT('',#2553);
#775=VERTEX_POINT('',#2557);
#776=VERTEX_POINT('',#2559);
#777=VERTEX_POINT('',#2563);
#778=VERTEX_POINT('',#2565);
#779=VERTEX_POINT('',#2569);
#780=VERTEX_POINT('',#2571);
#781=VERTEX_POINT('',#2575);
#782=VERTEX_POINT('',#2577);
#783=VERTEX_POINT('',#2584);
#784=VERTEX_POINT('',#2587);
#785=VERTEX_POINT('',#2591);
#786=VERTEX_POINT('',#2595);
#787=VERTEX_POINT('',#2596);
#788=VERTEX_POINT('',#2598);
#789=VERTEX_POINT('',#2600);
#790=VERTEX_POINT('',#2604);
#791=VERTEX_POINT('',#2606);
#792=VERTEX_POINT('',#2610);
#793=VERTEX_POINT('',#2612);
#794=VERTEX_POINT('',#2620);
#795=VERTEX_POINT('',#2621);
#796=VERTEX_POINT('',#2623);
#797=VERTEX_POINT('',#2625);
#798=VERTEX_POINT('',#2629);
#799=VERTEX_POINT('',#2631);
#800=VERTEX_POINT('',#2635);
#801=VERTEX_POINT('',#2637);
#802=VERTEX_POINT('',#2643);
#803=VERTEX_POINT('',#2644);
#804=VERTEX_POINT('',#2646);
#805=VERTEX_POINT('',#2648);
#806=VERTEX_POINT('',#2652);
#807=VERTEX_POINT('',#2654);
#808=VERTEX_POINT('',#2659);
#809=VERTEX_POINT('',#2663);
#810=VERTEX_POINT('',#2665);
#811=VERTEX_POINT('',#2667);
#812=VERTEX_POINT('',#2669);
#813=VERTEX_POINT('',#2671);
#814=VERTEX_POINT('',#2675);
#815=VERTEX_POINT('',#2677);
#816=VERTEX_POINT('',#2681);
#817=VERTEX_POINT('',#2683);
#818=VERTEX_POINT('',#2689);
#819=VERTEX_POINT('',#2691);
#820=VERTEX_POINT('',#2699);
#821=VERTEX_POINT('',#2700);
#822=VERTEX_POINT('',#2702);
#823=VERTEX_POINT('',#2704);
#824=VERTEX_POINT('',#2715);
#825=VERTEX_POINT('',#2717);
#826=VERTEX_POINT('',#2721);
#827=VERTEX_POINT('',#2723);
#828=EDGE_CURVE('',#675,#676,#235,.T.);
#829=EDGE_CURVE('',#675,#677,#236,.T.);
#830=EDGE_CURVE('',#677,#678,#237,.T.);
#831=EDGE_CURVE('',#676,#678,#238,.T.);
#832=EDGE_CURVE('',#679,#675,#239,.T.);
#833=EDGE_CURVE('',#679,#680,#240,.T.);
#834=EDGE_CURVE('',#680,#677,#241,.T.);
#835=EDGE_CURVE('',#681,#679,#242,.T.);
#836=EDGE_CURVE('',#681,#682,#243,.T.);
#837=EDGE_CURVE('',#682,#680,#244,.T.);
#838=EDGE_CURVE('',#676,#681,#245,.T.);
#839=EDGE_CURVE('',#678,#682,#246,.T.);
#840=EDGE_CURVE('',#683,#684,#247,.T.);
#841=EDGE_CURVE('',#683,#685,#248,.T.);
#842=EDGE_CURVE('',#685,#686,#249,.T.);
#843=EDGE_CURVE('',#684,#686,#250,.T.);
#844=EDGE_CURVE('',#687,#683,#251,.T.);
#845=EDGE_CURVE('',#687,#688,#252,.T.);
#846=EDGE_CURVE('',#688,#685,#253,.T.);
#847=EDGE_CURVE('',#689,#687,#254,.T.);
#848=EDGE_CURVE('',#689,#690,#255,.T.);
#849=EDGE_CURVE('',#690,#688,#256,.T.);
#850=EDGE_CURVE('',#684,#689,#257,.T.);
#851=EDGE_CURVE('',#686,#690,#258,.T.);
#852=EDGE_CURVE('',#691,#692,#259,.T.);
#853=EDGE_CURVE('',#693,#691,#260,.T.);
#854=EDGE_CURVE('',#694,#693,#261,.T.);
#855=EDGE_CURVE('',#692,#694,#262,.T.);
#856=EDGE_CURVE('',#692,#695,#263,.T.);
#857=EDGE_CURVE('',#696,#695,#264,.T.);
#858=EDGE_CURVE('',#696,#691,#265,.T.);
#859=EDGE_CURVE('',#694,#697,#266,.T.);
#860=EDGE_CURVE('',#697,#698,#267,.T.);
#861=EDGE_CURVE('',#698,#699,#268,.T.);
#862=EDGE_CURVE('',#700,#699,#269,.T.);
#863=EDGE_CURVE('',#701,#700,#34,.T.);
#864=EDGE_CURVE('',#701,#702,#270,.T.);
#865=EDGE_CURVE('',#702,#703,#271,.T.);
#866=EDGE_CURVE('',#703,#704,#272,.T.);
#867=EDGE_CURVE('',#705,#704,#35,.T.);
#868=EDGE_CURVE('',#706,#705,#273,.T.);
#869=EDGE_CURVE('',#707,#706,#36,.T.);
#870=EDGE_CURVE('',#707,#708,#274,.T.);
#871=EDGE_CURVE('',#708,#709,#275,.T.);
#872=EDGE_CURVE('',#709,#710,#276,.T.);
#873=EDGE_CURVE('',#711,#710,#37,.T.);
#874=EDGE_CURVE('',#712,#711,#277,.T.);
#875=EDGE_CURVE('',#713,#712,#38,.T.);
#876=EDGE_CURVE('',#713,#714,#278,.T.);
#877=EDGE_CURVE('',#714,#715,#279,.T.);
#878=EDGE_CURVE('',#715,#716,#280,.T.);
#879=EDGE_CURVE('',#717,#716,#39,.T.);
#880=EDGE_CURVE('',#718,#717,#281,.T.);
#881=EDGE_CURVE('',#695,#718,#282,.T.);
#882=EDGE_CURVE('',#697,#719,#283,.T.);
#883=EDGE_CURVE('',#719,#720,#284,.T.);
#884=EDGE_CURVE('',#698,#720,#285,.T.);
#885=EDGE_CURVE('',#721,#722,#286,.T.);
#886=EDGE_CURVE('',#722,#723,#287,.T.);
#887=EDGE_CURVE('',#724,#723,#288,.T.);
#888=EDGE_CURVE('',#721,#724,#289,.T.);
#889=EDGE_CURVE('',#719,#721,#290,.T.);
#890=EDGE_CURVE('',#720,#724,#291,.T.);
#891=EDGE_CURVE('',#723,#725,#292,.T.);
#892=EDGE_CURVE('',#698,#725,#293,.T.);
#893=EDGE_CURVE('',#726,#727,#294,.T.);
#894=EDGE_CURVE('',#728,#726,#295,.T.);
#895=EDGE_CURVE('',#729,#728,#296,.T.);
#896=EDGE_CURVE('',#727,#729,#297,.T.);
#897=EDGE_CURVE('',#727,#730,#298,.T.);
#898=EDGE_CURVE('',#731,#729,#299,.T.);
#899=EDGE_CURVE('',#731,#730,#300,.T.);
#900=EDGE_CURVE('',#696,#732,#301,.T.);
#901=EDGE_CURVE('',#733,#732,#302,.T.);
#902=EDGE_CURVE('',#725,#733,#303,.T.);
#903=EDGE_CURVE('',#722,#693,#304,.T.);
#904=EDGE_CURVE('',#734,#730,#305,.T.);
#905=EDGE_CURVE('',#735,#734,#306,.T.);
#906=EDGE_CURVE('',#736,#735,#307,.T.);
#907=EDGE_CURVE('',#736,#726,#308,.T.);
#908=EDGE_CURVE('',#699,#733,#309,.T.);
#909=EDGE_CURVE('',#700,#737,#310,.T.);
#910=EDGE_CURVE('',#737,#738,#40,.T.);
#911=EDGE_CURVE('',#738,#701,#311,.T.);
#912=EDGE_CURVE('',#739,#738,#312,.T.);
#913=EDGE_CURVE('',#702,#739,#313,.T.);
#914=EDGE_CURVE('',#740,#737,#314,.T.);
#915=EDGE_CURVE('',#741,#740,#315,.T.);
#916=EDGE_CURVE('',#735,#741,#316,.T.);
#917=EDGE_CURVE('',#742,#734,#317,.T.);
#918=EDGE_CURVE('',#743,#742,#41,.T.);
#919=EDGE_CURVE('',#743,#744,#318,.T.);
#920=EDGE_CURVE('',#744,#745,#319,.T.);
#921=EDGE_CURVE('',#745,#746,#320,.T.);
#922=EDGE_CURVE('',#747,#746,#42,.T.);
#923=EDGE_CURVE('',#748,#747,#321,.T.);
#924=EDGE_CURVE('',#749,#748,#43,.T.);
#925=EDGE_CURVE('',#749,#750,#322,.T.);
#926=EDGE_CURVE('',#750,#751,#323,.T.);
#927=EDGE_CURVE('',#751,#752,#324,.T.);
#928=EDGE_CURVE('',#753,#752,#44,.T.);
#929=EDGE_CURVE('',#754,#753,#325,.T.);
#930=EDGE_CURVE('',#755,#754,#45,.T.);
#931=EDGE_CURVE('',#755,#756,#326,.T.);
#932=EDGE_CURVE('',#756,#739,#327,.T.);
#933=EDGE_CURVE('',#754,#705,#328,.T.);
#934=EDGE_CURVE('',#704,#755,#329,.T.);
#935=EDGE_CURVE('',#706,#753,#330,.T.);
#936=EDGE_CURVE('',#752,#707,#331,.T.);
#937=EDGE_CURVE('',#708,#751,#332,.T.);
#938=EDGE_CURVE('',#748,#711,#333,.T.);
#939=EDGE_CURVE('',#710,#749,#334,.T.);
#940=EDGE_CURVE('',#712,#747,#335,.T.);
#941=EDGE_CURVE('',#746,#713,#336,.T.);
#942=EDGE_CURVE('',#714,#745,#337,.T.);
#943=EDGE_CURVE('',#716,#743,#338,.T.);
#944=EDGE_CURVE('',#742,#717,#339,.T.);
#945=EDGE_CURVE('',#715,#744,#340,.T.);
#946=EDGE_CURVE('',#703,#756,#341,.T.);
#947=EDGE_CURVE('',#709,#750,#342,.T.);
#948=EDGE_CURVE('',#732,#718,#343,.T.);
#949=EDGE_CURVE('',#731,#740,#344,.T.);
#950=EDGE_CURVE('',#757,#728,#345,.T.);
#951=EDGE_CURVE('',#741,#757,#346,.T.);
#952=EDGE_CURVE('',#757,#736,#347,.T.);
#953=EDGE_CURVE('',#758,#759,#348,.T.);
#954=EDGE_CURVE('',#758,#760,#349,.T.);
#955=EDGE_CURVE('',#760,#761,#350,.T.);
#956=EDGE_CURVE('',#759,#761,#351,.T.);
#957=EDGE_CURVE('',#762,#758,#352,.T.);
#958=EDGE_CURVE('',#762,#763,#353,.T.);
#959=EDGE_CURVE('',#763,#760,#354,.T.);
#960=EDGE_CURVE('',#764,#762,#355,.T.);
#961=EDGE_CURVE('',#764,#765,#356,.T.);
#962=EDGE_CURVE('',#765,#763,#357,.T.);
#963=EDGE_CURVE('',#766,#764,#358,.T.);
#964=EDGE_CURVE('',#766,#767,#359,.T.);
#965=EDGE_CURVE('',#767,#765,#360,.T.);
#966=EDGE_CURVE('',#768,#766,#361,.T.);
#967=EDGE_CURVE('',#768,#769,#362,.T.);
#968=EDGE_CURVE('',#769,#767,#363,.T.);
#969=EDGE_CURVE('',#759,#768,#364,.T.);
#970=EDGE_CURVE('',#761,#769,#365,.T.);
#971=EDGE_CURVE('',#770,#770,#46,.T.);
#972=EDGE_CURVE('',#771,#772,#366,.T.);
#973=EDGE_CURVE('',#771,#773,#367,.T.);
#974=EDGE_CURVE('',#773,#774,#368,.T.);
#975=EDGE_CURVE('',#772,#774,#369,.T.);
#976=EDGE_CURVE('',#775,#771,#370,.T.);
#977=EDGE_CURVE('',#775,#776,#371,.T.);
#978=EDGE_CURVE('',#776,#773,#372,.T.);
#979=EDGE_CURVE('',#777,#775,#373,.T.);
#980=EDGE_CURVE('',#777,#778,#374,.T.);
#981=EDGE_CURVE('',#778,#776,#375,.T.);
#982=EDGE_CURVE('',#779,#777,#376,.T.);
#983=EDGE_CURVE('',#779,#780,#377,.T.);
#984=EDGE_CURVE('',#780,#778,#378,.T.);
#985=EDGE_CURVE('',#781,#779,#379,.T.);
#986=EDGE_CURVE('',#781,#782,#380,.T.);
#987=EDGE_CURVE('',#782,#780,#381,.T.);
#988=EDGE_CURVE('',#772,#781,#382,.T.);
#989=EDGE_CURVE('',#774,#782,#383,.T.);
#990=EDGE_CURVE('',#783,#783,#47,.T.);
#991=EDGE_CURVE('',#783,#784,#384,.T.);
#992=EDGE_CURVE('',#784,#784,#48,.T.);
#993=EDGE_CURVE('',#770,#785,#385,.T.);
#994=EDGE_CURVE('',#785,#785,#49,.T.);
#995=EDGE_CURVE('',#786,#787,#386,.T.);
#996=EDGE_CURVE('',#786,#788,#387,.T.);
#997=EDGE_CURVE('',#788,#789,#388,.T.);
#998=EDGE_CURVE('',#787,#789,#389,.T.);
#999=EDGE_CURVE('',#790,#786,#390,.T.);
#1000=EDGE_CURVE('',#790,#791,#391,.T.);
#1001=EDGE_CURVE('',#791,#788,#392,.T.);
#1002=EDGE_CURVE('',#792,#790,#393,.T.);
#1003=EDGE_CURVE('',#792,#793,#394,.T.);
#1004=EDGE_CURVE('',#793,#791,#395,.T.);
#1005=EDGE_CURVE('',#787,#792,#396,.T.);
#1006=EDGE_CURVE('',#789,#793,#397,.T.);
#1007=EDGE_CURVE('',#794,#795,#398,.T.);
#1008=EDGE_CURVE('',#794,#796,#399,.T.);
#1009=EDGE_CURVE('',#796,#797,#400,.T.);
#1010=EDGE_CURVE('',#795,#797,#401,.T.);
#1011=EDGE_CURVE('',#798,#794,#402,.T.);
#1012=EDGE_CURVE('',#798,#799,#403,.T.);
#1013=EDGE_CURVE('',#799,#796,#404,.T.);
#1014=EDGE_CURVE('',#795,#800,#405,.T.);
#1015=EDGE_CURVE('',#797,#801,#406,.T.);
#1016=EDGE_CURVE('',#800,#801,#407,.T.);
#1017=EDGE_CURVE('',#801,#799,#408,.T.);
#1018=EDGE_CURVE('',#802,#803,#409,.T.);
#1019=EDGE_CURVE('',#804,#802,#410,.T.);
#1020=EDGE_CURVE('',#804,#805,#411,.T.);
#1021=EDGE_CURVE('',#805,#803,#412,.T.);
#1022=EDGE_CURVE('',#806,#802,#413,.T.);
#1023=EDGE_CURVE('',#807,#806,#414,.T.);
#1024=EDGE_CURVE('',#807,#804,#415,.T.);
#1025=EDGE_CURVE('',#804,#802,#416,.T.);
#1026=EDGE_CURVE('',#808,#807,#417,.T.);
#1027=EDGE_CURVE('',#805,#808,#418,.T.);
#1028=EDGE_CURVE('',#809,#806,#419,.T.);
#1029=EDGE_CURVE('',#810,#809,#420,.T.);
#1030=EDGE_CURVE('',#810,#811,#421,.T.);
#1031=EDGE_CURVE('',#811,#812,#422,.T.);
#1032=EDGE_CURVE('',#812,#813,#423,.T.);
#1033=EDGE_CURVE('',#813,#808,#424,.T.);
#1034=EDGE_CURVE('',#814,#811,#425,.T.);
#1035=EDGE_CURVE('',#814,#815,#426,.T.);
#1036=EDGE_CURVE('',#815,#812,#427,.T.);
#1037=EDGE_CURVE('',#816,#814,#428,.T.);
#1038=EDGE_CURVE('',#816,#817,#429,.T.);
#1039=EDGE_CURVE('',#817,#815,#430,.T.);
#1040=EDGE_CURVE('',#800,#817,#431,.T.);
#1041=EDGE_CURVE('',#816,#817,#432,.T.);
#1042=EDGE_CURVE('',#818,#816,#433,.T.);
#1043=EDGE_CURVE('',#818,#819,#434,.T.);
#1044=EDGE_CURVE('',#819,#798,#435,.T.);
#1045=EDGE_CURVE('',#813,#819,#436,.T.);
#1046=EDGE_CURVE('',#819,#805,#437,.T.);
#1047=EDGE_CURVE('',#820,#821,#438,.T.);
#1048=EDGE_CURVE('',#820,#822,#439,.T.);
#1049=EDGE_CURVE('',#823,#822,#440,.T.);
#1050=EDGE_CURVE('',#821,#823,#441,.T.);
#1051=EDGE_CURVE('',#821,#816,#442,.T.);
#1052=EDGE_CURVE('',#802,#823,#443,.T.);
#1053=EDGE_CURVE('',#817,#804,#444,.T.);
#1054=EDGE_CURVE('',#816,#820,#445,.T.);
#1055=EDGE_CURVE('',#822,#802,#446,.T.);
#1056=EDGE_CURVE('',#824,#818,#447,.T.);
#1057=EDGE_CURVE('',#824,#825,#448,.T.);
#1058=EDGE_CURVE('',#803,#825,#449,.T.);
#1059=EDGE_CURVE('',#810,#826,#450,.T.);
#1060=EDGE_CURVE('',#827,#809,#451,.T.);
#1061=EDGE_CURVE('',#826,#827,#452,.T.);
#1062=EDGE_CURVE('',#826,#824,#453,.T.);
#1063=EDGE_CURVE('',#825,#827,#454,.T.);
#1064=ORIENTED_EDGE('',*,*,#828,.F.);
#1065=ORIENTED_EDGE('',*,*,#829,.T.);
#1066=ORIENTED_EDGE('',*,*,#830,.T.);
#1067=ORIENTED_EDGE('',*,*,#831,.F.);
#1068=ORIENTED_EDGE('',*,*,#832,.F.);
#1069=ORIENTED_EDGE('',*,*,#833,.T.);
#1070=ORIENTED_EDGE('',*,*,#834,.T.);
#1071=ORIENTED_EDGE('',*,*,#829,.F.);
#1072=ORIENTED_EDGE('',*,*,#835,.F.);
#1073=ORIENTED_EDGE('',*,*,#836,.T.);
#1074=ORIENTED_EDGE('',*,*,#837,.T.);
#1075=ORIENTED_EDGE('',*,*,#833,.F.);
#1076=ORIENTED_EDGE('',*,*,#838,.F.);
#1077=ORIENTED_EDGE('',*,*,#831,.T.);
#1078=ORIENTED_EDGE('',*,*,#839,.T.);
#1079=ORIENTED_EDGE('',*,*,#836,.F.);
#1080=ORIENTED_EDGE('',*,*,#839,.F.);
#1081=ORIENTED_EDGE('',*,*,#830,.F.);
#1082=ORIENTED_EDGE('',*,*,#834,.F.);
#1083=ORIENTED_EDGE('',*,*,#837,.F.);
#1084=ORIENTED_EDGE('',*,*,#840,.F.);
#1085=ORIENTED_EDGE('',*,*,#841,.T.);
#1086=ORIENTED_EDGE('',*,*,#842,.T.);
#1087=ORIENTED_EDGE('',*,*,#843,.F.);
#1088=ORIENTED_EDGE('',*,*,#844,.F.);
#1089=ORIENTED_EDGE('',*,*,#845,.T.);
#1090=ORIENTED_EDGE('',*,*,#846,.T.);
#1091=ORIENTED_EDGE('',*,*,#841,.F.);
#1092=ORIENTED_EDGE('',*,*,#847,.F.);
#1093=ORIENTED_EDGE('',*,*,#848,.T.);
#1094=ORIENTED_EDGE('',*,*,#849,.T.);
#1095=ORIENTED_EDGE('',*,*,#845,.F.);
#1096=ORIENTED_EDGE('',*,*,#850,.F.);
#1097=ORIENTED_EDGE('',*,*,#843,.T.);
#1098=ORIENTED_EDGE('',*,*,#851,.T.);
#1099=ORIENTED_EDGE('',*,*,#848,.F.);
#1100=ORIENTED_EDGE('',*,*,#851,.F.);
#1101=ORIENTED_EDGE('',*,*,#842,.F.);
#1102=ORIENTED_EDGE('',*,*,#846,.F.);
#1103=ORIENTED_EDGE('',*,*,#849,.F.);
#1104=ORIENTED_EDGE('',*,*,#852,.F.);
#1105=ORIENTED_EDGE('',*,*,#853,.F.);
#1106=ORIENTED_EDGE('',*,*,#854,.F.);
#1107=ORIENTED_EDGE('',*,*,#855,.F.);
#1108=ORIENTED_EDGE('',*,*,#852,.T.);
#1109=ORIENTED_EDGE('',*,*,#856,.T.);
#1110=ORIENTED_EDGE('',*,*,#857,.F.);
#1111=ORIENTED_EDGE('',*,*,#858,.T.);
#1112=ORIENTED_EDGE('',*,*,#855,.T.);
#1113=ORIENTED_EDGE('',*,*,#859,.T.);
#1114=ORIENTED_EDGE('',*,*,#860,.T.);
#1115=ORIENTED_EDGE('',*,*,#861,.T.);
#1116=ORIENTED_EDGE('',*,*,#862,.F.);
#1117=ORIENTED_EDGE('',*,*,#863,.F.);
#1118=ORIENTED_EDGE('',*,*,#864,.T.);
#1119=ORIENTED_EDGE('',*,*,#865,.T.);
#1120=ORIENTED_EDGE('',*,*,#866,.T.);
#1121=ORIENTED_EDGE('',*,*,#867,.F.);
#1122=ORIENTED_EDGE('',*,*,#868,.F.);
#1123=ORIENTED_EDGE('',*,*,#869,.F.);
#1124=ORIENTED_EDGE('',*,*,#870,.T.);
#1125=ORIENTED_EDGE('',*,*,#871,.T.);
#1126=ORIENTED_EDGE('',*,*,#872,.T.);
#1127=ORIENTED_EDGE('',*,*,#873,.F.);
#1128=ORIENTED_EDGE('',*,*,#874,.F.);
#1129=ORIENTED_EDGE('',*,*,#875,.F.);
#1130=ORIENTED_EDGE('',*,*,#876,.T.);
#1131=ORIENTED_EDGE('',*,*,#877,.T.);
#1132=ORIENTED_EDGE('',*,*,#878,.T.);
#1133=ORIENTED_EDGE('',*,*,#879,.F.);
#1134=ORIENTED_EDGE('',*,*,#880,.F.);
#1135=ORIENTED_EDGE('',*,*,#881,.F.);
#1136=ORIENTED_EDGE('',*,*,#856,.F.);
#1137=ORIENTED_EDGE('',*,*,#860,.F.);
#1138=ORIENTED_EDGE('',*,*,#882,.T.);
#1139=ORIENTED_EDGE('',*,*,#883,.T.);
#1140=ORIENTED_EDGE('',*,*,#884,.F.);
#1141=ORIENTED_EDGE('',*,*,#885,.T.);
#1142=ORIENTED_EDGE('',*,*,#886,.T.);
#1143=ORIENTED_EDGE('',*,*,#887,.F.);
#1144=ORIENTED_EDGE('',*,*,#888,.F.);
#1145=ORIENTED_EDGE('',*,*,#889,.T.);
#1146=ORIENTED_EDGE('',*,*,#888,.T.);
#1147=ORIENTED_EDGE('',*,*,#890,.F.);
#1148=ORIENTED_EDGE('',*,*,#883,.F.);
#1149=ORIENTED_EDGE('',*,*,#891,.T.);
#1150=ORIENTED_EDGE('',*,*,#892,.F.);
#1151=ORIENTED_EDGE('',*,*,#884,.T.);
#1152=ORIENTED_EDGE('',*,*,#890,.T.);
#1153=ORIENTED_EDGE('',*,*,#887,.T.);
#1154=ORIENTED_EDGE('',*,*,#828,.T.);
#1155=ORIENTED_EDGE('',*,*,#838,.T.);
#1156=ORIENTED_EDGE('',*,*,#835,.T.);
#1157=ORIENTED_EDGE('',*,*,#832,.T.);
#1158=ORIENTED_EDGE('',*,*,#840,.T.);
#1159=ORIENTED_EDGE('',*,*,#850,.T.);
#1160=ORIENTED_EDGE('',*,*,#847,.T.);
#1161=ORIENTED_EDGE('',*,*,#844,.T.);
#1162=ORIENTED_EDGE('',*,*,#893,.F.);
#1163=ORIENTED_EDGE('',*,*,#894,.F.);
#1164=ORIENTED_EDGE('',*,*,#895,.F.);
#1165=ORIENTED_EDGE('',*,*,#896,.F.);
#1166=ORIENTED_EDGE('',*,*,#897,.F.);
#1167=ORIENTED_EDGE('',*,*,#896,.T.);
#1168=ORIENTED_EDGE('',*,*,#898,.F.);
#1169=ORIENTED_EDGE('',*,*,#899,.T.);
#1170=ORIENTED_EDGE('',*,*,#853,.T.);
#1171=ORIENTED_EDGE('',*,*,#858,.F.);
#1172=ORIENTED_EDGE('',*,*,#900,.T.);
#1173=ORIENTED_EDGE('',*,*,#901,.F.);
#1174=ORIENTED_EDGE('',*,*,#902,.F.);
#1175=ORIENTED_EDGE('',*,*,#891,.F.);
#1176=ORIENTED_EDGE('',*,*,#886,.F.);
#1177=ORIENTED_EDGE('',*,*,#903,.T.);
#1178=ORIENTED_EDGE('',*,*,#893,.T.);
#1179=ORIENTED_EDGE('',*,*,#897,.T.);
#1180=ORIENTED_EDGE('',*,*,#904,.F.);
#1181=ORIENTED_EDGE('',*,*,#905,.F.);
#1182=ORIENTED_EDGE('',*,*,#906,.F.);
#1183=ORIENTED_EDGE('',*,*,#907,.T.);
#1184=ORIENTED_EDGE('',*,*,#892,.T.);
#1185=ORIENTED_EDGE('',*,*,#902,.T.);
#1186=ORIENTED_EDGE('',*,*,#908,.F.);
#1187=ORIENTED_EDGE('',*,*,#861,.F.);
#1188=ORIENTED_EDGE('',*,*,#863,.T.);
#1189=ORIENTED_EDGE('',*,*,#909,.T.);
#1190=ORIENTED_EDGE('',*,*,#910,.T.);
#1191=ORIENTED_EDGE('',*,*,#911,.T.);
#1192=ORIENTED_EDGE('',*,*,#911,.F.);
#1193=ORIENTED_EDGE('',*,*,#912,.F.);
#1194=ORIENTED_EDGE('',*,*,#913,.F.);
#1195=ORIENTED_EDGE('',*,*,#864,.F.);
#1196=ORIENTED_EDGE('',*,*,#910,.F.);
#1197=ORIENTED_EDGE('',*,*,#914,.F.);
#1198=ORIENTED_EDGE('',*,*,#915,.F.);
#1199=ORIENTED_EDGE('',*,*,#916,.F.);
#1200=ORIENTED_EDGE('',*,*,#905,.T.);
#1201=ORIENTED_EDGE('',*,*,#917,.F.);
#1202=ORIENTED_EDGE('',*,*,#918,.F.);
#1203=ORIENTED_EDGE('',*,*,#919,.T.);
#1204=ORIENTED_EDGE('',*,*,#920,.T.);
#1205=ORIENTED_EDGE('',*,*,#921,.T.);
#1206=ORIENTED_EDGE('',*,*,#922,.F.);
#1207=ORIENTED_EDGE('',*,*,#923,.F.);
#1208=ORIENTED_EDGE('',*,*,#924,.F.);
#1209=ORIENTED_EDGE('',*,*,#925,.T.);
#1210=ORIENTED_EDGE('',*,*,#926,.T.);
#1211=ORIENTED_EDGE('',*,*,#927,.T.);
#1212=ORIENTED_EDGE('',*,*,#928,.F.);
#1213=ORIENTED_EDGE('',*,*,#929,.F.);
#1214=ORIENTED_EDGE('',*,*,#930,.F.);
#1215=ORIENTED_EDGE('',*,*,#931,.T.);
#1216=ORIENTED_EDGE('',*,*,#932,.T.);
#1217=ORIENTED_EDGE('',*,*,#912,.T.);
#1218=ORIENTED_EDGE('',*,*,#930,.T.);
#1219=ORIENTED_EDGE('',*,*,#933,.T.);
#1220=ORIENTED_EDGE('',*,*,#867,.T.);
#1221=ORIENTED_EDGE('',*,*,#934,.T.);
#1222=ORIENTED_EDGE('',*,*,#933,.F.);
#1223=ORIENTED_EDGE('',*,*,#929,.T.);
#1224=ORIENTED_EDGE('',*,*,#935,.F.);
#1225=ORIENTED_EDGE('',*,*,#868,.T.);
#1226=ORIENTED_EDGE('',*,*,#869,.T.);
#1227=ORIENTED_EDGE('',*,*,#935,.T.);
#1228=ORIENTED_EDGE('',*,*,#928,.T.);
#1229=ORIENTED_EDGE('',*,*,#936,.T.);
#1230=ORIENTED_EDGE('',*,*,#936,.F.);
#1231=ORIENTED_EDGE('',*,*,#927,.F.);
#1232=ORIENTED_EDGE('',*,*,#937,.F.);
#1233=ORIENTED_EDGE('',*,*,#870,.F.);
#1234=ORIENTED_EDGE('',*,*,#924,.T.);
#1235=ORIENTED_EDGE('',*,*,#938,.T.);
#1236=ORIENTED_EDGE('',*,*,#873,.T.);
#1237=ORIENTED_EDGE('',*,*,#939,.T.);
#1238=ORIENTED_EDGE('',*,*,#938,.F.);
#1239=ORIENTED_EDGE('',*,*,#923,.T.);
#1240=ORIENTED_EDGE('',*,*,#940,.F.);
#1241=ORIENTED_EDGE('',*,*,#874,.T.);
#1242=ORIENTED_EDGE('',*,*,#875,.T.);
#1243=ORIENTED_EDGE('',*,*,#940,.T.);
#1244=ORIENTED_EDGE('',*,*,#922,.T.);
#1245=ORIENTED_EDGE('',*,*,#941,.T.);
#1246=ORIENTED_EDGE('',*,*,#941,.F.);
#1247=ORIENTED_EDGE('',*,*,#921,.F.);
#1248=ORIENTED_EDGE('',*,*,#942,.F.);
#1249=ORIENTED_EDGE('',*,*,#876,.F.);
#1250=ORIENTED_EDGE('',*,*,#879,.T.);
#1251=ORIENTED_EDGE('',*,*,#943,.T.);
#1252=ORIENTED_EDGE('',*,*,#918,.T.);
#1253=ORIENTED_EDGE('',*,*,#944,.T.);
#1254=ORIENTED_EDGE('',*,*,#943,.F.);
#1255=ORIENTED_EDGE('',*,*,#878,.F.);
#1256=ORIENTED_EDGE('',*,*,#945,.T.);
#1257=ORIENTED_EDGE('',*,*,#919,.F.);
#1258=ORIENTED_EDGE('',*,*,#934,.F.);
#1259=ORIENTED_EDGE('',*,*,#866,.F.);
#1260=ORIENTED_EDGE('',*,*,#946,.T.);
#1261=ORIENTED_EDGE('',*,*,#931,.F.);
#1262=ORIENTED_EDGE('',*,*,#932,.F.);
#1263=ORIENTED_EDGE('',*,*,#946,.F.);
#1264=ORIENTED_EDGE('',*,*,#865,.F.);
#1265=ORIENTED_EDGE('',*,*,#913,.T.);
#1266=ORIENTED_EDGE('',*,*,#939,.F.);
#1267=ORIENTED_EDGE('',*,*,#872,.F.);
#1268=ORIENTED_EDGE('',*,*,#947,.T.);
#1269=ORIENTED_EDGE('',*,*,#925,.F.);
#1270=ORIENTED_EDGE('',*,*,#926,.F.);
#1271=ORIENTED_EDGE('',*,*,#947,.F.);
#1272=ORIENTED_EDGE('',*,*,#871,.F.);
#1273=ORIENTED_EDGE('',*,*,#937,.T.);
#1274=ORIENTED_EDGE('',*,*,#920,.F.);
#1275=ORIENTED_EDGE('',*,*,#945,.F.);
#1276=ORIENTED_EDGE('',*,*,#877,.F.);
#1277=ORIENTED_EDGE('',*,*,#942,.T.);
#1278=ORIENTED_EDGE('',*,*,#948,.T.);
#1279=ORIENTED_EDGE('',*,*,#880,.T.);
#1280=ORIENTED_EDGE('',*,*,#944,.F.);
#1281=ORIENTED_EDGE('',*,*,#917,.T.);
#1282=ORIENTED_EDGE('',*,*,#904,.T.);
#1283=ORIENTED_EDGE('',*,*,#899,.F.);
#1284=ORIENTED_EDGE('',*,*,#949,.T.);
#1285=ORIENTED_EDGE('',*,*,#914,.T.);
#1286=ORIENTED_EDGE('',*,*,#909,.F.);
#1287=ORIENTED_EDGE('',*,*,#862,.T.);
#1288=ORIENTED_EDGE('',*,*,#908,.T.);
#1289=ORIENTED_EDGE('',*,*,#901,.T.);
#1290=ORIENTED_EDGE('',*,*,#895,.T.);
#1291=ORIENTED_EDGE('',*,*,#950,.F.);
#1292=ORIENTED_EDGE('',*,*,#951,.F.);
#1293=ORIENTED_EDGE('',*,*,#915,.T.);
#1294=ORIENTED_EDGE('',*,*,#949,.F.);
#1295=ORIENTED_EDGE('',*,*,#898,.T.);
#1296=ORIENTED_EDGE('',*,*,#894,.T.);
#1297=ORIENTED_EDGE('',*,*,#907,.F.);
#1298=ORIENTED_EDGE('',*,*,#952,.F.);
#1299=ORIENTED_EDGE('',*,*,#950,.T.);
#1300=ORIENTED_EDGE('',*,*,#857,.T.);
#1301=ORIENTED_EDGE('',*,*,#881,.T.);
#1302=ORIENTED_EDGE('',*,*,#948,.F.);
#1303=ORIENTED_EDGE('',*,*,#900,.F.);
#1304=ORIENTED_EDGE('',*,*,#951,.T.);
#1305=ORIENTED_EDGE('',*,*,#952,.T.);
#1306=ORIENTED_EDGE('',*,*,#906,.T.);
#1307=ORIENTED_EDGE('',*,*,#916,.T.);
#1308=ORIENTED_EDGE('',*,*,#854,.T.);
#1309=ORIENTED_EDGE('',*,*,#903,.F.);
#1310=ORIENTED_EDGE('',*,*,#885,.F.);
#1311=ORIENTED_EDGE('',*,*,#889,.F.);
#1312=ORIENTED_EDGE('',*,*,#882,.F.);
#1313=ORIENTED_EDGE('',*,*,#859,.F.);
#1314=ORIENTED_EDGE('',*,*,#953,.F.);
#1315=ORIENTED_EDGE('',*,*,#954,.T.);
#1316=ORIENTED_EDGE('',*,*,#955,.T.);
#1317=ORIENTED_EDGE('',*,*,#956,.F.);
#1318=ORIENTED_EDGE('',*,*,#957,.F.);
#1319=ORIENTED_EDGE('',*,*,#958,.T.);
#1320=ORIENTED_EDGE('',*,*,#959,.T.);
#1321=ORIENTED_EDGE('',*,*,#954,.F.);
#1322=ORIENTED_EDGE('',*,*,#960,.F.);
#1323=ORIENTED_EDGE('',*,*,#961,.T.);
#1324=ORIENTED_EDGE('',*,*,#962,.T.);
#1325=ORIENTED_EDGE('',*,*,#958,.F.);
#1326=ORIENTED_EDGE('',*,*,#963,.F.);
#1327=ORIENTED_EDGE('',*,*,#964,.T.);
#1328=ORIENTED_EDGE('',*,*,#965,.T.);
#1329=ORIENTED_EDGE('',*,*,#961,.F.);
#1330=ORIENTED_EDGE('',*,*,#966,.F.);
#1331=ORIENTED_EDGE('',*,*,#967,.T.);
#1332=ORIENTED_EDGE('',*,*,#968,.T.);
#1333=ORIENTED_EDGE('',*,*,#964,.F.);
#1334=ORIENTED_EDGE('',*,*,#969,.F.);
#1335=ORIENTED_EDGE('',*,*,#956,.T.);
#1336=ORIENTED_EDGE('',*,*,#970,.T.);
#1337=ORIENTED_EDGE('',*,*,#967,.F.);
#1338=ORIENTED_EDGE('',*,*,#970,.F.);
#1339=ORIENTED_EDGE('',*,*,#955,.F.);
#1340=ORIENTED_EDGE('',*,*,#959,.F.);
#1341=ORIENTED_EDGE('',*,*,#962,.F.);
#1342=ORIENTED_EDGE('',*,*,#965,.F.);
#1343=ORIENTED_EDGE('',*,*,#968,.F.);
#1344=ORIENTED_EDGE('',*,*,#971,.F.);
#1345=ORIENTED_EDGE('',*,*,#972,.F.);
#1346=ORIENTED_EDGE('',*,*,#973,.T.);
#1347=ORIENTED_EDGE('',*,*,#974,.T.);
#1348=ORIENTED_EDGE('',*,*,#975,.F.);
#1349=ORIENTED_EDGE('',*,*,#976,.F.);
#1350=ORIENTED_EDGE('',*,*,#977,.T.);
#1351=ORIENTED_EDGE('',*,*,#978,.T.);
#1352=ORIENTED_EDGE('',*,*,#973,.F.);
#1353=ORIENTED_EDGE('',*,*,#979,.F.);
#1354=ORIENTED_EDGE('',*,*,#980,.T.);
#1355=ORIENTED_EDGE('',*,*,#981,.T.);
#1356=ORIENTED_EDGE('',*,*,#977,.F.);
#1357=ORIENTED_EDGE('',*,*,#982,.F.);
#1358=ORIENTED_EDGE('',*,*,#983,.T.);
#1359=ORIENTED_EDGE('',*,*,#984,.T.);
#1360=ORIENTED_EDGE('',*,*,#980,.F.);
#1361=ORIENTED_EDGE('',*,*,#985,.F.);
#1362=ORIENTED_EDGE('',*,*,#986,.T.);
#1363=ORIENTED_EDGE('',*,*,#987,.T.);
#1364=ORIENTED_EDGE('',*,*,#983,.F.);
#1365=ORIENTED_EDGE('',*,*,#988,.F.);
#1366=ORIENTED_EDGE('',*,*,#975,.T.);
#1367=ORIENTED_EDGE('',*,*,#989,.T.);
#1368=ORIENTED_EDGE('',*,*,#986,.F.);
#1369=ORIENTED_EDGE('',*,*,#989,.F.);
#1370=ORIENTED_EDGE('',*,*,#974,.F.);
#1371=ORIENTED_EDGE('',*,*,#978,.F.);
#1372=ORIENTED_EDGE('',*,*,#981,.F.);
#1373=ORIENTED_EDGE('',*,*,#984,.F.);
#1374=ORIENTED_EDGE('',*,*,#987,.F.);
#1375=ORIENTED_EDGE('',*,*,#990,.F.);
#1376=ORIENTED_EDGE('',*,*,#990,.T.);
#1377=ORIENTED_EDGE('',*,*,#991,.T.);
#1378=ORIENTED_EDGE('',*,*,#992,.F.);
#1379=ORIENTED_EDGE('',*,*,#991,.F.);
#1380=ORIENTED_EDGE('',*,*,#971,.T.);
#1381=ORIENTED_EDGE('',*,*,#993,.T.);
#1382=ORIENTED_EDGE('',*,*,#994,.F.);
#1383=ORIENTED_EDGE('',*,*,#993,.F.);
#1384=ORIENTED_EDGE('',*,*,#995,.F.);
#1385=ORIENTED_EDGE('',*,*,#996,.T.);
#1386=ORIENTED_EDGE('',*,*,#997,.T.);
#1387=ORIENTED_EDGE('',*,*,#998,.F.);
#1388=ORIENTED_EDGE('',*,*,#999,.F.);
#1389=ORIENTED_EDGE('',*,*,#1000,.T.);
#1390=ORIENTED_EDGE('',*,*,#1001,.T.);
#1391=ORIENTED_EDGE('',*,*,#996,.F.);
#1392=ORIENTED_EDGE('',*,*,#1002,.F.);
#1393=ORIENTED_EDGE('',*,*,#1003,.T.);
#1394=ORIENTED_EDGE('',*,*,#1004,.T.);
#1395=ORIENTED_EDGE('',*,*,#1000,.F.);
#1396=ORIENTED_EDGE('',*,*,#1005,.F.);
#1397=ORIENTED_EDGE('',*,*,#998,.T.);
#1398=ORIENTED_EDGE('',*,*,#1006,.T.);
#1399=ORIENTED_EDGE('',*,*,#1003,.F.);
#1400=ORIENTED_EDGE('',*,*,#1006,.F.);
#1401=ORIENTED_EDGE('',*,*,#997,.F.);
#1402=ORIENTED_EDGE('',*,*,#1001,.F.);
#1403=ORIENTED_EDGE('',*,*,#1004,.F.);
#1404=ORIENTED_EDGE('',*,*,#1007,.F.);
#1405=ORIENTED_EDGE('',*,*,#1008,.T.);
#1406=ORIENTED_EDGE('',*,*,#1009,.T.);
#1407=ORIENTED_EDGE('',*,*,#1010,.F.);
#1408=ORIENTED_EDGE('',*,*,#1011,.F.);
#1409=ORIENTED_EDGE('',*,*,#1012,.T.);
#1410=ORIENTED_EDGE('',*,*,#1013,.T.);
#1411=ORIENTED_EDGE('',*,*,#1008,.F.);
#1412=ORIENTED_EDGE('',*,*,#1014,.F.);
#1413=ORIENTED_EDGE('',*,*,#1010,.T.);
#1414=ORIENTED_EDGE('',*,*,#1015,.T.);
#1415=ORIENTED_EDGE('',*,*,#1016,.F.);
#1416=ORIENTED_EDGE('',*,*,#1015,.F.);
#1417=ORIENTED_EDGE('',*,*,#1009,.F.);
#1418=ORIENTED_EDGE('',*,*,#1013,.F.);
#1419=ORIENTED_EDGE('',*,*,#1017,.F.);
#1420=ORIENTED_EDGE('',*,*,#1018,.F.);
#1421=ORIENTED_EDGE('',*,*,#1019,.F.);
#1422=ORIENTED_EDGE('',*,*,#1020,.T.);
#1423=ORIENTED_EDGE('',*,*,#1021,.T.);
#1424=ORIENTED_EDGE('',*,*,#995,.T.);
#1425=ORIENTED_EDGE('',*,*,#1005,.T.);
#1426=ORIENTED_EDGE('',*,*,#1002,.T.);
#1427=ORIENTED_EDGE('',*,*,#999,.T.);
#1428=ORIENTED_EDGE('',*,*,#1022,.F.);
#1429=ORIENTED_EDGE('',*,*,#1023,.F.);
#1430=ORIENTED_EDGE('',*,*,#1024,.T.);
#1431=ORIENTED_EDGE('',*,*,#1025,.T.);
#1432=ORIENTED_EDGE('',*,*,#1024,.F.);
#1433=ORIENTED_EDGE('',*,*,#1026,.F.);
#1434=ORIENTED_EDGE('',*,*,#1027,.F.);
#1435=ORIENTED_EDGE('',*,*,#1020,.F.);
#1436=ORIENTED_EDGE('',*,*,#1026,.T.);
#1437=ORIENTED_EDGE('',*,*,#1023,.T.);
#1438=ORIENTED_EDGE('',*,*,#1028,.F.);
#1439=ORIENTED_EDGE('',*,*,#1029,.F.);
#1440=ORIENTED_EDGE('',*,*,#1030,.T.);
#1441=ORIENTED_EDGE('',*,*,#1031,.T.);
#1442=ORIENTED_EDGE('',*,*,#1032,.T.);
#1443=ORIENTED_EDGE('',*,*,#1033,.T.);
#1444=ORIENTED_EDGE('',*,*,#1034,.F.);
#1445=ORIENTED_EDGE('',*,*,#1035,.T.);
#1446=ORIENTED_EDGE('',*,*,#1036,.T.);
#1447=ORIENTED_EDGE('',*,*,#1031,.F.);
#1448=ORIENTED_EDGE('',*,*,#1037,.F.);
#1449=ORIENTED_EDGE('',*,*,#1038,.T.);
#1450=ORIENTED_EDGE('',*,*,#1039,.T.);
#1451=ORIENTED_EDGE('',*,*,#1035,.F.);
#1452=ORIENTED_EDGE('',*,*,#1014,.T.);
#1453=ORIENTED_EDGE('',*,*,#1040,.T.);
#1454=ORIENTED_EDGE('',*,*,#1041,.F.);
#1455=ORIENTED_EDGE('',*,*,#1042,.F.);
#1456=ORIENTED_EDGE('',*,*,#1043,.T.);
#1457=ORIENTED_EDGE('',*,*,#1044,.T.);
#1458=ORIENTED_EDGE('',*,*,#1011,.T.);
#1459=ORIENTED_EDGE('',*,*,#1007,.T.);
#1460=ORIENTED_EDGE('',*,*,#953,.T.);
#1461=ORIENTED_EDGE('',*,*,#969,.T.);
#1462=ORIENTED_EDGE('',*,*,#966,.T.);
#1463=ORIENTED_EDGE('',*,*,#963,.T.);
#1464=ORIENTED_EDGE('',*,*,#960,.T.);
#1465=ORIENTED_EDGE('',*,*,#957,.T.);
#1466=ORIENTED_EDGE('',*,*,#972,.T.);
#1467=ORIENTED_EDGE('',*,*,#988,.T.);
#1468=ORIENTED_EDGE('',*,*,#985,.T.);
#1469=ORIENTED_EDGE('',*,*,#982,.T.);
#1470=ORIENTED_EDGE('',*,*,#979,.T.);
#1471=ORIENTED_EDGE('',*,*,#976,.T.);
#1472=ORIENTED_EDGE('',*,*,#1044,.F.);
#1473=ORIENTED_EDGE('',*,*,#1045,.F.);
#1474=ORIENTED_EDGE('',*,*,#1032,.F.);
#1475=ORIENTED_EDGE('',*,*,#1036,.F.);
#1476=ORIENTED_EDGE('',*,*,#1039,.F.);
#1477=ORIENTED_EDGE('',*,*,#1040,.F.);
#1478=ORIENTED_EDGE('',*,*,#1016,.T.);
#1479=ORIENTED_EDGE('',*,*,#1017,.T.);
#1480=ORIENTED_EDGE('',*,*,#1012,.F.);
#1481=ORIENTED_EDGE('',*,*,#1027,.T.);
#1482=ORIENTED_EDGE('',*,*,#1033,.F.);
#1483=ORIENTED_EDGE('',*,*,#1045,.T.);
#1484=ORIENTED_EDGE('',*,*,#1046,.T.);
#1485=ORIENTED_EDGE('',*,*,#1047,.F.);
#1486=ORIENTED_EDGE('',*,*,#1048,.T.);
#1487=ORIENTED_EDGE('',*,*,#1049,.F.);
#1488=ORIENTED_EDGE('',*,*,#1050,.F.);
#1489=ORIENTED_EDGE('',*,*,#1051,.F.);
#1490=ORIENTED_EDGE('',*,*,#1050,.T.);
#1491=ORIENTED_EDGE('',*,*,#1052,.F.);
#1492=ORIENTED_EDGE('',*,*,#1025,.F.);
#1493=ORIENTED_EDGE('',*,*,#1053,.F.);
#1494=ORIENTED_EDGE('',*,*,#1038,.F.);
#1495=ORIENTED_EDGE('',*,*,#1054,.F.);
#1496=ORIENTED_EDGE('',*,*,#1041,.T.);
#1497=ORIENTED_EDGE('',*,*,#1053,.T.);
#1498=ORIENTED_EDGE('',*,*,#1019,.T.);
#1499=ORIENTED_EDGE('',*,*,#1055,.F.);
#1500=ORIENTED_EDGE('',*,*,#1048,.F.);
#1501=ORIENTED_EDGE('',*,*,#1056,.F.);
#1502=ORIENTED_EDGE('',*,*,#1057,.T.);
#1503=ORIENTED_EDGE('',*,*,#1058,.F.);
#1504=ORIENTED_EDGE('',*,*,#1021,.F.);
#1505=ORIENTED_EDGE('',*,*,#1046,.F.);
#1506=ORIENTED_EDGE('',*,*,#1043,.F.);
#1507=ORIENTED_EDGE('',*,*,#1059,.F.);
#1508=ORIENTED_EDGE('',*,*,#1029,.T.);
#1509=ORIENTED_EDGE('',*,*,#1060,.F.);
#1510=ORIENTED_EDGE('',*,*,#1061,.F.);
#1511=ORIENTED_EDGE('',*,*,#1062,.F.);
#1512=ORIENTED_EDGE('',*,*,#1061,.T.);
#1513=ORIENTED_EDGE('',*,*,#1063,.F.);
#1514=ORIENTED_EDGE('',*,*,#1057,.F.);
#1515=ORIENTED_EDGE('',*,*,#992,.T.);
#1516=ORIENTED_EDGE('',*,*,#994,.T.);
#1517=ORIENTED_EDGE('',*,*,#1034,.T.);
#1518=ORIENTED_EDGE('',*,*,#1030,.F.);
#1519=ORIENTED_EDGE('',*,*,#1059,.T.);
#1520=ORIENTED_EDGE('',*,*,#1062,.T.);
#1521=ORIENTED_EDGE('',*,*,#1056,.T.);
#1522=ORIENTED_EDGE('',*,*,#1042,.T.);
#1523=ORIENTED_EDGE('',*,*,#1054,.T.);
#1524=ORIENTED_EDGE('',*,*,#1047,.T.);
#1525=ORIENTED_EDGE('',*,*,#1051,.T.);
#1526=ORIENTED_EDGE('',*,*,#1037,.T.);
#1527=ORIENTED_EDGE('',*,*,#1018,.T.);
#1528=ORIENTED_EDGE('',*,*,#1058,.T.);
#1529=ORIENTED_EDGE('',*,*,#1063,.T.);
#1530=ORIENTED_EDGE('',*,*,#1060,.T.);
#1531=ORIENTED_EDGE('',*,*,#1028,.T.);
#1532=ORIENTED_EDGE('',*,*,#1022,.T.);
#1533=ORIENTED_EDGE('',*,*,#1052,.T.);
#1534=ORIENTED_EDGE('',*,*,#1049,.T.);
#1535=ORIENTED_EDGE('',*,*,#1055,.T.);
#1536=PLANE('',#1719);
#1537=PLANE('',#1720);
#1538=PLANE('',#1721);
#1539=PLANE('',#1722);
#1540=PLANE('',#1723);
#1541=PLANE('',#1724);
#1542=PLANE('',#1725);
#1543=PLANE('',#1726);
#1544=PLANE('',#1727);
#1545=PLANE('',#1728);
#1546=PLANE('',#1729);
#1547=PLANE('',#1730);
#1548=PLANE('',#1731);
#1549=PLANE('',#1738);
#1550=PLANE('',#1739);
#1551=PLANE('',#1740);
#1552=PLANE('',#1741);
#1553=PLANE('',#1742);
#1554=PLANE('',#1743);
#1555=PLANE('',#1744);
#1556=PLANE('',#1745);
#1557=PLANE('',#1746);
#1558=PLANE('',#1749);
#1559=PLANE('',#1750);
#1560=PLANE('',#1757);
#1561=PLANE('',#1759);
#1562=PLANE('',#1761);
#1563=PLANE('',#1763);
#1564=PLANE('',#1765);
#1565=PLANE('',#1766);
#1566=PLANE('',#1767);
#1567=PLANE('',#1768);
#1568=PLANE('',#1769);
#1569=PLANE('',#1770);
#1570=PLANE('',#1771);
#1571=PLANE('',#1772);
#1572=PLANE('',#1773);
#1573=PLANE('',#1774);
#1574=PLANE('',#1775);
#1575=PLANE('',#1776);
#1576=PLANE('',#1777);
#1577=PLANE('',#1778);
#1578=PLANE('',#1779);
#1579=PLANE('',#1780);
#1580=PLANE('',#1781);
#1581=PLANE('',#1782);
#1582=PLANE('',#1783);
#1583=PLANE('',#1785);
#1584=PLANE('',#1786);
#1585=PLANE('',#1787);
#1586=PLANE('',#1788);
#1587=PLANE('',#1789);
#1588=PLANE('',#1790);
#1589=PLANE('',#1791);
#1590=PLANE('',#1797);
#1591=PLANE('',#1798);
#1592=PLANE('',#1799);
#1593=PLANE('',#1800);
#1594=PLANE('',#1801);
#1595=PLANE('',#1802);
#1596=PLANE('',#1803);
#1597=PLANE('',#1804);
#1598=PLANE('',#1805);
#1599=PLANE('',#1806);
#1600=PLANE('',#1807);
#1601=PLANE('',#1808);
#1602=PLANE('',#1809);
#1603=PLANE('',#1810);
#1604=PLANE('',#1811);
#1605=PLANE('',#1812);
#1606=PLANE('',#1813);
#1607=PLANE('',#1814);
#1608=PLANE('',#1815);
#1609=PLANE('',#1816);
#1610=PLANE('',#1817);
#1611=PLANE('',#1818);
#1612=PLANE('',#1819);
#1613=PLANE('',#1820);
#1614=PLANE('',#1821);
#1615=PLANE('',#1822);
#1616=ADVANCED_FACE('',(#50),#1536,.F.);
#1617=ADVANCED_FACE('',(#51),#1537,.F.);
#1618=ADVANCED_FACE('',(#52),#1538,.F.);
#1619=ADVANCED_FACE('',(#53),#1539,.F.);
#1620=ADVANCED_FACE('',(#54),#1540,.F.);
#1621=ADVANCED_FACE('',(#55),#1541,.F.);
#1622=ADVANCED_FACE('',(#56),#1542,.F.);
#1623=ADVANCED_FACE('',(#57),#1543,.F.);
#1624=ADVANCED_FACE('',(#58),#1544,.F.);
#1625=ADVANCED_FACE('',(#59),#1545,.F.);
#1626=ADVANCED_FACE('',(#60),#1546,.F.);
#1627=ADVANCED_FACE('',(#61),#1547,.T.);
#1628=ADVANCED_FACE('',(#62),#1548,.T.);
#1629=ADVANCED_FACE('',(#63),#1549,.T.);
#1630=ADVANCED_FACE('',(#64),#1550,.T.);
#1631=ADVANCED_FACE('',(#65),#1551,.T.);
#1632=ADVANCED_FACE('',(#66,#25,#26),#1552,.T.);
#1633=ADVANCED_FACE('',(#67),#1553,.T.);
#1634=ADVANCED_FACE('',(#68),#1554,.T.);
#1635=ADVANCED_FACE('',(#69),#1555,.T.);
#1636=ADVANCED_FACE('',(#70),#1556,.T.);
#1637=ADVANCED_FACE('',(#71),#1557,.T.);
#1638=ADVANCED_FACE('',(#72),#17,.T.);
#1639=ADVANCED_FACE('',(#73),#1558,.F.);
#1640=ADVANCED_FACE('',(#74),#1559,.T.);
#1641=ADVANCED_FACE('',(#75),#18,.T.);
#1642=ADVANCED_FACE('',(#76),#1560,.T.);
#1643=ADVANCED_FACE('',(#77),#19,.T.);
#1644=ADVANCED_FACE('',(#78),#1561,.F.);
#1645=ADVANCED_FACE('',(#79),#20,.T.);
#1646=ADVANCED_FACE('',(#80),#1562,.T.);
#1647=ADVANCED_FACE('',(#81),#21,.T.);
#1648=ADVANCED_FACE('',(#82),#1563,.F.);
#1649=ADVANCED_FACE('',(#83),#22,.T.);
#1650=ADVANCED_FACE('',(#84),#1564,.F.);
#1651=ADVANCED_FACE('',(#85),#1565,.F.);
#1652=ADVANCED_FACE('',(#86),#1566,.F.);
#1653=ADVANCED_FACE('',(#87),#1567,.F.);
#1654=ADVANCED_FACE('',(#88),#1568,.F.);
#1655=ADVANCED_FACE('',(#89),#1569,.F.);
#1656=ADVANCED_FACE('',(#90),#1570,.T.);
#1657=ADVANCED_FACE('',(#91),#1571,.T.);
#1658=ADVANCED_FACE('',(#92),#1572,.T.);
#1659=ADVANCED_FACE('',(#93),#1573,.T.);
#1660=ADVANCED_FACE('',(#94),#1574,.T.);
#1661=ADVANCED_FACE('',(#95),#1575,.F.);
#1662=ADVANCED_FACE('',(#96),#1576,.F.);
#1663=ADVANCED_FACE('',(#97),#1577,.F.);
#1664=ADVANCED_FACE('',(#98),#1578,.F.);
#1665=ADVANCED_FACE('',(#99),#1579,.F.);
#1666=ADVANCED_FACE('',(#100),#1580,.F.);
#1667=ADVANCED_FACE('',(#101),#1581,.F.);
#1668=ADVANCED_FACE('',(#102,#27),#1582,.T.);
#1669=ADVANCED_FACE('',(#103),#1583,.F.);
#1670=ADVANCED_FACE('',(#104),#1584,.F.);
#1671=ADVANCED_FACE('',(#105),#1585,.F.);
#1672=ADVANCED_FACE('',(#106),#1586,.F.);
#1673=ADVANCED_FACE('',(#107),#1587,.F.);
#1674=ADVANCED_FACE('',(#108),#1588,.F.);
#1675=ADVANCED_FACE('',(#109,#28),#1589,.T.);
#1676=ADVANCED_FACE('',(#110),#23,.F.);
#1677=ADVANCED_FACE('',(#111),#24,.F.);
#1678=ADVANCED_FACE('',(#112),#1590,.F.);
#1679=ADVANCED_FACE('',(#113),#1591,.F.);
#1680=ADVANCED_FACE('',(#114),#1592,.F.);
#1681=ADVANCED_FACE('',(#115),#1593,.F.);
#1682=ADVANCED_FACE('',(#116),#1594,.F.);
#1683=ADVANCED_FACE('',(#117),#1595,.F.);
#1684=ADVANCED_FACE('',(#118),#1596,.F.);
#1685=ADVANCED_FACE('',(#119),#1597,.F.);
#1686=ADVANCED_FACE('',(#120),#1598,.F.);
#1687=ADVANCED_FACE('',(#121,#29),#1599,.F.);
#1688=ADVANCED_FACE('',(#122),#1600,.F.);
#1689=ADVANCED_FACE('',(#123),#1601,.F.);
#1690=ADVANCED_FACE('',(#124),#1602,.T.);
#1691=ADVANCED_FACE('',(#125),#1603,.F.);
#1692=ADVANCED_FACE('',(#126),#1604,.F.);
#1693=ADVANCED_FACE('',(#127,#30,#31),#1605,.F.);
#1694=ADVANCED_FACE('',(#128),#1606,.F.);
#1695=ADVANCED_FACE('',(#129),#1607,.T.);
#1696=ADVANCED_FACE('',(#130),#1608,.T.);
#1697=ADVANCED_FACE('',(#131),#1609,.T.);
#1698=ADVANCED_FACE('',(#132),#1610,.T.);
#1699=ADVANCED_FACE('',(#133),#1611,.T.);
#1700=ADVANCED_FACE('',(#134),#1612,.T.);
#1701=ADVANCED_FACE('',(#135,#32,#33),#1613,.T.);
#1702=ADVANCED_FACE('',(#136),#1614,.T.);
#1703=ADVANCED_FACE('',(#137),#1615,.T.);
#1704=CLOSED_SHELL('',(#1616,#1617,#1618,#1619,#1620,#1621,#1622,#1623,
#1624,#1625,#1626,#1627,#1628,#1629,#1630,#1631,#1632,#1633,#1634,#1635,
#1636,#1637,#1638,#1639,#1640,#1641,#1642,#1643,#1644,#1645,#1646,#1647,
#1648,#1649,#1650,#1651,#1652,#1653,#1654,#1655,#1656,#1657,#1658,#1659,
#1660,#1661));
#1705=CLOSED_SHELL('',(#1662,#1663,#1664,#1665,#1666,#1667,#1668,#1669,
#1670,#1671,#1672,#1673,#1674,#1675,#1676,#1677,#1678,#1679,#1680,#1681,
#1682,#1683,#1684,#1685,#1686,#1687,#1688,#1689,#1690,#1691,#1692,#1693,
#1694,#1695,#1696,#1697,#1698,#1699,#1700,#1701,#1702,#1703));
#1706=DERIVED_UNIT_ELEMENT(#1708,1.);
#1707=DERIVED_UNIT_ELEMENT(#2736,-3.);
#1708=(
MASS_UNIT()
NAMED_UNIT(*)
SI_UNIT(.KILO.,.GRAM.)
);
#1709=DERIVED_UNIT((#1706,#1707));
#1710=MEASURE_REPRESENTATION_ITEM('density measure',
POSITIVE_RATIO_MEASURE(7850.),#1709);
#1711=PROPERTY_DEFINITION_REPRESENTATION(#1716,#1713);
#1712=PROPERTY_DEFINITION_REPRESENTATION(#1717,#1714);
#1713=REPRESENTATION('material name',(#1715),#2733);
#1714=REPRESENTATION('density',(#1710),#2733);
#1715=DESCRIPTIVE_REPRESENTATION_ITEM('Acier','Acier');
#1716=PROPERTY_DEFINITION('material property','material name',#2743);
#1717=PROPERTY_DEFINITION('material property','density of part',#2743);
#1718=AXIS2_PLACEMENT_3D('',#2253,#1823,#1824);
#1719=AXIS2_PLACEMENT_3D('',#2254,#1825,#1826);
#1720=AXIS2_PLACEMENT_3D('',#2263,#1831,#1832);
#1721=AXIS2_PLACEMENT_3D('',#2269,#1836,#1837);
#1722=AXIS2_PLACEMENT_3D('',#2275,#1841,#1842);
#1723=AXIS2_PLACEMENT_3D('',#2278,#1845,#1846);
#1724=AXIS2_PLACEMENT_3D('',#2279,#1847,#1848);
#1725=AXIS2_PLACEMENT_3D('',#2288,#1853,#1854);
#1726=AXIS2_PLACEMENT_3D('',#2294,#1858,#1859);
#1727=AXIS2_PLACEMENT_3D('',#2300,#1863,#1864);
#1728=AXIS2_PLACEMENT_3D('',#2303,#1867,#1868);
#1729=AXIS2_PLACEMENT_3D('',#2304,#1869,#1870);
#1730=AXIS2_PLACEMENT_3D('',#2313,#1875,#1876);
#1731=AXIS2_PLACEMENT_3D('',#2319,#1880,#1881);
#1732=AXIS2_PLACEMENT_3D('',#2329,#1886,#1887);
#1733=AXIS2_PLACEMENT_3D('',#2337,#1891,#1892);
#1734=AXIS2_PLACEMENT_3D('',#2341,#1894,#1895);
#1735=AXIS2_PLACEMENT_3D('',#2349,#1899,#1900);
#1736=AXIS2_PLACEMENT_3D('',#2353,#1902,#1903);
#1737=AXIS2_PLACEMENT_3D('',#2361,#1907,#1908);
#1738=AXIS2_PLACEMENT_3D('',#2365,#1911,#1912);
#1739=AXIS2_PLACEMENT_3D('',#2371,#1916,#1917);
#1740=AXIS2_PLACEMENT_3D('',#2380,#1922,#1923);
#1741=AXIS2_PLACEMENT_3D('',#2383,#1926,#1927);
#1742=AXIS2_PLACEMENT_3D('',#2387,#1930,#1931);
#1743=AXIS2_PLACEMENT_3D('',#2396,#1936,#1937);
#1744=AXIS2_PLACEMENT_3D('',#2402,#1941,#1942);
#1745=AXIS2_PLACEMENT_3D('',#2409,#1947,#1948);
#1746=AXIS2_PLACEMENT_3D('',#2417,#1953,#1954);
#1747=AXIS2_PLACEMENT_3D('',#2419,#1956,#1957);
#1748=AXIS2_PLACEMENT_3D('',#2423,#1959,#1960);
#1749=AXIS2_PLACEMENT_3D('',#2425,#1962,#1963);
#1750=AXIS2_PLACEMENT_3D('',#2429,#1966,#1967);
#1751=AXIS2_PLACEMENT_3D('',#2438,#1972,#1973);
#1752=AXIS2_PLACEMENT_3D('',#2446,#1977,#1978);
#1753=AXIS2_PLACEMENT_3D('',#2450,#1980,#1981);
#1754=AXIS2_PLACEMENT_3D('',#2458,#1985,#1986);
#1755=AXIS2_PLACEMENT_3D('',#2462,#1988,#1989);
#1756=AXIS2_PLACEMENT_3D('',#2466,#1992,#1993);
#1757=AXIS2_PLACEMENT_3D('',#2469,#1996,#1997);
#1758=AXIS2_PLACEMENT_3D('',#2471,#1999,#2000);
#1759=AXIS2_PLACEMENT_3D('',#2473,#2002,#2003);
#1760=AXIS2_PLACEMENT_3D('',#2475,#2005,#2006);
#1761=AXIS2_PLACEMENT_3D('',#2478,#2009,#2010);
#1762=AXIS2_PLACEMENT_3D('',#2480,#2012,#2013);
#1763=AXIS2_PLACEMENT_3D('',#2482,#2015,#2016);
#1764=AXIS2_PLACEMENT_3D('',#2484,#2018,#2019);
#1765=AXIS2_PLACEMENT_3D('',#2487,#2022,#2023);
#1766=AXIS2_PLACEMENT_3D('',#2489,#2025,#2026);
#1767=AXIS2_PLACEMENT_3D('',#2491,#2028,#2029);
#1768=AXIS2_PLACEMENT_3D('',#2492,#2030,#2031);
#1769=AXIS2_PLACEMENT_3D('',#2494,#2033,#2034);
#1770=AXIS2_PLACEMENT_3D('',#2495,#2035,#2036);
#1771=AXIS2_PLACEMENT_3D('',#2496,#2037,#2038);
#1772=AXIS2_PLACEMENT_3D('',#2499,#2041,#2042);
#1773=AXIS2_PLACEMENT_3D('',#2503,#2045,#2046);
#1774=AXIS2_PLACEMENT_3D('',#2505,#2048,#2049);
#1775=AXIS2_PLACEMENT_3D('',#2506,#2050,#2051);
#1776=AXIS2_PLACEMENT_3D('',#2507,#2052,#2053);
#1777=AXIS2_PLACEMENT_3D('',#2508,#2054,#2055);
#1778=AXIS2_PLACEMENT_3D('',#2517,#2060,#2061);
#1779=AXIS2_PLACEMENT_3D('',#2523,#2065,#2066);
#1780=AXIS2_PLACEMENT_3D('',#2529,#2070,#2071);
#1781=AXIS2_PLACEMENT_3D('',#2535,#2075,#2076);
#1782=AXIS2_PLACEMENT_3D('',#2541,#2080,#2081);
#1783=AXIS2_PLACEMENT_3D('',#2544,#2084,#2085);
#1784=AXIS2_PLACEMENT_3D('',#2546,#2086,#2087);
#1785=AXIS2_PLACEMENT_3D('',#2547,#2088,#2089);
#1786=AXIS2_PLACEMENT_3D('',#2556,#2094,#2095);
#1787=AXIS2_PLACEMENT_3D('',#2562,#2099,#2100);
#1788=AXIS2_PLACEMENT_3D('',#2568,#2104,#2105);
#1789=AXIS2_PLACEMENT_3D('',#2574,#2109,#2110);
#1790=AXIS2_PLACEMENT_3D('',#2580,#2114,#2115);
#1791=AXIS2_PLACEMENT_3D('',#2583,#2118,#2119);
#1792=AXIS2_PLACEMENT_3D('',#2585,#2120,#2121);
#1793=AXIS2_PLACEMENT_3D('',#2586,#2122,#2123);
#1794=AXIS2_PLACEMENT_3D('',#2589,#2125,#2126);
#1795=AXIS2_PLACEMENT_3D('',#2590,#2127,#2128);
#1796=AXIS2_PLACEMENT_3D('',#2593,#2130,#2131);
#1797=AXIS2_PLACEMENT_3D('',#2594,#2132,#2133);
#1798=AXIS2_PLACEMENT_3D('',#2603,#2138,#2139);
#1799=AXIS2_PLACEMENT_3D('',#2609,#2143,#2144);
#1800=AXIS2_PLACEMENT_3D('',#2615,#2148,#2149);
#1801=AXIS2_PLACEMENT_3D('',#2618,#2152,#2153);
#1802=AXIS2_PLACEMENT_3D('',#2619,#2154,#2155);
#1803=AXIS2_PLACEMENT_3D('',#2628,#2160,#2161);
#1804=AXIS2_PLACEMENT_3D('',#2634,#2165,#2166);
#1805=AXIS2_PLACEMENT_3D('',#2640,#2170,#2171);
#1806=AXIS2_PLACEMENT_3D('',#2642,#2173,#2174);
#1807=AXIS2_PLACEMENT_3D('',#2651,#2179,#2180);
#1808=AXIS2_PLACEMENT_3D('',#2658,#2185,#2186);
#1809=AXIS2_PLACEMENT_3D('',#2662,#2189,#2190);
#1810=AXIS2_PLACEMENT_3D('',#2674,#2197,#2198);
#1811=AXIS2_PLACEMENT_3D('',#2680,#2202,#2203);
#1812=AXIS2_PLACEMENT_3D('',#2686,#2207,#2208);
#1813=AXIS2_PLACEMENT_3D('',#2694,#2214,#2215);
#1814=AXIS2_PLACEMENT_3D('',#2696,#2217,#2218);
#1815=AXIS2_PLACEMENT_3D('',#2698,#2220,#2221);
#1816=AXIS2_PLACEMENT_3D('',#2707,#2226,#2227);
#1817=AXIS2_PLACEMENT_3D('',#2711,#2231,#2232);
#1818=AXIS2_PLACEMENT_3D('',#2714,#2235,#2236);
#1819=AXIS2_PLACEMENT_3D('',#2720,#2240,#2241);
#1820=AXIS2_PLACEMENT_3D('',#2726,#2245,#2246);
#1821=AXIS2_PLACEMENT_3D('',#2729,#2249,#2250);
#1822=AXIS2_PLACEMENT_3D('',#2730,#2251,#2252);
#1823=DIRECTION('axis',(0.,0.,1.));
#1824=DIRECTION('refdir',(1.,0.,0.));
#1825=DIRECTION('center_axis',(-1.,0.,0.));
#1826=DIRECTION('ref_axis',(0.,0.,-1.));
#1827=DIRECTION('',(0.,0.,-1.));
#1828=DIRECTION('',(0.,-1.,0.));
#1829=DIRECTION('',(0.,0.,-1.));
#1830=DIRECTION('',(0.,-1.,0.));
#1831=DIRECTION('center_axis',(0.,0.,1.));
#1832=DIRECTION('ref_axis',(-1.,0.,0.));
#1833=DIRECTION('',(-1.,0.,0.));
#1834=DIRECTION('',(0.,-1.,0.));
#1835=DIRECTION('',(-1.,0.,0.));
#1836=DIRECTION('center_axis',(1.,0.,0.));
#1837=DIRECTION('ref_axis',(0.,0.,1.));
#1838=DIRECTION('',(0.,0.,1.));
#1839=DIRECTION('',(0.,-1.,0.));
#1840=DIRECTION('',(0.,0.,1.));
#1841=DIRECTION('center_axis',(0.,0.,-1.));
#1842=DIRECTION('ref_axis',(1.,0.,0.));
#1843=DIRECTION('',(1.,0.,0.));
#1844=DIRECTION('',(1.,0.,0.));
#1845=DIRECTION('center_axis',(0.,-1.,0.));
#1846=DIRECTION('ref_axis',(0.,0.,-1.));
#1847=DIRECTION('center_axis',(0.,0.,1.));
#1848=DIRECTION('ref_axis',(-1.,0.,0.));
#1849=DIRECTION('',(-1.,0.,0.));
#1850=DIRECTION('',(0.,-1.,0.));
#1851=DIRECTION('',(-1.,0.,0.));
#1852=DIRECTION('',(0.,-1.,0.));
#1853=DIRECTION('center_axis',(1.,0.,0.));
#1854=DIRECTION('ref_axis',(0.,0.,1.));
#1855=DIRECTION('',(0.,0.,1.));
#1856=DIRECTION('',(0.,-1.,0.));
#1857=DIRECTION('',(0.,0.,1.));
#1858=DIRECTION('center_axis',(0.,0.,-1.));
#1859=DIRECTION('ref_axis',(1.,0.,0.));
#1860=DIRECTION('',(1.,0.,0.));
#1861=DIRECTION('',(0.,-1.,0.));
#1862=DIRECTION('',(1.,0.,0.));
#1863=DIRECTION('center_axis',(-1.,0.,0.));
#1864=DIRECTION('ref_axis',(0.,0.,-1.));
#1865=DIRECTION('',(0.,0.,-1.));
#1866=DIRECTION('',(0.,0.,-1.));
#1867=DIRECTION('center_axis',(0.,-1.,0.));
#1868=DIRECTION('ref_axis',(0.,0.,-1.));
#1869=DIRECTION('center_axis',(0.,0.,-1.));
#1870=DIRECTION('ref_axis',(-1.,0.,0.));
#1871=DIRECTION('',(1.,0.,0.));
#1872=DIRECTION('',(0.,1.,0.));
#1873=DIRECTION('',(-1.,0.,0.));
#1874=DIRECTION('',(0.,-1.,0.));
#1875=DIRECTION('center_axis',(0.,1.,0.));
#1876=DIRECTION('ref_axis',(0.,0.,1.));
#1877=DIRECTION('',(7.65671111659986E-16,0.,-1.));
#1878=DIRECTION('',(1.,0.,0.));
#1879=DIRECTION('',(0.,0.,1.));
#1880=DIRECTION('center_axis',(1.,0.,0.));
#1881=DIRECTION('ref_axis',(0.,0.,-1.));
#1882=DIRECTION('',(0.,0.,-1.));
#1883=DIRECTION('',(0.,1.,0.));
#1884=DIRECTION('',(0.,1.,0.));
#1885=DIRECTION('',(0.,0.,-1.));
#1886=DIRECTION('center_axis',(-1.,0.,0.));
#1887=DIRECTION('ref_axis',(0.,0.707106781186548,0.707106781186547));
#1888=DIRECTION('',(0.,-1.,0.));
#1889=DIRECTION('',(0.,0.,1.));
#1890=DIRECTION('',(0.,1.,0.));
#1891=DIRECTION('center_axis',(-1.,0.,0.));
#1892=DIRECTION('ref_axis',(0.,0.707106781186547,-0.707106781186548));
#1893=DIRECTION('',(0.,0.,-1.));
#1894=DIRECTION('center_axis',(-1.,0.,0.));
#1895=DIRECTION('ref_axis',(0.,0.707106781186548,0.707106781186548));
#1896=DIRECTION('',(0.,-1.,-6.16790569236199E-16));
#1897=DIRECTION('',(0.,0.,1.));
#1898=DIRECTION('',(0.,1.,3.66219400483992E-16));
#1899=DIRECTION('center_axis',(-1.,0.,0.));
#1900=DIRECTION('ref_axis',(0.,0.707106781186547,-0.707106781186548));
#1901=DIRECTION('',(0.,0.,-1.));
#1902=DIRECTION('center_axis',(-1.,0.,0.));
#1903=DIRECTION('ref_axis',(0.,0.707106781186547,0.707106781186548));
#1904=DIRECTION('',(0.,-1.,-6.16790569236198E-16));
#1905=DIRECTION('',(0.,0.,1.));
#1906=DIRECTION('',(0.,1.,-2.46716227694479E-15));
#1907=DIRECTION('center_axis',(-1.,0.,0.));
#1908=DIRECTION('ref_axis',(0.,0.707106781186547,-0.707106781186548));
#1909=DIRECTION('',(0.,0.,-1.));
#1910=DIRECTION('',(0.,1.,0.));
#1911=DIRECTION('center_axis',(0.,0.,1.));
#1912=DIRECTION('ref_axis',(1.,0.,0.));
#1913=DIRECTION('',(1.,0.,0.));
#1914=DIRECTION('',(0.,1.,0.));
#1915=DIRECTION('',(1.,0.,0.));
#1916=DIRECTION('center_axis',(0.,0.,-1.));
#1917=DIRECTION('ref_axis',(-1.,0.,0.));
#1918=DIRECTION('',(-1.,0.,0.));
#1919=DIRECTION('',(0.,1.,0.));
#1920=DIRECTION('',(-1.,0.,0.));
#1921=DIRECTION('',(0.,1.,0.));
#1922=DIRECTION('center_axis',(1.,0.,0.));
#1923=DIRECTION('ref_axis',(0.,0.,-1.));
#1924=DIRECTION('',(0.,0.,-1.));
#1925=DIRECTION('',(0.,0.,-1.));
#1926=DIRECTION('center_axis',(0.,1.,0.));
#1927=DIRECTION('ref_axis',(0.,0.,1.));
#1928=DIRECTION('',(0.,0.,1.));
#1929=DIRECTION('',(-1.,0.,0.));
#1930=DIRECTION('center_axis',(0.,-1.,0.));
#1931=DIRECTION('ref_axis',(0.,0.,-1.));
#1932=DIRECTION('',(1.,0.,0.));
#1933=DIRECTION('',(0.,0.,1.));
#1934=DIRECTION('',(-1.,0.,0.));
#1935=DIRECTION('',(0.,0.,-1.));
#1936=DIRECTION('center_axis',(1.,0.,0.));
#1937=DIRECTION('ref_axis',(0.,0.,-1.));
#1938=DIRECTION('',(0.,1.,0.));
#1939=DIRECTION('',(0.,-1.,0.));
#1940=DIRECTION('',(0.,0.,1.));
#1941=DIRECTION('center_axis',(-1.,0.,0.));
#1942=DIRECTION('ref_axis',(0.,0.,1.));
#1943=DIRECTION('',(0.,1.,0.));
#1944=DIRECTION('',(0.,0.,1.));
#1945=DIRECTION('',(0.,1.,0.));
#1946=DIRECTION('',(0.,0.,1.));
#1947=DIRECTION('center_axis',(0.,0.,-1.));
#1948=DIRECTION('ref_axis',(-1.,0.,0.));
#1949=DIRECTION('',(-1.,0.,0.));
#1950=DIRECTION('',(0.,1.,0.));
#1951=DIRECTION('',(1.,0.,0.));
#1952=DIRECTION('',(0.,1.,0.));
#1953=DIRECTION('center_axis',(0.,0.,-1.));
#1954=DIRECTION('ref_axis',(-1.,0.,0.));
#1955=DIRECTION('',(-1.,0.,0.));
#1956=DIRECTION('center_axis',(1.,0.,0.));
#1957=DIRECTION('ref_axis',(0.,0.707106781186548,0.707106781186547));
#1958=DIRECTION('',(-1.,0.,0.));
#1959=DIRECTION('center_axis',(1.,0.,0.));
#1960=DIRECTION('ref_axis',(0.,0.707106781186548,0.707106781186547));
#1961=DIRECTION('',(1.,0.,0.));
#1962=DIRECTION('center_axis',(0.,0.,-1.));
#1963=DIRECTION('ref_axis',(0.,-1.,0.));
#1964=DIRECTION('',(0.,1.,0.));
#1965=DIRECTION('',(-1.,0.,0.));
#1966=DIRECTION('center_axis',(-1.,0.,0.));
#1967=DIRECTION('ref_axis',(0.,0.,1.));
#1968=DIRECTION('',(0.,0.,1.));
#1969=DIRECTION('',(0.,1.,0.));
#1970=DIRECTION('',(0.,0.,-1.));
#1971=DIRECTION('',(0.,0.,1.));
#1972=DIRECTION('center_axis',(1.,0.,0.));
#1973=DIRECTION('ref_axis',(0.,0.707106781186547,-0.707106781186548));
#1974=DIRECTION('',(0.,-1.,2.46716227694479E-15));
#1975=DIRECTION('',(0.,0.,-1.));
#1976=DIRECTION('',(0.,1.,6.16790569236198E-16));
#1977=DIRECTION('center_axis',(1.,0.,0.));
#1978=DIRECTION('ref_axis',(0.,0.707106781186547,0.707106781186548));
#1979=DIRECTION('',(0.,0.,1.));
#1980=DIRECTION('center_axis',(1.,0.,0.));
#1981=DIRECTION('ref_axis',(0.,0.707106781186547,-0.707106781186548));
#1982=DIRECTION('',(0.,-1.,-3.66219400483992E-16));
#1983=DIRECTION('',(0.,0.,-1.));
#1984=DIRECTION('',(0.,1.,6.16790569236199E-16));
#1985=DIRECTION('center_axis',(1.,0.,0.));
#1986=DIRECTION('ref_axis',(0.,0.707106781186548,0.707106781186548));
#1987=DIRECTION('',(0.,0.,1.));
#1988=DIRECTION('center_axis',(1.,0.,0.));
#1989=DIRECTION('ref_axis',(0.,0.707106781186547,-0.707106781186548));
#1990=DIRECTION('',(0.,-1.,0.));
#1991=DIRECTION('',(0.,0.,-1.));
#1992=DIRECTION('center_axis',(-1.,0.,0.));
#1993=DIRECTION('ref_axis',(0.,0.707106781186547,-0.707106781186548));
#1994=DIRECTION('',(1.,0.,0.));
#1995=DIRECTION('',(-1.,0.,0.));
#1996=DIRECTION('center_axis',(0.,1.,0.));
#1997=DIRECTION('ref_axis',(0.,0.,1.));
#1998=DIRECTION('',(-1.,0.,0.));
#1999=DIRECTION('center_axis',(1.,0.,0.));
#2000=DIRECTION('ref_axis',(0.,0.707106781186548,0.707106781186548));
#2001=DIRECTION('',(1.,0.,0.));
#2002=DIRECTION('center_axis',(0.,6.16790569236199E-16,-1.));
#2003=DIRECTION('ref_axis',(0.,-1.,-6.16790569236199E-16));
#2004=DIRECTION('',(-1.,0.,0.));
#2005=DIRECTION('center_axis',(-1.,0.,0.));
#2006=DIRECTION('ref_axis',(0.,0.707106781186547,-0.707106781186548));
#2007=DIRECTION('',(1.,0.,0.));
#2008=DIRECTION('',(-1.,0.,0.));
#2009=DIRECTION('center_axis',(0.,1.,0.));
#2010=DIRECTION('ref_axis',(0.,0.,1.));
#2011=DIRECTION('',(-1.,0.,0.));
#2012=DIRECTION('center_axis',(1.,0.,0.));
#2013=DIRECTION('ref_axis',(0.,0.707106781186547,0.707106781186548));
#2014=DIRECTION('',(1.,0.,0.));
#2015=DIRECTION('center_axis',(0.,6.16790569236198E-16,-1.));
#2016=DIRECTION('ref_axis',(0.,-1.,-6.16790569236198E-16));
#2017=DIRECTION('',(-1.,0.,0.));
#2018=DIRECTION('center_axis',(-1.,0.,0.));
#2019=DIRECTION('ref_axis',(0.,0.707106781186547,-0.707106781186548));
#2020=DIRECTION('',(-1.,0.,0.));
#2021=DIRECTION('',(1.,0.,0.));
#2022=DIRECTION('center_axis',(0.,2.46716227694479E-15,1.));
#2023=DIRECTION('ref_axis',(0.,1.,-2.46716227694479E-15));
#2024=DIRECTION('',(-1.,0.,0.));
#2025=DIRECTION('center_axis',(0.,0.,1.));
#2026=DIRECTION('ref_axis',(0.,1.,0.));
#2027=DIRECTION('',(-1.,0.,0.));
#2028=DIRECTION('center_axis',(0.,-1.,0.));
#2029=DIRECTION('ref_axis',(0.,0.,1.));
#2030=DIRECTION('center_axis',(0.,-3.66219400483992E-16,1.));
#2031=DIRECTION('ref_axis',(0.,1.,3.66219400483992E-16));
#2032=DIRECTION('',(-1.,0.,0.));
#2033=DIRECTION('center_axis',(0.,-1.,0.));
#2034=DIRECTION('ref_axis',(0.,0.,1.));
#2035=DIRECTION('center_axis',(0.,-1.,0.));
#2036=DIRECTION('ref_axis',(0.,0.,1.));
#2037=DIRECTION('center_axis',(0.,1.,0.));
#2038=DIRECTION('ref_axis',(0.,0.,1.));
#2039=DIRECTION('',(1.,0.,0.));
#2040=DIRECTION('',(1.,0.,0.));
#2041=DIRECTION('center_axis',(0.,0.,1.));
#2042=DIRECTION('ref_axis',(1.,0.,0.));
#2043=DIRECTION('',(0.,1.,0.));
#2044=DIRECTION('',(-1.,0.,0.));
#2045=DIRECTION('center_axis',(1.,0.,0.));
#2046=DIRECTION('ref_axis',(0.,0.,-1.));
#2047=DIRECTION('',(0.,0.,1.));
#2048=DIRECTION('center_axis',(0.,0.,1.));
#2049=DIRECTION('ref_axis',(1.,0.,0.));
#2050=DIRECTION('center_axis',(0.,1.,0.));
#2051=DIRECTION('ref_axis',(0.,0.,1.));
#2052=DIRECTION('center_axis',(0.,1.,0.));
#2053=DIRECTION('ref_axis',(1.,0.,0.));
#2054=DIRECTION('center_axis',(0.489022694885099,-0.61678878227774,-0.616788782277741));
#2055=DIRECTION('ref_axis',(-0.872271061016766,-0.345791263707373,-0.345791263707373));
#2056=DIRECTION('',(-0.872271061016766,-0.345791263707373,-0.345791263707373));
#2057=DIRECTION('',(0.,0.707106781186548,-0.707106781186547));
#2058=DIRECTION('',(-0.872271061016766,-0.345791263707373,-0.345791263707373));
#2059=DIRECTION('',(0.,0.707106781186548,-0.707106781186547));
#2060=DIRECTION('center_axis',(0.999920245269075,-0.00893037236156447,-0.00893037236156449));
#2061=DIRECTION('ref_axis',(-0.0126294537107663,-0.707050386075479,-0.707050386075479));
#2062=DIRECTION('',(-0.0126294537107663,-0.707050386075479,-0.707050386075479));
#2063=DIRECTION('',(0.,0.707106781186548,-0.707106781186547));
#2064=DIRECTION('',(-0.0126294537107663,-0.707050386075479,-0.707050386075479));
#2065=DIRECTION('center_axis',(0.510897550383978,0.607858409916178,0.60785840991618));
#2066=DIRECTION('ref_axis',(0.859641607306004,-0.361259122368106,-0.361259122368106));
#2067=DIRECTION('',(0.859641607306004,-0.361259122368107,-0.361259122368107));
#2068=DIRECTION('',(0.,0.707106781186548,-0.707106781186547));
#2069=DIRECTION('',(0.859641607306004,-0.361259122368107,-0.361259122368107));
#2070=DIRECTION('center_axis',(-0.489022694885098,0.61678878227774,0.616788782277742));
#2071=DIRECTION('ref_axis',(0.872271061016767,0.345791263707372,0.345791263707372));
#2072=DIRECTION('',(0.872271061016767,0.345791263707372,0.345791263707372));
#2073=DIRECTION('',(0.,0.707106781186548,-0.707106781186547));
#2074=DIRECTION('',(0.872271061016767,0.345791263707373,0.345791263707373));
#2075=DIRECTION('center_axis',(-0.999920245269075,0.00893037236156445,0.00893037236156448));
#2076=DIRECTION('ref_axis',(0.0126294537107663,0.707050386075479,0.707050386075479));
#2077=DIRECTION('',(0.0126294537107663,0.707050386075479,0.707050386075479));
#2078=DIRECTION('',(0.,0.707106781186548,-0.707106781186547));
#2079=DIRECTION('',(0.0126294537107663,0.707050386075479,0.707050386075479));
#2080=DIRECTION('center_axis',(-0.510897550383978,-0.607858409916178,-0.60785840991618));
#2081=DIRECTION('ref_axis',(-0.859641607306004,0.361259122368106,0.361259122368106));
#2082=DIRECTION('',(-0.859641607306004,0.361259122368107,0.361259122368107));
#2083=DIRECTION('',(-0.859641607306004,0.361259122368107,0.361259122368107));
#2084=DIRECTION('center_axis',(0.,-0.707106781186548,0.707106781186548));
#2085=DIRECTION('ref_axis',(1.,0.,0.));
#2086=DIRECTION('center_axis',(0.,-0.707106781186548,0.707106781186548));
#2087=DIRECTION('ref_axis',(1.,0.,0.));
#2088=DIRECTION('center_axis',(0.493762382340122,-0.614897841021502,-0.614897841021502));
#2089=DIRECTION('ref_axis',(-0.869596866246543,-0.349142728847525,-0.349142728847525));
#2090=DIRECTION('',(-0.869596866246543,-0.349142728847525,-0.349142728847525));
#2091=DIRECTION('',(0.,0.707106781186548,-0.707106781186548));
#2092=DIRECTION('',(-0.869596866246543,-0.349142728847525,-0.349142728847525));
#2093=DIRECTION('',(0.,0.707106781186548,-0.707106781186548));
#2094=DIRECTION('center_axis',(0.999974168390905,-0.00508244778217187,-0.00508244778217187));
#2095=DIRECTION('ref_axis',(-0.00718766658360052,-0.707088515480588,-0.707088515480588));
#2096=DIRECTION('',(-0.00718766658360052,-0.707088515480588,-0.707088515480588));
#2097=DIRECTION('',(0.,0.707106781186548,-0.707106781186548));
#2098=DIRECTION('',(-0.00718766658360052,-0.707088515480588,-0.707088515480588));
#2099=DIRECTION('center_axis',(0.506211786050783,0.60981539323933,0.60981539323933));
#2100=DIRECTION('ref_axis',(0.862409199662942,-0.357945786633063,-0.357945786633063));
#2101=DIRECTION('',(0.862409199662942,-0.357945786633063,-0.357945786633063));
#2102=DIRECTION('',(0.,0.707106781186548,-0.707106781186548));
#2103=DIRECTION('',(0.862409199662942,-0.357945786633063,-0.357945786633063));
#2104=DIRECTION('center_axis',(-0.493762382340122,0.614897841021502,0.614897841021502));
#2105=DIRECTION('ref_axis',(0.869596866246543,0.349142728847525,0.349142728847525));
#2106=DIRECTION('',(0.869596866246543,0.349142728847525,0.349142728847525));
#2107=DIRECTION('',(0.,0.707106781186548,-0.707106781186548));
#2108=DIRECTION('',(0.869596866246543,0.349142728847525,0.349142728847525));
#2109=DIRECTION('center_axis',(-0.999974168390905,0.00508244778217187,0.00508244778217187));
#2110=DIRECTION('ref_axis',(0.00718766658360052,0.707088515480588,0.707088515480588));
#2111=DIRECTION('',(0.00718766658360052,0.707088515480588,0.707088515480588));
#2112=DIRECTION('',(0.,0.707106781186548,-0.707106781186548));
#2113=DIRECTION('',(0.00718766658360052,0.707088515480588,0.707088515480588));
#2114=DIRECTION('center_axis',(-0.506211786050784,-0.609815393239329,-0.609815393239329));
#2115=DIRECTION('ref_axis',(-0.862409199662942,0.357945786633063,0.357945786633063));
#2116=DIRECTION('',(-0.862409199662942,0.357945786633063,0.357945786633063));
#2117=DIRECTION('',(-0.862409199662942,0.357945786633063,0.357945786633063));
#2118=DIRECTION('center_axis',(0.,-0.707106781186548,0.707106781186548));
#2119=DIRECTION('ref_axis',(1.,0.,0.));
#2120=DIRECTION('center_axis',(0.,-0.707106781186548,0.707106781186548));
#2121=DIRECTION('ref_axis',(1.,0.,0.));
#2122=DIRECTION('center_axis',(0.,0.707106781186548,-0.707106781186548));
#2123=DIRECTION('ref_axis',(1.,0.,0.));
#2124=DIRECTION('',(0.,0.707106781186548,-0.707106781186548));
#2125=DIRECTION('center_axis',(0.,-0.707106781186547,0.707106781186548));
#2126=DIRECTION('ref_axis',(1.,0.,0.));
#2127=DIRECTION('center_axis',(0.,0.707106781186548,-0.707106781186547));
#2128=DIRECTION('ref_axis',(1.,0.,0.));
#2129=DIRECTION('',(0.,0.707106781186548,-0.707106781186547));
#2130=DIRECTION('center_axis',(0.,-0.707106781186547,0.707106781186548));
#2131=DIRECTION('ref_axis',(1.,0.,0.));
#2132=DIRECTION('center_axis',(1.,0.,0.));
#2133=DIRECTION('ref_axis',(0.,-0.707106781186548,-0.707106781186548));
#2134=DIRECTION('',(0.,-0.707106781186548,-0.707106781186548));
#2135=DIRECTION('',(0.,0.707106781186547,-0.707106781186548));
#2136=DIRECTION('',(0.,-0.707106781186548,-0.707106781186548));
#2137=DIRECTION('',(0.,0.707106781186547,-0.707106781186548));
#2138=DIRECTION('center_axis',(0.,0.707106781186548,0.707106781186547));
#2139=DIRECTION('ref_axis',(1.,0.,0.));
#2140=DIRECTION('',(1.,0.,0.));
#2141=DIRECTION('',(0.,0.707106781186547,-0.707106781186548));
#2142=DIRECTION('',(1.,0.,0.));
#2143=DIRECTION('center_axis',(-1.,0.,0.));
#2144=DIRECTION('ref_axis',(0.,0.707106781186548,0.707106781186548));
#2145=DIRECTION('',(0.,0.707106781186548,0.707106781186548));
#2146=DIRECTION('',(0.,0.707106781186547,-0.707106781186548));
#2147=DIRECTION('',(0.,0.707106781186548,0.707106781186548));
#2148=DIRECTION('center_axis',(0.,-0.707106781186548,-0.707106781186547));
#2149=DIRECTION('ref_axis',(-1.,0.,0.));
#2150=DIRECTION('',(-1.,0.,0.));
#2151=DIRECTION('',(-1.,0.,0.));
#2152=DIRECTION('center_axis',(0.,0.707106781186547,-0.707106781186548));
#2153=DIRECTION('ref_axis',(-1.,0.,0.));
#2154=DIRECTION('center_axis',(1.,0.,0.));
#2155=DIRECTION('ref_axis',(0.,-0.707106781186548,-0.707106781186548));
#2156=DIRECTION('',(0.,-0.707106781186548,-0.707106781186548));
#2157=DIRECTION('',(0.,0.707106781186547,-0.707106781186548));
#2158=DIRECTION('',(0.,-0.707106781186548,-0.707106781186548));
#2159=DIRECTION('',(0.,0.707106781186547,-0.707106781186548));
#2160=DIRECTION('center_axis',(0.,0.707106781186548,0.707106781186547));
#2161=DIRECTION('ref_axis',(1.,0.,0.));
#2162=DIRECTION('',(1.,0.,0.));
#2163=DIRECTION('',(0.,0.707106781186547,-0.707106781186548));
#2164=DIRECTION('',(1.,0.,0.));
#2165=DIRECTION('center_axis',(0.,-0.707106781186548,-0.707106781186547));
#2166=DIRECTION('ref_axis',(-1.,0.,0.));
#2167=DIRECTION('',(-1.,0.,0.));
#2168=DIRECTION('',(-1.,0.,0.));
#2169=DIRECTION('',(0.,0.707106781186547,-0.707106781186548));
#2170=DIRECTION('center_axis',(0.,0.707106781186547,-0.707106781186548));
#2171=DIRECTION('ref_axis',(-1.,0.,0.));
#2172=DIRECTION('',(0.,0.707106781186548,0.707106781186548));
#2173=DIRECTION('center_axis',(0.,0.707106781186548,-0.707106781186548));
#2174=DIRECTION('ref_axis',(0.,0.707106781186548,0.707106781186548));
#2175=DIRECTION('',(0.,0.707106781186548,0.707106781186548));
#2176=DIRECTION('',(-1.,0.,0.));
#2177=DIRECTION('',(0.,0.707106781186548,0.707106781186548));
#2178=DIRECTION('',(-1.,0.,0.));
#2179=DIRECTION('center_axis',(0.,0.,-1.));
#2180=DIRECTION('ref_axis',(0.,1.,0.));
#2181=DIRECTION('',(0.,1.,0.));
#2182=DIRECTION('',(-1.,0.,0.));
#2183=DIRECTION('',(0.,1.,0.));
#2184=DIRECTION('',(-1.,0.,0.));
#2185=DIRECTION('center_axis',(1.,0.,0.));
#2186=DIRECTION('ref_axis',(0.,0.,-1.));
#2187=DIRECTION('',(0.,0.,-1.));
#2188=DIRECTION('',(0.,-1.,0.));
#2189=DIRECTION('center_axis',(0.,-1.,0.));
#2190=DIRECTION('ref_axis',(0.,0.,1.));
#2191=DIRECTION('',(0.,0.,1.));
#2192=DIRECTION('',(-1.,0.,0.));
#2193=DIRECTION('',(0.,0.,1.));
#2194=DIRECTION('',(-1.,0.,0.));
#2195=DIRECTION('',(0.,0.,1.));
#2196=DIRECTION('',(-1.,0.,0.));
#2197=DIRECTION('center_axis',(0.,0.,-1.));
#2198=DIRECTION('ref_axis',(0.,-1.,0.));
#2199=DIRECTION('',(0.,-1.,0.));
#2200=DIRECTION('',(-1.,0.,0.));
#2201=DIRECTION('',(0.,-1.,0.));
#2202=DIRECTION('center_axis',(0.,-1.,0.));
#2203=DIRECTION('ref_axis',(0.,0.,1.));
#2204=DIRECTION('',(0.,0.,1.));
#2205=DIRECTION('',(-1.,0.,0.));
#2206=DIRECTION('',(0.,0.,1.));
#2207=DIRECTION('center_axis',(0.,0.707106781186548,-0.707106781186548));
#2208=DIRECTION('ref_axis',(0.,-0.707106781186548,-0.707106781186548));
#2209=DIRECTION('',(0.,-0.707106781186547,-0.707106781186547));
#2210=DIRECTION('',(-1.,0.,0.));
#2211=DIRECTION('',(0.,-0.707106781186548,-0.707106781186548));
#2212=DIRECTION('',(-1.,0.,0.));
#2213=DIRECTION('',(0.,-0.707106781186547,-0.707106781186547));
#2214=DIRECTION('center_axis',(-1.,0.,0.));
#2215=DIRECTION('ref_axis',(0.,0.,1.));
#2216=DIRECTION('',(0.,1.,0.));
#2217=DIRECTION('center_axis',(0.,0.,1.));
#2218=DIRECTION('ref_axis',(0.,1.,0.));
#2219=DIRECTION('',(-1.,0.,0.));
#2220=DIRECTION('center_axis',(0.,0.707106781186547,0.707106781186548));
#2221=DIRECTION('ref_axis',(0.,0.707106781186548,-0.707106781186547));
#2222=DIRECTION('',(0.,-0.707106781186548,0.707106781186547));
#2223=DIRECTION('',(-1.,0.,0.));
#2224=DIRECTION('',(0.,0.707106781186548,-0.707106781186547));
#2225=DIRECTION('',(-1.,0.,0.));
#2226=DIRECTION('center_axis',(0.,0.707106781186548,-0.707106781186548));
#2227=DIRECTION('ref_axis',(0.,-0.707106781186548,-0.707106781186548));
#2228=DIRECTION('',(0.,0.707106781186547,0.707106781186547));
#2229=DIRECTION('',(0.,-0.707106781186547,-0.707106781186547));
#2230=DIRECTION('',(-1.,0.,0.));
#2231=DIRECTION('center_axis',(0.,-1.,0.));
#2232=DIRECTION('ref_axis',(0.,0.,1.));
#2233=DIRECTION('',(0.,0.,-1.));
#2234=DIRECTION('',(0.,0.,1.));
#2235=DIRECTION('center_axis',(0.,0.707106781186547,0.707106781186548));
#2236=DIRECTION('ref_axis',(0.,0.707106781186548,-0.707106781186547));
#2237=DIRECTION('',(0.,-0.707106781186548,0.707106781186547));
#2238=DIRECTION('',(-1.,0.,0.));
#2239=DIRECTION('',(0.,0.707106781186548,-0.707106781186547));
#2240=DIRECTION('center_axis',(0.,0.,-1.));
#2241=DIRECTION('ref_axis',(0.,-1.,0.));
#2242=DIRECTION('',(0.,1.,0.));
#2243=DIRECTION('',(0.,-1.,0.));
#2244=DIRECTION('',(-1.,0.,0.));
#2245=DIRECTION('center_axis',(0.,0.707106781186547,-0.707106781186548));
#2246=DIRECTION('ref_axis',(0.,-0.707106781186548,-0.707106781186547));
#2247=DIRECTION('',(0.,0.707106781186548,0.707106781186547));
#2248=DIRECTION('',(0.,-0.707106781186548,-0.707106781186547));
#2249=DIRECTION('center_axis',(1.,0.,0.));
#2250=DIRECTION('ref_axis',(0.,1.,0.));
#2251=DIRECTION('center_axis',(-1.,0.,0.));
#2252=DIRECTION('ref_axis',(0.,0.,1.));
#2253=CARTESIAN_POINT('',(0.,0.,0.));
#2254=CARTESIAN_POINT('Origin',(-52.0000007748604,6.4,-33.0000004917383));
#2255=CARTESIAN_POINT('',(-52.0000007748604,6.4,-33.0000004917383));
#2256=CARTESIAN_POINT('',(-52.0000007748604,6.4,-49.0000007301569));
#2257=CARTESIAN_POINT('',(-52.0000007748604,6.4,-36.6000002458692));
#2258=CARTESIAN_POINT('',(-52.0000007748604,2.4,-33.0000004917383));
#2259=CARTESIAN_POINT('',(-52.0000007748604,6.4,-33.0000004917383));
#2260=CARTESIAN_POINT('',(-52.0000007748604,2.4,-49.0000007301569));
#2261=CARTESIAN_POINT('',(-52.0000007748604,2.4,-33.0000004917383));
#2262=CARTESIAN_POINT('',(-52.0000007748604,6.4,-49.0000007301569));
#2263=CARTESIAN_POINT('Origin',(-5.00000007450581,6.4,-33.0000004917383));
#2264=CARTESIAN_POINT('',(-5.00000007450581,6.4,-33.0000004917383));
#2265=CARTESIAN_POINT('',(-2.48247338945614,6.4,-33.0000004917383));
#2266=CARTESIAN_POINT('',(-5.00000007450581,2.4,-33.0000004917383));
#2267=CARTESIAN_POINT('',(-5.00000007450581,6.4,-33.0000004917383));
#2268=CARTESIAN_POINT('',(-5.00000007450581,2.4,-33.0000004917383));
#2269=CARTESIAN_POINT('Origin',(-5.00000007450581,6.4,-49.0000007301569));
#2270=CARTESIAN_POINT('',(-5.00000007450581,6.4,-49.0000007301569));
#2271=CARTESIAN_POINT('',(-5.00000007450581,6.4,-44.6000003650784));
#2272=CARTESIAN_POINT('',(-5.00000007450581,2.4,-49.0000007301569));
#2273=CARTESIAN_POINT('',(-5.00000007450581,6.4,-49.0000007301569));
#2274=CARTESIAN_POINT('',(-5.00000007450581,2.4,-49.0000007301569));
#2275=CARTESIAN_POINT('Origin',(-52.0000007748604,6.4,-49.0000007301569));
#2276=CARTESIAN_POINT('',(-25.9824737396334,6.4,-49.0000007301569));
#2277=CARTESIAN_POINT('',(-52.0000007748604,2.4,-49.0000007301569));
#2278=CARTESIAN_POINT('Origin',(-28.5000004246831,2.4,-41.0000006109476));
#2279=CARTESIAN_POINT('Origin',(52.0000007748604,6.4,-33.0000004917383));
#2280=CARTESIAN_POINT('',(52.0000007748604,6.4,-33.0000004917383));
#2281=CARTESIAN_POINT('',(0.,6.4,-33.0000004917383));
#2282=CARTESIAN_POINT('',(26.017527035227,6.4,-33.0000004917383));
#2283=CARTESIAN_POINT('',(52.0000007748604,2.4,-33.0000004917383));
#2284=CARTESIAN_POINT('',(52.0000007748604,6.4,-33.0000004917383));
#2285=CARTESIAN_POINT('',(0.,2.4,-33.0000004917383));
#2286=CARTESIAN_POINT('',(0.,2.4,-33.0000004917383));
#2287=CARTESIAN_POINT('',(0.,6.4,-33.0000004917383));
#2288=CARTESIAN_POINT('Origin',(52.0000007748604,6.4,-49.0000007301569));
#2289=CARTESIAN_POINT('',(52.0000007748604,6.4,-49.0000007301569));
#2290=CARTESIAN_POINT('',(52.0000007748604,6.4,-44.6000003650784));
#2291=CARTESIAN_POINT('',(52.0000007748604,2.4,-49.0000007301569));
#2292=CARTESIAN_POINT('',(52.0000007748604,6.4,-49.0000007301569));
#2293=CARTESIAN_POINT('',(52.0000007748604,2.4,-33.0000004917383));
#2294=CARTESIAN_POINT('Origin',(0.,6.4,-49.0000007301569));
#2295=CARTESIAN_POINT('',(0.,6.4,-49.0000007301569));
#2296=CARTESIAN_POINT('',(0.0175266477967639,6.4,-49.0000007301569));
#2297=CARTESIAN_POINT('',(0.,2.4,-49.0000007301569));
#2298=CARTESIAN_POINT('',(0.,6.4,-49.0000007301569));
#2299=CARTESIAN_POINT('',(52.0000007748604,2.4,-49.0000007301569));
#2300=CARTESIAN_POINT('Origin',(0.,6.4,-33.0000004917383));
#2301=CARTESIAN_POINT('',(0.,6.4,-36.6000002458692));
#2302=CARTESIAN_POINT('',(0.,2.4,-49.0000007301569));
#2303=CARTESIAN_POINT('Origin',(26.0000003874302,2.4,-41.0000006109476));
#2304=CARTESIAN_POINT('Origin',(53.7,0.,29.305520465232));
#2305=CARTESIAN_POINT('',(-53.7,2.,29.305520465232));
#2306=CARTESIAN_POINT('',(53.7,2.,29.305520465232));
#2307=CARTESIAN_POINT('',(26.8500003000721,2.,29.305520465232));
#2308=CARTESIAN_POINT('',(-53.7,0.,29.305520465232));
#2309=CARTESIAN_POINT('',(-53.7,0.,29.305520465232));
#2310=CARTESIAN_POINT('',(53.7,0.,29.305520465232));
#2311=CARTESIAN_POINT('',(26.85,0.,29.305520465232));
#2312=CARTESIAN_POINT('',(53.7,0.,29.305520465232));
#2313=CARTESIAN_POINT('Origin',(6.00144254292445E-7,2.,34.9999995440245));
#2314=CARTESIAN_POINT('',(53.7,2.,29.2));
#2315=CARTESIAN_POINT('',(53.7,2.,40.7999990880489));
#2316=CARTESIAN_POINT('',(-53.6999987997115,2.,29.2));
#2317=CARTESIAN_POINT('',(-26.8499996999279,2.,29.2));
#2318=CARTESIAN_POINT('',(-53.6999987997115,2.,29.2));
#2319=CARTESIAN_POINT('Origin',(53.7,0.,29.2));
#2320=CARTESIAN_POINT('',(53.7,0.,-29.2));
#2321=CARTESIAN_POINT('',(53.7,0.,29.2));
#2322=CARTESIAN_POINT('',(53.7,6.4,-29.2));
#2323=CARTESIAN_POINT('',(53.7,0.,-29.2));
#2324=CARTESIAN_POINT('',(53.7,8.4,-29.2));
#2325=CARTESIAN_POINT('',(53.7,0.,-29.2));
#2326=CARTESIAN_POINT('',(53.7,8.4,-24.25));
#2327=CARTESIAN_POINT('',(53.7,8.4,29.2));
#2328=CARTESIAN_POINT('',(53.7,7.4,-23.25));
#2329=CARTESIAN_POINT('Origin',(53.7,7.4,-24.25));
#2330=CARTESIAN_POINT('',(53.7,4.9,-23.25));
#2331=CARTESIAN_POINT('',(53.7,8.05,-23.25));
#2332=CARTESIAN_POINT('',(53.7,4.9,-13.75));
#2333=CARTESIAN_POINT('',(53.7,4.9,2.975));
#2334=CARTESIAN_POINT('',(53.7,7.4,-13.75));
#2335=CARTESIAN_POINT('',(53.7,2.45,-13.75));
#2336=CARTESIAN_POINT('',(53.7,8.4,-12.75));
#2337=CARTESIAN_POINT('Origin',(53.7,7.4,-12.75));
#2338=CARTESIAN_POINT('',(53.7,8.4,-9.5));
#2339=CARTESIAN_POINT('',(53.7,8.4,29.2));
#2340=CARTESIAN_POINT('',(53.7,7.4,-8.5));
#2341=CARTESIAN_POINT('Origin',(53.7,7.4,-9.49999999999999));
#2342=CARTESIAN_POINT('',(53.7,4.9,-8.5));
#2343=CARTESIAN_POINT('',(53.7,4.20000000000001,-8.5));
#2344=CARTESIAN_POINT('',(53.7,4.9,0.500000000000003));
#2345=CARTESIAN_POINT('',(53.7,4.9,10.35));
#2346=CARTESIAN_POINT('',(53.7,7.4,0.500000000000004));
#2347=CARTESIAN_POINT('',(53.7,2.45000000000001,0.500000000000003));
#2348=CARTESIAN_POINT('',(53.7,8.4,1.5));
#2349=CARTESIAN_POINT('Origin',(53.7,7.4,1.5));
#2350=CARTESIAN_POINT('',(53.7,8.4,6.5));
#2351=CARTESIAN_POINT('',(53.7,8.4,29.2));
#2352=CARTESIAN_POINT('',(53.7,7.4,7.5));
#2353=CARTESIAN_POINT('Origin',(53.7,7.4,6.5));
#2354=CARTESIAN_POINT('',(53.7,4.9,7.5));
#2355=CARTESIAN_POINT('',(53.7,4.20000000000001,7.49999999999999));
#2356=CARTESIAN_POINT('',(53.7,4.9,16.5));
#2357=CARTESIAN_POINT('',(53.7,4.9,18.35));
#2358=CARTESIAN_POINT('',(53.7,7.4,16.5));
#2359=CARTESIAN_POINT('',(53.7,2.44999999999998,16.5));
#2360=CARTESIAN_POINT('',(53.7,8.4,17.5));
#2361=CARTESIAN_POINT('Origin',(53.7,7.4,17.5));
#2362=CARTESIAN_POINT('',(53.7,8.4,29.2));
#2363=CARTESIAN_POINT('',(53.7,8.4,29.2));
#2364=CARTESIAN_POINT('',(53.7,0.,29.2));
#2365=CARTESIAN_POINT('Origin',(-53.7,0.,-29.2));
#2366=CARTESIAN_POINT('',(53.770106591187,0.,-29.2));
#2367=CARTESIAN_POINT('',(-53.7,0.,-29.2));
#2368=CARTESIAN_POINT('',(53.770106591187,6.4,-29.2));
#2369=CARTESIAN_POINT('',(53.770106591187,0.,-29.2));
#2370=CARTESIAN_POINT('',(-53.7,6.4,-29.2));
#2371=CARTESIAN_POINT('Origin',(53.770106591187,0.,-51.2));
#2372=CARTESIAN_POINT('',(53.770106591187,0.,-51.2));
#2373=CARTESIAN_POINT('',(-53.7,0.,-51.2));
#2374=CARTESIAN_POINT('',(53.770106591187,0.,-51.2));
#2375=CARTESIAN_POINT('',(-53.7,6.4,-51.2));
#2376=CARTESIAN_POINT('',(-53.7,0.,-51.2));
#2377=CARTESIAN_POINT('',(53.770106591187,6.4,-51.2));
#2378=CARTESIAN_POINT('',(53.770106591187,6.4,-51.2));
#2379=CARTESIAN_POINT('',(53.770106591187,0.,-51.2));
#2380=CARTESIAN_POINT('Origin',(53.770106591187,0.,-29.2));
#2381=CARTESIAN_POINT('',(53.770106591187,0.,-29.2));
#2382=CARTESIAN_POINT('',(53.770106591187,6.4,-29.2));
#2383=CARTESIAN_POINT('Origin',(0.0350532955935279,6.4,-40.2));
#2384=CARTESIAN_POINT('',(-53.7,6.4,-29.2));
#2385=CARTESIAN_POINT('',(-53.7,6.4,-51.2));
#2386=CARTESIAN_POINT('',(26.8675266477968,6.4,-29.2));
#2387=CARTESIAN_POINT('Origin',(-53.7,6.4,29.2));
#2388=CARTESIAN_POINT('',(-51.7,6.4,27.2));
#2389=CARTESIAN_POINT('',(-49.7,6.4,27.2));
#2390=CARTESIAN_POINT('',(-1.,6.4,27.2));
#2391=CARTESIAN_POINT('',(-51.7,6.4,-27.2));
#2392=CARTESIAN_POINT('',(-51.7,6.4,28.2));
#2393=CARTESIAN_POINT('',(-49.7,6.4,-27.2));
#2394=CARTESIAN_POINT('',(-52.7,6.4,-27.2));
#2395=CARTESIAN_POINT('',(-49.7,6.4,29.2));
#2396=CARTESIAN_POINT('Origin',(-49.7,7.4,0.));
#2397=CARTESIAN_POINT('',(-49.7,8.4,27.2));
#2398=CARTESIAN_POINT('',(-49.7,4.7,27.2));
#2399=CARTESIAN_POINT('',(-49.7,8.4,-27.2));
#2400=CARTESIAN_POINT('',(-49.7,4.7,-27.2));
#2401=CARTESIAN_POINT('',(-49.7,8.4,-29.2));
#2402=CARTESIAN_POINT('Origin',(-53.7,0.,-29.2));
#2403=CARTESIAN_POINT('',(-53.7,8.4,29.2));
#2404=CARTESIAN_POINT('',(-53.7,0.,29.2));
#2405=CARTESIAN_POINT('',(-53.7,8.4,-29.2));
#2406=CARTESIAN_POINT('',(-53.7,8.4,-29.2));
#2407=CARTESIAN_POINT('',(-53.7,0.,-29.2));
#2408=CARTESIAN_POINT('',(-53.7,0.,-51.2));
#2409=CARTESIAN_POINT('Origin',(51.7,2.,27.2));
#2410=CARTESIAN_POINT('',(51.7,8.4,27.2));
#2411=CARTESIAN_POINT('',(-51.7,8.4,27.2));
#2412=CARTESIAN_POINT('',(51.7,2.,27.2));
#2413=CARTESIAN_POINT('',(51.7,2.,27.2));
#2414=CARTESIAN_POINT('',(-51.7,2.,27.2));
#2415=CARTESIAN_POINT('',(25.85,2.,27.2));
#2416=CARTESIAN_POINT('',(-51.7,2.,27.2));
#2417=CARTESIAN_POINT('Origin',(53.7,0.,-29.2));
#2418=CARTESIAN_POINT('',(53.7,8.4,-29.2));
#2419=CARTESIAN_POINT('Origin',(26.85,7.4,-24.25));
#2420=CARTESIAN_POINT('',(51.7,8.4,-24.25));
#2421=CARTESIAN_POINT('',(26.85,8.4,-24.25));
#2422=CARTESIAN_POINT('',(51.7,7.4,-23.25));
#2423=CARTESIAN_POINT('Origin',(51.7,7.4,-24.25));
#2424=CARTESIAN_POINT('',(26.85,7.4,-23.25));
#2425=CARTESIAN_POINT('Origin',(53.7,16.1,-23.25));
#2426=CARTESIAN_POINT('',(51.7,4.9,-23.25));
#2427=CARTESIAN_POINT('',(51.7,9.05,-23.25));
#2428=CARTESIAN_POINT('',(53.7,4.9,-23.25));
#2429=CARTESIAN_POINT('Origin',(51.7,2.,-27.2));
#2430=CARTESIAN_POINT('',(51.7,8.4,-27.2));
#2431=CARTESIAN_POINT('',(51.7,8.4,27.2));
#2432=CARTESIAN_POINT('',(51.7,2.,-27.2));
#2433=CARTESIAN_POINT('',(51.7,2.,-27.2));
#2434=CARTESIAN_POINT('',(51.7,2.,-13.6));
#2435=CARTESIAN_POINT('',(51.7,8.4,17.5));
#2436=CARTESIAN_POINT('',(51.7,8.4,27.2));
#2437=CARTESIAN_POINT('',(51.7,7.4,16.5));
#2438=CARTESIAN_POINT('Origin',(51.7,7.4,17.5));
#2439=CARTESIAN_POINT('',(51.7,4.9,16.5));
#2440=CARTESIAN_POINT('',(51.7,3.45000000000005,16.5));
#2441=CARTESIAN_POINT('',(51.7,4.9,7.5));
#2442=CARTESIAN_POINT('',(51.7,4.9,-9.85));
#2443=CARTESIAN_POINT('',(51.7,7.4,7.5));
#2444=CARTESIAN_POINT('',(51.7,5.19999999999999,7.49999999999999));
#2445=CARTESIAN_POINT('',(51.7,8.4,6.5));
#2446=CARTESIAN_POINT('Origin',(51.7,7.4,6.5));
#2447=CARTESIAN_POINT('',(51.7,8.4,1.5));
#2448=CARTESIAN_POINT('',(51.7,8.4,27.2));
#2449=CARTESIAN_POINT('',(51.7,7.4,0.500000000000004));
#2450=CARTESIAN_POINT('Origin',(51.7,7.4,1.5));
#2451=CARTESIAN_POINT('',(51.7,4.9,0.500000000000003));
#2452=CARTESIAN_POINT('',(51.7,3.44999999999999,0.500000000000003));
#2453=CARTESIAN_POINT('',(51.7,4.9,-8.5));
#2454=CARTESIAN_POINT('',(51.7,4.9,-17.85));
#2455=CARTESIAN_POINT('',(51.7,7.4,-8.5));
#2456=CARTESIAN_POINT('',(51.7,5.19999999999999,-8.5));
#2457=CARTESIAN_POINT('',(51.7,8.4,-9.5));
#2458=CARTESIAN_POINT('Origin',(51.7,7.4,-9.49999999999999));
#2459=CARTESIAN_POINT('',(51.7,8.4,-12.75));
#2460=CARTESIAN_POINT('',(51.7,8.4,27.2));
#2461=CARTESIAN_POINT('',(51.7,7.4,-13.75));
#2462=CARTESIAN_POINT('Origin',(51.7,7.4,-12.75));
#2463=CARTESIAN_POINT('',(51.7,4.9,-13.75));
#2464=CARTESIAN_POINT('',(51.7,3.45,-13.75));
#2465=CARTESIAN_POINT('',(51.7,4.9,-25.225));
#2466=CARTESIAN_POINT('Origin',(26.85,7.4,-12.75));
#2467=CARTESIAN_POINT('',(26.85,8.4,-12.75));
#2468=CARTESIAN_POINT('',(26.85,7.4,-13.75));
#2469=CARTESIAN_POINT('Origin',(0.,8.4,0.));
#2470=CARTESIAN_POINT('',(26.85,8.4,-9.49999999999999));
#2471=CARTESIAN_POINT('Origin',(26.85,7.4,-9.49999999999999));
#2472=CARTESIAN_POINT('',(26.85,7.4,-8.5));
#2473=CARTESIAN_POINT('Origin',(53.7,8.4,-8.49999999999999));
#2474=CARTESIAN_POINT('',(53.7,4.9,-8.5));
#2475=CARTESIAN_POINT('Origin',(26.85,7.4,1.5));
#2476=CARTESIAN_POINT('',(26.85,8.4,1.5));
#2477=CARTESIAN_POINT('',(26.85,7.4,0.500000000000004));
#2478=CARTESIAN_POINT('Origin',(0.,8.4,0.));
#2479=CARTESIAN_POINT('',(26.85,8.4,6.5));
#2480=CARTESIAN_POINT('Origin',(26.85,7.4,6.5));
#2481=CARTESIAN_POINT('',(26.85,7.4,7.5));
#2482=CARTESIAN_POINT('Origin',(53.7,8.4,7.5));
#2483=CARTESIAN_POINT('',(53.7,4.9,7.5));
#2484=CARTESIAN_POINT('Origin',(26.85,7.4,17.5));
#2485=CARTESIAN_POINT('',(26.85,7.4,16.5));
#2486=CARTESIAN_POINT('',(26.85,8.4,17.5));
#2487=CARTESIAN_POINT('Origin',(53.7,4.9,16.5));
#2488=CARTESIAN_POINT('',(53.7,4.9,16.5));
#2489=CARTESIAN_POINT('Origin',(53.7,4.9,-13.75));
#2490=CARTESIAN_POINT('',(53.7,4.9,-13.75));
#2491=CARTESIAN_POINT('Origin',(53.7,4.9,-23.25));
#2492=CARTESIAN_POINT('Origin',(53.7,4.9,0.500000000000003));
#2493=CARTESIAN_POINT('',(53.7,4.9,0.500000000000003));
#2494=CARTESIAN_POINT('Origin',(53.7,4.9,-8.5));
#2495=CARTESIAN_POINT('Origin',(53.7,4.9,7.5));
#2496=CARTESIAN_POINT('Origin',(0.,8.4,0.));
#2497=CARTESIAN_POINT('',(-53.7,8.4,29.2));
#2498=CARTESIAN_POINT('',(51.7,8.4,-27.2));
#2499=CARTESIAN_POINT('Origin',(-51.7,2.,-27.2));
#2500=CARTESIAN_POINT('',(-51.7,2.,-27.2));
#2501=CARTESIAN_POINT('',(-51.7,2.,-27.2));
#2502=CARTESIAN_POINT('',(-25.85,2.,-27.2));
#2503=CARTESIAN_POINT('Origin',(-51.7,2.,27.2));
#2504=CARTESIAN_POINT('',(-51.7,2.,13.6));
#2505=CARTESIAN_POINT('Origin',(-53.7,0.,29.2));
#2506=CARTESIAN_POINT('Origin',(0.,2.,0.));
#2507=CARTESIAN_POINT('Origin',(0.,0.,0.));
#2508=CARTESIAN_POINT('Origin',(53.3332464487214,10.8723182325599,-46.0566149986559));
#2509=CARTESIAN_POINT('',(53.3332464487214,10.8723182325599,-46.0566149986559));
#2510=CARTESIAN_POINT('',(51.2397959022812,10.0424191996623,-46.8865140315536));
#2511=CARTESIAN_POINT('',(57.706638007561,12.6060460396656,-44.3228871915502));
#2512=CARTESIAN_POINT('',(53.3332464487214,12.6400851855263,-47.8243819516222));
#2513=CARTESIAN_POINT('',(53.3332464487214,10.8723182325599,-46.0566149986559));
#2514=CARTESIAN_POINT('',(51.2397959022812,11.8101861526286,-48.6542809845199));
#2515=CARTESIAN_POINT('',(51.2397959022812,11.8101861526286,-48.6542809845199));
#2516=CARTESIAN_POINT('',(51.2397959022812,10.0424191996623,-46.8865140315536));
#2517=CARTESIAN_POINT('Origin',(53.3635571376273,12.5692391591411,-44.3596940720747));
#2518=CARTESIAN_POINT('',(53.3635571376273,12.5692391591411,-44.3596940720747));
#2519=CARTESIAN_POINT('',(53.4729919739589,18.6958654606737,-38.2330677705421));
#2520=CARTESIAN_POINT('',(53.3635571376273,14.3370061121075,-46.1274610250411));
#2521=CARTESIAN_POINT('',(53.3635571376273,12.5692391591411,-44.3596940720747));
#2522=CARTESIAN_POINT('',(53.3332464487214,12.6400851855263,-47.8243819516222));
#2523=CARTESIAN_POINT('Origin',(51.3004172800929,13.4362610528245,-43.4926721783913));
#2524=CARTESIAN_POINT('',(51.3004172800929,13.4362610528245,-43.4926721783913));
#2525=CARTESIAN_POINT('',(48.6774355404688,14.5385530698591,-42.3903801613567));
#2526=CARTESIAN_POINT('',(51.3004172800929,15.2040280057909,-45.2604391313576));
#2527=CARTESIAN_POINT('',(51.3004172800929,13.4362610528245,-43.4926721783913));
#2528=CARTESIAN_POINT('',(53.3635571376273,14.3370061121075,-46.1274610250411));
#2529=CARTESIAN_POINT('Origin',(49.2069667336526,12.6063620199269,-44.3225712112889));
#2530=CARTESIAN_POINT('',(49.2069667336526,12.6063620199269,-44.322571211289));
#2531=CARTESIAN_POINT('',(54.6270835657123,14.7550393434813,-42.1738938877345));
#2532=CARTESIAN_POINT('',(49.2069667336526,14.3741289728932,-46.0903381642553));
#2533=CARTESIAN_POINT('',(49.2069667336526,12.6063620199269,-44.322571211289));
#2534=CARTESIAN_POINT('',(51.3004172800929,15.2040280057909,-45.2604391313576));
#2535=CARTESIAN_POINT('Origin',(49.1766560447468,10.9094410933457,-46.0194921378701));
#2536=CARTESIAN_POINT('',(49.1766560447468,10.9094410933457,-46.0194921378701));
#2537=CARTESIAN_POINT('',(49.3012462255313,17.8845278581689,-39.0444053730469));
#2538=CARTESIAN_POINT('',(49.1766560447468,12.6772080463121,-47.7872590908365));
#2539=CARTESIAN_POINT('',(49.1766560447468,10.9094410933457,-46.0194921378701));
#2540=CARTESIAN_POINT('',(49.2069667336526,14.3741289728932,-46.0903381642553));
#2541=CARTESIAN_POINT('Origin',(51.2397959022812,10.0424191996623,-46.8865140315536));
#2542=CARTESIAN_POINT('',(47.5852442338899,11.5782221635385,-45.3507110676773));
#2543=CARTESIAN_POINT('',(49.1766560447468,12.6772080463121,-47.7872590908365));
#2544=CARTESIAN_POINT('Origin',(51.270106591187,13.5071070792098,-46.9573600579388));
#2545=CARTESIAN_POINT('',(50.020106591187,13.5071070792098,-46.9573600579388));
#2546=CARTESIAN_POINT('Origin',(51.270106591187,13.5071070792098,-46.9573600579388));
#2547=CARTESIAN_POINT('Origin',(53.3398886703781,22.1939787373088,-34.734954493907));
#2548=CARTESIAN_POINT('',(53.3398886703781,22.1939787373088,-34.734954493907));
#2549=CARTESIAN_POINT('',(51.2528561913864,21.3560361880748,-35.5728970431411));
#2550=CARTESIAN_POINT('',(54.3000967133042,22.5795018105641,-34.3494314206517));
#2551=CARTESIAN_POINT('',(53.3398886703781,23.9617456902752,-36.5027214468734));
#2552=CARTESIAN_POINT('',(53.3398886703781,22.1939787373088,-34.734954493907));
#2553=CARTESIAN_POINT('',(51.2528561913864,23.1238031410411,-37.3406639961074));
#2554=CARTESIAN_POINT('',(51.2528561913864,23.1238031410411,-37.3406639961074));
#2555=CARTESIAN_POINT('',(51.2528561913864,21.3560361880748,-35.5728970431411));
#2556=CARTESIAN_POINT('Origin',(53.3571390701787,23.8909911744622,-33.0379420567536));
#2557=CARTESIAN_POINT('',(53.3571390701787,23.8909911744622,-33.0379420567536));
#2558=CARTESIAN_POINT('',(53.3618753995605,24.3569287735999,-32.5720044576159));
#2559=CARTESIAN_POINT('',(53.3571390701787,25.6587581274286,-34.8057090097199));
#2560=CARTESIAN_POINT('',(53.3571390701787,23.8909911744622,-33.0379420567536));
#2561=CARTESIAN_POINT('',(53.3398886703781,23.9617456902752,-36.5027214468734));
#2562=CARTESIAN_POINT('Origin',(51.2873569909877,24.7500610623816,-32.1788721688342));
#2563=CARTESIAN_POINT('',(51.2873569909877,24.7500610623816,-32.1788721688342));
#2564=CARTESIAN_POINT('',(52.1887874187795,24.3759193861367,-32.5530138450791));
#2565=CARTESIAN_POINT('',(51.2873569909877,26.5178280153479,-33.9466391218006));
#2566=CARTESIAN_POINT('',(51.2873569909877,24.7500610623816,-32.1788721688342));
#2567=CARTESIAN_POINT('',(53.3571390701787,25.6587581274286,-34.80570900972));
#2568=CARTESIAN_POINT('Origin',(49.200324511996,23.9121185131475,-33.0168147180683));
#2569=CARTESIAN_POINT('',(49.200324511996,23.9121185131475,-33.0168147180683));
#2570=CARTESIAN_POINT('',(51.2040487944179,24.7166128610199,-32.212320370196));
#2571=CARTESIAN_POINT('',(49.200324511996,25.6798854661139,-34.7845816710347));
#2572=CARTESIAN_POINT('',(49.200324511996,23.9121185131475,-33.0168147180683));
#2573=CARTESIAN_POINT('',(51.2873569909877,26.5178280153479,-33.9466391218006));
#2574=CARTESIAN_POINT('Origin',(49.1830741121953,22.2151060759941,-34.7138271552217));
#2575=CARTESIAN_POINT('',(49.1830741121953,22.2151060759941,-34.7138271552217));
#2576=CARTESIAN_POINT('',(49.1964356414774,23.5295498937085,-33.3993833375073));
#2577=CARTESIAN_POINT('',(49.1830741121953,23.9828730289605,-36.4815941081881));
#2578=CARTESIAN_POINT('',(49.1830741121953,22.2151060759941,-34.7138271552217));
#2579=CARTESIAN_POINT('',(49.200324511996,25.6798854661139,-34.7845816710347));
#2580=CARTESIAN_POINT('Origin',(51.2528561913864,21.3560361880748,-35.5728970431411));
#2581=CARTESIAN_POINT('',(51.1193955795827,21.4114294557895,-35.5175037754263));
#2582=CARTESIAN_POINT('',(49.1830741121953,23.9828730289605,-36.4815941081881));
#2583=CARTESIAN_POINT('Origin',(51.270106591187,24.8208155781945,-35.643651558954));
#2584=CARTESIAN_POINT('',(50.020106591187,24.8208155781945,-35.643651558954));
#2585=CARTESIAN_POINT('Origin',(51.270106591187,24.8208155781945,-35.643651558954));
#2586=CARTESIAN_POINT('Origin',(51.270106591187,23.0530486252282,-33.8758846059876));
#2587=CARTESIAN_POINT('',(50.020106591187,26.5885825311609,-37.4114185119204));
#2588=CARTESIAN_POINT('',(50.020106591187,23.0530486252282,-33.8758846059876));
#2589=CARTESIAN_POINT('Origin',(51.270106591187,26.5885825311609,-37.4114185119204));
#2590=CARTESIAN_POINT('Origin',(51.270106591187,11.7393401262434,-45.1895931049724));
#2591=CARTESIAN_POINT('',(50.020106591187,15.2748740321761,-48.7251270109051));
#2592=CARTESIAN_POINT('',(50.020106591187,11.7393401262434,-45.1895931049724));
#2593=CARTESIAN_POINT('Origin',(51.270106591187,15.2748740321761,-48.7251270109051));
#2594=CARTESIAN_POINT('Origin',(-5.00000020861626,24.4672621876013,-32.4616710436146));
#2595=CARTESIAN_POINT('',(-5.00000020861626,24.4672621876013,-32.4616710436146));
#2596=CARTESIAN_POINT('',(-5.00000020861626,10.3251265638703,-46.6038066673455));
#2597=CARTESIAN_POINT('',(-5.00000020861626,16.9336310938006,-39.9953021374152));
#2598=CARTESIAN_POINT('',(-5.00000020861626,27.2956893123474,-35.2900981683607));
#2599=CARTESIAN_POINT('',(-5.00000020861626,24.4672621876013,-32.4616710436146));
#2600=CARTESIAN_POINT('',(-5.00000020861626,13.1535536886165,-49.4322337920917));
#2601=CARTESIAN_POINT('',(-5.00000020861626,27.2956893123474,-35.2900981683607));
#2602=CARTESIAN_POINT('',(-5.00000020861626,10.3251265638703,-46.6038066673455));
#2603=CARTESIAN_POINT('Origin',(-18.0000002086163,24.4672621876013,-32.4616710436146));
#2604=CARTESIAN_POINT('',(-18.0000002086163,24.4672621876013,-32.4616710436146));
#2605=CARTESIAN_POINT('',(-18.8649468087146,24.4672621876013,-32.4616710436146));
#2606=CARTESIAN_POINT('',(-18.0000002086163,27.2956893123474,-35.2900981683607));
#2607=CARTESIAN_POINT('',(-18.0000002086163,24.4672621876013,-32.4616710436146));
#2608=CARTESIAN_POINT('',(-18.0000002086163,27.2956893123474,-35.2900981683607));
#2609=CARTESIAN_POINT('Origin',(-18.0000002086163,10.3251265638703,-46.6038066673455));
#2610=CARTESIAN_POINT('',(-18.0000002086163,10.3251265638703,-46.6038066673455));
#2611=CARTESIAN_POINT('',(-18.0000002086163,9.86256328193516,-47.0663699492806));
#2612=CARTESIAN_POINT('',(-18.0000002086163,13.1535536886165,-49.4322337920917));
#2613=CARTESIAN_POINT('',(-18.0000002086163,10.3251265638703,-46.6038066673455));
#2614=CARTESIAN_POINT('',(-18.0000002086163,13.1535536886165,-49.4322337920917));
#2615=CARTESIAN_POINT('Origin',(-5.00000020861626,10.3251265638703,-46.6038066673455));
#2616=CARTESIAN_POINT('',(-12.3649468087146,10.3251265638703,-46.6038066673455));
#2617=CARTESIAN_POINT('',(-5.00000020861626,13.1535536886165,-49.4322337920917));
#2618=CARTESIAN_POINT('Origin',(-11.5000002086163,20.224621500482,-42.3611659802262));
#2619=CARTESIAN_POINT('Origin',(46.7132377531288,24.4672621876013,-32.4616710436146));
#2620=CARTESIAN_POINT('',(46.7132377531288,24.4672621876013,-32.4616710436146));
#2621=CARTESIAN_POINT('',(46.7132377531288,10.3251265638703,-46.6038066673455));
#2622=CARTESIAN_POINT('',(46.7132377531288,24.6440388828979,-32.2848943483179));
#2623=CARTESIAN_POINT('',(46.7132377531288,27.2956893123474,-35.2900981683607));
#2624=CARTESIAN_POINT('',(46.7132377531288,24.4672621876013,-32.4616710436146));
#2625=CARTESIAN_POINT('',(46.7132377531288,13.1535536886165,-49.4322337920917));
#2626=CARTESIAN_POINT('',(46.7132377531288,13.1535536886165,-49.4322337920917));
#2627=CARTESIAN_POINT('',(46.7132377531288,10.3251265638703,-46.6038066673455));
#2628=CARTESIAN_POINT('Origin',(0.270106591187034,24.4672621876013,-32.4616710436146));
#2629=CARTESIAN_POINT('',(0.270106591187034,24.4672621876013,-32.4616710436146));
#2630=CARTESIAN_POINT('',(27.020106591187,24.4672621876013,-32.4616710436146));
#2631=CARTESIAN_POINT('',(0.270106591187034,27.2956893123474,-35.2900981683607));
#2632=CARTESIAN_POINT('',(0.270106591187034,24.4672621876013,-32.4616710436146));
#2633=CARTESIAN_POINT('',(46.7132377531288,27.2956893123474,-35.2900981683607));
#2634=CARTESIAN_POINT('Origin',(46.7132377531288,10.3251265638703,-46.6038066673455));
#2635=CARTESIAN_POINT('',(0.270106591187034,10.3251265638703,-46.6038066673455));
#2636=CARTESIAN_POINT('',(50.2416721721579,10.3251265638703,-46.6038066673455));
#2637=CARTESIAN_POINT('',(0.270106591187034,13.1535536886165,-49.4322337920917));
#2638=CARTESIAN_POINT('',(0.270106591187034,13.1535536886165,-49.4322337920917));
#2639=CARTESIAN_POINT('',(0.270106591187034,10.3251265638703,-46.6038066673455));
#2640=CARTESIAN_POINT('Origin',(27.020106591187,19.9388349138435,-42.6469525668647));
#2641=CARTESIAN_POINT('',(0.270106591187034,27.2956893123474,-35.2900981683607));
#2642=CARTESIAN_POINT('Origin',(-19.729893408813,9.4,-47.5289332312158));
#2643=CARTESIAN_POINT('',(-19.729893408813,9.4,-47.5289332312158));
#2644=CARTESIAN_POINT('',(-19.729893408813,24.8208155781945,-32.1081176530213));
#2645=CARTESIAN_POINT('',(-19.729893408813,12.8632621935599,-44.0656710376559));
#2646=CARTESIAN_POINT('',(-4.72989340881297,9.4,-47.5289332312158));
#2647=CARTESIAN_POINT('',(53.770106591187,9.4,-47.5289332312158));
#2648=CARTESIAN_POINT('',(-4.72989340881297,24.8208155781945,-32.1081176530213));
#2649=CARTESIAN_POINT('',(-4.72989340881297,24.8208155781945,-32.1081176530213));
#2650=CARTESIAN_POINT('',(53.770106591187,24.8208155781945,-32.1081176530213));
#2651=CARTESIAN_POINT('Origin',(-19.729893408813,6.4,-47.5289332312158));
#2652=CARTESIAN_POINT('',(-19.729893408813,6.4,-47.5289332312158));
#2653=CARTESIAN_POINT('',(-19.729893408813,11.8890873710318,-47.5289332312158));
#2654=CARTESIAN_POINT('',(-4.72989340881297,6.4,-47.5289332312158));
#2655=CARTESIAN_POINT('',(17.020106591187,6.4,-47.5289332312158));
#2656=CARTESIAN_POINT('',(-4.72989340881297,9.4,-47.5289332312158));
#2657=CARTESIAN_POINT('',(53.770106591187,9.4,-47.5289332312158));
#2658=CARTESIAN_POINT('Origin',(-4.72989340881297,15.6104077890973,-39.8185254421185));
#2659=CARTESIAN_POINT('',(-4.72989340881297,6.4,-32.1081176530213));
#2660=CARTESIAN_POINT('',(-4.72989340881297,6.4,-45.5092627210593));
#2661=CARTESIAN_POINT('',(-4.72989340881297,11.0052038945486,-32.1081176530213));
#2662=CARTESIAN_POINT('Origin',(53.770106591187,6.4,-51.2));
#2663=CARTESIAN_POINT('',(-19.729893408813,6.4,-51.2));
#2664=CARTESIAN_POINT('',(-19.729893408813,6.4,-51.2));
#2665=CARTESIAN_POINT('',(53.770106591187,6.4,-51.2));
#2666=CARTESIAN_POINT('',(53.770106591187,6.4,-51.2));
#2667=CARTESIAN_POINT('',(53.770106591187,6.4,-47.5));
#2668=CARTESIAN_POINT('',(53.770106591187,6.4,-51.2));
#2669=CARTESIAN_POINT('',(0.270106591187034,6.4,-47.5));
#2670=CARTESIAN_POINT('',(53.770106591187,6.4,-47.5));
#2671=CARTESIAN_POINT('',(0.270106591187034,6.4,-32.1081176530213));
#2672=CARTESIAN_POINT('',(0.270106591187034,6.4,-45.5092627210593));
#2673=CARTESIAN_POINT('',(53.770106591187,6.4,-32.1081176530213));
#2674=CARTESIAN_POINT('Origin',(53.770106591187,9.4,-47.5));
#2675=CARTESIAN_POINT('',(53.770106591187,9.4,-47.5));
#2676=CARTESIAN_POINT('',(53.770106591187,13.3890873710318,-47.5));
#2677=CARTESIAN_POINT('',(0.270106591187034,9.4,-47.5));
#2678=CARTESIAN_POINT('',(53.770106591187,9.4,-47.5));
#2679=CARTESIAN_POINT('',(0.270106591187034,9.4,-47.5));
#2680=CARTESIAN_POINT('Origin',(53.770106591187,9.4,-47.5289332312158));
#2681=CARTESIAN_POINT('',(53.770106591187,9.4,-47.5289332312158));
#2682=CARTESIAN_POINT('',(53.770106591187,9.4,-44.5914962151277));
#2683=CARTESIAN_POINT('',(0.270106591187034,9.4,-47.5289332312158));
#2684=CARTESIAN_POINT('',(53.770106591187,9.4,-47.5289332312158));
#2685=CARTESIAN_POINT('',(0.270106591187034,9.4,-51.2));
#2686=CARTESIAN_POINT('Origin',(53.770106591187,24.8208155781945,-32.1081176530213));
#2687=CARTESIAN_POINT('',(0.270106591187034,24.8208155781945,-32.1081176530213));
#2688=CARTESIAN_POINT('',(53.770106591187,9.4,-47.5289332312158));
#2689=CARTESIAN_POINT('',(53.770106591187,24.8208155781945,-32.1081176530213));
#2690=CARTESIAN_POINT('',(53.770106591187,20.5736699826572,-36.3552632485586));
#2691=CARTESIAN_POINT('',(0.270106591187034,24.8208155781945,-32.1081176530213));
#2692=CARTESIAN_POINT('',(53.770106591187,24.8208155781945,-32.1081176530213));
#2693=CARTESIAN_POINT('',(0.270106591187034,24.8208155781945,-32.1081176530213));
#2694=CARTESIAN_POINT('Origin',(0.270106591187034,15.6104077890973,-39.8185254421185));
#2695=CARTESIAN_POINT('',(0.270106591187034,11.0052038945486,-32.1081176530213));
#2696=CARTESIAN_POINT('Origin',(53.770106591187,6.4,-32.1081176530213));
#2697=CARTESIAN_POINT('',(53.770106591187,24.8208155781945,-32.1081176530213));
#2698=CARTESIAN_POINT('Origin',(53.770106591187,9.26446639209048,-47.6644668391253));
#2699=CARTESIAN_POINT('',(53.770106591187,9.4,-47.8000004470348));
#2700=CARTESIAN_POINT('',(53.770106591187,9.26446639209048,-47.6644668391253));
#2701=CARTESIAN_POINT('',(53.770106591187,9.26446639209048,-47.6644668391253));
#2702=CARTESIAN_POINT('',(-19.729893408813,9.4,-47.8000004470348));
#2703=CARTESIAN_POINT('',(53.770106591187,9.4,-47.8000004470348));
#2704=CARTESIAN_POINT('',(-19.729893408813,9.26446639209048,-47.6644668391253));
#2705=CARTESIAN_POINT('',(-19.729893408813,9.26446639209048,-47.6644668391253));
#2706=CARTESIAN_POINT('',(53.770106591187,9.26446639209048,-47.6644668391253));
#2707=CARTESIAN_POINT('Origin',(53.770106591187,9.4,-47.5289332312158));
#2708=CARTESIAN_POINT('',(53.770106591187,24.8208155781945,-32.1081176530213));
#2709=CARTESIAN_POINT('',(-19.729893408813,24.8208155781945,-32.1081176530213));
#2710=CARTESIAN_POINT('',(53.770106591187,9.4,-47.5289332312158));
#2711=CARTESIAN_POINT('Origin',(53.770106591187,9.4,-47.8000004470348));
#2712=CARTESIAN_POINT('',(53.770106591187,9.4,-51.2));
#2713=CARTESIAN_POINT('',(-19.729893408813,9.4,-51.2));
#2714=CARTESIAN_POINT('Origin',(53.770106591187,24.8208155781945,-32.1081176530213));
#2715=CARTESIAN_POINT('',(53.770106591187,28.3563494841273,-35.643651558954));
#2716=CARTESIAN_POINT('',(53.770106591187,28.3563494841273,-35.643651558954));
#2717=CARTESIAN_POINT('',(-19.729893408813,28.3563494841273,-35.643651558954));
#2718=CARTESIAN_POINT('',(53.770106591187,28.3563494841273,-35.643651558954));
#2719=CARTESIAN_POINT('',(-19.729893408813,28.3563494841273,-35.643651558954));
#2720=CARTESIAN_POINT('Origin',(53.770106591187,12.8000002980232,-51.2));
#2721=CARTESIAN_POINT('',(53.770106591187,12.8000002980232,-51.200000745058));
#2722=CARTESIAN_POINT('',(53.770106591187,0.,-51.2));
#2723=CARTESIAN_POINT('',(-19.729893408813,12.8000002980232,-51.200000745058));
#2724=CARTESIAN_POINT('',(-19.729893408813,0.,-51.2));
#2725=CARTESIAN_POINT('',(53.770106591187,12.8000002980232,-51.200000745058));
#2726=CARTESIAN_POINT('Origin',(53.770106591187,28.3563494841273,-35.643651558954));
#2727=CARTESIAN_POINT('',(53.770106591187,12.8000002980232,-51.200000745058));
#2728=CARTESIAN_POINT('',(-19.729893408813,12.8000002980232,-51.200000745058));
#2729=CARTESIAN_POINT('Origin',(53.770106591187,17.3781747420636,-41.6540591990397));
#2730=CARTESIAN_POINT('Origin',(-19.729893408813,17.3781747420636,-41.6540591990397));
#2731=UNCERTAINTY_MEASURE_WITH_UNIT(LENGTH_MEASURE(0.01),#2735,
'DISTANCE_ACCURACY_VALUE',
'Maximum model space distance between geometric entities at asserted c
onnectivities');
#2732=UNCERTAINTY_MEASURE_WITH_UNIT(LENGTH_MEASURE(0.01),#2735,
'DISTANCE_ACCURACY_VALUE',
'Maximum model space distance between geometric entities at asserted c
onnectivities');
#2733=(
GEOMETRIC_REPRESENTATION_CONTEXT(3)
GLOBAL_UNCERTAINTY_ASSIGNED_CONTEXT((#2731))
GLOBAL_UNIT_ASSIGNED_CONTEXT((#2735,#2737,#2738))
REPRESENTATION_CONTEXT('','3D')
);
#2734=(
GEOMETRIC_REPRESENTATION_CONTEXT(3)
GLOBAL_UNCERTAINTY_ASSIGNED_CONTEXT((#2732))
GLOBAL_UNIT_ASSIGNED_CONTEXT((#2735,#2737,#2738))
REPRESENTATION_CONTEXT('','3D')
);
#2735=(
LENGTH_UNIT()
NAMED_UNIT(*)
SI_UNIT(.MILLI.,.METRE.)
);
#2736=(
LENGTH_UNIT()
NAMED_UNIT(*)
SI_UNIT($,.METRE.)
);
#2737=(
NAMED_UNIT(*)
PLANE_ANGLE_UNIT()
SI_UNIT($,.RADIAN.)
);
#2738=(
NAMED_UNIT(*)
SI_UNIT($,.STERADIAN.)
SOLID_ANGLE_UNIT()
);
#2739=SHAPE_DEFINITION_REPRESENTATION(#2740,#2741);
#2740=PRODUCT_DEFINITION_SHAPE('',$,#2743);
#2741=SHAPE_REPRESENTATION('',(#1718),#2733);
#2742=PRODUCT_DEFINITION_CONTEXT('part definition',#2747,'design');
#2743=PRODUCT_DEFINITION('casier_due_multiple_afficheur',
'casier_due_multiple_afficheur v7',#2744,#2742);
#2744=PRODUCT_DEFINITION_FORMATION('',$,#2749);
#2745=PRODUCT_RELATED_PRODUCT_CATEGORY(
'casier_due_multiple_afficheur v7','casier_due_multiple_afficheur v7',(#2749));
#2746=APPLICATION_PROTOCOL_DEFINITION('international standard',
'automotive_design',2009,#2747);
#2747=APPLICATION_CONTEXT(
'Core Data for Automotive Mechanical Design Process');
#2748=PRODUCT_CONTEXT('part definition',#2747,'mechanical');
#2749=PRODUCT('casier_due_multiple_afficheur',
'casier_due_multiple_afficheur v7',$,(#2748));
#2750=PRESENTATION_STYLE_ASSIGNMENT((#2751));
#2751=SURFACE_STYLE_USAGE(.BOTH.,#2752);
#2752=SURFACE_SIDE_STYLE('',(#2753));
#2753=SURFACE_STYLE_FILL_AREA(#2754);
#2754=FILL_AREA_STYLE('Acier - Satin\X\E9',(#2755));
#2755=FILL_AREA_STYLE_COLOUR('Acier - Satin\X\E9',#2756);
#2756=COLOUR_RGB('Acier - Satin\X\E9',0.627450980392157,0.627450980392157,
0.627450980392157);
ENDSEC;
END-ISO-10303-21;
