ISO-10303-21;
HEADER;
/* Generated by software containing ST-Developer
 * from STEP Tools, Inc. (www.steptools.com) 
 */

FILE_DESCRIPTION(
/* description */ (''),
/* implementation_level */ '2;1');

FILE_NAME(
/* name */ 'etau3_bouchon.step',
/* time_stamp */ '2025-10-31T13:22:54+01:00',
/* author */ (''),
/* organization */ (''),
/* preprocessor_version */ 'ST-DEVELOPER v20.1',
/* originating_system */ 'Autodesk Translation Framework v14.17.0.0',
/* authorisation */ '');

FILE_SCHEMA (('AUTOMOTIVE_DESIGN { 1 0 10303 214 3 1 1 }'));
ENDSEC;

DATA;
#10=MECHANICAL_DESIGN_GEOMETRIC_PRESENTATION_REPRESENTATION('',(#13,#14),
#2362);
#11=SHAPE_REPRESENTATION_RELATIONSHIP('SRR','None',#2369,#12);
#12=ADVANCED_BREP_SHAPE_REPRESENTATION('',(#15,#16),#2361);
#13=STYLED_ITEM('',(#2378),#15);
#14=STYLED_ITEM('',(#2378),#16);
#15=MANIFOLD_SOLID_BREP('Corps4',#480);
#16=MANIFOLD_SOLID_BREP('Corps5',#481);
#17=SPHERICAL_SURFACE('',#512,0.2);
#18=B_SPLINE_SURFACE_WITH_KNOTS('',3,3,((#1122,#1123,#1124,#1125,#1126,
#1127),(#1128,#1129,#1130,#1131,#1132,#1133),(#1134,#1135,#1136,#1137,#1138,
#1139),(#1140,#1141,#1142,#1143,#1144,#1145),(#1146,#1147,#1148,#1149,#1150,
#1151),(#1152,#1153,#1154,#1155,#1156,#1157),(#1158,#1159,#1160,#1161,#1162,
#1163)),.UNSPECIFIED.,.F.,.F.,.F.,(4,1,1,1,4),(4,1,1,4),(0.,0.285714285714286,
0.571428571428571,0.857142857142857,1.),(0.0457419210843465,0.491873426031923,
0.789294429330307,1.08671543262869),.UNSPECIFIED.);
#19=B_SPLINE_SURFACE_WITH_KNOTS('',3,3,((#1178,#1179,#1180,#1181,#1182),
(#1183,#1184,#1185,#1186,#1187),(#1188,#1189,#1190,#1191,#1192),(#1193,
#1194,#1195,#1196,#1197)),.UNSPECIFIED.,.F.,.F.,.F.,(4,4),(4,1,4),(0.,1.),
(5.34509283033849E-10,0.506275888499292,0.88598280447288),.UNSPECIFIED.);
#20=B_SPLINE_SURFACE_WITH_KNOTS('',3,3,((#1212,#1213,#1214,#1215,#1216,
#1217,#1218,#1219,#1220,#1221,#1222,#1223,#1224,#1225,#1226,#1227,#1228,
#1229,#1230,#1231,#1232,#1233,#1234,#1235,#1236,#1237,#1238,#1239,#1240,
#1241,#1242,#1243,#1244,#1245,#1246,#1247,#1248,#1249,#1250,#1251,#1252,
#1253,#1254,#1255,#1256,#1257,#1258,#1259,#1260,#1261,#1262,#1263,#1264,
#1265,#1266,#1267,#1268,#1269),(#1270,#1271,#1272,#1273,#1274,#1275,#1276,
#1277,#1278,#1279,#1280,#1281,#1282,#1283,#1284,#1285,#1286,#1287,#1288,
#1289,#1290,#1291,#1292,#1293,#1294,#1295,#1296,#1297,#1298,#1299,#1300,
#1301,#1302,#1303,#1304,#1305,#1306,#1307,#1308,#1309,#1310,#1311,#1312,
#1313,#1314,#1315,#1316,#1317,#1318,#1319,#1320,#1321,#1322,#1323,#1324,
#1325,#1326,#1327),(#1328,#1329,#1330,#1331,#1332,#1333,#1334,#1335,#1336,
#1337,#1338,#1339,#1340,#1341,#1342,#1343,#1344,#1345,#1346,#1347,#1348,
#1349,#1350,#1351,#1352,#1353,#1354,#1355,#1356,#1357,#1358,#1359,#1360,
#1361,#1362,#1363,#1364,#1365,#1366,#1367,#1368,#1369,#1370,#1371,#1372,
#1373,#1374,#1375,#1376,#1377,#1378,#1379,#1380,#1381,#1382,#1383,#1384,
#1385),(#1386,#1387,#1388,#1389,#1390,#1391,#1392,#1393,#1394,#1395,#1396,
#1397,#1398,#1399,#1400,#1401,#1402,#1403,#1404,#1405,#1406,#1407,#1408,
#1409,#1410,#1411,#1412,#1413,#1414,#1415,#1416,#1417,#1418,#1419,#1420,
#1421,#1422,#1423,#1424,#1425,#1426,#1427,#1428,#1429,#1430,#1431,#1432,
#1433,#1434,#1435,#1436,#1437,#1438,#1439,#1440,#1441,#1442,#1443)),
 .UNSPECIFIED.,.F.,.F.,.F.,(4,4),(4,1,1,1,1,1,1,1,1,1,1,1,1,1,1,1,1,1,1,
1,1,1,1,1,1,1,1,1,1,1,1,1,1,1,1,1,1,1,1,1,1,1,1,1,1,1,1,1,1,1,1,1,1,1,1,
4),(0.00577060207127348,0.068427077267211),(10.6748291564522,11.2687523261853,
11.8626754959184,12.4565986656515,13.0505218353846,13.6444450051177,14.2383681748509,
14.832291344584,15.4262145143171,16.2181120739612,17.0100096336054,17.8019071932495,
18.1978559730716,18.5938047528936,19.1217364593231,19.6496681657525,20.1775998721819,
20.7055315786113,21.2334632850408,21.7613949914702,22.2893266978996,22.8172584043291,
23.3451901107585,24.1370876704026,24.9289852300468,25.7208827896909,26.5127803493351,
27.3046779089792,28.0965754686233,28.6245071750528,29.1524388814822,29.6803705879116,
30.4722681475558,31.2641657071999,32.056063266844,32.6499864365772,33.2439096063103,
33.8378327760434,34.4317559457765,35.0256791155096,35.6196022852427,36.2135254549758,
36.8074486247089,37.0054230146199,37.599346184353,37.9952949641751,38.3912437439972,
39.1831413036413,39.7770644733744,40.3709876431075,40.9649108128407,41.5588339825738,
42.1527571523069,42.74668032204,43.3406034917731,43.9345266615062),
 .UNSPECIFIED.);
#21=B_SPLINE_SURFACE_WITH_KNOTS('',3,3,((#1577,#1578,#1579,#1580,#1581,
#1582,#1583,#1584,#1585,#1586,#1587,#1588,#1589,#1590,#1591,#1592,#1593,
#1594,#1595,#1596,#1597,#1598,#1599,#1600,#1601,#1602,#1603,#1604,#1605,
#1606,#1607,#1608,#1609,#1610,#1611,#1612,#1613,#1614,#1615,#1616,#1617,
#1618,#1619,#1620,#1621,#1622,#1623,#1624,#1625,#1626,#1627,#1628,#1629),
(#1630,#1631,#1632,#1633,#1634,#1635,#1636,#1637,#1638,#1639,#1640,#1641,
#1642,#1643,#1644,#1645,#1646,#1647,#1648,#1649,#1650,#1651,#1652,#1653,
#1654,#1655,#1656,#1657,#1658,#1659,#1660,#1661,#1662,#1663,#1664,#1665,
#1666,#1667,#1668,#1669,#1670,#1671,#1672,#1673,#1674,#1675,#1676,#1677,
#1678,#1679,#1680,#1681,#1682),(#1683,#1684,#1685,#1686,#1687,#1688,#1689,
#1690,#1691,#1692,#1693,#1694,#1695,#1696,#1697,#1698,#1699,#1700,#1701,
#1702,#1703,#1704,#1705,#1706,#1707,#1708,#1709,#1710,#1711,#1712,#1713,
#1714,#1715,#1716,#1717,#1718,#1719,#1720,#1721,#1722,#1723,#1724,#1725,
#1726,#1727,#1728,#1729,#1730,#1731,#1732,#1733,#1734,#1735),(#1736,#1737,
#1738,#1739,#1740,#1741,#1742,#1743,#1744,#1745,#1746,#1747,#1748,#1749,
#1750,#1751,#1752,#1753,#1754,#1755,#1756,#1757,#1758,#1759,#1760,#1761,
#1762,#1763,#1764,#1765,#1766,#1767,#1768,#1769,#1770,#1771,#1772,#1773,
#1774,#1775,#1776,#1777,#1778,#1779,#1780,#1781,#1782,#1783,#1784,#1785,
#1786,#1787,#1788),(#1789,#1790,#1791,#1792,#1793,#1794,#1795,#1796,#1797,
#1798,#1799,#1800,#1801,#1802,#1803,#1804,#1805,#1806,#1807,#1808,#1809,
#1810,#1811,#1812,#1813,#1814,#1815,#1816,#1817,#1818,#1819,#1820,#1821,
#1822,#1823,#1824,#1825,#1826,#1827,#1828,#1829,#1830,#1831,#1832,#1833,
#1834,#1835,#1836,#1837,#1838,#1839,#1840,#1841),(#1842,#1843,#1844,#1845,
#1846,#1847,#1848,#1849,#1850,#1851,#1852,#1853,#1854,#1855,#1856,#1857,
#1858,#1859,#1860,#1861,#1862,#1863,#1864,#1865,#1866,#1867,#1868,#1869,
#1870,#1871,#1872,#1873,#1874,#1875,#1876,#1877,#1878,#1879,#1880,#1881,
#1882,#1883,#1884,#1885,#1886,#1887,#1888,#1889,#1890,#1891,#1892,#1893,
#1894),(#1895,#1896,#1897,#1898,#1899,#1900,#1901,#1902,#1903,#1904,#1905,
#1906,#1907,#1908,#1909,#1910,#1911,#1912,#1913,#1914,#1915,#1916,#1917,
#1918,#1919,#1920,#1921,#1922,#1923,#1924,#1925,#1926,#1927,#1928,#1929,
#1930,#1931,#1932,#1933,#1934,#1935,#1936,#1937,#1938,#1939,#1940,#1941,
#1942,#1943,#1944,#1945,#1946,#1947)),.UNSPECIFIED.,.F.,.F.,.F.,(4,1,1,
1,4),(4,1,1,1,1,1,1,1,1,1,1,1,1,1,1,1,1,1,1,1,1,1,1,1,1,1,1,1,1,1,1,1,1,
1,1,1,1,1,1,1,1,1,1,1,1,1,1,1,1,1,4),(0.,0.285714285714286,0.5,0.785714285714286,
1.),(-0.508121544050608,-0.0897641052851667,0.328593333480275,0.746950772245716,
1.16530821101116,1.5836656497766,2.00202308854204,2.42038052730748,2.83873796607292,
3.39654788442685,3.95435780278077,4.51216772113469,4.93052515990013,5.34888259866557,
5.76724003743101,6.18559747619646,6.74340739455038,7.3012173129043,7.85902723125822,
8.41683714961214,8.97464706796606,9.53245698631999,10.0902669046739,10.6480768230278,
11.2058867413818,11.7636966597357,12.1355699386383,12.5074432175409,12.8793164964435,
13.4371264147974,13.9949363331514,14.5527462515053,14.9711036902707,15.3894611290362,
15.8078185678016,16.2261760065671,16.6445334453325,17.0628908840979,17.4812483228634,
17.8996057616288,18.4574156799827,19.0152255983367,19.5730355166906,19.991392955456,
20.4097503942215,20.8281078329869,21.2464652717523,21.6648227105178,22.0831801492832,
22.5015375880487,22.9198950268141),.UNSPECIFIED.);
#22=B_SPLINE_SURFACE_WITH_KNOTS('',3,3,((#2014,#2015,#2016,#2017,#2018,
#2019,#2020,#2021,#2022,#2023,#2024,#2025,#2026,#2027,#2028,#2029,#2030,
#2031,#2032,#2033,#2034,#2035,#2036,#2037,#2038,#2039,#2040,#2041,#2042,
#2043,#2044,#2045,#2046,#2047,#2048,#2049,#2050,#2051,#2052,#2053,#2054,
#2055,#2056,#2057,#2058,#2059,#2060,#2061,#2062,#2063,#2064,#2065,#2066,
#2067,#2068,#2069),(#2070,#2071,#2072,#2073,#2074,#2075,#2076,#2077,#2078,
#2079,#2080,#2081,#2082,#2083,#2084,#2085,#2086,#2087,#2088,#2089,#2090,
#2091,#2092,#2093,#2094,#2095,#2096,#2097,#2098,#2099,#2100,#2101,#2102,
#2103,#2104,#2105,#2106,#2107,#2108,#2109,#2110,#2111,#2112,#2113,#2114,
#2115,#2116,#2117,#2118,#2119,#2120,#2121,#2122,#2123,#2124,#2125),(#2126,
#2127,#2128,#2129,#2130,#2131,#2132,#2133,#2134,#2135,#2136,#2137,#2138,
#2139,#2140,#2141,#2142,#2143,#2144,#2145,#2146,#2147,#2148,#2149,#2150,
#2151,#2152,#2153,#2154,#2155,#2156,#2157,#2158,#2159,#2160,#2161,#2162,
#2163,#2164,#2165,#2166,#2167,#2168,#2169,#2170,#2171,#2172,#2173,#2174,
#2175,#2176,#2177,#2178,#2179,#2180,#2181),(#2182,#2183,#2184,#2185,#2186,
#2187,#2188,#2189,#2190,#2191,#2192,#2193,#2194,#2195,#2196,#2197,#2198,
#2199,#2200,#2201,#2202,#2203,#2204,#2205,#2206,#2207,#2208,#2209,#2210,
#2211,#2212,#2213,#2214,#2215,#2216,#2217,#2218,#2219,#2220,#2221,#2222,
#2223,#2224,#2225,#2226,#2227,#2228,#2229,#2230,#2231,#2232,#2233,#2234,
#2235,#2236,#2237)),.UNSPECIFIED.,.F.,.F.,.F.,(4,4),(4,1,1,1,1,1,1,1,1,
1,1,1,1,1,1,1,1,1,1,1,1,1,1,1,1,1,1,1,1,1,1,1,1,1,1,1,1,1,1,1,1,1,1,1,1,
1,1,1,1,1,1,1,1,4),(0.0304787973476628,0.0931352725742706),(14.1928097036305,
14.8126325799454,15.4324554562604,16.0522783325753,16.6721012088902,17.2919240852051,
17.91174696152,18.531569837835,19.1513927141499,19.9778232159031,20.8042537176563,
21.6306842194096,22.4571147211628,23.0080683889983,23.5590220568338,24.1099757246692,
24.6609293925047,25.2118830603402,25.7628367281757,26.3137903960112,26.8647440638467,
27.4156977316822,28.2421282334354,29.0685587351886,29.8949892369418,30.7214197386951,
31.5478502404483,32.3742807422015,32.925234410037,33.4761880778725,34.027141745708,
34.8535722474612,35.6800027492144,36.093218000091,36.5064332509677,37.1262561272826,
37.7460790035975,38.3659018799124,38.9857247562273,39.6055476325423,40.2253705088572,
40.8451933851721,41.465016261487,42.2914467632403,43.1178772649935,43.9443077667467,
44.5641306430616,45.1839535193766,45.8037763956915,46.4235992720064,47.0434221483213,
47.6632450246362,48.2830679009512,48.9028907772661),.UNSPECIFIED.);
#23=FACE_BOUND('',#79,.T.);
#24=FACE_BOUND('',#87,.T.);
#25=FACE_BOUND('',#89,.T.);
#26=FACE_BOUND('',#93,.T.);
#27=FACE_BOUND('',#102,.T.);
#28=FACE_BOUND('',#104,.T.);
#29=PLANE('',#509);
#30=PLANE('',#514);
#31=PLANE('',#515);
#32=PLANE('',#521);
#33=PLANE('',#525);
#34=PLANE('',#526);
#35=PLANE('',#527);
#36=PLANE('',#528);
#37=PLANE('',#529);
#38=PLANE('',#530);
#39=PLANE('',#531);
#40=PLANE('',#532);
#41=FACE_OUTER_BOUND('',#70,.T.);
#42=FACE_OUTER_BOUND('',#71,.T.);
#43=FACE_OUTER_BOUND('',#72,.T.);
#44=FACE_OUTER_BOUND('',#73,.T.);
#45=FACE_OUTER_BOUND('',#74,.T.);
#46=FACE_OUTER_BOUND('',#75,.T.);
#47=FACE_OUTER_BOUND('',#76,.T.);
#48=FACE_OUTER_BOUND('',#77,.T.);
#49=FACE_OUTER_BOUND('',#78,.T.);
#50=FACE_OUTER_BOUND('',#80,.T.);
#51=FACE_OUTER_BOUND('',#81,.T.);
#52=FACE_OUTER_BOUND('',#82,.T.);
#53=FACE_OUTER_BOUND('',#83,.T.);
#54=FACE_OUTER_BOUND('',#84,.T.);
#55=FACE_OUTER_BOUND('',#85,.T.);
#56=FACE_OUTER_BOUND('',#86,.T.);
#57=FACE_OUTER_BOUND('',#88,.T.);
#58=FACE_OUTER_BOUND('',#90,.T.);
#59=FACE_OUTER_BOUND('',#91,.T.);
#60=FACE_OUTER_BOUND('',#92,.T.);
#61=FACE_OUTER_BOUND('',#94,.T.);
#62=FACE_OUTER_BOUND('',#95,.T.);
#63=FACE_OUTER_BOUND('',#96,.T.);
#64=FACE_OUTER_BOUND('',#97,.T.);
#65=FACE_OUTER_BOUND('',#98,.T.);
#66=FACE_OUTER_BOUND('',#99,.T.);
#67=FACE_OUTER_BOUND('',#100,.T.);
#68=FACE_OUTER_BOUND('',#101,.T.);
#69=FACE_OUTER_BOUND('',#103,.T.);
#70=EDGE_LOOP('',(#308,#309,#310,#311));
#71=EDGE_LOOP('',(#312,#313,#314,#315,#316,#317));
#72=EDGE_LOOP('',(#318,#319,#320,#321));
#73=EDGE_LOOP('',(#322,#323,#324,#325));
#74=EDGE_LOOP('',(#326,#327,#328,#329));
#75=EDGE_LOOP('',(#330,#331,#332,#333));
#76=EDGE_LOOP('',(#334,#335,#336,#337));
#77=EDGE_LOOP('',(#338,#339,#340,#341));
#78=EDGE_LOOP('',(#342));
#79=EDGE_LOOP('',(#343));
#80=EDGE_LOOP('',(#344,#345,#346,#347));
#81=EDGE_LOOP('',(#348,#349,#350,#351));
#82=EDGE_LOOP('',(#352,#353,#354));
#83=EDGE_LOOP('',(#355,#356,#357,#358,#359,#360,#361,#362,#363));
#84=EDGE_LOOP('',(#364,#365,#366,#367));
#85=EDGE_LOOP('',(#368,#369,#370,#371,#372,#373,#374,#375,#376,#377));
#86=EDGE_LOOP('',(#378,#379,#380,#381));
#87=EDGE_LOOP('',(#382));
#88=EDGE_LOOP('',(#383));
#89=EDGE_LOOP('',(#384,#385,#386,#387));
#90=EDGE_LOOP('',(#388,#389,#390,#391));
#91=EDGE_LOOP('',(#392,#393,#394,#395));
#92=EDGE_LOOP('',(#396));
#93=EDGE_LOOP('',(#397));
#94=EDGE_LOOP('',(#398,#399,#400,#401));
#95=EDGE_LOOP('',(#402,#403,#404,#405));
#96=EDGE_LOOP('',(#406,#407,#408,#409));
#97=EDGE_LOOP('',(#410,#411,#412,#413));
#98=EDGE_LOOP('',(#414,#415,#416,#417));
#99=EDGE_LOOP('',(#418,#419,#420,#421));
#100=EDGE_LOOP('',(#422,#423,#424,#425));
#101=EDGE_LOOP('',(#426,#427,#428,#429,#430,#431));
#102=EDGE_LOOP('',(#432));
#103=EDGE_LOOP('',(#433,#434,#435,#436,#437,#438));
#104=EDGE_LOOP('',(#439));
#105=CIRCLE('',#496,6.56845);
#106=CIRCLE('',#498,6.56845);
#107=CIRCLE('',#504,2.65);
#108=CIRCLE('',#505,2.65);
#109=CIRCLE('',#507,6.075);
#110=CIRCLE('',#508,6.075);
#111=CIRCLE('',#510,0.2);
#112=CIRCLE('',#511,0.2);
#113=CIRCLE('',#513,0.200000000000003);
#114=CIRCLE('',#516,7.425);
#115=CIRCLE('',#517,6.56845);
#116=CIRCLE('',#520,7.425);
#117=CIRCLE('',#523,7.5);
#118=CIRCLE('',#524,7.5);
#119=B_SPLINE_CURVE_WITH_KNOTS('',3,(#645,#646,#647,#648),.UNSPECIFIED.,
 .F.,.F.,(4,4),(22.0316585389712,22.3396187062769),.UNSPECIFIED.);
#120=B_SPLINE_CURVE_WITH_KNOTS('',3,(#650,#651,#652,#653,#654,#655,#656,
#657,#658,#659,#660,#661,#662,#663,#664,#665),.UNSPECIFIED.,.F.,.F.,(4,
3,3,3,3,4),(0.,0.0336964701356172,0.0693899327454525,0.0752995942037628,
0.117353529662632,0.159407465121502),.UNSPECIFIED.);
#121=B_SPLINE_CURVE_WITH_KNOTS('',3,(#671,#672,#673,#674,#675,#676,#677,
#678,#679,#680,#681,#682,#683,#684,#685,#686,#687,#688,#689,#690,#691,#692,
#693,#694,#695,#696,#697,#698,#699,#700,#701,#702,#703,#704),
 .UNSPECIFIED.,.F.,.F.,(4,3,3,3,3,3,3,3,3,3,3,4),(17.8888059939296,17.8920791918,
18.3007627901974,18.8456742547273,19.3905857192572,19.9354971837871,20.3441807821845,
20.752864380582,21.1615479789794,21.5702315773768,21.9789151757742,22.0316585389712),
 .UNSPECIFIED.);
#122=B_SPLINE_CURVE_WITH_KNOTS('',3,(#708,#709,#710,#711,#712,#713,#714,
#715,#716,#717,#718,#719,#720,#721,#722,#723,#724,#725,#726,#727,#728,#729,
#730,#731,#732,#733,#734,#735,#736,#737,#738,#739,#740,#741,#742,#743,#744,
#745,#746,#747,#748,#749,#750,#751,#752,#753,#754,#755,#756,#757,#758,#759,
#760,#761,#762,#763,#764,#765,#766,#767,#768,#769,#770,#771,#772,#773,#774,
#775,#776,#777,#778,#779,#780,#781,#782,#783,#784,#785,#786,#787,#788,#789,
#790,#791,#792,#793,#794,#795,#796,#797,#798,#799,#800,#801,#802,#803,#804),
 .UNSPECIFIED.,.F.,.F.,(4,3,3,3,3,3,3,3,3,3,3,3,3,3,3,3,3,3,3,3,3,3,3,3,
3,3,3,3,3,3,3,3,4),(0.,0.0154763004383763,0.0551966164876031,0.0928025391786561,
0.116531582792878,0.155508489732833,0.186759797957701,0.219777342032078,
0.253455613947941,0.286173700996015,0.31199321960151,0.32847311936886,0.362510594181372,
0.391397159806508,0.396548068993884,0.417198913244993,0.421979084285702,
0.428515938808779,0.432411077646727,0.435534727850217,0.438864202626883,
0.44407219541389,0.455306897874401,0.475456927865908,0.489613514892668,
0.509773148511356,0.555520985798162,0.610919302668525,0.634894457094665,
0.680945522659212,0.726592200912164,0.770483455202585,0.802973269924156),
 .UNSPECIFIED.);
#123=B_SPLINE_CURVE_WITH_KNOTS('',3,(#805,#806,#807,#808,#809,#810,#811,
#812,#813,#814,#815,#816,#817,#818,#819,#820,#821,#822,#823),
 .UNSPECIFIED.,.F.,.F.,(4,3,3,3,3,3,4),(1.34919836562817,1.74080187097216,
2.13240537631614,2.52400888166013,2.91561238700411,3.30721589234809,3.38879796106319),
 .UNSPECIFIED.);
#124=B_SPLINE_CURVE_WITH_KNOTS('',3,(#828,#829,#830,#831,#832,#833,#834,
#835,#836,#837,#838,#839,#840,#841,#842,#843,#844,#845,#846,#847,#848,#849,
#850,#851,#852,#853,#854,#855,#856,#857,#858,#859,#860,#861),
 .UNSPECIFIED.,.F.,.F.,(4,3,3,3,3,3,3,3,3,3,3,4),(13.7459351109582,13.9414536010068,
14.4863674775974,14.7588244158927,15.0312813541881,15.439966761631,15.848652169074,
16.257337576517,16.66602298396,17.0747083914029,17.4833937988459,17.8888059939296),
 .UNSPECIFIED.);
#125=B_SPLINE_CURVE_WITH_KNOTS('',3,(#862,#863,#864,#865,#866,#867,#868,
#869,#870,#871,#872,#873,#874,#875,#876,#877,#878,#879,#880,#881,#882,#883,
#884,#885,#886,#887,#888,#889,#890,#891,#892,#893,#894,#895,#896,#897,#898),
 .UNSPECIFIED.,.F.,.F.,(4,3,3,3,3,3,3,3,3,3,3,3,4),(3.38879796106319,3.69882055764606,
4.09042552818564,4.48203049872521,5.00417045944465,5.26524043980437,5.52631042016409,
5.91791539070367,6.04845038088353,6.44005535142311,6.83166032196268,7.22326529250226,
7.53163448029923),.UNSPECIFIED.);
#126=B_SPLINE_CURVE_WITH_KNOTS('',3,(#903,#904,#905,#906,#907,#908,#909,
#910,#911,#912,#913,#914,#915,#916,#917,#918,#919,#920,#921,#922,#923,#924,
#925,#926,#927,#928,#929,#930),.UNSPECIFIED.,.F.,.F.,(4,3,3,3,3,3,3,3,3,
4),(9.60306421324367,10.1270564519937,10.6719703305235,11.2168842090534,
11.7617980875832,12.3067119661131,12.669987885133,13.0332638041529,13.3965397231727,
13.7459351109582),.UNSPECIFIED.);
#127=B_SPLINE_CURVE_WITH_KNOTS('',3,(#931,#932,#933,#934,#935,#936,#937,
#938,#939,#940,#941,#942,#943,#944,#945,#946,#947,#948,#949,#950,#951,#952,
#953,#954,#955,#956,#957,#958,#959,#960,#961,#962,#963,#964),
 .UNSPECIFIED.,.F.,.F.,(4,3,3,3,3,3,3,3,3,3,3,4),(7.53163448029923,7.61487081599538,
8.0064783880526,8.39808596010981,8.78969353216702,9.18130110422423,9.70344453363384,
10.2255879630435,10.7477313924531,11.0958270120595,11.4439226316659,11.6744985206925),
 .UNSPECIFIED.);
#128=B_SPLINE_CURVE_WITH_KNOTS('',3,(#969,#970,#971,#972,#973,#974,#975,
#976,#977,#978,#979,#980,#981,#982,#983,#984,#985,#986,#987,#988,#989,#990,
#991,#992,#993,#994,#995,#996,#997,#998,#999,#1000,#1001,#1002,#1003,#1004,
#1005),.UNSPECIFIED.,.F.,.F.,(4,3,3,3,3,3,3,3,3,3,3,3,4),(5.46021162383981,
5.76776237336873,6.13103668694541,6.49431100052209,6.85758531409877,7.22085962767545,
7.58413394125213,7.94740825482881,8.31068256840549,8.67395688198216,9.03723119555884,
9.58214266592386,9.60306421324367),.UNSPECIFIED.);
#129=B_SPLINE_CURVE_WITH_KNOTS('',3,(#1006,#1007,#1008,#1009,#1010,#1011,
#1012,#1013,#1014,#1015,#1016,#1017,#1018,#1019,#1020,#1021,#1022,#1023,
#1024,#1025,#1026,#1027,#1028,#1029,#1030,#1031,#1032,#1033,#1034,#1035,
#1036),.UNSPECIFIED.,.F.,.F.,(4,3,3,3,3,3,3,3,3,3,4),(11.6744985206925,
11.7920185104516,12.3141630914021,12.8363076723526,13.3584522533031,13.8805968342536,
14.4027414152042,14.9248859961547,15.272982383455,15.6210787707553,15.8173716975401),
 .UNSPECIFIED.);
#130=B_SPLINE_CURVE_WITH_KNOTS('',3,(#1041,#1042,#1043,#1044,#1045,#1046,
#1047,#1048,#1049,#1050,#1051,#1052,#1053,#1054,#1055,#1056,#1057,#1058,
#1059,#1060,#1061,#1062,#1063,#1064,#1065,#1066,#1067,#1068,#1069,#1070,
#1071),.UNSPECIFIED.,.F.,.F.,(4,3,3,3,3,3,3,3,3,3,4),(1.3173958290401,1.5447332541136,
1.95341322711762,2.36209320012166,2.77077317312568,3.17945314612971,3.58813311913374,
4.13303974980578,4.67794638047782,5.22285301114986,5.46021162383981),
 .UNSPECIFIED.);
#131=B_SPLINE_CURVE_WITH_KNOTS('',3,(#1072,#1073,#1074,#1075,#1076,#1077,
#1078,#1079,#1080,#1081,#1082,#1083,#1084,#1085,#1086,#1087,#1088,#1089,
#1090,#1091,#1092,#1093,#1094,#1095,#1096,#1097,#1098,#1099,#1100,#1101,
#1102,#1103,#1104,#1105,#1106,#1107,#1108),.UNSPECIFIED.,.F.,.F.,(4,3,3,
3,3,3,3,3,3,3,3,3,4),(15.8173716975401,15.9691748221857,16.3172704393117,
16.6653660564378,17.0134616735638,17.3615572906898,17.7096529078158,18.0577485249419,
18.3188202377864,18.5798919506309,19.1020353763199,19.624178802009,19.9602357084139),
 .UNSPECIFIED.);
#132=B_SPLINE_CURVE_WITH_KNOTS('',3,(#1167,#1168,#1169,#1170,#1171,#1172),
 .UNSPECIFIED.,.F.,.F.,(4,1,1,4),(0.0457419210843465,0.491873426031923,
0.789294429330307,0.931673590607737),.UNSPECIFIED.);
#133=B_SPLINE_CURVE_WITH_KNOTS('',3,(#1173,#1174,#1175,#1176,#1177),
 .UNSPECIFIED.,.F.,.F.,(4,1,4),(-0.773800743577136,-0.491873426031923,-0.0457419210843465),
 .UNSPECIFIED.);
#134=B_SPLINE_CURVE_WITH_KNOTS('',3,(#1199,#1200,#1201,#1202,#1203),
 .UNSPECIFIED.,.F.,.F.,(4,1,4),(5.34509283033849E-10,0.506275888499292,
0.88598280447288),.UNSPECIFIED.);
#135=B_SPLINE_CURVE_WITH_KNOTS('',3,(#1205,#1206,#1207,#1208,#1209),
 .UNSPECIFIED.,.F.,.F.,(4,1,4),(-0.88598280447288,-0.506275888499292,-0.157981122483344),
 .UNSPECIFIED.);
#136=B_SPLINE_CURVE_WITH_KNOTS('',3,(#1445,#1446,#1447,#1448,#1449,#1450,
#1451,#1452,#1453,#1454,#1455,#1456,#1457,#1458,#1459,#1460,#1461,#1462,
#1463,#1464,#1465,#1466,#1467,#1468,#1469,#1470,#1471,#1472,#1473,#1474,
#1475,#1476,#1477,#1478,#1479,#1480,#1481,#1482,#1483,#1484,#1485,#1486,
#1487,#1488,#1489,#1490,#1491,#1492,#1493,#1494,#1495),.UNSPECIFIED.,.F.,
 .F.,(4,1,1,1,1,1,1,1,1,1,1,1,1,1,1,1,1,1,1,1,1,1,1,1,1,1,1,1,1,1,1,1,1,
1,1,1,1,1,1,1,1,1,1,1,1,1,1,1,4),(0.509345412173792,0.746950772245716,1.16530821101116,
1.5836656497766,2.00202308854204,2.42038052730748,2.83873796607292,3.39654788442685,
3.95435780278077,4.51216772113469,4.93052515990013,5.34888259866557,5.76724003743101,
6.18559747619646,6.74340739455038,7.3012173129043,7.85902723125822,8.41683714961214,
8.97464706796606,9.53245698631999,10.0902669046739,10.6480768230278,11.2058867413818,
11.7636966597357,12.1355699386383,12.5074432175409,12.8793164964435,13.4371264147974,
13.9949363331514,14.5527462515053,14.9711036902707,15.3894611290362,15.8078185678016,
16.2261760065671,16.6445334453325,17.0628908840979,17.4812483228634,17.8996057616288,
18.4574156799827,19.0152255983367,19.5730355166906,19.991392955456,20.4097503942215,
20.8281078329869,21.2464652717523,21.6648227105178,22.0831801492832,22.5015375880487,
22.9198950268141),.UNSPECIFIED.);
#137=B_SPLINE_CURVE_WITH_KNOTS('',3,(#1497,#1498,#1499,#1500,#1501,#1502,
#1503,#1504,#1505,#1506,#1507,#1508,#1509,#1510,#1511,#1512,#1513,#1514,
#1515,#1516,#1517,#1518,#1519,#1520,#1521,#1522,#1523,#1524,#1525,#1526,
#1527,#1528,#1529,#1530,#1531,#1532,#1533,#1534,#1535,#1536,#1537,#1538,
#1539,#1540,#1541,#1542,#1543,#1544,#1545,#1546,#1547,#1548,#1549,#1550,
#1551,#1552,#1553,#1554),.UNSPECIFIED.,.F.,.F.,(4,3,3,3,3,3,3,3,3,3,3,3,
3,3,3,3,3,3,3,4),(0.696926002716911,0.754897572456355,0.812636840950065,
0.8504475733258,0.907257643684607,0.964171361948146,1.02065465175754,1.07595819084851,
1.11469701720214,1.12162558230273,1.17676483428298,1.2328007299668,1.28882057415826,
1.34406955852241,1.38664718777695,1.44163026619556,1.49620120609014,1.51807977778258,
1.57315214510082,1.60086562566428),.UNSPECIFIED.);
#138=B_SPLINE_CURVE_WITH_KNOTS('',3,(#1555,#1556,#1557,#1558,#1559,#1560,
#1561,#1562,#1563,#1564,#1565,#1566,#1567,#1568,#1569,#1570,#1571,#1572,
#1573,#1574,#1575,#1576),.UNSPECIFIED.,.F.,.F.,(4,3,3,3,3,3,3,4),(19.9602357084139,
20.1463097528623,20.537891069609,20.9294723863556,21.3210537031023,21.712635019849,
22.1042163365957,22.4137437794457),.UNSPECIFIED.);
#139=B_SPLINE_CURVE_WITH_KNOTS('',3,(#1949,#1950,#1951,#1952,#1953,#1954,
#1955,#1956,#1957,#1958,#1959,#1960,#1961,#1962,#1963,#1964,#1965,#1966,
#1967,#1968,#1969,#1970,#1971,#1972,#1973,#1974,#1975,#1976,#1977,#1978,
#1979,#1980,#1981,#1982,#1983,#1984,#1985,#1986,#1987,#1988,#1989,#1990,
#1991,#1992,#1993,#1994,#1995,#1996,#1997,#1998,#1999,#2000,#2001),
 .UNSPECIFIED.,.F.,.F.,(4,1,1,1,1,1,1,1,1,1,1,1,1,1,1,1,1,1,1,1,1,1,1,1,
1,1,1,1,1,1,1,1,1,1,1,1,1,1,1,1,1,1,1,1,1,1,1,1,1,1,4),(-22.9198950268141,
-22.5015375880487,-22.0831801492832,-21.6648227105178,-21.2464652717523,
-20.8281078329869,-20.4097503942215,-19.991392955456,-19.5730355166906,
-19.0152255983367,-18.4574156799827,-17.8996057616288,-17.4812483228634,
-17.0628908840979,-16.6445334453325,-16.2261760065671,-15.8078185678016,
-15.3894611290362,-14.9711036902707,-14.5527462515053,-13.9949363331514,
-13.4371264147974,-12.8793164964435,-12.5074432175409,-12.1355699386383,
-11.7636966597357,-11.2058867413818,-10.6480768230278,-10.0902669046739,
-9.53245698631999,-8.97464706796606,-8.41683714961214,-7.85902723125822,
-7.3012173129043,-6.74340739455038,-6.18559747619646,-5.76724003743101,
-5.34888259866557,-4.93052515990013,-4.51216772113469,-3.95435780278077,
-3.39654788442685,-2.83873796607292,-2.42038052730748,-2.00202308854204,
-1.5836656497766,-1.16530821101116,-0.746950772245716,-0.328593333480275,
0.0897641052851667,0.508121544050608),.UNSPECIFIED.);
#140=B_SPLINE_CURVE_WITH_KNOTS('',3,(#2002,#2003,#2004,#2005,#2006,#2007,
#2008,#2009,#2010,#2011,#2012,#2013),.UNSPECIFIED.,.F.,.F.,(4,2,2,2,2,4),
(0.,0.187452955060049,0.361460104773734,0.528382609122012,0.625092981623222,
0.69772452370274),.UNSPECIFIED.);
#141=B_SPLINE_CURVE_WITH_KNOTS('',3,(#2239,#2240,#2241,#2242,#2243,#2244,
#2245,#2246,#2247,#2248),.UNSPECIFIED.,.F.,.F.,(4,3,3,4),(0.318681921413669,
0.727366565023475,1.13605120863328,1.3173958290401),.UNSPECIFIED.);
#142=B_SPLINE_CURVE_WITH_KNOTS('',3,(#2249,#2250,#2251,#2252,#2253,#2254,
#2255,#2256,#2257,#2258,#2259,#2260,#2261,#2262,#2263,#2264,#2265,#2266,
#2267,#2268,#2269,#2270,#2271,#2272,#2273,#2274,#2275,#2276,#2277,#2278,
#2279,#2280,#2281,#2282,#2283,#2284,#2285,#2286,#2287,#2288,#2289,#2290,
#2291,#2292,#2293,#2294,#2295,#2296,#2297,#2298,#2299,#2300,#2301,#2302,
#2303),.UNSPECIFIED.,.F.,.F.,(4,3,3,3,3,3,3,3,3,3,3,3,3,3,3,3,3,3,4),(0.314158028825467,
0.368058641131596,0.4225365960578,0.477315389911642,0.508789471973024,0.564348760528118,
0.620139727047929,0.675683651012916,0.731026626193398,0.772393618982125,
0.827294024491231,0.883582399783861,0.940285321167394,0.996883647282795,
1.04213388643057,1.09957736760338,1.15730718508489,1.16319058415701,1.21495825792672),
 .UNSPECIFIED.);
#143=LINE('',#643,#171);
#144=LINE('',#670,#172);
#145=LINE('',#827,#173);
#146=LINE('',#902,#174);
#147=LINE('',#968,#175);
#148=LINE('',#1040,#176);
#149=LINE('',#1113,#177);
#150=LINE('',#1119,#178);
#151=LINE('',#2312,#179);
#152=LINE('',#2319,#180);
#153=LINE('',#2324,#181);
#154=LINE('',#2326,#182);
#155=LINE('',#2328,#183);
#156=LINE('',#2329,#184);
#157=LINE('',#2332,#185);
#158=LINE('',#2334,#186);
#159=LINE('',#2335,#187);
#160=LINE('',#2338,#188);
#161=LINE('',#2340,#189);
#162=LINE('',#2341,#190);
#163=LINE('',#2344,#191);
#164=LINE('',#2346,#192);
#165=LINE('',#2347,#193);
#166=LINE('',#2350,#194);
#167=LINE('',#2352,#195);
#168=LINE('',#2353,#196);
#169=LINE('',#2355,#197);
#170=LINE('',#2356,#198);
#171=VECTOR('',#537,6.56845);
#172=VECTOR('',#542,6.56845);
#173=VECTOR('',#547,6.56845);
#174=VECTOR('',#550,6.56845);
#175=VECTOR('',#553,6.56845);
#176=VECTOR('',#556,6.56845);
#177=VECTOR('',#561,2.65);
#178=VECTOR('',#568,6.075);
#179=VECTOR('',#593,7.5);
#180=VECTOR('',#602,7.5);
#181=VECTOR('',#607,10.);
#182=VECTOR('',#608,10.);
#183=VECTOR('',#609,10.);
#184=VECTOR('',#610,10.);
#185=VECTOR('',#613,10.);
#186=VECTOR('',#614,10.);
#187=VECTOR('',#615,10.);
#188=VECTOR('',#618,10.);
#189=VECTOR('',#619,10.);
#190=VECTOR('',#620,10.);
#191=VECTOR('',#623,10.);
#192=VECTOR('',#624,10.);
#193=VECTOR('',#625,10.);
#194=VECTOR('',#628,10.);
#195=VECTOR('',#629,10.);
#196=VECTOR('',#630,10.);
#197=VECTOR('',#633,10.);
#198=VECTOR('',#634,10.);
#199=VERTEX_POINT('',#641);
#200=VERTEX_POINT('',#642);
#201=VERTEX_POINT('',#644);
#202=VERTEX_POINT('',#649);
#203=VERTEX_POINT('',#668);
#204=VERTEX_POINT('',#669);
#205=VERTEX_POINT('',#705);
#206=VERTEX_POINT('',#707);
#207=VERTEX_POINT('',#825);
#208=VERTEX_POINT('',#826);
#209=VERTEX_POINT('',#900);
#210=VERTEX_POINT('',#901);
#211=VERTEX_POINT('',#966);
#212=VERTEX_POINT('',#967);
#213=VERTEX_POINT('',#1038);
#214=VERTEX_POINT('',#1039);
#215=VERTEX_POINT('',#1110);
#216=VERTEX_POINT('',#1112);
#217=VERTEX_POINT('',#1116);
#218=VERTEX_POINT('',#1118);
#219=VERTEX_POINT('',#1164);
#220=VERTEX_POINT('',#1165);
#221=VERTEX_POINT('',#1198);
#222=VERTEX_POINT('',#1444);
#223=VERTEX_POINT('',#1496);
#224=VERTEX_POINT('',#1948);
#225=VERTEX_POINT('',#2238);
#226=VERTEX_POINT('',#2306);
#227=VERTEX_POINT('',#2311);
#228=VERTEX_POINT('',#2316);
#229=VERTEX_POINT('',#2318);
#230=VERTEX_POINT('',#2322);
#231=VERTEX_POINT('',#2323);
#232=VERTEX_POINT('',#2325);
#233=VERTEX_POINT('',#2327);
#234=VERTEX_POINT('',#2331);
#235=VERTEX_POINT('',#2333);
#236=VERTEX_POINT('',#2337);
#237=VERTEX_POINT('',#2339);
#238=VERTEX_POINT('',#2343);
#239=VERTEX_POINT('',#2345);
#240=VERTEX_POINT('',#2349);
#241=VERTEX_POINT('',#2351);
#242=EDGE_CURVE('',#199,#200,#143,.T.);
#243=EDGE_CURVE('',#199,#201,#119,.T.);
#244=EDGE_CURVE('',#202,#201,#120,.F.);
#245=EDGE_CURVE('',#200,#202,#105,.T.);
#246=EDGE_CURVE('',#203,#204,#144,.T.);
#247=EDGE_CURVE('',#203,#199,#121,.T.);
#248=EDGE_CURVE('',#205,#200,#106,.T.);
#249=EDGE_CURVE('',#206,#205,#122,.F.);
#250=EDGE_CURVE('',#204,#206,#123,.F.);
#251=EDGE_CURVE('',#207,#208,#145,.T.);
#252=EDGE_CURVE('',#207,#203,#124,.T.);
#253=EDGE_CURVE('',#208,#204,#125,.F.);
#254=EDGE_CURVE('',#209,#210,#146,.T.);
#255=EDGE_CURVE('',#209,#207,#126,.T.);
#256=EDGE_CURVE('',#210,#208,#127,.F.);
#257=EDGE_CURVE('',#211,#212,#147,.T.);
#258=EDGE_CURVE('',#211,#209,#128,.T.);
#259=EDGE_CURVE('',#212,#210,#129,.F.);
#260=EDGE_CURVE('',#213,#214,#148,.T.);
#261=EDGE_CURVE('',#213,#211,#130,.T.);
#262=EDGE_CURVE('',#214,#212,#131,.F.);
#263=EDGE_CURVE('',#215,#215,#107,.T.);
#264=EDGE_CURVE('',#215,#216,#149,.T.);
#265=EDGE_CURVE('',#216,#216,#108,.T.);
#266=EDGE_CURVE('',#217,#217,#109,.T.);
#267=EDGE_CURVE('',#217,#218,#150,.T.);
#268=EDGE_CURVE('',#218,#218,#110,.T.);
#269=EDGE_CURVE('',#219,#220,#111,.T.);
#270=EDGE_CURVE('',#220,#206,#132,.T.);
#271=EDGE_CURVE('',#205,#219,#133,.T.);
#272=EDGE_CURVE('',#201,#221,#134,.T.);
#273=EDGE_CURVE('',#221,#219,#112,.T.);
#274=EDGE_CURVE('',#219,#202,#135,.T.);
#275=EDGE_CURVE('',#221,#220,#113,.T.);
#276=EDGE_CURVE('',#222,#220,#136,.T.);
#277=EDGE_CURVE('',#223,#222,#137,.F.);
#278=EDGE_CURVE('',#223,#214,#138,.F.);
#279=EDGE_CURVE('',#221,#224,#139,.T.);
#280=EDGE_CURVE('',#224,#222,#140,.F.);
#281=EDGE_CURVE('',#225,#213,#141,.T.);
#282=EDGE_CURVE('',#224,#225,#142,.F.);
#283=EDGE_CURVE('',#226,#226,#114,.T.);
#284=EDGE_CURVE('',#225,#223,#115,.T.);
#285=EDGE_CURVE('',#226,#227,#151,.T.);
#286=EDGE_CURVE('',#227,#227,#116,.F.);
#287=EDGE_CURVE('',#228,#228,#117,.T.);
#288=EDGE_CURVE('',#228,#229,#152,.T.);
#289=EDGE_CURVE('',#229,#229,#118,.T.);
#290=EDGE_CURVE('',#230,#231,#153,.T.);
#291=EDGE_CURVE('',#231,#232,#154,.T.);
#292=EDGE_CURVE('',#233,#232,#155,.T.);
#293=EDGE_CURVE('',#230,#233,#156,.T.);
#294=EDGE_CURVE('',#234,#230,#157,.T.);
#295=EDGE_CURVE('',#235,#233,#158,.T.);
#296=EDGE_CURVE('',#234,#235,#159,.T.);
#297=EDGE_CURVE('',#236,#234,#160,.T.);
#298=EDGE_CURVE('',#237,#235,#161,.T.);
#299=EDGE_CURVE('',#236,#237,#162,.T.);
#300=EDGE_CURVE('',#238,#236,#163,.T.);
#301=EDGE_CURVE('',#239,#237,#164,.T.);
#302=EDGE_CURVE('',#238,#239,#165,.T.);
#303=EDGE_CURVE('',#240,#238,#166,.T.);
#304=EDGE_CURVE('',#241,#239,#167,.T.);
#305=EDGE_CURVE('',#240,#241,#168,.T.);
#306=EDGE_CURVE('',#231,#240,#169,.T.);
#307=EDGE_CURVE('',#232,#241,#170,.T.);
#308=ORIENTED_EDGE('',*,*,#242,.F.);
#309=ORIENTED_EDGE('',*,*,#243,.T.);
#310=ORIENTED_EDGE('',*,*,#244,.F.);
#311=ORIENTED_EDGE('',*,*,#245,.F.);
#312=ORIENTED_EDGE('',*,*,#246,.F.);
#313=ORIENTED_EDGE('',*,*,#247,.T.);
#314=ORIENTED_EDGE('',*,*,#242,.T.);
#315=ORIENTED_EDGE('',*,*,#248,.F.);
#316=ORIENTED_EDGE('',*,*,#249,.F.);
#317=ORIENTED_EDGE('',*,*,#250,.F.);
#318=ORIENTED_EDGE('',*,*,#251,.F.);
#319=ORIENTED_EDGE('',*,*,#252,.T.);
#320=ORIENTED_EDGE('',*,*,#246,.T.);
#321=ORIENTED_EDGE('',*,*,#253,.F.);
#322=ORIENTED_EDGE('',*,*,#254,.F.);
#323=ORIENTED_EDGE('',*,*,#255,.T.);
#324=ORIENTED_EDGE('',*,*,#251,.T.);
#325=ORIENTED_EDGE('',*,*,#256,.F.);
#326=ORIENTED_EDGE('',*,*,#257,.F.);
#327=ORIENTED_EDGE('',*,*,#258,.T.);
#328=ORIENTED_EDGE('',*,*,#254,.T.);
#329=ORIENTED_EDGE('',*,*,#259,.F.);
#330=ORIENTED_EDGE('',*,*,#260,.F.);
#331=ORIENTED_EDGE('',*,*,#261,.T.);
#332=ORIENTED_EDGE('',*,*,#257,.T.);
#333=ORIENTED_EDGE('',*,*,#262,.F.);
#334=ORIENTED_EDGE('',*,*,#263,.F.);
#335=ORIENTED_EDGE('',*,*,#264,.T.);
#336=ORIENTED_EDGE('',*,*,#265,.F.);
#337=ORIENTED_EDGE('',*,*,#264,.F.);
#338=ORIENTED_EDGE('',*,*,#266,.F.);
#339=ORIENTED_EDGE('',*,*,#267,.T.);
#340=ORIENTED_EDGE('',*,*,#268,.T.);
#341=ORIENTED_EDGE('',*,*,#267,.F.);
#342=ORIENTED_EDGE('',*,*,#268,.F.);
#343=ORIENTED_EDGE('',*,*,#263,.T.);
#344=ORIENTED_EDGE('',*,*,#269,.T.);
#345=ORIENTED_EDGE('',*,*,#270,.T.);
#346=ORIENTED_EDGE('',*,*,#249,.T.);
#347=ORIENTED_EDGE('',*,*,#271,.T.);
#348=ORIENTED_EDGE('',*,*,#244,.T.);
#349=ORIENTED_EDGE('',*,*,#272,.T.);
#350=ORIENTED_EDGE('',*,*,#273,.T.);
#351=ORIENTED_EDGE('',*,*,#274,.T.);
#352=ORIENTED_EDGE('',*,*,#273,.F.);
#353=ORIENTED_EDGE('',*,*,#275,.T.);
#354=ORIENTED_EDGE('',*,*,#269,.F.);
#355=ORIENTED_EDGE('',*,*,#270,.F.);
#356=ORIENTED_EDGE('',*,*,#276,.F.);
#357=ORIENTED_EDGE('',*,*,#277,.F.);
#358=ORIENTED_EDGE('',*,*,#278,.T.);
#359=ORIENTED_EDGE('',*,*,#262,.T.);
#360=ORIENTED_EDGE('',*,*,#259,.T.);
#361=ORIENTED_EDGE('',*,*,#256,.T.);
#362=ORIENTED_EDGE('',*,*,#253,.T.);
#363=ORIENTED_EDGE('',*,*,#250,.T.);
#364=ORIENTED_EDGE('',*,*,#275,.F.);
#365=ORIENTED_EDGE('',*,*,#279,.T.);
#366=ORIENTED_EDGE('',*,*,#280,.T.);
#367=ORIENTED_EDGE('',*,*,#276,.T.);
#368=ORIENTED_EDGE('',*,*,#272,.F.);
#369=ORIENTED_EDGE('',*,*,#243,.F.);
#370=ORIENTED_EDGE('',*,*,#247,.F.);
#371=ORIENTED_EDGE('',*,*,#252,.F.);
#372=ORIENTED_EDGE('',*,*,#255,.F.);
#373=ORIENTED_EDGE('',*,*,#258,.F.);
#374=ORIENTED_EDGE('',*,*,#261,.F.);
#375=ORIENTED_EDGE('',*,*,#281,.F.);
#376=ORIENTED_EDGE('',*,*,#282,.F.);
#377=ORIENTED_EDGE('',*,*,#279,.F.);
#378=ORIENTED_EDGE('',*,*,#248,.T.);
#379=ORIENTED_EDGE('',*,*,#245,.T.);
#380=ORIENTED_EDGE('',*,*,#274,.F.);
#381=ORIENTED_EDGE('',*,*,#271,.F.);
#382=ORIENTED_EDGE('',*,*,#266,.T.);
#383=ORIENTED_EDGE('',*,*,#283,.F.);
#384=ORIENTED_EDGE('',*,*,#282,.T.);
#385=ORIENTED_EDGE('',*,*,#284,.T.);
#386=ORIENTED_EDGE('',*,*,#277,.T.);
#387=ORIENTED_EDGE('',*,*,#280,.F.);
#388=ORIENTED_EDGE('',*,*,#260,.T.);
#389=ORIENTED_EDGE('',*,*,#278,.F.);
#390=ORIENTED_EDGE('',*,*,#284,.F.);
#391=ORIENTED_EDGE('',*,*,#281,.T.);
#392=ORIENTED_EDGE('',*,*,#283,.T.);
#393=ORIENTED_EDGE('',*,*,#285,.T.);
#394=ORIENTED_EDGE('',*,*,#286,.T.);
#395=ORIENTED_EDGE('',*,*,#285,.F.);
#396=ORIENTED_EDGE('',*,*,#286,.F.);
#397=ORIENTED_EDGE('',*,*,#265,.T.);
#398=ORIENTED_EDGE('',*,*,#287,.F.);
#399=ORIENTED_EDGE('',*,*,#288,.T.);
#400=ORIENTED_EDGE('',*,*,#289,.T.);
#401=ORIENTED_EDGE('',*,*,#288,.F.);
#402=ORIENTED_EDGE('',*,*,#290,.T.);
#403=ORIENTED_EDGE('',*,*,#291,.T.);
#404=ORIENTED_EDGE('',*,*,#292,.F.);
#405=ORIENTED_EDGE('',*,*,#293,.F.);
#406=ORIENTED_EDGE('',*,*,#294,.T.);
#407=ORIENTED_EDGE('',*,*,#293,.T.);
#408=ORIENTED_EDGE('',*,*,#295,.F.);
#409=ORIENTED_EDGE('',*,*,#296,.F.);
#410=ORIENTED_EDGE('',*,*,#297,.T.);
#411=ORIENTED_EDGE('',*,*,#296,.T.);
#412=ORIENTED_EDGE('',*,*,#298,.F.);
#413=ORIENTED_EDGE('',*,*,#299,.F.);
#414=ORIENTED_EDGE('',*,*,#300,.T.);
#415=ORIENTED_EDGE('',*,*,#299,.T.);
#416=ORIENTED_EDGE('',*,*,#301,.F.);
#417=ORIENTED_EDGE('',*,*,#302,.F.);
#418=ORIENTED_EDGE('',*,*,#303,.T.);
#419=ORIENTED_EDGE('',*,*,#302,.T.);
#420=ORIENTED_EDGE('',*,*,#304,.F.);
#421=ORIENTED_EDGE('',*,*,#305,.F.);
#422=ORIENTED_EDGE('',*,*,#306,.T.);
#423=ORIENTED_EDGE('',*,*,#305,.T.);
#424=ORIENTED_EDGE('',*,*,#307,.F.);
#425=ORIENTED_EDGE('',*,*,#291,.F.);
#426=ORIENTED_EDGE('',*,*,#307,.T.);
#427=ORIENTED_EDGE('',*,*,#304,.T.);
#428=ORIENTED_EDGE('',*,*,#301,.T.);
#429=ORIENTED_EDGE('',*,*,#298,.T.);
#430=ORIENTED_EDGE('',*,*,#295,.T.);
#431=ORIENTED_EDGE('',*,*,#292,.T.);
#432=ORIENTED_EDGE('',*,*,#287,.T.);
#433=ORIENTED_EDGE('',*,*,#306,.F.);
#434=ORIENTED_EDGE('',*,*,#290,.F.);
#435=ORIENTED_EDGE('',*,*,#294,.F.);
#436=ORIENTED_EDGE('',*,*,#297,.F.);
#437=ORIENTED_EDGE('',*,*,#300,.F.);
#438=ORIENTED_EDGE('',*,*,#303,.F.);
#439=ORIENTED_EDGE('',*,*,#289,.F.);
#440=CYLINDRICAL_SURFACE('',#495,6.56845);
#441=CYLINDRICAL_SURFACE('',#497,6.56845);
#442=CYLINDRICAL_SURFACE('',#499,6.56845);
#443=CYLINDRICAL_SURFACE('',#500,6.56845);
#444=CYLINDRICAL_SURFACE('',#501,6.56845);
#445=CYLINDRICAL_SURFACE('',#502,6.56845);
#446=CYLINDRICAL_SURFACE('',#503,2.65);
#447=CYLINDRICAL_SURFACE('',#506,6.075);
#448=CYLINDRICAL_SURFACE('',#518,6.56845);
#449=CYLINDRICAL_SURFACE('',#519,7.425);
#450=CYLINDRICAL_SURFACE('',#522,7.5);
#451=ADVANCED_FACE('',(#41),#440,.T.);
#452=ADVANCED_FACE('',(#42),#441,.T.);
#453=ADVANCED_FACE('',(#43),#442,.T.);
#454=ADVANCED_FACE('',(#44),#443,.T.);
#455=ADVANCED_FACE('',(#45),#444,.T.);
#456=ADVANCED_FACE('',(#46),#445,.T.);
#457=ADVANCED_FACE('',(#47),#446,.F.);
#458=ADVANCED_FACE('',(#48),#447,.F.);
#459=ADVANCED_FACE('',(#49,#23),#29,.T.);
#460=ADVANCED_FACE('',(#50),#18,.F.);
#461=ADVANCED_FACE('',(#51),#19,.F.);
#462=ADVANCED_FACE('',(#52),#17,.T.);
#463=ADVANCED_FACE('',(#53),#20,.F.);
#464=ADVANCED_FACE('',(#54),#21,.F.);
#465=ADVANCED_FACE('',(#55),#22,.F.);
#466=ADVANCED_FACE('',(#56,#24),#30,.T.);
#467=ADVANCED_FACE('',(#57,#25),#31,.T.);
#468=ADVANCED_FACE('',(#58),#448,.T.);
#469=ADVANCED_FACE('',(#59),#449,.T.);
#470=ADVANCED_FACE('',(#60,#26),#32,.F.);
#471=ADVANCED_FACE('',(#61),#450,.F.);
#472=ADVANCED_FACE('',(#62),#33,.T.);
#473=ADVANCED_FACE('',(#63),#34,.T.);
#474=ADVANCED_FACE('',(#64),#35,.T.);
#475=ADVANCED_FACE('',(#65),#36,.T.);
#476=ADVANCED_FACE('',(#66),#37,.T.);
#477=ADVANCED_FACE('',(#67),#38,.T.);
#478=ADVANCED_FACE('',(#68,#27),#39,.T.);
#479=ADVANCED_FACE('',(#69,#28),#40,.F.);
#480=CLOSED_SHELL('',(#451,#452,#453,#454,#455,#456,#457,#458,#459,#460,
#461,#462,#463,#464,#465,#466,#467,#468,#469,#470));
#481=CLOSED_SHELL('',(#471,#472,#473,#474,#475,#476,#477,#478,#479));
#482=DERIVED_UNIT_ELEMENT(#484,1.);
#483=DERIVED_UNIT_ELEMENT(#2364,-3.);
#484=(
MASS_UNIT()
NAMED_UNIT(*)
SI_UNIT(.KILO.,.GRAM.)
);
#485=DERIVED_UNIT((#482,#483));
#486=MEASURE_REPRESENTATION_ITEM('density measure',
POSITIVE_RATIO_MEASURE(7850.),#485);
#487=PROPERTY_DEFINITION_REPRESENTATION(#492,#489);
#488=PROPERTY_DEFINITION_REPRESENTATION(#493,#490);
#489=REPRESENTATION('material name',(#491),#2361);
#490=REPRESENTATION('density',(#486),#2361);
#491=DESCRIPTIVE_REPRESENTATION_ITEM('Acier','Acier');
#492=PROPERTY_DEFINITION('material property','material name',#2371);
#493=PROPERTY_DEFINITION('material property','density of part',#2371);
#494=AXIS2_PLACEMENT_3D('',#639,#533,#534);
#495=AXIS2_PLACEMENT_3D('',#640,#535,#536);
#496=AXIS2_PLACEMENT_3D('',#666,#538,#539);
#497=AXIS2_PLACEMENT_3D('',#667,#540,#541);
#498=AXIS2_PLACEMENT_3D('',#706,#543,#544);
#499=AXIS2_PLACEMENT_3D('',#824,#545,#546);
#500=AXIS2_PLACEMENT_3D('',#899,#548,#549);
#501=AXIS2_PLACEMENT_3D('',#965,#551,#552);
#502=AXIS2_PLACEMENT_3D('',#1037,#554,#555);
#503=AXIS2_PLACEMENT_3D('',#1109,#557,#558);
#504=AXIS2_PLACEMENT_3D('',#1111,#559,#560);
#505=AXIS2_PLACEMENT_3D('',#1114,#562,#563);
#506=AXIS2_PLACEMENT_3D('',#1115,#564,#565);
#507=AXIS2_PLACEMENT_3D('',#1117,#566,#567);
#508=AXIS2_PLACEMENT_3D('',#1120,#569,#570);
#509=AXIS2_PLACEMENT_3D('',#1121,#571,#572);
#510=AXIS2_PLACEMENT_3D('',#1166,#573,#574);
#511=AXIS2_PLACEMENT_3D('',#1204,#575,#576);
#512=AXIS2_PLACEMENT_3D('',#1210,#577,#578);
#513=AXIS2_PLACEMENT_3D('',#1211,#579,#580);
#514=AXIS2_PLACEMENT_3D('',#2304,#581,#582);
#515=AXIS2_PLACEMENT_3D('',#2305,#583,#584);
#516=AXIS2_PLACEMENT_3D('',#2307,#585,#586);
#517=AXIS2_PLACEMENT_3D('',#2308,#587,#588);
#518=AXIS2_PLACEMENT_3D('',#2309,#589,#590);
#519=AXIS2_PLACEMENT_3D('',#2310,#591,#592);
#520=AXIS2_PLACEMENT_3D('',#2313,#594,#595);
#521=AXIS2_PLACEMENT_3D('',#2314,#596,#597);
#522=AXIS2_PLACEMENT_3D('',#2315,#598,#599);
#523=AXIS2_PLACEMENT_3D('',#2317,#600,#601);
#524=AXIS2_PLACEMENT_3D('',#2320,#603,#604);
#525=AXIS2_PLACEMENT_3D('',#2321,#605,#606);
#526=AXIS2_PLACEMENT_3D('',#2330,#611,#612);
#527=AXIS2_PLACEMENT_3D('',#2336,#616,#617);
#528=AXIS2_PLACEMENT_3D('',#2342,#621,#622);
#529=AXIS2_PLACEMENT_3D('',#2348,#626,#627);
#530=AXIS2_PLACEMENT_3D('',#2354,#631,#632);
#531=AXIS2_PLACEMENT_3D('',#2357,#635,#636);
#532=AXIS2_PLACEMENT_3D('',#2358,#637,#638);
#533=DIRECTION('axis',(0.,0.,1.));
#534=DIRECTION('refdir',(1.,0.,0.));
#535=DIRECTION('center_axis',(0.,1.,0.));
#536=DIRECTION('ref_axis',(1.,0.,-4.29286963618929E-15));
#537=DIRECTION('',(0.,1.,0.));
#538=DIRECTION('center_axis',(0.,1.,0.));
#539=DIRECTION('ref_axis',(1.,0.,-4.29286963618929E-15));
#540=DIRECTION('center_axis',(0.,1.,0.));
#541=DIRECTION('ref_axis',(1.,0.,-4.29286963618929E-15));
#542=DIRECTION('',(0.,1.,0.));
#543=DIRECTION('center_axis',(0.,1.,0.));
#544=DIRECTION('ref_axis',(1.,0.,-4.29286963618929E-15));
#545=DIRECTION('center_axis',(0.,1.,0.));
#546=DIRECTION('ref_axis',(1.,0.,-4.29286963618929E-15));
#547=DIRECTION('',(0.,1.,0.));
#548=DIRECTION('center_axis',(0.,1.,0.));
#549=DIRECTION('ref_axis',(1.,0.,-4.29286963618929E-15));
#550=DIRECTION('',(0.,1.,0.));
#551=DIRECTION('center_axis',(0.,1.,0.));
#552=DIRECTION('ref_axis',(1.,0.,-4.29286963618929E-15));
#553=DIRECTION('',(0.,1.,0.));
#554=DIRECTION('center_axis',(0.,1.,0.));
#555=DIRECTION('ref_axis',(1.,0.,-4.29286963618929E-15));
#556=DIRECTION('',(0.,1.,0.));
#557=DIRECTION('center_axis',(0.,-1.,0.));
#558=DIRECTION('ref_axis',(-1.,0.,0.));
#559=DIRECTION('center_axis',(0.,-1.,0.));
#560=DIRECTION('ref_axis',(-1.,0.,0.));
#561=DIRECTION('',(0.,-1.,0.));
#562=DIRECTION('center_axis',(0.,1.,0.));
#563=DIRECTION('ref_axis',(-1.,0.,0.));
#564=DIRECTION('center_axis',(0.,-1.,0.));
#565=DIRECTION('ref_axis',(-1.,0.,0.));
#566=DIRECTION('center_axis',(0.,-1.,0.));
#567=DIRECTION('ref_axis',(-1.,0.,0.));
#568=DIRECTION('',(0.,-1.,0.));
#569=DIRECTION('center_axis',(0.,-1.,0.));
#570=DIRECTION('ref_axis',(-1.,0.,0.));
#571=DIRECTION('center_axis',(0.,1.,0.));
#572=DIRECTION('ref_axis',(-1.,0.,0.));
#573=DIRECTION('center_axis',(0.964208942277075,0.,-0.265143575507545));
#574=DIRECTION('ref_axis',(0.,1.,0.));
#575=DIRECTION('center_axis',(-0.988692307270673,0.,0.149958399377271));
#576=DIRECTION('ref_axis',(0.0750728114277523,0.865664691968614,0.494963346181531));
#577=DIRECTION('center_axis',(0.,0.,1.));
#578=DIRECTION('ref_axis',(1.,0.,0.));
#579=DIRECTION('center_axis',(0.977581040998719,0.0340308469015945,-0.207791264828483));
#580=DIRECTION('ref_axis',(0.132737303999087,-0.865664691968615,0.482706379910124));
#581=DIRECTION('center_axis',(0.,1.,0.));
#582=DIRECTION('ref_axis',(1.,0.,0.));
#583=DIRECTION('center_axis',(0.,1.,0.));
#584=DIRECTION('ref_axis',(0.,0.,1.));
#585=DIRECTION('center_axis',(0.,-1.,0.));
#586=DIRECTION('ref_axis',(1.,0.,0.));
#587=DIRECTION('center_axis',(0.,-1.,0.));
#588=DIRECTION('ref_axis',(1.,0.,-4.29286963618929E-15));
#589=DIRECTION('center_axis',(0.,1.,0.));
#590=DIRECTION('ref_axis',(1.,0.,-4.29286963618929E-15));
#591=DIRECTION('center_axis',(0.,1.,0.));
#592=DIRECTION('ref_axis',(1.,0.,0.));
#593=DIRECTION('',(0.,-1.,0.));
#594=DIRECTION('center_axis',(0.,-1.,0.));
#595=DIRECTION('ref_axis',(1.,0.,0.));
#596=DIRECTION('center_axis',(0.,1.,0.));
#597=DIRECTION('ref_axis',(1.,0.,0.));
#598=DIRECTION('center_axis',(0.,1.,0.));
#599=DIRECTION('ref_axis',(1.,0.,0.));
#600=DIRECTION('center_axis',(0.,-1.,0.));
#601=DIRECTION('ref_axis',(1.,0.,0.));
#602=DIRECTION('',(0.,-1.,0.));
#603=DIRECTION('center_axis',(0.,-1.,0.));
#604=DIRECTION('ref_axis',(1.,0.,0.));
#605=DIRECTION('center_axis',(-0.926035553117822,0.,-0.377436291792099));
#606=DIRECTION('ref_axis',(-0.377436291792099,0.,0.926035553117822));
#607=DIRECTION('',(-0.377436291792099,0.,0.926035553117822));
#608=DIRECTION('',(0.,1.,0.));
#609=DIRECTION('',(-0.377436291792099,0.,0.926035553117822));
#610=DIRECTION('',(0.,1.,0.));
#611=DIRECTION('center_axis',(-0.136148359556758,0.,-0.990688459703657));
#612=DIRECTION('ref_axis',(-0.990688459703657,0.,0.136148359556758));
#613=DIRECTION('',(-0.990688459703657,0.,0.136148359556758));
#614=DIRECTION('',(-0.990688459703657,0.,0.136148359556758));
#615=DIRECTION('',(0.,1.,0.));
#616=DIRECTION('center_axis',(0.789887193561064,0.,-0.613252167911558));
#617=DIRECTION('ref_axis',(-0.613252167911558,0.,-0.789887193561064));
#618=DIRECTION('',(-0.613252167911558,0.,-0.789887193561064));
#619=DIRECTION('',(-0.613252167911558,0.,-0.789887193561064));
#620=DIRECTION('',(0.,1.,0.));
#621=DIRECTION('center_axis',(0.926035553117822,0.,0.377436291792098));
#622=DIRECTION('ref_axis',(0.377436291792098,0.,-0.926035553117822));
#623=DIRECTION('',(0.377436291792098,0.,-0.926035553117822));
#624=DIRECTION('',(0.377436291792098,0.,-0.926035553117822));
#625=DIRECTION('',(0.,1.,0.));
#626=DIRECTION('center_axis',(0.136148359556758,0.,0.990688459703657));
#627=DIRECTION('ref_axis',(0.990688459703657,0.,-0.136148359556758));
#628=DIRECTION('',(0.990688459703657,0.,-0.136148359556758));
#629=DIRECTION('',(0.990688459703657,0.,-0.136148359556758));
#630=DIRECTION('',(0.,1.,0.));
#631=DIRECTION('center_axis',(-0.789887193561064,0.,0.613252167911558));
#632=DIRECTION('ref_axis',(0.613252167911558,0.,0.789887193561064));
#633=DIRECTION('',(0.613252167911558,0.,0.789887193561064));
#634=DIRECTION('',(0.613252167911558,0.,0.789887193561064));
#635=DIRECTION('center_axis',(0.,1.,0.));
#636=DIRECTION('ref_axis',(1.,0.,0.));
#637=DIRECTION('center_axis',(0.,1.,0.));
#638=DIRECTION('ref_axis',(1.,0.,0.));
#639=CARTESIAN_POINT('',(0.,0.,0.));
#640=CARTESIAN_POINT('Origin',(0.,-18.2728704041008,0.));
#641=CARTESIAN_POINT('',(-6.56935679461491,-7.13839721260331,-0.000391776488440027));
#642=CARTESIAN_POINT('',(-6.56845,-7.,2.90019026886135E-14));
#643=CARTESIAN_POINT('',(-6.56845,-18.2728704041008,2.90019026886135E-14));
#644=CARTESIAN_POINT('',(-5.86475036478209,-7.02687936691516,2.95791118211628));
#645=CARTESIAN_POINT('Ctrl Pts',(-6.56935679461491,-7.13839721260331,-0.000391776488440026));
#646=CARTESIAN_POINT('Ctrl Pts',(-6.56765067266475,-7.10122459737394,1.02190465650868));
#647=CARTESIAN_POINT('Ctrl Pts',(-6.32444052230921,-7.06405198214457,2.04498762034594));
#648=CARTESIAN_POINT('Ctrl Pts',(-5.86551216516275,-7.02687936691519,2.95856895185741));
#649=CARTESIAN_POINT('',(-4.982189483964,-7.,4.28045831055257));
#650=CARTESIAN_POINT('Ctrl Pts',(-5.86475036478208,-7.02687936691518,2.95791118211627));
#651=CARTESIAN_POINT('Ctrl Pts',(-5.81420297585393,-7.02279969735465,3.05813319670802));
#652=CARTESIAN_POINT('Ctrl Pts',(-5.76097787032508,-7.01929594398207,3.15694359640639));
#653=CARTESIAN_POINT('Ctrl Pts',(-5.70519084941426,-7.01627200177791,3.25427507856494));
#654=CARTESIAN_POINT('Ctrl Pts',(-5.64609765843669,-7.01306884822609,3.35737482774353));
#655=CARTESIAN_POINT('Ctrl Pts',(-5.5841289233871,-7.01040377153271,3.45881545317502));
#656=CARTESIAN_POINT('Ctrl Pts',(-5.5193857106395,-7.0082023769906,3.5584980920363));
#657=CARTESIAN_POINT('Ctrl Pts',(-5.5086663676258,-7.00783789858114,3.57500225290689));
#658=CARTESIAN_POINT('Ctrl Pts',(-5.49787091146538,-7.00748622054364,3.59145817867257));
#659=CARTESIAN_POINT('Ctrl Pts',(-5.4869997395101,-7.00714711189925,3.60786536809344));
#660=CARTESIAN_POINT('Ctrl Pts',(-5.40963903670255,-7.00473396976823,3.72462110610554));
#661=CARTESIAN_POINT('Ctrl Pts',(-5.32851984917476,-7.00295838019296,3.83881699617763));
#662=CARTESIAN_POINT('Ctrl Pts',(-5.24382919864212,-7.00177492213564,3.95032549574653));
#663=CARTESIAN_POINT('Ctrl Pts',(-5.15913854810948,-7.00059146407833,4.06183399531544));
#664=CARTESIAN_POINT('Ctrl Pts',(-5.07087525630687,-7.00000000112093,4.17065486543961));
#665=CARTESIAN_POINT('Ctrl Pts',(-4.97920569682328,-7.,4.27664127636321));
#666=CARTESIAN_POINT('Origin',(0.,-7.,0.));
#667=CARTESIAN_POINT('Origin',(0.,-18.2728704041008,0.));
#668=CARTESIAN_POINT('',(-6.56890921344132,-8.63839721253341,-0.000924042188664819));
#669=CARTESIAN_POINT('',(-6.56861589049979,-8.11160278797394,0.000417809638288007));
#670=CARTESIAN_POINT('',(-6.56845,-18.2728704041008,2.90019026886135E-14));
#671=CARTESIAN_POINT('Ctrl Pts',(-6.56890921344132,-8.63839721253341,-0.000924042188664819));
#672=CARTESIAN_POINT('Ctrl Pts',(-6.56891619632897,-8.63800217097272,0.0099444159818214));
#673=CARTESIAN_POINT('Ctrl Pts',(-6.5688955098549,-8.63760712941202,0.0208130317998683));
#674=CARTESIAN_POINT('Ctrl Pts',(-6.56884711500425,-8.63721208785133,0.0316816774902151));
#675=CARTESIAN_POINT('Ctrl Pts',(-6.56280465057258,-8.58788815054785,1.38871458729881));
#676=CARTESIAN_POINT('Ctrl Pts',(-6.1248047260564,-8.53856421324437,2.74621318883492));
#677=CARTESIAN_POINT('Ctrl Pts',(-5.33030046851051,-8.48924027594089,3.8444854187624));
#678=CARTESIAN_POINT('Ctrl Pts',(-4.27096145844932,-8.42347502620292,5.30884839199904));
#679=CARTESIAN_POINT('Ctrl Pts',(-2.5778369674464,-8.35770977646495,6.3123644823759));
#680=CARTESIAN_POINT('Ctrl Pts',(-0.785889857732165,-8.29194452672698,6.52787422698832));
#681=CARTESIAN_POINT('Ctrl Pts',(1.00605725198205,-8.22617927698901,6.74338397160073));
#682=CARTESIAN_POINT('Ctrl Pts',(2.89682698040757,-8.16041402725104,6.17088737044871));
#683=CARTESIAN_POINT('Ctrl Pts',(4.26934326794117,-8.09464877751307,4.99808331920941));
#684=CARTESIAN_POINT('Ctrl Pts',(5.64185955547477,-8.0288835277751,3.8252792679701));
#685=CARTESIAN_POINT('Ctrl Pts',(6.49612240211644,-7.96311827803713,2.05216776664349));
#686=CARTESIAN_POINT('Ctrl Pts',(6.56707676028392,-7.89735302829916,0.246491820444725));
#687=CARTESIAN_POINT('Ctrl Pts',(6.62029252890952,-7.84802909099568,-1.10776513920435));
#688=CARTESIAN_POINT('Ctrl Pts',(6.2328972727684,-7.7987051536922,-2.48033959909402));
#689=CARTESIAN_POINT('Ctrl Pts',(5.48599116884431,-7.74938121638873,-3.61331972049973));
#690=CARTESIAN_POINT('Ctrl Pts',(4.73908506492022,-7.70005727908525,-4.74629984190544));
#691=CARTESIAN_POINT('Ctrl Pts',(3.63266811321316,-7.65073334178177,-5.6396856248272));
#692=CARTESIAN_POINT('Ctrl Pts',(2.36812299023898,-7.60140940447829,-6.1282990117479));
#693=CARTESIAN_POINT('Ctrl Pts',(1.1035778672648,-7.55208546717481,-6.61691239866859));
#694=CARTESIAN_POINT('Ctrl Pts',(-0.319095426976506,-7.50276152987133,-6.70075338958823));
#695=CARTESIAN_POINT('Ctrl Pts',(-1.63304397279109,-7.45343759256785,-6.36376776269853));
#696=CARTESIAN_POINT('Ctrl Pts',(-2.9469925186057,-7.40411365526437,-6.02678213580881));
#697=CARTESIAN_POINT('Ctrl Pts',(-4.15221631599356,-7.3547897179609,-5.26896989110976));
#698=CARTESIAN_POINT('Ctrl Pts',(-5.02556029263038,-7.30546578065742,-4.23146940150868));
#699=CARTESIAN_POINT('Ctrl Pts',(-5.8989042692672,-7.25614184335395,-3.19396891190759));
#700=CARTESIAN_POINT('Ctrl Pts',(-6.44036842515294,-7.20681790605046,-1.87678017740451));
#701=CARTESIAN_POINT('Ctrl Pts',(-6.54885784949522,-7.15749396874698,-0.524954986005438));
#702=CARTESIAN_POINT('Ctrl Pts',(-6.56285913834938,-7.15112838336576,-0.350492865850784));
#703=CARTESIAN_POINT('Ctrl Pts',(-6.56964895767305,-7.14476279798454,-0.175453853477342));
#704=CARTESIAN_POINT('Ctrl Pts',(-6.56935679461491,-7.13839721260331,-0.000391776488440027));
#705=CARTESIAN_POINT('',(6.29213801769026,-7.,1.88321478041589));
#706=CARTESIAN_POINT('Origin',(0.,-7.,0.));
#707=CARTESIAN_POINT('',(6.56061150294042,-7.3731206331149,0.316683274545728));
#708=CARTESIAN_POINT('Ctrl Pts',(6.29213801769026,-7.,1.88321478041589));
#709=CARTESIAN_POINT('Ctrl Pts',(6.30693705796042,-7.00000000004624,1.83379647838439));
#710=CARTESIAN_POINT('Ctrl Pts',(6.32114048725262,-7.00007766314998,1.78421942905081));
#711=CARTESIAN_POINT('Ctrl Pts',(6.33474482536685,-7.00023265363827,1.73449508800896));
#712=CARTESIAN_POINT('Ctrl Pts',(6.3696607028202,-7.00063044064194,1.60687631055072));
#713=CARTESIAN_POINT('Ctrl Pts',(6.40063164178014,-7.00153432874397,1.47828820227415));
#714=CARTESIAN_POINT('Ctrl Pts',(6.42768657496212,-7.00297067783764,1.34894168164857));
#715=CARTESIAN_POINT('Ctrl Pts',(6.45330131892318,-7.00433056714233,1.22648053987482));
#716=CARTESIAN_POINT('Ctrl Pts',(6.4754066590152,-7.0061679939847,1.10333927846753));
#717=CARTESIAN_POINT('Ctrl Pts',(6.49400505893535,-7.00854410278323,0.979687869746236));
#718=CARTESIAN_POINT('Ctrl Pts',(6.50574050408013,-7.01004340888391,0.901664796236978));
#719=CARTESIAN_POINT('Ctrl Pts',(6.51607918984548,-7.01175794139359,0.823438417907962));
#720=CARTESIAN_POINT('Ctrl Pts',(6.52501462223906,-7.01371120445318,0.74505055801428));
#721=CARTESIAN_POINT('Ctrl Pts',(6.53969180529519,-7.01691959977415,0.616292047137461));
#722=CARTESIAN_POINT('Ctrl Pts',(6.55058587575778,-7.02077103832016,0.487097564875724));
#723=CARTESIAN_POINT('Ctrl Pts',(6.55764959484465,-7.02535146727679,0.357654881520378));
#724=CARTESIAN_POINT('Ctrl Pts',(6.56331321671023,-7.02902401105628,0.253868985907271));
#725=CARTESIAN_POINT('Ctrl Pts',(6.56632813409815,-7.03304640814555,0.153777676985914));
#726=CARTESIAN_POINT('Ctrl Pts',(6.56722169650794,-7.03738225910247,0.0578549276318771));
#727=CARTESIAN_POINT('Ctrl Pts',(6.56816576054636,-7.04196316013355,-0.0434891051280721));
#728=CARTESIAN_POINT('Ctrl Pts',(6.56674289580584,-7.04689396317058,-0.140179837258619));
#729=CARTESIAN_POINT('Ctrl Pts',(6.56359433024995,-7.05213712371712,-0.231714220949232));
#730=CARTESIAN_POINT('Ctrl Pts',(6.5603827574359,-7.05748520733555,-0.325080337358105));
#731=CARTESIAN_POINT('Ctrl Pts',(6.55537721965221,-7.06315832913159,-0.413082028778383));
#732=CARTESIAN_POINT('Ctrl Pts',(6.54925836215085,-7.06912150283122,-0.495240689852909));
#733=CARTESIAN_POINT('Ctrl Pts',(6.54331395642646,-7.07491466337921,-0.575056965210062));
#734=CARTESIAN_POINT('Ctrl Pts',(6.53632022773589,-7.08098165196838,-0.649359526338818));
#735=CARTESIAN_POINT('Ctrl Pts',(6.5288798292306,-7.08729388245199,-0.71775114135159));
#736=CARTESIAN_POINT('Ctrl Pts',(6.52300822960568,-7.09227518689605,-0.771722468394258));
#737=CARTESIAN_POINT('Ctrl Pts',(6.51685832839386,-7.09740929502784,-0.822013644980345));
#738=CARTESIAN_POINT('Ctrl Pts',(6.51070758408427,-7.10268330439411,-0.868442999765617));
#739=CARTESIAN_POINT('Ctrl Pts',(6.50678173049787,-7.10604956180023,-0.898077600038962));
#740=CARTESIAN_POINT('Ctrl Pts',(6.50281455997481,-7.10950336320315,-0.926430513046205));
#741=CARTESIAN_POINT('Ctrl Pts',(6.49887631947975,-7.11304418288016,-0.95336524253285));
#742=CARTESIAN_POINT('Ctrl Pts',(6.49074230388811,-7.12035736817092,-1.00899605275779));
#743=CARTESIAN_POINT('Ctrl Pts',(6.4827327611989,-7.12804268976674,-1.05857578859048));
#744=CARTESIAN_POINT('Ctrl Pts',(6.47551389124696,-7.13606715427166,-1.10092699773827));
#745=CARTESIAN_POINT('Ctrl Pts',(6.4693874567287,-7.14287727229024,-1.13686917585489));
#746=CARTESIAN_POINT('Ctrl Pts',(6.46383284181672,-7.1499315307751,-1.16760598259245));
#747=CARTESIAN_POINT('Ctrl Pts',(6.45922827709329,-7.15720169187974,-1.19242414265768));
#748=CARTESIAN_POINT('Ctrl Pts',(6.45840721393731,-7.15849807096867,-1.19684959393329));
#749=CARTESIAN_POINT('Ctrl Pts',(6.45761622753163,-7.15980129367573,-1.20108685532684));
#750=CARTESIAN_POINT('Ctrl Pts',(6.45685726792891,-7.16111117136148,-1.20513187853008));
#751=CARTESIAN_POINT('Ctrl Pts',(6.4538144737389,-7.16636268698569,-1.2213490435244));
#752=CARTESIAN_POINT('Ctrl Pts',(6.45092525733067,-7.17233528523778,-1.23637286319465));
#753=CARTESIAN_POINT('Ctrl Pts',(6.44881301467422,-7.17894885710209,-1.24724639195389));
#754=CARTESIAN_POINT('Ctrl Pts',(6.44832408158003,-7.18047973905137,-1.24976335090498));
#755=CARTESIAN_POINT('Ctrl Pts',(6.44787697265069,-7.18204482959119,-1.25205795370098));
#756=CARTESIAN_POINT('Ctrl Pts',(6.44747964397535,-7.18364287287521,-1.2540935513881));
#757=CARTESIAN_POINT('Ctrl Pts',(6.44693629945349,-7.18582818724582,-1.25687721871608));
#758=CARTESIAN_POINT('Ctrl Pts',(6.44639153056024,-7.18845520873058,-1.25965953752067));
#759=CARTESIAN_POINT('Ctrl Pts',(6.4460056118959,-7.19142957045483,-1.26163286121439));
#760=CARTESIAN_POINT('Ctrl Pts',(6.44577565316385,-7.19320191399244,-1.26280871264754));
#761=CARTESIAN_POINT('Ctrl Pts',(6.44559582700192,-7.19514505943026,-1.26372982196747));
#762=CARTESIAN_POINT('Ctrl Pts',(6.44551118176742,-7.19723819345557,-1.26417015475658));
#763=CARTESIAN_POINT('Ctrl Pts',(6.44544330174697,-7.19891675198611,-1.26452327326237));
#764=CARTESIAN_POINT('Ctrl Pts',(6.44544033656321,-7.20059989542087,-1.26454802996889));
#765=CARTESIAN_POINT('Ctrl Pts',(6.4455032940352,-7.2022871927429,-1.26423919670724));
#766=CARTESIAN_POINT('Ctrl Pts',(6.44557039992137,-7.20408567000779,-1.26391001370406));
#767=CARTESIAN_POINT('Ctrl Pts',(6.44570826862511,-7.20577824579727,-1.26322198513346));
#768=CARTESIAN_POINT('Ctrl Pts',(6.44588973021699,-7.20735345297453,-1.26231105850631));
#769=CARTESIAN_POINT('Ctrl Pts',(6.44617357398366,-7.20981740544976,-1.26088617932209));
#770=CARTESIAN_POINT('Ctrl Pts',(6.44656833011656,-7.21203012056952,-1.2588939726449));
#771=CARTESIAN_POINT('Ctrl Pts',(6.44697976265447,-7.21393652403501,-1.25680825166166));
#772=CARTESIAN_POINT('Ctrl Pts',(6.44786730653849,-7.21804902506573,-1.25230892617857));
#773=CARTESIAN_POINT('Ctrl Pts',(6.44903941080073,-7.22170087407984,-1.246323195529));
#774=CARTESIAN_POINT('Ctrl Pts',(6.45022158633107,-7.22481734635936,-1.24022480888039));
#775=CARTESIAN_POINT('Ctrl Pts',(6.45234188034645,-7.23040690336994,-1.22928703155153));
#776=CARTESIAN_POINT('Ctrl Pts',(6.45494551072413,-7.23546118466417,-1.21565561853254));
#777=CARTESIAN_POINT('Ctrl Pts',(6.45758995577193,-7.23989746429761,-1.20150497379607));
#778=CARTESIAN_POINT('Ctrl Pts',(6.45944783471664,-7.24301421294425,-1.19156330950172));
#779=CARTESIAN_POINT('Ctrl Pts',(6.4613269210023,-7.24582645468979,-1.18136552816252));
#780=CARTESIAN_POINT('Ctrl Pts',(6.46308861564121,-7.24831023635246,-1.17166722433796));
#781=CARTESIAN_POINT('Ctrl Pts',(6.46559735015478,-7.25184725613085,-1.15785639186427));
#782=CARTESIAN_POINT('Ctrl Pts',(6.46831545119302,-7.25533571710059,-1.14261838343409));
#783=CARTESIAN_POINT('Ctrl Pts',(6.47119903496747,-7.25877200971745,-1.12602036656635));
#784=CARTESIAN_POINT('Ctrl Pts',(6.47774269165349,-7.26656991708419,-1.08835483209726));
#785=CARTESIAN_POINT('Ctrl Pts',(6.48514253906697,-7.27409882977899,-1.04368528028233));
#786=CARTESIAN_POINT('Ctrl Pts',(6.49287120630613,-7.28133584865413,-0.992809575553658));
#787=CARTESIAN_POINT('Ctrl Pts',(6.50223023139001,-7.29009951243846,-0.931201670596481));
#788=CARTESIAN_POINT('Ctrl Pts',(6.51206654095256,-7.2984350515633,-0.860490671025195));
#789=CARTESIAN_POINT('Ctrl Pts',(6.52138212237071,-7.30631164067339,-0.78212203877723));
#790=CARTESIAN_POINT('Ctrl Pts',(6.52541369797962,-7.30972045254592,-0.748205844812219));
#791=CARTESIAN_POINT('Ctrl Pts',(6.52934758106022,-7.31304342131875,-0.71285596563323));
#792=CARTESIAN_POINT('Ctrl Pts',(6.53310451524691,-7.31627851057872,-0.676192581934747));
#793=CARTESIAN_POINT('Ctrl Pts',(6.54032077001956,-7.32249241456323,-0.605770183125246));
#794=CARTESIAN_POINT('Ctrl Pts',(6.54701722087076,-7.32847793974568,-0.52930758083162));
#795=CARTESIAN_POINT('Ctrl Pts',(6.55255501062171,-7.3341945974565,-0.44719339615831));
#796=CARTESIAN_POINT('Ctrl Pts',(6.55804417148901,-7.33986105559399,-0.365800279151443));
#797=CARTESIAN_POINT('Ctrl Pts',(6.56239349452008,-7.34526339653014,-0.278853758639404));
#798=CARTESIAN_POINT('Ctrl Pts',(6.56495762537842,-7.35035809143785,-0.186776996862289));
#799=CARTESIAN_POINT('Ctrl Pts',(6.56742314803734,-7.3552568608179,-0.0982412102492402));
#800=CARTESIAN_POINT('Ctrl Pts',(6.56823700919803,-7.35987121306667,-0.00496202548114411));
#801=CARTESIAN_POINT('Ctrl Pts',(6.5668226288785,-7.36415816873227,0.09263753513617));
#802=CARTESIAN_POINT('Ctrl Pts',(6.56577565596167,-7.36733152063453,0.164884083853627));
#803=CARTESIAN_POINT('Ctrl Pts',(6.56350761014356,-7.37032539398981,0.239497020662616));
#804=CARTESIAN_POINT('Ctrl Pts',(6.55978864006941,-7.37312063324158,0.316286727130112));
#805=CARTESIAN_POINT('Ctrl Pts',(6.56080692068479,-7.37312063308481,0.316777448683639));
#806=CARTESIAN_POINT('Ctrl Pts',(6.49809309854407,-7.42038353722473,1.61564919613032));
#807=CARTESIAN_POINT('Ctrl Pts',(6.03908512282681,-7.46764644136465,2.89409451957024));
#808=CARTESIAN_POINT('Ctrl Pts',(5.26097794762221,-7.51490934550456,3.93469416854021));
#809=CARTESIAN_POINT('Ctrl Pts',(4.48287077241763,-7.56217224964448,4.97529381751017));
#810=CARTESIAN_POINT('Ctrl Pts',(3.38566439772572,-7.60943515378439,5.77804779201018));
#811=CARTESIAN_POINT('Ctrl Pts',(2.15799925389523,-7.65669805792431,6.20507556801661));
#812=CARTESIAN_POINT('Ctrl Pts',(0.930334110064747,-7.70396096206422,6.63210334402304));
#813=CARTESIAN_POINT('Ctrl Pts',(-0.42778980290432,-7.75122386620413,6.68340492153588));
#814=CARTESIAN_POINT('Ctrl Pts',(-1.68396428960935,-7.79848677034405,6.35016657985252));
#815=CARTESIAN_POINT('Ctrl Pts',(-2.94013877631438,-7.84574967448396,6.01692823816917));
#816=CARTESIAN_POINT('Ctrl Pts',(-4.09436383675537,-7.89301257862388,5.29914997728962));
#817=CARTESIAN_POINT('Ctrl Pts',(-4.94915969335201,-7.9402754827638,4.32018519992096));
#818=CARTESIAN_POINT('Ctrl Pts',(-5.80395554994866,-7.98753838690371,3.34122042255229));
#819=CARTESIAN_POINT('Ctrl Pts',(-6.35932220270096,-8.03480129104362,2.10106912869451));
#820=CARTESIAN_POINT('Ctrl Pts',(-6.51954892565811,-8.08206419518354,0.811054932605924));
#821=CARTESIAN_POINT('Ctrl Pts',(-6.55292867671729,-8.09191039278034,0.542308546650314));
#822=CARTESIAN_POINT('Ctrl Pts',(-6.56915909591611,-8.10175659037714,0.271398078066253));
#823=CARTESIAN_POINT('Ctrl Pts',(-6.56861589049979,-8.11160278797394,0.000417809638288007));
#824=CARTESIAN_POINT('Origin',(0.,-18.2728704041008,0.));
#825=CARTESIAN_POINT('',(-6.56492534968272,-10.1383972122883,0.00429364496918835));
#826=CARTESIAN_POINT('',(-6.56842978259613,-9.61160278802147,-0.000490159629316653));
#827=CARTESIAN_POINT('',(-6.56845,-18.2728704041008,2.90019026886135E-14));
#828=CARTESIAN_POINT('Ctrl Pts',(-6.56492534968272,-10.1383972122883,0.00429364496918835));
#829=CARTESIAN_POINT('Ctrl Pts',(-6.5677900942605,-10.1148002314096,0.653909211080744));
#830=CARTESIAN_POINT('Ctrl Pts',(-6.47661539027744,-10.0912032505309,1.30258047022417));
#831=CARTESIAN_POINT('Ctrl Pts',(-6.28759189831233,-10.0676062696522,1.92137016930096));
#832=CARTESIAN_POINT('Ctrl Pts',(-5.76077970910308,-10.0018410199142,3.64594922898174));
#833=CARTESIAN_POINT('Ctrl Pts',(-4.47392915205416,-9.93607577017625,5.13842390995821));
#834=CARTESIAN_POINT('Ctrl Pts',(-2.84542578592268,-9.87031052043828,5.92368872398746));
#835=CARTESIAN_POINT('Ctrl Pts',(-2.03117410285695,-9.83742789556929,6.31632113100209));
#836=CARTESIAN_POINT('Ctrl Pts',(-1.13150921752057,-9.80454527070031,6.5321510712799));
#837=CARTESIAN_POINT('Ctrl Pts',(-0.226645562795559,-9.77166264583132,6.56277420695444));
#838=CARTESIAN_POINT('Ctrl Pts',(0.678218091929467,-9.73878002096234,6.59339734262898));
#839=CARTESIAN_POINT('Ctrl Pts',(1.58828051604312,-9.70589739609335,6.43881367370022));
#840=CARTESIAN_POINT('Ctrl Pts',(2.42787250258911,-9.67301477122437,6.10470892153037));
#841=CARTESIAN_POINT('Ctrl Pts',(3.68726048240809,-9.62369083392089,5.6035517932756));
#842=CARTESIAN_POINT('Ctrl Pts',(4.78808997769983,-9.57436689661742,4.69847222772836));
#843=CARTESIAN_POINT('Ctrl Pts',(5.5229545585732,-9.52504295931394,3.55837804174859));
#844=CARTESIAN_POINT('Ctrl Pts',(6.25781913944656,-9.47571902201046,2.41828385576882));
#845=CARTESIAN_POINT('Ctrl Pts',(6.62671880590155,-9.42639508470697,1.04317504935652));
#846=CARTESIAN_POINT('Ctrl Pts',(6.56229181738903,-9.37707114740349,-0.311513356590404));
#847=CARTESIAN_POINT('Ctrl Pts',(6.49786482887651,-9.32774721010001,-1.66620176253734));
#848=CARTESIAN_POINT('Ctrl Pts',(6.00011118539646,-9.27842327279654,-3.00046976801891));
#849=CARTESIAN_POINT('Ctrl Pts',(5.16084532889908,-9.22909933549306,-4.06575730934278));
#850=CARTESIAN_POINT('Ctrl Pts',(4.32157947240171,-9.17977539818959,-5.13104485066665));
#851=CARTESIAN_POINT('Ctrl Pts',(3.14080140288703,-9.13045146088611,-5.92735192783282));
#852=CARTESIAN_POINT('Ctrl Pts',(1.83887274960656,-9.08112752358263,-6.30708541580167));
#853=CARTESIAN_POINT('Ctrl Pts',(0.536944096326088,-9.03180358627915,-6.68681890377052));
#854=CARTESIAN_POINT('Ctrl Pts',(-0.886135140720154,-8.98247964897567,-6.64997880254205));
#855=CARTESIAN_POINT('Ctrl Pts',(-2.16664896097058,-8.9331557116722,-6.20244991312232));
#856=CARTESIAN_POINT('Ctrl Pts',(-3.44716278122102,-8.88383177436872,-5.75492102370258));
#857=CARTESIAN_POINT('Ctrl Pts',(-4.58511118467564,-8.83450783706524,-4.89670334609157));
#858=CARTESIAN_POINT('Ctrl Pts',(-5.36704288422936,-8.78518389976176,-3.78931089824552));
#859=CARTESIAN_POINT('Ctrl Pts',(-6.14271199535573,-8.73625500401897,-2.69078769451935));
#860=CARTESIAN_POINT('Ctrl Pts',(-6.56804432980411,-8.68732610827619,-1.34706508054886));
#861=CARTESIAN_POINT('Ctrl Pts',(-6.56890921344132,-8.63839721253341,-0.000924042188664814));
#862=CARTESIAN_POINT('Ctrl Pts',(-6.56861589049979,-8.11160278797394,0.000417809638288008));
#863=CARTESIAN_POINT('Ctrl Pts',(-6.56655164616023,-8.14901949451706,-1.0293390160866));
#864=CARTESIAN_POINT('Ctrl Pts',(-6.32226129952217,-8.18643620106017,-2.06010381382219));
#865=CARTESIAN_POINT('Ctrl Pts',(-5.85636256891999,-8.22385290760329,-2.97694844972213));
#866=CARTESIAN_POINT('Ctrl Pts',(-5.26786269606275,-8.2711158117432,-4.13506053764209));
#867=CARTESIAN_POINT('Ctrl Pts',(-4.3257761571863,-8.31837871588312,-5.11140761516262));
#868=CARTESIAN_POINT('Ctrl Pts',(-3.18875557206825,-8.36564162002303,-5.74312128544142));
#869=CARTESIAN_POINT('Ctrl Pts',(-2.0517349869502,-8.41290452416295,-6.37483495572022));
#870=CARTESIAN_POINT('Ctrl Pts',(-0.71978035559054,-8.46016742830286,-6.6619152187573));
#871=CARTESIAN_POINT('Ctrl Pts',(0.573498990428083,-8.50743033244277,-6.54651930237087));
#872=CARTESIAN_POINT('Ctrl Pts',(2.29787145178626,-8.57044753796266,-6.39265808052229));
#873=CARTESIAN_POINT('Ctrl Pts',(3.95348785031594,-8.63346474348255,-5.52328365080971));
#874=CARTESIAN_POINT('Ctrl Pts',(5.06031206741344,-8.69648194900244,-4.19117509951612));
#875=CARTESIAN_POINT('Ctrl Pts',(5.6137241759622,-8.72799055176238,-3.52512082386931));
#876=CARTESIAN_POINT('Ctrl Pts',(6.02993823915291,-8.75949915452233,-2.74338301782725));
#877=CARTESIAN_POINT('Ctrl Pts',(6.28250820782225,-8.79100775728227,-1.91310085367747));
#878=CARTESIAN_POINT('Ctrl Pts',(6.53507817649158,-8.82251636004221,-1.0828186895277));
#879=CARTESIAN_POINT('Ctrl Pts',(6.62400405063955,-8.85402496280216,-0.203992167270212));
#880=CARTESIAN_POINT('Ctrl Pts',(6.53690767627272,-8.8855335655621,0.657348709046019));
#881=CARTESIAN_POINT('Ctrl Pts',(6.40626311472248,-8.93279646970202,1.94936002352038));
#882=CARTESIAN_POINT('Ctrl Pts',(5.87956849401392,-8.98005937384193,3.20202863462692));
#883=CARTESIAN_POINT('Ctrl Pts',(5.04900817226443,-9.02732227798185,4.20271424128804));
#884=CARTESIAN_POINT('Ctrl Pts',(4.77215473168128,-9.04307657936182,4.53627611017508));
#885=CARTESIAN_POINT('Ctrl Pts',(4.46153843542691,-9.05883088074179,4.84183986745707));
#886=CARTESIAN_POINT('Ctrl Pts',(4.12364110059305,-9.07458518212176,5.11334456239767));
#887=CARTESIAN_POINT('Ctrl Pts',(3.10994909609144,-9.12184808626168,5.92785864721949));
#888=CARTESIAN_POINT('Ctrl Pts',(1.85072774437435,-9.1691109904016,6.43584117096882));
#889=CARTESIAN_POINT('Ctrl Pts',(0.556339528532277,-9.21637389454151,6.54630922175091));
#890=CARTESIAN_POINT('Ctrl Pts',(-0.738048687309776,-9.26363679868143,6.656777272533));
#891=CARTESIAN_POINT('Ctrl Pts',(-2.06760376727681,-9.31089970282134,6.36973085034787));
#892=CARTESIAN_POINT('Ctrl Pts',(-3.20267592383527,-9.35816260696125,5.73601010127692));
#893=CARTESIAN_POINT('Ctrl Pts',(-4.33774808039374,-9.40542551110117,5.10228935220596));
#894=CARTESIAN_POINT('Ctrl Pts',(-5.27833731354363,-9.45268841524109,4.12189427624918));
#895=CARTESIAN_POINT('Ctrl Pts',(-5.86408164906522,-9.499951319381,2.96183985434462));
#896=CARTESIAN_POINT('Ctrl Pts',(-6.32532580731119,-9.53716847559449,2.0483554330665));
#897=CARTESIAN_POINT('Ctrl Pts',(-6.56653883637527,-9.57438563180798,1.02346839892517));
#898=CARTESIAN_POINT('Ctrl Pts',(-6.56842978259613,-9.61160278802147,-0.000490159629316653));
#899=CARTESIAN_POINT('Origin',(0.,-18.2728704041008,0.));
#900=CARTESIAN_POINT('',(-6.57347470477158,-11.6383972120429,-0.00180012020675067));
#901=CARTESIAN_POINT('',(-6.57045192727823,-11.1116027878469,-0.000676682054160152));
#902=CARTESIAN_POINT('',(-6.56845,-18.2728704041008,2.90019026886135E-14));
#903=CARTESIAN_POINT('Ctrl Pts',(-6.57347470477158,-11.6383972120429,-0.00180012020675067));
#904=CARTESIAN_POINT('Ctrl Pts',(-6.57079745835628,-11.5751569794118,1.7337926587573));
#905=CARTESIAN_POINT('Ctrl Pts',(-5.84351972566923,-11.5119167467807,3.47503818672648));
#906=CARTESIAN_POINT('Ctrl Pts',(-4.60421308875923,-11.4486765141496,4.6917352823501));
#907=CARTESIAN_POINT('Ctrl Pts',(-3.31542417879864,-11.3829112644116,5.95701191116786));
#908=CARTESIAN_POINT('Ctrl Pts',(-1.47290213991654,-11.3171460146736,6.65501618032384));
#909=CARTESIAN_POINT('Ctrl Pts',(0.330465081665723,-11.2513807649357,6.56418036306023));
#910=CARTESIAN_POINT('Ctrl Pts',(2.13383230324797,-11.1856155151977,6.47334454579662));
#911=CARTESIAN_POINT('Ctrl Pts',(3.89804470753037,-11.1198502654597,5.59366864211342));
#912=CARTESIAN_POINT('Ctrl Pts',(5.05315871820142,-11.0540850157218,4.20556821442751));
#913=CARTESIAN_POINT('Ctrl Pts',(6.20827272887248,-10.9883197659838,2.81746778674158));
#914=CARTESIAN_POINT('Ctrl Pts',(6.75428834593218,-10.9225545162458,0.920942835052915));
#915=CARTESIAN_POINT('Ctrl Pts',(6.51550219375156,-10.8567892665078,-0.867724642458174));
#916=CARTESIAN_POINT('Ctrl Pts',(6.27671604157094,-10.7910240167699,-2.65639211996926));
#917=CARTESIAN_POINT('Ctrl Pts',(5.25312812015002,-10.7252587670319,-4.33720212330277));
#918=CARTESIAN_POINT('Ctrl Pts',(3.77545278867073,-10.6594935172939,-5.37907464961251));
#919=CARTESIAN_POINT('Ctrl Pts',(2.79033590101786,-10.6156500174686,-6.073656333819));
#920=CARTESIAN_POINT('Ctrl Pts',(1.60340238667239,-10.5718065176433,-6.48426580601492));
#921=CARTESIAN_POINT('Ctrl Pts',(0.399442165727477,-10.527963017818,-6.55649581065154));
#922=CARTESIAN_POINT('Ctrl Pts',(-0.804518055217435,-10.4841195179927,-6.62872581528817));
#923=CARTESIAN_POINT('Ctrl Pts',(-2.02550498276178,-10.4402760181674,-6.36257635236551));
#924=CARTESIAN_POINT('Ctrl Pts',(-3.09017014360511,-10.396432518342,-5.79634748732019));
#925=CARTESIAN_POINT('Ctrl Pts',(-4.15483530444844,-10.3525890185167,-5.23011862227487));
#926=CARTESIAN_POINT('Ctrl Pts',(-5.06317869859075,-10.3087455186914,-4.3638103551069));
#927=CARTESIAN_POINT('Ctrl Pts',(-5.67037838271091,-10.2649020188661,-3.3222431445701));
#928=CARTESIAN_POINT('Ctrl Pts',(-6.25437737077684,-10.2227337500068,-2.32047352435441));
#929=CARTESIAN_POINT('Ctrl Pts',(-6.55980599478769,-10.1805654811475,-1.15658214620934));
#930=CARTESIAN_POINT('Ctrl Pts',(-6.56492534968272,-10.1383972122883,0.00429364496918835));
#931=CARTESIAN_POINT('Ctrl Pts',(-6.56842978259613,-9.61160278802147,-0.000490159629316653));
#932=CARTESIAN_POINT('Ctrl Pts',(-6.56894019153141,-9.6216485359479,-0.276879615807386));
#933=CARTESIAN_POINT('Ctrl Pts',(-6.55201403454705,-9.63169428387432,-0.553201424965239));
#934=CARTESIAN_POINT('Ctrl Pts',(-6.5172719346666,-9.64174003180074,-0.827246477618469));
#935=CARTESIAN_POINT('Ctrl Pts',(-6.35381844685309,-9.68900293594066,-2.11656461982473));
#936=CARTESIAN_POINT('Ctrl Pts',(-5.79601203333276,-9.73626584008058,-3.35548713638495));
#937=CARTESIAN_POINT('Ctrl Pts',(-4.9385934694956,-9.78352874422049,-4.33255446592828));
#938=CARTESIAN_POINT('Ctrl Pts',(-4.08117490565844,-9.83079164836041,-5.30962179547161));
#939=CARTESIAN_POINT('Ctrl Pts',(-2.92414419150445,-9.87805455250032,-6.02483393799806));
#940=CARTESIAN_POINT('Ctrl Pts',(-1.66755273040077,-9.92531745664024,-6.35459529357059));
#941=CARTESIAN_POINT('Ctrl Pts',(-0.410961269297078,-9.97258036078015,-6.68435664914312));
#942=CARTESIAN_POINT('Ctrl Pts',(0.945190938756309,-10.0198432649201,-6.62866721776174));
#943=CARTESIAN_POINT('Ctrl Pts',(2.17261199319768,-10.06710616906,-6.19907575570879));
#944=CARTESIAN_POINT('Ctrl Pts',(3.40003304763904,-10.1143690731999,-5.76948429365584));
#945=CARTESIAN_POINT('Ctrl Pts',(4.49872294846838,-10.1616319773398,-4.96599080093135));
#946=CARTESIAN_POINT('Ctrl Pts',(5.27259938145874,-10.2088948814797,-3.92279881750756));
#947=CARTESIAN_POINT('Ctrl Pts',(6.30443462544588,-10.2719120869996,-2.53187617294251));
#948=CARTESIAN_POINT('Ctrl Pts',(6.75882370438591,-10.3349292925195,-0.714822878245378));
#949=CARTESIAN_POINT('Ctrl Pts',(6.49652310405601,-10.3979464980394,0.995897409454168));
#950=CARTESIAN_POINT('Ctrl Pts',(6.2342225037261,-10.4609637035593,2.70661769715372));
#951=CARTESIAN_POINT('Ctrl Pts',(5.25523222412626,-10.5239809090792,4.31100497785569));
#952=CARTESIAN_POINT('Ctrl Pts',(3.8539412233697,-10.5869981145991,5.32519927404682));
#953=CARTESIAN_POINT('Ctrl Pts',(2.45265022261314,-10.6500153201189,6.33939357023794));
#954=CARTESIAN_POINT('Ctrl Pts',(0.629058500699868,-10.7130325256388,6.76339488191821));
#955=CARTESIAN_POINT('Ctrl Pts',(-1.08064662146363,-10.7760497311587,6.48135848433028));
#956=CARTESIAN_POINT('Ctrl Pts',(-2.2204500362393,-10.8180612015053,6.29333421927166));
#957=CARTESIAN_POINT('Ctrl Pts',(-3.30963718445952,-10.8600726718519,5.7915154167605));
#958=CARTESIAN_POINT('Ctrl Pts',(-4.19795947735411,-10.9020841421985,5.05236695371898));
#959=CARTESIAN_POINT('Ctrl Pts',(-5.0862817702487,-10.9440956125451,4.31321849067745));
#960=CARTESIAN_POINT('Ctrl Pts',(-5.77373920781767,-10.9861070828917,3.33674036710555));
#961=CARTESIAN_POINT('Ctrl Pts',(-6.17068516100417,-11.0281185532383,2.25126763528081));
#962=CARTESIAN_POINT('Ctrl Pts',(-6.43361913918809,-11.0559466314411,1.53225875939303));
#963=CARTESIAN_POINT('Ctrl Pts',(-6.56908723032176,-11.083774709644,0.7654270084331));
#964=CARTESIAN_POINT('Ctrl Pts',(-6.57045192727823,-11.1116027878469,-0.000676682054160152));
#965=CARTESIAN_POINT('Origin',(0.,-18.2728704041008,0.));
#966=CARTESIAN_POINT('',(-6.56305532877467,-13.1383972119727,-0.00142650438200317));
#967=CARTESIAN_POINT('',(-6.56801233446163,-12.6116027875767,8.44718465444551E-5));
#968=CARTESIAN_POINT('',(-6.56845,-18.2728704041008,2.90019026886135E-14));
#969=CARTESIAN_POINT('Ctrl Pts',(-6.56305532877467,-13.1383972119727,-0.00142650438200317));
#970=CARTESIAN_POINT('Ctrl Pts',(-6.56075231119854,-13.1012789772687,1.02055383199172));
#971=CARTESIAN_POINT('Ctrl Pts',(-6.32749667039113,-13.0641607425648,2.04367255879902));
#972=CARTESIAN_POINT('Ctrl Pts',(-5.87050227873129,-13.0270425078609,2.95561840966059));
#973=CARTESIAN_POINT('Ctrl Pts',(-5.33070738571636,-12.9831990080356,4.03279511463781));
#974=CARTESIAN_POINT('Ctrl Pts',(-4.47875266584793,-12.9393555082103,4.9548636607744));
#975=CARTESIAN_POINT('Ctrl Pts',(-3.4516240657017,-12.8955120083849,5.58832655575075));
#976=CARTESIAN_POINT('Ctrl Pts',(-2.42449546555549,-12.8516685085596,6.22178945072709));
#977=CARTESIAN_POINT('Ctrl Pts',(-1.22219298513149,-12.8078250087343,6.56664669454319));
#978=CARTESIAN_POINT('Ctrl Pts',(-0.0170203042353334,-12.763981508909,6.56977097798958));
#979=CARTESIAN_POINT('Ctrl Pts',(1.18815237666083,-12.7201380090837,6.57289526143597));
#980=CARTESIAN_POINT('Ctrl Pts',(2.39619525802914,-12.6762945092584,6.23428658451264));
#981=CARTESIAN_POINT('Ctrl Pts',(3.42562776924477,-12.632451009433,5.60541495805994));
#982=CARTESIAN_POINT('Ctrl Pts',(4.4550602804604,-12.5886075096077,4.97654333160724));
#983=CARTESIAN_POINT('Ctrl Pts',(5.30588242152335,-12.5447640097824,4.05740875562517));
#984=CARTESIAN_POINT('Ctrl Pts',(5.85311606257866,-12.5009205099571,2.98314371877659));
#985=CARTESIAN_POINT('Ctrl Pts',(6.40034970363397,-12.4570770101318,1.90887868192801));
#986=CARTESIAN_POINT('Ctrl Pts',(6.64399484468164,-12.4132335103065,0.679483184212927));
#987=CARTESIAN_POINT('Ctrl Pts',(6.5483136028083,-12.3693900104812,-0.522538028140532));
#988=CARTESIAN_POINT('Ctrl Pts',(6.45263236093496,-12.3255465106559,-1.72455924049399));
#989=CARTESIAN_POINT('Ctrl Pts',(6.0176247361406,-12.2817030108305,-2.89920616748583));
#990=CARTESIAN_POINT('Ctrl Pts',(5.30646787101815,-12.2378595110052,-3.87324472656031));
#991=CARTESIAN_POINT('Ctrl Pts',(4.5953110058957,-12.1940160111799,-4.8472832856348));
#992=CARTESIAN_POINT('Ctrl Pts',(3.60800490044517,-12.1501725113546,-5.62071347679193));
#993=CARTESIAN_POINT('Ctrl Pts',(2.49277582997711,-12.1063290115293,-6.07796384127682));
#994=CARTESIAN_POINT('Ctrl Pts',(1.37754675950907,-12.062485511704,-6.53521420576171));
#995=CARTESIAN_POINT('Ctrl Pts',(0.134394724023508,-12.0186420118787,-6.67628474357436));
#996=CARTESIAN_POINT('Ctrl Pts',(-1.05664607180671,-11.9747985120533,-6.4830168187724));
#997=CARTESIAN_POINT('Ctrl Pts',(-2.24768686763695,-11.930955012228,-6.28974889397044));
#998=CARTESIAN_POINT('Ctrl Pts',(-3.38661642381184,-11.8871115124027,-5.76214250655387));
#999=CARTESIAN_POINT('Ctrl Pts',(-4.29678443778916,-11.8432680125774,-4.97236931390369));
#1000=CARTESIAN_POINT('Ctrl Pts',(-5.66203645875512,-11.7775027628394,-3.78770952492843));
#1001=CARTESIAN_POINT('Ctrl Pts',(-6.51257500977652,-11.7117375131015,-2.01317442417757));
#1002=CARTESIAN_POINT('Ctrl Pts',(-6.57031639476769,-11.6459722633635,-0.209632379562381));
#1003=CARTESIAN_POINT('Ctrl Pts',(-6.57253334042603,-11.6434472462566,-0.140386470305939));
#1004=CARTESIAN_POINT('Ctrl Pts',(-6.57358160021956,-11.6409222291498,-0.0710978010514471));
#1005=CARTESIAN_POINT('Ctrl Pts',(-6.57347470477158,-11.6383972120429,-0.00180012020675067));
#1006=CARTESIAN_POINT('Ctrl Pts',(-6.57045192727823,-11.1116027878469,-0.000676682054160152));
#1007=CARTESIAN_POINT('Ctrl Pts',(-6.5711474849071,-11.1257861799906,-0.391143784587264));
#1008=CARTESIAN_POINT('Ctrl Pts',(-6.53700661910384,-11.1399695721343,-0.781421756762668));
#1009=CARTESIAN_POINT('Ctrl Pts',(-6.46715051845951,-11.154152964278,-1.16508241473749));
#1010=CARTESIAN_POINT('Ctrl Pts',(-6.15677792165667,-11.2171701697979,-2.86969738191146));
#1011=CARTESIAN_POINT('Ctrl Pts',(-5.14136887484045,-11.2801873753178,-4.4436832846718));
#1012=CARTESIAN_POINT('Ctrl Pts',(-3.7145855113194,-11.3432045808377,-5.42186551079341));
#1013=CARTESIAN_POINT('Ctrl Pts',(-2.28780214779836,-11.4062217863576,-6.40004773691503));
#1014=CARTESIAN_POINT('Ctrl Pts',(-0.44964446757249,-11.4692389918775,-6.78242628639792));
#1015=CARTESIAN_POINT('Ctrl Pts',(1.24977745865353,-11.5322561973974,-6.45336267273259));
#1016=CARTESIAN_POINT('Ctrl Pts',(2.94919938487955,-11.5952734029173,-6.12429905906726));
#1017=CARTESIAN_POINT('Ctrl Pts',(4.50988555710574,-11.6582906084371,-5.08379328225369));
#1018=CARTESIAN_POINT('Ctrl Pts',(5.46942420430298,-11.721307813957,-3.64340766814263));
#1019=CARTESIAN_POINT('Ctrl Pts',(6.42896285150023,-11.7843250194769,-2.20302205403158));
#1020=CARTESIAN_POINT('Ctrl Pts',(6.78735397366856,-11.8473422249968,-0.362756602623037));
#1021=CARTESIAN_POINT('Ctrl Pts',(6.43616172286348,-11.9103594305167,1.33242024394296));
#1022=CARTESIAN_POINT('Ctrl Pts',(6.08496947205839,-11.9733766360366,3.02759709050895));
#1023=CARTESIAN_POINT('Ctrl Pts',(5.02419384827989,-12.0363938415565,4.5776853322324));
#1024=CARTESIAN_POINT('Ctrl Pts',(3.57195547675491,-12.0994110470763,5.51752582383958));
#1025=CARTESIAN_POINT('Ctrl Pts',(2.1197171052299,-12.1624282525962,6.45736631544677));
#1026=CARTESIAN_POINT('Ctrl Pts',(0.276015985958426,-12.2254454581161,6.78695905693768));
#1027=CARTESIAN_POINT('Ctrl Pts',(-1.41621039039208,-12.288462663636,6.41670092962766));
#1028=CARTESIAN_POINT('Ctrl Pts',(-2.54436130795908,-12.3304741339826,6.16986217808766));
#1029=CARTESIAN_POINT('Ctrl Pts',(-3.6051901175612,-12.3724856043292,5.61197859596945));
#1030=CARTESIAN_POINT('Ctrl Pts',(-4.45440361118639,-12.4144970746758,4.82741302205478));
#1031=CARTESIAN_POINT('Ctrl Pts',(-5.30361710481158,-12.4565085450224,4.04284744814009));
#1032=CARTESIAN_POINT('Ctrl Pts',(-5.94121528245984,-12.498520015369,3.03159988242893));
#1033=CARTESIAN_POINT('Ctrl Pts',(-6.28026445378458,-12.5405314857156,1.92732849090702));
#1034=CARTESIAN_POINT('Ctrl Pts',(-6.47145561977001,-12.5642219196693,1.30462549451119));
#1035=CARTESIAN_POINT('Ctrl Pts',(-6.56771188536073,-12.587912353623,0.65234206927244));
#1036=CARTESIAN_POINT('Ctrl Pts',(-6.56801233446163,-12.6116027875767,8.44718465444552E-5));
#1037=CARTESIAN_POINT('Origin',(0.,-18.2728704041008,0.));
#1038=CARTESIAN_POINT('',(-6.56725678802127,-14.6383972121235,-5.25134024655442E-5));
#1039=CARTESIAN_POINT('',(-6.56418756933387,-14.1116027874023,-0.000405155801289271));
#1040=CARTESIAN_POINT('',(-6.56845,-18.2728704041008,2.90019026886135E-14));
#1041=CARTESIAN_POINT('Ctrl Pts',(-6.56725678802127,-14.6383972121235,-5.25134024655442E-5));
#1042=CARTESIAN_POINT('Ctrl Pts',(-6.56681802627166,-14.6109596628385,0.755227616169556));
#1043=CARTESIAN_POINT('Ctrl Pts',(-6.43827442066242,-14.5835221135536,1.51061663993307));
#1044=CARTESIAN_POINT('Ctrl Pts',(-6.18321922407341,-14.5560845642687,2.22059290231986));
#1045=CARTESIAN_POINT('Ctrl Pts',(-5.72471156382858,-14.5067606269652,3.49690312555709));
#1046=CARTESIAN_POINT('Ctrl Pts',(-4.85736223126107,-14.4574366896617,4.62645502283966));
#1047=CARTESIAN_POINT('Ctrl Pts',(-3.74294435525735,-14.4081127523583,5.39923573717684));
#1048=CARTESIAN_POINT('Ctrl Pts',(-2.62852647925363,-14.3587888150548,6.17201645151402));
#1049=CARTESIAN_POINT('Ctrl Pts',(-1.26704005981369,-14.3094648777513,6.58802598290579));
#1050=CARTESIAN_POINT('Ctrl Pts',(0.0893346295058663,-14.2601409404478,
6.5693697549613));
#1051=CARTESIAN_POINT('Ctrl Pts',(1.44570931882541,-14.2108170031444,6.5507135270168));
#1052=CARTESIAN_POINT('Ctrl Pts',(2.79697227802458,-14.1614930658409,6.09739153973604));
#1053=CARTESIAN_POINT('Ctrl Pts',(3.88950818894525,-14.1121691285374,5.29489163040664));
#1054=CARTESIAN_POINT('Ctrl Pts',(4.98204409986592,-14.0628451912339,4.49239172107724));
#1055=CARTESIAN_POINT('Ctrl Pts',(5.81585296250811,-14.0135212539304,3.34071388969921));
#1056=CARTESIAN_POINT('Ctrl Pts',(6.2403027469441,-13.964197316627,2.05169672753706));
#1057=CARTESIAN_POINT('Ctrl Pts',(6.66475253138009,-13.9148733793235,0.762679565374905));
#1058=CARTESIAN_POINT('Ctrl Pts',(6.67984323760989,-13.86554944202,-0.663676927571367));
#1059=CARTESIAN_POINT('Ctrl Pts',(6.27399195514393,-13.8162255047165,-1.95681002416276));
#1060=CARTESIAN_POINT('Ctrl Pts',(5.73285691185599,-13.7504602549786,-3.68098748628463));
#1061=CARTESIAN_POINT('Ctrl Pts',(4.44338055533113,-13.6846950052406,-5.16832335488672));
#1062=CARTESIAN_POINT('Ctrl Pts',(2.81266481148654,-13.6189297555026,-5.94102767306696));
#1063=CARTESIAN_POINT('Ctrl Pts',(1.18194906764196,-13.5531645057646,-6.7137319912472));
#1064=CARTESIAN_POINT('Ctrl Pts',(-0.790006063522334,-13.4873992560267,
-6.77180475900561));
#1065=CARTESIAN_POINT('Ctrl Pts',(-2.46480010939965,-13.4216340062887,-6.09413880134409));
#1066=CARTESIAN_POINT('Ctrl Pts',(-4.13959415527696,-13.3558687565507,-5.41647284368257));
#1067=CARTESIAN_POINT('Ctrl Pts',(-5.51722711586728,-13.2901035068128,-4.00306816060113));
#1068=CARTESIAN_POINT('Ctrl Pts',(-6.15237723161146,-13.2243382570748,-2.3139866116318));
#1069=CARTESIAN_POINT('Ctrl Pts',(-6.42904545665576,-13.1956912420407,-1.57823110671327));
#1070=CARTESIAN_POINT('Ctrl Pts',(-6.56483274571417,-13.1670442270067,-0.790167841197277));
#1071=CARTESIAN_POINT('Ctrl Pts',(-6.56305532877467,-13.1383972119727,-0.00142650438200316));
#1072=CARTESIAN_POINT('Ctrl Pts',(-6.56801233446163,-12.6116027875767,8.44718465444546E-5));
#1073=CARTESIAN_POINT('Ctrl Pts',(-6.56824468727216,-12.6299238239696,-0.504340023007689));
#1074=CARTESIAN_POINT('Ctrl Pts',(-6.51108847739182,-12.6482448603624,-1.00874907094988));
#1075=CARTESIAN_POINT('Ctrl Pts',(-6.39607151011351,-12.6665658967553,-1.4994491689032));
#1076=CARTESIAN_POINT('Ctrl Pts',(-6.13232923011651,-12.7085773671019,-2.62466021985887));
#1077=CARTESIAN_POINT('Ctrl Pts',(-5.5643445051213,-12.7505888374485,-3.67778710443753));
#1078=CARTESIAN_POINT('Ctrl Pts',(-4.76979187243581,-12.7926003077951,-4.51670194353063));
#1079=CARTESIAN_POINT('Ctrl Pts',(-3.97523923975034,-12.8346117781417,-5.35561678262371));
#1080=CARTESIAN_POINT('Ctrl Pts',(-2.95411869937459,-12.8766232484883,-5.98031957623124));
#1081=CARTESIAN_POINT('Ctrl Pts',(-1.8451744111765,-12.9186347188349,-6.30495035318871));
#1082=CARTESIAN_POINT('Ctrl Pts',(-0.736230122978408,-12.9606461891815,
-6.62958113014618));
#1083=CARTESIAN_POINT('Ctrl Pts',(0.460537913042024,-13.0026576595281,-6.6541398904536));
#1084=CARTESIAN_POINT('Ctrl Pts',(1.58209441971072,-13.0446691298747,-6.37575036593778));
#1085=CARTESIAN_POINT('Ctrl Pts',(2.7036509263794,-13.0866806002213,-6.09736084142196));
#1086=CARTESIAN_POINT('Ctrl Pts',(3.74999590369633,-13.1286920705678,-5.5160230320829));
#1087=CARTESIAN_POINT('Ctrl Pts',(4.57858679787597,-13.1707035409144,-4.71078389338935));
#1088=CARTESIAN_POINT('Ctrl Pts',(5.40717769205562,-13.212715011261,-3.90554475469579));
#1089=CARTESIAN_POINT('Ctrl Pts',(6.01801450309796,-13.2547264816076,-2.87640428664775));
#1090=CARTESIAN_POINT('Ctrl Pts',(6.32808379450615,-13.2967379519542,-1.76306166990727));
#1091=CARTESIAN_POINT('Ctrl Pts',(6.63815308591433,-13.3387494223008,-0.649719053166811));
#1092=CARTESIAN_POINT('Ctrl Pts',(6.64745485768836,-13.3807608926474,0.547825712266076));
#1093=CARTESIAN_POINT('Ctrl Pts',(6.35482377939147,-13.422772362994,1.66509211261424));
#1094=CARTESIAN_POINT('Ctrl Pts',(6.1353504706688,-13.4542809657539,2.50304191287538));
#1095=CARTESIAN_POINT('Ctrl Pts',(5.74603993378122,-13.4857895685139,3.29583513277636));
#1096=CARTESIAN_POINT('Ctrl Pts',(5.21998182830745,-13.5172981712738,3.98551683197178));
#1097=CARTESIAN_POINT('Ctrl Pts',(4.69392372283369,-13.5488067740337,4.67519853116721));
#1098=CARTESIAN_POINT('Ctrl Pts',(4.03111804877373,-13.5803153767937,5.26176870965707));
#1099=CARTESIAN_POINT('Ctrl Pts',(3.27983328111236,-13.6118239795536,5.69296138020814));
#1100=CARTESIAN_POINT('Ctrl Pts',(1.77726374578966,-13.6748411850735,6.55534672131028));
#1101=CARTESIAN_POINT('Ctrl Pts',(-0.0792221639386551,-13.7378583905934,
6.7962220306573));
#1102=CARTESIAN_POINT('Ctrl Pts',(-1.74707746143311,-13.8008755961133,6.33649347070242));
#1103=CARTESIAN_POINT('Ctrl Pts',(-3.41493275892759,-13.8638928016332,5.87676491074753));
#1104=CARTESIAN_POINT('Ctrl Pts',(-4.8941574441882,-13.9269100071531,4.71643248149073));
#1105=CARTESIAN_POINT('Ctrl Pts',(-5.73817468424784,-13.989927212673,3.20580696369826));
#1106=CARTESIAN_POINT('Ctrl Pts',(-6.28139290493602,-14.0304857375828,2.23355276443168));
#1107=CARTESIAN_POINT('Ctrl Pts',(-6.56148643550372,-14.0710442624926,1.11619516458526));
#1108=CARTESIAN_POINT('Ctrl Pts',(-6.56418756933387,-14.1116027874023,-0.000405155801289271));
#1109=CARTESIAN_POINT('Origin',(0.,-7.,0.));
#1110=CARTESIAN_POINT('',(2.65,-7.45,3.24531401774049E-16));
#1111=CARTESIAN_POINT('Origin',(0.,-7.45,0.));
#1112=CARTESIAN_POINT('',(2.65,-20.,-3.24531401774049E-16));
#1113=CARTESIAN_POINT('',(2.65,-7.,3.24531401774049E-16));
#1114=CARTESIAN_POINT('Origin',(0.,-20.,0.));
#1115=CARTESIAN_POINT('Origin',(0.,-7.,0.));
#1116=CARTESIAN_POINT('',(6.075,-7.,-7.43972930482017E-16));
#1117=CARTESIAN_POINT('Origin',(0.,-7.,0.));
#1118=CARTESIAN_POINT('',(6.075,-7.45,-7.43972930482017E-16));
#1119=CARTESIAN_POINT('',(6.075,-7.,7.43972930482017E-16));
#1120=CARTESIAN_POINT('Origin',(0.,-7.45,0.));
#1121=CARTESIAN_POINT('Origin',(0.,-7.45,0.));
#1122=CARTESIAN_POINT('Ctrl Pts',(1.48423996362227,-7.37313293839372,6.95444531512222));
#1123=CARTESIAN_POINT('Ctrl Pts',(2.9386193474551,-7.3731311752781,6.55451508803298));
#1124=CARTESIAN_POINT('Ctrl Pts',(5.14099204503857,-7.37312802150997,5.0854083953637));
#1125=CARTESIAN_POINT('Ctrl Pts',(6.65035122014578,-7.3731229735675,1.7996182117389));
#1126=CARTESIAN_POINT('Ctrl Pts',(6.60459016610023,-7.37311974786319,-0.265060237591194));
#1127=CARTESIAN_POINT('Ctrl Pts',(6.34898367775935,-7.37311803331743,-1.23923929194327));
#1128=CARTESIAN_POINT('Ctrl Pts',(1.49568245301391,-7.34817540908942,6.99605654621547));
#1129=CARTESIAN_POINT('Ctrl Pts',(2.95891434310907,-7.34817304431859,6.59369125400662));
#1130=CARTESIAN_POINT('Ctrl Pts',(5.17496613360901,-7.34816885658215,5.11558509246185));
#1131=CARTESIAN_POINT('Ctrl Pts',(6.69406824240816,-7.34816209255856,1.80876949327029));
#1132=CARTESIAN_POINT('Ctrl Pts',(6.64803841818395,-7.34815779976934,-0.269491690406083));
#1133=CARTESIAN_POINT('Ctrl Pts',(6.39072054240303,-7.34815550044238,-1.25019040123056));
#1134=CARTESIAN_POINT('Ctrl Pts',(1.51330542927901,-7.26455924550706,7.0601434518545));
#1135=CARTESIAN_POINT('Ctrl Pts',(2.99015805630469,-7.26455652842514,6.65403081263021));
#1136=CARTESIAN_POINT('Ctrl Pts',(5.22729159725163,-7.26455166626824,5.16204150718528));
#1137=CARTESIAN_POINT('Ctrl Pts',(6.76138275277489,-7.26454388771878,1.82286717124936));
#1138=CARTESIAN_POINT('Ctrl Pts',(6.71494717224254,-7.26453891597923,-0.276326021374003));
#1139=CARTESIAN_POINT('Ctrl Pts',(6.45499567193874,-7.2645362744018,-1.26705520346257));
#1140=CARTESIAN_POINT('Ctrl Pts',(1.51016575495151,-7.1045315000325,7.04872585647578));
#1141=CARTESIAN_POINT('Ctrl Pts',(2.98456948164552,-7.10453012482284,6.64328505606854));
#1142=CARTESIAN_POINT('Ctrl Pts',(5.21796922758373,-7.1045276886702,5.1537303622151));
#1143=CARTESIAN_POINT('Ctrl Pts',(6.74935996754685,-7.10452375534972,1.82036010707156));
#1144=CARTESIAN_POINT('Ctrl Pts',(6.70300871820115,-7.10452125858849,-0.275123314653226));
#1145=CARTESIAN_POINT('Ctrl Pts',(6.44352951654516,-7.10451992167517,-1.2640466612088));
#1146=CARTESIAN_POINT('Ctrl Pts',(1.4841648466895,-7.01379378601379,6.95417214833646));
#1147=CARTESIAN_POINT('Ctrl Pts',(2.93848845161036,-7.01379360680722,6.55425339567204));
#1148=CARTESIAN_POINT('Ctrl Pts',(5.14076161039372,-7.01379327005025,5.08520592745135));
#1149=CARTESIAN_POINT('Ctrl Pts',(6.65004620899753,-7.01379275471914,1.79955104002246));
#1150=CARTESIAN_POINT('Ctrl Pts',(6.6042773513968,-7.01379241415731,-0.265026375802286));
#1151=CARTESIAN_POINT('Ctrl Pts',(6.34867919603742,-7.01379223994113,-1.23915940063756));
#1152=CARTESIAN_POINT('Ctrl Pts',(1.4643015799269,-7.,6.88193830522458));
#1153=CARTESIAN_POINT('Ctrl Pts',(2.90326582479369,-6.99999999487831,6.48624368557834));
#1154=CARTESIAN_POINT('Ctrl Pts',(5.08178261885899,-7.0000000081293,5.03283094353482));
#1155=CARTESIAN_POINT('Ctrl Pts',(6.57415996657722,-6.99999999668766,1.78366115006679));
#1156=CARTESIAN_POINT('Ctrl Pts',(6.5288503983443,-7.00000000497836,-0.257327269443764));
#1157=CARTESIAN_POINT('Ctrl Pts',(6.27622105855816,-7.,-1.22014750338406));
#1158=CARTESIAN_POINT('Ctrl Pts',(1.45769250282245,-7.,6.8579040391402));
#1159=CARTESIAN_POINT('Ctrl Pts',(2.89155885428976,-7.,6.46361143868975));
#1160=CARTESIAN_POINT('Ctrl Pts',(5.06215674516005,-7.,5.01542173825805));
#1161=CARTESIAN_POINT('Ctrl Pts',(6.54892189724351,-7.,1.77836979319187));
#1162=CARTESIAN_POINT('Ctrl Pts',(6.50375612106019,-7.,-0.254756274584769));
#1163=CARTESIAN_POINT('Ctrl Pts',(6.25211215214103,-7.,-1.21382169833798));
#1164=CARTESIAN_POINT('',(1.45769250282245,-7.,6.8579040391402));
#1165=CARTESIAN_POINT('',(1.48423996362227,-7.37313293839372,6.95444531512222));
#1166=CARTESIAN_POINT('Origin',(1.45769250282245,-7.2,6.8579040391402));
#1167=CARTESIAN_POINT('Ctrl Pts',(1.48423996362227,-7.37313293839372,6.95444531512222));
#1168=CARTESIAN_POINT('Ctrl Pts',(2.9386193474551,-7.3731311752781,6.55451508803298));
#1169=CARTESIAN_POINT('Ctrl Pts',(5.14099204503857,-7.37312802150997,5.0854083953637));
#1170=CARTESIAN_POINT('Ctrl Pts',(6.42554835611068,-7.3731237254044,2.28900142554209));
#1171=CARTESIAN_POINT('Ctrl Pts',(6.5667425877776,-7.37312140620527,0.798521180676613));
#1172=CARTESIAN_POINT('Ctrl Pts',(6.55979594736655,-7.37312063405168,0.316792126630062));
#1173=CARTESIAN_POINT('Ctrl Pts',(6.29199236880885,-7.,1.88384203833051));
#1174=CARTESIAN_POINT('Ctrl Pts',(6.07939293718594,-7.,2.79922617843597));
#1175=CARTESIAN_POINT('Ctrl Pts',(5.01692717328089,-7.,5.04559821655734));
#1176=CARTESIAN_POINT('Ctrl Pts',(2.89155885428976,-7.,6.46361143868975));
#1177=CARTESIAN_POINT('Ctrl Pts',(1.45769250282245,-7.,6.8579040391402));
#1178=CARTESIAN_POINT('Ctrl Pts',(-5.86475036478208,-7.02687936691518,2.95791118211627));
#1179=CARTESIAN_POINT('Ctrl Pts',(-5.19066501497092,-7.0268766212698,4.533539628119));
#1180=CARTESIAN_POINT('Ctrl Pts',(-2.89096265252921,-7.02687228297496,6.78045780011021));
#1181=CARTESIAN_POINT('Ctrl Pts',(0.203428138521458,-7.02686856222558,7.14941528025298));
#1182=CARTESIAN_POINT('Ctrl Pts',(1.4727070651081,-7.02686706160628,6.95689670837648));
#1183=CARTESIAN_POINT('Ctrl Pts',(-5.83692581064874,-7.009372400956,2.94600737274368));
#1184=CARTESIAN_POINT('Ctrl Pts',(-5.16595200024996,-7.00937140898445,4.51436554546654));
#1185=CARTESIAN_POINT('Ctrl Pts',(-2.87669067055993,-7.00936981662669,6.75125115336705));
#1186=CARTESIAN_POINT('Ctrl Pts',(0.204298158058315,-7.00936845828364,7.11867763461669));
#1187=CARTESIAN_POINT('Ctrl Pts',(1.46816947296037,-7.0093679161465,6.92697986164682));
#1188=CARTESIAN_POINT('Ctrl Pts',(-5.80482111033981,-7.,2.9322724452904));
#1189=CARTESIAN_POINT('Ctrl Pts',(-5.13743994339109,-7.00000000903124,4.49223761555419));
#1190=CARTESIAN_POINT('Ctrl Pts',(-2.86022208282755,-6.99999999743715,6.71755240588382));
#1191=CARTESIAN_POINT('Ctrl Pts',(0.205305302022289,-6.99999999506634,7.08321339868444));
#1192=CARTESIAN_POINT('Ctrl Pts',(1.46293424617864,-7.,6.89246343264117));
#1193=CARTESIAN_POINT('Ctrl Pts',(-5.77267641026849,-7.,2.91852040527013));
#1194=CARTESIAN_POINT('Ctrl Pts',(-5.10889301449047,-7.,4.47008062020233));
#1195=CARTESIAN_POINT('Ctrl Pts',(-2.84373229697923,-7.,6.6838114934783));
#1196=CARTESIAN_POINT('Ctrl Pts',(0.206314813354053,-7.,7.04770484364658));
#1197=CARTESIAN_POINT('Ctrl Pts',(1.45769250282254,-7.,6.85790403914018));
#1198=CARTESIAN_POINT('',(1.47270706510809,-7.02686706160628,6.95689670837648));
#1199=CARTESIAN_POINT('Ctrl Pts',(-5.86475036478208,-7.02687936691518,2.95791118211627));
#1200=CARTESIAN_POINT('Ctrl Pts',(-5.19066501497092,-7.0268766212698,4.533539628119));
#1201=CARTESIAN_POINT('Ctrl Pts',(-2.89096265252921,-7.02687228297496,6.78045780011021));
#1202=CARTESIAN_POINT('Ctrl Pts',(0.203428138521458,-7.02686856222558,7.14941528025298));
#1203=CARTESIAN_POINT('Ctrl Pts',(1.4727070651081,-7.02686706160628,6.95689670837648));
#1204=CARTESIAN_POINT('Origin',(1.45769250282254,-7.2,6.85790403914018));
#1205=CARTESIAN_POINT('Ctrl Pts',(1.45839529906606,-7.00005604005756,6.86253765247849));
#1206=CARTESIAN_POINT('Ctrl Pts',(0.206179468107017,-7.00005604269208,7.05246571644684));
#1207=CARTESIAN_POINT('Ctrl Pts',(-2.30171393491714,-7.0000560495945,6.7532640769067));
#1208=CARTESIAN_POINT('Ctrl Pts',(-4.27936444456489,-7.00005605820093,5.20421601527317));
#1209=CARTESIAN_POINT('Ctrl Pts',(-4.98218841684875,-7.00005606197708,4.2804574986587));
#1210=CARTESIAN_POINT('Origin',(1.45769250282255,-7.2,6.85790403914017));
#1211=CARTESIAN_POINT('Origin',(1.45769250282255,-7.2,6.85790403914017));
#1212=CARTESIAN_POINT('Ctrl Pts',(-2.07382288513791,-15.3132885286341,6.23247896447212));
#1213=CARTESIAN_POINT('Ctrl Pts',(-0.839951664513184,-15.2660256244942,
6.64304278494084));
#1214=CARTESIAN_POINT('Ctrl Pts',(1.87588633369796,-15.1714998162144,6.71033285139384));
#1215=CARTESIAN_POINT('Ctrl Pts',(5.31037577064953,-15.0297111037946,4.5104416909911));
#1216=CARTESIAN_POINT('Ctrl Pts',(6.92508162451554,-14.8879223913749,0.766692538624994));
#1217=CARTESIAN_POINT('Ctrl Pts',(6.167765090876,-14.7461336789551,-3.24013966446733));
#1218=CARTESIAN_POINT('Ctrl Pts',(3.29947511662563,-14.6043449665354,-6.13691801135362));
#1219=CARTESIAN_POINT('Ctrl Pts',(-0.702316794255113,-14.4625562541157,
-6.93211811159911));
#1220=CARTESIAN_POINT('Ctrl Pts',(-4.45646767503037,-14.3207675416959,-5.35267869013345));
#1221=CARTESIAN_POINT('Ctrl Pts',(-6.94760906523038,-14.1632245278962,-1.56142611515051));
#1222=CARTESIAN_POINT('Ctrl Pts',(-6.37338212937564,-13.9899272127165,3.55610005219305));
#1223=CARTESIAN_POINT('Ctrl Pts',(-1.93570807364483,-13.8008755961569,7.03709733992349));
#1224=CARTESIAN_POINT('Ctrl Pts',(2.7055067006227,-13.6433325823571,6.43490906656291));
#1225=CARTESIAN_POINT('Ctrl Pts',(5.35672939683209,-13.5172981713173,4.08862835263045));
#1226=CARTESIAN_POINT('Ctrl Pts',(6.65443118644246,-13.4122694954509,1.44598428632423));
#1227=CARTESIAN_POINT('Ctrl Pts',(6.62885131406419,-13.2967379519978,-1.84726381857842));
#1228=CARTESIAN_POINT('Ctrl Pts',(4.79634088095828,-13.170703540958,-4.9346852226871));
#1229=CARTESIAN_POINT('Ctrl Pts',(1.65730594904351,-13.0446691299182,-6.67869865068432));
#1230=CARTESIAN_POINT('Ctrl Pts',(-1.93299815897658,-12.9186347188784,-6.60502236976294));
#1231=CARTESIAN_POINT('Ctrl Pts',(-4.99635978006868,-12.7926003078387,-4.73091398896191));
#1232=CARTESIAN_POINT('Ctrl Pts',(-6.70031395503476,-12.6665658967989,-1.57153333526223));
#1233=CARTESIAN_POINT('Ctrl Pts',(-6.57881346003258,-12.5405314857591,2.0203523166945));
#1234=CARTESIAN_POINT('Ctrl Pts',(-4.6660189271098,-12.4144970747193,5.05409501379317));
#1235=CARTESIAN_POINT('Ctrl Pts',(-0.95311809354504,-12.2674569285063,7.00668755118449));
#1236=CARTESIAN_POINT('Ctrl Pts',(3.96341822445582,-12.0994110471199,6.12777357388553));
#1237=CARTESIAN_POINT('Ctrl Pts',(7.14574509575483,-11.9103594305602,1.47750884876859));
#1238=CARTESIAN_POINT('Ctrl Pts',(6.07057172926222,-11.7213078140005,-4.04328750539365));
#1239=CARTESIAN_POINT('Ctrl Pts',(1.38851321263754,-11.5322561974409,-7.16480483579852));
#1240=CARTESIAN_POINT('Ctrl Pts',(-4.12595982797678,-11.3432045808812,-6.0176691873631));
#1241=CARTESIAN_POINT('Ctrl Pts',(-6.83371728612232,-11.1751586994949,-1.82037344671706));
#1242=CARTESIAN_POINT('Ctrl Pts',(-6.46119664531246,-11.0281185532818,2.36026224350649));
#1243=CARTESIAN_POINT('Ctrl Pts',(-4.39882433262929,-10.9020841422421,5.28969661418855));
#1244=CARTESIAN_POINT('Ctrl Pts',(-0.586669313902318,-10.755043996029,7.04606242295748));
#1245=CARTESIAN_POINT('Ctrl Pts',(4.27624194447724,-10.5869981146426,5.91539225848979));
#1246=CARTESIAN_POINT('Ctrl Pts',(7.21321278324311,-10.3979464980829,1.10223041643916));
#1247=CARTESIAN_POINT('Ctrl Pts',(5.96364281617242,-10.2246491829033,-3.89466614392055));
#1248=CARTESIAN_POINT('Ctrl Pts',(2.30134314678332,-10.0671061691035,-6.57297778630485));
#1249=CARTESIAN_POINT('Ctrl Pts',(-1.7671134773301,-9.92531745668378,-6.74004608044713));
#1250=CARTESIAN_POINT('Ctrl Pts',(-5.23820561975222,-9.78352874426405,-4.59440965289247));
#1251=CARTESIAN_POINT('Ctrl Pts',(-6.91162486029403,-9.64174003184429,-0.877642103254551));
#1252=CARTESIAN_POINT('Ctrl Pts',(-6.21892654662214,-9.49995131942455,3.14149920025625));
#1253=CARTESIAN_POINT('Ctrl Pts',(-3.39715884720492,-9.3581626070048,6.08268442809285));
#1254=CARTESIAN_POINT('Ctrl Pts',(0.591506392650405,-9.21637389458506,6.94382369463841));
#1255=CARTESIAN_POINT('Ctrl Pts',(3.5296895466232,-9.10609378492526,5.75853113923697));
#1256=CARTESIAN_POINT('Ctrl Pts',(5.70400362037886,-8.99581367526545,3.61958483828759));
#1257=CARTESIAN_POINT('Ctrl Pts',(6.75739286178391,-8.90128786698562,1.1142476161033));
#1258=CARTESIAN_POINT('Ctrl Pts',(6.44615230226961,-8.79100775732582,-1.96164521176261));
#1259=CARTESIAN_POINT('Ctrl Pts',(4.78129604952594,-8.66497334628604,-5.08859643589493));
#1260=CARTESIAN_POINT('Ctrl Pts',(1.05615915287696,-8.52318463386629,-7.04468890272582));
#1261=CARTESIAN_POINT('Ctrl Pts',(-3.38368961827095,-8.36564162006658,-6.08775469261328));
#1262=CARTESIAN_POINT('Ctrl Pts',(-6.20994923486789,-8.22385290764683,-3.15871346008532));
#1263=CARTESIAN_POINT('Ctrl Pts',(-6.91468885537388,-8.08206419522709,0.86091783482676));
#1264=CARTESIAN_POINT('Ctrl Pts',(-5.24858889713614,-7.94027548280735,4.58137171635741));
#1265=CARTESIAN_POINT('Ctrl Pts',(-1.78591371585295,-7.79848677038759,6.73470649897137));
#1266=CARTESIAN_POINT('Ctrl Pts',(2.28845802300747,-7.65669805796785,6.58080176643465));
#1267=CARTESIAN_POINT('Ctrl Pts',(5.58007714704543,-7.51490934554811,4.1725398429623));
#1268=CARTESIAN_POINT('Ctrl Pts',(6.49809309846944,-7.42038353726828,1.61564919611184));
#1269=CARTESIAN_POINT('Ctrl Pts',(6.56080692060945,-7.37312063312836,0.316777448680073));
#1270=CARTESIAN_POINT('Ctrl Pts',(-2.13076629052457,-15.2088587638076,6.40415382158235));
#1271=CARTESIAN_POINT('Ctrl Pts',(-0.862907845269583,-15.1615958596676,
6.82599097960602));
#1272=CARTESIAN_POINT('Ctrl Pts',(1.92771664186812,-15.0670700513878,6.89506318275485));
#1273=CARTESIAN_POINT('Ctrl Pts',(5.4567226287736,-14.9252813389681,4.63450514267424));
#1274=CARTESIAN_POINT('Ctrl Pts',(7.11579427678912,-14.7834926265483,0.787624065219028));
#1275=CARTESIAN_POINT('Ctrl Pts',(6.33751943115488,-14.6417039141286,-3.32952262157429));
#1276=CARTESIAN_POINT('Ctrl Pts',(3.39017121355579,-14.4999152017088,-6.30599340182971));
#1277=CARTESIAN_POINT('Ctrl Pts',(-0.721836859519504,-14.3581264892891,
-7.12298623077225));
#1278=CARTESIAN_POINT('Ctrl Pts',(-4.57932282868532,-14.2163377768693,-5.49995667876488));
#1279=CARTESIAN_POINT('Ctrl Pts',(-7.13896276165231,-14.0587947630696,-1.60424125377738));
#1280=CARTESIAN_POINT('Ctrl Pts',(-6.5487902116342,-13.8854974478899,3.65418881955844));
#1281=CARTESIAN_POINT('Ctrl Pts',(-1.98882730300828,-13.6964458313303,7.23092498901944));
#1282=CARTESIAN_POINT('Ctrl Pts',(2.78017468854092,-13.5389028175306,6.61203355894237));
#1283=CARTESIAN_POINT('Ctrl Pts',(5.5043416774336,-13.4128684064908,4.2010753232722));
#1284=CARTESIAN_POINT('Ctrl Pts',(6.83770877395307,-13.3078397306243,1.48562820083716));
#1285=CARTESIAN_POINT('Ctrl Pts',(6.8113386743188,-13.1923081871712,-1.89830383803411));
#1286=CARTESIAN_POINT('Ctrl Pts',(4.92828679531235,-13.0662737761314,-5.07069432242415));
#1287=CARTESIAN_POINT('Ctrl Pts',(1.70276829446872,-12.9402393650916,-6.86264998869725));
#1288=CARTESIAN_POINT('Ctrl Pts',(-1.9863983825038,-12.8142049540518,-6.78685132871089));
#1289=CARTESIAN_POINT('Ctrl Pts',(-5.13406547721009,-12.6881705430121,-4.86105666615197));
#1290=CARTESIAN_POINT('Ctrl Pts',(-6.8848582674436,-12.5621361319723,-1.61463323812657));
#1291=CARTESIAN_POINT('Ctrl Pts',(-6.75991843974021,-12.4361017209325,2.07615728712579));
#1292=CARTESIAN_POINT('Ctrl Pts',(-4.79437311511151,-12.3100673098928,5.19338884674045));
#1293=CARTESIAN_POINT('Ctrl Pts',(-0.979181004617623,-12.1630271636797,
7.19965220671386));
#1294=CARTESIAN_POINT('Ctrl Pts',(4.07271671557083,-11.9949812822933,6.29640783267008));
#1295=CARTESIAN_POINT('Ctrl Pts',(7.34255258190437,-11.8059296657336,1.51800803295664));
#1296=CARTESIAN_POINT('Ctrl Pts',(6.23762876618864,-11.616878049174,-4.15478382787232));
#1297=CARTESIAN_POINT('Ctrl Pts',(1.42656126974918,-11.4278264326143,-7.36213484064393));
#1298=CARTESIAN_POINT('Ctrl Pts',(-4.23973127985878,-11.2387748160547,-6.18326731750721));
#1299=CARTESIAN_POINT('Ctrl Pts',(-7.02194154858445,-11.0707289346683,-1.87032206324165));
#1300=CARTESIAN_POINT('Ctrl Pts',(-6.63905400647978,-10.9236887884552,2.42542408525099));
#1301=CARTESIAN_POINT('Ctrl Pts',(-4.51981476906534,-10.7976543774155,5.43547113087079));
#1302=CARTESIAN_POINT('Ctrl Pts',(-0.602640473407781,-10.6506142312024,
7.24010177310638));
#1303=CARTESIAN_POINT('Ctrl Pts',(4.39414897657409,-10.482568349816,6.07817011988036));
#1304=CARTESIAN_POINT('Ctrl Pts',(7.41186831228562,-10.2935167332564,1.13239397869422));
#1305=CARTESIAN_POINT('Ctrl Pts',(6.12775927713465,-10.1202194180767,-4.00206716331902));
#1306=CARTESIAN_POINT('Ctrl Pts',(2.36454279309276,-9.96267640427696,-6.75403472775123));
#1307=CARTESIAN_POINT('Ctrl Pts',(-1.81594933359592,-9.82088769185721,-6.92559744725627));
#1308=CARTESIAN_POINT('Ctrl Pts',(-5.38256735181931,-9.67909897943746,-4.72078717105982));
#1309=CARTESIAN_POINT('Ctrl Pts',(-7.10196985223813,-9.53731026701772,-0.901629146099583));
#1310=CARTESIAN_POINT('Ctrl Pts',(-6.39009226673459,-9.39552155459797,3.22816727584812));
#1311=CARTESIAN_POINT('Ctrl Pts',(-3.49054622828152,-9.25373284217822,6.25026896041934));
#1312=CARTESIAN_POINT('Ctrl Pts',(0.607975430281835,-9.11194412975847,7.13501703379834));
#1313=CARTESIAN_POINT('Ctrl Pts',(3.62703503233314,-9.00166402009868,5.91700905112463));
#1314=CARTESIAN_POINT('Ctrl Pts',(5.86116639892461,-8.89138391043887,3.71910692911809));
#1315=CARTESIAN_POINT('Ctrl Pts',(6.94349700839527,-8.79685810215904,1.1447539722616));
#1316=CARTESIAN_POINT('Ctrl Pts',(6.62360578515038,-8.68657799249924,-2.01583013426302));
#1317=CARTESIAN_POINT('Ctrl Pts',(4.91282366965169,-8.56054358145946,-5.22884332349769));
#1318=CARTESIAN_POINT('Ctrl Pts',(1.08505846558101,-8.41875486903972,-7.23870266876545));
#1319=CARTESIAN_POINT('Ctrl Pts',(-3.47702335626776,-8.26121185523999,-6.25530208293741));
#1320=CARTESIAN_POINT('Ctrl Pts',(-6.38103198198453,-8.11942314282025,-3.24553156665456));
#1321=CARTESIAN_POINT('Ctrl Pts',(-7.10507289906296,-7.9776344304005,0.884804766841199));
#1322=CARTESIAN_POINT('Ctrl Pts',(-5.39299735899661,-7.83584571798076,4.7076635796365));
#1323=CARTESIAN_POINT('Ctrl Pts',(-1.83491601199584,-7.69405700556102,6.92020345081908));
#1324=CARTESIAN_POINT('Ctrl Pts',(2.35164574358721,-7.55226829314126,6.76195450839708));
#1325=CARTESIAN_POINT('Ctrl Pts',(5.73384183606087,-7.41047958072153,4.28729162196894));
#1326=CARTESIAN_POINT('Ctrl Pts',(6.67707010004105,-7.3159537724417,1.65996916744933));
#1327=CARTESIAN_POINT('Ctrl Pts',(6.74147698606946,-7.26869086830178,0.325329374049619));
#1328=CARTESIAN_POINT('Ctrl Pts',(-2.18771633199232,-15.1044292796931,6.57582664485529));
#1329=CARTESIAN_POINT('Ctrl Pts',(-0.885871064258058,-15.0571663755532,
7.00893845249666));
#1330=CARTESIAN_POINT('Ctrl Pts',(1.97953990856416,-14.9626405672734,7.07979566571258));
#1331=CARTESIAN_POINT('Ctrl Pts',(5.60306485605708,-14.8208518548536,4.75857431705107));
#1332=CARTESIAN_POINT('Ctrl Pts',(7.30650629345305,-14.6790631424339,0.80856292670697));
#1333=CARTESIAN_POINT('Ctrl Pts',(6.50727734947158,-14.5372744300141,-3.41889914502995));
#1334=CARTESIAN_POINT('Ctrl Pts',(3.48087387629627,-14.3954857175944,-6.47506546131933));
#1335=CARTESIAN_POINT('Ctrl Pts',(-0.741349619671592,-14.2536970051746,
-7.31385526639765));
#1336=CARTESIAN_POINT('Ctrl Pts',(-4.70217244023011,-14.1119082927549,-5.64723950972923));
#1337=CARTESIAN_POINT('Ctrl Pts',(-7.33031498345702,-13.9543652789551,-1.6470637708928));
#1338=CARTESIAN_POINT('Ctrl Pts',(-6.72420221081469,-13.7810679637755,3.75227094403536));
#1339=CARTESIAN_POINT('Ctrl Pts',(-2.04195401494819,-13.5920163472158,7.42475077018261));
#1340=CARTESIAN_POINT('Ctrl Pts',(2.85483594745471,-13.4344733334161,6.78916107191743));
#1341=CARTESIAN_POINT('Ctrl Pts',(5.65194977349762,-13.3084389223763,4.31352805517202));
#1342=CARTESIAN_POINT('Ctrl Pts',(7.02098500178899,-13.2034102465098,1.52527918123565));
#1343=CARTESIAN_POINT('Ctrl Pts',(6.99382815285692,-13.0878787030567,-1.94933690153857));
#1344=CARTESIAN_POINT('Ctrl Pts',(5.06023804284411,-12.9618442920169,-5.20669847965029));
#1345=CARTESIAN_POINT('Ctrl Pts',(1.7482377369797,-12.8358098809772,-7.04659974409999));
#1346=CARTESIAN_POINT('Ctrl Pts',(-2.03979167779919,-12.7097754699374,-6.96868249608214));
#1347=CARTESIAN_POINT('Ctrl Pts',(-5.27176630242429,-12.5837410588976,-4.99120474041952));
#1348=CARTESIAN_POINT('Ctrl Pts',(-7.06940108843774,-12.4577066478578,-1.65774025831444));
#1349=CARTESIAN_POINT('Ctrl Pts',(-6.94102571938395,-12.3316722368181,2.13195535881901));
#1350=CARTESIAN_POINT('Ctrl Pts',(-4.92273275937579,-12.2056378257783,5.33267787788146));
#1351=CARTESIAN_POINT('Ctrl Pts',(-1.00525134122789,-12.0585976795652,7.39261603158055));
#1352=CARTESIAN_POINT('Ctrl Pts',(4.18200883338905,-11.8905517981788,6.4650464326517));
#1353=CARTESIAN_POINT('Ctrl Pts',(7.53935868710922,-11.7015001816192,1.55851480264006));
#1354=CARTESIAN_POINT('Ctrl Pts',(6.40469022722125,-11.5124485650595,-4.26627383926202));
#1355=CARTESIAN_POINT('Ctrl Pts',(1.46461693013646,-11.3233969484999,-7.55946355943009));
#1356=CARTESIAN_POINT('Ctrl Pts',(-4.35349647844353,-11.1343453319402,-6.34886995742034));
#1357=CARTESIAN_POINT('Ctrl Pts',(-7.21016406057655,-10.9662994505538,-1.92027794448145));
#1358=CARTESIAN_POINT('Ctrl Pts',(-6.8169140235443,-10.8192593043408,2.49057916114734));
#1359=CARTESIAN_POINT('Ctrl Pts',(-4.64081090395732,-10.693224893301,5.58124113388502));
#1360=CARTESIAN_POINT('Ctrl Pts',(-0.618619090894029,-10.5461847470879,
7.43414068070735));
#1361=CARTESIAN_POINT('Ctrl Pts',(4.51204986780699,-10.3781388657016,6.24095264754885));
#1362=CARTESIAN_POINT('Ctrl Pts',(7.61052285854718,-10.1890872491419,1.16256518847488));
#1363=CARTESIAN_POINT('Ctrl Pts',(6.29188000222009,-10.0157899339622,-4.10946198109169));
#1364=CARTESIAN_POINT('Ctrl Pts',(2.4277494408399,-9.85824692016249,-6.93508940363433));
#1365=CARTESIAN_POINT('Ctrl Pts',(-1.8647781145148,-9.71645820774273,-7.11115085043748));
#1366=CARTESIAN_POINT('Ctrl Pts',(-5.52692436242594,-9.574669495323,-4.84717033831641));
#1367=CARTESIAN_POINT('Ctrl Pts',(-7.29231409104805,-9.43288078290325,-0.925623512123981));
#1368=CARTESIAN_POINT('Ctrl Pts',(-6.56126146203483,-9.2910920704835,3.31482886104564));
#1369=CARTESIAN_POINT('Ctrl Pts',(-3.58394012016753,-9.14930335806375,6.41785005744978));
#1370=CARTESIAN_POINT('Ctrl Pts',(0.624437147267638,-9.00751464564401,7.32621117224208));
#1371=CARTESIAN_POINT('Ctrl Pts',(3.7243745245679,-8.89723453598421,6.07549083725398));
#1372=CARTESIAN_POINT('Ctrl Pts',(6.01832549689671,-8.78695442632441,3.81863513615879));
#1373=CARTESIAN_POINT('Ctrl Pts',(7.12960014819734,-8.69242861804457,1.17526749481724));
#1374=CARTESIAN_POINT('Ctrl Pts',(6.80106150283355,-8.58214850838478,-2.07000829696676));
#1375=CARTESIAN_POINT('Ctrl Pts',(5.04435678495725,-8.45611409734499,-5.36908528787953));
#1376=CARTESIAN_POINT('Ctrl Pts',(1.11396524679743,-8.31432538492524,-7.43271549687366));
#1377=CARTESIAN_POINT('Ctrl Pts',(-3.57035074872762,-8.15678237112554,-6.42285320074299));
#1378=CARTESIAN_POINT('Ctrl Pts',(-6.55211154863667,-8.01499365870578,-3.33235631272939));
#1379=CARTESIAN_POINT('Ctrl Pts',(-7.29545802635104,-7.87320494628604,0.908684416196928));
#1380=CARTESIAN_POINT('Ctrl Pts',(-5.53741079240696,-7.73141623386629,4.83395001387225));
#1381=CARTESIAN_POINT('Ctrl Pts',(-1.88392546759606,-7.58962752144656,7.10569868563958));
#1382=CARTESIAN_POINT('Ctrl Pts',(2.41482657062446,-7.44783880902679,6.94310983350057));
#1383=CARTESIAN_POINT('Ctrl Pts',(5.88760225679422,-7.30605009660707,4.40204940045601));
#1384=CARTESIAN_POINT('Ctrl Pts',(6.85604556025021,-7.21152428832723,1.7042960439395));
#1385=CARTESIAN_POINT('Ctrl Pts',(6.92214688206704,-7.16426138418731,0.333888238104118));
#1386=CARTESIAN_POINT('Ctrl Pts',(-2.24467160642397,-15.,6.74749785401618));
#1387=CARTESIAN_POINT('Ctrl Pts',(-0.908839835349091,-14.9527370958601,
7.19188534584859));
#1388=CARTESIAN_POINT('Ctrl Pts',(2.03135761649997,-14.8582112875802,7.26452983632056));
#1389=CARTESIAN_POINT('Ctrl Pts',(5.74940342150451,-14.7164225751605,4.88264800001897));
#1390=CARTESIAN_POINT('Ctrl Pts',(7.49721779820948,-14.5746338627408,0.82950757450788));
#1391=CARTESIAN_POINT('Ctrl Pts',(6.67703808171594,-14.432845150321,-3.50827058728397));
#1392=CARTESIAN_POINT('Ctrl Pts',(3.57158171470862,-14.2910564379013,-6.64413488334975));
#1393=CARTESIAN_POINT('Ctrl Pts',(-0.760856614814662,-14.1492677254815,
-7.50472501473276));
#1394=CARTESIAN_POINT('Ctrl Pts',(-4.82501767219727,-14.0074790130618,-5.79452615340864));
#1395=CARTESIAN_POINT('Ctrl Pts',(-7.52166603131614,-13.8499359992621,-1.68989210751768));
#1396=CARTESIAN_POINT('Ctrl Pts',(-6.89961729100178,-13.6766386840824,3.85034782174276));
#1397=CARTESIAN_POINT('Ctrl Pts',(-2.09508662796976,-13.4875870675227,7.61857506692));
#1398=CARTESIAN_POINT('Ctrl Pts',(2.92949189293818,-13.330044053723,6.96629095860516));
#1399=CARTESIAN_POINT('Ctrl Pts',(5.79955455978414,-13.2040096426832,4.42598532673257));
#1400=CARTESIAN_POINT('Ctrl Pts',(7.20426014682767,-13.0989809668167,1.56493573466417));
#1401=CARTESIAN_POINT('Ctrl Pts',(7.17631929284075,-12.9834494233636,-2.00036447381405));
#1402=CARTESIAN_POINT('Ctrl Pts',(5.19219349120394,-12.8574150123238,-5.3426987296783));
#1403=CARTESIAN_POINT('Ctrl Pts',(1.79371277683116,-12.7313806012841,-7.23054824075308));
#1404=CARTESIAN_POINT('Ctrl Pts',(-2.09317950362406,-12.6053461902443,-7.15051539606541));
#1405=CARTESIAN_POINT('Ctrl Pts',(-5.40946327603669,-12.4793117792045,-5.12135706604827));
#1406=CARTESIAN_POINT('Ctrl Pts',(-7.25394272260811,-12.3532773681647,-1.70085289192197));
#1407=CARTESIAN_POINT('Ctrl Pts',(-7.1221348038807,-12.227242957125,2.18774798416632));
#1408=CARTESIAN_POINT('Ctrl Pts',(-5.05109670179062,-12.1012085460852,5.47196311266647));
#1409=CARTESIAN_POINT('Ctrl Pts',(-1.03132753538155,-11.9541683998721,7.58557919050773));
#1410=CARTESIAN_POINT('Ctrl Pts',(4.29129591653781,-11.7861225184857,6.63368844878176));
#1411=CARTESIAN_POINT('Ctrl Pts',(7.73616369198345,-11.5970709019261,1.5990275552861));
#1412=CARTESIAN_POINT('Ctrl Pts',(6.57175516990477,-11.4080192853664,-4.37775886493697));
#1413=CARTESIAN_POINT('Ctrl Pts',(1.50267858764492,-11.2189676688068,-7.75679125274077));
#1414=CARTESIAN_POINT('Ctrl Pts',(-4.46725673678228,-11.0299160522471,-6.51447614664037));
#1415=CARTESIAN_POINT('Ctrl Pts',(-7.39838518116034,-10.8618701708607,-1.970239555073));
#1416=CARTESIAN_POINT('Ctrl Pts',(-6.99477612649663,-10.7148300246477,2.55572889504569));
#1417=CARTESIAN_POINT('Ctrl Pts',(-4.76181152850024,-10.5887956136079,5.72700756753772));
#1418=CARTESIAN_POINT('Ctrl Pts',(-0.634603592075107,-10.4417554673948,
7.62817922854487));
#1419=CARTESIAN_POINT('Ctrl Pts',(4.62994590730612,-10.2737095860085,6.40373884818228));
#1420=CARTESIAN_POINT('Ctrl Pts',(7.80917661854146,-10.0846579694488,1.19274243073346));
#1421=CARTESIAN_POINT('Ctrl Pts',(6.45600408287376,-9.91136065426911,-4.2168518997529));
#1422=CARTESIAN_POINT('Ctrl Pts',(2.49096160948466,-9.7538176404694,-7.11614228205757));
#1423=CARTESIAN_POINT('Ctrl Pts',(-1.91360131012158,-9.61202892804964,-7.2967058502653));
#1424=CARTESIAN_POINT('Ctrl Pts',(-5.67127763979815,-9.4702402156299,-4.97355795598303));
#1425=CARTESIAN_POINT('Ctrl Pts',(-7.48265772524129,-9.32845150321015,-0.949623655039844));
#1426=CARTESIAN_POINT('Ctrl Pts',(-6.73243339003644,-9.18666279079041,3.40148532040868));
#1427=CARTESIAN_POINT('Ctrl Pts',(-3.6773391441748,-9.04487407837065,6.58542843480914));
#1428=CARTESIAN_POINT('Ctrl Pts',(0.640893087139463,-8.90308536595093,7.51740593091145));
#1429=CARTESIAN_POINT('Ctrl Pts',(3.82170928250221,-8.79280525629111,6.23397567166552));
#1430=CARTESIAN_POINT('Ctrl Pts',(6.17548168220267,-8.68252514663132,3.9181681636282));
#1431=CARTESIAN_POINT('Ctrl Pts',(7.3157024834626,-8.58799933835148,1.20578667021133));
#1432=CARTESIAN_POINT('Ctrl Pts',(6.97851897418568,-8.47771922869168,-2.12418112305285));
#1433=CARTESIAN_POINT('Ctrl Pts',(5.17589422892913,-8.3516848176519,-5.50932336003356));
#1434=CARTESIAN_POINT('Ctrl Pts',(1.14287791932138,-8.20989610523215,-7.62672757437215));
#1435=CARTESIAN_POINT('Ctrl Pts',(-3.6636731292948,-8.05235309143244,-6.59040725050437));
#1436=CARTESIAN_POINT('Ctrl Pts',(-6.72318859648583,-7.91056437901268,-3.41918629283881));
#1437=CARTESIAN_POINT('Ctrl Pts',(-7.48584399826079,-7.76877566659295,0.932558318024204));
#1438=CARTESIAN_POINT('Ctrl Pts',(-5.68182814064028,-7.6269869541732,4.96023215755487));
#1439=CARTESIAN_POINT('Ctrl Pts',(-1.93294056955573,-7.48519824175346,7.29119255556845));
#1440=CARTESIAN_POINT('Ctrl Pts',(2.47800195503536,-7.3434095293337,7.12426718690958));
#1441=CARTESIAN_POINT('Ctrl Pts',(6.04135930130809,-7.20162081691397,4.51681190644886));
#1442=CARTESIAN_POINT('Ctrl Pts',(7.03501979459948,-7.10709500863413,1.74862836638967));
#1443=CARTESIAN_POINT('Ctrl Pts',(7.10281663451,-7.05983210449422,0.342452576522589));
#1444=CARTESIAN_POINT('',(-2.24467160642396,-15.,6.74749785401618));
#1445=CARTESIAN_POINT('Ctrl Pts',(-2.2446000125225,-14.9995292579812,6.74723205369218));
#1446=CARTESIAN_POINT('Ctrl Pts',(-1.48222346382079,-14.9725751633191,7.00031653240494));
#1447=CARTESIAN_POINT('Ctrl Pts',(0.739652469187689,-14.8981621925415,7.34796010599565));
#1448=CARTESIAN_POINT('Ctrl Pts',(4.34829340049512,-14.7762874751204,6.16869723130122));
#1449=CARTESIAN_POINT('Ctrl Pts',(7.06242227829935,-14.6339126151004,2.66275601803637));
#1450=CARTESIAN_POINT('Ctrl Pts',(7.33840847141853,-14.491533134029,-1.76609951735461));
#1451=CARTESIAN_POINT('Ctrl Pts',(5.08049856321946,-14.3491570712267,-5.57783074992148));
#1452=CARTESIAN_POINT('Ctrl Pts',(0.622894265224127,-14.1909600322415,-7.68985414548823));
#1453=CARTESIAN_POINT('Ctrl Pts',(-4.80342447371081,-14.0169423775383,-6.2853712017236));
#1454=CARTESIAN_POINT('Ctrl Pts',(-7.8480748266449,-13.8271063435139,-0.961596641192044));
#1455=CARTESIAN_POINT('Ctrl Pts',(-6.31975319719462,-13.6530897910087,4.42951811967156));
#1456=CARTESIAN_POINT('Ctrl Pts',(-2.23936954692061,-13.4948918364165,7.20433559166722));
#1457=CARTESIAN_POINT('Ctrl Pts',(2.19193469456967,-13.3525158278165,7.22318607257635));
#1458=CARTESIAN_POINT('Ctrl Pts',(5.86657105091137,-13.2101370502151,4.7438915473536));
#1459=CARTESIAN_POINT('Ctrl Pts',(7.71448237653458,-13.0519407706305,0.17070055503133));
#1460=CARTESIAN_POINT('Ctrl Pts',(5.98817683136063,-12.8779234607102,-5.1634404428832));
#1461=CARTESIAN_POINT('Ctrl Pts',(0.503265505652203,-12.6880865673377,-7.8926254087283));
#1462=CARTESIAN_POINT('Ctrl Pts',(-5.28049223982229,-12.498250772438,-5.88206030327754));
#1463=CARTESIAN_POINT('Ctrl Pts',(-7.90013105089913,-12.3084135708296,-0.350762965143924));
#1464=CARTESIAN_POINT('Ctrl Pts',(-5.77922010750525,-12.1185772969634,5.39567823181476));
#1465=CARTESIAN_POINT('Ctrl Pts',(-0.19446484877663,-11.9287410696828,7.90397285502895));
#1466=CARTESIAN_POINT('Ctrl Pts',(5.50611789615265,-11.738904447285,5.6726416136594));
#1467=CARTESIAN_POINT('Ctrl Pts',(7.90857716168931,-11.5490688587946,0.040982230055713));
#1468=CARTESIAN_POINT('Ctrl Pts',(5.56240390801709,-11.3592317100844,-5.61924559361998));
#1469=CARTESIAN_POINT('Ctrl Pts',(0.519581754106201,-11.1904885005012,-7.64394099360187));
#1470=CARTESIAN_POINT('Ctrl Pts',(-3.86395369744481,-11.0428382639699,-6.37087937737249));
#1471=CARTESIAN_POINT('Ctrl Pts',(-6.55144006369495,-10.916279847541,-3.54996536088598));
#1472=CARTESIAN_POINT('Ctrl Pts',(-7.60890872529009,-10.7686296771741,0.890835750117088));
#1473=CARTESIAN_POINT('Ctrl Pts',(-5.3443809568474,-10.5998862879447,5.82853953347886));
#1474=CARTESIAN_POINT('Ctrl Pts',(0.429277266091711,-10.4100498514454,7.89724877946776));
#1475=CARTESIAN_POINT('Ctrl Pts',(5.46833386146568,-10.2360322124256,5.44512239809276));
#1476=CARTESIAN_POINT('Ctrl Pts',(7.48525886669918,-10.0778364390538,0.941554552324279));
#1477=CARTESIAN_POINT('Ctrl Pts',(6.7275502473584,-9.93545709155596,-3.42191887795983));
#1478=CARTESIAN_POINT('Ctrl Pts',(3.64152581492943,-9.79308180457661,-6.61172622772883));
#1479=CARTESIAN_POINT('Ctrl Pts',(-0.699491945505887,-9.65070256627581,
-7.51394017024317));
#1480=CARTESIAN_POINT('Ctrl Pts',(-4.79924409578921,-9.50832667273141,-5.82621061508592));
#1481=CARTESIAN_POINT('Ctrl Pts',(-7.24363710818154,-9.36594826510303,-2.12087336465594));
#1482=CARTESIAN_POINT('Ctrl Pts',(-7.18275292189093,-9.2235715523729,2.30592792282403));
#1483=CARTESIAN_POINT('Ctrl Pts',(-4.36933209472803,-9.06537386391811,6.36280765779411));
#1484=CARTESIAN_POINT('Ctrl Pts',(1.03551761823035,-8.89135806609231,7.8377300237676));
#1485=CARTESIAN_POINT('Ctrl Pts',(6.33089765845272,-8.70152023380156,4.74384291415069));
#1486=CARTESIAN_POINT('Ctrl Pts',(7.68346338291445,-8.5275042212252,-0.695757170764302));
#1487=CARTESIAN_POINT('Ctrl Pts',(5.5295230657079,-8.36930617155947,-5.13307492210996));
#1488=CARTESIAN_POINT('Ctrl Pts',(1.69648933783108,-8.22693103840342,-7.35482332101603));
#1489=CARTESIAN_POINT('Ctrl Pts',(-2.72951219021557,-8.08455083128855,-7.03687263906279));
#1490=CARTESIAN_POINT('Ctrl Pts',(-6.20961607586666,-7.94217642332769,-4.28968130193853));
#1491=CARTESIAN_POINT('Ctrl Pts',(-7.54727434154331,-7.79979638021718,-0.0610243605900647));
#1492=CARTESIAN_POINT('Ctrl Pts',(-6.27893174511891,-7.6574209065878,4.18808053483139));
#1493=CARTESIAN_POINT('Ctrl Pts',(-2.84175359356435,-7.51504318719937,6.99230896964547));
#1494=CARTESIAN_POINT('Ctrl Pts',(0.10176750019481,-7.42012243107391,7.25031865997721));
#1495=CARTESIAN_POINT('Ctrl Pts',(1.48439213427834,-7.37266508059081,6.95523784480658));
#1496=CARTESIAN_POINT('',(5.49528198466247,-15.,3.59811218718151));
#1497=CARTESIAN_POINT('Ctrl Pts',(-2.24467160642396,-15.,6.74749785401617));
#1498=CARTESIAN_POINT('Ctrl Pts',(-2.05918938839259,-15.0000000000099,6.7974496871169));
#1499=CARTESIAN_POINT('Ctrl Pts',(-1.87168369109098,-15.0000000000066,6.83965406375971));
#1500=CARTESIAN_POINT('Ctrl Pts',(-1.68263643656319,-14.9999999999918,6.87411868727939));
#1501=CARTESIAN_POINT('Ctrl Pts',(-1.49434672427423,-14.9999999999771,6.90844520560348));
#1502=CARTESIAN_POINT('Ctrl Pts',(-1.30452705900614,-14.999999999951,6.93509378589161));
#1503=CARTESIAN_POINT('Ctrl Pts',(-1.11365798984773,-14.9999999999214,6.95402092770703));
#1504=CARTESIAN_POINT('Ctrl Pts',(-0.988666809996868,-14.999999999902,6.96641542303907));
#1505=CARTESIAN_POINT('Ctrl Pts',(-0.863225724363102,-14.9999999998812,
6.97549767672191));
#1506=CARTESIAN_POINT('Ctrl Pts',(-0.73747296495464,-14.9999999998627,6.9812437779974));
#1507=CARTESIAN_POINT('Ctrl Pts',(-0.548520076008629,-14.999999999835,6.98987772321888));
#1508=CARTESIAN_POINT('Ctrl Pts',(-0.359614040337011,-14.9999999998181,
6.99094791995969));
#1509=CARTESIAN_POINT('Ctrl Pts',(-0.171213824614729,-14.9999999998011,
6.98451211550261));
#1510=CARTESIAN_POINT('Ctrl Pts',(0.0175301204408813,-14.9999999997841,
6.97806456915465));
#1511=CARTESIAN_POINT('Ctrl Pts',(0.205767119506971,-14.9999999997671,6.96408353683238));
#1512=CARTESIAN_POINT('Ctrl Pts',(0.393033724421702,-14.9999999997454,6.94257523999968));
#1513=CARTESIAN_POINT('Ctrl Pts',(0.578884064897471,-14.9999999997238,6.92122960663791));
#1514=CARTESIAN_POINT('Ctrl Pts',(0.763779309668656,-14.9999999996976,6.89246999809426));
#1515=CARTESIAN_POINT('Ctrl Pts',(0.947254101520892,-14.9999999996685,6.85625313803684));
#1516=CARTESIAN_POINT('Ctrl Pts',(1.12689670657535,-14.9999999996401,6.82079272943287));
#1517=CARTESIAN_POINT('Ctrl Pts',(1.30517813333796,-14.999999999609,6.77818311576808));
#1518=CARTESIAN_POINT('Ctrl Pts',(1.4816407016509,-14.9999999995833,6.72833891923693));
#1519=CARTESIAN_POINT('Ctrl Pts',(1.60524857384416,-14.9999999995654,6.6934242337413));
#1520=CARTESIAN_POINT('Ctrl Pts',(1.72796357126268,-14.9999999995501,6.65495885352426));
#1521=CARTESIAN_POINT('Ctrl Pts',(1.84961989321302,-14.9999999995424,6.61290069654986));
#1522=CARTESIAN_POINT('Ctrl Pts',(1.87137852210995,-14.999999999541,6.60537845837084));
#1523=CARTESIAN_POINT('Ctrl Pts',(1.89310326460669,-14.9999999995399,6.59774126561242));
#1524=CARTESIAN_POINT('Ctrl Pts',(1.91479331564154,-14.999999999539,6.58998951593557));
#1525=CARTESIAN_POINT('Ctrl Pts',(2.08740816043437,-14.9999999995321,6.52829915544761));
#1526=CARTESIAN_POINT('Ctrl Pts',(2.25714731926327,-14.9999999995435,6.45960060684235));
#1527=CARTESIAN_POINT('Ctrl Pts',(2.42367494715066,-14.9999999995592,6.38422824695221));
#1528=CARTESIAN_POINT('Ctrl Pts',(2.59291055426616,-14.9999999995753,6.30763022386404));
#1529=CARTESIAN_POINT('Ctrl Pts',(2.75882996132454,-14.9999999995958,6.22413921004578));
#1530=CARTESIAN_POINT('Ctrl Pts',(2.92105862540422,-14.9999999996135,6.13405723808273));
#1531=CARTESIAN_POINT('Ctrl Pts',(3.08324081905403,-14.9999999996312,6.04400107011668));
#1532=CARTESIAN_POINT('Ctrl Pts',(3.2417349595963,-14.9999999996459,5.9473572321935));
#1533=CARTESIAN_POINT('Ctrl Pts',(3.39613597225302,-14.9999999996577,5.84438561397456));
#1534=CARTESIAN_POINT('Ctrl Pts',(3.54841235318909,-14.9999999996694,5.74283093443128));
#1535=CARTESIAN_POINT('Ctrl Pts',(3.69670794074263,-14.9999999996782,5.635120897169));
#1536=CARTESIAN_POINT('Ctrl Pts',(3.84059655366755,-14.9999999996918,5.52147171321255));
#1537=CARTESIAN_POINT('Ctrl Pts',(3.95148431179698,-14.9999999997022,5.433887970719));
#1538=CARTESIAN_POINT('Ctrl Pts',(4.05975408261641,-14.9999999997155,5.34277624478158));
#1539=CARTESIAN_POINT('Ctrl Pts',(4.16519260138157,-14.9999999997385,5.24822465229145));
#1540=CARTESIAN_POINT('Ctrl Pts',(4.30135413377545,-14.9999999997681,5.1261223136536));
#1541=CARTESIAN_POINT('Ctrl Pts',(4.43224704411453,-14.9999999998156,4.99877648037145));
#1542=CARTESIAN_POINT('Ctrl Pts',(4.55751374276449,-14.9999999998623,4.86646563871988));
#1543=CARTESIAN_POINT('Ctrl Pts',(4.68184147557664,-14.9999999999086,4.73514656392751));
#1544=CARTESIAN_POINT('Ctrl Pts',(4.80062750743538,-14.9999999999541,4.59893612032638));
#1545=CARTESIAN_POINT('Ctrl Pts',(4.91348459752801,-14.9999999999881,4.45807212338527));
#1546=CARTESIAN_POINT('Ctrl Pts',(4.95873124237895,-15.0000000000017,4.40159695433167));
#1547=CARTESIAN_POINT('Ctrl Pts',(5.00302442359066,-15.0000000000136,4.34437344126937));
#1548=CARTESIAN_POINT('Ctrl Pts',(5.04633720337122,-15.0000000000233,4.2864156159548));
#1549=CARTESIAN_POINT('Ctrl Pts',(5.15536339352573,-15.0000000000479,4.14052516709183));
#1550=CARTESIAN_POINT('Ctrl Pts',(5.25818097259485,-15.0000000000586,3.98998318175019));
#1551=CARTESIAN_POINT('Ctrl Pts',(5.35460830896175,-15.0000000000562,3.83523332263177));
#1552=CARTESIAN_POINT('Ctrl Pts',(5.40313240992782,-15.000000000055,3.75736020001668));
#1553=CARTESIAN_POINT('Ctrl Pts',(5.45003754375302,-15.0000000000506,3.67842122089321));
#1554=CARTESIAN_POINT('Ctrl Pts',(5.49529575197204,-15.000000000044,3.59847158870118));
#1555=CARTESIAN_POINT('Ctrl Pts',(-6.56418756933387,-14.1116027874023,-0.000405155801289269));
#1556=CARTESIAN_POINT('Ctrl Pts',(-6.56568328206286,-14.1340614680124,-0.6187059944157));
#1557=CARTESIAN_POINT('Ctrl Pts',(-6.48212421435407,-14.1565201486225,-1.23677463402629));
#1558=CARTESIAN_POINT('Ctrl Pts',(-6.31108788491049,-14.1789788292326,-1.82984572314039));
#1559=CARTESIAN_POINT('Ctrl Pts',(-5.95115250921874,-14.2262417333725,-3.07792714517897));
#1560=CARTESIAN_POINT('Ctrl Pts',(-5.20381009215017,-14.2735046375124,-4.21530291768691));
#1561=CARTESIAN_POINT('Ctrl Pts',(-4.20444707014616,-14.3207675416524,-5.04723070752153));
#1562=CARTESIAN_POINT('Ctrl Pts',(-3.20508404814215,-14.3680304457923,-5.87915849735614));
#1563=CARTESIAN_POINT('Ctrl Pts',(-1.9537004212027,-14.4152933499322,-6.40563830451742));
#1564=CARTESIAN_POINT('Ctrl Pts',(-0.661043289245195,-14.4625562540721,
-6.53634485805563));
#1565=CARTESIAN_POINT('Ctrl Pts',(0.631613842712311,-14.509819158212,-6.66705141159384));
#1566=CARTESIAN_POINT('Ctrl Pts',(1.96554447968787,-14.557082062352,-6.40198471150899));
#1567=CARTESIAN_POINT('Ctrl Pts',(3.11055812722287,-14.6043449664919,-5.78665497031331));
#1568=CARTESIAN_POINT('Ctrl Pts',(4.25557177475789,-14.6516078706318,-5.17132522911763));
#1569=CARTESIAN_POINT('Ctrl Pts',(5.21166843285234,-14.6988707747717,-4.20573244681111));
#1570=CARTESIAN_POINT('Ctrl Pts',(5.81593618417428,-14.7461336789116,-3.05513068846813));
#1571=CARTESIAN_POINT('Ctrl Pts',(6.42020393549622,-14.7933965830515,-1.90452893012515));
#1572=CARTESIAN_POINT('Ctrl Pts',(6.67264278004564,-14.8406594871914,-0.568918195745722));
#1573=CARTESIAN_POINT('Ctrl Pts',(6.52974456000627,-14.8879223913314,0.72284536351218));
#1574=CARTESIAN_POINT('Ctrl Pts',(6.41678993539831,-14.9252815942209,1.74392643700648));
#1575=CARTESIAN_POINT('Ctrl Pts',(6.05682110625643,-14.9626407971105,2.73761095183262));
#1576=CARTESIAN_POINT('Ctrl Pts',(5.49529575204123,-15.,3.59847158873317));
#1577=CARTESIAN_POINT('Ctrl Pts',(-6.96820148029867,-15.3462658767875,-1.41825457538561));
#1578=CARTESIAN_POINT('Ctrl Pts',(-7.25013806963069,-15.2988079634381,-0.0330371445872096));
#1579=CARTESIAN_POINT('Ctrl Pts',(-6.96426647527192,-15.2038876950496,2.90756300601927));
#1580=CARTESIAN_POINT('Ctrl Pts',(-4.12794121180898,-15.0615107256685,6.31759882636012));
#1581=CARTESIAN_POINT('Ctrl Pts',(0.13250893128845,-14.9191352104848,7.54551210484354));
#1582=CARTESIAN_POINT('Ctrl Pts',(4.34781442884806,-14.7767553329233,6.16798711679012));
#1583=CARTESIAN_POINT('Ctrl Pts',(7.06162715866977,-14.6343804729033,2.66243744202992));
#1584=CARTESIAN_POINT('Ctrl Pts',(7.33757172490428,-14.4920009918319,-1.76591627883081));
#1585=CARTESIAN_POINT('Ctrl Pts',(5.07990906920596,-14.3496249290296,-5.57720969267675));
#1586=CARTESIAN_POINT('Ctrl Pts',(0.622805740321638,-14.1914278900444,-7.6889831470736));
#1587=CARTESIAN_POINT('Ctrl Pts',(-4.80289418564547,-14.0174102353412,-6.28464669131449));
#1588=CARTESIAN_POINT('Ctrl Pts',(-7.84718664635845,-13.8275742013168,-0.961469243712731));
#1589=CARTESIAN_POINT('Ctrl Pts',(-6.31902577315299,-13.6535576488116,4.42903019742447));
#1590=CARTESIAN_POINT('Ctrl Pts',(-2.23909865268028,-13.4953596942194,7.20352343717713));
#1591=CARTESIAN_POINT('Ctrl Pts',(2.19170284537034,-13.3529836856194,7.22236137953874));
#1592=CARTESIAN_POINT('Ctrl Pts',(5.86591648310434,-13.2106049080181,4.74333958141738));
#1593=CARTESIAN_POINT('Ctrl Pts',(7.71360746317038,-13.0524086284334,0.170663284628569));
#1594=CARTESIAN_POINT('Ctrl Pts',(5.98748526571373,-12.8783913185131,-5.16286869784075));
#1595=CARTESIAN_POINT('Ctrl Pts',(0.503190153114309,-12.6885544251406,-7.89173094890859));
#1596=CARTESIAN_POINT('Ctrl Pts',(-5.27990699545977,-12.4987186302409,-5.8813805606792));
#1597=CARTESIAN_POINT('Ctrl Pts',(-7.89923536460878,-12.3088814286325,-0.350704855118621));
#1598=CARTESIAN_POINT('Ctrl Pts',(-5.77855183900267,-12.1190451547663,5.39507958710051));
#1599=CARTESIAN_POINT('Ctrl Pts',(-0.194424346259444,-11.9292089274857,
7.90307642830767));
#1600=CARTESIAN_POINT('Ctrl Pts',(5.50550645643703,-11.7393723050879,5.67198522090911));
#1601=CARTESIAN_POINT('Ctrl Pts',(7.90767977049632,-11.5495367165975,0.0409589755454643));
#1602=CARTESIAN_POINT('Ctrl Pts',(5.56175988079799,-11.3596995678874,-5.61862092585188));
#1603=CARTESIAN_POINT('Ctrl Pts',(0.519504714136955,-11.1909563583041,-7.64307488206526));
#1604=CARTESIAN_POINT('Ctrl Pts',(-3.86353011603672,-11.0433061217728,-6.37014748140814));
#1605=CARTESIAN_POINT('Ctrl Pts',(-6.55070499964379,-10.9167477053439,-3.54954735429524));
#1606=CARTESIAN_POINT('Ctrl Pts',(-7.60804328182254,-10.7690975349771,0.890752316248678));
#1607=CARTESIAN_POINT('Ctrl Pts',(-5.34376093938696,-10.6003541457476,5.82789079859622));
#1608=CARTESIAN_POINT('Ctrl Pts',(0.429246987606234,-10.4105177092483,7.89635167002571));
#1609=CARTESIAN_POINT('Ctrl Pts',(5.46772606123933,-10.2365000702285,5.44449186669917));
#1610=CARTESIAN_POINT('Ctrl Pts',(7.48441179570915,-10.0783042968567,0.941430218125959));
#1611=CARTESIAN_POINT('Ctrl Pts',(6.72677891714308,-9.93592494935887,-3.42154629611455));
#1612=CARTESIAN_POINT('Ctrl Pts',(3.64109721193957,-9.79354966237952,-6.61098454631868));
#1613=CARTESIAN_POINT('Ctrl Pts',(-0.699430108103103,-9.65117042407872,
-7.51308597756878));
#1614=CARTESIAN_POINT('Ctrl Pts',(-4.79871316857479,-9.50879453053432,-5.82553835756542));
#1615=CARTESIAN_POINT('Ctrl Pts',(-7.24282013645329,-9.36641612290594,-2.12061581992005));
#1616=CARTESIAN_POINT('Ctrl Pts',(-7.18193263225799,-9.22403941017581,2.30568304531018));
#1617=CARTESIAN_POINT('Ctrl Pts',(-4.36882133869772,-9.06584172172102,6.36209591655285));
#1618=CARTESIAN_POINT('Ctrl Pts',(1.03541836385622,-8.89182592389522,7.83683834498971));
#1619=CARTESIAN_POINT('Ctrl Pts',(6.33019028750394,-8.70198809160448,4.74328996618876));
#1620=CARTESIAN_POINT('Ctrl Pts',(7.6825900175147,-8.52797207902812,-0.695696260717672));
#1621=CARTESIAN_POINT('Ctrl Pts',(5.52888366257475,-8.36977402936238,-5.13250537675003));
#1622=CARTESIAN_POINT('Ctrl Pts',(1.69627970839187,-8.22739889620633,-7.35399279455967));
#1623=CARTESIAN_POINT('Ctrl Pts',(-2.72921893847508,-8.08501868909147,-7.03606783339115));
#1624=CARTESIAN_POINT('Ctrl Pts',(-6.20892147588782,-7.9426442811306,-4.28918009940661));
#1625=CARTESIAN_POINT('Ctrl Pts',(-7.54641823586613,-7.80026423802009,-0.0609998139059743));
#1626=CARTESIAN_POINT('Ctrl Pts',(-6.27820936288499,-7.65788876439071,4.18761997307158));
#1627=CARTESIAN_POINT('Ctrl Pts',(-2.84141522751391,-7.51551104500228,6.99152227259627));
#1628=CARTESIAN_POINT('Ctrl Pts',(0.101773534687765,-7.42059028887682,7.24949572233861));
#1629=CARTESIAN_POINT('Ctrl Pts',(1.48423996362237,-7.37313293839372,6.9544453151222));
#1630=CARTESIAN_POINT('Ctrl Pts',(-7.00192893805114,-15.3263351829844,-1.42584101176485));
#1631=CARTESIAN_POINT('Ctrl Pts',(-7.28537876815901,-15.278877269635,-0.0338899747404908));
#1632=CARTESIAN_POINT('Ctrl Pts',(-6.99840848951393,-15.1839570012465,2.92098748825503));
#1633=CARTESIAN_POINT('Ctrl Pts',(-4.14863603635878,-15.0415800318654,6.34790638597648));
#1634=CARTESIAN_POINT('Ctrl Pts',(0.132402913770094,-14.8992045166818,7.58220048073905));
#1635=CARTESIAN_POINT('Ctrl Pts',(4.36833574486403,-14.7568246391203,6.19840447545605));
#1636=CARTESIAN_POINT('Ctrl Pts',(7.09568965685526,-14.6144497791003,2.67608072166942));
#1637=CARTESIAN_POINT('Ctrl Pts',(7.37341505262628,-14.4720702980289,-1.77376969002646));
#1638=CARTESIAN_POINT('Ctrl Pts',(5.10515866266064,-14.3296942352266,-5.6038170627597));
#1639=CARTESIAN_POINT('Ctrl Pts',(0.626593802223431,-14.1714971962414,-7.72629499734779));
#1640=CARTESIAN_POINT('Ctrl Pts',(-4.82561381695467,-13.9974795415382,-6.31568053667225));
#1641=CARTESIAN_POINT('Ctrl Pts',(-7.8852347174563,-13.8076435075138,-0.966922464450168));
#1642=CARTESIAN_POINT('Ctrl Pts',(-6.3501845799454,-13.6336269550086,4.4499350553318));
#1643=CARTESIAN_POINT('Ctrl Pts',(-2.25069929223505,-13.4754290004164,7.23831541925674));
#1644=CARTESIAN_POINT('Ctrl Pts',(2.20163857464724,-13.3330529918163,7.25768814910087));
#1645=CARTESIAN_POINT('Ctrl Pts',(5.89395917232656,-13.190674214215,4.76698140137422));
#1646=CARTESIAN_POINT('Ctrl Pts',(7.75108680877754,-13.0324779346304,0.172255707715673));
#1647=CARTESIAN_POINT('Ctrl Pts',(6.01710761391297,-12.8584606247101,-5.1873640535717));
#1648=CARTESIAN_POINT('Ctrl Pts',(0.506413801432833,-12.6686237313376,-7.93004784493992));
#1649=CARTESIAN_POINT('Ctrl Pts',(-5.30498056107311,-12.4787879364379,-5.91049634991115));
#1650=CARTESIAN_POINT('Ctrl Pts',(-7.93760472698889,-12.2889507348295,-0.353189889484681));
#1651=CARTESIAN_POINT('Ctrl Pts',(-5.80717601030173,-12.0991144609633,5.42072717802925));
#1652=CARTESIAN_POINT('Ctrl Pts',(-0.196155165994843,-11.9092782336827,
7.94147739923234));
#1653=CARTESIAN_POINT('Ctrl Pts',(5.53170210548718,-11.7194416112848,5.70010058571309));
#1654=CARTESIAN_POINT('Ctrl Pts',(7.94612201266872,-11.5296060227945,0.0419509972258321));
#1655=CARTESIAN_POINT('Ctrl Pts',(5.58934542076996,-11.3397688740843,-5.64538323479357));
#1656=CARTESIAN_POINT('Ctrl Pts',(0.522800965006562,-11.1710256645011,-7.68017737123356));
#1657=CARTESIAN_POINT('Ctrl Pts',(-3.88167876677476,-11.0233754279697,-6.40149815224813));
#1658=CARTESIAN_POINT('Ctrl Pts',(-6.58219532579791,-10.8968170115409,-3.56745026232252));
#1659=CARTESIAN_POINT('Ctrl Pts',(-7.64511640753185,-10.749166841174,0.894330532810954));
#1660=CARTESIAN_POINT('Ctrl Pts',(-5.37031795179383,-10.5804234519446,5.85568388727935));
#1661=CARTESIAN_POINT('Ctrl Pts',(0.430548254972875,-10.3905870154453,7.93478155044377));
#1662=CARTESIAN_POINT('Ctrl Pts',(5.49376573350474,-10.2165693764255,5.47149942966409));
#1663=CARTESIAN_POINT('Ctrl Pts',(7.52069883403987,-10.0583736030537,0.946752433725598));
#1664=CARTESIAN_POINT('Ctrl Pts',(6.75981909366666,-9.91599425555585,-3.43751042863637));
#1665=CARTESIAN_POINT('Ctrl Pts',(3.65945404259867,-9.77361896857647,-6.64275838950386));
#1666=CARTESIAN_POINT('Ctrl Pts',(-0.702083084048728,-9.6312397302757,-7.54967723474904));
#1667=CARTESIAN_POINT('Ctrl Pts',(-4.82145995335305,-9.48886383673127,-5.85433374855732));
#1668=CARTESIAN_POINT('Ctrl Pts',(-7.27781845073436,-9.3464854291029,-2.13164457837986));
#1669=CARTESIAN_POINT('Ctrl Pts',(-7.21707067329379,-9.20410871637278,2.31617685562446));
#1670=CARTESIAN_POINT('Ctrl Pts',(-4.39069761564275,-9.04591102791797,6.39258758101806));
#1671=CARTESIAN_POINT('Ctrl Pts',(1.03967438867246,-8.87189523009219,7.87503522454909));
#1672=CARTESIAN_POINT('Ctrl Pts',(6.36049499309251,-8.68205739780142,4.76697356385625));
#1673=CARTESIAN_POINT('Ctrl Pts',(7.72000256821675,-8.50804138522508,-0.698309553339584));
#1674=CARTESIAN_POINT('Ctrl Pts',(5.55627148326335,-8.34984333555934,-5.15690633641793));
#1675=CARTESIAN_POINT('Ctrl Pts',(1.70525581769812,-8.20746820240328,-7.38957151311519));
#1676=CARTESIAN_POINT('Ctrl Pts',(-2.7417848983927,-8.06508799528843,-7.07054238713123));
#1677=CARTESIAN_POINT('Ctrl Pts',(-6.23867883004293,-7.92271358732755,-4.31064713806494));
#1678=CARTESIAN_POINT('Ctrl Pts',(-7.58309180500956,-7.78033354421706,-0.0620473206412234));
#1679=CARTESIAN_POINT('Ctrl Pts',(-6.30915238692041,-7.63795807058766,4.20735272253564));
#1680=CARTESIAN_POINT('Ctrl Pts',(-2.85590614646231,-7.49558035119925,7.02522404006569));
#1681=CARTESIAN_POINT('Ctrl Pts',(0.101518600684909,-7.40065959507378,7.28474842823968));
#1682=CARTESIAN_POINT('Ctrl Pts',(1.49076229599975,-7.35320224459068,6.98839460972076));
#1683=CARTESIAN_POINT('Ctrl Pts',(-7.0500486095728,-15.2728453043363,-1.4375354924711));
#1684=CARTESIAN_POINT('Ctrl Pts',(-7.33581889623642,-15.225387390987,-0.0360438497735474));
#1685=CARTESIAN_POINT('Ctrl Pts',(-7.04763065780699,-15.1304671225984,2.93940993362578));
#1686=CARTESIAN_POINT('Ctrl Pts',(-4.17901419910548,-14.9880901532173,6.39077858704269));
#1687=CARTESIAN_POINT('Ctrl Pts',(0.131348470939457,-14.8457146380337,7.63474315586278));
#1688=CARTESIAN_POINT('Ctrl Pts',(4.39697418626459,-14.7033347604722,6.24246064780976));
#1689=CARTESIAN_POINT('Ctrl Pts',(7.14412952352599,-14.5609599004522,2.69645761797229));
#1690=CARTESIAN_POINT('Ctrl Pts',(7.42493572039033,-14.4185804193808,-1.78413671967738));
#1691=CARTESIAN_POINT('Ctrl Pts',(5.14196629883395,-14.2762043565785,-5.64129362364599));
#1692=CARTESIAN_POINT('Ctrl Pts',(0.632944944604385,-14.1180073175933,-7.77963717161985));
#1693=CARTESIAN_POINT('Ctrl Pts',(-4.85739025688655,-13.9439896628901,-6.36066404797201));
#1694=CARTESIAN_POINT('Ctrl Pts',(-7.9395882602362,-13.7541536288657,-0.975668843206974));
#1695=CARTESIAN_POINT('Ctrl Pts',(-6.39531375596309,-13.5801370763605,4.47909579226549));
#1696=CARTESIAN_POINT('Ctrl Pts',(-2.26816661321376,-13.4219391217683,7.28785560093227));
#1697=CARTESIAN_POINT('Ctrl Pts',(2.2149976104182,-13.2795631131682,7.30851767286888));
#1698=CARTESIAN_POINT('Ctrl Pts',(5.93353418786421,-13.1371843355669,4.80152301864898));
#1699=CARTESIAN_POINT('Ctrl Pts',(7.80471629041632,-12.9789880559823,0.175467309127785));
#1700=CARTESIAN_POINT('Ctrl Pts',(6.0601200451252,-12.804970746062,-5.22172638501196));
#1701=CARTESIAN_POINT('Ctrl Pts',(0.511988471302469,-12.6151338526895,-7.98482556297309));
#1702=CARTESIAN_POINT('Ctrl Pts',(-5.34018619967303,-12.4252980577898,-5.95280321583791));
#1703=CARTESIAN_POINT('Ctrl Pts',(-7.99247387625731,-12.2354608561814,-0.357703843516934));
#1704=CARTESIAN_POINT('Ctrl Pts',(-5.84880034042649,-12.0456245823151,5.45675775317186));
#1705=CARTESIAN_POINT('Ctrl Pts',(-0.199578222128122,-11.8557883550346,
7.99641644836014));
#1706=CARTESIAN_POINT('Ctrl Pts',(5.56852841138876,-11.6659517326367,5.7410138448278));
#1707=CARTESIAN_POINT('Ctrl Pts',(8.00113009158834,-11.4761161441464,0.044301536053911));
#1708=CARTESIAN_POINT('Ctrl Pts',(5.62952592810331,-11.2862789954362,-5.6830204476619));
#1709=CARTESIAN_POINT('Ctrl Pts',(0.528408321845295,-11.117535785853,-7.73322400405946));
#1710=CARTESIAN_POINT('Ctrl Pts',(-3.90689306391085,-10.9698855493217,-6.44683527711321));
#1711=CARTESIAN_POINT('Ctrl Pts',(-6.62684794969849,-10.8433271328928,-3.59386779486675));
#1712=CARTESIAN_POINT('Ctrl Pts',(-7.698288141556,-10.6956769625259,0.898531833011547));
#1713=CARTESIAN_POINT('Ctrl Pts',(-5.40902728657523,-10.5269335732965,5.89484143332774));
#1714=CARTESIAN_POINT('Ctrl Pts',(0.431466949309976,-10.3370971367972,7.98983752443459));
#1715=CARTESIAN_POINT('Ctrl Pts',(5.53038432736358,-10.1630794977774,5.5108182578506));
#1716=CARTESIAN_POINT('Ctrl Pts',(7.57253290192596,-10.0048837244056,0.955262197621155));
#1717=CARTESIAN_POINT('Ctrl Pts',(6.80752215465083,-9.86250437690775,-3.45955630129303));
#1718=CARTESIAN_POINT('Ctrl Pts',(3.68652187687979,-9.72012908992837,-6.68780681588443));
#1719=CARTESIAN_POINT('Ctrl Pts',(-0.704982021800153,-9.5777498516276,-7.60213917131896));
#1720=CARTESIAN_POINT('Ctrl Pts',(-4.85332599868591,-9.43537395808317,-5.89612699704797));
#1721=CARTESIAN_POINT('Ctrl Pts',(-7.3276600371455,-9.29299555045481,-2.14829762101929));
#1722=CARTESIAN_POINT('Ctrl Pts',(-7.26765181038858,-9.15061883772468,2.33033961987159));
#1723=CARTESIAN_POINT('Ctrl Pts',(-4.42275821884948,-8.99242114926989,6.43571345963004));
#1724=CARTESIAN_POINT('Ctrl Pts',(1.04482474156252,-8.81840535144409,7.92983933021189));
#1725=CARTESIAN_POINT('Ctrl Pts',(6.40329615404625,-8.62856751915333,4.8016400788538));
#1726=CARTESIAN_POINT('Ctrl Pts',(7.77364497973133,-8.45455150657699,-0.701142195201416));
#1727=CARTESIAN_POINT('Ctrl Pts',(5.59608681135767,-8.29635345691124,-5.19117090692721));
#1728=CARTESIAN_POINT('Ctrl Pts',(1.71898613158202,-8.15397832375519,-7.44029975218299));
#1729=CARTESIAN_POINT('Ctrl Pts',(-2.7589340053317,-8.01159811664033,-7.12021646491211));
#1730=CARTESIAN_POINT('Ctrl Pts',(-6.28075770640587,-7.86922370867946,-4.34211943528094));
#1731=CARTESIAN_POINT('Ctrl Pts',(-7.63559006956557,-7.72684366556895,-0.064447861924488));
#1732=CARTESIAN_POINT('Ctrl Pts',(-6.35392852792541,-7.58446819193958,4.23484660488196));
#1733=CARTESIAN_POINT('Ctrl Pts',(-2.87752347534583,-7.44209047255114,7.07313116504651));
#1734=CARTESIAN_POINT('Ctrl Pts',(0.100352980238397,-7.34716971642569,7.33521758742863));
#1735=CARTESIAN_POINT('Ctrl Pts',(1.49926962670012,-7.29971236594259,7.03717871564366));
#1736=CARTESIAN_POINT('Ctrl Pts',(-7.07397362372214,-15.1630954113073,-1.44623997721785));
#1737=CARTESIAN_POINT('Ctrl Pts',(-7.36147320273577,-15.115637497958,-0.0399959127531743));
#1738=CARTESIAN_POINT('Ctrl Pts',(-7.07382753922122,-15.0207172295694,2.9460272841938));
#1739=CARTESIAN_POINT('Ctrl Pts',(-4.19696936842306,-14.8783402601884,6.41096635324777));
#1740=CARTESIAN_POINT('Ctrl Pts',(0.127830128930886,-14.7359647450047,7.661531858533));
#1741=CARTESIAN_POINT('Ctrl Pts',(4.40911007826647,-14.5935848674432,6.26659845122195));
#1742=CARTESIAN_POINT('Ctrl Pts',(7.16772725264186,-14.4512100074232,2.70961704092973));
#1743=CARTESIAN_POINT('Ctrl Pts',(7.45185089070002,-14.3088305263518,-1.7865122752347));
#1744=CARTESIAN_POINT('Ctrl Pts',(5.16290104907139,-14.1664544635495,-5.65835749405441));
#1745=CARTESIAN_POINT('Ctrl Pts',(0.639214105866057,-14.0082574245643,-7.80653453941801));
#1746=CARTESIAN_POINT('Ctrl Pts',(-4.87107625899193,-13.8342397698611,-6.3854549213836));
#1747=CARTESIAN_POINT('Ctrl Pts',(-7.96686678237558,-13.6444037358367,-0.983220371533008));
#1748=CARTESIAN_POINT('Ctrl Pts',(-6.42002934961273,-13.4703871833315,4.49143894742685));
#1749=CARTESIAN_POINT('Ctrl Pts',(-2.27990189619203,-13.3121892287393,7.31217981529106));
#1750=CARTESIAN_POINT('Ctrl Pts',(2.21894160786314,-13.1698132201392,7.33524973605128));
#1751=CARTESIAN_POINT('Ctrl Pts',(5.95179840942723,-13.0274344425379,4.821418641374));
#1752=CARTESIAN_POINT('Ctrl Pts',(7.83193941900962,-12.8692381629533,0.180148460512868));
#1753=CARTESIAN_POINT('Ctrl Pts',(6.08404933221789,-12.695220853033,-5.23684450591719));
#1754=CARTESIAN_POINT('Ctrl Pts',(0.517941517562847,-12.5053839596605,-8.01250303288863));
#1755=CARTESIAN_POINT('Ctrl Pts',(-5.3557749464369,-12.3155481647608,-5.97641897364337));
#1756=CARTESIAN_POINT('Ctrl Pts',(-8.0202584212954,-12.1257109631524,-0.36312065990437));
#1757=CARTESIAN_POINT('Ctrl Pts',(-5.87211321048218,-11.9358746892862,5.47280810263814));
#1758=CARTESIAN_POINT('Ctrl Pts',(-0.204443068474371,-11.7460384620056,
8.02429759251338));
#1759=CARTESIAN_POINT('Ctrl Pts',(5.5850259786603,-11.5562018396077,5.76400794314438));
#1760=CARTESIAN_POINT('Ctrl Pts',(8.02910826366843,-11.3663662511174,0.0486244784262708));
#1761=CARTESIAN_POINT('Ctrl Pts',(5.65219009716648,-11.1765291024072,-5.69997596271376));
#1762=CARTESIAN_POINT('Ctrl Pts',(0.534285460918776,-11.007785892824,-7.76001316402528));
#1763=CARTESIAN_POINT('Ctrl Pts',(-3.91720708259846,-10.8601356562927,-6.47143313252782));
#1764=CARTESIAN_POINT('Ctrl Pts',(-6.64816775506048,-10.7335772398638,-3.60989866181107));
#1765=CARTESIAN_POINT('Ctrl Pts',(-7.72569819794015,-10.5859270694969,0.897664821395439));
#1766=CARTESIAN_POINT('Ctrl Pts',(-5.43102890315849,-10.4171836802674,5.91265436987665));
#1767=CARTESIAN_POINT('Ctrl Pts',(0.428814066875211,-10.2273472437682,8.01802449750707));
#1768=CARTESIAN_POINT('Ctrl Pts',(5.5468677094698,-10.0533296047484,5.53298654367658));
#1769=CARTESIAN_POINT('Ctrl Pts',(7.5985374303444,-9.8951338313766,0.962550731449759));
#1770=CARTESIAN_POINT('Ctrl Pts',(6.83314927723982,-9.75275448387875,-3.4681168886937));
#1771=CARTESIAN_POINT('Ctrl Pts',(3.70290840177287,-9.61037919689938,-6.709291781301));
#1772=CARTESIAN_POINT('Ctrl Pts',(-0.703488315345252,-9.4679999585986,-7.62911211429336));
#1773=CARTESIAN_POINT('Ctrl Pts',(-4.86723948700141,-9.32562406505418,-5.91929077492774));
#1774=CARTESIAN_POINT('Ctrl Pts',(-7.352185557638,-9.1832456574258,-2.15963405815178));
#1775=CARTESIAN_POINT('Ctrl Pts',(-7.29430140894336,-9.0408689446957,2.33470852757338));
#1776=CARTESIAN_POINT('Ctrl Pts',(-4.44158917523352,-8.88267125624088,6.45593264789685));
#1777=CARTESIAN_POINT('Ctrl Pts',(1.04434937941,-8.7086554584151,7.95813638789932));
#1778=CARTESIAN_POINT('Ctrl Pts',(6.42320363862906,-8.51881762612433,4.82178133561601));
#1779=CARTESIAN_POINT('Ctrl Pts',(7.80121651838484,-8.344801613548,-0.699546263605886));
#1780=CARTESIAN_POINT('Ctrl Pts',(5.6183763509228,-8.18660356388224,-5.20642284865244));
#1781=CARTESIAN_POINT('Ctrl Pts',(1.72887893113518,-8.0442284307262,-7.46544344192781));
#1782=CARTESIAN_POINT('Ctrl Pts',(-2.76487991294187,-7.90184822361133,-7.14657295614289));
#1783=CARTESIAN_POINT('Ctrl Pts',(-6.30047619564896,-7.75947381565046,-4.36058829514594));
#1784=CARTESIAN_POINT('Ctrl Pts',(-7.66227972681657,-7.61709377253997,-0.0686517882149801));
#1785=CARTESIAN_POINT('Ctrl Pts',(-6.37837119932788,-7.47471829891057,4.24635695219359));
#1786=CARTESIAN_POINT('Ctrl Pts',(-2.89128162435373,-7.33234057952215,7.09638612933319));
#1787=CARTESIAN_POINT('Ctrl Pts',(0.0968860740978669,-7.23741982339669,
7.36094147427326));
#1788=CARTESIAN_POINT('Ctrl Pts',(1.50085018852455,-7.18996247291359,7.06258887465677));
#1789=CARTESIAN_POINT('Ctrl Pts',(-7.04326647708605,-15.0635897886598,-1.44342183769504));
#1790=CARTESIAN_POINT('Ctrl Pts',(-7.33020785676497,-15.0161318753104,-0.0432744302795648));
#1791=CARTESIAN_POINT('Ctrl Pts',(-7.04518361383642,-14.9212116069219,2.93019676278675));
#1792=CARTESIAN_POINT('Ctrl Pts',(-4.18216447192941,-14.7788346375408,6.38178534582833));
#1793=CARTESIAN_POINT('Ctrl Pts',(0.123690793052732,-14.6364591223571,7.62906976096247));
#1794=CARTESIAN_POINT('Ctrl Pts',(4.38745252872463,-14.4940792447957,6.24206900483974));
#1795=CARTESIAN_POINT('Ctrl Pts',(7.13603028125086,-14.3517043847756,2.70148020647711));
#1796=CARTESIAN_POINT('Ctrl Pts',(7.42105840083036,-14.2093249037043,-1.77543030606339));
#1797=CARTESIAN_POINT('Ctrl Pts',(5.14364279399695,-14.066948840902,-5.63191586866752));
#1798=CARTESIAN_POINT('Ctrl Pts',(0.640164619597861,-13.9087518019168,-7.77309723934621));
#1799=CARTESIAN_POINT('Ctrl Pts',(-4.84740129510637,-13.7347341472136,-6.36063890722618));
#1800=CARTESIAN_POINT('Ctrl Pts',(-7.93258757726029,-13.5448981131892,-0.982786817154984));
#1801=CARTESIAN_POINT('Ctrl Pts',(-6.39488714236011,-13.370881560684,4.46936093537423));
#1802=CARTESIAN_POINT('Ctrl Pts',(-2.27365714727469,-13.2126836060918,7.28007075740991));
#1803=CARTESIAN_POINT('Ctrl Pts',(2.20607910606688,-13.0703075974917,7.30515553077567));
#1804=CARTESIAN_POINT('Ctrl Pts',(5.9242711127613,-12.9279288198904,4.80374750283824));
#1805=CARTESIAN_POINT('Ctrl Pts',(7.79861056714835,-12.7697325403058,0.183059515656482));
#1806=CARTESIAN_POINT('Ctrl Pts',(6.0606835894364,-12.5957152303855,-5.21175753132938));
#1807=CARTESIAN_POINT('Ctrl Pts',(0.519502826026955,-12.405878337013,-7.97825049740488));
#1808=CARTESIAN_POINT('Ctrl Pts',(-5.33023338683507,-12.2160425421132,-5.95356524766105));
#1809=CARTESIAN_POINT('Ctrl Pts',(-7.98604583005573,-12.0262053405049,-0.365343304178632));
#1810=CARTESIAN_POINT('Ctrl Pts',(-5.84975639987625,-11.8363690666386,5.44681986994221));
#1811=CARTESIAN_POINT('Ctrl Pts',(-0.207342462426182,-11.646532839358,7.99014153703473));
#1812=CARTESIAN_POINT('Ctrl Pts',(5.55861238431566,-11.4566962169602,5.74216223329341));
#1813=CARTESIAN_POINT('Ctrl Pts',(7.9950057677413,-11.2668606284699,0.0521894329015108));
#1814=CARTESIAN_POINT('Ctrl Pts',(5.63087170318693,-11.0770234797597,-5.67312862207399));
#1815=CARTESIAN_POINT('Ctrl Pts',(0.535663614818511,-10.9082802701764,-7.72682321264351));
#1816=CARTESIAN_POINT('Ctrl Pts',(-3.89754180921955,-10.7606300336451,-6.44580298673171));
#1817=CARTESIAN_POINT('Ctrl Pts',(-6.6182534622652,-10.6340716172162,-3.59769595987003));
#1818=CARTESIAN_POINT('Ctrl Pts',(-7.69332669737438,-10.4864214468494,0.89022874381837));
#1819=CARTESIAN_POINT('Ctrl Pts',(-5.41075172951961,-10.3176780576199,5.8850056694865));
#1820=CARTESIAN_POINT('Ctrl Pts',(0.423229552629807,-10.1278416211206,7.98419224651011));
#1821=CARTESIAN_POINT('Ctrl Pts',(5.52072586317673,-9.9538239821009,5.51210414066589));
#1822=CARTESIAN_POINT('Ctrl Pts',(7.56583144768454,-9.79562820872907,0.962032670830893));
#1823=CARTESIAN_POINT('Ctrl Pts',(6.80577286098969,-9.65324886123124,-3.45018791794914));
#1824=CARTESIAN_POINT('Ctrl Pts',(3.69034036654892,-9.51087357425186,-6.67907419627917));
#1825=CARTESIAN_POINT('Ctrl Pts',(-0.696920582520763,-9.36849433595108,
-7.59705899423135));
#1826=CARTESIAN_POINT('Ctrl Pts',(-4.84380029026365,-9.22611844240667,-5.8964500447437));
#1827=CARTESIAN_POINT('Ctrl Pts',(-7.31996409391731,-9.08374003477829,-2.15391871626333));
#1828=CARTESIAN_POINT('Ctrl Pts',(-7.26443441576377,-8.94136332204816,2.32137392960409));
#1829=CARTESIAN_POINT('Ctrl Pts',(-4.42576850294166,-8.78316563359336,6.42644357588331));
#1830=CARTESIAN_POINT('Ctrl Pts',(1.03618088858326,-8.60914983576757,7.92484629947088));
#1831=CARTESIAN_POINT('Ctrl Pts',(6.39367666667905,-8.41931200347681,4.80432896745858));
#1832=CARTESIAN_POINT('Ctrl Pts',(7.76843028903814,-8.24529599090047,-0.692913258781205));
#1833=CARTESIAN_POINT('Ctrl Pts',(5.59697254892589,-8.08709794123473,-5.18168571869677));
#1834=CARTESIAN_POINT('Ctrl Pts',(1.72504488156973,-7.94472280807867,-7.43294288531569));
#1835=CARTESIAN_POINT('Ctrl Pts',(-2.74978831648045,-7.80234260096381,-7.11753588421277));
#1836=CARTESIAN_POINT('Ctrl Pts',(-6.27168580768183,-7.65996819300295,-4.34503667218469));
#1837=CARTESIAN_POINT('Ctrl Pts',(-7.62972220398717,-7.51758814989244,-0.0719576650223951));
#1838=CARTESIAN_POINT('Ctrl Pts',(-6.35329248551757,-7.37521267626307,4.22533793887393));
#1839=CARTESIAN_POINT('Ctrl Pts',(-2.88233598925383,-7.23283495687463,7.06490645951584));
#1840=CARTESIAN_POINT('Ctrl Pts',(0.0930112786195814,-7.13791420074917,
7.32974183178688));
#1841=CARTESIAN_POINT('Ctrl Pts',(1.49116362070578,-7.09045685026607,7.03331360917902));
#1842=CARTESIAN_POINT('Ctrl Pts',(-6.99133980570557,-15.0149480203523,-1.4344987632222));
#1843=CARTESIAN_POINT('Ctrl Pts',(-7.27650009334834,-14.9674901070029,-0.0447080168886071));
#1844=CARTESIAN_POINT('Ctrl Pts',(-6.99426362918229,-14.8725698386144,2.90710240303663));
#1845=CARTESIAN_POINT('Ctrl Pts',(-4.15302263747633,-14.7301928692333,6.33404846643688));
#1846=CARTESIAN_POINT('Ctrl Pts',(0.120997812042227,-14.5878173540497,7.5732184896552));
#1847=CARTESIAN_POINT('Ctrl Pts',(4.35385200483156,-14.4454374764881,6.19736920549197));
#1848=CARTESIAN_POINT('Ctrl Pts',(7.083123992553,-14.3030626164681,2.68336364243535));
#1849=CARTESIAN_POINT('Ctrl Pts',(7.36711376407169,-14.1606831353968,-1.76068833135764));
#1850=CARTESIAN_POINT('Ctrl Pts',(5.1072815648936,-14.0183070725945,-5.58945450767576));
#1851=CARTESIAN_POINT('Ctrl Pts',(0.637300405239203,-13.8601100336092,-7.71601051793757));
#1852=CARTESIAN_POINT('Ctrl Pts',(-4.81040659985263,-13.6860923789061,-6.31517343885305));
#1853=CARTESIAN_POINT('Ctrl Pts',(-7.87425142128035,-13.4962563448817,-0.977446367303487));
#1854=CARTESIAN_POINT('Ctrl Pts',(-6.34908792828711,-13.3222397923765,4.43512012457811));
#1855=CARTESIAN_POINT('Ctrl Pts',(-2.25870699440433,-13.1640418377843,7.22621238669647));
#1856=CARTESIAN_POINT('Ctrl Pts',(2.18820841369777,-13.0216658291842,7.25215935769568));
#1857=CARTESIAN_POINT('Ctrl Pts',(5.87974961309462,-12.8792870515829,4.76994509527831));
#1858=CARTESIAN_POINT('Ctrl Pts',(7.74144062867725,-12.7210907719982,0.183549808659897));
#1859=CARTESIAN_POINT('Ctrl Pts',(6.01750413521181,-12.547073462078,-5.17216832616265));
#1860=CARTESIAN_POINT('Ctrl Pts',(0.517573919112291,-12.3572365687054,-7.91968011347707));
#1861=CARTESIAN_POINT('Ctrl Pts',(-5.28980280810794,-12.1674007738057,-5.91120112413067));
#1862=CARTESIAN_POINT('Ctrl Pts',(-7.92745354355511,-11.9775635721974,-0.364543219494236));
#1863=CARTESIAN_POINT('Ctrl Pts',(-5.80818365573254,-11.7877272983311,5.40555477238583));
#1864=CARTESIAN_POINT('Ctrl Pts',(-0.207694803199834,-11.5978910710505,
7.93155954291149));
#1865=CARTESIAN_POINT('Ctrl Pts',(5.51655270737673,-11.4080544486527,5.70140588425722));
#1866=CARTESIAN_POINT('Ctrl Pts',(7.93642044180106,-11.2182188601623,0.053671300247499));
#1867=CARTESIAN_POINT('Ctrl Pts',(5.59096340331671,-11.0283817114522,-5.63024900286642));
#1868=CARTESIAN_POINT('Ctrl Pts',(0.533536243790223,-10.859638501869,-7.67009635503761));
#1869=CARTESIAN_POINT('Ctrl Pts',(-3.86748038626999,-10.7119882653376,-6.39949746789053));
#1870=CARTESIAN_POINT('Ctrl Pts',(-6.56893047476374,-10.5854298489087,-3.57289534607768));
#1871=CARTESIAN_POINT('Ctrl Pts',(-7.63717766323089,-10.4377796785419,0.881900404116043));
#1872=CARTESIAN_POINT('Ctrl Pts',(-5.37249352265484,-10.2690362893124,5.84063565265947));
#1873=CARTESIAN_POINT('Ctrl Pts',(0.418259819206984,-10.0791998528131,7.92580200559828));
#1874=CARTESIAN_POINT('Ctrl Pts',(5.47899167062977,-9.90518221379338,5.47302179941339));
#1875=CARTESIAN_POINT('Ctrl Pts',(7.51018631127233,-9.74698644042156,0.956755406485327));
#1876=CARTESIAN_POINT('Ctrl Pts',(6.75672590829242,-9.60460709292372,-3.42331982452263));
#1877=CARTESIAN_POINT('Ctrl Pts',(3.66487192971442,-9.46223180594435,-6.62928458016781));
#1878=CARTESIAN_POINT('Ctrl Pts',(-0.690036287538621,-9.31985256764357,
-7.54157155051436));
#1879=CARTESIAN_POINT('Ctrl Pts',(-4.80693825648032,-9.17747667409915,-5.85439141762657));
#1880=CARTESIAN_POINT('Ctrl Pts',(-7.26583735903199,-9.03509826647078,-2.13985468374245));
#1881=CARTESIAN_POINT('Ctrl Pts',(-7.21176772773808,-8.89272155374065,2.30266806839371));
#1882=CARTESIAN_POINT('Ctrl Pts',(-4.394845771832,-8.73452386528586,6.37833254114268));
#1883=CARTESIAN_POINT('Ctrl Pts',(1.02673224614275,-8.56050806746006,7.86703895169785));
#1884=CARTESIAN_POINT('Ctrl Pts',(6.3457102372043,-8.37067023516931,4.77063693286789));
#1885=CARTESIAN_POINT('Ctrl Pts',(7.71168948970005,-8.19665422259296,-0.686023639373908));
#1886=CARTESIAN_POINT('Ctrl Pts',(5.55718517935641,-8.03845617292721,-5.14241628779707));
#1887=CARTESIAN_POINT('Ctrl Pts',(1.71415017342859,-7.89608103977116,-7.37809156150385));
#1888=CARTESIAN_POINT('Ctrl Pts',(-2.72798015643395,-7.7537008326563,-7.06604154452635));
#1889=CARTESIAN_POINT('Ctrl Pts',(-6.22472424174608,-7.61132642469543,-4.31467712690032));
#1890=CARTESIAN_POINT('Ctrl Pts',(-7.57382033067586,-7.46894638158493,-0.0732167415937861));
#1891=CARTESIAN_POINT('Ctrl Pts',(-6.30773306154527,-7.32657090795555,4.1928978230615));
#1892=CARTESIAN_POINT('Ctrl Pts',(-2.86289631324178,-7.18419318856712,7.01248073971548));
#1893=CARTESIAN_POINT('Ctrl Pts',(0.0906477067400188,-7.08927243244166,
7.27606969524456));
#1894=CARTESIAN_POINT('Ctrl Pts',(1.47859454636053,-7.04181508195855,6.98214702996164));
#1895=CARTESIAN_POINT('Ctrl Pts',(-6.96584035677095,-15.,-1.42980629269145));
#1896=CARTESIAN_POINT('Ctrl Pts',(-7.25007332634009,-14.9525420866506,-0.0450582325730087));
#1897=CARTESIAN_POINT('Ctrl Pts',(-6.96907780403642,-14.8576218182621,2.89601186700867));
#1898=CARTESIAN_POINT('Ctrl Pts',(-4.13841046894937,-14.715244848881,6.31074578552076));
#1899=CARTESIAN_POINT('Ctrl Pts',(0.11999786911806,-14.5728693336974,7.5457214401685));
#1900=CARTESIAN_POINT('Ctrl Pts',(4.33758158570325,-14.4304894561359,6.17518755731001));
#1901=CARTESIAN_POINT('Ctrl Pts',(7.0572029821167,-14.2881145961159,2.67414235409942));
#1902=CARTESIAN_POINT('Ctrl Pts',(7.34048962656748,-14.1457351150445,-1.75374774816952));
#1903=CARTESIAN_POINT('Ctrl Pts',(5.08914941130545,-14.0033590522422,-5.56877925374116));
#1904=CARTESIAN_POINT('Ctrl Pts',(0.63555364724716,-13.845162013257,-7.68793993132297));
#1905=CARTESIAN_POINT('Ctrl Pts',(-4.79246728887632,-13.6711443585538,-6.29260151910223));
#1906=CARTESIAN_POINT('Ctrl Pts',(-7.84558169016283,-13.4813083245294,-0.974478995347556));
#1907=CARTESIAN_POINT('Ctrl Pts',(-6.32636066633409,-13.3072917720242,4.41854681212391));
#1908=CARTESIAN_POINT('Ctrl Pts',(-2.2510394186069,-13.149093817432,7.19980098490734));
#1909=CARTESIAN_POINT('Ctrl Pts',(2.17972475461339,-13.0067178088319,7.2259854174488));
#1910=CARTESIAN_POINT('Ctrl Pts',(5.85804369830713,-12.8643390312306,4.75305907812224));
#1911=CARTESIAN_POINT('Ctrl Pts',(7.71331389098791,-12.706142751646,0.183452641547866));
#1912=CARTESIAN_POINT('Ctrl Pts',(5.99603735979613,-12.5321254417257,-5.15293401648148));
#1913=CARTESIAN_POINT('Ctrl Pts',(0.516274391627037,-12.3422885483532,-7.89088578378264));
#1914=CARTESIAN_POINT('Ctrl Pts',(-5.27014808074297,-12.1524527534534,-5.89012685663743));
#1915=CARTESIAN_POINT('Ctrl Pts',(-7.89864301829853,-11.9626155518451,-0.363801745973789));
#1916=CARTESIAN_POINT('Ctrl Pts',(-5.78748923888906,-11.7727792779788,5.38549100982753));
#1917=CARTESIAN_POINT('Ctrl Pts',(-0.207527820631862,-11.5829430506982,
7.90274319852002));
#1918=CARTESIAN_POINT('Ctrl Pts',(5.49609442077205,-11.3931064283004,5.68110586118932));
#1919=CARTESIAN_POINT('Ctrl Pts',(7.90760098852737,-11.2032708398101,0.0540702934657822));
#1920=CARTESIAN_POINT('Ctrl Pts',(5.57106822269208,-11.0134336910999,-5.60939149446579));
#1921=CARTESIAN_POINT('Ctrl Pts',(0.532176644592967,-10.8446904815167,-7.64220300828349));
#1922=CARTESIAN_POINT('Ctrl Pts',(-3.85296274541436,-10.6970402449853,-6.37654467363494));
#1923=CARTESIAN_POINT('Ctrl Pts',(-6.54481064766622,-10.5704818285565,-3.56040390952171));
#1924=CARTESIAN_POINT('Ctrl Pts',(-7.60950974102764,-10.4228316581896,0.878136531635563));
#1925=CARTESIAN_POINT('Ctrl Pts',(-5.35341656206103,-10.2540882689601,5.81902253395972));
#1926=CARTESIAN_POINT('Ctrl Pts',(0.416153805974915,-10.0642518324609,7.89705253134734));
#1927=CARTESIAN_POINT('Ctrl Pts',(5.45869127417927,-9.8902341934411,5.45355017768318));
#1928=CARTESIAN_POINT('Ctrl Pts',(7.48284056399732,-9.73203842006928,0.953838496364696));
#1929=CARTESIAN_POINT('Ctrl Pts',(6.73244278532178,-9.58965907257144,-3.41038821821572));
#1930=CARTESIAN_POINT('Ctrl Pts',(3.65205358817517,-9.44728378559206,-6.60493831671087));
#1931=CARTESIAN_POINT('Ctrl Pts',(-0.686972030984821,-9.30490454729128,
-7.51423534440506));
#1932=CARTESIAN_POINT('Ctrl Pts',(-4.78904750478335,-9.16252865374687,-5.83348688407264));
#1933=CARTESIAN_POINT('Ctrl Pts',(-7.23929408131398,-9.02015024611848,-2.13262190483));
#1934=CARTESIAN_POINT('Ctrl Pts',(-7.18574571127077,-8.87777353338838,2.29377183099732));
#1935=CARTESIAN_POINT('Ctrl Pts',(-4.37936404338818,-8.71957584493357,6.35484342186002));
#1936=CARTESIAN_POINT('Ctrl Pts',(1.02242302540971,-8.54556004710779,7.83854435407645));
#1937=CARTESIAN_POINT('Ctrl Pts',(6.32231694679217,-8.35572221481701,4.7537792548309));
#1938=CARTESIAN_POINT('Ctrl Pts',(7.68373296042763,-8.18170620224068,-0.682957141577145));
#1939=CARTESIAN_POINT('Ctrl Pts',(5.53738604295934,-8.02350815257492,-5.12333112417039));
#1940=CARTESIAN_POINT('Ctrl Pts',(1.70847070705318,-7.88113301941889,-7.35117015955139));
#1941=CARTESIAN_POINT('Ctrl Pts',(-2.71754899395437,-7.73875281230401,-7.04058335904563));
#1942=CARTESIAN_POINT('Ctrl Pts',(-6.20180124136266,-7.59637840434316,-4.2994689418019));
#1943=CARTESIAN_POINT('Ctrl Pts',(-7.54630672165035,-7.45399836123264,-0.0735121124997837));
#1944=CARTESIAN_POINT('Ctrl Pts',(-6.28514404055131,-7.31162288760327,4.17720459549291));
#1945=CARTESIAN_POINT('Ctrl Pts',(-2.85300365575275,-7.16924516821483,6.98680143725433));
#1946=CARTESIAN_POINT('Ctrl Pts',(0.0897533264421604,-7.07432441208938,
7.24965450355817));
#1947=CARTESIAN_POINT('Ctrl Pts',(1.47270706510811,-7.02686706160627,6.95689670837648));
#1948=CARTESIAN_POINT('',(-6.96584035677094,-15.,-1.42980629269145));
#1949=CARTESIAN_POINT('Ctrl Pts',(1.47270706510811,-7.02686706160627,6.95689670837648));
#1950=CARTESIAN_POINT('Ctrl Pts',(0.0897533264421604,-7.07432441208938,
7.24965450355817));
#1951=CARTESIAN_POINT('Ctrl Pts',(-2.85300365575275,-7.16924516821483,6.98680143725433));
#1952=CARTESIAN_POINT('Ctrl Pts',(-6.28514404055131,-7.31162288760327,4.17720459549291));
#1953=CARTESIAN_POINT('Ctrl Pts',(-7.54630672165035,-7.45399836123264,-0.0735121124997837));
#1954=CARTESIAN_POINT('Ctrl Pts',(-6.20180124136266,-7.59637840434316,-4.2994689418019));
#1955=CARTESIAN_POINT('Ctrl Pts',(-2.71754899395437,-7.73875281230401,-7.04058335904563));
#1956=CARTESIAN_POINT('Ctrl Pts',(1.70847070705318,-7.88113301941889,-7.35117015955139));
#1957=CARTESIAN_POINT('Ctrl Pts',(5.53738604295934,-8.02350815257492,-5.12333112417039));
#1958=CARTESIAN_POINT('Ctrl Pts',(7.68373296042763,-8.18170620224068,-0.682957141577145));
#1959=CARTESIAN_POINT('Ctrl Pts',(6.32231694679217,-8.35572221481701,4.7537792548309));
#1960=CARTESIAN_POINT('Ctrl Pts',(1.02242302540971,-8.54556004710779,7.83854435407645));
#1961=CARTESIAN_POINT('Ctrl Pts',(-4.37936404338818,-8.71957584493357,6.35484342186002));
#1962=CARTESIAN_POINT('Ctrl Pts',(-7.18574571127077,-8.87777353338838,2.29377183099732));
#1963=CARTESIAN_POINT('Ctrl Pts',(-7.23929408131398,-9.02015024611848,-2.13262190483));
#1964=CARTESIAN_POINT('Ctrl Pts',(-4.78904750478335,-9.16252865374687,-5.83348688407264));
#1965=CARTESIAN_POINT('Ctrl Pts',(-0.686972030984821,-9.30490454729128,
-7.51423534440506));
#1966=CARTESIAN_POINT('Ctrl Pts',(3.65205358817517,-9.44728378559206,-6.60493831671087));
#1967=CARTESIAN_POINT('Ctrl Pts',(6.73244278532178,-9.58965907257144,-3.41038821821572));
#1968=CARTESIAN_POINT('Ctrl Pts',(7.48284056399732,-9.73203842006928,0.953838496364696));
#1969=CARTESIAN_POINT('Ctrl Pts',(5.45869127417927,-9.8902341934411,5.45355017768318));
#1970=CARTESIAN_POINT('Ctrl Pts',(0.416153805974915,-10.0642518324609,7.89705253134734));
#1971=CARTESIAN_POINT('Ctrl Pts',(-5.35341656206103,-10.2540882689601,5.81902253395972));
#1972=CARTESIAN_POINT('Ctrl Pts',(-7.60950974102764,-10.4228316581896,0.878136531635563));
#1973=CARTESIAN_POINT('Ctrl Pts',(-6.54481064766622,-10.5704818285565,-3.56040390952171));
#1974=CARTESIAN_POINT('Ctrl Pts',(-3.85296274541436,-10.6970402449853,-6.37654467363494));
#1975=CARTESIAN_POINT('Ctrl Pts',(0.532176644592967,-10.8446904815167,-7.64220300828349));
#1976=CARTESIAN_POINT('Ctrl Pts',(5.57106822269208,-11.0134336910999,-5.60939149446579));
#1977=CARTESIAN_POINT('Ctrl Pts',(7.90760098852737,-11.2032708398101,0.0540702934657822));
#1978=CARTESIAN_POINT('Ctrl Pts',(5.49609442077205,-11.3931064283004,5.68110586118932));
#1979=CARTESIAN_POINT('Ctrl Pts',(-0.207527820631862,-11.5829430506982,
7.90274319852002));
#1980=CARTESIAN_POINT('Ctrl Pts',(-5.78748923888906,-11.7727792779788,5.38549100982753));
#1981=CARTESIAN_POINT('Ctrl Pts',(-7.89864301829853,-11.9626155518451,-0.363801745973789));
#1982=CARTESIAN_POINT('Ctrl Pts',(-5.27014808074297,-12.1524527534534,-5.89012685663743));
#1983=CARTESIAN_POINT('Ctrl Pts',(0.516274391627037,-12.3422885483532,-7.89088578378264));
#1984=CARTESIAN_POINT('Ctrl Pts',(5.99603735979613,-12.5321254417257,-5.15293401648148));
#1985=CARTESIAN_POINT('Ctrl Pts',(7.71331389098791,-12.706142751646,0.183452641547866));
#1986=CARTESIAN_POINT('Ctrl Pts',(5.85804369830713,-12.8643390312306,4.75305907812224));
#1987=CARTESIAN_POINT('Ctrl Pts',(2.17972475461339,-13.0067178088319,7.2259854174488));
#1988=CARTESIAN_POINT('Ctrl Pts',(-2.2510394186069,-13.149093817432,7.19980098490734));
#1989=CARTESIAN_POINT('Ctrl Pts',(-6.32636066633409,-13.3072917720242,4.41854681212391));
#1990=CARTESIAN_POINT('Ctrl Pts',(-7.84558169016283,-13.4813083245294,-0.974478995347556));
#1991=CARTESIAN_POINT('Ctrl Pts',(-4.79246728887632,-13.6711443585538,-6.29260151910223));
#1992=CARTESIAN_POINT('Ctrl Pts',(0.63555364724716,-13.845162013257,-7.68793993132297));
#1993=CARTESIAN_POINT('Ctrl Pts',(5.08914941130545,-14.0033590522422,-5.56877925374116));
#1994=CARTESIAN_POINT('Ctrl Pts',(7.34048962656748,-14.1457351150445,-1.75374774816952));
#1995=CARTESIAN_POINT('Ctrl Pts',(7.0572029821167,-14.2881145961159,2.67414235409942));
#1996=CARTESIAN_POINT('Ctrl Pts',(4.33758158570325,-14.4304894561359,6.17518755731001));
#1997=CARTESIAN_POINT('Ctrl Pts',(0.11999786911806,-14.5728693336974,7.5457214401685));
#1998=CARTESIAN_POINT('Ctrl Pts',(-4.13841046894937,-14.715244848881,6.31074578552076));
#1999=CARTESIAN_POINT('Ctrl Pts',(-6.96907780403642,-14.8576218182621,2.89601186700867));
#2000=CARTESIAN_POINT('Ctrl Pts',(-7.25007332634009,-14.9525420866506,-0.0450582325730087));
#2001=CARTESIAN_POINT('Ctrl Pts',(-6.96584035677095,-15.,-1.42980629269145));
#2002=CARTESIAN_POINT('Ctrl Pts',(-2.24467160642405,-15.,6.74749785401615));
#2003=CARTESIAN_POINT('Ctrl Pts',(-2.84801834189368,-15.,6.58501179059406));
#2004=CARTESIAN_POINT('Ctrl Pts',(-3.63137056351501,-15.,6.26173280002341));
#2005=CARTESIAN_POINT('Ctrl Pts',(-5.14336244052714,-15.,5.12607883805778));
#2006=CARTESIAN_POINT('Ctrl Pts',(-5.75634410963734,-14.9999999999998,4.43749271408366));
#2007=CARTESIAN_POINT('Ctrl Pts',(-6.66107035552483,-14.9999999999998,2.89797412073648));
#2008=CARTESIAN_POINT('Ctrl Pts',(-6.95832517612981,-15.,2.06594331234959));
#2009=CARTESIAN_POINT('Ctrl Pts',(-7.16783512206496,-15.,0.702305389434411));
#2010=CARTESIAN_POINT('Ctrl Pts',(-7.18902542246714,-15.0000000000156,0.193823890987515));
#2011=CARTESIAN_POINT('Ctrl Pts',(-7.12370164926051,-15.0000000000156,-0.688373638856099));
#2012=CARTESIAN_POINT('Ctrl Pts',(-7.06233669336631,-15.,-1.06784282869931));
#2013=CARTESIAN_POINT('Ctrl Pts',(-6.96584035677097,-15.,-1.42980629269134));
#2014=CARTESIAN_POINT('Ctrl Pts',(-0.398356704456773,-15.3132885285906,
-7.09990069273179));
#2015=CARTESIAN_POINT('Ctrl Pts',(-1.86525032742988,-15.2639645912871,-7.01759715994655));
#2016=CARTESIAN_POINT('Ctrl Pts',(-4.74301142373355,-15.1653167166802,-5.91664756895389));
#2017=CARTESIAN_POINT('Ctrl Pts',(-7.29779215515691,-15.0173449047697,-2.05947322851548));
#2018=CARTESIAN_POINT('Ctrl Pts',(-7.1368068083771,-14.8693730928593,2.5624211584358));
#2019=CARTESIAN_POINT('Ctrl Pts',(-4.32005958931461,-14.7214012809489,6.23120828542589));
#2020=CARTESIAN_POINT('Ctrl Pts',(0.101721441291811,-14.5734294690384,7.58264344927723));
#2021=CARTESIAN_POINT('Ctrl Pts',(4.4904946901838,-14.425457657128,6.11063626691838));
#2022=CARTESIAN_POINT('Ctrl Pts',(7.19882323208641,-14.2774858452176,2.37037196011872));
#2023=CARTESIAN_POINT('Ctrl Pts',(7.25363885305313,-14.1130727208726,-2.77691520175032));
#2024=CARTESIAN_POINT('Ctrl Pts',(3.41494795822282,-13.9322182840932,-7.20524346091951));
#2025=CARTESIAN_POINT('Ctrl Pts',(-2.98961181350171,-13.7349225348793,-7.39429908099805));
#2026=CARTESIAN_POINT('Ctrl Pts',(-7.46424707204929,-13.5376267856654,-2.80411351746838));
#2027=CARTESIAN_POINT('Ctrl Pts',(-7.15477617501031,-13.3622527863641,2.86808507085642));
#2028=CARTESIAN_POINT('Ctrl Pts',(-3.92684868180425,-13.2088005369755,6.36215050040171));
#2029=CARTESIAN_POINT('Ctrl Pts',(-0.0220537862501268,-13.0772700374996,
7.48245926892468));
#2030=CARTESIAN_POINT('Ctrl Pts',(3.90153925478086,-12.9457395380236,6.38298895758366));
#2031=CARTESIAN_POINT('Ctrl Pts',(6.66507151314801,-12.8142090385477,3.39798919938012));
#2032=CARTESIAN_POINT('Ctrl Pts',(7.4566668050935,-12.6826785390718,-0.594822031514566));
#2033=CARTESIAN_POINT('Ctrl Pts',(6.04410166426783,-12.5511480395958,-4.40997249035251));
#2034=CARTESIAN_POINT('Ctrl Pts',(2.83767496917421,-12.4196175401199,-6.92216432748219));
#2035=CARTESIAN_POINT('Ctrl Pts',(-1.19983830093652,-12.2880870406439,-7.38061796348387));
#2036=CARTESIAN_POINT('Ctrl Pts',(-5.51553366540137,-12.1346347912554,-5.38174679676447));
#2037=CARTESIAN_POINT('Ctrl Pts',(-7.97135973585025,-11.9592607919541,-0.258907351817718));
#2038=CARTESIAN_POINT('Ctrl Pts',(-5.58443805281969,-11.7619650427402,5.69306418331606));
#2039=CARTESIAN_POINT('Ctrl Pts',(0.399600703354564,-11.5646692935263,7.96047861161145));
#2040=CARTESIAN_POINT('Ctrl Pts',(6.12965935549719,-11.3673735443123,5.10384008512278));
#2041=CARTESIAN_POINT('Ctrl Pts',(7.90345283781298,-11.1700777950985,-1.05562520675711));
#2042=CARTESIAN_POINT('Ctrl Pts',(4.94873375536544,-10.9947037957972,-5.90826024150862));
#2043=CARTESIAN_POINT('Ctrl Pts',(0.451392097218584,-10.8412515464086,-7.46442707618854));
#2044=CARTESIAN_POINT('Ctrl Pts',(-3.51422463214967,-10.7097210469326,-6.60029481718361));
#2045=CARTESIAN_POINT('Ctrl Pts',(-6.95628740604064,-10.556268797544,-3.31797619863182));
#2046=CARTESIAN_POINT('Ctrl Pts',(-7.62999450256527,-10.3808947982428,2.33084191890818));
#2047=CARTESIAN_POINT('Ctrl Pts',(-4.14738326362479,-10.2164816738979,6.3705027072601));
#2048=CARTESIAN_POINT('Ctrl Pts',(-0.25150473622248,-10.0849511744219,7.30541182173418));
#2049=CARTESIAN_POINT('Ctrl Pts',(3.1968842059638,-9.96986198738047,6.71991333582366));
#2050=CARTESIAN_POINT('Ctrl Pts',(6.37511549287374,-9.83833148790453,4.10720662905773));
#2051=CARTESIAN_POINT('Ctrl Pts',(7.57354895098342,-9.6903596759941,-0.358828219712324));
#2052=CARTESIAN_POINT('Ctrl Pts',(5.95723151420274,-9.54238786408366,-4.69241479789432));
#2053=CARTESIAN_POINT('Ctrl Pts',(2.12244614598032,-9.39441605217323,-7.27895052670761));
#2054=CARTESIAN_POINT('Ctrl Pts',(-2.49948005760724,-9.2464442402628,-7.15962146793134));
#2055=CARTESIAN_POINT('Ctrl Pts',(-6.19553553843599,-9.09847242835235,-4.37253419749578));
#2056=CARTESIAN_POINT('Ctrl Pts',(-7.57914084487141,-8.95050061644193,0.0332678723813405));
#2057=CARTESIAN_POINT('Ctrl Pts',(-5.99887158248408,-8.786087492097,4.93218130471093));
#2058=CARTESIAN_POINT('Ctrl Pts',(-0.958348818525131,-8.60523305531758,
7.92017622676384));
#2059=CARTESIAN_POINT('Ctrl Pts',(5.18267701811865,-8.40793730610366,6.06123209206666));
#2060=CARTESIAN_POINT('Ctrl Pts',(7.72633524404858,-8.22708286932425,0.782542991977808));
#2061=CARTESIAN_POINT('Ctrl Pts',(6.32868676894071,-8.06266974497932,-4.17076197772175));
#2062=CARTESIAN_POINT('Ctrl Pts',(2.73543550620962,-7.91469793306889,-7.07257594513434));
#2063=CARTESIAN_POINT('Ctrl Pts',(-1.88514501856482,-7.76672612115845,-7.34519833458789));
#2064=CARTESIAN_POINT('Ctrl Pts',(-5.79967680026889,-7.61875430924802,-4.88422592050067));
#2065=CARTESIAN_POINT('Ctrl Pts',(-7.55855711931249,-7.47078249733759,-0.606344515395928));
#2066=CARTESIAN_POINT('Ctrl Pts',(-6.50499737785728,-7.32281068542714,3.89671896619578));
#2067=CARTESIAN_POINT('Ctrl Pts',(-3.03017954879493,-7.17483887351672,6.9513209945374));
#2068=CARTESIAN_POINT('Ctrl Pts',(0.035359155770868,-7.07619099890976,7.2611692180647));
#2069=CARTESIAN_POINT('Ctrl Pts',(1.47270706510811,-7.02686706160628,6.9568967083765));
#2070=CARTESIAN_POINT('Ctrl Pts',(-0.388370364354845,-15.2088592488464,
-6.91930395858706));
#2071=CARTESIAN_POINT('Ctrl Pts',(-1.81795132489428,-15.1595353115429,-6.8390636781687));
#2072=CARTESIAN_POINT('Ctrl Pts',(-4.62249288651779,-15.0608874369359,-5.76605796071011));
#2073=CARTESIAN_POINT('Ctrl Pts',(-7.11221252442968,-14.9129156250255,-2.00693970510576));
#2074=CARTESIAN_POINT('Ctrl Pts',(-6.95522685064144,-14.7649438131151,2.49739181511055));
#2075=CARTESIAN_POINT('Ctrl Pts',(-4.2100491685626,-14.6169720012046,6.07280408951739));
#2076=CARTESIAN_POINT('Ctrl Pts',(0.0992900539937571,-14.4690001892942,
7.38977407864685));
#2077=CARTESIAN_POINT('Ctrl Pts',(4.37640299659741,-14.3210283773838,5.95511767793699));
#2078=CARTESIAN_POINT('Ctrl Pts',(7.01576730533151,-14.1730565654734,2.30993265071278));
#2079=CARTESIAN_POINT('Ctrl Pts',(7.06908281884376,-14.0086434411284,-2.70643252762079));
#2080=CARTESIAN_POINT('Ctrl Pts',(3.32793934858428,-13.827789004349,-7.02204571470048));
#2081=CARTESIAN_POINT('Ctrl Pts',(-2.91372201688479,-13.6304932551351,-7.20616092898414));
#2082=CARTESIAN_POINT('Ctrl Pts',(-7.27444891366357,-13.4331975059212,-2.73263637665318));
#2083=CARTESIAN_POINT('Ctrl Pts',(-6.97273287404301,-13.2578235066199,2.79528142544998));
#2084=CARTESIAN_POINT('Ctrl Pts',(-3.82683703011889,-13.1043712572313,6.20040765548773));
#2085=CARTESIAN_POINT('Ctrl Pts',(-0.0213389658492963,-12.9728407577554,
7.29214066435776));
#2086=CARTESIAN_POINT('Ctrl Pts',(3.80243345630134,-12.8413102582794,6.22055509117554));
#2087=CARTESIAN_POINT('Ctrl Pts',(6.49561288732758,-12.7097797588035,3.31142305015509));
#2088=CARTESIAN_POINT('Ctrl Pts',(7.26699155551088,-12.5782492593276,-0.579845861480195));
#2089=CARTESIAN_POINT('Ctrl Pts',(5.89027706272005,-12.4467187598516,-4.29792754002026));
#2090=CARTESIAN_POINT('Ctrl Pts',(2.76535532833259,-12.3151882603757,-6.74615492986926));
#2091=CARTESIAN_POINT('Ctrl Pts',(-1.16947175973649,-12.1836577608997,-7.19286460161933));
#2092=CARTESIAN_POINT('Ctrl Pts',(-5.37535474516352,-12.0302055115111,-5.24474669549646));
#2093=CARTESIAN_POINT('Ctrl Pts',(-7.76861064231196,-11.8548315122099,-0.252158021500208));
#2094=CARTESIAN_POINT('Ctrl Pts',(-5.44227877512271,-11.657535762996,5.54837387863576));
#2095=CARTESIAN_POINT('Ctrl Pts',(0.38960041909941,-11.460240013782,7.75799274128115));
#2096=CARTESIAN_POINT('Ctrl Pts',(5.97385421177266,-11.2629442645681,4.97389601224091));
#2097=CARTESIAN_POINT('Ctrl Pts',(7.70240394739303,-11.0656485153542,-1.02893752928174));
#2098=CARTESIAN_POINT('Ctrl Pts',(4.82273942138556,-10.890274516053,-5.75808327458874));
#2099=CARTESIAN_POINT('Ctrl Pts',(0.439757272622011,-10.7368222666644,-7.27457595638246));
#2100=CARTESIAN_POINT('Ctrl Pts',(-3.42497479018609,-10.6052917671884,-6.43234166239961));
#2101=CARTESIAN_POINT('Ctrl Pts',(-6.77941995270241,-10.4518395177999,-3.23343922026061));
#2102=CARTESIAN_POINT('Ctrl Pts',(-7.43587489984235,-10.2764655184986,2.27171301967271));
#2103=CARTESIAN_POINT('Ctrl Pts',(-4.04176206337594,-10.1120523941537,6.20855195653843));
#2104=CARTESIAN_POINT('Ctrl Pts',(-0.244957388976643,-9.98052189467771,
7.11960120156399));
#2105=CARTESIAN_POINT('Ctrl Pts',(3.11570849236878,-9.86543270763627,6.54892416679144));
#2106=CARTESIAN_POINT('Ctrl Pts',(6.21304658780462,-9.73390220816032,4.00260724093981));
#2107=CARTESIAN_POINT('Ctrl Pts',(7.38090561492412,-9.58593039624989,-0.349857041481473));
#2108=CARTESIAN_POINT('Ctrl Pts',(5.80561067815721,-9.43795858433945,-4.57318403863683));
#2109=CARTESIAN_POINT('Ctrl Pts',(2.0683112715635,-9.28998677242902,-7.09385143469416));
#2110=CARTESIAN_POINT('Ctrl Pts',(-2.43605211334176,-9.14201496051858,-6.97746250538756));
#2111=CARTESIAN_POINT('Ctrl Pts',(-6.03803977077353,-8.99404314860815,-4.26118979976724));
#2112=CARTESIAN_POINT('Ctrl Pts',(-7.38636197199317,-8.84607133669771,0.032577554440303));
#2113=CARTESIAN_POINT('Ctrl Pts',(-5.84618668568811,-8.68165821235278,4.80685285381149));
#2114=CARTESIAN_POINT('Ctrl Pts',(-0.933809993767615,-8.50080377557337,
7.71874338799991));
#2115=CARTESIAN_POINT('Ctrl Pts',(5.0509784003789,-8.30350802635944,5.906955881553));
#2116=CARTESIAN_POINT('Ctrl Pts',(7.52982920552434,-8.12265358958005,0.762479838600267));
#2117=CARTESIAN_POINT('Ctrl Pts',(6.16762856163482,-7.9582404652351,-4.06480728546289));
#2118=CARTESIAN_POINT('Ctrl Pts',(2.66571326978139,-7.81026865332469,-6.89273867112276));
#2119=CARTESIAN_POINT('Ctrl Pts',(-1.83734672457877,-7.66229684141423,-7.15833179098126));
#2120=CARTESIAN_POINT('Ctrl Pts',(-5.65226036550457,-7.51432502950382,-4.75987459924467));
#2121=CARTESIAN_POINT('Ctrl Pts',(-7.3663149544081,-7.36635321759336,-0.590766484548988));
#2122=CARTESIAN_POINT('Ctrl Pts',(-6.33946028208681,-7.21838140568295,3.79773828329529));
#2123=CARTESIAN_POINT('Ctrl Pts',(-2.95296288463854,-7.0704095937725,6.77457394437352));
#2124=CARTESIAN_POINT('Ctrl Pts',(0.0346091063189258,-6.97176171916555,
7.07647802717997));
#2125=CARTESIAN_POINT('Ctrl Pts',(1.43539129417748,-6.92243778186207,6.77991523869047));
#2126=CARTESIAN_POINT('Ctrl Pts',(-0.378389497317176,-15.1044297646808,
-6.73870703779691));
#2127=CARTESIAN_POINT('Ctrl Pts',(-1.77065775688959,-15.0551058273773,-6.66052888051151));
#2128=CARTESIAN_POINT('Ctrl Pts',(-4.50197898459726,-14.9564579527704,-5.61546479995262));
#2129=CARTESIAN_POINT('Ctrl Pts',(-6.9266346027248,-14.8084861408599,-1.95440059842101));
#2130=CARTESIAN_POINT('Ctrl Pts',(-6.77364504076266,-14.6605143289495,2.43236800992646));
#2131=CARTESIAN_POINT('Ctrl Pts',(-4.10003402348549,-14.5125425170391,5.91440332485229));
#2132=CARTESIAN_POINT('Ctrl Pts',(0.096864506252892,-14.3645707051286,7.19690475797502));
#2133=CARTESIAN_POINT('Ctrl Pts',(4.26231608350913,-14.2165988932182,5.79959573502942));
#2134=CARTESIAN_POINT('Ctrl Pts',(6.83271332519416,-14.0686270813078,2.24948783908135));
#2135=CARTESIAN_POINT('Ctrl Pts',(6.88452476948532,-13.9042139569628,-2.63595548505928));
#2136=CARTESIAN_POINT('Ctrl Pts',(3.24092524932577,-13.7233595201834,-6.83885071937775));
#2137=CARTESIAN_POINT('Ctrl Pts',(-2.83783796359907,-13.5260637709695,-7.01802060044703));
#2138=CARTESIAN_POINT('Ctrl Pts',(-7.0846530403188,-13.3287680217556,-2.66115353629068));
#2139=CARTESIAN_POINT('Ctrl Pts',(-6.79068748592905,-13.1533940224544,2.72248333666976));
#2140=CARTESIAN_POINT('Ctrl Pts',(-3.72682054646688,-12.9999417730657,6.03866794145477));
#2141=CARTESIAN_POINT('Ctrl Pts',(-0.0206183853679909,-12.8684112735898,
7.10182220352988));
#2142=CARTESIAN_POINT('Ctrl Pts',(3.70333263827625,-12.7368807741138,6.05811832877733));
#2143=CARTESIAN_POINT('Ctrl Pts',(6.32615698994866,-12.6053502746379,3.22485182708112));
#2144=CARTESIAN_POINT('Ctrl Pts',(7.07731597414367,-12.473819775162,-0.564875442548212));
#2145=CARTESIAN_POINT('Ctrl Pts',(5.73644916826455,-12.342289275686,-4.18588731737758));
#2146=CARTESIAN_POINT('Ctrl Pts',(2.69303040595262,-12.2107587762101,-6.57014783404563));
#2147=CARTESIAN_POINT('Ctrl Pts',(-1.13911092095166,-12.0792282767341,-7.00511044100829));
#2148=CARTESIAN_POINT('Ctrl Pts',(-5.23518006179247,-11.9257760273455,-5.10774243883541));
#2149=CARTESIAN_POINT('Ctrl Pts',(-7.56586188273238,-11.7504020280443,-0.245402558467178));
#2150=CARTESIAN_POINT('Ctrl Pts',(-5.30011520893757,-11.5531062788304,5.40368796967055));
#2151=CARTESIAN_POINT('Ctrl Pts',(0.379606270548237,-11.3558105296165,7.55550669787442));
#2152=CARTESIAN_POINT('Ctrl Pts',(5.81805310076316,-11.1585147804025,4.8439473065162));
#2153=CARTESIAN_POINT('Ctrl Pts',(7.50135437820184,-10.9612190311887,-1.0022559546841));
#2154=CARTESIAN_POINT('Ctrl Pts',(4.69674062210354,-10.7858450318874,-5.60791021725393));
#2155=CARTESIAN_POINT('Ctrl Pts',(0.428116708895068,-10.6323927824988,-7.08472531034268));
#2156=CARTESIAN_POINT('Ctrl Pts',(-3.33573008925842,-10.5008622830228,-6.26438591370334));
#2157=CARTESIAN_POINT('Ctrl Pts',(-6.6025551716087,-10.3474100336343,-3.14889694249046));
#2158=CARTESIAN_POINT('Ctrl Pts',(-7.24175363155916,-10.172036034333,2.21259003423072));
#2159=CARTESIAN_POINT('Ctrl Pts',(-3.93613602841203,-10.0076229099881,6.04660450627191));
#2160=CARTESIAN_POINT('Ctrl Pts',(-0.238404421706676,-9.87609241051214,
6.9337908988256));
#2161=CARTESIAN_POINT('Ctrl Pts',(3.03453800659601,-9.76100322347067,6.37793265014539));
#2162=CARTESIAN_POINT('Ctrl Pts',(6.05098095257926,-9.62947272399475,3.89800301410109));
#2163=CARTESIAN_POINT('Ctrl Pts',(7.18826213069955,-9.48150091208429,-0.340891700158525));
#2164=CARTESIAN_POINT('Ctrl Pts',(5.65398633015274,-9.33352910017388,-4.45395794517216));
#2165=CARTESIAN_POINT('Ctrl Pts',(2.01417082901765,-9.18555728826342,-6.90875409980704));
#2166=CARTESIAN_POINT('Ctrl Pts',(-2.37262972351247,-9.03758547635301,-6.79530173959302));
#2167=CARTESIAN_POINT('Ctrl Pts',(-5.88054747424262,-8.88961366444255,-4.14984070600441));
#2168=CARTESIAN_POINT('Ctrl Pts',(-7.19358320169853,-8.74164185253213,0.0318930721063113));
#2169=CARTESIAN_POINT('Ctrl Pts',(-5.69349809289283,-8.5772287281872,4.68152910494187));
#2170=CARTESIAN_POINT('Ctrl Pts',(-0.909265087830133,-8.39637429140778,
7.51731142087779));
#2171=CARTESIAN_POINT('Ctrl Pts',(4.91928453709309,-8.19907854219387,5.75267578346971));
#2172=CARTESIAN_POINT('Ctrl Pts',(7.33332389990177,-8.01822410541445,0.742410750004093));
#2173=CARTESIAN_POINT('Ctrl Pts',(6.00656725036985,-7.85381098106953,-3.95885753616139));
#2174=CARTESIAN_POINT('Ctrl Pts',(2.59598563442066,-7.70583916915909,-6.71290362271449));
#2175=CARTESIAN_POINT('Ctrl Pts',(-1.78955411747805,-7.55786735724865,-6.97146392015889));
#2176=CARTESIAN_POINT('Ctrl Pts',(-5.50484778916726,-7.40989554533823,-4.63551889553735));
#2177=CARTESIAN_POINT('Ctrl Pts',(-7.1740733841086,-7.26192373342778,-0.575182644439366));
#2178=CARTESIAN_POINT('Ctrl Pts',(-6.17392029627947,-7.11395192151737,3.69876267401269));
#2179=CARTESIAN_POINT('Ctrl Pts',(-2.87574091985247,-6.96598010960692,6.597829345605));
#2180=CARTESIAN_POINT('Ctrl Pts',(0.0338646476932239,-6.86733223499996,
6.8917869303339));
#2181=CARTESIAN_POINT('Ctrl Pts',(1.39808090437677,-6.81800829769649,6.60293275278119));
#2182=CARTESIAN_POINT('Ctrl Pts',(-0.368415567415422,-14.9999999998031,
-6.55810989292692));
#2183=CARTESIAN_POINT('Ctrl Pts',(-1.72337107975652,-14.9506760624996,-6.48199242736871));
#2184=CARTESIAN_POINT('Ctrl Pts',(-4.38147096569008,-14.8520281878927,-5.46486714726461));
#2185=CARTESIAN_POINT('Ctrl Pts',(-6.74105885981264,-14.7040563759822,-1.90185441920205));
#2186=CARTESIAN_POINT('Ctrl Pts',(-6.59206089605372,-14.5560845640718,2.36735122815192));
#2187=CARTESIAN_POINT('Ctrl Pts',(-3.99001289848612,-14.4081127521614,5.7560069198236));
#2188=CARTESIAN_POINT('Ctrl Pts',(0.0944463596216828,-14.2601409402509,
7.00403551393392));
#2189=CARTESIAN_POINT('Ctrl Pts',(4.14823523700864,-14.1121691283405,5.64406955216204));
#2190=CARTESIAN_POINT('Ctrl Pts',(6.64966182480516,-13.9641973164301,2.1890360582072));
#2191=CARTESIAN_POINT('Ctrl Pts',(6.69996417890165,-13.7997841920851,-2.5654855847002));
#2192=CARTESIAN_POINT('Ctrl Pts',(3.1539041986422,-13.6189297553057,-6.6556592231434));
#2193=CARTESIAN_POINT('Ctrl Pts',(-2.76196119454357,-13.4216340060918,-6.82987752640927));
#2194=CARTESIAN_POINT('Ctrl Pts',(-6.89486007609977,-13.2243382568779,-2.58966347738489));
#2195=CARTESIAN_POINT('Ctrl Pts',(-6.60863946517577,-13.0489642575766,2.64969229529567));
#2196=CARTESIAN_POINT('Ctrl Pts',(-3.62679794579091,-12.895512008188,5.87693220660604));
#2197=CARTESIAN_POINT('Ctrl Pts',(-0.019890504706105,-12.7639815087121,
6.91150393800046));
#2198=CARTESIAN_POINT('Ctrl Pts',(3.60423813921061,-12.6324510092362,5.89567790728304));
#2199=CARTESIAN_POINT('Ctrl Pts',(6.1567045622668,-12.5009205097602,3.13827417947986));
#2200=CARTESIAN_POINT('Ctrl Pts',(6.88763998537168,-12.3693900102843,-0.549912313473956));
#2201=CARTESIAN_POINT('Ctrl Pts',(5.5826171110562,-12.2378595108083,-4.07385309426643));
#2202=CARTESIAN_POINT('Ctrl Pts',(2.62069879485825,-12.1063290113324,-6.3941436676172));
#2203=CARTESIAN_POINT('Ctrl Pts',(-1.10875731140482,-11.9747985118564,-6.81735528103301));
#2204=CARTESIAN_POINT('Ctrl Pts',(-5.0950107578099,-11.8213462624679,-4.97073292517068));
#2205=CARTESIAN_POINT('Ctrl Pts',(-7.36311356041564,-11.6459722631666,-0.238639323413952));
#2206=CARTESIAN_POINT('Ctrl Pts',(-5.1579462174127,-11.4486765139527,5.25900764173908));
#2207=CARTESIAN_POINT('Ctrl Pts',(0.369619898946731,-11.2513807647388,7.35302044909805));
#2208=CARTESIAN_POINT('Ctrl Pts',(5.66225711151905,-11.0540850155249,4.71399273818518));
#2209=CARTESIAN_POINT('Ctrl Pts',(7.30030396261279,-10.8567892663109,-0.975582116585422));
#2210=CARTESIAN_POINT('Ctrl Pts',(4.5707361722985,-10.6814152670097,-5.45774212524199));
#2211=CARTESIAN_POINT('Ctrl Pts',(0.416468872304952,-10.5279630176211,-6.89487527785288));
#2212=CARTESIAN_POINT('Ctrl Pts',(-3.24649191013788,-10.3964325181452,-6.09642688912616));
#2213=CARTESIAN_POINT('Ctrl Pts',(-6.42569378947074,-10.2429802687566,-3.06434795419553));
#2214=CARTESIAN_POINT('Ctrl Pts',(-7.047630265786,-10.0676062694553,2.15347454789378));
#2215=CARTESIAN_POINT('Ctrl Pts',(-3.83050387333054,-9.90319314511037,5.88466125014112));
#2216=CARTESIAN_POINT('Ctrl Pts',(-0.231844332171804,-9.77166264563443,
6.74798101120739));
#2217=CARTESIAN_POINT('Ctrl Pts',(2.95337415206056,-9.65657345859298,6.20693816998469));
#2218=CARTESIAN_POINT('Ctrl Pts',(5.88891947268601,-9.52504295911705,3.79339266198389));
#2219=CARTESIAN_POINT('Ctrl Pts',(6.99561847199333,-9.37707114720659,-0.331933757038906));
#2220=CARTESIAN_POINT('Ctrl Pts',(5.50235754163053,-9.22909933529617,-4.33473777327568));
#2221=CARTESIAN_POINT('Ctrl Pts',(1.96002333327024,-9.08112752338573,-6.72365900465));
#2222=CARTESIAN_POINT('Ctrl Pts',(-2.30921437764685,-8.9331557114753,-6.61313870097012));
#2223=CARTESIAN_POINT('Ctrl Pts',(-5.7230595878333,-8.78518389956486,-4.03848566827063));
#2224=CARTESIAN_POINT('Ctrl Pts',(-7.00080457472528,-8.63721208765443,0.0312159857614322));
#2225=CARTESIAN_POINT('Ctrl Pts',(-5.54080482641361,-8.4727989633095,4.55621132398011));
#2226=CARTESIAN_POINT('Ctrl Pts',(-0.884712476397197,-8.29194452653009,
7.31588057237297));
#2227=CARTESIAN_POINT('Ctrl Pts',(4.78759670858482,-8.09464877731617,5.59839076900579));
#2228=CARTESIAN_POINT('Ctrl Pts',(7.13681953672719,-7.91379434053675,0.722334140610693));
#2229=CARTESIAN_POINT('Ctrl Pts',(5.8455020163236,-7.74938121619183,-3.85291405878393));
#2230=CARTESIAN_POINT('Ctrl Pts',(2.52625116137461,-7.6014094042814,-6.53307140740989));
#2231=CARTESIAN_POINT('Ctrl Pts',(-1.74176872112771,-7.45343759237095,-6.78459438015554));
#2232=CARTESIAN_POINT('Ctrl Pts',(-5.35744011310352,-7.30546578046054,-4.51115764617622));
#2233=CARTESIAN_POINT('Ctrl Pts',(-6.98183258067623,-7.15749396855008,-0.559591442872003));
#2234=CARTESIAN_POINT('Ctrl Pts',(-6.00837665912299,-7.00952215663967,3.59979350179707));
#2235=CARTESIAN_POINT('Ctrl Pts',(-2.79851224248936,-6.86155034472922,6.42108786583396));
#2236=CARTESIAN_POINT('Ctrl Pts',(0.0331272748336975,-6.76290247012227,
6.70709596551806));
#2237=CARTESIAN_POINT('Ctrl Pts',(1.3607773370835,-6.71357853281879,6.42594899115297));
#2238=CARTESIAN_POINT('',(-0.368415567434274,-15.,-6.55810989326743));
#2239=CARTESIAN_POINT('Ctrl Pts',(-0.368415567434096,-14.9999999999986,
-6.55810989326505));
#2240=CARTESIAN_POINT('Ctrl Pts',(-1.72337107984506,-14.9506760626951,-6.48199242770299));
#2241=CARTESIAN_POINT('Ctrl Pts',(-3.05242102288038,-14.9013521253917,-5.97342978762478));
#2242=CARTESIAN_POINT('Ctrl Pts',(-4.11021064343877,-14.8520281880882,-5.12531301287799));
#2243=CARTESIAN_POINT('Ctrl Pts',(-5.16800026399716,-14.8027042507847,-4.2771962381312));
#2244=CARTESIAN_POINT('Ctrl Pts',(-5.95452956207862,-14.7533803134812,-3.08952532871582));
#2245=CARTESIAN_POINT('Ctrl Pts',(-6.32296121715829,-14.7040563761778,-1.78415559941244));
#2246=CARTESIAN_POINT('Ctrl Pts',(-6.486444479084,-14.6821699881592,-1.20492713621362));
#2247=CARTESIAN_POINT('Ctrl Pts',(-6.56760677955057,-14.6602836001407,-0.602524469146486));
#2248=CARTESIAN_POINT('Ctrl Pts',(-6.56725678801889,-14.6383972121221,-5.25134024632711E-5));
#2249=CARTESIAN_POINT('Ctrl Pts',(-0.368415567452292,-14.9999999998844,
-6.55810989306766));
#2250=CARTESIAN_POINT('Ctrl Pts',(-0.547575005167022,-14.9999999998767,
-6.55931972795103));
#2251=CARTESIAN_POINT('Ctrl Pts',(-0.726567671816299,-14.9999999998837,
-6.55297061226761));
#2252=CARTESIAN_POINT('Ctrl Pts',(-0.904978508322134,-14.9999999999061,
-6.53929428752562));
#2253=CARTESIAN_POINT('Ctrl Pts',(-1.08530034686285,-14.9999999999287,-6.52547147232979));
#2254=CARTESIAN_POINT('Ctrl Pts',(-1.26502847984861,-14.999999999967,-6.50416357865146));
#2255=CARTESIAN_POINT('Ctrl Pts',(-1.44374088189665,-15.0000000000134,-6.47555652756593));
#2256=CARTESIAN_POINT('Ctrl Pts',(-1.62344017208063,-15.0000000000601,-6.44679150222121));
#2257=CARTESIAN_POINT('Ctrl Pts',(-1.80211318712233,-15.000000000115,-6.41064637700562));
#2258=CARTESIAN_POINT('Ctrl Pts',(-1.97932712753323,-15.000000000162,-6.36725784712852));
#2259=CARTESIAN_POINT('Ctrl Pts',(-2.08114839285344,-15.000000000189,-6.34232823379095));
#2260=CARTESIAN_POINT('Ctrl Pts',(-2.18248785338683,-15.0000000002133,-6.31500642173112));
#2261=CARTESIAN_POINT('Ctrl Pts',(-2.28326146183829,-15.0000000002307,-6.28531079837378));
#2262=CARTESIAN_POINT('Ctrl Pts',(-2.46114550367885,-15.0000000002614,-6.2328925354084));
#2263=CARTESIAN_POINT('Ctrl Pts',(-2.63653913689591,-15.0000000002765,-6.17329491546188));
#2264=CARTESIAN_POINT('Ctrl Pts',(-2.8090075137917,-15.00000000029,-6.10676219492753));
#2265=CARTESIAN_POINT('Ctrl Pts',(-2.9821950705686,-15.0000000003035,-6.03995203806019));
#2266=CARTESIAN_POINT('Ctrl Pts',(-3.15243364005413,-15.0000000003152,-5.96614866981203));
#2267=CARTESIAN_POINT('Ctrl Pts',(-3.31928214539151,-15.0000000003311,-5.8855460589484));
#2268=CARTESIAN_POINT('Ctrl Pts',(-3.48539184508348,-15.0000000003468,-5.80530035666972));
#2269=CARTESIAN_POINT('Ctrl Pts',(-3.64814214277287,-15.0000000003665,-5.71831527720764));
#2270=CARTESIAN_POINT('Ctrl Pts',(-3.80708639684606,-15.0000000003882,-5.62473231853551));
#2271=CARTESIAN_POINT('Ctrl Pts',(-3.96545561674125,-15.0000000004098,-5.53148792762116));
#2272=CARTESIAN_POINT('Ctrl Pts',(-4.12004698368579,-15.0000000004333,-5.43169311596218));
#2273=CARTESIAN_POINT('Ctrl Pts',(-4.27039684678275,-15.0000000004494,-5.32544124879461));
#2274=CARTESIAN_POINT('Ctrl Pts',(-4.38277825891744,-15.0000000004615,-5.24602158968565));
#2275=CARTESIAN_POINT('Ctrl Pts',(-4.49278946297835,-15.0000000004693,-5.16299327018133));
#2276=CARTESIAN_POINT('Ctrl Pts',(-4.60032054657335,-15.0000000004666,-5.07650391365131));
#2277=CARTESIAN_POINT('Ctrl Pts',(-4.74303094673104,-15.0000000004629,-4.96171914382357));
#2278=CARTESIAN_POINT('Ctrl Pts',(-4.88081045345463,-15.000000000442,-4.8412931184762));
#2279=CARTESIAN_POINT('Ctrl Pts',(-5.01347487259834,-15.0000000004175,-4.7156835711494));
#2280=CARTESIAN_POINT('Ctrl Pts',(-5.14949325977585,-15.0000000003923,-4.5868984141965));
#2281=CARTESIAN_POINT('Ctrl Pts',(-5.28013517761066,-15.0000000003631,-4.45266400974563));
#2282=CARTESIAN_POINT('Ctrl Pts',(-5.40517940941725,-15.0000000003373,-4.31342358550873));
#2283=CARTESIAN_POINT('Ctrl Pts',(-5.53114455246379,-15.0000000003113,-4.17315769956215));
#2284=CARTESIAN_POINT('Ctrl Pts',(-5.65142975787653,-15.0000000002887,-4.02781128967862));
#2285=CARTESIAN_POINT('Ctrl Pts',(-5.7657784290539,-15.0000000002699,-3.87779365260792));
#2286=CARTESIAN_POINT('Ctrl Pts',(-5.8799161705361,-15.0000000002512,-3.72805274087325));
#2287=CARTESIAN_POINT('Ctrl Pts',(-5.98813972825202,-15.0000000002362,-3.57365725656252));
#2288=CARTESIAN_POINT('Ctrl Pts',(-6.09015646449791,-15.000000000219,-3.41497882017435));
#2289=CARTESIAN_POINT('Ctrl Pts',(-6.17171862417715,-15.0000000002052,-3.28811575395012));
#2290=CARTESIAN_POINT('Ctrl Pts',(-6.24931278357266,-15.0000000001898,-3.15851424998885));
#2291=CARTESIAN_POINT('Ctrl Pts',(-6.32276902146608,-15.0000000001669,-3.02635153130732));
#2292=CARTESIAN_POINT('Ctrl Pts',(-6.41601474512608,-15.0000000001377,-2.85858350101134));
#2293=CARTESIAN_POINT('Ctrl Pts',(-6.50221689307844,-15.0000000001012,-2.68736670478317));
#2294=CARTESIAN_POINT('Ctrl Pts',(-6.58114652561765,-15.0000000000703,-2.51314447002251));
#2295=CARTESIAN_POINT('Ctrl Pts',(-6.66046959565694,-15.0000000000392,-2.33805379639678));
#2296=CARTESIAN_POINT('Ctrl Pts',(-6.73244796892305,-15.0000000000139,-2.15992709199504));
#2297=CARTESIAN_POINT('Ctrl Pts',(-6.79681201570119,-15.0000000000011,-1.97917773265778));
#2298=CARTESIAN_POINT('Ctrl Pts',(-6.80337152670629,-14.9999999999997,-1.96075708524535));
#2299=CARTESIAN_POINT('Ctrl Pts',(-6.80985191825569,-14.9999999999986,-1.94230917149533));
#2300=CARTESIAN_POINT('Ctrl Pts',(-6.81625288013113,-14.9999999999975,-1.92383441130674));
#2301=CARTESIAN_POINT('Ctrl Pts',(-6.87257455780735,-14.9999999999881,-1.76127611011161));
#2302=CARTESIAN_POINT('Ctrl Pts',(-6.92274935186276,-14.9999999999889,-1.59664061980292));
#2303=CARTESIAN_POINT('Ctrl Pts',(-6.96682081514705,-15.,-1.43027922298233));
#2304=CARTESIAN_POINT('Origin',(0.,-7.,0.));
#2305=CARTESIAN_POINT('Origin',(6.1981106517485E-16,-15.,0.));
#2306=CARTESIAN_POINT('',(-7.425,-15.,9.0930024836691E-16));
#2307=CARTESIAN_POINT('Origin',(0.,-15.,0.));
#2308=CARTESIAN_POINT('Origin',(0.,-15.,0.));
#2309=CARTESIAN_POINT('Origin',(0.,-18.2728704041008,0.));
#2310=CARTESIAN_POINT('Origin',(0.,-20.,0.));
#2311=CARTESIAN_POINT('',(-7.425,-20.,-9.0930024836691E-16));
#2312=CARTESIAN_POINT('',(-7.425,-20.,9.0930024836691E-16));
#2313=CARTESIAN_POINT('Origin',(0.,-20.,0.));
#2314=CARTESIAN_POINT('Origin',(0.,-20.,0.));
#2315=CARTESIAN_POINT('Origin',(0.,-20.,0.));
#2316=CARTESIAN_POINT('',(-7.5,-15.,9.18485099360515E-16));
#2317=CARTESIAN_POINT('Origin',(0.,-15.,0.));
#2318=CARTESIAN_POINT('',(-7.5,-20.,9.18485099360515E-16));
#2319=CARTESIAN_POINT('',(-7.5,-20.,9.18485099360515E-16));
#2320=CARTESIAN_POINT('Origin',(0.,-20.,0.));
#2321=CARTESIAN_POINT('Origin',(-5.31996255663277,-20.,-6.85227140414223));
#2322=CARTESIAN_POINT('',(-5.31996255663277,-20.,-6.85227140414223));
#2323=CARTESIAN_POINT('',(-8.59422238792922,-20.,1.18108701915487));
#2324=CARTESIAN_POINT('',(-5.31996255663277,-20.,-6.85227140414223));
#2325=CARTESIAN_POINT('',(-8.59422238792922,-15.,1.18108701915487));
#2326=CARTESIAN_POINT('',(-8.59422238792922,-20.,1.18108701915487));
#2327=CARTESIAN_POINT('',(-5.31996255663277,-15.,-6.85227140414223));
#2328=CARTESIAN_POINT('',(-5.31996255663277,-15.,-6.85227140414223));
#2329=CARTESIAN_POINT('',(-5.31996255663277,-20.,-6.85227140414223));
#2330=CARTESIAN_POINT('Origin',(3.27425983129645,-20.,-8.03335842329711));
#2331=CARTESIAN_POINT('',(3.27425983129645,-20.,-8.03335842329711));
#2332=CARTESIAN_POINT('',(3.27425983129645,-20.,-8.03335842329711));
#2333=CARTESIAN_POINT('',(3.27425983129645,-15.,-8.03335842329711));
#2334=CARTESIAN_POINT('',(3.27425983129645,-15.,-8.03335842329711));
#2335=CARTESIAN_POINT('',(3.27425983129645,-20.,-8.03335842329711));
#2336=CARTESIAN_POINT('Origin',(8.59422238792922,-20.,-1.18108701915487));
#2337=CARTESIAN_POINT('',(8.59422238792922,-20.,-1.18108701915487));
#2338=CARTESIAN_POINT('',(8.59422238792922,-20.,-1.18108701915487));
#2339=CARTESIAN_POINT('',(8.59422238792922,-15.,-1.18108701915487));
#2340=CARTESIAN_POINT('',(8.59422238792922,-15.,-1.18108701915487));
#2341=CARTESIAN_POINT('',(8.59422238792922,-20.,-1.18108701915487));
#2342=CARTESIAN_POINT('Origin',(5.31996255663277,-20.,6.85227140414223));
#2343=CARTESIAN_POINT('',(5.31996255663277,-20.,6.85227140414223));
#2344=CARTESIAN_POINT('',(5.31996255663277,-20.,6.85227140414223));
#2345=CARTESIAN_POINT('',(5.31996255663277,-15.,6.85227140414223));
#2346=CARTESIAN_POINT('',(5.31996255663277,-15.,6.85227140414223));
#2347=CARTESIAN_POINT('',(5.31996255663277,-20.,6.85227140414223));
#2348=CARTESIAN_POINT('Origin',(-3.27425983129645,-20.,8.03335842329711));
#2349=CARTESIAN_POINT('',(-3.27425983129645,-20.,8.03335842329711));
#2350=CARTESIAN_POINT('',(-3.27425983129645,-20.,8.03335842329711));
#2351=CARTESIAN_POINT('',(-3.27425983129645,-15.,8.03335842329711));
#2352=CARTESIAN_POINT('',(-3.27425983129645,-15.,8.03335842329711));
#2353=CARTESIAN_POINT('',(-3.27425983129645,-20.,8.03335842329711));
#2354=CARTESIAN_POINT('Origin',(-8.59422238792922,-20.,1.18108701915487));
#2355=CARTESIAN_POINT('',(-8.59422238792922,-20.,1.18108701915487));
#2356=CARTESIAN_POINT('',(-8.59422238792922,-15.,1.18108701915487));
#2357=CARTESIAN_POINT('Origin',(0.,-15.,0.));
#2358=CARTESIAN_POINT('Origin',(0.,-20.,0.));
#2359=UNCERTAINTY_MEASURE_WITH_UNIT(LENGTH_MEASURE(0.01),#2363,
'DISTANCE_ACCURACY_VALUE',
'Maximum model space distance between geometric entities at asserted c
onnectivities');
#2360=UNCERTAINTY_MEASURE_WITH_UNIT(LENGTH_MEASURE(0.01),#2363,
'DISTANCE_ACCURACY_VALUE',
'Maximum model space distance between geometric entities at asserted c
onnectivities');
#2361=(
GEOMETRIC_REPRESENTATION_CONTEXT(3)
GLOBAL_UNCERTAINTY_ASSIGNED_CONTEXT((#2359))
GLOBAL_UNIT_ASSIGNED_CONTEXT((#2363,#2365,#2366))
REPRESENTATION_CONTEXT('','3D')
);
#2362=(
GEOMETRIC_REPRESENTATION_CONTEXT(3)
GLOBAL_UNCERTAINTY_ASSIGNED_CONTEXT((#2360))
GLOBAL_UNIT_ASSIGNED_CONTEXT((#2363,#2365,#2366))
REPRESENTATION_CONTEXT('','3D')
);
#2363=(
LENGTH_UNIT()
NAMED_UNIT(*)
SI_UNIT(.MILLI.,.METRE.)
);
#2364=(
LENGTH_UNIT()
NAMED_UNIT(*)
SI_UNIT($,.METRE.)
);
#2365=(
NAMED_UNIT(*)
PLANE_ANGLE_UNIT()
SI_UNIT($,.RADIAN.)
);
#2366=(
NAMED_UNIT(*)
SI_UNIT($,.STERADIAN.)
SOLID_ANGLE_UNIT()
);
#2367=SHAPE_DEFINITION_REPRESENTATION(#2368,#2369);
#2368=PRODUCT_DEFINITION_SHAPE('',$,#2371);
#2369=SHAPE_REPRESENTATION('',(#494),#2361);
#2370=PRODUCT_DEFINITION_CONTEXT('part definition',#2375,'design');
#2371=PRODUCT_DEFINITION('etau (v25~recovered)','etau (v25~recovered)',
#2372,#2370);
#2372=PRODUCT_DEFINITION_FORMATION('',$,#2377);
#2373=PRODUCT_RELATED_PRODUCT_CATEGORY('etau (v25~recovered)',
'etau (v25~recovered)',(#2377));
#2374=APPLICATION_PROTOCOL_DEFINITION('international standard',
'automotive_design',2009,#2375);
#2375=APPLICATION_CONTEXT(
'Core Data for Automotive Mechanical Design Process');
#2376=PRODUCT_CONTEXT('part definition',#2375,'mechanical');
#2377=PRODUCT('etau (v25~recovered)','etau (v25~recovered)',$,(#2376));
#2378=PRESENTATION_STYLE_ASSIGNMENT((#2379));
#2379=SURFACE_STYLE_USAGE(.BOTH.,#2380);
#2380=SURFACE_SIDE_STYLE('',(#2381));
#2381=SURFACE_STYLE_FILL_AREA(#2382);
#2382=FILL_AREA_STYLE('Acier - Satin\X\E9',(#2383));
#2383=FILL_AREA_STYLE_COLOUR('Acier - Satin\X\E9',#2384);
#2384=COLOUR_RGB('Acier - Satin\X\E9',0.627450980392157,0.627450980392157,
0.627450980392157);
ENDSEC;
END-ISO-10303-21;
