ISO-10303-21;
HEADER;
/* Generated by software containing ST-Developer
 * from STEP Tools, Inc. (www.steptools.com) 
 */

FILE_DESCRIPTION(
/* description */ (''),
/* implementation_level */ '2;1');

FILE_NAME(
/* name */ 'etau_bouchon.step',
/* time_stamp */ '2025-10-27T15:25:35+01:00',
/* author */ (''),
/* organization */ (''),
/* preprocessor_version */ 'ST-DEVELOPER v20.1',
/* originating_system */ 'Autodesk Translation Framework v14.17.0.0',
/* authorisation */ '');

FILE_SCHEMA (('AUTOMOTIVE_DESIGN { 1 0 10303 214 3 1 1 }'));
ENDSEC;

DATA;
#10=MECHANICAL_DESIGN_GEOMETRIC_PRESENTATION_REPRESENTATION('',(#13,#14),
#2829);
#11=SHAPE_REPRESENTATION_RELATIONSHIP('SRR','None',#2836,#12);
#12=ADVANCED_BREP_SHAPE_REPRESENTATION('',(#15,#16),#2828);
#13=STYLED_ITEM('',(#2845),#15);
#14=STYLED_ITEM('',(#2845),#16);
#15=MANIFOLD_SOLID_BREP('Corps4',#499);
#16=MANIFOLD_SOLID_BREP('Corps5',#500);
#17=SPHERICAL_SURFACE('',#532,0.2);
#18=B_SPLINE_SURFACE_WITH_KNOTS('',3,3,((#1214,#1215,#1216,#1217,#1218,
#1219),(#1220,#1221,#1222,#1223,#1224,#1225),(#1226,#1227,#1228,#1229,#1230,
#1231),(#1232,#1233,#1234,#1235,#1236,#1237),(#1238,#1239,#1240,#1241,#1242,
#1243),(#1244,#1245,#1246,#1247,#1248,#1249),(#1250,#1251,#1252,#1253,#1254,
#1255)),.UNSPECIFIED.,.F.,.F.,.F.,(4,1,1,1,4),(4,1,1,4),(0.,0.285714285714286,
0.571428571428571,0.857142857142857,1.),(0.0457419210843424,0.491870222342433,
0.789289089847827,1.08670795735322),.UNSPECIFIED.);
#19=B_SPLINE_SURFACE_WITH_KNOTS('',3,3,((#1270,#1271,#1272,#1273,#1274),
(#1275,#1276,#1277,#1278,#1279),(#1280,#1281,#1282,#1283,#1284),(#1285,
#1286,#1287,#1288,#1289)),.UNSPECIFIED.,.F.,.F.,.F.,(4,4),(4,1,4),(0.,1.),
(5.34505571707403E-10,0.379706916507918,0.885982804472468),
 .UNSPECIFIED.);
#20=B_SPLINE_SURFACE_WITH_KNOTS('',3,3,((#1304,#1305,#1306,#1307,#1308,
#1309,#1310,#1311,#1312,#1313,#1314,#1315,#1316,#1317,#1318,#1319,#1320,
#1321,#1322,#1323,#1324,#1325,#1326,#1327,#1328,#1329,#1330,#1331,#1332,
#1333,#1334,#1335,#1336,#1337,#1338,#1339,#1340,#1341,#1342,#1343,#1344,
#1345,#1346,#1347,#1348,#1349,#1350,#1351,#1352,#1353,#1354,#1355,#1356,
#1357,#1358,#1359,#1360,#1361,#1362,#1363,#1364,#1365,#1366,#1367,#1368,
#1369,#1370,#1371,#1372,#1373,#1374,#1375,#1376,#1377,#1378,#1379,#1380,
#1381,#1382),(#1383,#1384,#1385,#1386,#1387,#1388,#1389,#1390,#1391,#1392,
#1393,#1394,#1395,#1396,#1397,#1398,#1399,#1400,#1401,#1402,#1403,#1404,
#1405,#1406,#1407,#1408,#1409,#1410,#1411,#1412,#1413,#1414,#1415,#1416,
#1417,#1418,#1419,#1420,#1421,#1422,#1423,#1424,#1425,#1426,#1427,#1428,
#1429,#1430,#1431,#1432,#1433,#1434,#1435,#1436,#1437,#1438,#1439,#1440,
#1441,#1442,#1443,#1444,#1445,#1446,#1447,#1448,#1449,#1450,#1451,#1452,
#1453,#1454,#1455,#1456,#1457,#1458,#1459,#1460,#1461),(#1462,#1463,#1464,
#1465,#1466,#1467,#1468,#1469,#1470,#1471,#1472,#1473,#1474,#1475,#1476,
#1477,#1478,#1479,#1480,#1481,#1482,#1483,#1484,#1485,#1486,#1487,#1488,
#1489,#1490,#1491,#1492,#1493,#1494,#1495,#1496,#1497,#1498,#1499,#1500,
#1501,#1502,#1503,#1504,#1505,#1506,#1507,#1508,#1509,#1510,#1511,#1512,
#1513,#1514,#1515,#1516,#1517,#1518,#1519,#1520,#1521,#1522,#1523,#1524,
#1525,#1526,#1527,#1528,#1529,#1530,#1531,#1532,#1533,#1534,#1535,#1536,
#1537,#1538,#1539,#1540),(#1541,#1542,#1543,#1544,#1545,#1546,#1547,#1548,
#1549,#1550,#1551,#1552,#1553,#1554,#1555,#1556,#1557,#1558,#1559,#1560,
#1561,#1562,#1563,#1564,#1565,#1566,#1567,#1568,#1569,#1570,#1571,#1572,
#1573,#1574,#1575,#1576,#1577,#1578,#1579,#1580,#1581,#1582,#1583,#1584,
#1585,#1586,#1587,#1588,#1589,#1590,#1591,#1592,#1593,#1594,#1595,#1596,
#1597,#1598,#1599,#1600,#1601,#1602,#1603,#1604,#1605,#1606,#1607,#1608,
#1609,#1610,#1611,#1612,#1613,#1614,#1615,#1616,#1617,#1618,#1619)),
 .UNSPECIFIED.,.F.,.F.,.F.,(4,4),(4,1,1,1,1,1,1,1,1,1,1,1,1,1,1,1,1,1,1,
1,1,1,1,1,1,1,1,1,1,1,1,1,1,1,1,1,1,1,1,1,1,1,1,1,1,1,1,1,1,1,1,1,1,1,1,
1,1,1,1,1,1,1,1,1,1,1,1,1,1,1,1,1,1,1,1,1,4),(0.00577060207127349,0.0684270772672315),
(10.6748291564522,11.4183519763563,12.1618747962603,12.9053976161644,13.6489204360684,
14.3924432559725,15.1359660758765,15.8794888957805,16.6230117156846,17.2839208889326,
17.9448300621807,18.6057392354287,19.1014211153648,19.5971029953008,20.0927848752368,
20.5884667551729,21.0841486351089,21.5798305150449,22.075512394981,22.571194274917,
23.066876154853,23.562558034789,24.0582399147251,24.5539217946611,25.2148309679092,
25.8757401411572,26.5366493144052,27.0323311943413,27.5280130742773,28.0236949542133,
28.5193768341494,29.0150587140854,29.5107405940214,29.7585815339895,30.1716497672695,
30.5021043538935,31.1630135271415,31.8239227003896,32.4848318736376,32.9805137535737,
33.4761956335097,33.9718775134457,34.4675593933818,34.9632412733178,35.4589231532538,
35.9546050331899,36.4502869131259,37.1111960863739,37.772105259622,38.43301443287,
38.9286963128061,39.4243781927421,39.9200600726781,40.4157419526142,40.6016226575902,
41.1592647725182,41.9027875924222,42.6463104123263,42.8321911173023,43.3898332322303,
43.7202878188544,44.3811969921024,44.8768788720384,45.3725607519745,45.8682426319105,
46.3639245118465,47.1074473317506,47.2933280367266,47.8509701516546,48.5944929715587,
49.3380157914627,49.5238964964388,50.0815386113668,50.8250614312708,51.5685842511749,
51.7544649561509,52.3121070710789),.UNSPECIFIED.);
#21=B_SPLINE_SURFACE_WITH_KNOTS('',3,3,((#1771,#1772,#1773,#1774,#1775,
#1776,#1777,#1778,#1779,#1780,#1781,#1782,#1783,#1784,#1785,#1786,#1787,
#1788,#1789,#1790,#1791,#1792,#1793,#1794,#1795,#1796,#1797,#1798,#1799,
#1800,#1801,#1802,#1803,#1804,#1805,#1806,#1807,#1808,#1809,#1810,#1811,
#1812,#1813,#1814,#1815,#1816,#1817,#1818,#1819,#1820,#1821,#1822,#1823,
#1824,#1825,#1826,#1827,#1828,#1829,#1830,#1831,#1832,#1833,#1834,#1835,
#1836,#1837,#1838,#1839,#1840,#1841,#1842,#1843,#1844,#1845,#1846,#1847,
#1848,#1849),(#1850,#1851,#1852,#1853,#1854,#1855,#1856,#1857,#1858,#1859,
#1860,#1861,#1862,#1863,#1864,#1865,#1866,#1867,#1868,#1869,#1870,#1871,
#1872,#1873,#1874,#1875,#1876,#1877,#1878,#1879,#1880,#1881,#1882,#1883,
#1884,#1885,#1886,#1887,#1888,#1889,#1890,#1891,#1892,#1893,#1894,#1895,
#1896,#1897,#1898,#1899,#1900,#1901,#1902,#1903,#1904,#1905,#1906,#1907,
#1908,#1909,#1910,#1911,#1912,#1913,#1914,#1915,#1916,#1917,#1918,#1919,
#1920,#1921,#1922,#1923,#1924,#1925,#1926,#1927,#1928),(#1929,#1930,#1931,
#1932,#1933,#1934,#1935,#1936,#1937,#1938,#1939,#1940,#1941,#1942,#1943,
#1944,#1945,#1946,#1947,#1948,#1949,#1950,#1951,#1952,#1953,#1954,#1955,
#1956,#1957,#1958,#1959,#1960,#1961,#1962,#1963,#1964,#1965,#1966,#1967,
#1968,#1969,#1970,#1971,#1972,#1973,#1974,#1975,#1976,#1977,#1978,#1979,
#1980,#1981,#1982,#1983,#1984,#1985,#1986,#1987,#1988,#1989,#1990,#1991,
#1992,#1993,#1994,#1995,#1996,#1997,#1998,#1999,#2000,#2001,#2002,#2003,
#2004,#2005,#2006,#2007),(#2008,#2009,#2010,#2011,#2012,#2013,#2014,#2015,
#2016,#2017,#2018,#2019,#2020,#2021,#2022,#2023,#2024,#2025,#2026,#2027,
#2028,#2029,#2030,#2031,#2032,#2033,#2034,#2035,#2036,#2037,#2038,#2039,
#2040,#2041,#2042,#2043,#2044,#2045,#2046,#2047,#2048,#2049,#2050,#2051,
#2052,#2053,#2054,#2055,#2056,#2057,#2058,#2059,#2060,#2061,#2062,#2063,
#2064,#2065,#2066,#2067,#2068,#2069,#2070,#2071,#2072,#2073,#2074,#2075,
#2076,#2077,#2078,#2079,#2080,#2081,#2082,#2083,#2084,#2085,#2086),(#2087,
#2088,#2089,#2090,#2091,#2092,#2093,#2094,#2095,#2096,#2097,#2098,#2099,
#2100,#2101,#2102,#2103,#2104,#2105,#2106,#2107,#2108,#2109,#2110,#2111,
#2112,#2113,#2114,#2115,#2116,#2117,#2118,#2119,#2120,#2121,#2122,#2123,
#2124,#2125,#2126,#2127,#2128,#2129,#2130,#2131,#2132,#2133,#2134,#2135,
#2136,#2137,#2138,#2139,#2140,#2141,#2142,#2143,#2144,#2145,#2146,#2147,
#2148,#2149,#2150,#2151,#2152,#2153,#2154,#2155,#2156,#2157,#2158,#2159,
#2160,#2161,#2162,#2163,#2164,#2165),(#2166,#2167,#2168,#2169,#2170,#2171,
#2172,#2173,#2174,#2175,#2176,#2177,#2178,#2179,#2180,#2181,#2182,#2183,
#2184,#2185,#2186,#2187,#2188,#2189,#2190,#2191,#2192,#2193,#2194,#2195,
#2196,#2197,#2198,#2199,#2200,#2201,#2202,#2203,#2204,#2205,#2206,#2207,
#2208,#2209,#2210,#2211,#2212,#2213,#2214,#2215,#2216,#2217,#2218,#2219,
#2220,#2221,#2222,#2223,#2224,#2225,#2226,#2227,#2228,#2229,#2230,#2231,
#2232,#2233,#2234,#2235,#2236,#2237,#2238,#2239,#2240,#2241,#2242,#2243,
#2244),(#2245,#2246,#2247,#2248,#2249,#2250,#2251,#2252,#2253,#2254,#2255,
#2256,#2257,#2258,#2259,#2260,#2261,#2262,#2263,#2264,#2265,#2266,#2267,
#2268,#2269,#2270,#2271,#2272,#2273,#2274,#2275,#2276,#2277,#2278,#2279,
#2280,#2281,#2282,#2283,#2284,#2285,#2286,#2287,#2288,#2289,#2290,#2291,
#2292,#2293,#2294,#2295,#2296,#2297,#2298,#2299,#2300,#2301,#2302,#2303,
#2304,#2305,#2306,#2307,#2308,#2309,#2310,#2311,#2312,#2313,#2314,#2315,
#2316,#2317,#2318,#2319,#2320,#2321,#2322,#2323)),.UNSPECIFIED.,.F.,.F.,
 .F.,(4,1,1,1,4),(4,1,1,1,1,1,1,1,1,1,1,1,1,1,1,1,1,1,1,1,1,1,1,1,1,1,1,
1,1,1,1,1,1,1,1,1,1,1,1,1,1,1,1,1,1,1,1,1,1,1,1,1,1,1,1,1,1,1,1,1,1,1,1,
1,1,1,1,1,1,1,1,1,1,1,1,1,4),(0.,0.285714285714286,0.5,0.785714285714286,
1.),(-0.50812154485991,0.0151777007020004,0.538476946263911,1.06177619182582,
1.58507543738773,2.10837468294964,2.63167392851155,3.15497317407346,3.67827241963537,
4.14342730457929,4.60858218952321,5.07373707446713,5.42260323817507,5.77146940188301,
6.12033556559095,6.4692017292989,6.81806789300684,7.16693405671478,7.51580022042272,
7.86466638413066,8.2135325478386,8.56239871154654,8.91126487525448,9.26013103896242,
9.60899720267036,9.9578633663783,10.3067295300862,10.6555956937942,11.0044618575021,
11.3533280212101,11.702194184918,12.0510603486259,12.3999265123339,12.7487926760418,
13.0976588397498,13.4465250034577,13.9116798884016,14.3768347733455,14.8419896582895,
15.1908558219974,15.5397219857053,15.8885881494133,16.2374543131212,16.5863204768292,
16.9351866405371,17.284052804245,17.632918967953,18.0980738528969,18.5632287378408,
19.0283836227847,19.3772497864927,19.7261159502006,20.0749821139086,20.4238482776165,
20.9471475231784,21.4704467687403,21.9937460143022,22.2553956370832,22.3862204484737,
22.5170452598641,22.8659114235721,23.21477758728,23.563643750988,23.9125099146959,
24.2613760784038,24.6102422421118,25.0027166762832,25.1335414876737,25.6568407332356,
26.1801399787975,26.7034392243594,26.8342640357499,27.2267384699213,27.7500377154833,
28.2733369610452,28.4041617724356,28.7966362066071),.UNSPECIFIED.);
#22=B_SPLINE_SURFACE_WITH_KNOTS('',3,3,((#2416,#2417,#2418,#2419,#2420,
#2421,#2422,#2423,#2424,#2425,#2426,#2427,#2428,#2429,#2430,#2431,#2432,
#2433,#2434,#2435,#2436,#2437,#2438,#2439,#2440,#2441,#2442,#2443,#2444,
#2445,#2446,#2447,#2448,#2449,#2450,#2451,#2452,#2453,#2454,#2455,#2456,
#2457,#2458,#2459,#2460,#2461,#2462,#2463,#2464,#2465,#2466,#2467,#2468,
#2469,#2470,#2471,#2472,#2473,#2474,#2475,#2476,#2477,#2478,#2479,#2480,
#2481,#2482,#2483,#2484,#2485,#2486,#2487,#2488),(#2489,#2490,#2491,#2492,
#2493,#2494,#2495,#2496,#2497,#2498,#2499,#2500,#2501,#2502,#2503,#2504,
#2505,#2506,#2507,#2508,#2509,#2510,#2511,#2512,#2513,#2514,#2515,#2516,
#2517,#2518,#2519,#2520,#2521,#2522,#2523,#2524,#2525,#2526,#2527,#2528,
#2529,#2530,#2531,#2532,#2533,#2534,#2535,#2536,#2537,#2538,#2539,#2540,
#2541,#2542,#2543,#2544,#2545,#2546,#2547,#2548,#2549,#2550,#2551,#2552,
#2553,#2554,#2555,#2556,#2557,#2558,#2559,#2560,#2561),(#2562,#2563,#2564,
#2565,#2566,#2567,#2568,#2569,#2570,#2571,#2572,#2573,#2574,#2575,#2576,
#2577,#2578,#2579,#2580,#2581,#2582,#2583,#2584,#2585,#2586,#2587,#2588,
#2589,#2590,#2591,#2592,#2593,#2594,#2595,#2596,#2597,#2598,#2599,#2600,
#2601,#2602,#2603,#2604,#2605,#2606,#2607,#2608,#2609,#2610,#2611,#2612,
#2613,#2614,#2615,#2616,#2617,#2618,#2619,#2620,#2621,#2622,#2623,#2624,
#2625,#2626,#2627,#2628,#2629,#2630,#2631,#2632,#2633,#2634),(#2635,#2636,
#2637,#2638,#2639,#2640,#2641,#2642,#2643,#2644,#2645,#2646,#2647,#2648,
#2649,#2650,#2651,#2652,#2653,#2654,#2655,#2656,#2657,#2658,#2659,#2660,
#2661,#2662,#2663,#2664,#2665,#2666,#2667,#2668,#2669,#2670,#2671,#2672,
#2673,#2674,#2675,#2676,#2677,#2678,#2679,#2680,#2681,#2682,#2683,#2684,
#2685,#2686,#2687,#2688,#2689,#2690,#2691,#2692,#2693,#2694,#2695,#2696,
#2697,#2698,#2699,#2700,#2701,#2702,#2703,#2704,#2705,#2706,#2707)),
 .UNSPECIFIED.,.F.,.F.,.F.,(4,4),(4,1,1,1,1,1,1,1,1,1,1,1,1,1,1,1,1,1,1,
1,1,1,1,1,1,1,1,1,1,1,1,1,1,1,1,1,1,1,1,1,1,1,1,1,1,1,1,1,1,1,1,1,1,1,1,
1,1,1,1,1,1,1,1,1,1,1,1,1,1,1,4),(0.0304787973476536,0.0931352725742707),
(14.1928097036305,14.9622322301164,15.7316547566022,16.5010772830881,17.270499809574,
18.0399223360598,18.8093448625457,19.5787673890315,20.3481899155174,20.861138266508,
21.3740866174986,21.8870349684891,22.3999833194797,23.0839144541338,23.7678455887879,
24.451776723442,24.9647250744326,25.4776734254232,25.9906217764137,26.5035701274043,
27.0165184783949,27.5294668293855,28.042415180376,28.5553635313666,29.2392946660207,
29.9232258006748,30.6071569353289,31.1201052863195,31.6330536373101,32.1460019883006,
32.6589503392912,33.1718986902818,33.6848470412724,34.1977953922629,34.7107437432535,
35.3946748779076,36.0786060125617,36.7625371472158,37.4464682818699,38.130399416524,
38.8143305511781,39.4982616858322,40.1821928204863,40.3531756041499,40.8661239551404,
41.379072306131,41.8920206571216,42.1484948326169,42.9179173591027,43.4308657100933,
43.9438140610839,44.4567624120745,44.969710763065,45.4826591140556,45.9956074650462,
46.5085558160368,47.0215041670273,47.7054353016814,48.3893664363355,49.0732975709896,
49.7572287056437,50.4411598402978,51.1250909749519,51.8945135014378,52.6639360279237,
53.4333585544095,54.2027810808954,54.9722036073813,55.7416261338671,56.511048660353,
57.2804711868389),.UNSPECIFIED.);
#23=FACE_BOUND('',#81,.T.);
#24=FACE_BOUND('',#89,.T.);
#25=FACE_BOUND('',#91,.T.);
#26=FACE_BOUND('',#95,.T.);
#27=FACE_BOUND('',#104,.T.);
#28=FACE_BOUND('',#106,.T.);
#29=PLANE('',#529);
#30=PLANE('',#534);
#31=PLANE('',#535);
#32=PLANE('',#541);
#33=PLANE('',#545);
#34=PLANE('',#546);
#35=PLANE('',#547);
#36=PLANE('',#548);
#37=PLANE('',#549);
#38=PLANE('',#550);
#39=PLANE('',#551);
#40=PLANE('',#552);
#41=FACE_OUTER_BOUND('',#71,.T.);
#42=FACE_OUTER_BOUND('',#72,.T.);
#43=FACE_OUTER_BOUND('',#73,.T.);
#44=FACE_OUTER_BOUND('',#74,.T.);
#45=FACE_OUTER_BOUND('',#75,.T.);
#46=FACE_OUTER_BOUND('',#76,.T.);
#47=FACE_OUTER_BOUND('',#77,.T.);
#48=FACE_OUTER_BOUND('',#78,.T.);
#49=FACE_OUTER_BOUND('',#79,.T.);
#50=FACE_OUTER_BOUND('',#80,.T.);
#51=FACE_OUTER_BOUND('',#82,.T.);
#52=FACE_OUTER_BOUND('',#83,.T.);
#53=FACE_OUTER_BOUND('',#84,.T.);
#54=FACE_OUTER_BOUND('',#85,.T.);
#55=FACE_OUTER_BOUND('',#86,.T.);
#56=FACE_OUTER_BOUND('',#87,.T.);
#57=FACE_OUTER_BOUND('',#88,.T.);
#58=FACE_OUTER_BOUND('',#90,.T.);
#59=FACE_OUTER_BOUND('',#92,.T.);
#60=FACE_OUTER_BOUND('',#93,.T.);
#61=FACE_OUTER_BOUND('',#94,.T.);
#62=FACE_OUTER_BOUND('',#96,.T.);
#63=FACE_OUTER_BOUND('',#97,.T.);
#64=FACE_OUTER_BOUND('',#98,.T.);
#65=FACE_OUTER_BOUND('',#99,.T.);
#66=FACE_OUTER_BOUND('',#100,.T.);
#67=FACE_OUTER_BOUND('',#101,.T.);
#68=FACE_OUTER_BOUND('',#102,.T.);
#69=FACE_OUTER_BOUND('',#103,.T.);
#70=FACE_OUTER_BOUND('',#105,.T.);
#71=EDGE_LOOP('',(#319,#320,#321,#322));
#72=EDGE_LOOP('',(#323,#324,#325,#326,#327,#328));
#73=EDGE_LOOP('',(#329,#330,#331,#332));
#74=EDGE_LOOP('',(#333,#334,#335,#336));
#75=EDGE_LOOP('',(#337,#338,#339,#340));
#76=EDGE_LOOP('',(#341,#342,#343,#344));
#77=EDGE_LOOP('',(#345,#346,#347,#348));
#78=EDGE_LOOP('',(#349,#350,#351,#352));
#79=EDGE_LOOP('',(#353,#354,#355,#356));
#80=EDGE_LOOP('',(#357));
#81=EDGE_LOOP('',(#358));
#82=EDGE_LOOP('',(#359,#360,#361,#362));
#83=EDGE_LOOP('',(#363,#364,#365,#366));
#84=EDGE_LOOP('',(#367,#368,#369));
#85=EDGE_LOOP('',(#370,#371,#372,#373,#374,#375,#376,#377,#378,#379));
#86=EDGE_LOOP('',(#380,#381,#382,#383));
#87=EDGE_LOOP('',(#384,#385,#386,#387,#388,#389,#390,#391,#392,#393,#394));
#88=EDGE_LOOP('',(#395,#396,#397,#398));
#89=EDGE_LOOP('',(#399));
#90=EDGE_LOOP('',(#400));
#91=EDGE_LOOP('',(#401,#402,#403,#404));
#92=EDGE_LOOP('',(#405,#406,#407,#408));
#93=EDGE_LOOP('',(#409,#410,#411,#412));
#94=EDGE_LOOP('',(#413));
#95=EDGE_LOOP('',(#414));
#96=EDGE_LOOP('',(#415,#416,#417,#418));
#97=EDGE_LOOP('',(#419,#420,#421,#422));
#98=EDGE_LOOP('',(#423,#424,#425,#426));
#99=EDGE_LOOP('',(#427,#428,#429,#430));
#100=EDGE_LOOP('',(#431,#432,#433,#434));
#101=EDGE_LOOP('',(#435,#436,#437,#438));
#102=EDGE_LOOP('',(#439,#440,#441,#442));
#103=EDGE_LOOP('',(#443,#444,#445,#446,#447,#448));
#104=EDGE_LOOP('',(#449));
#105=EDGE_LOOP('',(#450,#451,#452,#453,#454,#455));
#106=EDGE_LOOP('',(#456));
#107=CIRCLE('',#515,6.56845);
#108=CIRCLE('',#517,6.56845);
#109=CIRCLE('',#524,2.5);
#110=CIRCLE('',#525,2.5);
#111=CIRCLE('',#527,6.075);
#112=CIRCLE('',#528,6.075);
#113=CIRCLE('',#530,0.2);
#114=CIRCLE('',#531,0.200000000000001);
#115=CIRCLE('',#533,0.199999999999999);
#116=CIRCLE('',#536,7.425);
#117=CIRCLE('',#537,6.56845);
#118=CIRCLE('',#540,7.425);
#119=CIRCLE('',#543,7.5);
#120=CIRCLE('',#544,7.5);
#121=B_SPLINE_CURVE_WITH_KNOTS('',3,(#668,#669,#670,#671,#672,#673,#674,
#675,#676,#677,#678,#679,#680,#681,#682,#683),.UNSPECIFIED.,.F.,.F.,(4,
3,3,3,3,4),(26.1744742593992,26.1921167743591,26.6994097727238,27.2067027710885,
27.7139957694532,27.8633267388601),.UNSPECIFIED.);
#122=B_SPLINE_CURVE_WITH_KNOTS('',3,(#685,#686,#687,#688,#689,#690,#691,
#692,#693,#694,#695,#696,#697,#698,#699,#700),.UNSPECIFIED.,.F.,.F.,(4,
3,3,3,3,4),(0.,0.0336867113252547,0.0693595675931809,0.0752957053134933,
0.117351587507981,0.159407469702468),.UNSPECIFIED.);
#123=B_SPLINE_CURVE_WITH_KNOTS('',3,(#706,#707,#708,#709,#710,#711,#712,
#713,#714,#715,#716,#717,#718,#719,#720,#721,#722,#723,#724,#725,#726,#727,
#728,#729,#730,#731,#732,#733),.UNSPECIFIED.,.F.,.F.,(4,3,3,3,3,3,3,3,3,
4),(22.0316585389712,22.41541375257,22.8663634727402,23.3173131929103,23.7682629130805,
24.2192126332506,24.6701623534208,25.1774807886122,25.6847992238036,26.1744742593992),
 .UNSPECIFIED.);
#124=B_SPLINE_CURVE_WITH_KNOTS('',3,(#737,#738,#739,#740,#741,#742,#743,
#744,#745,#746,#747,#748,#749,#750,#751,#752,#753,#754,#755,#756,#757,#758,
#759,#760,#761,#762,#763,#764),.UNSPECIFIED.,.F.,.F.,(4,2,2,2,2,2,2,2,2,
2,2,2,2,4),(0.,0.150999674129011,0.305237848787672,0.390610763533187,0.415015366383104,
0.422279888576467,0.426093805784724,0.428651579114472,0.431014538884063,
0.434059064463734,0.439735717796344,0.454556749435735,0.517869904064484,
0.916446487324264),.UNSPECIFIED.);
#125=B_SPLINE_CURVE_WITH_KNOTS('',3,(#765,#766,#767,#768,#769,#770,#771,
#772,#773,#774,#775,#776,#777,#778,#779,#780,#781,#782,#783,#784,#785,#786,
#787,#788,#789,#790,#791,#792,#793,#794,#795),.UNSPECIFIED.,.F.,.F.,(4,
3,3,3,3,3,3,3,3,3,4),(1.34919836562819,1.71689103138156,1.83945525329935,
2.32971214097051,2.81996902864166,3.18766169439504,3.31022591631283,3.80048280398399,
4.29073969165516,4.65843235740853,4.76984146956446),.UNSPECIFIED.);
#126=B_SPLINE_CURVE_WITH_KNOTS('',3,(#800,#801,#802,#803,#804,#805,#806,
#807,#808,#809,#810,#811,#812,#813,#814,#815,#816,#817,#818,#819,#820,#821,
#822,#823,#824,#825,#826,#827,#828,#829,#830,#831,#832,#833,#834,#835,#836,
#837,#838,#839,#840,#841,#842),.UNSPECIFIED.,.F.,.F.,(4,3,3,3,3,3,3,3,3,
3,3,3,3,3,4),(17.8888059939296,17.905879877412,18.244095173887,18.582310470362,
18.7514181185995,19.2587410633121,19.5969563597871,19.9351716562621,20.2733869527371,
20.6116022492121,20.9498175456872,21.2880328421622,21.6262481386372,21.9644634351122,
22.0316585389712),.UNSPECIFIED.);
#127=B_SPLINE_CURVE_WITH_KNOTS('',3,(#843,#844,#845,#846,#847,#848,#849,
#850,#851,#852,#853,#854,#855,#856,#857,#858,#859,#860,#861,#862,#863,#864,
#865,#866,#867,#868,#869,#870,#871,#872,#873,#874,#875,#876,#877,#878,#879,
#880,#881,#882),.UNSPECIFIED.,.F.,.F.,(4,3,3,3,3,3,3,3,3,3,3,3,3,4),(4.76984146956446,
4.78099635772682,5.2712435063023,5.59807493868596,5.92490637106962,6.25173780345326,
6.57856923583692,7.01434447901513,7.23223210060423,7.59991746203584,7.72247924917971,
8.2127263977552,8.70297354633068,8.91270514234658),.UNSPECIFIED.);
#128=B_SPLINE_CURVE_WITH_KNOTS('',3,(#887,#888,#889,#890,#891,#892,#893,
#894,#895,#896,#897,#898,#899,#900,#901,#902,#903,#904,#905,#906,#907,#908,
#909,#910,#911,#912,#913,#914,#915,#916,#917,#918,#919,#920),
 .UNSPECIFIED.,.F.,.F.,(4,3,3,3,3,3,3,3,3,3,3,4),(13.7459351109581,13.847278429894,
14.2982341546824,14.7491898794708,15.2001456042592,15.6511013290477,16.1020570538361,
16.5530127786245,17.003968503413,17.4549242282014,17.5676631593985,17.8888059939296),
 .UNSPECIFIED.);
#129=B_SPLINE_CURVE_WITH_KNOTS('',3,(#921,#922,#923,#924,#925,#926,#927,
#928,#929,#930,#931,#932,#933,#934,#935,#936,#937,#938,#939,#940,#941,#942,
#943,#944,#945,#946,#947,#948,#949,#950,#951,#952,#953,#954,#955,#956,#957,
#958,#959,#960),.UNSPECIFIED.,.F.,.F.,(4,3,3,3,3,3,3,3,3,3,3,3,3,4),(8.91270514234658,
9.07065784443316,9.19321880650319,9.52004803868996,9.84687727087672,10.1737065030635,
10.5005357352503,10.9363080448326,11.372080354415,11.8078526639973,12.1346818961841,
12.4615111283708,12.7883403605576,13.0555409263963),.UNSPECIFIED.);
#130=B_SPLINE_CURVE_WITH_KNOTS('',3,(#965,#966,#967,#968,#969,#970,#971,
#972,#973,#974,#975,#976,#977,#978,#979,#980,#981,#982,#983,#984,#985,#986,
#987,#988,#989,#990,#991,#992,#993,#994,#995,#996,#997,#998,#999,#1000,
#1001),.UNSPECIFIED.,.F.,.F.,(4,3,3,3,3,3,3,3,3,3,3,3,4),(9.60306421324366,
9.78867689271517,10.2396326191084,10.6905883455017,11.141544071895,11.4797608666899,
11.8179776614849,12.1561944562798,12.4944112510748,12.8326280458698,13.1708448406647,
13.5090616354597,13.7459351109581),.UNSPECIFIED.);
#131=B_SPLINE_CURVE_WITH_KNOTS('',3,(#1002,#1003,#1004,#1005,#1006,#1007,
#1008,#1009,#1010,#1011,#1012,#1013,#1014,#1015,#1016,#1017,#1018,#1019,
#1020,#1021,#1022,#1023,#1024,#1025,#1026,#1027,#1028,#1029,#1030,#1031,
#1032,#1033,#1034,#1035,#1036,#1037,#1038,#1039,#1040,#1041,#1042,#1043,
#1044),.UNSPECIFIED.,.F.,.F.,(4,3,3,3,3,3,3,3,3,3,3,3,3,3,4),(13.0555409263963,
13.1151689231512,13.4419944852469,13.7688200473426,14.0956456094383,14.422471171534,
14.8582385876616,15.2940060037892,15.7297734199168,15.9476571279806,16.2200117630603,
16.3834245441082,16.7102501062039,17.0370756682996,17.1983301893716),
 .UNSPECIFIED.);
#132=B_SPLINE_CURVE_WITH_KNOTS('',3,(#1049,#1050,#1051,#1052,#1053,#1054,
#1055,#1056,#1057,#1058,#1059,#1060,#1061,#1062,#1063,#1064,#1065,#1066,
#1067,#1068,#1069,#1070,#1071,#1072,#1073,#1074,#1075,#1076,#1077,#1078,
#1079,#1080,#1081,#1082,#1083,#1084,#1085),.UNSPECIFIED.,.F.,.F.,(4,3,3,
3,3,3,3,3,3,3,3,3,4),(5.46021162383981,5.73009247126675,6.18104620472909,
6.63199993819144,7.08295367165379,7.42116897175055,7.75938427184732,8.09759957194408,
8.43581487204084,8.77403017213761,9.11224547223437,9.45046077233113,9.60306421324366),
 .UNSPECIFIED.);
#133=B_SPLINE_CURVE_WITH_KNOTS('',3,(#1086,#1087,#1088,#1089,#1090,#1091,
#1092,#1093,#1094,#1095,#1096,#1097,#1098,#1099,#1100,#1101,#1102,#1103,
#1104,#1105,#1106,#1107,#1108,#1109,#1110,#1111,#1112,#1113,#1114,#1115,
#1116,#1117,#1118,#1119,#1120,#1121,#1122,#1123,#1124,#1125),
 .UNSPECIFIED.,.F.,.F.,(4,3,3,3,3,3,3,3,3,3,3,3,3,4),(17.1983301893716,
17.3638993391132,17.6907211679516,18.01754299679,18.3443648256283,18.7801272640794,
19.2158897025306,19.6516521409817,19.9784739698201,20.3052957986584,20.6321176274968,
20.9589394563351,21.2857612851735,21.3410721298922),.UNSPECIFIED.);
#134=B_SPLINE_CURVE_WITH_KNOTS('',3,(#1130,#1131,#1132,#1133,#1134,#1135,
#1136,#1137,#1138,#1139,#1140,#1141,#1142,#1143,#1144,#1145,#1146,#1147,
#1148,#1149,#1150,#1151,#1152,#1153,#1154,#1155,#1156,#1157,#1158,#1159,
#1160,#1161,#1162,#1163),.UNSPECIFIED.,.F.,.F.,(4,3,3,3,3,3,3,3,3,3,3,4),
(1.3173958290401,1.33333022369924,1.84064866799811,2.34796711229697,2.85528555659584,
3.3626040008947,3.86992244519357,4.37724088949244,4.71545318569168,5.05366548189093,
5.39187777809017,5.46021162383981),.UNSPECIFIED.);
#135=B_SPLINE_CURVE_WITH_KNOTS('',3,(#1164,#1165,#1166,#1167,#1168,#1169,
#1170,#1171,#1172,#1173,#1174,#1175,#1176,#1177,#1178,#1179,#1180,#1181,
#1182,#1183,#1184,#1185,#1186,#1187,#1188,#1189,#1190,#1191,#1192,#1193,
#1194,#1195,#1196,#1197,#1198,#1199,#1200),.UNSPECIFIED.,.F.,.F.,(4,3,3,
3,3,3,3,3,3,3,3,3,4),(21.3410721298922,21.6125861541719,21.9394116424962,
22.2662371308206,22.593062619145,22.9198881074694,23.2467135957938,23.5735390841181,
24.009306401884,24.4450737196498,24.8808410374157,25.3710792699022,25.4838604577548),
 .UNSPECIFIED.);
#136=B_SPLINE_CURVE_WITH_KNOTS('',3,(#1259,#1260,#1261,#1262,#1263,#1264),
 .UNSPECIFIED.,.F.,.F.,(4,1,1,4),(0.0457419210843424,0.491870222342433,
0.789289089847827,0.931674225713395),.UNSPECIFIED.);
#137=B_SPLINE_CURVE_WITH_KNOTS('',3,(#1265,#1266,#1267,#1268,#1269),
 .UNSPECIFIED.,.F.,.F.,(4,1,4),(-0.773803146876081,-0.491870222342433,-0.0457419210843424),
 .UNSPECIFIED.);
#138=B_SPLINE_CURVE_WITH_KNOTS('',3,(#1291,#1292,#1293,#1294,#1295),
 .UNSPECIFIED.,.F.,.F.,(4,1,4),(5.34505571707403E-10,0.379706916507918,
0.885982804472468),.UNSPECIFIED.);
#139=B_SPLINE_CURVE_WITH_KNOTS('',3,(#1297,#1298,#1299,#1300,#1301),
 .UNSPECIFIED.,.F.,.F.,(4,1,4),(-0.885982804472468,-0.379706916507918,-0.157787629631254),
 .UNSPECIFIED.);
#140=B_SPLINE_CURVE_WITH_KNOTS('',3,(#1621,#1622,#1623,#1624,#1625,#1626,
#1627,#1628,#1629,#1630,#1631,#1632,#1633,#1634,#1635,#1636,#1637,#1638,
#1639,#1640,#1641,#1642,#1643,#1644,#1645,#1646,#1647,#1648,#1649,#1650,
#1651,#1652,#1653,#1654,#1655,#1656,#1657,#1658,#1659,#1660,#1661,#1662,
#1663,#1664,#1665,#1666,#1667,#1668,#1669,#1670,#1671,#1672,#1673,#1674,
#1675,#1676,#1677,#1678,#1679,#1680,#1681,#1682,#1683,#1684,#1685,#1686,
#1687,#1688,#1689,#1690,#1691,#1692,#1693,#1694,#1695,#1696,#1697,#1698),
 .UNSPECIFIED.,.F.,.F.,(4,1,1,1,1,1,1,1,1,1,1,1,1,1,1,1,1,1,1,1,1,1,1,1,
1,1,1,1,1,1,1,1,1,1,1,1,1,1,1,1,1,1,1,1,1,1,1,1,1,1,1,1,1,1,1,1,1,1,1,1,
1,1,1,1,1,1,1,1,1,1,1,1,1,1,1,4),(0.5092588578249,0.538476946263911,1.06177619182582,
1.58507543738773,2.10837468294964,2.63167392851155,3.15497317407346,3.67827241963537,
4.14342730457929,4.60858218952321,5.07373707446713,5.42260323817507,5.77146940188301,
6.12033556559095,6.4692017292989,6.81806789300684,7.16693405671478,7.51580022042272,
7.86466638413066,8.2135325478386,8.56239871154654,8.91126487525448,9.26013103896242,
9.60899720267036,9.9578633663783,10.3067295300862,10.6555956937942,11.0044618575021,
11.3533280212101,11.702194184918,12.0510603486259,12.3999265123339,12.7487926760418,
13.0976588397498,13.4465250034577,13.9116798884016,14.3768347733455,14.8419896582895,
15.1908558219974,15.5397219857053,15.8885881494133,16.2374543131212,16.5863204768292,
16.9351866405371,17.284052804245,17.632918967953,18.0980738528969,18.5632287378408,
19.0283836227847,19.3772497864927,19.7261159502006,20.0749821139086,20.4238482776165,
20.9471475231784,21.4704467687403,21.9937460143022,22.2553956370832,22.3862204484737,
22.5170452598641,22.8659114235721,23.21477758728,23.563643750988,23.9125099146959,
24.2613760784038,24.6102422421118,25.0027166762832,25.1335414876737,25.6568407332356,
26.1801399787975,26.7034392243594,26.8342640357499,27.2267384699213,27.7500377154833,
28.2733369610452,28.4041617724356,28.7966362066071),.UNSPECIFIED.);
#141=B_SPLINE_CURVE_WITH_KNOTS('',3,(#1700,#1701,#1702,#1703,#1704,#1705,
#1706,#1707,#1708,#1709,#1710,#1711,#1712,#1713,#1714,#1715,#1716,#1717,
#1718,#1719,#1720,#1721,#1722,#1723,#1724,#1725,#1726,#1727,#1728,#1729,
#1730,#1731,#1732,#1733,#1734,#1735,#1736,#1737,#1738,#1739,#1740,#1741,
#1742,#1743,#1744,#1745,#1746,#1747,#1748,#1749,#1750,#1751),
 .UNSPECIFIED.,.F.,.F.,(4,3,3,3,3,3,3,3,3,3,3,3,3,3,3,3,3,4),(0.696926002721994,
0.754902879037825,0.812898131867245,0.850447574396426,0.907207590233125,
0.964337755857916,1.02114736454267,1.07683050386836,1.12162558376578,1.17734939869177,
1.21758415834202,1.2735554755298,1.33010133259141,1.38664718965302,1.44174652344574,
1.49693049904461,1.55144065521519,1.60086562568635),.UNSPECIFIED.);
#142=B_SPLINE_CURVE_WITH_KNOTS('',3,(#1752,#1753,#1754,#1755,#1756,#1757,
#1758,#1759,#1760,#1761,#1762,#1763,#1764,#1765,#1766,#1767,#1768,#1769,
#1770),.UNSPECIFIED.,.F.,.F.,(4,3,3,3,3,3,4),(25.4838604577548,25.8613438306843,
26.3516162581535,26.8418886856226,27.3321611130918,27.8224335405609,27.9376593359621),
 .UNSPECIFIED.);
#143=B_SPLINE_CURVE_WITH_KNOTS('',3,(#2325,#2326,#2327,#2328,#2329,#2330,
#2331,#2332,#2333,#2334,#2335,#2336,#2337,#2338,#2339,#2340,#2341,#2342,
#2343,#2344,#2345,#2346,#2347,#2348,#2349,#2350,#2351,#2352,#2353,#2354,
#2355,#2356,#2357,#2358,#2359,#2360,#2361,#2362,#2363,#2364,#2365,#2366,
#2367,#2368,#2369,#2370,#2371,#2372,#2373,#2374,#2375,#2376,#2377,#2378,
#2379,#2380,#2381,#2382,#2383,#2384,#2385,#2386,#2387,#2388,#2389,#2390,
#2391,#2392,#2393,#2394,#2395,#2396,#2397,#2398,#2399,#2400,#2401,#2402,
#2403),.UNSPECIFIED.,.F.,.F.,(4,1,1,1,1,1,1,1,1,1,1,1,1,1,1,1,1,1,1,1,1,
1,1,1,1,1,1,1,1,1,1,1,1,1,1,1,1,1,1,1,1,1,1,1,1,1,1,1,1,1,1,1,1,1,1,1,1,
1,1,1,1,1,1,1,1,1,1,1,1,1,1,1,1,1,1,1,4),(-28.7966362066071,-28.4041617724356,
-28.2733369610452,-27.7500377154833,-27.2267384699213,-26.8342640357499,
-26.7034392243594,-26.1801399787975,-25.6568407332356,-25.1335414876737,
-25.0027166762832,-24.6102422421118,-24.2613760784038,-23.9125099146959,
-23.563643750988,-23.21477758728,-22.8659114235721,-22.5170452598641,-22.3862204484737,
-22.2553956370832,-21.9937460143022,-21.4704467687403,-20.9471475231784,
-20.4238482776165,-20.0749821139086,-19.7261159502006,-19.3772497864927,
-19.0283836227847,-18.5632287378408,-18.0980738528969,-17.632918967953,
-17.284052804245,-16.9351866405371,-16.5863204768292,-16.2374543131212,
-15.8885881494133,-15.5397219857053,-15.1908558219974,-14.8419896582895,
-14.3768347733455,-13.9116798884016,-13.4465250034577,-13.0976588397498,
-12.7487926760418,-12.3999265123339,-12.0510603486259,-11.702194184918,
-11.3533280212101,-11.0044618575021,-10.6555956937942,-10.3067295300862,
-9.9578633663783,-9.60899720267036,-9.26013103896242,-8.91126487525448,
-8.56239871154654,-8.2135325478386,-7.86466638413066,-7.51580022042272,
-7.16693405671478,-6.81806789300684,-6.4692017292989,-6.12033556559095,
-5.77146940188301,-5.42260323817507,-5.07373707446713,-4.60858218952321,
-4.14342730457929,-3.67827241963537,-3.15497317407346,-2.63167392851155,
-2.10837468294964,-1.58507543738773,-1.06177619182582,-0.538476946263911,
-0.0151777007020004,0.50812154485991),.UNSPECIFIED.);
#144=B_SPLINE_CURVE_WITH_KNOTS('',3,(#2404,#2405,#2406,#2407,#2408,#2409,
#2410,#2411,#2412,#2413,#2414,#2415),.UNSPECIFIED.,.F.,.F.,(4,2,2,2,2,4),
(0.,0.187446035527583,0.361452590026999,0.528373580669727,0.625091803448435,
0.697723157287525),.UNSPECIFIED.);
#145=B_SPLINE_CURVE_WITH_KNOTS('',3,(#2709,#2710,#2711,#2712,#2713,#2714,
#2715),.UNSPECIFIED.,.F.,.F.,(4,3,4),(0.318681921413669,0.8260061636097,
1.3173958290401),.UNSPECIFIED.);
#146=B_SPLINE_CURVE_WITH_KNOTS('',3,(#2716,#2717,#2718,#2719,#2720,#2721,
#2722,#2723,#2724,#2725,#2726,#2727,#2728,#2729,#2730,#2731,#2732,#2733,
#2734,#2735,#2736,#2737,#2738,#2739,#2740,#2741,#2742,#2743,#2744,#2745,
#2746,#2747,#2748,#2749,#2750,#2751,#2752,#2753,#2754,#2755,#2756,#2757,
#2758,#2759,#2760,#2761,#2762,#2763,#2764,#2765,#2766,#2767,#2768,#2769,
#2770),.UNSPECIFIED.,.F.,.F.,(4,3,3,3,3,3,3,3,3,3,3,3,3,3,3,3,3,3,4),(0.31415802882239,
0.367803004595933,0.422132119853922,0.476996008399678,0.508789470911898,
0.563693122146703,0.619571202685766,0.675512330095807,0.73075967603014,
0.772393617427308,0.829225380444768,0.833774690165789,0.889213374856419,
0.94539674274199,1.0022047280024,1.04213388440373,1.0990810674361,1.15701966267848,
1.21495825792087),.UNSPECIFIED.);
#147=LINE('',#666,#176);
#148=LINE('',#705,#177);
#149=LINE('',#799,#178);
#150=LINE('',#886,#179);
#151=LINE('',#964,#180);
#152=LINE('',#1048,#181);
#153=LINE('',#1129,#182);
#154=LINE('',#1205,#183);
#155=LINE('',#1211,#184);
#156=LINE('',#2779,#185);
#157=LINE('',#2786,#186);
#158=LINE('',#2791,#187);
#159=LINE('',#2793,#188);
#160=LINE('',#2795,#189);
#161=LINE('',#2796,#190);
#162=LINE('',#2799,#191);
#163=LINE('',#2801,#192);
#164=LINE('',#2802,#193);
#165=LINE('',#2805,#194);
#166=LINE('',#2807,#195);
#167=LINE('',#2808,#196);
#168=LINE('',#2811,#197);
#169=LINE('',#2813,#198);
#170=LINE('',#2814,#199);
#171=LINE('',#2817,#200);
#172=LINE('',#2819,#201);
#173=LINE('',#2820,#202);
#174=LINE('',#2822,#203);
#175=LINE('',#2823,#204);
#176=VECTOR('',#557,6.56845);
#177=VECTOR('',#562,6.56845);
#178=VECTOR('',#567,6.56845);
#179=VECTOR('',#570,6.56845);
#180=VECTOR('',#573,6.56845);
#181=VECTOR('',#576,6.56845);
#182=VECTOR('',#579,6.56845);
#183=VECTOR('',#584,2.5);
#184=VECTOR('',#591,6.075);
#185=VECTOR('',#616,7.5);
#186=VECTOR('',#625,7.5);
#187=VECTOR('',#630,10.);
#188=VECTOR('',#631,10.);
#189=VECTOR('',#632,10.);
#190=VECTOR('',#633,10.);
#191=VECTOR('',#636,10.);
#192=VECTOR('',#637,10.);
#193=VECTOR('',#638,10.);
#194=VECTOR('',#641,10.);
#195=VECTOR('',#642,10.);
#196=VECTOR('',#643,10.);
#197=VECTOR('',#646,10.);
#198=VECTOR('',#647,10.);
#199=VECTOR('',#648,10.);
#200=VECTOR('',#651,10.);
#201=VECTOR('',#652,10.);
#202=VECTOR('',#653,10.);
#203=VECTOR('',#656,10.);
#204=VECTOR('',#657,10.);
#205=VERTEX_POINT('',#664);
#206=VERTEX_POINT('',#665);
#207=VERTEX_POINT('',#667);
#208=VERTEX_POINT('',#684);
#209=VERTEX_POINT('',#703);
#210=VERTEX_POINT('',#704);
#211=VERTEX_POINT('',#734);
#212=VERTEX_POINT('',#736);
#213=VERTEX_POINT('',#797);
#214=VERTEX_POINT('',#798);
#215=VERTEX_POINT('',#884);
#216=VERTEX_POINT('',#885);
#217=VERTEX_POINT('',#962);
#218=VERTEX_POINT('',#963);
#219=VERTEX_POINT('',#1046);
#220=VERTEX_POINT('',#1047);
#221=VERTEX_POINT('',#1127);
#222=VERTEX_POINT('',#1128);
#223=VERTEX_POINT('',#1202);
#224=VERTEX_POINT('',#1204);
#225=VERTEX_POINT('',#1208);
#226=VERTEX_POINT('',#1210);
#227=VERTEX_POINT('',#1256);
#228=VERTEX_POINT('',#1257);
#229=VERTEX_POINT('',#1290);
#230=VERTEX_POINT('',#1620);
#231=VERTEX_POINT('',#1699);
#232=VERTEX_POINT('',#2324);
#233=VERTEX_POINT('',#2708);
#234=VERTEX_POINT('',#2773);
#235=VERTEX_POINT('',#2778);
#236=VERTEX_POINT('',#2783);
#237=VERTEX_POINT('',#2785);
#238=VERTEX_POINT('',#2789);
#239=VERTEX_POINT('',#2790);
#240=VERTEX_POINT('',#2792);
#241=VERTEX_POINT('',#2794);
#242=VERTEX_POINT('',#2798);
#243=VERTEX_POINT('',#2800);
#244=VERTEX_POINT('',#2804);
#245=VERTEX_POINT('',#2806);
#246=VERTEX_POINT('',#2810);
#247=VERTEX_POINT('',#2812);
#248=VERTEX_POINT('',#2816);
#249=VERTEX_POINT('',#2818);
#250=EDGE_CURVE('',#205,#206,#147,.T.);
#251=EDGE_CURVE('',#205,#207,#121,.T.);
#252=EDGE_CURVE('',#208,#207,#122,.F.);
#253=EDGE_CURVE('',#206,#208,#107,.T.);
#254=EDGE_CURVE('',#209,#210,#148,.T.);
#255=EDGE_CURVE('',#209,#205,#123,.T.);
#256=EDGE_CURVE('',#211,#206,#108,.T.);
#257=EDGE_CURVE('',#212,#211,#124,.F.);
#258=EDGE_CURVE('',#210,#212,#125,.F.);
#259=EDGE_CURVE('',#213,#214,#149,.T.);
#260=EDGE_CURVE('',#213,#209,#126,.T.);
#261=EDGE_CURVE('',#214,#210,#127,.F.);
#262=EDGE_CURVE('',#215,#216,#150,.T.);
#263=EDGE_CURVE('',#215,#213,#128,.T.);
#264=EDGE_CURVE('',#216,#214,#129,.F.);
#265=EDGE_CURVE('',#217,#218,#151,.T.);
#266=EDGE_CURVE('',#217,#215,#130,.T.);
#267=EDGE_CURVE('',#218,#216,#131,.F.);
#268=EDGE_CURVE('',#219,#220,#152,.T.);
#269=EDGE_CURVE('',#219,#217,#132,.T.);
#270=EDGE_CURVE('',#220,#218,#133,.F.);
#271=EDGE_CURVE('',#221,#222,#153,.T.);
#272=EDGE_CURVE('',#221,#219,#134,.T.);
#273=EDGE_CURVE('',#222,#220,#135,.F.);
#274=EDGE_CURVE('',#223,#223,#109,.T.);
#275=EDGE_CURVE('',#223,#224,#154,.T.);
#276=EDGE_CURVE('',#224,#224,#110,.T.);
#277=EDGE_CURVE('',#225,#225,#111,.T.);
#278=EDGE_CURVE('',#225,#226,#155,.T.);
#279=EDGE_CURVE('',#226,#226,#112,.T.);
#280=EDGE_CURVE('',#227,#228,#113,.T.);
#281=EDGE_CURVE('',#228,#212,#136,.T.);
#282=EDGE_CURVE('',#211,#227,#137,.T.);
#283=EDGE_CURVE('',#207,#229,#138,.T.);
#284=EDGE_CURVE('',#229,#227,#114,.T.);
#285=EDGE_CURVE('',#227,#208,#139,.T.);
#286=EDGE_CURVE('',#229,#228,#115,.T.);
#287=EDGE_CURVE('',#230,#228,#140,.T.);
#288=EDGE_CURVE('',#231,#230,#141,.F.);
#289=EDGE_CURVE('',#231,#222,#142,.F.);
#290=EDGE_CURVE('',#229,#232,#143,.T.);
#291=EDGE_CURVE('',#232,#230,#144,.F.);
#292=EDGE_CURVE('',#233,#221,#145,.T.);
#293=EDGE_CURVE('',#232,#233,#146,.F.);
#294=EDGE_CURVE('',#234,#234,#116,.T.);
#295=EDGE_CURVE('',#233,#231,#117,.T.);
#296=EDGE_CURVE('',#234,#235,#156,.T.);
#297=EDGE_CURVE('',#235,#235,#118,.F.);
#298=EDGE_CURVE('',#236,#236,#119,.T.);
#299=EDGE_CURVE('',#236,#237,#157,.T.);
#300=EDGE_CURVE('',#237,#237,#120,.T.);
#301=EDGE_CURVE('',#238,#239,#158,.T.);
#302=EDGE_CURVE('',#239,#240,#159,.T.);
#303=EDGE_CURVE('',#241,#240,#160,.T.);
#304=EDGE_CURVE('',#238,#241,#161,.T.);
#305=EDGE_CURVE('',#242,#238,#162,.T.);
#306=EDGE_CURVE('',#243,#241,#163,.T.);
#307=EDGE_CURVE('',#242,#243,#164,.T.);
#308=EDGE_CURVE('',#244,#242,#165,.T.);
#309=EDGE_CURVE('',#245,#243,#166,.T.);
#310=EDGE_CURVE('',#244,#245,#167,.T.);
#311=EDGE_CURVE('',#246,#244,#168,.T.);
#312=EDGE_CURVE('',#247,#245,#169,.T.);
#313=EDGE_CURVE('',#246,#247,#170,.T.);
#314=EDGE_CURVE('',#248,#246,#171,.T.);
#315=EDGE_CURVE('',#249,#247,#172,.T.);
#316=EDGE_CURVE('',#248,#249,#173,.T.);
#317=EDGE_CURVE('',#239,#248,#174,.T.);
#318=EDGE_CURVE('',#240,#249,#175,.T.);
#319=ORIENTED_EDGE('',*,*,#250,.F.);
#320=ORIENTED_EDGE('',*,*,#251,.T.);
#321=ORIENTED_EDGE('',*,*,#252,.F.);
#322=ORIENTED_EDGE('',*,*,#253,.F.);
#323=ORIENTED_EDGE('',*,*,#254,.F.);
#324=ORIENTED_EDGE('',*,*,#255,.T.);
#325=ORIENTED_EDGE('',*,*,#250,.T.);
#326=ORIENTED_EDGE('',*,*,#256,.F.);
#327=ORIENTED_EDGE('',*,*,#257,.F.);
#328=ORIENTED_EDGE('',*,*,#258,.F.);
#329=ORIENTED_EDGE('',*,*,#259,.F.);
#330=ORIENTED_EDGE('',*,*,#260,.T.);
#331=ORIENTED_EDGE('',*,*,#254,.T.);
#332=ORIENTED_EDGE('',*,*,#261,.F.);
#333=ORIENTED_EDGE('',*,*,#262,.F.);
#334=ORIENTED_EDGE('',*,*,#263,.T.);
#335=ORIENTED_EDGE('',*,*,#259,.T.);
#336=ORIENTED_EDGE('',*,*,#264,.F.);
#337=ORIENTED_EDGE('',*,*,#265,.F.);
#338=ORIENTED_EDGE('',*,*,#266,.T.);
#339=ORIENTED_EDGE('',*,*,#262,.T.);
#340=ORIENTED_EDGE('',*,*,#267,.F.);
#341=ORIENTED_EDGE('',*,*,#268,.F.);
#342=ORIENTED_EDGE('',*,*,#269,.T.);
#343=ORIENTED_EDGE('',*,*,#265,.T.);
#344=ORIENTED_EDGE('',*,*,#270,.F.);
#345=ORIENTED_EDGE('',*,*,#271,.F.);
#346=ORIENTED_EDGE('',*,*,#272,.T.);
#347=ORIENTED_EDGE('',*,*,#268,.T.);
#348=ORIENTED_EDGE('',*,*,#273,.F.);
#349=ORIENTED_EDGE('',*,*,#274,.F.);
#350=ORIENTED_EDGE('',*,*,#275,.T.);
#351=ORIENTED_EDGE('',*,*,#276,.F.);
#352=ORIENTED_EDGE('',*,*,#275,.F.);
#353=ORIENTED_EDGE('',*,*,#277,.F.);
#354=ORIENTED_EDGE('',*,*,#278,.T.);
#355=ORIENTED_EDGE('',*,*,#279,.T.);
#356=ORIENTED_EDGE('',*,*,#278,.F.);
#357=ORIENTED_EDGE('',*,*,#279,.F.);
#358=ORIENTED_EDGE('',*,*,#274,.T.);
#359=ORIENTED_EDGE('',*,*,#280,.T.);
#360=ORIENTED_EDGE('',*,*,#281,.T.);
#361=ORIENTED_EDGE('',*,*,#257,.T.);
#362=ORIENTED_EDGE('',*,*,#282,.T.);
#363=ORIENTED_EDGE('',*,*,#252,.T.);
#364=ORIENTED_EDGE('',*,*,#283,.T.);
#365=ORIENTED_EDGE('',*,*,#284,.T.);
#366=ORIENTED_EDGE('',*,*,#285,.T.);
#367=ORIENTED_EDGE('',*,*,#284,.F.);
#368=ORIENTED_EDGE('',*,*,#286,.T.);
#369=ORIENTED_EDGE('',*,*,#280,.F.);
#370=ORIENTED_EDGE('',*,*,#281,.F.);
#371=ORIENTED_EDGE('',*,*,#287,.F.);
#372=ORIENTED_EDGE('',*,*,#288,.F.);
#373=ORIENTED_EDGE('',*,*,#289,.T.);
#374=ORIENTED_EDGE('',*,*,#273,.T.);
#375=ORIENTED_EDGE('',*,*,#270,.T.);
#376=ORIENTED_EDGE('',*,*,#267,.T.);
#377=ORIENTED_EDGE('',*,*,#264,.T.);
#378=ORIENTED_EDGE('',*,*,#261,.T.);
#379=ORIENTED_EDGE('',*,*,#258,.T.);
#380=ORIENTED_EDGE('',*,*,#286,.F.);
#381=ORIENTED_EDGE('',*,*,#290,.T.);
#382=ORIENTED_EDGE('',*,*,#291,.T.);
#383=ORIENTED_EDGE('',*,*,#287,.T.);
#384=ORIENTED_EDGE('',*,*,#283,.F.);
#385=ORIENTED_EDGE('',*,*,#251,.F.);
#386=ORIENTED_EDGE('',*,*,#255,.F.);
#387=ORIENTED_EDGE('',*,*,#260,.F.);
#388=ORIENTED_EDGE('',*,*,#263,.F.);
#389=ORIENTED_EDGE('',*,*,#266,.F.);
#390=ORIENTED_EDGE('',*,*,#269,.F.);
#391=ORIENTED_EDGE('',*,*,#272,.F.);
#392=ORIENTED_EDGE('',*,*,#292,.F.);
#393=ORIENTED_EDGE('',*,*,#293,.F.);
#394=ORIENTED_EDGE('',*,*,#290,.F.);
#395=ORIENTED_EDGE('',*,*,#256,.T.);
#396=ORIENTED_EDGE('',*,*,#253,.T.);
#397=ORIENTED_EDGE('',*,*,#285,.F.);
#398=ORIENTED_EDGE('',*,*,#282,.F.);
#399=ORIENTED_EDGE('',*,*,#277,.T.);
#400=ORIENTED_EDGE('',*,*,#294,.F.);
#401=ORIENTED_EDGE('',*,*,#293,.T.);
#402=ORIENTED_EDGE('',*,*,#295,.T.);
#403=ORIENTED_EDGE('',*,*,#288,.T.);
#404=ORIENTED_EDGE('',*,*,#291,.F.);
#405=ORIENTED_EDGE('',*,*,#271,.T.);
#406=ORIENTED_EDGE('',*,*,#289,.F.);
#407=ORIENTED_EDGE('',*,*,#295,.F.);
#408=ORIENTED_EDGE('',*,*,#292,.T.);
#409=ORIENTED_EDGE('',*,*,#294,.T.);
#410=ORIENTED_EDGE('',*,*,#296,.T.);
#411=ORIENTED_EDGE('',*,*,#297,.T.);
#412=ORIENTED_EDGE('',*,*,#296,.F.);
#413=ORIENTED_EDGE('',*,*,#297,.F.);
#414=ORIENTED_EDGE('',*,*,#276,.T.);
#415=ORIENTED_EDGE('',*,*,#298,.F.);
#416=ORIENTED_EDGE('',*,*,#299,.T.);
#417=ORIENTED_EDGE('',*,*,#300,.T.);
#418=ORIENTED_EDGE('',*,*,#299,.F.);
#419=ORIENTED_EDGE('',*,*,#301,.T.);
#420=ORIENTED_EDGE('',*,*,#302,.T.);
#421=ORIENTED_EDGE('',*,*,#303,.F.);
#422=ORIENTED_EDGE('',*,*,#304,.F.);
#423=ORIENTED_EDGE('',*,*,#305,.T.);
#424=ORIENTED_EDGE('',*,*,#304,.T.);
#425=ORIENTED_EDGE('',*,*,#306,.F.);
#426=ORIENTED_EDGE('',*,*,#307,.F.);
#427=ORIENTED_EDGE('',*,*,#308,.T.);
#428=ORIENTED_EDGE('',*,*,#307,.T.);
#429=ORIENTED_EDGE('',*,*,#309,.F.);
#430=ORIENTED_EDGE('',*,*,#310,.F.);
#431=ORIENTED_EDGE('',*,*,#311,.T.);
#432=ORIENTED_EDGE('',*,*,#310,.T.);
#433=ORIENTED_EDGE('',*,*,#312,.F.);
#434=ORIENTED_EDGE('',*,*,#313,.F.);
#435=ORIENTED_EDGE('',*,*,#314,.T.);
#436=ORIENTED_EDGE('',*,*,#313,.T.);
#437=ORIENTED_EDGE('',*,*,#315,.F.);
#438=ORIENTED_EDGE('',*,*,#316,.F.);
#439=ORIENTED_EDGE('',*,*,#317,.T.);
#440=ORIENTED_EDGE('',*,*,#316,.T.);
#441=ORIENTED_EDGE('',*,*,#318,.F.);
#442=ORIENTED_EDGE('',*,*,#302,.F.);
#443=ORIENTED_EDGE('',*,*,#318,.T.);
#444=ORIENTED_EDGE('',*,*,#315,.T.);
#445=ORIENTED_EDGE('',*,*,#312,.T.);
#446=ORIENTED_EDGE('',*,*,#309,.T.);
#447=ORIENTED_EDGE('',*,*,#306,.T.);
#448=ORIENTED_EDGE('',*,*,#303,.T.);
#449=ORIENTED_EDGE('',*,*,#298,.T.);
#450=ORIENTED_EDGE('',*,*,#317,.F.);
#451=ORIENTED_EDGE('',*,*,#301,.F.);
#452=ORIENTED_EDGE('',*,*,#305,.F.);
#453=ORIENTED_EDGE('',*,*,#308,.F.);
#454=ORIENTED_EDGE('',*,*,#311,.F.);
#455=ORIENTED_EDGE('',*,*,#314,.F.);
#456=ORIENTED_EDGE('',*,*,#300,.F.);
#457=CYLINDRICAL_SURFACE('',#514,6.56845);
#458=CYLINDRICAL_SURFACE('',#516,6.56845);
#459=CYLINDRICAL_SURFACE('',#518,6.56845);
#460=CYLINDRICAL_SURFACE('',#519,6.56845);
#461=CYLINDRICAL_SURFACE('',#520,6.56845);
#462=CYLINDRICAL_SURFACE('',#521,6.56845);
#463=CYLINDRICAL_SURFACE('',#522,6.56845);
#464=CYLINDRICAL_SURFACE('',#523,2.5);
#465=CYLINDRICAL_SURFACE('',#526,6.075);
#466=CYLINDRICAL_SURFACE('',#538,6.56845);
#467=CYLINDRICAL_SURFACE('',#539,7.425);
#468=CYLINDRICAL_SURFACE('',#542,7.5);
#469=ADVANCED_FACE('',(#41),#457,.T.);
#470=ADVANCED_FACE('',(#42),#458,.T.);
#471=ADVANCED_FACE('',(#43),#459,.T.);
#472=ADVANCED_FACE('',(#44),#460,.T.);
#473=ADVANCED_FACE('',(#45),#461,.T.);
#474=ADVANCED_FACE('',(#46),#462,.T.);
#475=ADVANCED_FACE('',(#47),#463,.T.);
#476=ADVANCED_FACE('',(#48),#464,.F.);
#477=ADVANCED_FACE('',(#49),#465,.F.);
#478=ADVANCED_FACE('',(#50,#23),#29,.T.);
#479=ADVANCED_FACE('',(#51),#18,.F.);
#480=ADVANCED_FACE('',(#52),#19,.F.);
#481=ADVANCED_FACE('',(#53),#17,.T.);
#482=ADVANCED_FACE('',(#54),#20,.F.);
#483=ADVANCED_FACE('',(#55),#21,.F.);
#484=ADVANCED_FACE('',(#56),#22,.F.);
#485=ADVANCED_FACE('',(#57,#24),#30,.T.);
#486=ADVANCED_FACE('',(#58,#25),#31,.T.);
#487=ADVANCED_FACE('',(#59),#466,.T.);
#488=ADVANCED_FACE('',(#60),#467,.T.);
#489=ADVANCED_FACE('',(#61,#26),#32,.F.);
#490=ADVANCED_FACE('',(#62),#468,.F.);
#491=ADVANCED_FACE('',(#63),#33,.T.);
#492=ADVANCED_FACE('',(#64),#34,.T.);
#493=ADVANCED_FACE('',(#65),#35,.T.);
#494=ADVANCED_FACE('',(#66),#36,.T.);
#495=ADVANCED_FACE('',(#67),#37,.T.);
#496=ADVANCED_FACE('',(#68),#38,.T.);
#497=ADVANCED_FACE('',(#69,#27),#39,.T.);
#498=ADVANCED_FACE('',(#70,#28),#40,.F.);
#499=CLOSED_SHELL('',(#469,#470,#471,#472,#473,#474,#475,#476,#477,#478,
#479,#480,#481,#482,#483,#484,#485,#486,#487,#488,#489));
#500=CLOSED_SHELL('',(#490,#491,#492,#493,#494,#495,#496,#497,#498));
#501=DERIVED_UNIT_ELEMENT(#503,1.);
#502=DERIVED_UNIT_ELEMENT(#2831,-3.);
#503=(
MASS_UNIT()
NAMED_UNIT(*)
SI_UNIT(.KILO.,.GRAM.)
);
#504=DERIVED_UNIT((#501,#502));
#505=MEASURE_REPRESENTATION_ITEM('density measure',
POSITIVE_RATIO_MEASURE(7850.),#504);
#506=PROPERTY_DEFINITION_REPRESENTATION(#511,#508);
#507=PROPERTY_DEFINITION_REPRESENTATION(#512,#509);
#508=REPRESENTATION('material name',(#510),#2828);
#509=REPRESENTATION('density',(#505),#2828);
#510=DESCRIPTIVE_REPRESENTATION_ITEM('Acier','Acier');
#511=PROPERTY_DEFINITION('material property','material name',#2838);
#512=PROPERTY_DEFINITION('material property','density of part',#2838);
#513=AXIS2_PLACEMENT_3D('',#662,#553,#554);
#514=AXIS2_PLACEMENT_3D('',#663,#555,#556);
#515=AXIS2_PLACEMENT_3D('',#701,#558,#559);
#516=AXIS2_PLACEMENT_3D('',#702,#560,#561);
#517=AXIS2_PLACEMENT_3D('',#735,#563,#564);
#518=AXIS2_PLACEMENT_3D('',#796,#565,#566);
#519=AXIS2_PLACEMENT_3D('',#883,#568,#569);
#520=AXIS2_PLACEMENT_3D('',#961,#571,#572);
#521=AXIS2_PLACEMENT_3D('',#1045,#574,#575);
#522=AXIS2_PLACEMENT_3D('',#1126,#577,#578);
#523=AXIS2_PLACEMENT_3D('',#1201,#580,#581);
#524=AXIS2_PLACEMENT_3D('',#1203,#582,#583);
#525=AXIS2_PLACEMENT_3D('',#1206,#585,#586);
#526=AXIS2_PLACEMENT_3D('',#1207,#587,#588);
#527=AXIS2_PLACEMENT_3D('',#1209,#589,#590);
#528=AXIS2_PLACEMENT_3D('',#1212,#592,#593);
#529=AXIS2_PLACEMENT_3D('',#1213,#594,#595);
#530=AXIS2_PLACEMENT_3D('',#1258,#596,#597);
#531=AXIS2_PLACEMENT_3D('',#1296,#598,#599);
#532=AXIS2_PLACEMENT_3D('',#1302,#600,#601);
#533=AXIS2_PLACEMENT_3D('',#1303,#602,#603);
#534=AXIS2_PLACEMENT_3D('',#2771,#604,#605);
#535=AXIS2_PLACEMENT_3D('',#2772,#606,#607);
#536=AXIS2_PLACEMENT_3D('',#2774,#608,#609);
#537=AXIS2_PLACEMENT_3D('',#2775,#610,#611);
#538=AXIS2_PLACEMENT_3D('',#2776,#612,#613);
#539=AXIS2_PLACEMENT_3D('',#2777,#614,#615);
#540=AXIS2_PLACEMENT_3D('',#2780,#617,#618);
#541=AXIS2_PLACEMENT_3D('',#2781,#619,#620);
#542=AXIS2_PLACEMENT_3D('',#2782,#621,#622);
#543=AXIS2_PLACEMENT_3D('',#2784,#623,#624);
#544=AXIS2_PLACEMENT_3D('',#2787,#626,#627);
#545=AXIS2_PLACEMENT_3D('',#2788,#628,#629);
#546=AXIS2_PLACEMENT_3D('',#2797,#634,#635);
#547=AXIS2_PLACEMENT_3D('',#2803,#639,#640);
#548=AXIS2_PLACEMENT_3D('',#2809,#644,#645);
#549=AXIS2_PLACEMENT_3D('',#2815,#649,#650);
#550=AXIS2_PLACEMENT_3D('',#2821,#654,#655);
#551=AXIS2_PLACEMENT_3D('',#2824,#658,#659);
#552=AXIS2_PLACEMENT_3D('',#2825,#660,#661);
#553=DIRECTION('axis',(0.,0.,1.));
#554=DIRECTION('refdir',(1.,0.,0.));
#555=DIRECTION('center_axis',(0.,1.,0.));
#556=DIRECTION('ref_axis',(1.,0.,-4.29286963618929E-15));
#557=DIRECTION('',(0.,1.,0.));
#558=DIRECTION('center_axis',(0.,1.,0.));
#559=DIRECTION('ref_axis',(1.,0.,-4.29286963618929E-15));
#560=DIRECTION('center_axis',(0.,1.,0.));
#561=DIRECTION('ref_axis',(1.,0.,-4.29286963618929E-15));
#562=DIRECTION('',(0.,1.,0.));
#563=DIRECTION('center_axis',(0.,1.,0.));
#564=DIRECTION('ref_axis',(1.,0.,-4.29286963618929E-15));
#565=DIRECTION('center_axis',(0.,1.,0.));
#566=DIRECTION('ref_axis',(1.,0.,-4.29286963618929E-15));
#567=DIRECTION('',(0.,1.,0.));
#568=DIRECTION('center_axis',(0.,1.,0.));
#569=DIRECTION('ref_axis',(1.,0.,-4.29286963618929E-15));
#570=DIRECTION('',(0.,1.,0.));
#571=DIRECTION('center_axis',(0.,1.,0.));
#572=DIRECTION('ref_axis',(1.,0.,-4.29286963618929E-15));
#573=DIRECTION('',(0.,1.,0.));
#574=DIRECTION('center_axis',(0.,1.,0.));
#575=DIRECTION('ref_axis',(1.,0.,-4.29286963618929E-15));
#576=DIRECTION('',(0.,1.,0.));
#577=DIRECTION('center_axis',(0.,1.,0.));
#578=DIRECTION('ref_axis',(1.,0.,-4.29286963618929E-15));
#579=DIRECTION('',(0.,1.,0.));
#580=DIRECTION('center_axis',(0.,-1.,0.));
#581=DIRECTION('ref_axis',(-1.,0.,0.));
#582=DIRECTION('center_axis',(0.,-1.,0.));
#583=DIRECTION('ref_axis',(-1.,0.,0.));
#584=DIRECTION('',(0.,-1.,0.));
#585=DIRECTION('center_axis',(0.,1.,0.));
#586=DIRECTION('ref_axis',(-1.,0.,0.));
#587=DIRECTION('center_axis',(0.,-1.,0.));
#588=DIRECTION('ref_axis',(-1.,0.,0.));
#589=DIRECTION('center_axis',(0.,-1.,0.));
#590=DIRECTION('ref_axis',(-1.,0.,0.));
#591=DIRECTION('',(0.,-1.,0.));
#592=DIRECTION('center_axis',(0.,-1.,0.));
#593=DIRECTION('ref_axis',(-1.,0.,0.));
#594=DIRECTION('center_axis',(0.,1.,0.));
#595=DIRECTION('ref_axis',(-1.,0.,0.));
#596=DIRECTION('center_axis',(-0.71172554317831,0.,-0.702457650814296));
#597=DIRECTION('ref_axis',(0.,1.,0.));
#598=DIRECTION('center_axis',(0.624213937007086,0.,0.781253454933873));
#599=DIRECTION('ref_axis',(0.391114426021398,0.865664691968622,-0.312496634920799));
#600=DIRECTION('center_axis',(0.,0.,1.));
#601=DIRECTION('ref_axis',(1.,0.,0.));
#602=DIRECTION('center_axis',(-0.668743034525316,0.0340308469015924,-0.742714383348695));
#603=DIRECTION('ref_axis',(0.351667335571428,-0.865664691968619,-0.356307067248137));
#604=DIRECTION('center_axis',(0.,1.,0.));
#605=DIRECTION('ref_axis',(1.,0.,0.));
#606=DIRECTION('center_axis',(0.,1.,0.));
#607=DIRECTION('ref_axis',(0.,0.,1.));
#608=DIRECTION('center_axis',(0.,-1.,0.));
#609=DIRECTION('ref_axis',(1.,0.,0.));
#610=DIRECTION('center_axis',(0.,-1.,0.));
#611=DIRECTION('ref_axis',(1.,0.,-4.29286963618929E-15));
#612=DIRECTION('center_axis',(0.,1.,0.));
#613=DIRECTION('ref_axis',(1.,0.,-4.29286963618929E-15));
#614=DIRECTION('center_axis',(0.,1.,0.));
#615=DIRECTION('ref_axis',(1.,0.,0.));
#616=DIRECTION('',(0.,-1.,0.));
#617=DIRECTION('center_axis',(0.,-1.,0.));
#618=DIRECTION('ref_axis',(1.,0.,0.));
#619=DIRECTION('center_axis',(0.,1.,0.));
#620=DIRECTION('ref_axis',(1.,0.,0.));
#621=DIRECTION('center_axis',(0.,1.,0.));
#622=DIRECTION('ref_axis',(1.,0.,0.));
#623=DIRECTION('center_axis',(0.,-1.,0.));
#624=DIRECTION('ref_axis',(1.,0.,0.));
#625=DIRECTION('',(0.,-1.,0.));
#626=DIRECTION('center_axis',(0.,-1.,0.));
#627=DIRECTION('ref_axis',(1.,0.,0.));
#628=DIRECTION('center_axis',(-0.926035553117822,0.,-0.377436291792099));
#629=DIRECTION('ref_axis',(-0.377436291792099,0.,0.926035553117822));
#630=DIRECTION('',(-0.377436291792099,0.,0.926035553117821));
#631=DIRECTION('',(0.,1.,0.));
#632=DIRECTION('',(-0.377436291792099,0.,0.926035553117821));
#633=DIRECTION('',(0.,1.,0.));
#634=DIRECTION('center_axis',(-0.136148359556758,0.,-0.990688459703657));
#635=DIRECTION('ref_axis',(-0.990688459703657,0.,0.136148359556758));
#636=DIRECTION('',(-0.990688459703657,0.,0.136148359556758));
#637=DIRECTION('',(-0.990688459703657,0.,0.136148359556758));
#638=DIRECTION('',(0.,1.,0.));
#639=DIRECTION('center_axis',(0.789887193561064,0.,-0.613252167911558));
#640=DIRECTION('ref_axis',(-0.613252167911558,0.,-0.789887193561064));
#641=DIRECTION('',(-0.613252167911558,0.,-0.789887193561064));
#642=DIRECTION('',(-0.613252167911558,0.,-0.789887193561064));
#643=DIRECTION('',(0.,1.,0.));
#644=DIRECTION('center_axis',(0.926035553117822,0.,0.377436291792098));
#645=DIRECTION('ref_axis',(0.377436291792098,0.,-0.926035553117822));
#646=DIRECTION('',(0.377436291792098,0.,-0.926035553117822));
#647=DIRECTION('',(0.377436291792098,0.,-0.926035553117822));
#648=DIRECTION('',(0.,1.,0.));
#649=DIRECTION('center_axis',(0.136148359556758,0.,0.990688459703657));
#650=DIRECTION('ref_axis',(0.990688459703657,0.,-0.136148359556758));
#651=DIRECTION('',(0.990688459703657,0.,-0.136148359556758));
#652=DIRECTION('',(0.990688459703657,0.,-0.136148359556758));
#653=DIRECTION('',(0.,1.,0.));
#654=DIRECTION('center_axis',(-0.789887193561064,0.,0.613252167911558));
#655=DIRECTION('ref_axis',(0.613252167911558,0.,0.789887193561064));
#656=DIRECTION('',(0.613252167911558,0.,0.789887193561064));
#657=DIRECTION('',(0.613252167911558,0.,0.789887193561064));
#658=DIRECTION('center_axis',(0.,1.,0.));
#659=DIRECTION('ref_axis',(1.,0.,0.));
#660=DIRECTION('center_axis',(0.,1.,0.));
#661=DIRECTION('ref_axis',(1.,0.,0.));
#662=CARTESIAN_POINT('',(0.,0.,0.));
#663=CARTESIAN_POINT('Origin',(0.,-18.2728704041008,0.));
#664=CARTESIAN_POINT('',(-6.57170333874699,-5.63839721245222,0.00024380531236709));
#665=CARTESIAN_POINT('',(-6.56845,-5.,2.90019026886135E-14));
#666=CARTESIAN_POINT('',(-6.56845,-18.2728704041008,2.90019026886135E-14));
#667=CARTESIAN_POINT('',(5.49400140824177,-5.02687936691518,3.60006721169724));
#668=CARTESIAN_POINT('Ctrl Pts',(-6.57170333874699,-5.63839721245222,0.000243805312367089));
#669=CARTESIAN_POINT('Ctrl Pts',(-6.57177337709126,-5.63626781534791,0.0587417892973599));
#670=CARTESIAN_POINT('Ctrl Pts',(-6.57102791102369,-5.63413841824359,0.117238267603794));
#671=CARTESIAN_POINT('Ctrl Pts',(-6.5694594474973,-5.63200902113928,0.175713136922423));
#672=CARTESIAN_POINT('Ctrl Pts',(-6.52435983630586,-5.57078032193104,1.85709993767407));
#673=CARTESIAN_POINT('Ctrl Pts',(-5.79881175494839,-5.5095516227228,3.52062058036468));
#674=CARTESIAN_POINT('Ctrl Pts',(-4.59673956830867,-5.44832292351456,4.69702786305741));
#675=CARTESIAN_POINT('Ctrl Pts',(-3.39466738166896,-5.38709422430632,5.87343514575013));
#676=CARTESIAN_POINT('Ctrl Pts',(-1.71607108974702,-5.32586552509809,6.562729068445));
#677=CARTESIAN_POINT('Ctrl Pts',(-0.0340777892991367,-5.26463682588985,
6.57162758182101));
#678=CARTESIAN_POINT('Ctrl Pts',(1.64791551114878,-5.20340812668161,6.58052609519702));
#679=CARTESIAN_POINT('Ctrl Pts',(3.33330582012263,-5.14217942747337,5.90902919925413));
#680=CARTESIAN_POINT('Ctrl Pts',(4.54760793624684,-5.08095072826513,4.74473319419245));
#681=CARTESIAN_POINT('Ctrl Pts',(4.90505996641131,-5.06292694114848,4.40200137713028));
#682=CARTESIAN_POINT('Ctrl Pts',(5.22169093903179,-5.04490315403184,4.01656719330047));
#683=CARTESIAN_POINT('Ctrl Pts',(5.49214756315996,-5.02687936691519,3.6004223908113));
#684=CARTESIAN_POINT('',(6.19808037876074,-5.,2.17447350430425));
#685=CARTESIAN_POINT('Ctrl Pts',(5.4940014082418,-5.02687936691519,3.60006721169719));
#686=CARTESIAN_POINT('Ctrl Pts',(5.55550470734663,-5.0228008788648,3.5062080718468));
#687=CARTESIAN_POINT('Ctrl Pts',(5.61453289764469,-5.019297975498,3.41072300440105));
#688=CARTESIAN_POINT('Ctrl Pts',(5.67106651948052,-5.01627462979619,3.31374931308146));
#689=CARTESIAN_POINT('Ctrl Pts',(5.73093332412591,-5.01307302974603,3.21105812073523));
#690=CARTESIAN_POINT('Ctrl Pts',(5.78800249706108,-5.01040891487726,3.10669661227617));
#691=CARTESIAN_POINT('Ctrl Pts',(5.84221623687656,-5.00820799645063,3.00080562577721));
#692=CARTESIAN_POINT('Ctrl Pts',(5.85123766828258,-5.00784175286213,2.98318484782558));
#693=CARTESIAN_POINT('Ctrl Pts',(5.86017996270495,-5.00748842584121,2.96552168949852));
#694=CARTESIAN_POINT('Ctrl Pts',(5.86904277600338,-5.007147781203,2.94781677248636));
#695=CARTESIAN_POINT('Ctrl Pts',(5.93183333942228,-5.00473440883024,2.82238236728738));
#696=CARTESIAN_POINT('Ctrl Pts',(5.99059248447255,-5.00295865410981,2.69496352332097));
#697=CARTESIAN_POINT('Ctrl Pts',(6.04526538366449,-5.00177508631079,2.56579272396043));
#698=CARTESIAN_POINT('Ctrl Pts',(6.09993828285643,-5.00059151851177,2.43662192459988));
#699=CARTESIAN_POINT('Ctrl Pts',(6.15052416038634,-5.00000000118911,2.30569826545097));
#700=CARTESIAN_POINT('Ctrl Pts',(6.19694086135762,-5.,2.17324593683338));
#701=CARTESIAN_POINT('Origin',(0.,-5.,0.));
#702=CARTESIAN_POINT('Origin',(0.,-18.2728704041008,0.));
#703=CARTESIAN_POINT('',(-6.56844585544305,-7.13839721260331,-0.000489943395989161));
#704=CARTESIAN_POINT('',(-6.57112910191323,-6.61160278757206,-0.000859345336065614));
#705=CARTESIAN_POINT('',(-6.56845,-18.2728704041008,2.90019026886135E-14));
#706=CARTESIAN_POINT('Ctrl Pts',(-6.56844585544305,-7.13839721260331,-0.000489943395989161));
#707=CARTESIAN_POINT('Ctrl Pts',(-6.56483242828394,-7.09208146510997,1.27360006212762));
#708=CARTESIAN_POINT('Ctrl Pts',(-6.18875007472677,-7.04576571761664,2.54882576491363));
#709=CARTESIAN_POINT('Ctrl Pts',(-5.48936488925403,-6.99944997012331,3.61207236902663));
#710=CARTESIAN_POINT('Ctrl Pts',(-4.66751923738034,-6.94502445971599,4.86149059607854));
#711=CARTESIAN_POINT('Ctrl Pts',(-3.39923967580127,-6.89059894930867,5.818196701694));
#712=CARTESIAN_POINT('Ctrl Pts',(-1.97189977001748,-6.83617343890134,6.26740170981687));
#713=CARTESIAN_POINT('Ctrl Pts',(-0.544559864233687,-6.78174792849402,6.71660671793974));
#714=CARTESIAN_POINT('Ctrl Pts',(1.04184038575484,-6.72732241808669,6.65831062857001));
#715=CARTESIAN_POINT('Ctrl Pts',(2.43155803531847,-6.67289690767936,6.10465759106669));
#716=CARTESIAN_POINT('Ctrl Pts',(3.82127568488209,-6.61847139727204,5.55100455356336));
#717=CARTESIAN_POINT('Ctrl Pts',(5.01431073402083,-6.56404588686472,4.50199456792642));
#718=CARTESIAN_POINT('Ctrl Pts',(5.74164739907346,-6.5096203764574,3.1948277083427));
#719=CARTESIAN_POINT('Ctrl Pts',(6.46898406412608,-6.45519486605007,1.88766084875898));
#720=CARTESIAN_POINT('Ctrl Pts',(6.73062234509261,-6.40076935564274,0.322337115228503));
#721=CARTESIAN_POINT('Ctrl Pts',(6.4686618658356,-6.34634384523542,-1.15096574990641));
#722=CARTESIAN_POINT('Ctrl Pts',(6.20670138657858,-6.29191833482809,-2.62426861504132));
#723=CARTESIAN_POINT('Ctrl Pts',(5.42114214709801,-6.23749282442077,-4.00555061178064));
#724=CARTESIAN_POINT('Ctrl Pts',(4.28687484673445,-6.18306731401344,-4.98037566617723));
#725=CARTESIAN_POINT('Ctrl Pts',(3.01082413382544,-6.12183861480521,-6.0770538523734));
#726=CARTESIAN_POINT('Ctrl Pts',(1.29343978136141,-6.06060991559696,-6.65930997091707));
#727=CARTESIAN_POINT('Ctrl Pts',(-0.38523852314343,-5.99938121638873,-6.56087361218789));
#728=CARTESIAN_POINT('Ctrl Pts',(-2.06391682764826,-5.93815251718049,-6.4624372534587));
#729=CARTESIAN_POINT('Ctrl Pts',(-3.70388908419392,-5.87692381797225,-5.68330841745666));
#730=CARTESIAN_POINT('Ctrl Pts',(-4.84154964195403,-5.81569511876401,-4.44411752004931));
#731=CARTESIAN_POINT('Ctrl Pts',(-5.93964491205147,-5.75659581666008,-3.24802290825233));
#732=CARTESIAN_POINT('Ctrl Pts',(-6.56975949405082,-5.69749651455615,-1.62330965073233));
#733=CARTESIAN_POINT('Ctrl Pts',(-6.57170333874699,-5.63839721245222,0.00024380531236709));
#734=CARTESIAN_POINT('',(-1.51468569372727,-5.,-6.39142101975124));
#735=CARTESIAN_POINT('Origin',(0.,-5.,0.));
#736=CARTESIAN_POINT('',(-3.0060661424362,-5.37312063308482,-5.84021418697968));
#737=CARTESIAN_POINT('Ctrl Pts',(-1.51468569372727,-5.,-6.39142101975124));
#738=CARTESIAN_POINT('Ctrl Pts',(-2.00445242773795,-5.,-6.2753525174609));
#739=CARTESIAN_POINT('Ctrl Pts',(-2.47935775832527,-5.00687675455162,-6.10326568505865));
#740=CARTESIAN_POINT('Ctrl Pts',(-3.3885865444291,-5.04120106118318,-5.65026516436738));
#741=CARTESIAN_POINT('Ctrl Pts',(-3.73738763180738,-5.06692161967854,-5.40931429043893));
#742=CARTESIAN_POINT('Ctrl Pts',(-4.09661654446691,-5.11434452256348,-5.13693185942147));
#743=CARTESIAN_POINT('Ctrl Pts',(-4.19485668584161,-5.13347000339671,-5.05507557611895));
#744=CARTESIAN_POINT('Ctrl Pts',(-4.27122586424112,-5.16034245873106,-4.99015646498987));
#745=CARTESIAN_POINT('Ctrl Pts',(-4.29044054763093,-5.16835208816326,-4.97362476025885));
#746=CARTESIAN_POINT('Ctrl Pts',(-4.3070769038596,-5.1808369333799,-4.95919846960691));
#747=CARTESIAN_POINT('Ctrl Pts',(-4.3107506695718,-5.18415950723655,-4.95600413525287));
#748=CARTESIAN_POINT('Ctrl Pts',(-4.31488483103925,-5.18983175751408,-4.95240425035131));
#749=CARTESIAN_POINT('Ctrl Pts',(-4.31617922610891,-5.19208217357383,-4.95127594177177));
#750=CARTESIAN_POINT('Ctrl Pts',(-4.31753592831815,-5.19625256542181,-4.95009287108203));
#751=CARTESIAN_POINT('Ctrl Pts',(-4.31785314689523,-5.19800385997278,-4.94981611829934));
#752=CARTESIAN_POINT('Ctrl Pts',(-4.31788950650647,-5.20151159515275,-4.94978440062172));
#753=CARTESIAN_POINT('Ctrl Pts',(-4.31765118869997,-5.2031437494523,-4.94999231983096));
#754=CARTESIAN_POINT('Ctrl Pts',(-4.31662913875851,-5.20675237106555,-4.95088364475315));
#755=CARTESIAN_POINT('Ctrl Pts',(-4.31572816342346,-5.20861984786177,-4.95166918476651));
#756=CARTESIAN_POINT('Ctrl Pts',(-4.31275616559025,-5.21342348411274,-4.95425839467736));
#757=CARTESIAN_POINT('Ctrl Pts',(-4.3101677444089,-5.216172847244,-4.95651092590169));
#758=CARTESIAN_POINT('Ctrl Pts',(-4.3010690316348,-5.22435144813248,-4.96441502417775));
#759=CARTESIAN_POINT('Ctrl Pts',(-4.29216514487784,-5.22948013227128,-4.97212061811134));
#760=CARTESIAN_POINT('Ctrl Pts',(-4.24665498033106,-5.25156396343553,-5.01126961703193));
#761=CARTESIAN_POINT('Ctrl Pts',(-4.18817422333409,-5.26495569758423,-5.06018597725184));
#762=CARTESIAN_POINT('Ctrl Pts',(-3.9518335532023,-5.31481257889975,-5.25327547131029));
#763=CARTESIAN_POINT('Ctrl Pts',(-3.56140466729616,-5.35041987199342,-5.55437118812293));
#764=CARTESIAN_POINT('Ctrl Pts',(-3.00606614243623,-5.37312063308482,-5.84021418697967));
#765=CARTESIAN_POINT('Ctrl Pts',(-3.0060661424362,-5.37312063308482,-5.84021418697968));
#766=CARTESIAN_POINT('Ctrl Pts',(-1.92048301214951,-5.41749638261833,-6.39898388074024));
#767=CARTESIAN_POINT('Ctrl Pts',(-0.677538073847808,-5.46187213215183,-6.64380160517883));
#768=CARTESIAN_POINT('Ctrl Pts',(0.539849547959084,-5.50624788168534,-6.54687120274129));
#769=CARTESIAN_POINT('Ctrl Pts',(0.94564542189472,-5.52103979819651,-6.51456106859544));
#770=CARTESIAN_POINT('Ctrl Pts',(1.3486015939976,-5.53583171470768,-6.44427892035225));
#771=CARTESIAN_POINT('Ctrl Pts',(1.740911863809,-5.55062363121885,-6.33608723728437));
#772=CARTESIAN_POINT('Ctrl Pts',(3.31015294305456,-5.60979129726353,-5.90332050501288));
#773=CARTESIAN_POINT('Ctrl Pts',(4.70905958563646,-5.6689589633082,-4.86400121554649));
#774=CARTESIAN_POINT('Ctrl Pts',(5.57081453759762,-5.72812662935288,-3.48621963307752));
#775=CARTESIAN_POINT('Ctrl Pts',(6.43256948955878,-5.78729429539756,-2.10843805060855));
#776=CARTESIAN_POINT('Ctrl Pts',(6.7571727508992,-5.84646196144224,-0.392194175137004));
#777=CARTESIAN_POINT('Ctrl Pts',(6.45996422263737,-5.90562962748691,1.20607765193204));
#778=CARTESIAN_POINT('Ctrl Pts',(6.23705782644099,-5.95000537702042,2.40478152223384));
#779=CARTESIAN_POINT('Ctrl Pts',(5.66438229859332,-5.99438112655392,3.53712611530923));
#780=CARTESIAN_POINT('Ctrl Pts',(4.8412938800582,-6.03875687608743,4.43943971795853));
#781=CARTESIAN_POINT('Ctrl Pts',(4.56693107387982,-6.0535487925986,4.74021091884163));
#782=CARTESIAN_POINT('Ctrl Pts',(4.26474461318062,-6.06834070910978,5.0154231207885));
#783=CARTESIAN_POINT('Ctrl Pts',(3.93904697733016,-6.08313262562095,5.2590436681329));
#784=CARTESIAN_POINT('Ctrl Pts',(2.63625643392836,-6.14230029166563,6.23352585751047));
#785=CARTESIAN_POINT('Ctrl Pts',(0.957287088106519,-6.2014679577103,6.70254157324849));
#786=CARTESIAN_POINT('Ctrl Pts',(-0.659567903901782,-6.26063562375498,6.53904686375827));
#787=CARTESIAN_POINT('Ctrl Pts',(-2.27642289591008,-6.31980328979965,6.37555215426805));
#788=CARTESIAN_POINT('Ctrl Pts',(-3.83116353410484,-6.37897095584433,5.57954701954959));
#789=CARTESIAN_POINT('Ctrl Pts',(-4.91191602507595,-6.43813862188901,4.36517975451957));
#790=CARTESIAN_POINT('Ctrl Pts',(-5.7224803933043,-6.48251437142252,3.45440430574705));
#791=CARTESIAN_POINT('Ctrl Pts',(-6.26642642871933,-6.52689012095603,2.30830015867428));
#792=CARTESIAN_POINT('Ctrl Pts',(-6.47528119529114,-6.57126587048953,1.10408610071714));
#793=CARTESIAN_POINT('Ctrl Pts',(-6.53856318669455,-6.58471150951704,0.739215023487969));
#794=CARTESIAN_POINT('Ctrl Pts',(-6.57108175885734,-6.59815714854455,0.369009102540728));
#795=CARTESIAN_POINT('Ctrl Pts',(-6.57112910191323,-6.61160278757206,-0.000859345336065614));
#796=CARTESIAN_POINT('Origin',(0.,-18.2728704041008,0.));
#797=CARTESIAN_POINT('',(-6.56945297771228,-8.63839721253342,-0.00083018645592022));
#798=CARTESIAN_POINT('',(-6.56770303570039,-8.11160278740106,0.000463609755541994));
#799=CARTESIAN_POINT('',(-6.56845,-18.2728704041008,2.90019026886135E-14));
#800=CARTESIAN_POINT('Ctrl Pts',(-6.56945297771228,-8.63839721253342,-0.00083018645592022));
#801=CARTESIAN_POINT('Ctrl Pts',(-6.56951144523766,-8.63633656913663,0.055838411211526));
#802=CARTESIAN_POINT('Ctrl Pts',(-6.56882127685906,-8.63427592573984,0.112512317821763));
#803=CARTESIAN_POINT('Ctrl Pts',(-6.56737745049358,-8.63221528234305,0.169173718645029));
#804=CARTESIAN_POINT('Ctrl Pts',(-6.53877680069043,-8.59139614953756,1.29157522137694));
#805=CARTESIAN_POINT('Ctrl Pts',(-6.21444561490863,-8.55057701673206,2.40906953391967));
#806=CARTESIAN_POINT('Ctrl Pts',(-5.63803473768793,-8.50975788392656,3.37185664154394));
#807=CARTESIAN_POINT('Ctrl Pts',(-5.06162386046724,-8.46893875112107,4.3346437491682));
#808=CARTESIAN_POINT('Ctrl Pts',(-4.23313329180766,-8.42811961831558,5.142723651874));
#809=CARTESIAN_POINT('Ctrl Pts',(-3.25838259107225,-8.38730048551009,5.70276251787825));
#810=CARTESIAN_POINT('Ctrl Pts',(-2.77100724070454,-8.36689091910734,5.98278195088039));
#811=CARTESIAN_POINT('Ctrl Pts',(-2.24706685731787,-8.34648135270459,6.20079112470713));
#812=CARTESIAN_POINT('Ctrl Pts',(-1.70462206792115,-8.32607178630184,6.34581796675276));
#813=CARTESIAN_POINT('Ctrl Pts',(-0.0772876997310473,-8.2648430870936,6.78089849288962));
#814=CARTESIAN_POINT('Ctrl Pts',(1.71658632254938,-8.20361438788536,6.55913803299638));
#815=CARTESIAN_POINT('Ctrl Pts',(3.18897602198486,-8.14238568867712,5.74470681764361));
#816=CARTESIAN_POINT('Ctrl Pts',(4.17056915494185,-8.10156655587163,5.20175267407509));
#817=CARTESIAN_POINT('Ctrl Pts',(5.00928036663442,-8.06074742306614,4.39538930585789));
#818=CARTESIAN_POINT('Ctrl Pts',(5.59704924240958,-8.01992829026064,3.43784424771377));
#819=CARTESIAN_POINT('Ctrl Pts',(6.18481811818474,-7.97910915745515,2.48029918956965));
#820=CARTESIAN_POINT('Ctrl Pts',(6.5216446580425,-7.93829002464966,1.37157244149861));
#821=CARTESIAN_POINT('Ctrl Pts',(6.56431507996398,-7.89747089184417,0.250132830172178));
#822=CARTESIAN_POINT('Ctrl Pts',(6.60698550188546,-7.85665175903867,-0.87130678115427));
#823=CARTESIAN_POINT('Ctrl Pts',(6.35549980587067,-7.81583262623318,-2.00545925573609));
#824=CARTESIAN_POINT('Ctrl Pts',(5.84205339667913,-7.77501349342769,-3.00420440046488));
#825=CARTESIAN_POINT('Ctrl Pts',(5.32860698748758,-7.7341943606222,-4.00294954519367));
#826=CARTESIAN_POINT('Ctrl Pts',(4.55319986511926,-7.6933752278167,-4.86628736006943));
#827=CARTESIAN_POINT('Ctrl Pts',(3.61591038347998,-7.65255609501121,-5.4841786943186));
#828=CARTESIAN_POINT('Ctrl Pts',(2.67862090184071,-7.61173696220571,-6.10207002856778));
#829=CARTESIAN_POINT('Ctrl Pts',(1.57944906093046,-7.57091782940022,-6.47451488219041));
#830=CARTESIAN_POINT('Ctrl Pts',(0.459318326690802,-7.53009869659473,-6.5530712346933));
#831=CARTESIAN_POINT('Ctrl Pts',(-0.660812407548873,-7.48927956378923,-6.63162758719619));
#832=CARTESIAN_POINT('Ctrl Pts',(-1.80190203511795,-7.44846043098374,-6.41629543857934));
#833=CARTESIAN_POINT('Ctrl Pts',(-2.81603658390269,-7.40764129817824,-5.93498633963256));
#834=CARTESIAN_POINT('Ctrl Pts',(-3.83017113268741,-7.36682216537275,-5.4536772406858));
#835=CARTESIAN_POINT('Ctrl Pts',(-4.71735060268777,-7.32600303256726,-4.70639119140911));
#836=CARTESIAN_POINT('Ctrl Pts',(-5.36548799027307,-7.28518389976177,-3.7892934906329));
#837=CARTESIAN_POINT('Ctrl Pts',(-6.01362537785838,-7.24436476695628,-2.87219578985669));
#838=CARTESIAN_POINT('Ctrl Pts',(-6.42272068302862,-7.20354563415078,-1.78528643758093));
#839=CARTESIAN_POINT('Ctrl Pts',(-6.53582136885751,-7.16272650134529,-0.668510624266383));
#840=CARTESIAN_POINT('Ctrl Pts',(-6.55829170775111,-7.15461673843129,-0.446634595757459));
#841=CARTESIAN_POINT('Ctrl Pts',(-6.56907855682765,-7.1465069755173,-0.223579679287008));
#842=CARTESIAN_POINT('Ctrl Pts',(-6.56844585544305,-7.13839721260331,-0.000489943395989162));
#843=CARTESIAN_POINT('Ctrl Pts',(-6.57112910191323,-6.61160278757206,-0.000859345336065613));
#844=CARTESIAN_POINT('Ctrl Pts',(-6.57113384225246,-6.61294906505572,-0.0378933280477971));
#845=CARTESIAN_POINT('Ctrl Pts',(-6.57081304211336,-6.61429534253938,-0.0749239274214842));
#846=CARTESIAN_POINT('Ctrl Pts',(-6.57016498714817,-6.61564162002304,-0.111945449425417));
#847=CARTESIAN_POINT('Ctrl Pts',(-6.54168356320399,-6.67480928606772,-1.73900753505039));
#848=CARTESIAN_POINT('Ctrl Pts',(-5.88110216637685,-6.7339769521124,-3.34853647916502));
#849=CARTESIAN_POINT('Ctrl Pts',(-4.76165628532475,-6.79314461815708,-4.5283996852757));
#850=CARTESIAN_POINT('Ctrl Pts',(-4.01535903129002,-6.83258972885353,-5.31497515601614));
#851=CARTESIAN_POINT('Ctrl Pts',(-3.06512200648864,-6.87203483954997,-5.91058807653261));
#852=CARTESIAN_POINT('Ctrl Pts',(-2.03221290990083,-6.91147995024642,-6.24606191244176));
#853=CARTESIAN_POINT('Ctrl Pts',(-0.999303813312985,-6.95092506094287,-6.58153574835092));
#854=CARTESIAN_POINT('Ctrl Pts',(0.116277355061302,-6.99037017163934,-6.65687049965273));
#855=CARTESIAN_POINT('Ctrl Pts',(1.18265699444228,-7.02981528233579,-6.46181627895852));
#856=CARTESIAN_POINT('Ctrl Pts',(2.24903663382321,-7.06926039303224,-6.26676205826431));
#857=CARTESIAN_POINT('Ctrl Pts',(3.26621474421083,-7.10870550372868,-5.80131886557411));
#858=CARTESIAN_POINT('Ctrl Pts',(4.11312952099576,-7.14815061442513,-5.12158223559638));
#859=CARTESIAN_POINT('Ctrl Pts',(4.96004429778073,-7.18759572512158,-4.44184560561862));
#860=CARTESIAN_POINT('Ctrl Pts',(5.636695740963,-7.22704083581804,-3.5478155383533));
#861=CARTESIAN_POINT('Ctrl Pts',(6.05654617189334,-7.26648594651449,-2.54807008340006));
#862=CARTESIAN_POINT('Ctrl Pts',(6.61634674646711,-7.3190794274431,-1.21507614346245));
#863=CARTESIAN_POINT('Ctrl Pts',(6.71961218814862,-7.37167290837169,0.305856263475912));
#864=CARTESIAN_POINT('Ctrl Pts',(6.34597154845266,-7.4242663893003,1.70445729214886));
#865=CARTESIAN_POINT('Ctrl Pts',(6.15915122860468,-7.4505631297646,2.40375780648534));
#866=CARTESIAN_POINT('Ctrl Pts',(5.85310438841234,-7.4768598702289,3.07247547625547));
#867=CARTESIAN_POINT('Ctrl Pts',(5.44733827461406,-7.5031566106932,3.67173299682717));
#868=CARTESIAN_POINT('Ctrl Pts',(4.76260795757948,-7.54753236022671,4.68298006279192));
#869=CARTESIAN_POINT('Ctrl Pts',(3.79391142781552,-7.59190810976022,5.49642850076585));
#870=CARTESIAN_POINT('Ctrl Pts',(2.68054438627705,-7.63628385929372,5.99773911971699));
#871=CARTESIAN_POINT('Ctrl Pts',(2.30942203909755,-7.65107577580489,6.16484265936738));
#872=CARTESIAN_POINT('Ctrl Pts',(1.92222519060978,-7.66586769231606,6.29726421912634));
#873=CARTESIAN_POINT('Ctrl Pts',(1.52613509393675,-7.68065960882723,6.39133991752705));
#874=CARTESIAN_POINT('Ctrl Pts',(-0.0582252927553434,-7.7398272748719,6.7676427111299));
#875=CARTESIAN_POINT('Ctrl Pts',(-1.7848776504114,-7.79899494091659,6.53041172300074));
#876=CARTESIAN_POINT('Ctrl Pts',(-3.20333894606298,-7.85816260696126,5.73831401343735));
#877=CARTESIAN_POINT('Ctrl Pts',(-4.62180024171455,-7.91733027300594,4.94621630387397));
#878=CARTESIAN_POINT('Ctrl Pts',(-5.73207047536165,-7.97649793905062,3.59925187287638));
#879=CARTESIAN_POINT('Ctrl Pts',(-6.24201811520181,-8.03566560509529,2.05489345596759));
#880=CARTESIAN_POINT('Ctrl Pts',(-6.46017773672942,-8.06097799919722,1.39420474713976));
#881=CARTESIAN_POINT('Ctrl Pts',(-6.5684665651222,-8.08629039329914,0.697389072550774));
#882=CARTESIAN_POINT('Ctrl Pts',(-6.56770303570039,-8.11160278740106,0.000463609755541994));
#883=CARTESIAN_POINT('Origin',(0.,-18.2728704041008,0.));
#884=CARTESIAN_POINT('',(-6.56930442475326,-10.1383972122882,0.000395597813950562));
#885=CARTESIAN_POINT('',(-6.56855282026453,-9.6116027874532,-0.000207626190688061));
#886=CARTESIAN_POINT('',(-6.56845,-18.2728704041008,2.90019026886135E-14));
#887=CARTESIAN_POINT('Ctrl Pts',(-6.56930442475326,-10.1383972122882,0.000395597813950562));
#888=CARTESIAN_POINT('Ctrl Pts',(-6.56973557364337,-10.1261661626391,0.336942377167967));
#889=CARTESIAN_POINT('Ctrl Pts',(-6.54430717623926,-10.11393511299,0.673392604954214));
#890=CARTESIAN_POINT('Ctrl Pts',(-6.4924889324592,-10.1017040633408,1.00571569110366));
#891=CARTESIAN_POINT('Ctrl Pts',(-6.26190901928413,-10.0472785529335,2.48448113664171));
#892=CARTESIAN_POINT('Ctrl Pts',(-5.5087952614859,-9.99285304252615,3.88152684967126));
#893=CARTESIAN_POINT('Ctrl Pts',(-4.39775303575755,-9.93842753211882,4.88258197044109));
#894=CARTESIAN_POINT('Ctrl Pts',(-3.2867108100292,-9.8840020217115,5.88363709121092));
#895=CARTESIAN_POINT('Ctrl Pts',(-1.81774011637072,-9.82957651130418,6.48870161972102));
#896=CARTESIAN_POINT('Ctrl Pts',(-0.323204168671846,-9.77515100089686,6.56237817074551));
#897=CARTESIAN_POINT('Ctrl Pts',(1.17133177902699,-9.72072549048953,6.63605472177001));
#898=CARTESIAN_POINT('Ctrl Pts',(2.69143298076622,-9.6662999800822,6.17834329530893));
#899=CARTESIAN_POINT('Ctrl Pts',(3.89602089049625,-9.61187446967488,5.29139601362749));
#900=CARTESIAN_POINT('Ctrl Pts',(5.10060880022629,-9.55744895926755,4.40444873194604));
#901=CARTESIAN_POINT('Ctrl Pts',(5.98968341794713,-9.50302344886024,3.08826559504424));
#902=CARTESIAN_POINT('Ctrl Pts',(6.36287623305993,-9.44859793845291,1.63950603671617));
#903=CARTESIAN_POINT('Ctrl Pts',(6.73606904817273,-9.39417242804559,0.190746478388077));
#904=CARTESIAN_POINT('Ctrl Pts',(6.59338006067747,-9.33974691763826,-1.39058950136627));
#905=CARTESIAN_POINT('Ctrl Pts',(5.96747232269717,-9.28532140723094,-2.74932783871824));
#906=CARTESIAN_POINT('Ctrl Pts',(5.34156458471687,-9.23089589682361,-4.10806617607021));
#907=CARTESIAN_POINT('Ctrl Pts',(4.23243809625154,-9.17647038641629,-5.2442068710198));
#908=CARTESIAN_POINT('Ctrl Pts',(2.8883776502854,-9.12204487600896,-5.90179605237136));
#909=CARTESIAN_POINT('Ctrl Pts',(1.54431720431927,-9.06761936560164,-6.55938523372291));
#910=CARTESIAN_POINT('Ctrl Pts',(-0.034677199147661,-9.01319385519431,-6.73842290147643));
#911=CARTESIAN_POINT('Ctrl Pts',(-1.49108455777387,-8.95876834478699,-6.39907613665824));
#912=CARTESIAN_POINT('Ctrl Pts',(-2.94749191640006,-8.90434283437967,-6.05972937184005));
#913=CARTESIAN_POINT('Ctrl Pts',(-4.28131223018553,-8.84991732397235,-5.20199817445016));
#914=CARTESIAN_POINT('Ctrl Pts',(-5.1980913369816,-8.79549181356502,-4.0179482014571));
#915=CARTESIAN_POINT('Ctrl Pts',(-5.42728611368062,-8.78188543596319,-3.72193570820883));
#916=CARTESIAN_POINT('Ctrl Pts',(-5.6304158149428,-8.76827905836135,-3.40552829148536));
#917=CARTESIAN_POINT('Ctrl Pts',(-5.8050239147374,-8.75467268075952,-3.07428033786601));
#918=CARTESIAN_POINT('Ctrl Pts',(-6.30240436268646,-8.71591419135081,-2.13070294513784));
#919=CARTESIAN_POINT('Ctrl Pts',(-6.56835326634709,-8.67715570194212,-1.06670565327502));
#920=CARTESIAN_POINT('Ctrl Pts',(-6.56945297771228,-8.63839721253342,-0.000830186455920214));
#921=CARTESIAN_POINT('Ctrl Pts',(-6.56770303570039,-8.11160278740106,0.000463609755541994));
#922=CARTESIAN_POINT('Ctrl Pts',(-6.56712800385268,-8.13066614283264,-0.524407240196166));
#923=CARTESIAN_POINT('Ctrl Pts',(-6.50469904134696,-8.14972949826423,-1.04934036144793));
#924=CARTESIAN_POINT('Ctrl Pts',(-6.38076575728319,-8.16879285369582,-1.55895038057247));
#925=CARTESIAN_POINT('Ctrl Pts',(-6.28460163772903,-8.18358477020699,-1.95437441193978));
#926=CARTESIAN_POINT('Ctrl Pts',(-6.1514073371164,-8.19837668671816,-2.34057279490102));
#927=CARTESIAN_POINT('Ctrl Pts',(-5.98325957389367,-8.21316860322933,-2.71097469414218));
#928=CARTESIAN_POINT('Ctrl Pts',(-5.53486553863306,-8.25261371392578,-3.69871309211861));
#929=CARTESIAN_POINT('Ctrl Pts',(-4.83791354703393,-8.29205882462223,-4.57412093919679));
#930=CARTESIAN_POINT('Ctrl Pts',(-3.97402375002706,-8.33150393531868,-5.23075038555256));
#931=CARTESIAN_POINT('Ctrl Pts',(-3.11013395302019,-8.37094904601513,-5.88737983190834));
#932=CARTESIAN_POINT('Ctrl Pts',(-2.07930635060556,-8.41039415671158,-6.32523087754169));
#933=CARTESIAN_POINT('Ctrl Pts',(-1.00725025461139,-8.44983926740803,-6.49148002654574));
#934=CARTESIAN_POINT('Ctrl Pts',(0.0648058413827732,-8.48928437810448,-6.65772917554979));
#935=CARTESIAN_POINT('Ctrl Pts',(1.17809043095648,-8.52872948880093,-6.55237642792454));
#936=CARTESIAN_POINT('Ctrl Pts',(2.20074031280947,-8.56817459949739,-6.18905966541124));
#937=CARTESIAN_POINT('Ctrl Pts',(3.22339019466245,-8.60761971019384,-5.82574290289795));
#938=CARTESIAN_POINT('Ctrl Pts',(4.15540536879472,-8.6470648208903,-5.20446212549661));
#939=CARTESIAN_POINT('Ctrl Pts',(4.88082996465713,-8.68650993158675,-4.39802664751832));
#940=CARTESIAN_POINT('Ctrl Pts',(5.84806275914036,-8.73910341251535,-3.32277934354727));
#941=CARTESIAN_POINT('Ctrl Pts',(6.44802341447716,-8.79169689344394,-1.9183681274394));
#942=CARTESIAN_POINT('Ctrl Pts',(6.55301356235713,-8.84429037437255,-0.476410118279794));
#943=CARTESIAN_POINT('Ctrl Pts',(6.65800371023711,-8.89688385530115,0.965547890879812));
#944=CARTESIAN_POINT('Ctrl Pts',(6.26802335066025,-8.94947733622975,2.44505269309115));
#945=CARTESIAN_POINT('Ctrl Pts',(5.46546215845328,-9.00207081715835,3.64737514669167));
#946=CARTESIAN_POINT('Ctrl Pts',(4.66290096624631,-9.05466429808696,4.84969760029218));
#947=CARTESIAN_POINT('Ctrl Pts',(3.44775894140922,-9.10725777901556,5.77483770528189));
#948=CARTESIAN_POINT('Ctrl Pts',(2.07595689042663,-9.15985125994416,6.23301841684661));
#949=CARTESIAN_POINT('Ctrl Pts',(1.04710535218968,-9.19929637064061,6.57665395052015));
#950=CARTESIAN_POINT('Ctrl Pts',(-0.0698674507541079,-9.23874148133706,
6.65762482539214));
#951=CARTESIAN_POINT('Ctrl Pts',(-1.13864716696121,-9.27818659203351,6.46923777886783));
#952=CARTESIAN_POINT('Ctrl Pts',(-2.20742688316832,-9.31763170272997,6.28085073234351));
#953=CARTESIAN_POINT('Ctrl Pts',(-3.22801351263873,-9.35707681342642,5.82310576442287));
#954=CARTESIAN_POINT('Ctrl Pts',(-4.07846470704275,-9.39652192412287,5.14963547390012));
#955=CARTESIAN_POINT('Ctrl Pts',(-4.92891590144677,-9.43596703481932,4.47616518337738));
#956=CARTESIAN_POINT('Ctrl Pts',(-5.60923166078439,-9.47541214551577,3.58696957025251));
#957=CARTESIAN_POINT('Ctrl Pts',(-6.03701773699607,-9.51485725621222,2.58973130681988));
#958=CARTESIAN_POINT('Ctrl Pts',(-6.38675598059466,-9.54710576662588,1.77443511534295));
#959=CARTESIAN_POINT('Ctrl Pts',(-6.56770473711877,-9.57935427703954,0.886923795324004));
#960=CARTESIAN_POINT('Ctrl Pts',(-6.56855282026453,-9.6116027874532,-0.000207626190688061));
#961=CARTESIAN_POINT('Origin',(0.,-18.2728704041008,0.));
#962=CARTESIAN_POINT('',(-6.56853049982623,-11.6383972120429,0.000325145924418677));
#963=CARTESIAN_POINT('',(-6.56798605667694,-11.1116027876577,-3.78263216680811E-5));
#964=CARTESIAN_POINT('',(-6.56845,-18.2728704041008,2.90019026886135E-14));
#965=CARTESIAN_POINT('Ctrl Pts',(-6.56853049982623,-11.6383972120429,0.000325145924418677));
#966=CARTESIAN_POINT('Ctrl Pts',(-6.56884311676993,-11.6159957561415,0.617061217540794));
#967=CARTESIAN_POINT('Ctrl Pts',(-6.48321154796969,-11.59359430024,1.23374313219859));
#968=CARTESIAN_POINT('Ctrl Pts',(-6.31155039782822,-11.5711928443386,1.82530181953089));
#969=CARTESIAN_POINT('Ctrl Pts',(-5.89449064266515,-11.5167673339312,3.26252463377905));
#970=CARTESIAN_POINT('Ctrl Pts',(-4.96962194875572,-11.4623418235239,4.55145195237152));
#971=CARTESIAN_POINT('Ctrl Pts',(-3.73981569581686,-11.4079163131166,5.40282898252626));
#972=CARTESIAN_POINT('Ctrl Pts',(-2.51000944287799,-11.3534908027093,6.254206012681));
#973=CARTESIAN_POINT('Ctrl Pts',(-0.975265630909692,-11.2990652923019,6.66803275439799));
#974=CARTESIAN_POINT('Ctrl Pts',(0.515945140854021,-11.2446397818946,6.55033090147478));
#975=CARTESIAN_POINT('Ctrl Pts',(2.00715591261774,-11.1902142714873,6.43262904855157));
#976=CARTESIAN_POINT('Ctrl Pts',(3.45483364417687,-11.13578876108,5.78339860098817));
#977=CARTESIAN_POINT('Ctrl Pts',(4.53804127273459,-11.0813632506726,4.75078455171491));
#978=CARTESIAN_POINT('Ctrl Pts',(5.35044699415287,-11.0405441178671,3.97632401475997));
#979=CARTESIAN_POINT('Ctrl Pts',(5.95783828263284,-10.9997249850616,2.98621020184324));
#980=CARTESIAN_POINT('Ctrl Pts',(6.28436011368588,-10.9589058522562,1.91165191372673));
#981=CARTESIAN_POINT('Ctrl Pts',(6.61088194473892,-10.9180867194507,0.837093625610219));
#982=CARTESIAN_POINT('Ctrl Pts',(6.65653431836502,-10.8772675866452,-0.321909137706071));
#983=CARTESIAN_POINT('Ctrl Pts',(6.41430191976026,-10.8364484538397,-1.41798171504565));
#984=CARTESIAN_POINT('Ctrl Pts',(6.17206952115551,-10.7956293210342,-2.51405429238523));
#985=CARTESIAN_POINT('Ctrl Pts',(5.64195235031989,-10.7548101882287,-3.5471966837481));
#986=CARTESIAN_POINT('Ctrl Pts',(4.89265777139206,-10.7139910554232,-4.38353027595838));
#987=CARTESIAN_POINT('Ctrl Pts',(4.14336319246423,-10.6731719226177,-5.21986386816866));
#988=CARTESIAN_POINT('Ctrl Pts',(3.17489120544418,-10.6323527898122,-5.85938866122635));
#989=CARTESIAN_POINT('Ctrl Pts',(2.11183588273684,-10.5915336570067,-6.22029714701467));
#990=CARTESIAN_POINT('Ctrl Pts',(1.04878056002948,-10.5507145242012,-6.58120563280301));
#991=CARTESIAN_POINT('Ctrl Pts',(-0.108858098365192,-10.5098953913957,-6.66349781132197));
#992=CARTESIAN_POINT('Ctrl Pts',(-1.2124596289062,-10.4690762585902,-6.4562541998838));
#993=CARTESIAN_POINT('Ctrl Pts',(-2.31606115944719,-10.4282571257847,-6.24901058844563));
#994=CARTESIAN_POINT('Ctrl Pts',(-3.36562556213452,-10.3874379929793,-5.75223118705035));
#995=CARTESIAN_POINT('Ctrl Pts',(-4.22511662965823,-10.3466188601738,-5.0301730654817));
#996=CARTESIAN_POINT('Ctrl Pts',(-5.08460769718193,-10.3057997273683,-4.30811494391305));
#997=CARTESIAN_POINT('Ctrl Pts',(-5.754025429542,-10.2649805945628,-3.36077810217102));
#998=CARTESIAN_POINT('Ctrl Pts',(-6.14922947208164,-10.2241614617573,-2.30958896445524));
#999=CARTESIAN_POINT('Ctrl Pts',(-6.4260145298555,-10.1955733786009,-1.57337826087994));
#1000=CARTESIAN_POINT('Ctrl Pts',(-6.56829668456113,-10.1669852954446,-0.786227593993841));
#1001=CARTESIAN_POINT('Ctrl Pts',(-6.56930442475326,-10.1383972122883,0.000395597813950559));
#1002=CARTESIAN_POINT('Ctrl Pts',(-6.56855282026453,-9.6116027874532,-0.000207626190688061));
#1003=CARTESIAN_POINT('Ctrl Pts',(-6.56874207909628,-9.61879938773599,-0.198180498644548));
#1004=CARTESIAN_POINT('Ctrl Pts',(-6.55996219836771,-9.62599598801879,-0.396134451887059));
#1005=CARTESIAN_POINT('Ctrl Pts',(-6.5420874705401,-9.63319258830158,-0.593262696786765));
#1006=CARTESIAN_POINT('Ctrl Pts',(-6.44411473478672,-9.67263769899803,-1.67373752322041));
#1007=CARTESIAN_POINT('Ctrl Pts',(-6.07291287019424,-9.71208280969448,-2.72940626234732));
#1008=CARTESIAN_POINT('Ctrl Pts',(-5.47269670840398,-9.75152792039092,-3.63343640447254));
#1009=CARTESIAN_POINT('Ctrl Pts',(-4.8724805466137,-9.79097303108738,-4.53746654659779));
#1010=CARTESIAN_POINT('Ctrl Pts',(-4.04325008762564,-9.83041814178384,-5.28985809172135));
#1011=CARTESIAN_POINT('Ctrl Pts',(-3.08555675753457,-9.86986325248029,-5.79932876180777));
#1012=CARTESIAN_POINT('Ctrl Pts',(-2.12786342744354,-9.90930836317674,-6.30879943189418));
#1013=CARTESIAN_POINT('Ctrl Pts',(-1.04170722624951,-9.94875347387319,-6.57534922694348));
#1014=CARTESIAN_POINT('Ctrl Pts',(0.0435787697363403,-9.98819858456964,
-6.56845144657867));
#1015=CARTESIAN_POINT('Ctrl Pts',(1.12886476572219,-10.0276436952661,-6.56155366621387));
#1016=CARTESIAN_POINT('Ctrl Pts',(2.21328055649989,-10.0670888059625,-6.28120831043497));
#1017=CARTESIAN_POINT('Ctrl Pts',(3.1635185295879,-10.106533916659,-5.75815360736935));
#1018=CARTESIAN_POINT('Ctrl Pts',(4.43050249370526,-10.1591273975876,-5.06074733661517));
#1019=CARTESIAN_POINT('Ctrl Pts',(5.45894811526321,-10.2117208785162,-3.9318577817957));
#1020=CARTESIAN_POINT('Ctrl Pts',(6.03211261706893,-10.2643143594448,-2.60446920403827));
#1021=CARTESIAN_POINT('Ctrl Pts',(6.60527711887464,-10.3169078403734,-1.27708062628084));
#1022=CARTESIAN_POINT('Ctrl Pts',(6.72316050092812,-10.369501321302,0.248806974414547));
#1023=CARTESIAN_POINT('Ctrl Pts',(6.36067482845507,-10.4220948022306,1.64805634449348));
#1024=CARTESIAN_POINT('Ctrl Pts',(5.99818915598202,-10.4746882831592,3.04730571457243));
#1025=CARTESIAN_POINT('Ctrl Pts',(5.15533442898242,-10.5272817640878,4.31991685403491));
#1026=CARTESIAN_POINT('Ctrl Pts',(4.01013858830224,-10.5798752450164,5.20425381246629));
#1027=CARTESIAN_POINT('Ctrl Pts',(3.43754066796216,-10.6061719854807,5.64642229168197));
#1028=CARTESIAN_POINT('Ctrl Pts',(2.78935746920193,-10.632468725945,5.99152222563988));
#1029=CARTESIAN_POINT('Ctrl Pts',(2.10354602294267,-10.6587654664093,6.22255660609812));
#1030=CARTESIAN_POINT('Ctrl Pts',(1.24628171511858,-10.6916363919897,6.51134958167093));
#1031=CARTESIAN_POINT('Ctrl Pts',(0.330223270577247,-10.7245073175701,6.6219151299005));
#1032=CARTESIAN_POINT('Ctrl Pts',(-0.570733839472696,-10.7573782431504,
6.54392053409742));
#1033=CARTESIAN_POINT('Ctrl Pts',(-1.11130810550266,-10.7771007984987,6.49712377661557));
#1034=CARTESIAN_POINT('Ctrl Pts',(-1.64644589111573,-10.7968233538469,6.38244536728197));
#1035=CARTESIAN_POINT('Ctrl Pts',(-2.15891402655302,-10.8165459091951,6.20360440001507));
#1036=CARTESIAN_POINT('Ctrl Pts',(-3.18385029742759,-10.8559910198916,5.84592246548128));
#1037=CARTESIAN_POINT('Ctrl Pts',(-4.11810796759906,-10.895436130588,5.23159029921434));
#1038=CARTESIAN_POINT('Ctrl Pts',(-4.84983346174446,-10.9348812412845,4.43091468058871));
#1039=CARTESIAN_POINT('Ctrl Pts',(-5.58155895588985,-10.9743263519809,3.63023906196307));
#1040=CARTESIAN_POINT('Ctrl Pts',(-6.11075227400917,-11.0137714626774,2.64321999097876));
#1041=CARTESIAN_POINT('Ctrl Pts',(-6.3735357375999,-11.0532165733738,1.59038759408333));
#1042=CARTESIAN_POINT('Ctrl Pts',(-6.50319212461946,-11.0726786448018,1.0709239914146));
#1043=CARTESIAN_POINT('Ctrl Pts',(-6.56799372255281,-11.0921407162297,0.535438799084396));
#1044=CARTESIAN_POINT('Ctrl Pts',(-6.56798605667694,-11.1116027876577,-3.78263216680811E-5));
#1045=CARTESIAN_POINT('Origin',(0.,-18.2728704041008,0.));
#1046=CARTESIAN_POINT('',(-6.56855866299357,-13.1383972119727,9.78773054633594E-5));
#1047=CARTESIAN_POINT('',(-6.56870420232058,-12.6116027877632,0.000130332722741057));
#1048=CARTESIAN_POINT('',(-6.56845,-18.2728704041008,2.90019026886135E-14));
#1049=CARTESIAN_POINT('Ctrl Pts',(-6.56855866299357,-13.1383972119727,9.78773054633594E-5));
#1050=CARTESIAN_POINT('Ctrl Pts',(-6.56816792802523,-13.1058253497605,0.896633229767776));
#1051=CARTESIAN_POINT('Ctrl Pts',(-6.38447818239286,-13.0732534875484,1.79343720283922));
#1052=CARTESIAN_POINT('Ctrl Pts',(-6.02718669429588,-13.0406816253363,2.61459583965931));
#1053=CARTESIAN_POINT('Ctrl Pts',(-5.43017533899669,-12.986256114929,3.9866997016761));
#1054=CARTESIAN_POINT('Ctrl Pts',(-4.34846297533073,-12.9318306045217,5.14759963083634));
#1055=CARTESIAN_POINT('Ctrl Pts',(-3.02011542578093,-12.8774050941144,5.83544118886695));
#1056=CARTESIAN_POINT('Ctrl Pts',(-1.69176787623112,-12.822979583707,6.52328274689757));
#1057=CARTESIAN_POINT('Ctrl Pts',(-0.116785140797468,-12.7685540732997,
6.73806593379856));
#1058=CARTESIAN_POINT('Ctrl Pts',(1.3471763433661,-12.7141285628924,6.43129411696932));
#1059=CARTESIAN_POINT('Ctrl Pts',(2.81113782752965,-12.6597030524851,6.12452230014009));
#1060=CARTESIAN_POINT('Ctrl Pts',(4.16407806042312,-12.6052775420777,5.29619547958062));
#1061=CARTESIAN_POINT('Ctrl Pts',(5.10671494787183,-12.5508520316704,4.13388566314257));
#1062=CARTESIAN_POINT('Ctrl Pts',(5.81369261345836,-12.5100328988649,3.26215330081403));
#1063=CARTESIAN_POINT('Ctrl Pts',(6.28987464723222,-12.4692137660594,2.20255550330377));
#1064=CARTESIAN_POINT('Ctrl Pts',(6.47680658289402,-12.4283946332539,1.09510593465277));
#1065=CARTESIAN_POINT('Ctrl Pts',(6.66373851855582,-12.3875755004484,-0.0123436339982284));
#1066=CARTESIAN_POINT('Ctrl Pts',(6.56142035610556,-12.3467563676429,-1.16764497378996));
#1067=CARTESIAN_POINT('Ctrl Pts',(6.18144469739668,-12.3059372348374,-2.22390481316648));
#1068=CARTESIAN_POINT('Ctrl Pts',(5.8014690386878,-12.265118102032,-3.280164652543));
#1069=CARTESIAN_POINT('Ctrl Pts',(5.14383588372031,-12.2242989692265,-4.2373829915043));
#1070=CARTESIAN_POINT('Ctrl Pts',(4.29400049165957,-12.183479836421,-4.9714052123318));
#1071=CARTESIAN_POINT('Ctrl Pts',(3.44416509959882,-12.1426607036155,-5.7054274331593));
#1072=CARTESIAN_POINT('Ctrl Pts',(2.40212747044484,-12.10184157081,-6.21625353585298));
#1073=CARTESIAN_POINT('Ctrl Pts',(1.30178886391492,-12.0610224380045,-6.4387203007096));
#1074=CARTESIAN_POINT('Ctrl Pts',(0.201450257385005,-12.020203305199,-6.66118706556621));
#1075=CARTESIAN_POINT('Ctrl Pts',(-0.957189326520855,-11.9793841723935,
-6.59529449258574));
#1076=CARTESIAN_POINT('Ctrl Pts',(-2.02542953327559,-11.938565039588,-6.24907402864665));
#1077=CARTESIAN_POINT('Ctrl Pts',(-3.09366974003032,-11.8977459067825,-5.90285356470756));
#1078=CARTESIAN_POINT('Ctrl Pts',(-4.07151056963393,-11.856926773977,-5.27630520980986));
#1079=CARTESIAN_POINT('Ctrl Pts',(-4.83198071637205,-11.8161076411715,-4.45061854739899));
#1080=CARTESIAN_POINT('Ctrl Pts',(-5.59245086311019,-11.775288508366,-3.62493188498813));
#1081=CARTESIAN_POINT('Ctrl Pts',(-6.13555032698283,-11.7344693755605,-2.60010691506409));
#1082=CARTESIAN_POINT('Ctrl Pts',(-6.39352391475541,-11.693650242755,-1.50702776660585));
#1083=CARTESIAN_POINT('Ctrl Pts',(-6.50992212958303,-11.675232565851,-1.01382820054026));
#1084=CARTESIAN_POINT('Ctrl Pts',(-6.56827347734121,-11.656814888947,-0.506733223498655));
#1085=CARTESIAN_POINT('Ctrl Pts',(-6.56853049982623,-11.6383972120429,0.000325145924418675));
#1086=CARTESIAN_POINT('Ctrl Pts',(-6.56798605667693,-11.1116027876577,-3.78263216680824E-5));
#1087=CARTESIAN_POINT('Ctrl Pts',(-6.56797818559809,-11.1315858269262,-0.549848285730403));
#1088=CARTESIAN_POINT('Ctrl Pts',(-6.49964493581355,-11.1515688661947,-1.0996497134313));
#1089=CARTESIAN_POINT('Ctrl Pts',(-6.36303558724804,-11.1715519054632,-1.63208988309453));
#1090=CARTESIAN_POINT('Ctrl Pts',(-6.09337836424333,-11.2109970161596,-2.68308924057043));
#1091=CARTESIAN_POINT('Ctrl Pts',(-5.55769030917177,-11.2504421268561,-3.66644223271569));
#1092=CARTESIAN_POINT('Ctrl Pts',(-4.82072193269615,-11.2898872375525,-4.46256094368383));
#1093=CARTESIAN_POINT('Ctrl Pts',(-4.08375355622051,-11.329332348249,-5.25867965465198));
#1094=CARTESIAN_POINT('Ctrl Pts',(-3.14550485834079,-11.3687774589454,-5.86756408444301));
#1095=CARTESIAN_POINT('Ctrl Pts',(-2.1182819188957,-11.4082225696419,-6.21781335210651));
#1096=CARTESIAN_POINT('Ctrl Pts',(-1.09105897945063,-11.4476676803383,-6.56806261977));
#1097=CARTESIAN_POINT('Ctrl Pts',(0.0251382015598062,-11.4871127910348,
-6.65967672530596));
#1098=CARTESIAN_POINT('Ctrl Pts',(1.09453837281082,-11.5265579017313,-6.47806771044263));
#1099=CARTESIAN_POINT('Ctrl Pts',(2.52040526781219,-11.5791513826599,-6.23592235729153));
#1100=CARTESIAN_POINT('Ctrl Pts',(3.86307747879678,-11.6317448635884,-5.50804701231943));
#1101=CARTESIAN_POINT('Ctrl Pts',(4.8407892717689,-11.684338344517,-4.44313801331419));
#1102=CARTESIAN_POINT('Ctrl Pts',(5.818501064741,-11.7369318254456,-3.37822901430896));
#1103=CARTESIAN_POINT('Ctrl Pts',(6.43125243970065,-11.7895253063743,-1.97628636127058));
#1104=CARTESIAN_POINT('Ctrl Pts',(6.54882548442875,-11.8421187873029,-0.535350567136544));
#1105=CARTESIAN_POINT('Ctrl Pts',(6.66639852915686,-11.8947122682315,0.905585226997516));
#1106=CARTESIAN_POINT('Ctrl Pts',(6.28879324365342,-11.9473057491601,2.38551416222723));
#1107=CARTESIAN_POINT('Ctrl Pts',(5.49797275196411,-11.9998992300887,3.59649203789641));
#1108=CARTESIAN_POINT('Ctrl Pts',(4.90485738319713,-12.0393443407851,4.50472544464827));
#1109=CARTESIAN_POINT('Ctrl Pts',(4.07930846095059,-12.0787894514816,5.26167388039733));
#1110=CARTESIAN_POINT('Ctrl Pts',(3.12457960748462,-12.118234562178,5.77770855155493));
#1111=CARTESIAN_POINT('Ctrl Pts',(2.16985075401862,-12.1576796728745,6.29374322271255));
#1112=CARTESIAN_POINT('Ctrl Pts',(1.08594196933317,-12.1971247835709,6.56886412927871));
#1113=CARTESIAN_POINT('Ctrl Pts',(0.00119152477200097,-12.2365698942674,
6.56911395172423));
#1114=CARTESIAN_POINT('Ctrl Pts',(-1.08355891978914,-12.2760150049638,6.56936377416976));
#1115=CARTESIAN_POINT('Ctrl Pts',(-2.16915102422599,-12.3154601156603,6.29474251249467));
#1116=CARTESIAN_POINT('Ctrl Pts',(-3.12377135531088,-12.3549052263567,5.77875927861962));
#1117=CARTESIAN_POINT('Ctrl Pts',(-4.07839168639578,-12.3943503370532,5.26277604474455));
#1118=CARTESIAN_POINT('Ctrl Pts',(-4.90204024412871,-12.4337954477496,4.50543083866952));
#1119=CARTESIAN_POINT('Ctrl Pts',(-5.49619363336557,-12.4732405584461,3.59763729810823));
#1120=CARTESIAN_POINT('Ctrl Pts',(-6.09034702260243,-12.5126856691425,2.68984375754692));
#1121=CARTESIAN_POINT('Ctrl Pts',(-6.45500524334319,-12.552130779839,1.63160188249936));
#1122=CARTESIAN_POINT('Ctrl Pts',(-6.5459445173364,-12.5915758905354,0.550401503789435));
#1123=CARTESIAN_POINT('Ctrl Pts',(-6.5613349460619,-12.5982515229447,0.367420744917808));
#1124=CARTESIAN_POINT('Ctrl Pts',(-6.56888560462518,-12.604927155354,0.183782415957872));
#1125=CARTESIAN_POINT('Ctrl Pts',(-6.56870420232058,-12.6116027877632,0.000130332722741058));
#1126=CARTESIAN_POINT('Origin',(0.,-18.2728704041008,0.));
#1127=CARTESIAN_POINT('',(-6.57202274546565,-14.6383972121235,0.000597930708646007));
#1128=CARTESIAN_POINT('',(-6.56880407272464,-14.111602787968,0.00173648293762793));
#1129=CARTESIAN_POINT('',(-6.56845,-18.2728704041008,2.90019026886135E-14));
#1130=CARTESIAN_POINT('Ctrl Pts',(-6.57202274546565,-14.6383972121235,0.000597930708646007));
#1131=CARTESIAN_POINT('Ctrl Pts',(-6.57209280551392,-14.6364740763325,0.0534410744265027));
#1132=CARTESIAN_POINT('Ctrl Pts',(-6.57149618891647,-14.6345509405415,0.106281934820852));
#1133=CARTESIAN_POINT('Ctrl Pts',(-6.57022723851981,-14.6326278047506,0.159105594124939));
#1134=CARTESIAN_POINT('Ctrl Pts',(-6.52982646052384,-14.5713991055423,1.84090256436299));
#1135=CARTESIAN_POINT('Ctrl Pts',(-5.8079111681745,-14.5101704063341,3.50526356351363));
#1136=CARTESIAN_POINT('Ctrl Pts',(-4.60872323078986,-14.4489417071258,4.68475376708463));
#1137=CARTESIAN_POINT('Ctrl Pts',(-3.40953529340522,-14.3877130079176,5.86424397065563));
#1138=CARTESIAN_POINT('Ctrl Pts',(-1.73307471098527,-14.3264843087094,6.558863378647));
#1139=CARTESIAN_POINT('Ctrl Pts',(-0.0511978834358212,-14.2652556095011,
6.57192036657484));
#1140=CARTESIAN_POINT('Ctrl Pts',(1.63067894411363,-14.2040269102929,6.58497735450268));
#1141=CARTESIAN_POINT('Ctrl Pts',(3.31797201679259,-14.1427982110846,5.91647192236699));
#1142=CARTESIAN_POINT('Ctrl Pts',(4.53532489141718,-14.0815695118764,4.75587957539081));
#1143=CARTESIAN_POINT('Ctrl Pts',(5.75267776604178,-14.0203408126682,3.59528722841463));
#1144=CARTESIAN_POINT('Ctrl Pts',(6.50009044261201,-13.9591121134599,1.94260796659795));
#1145=CARTESIAN_POINT('Ctrl Pts',(6.56680626801867,-13.8978834142517,0.261522511298423));
#1146=CARTESIAN_POINT('Ctrl Pts',(6.63352209342533,-13.8366547150434,-1.4195629440011));
#1147=CARTESIAN_POINT('Ctrl Pts',(6.01954106766842,-13.7754260158352,-3.12905459278347));
#1148=CARTESIAN_POINT('Ctrl Pts',(4.89847293322829,-13.714197316627,-4.38184727952412));
#1149=CARTESIAN_POINT('Ctrl Pts',(3.77740479878818,-13.6529686174187,-5.63463996626475));
#1150=CARTESIAN_POINT('Ctrl Pts',(2.14924955566486,-13.5917399182105,-6.43073369096367));
#1151=CARTESIAN_POINT('Ctrl Pts',(0.4705901622249,-13.5305112190022,-6.55401669887203));
#1152=CARTESIAN_POINT('Ctrl Pts',(-0.648516100068413,-13.4896920861968,
-6.63620537081093));
#1153=CARTESIAN_POINT('Ctrl Pts',(-1.79006865139135,-13.4488729533913,-6.41936705750959));
#1154=CARTESIAN_POINT('Ctrl Pts',(-2.80559719659369,-13.4080538205858,-5.93889719075494));
#1155=CARTESIAN_POINT('Ctrl Pts',(-3.82112574179603,-13.3672346877803,-5.45842732400029));
#1156=CARTESIAN_POINT('Ctrl Pts',(-4.71063028087779,-13.3264155549748,-4.71432590379232));
#1157=CARTESIAN_POINT('Ctrl Pts',(-5.35955568197648,-13.2855964221693,-3.79894482548131));
#1158=CARTESIAN_POINT('Ctrl Pts',(-6.00848108307518,-13.2447772893638,-2.88356374717029));
#1159=CARTESIAN_POINT('Ctrl Pts',(-6.4168273461908,-13.2039581565583,-1.79690301075625));
#1160=CARTESIAN_POINT('Ctrl Pts',(-6.53344337811458,-13.1631390237528,-0.679632588176994));
#1161=CARTESIAN_POINT('Ctrl Pts',(-6.55700497545142,-13.1548917531594,-0.453894536736705));
#1162=CARTESIAN_POINT('Ctrl Pts',(-6.56865759798823,-13.146644482566,-0.226906940538252));
#1163=CARTESIAN_POINT('Ctrl Pts',(-6.56855866299357,-13.1383972119727,9.78773054633592E-5));
#1164=CARTESIAN_POINT('Ctrl Pts',(-6.56870420232058,-12.6116027877632,0.00013033272274106));
#1165=CARTESIAN_POINT('Ctrl Pts',(-6.56781373104872,-12.6443722660504,-0.901384697618223));
#1166=CARTESIAN_POINT('Ctrl Pts',(-6.38060754383604,-12.6771417443376,-1.8032311580496));
#1167=CARTESIAN_POINT('Ctrl Pts',(-6.01982608337666,-12.7099112226248,-2.62925500333679));
#1168=CARTESIAN_POINT('Ctrl Pts',(-5.58554804817808,-12.7493563333212,-3.62355224938082));
#1169=CARTESIAN_POINT('Ctrl Pts',(-4.89977165053525,-12.7888014440177,-4.50798785909663));
#1170=CARTESIAN_POINT('Ctrl Pts',(-4.04481885324237,-12.8282465547141,-5.17606454718295));
#1171=CARTESIAN_POINT('Ctrl Pts',(-3.18986605594946,-12.8676916654106,-5.84414123526929));
#1172=CARTESIAN_POINT('Ctrl Pts',(-2.16573685900648,-12.9071367761071,-6.29585900172613));
#1173=CARTESIAN_POINT('Ctrl Pts',(-1.09600281859007,-12.9465818868035,-6.47688882448015));
#1174=CARTESIAN_POINT('Ctrl Pts',(-0.0262687781736805,-12.9860269975,-6.65791864723417));
#1175=CARTESIAN_POINT('Ctrl Pts',(1.08907010571614,-13.0254721081964,-6.56826052628537));
#1176=CARTESIAN_POINT('Ctrl Pts',(2.11636340463145,-13.0649172188929,-6.218681377498));
#1177=CARTESIAN_POINT('Ctrl Pts',(3.14365670354676,-13.1043623295893,-5.86910222871062));
#1178=CARTESIAN_POINT('Ctrl Pts',(4.08290441748758,-13.1438074402858,-5.25960205208464));
#1179=CARTESIAN_POINT('Ctrl Pts',(4.81987418168642,-13.1832525509822,-4.46362028386824));
#1180=CARTESIAN_POINT('Ctrl Pts',(5.55684394588527,-13.2226976616787,-3.66763851565183));
#1181=CARTESIAN_POINT('Ctrl Pts',(6.09153576034215,-13.2621427723751,-2.68517515584499));
#1182=CARTESIAN_POINT('Ctrl Pts',(6.36192026100546,-13.3015878830716,-1.63411736466524));
#1183=CARTESIAN_POINT('Ctrl Pts',(6.63230476166877,-13.341032993768,-0.583059573485501));
#1184=CARTESIAN_POINT('Ctrl Pts',(6.63838194853849,-13.3804781044645,0.536592649067139));
#1185=CARTESIAN_POINT('Ctrl Pts',(6.37513082343604,-13.4199232151609,1.58889077051064));
#1186=CARTESIAN_POINT('Ctrl Pts',(6.02412932329944,-13.4725166960895,2.99195493243531));
#1187=CARTESIAN_POINT('Ctrl Pts',(5.19432193521231,-13.5251101770181,4.27527847016594));
#1188=CARTESIAN_POINT('Ctrl Pts',(4.05767091031117,-13.5777036579467,5.16798047342272));
#1189=CARTESIAN_POINT('Ctrl Pts',(2.92101988541005,-13.6302971388753,6.0606824766795));
#1190=CARTESIAN_POINT('Ctrl Pts',(1.47752522369493,-13.6828906198039,6.56276294546241));
#1191=CARTESIAN_POINT('Ctrl Pts',(0.0310412914383399,-13.7354841007325,
6.56986643391798));
#1192=CARTESIAN_POINT('Ctrl Pts',(-1.41544264081826,-13.7880775816611,6.57696992237355));
#1193=CARTESIAN_POINT('Ctrl Pts',(-2.86491584361635,-13.8406710625897,6.08909643050176));
#1194=CARTESIAN_POINT('Ctrl Pts',(-4.0095244660548,-13.8932645435183,5.20637601990053));
#1195=CARTESIAN_POINT('Ctrl Pts',(-5.29720916629807,-13.952432209563,4.21331555797414));
#1196=CARTESIAN_POINT('Ctrl Pts',(-6.19904963202367,-14.0115998756077,2.7205269645308));
#1197=CARTESIAN_POINT('Ctrl Pts',(-6.47586755933355,-14.0707675416524,1.11889390572144));
#1198=CARTESIAN_POINT('Ctrl Pts',(-6.53955058646615,-14.0843792904242,0.75043207042117));
#1199=CARTESIAN_POINT('Ctrl Pts',(-6.57015443997346,-14.0979910391961,0.376209666906646));
#1200=CARTESIAN_POINT('Ctrl Pts',(-6.56880407272464,-14.111602787968,0.00173648293762793));
#1201=CARTESIAN_POINT('Origin',(0.,-5.,0.));
#1202=CARTESIAN_POINT('',(2.5,-5.45,3.06161699786838E-16));
#1203=CARTESIAN_POINT('Origin',(0.,-5.45,0.));
#1204=CARTESIAN_POINT('',(2.5,-20.,-3.06161699786838E-16));
#1205=CARTESIAN_POINT('',(2.5,-5.,3.06161699786838E-16));
#1206=CARTESIAN_POINT('Origin',(0.,-20.,0.));
#1207=CARTESIAN_POINT('Origin',(0.,-5.,0.));
#1208=CARTESIAN_POINT('',(6.075,-5.,-7.43972930482017E-16));
#1209=CARTESIAN_POINT('Origin',(0.,-5.,0.));
#1210=CARTESIAN_POINT('',(6.075,-5.45,-7.43972930482017E-16));
#1211=CARTESIAN_POINT('',(6.075,-5.,7.43972930482017E-16));
#1212=CARTESIAN_POINT('Origin',(0.,-5.45,0.));
#1213=CARTESIAN_POINT('Origin',(0.,-5.45,0.));
#1214=CARTESIAN_POINT('Ctrl Pts',(5.28060633031438,-5.37313293839372,-4.7626121713701));
#1215=CARTESIAN_POINT('Ctrl Pts',(4.20707461113017,-5.37313117529076,-5.82216894218771));
#1216=CARTESIAN_POINT('Ctrl Pts',(1.83368721128151,-5.37312802153797,-6.9950096058539));
#1217=CARTESIAN_POINT('Ctrl Pts',(-1.76659996447301,-5.37312297364348,-6.65923976289033));
#1218=CARTESIAN_POINT('Ctrl Pts',(-3.53179070334433,-5.37311974796695,-5.5872496120863));
#1219=CARTESIAN_POINT('Ctrl Pts',(-4.24765318231226,-5.37311803344045,-4.87881233973245));
#1220=CARTESIAN_POINT('Ctrl Pts',(5.31092146882805,-5.34817540908942,-4.79332727341242));
#1221=CARTESIAN_POINT('Ctrl Pts',(4.23085471518793,-5.34817304433558,-5.85933296067028));
#1222=CARTESIAN_POINT('Ctrl Pts',(1.84283434833438,-5.348168856317,-7.03952020351739));
#1223=CARTESIAN_POINT('Ctrl Pts',(-1.780532808657,-5.34816209250538,-6.70167539123384));
#1224=CARTESIAN_POINT('Ctrl Pts',(-3.55735222741708,-5.34815779990783,-5.62266141866831));
#1225=CARTESIAN_POINT('Ctrl Pts',(-4.27800521019459,-5.34815550060669,-4.90948230994325));
#1226=CARTESIAN_POINT('Ctrl Pts',(5.35761320081119,-5.26456564070976,-4.84063503391458));
#1227=CARTESIAN_POINT('Ctrl Pts',(4.26749085320381,-5.26456292364735,-5.91656288061285));
#1228=CARTESIAN_POINT('Ctrl Pts',(1.85690480262632,-5.26455806046912,-7.10806704675649));
#1229=CARTESIAN_POINT('Ctrl Pts',(-1.80198100786105,-5.26455028182877,-6.76702356191172));
#1230=CARTESIAN_POINT('Ctrl Pts',(-3.59672710063461,-5.26454530927842,-5.67719166775335));
#1231=CARTESIAN_POINT('Ctrl Pts',(-4.32474992855548,-5.26454266773066,-4.95671668667747));
#1232=CARTESIAN_POINT('Ctrl Pts',(5.3492928638693,-5.10453398692013,-4.83220492240177));
#1233=CARTESIAN_POINT('Ctrl Pts',(4.26097678293961,-5.10453261172035,-5.90634789142738));
#1234=CARTESIAN_POINT('Ctrl Pts',(1.85436878711805,-5.1045301750502,-7.09583611317244));
#1235=CARTESIAN_POINT('Ctrl Pts',(-1.79814035649364,-5.10452624179656,-6.75535596048448));
#1236=CARTESIAN_POINT('Ctrl Pts',(-3.58971414659248,-5.10452374485667,-5.6674516772357));
#1237=CARTESIAN_POINT('Ctrl Pts',(-4.31640922182722,-5.10452240795837,-4.94828860971718));
#1238=CARTESIAN_POINT('Ctrl Pts',(5.28040747357155,-5.01379599723547,-4.76241069100593));
#1239=CARTESIAN_POINT('Ctrl Pts',(4.20691358071509,-5.01379581803019,-5.82192489338687));
#1240=CARTESIAN_POINT('Ctrl Pts',(1.83362699987539,-5.01379548106443,-6.99470885069302));
#1241=CARTESIAN_POINT('Ctrl Pts',(-1.76650567497163,-5.01379496563298,-6.65894209778577));
#1242=CARTESIAN_POINT('Ctrl Pts',(-3.53160512804652,-5.01379462475401,-5.58699579208156));
#1243=CARTESIAN_POINT('Ctrl Pts',(-4.24743191079564,-5.01379445053978,-4.87858875036143));
#1244=CARTESIAN_POINT('Ctrl Pts',(5.22778260963825,-5.,-4.70909151963069));
#1245=CARTESIAN_POINT('Ctrl Pts',(4.16562652189369,-4.99999999487834,-5.75741627288052));
#1246=CARTESIAN_POINT('Ctrl Pts',(1.81775757330382,-5.00000000796844,-6.9174437533576));
#1247=CARTESIAN_POINT('Ctrl Pts',(-1.74232431107175,-4.99999999660544,-6.58527736226473));
#1248=CARTESIAN_POINT('Ctrl Pts',(-3.48722448756297,-5.0000000049783,-5.52552310981334));
#1249=CARTESIAN_POINT('Ctrl Pts',(-4.19473849750191,-5.,-4.82534336516707));
#1250=CARTESIAN_POINT('Ctrl Pts',(5.21027286320009,-5.,-4.69135075792047));
#1251=CARTESIAN_POINT('Ctrl Pts',(4.15187987937221,-5.,-5.73596164224811));
#1252=CARTESIAN_POINT('Ctrl Pts',(1.812493130399,-5.,-6.89174198980848));
#1253=CARTESIAN_POINT('Ctrl Pts',(-1.73428798615143,-5.,-6.56077434826955));
#1254=CARTESIAN_POINT('Ctrl Pts',(-3.4724510057741,-5.,-5.50507618514317));
#1255=CARTESIAN_POINT('Ctrl Pts',(-4.17720593473007,-5.,-4.80762714600648));
#1256=CARTESIAN_POINT('',(5.21027286320009,-5.,-4.69135075792047));
#1257=CARTESIAN_POINT('',(5.28060633031438,-5.37313293839372,-4.7626121713701));
#1258=CARTESIAN_POINT('Origin',(5.21027286320009,-5.2,-4.69135075792047));
#1259=CARTESIAN_POINT('Ctrl Pts',(5.28060633031438,-5.37313293839372,-4.7626121713701));
#1260=CARTESIAN_POINT('Ctrl Pts',(4.20707461113017,-5.37313117529076,-5.82216894218771));
#1261=CARTESIAN_POINT('Ctrl Pts',(1.83368721128151,-5.37312802153797,-6.9950096058539));
#1262=CARTESIAN_POINT('Ctrl Pts',(-1.23039999599675,-5.3731237254393,-6.70924682355615));
#1263=CARTESIAN_POINT('Ctrl Pts',(-2.5918172486001,-5.37312140622078,-6.08625361858495));
#1264=CARTESIAN_POINT('Ctrl Pts',(-3.00555307349111,-5.37312063403438,-5.83935459913106));
#1265=CARTESIAN_POINT('Ctrl Pts',(-1.51455122177199,-5.,-6.3909794084956));
#1266=CARTESIAN_POINT('Ctrl Pts',(-0.615478657764231,-5.,-6.66457993256693));
#1267=CARTESIAN_POINT('Ctrl Pts',(1.86121580907413,-5.,-6.86767041869356));
#1268=CARTESIAN_POINT('Ctrl Pts',(4.15187987937221,-5.,-5.73596164224811));
#1269=CARTESIAN_POINT('Ctrl Pts',(5.21027286320009,-5.,-4.69135075792047));
#1270=CARTESIAN_POINT('Ctrl Pts',(5.49400140824176,-5.02687936691519,3.60006721169724));
#1271=CARTESIAN_POINT('Ctrl Pts',(6.26462009793505,-5.02687730768115,2.57137526650516));
#1272=CARTESIAN_POINT('Ctrl Pts',(7.33722391016553,-5.0268728543535,-0.369200064204765));
#1273=CARTESIAN_POINT('Ctrl Pts',(6.35698299805542,-5.02686906243201,-3.41655873960653));
#1274=CARTESIAN_POINT('Ctrl Pts',(5.28849574840437,-5.02686706160628,-4.75385008490463));
#1275=CARTESIAN_POINT('Ctrl Pts',(5.46978012985662,-5.009372400956,3.58192234565508));
#1276=CARTESIAN_POINT('Ctrl Pts',(6.23684346581495,-5.00937165697733,2.55797775707494));
#1277=CARTESIAN_POINT('Ctrl Pts',(7.30466032431602,-5.00937003079986,-0.369245920104872));
#1278=CARTESIAN_POINT('Ctrl Pts',(6.32879019346451,-5.00936863899602,-3.4033676190222));
#1279=CARTESIAN_POINT('Ctrl Pts',(5.26485579520923,-5.0093679161465,-4.73496199146785));
#1280=CARTESIAN_POINT('Ctrl Pts',(5.44183298360848,-5.,3.56098632333331));
#1281=CARTESIAN_POINT('Ctrl Pts',(6.20479214585289,-5.00000000677343,2.54252260104617));
#1282=CARTESIAN_POINT('Ctrl Pts',(7.26708758460581,-5.00000000357049,-0.369296745647151));
#1283=CARTESIAN_POINT('Ctrl Pts',(6.29625968882299,-4.99999999342179,-3.38815176270824));
#1284=CARTESIAN_POINT('Ctrl Pts',(5.23758130423327,-5.,-4.71316993757747));
#1285=CARTESIAN_POINT('Ctrl Pts',(5.4138510175614,-5.,3.54002421648465));
#1286=CARTESIAN_POINT('Ctrl Pts',(6.17270016536872,-5.,2.52704917336997));
#1287=CARTESIAN_POINT('Ctrl Pts',(7.22946759925539,-5.,-0.369347044473057));
#1288=CARTESIAN_POINT('Ctrl Pts',(6.26368774732694,-5.,-3.37291813584695));
#1289=CARTESIAN_POINT('Ctrl Pts',(5.21027286320008,-5.,-4.69135075792048));
#1290=CARTESIAN_POINT('',(5.28849574840436,-5.02686706160627,-4.75385008490464));
#1291=CARTESIAN_POINT('Ctrl Pts',(5.49400140824176,-5.02687936691519,3.60006721169724));
#1292=CARTESIAN_POINT('Ctrl Pts',(6.26462009793505,-5.02687730768115,2.57137526650516));
#1293=CARTESIAN_POINT('Ctrl Pts',(7.33722391016553,-5.0268728543535,-0.369200064204765));
#1294=CARTESIAN_POINT('Ctrl Pts',(6.35698299805542,-5.02686906243201,-3.41655873960653));
#1295=CARTESIAN_POINT('Ctrl Pts',(5.28849574840437,-5.02686706160628,-4.75385008490463));
#1296=CARTESIAN_POINT('Origin',(5.21027286320008,-5.2,-4.69135075792048));
#1297=CARTESIAN_POINT('Ctrl Pts',(5.21146630164366,-5.00000596037125,-4.69230430366768));
#1298=CARTESIAN_POINT('Ctrl Pts',(6.2651112116168,-5.00000596055176,-3.3735838793198));
#1299=CARTESIAN_POINT('Ctrl Pts',(7.05907343384625,-5.00000596163309,-0.904379783638281));
#1300=CARTESIAN_POINT('Ctrl Pts',(6.48643090321783,-5.00000596261599,1.49242851740832));
#1301=CARTESIAN_POINT('Ctrl Pts',(6.19808033589459,-5.00000596284871,2.17447348618157));
#1302=CARTESIAN_POINT('Origin',(5.21027286320009,-5.2,-4.69135075792047));
#1303=CARTESIAN_POINT('Origin',(5.21027286320009,-5.2,-4.69135075792047));
#1304=CARTESIAN_POINT('Ctrl Pts',(-2.07382288513796,-15.3132885286341,6.2324789644721));
#1305=CARTESIAN_POINT('Ctrl Pts',(-0.529159440252302,-15.2541208625895,
6.74645717765188));
#1306=CARTESIAN_POINT('Ctrl Pts',(2.95115016014763,-15.1357855305001,6.57401139896481));
#1307=CARTESIAN_POINT('Ctrl Pts',(6.62344433186524,-14.9582825323661,2.83825079161665));
#1308=CARTESIAN_POINT('Ctrl Pts',(6.79609467019126,-14.780779534232,-2.39344460933996));
#1309=CARTESIAN_POINT('Ctrl Pts',(3.38303044863871,-14.603276536098,-6.36179961331982));
#1310=CARTESIAN_POINT('Ctrl Pts',(-1.81589387924172,-14.4257735379639,-6.97301960260329));
#1311=CARTESIAN_POINT('Ctrl Pts',(-6.05627626436217,-14.24827053983,-3.90369420139392));
#1312=CARTESIAN_POINT('Ctrl Pts',(-7.10089009766775,-14.0707675416959,1.2277383710733));
#1313=CARTESIAN_POINT('Ctrl Pts',(-4.49557319671262,-13.899838728678,5.54023875208233));
#1314=CARTESIAN_POINT('Ctrl Pts',(0.0340305619793141,-13.7354841007761,
7.0648434141642));
#1315=CARTESIAN_POINT('Ctrl Pts',(4.36451454707497,-13.5777036579903,5.55860200783281));
#1316=CARTESIAN_POINT('Ctrl Pts',(6.64648486428844,-13.4330715854366,2.02946227911411));
#1317=CARTESIAN_POINT('Ctrl Pts',(6.62622757472298,-13.3015878831151,-1.70271179601849));
#1318=CARTESIAN_POINT('Ctrl Pts',(5.02215213137077,-13.1832525510258,-4.65010187540523));
#1319=CARTESIAN_POINT('Ctrl Pts',(2.20440898958071,-13.0649172189364,-6.47860240526216));
#1320=CARTESIAN_POINT('Ctrl Pts',(-1.14160766205031,-12.9465818868471,-6.74757676810549));
#1321=CARTESIAN_POINT('Ctrl Pts',(-4.21399525284396,-12.8282465547577,-5.39242346875059));
#1322=CARTESIAN_POINT('Ctrl Pts',(-6.27132444574886,-12.7099112226683,-2.73911663963362));
#1323=CARTESIAN_POINT('Ctrl Pts',(-6.81966346400566,-12.591575890579,0.57336000744513));
#1324=CARTESIAN_POINT('Ctrl Pts',(-5.72568880179596,-12.4732405584896,3.74808563255137));
#1325=CARTESIAN_POINT('Ctrl Pts',(-3.25474312862556,-12.3549052264003,6.02012125075041));
#1326=CARTESIAN_POINT('Ctrl Pts',(0.00203318464764378,-12.2365698943109,
6.84398503576627));
#1327=CARTESIAN_POINT('Ctrl Pts',(3.25375953866662,-12.1182345622216,6.01862231607732));
#1328=CARTESIAN_POINT('Ctrl Pts',(6.00558927945684,-11.9867508599,3.49546086360947));
#1329=CARTESIAN_POINT('Ctrl Pts',(7.04400381457942,-11.8421187873464,-0.574343708225544));
#1330=CARTESIAN_POINT('Ctrl Pts',(5.20574968972163,-11.6843383445606,-4.78017166729238));
#1331=CARTESIAN_POINT('Ctrl Pts',(1.51340110955646,-11.539706272007,-6.7818288659427));
#1332=CARTESIAN_POINT('Ctrl Pts',(-2.20725616043568,-11.4082225696854,-6.47644851415968));
#1333=CARTESIAN_POINT('Ctrl Pts',(-5.02200225404249,-11.2898872375961,-4.64979522480763));
#1334=CARTESIAN_POINT('Ctrl Pts',(-6.62906641923875,-11.1715519055067,-1.69973624840572));
#1335=CARTESIAN_POINT('Ctrl Pts',(-6.63994559205227,-11.0532165734174,1.65620091997535));
#1336=CARTESIAN_POINT('Ctrl Pts',(-5.05236563771256,-10.934881241328,4.61725813289431));
#1337=CARTESIAN_POINT('Ctrl Pts',(-2.71672146231072,-10.8362684645869,6.15308854854407));
#1338=CARTESIAN_POINT('Ctrl Pts',(-0.219411796145116,-10.7442298729618,
6.68825445876144));
#1339=CARTESIAN_POINT('Ctrl Pts',(1.97912847072883,-10.6653396515689,6.42289714301354));
#1340=CARTESIAN_POINT('Ctrl Pts',(4.73390706542821,-10.5535785045956,4.95622242370929));
#1341=CARTESIAN_POINT('Ctrl Pts',(6.84104388290303,-10.4220948022742,1.77469457508965));
#1342=CARTESIAN_POINT('Ctrl Pts',(6.48739373674669,-10.2643143594883,-2.80296822694399));
#1343=CARTESIAN_POINT('Ctrl Pts',(3.65916827749486,-10.1196822869347,-5.90741450266189));
#1344=CARTESIAN_POINT('Ctrl Pts',(0.0444489749440569,-9.98819858461318,
-6.84189902191421));
#1345=CARTESIAN_POINT('Ctrl Pts',(-3.21401962860064,-9.86986325252384,-6.04224963677553));
#1346=CARTESIAN_POINT('Ctrl Pts',(-5.70171100553624,-9.75152792043447,-3.78507500143084));
#1347=CARTESIAN_POINT('Ctrl Pts',(-6.81531659930094,-9.63319258834514,-0.618068784086478));
#1348=CARTESIAN_POINT('Ctrl Pts',(-6.28954742004981,-9.51485725625576,2.69777395709661));
#1349=CARTESIAN_POINT('Ctrl Pts',(-4.24860014206042,-9.39652192416642,5.36536079644058));
#1350=CARTESIAN_POINT('Ctrl Pts',(-1.18684025368437,-9.27818659207706,6.73859570018675));
#1351=CARTESIAN_POINT('Ctrl Pts',(2.53640242275223,-9.14670288975556,6.4686927839499));
#1352=CARTESIAN_POINT('Ctrl Pts',(5.87804299101585,-9.0020708172019,3.92455749525749));
#1353=CARTESIAN_POINT('Ctrl Pts',(7.04798406973304,-8.84429037441609,-0.513956911325552));
#1354=CARTESIAN_POINT('Ctrl Pts',(5.39809226757582,-8.69965830186245,-4.37608775557785));
#1355=CARTESIAN_POINT('Ctrl Pts',(2.29137502050393,-8.56817459954093,-6.44702368022524));
#1356=CARTESIAN_POINT('Ctrl Pts',(-1.04847874817882,-8.44983926745158,-6.76308192309739));
#1357=CARTESIAN_POINT('Ctrl Pts',(-4.14096155538719,-8.33150393536222,-5.44952878621246));
#1358=CARTESIAN_POINT('Ctrl Pts',(-5.79622253541614,-8.23782179745815,-3.37043514942564));
#1359=CARTESIAN_POINT('Ctrl Pts',(-6.68418453949013,-8.13920902071703,-0.795779263047047));
#1360=CARTESIAN_POINT('Ctrl Pts',(-6.56477315052159,-8.02087368862767,2.58902854959845));
#1361=CARTESIAN_POINT('Ctrl Pts',(-3.51153000802714,-7.85816260700481,6.29318073479928));
#1362=CARTESIAN_POINT('Ctrl Pts',(0.373437796654321,-7.72503535840428,6.8269504580838));
#1363=CARTESIAN_POINT('Ctrl Pts',(3.47101258452093,-7.60670002631493,5.76757798002431));
#1364=CARTESIAN_POINT('Ctrl Pts',(5.33665034552644,-7.52123561980595,4.20093654394436));
#1365=CARTESIAN_POINT('Ctrl Pts',(6.77124490891161,-7.39796964887954,1.06632246693292));
#1366=CARTESIAN_POINT('Ctrl Pts',(6.53889766513092,-7.27963431679019,-2.35577544863914));
#1367=CARTESIAN_POINT('Ctrl Pts',(4.28339285454937,-7.14815061446867,-5.33587567282257));
#1368=CARTESIAN_POINT('Ctrl Pts',(1.23185852342145,-7.02981528237934,-6.73220525087723));
#1369=CARTESIAN_POINT('Ctrl Pts',(-2.1148849816629,-6.91147995028996,-6.50620099697441));
#1370=CARTESIAN_POINT('Ctrl Pts',(-5.44071456842957,-6.77342206285241,-4.42155577519072));
#1371=CARTESIAN_POINT('Ctrl Pts',(-6.70682891233374,-6.6600173696001,-1.33662529900646));
#1372=CARTESIAN_POINT('Ctrl Pts',(-6.44774177378365,-6.54168203751074,1.92626544296118));
#1373=CARTESIAN_POINT('Ctrl Pts',(-4.9972190126936,-6.42334670542139,4.98254316845347));
#1374=CARTESIAN_POINT('Ctrl Pts',(-0.72168225770711,-6.26063562379851,7.17155728890416));
#1375=CARTESIAN_POINT('Ctrl Pts',(3.05599877034866,-6.12750837519801,6.11627192850577));
#1376=CARTESIAN_POINT('Ctrl Pts',(5.47349045591453,-6.00917304310864,3.91457431295614));
#1377=CARTESIAN_POINT('Ctrl Pts',(7.00062519682413,-5.8908377110193,0.8949887314565));
#1378=CARTESIAN_POINT('Ctrl Pts',(6.10796622814827,-5.72812662939643,-3.8246819260361));
#1379=CARTESIAN_POINT('Ctrl Pts',(2.96042628237515,-5.59499938079591,-6.16315032730868));
#1380=CARTESIAN_POINT('Ctrl Pts',(-0.263223094410805,-5.47666404870655,
-6.7254075132478));
#1381=CARTESIAN_POINT('Ctrl Pts',(-1.92048301212739,-5.41749638266188,-6.39898388066679));
#1382=CARTESIAN_POINT('Ctrl Pts',(-3.00606614240162,-5.37312063312837,-5.84021418691265));
#1383=CARTESIAN_POINT('Ctrl Pts',(-2.13076629052464,-15.2088587638075,6.40415382158239));
#1384=CARTESIAN_POINT('Ctrl Pts',(-0.543554788271279,-15.1496910977628,
6.9322449438988));
#1385=CARTESIAN_POINT('Ctrl Pts',(3.03258594152357,-15.0313557656735,6.75495988176841));
#1386=CARTESIAN_POINT('Ctrl Pts',(6.80590494229574,-14.8538527675395,2.91623369252286));
#1387=CARTESIAN_POINT('Ctrl Pts',(6.98317309334067,-14.6763497694054,-2.45952890840662));
#1388=CARTESIAN_POINT('Ctrl Pts',(3.47602150663198,-14.4988467712714,-6.53706963896614));
#1389=CARTESIAN_POINT('Ctrl Pts',(-1.86607905127421,-14.3213437731373,-7.16498497865641));
#1390=CARTESIAN_POINT('Ctrl Pts',(-6.22314681199218,-14.1438407750033,-4.01103049267091));
#1391=CARTESIAN_POINT('Ctrl Pts',(-7.29639191402009,-13.9663377768693,1.26173111884021));
#1392=CARTESIAN_POINT('Ctrl Pts',(-4.61922122936382,-13.7954089638514,5.69291485010574));
#1393=CARTESIAN_POINT('Ctrl Pts',(0.0351518082331537,-13.6310543359495,
7.25938374708622));
#1394=CARTESIAN_POINT('Ctrl Pts',(4.48484299932298,-13.4732738931637,5.71155280549017));
#1395=CARTESIAN_POINT('Ctrl Pts',(6.82955884784291,-13.32864182061,2.08517335571856));
#1396=CARTESIAN_POINT('Ctrl Pts',(6.80864645444428,-13.1971581182885,-1.74977128720405));
#1397=CARTESIAN_POINT('Ctrl Pts',(5.16032352023917,-13.0788227861992,-4.77828042542872));
#1398=CARTESIAN_POINT('Ctrl Pts',(2.26494186645461,-12.9604874541098,-6.6570580502696));
#1399=CARTESIAN_POINT('Ctrl Pts',(-1.17321945972102,-12.8421521220204,-6.93335180917431));
#1400=CARTESIAN_POINT('Ctrl Pts',(-4.33017459531221,-12.7238167899311,-5.5408022109663));
#1401=CARTESIAN_POINT('Ctrl Pts',(-6.44408631484763,-12.6054814578417,-2.81437890897629));
#1402=CARTESIAN_POINT('Ctrl Pts',(-7.00743833486156,-12.4871461257524,0.589326119871457));
#1403=CARTESIAN_POINT('Ctrl Pts',(-5.88325665743774,-12.368810793663,3.85144413164978));
#1404=CARTESIAN_POINT('Ctrl Pts',(-3.34421050672352,-12.2504754615737,6.18597929847357));
#1405=CARTESIAN_POINT('Ctrl Pts',(0.00226757723038965,-12.1321401294843,
7.03244453125481));
#1406=CARTESIAN_POINT('Ctrl Pts',(3.34351365197872,-12.013804797395,6.18426942779845));
#1407=CARTESIAN_POINT('Ctrl Pts',(6.17105344228607,-11.8823210950734,3.5915571498305));
#1408=CARTESIAN_POINT('Ctrl Pts',(7.2379562127565,-11.7376890225198,-0.590342756330678));
#1409=CARTESIAN_POINT('Ctrl Pts',(5.34897332652808,-11.579908579734,-4.91193667331607));
#1410=CARTESIAN_POINT('Ctrl Pts',(1.55489812788116,-11.4352765071804,-6.96861630014529));
#1411=CARTESIAN_POINT('Ctrl Pts',(-2.26820514430225,-11.3037928048588,-6.654729847015));
#1412=CARTESIAN_POINT('Ctrl Pts',(-5.16041194122766,-11.1854574727695,-4.77770350505167));
#1413=CARTESIAN_POINT('Ctrl Pts',(-6.81165216408146,-11.0671221406801,-1.74636827060453));
#1414=CARTESIAN_POINT('Ctrl Pts',(-6.82274343093536,-10.9487868085908,1.70198002073599));
#1415=CARTESIAN_POINT('Ctrl Pts',(-5.19136985765369,-10.8304514765014,4.74453306863968));
#1416=CARTESIAN_POINT('Ctrl Pts',(-2.79137012843622,-10.7318386997603,6.32259402776463));
#1417=CARTESIAN_POINT('Ctrl Pts',(-0.225279287817363,-10.6398001081352,
6.87243144824651));
#1418=CARTESIAN_POINT('Ctrl Pts',(2.03379421549169,-10.5609098867423,6.59970980455187));
#1419=CARTESIAN_POINT('Ctrl Pts',(4.86439160055671,-10.449148739769,5.09257615295844));
#1420=CARTESIAN_POINT('Ctrl Pts',(7.02946870416635,-10.3176650374476,1.82338516354623));
#1421=CARTESIAN_POINT('Ctrl Pts',(6.66596093429383,-10.1598845946617,-2.88032133513147));
#1422=CARTESIAN_POINT('Ctrl Pts',(3.7597750559343,-10.0152525221081,-6.07017954084269));
#1423=CARTESIAN_POINT('Ctrl Pts',(0.0454945937726323,-9.88376881978657,
-7.03030228743327));
#1424=CARTESIAN_POINT('Ctrl Pts',(-3.3026800590078,-9.76543348769723,-6.20854839879611));
#1425=CARTESIAN_POINT('Ctrl Pts',(-5.85881496685221,-9.64709815560785,-3.88915417522876));
#1426=CARTESIAN_POINT('Ctrl Pts',(-7.00300283016762,-9.52876282351853,-0.634910590767535));
#1427=CARTESIAN_POINT('Ctrl Pts',(-6.46266936031695,-9.41042749142914,2.77222522340038));
#1428=CARTESIAN_POINT('Ctrl Pts',(-4.36545195413987,-9.29209215933981,5.51321492556372));
#1429=CARTESIAN_POINT('Ctrl Pts',(-1.21934604875525,-9.17375682725044,6.92418413072948));
#1430=CARTESIAN_POINT('Ctrl Pts',(2.60641474816062,-9.04227312492895,6.64675197119975));
#1431=CARTESIAN_POINT('Ctrl Pts',(6.04000615778537,-8.89764105237528,4.0324729353239));
#1432=CARTESIAN_POINT('Ctrl Pts',(7.24204764457382,-8.73986060958948,-0.528293220846432));
#1433=CARTESIAN_POINT('Ctrl Pts',(5.5466228835875,-8.59522853703583,-4.49673070968923));
#1434=CARTESIAN_POINT('Ctrl Pts',(2.35430346242985,-8.46374483471432,-6.62461202360172));
#1435=CARTESIAN_POINT('Ctrl Pts',(-1.07752650340981,-8.34540950262496,-6.94928635013105));
#1436=CARTESIAN_POINT('Ctrl Pts',(-4.25513129267393,-8.22707417053561,-5.59948191399582));
#1437=CARTESIAN_POINT('Ctrl Pts',(-5.95591820647143,-8.13339203263154,-3.46309411981646));
#1438=CARTESIAN_POINT('Ctrl Pts',(-6.86826448220443,-8.03477925589041,-0.817518016609744));
#1439=CARTESIAN_POINT('Ctrl Pts',(-6.74547668496427,-7.91644392380106,2.66049251989033));
#1440=CARTESIAN_POINT('Ctrl Pts',(-3.60806128578515,-7.75373284217819,6.466564585193));
#1441=CARTESIAN_POINT('Ctrl Pts',(0.383898936503704,-7.62060559357769,7.01493119859625));
#1442=CARTESIAN_POINT('Ctrl Pts',(3.56674254736856,-7.5022702614883,5.92630654074768));
#1443=CARTESIAN_POINT('Ctrl Pts',(5.48371264632801,-7.41680585497935,4.31647661471543));
#1444=CARTESIAN_POINT('Ctrl Pts',(6.95772924318896,-7.29353988405292,1.09550877012902));
#1445=CARTESIAN_POINT('Ctrl Pts',(6.71889475956902,-7.17520455196359,-2.42081576537259));
#1446=CARTESIAN_POINT('Ctrl Pts',(4.4012035053217,-7.04372084964206,-5.48291879096379));
#1447=CARTESIAN_POINT('Ctrl Pts',(1.2656041317902,-6.92538551755273,-6.9176188844377));
#1448=CARTESIAN_POINT('Ctrl Pts',(-2.17329116018566,-6.80705018546336,-6.68530401770607));
#1449=CARTESIAN_POINT('Ctrl Pts',(-5.59064818697658,-6.66899229802578,-4.54316821969463));
#1450=CARTESIAN_POINT('Ctrl Pts',(-6.89154650029601,-6.55558760477349,-1.37325648141011));
#1451=CARTESIAN_POINT('Ctrl Pts',(-6.62523994785803,-6.43725227268413,1.97947617143233));
#1452=CARTESIAN_POINT('Ctrl Pts',(-5.13469516442723,-6.31891694059477,5.11987534602041));
#1453=CARTESIAN_POINT('Ctrl Pts',(-0.741367932694674,-6.15620585897191,
7.36905585049862));
#1454=CARTESIAN_POINT('Ctrl Pts',(3.14030978525304,-6.02307861037139,6.28461312610788));
#1455=CARTESIAN_POINT('Ctrl Pts',(5.6243133927499,-5.90474327828203,4.02222539660691));
#1456=CARTESIAN_POINT('Ctrl Pts',(7.19342140084868,-5.78640794619267,0.919451120291851));
#1457=CARTESIAN_POINT('Ctrl Pts',(6.27605867788671,-5.62369686456982,-3.93015958614221));
#1458=CARTESIAN_POINT('Ctrl Pts',(3.04178546971648,-5.49056961596929,-6.3329392257441));
#1459=CARTESIAN_POINT('Ctrl Pts',(-0.270646658033763,-5.37223428387994,
-6.91059498816698));
#1460=CARTESIAN_POINT('Ctrl Pts',(-1.97353324083344,-5.31306661783526,-6.57513958111815));
#1461=CARTESIAN_POINT('Ctrl Pts',(-3.08899499051035,-5.26869086830175,-6.00095501598924));
#1462=CARTESIAN_POINT('Ctrl Pts',(-2.1877163319924,-15.104429279693,6.57582664485539));
#1463=CARTESIAN_POINT('Ctrl Pts',(-0.557957275817668,-15.0452616136483,
7.1180323188586));
#1464=CARTESIAN_POINT('Ctrl Pts',(3.11401485235396,-14.926926281559,6.9359116489845));
#1465=CARTESIAN_POINT('Ctrl Pts',(6.98836272129688,-14.7494232834249,2.99422366100257));
#1466=CARTESIAN_POINT('Ctrl Pts',(7.17025421593254,-14.571920285291,-2.52560608826318));
#1467=CARTESIAN_POINT('Ctrl Pts',(3.56901937022278,-14.3944172871569,-6.71233625125354));
#1468=CARTESIAN_POINT('Ctrl Pts',(-1.91625690298858,-14.2169142890229,-7.35695244829017));
#1469=CARTESIAN_POINT('Ctrl Pts',(-6.39001338837936,-14.0394112908888,-4.11837328004641));
#1470=CARTESIAN_POINT('Ctrl Pts',(-7.49189520610273,-13.8619082927548,1.29571639651485));
#1471=CARTESIAN_POINT('Ctrl Pts',(-4.74287522762882,-13.6909794797368,5.84558633845652));
#1472=CARTESIAN_POINT('Ctrl Pts',(0.0362655922475791,-13.526624851835,7.45392429395281));
#1473=CARTESIAN_POINT('Ctrl Pts',(4.60516568954318,-13.3688444090491,5.86450835358068));
#1474=CARTESIAN_POINT('Ctrl Pts',(7.01263085483373,-13.2242123364955,2.14089150446992));
#1475=CARTESIAN_POINT('Ctrl Pts',(6.99106729966968,-13.092728634174,-1.79682382140519));
#1476=CARTESIAN_POINT('Ctrl Pts',(5.29849994783266,-12.9743933020847,-4.90645378753955));
#1477=CARTESIAN_POINT('Ctrl Pts',(2.32548164258756,-12.8560579699953,-6.83551152951999));
#1478=CARTESIAN_POINT('Ctrl Pts',(-1.20482415823632,-12.7377226379059,-7.11912822611667));
#1479=CARTESIAN_POINT('Ctrl Pts',(-4.44634834748296,-12.6193873058166,-5.68918554044141));
#1480=CARTESIAN_POINT('Ctrl Pts',(-6.61684544833111,-12.5010519737272,-2.88964787210641));
#1481=CARTESIAN_POINT('Ctrl Pts',(-7.19521398306851,-12.3827166416379,0.605285042683975));
#1482=CARTESIAN_POINT('Ctrl Pts',(-6.04082861660443,-12.2643813095485,3.95479667666237));
#1483=CARTESIAN_POINT('Ctrl Pts',(-3.43368432616344,-12.1460459774592,6.35183405959396));
#1484=CARTESIAN_POINT('Ctrl Pts',(0.00249474001154087,-12.0277106453698,
7.22090420111847));
#1485=CARTESIAN_POINT('Ctrl Pts',(3.43326148951837,-11.9093753132805,6.34992012833539));
#1486=CARTESIAN_POINT('Ctrl Pts',(6.33651406370222,-11.7778916109589,3.68765986813669));
#1487=CARTESIAN_POINT('Ctrl Pts',(7.43190939514504,-11.6332595384053,-0.606334377876631));
#1488=CARTESIAN_POINT('Ctrl Pts',(5.49220214384568,-11.4754790956195,-5.04369630042817));
#1489=CARTESIAN_POINT('Ctrl Pts',(1.59640234849723,-11.3308470230658,-7.15540230642413));
#1490=CARTESIAN_POINT('Ctrl Pts',(-2.32914734235306,-11.1993633207443,-6.8330136747655));
#1491=CARTESIAN_POINT('Ctrl Pts',(-5.29881684277494,-11.081027988655,-4.9056172072391));
#1492=CARTESIAN_POINT('Ctrl Pts',(-6.99423628041328,-10.9626926565656,-1.79300733843336));
#1493=CARTESIAN_POINT('Ctrl Pts',(-7.00554318627534,-10.8443573244763,1.74775214909533));
#1494=CARTESIAN_POINT('Ctrl Pts',(-5.33037908236591,-10.7260219923869,4.87180278310567));
#1495=CARTESIAN_POINT('Ctrl Pts',(-2.86602536291315,-10.6274092156458,6.49209679272873));
#1496=CARTESIAN_POINT('Ctrl Pts',(-0.23115385032119,-10.5353706240207,7.05660837423165));
#1497=CARTESIAN_POINT('Ctrl Pts',(2.08845322513359,-10.4564804026278,6.77652471811837));
#1498=CARTESIAN_POINT('Ctrl Pts',(4.99487101929336,-10.3447192556545,5.22893500795393));
#1499=CARTESIAN_POINT('Ctrl Pts',(7.21789182282727,-10.2132355533331,1.87208302309819));
#1500=CARTESIAN_POINT('Ctrl Pts',(6.84453125624482,-10.0554551105472,-2.95766766068346));
#1501=CARTESIAN_POINT('Ctrl Pts',(3.86038816671411,-9.91082303799358,-6.23294086234798));
#1502=CARTESIAN_POINT('Ctrl Pts',(0.0465474413722046,-9.77933933567207,
-7.21870567825351));
#1503=CARTESIAN_POINT('Ctrl Pts',(-3.3913341875555,-9.66100400358273,-6.37485070811051));
#1504=CARTESIAN_POINT('Ctrl Pts',(-6.01591507325532,-9.54266867149336,-3.99323946741388));
#1505=CARTESIAN_POINT('Ctrl Pts',(-7.19068857972716,-9.42433333940402,-0.651759612481662));
#1506=CARTESIAN_POINT('Ctrl Pts',(-6.63579430874262,-9.30599800731465,2.84666991356325));
#1507=CARTESIAN_POINT('Ctrl Pts',(-4.48230954099757,-9.1876626752253,5.66106470166952));
#1508=CARTESIAN_POINT('Ctrl Pts',(-1.25185899207347,-9.06932734313594,7.10977147721349));
#1509=CARTESIAN_POINT('Ctrl Pts',(2.6764203039858,-8.93784364081444,6.82481400057475));
#1510=CARTESIAN_POINT('Ctrl Pts',(6.20196532695531,-8.79321156826078,4.1403946835974));
#1511=CARTESIAN_POINT('Ctrl Pts',(7.43611193978272,-8.63543112547498,-0.542622098023525));
#1512=CARTESIAN_POINT('Ctrl Pts',(5.69515825808483,-8.49079905292132,-4.61736807158342));
#1513=CARTESIAN_POINT('Ctrl Pts',(2.41723877265767,-8.35931535059982,-6.8021981089231));
#1514=CARTESIAN_POINT('Ctrl Pts',(-1.1065671409541,-8.24098001851046,-7.13549205475828));
#1515=CARTESIAN_POINT('Ctrl Pts',(-4.36929537719984,-8.12264468642112,-5.74943955343451));
#1516=CARTESIAN_POINT('Ctrl Pts',(-6.11561046354296,-8.02896254851703,-3.55575929808205));
#1517=CARTESIAN_POINT('Ctrl Pts',(-7.05234375226208,-7.93034977177592,-0.839263851177255));
#1518=CARTESIAN_POINT('Ctrl Pts',(-6.92618311971068,-7.81201443968654,2.73194962066357));
#1519=CARTESIAN_POINT('Ctrl Pts',(-3.70459929986404,-7.64930335806372,6.63994488435381));
#1520=CARTESIAN_POINT('Ctrl Pts',(0.394352874072855,-7.51617610946315,7.20291250576463));
#1521=CARTESIAN_POINT('Ctrl Pts',(3.66246650485813,-7.39784077737382,6.08503891317436));
#1522=CARTESIAN_POINT('Ctrl Pts',(5.6307706436024,-7.31237637086483,4.43202242870747));
#1523=CARTESIAN_POINT('Ctrl Pts',(7.14421262190057,-7.18911039993843,1.12470225306588));
#1524=CARTESIAN_POINT('Ctrl Pts',(6.89889450667028,-7.07077506784908,-2.48584923380441));
#1525=CARTESIAN_POINT('Ctrl Pts',(4.51901990083818,-6.93929136552756,-5.62995751877108));
#1526=CARTESIAN_POINT('Ctrl Pts',(1.29935688266825,-6.82095603343822,-7.10303138595224));
#1527=CARTESIAN_POINT('Ctrl Pts',(-2.23169051899738,-6.70262070134885,-6.86440943642467));
#1528=CARTESIAN_POINT('Ctrl Pts',(-5.7405772716376,-6.56456281391129,-4.66478652291728));
#1529=CARTESIAN_POINT('Ctrl Pts',(-7.07626284541901,-6.45115812065897,-1.40989478230612));
#1530=CARTESIAN_POINT('Ctrl Pts',(-6.80274031896335,-6.33282278856964,2.03268013717711));
#1531=CARTESIAN_POINT('Ctrl Pts',(-5.27217670526053,-6.21448745648026,5.25720237004543));
#1532=CARTESIAN_POINT('Ctrl Pts',(-0.761061201793418,-6.05177637485742,
7.56655383030911));
#1533=CARTESIAN_POINT('Ctrl Pts',(3.22461441628371,-5.91864912625688,6.45295770608358));
#1534=CARTESIAN_POINT('Ctrl Pts',(5.77513233201078,-5.80031379416753,4.12988236082457));
#1535=CARTESIAN_POINT('Ctrl Pts',(7.38621683552673,-5.68197846207818,0.94392092656041));
#1536=CARTESIAN_POINT('Ctrl Pts',(6.44415532190862,-5.51926738045531,-4.03563088981839));
#1537=CARTESIAN_POINT('Ctrl Pts',(3.12315124193742,-5.38614013185479,-6.50272515269368));
#1538=CARTESIAN_POINT('Ctrl Pts',(-0.278063123463446,-5.26780479976544,
-7.0957829097238));
#1539=CARTESIAN_POINT('Ctrl Pts',(-2.02657675894938,-5.20863713372076,-6.75129747288864));
#1540=CARTESIAN_POINT('Ctrl Pts',(-3.17191774481043,-5.16426138418725,-6.16169916764954));
#1541=CARTESIAN_POINT('Ctrl Pts',(-2.24467160642407,-14.9999999999999,6.74749785401634));
#1542=CARTESIAN_POINT('Ctrl Pts',(-0.572365395852487,-14.9408323339552,
7.30381937487199));
#1543=CARTESIAN_POINT('Ctrl Pts',(3.19543833767231,-14.8224970018659,7.11686599789691));
#1544=CARTESIAN_POINT('Ctrl Pts',(7.170818256279,-14.6449940037318,3.07221920172934));
#1545=CARTESIAN_POINT('Ctrl Pts',(7.35733745827028,-14.4674910055978,-2.59167764724126));
#1546=CARTESIAN_POINT('Ctrl Pts',(3.66202259856501,-14.2899880074638,-6.88760016075923));
#1547=CARTESIAN_POINT('Ctrl Pts',(-1.96642897602426,-14.1124850093297,-7.54892155935262));
#1548=CARTESIAN_POINT('Ctrl Pts',(-6.55687682224819,-13.9349820111957,-4.22572118719331));
#1549=CARTESIAN_POINT('Ctrl Pts',(-7.6873996519291,-13.7574790130617,1.32969577822106));
#1550=CARTESIAN_POINT('Ctrl Pts',(-4.86653392619762,-13.5865502000437,5.99825418131469));
#1551=CARTESIAN_POINT('Ctrl Pts',(0.0373734882734922,-13.4221955721418,
7.64846499903408));
#1552=CARTESIAN_POINT('Ctrl Pts',(4.72548382679893,-13.264415129356,6.01746764156765));
#1553=CARTESIAN_POINT('Ctrl Pts',(7.1957012922818,-13.1197830568024,2.19661523031454));
#1554=CARTESIAN_POINT('Ctrl Pts',(7.17348968579632,-12.9882993544808,-1.84387086377227));
#1555=CARTESIAN_POINT('Ctrl Pts',(5.43668034360349,-12.8699640223915,-5.0346230492615));
#1556=CARTESIAN_POINT('Ctrl Pts',(2.38602685913943,-12.7516286903021,-7.01396329019356));
#1557=CARTESIAN_POINT('Ctrl Pts',(-1.23642325358794,-12.6332933582128,-7.30490571854367));
#1558=CARTESIAN_POINT('Ctrl Pts',(-4.56251768241449,-12.5149580261234,-5.83757248131369));
#1559=CARTESIAN_POINT('Ctrl Pts',(-6.78960241392153,-12.3966226940341,-2.96492211273123));
#1560=CARTESIAN_POINT('Ctrl Pts',(-7.38299023439688,-12.2782873619447,0.621238291810897));
#1561=CARTESIAN_POINT('Ctrl Pts',(-6.19840380498882,-12.1599520298554,4.05814451809426));
#1562=CARTESIAN_POINT('Ctrl Pts',(-3.52316322313462,-12.041616697766,6.51768621845329));
#1563=CARTESIAN_POINT('Ctrl Pts',(0.00271619825039043,-11.9232813656767,
7.4093639982981));
#1564=CARTESIAN_POINT('Ctrl Pts',(3.5230043704065,-11.8049460335873,6.51557365153378));
#1565=CARTESIAN_POINT('Ctrl Pts',(6.50197188181947,-11.6734623312658,3.7837676563103));
#1566=CARTESIAN_POINT('Ctrl Pts',(7.62586318573859,-11.5288302587122,-0.622320138778786));
#1567=CARTESIAN_POINT('Ctrl Pts',(5.63543504092865,-11.3710498159263,-5.17545167623911));
#1568=CARTESIAN_POINT('Ctrl Pts',(1.63791224967557,-11.2264177433727,-7.34218717585408));
#1569=CARTESIAN_POINT('Ctrl Pts',(-2.39008418287992,-11.0949340410512,-7.01129946135533));
#1570=CARTESIAN_POINT('Ctrl Pts',(-5.43721796076514,-10.9765987089619,-5.03353518052204));
#1571=CARTESIAN_POINT('Ctrl Pts',(-7.17681910185987,-10.8582633768725,-1.83965196293523));
#1572=CARTESIAN_POINT('Ctrl Pts',(-7.18834444378595,-10.7399280447831,1.7935187735363));
#1573=CARTESIAN_POINT('Ctrl Pts',(-5.46939224841786,-10.6215927126938,4.99906837087928));
#1574=CARTESIAN_POINT('Ctrl Pts',(-2.94068577594747,-10.5229799359527,6.66159740685752));
#1575=CARTESIAN_POINT('Ctrl Pts',(-0.237033991601338,-10.4309413443276,
7.2407852400746));
#1576=CARTESIAN_POINT('Ctrl Pts',(2.14310691758883,-10.3520511229347,6.95334139895319));
#1577=CARTESIAN_POINT('Ctrl Pts',(5.12534639393773,-10.2402899759614,5.36529789989401));
#1578=CARTESIAN_POINT('Ctrl Pts',(7.40631358781493,-10.1088062736399,1.92078661709539));
#1579=CARTESIAN_POINT('Ctrl Pts',(7.02310403371777,-9.9510258308541,-3.03500863031676));
#1580=CARTESIAN_POINT('Ctrl Pts',(3.96100626840775,-9.80639375830045,-6.39569924242029));
#1581=CARTESIAN_POINT('Ctrl Pts',(0.0476059926313617,-9.67491005597894,
-7.40710915767526));
#1582=CARTESIAN_POINT('Ctrl Pts',(-3.47998333892279,-9.55657472388959,-6.54115580728309));
#1583=CARTESIAN_POINT('Ctrl Pts',(-6.17301212945817,-9.43823939180023,-4.09732958151537));
#1584=CARTESIAN_POINT('Ctrl Pts',(-7.37837393929613,-9.31990405971089,-0.668614326151131));
#1585=CARTESIAN_POINT('Ctrl Pts',(-6.80892162126045,-9.20156872762151,2.92110941090189));
#1586=CARTESIAN_POINT('Ctrl Pts',(-4.59917167795946,-9.08323339553218,5.80891103506053));
#1587=CARTESIAN_POINT('Ctrl Pts',(-1.28437757379529,-8.96489806344281,7.2953579582331));
#1588=CARTESIAN_POINT('Ctrl Pts',(2.74642051459145,-8.83341436112132,7.00287826276439));
#1589=CARTESIAN_POINT('Ctrl Pts',(6.36392133308506,-8.68878228856764,4.24832140335353));
#1590=CARTESIAN_POINT('Ctrl Pts',(7.63017679280998,-8.53100184578186,-0.556945110080926));
#1591=CARTESIAN_POINT('Ctrl Pts',(5.84369737906764,-8.38636977322819,-4.73800101448017));
#1592=CARTESIAN_POINT('Ctrl Pts',(2.48017949875688,-8.2548860709067,-6.97978240290369));
#1593=CARTESIAN_POINT('Ctrl Pts',(-1.13560216086086,-8.13655073881733,-7.32169875728928));
#1594=CARTESIAN_POINT('Ctrl Pts',(-4.48345499529825,-8.01821540672799,-5.89940074453486));
#1595=CARTESIAN_POINT('Ctrl Pts',(-6.27530001820084,-7.92453326882391,-3.64842936949874));
#1596=CARTESIAN_POINT('Ctrl Pts',(-7.23642248153222,-7.82592049208278,-0.861015271681566));
#1597=CARTESIAN_POINT('Ctrl Pts',(-7.10689183303936,-7.70758515999344,2.80340129729562));
#1598=CARTESIAN_POINT('Ctrl Pts',(-3.8011426238386,-7.54487407837055,6.81332237203259));
#1599=CARTESIAN_POINT('Ctrl Pts',(0.404801128264414,-7.41174682977005,7.3908942498114));
#1600=CARTESIAN_POINT('Ctrl Pts',(3.75818571872564,-7.29341149768067,6.24377428449209));
#1601=CARTESIAN_POINT('Ctrl Pts',(5.77782523724878,-7.20794709117171,4.54757276797423));
#1602=CARTESIAN_POINT('Ctrl Pts',(7.33069523649835,-7.08468112024529,1.15390139943838));
#1603=CARTESIAN_POINT('Ctrl Pts',(7.0788963369723,-6.96634578815595,-2.55087729517656));
#1604=CARTESIAN_POINT('Ctrl Pts',(4.63684082271874,-6.83486208583443,-5.77699277447096));
#1605=CARTESIAN_POINT('Ctrl Pts',(1.33311526734963,-6.71652675374509,-7.2884429841377));
#1606=CARTESIAN_POINT('Ctrl Pts',(-2.29008449367368,-6.59819142165573,-7.04351673747099));
#1607=CARTESIAN_POINT('Ctrl Pts',(-5.89050277075739,-6.46013353421815,-4.78640944221559));
#1608=CARTESIAN_POINT('Ctrl Pts',(-7.26097819985259,-6.34672884096585,-1.44653869790496));
#1609=CARTESIAN_POINT('Ctrl Pts',(-6.9802424139141,-6.2283935088765,2.08587876403152));
#1610=CARTESIAN_POINT('Ctrl Pts',(-5.40966249075724,-6.11005817678713,5.39452532028886));
#1611=CARTESIAN_POINT('Ctrl Pts',(-0.780760461802386,-5.94734709516429,
7.76405134031546));
#1612=CARTESIAN_POINT('Ctrl Pts',(3.3089140056656,-5.81421984656376,6.6213049456853));
#1613=CARTESIAN_POINT('Ctrl Pts',(5.92594810884458,-5.6958845144744,4.23754395911685));
#1614=CARTESIAN_POINT('Ctrl Pts',(7.57901165265751,-5.57754918238504,0.968396584055281));
#1615=CARTESIAN_POINT('Ctrl Pts',(6.61225526619448,-5.41483810076219,-4.14109717231855));
#1616=CARTESIAN_POINT('Ctrl Pts',(3.20452220538164,-5.28171085216165,-6.67250872582959));
#1617=CARTESIAN_POINT('Ctrl Pts',(-0.285473987793416,-5.16337552007231,
-7.28097117357057));
#1618=CARTESIAN_POINT('Ctrl Pts',(-2.07961497935048,-5.10420785402763,-6.92745708413806));
#1619=CARTESIAN_POINT('Ctrl Pts',(-3.25483568639493,-5.05983210449412,-6.32244593216988));
#1620=CARTESIAN_POINT('',(-2.24467160642401,-15.,6.74749785401616));
#1621=CARTESIAN_POINT('Ctrl Pts',(-2.24572881941804,-15.000025865285,6.75065770633194));
#1622=CARTESIAN_POINT('Ctrl Pts',(-2.15220364829077,-14.9967113334991,6.78197617365421));
#1623=CARTESIAN_POINT('Ctrl Pts',(-0.371107953205233,-14.9340331376196,
7.3360242021384));
#1624=CARTESIAN_POINT('Ctrl Pts',(3.50925361067757,-14.8119900433904,6.97135087547745));
#1625=CARTESIAN_POINT('Ctrl Pts',(7.30996279187277,-14.6338989763915,2.73850701518289));
#1626=CARTESIAN_POINT('Ctrl Pts',(7.22606753279416,-14.4558069758631,-2.95017964113005));
#1627=CARTESIAN_POINT('Ctrl Pts',(3.30614907199287,-14.2777155830739,-7.0710178624595));
#1628=CARTESIAN_POINT('Ctrl Pts',(-2.37353731239214,-14.0996236036371,-7.43672816584502));
#1629=CARTESIAN_POINT('Ctrl Pts',(-6.62211347367122,-13.9281284725081,-3.98415899521942));
#1630=CARTESIAN_POINT('Ctrl Pts',(-7.57000672265645,-13.7632285606609,1.1224011769753));
#1631=CARTESIAN_POINT('Ctrl Pts',(-5.27675702782374,-13.6049250733074,5.54437374807522));
#1632=CARTESIAN_POINT('Ctrl Pts',(-1.12315215718752,-13.4598124974088,7.44262714482203));
#1633=CARTESIAN_POINT('Ctrl Pts',(2.88446177169202,-13.3278935646305,6.82391961518848));
#1634=CARTESIAN_POINT('Ctrl Pts',(5.79193917490891,-13.209165055075,4.62488896480083));
#1635=CARTESIAN_POINT('Ctrl Pts',(7.2958069826171,-13.0904380944035,1.2997661804221));
#1636=CARTESIAN_POINT('Ctrl Pts',(7.03249478728413,-12.9717099006418,-2.33760144864959));
#1637=CARTESIAN_POINT('Ctrl Pts',(5.06523202674826,-12.8529821679009,-5.40988503273237));
#1638=CARTESIAN_POINT('Ctrl Pts',(1.87077434372485,-12.7342543879266,-7.17083339600997));
#1639=CARTESIAN_POINT('Ctrl Pts',(-1.77692472941564,-12.6155266123526,-7.19478014325157));
#1640=CARTESIAN_POINT('Ctrl Pts',(-4.99410865872602,-12.4967988419269,-5.47542947702769));
#1641=CARTESIAN_POINT('Ctrl Pts',(-7.00135710598788,-12.378071095869,-2.42960500543992));
#1642=CARTESIAN_POINT('Ctrl Pts',(-7.31229645599822,-12.259343240561,1.20493046979309));
#1643=CARTESIAN_POINT('Ctrl Pts',(-5.85170963465362,-12.1406155631646,4.54745527556419));
#1644=CARTESIAN_POINT('Ctrl Pts',(-2.97325061827755,-12.0218877692285,6.78836339204365));
#1645=CARTESIAN_POINT('Ctrl Pts',(0.625291727980046,-11.9031598632541,7.38438462840776));
#1646=CARTESIAN_POINT('Ctrl Pts',(4.07286547829009,-11.7844324562416,6.19175698317391));
#1647=CARTESIAN_POINT('Ctrl Pts',(6.53292017656092,-11.6657044702633,3.49853638683943));
#1648=CARTESIAN_POINT('Ctrl Pts',(7.4108675937164,-11.5469765899589,-0.0420239008893135));
#1649=CARTESIAN_POINT('Ctrl Pts',(6.49283361619892,-11.4282490259852,-3.57245852305083));
#1650=CARTESIAN_POINT('Ctrl Pts',(4.00230704092682,-11.3095207443954,-6.23750000962239));
#1651=CARTESIAN_POINT('Ctrl Pts',(0.541591603401056,-11.1907934629662,-7.39113587526314));
#1652=CARTESIAN_POINT('Ctrl Pts',(-3.05030173436091,-11.0720656058519,-6.75392714281916));
#1653=CARTESIAN_POINT('Ctrl Pts',(-5.90246188090999,-10.9533375513451,-4.48131556890712));
#1654=CARTESIAN_POINT('Ctrl Pts',(-7.32639945116264,-10.834610461447,-1.12083092434056));
#1655=CARTESIAN_POINT('Ctrl Pts',(-6.97216620068462,-10.715881737501,2.50704661389575));
#1656=CARTESIAN_POINT('Ctrl Pts',(-4.7074497853835,-10.5839627976249,5.87216875283624));
#1657=CARTESIAN_POINT('Ctrl Pts',(-0.499294784255733,-10.4388508519403,
7.63770241472177));
#1658=CARTESIAN_POINT('Ctrl Pts',(4.31237718545784,-10.2805469020261,6.32540028726489));
#1659=CARTESIAN_POINT('Ctrl Pts',(7.03746783206674,-10.1354353701517,2.6644381984566));
#1660=CARTESIAN_POINT('Ctrl Pts',(7.27919062873276,-10.003515637436,-1.38383992916341));
#1661=CARTESIAN_POINT('Ctrl Pts',(5.73966868347293,-9.88478777867504,-4.68853152456871));
#1662=CARTESIAN_POINT('Ctrl Pts',(2.80643975500203,-9.76606009541084,-6.85913793818792));
#1663=CARTESIAN_POINT('Ctrl Pts',(-0.805470310340805,-9.64733221421888,
-7.36676178062302));
#1664=CARTESIAN_POINT('Ctrl Pts',(-4.22225315298695,-9.52860452091199,-6.09068053544147));
#1665=CARTESIAN_POINT('Ctrl Pts',(-6.61727734556701,-9.4098768081155,-3.33741663744017));
#1666=CARTESIAN_POINT('Ctrl Pts',(-7.40609436030243,-9.29114871064425,0.221639004697918));
#1667=CARTESIAN_POINT('Ctrl Pts',(-6.2957702900705,-9.15922981834234,4.12254205094499));
#1668=CARTESIAN_POINT('Ctrl Pts',(-2.84287145882247,-9.01411712041744,7.10680193886746));
#1669=CARTESIAN_POINT('Ctrl Pts',(2.13829667671792,-8.85581418731834,7.35041286123552));
#1670=CARTESIAN_POINT('Ctrl Pts',(5.86496888964139,-8.71070152987047,4.71532584775707));
#1671=CARTESIAN_POINT('Ctrl Pts',(7.34919438561244,-8.57878261465823,0.942337224624088));
#1672=CARTESIAN_POINT('Ctrl Pts',(6.91121476318695,-8.46005465847973,-2.67965421521817));
#1673=CARTESIAN_POINT('Ctrl Pts',(4.79437156430794,-8.34132662274831,-5.64642809907166));
#1674=CARTESIAN_POINT('Ctrl Pts',(0.973190636511265,-8.2028111463109,-7.5308376420994));
#1675=CARTESIAN_POINT('Ctrl Pts',(-4.0086270595827,-8.04450724642681,-6.69963421349369));
#1676=CARTESIAN_POINT('Ctrl Pts',(-7.49179685713501,-7.86641577337089,-2.19286984504976));
#1677=CARTESIAN_POINT('Ctrl Pts',(-7.07318665783201,-7.71800579027191,2.52258957079036));
#1678=CARTESIAN_POINT('Ctrl Pts',(-5.15951686516813,-7.61411941296885,5.02925690784918));
#1679=CARTESIAN_POINT('Ctrl Pts',(-3.74198676967001,-7.55475492810957,6.09542305538865));
#1680=CARTESIAN_POINT('Ctrl Pts',(-1.88276869888795,-7.48549819306468,7.01208965665985));
#1681=CARTESIAN_POINT('Ctrl Pts',(0.984673109574864,-7.39150418584587,7.34549068871076));
#1682=CARTESIAN_POINT('Ctrl Pts',(4.37017381196952,-7.27277688236645,5.98522453423621));
#1683=CARTESIAN_POINT('Ctrl Pts',(6.6958985039675,-7.15404907290842,3.17598845803455));
#1684=CARTESIAN_POINT('Ctrl Pts',(7.40007796745362,-7.03532096808364,-0.404729497990883));
#1685=CARTESIAN_POINT('Ctrl Pts',(6.31108160581222,-6.91659368702537,-3.88273326034911));
#1686=CARTESIAN_POINT('Ctrl Pts',(3.58329418442277,-6.79291856920709,-6.53596537080236));
#1687=CARTESIAN_POINT('Ctrl Pts',(0.610962075741583,-6.69397915993209,-7.262671665897));
#1688=CARTESIAN_POINT('Ctrl Pts',(-2.91425719413677,-6.57525082998371,-6.80574997696388));
#1689=CARTESIAN_POINT('Ctrl Pts',(-6.43867900632005,-6.44168246885361,-4.41427163965145));
#1690=CARTESIAN_POINT('Ctrl Pts',(-7.72405402544771,-6.26359081810151,1.13549816232943));
#1691=CARTESIAN_POINT('Ctrl Pts',(-5.60788611481731,-6.13002167046238,4.83416741407594));
#1692=CARTESIAN_POINT('Ctrl Pts',(-2.64319568064117,-6.0112945113827,6.79020700532053));
#1693=CARTESIAN_POINT('Ctrl Pts',(0.94759975466263,-5.89256622641893,7.5853121683141));
#1694=CARTESIAN_POINT('Ctrl Pts',(5.67050478279699,-5.72931571545391,5.36601970443163));
#1695=CARTESIAN_POINT('Ctrl Pts',(7.26745501871453,-5.59574727355189,1.41490393374029));
#1696=CARTESIAN_POINT('Ctrl Pts',(6.97046220835646,-5.4770185655616,-2.12692950848229));
#1697=CARTESIAN_POINT('Ctrl Pts',(6.1688425731221,-5.41765698851249,-3.77776903113269));
#1698=CARTESIAN_POINT('Ctrl Pts',(5.28060633031436,-5.37313293839372,-4.76261217137012));
#1699=CARTESIAN_POINT('',(5.49528198466247,-15.,3.59811218718151));
#1700=CARTESIAN_POINT('Ctrl Pts',(-2.24467160642401,-15.,6.74749785401616));
#1701=CARTESIAN_POINT('Ctrl Pts',(-2.05917240980373,-15.0000000000099,6.7974542595856));
#1702=CARTESIAN_POINT('Ctrl Pts',(-1.87163550488084,-15.0000000000066,6.83954014711593));
#1703=CARTESIAN_POINT('Ctrl Pts',(-1.68254446726728,-14.9999999999918,6.87381006892089));
#1704=CARTESIAN_POINT('Ctrl Pts',(-1.49339349482723,-14.9999999999771,6.90809085301652));
#1705=CARTESIAN_POINT('Ctrl Pts',(-1.30268666229573,-14.9999999999508,6.93455060877033));
#1706=CARTESIAN_POINT('Ctrl Pts',(-1.11091243257407,-14.999999999921,6.95319232139035));
#1707=CARTESIAN_POINT('Ctrl Pts',(-0.986746831663744,-14.9999999999017,
6.96526203197045));
#1708=CARTESIAN_POINT('Ctrl Pts',(-0.862133894873465,-14.999999999881,6.97405337030719));
#1709=CARTESIAN_POINT('Ctrl Pts',(-0.737209411550976,-14.9999999998627,
6.97955591969892));
#1710=CARTESIAN_POINT('Ctrl Pts',(-0.548361428304457,-14.999999999835,6.98787410783712));
#1711=CARTESIAN_POINT('Ctrl Pts',(-0.359550937611102,-14.9999999998181,
6.98864641651982));
#1712=CARTESIAN_POINT('Ctrl Pts',(-0.171237222505017,-14.9999999998012,
6.98197558155344));
#1713=CARTESIAN_POINT('Ctrl Pts',(0.0183045451432289,-14.9999999997841,
6.9752612439891));
#1714=CARTESIAN_POINT('Ctrl Pts',(0.207343770217978,-14.999999999767,6.96100628397661));
#1715=CARTESIAN_POINT('Ctrl Pts',(0.395410190581514,-14.9999999997452,6.93926305740822));
#1716=CARTESIAN_POINT('Ctrl Pts',(0.582421371640617,-14.9999999997235,6.91764183192453));
#1717=CARTESIAN_POINT('Ctrl Pts',(0.768471333985672,-14.999999999697,6.88861596512906));
#1718=CARTESIAN_POINT('Ctrl Pts',(0.953085062382976,-14.9999999996678,6.8521873661433));
#1719=CARTESIAN_POINT('Ctrl Pts',(1.13403811236485,-14.9999999996391,6.81648110447866));
#1720=CARTESIAN_POINT('Ctrl Pts',(1.31361190273962,-14.9999999996078,6.77366252024065));
#1721=CARTESIAN_POINT('Ctrl Pts',(1.49133759128587,-14.9999999995821,6.72368897634666));
#1722=CARTESIAN_POINT('Ctrl Pts',(1.63431150609497,-14.9999999995615,6.68348706031611));
#1723=CARTESIAN_POINT('Ctrl Pts',(1.77608912432555,-14.9999999995446,6.63865386895987));
#1724=CARTESIAN_POINT('Ctrl Pts',(1.91641210798982,-14.999999999539,6.58914719633768));
#1725=CARTESIAN_POINT('Ctrl Pts',(2.09096993865951,-14.999999999532,6.52756229305997));
#1726=CARTESIAN_POINT('Ctrl Pts',(2.26258141294489,-14.9999999995437,6.4589922677901));
#1727=CARTESIAN_POINT('Ctrl Pts',(2.43080954810485,-14.9999999995597,6.38347717608428));
#1728=CARTESIAN_POINT('Ctrl Pts',(2.55227679857145,-14.9999999995713,6.3289523455646));
#1729=CARTESIAN_POINT('Ctrl Pts',(2.67197996207983,-14.9999999995853,6.27080573362667));
#1730=CARTESIAN_POINT('Ctrl Pts',(2.78974768311439,-14.9999999995987,6.20903693891021));
#1731=CARTESIAN_POINT('Ctrl Pts',(2.95357653472947,-14.9999999996172,6.12310922786048));
#1732=CARTESIAN_POINT('Ctrl Pts',(3.11366142388621,-14.9999999996342,6.03017329475546));
#1733=CARTESIAN_POINT('Ctrl Pts',(3.26969093840817,-14.9999999996475,5.93061301874222));
#1734=CARTESIAN_POINT('Ctrl Pts',(3.42732208001506,-14.9999999996609,5.83003076662957));
#1735=CARTESIAN_POINT('Ctrl Pts',(3.58081472211426,-14.9999999996706,5.72268691341166));
#1736=CARTESIAN_POINT('Ctrl Pts',(3.72980993880258,-14.9999999996824,5.6089393264281));
#1737=CARTESIAN_POINT('Ctrl Pts',(3.8788051554909,-14.9999999996941,5.49519173944454));
#1738=CARTESIAN_POINT('Ctrl Pts',(4.0233034542818,-14.999999999708,5.37503979202946));
#1739=CARTESIAN_POINT('Ctrl Pts',(4.16290034729829,-14.9999999997385,5.24881264950193));
#1740=CARTESIAN_POINT('Ctrl Pts',(4.29892852114089,-14.9999999997681,5.12581243569803));
#1741=CARTESIAN_POINT('Ctrl Pts',(4.4297535199867,-14.9999999998158,4.99754082531925));
#1742=CARTESIAN_POINT('Ctrl Pts',(4.55509666442766,-14.9999999998626,4.86438960509765));
#1743=CARTESIAN_POINT('Ctrl Pts',(4.68063235693418,-14.9999999999094,4.73103384229821));
#1744=CARTESIAN_POINT('Ctrl Pts',(4.80066980510663,-14.9999999999554,4.59278285102483));
#1745=CARTESIAN_POINT('Ctrl Pts',(4.91489064411449,-14.9999999999894,4.44999462510913));
#1746=CARTESIAN_POINT('Ctrl Pts',(5.02771679889372,-15.0000000000231,4.30894990316737));
#1747=CARTESIAN_POINT('Ctrl Pts',(5.13486787155256,-15.0000000000451,4.16347743986924));
#1748=CARTESIAN_POINT('Ctrl Pts',(5.23599368061839,-15.000000000053,4.01389695672266));
#1749=CARTESIAN_POINT('Ctrl Pts',(5.32768558682592,-15.0000000000602,3.87827065362704));
#1750=CARTESIAN_POINT('Ctrl Pts',(5.41442367859196,-15.0000000000558,3.73926643919703));
#1751=CARTESIAN_POINT('Ctrl Pts',(5.49591182998922,-15.000000000044,3.59711063472617));
#1752=CARTESIAN_POINT('Ctrl Pts',(-6.56880407272463,-14.111602787968,0.00173648293762793));
#1753=CARTESIAN_POINT('Ctrl Pts',(-6.56428465206044,-14.1571587052408,-1.25155357373839));
#1754=CARTESIAN_POINT('Ctrl Pts',(-6.20184192987858,-14.2027146225136,-2.50765265426491));
#1755=CARTESIAN_POINT('Ctrl Pts',(-5.5236481724565,-14.2482705397864,-3.56000967289176));
#1756=CARTESIAN_POINT('Ctrl Pts',(-4.64281546937539,-14.3074382058311,-4.92680266852023));
#1757=CARTESIAN_POINT('Ctrl Pts',(-3.22935467431902,-14.3666058718757,-5.94991113560179));
#1758=CARTESIAN_POINT('Ctrl Pts',(-1.6561368888008,-14.4257735379204,-6.35959537092749));
#1759=CARTESIAN_POINT('Ctrl Pts',(-0.082919103282596,-14.4849412039651,
-6.76927960625319));
#1760=CARTESIAN_POINT('Ctrl Pts',(1.65005567269746,-14.5441088700098,-6.56553960982304));
#1761=CARTESIAN_POINT('Ctrl Pts',(3.08538709761944,-14.6032765360545,-5.80227711093707));
#1762=CARTESIAN_POINT('Ctrl Pts',(4.52071852254142,-14.6624442020992,-5.0390146120511));
#1763=CARTESIAN_POINT('Ctrl Pts',(5.65840659640535,-14.7216118681438,-3.71622961070931));
#1764=CARTESIAN_POINT('Ctrl Pts',(6.19847557694932,-14.7807795341885,-2.18288787653563));
#1765=CARTESIAN_POINT('Ctrl Pts',(6.73854455749329,-14.8399472002332,-0.649546142361953));
#1766=CARTESIAN_POINT('Ctrl Pts',(6.68099444471731,-14.8991148662779,1.0943523246436));
#1767=CARTESIAN_POINT('Ctrl Pts',(6.0401703597027,-14.9582825323225,2.58892832604489));
#1768=CARTESIAN_POINT('Ctrl Pts',(5.88956130895666,-14.9721883548817,2.9401895818289));
#1769=CARTESIAN_POINT('Ctrl Pts',(5.70673436872564,-14.9860941774408,3.27767918993912));
#1770=CARTESIAN_POINT('Ctrl Pts',(5.49591183005847,-15.,3.59711063475818));
#1771=CARTESIAN_POINT('Ctrl Pts',(-6.96820148029867,-15.3462658767875,-1.41825457538563));
#1772=CARTESIAN_POINT('Ctrl Pts',(-7.32085975064532,-15.2869035014544,0.314434269140717));
#1773=CARTESIAN_POINT('Ctrl Pts',(-6.67583761144766,-15.1681722099303,4.04563726174559));
#1774=CARTESIAN_POINT('Ctrl Pts',(-2.15320870156655,-14.99008283453,7.50350462829219));
#1775=CARTESIAN_POINT('Ctrl Pts',(3.50925361067757,-14.8119900433904,6.97135087547745));
#1776=CARTESIAN_POINT('Ctrl Pts',(7.30996279187277,-14.6338989763915,2.73850701518289));
#1777=CARTESIAN_POINT('Ctrl Pts',(7.22606753279416,-14.4558069758631,-2.95017964113005));
#1778=CARTESIAN_POINT('Ctrl Pts',(3.30614907199287,-14.2777155830739,-7.0710178624595));
#1779=CARTESIAN_POINT('Ctrl Pts',(-2.37353731239214,-14.0996236036371,-7.43672816584502));
#1780=CARTESIAN_POINT('Ctrl Pts',(-6.62211347367122,-13.9281284725081,-3.98415899521942));
#1781=CARTESIAN_POINT('Ctrl Pts',(-7.57000672265645,-13.7632285606609,1.1224011769753));
#1782=CARTESIAN_POINT('Ctrl Pts',(-5.27675702782374,-13.6049250733074,5.54437374807522));
#1783=CARTESIAN_POINT('Ctrl Pts',(-1.12315215718752,-13.4598124974088,7.44262714482203));
#1784=CARTESIAN_POINT('Ctrl Pts',(2.88446177169202,-13.3278935646305,6.82391961518848));
#1785=CARTESIAN_POINT('Ctrl Pts',(5.79193917490891,-13.209165055075,4.62488896480083));
#1786=CARTESIAN_POINT('Ctrl Pts',(7.2958069826171,-13.0904380944035,1.2997661804221));
#1787=CARTESIAN_POINT('Ctrl Pts',(7.03249478728413,-12.9717099006418,-2.33760144864959));
#1788=CARTESIAN_POINT('Ctrl Pts',(5.06523202674826,-12.8529821679009,-5.40988503273237));
#1789=CARTESIAN_POINT('Ctrl Pts',(1.87077434372485,-12.7342543879266,-7.17083339600997));
#1790=CARTESIAN_POINT('Ctrl Pts',(-1.77692472941564,-12.6155266123526,-7.19478014325157));
#1791=CARTESIAN_POINT('Ctrl Pts',(-4.99410865872602,-12.4967988419269,-5.47542947702769));
#1792=CARTESIAN_POINT('Ctrl Pts',(-7.00135710598788,-12.378071095869,-2.42960500543992));
#1793=CARTESIAN_POINT('Ctrl Pts',(-7.31229645599822,-12.259343240561,1.20493046979309));
#1794=CARTESIAN_POINT('Ctrl Pts',(-5.85170963465362,-12.1406155631646,4.54745527556419));
#1795=CARTESIAN_POINT('Ctrl Pts',(-2.97325061827755,-12.0218877692285,6.78836339204365));
#1796=CARTESIAN_POINT('Ctrl Pts',(0.625291727980046,-11.9031598632541,7.38438462840776));
#1797=CARTESIAN_POINT('Ctrl Pts',(4.07286547829009,-11.7844324562416,6.19175698317391));
#1798=CARTESIAN_POINT('Ctrl Pts',(6.53292017656092,-11.6657044702633,3.49853638683943));
#1799=CARTESIAN_POINT('Ctrl Pts',(7.4108675937164,-11.5469765899589,-0.0420239008893135));
#1800=CARTESIAN_POINT('Ctrl Pts',(6.49283361619892,-11.4282490259852,-3.57245852305083));
#1801=CARTESIAN_POINT('Ctrl Pts',(4.00230704092682,-11.3095207443954,-6.23750000962239));
#1802=CARTESIAN_POINT('Ctrl Pts',(0.541591603401056,-11.1907934629662,-7.39113587526314));
#1803=CARTESIAN_POINT('Ctrl Pts',(-3.05030173436091,-11.0720656058519,-6.75392714281916));
#1804=CARTESIAN_POINT('Ctrl Pts',(-5.90246188090999,-10.9533375513451,-4.48131556890712));
#1805=CARTESIAN_POINT('Ctrl Pts',(-7.32639945116264,-10.834610461447,-1.12083092434056));
#1806=CARTESIAN_POINT('Ctrl Pts',(-6.97216620068462,-10.715881737501,2.50704661389575));
#1807=CARTESIAN_POINT('Ctrl Pts',(-4.7074497853835,-10.5839627976249,5.87216875283624));
#1808=CARTESIAN_POINT('Ctrl Pts',(-0.499294784255733,-10.4388508519403,
7.63770241472177));
#1809=CARTESIAN_POINT('Ctrl Pts',(4.31237718545784,-10.2805469020261,6.32540028726489));
#1810=CARTESIAN_POINT('Ctrl Pts',(7.03746783206674,-10.1354353701517,2.6644381984566));
#1811=CARTESIAN_POINT('Ctrl Pts',(7.27919062873276,-10.003515637436,-1.38383992916341));
#1812=CARTESIAN_POINT('Ctrl Pts',(5.73966868347293,-9.88478777867504,-4.68853152456871));
#1813=CARTESIAN_POINT('Ctrl Pts',(2.80643975500203,-9.76606009541084,-6.85913793818792));
#1814=CARTESIAN_POINT('Ctrl Pts',(-0.805470310340805,-9.64733221421888,
-7.36676178062302));
#1815=CARTESIAN_POINT('Ctrl Pts',(-4.22225315298695,-9.52860452091199,-6.09068053544147));
#1816=CARTESIAN_POINT('Ctrl Pts',(-6.61727734556701,-9.4098768081155,-3.33741663744017));
#1817=CARTESIAN_POINT('Ctrl Pts',(-7.40609436030243,-9.29114871064425,0.221639004697918));
#1818=CARTESIAN_POINT('Ctrl Pts',(-6.2957702900705,-9.15922981834234,4.12254205094499));
#1819=CARTESIAN_POINT('Ctrl Pts',(-2.84287145882247,-9.01411712041744,7.10680193886746));
#1820=CARTESIAN_POINT('Ctrl Pts',(2.13829667671792,-8.85581418731834,7.35041286123552));
#1821=CARTESIAN_POINT('Ctrl Pts',(5.86496888964139,-8.71070152987047,4.71532584775707));
#1822=CARTESIAN_POINT('Ctrl Pts',(7.34919438561244,-8.57878261465823,0.942337224624088));
#1823=CARTESIAN_POINT('Ctrl Pts',(6.91121476318695,-8.46005465847973,-2.67965421521817));
#1824=CARTESIAN_POINT('Ctrl Pts',(4.79437156430794,-8.34132662274831,-5.64642809907166));
#1825=CARTESIAN_POINT('Ctrl Pts',(0.973190636511265,-8.2028111463109,-7.5308376420994));
#1826=CARTESIAN_POINT('Ctrl Pts',(-4.0086270595827,-8.04450724642681,-6.69963421349369));
#1827=CARTESIAN_POINT('Ctrl Pts',(-7.49179685713501,-7.86641577337089,-2.19286984504976));
#1828=CARTESIAN_POINT('Ctrl Pts',(-7.07318665783201,-7.71800579027191,2.52258957079036));
#1829=CARTESIAN_POINT('Ctrl Pts',(-5.15951686516813,-7.61411941296885,5.02925690784918));
#1830=CARTESIAN_POINT('Ctrl Pts',(-3.74198676967001,-7.55475492810957,6.09542305538865));
#1831=CARTESIAN_POINT('Ctrl Pts',(-1.88276869888795,-7.48549819306468,7.01208965665985));
#1832=CARTESIAN_POINT('Ctrl Pts',(0.984673109574864,-7.39150418584587,7.34549068871076));
#1833=CARTESIAN_POINT('Ctrl Pts',(4.37017381196952,-7.27277688236645,5.98522453423621));
#1834=CARTESIAN_POINT('Ctrl Pts',(6.6958985039675,-7.15404907290842,3.17598845803455));
#1835=CARTESIAN_POINT('Ctrl Pts',(7.40007796745362,-7.03532096808364,-0.404729497990883));
#1836=CARTESIAN_POINT('Ctrl Pts',(6.31108160581222,-6.91659368702537,-3.88273326034911));
#1837=CARTESIAN_POINT('Ctrl Pts',(3.58329418442277,-6.79291856920709,-6.53596537080236));
#1838=CARTESIAN_POINT('Ctrl Pts',(0.610962075741583,-6.69397915993209,-7.262671665897));
#1839=CARTESIAN_POINT('Ctrl Pts',(-2.91425719413677,-6.57525082998371,-6.80574997696388));
#1840=CARTESIAN_POINT('Ctrl Pts',(-6.43867900632005,-6.44168246885361,-4.41427163965145));
#1841=CARTESIAN_POINT('Ctrl Pts',(-7.72405402544771,-6.26359081810151,1.13549816232943));
#1842=CARTESIAN_POINT('Ctrl Pts',(-5.60788611481731,-6.13002167046238,4.83416741407594));
#1843=CARTESIAN_POINT('Ctrl Pts',(-2.64319568064117,-6.0112945113827,6.79020700532053));
#1844=CARTESIAN_POINT('Ctrl Pts',(0.94759975466263,-5.89256622641893,7.5853121683141));
#1845=CARTESIAN_POINT('Ctrl Pts',(5.67050478279699,-5.72931571545391,5.36601970443163));
#1846=CARTESIAN_POINT('Ctrl Pts',(7.26745501871453,-5.59574727355189,1.41490393374029));
#1847=CARTESIAN_POINT('Ctrl Pts',(6.97046220835646,-5.4770185655616,-2.12692950848229));
#1848=CARTESIAN_POINT('Ctrl Pts',(6.1688425731221,-5.41765698851249,-3.77776903113269));
#1849=CARTESIAN_POINT('Ctrl Pts',(5.28060633031436,-5.37313293839372,-4.76261217137012));
#1850=CARTESIAN_POINT('Ctrl Pts',(-7.00192893805113,-15.3263351829844,-1.42584101176487));
#1851=CARTESIAN_POINT('Ctrl Pts',(-7.35648003428425,-15.2669728076514,0.315270513657453));
#1852=CARTESIAN_POINT('Ctrl Pts',(-6.70868718958122,-15.1482415161273,4.06461512424232));
#1853=CARTESIAN_POINT('Ctrl Pts',(-2.16442240784504,-14.9701521407269,7.53977419301972));
#1854=CARTESIAN_POINT('Ctrl Pts',(3.52561853969667,-14.7920593495874,7.0055804339406));
#1855=CARTESIAN_POINT('Ctrl Pts',(7.34522216447267,-14.6139682825885,2.75254836529993));
#1856=CARTESIAN_POINT('Ctrl Pts',(7.26148540324293,-14.43587628206,-2.96380305623028));
#1857=CARTESIAN_POINT('Ctrl Pts',(3.32292261633167,-14.2577848892708,-7.10505790951417));
#1858=CARTESIAN_POINT('Ctrl Pts',(-2.38433469568804,-14.079692909834,-7.47311484831684));
#1859=CARTESIAN_POINT('Ctrl Pts',(-6.65390633183248,-13.9081977787051,-4.00417910576535));
#1860=CARTESIAN_POINT('Ctrl Pts',(-7.60691676154916,-13.7432978668579,1.12710076737757));
#1861=CARTESIAN_POINT('Ctrl Pts',(-5.30295638101766,-13.5849943795044,5.57079763156699));
#1862=CARTESIAN_POINT('Ctrl Pts',(-1.12935062608684,-13.4398818036057,7.47869591870991));
#1863=CARTESIAN_POINT('Ctrl Pts',(2.89780333432715,-13.3079628708274,6.85737218718732));
#1864=CARTESIAN_POINT('Ctrl Pts',(5.81963148019731,-13.189234361272,4.64795181236015));
#1865=CARTESIAN_POINT('Ctrl Pts',(7.3311406430372,-13.0705074006004,1.30680506711563));
#1866=CARTESIAN_POINT('Ctrl Pts',(7.06691110982318,-12.9517792068388,-2.34826363459826));
#1867=CARTESIAN_POINT('Ctrl Pts',(5.09039075703415,-12.8330514740978,-5.43567787018005));
#1868=CARTESIAN_POINT('Ctrl Pts',(1.88058105920735,-12.7143236941236,-7.20550290930258));
#1869=CARTESIAN_POINT('Ctrl Pts',(-1.78484642131863,-12.5955959185495,-7.22992918399631));
#1870=CARTESIAN_POINT('Ctrl Pts',(-5.01783933115236,-12.4768681481239,-5.50254086331038));
#1871=CARTESIAN_POINT('Ctrl Pts',(-7.03514736602206,-12.358140402066,-2.44211127208885));
#1872=CARTESIAN_POINT('Ctrl Pts',(-7.34795991018744,-12.2394125467579,1.21006042213666));
#1873=CARTESIAN_POINT('Ctrl Pts',(-5.88060529311582,-12.1206848693616,4.56897679931997));
#1874=CARTESIAN_POINT('Ctrl Pts',(-2.98837894639783,-12.0019570754255,6.82106559826995));
#1875=CARTESIAN_POINT('Ctrl Pts',(0.627598458322784,-11.8832291694511,7.42033817251022));
#1876=CARTESIAN_POINT('Ctrl Pts',(4.0920435226034,-11.7645017624386,6.2222636070758));
#1877=CARTESIAN_POINT('Ctrl Pts',(6.56432862491502,-11.6457737764603,3.51618791618292));
#1878=CARTESIAN_POINT('Ctrl Pts',(7.44689428489998,-11.5270458961559,-0.0414911973268197));
#1879=CARTESIAN_POINT('Ctrl Pts',(6.52475075756691,-11.4083183321821,-3.58917374341118));
#1880=CARTESIAN_POINT('Ctrl Pts',(4.02237788047849,-11.2895900505924,-6.26742600537315));
#1881=CARTESIAN_POINT('Ctrl Pts',(0.544961431286836,-11.1708627691632,-7.42700553805752));
#1882=CARTESIAN_POINT('Ctrl Pts',(-3.06445833345197,-11.0521349120489,-6.78706250027954));
#1883=CARTESIAN_POINT('Ctrl Pts',(-5.93070512747428,-10.9334068575421,-4.50368166729279));
#1884=CARTESIAN_POINT('Ctrl Pts',(-7.36190236065054,-10.814679767644,-1.12701386371848));
#1885=CARTESIAN_POINT('Ctrl Pts',(-7.00630216181458,-10.695951043698,2.5185432558328));
#1886=CARTESIAN_POINT('Ctrl Pts',(-4.73091876480893,-10.5640321038219,5.90024341239923));
#1887=CARTESIAN_POINT('Ctrl Pts',(-0.502481655544274,-10.4189201581372,
7.67477717183317));
#1888=CARTESIAN_POINT('Ctrl Pts',(4.33271408963642,-10.2606162082231,6.35657427937005));
#1889=CARTESIAN_POINT('Ctrl Pts',(7.07140752033994,-10.1155046763486,2.67809184566751));
#1890=CARTESIAN_POINT('Ctrl Pts',(7.3147119325027,-9.983584943633,-1.38984328173532));
#1891=CARTESIAN_POINT('Ctrl Pts',(5.76803361307353,-9.86485708487199,-4.71075015358958));
#1892=CARTESIAN_POINT('Ctrl Pts',(2.82076370316752,-9.74612940160781,-6.89219975550554));
#1893=CARTESIAN_POINT('Ctrl Pts',(-0.808652986551333,-9.62740152041583,
-7.40264984196392));
#1894=CARTESIAN_POINT('Ctrl Pts',(-4.24217073151313,-9.50867382710895,-6.12070611991322));
#1895=CARTESIAN_POINT('Ctrl Pts',(-6.64911050784485,-9.38994611431245,-3.35429676750851));
#1896=CARTESIAN_POINT('Ctrl Pts',(-7.442115786603,-9.27121801684121,0.221978914735734));
#1897=CARTESIAN_POINT('Ctrl Pts',(-6.3267817605395,-9.13929912453931,4.14195716119045));
#1898=CARTESIAN_POINT('Ctrl Pts',(-2.85739898965259,-8.99418642661439,7.14106119359975));
#1899=CARTESIAN_POINT('Ctrl Pts',(2.14796004250358,-8.8358834935153,7.38635585259076));
#1900=CARTESIAN_POINT('Ctrl Pts',(5.89300946857901,-8.69077083606743,4.73882702429857));
#1901=CARTESIAN_POINT('Ctrl Pts',(7.38482185632394,-8.55885192085519,0.947653537649412));
#1902=CARTESIAN_POINT('Ctrl Pts',(6.94507527968732,-8.44012396467669,-2.69199836832544));
#1903=CARTESIAN_POINT('Ctrl Pts',(4.81823729806743,-8.32139592894528,-5.67339440212733));
#1904=CARTESIAN_POINT('Ctrl Pts',(0.978671767987224,-8.18288045250786,-7.56734775955052));
#1905=CARTESIAN_POINT('Ctrl Pts',(-4.02744623529421,-8.02457655262378,-6.73259724162168));
#1906=CARTESIAN_POINT('Ctrl Pts',(-7.52799505537322,-7.84648507956783,-2.20427522524761));
#1907=CARTESIAN_POINT('Ctrl Pts',(-7.10781720281331,-7.69807509646888,2.53414966273796));
#1908=CARTESIAN_POINT('Ctrl Pts',(-5.18510017732446,-7.5941887191658,5.05318618436142));
#1909=CARTESIAN_POINT('Ctrl Pts',(-3.76078470722171,-7.53482423430653,6.12467735867069));
#1910=CARTESIAN_POINT('Ctrl Pts',(-1.89261102219085,-7.46556749926163,7.04598929873272));
#1911=CARTESIAN_POINT('Ctrl Pts',(0.988721166351312,-7.37157349204283,7.38129257806565));
#1912=CARTESIAN_POINT('Ctrl Pts',(4.39082722107969,-7.25284618856342,6.01475119341098));
#1913=CARTESIAN_POINT('Ctrl Pts',(6.7281269367308,-7.13411837910538,3.192091102252));
#1914=CARTESIAN_POINT('Ctrl Pts',(7.43609142567952,-7.01539027428059,-0.405964609860001));
#1915=CARTESIAN_POINT('Ctrl Pts',(6.34214186520707,-6.89666299322234,-3.90097706530794));
#1916=CARTESIAN_POINT('Ctrl Pts',(3.60136583845956,-6.77298787540404,-6.56737856976597));
#1917=CARTESIAN_POINT('Ctrl Pts',(0.614657151153048,-6.67404846612906,-7.29791251970842));
#1918=CARTESIAN_POINT('Ctrl Pts',(-2.92775146540974,-6.55532013618066,-6.83911975804885));
#1919=CARTESIAN_POINT('Ctrl Pts',(-6.46953495120619,-6.42175177505057,-4.43637037886257));
#1920=CARTESIAN_POINT('Ctrl Pts',(-7.76171051332466,-6.24366012429846,1.14025148906872));
#1921=CARTESIAN_POINT('Ctrl Pts',(-5.63563041880063,-6.11009097665934,4.85710446552693));
#1922=CARTESIAN_POINT('Ctrl Pts',(-2.65671568602111,-5.99136381757966,6.82294974352564));
#1923=CARTESIAN_POINT('Ctrl Pts',(0.951452816584232,-5.87263553261588,7.62228077616888));
#1924=CARTESIAN_POINT('Ctrl Pts',(5.69753100843458,-5.70938502165087,5.39265897214381));
#1925=CARTESIAN_POINT('Ctrl Pts',(7.30264426597985,-5.57581657974884,1.4225157362427));
#1926=CARTESIAN_POINT('Ctrl Pts',(7.00454796881416,-5.45708787175856,-2.13658599034295));
#1927=CARTESIAN_POINT('Ctrl Pts',(6.19922056088735,-5.39772629470945,-3.79549709910156));
#1928=CARTESIAN_POINT('Ctrl Pts',(5.30674611568858,-5.35320224459068,-4.78523532420013));
#1929=CARTESIAN_POINT('Ctrl Pts',(-7.05004859616087,-15.2728452929593,-1.43753549012519));
#1930=CARTESIAN_POINT('Ctrl Pts',(-7.40750221809065,-15.2134829176262,0.31550983042014));
#1931=CARTESIAN_POINT('Ctrl Pts',(-6.75620347649217,-15.0947516261022,4.09103884086675));
#1932=CARTESIAN_POINT('Ctrl Pts',(-2.18137004643305,-14.9166622507018,7.59141482334591));
#1933=CARTESIAN_POINT('Ctrl Pts',(3.54821176409132,-14.7385694595622,7.05501542323061));
#1934=CARTESIAN_POINT('Ctrl Pts',(7.39537246634362,-14.5604783925633,2.77351647773677));
#1935=CARTESIAN_POINT('Ctrl Pts',(7.31254140676024,-14.3823863920349,-2.9824379768617));
#1936=CARTESIAN_POINT('Ctrl Pts',(3.34778094802056,-14.2042949992457,-7.15339805992265));
#1937=CARTESIAN_POINT('Ctrl Pts',(-2.39890366793004,-14.0262030198089,-7.52548381487338));
#1938=CARTESIAN_POINT('Ctrl Pts',(-6.69894320130715,-13.8547078886799,-4.03364175543032));
#1939=CARTESIAN_POINT('Ctrl Pts',(-7.65988550334291,-13.6898079768328,1.13293130257869));
#1940=CARTESIAN_POINT('Ctrl Pts',(-5.34112848896641,-13.5315044894792,5.60799789558961));
#1941=CARTESIAN_POINT('Ctrl Pts',(-1.13911651846271,-13.3863919135806,7.53018909353683));
#1942=CARTESIAN_POINT('Ctrl Pts',(2.91608839328715,-13.2544729808023,6.90561606204696));
#1943=CARTESIAN_POINT('Ctrl Pts',(5.85872494858169,-13.1357444712469,4.68164617058414));
#1944=CARTESIAN_POINT('Ctrl Pts',(7.381569297369,-13.0170175105753,1.31776448665216));
#1945=CARTESIAN_POINT('Ctrl Pts',(7.11645940593149,-12.8982893168136,-2.36268905623005));
#1946=CARTESIAN_POINT('Ctrl Pts',(5.12705491999072,-12.7795615840727,-5.4719962502428));
#1947=CARTESIAN_POINT('Ctrl Pts',(1.89547707274314,-12.6608338040984,-7.25491224491545));
#1948=CARTESIAN_POINT('Ctrl Pts',(-1.79532696067254,-12.5421060285244,-7.28046022685162));
#1949=CARTESIAN_POINT('Ctrl Pts',(-5.05115737053793,-12.4233782580987,-5.54195042357328));
#1950=CARTESIAN_POINT('Ctrl Pts',(-7.08323091962276,-12.3046505120408,-2.46085153990515));
#1951=CARTESIAN_POINT('Ctrl Pts',(-7.39915882430196,-12.1859226567328,1.21652964485311));
#1952=CARTESIAN_POINT('Ctrl Pts',(-5.92251653503427,-12.0671949793364,4.59908875791506));
#1953=CARTESIAN_POINT('Ctrl Pts',(-3.01084584524738,-11.9484671854003,6.86752346271303));
#1954=CARTESIAN_POINT('Ctrl Pts',(0.630014074894898,-11.8297392794259,7.47188923538883));
#1955=CARTESIAN_POINT('Ctrl Pts',(4.11876632487999,-11.7110118724134,6.26641220657962));
#1956=CARTESIAN_POINT('Ctrl Pts',(6.60887128561678,-11.5922838864351,3.54224725744072));
#1957=CARTESIAN_POINT('Ctrl Pts',(7.49847474668278,-11.4735560061308,-0.0398425754453172));
#1958=CARTESIAN_POINT('Ctrl Pts',(6.57086613782211,-11.354828442157,-3.61233601360252));
#1959=CARTESIAN_POINT('Ctrl Pts',(4.05186543755445,-11.2361001605672,-6.30977785578272));
#1960=CARTESIAN_POINT('Ctrl Pts',(0.550664058047003,-11.117372879138,-7.47829850153156));
#1961=CARTESIAN_POINT('Ctrl Pts',(-3.08391399695511,-10.9986450220238,-6.83485710545739));
#1962=CARTESIAN_POINT('Ctrl Pts',(-5.97060582840773,-10.879916967517,-4.53641447962281));
#1963=CARTESIAN_POINT('Ctrl Pts',(-7.41258831054541,-10.7611898776188,-1.13672679259331));
#1964=CARTESIAN_POINT('Ctrl Pts',(-7.05547851411445,-10.6424611536728,2.53415940873556));
#1965=CARTESIAN_POINT('Ctrl Pts',(-4.76521139566751,-10.5105422137967,5.93987305017846));
#1966=CARTESIAN_POINT('Ctrl Pts',(-0.507956185029442,-10.3654302681121,
7.7277949124843));
#1967=CARTESIAN_POINT('Ctrl Pts',(4.36106168466203,-10.2071263181979,6.40172090061846));
#1968=CARTESIAN_POINT('Ctrl Pts',(7.11968322351902,-10.0620147863235,2.698473654576));
#1969=CARTESIAN_POINT('Ctrl Pts',(7.36572648714359,-9.93009505360785,-1.39756572478353));
#1970=CARTESIAN_POINT('Ctrl Pts',(5.80920228891209,-9.81136719484686,-4.74187296029306));
#1971=CARTESIAN_POINT('Ctrl Pts',(2.84208887214614,-9.69263951158265,-6.93919467446968));
#1972=CARTESIAN_POINT('Ctrl Pts',(-0.812328405708972,-9.57391163039071,
-7.45412349103652));
#1973=CARTESIAN_POINT('Ctrl Pts',(-4.26995665556405,-9.4551839370838,-6.16419450241905));
#1974=CARTESIAN_POINT('Ctrl Pts',(-6.69428353488183,-9.33645622428731,-3.37925408507447));
#1975=CARTESIAN_POINT('Ctrl Pts',(-7.49371000775207,-9.21772812681606,0.221582224941976));
#1976=CARTESIAN_POINT('Ctrl Pts',(-6.37167213391467,-9.08580923451417,4.16899325989815));
#1977=CARTESIAN_POINT('Ctrl Pts',(-2.87904090109747,-8.94069653658924,7.18977237799415));
#1978=CARTESIAN_POINT('Ctrl Pts',(2.16091393587337,-8.78239360349016,7.43806321671521));
#1979=CARTESIAN_POINT('Ctrl Pts',(5.93258549231342,-8.63728094604229,4.77317725847863));
#1980=CARTESIAN_POINT('Ctrl Pts',(7.43571665744388,-8.50536203083005,0.956131455545799));
#1981=CARTESIAN_POINT('Ctrl Pts',(6.99386953018732,-8.38663407465155,-2.70882945068765));
#1982=CARTESIAN_POINT('Ctrl Pts',(4.85307852080535,-8.26790603892013,-5.71143256922302));
#1983=CARTESIAN_POINT('Ctrl Pts',(0.987414772899882,-8.12939056248272,-7.61949605726409));
#1984=CARTESIAN_POINT('Ctrl Pts',(-4.05358565427283,-7.97108666259863,-6.78026828210447));
#1985=CARTESIAN_POINT('Ctrl Pts',(-7.57955297614169,-7.79299518954269,-2.2214956804388));
#1986=CARTESIAN_POINT('Ctrl Pts',(-7.15769883730176,-7.64458520644374,2.54984929129034));
#1987=CARTESIAN_POINT('Ctrl Pts',(-5.22231711801336,-7.54069882914066,5.0868347136183));
#1988=CARTESIAN_POINT('Ctrl Pts',(-3.78841781397383,-7.48133434428139,6.1661147673366));
#1989=CARTESIAN_POINT('Ctrl Pts',(-1.90755494864142,-7.41207760923648,7.09428833490811));
#1990=CARTESIAN_POINT('Ctrl Pts',(0.993655950999142,-7.3180836020177,7.432665625534));
#1991=CARTESIAN_POINT('Ctrl Pts',(4.41966458322367,-7.19935629853826,6.05754542766282));
#1992=CARTESIAN_POINT('Ctrl Pts',(6.77389190364595,-7.08062848908024,3.2159462344224));
#1993=CARTESIAN_POINT('Ctrl Pts',(7.48768909047789,-6.96190038425545,-0.406839497362179));
#1994=CARTESIAN_POINT('Ctrl Pts',(6.38707750750842,-6.84317310319719,-3.92634401542271));
#1995=CARTESIAN_POINT('Ctrl Pts',(3.62800894954985,-6.71949798537891,-6.61192159103181));
#1996=CARTESIAN_POINT('Ctrl Pts',(0.620808146148,-6.62055857610391,-7.34829117825331));
#1997=CARTESIAN_POINT('Ctrl Pts',(-2.94624332006605,-6.50183024615552,-6.88724280225191));
#1998=CARTESIAN_POINT('Ctrl Pts',(-6.51318486341105,-6.36826188502543,-4.46877257458812));
#1999=CARTESIAN_POINT('Ctrl Pts',(-7.81575784096214,-6.19017023427332,1.14612813900887));
#2000=CARTESIAN_POINT('Ctrl Pts',(-5.67591545213554,-6.0566010866342,4.88927743442741));
#2001=CARTESIAN_POINT('Ctrl Pts',(-2.67688997426909,-5.93787392755452,6.86950799643392));
#2002=CARTESIAN_POINT('Ctrl Pts',(0.956058899435339,-5.81914564259074,7.67530891014484));
#2003=CARTESIAN_POINT('Ctrl Pts',(5.73558725801715,-5.65589513162573,5.43149091991573));
#2004=CARTESIAN_POINT('Ctrl Pts',(7.3528411668723,-5.5223266897237,1.43425496629573));
#2005=CARTESIAN_POINT('Ctrl Pts',(7.05361652578933,-5.40359798173342,-2.14955113901377));
#2006=CARTESIAN_POINT('Ctrl Pts',(6.24312179850186,-5.34423640468431,-3.82018791339889));
#2007=CARTESIAN_POINT('Ctrl Pts',(5.34474071551352,-5.29971235456554,-4.81699493227171));
#2008=CARTESIAN_POINT('Ctrl Pts',(-7.07397361961105,-15.1630954060033,-1.44623997656193));
#2009=CARTESIAN_POINT('Ctrl Pts',(-7.43359031392006,-15.1037330306703,0.31274987514314));
#2010=CARTESIAN_POINT('Ctrl Pts',(-6.78198104773698,-14.9850017391462,4.10183939155423));
#2011=CARTESIAN_POINT('Ctrl Pts',(-2.19295947320887,-14.8069123637459,7.61684526163485));
#2012=CARTESIAN_POINT('Ctrl Pts',(3.55695371672624,-14.6288195726062,7.08155599894486));
#2013=CARTESIAN_POINT('Ctrl Pts',(7.41980975215213,-14.4507285056074,2.78707607006544));
#2014=CARTESIAN_POINT('Ctrl Pts',(7.33968771081688,-14.2726365050789,-2.98906556613097));
#2015=CARTESIAN_POINT('Ctrl Pts',(3.36322471074727,-14.0945451122897,-7.17668940945033));
#2016=CARTESIAN_POINT('Ctrl Pts',(-2.40337836744717,-13.9164531328529,-7.55307107963809));
#2017=CARTESIAN_POINT('Ctrl Pts',(-6.72028633518844,-13.7449580017239,-4.05124964784703));
#2018=CARTESIAN_POINT('Ctrl Pts',(-7.68728358210465,-13.5800580898769,1.13290572440522));
#2019=CARTESIAN_POINT('Ctrl Pts',(-5.36274348182916,-13.4217546025233,5.62484197744536));
#2020=CARTESIAN_POINT('Ctrl Pts',(-1.14702677721211,-13.2766420266247,7.55594922168463));
#2021=CARTESIAN_POINT('Ctrl Pts',(2.92269604879101,-13.1447230938463,6.93130419636047));
#2022=CARTESIAN_POINT('Ctrl Pts',(5.87679021622336,-13.0259945842909,4.7010827757544));
#2023=CARTESIAN_POINT('Ctrl Pts',(7.40671665915377,-12.9072676236193,1.32622304715811));
#2024=CARTESIAN_POINT('Ctrl Pts',(7.14259655689573,-12.7885394298577,-2.36725019413913));
#2025=CARTESIAN_POINT('Ctrl Pts',(5.14784969305163,-12.6698116971167,-5.48847569496105));
#2026=CARTESIAN_POINT('Ctrl Pts',(1.90589090252668,-12.5510839171425,-7.27931537925568));
#2027=CARTESIAN_POINT('Ctrl Pts',(-1.79781686598851,-12.4323561415684,-7.30687576347151));
#2028=CARTESIAN_POINT('Ctrl Pts',(-5.06594784062391,-12.3136283711428,-5.56397796317499));
#2029=CARTESIAN_POINT('Ctrl Pts',(-7.10673861109999,-12.1949006250849,-2.47315460398023));
#2030=CARTESIAN_POINT('Ctrl Pts',(-7.42568819370257,-12.0761727697768,1.21693199609444));
#2031=CARTESIAN_POINT('Ctrl Pts',(-5.94564048576829,-11.9574450923805,4.61209887107281));
#2032=CARTESIAN_POINT('Ctrl Pts',(-3.02496127488955,-11.8387172984444,6.88998949383119));
#2033=CARTESIAN_POINT('Ctrl Pts',(0.628325620218195,-11.71998939247,7.49836787666997));
#2034=CARTESIAN_POINT('Ctrl Pts',(4.12991666504655,-11.6012619854575,6.29048881340861));
#2035=CARTESIAN_POINT('Ctrl Pts',(6.63015512207619,-11.4825339994792,3.55808832377403));
#2036=CARTESIAN_POINT('Ctrl Pts',(7.52473864109353,-11.3638061191748,-0.0360750410520534));
#2037=CARTESIAN_POINT('Ctrl Pts',(6.59574482406322,-11.245078555201,-3.62155534040032));
#2038=CARTESIAN_POINT('Ctrl Pts',(4.06933417559026,-11.1263502736113,-6.32974892703868));
#2039=CARTESIAN_POINT('Ctrl Pts',(0.556487483594569,-11.0076229921821,-7.50418454108764));
#2040=CARTESIAN_POINT('Ctrl Pts',(-3.09114571578966,-10.8888951350678,-6.86038416669394));
#2041=CARTESIAN_POINT('Ctrl Pts',(-5.9891382558718,-10.770167080561,-4.55540238651672));
#2042=CARTESIAN_POINT('Ctrl Pts',(-7.43793836000409,-10.6514399906629,-1.14456648067097));
#2043=CARTESIAN_POINT('Ctrl Pts',(-7.08149203139588,-10.5327112667169,2.53935174678647));
#2044=CARTESIAN_POINT('Ctrl Pts',(-4.78498314440999,-10.4007923268408,5.95817865673202));
#2045=CARTESIAN_POINT('Ctrl Pts',(-0.513760347737745,-10.2556803811562,
7.75457605372267));
#2046=CARTESIAN_POINT('Ctrl Pts',(4.37298838885386,-10.097376431242,6.42639797562444));
#2047=CARTESIAN_POINT('Ctrl Pts',(7.14319507136312,-9.95226489936752,2.71162707955066));
#2048=CARTESIAN_POINT('Ctrl Pts',(7.39223304262263,-9.82034516665191,-1.39861903809932));
#2049=CARTESIAN_POINT('Ctrl Pts',(5.83200407515304,-9.7016173078909,-4.75544179851134));
#2050=CARTESIAN_POINT('Ctrl Pts',(2.85565112110691,-9.58288962462672,-6.96199958942986));
#2051=CARTESIAN_POINT('Ctrl Pts',(-0.811287513221757,-9.46416174343474,
-7.48063467826638));
#2052=CARTESIAN_POINT('Ctrl Pts',(-4.28168888884042,-9.34543405012786,-6.18799269033617));
#2053=CARTESIAN_POINT('Ctrl Pts',(-6.71595144679734,-9.22670633733136,-3.39456879244537));
#2054=CARTESIAN_POINT('Ctrl Pts',(-7.52005192330752,-9.10797823986011,0.218453346603159));
#2055=CARTESIAN_POINT('Ctrl Pts',(-6.39614394951839,-8.97605934755821,4.1802636849663));
#2056=CARTESIAN_POINT('Ctrl Pts',(-2.89286283273329,-8.83094664963329,7.21343539854587));
#2057=CARTESIAN_POINT('Ctrl Pts',(2.1646011479649,-8.6726437165342,7.46522060950286));
#2058=CARTESIAN_POINT('Ctrl Pts',(5.95086114408455,-8.52753105908634,4.79297376163341));
#2059=CARTESIAN_POINT('Ctrl Pts',(7.46124224755916,-8.39561214387409,0.963351371602848));
#2060=CARTESIAN_POINT('Ctrl Pts',(7.01975792669217,-8.2768841876956,-2.71466493497891));
#2061=CARTESIAN_POINT('Ctrl Pts',(4.87303922561646,-8.15815615196417,-5.72889316712861));
#2062=CARTESIAN_POINT('Ctrl Pts',(0.994840306755024,-8.01964067552676,-7.64564812883734));
#2063=CARTESIAN_POINT('Ctrl Pts',(-4.06423954720456,-7.86133677564268,-6.80611002602649));
#2064=CARTESIAN_POINT('Ctrl Pts',(-7.60492235965839,-7.68324530258674,-2.2332195051096));
#2065=CARTESIAN_POINT('Ctrl Pts',(-7.18407805008954,-7.53483531948778,2.55504357640163));
#2066=CARTESIAN_POINT('Ctrl Pts',(-5.24324412826418,-7.43094894218471,5.10191712149337));
#2067=CARTESIAN_POINT('Ctrl Pts',(-3.80488893246527,-7.37158445732544,6.18572131513942));
#2068=CARTESIAN_POINT('Ctrl Pts',(-1.91792821177867,-7.30232772228053,7.11812254258564));
#2069=CARTESIAN_POINT('Ctrl Pts',(0.993261852273866,-7.20833371506174,7.45919638469572));
#2070=CARTESIAN_POINT('Ctrl Pts',(4.43197549381322,-7.08960641158231,6.08104841082894));
#2071=CARTESIAN_POINT('Ctrl Pts',(6.79592389062187,-6.97087860212429,3.23073100247303));
#2072=CARTESIAN_POINT('Ctrl Pts',(7.51410599325982,-6.8521504972995,-0.404361560813115));
#2073=CARTESIAN_POINT('Ctrl Pts',(6.41147710242119,-6.73342321624124,-3.93675770065601));
#2074=CARTESIAN_POINT('Ctrl Pts',(3.64415076005371,-6.60974809842295,-6.63317174339793));
#2075=CARTESIAN_POINT('Ctrl Pts',(0.626809178645268,-6.51080868914795,-7.37368535535229));
#2076=CARTESIAN_POINT('Ctrl Pts',(-2.95296533363875,-6.39208035919958,-6.9128819237674));
#2077=CARTESIAN_POINT('Ctrl Pts',(-6.53365157848854,-6.25851199806947,-4.48780578204215));
#2078=CARTESIAN_POINT('Ctrl Pts',(-7.84370871119092,-6.08042034731737,1.1460667781543));
#2079=CARTESIAN_POINT('Ctrl Pts',(-5.69832689387022,-5.94685119967825,4.90343202110257));
#2080=CARTESIAN_POINT('Ctrl Pts',(-2.68983822223574,-5.82812404059857,6.89215507733579));
#2081=CARTESIAN_POINT('Ctrl Pts',(0.955405684932285,-5.70939575563479,7.70266854050406));
#2082=CARTESIAN_POINT('Ctrl Pts',(5.75283094273944,-5.54614524466977,5.45348951490932));
#2083=CARTESIAN_POINT('Ctrl Pts',(7.37782689589492,-5.41257680276775,1.44310409248376));
#2084=CARTESIAN_POINT('Ctrl Pts',(7.07942355913088,-5.29384809477746,-2.15339738416918));
#2085=CARTESIAN_POINT('Ctrl Pts',(6.26696001467061,-5.23448651772835,-3.83030792139887));
#2086=CARTESIAN_POINT('Ctrl Pts',(5.36595628470586,-5.18996246760959,-4.83106882494802));
#2087=CARTESIAN_POINT('Ctrl Pts',(-7.04326647803384,-15.0635897851002,-1.4434218380125));
#2088=CARTESIAN_POINT('Ctrl Pts',(-7.40218495288736,-15.0042274097672,0.307942055901965));
#2089=CARTESIAN_POINT('Ctrl Pts',(-6.75511743454474,-14.8854961182431,4.0812378394161));
#2090=CARTESIAN_POINT('Ctrl Pts',(-2.18722724662643,-14.7074067428427,7.5834866991265));
#2091=CARTESIAN_POINT('Ctrl Pts',(3.53853089247189,-14.5293139517032,7.05316463958722));
#2092=CARTESIAN_POINT('Ctrl Pts',(7.38700558621472,-14.3512228847043,2.77872969784589));
#2093=CARTESIAN_POINT('Ctrl Pts',(7.30993561832372,-14.1731308841758,-2.97293235927674));
#2094=CARTESIAN_POINT('Ctrl Pts',(3.35231767138735,-13.9950394913866,-7.1446464467588));
#2095=CARTESIAN_POINT('Ctrl Pts',(-2.38963047720197,-13.8169475119498,-7.52213879749666));
#2096=CARTESIAN_POINT('Ctrl Pts',(-6.68985841093181,-13.6454523808209,-4.03720667379414));
#2097=CARTESIAN_POINT('Ctrl Pts',(-7.65518506719006,-13.4805524689737,1.12448690072884));
#2098=CARTESIAN_POINT('Ctrl Pts',(-5.34262008605493,-13.3222489816202,5.59844773059269));
#2099=CARTESIAN_POINT('Ctrl Pts',(-1.1457049454678,-13.1771364057216,7.52333826506336));
#2100=CARTESIAN_POINT('Ctrl Pts',(2.90703573178675,-13.0452174729432,6.90325331634132));
#2101=CARTESIAN_POINT('Ctrl Pts',(5.84963702645465,-12.9264889633878,4.68388828519562));
#2102=CARTESIAN_POINT('Ctrl Pts',(7.37465406800468,-12.8077620027162,1.324069486852));
#2103=CARTESIAN_POINT('Ctrl Pts',(7.11338916639558,-12.6890338089546,-2.35384821304923));
#2104=CARTESIAN_POINT('Ctrl Pts',(5.12857474321153,-12.5703060762136,-5.46276160009717));
#2105=CARTESIAN_POINT('Ctrl Pts',(1.90121823196981,-12.4515782962394,-7.24752136897389));
#2106=CARTESIAN_POINT('Ctrl Pts',(-1.78675515608387,-12.3328505206653,-7.27670363727228));
#2107=CARTESIAN_POINT('Ctrl Pts',(-5.04183182640938,-12.2141227502397,-5.54273829775088));
#2108=CARTESIAN_POINT('Ctrl Pts',(-7.07541086945111,-12.0953950041818,-2.46599301460358));
#2109=CARTESIAN_POINT('Ctrl Pts',(-7.39473905392035,-11.9766671488737,1.20828031790689));
#2110=CARTESIAN_POINT('Ctrl Pts',(-5.92256757375448,-11.8579394714774,4.58973000693999));
#2111=CARTESIAN_POINT('Ctrl Pts',(-3.01535584280126,-11.7392116775412,6.85932309291272));
#2112=CARTESIAN_POINT('Ctrl Pts',(0.62213878031276,-11.6204837715669,7.46683320915654));
#2113=CARTESIAN_POINT('Ctrl Pts',(4.10943180241396,-11.5017563645544,6.26572707793038));
#2114=CARTESIAN_POINT('Ctrl Pts',(6.60034151872031,-11.3830283785761,3.54609663531552));
#2115=CARTESIAN_POINT('Ctrl Pts',(7.49281460783352,-11.2643004982717,-0.0323892998130361));
#2116=CARTESIAN_POINT('Ctrl Pts',(6.56944781332622,-11.1455729342979,-3.60308499047453));
#2117=CARTESIAN_POINT('Ctrl Pts',(4.05503139688321,-11.0268446527082,-6.30097144608481));
#2118=CARTESIAN_POINT('Ctrl Pts',(0.557648810295575,-10.908117371279,-7.47206868903118));
#2119=CARTESIAN_POINT('Ctrl Pts',(-3.07480404307019,-10.7893895141647,-6.83271520384187));
#2120=CARTESIAN_POINT('Ctrl Pts',(-5.96157663222834,-10.6706614596579,-4.53887635776393));
#2121=CARTESIAN_POINT('Ctrl Pts',(-7.4058290211285,-10.5519343697598,-1.14320163136123));
#2122=CARTESIAN_POINT('Ctrl Pts',(-7.05262385291828,-10.4332056458138,2.52524930189259));
#2123=CARTESIAN_POINT('Ctrl Pts',(-4.76746988753233,-10.3012867059377,5.93064082950291));
#2124=CARTESIAN_POINT('Ctrl Pts',(-0.51522013980845,-10.156174760253,7.72141808345944));
#2125=CARTESIAN_POINT('Ctrl Pts',(4.35141020195935,-9.99787081033887,6.40117199473498));
#2126=CARTESIAN_POINT('Ctrl Pts',(7.11159983497345,-9.85275927846442,2.70347090139102));
#2127=CARTESIAN_POINT('Ctrl Pts',(7.36151148242794,-9.7208395457488,-1.38921194660763));
#2128=CARTESIAN_POINT('Ctrl Pts',(5.80948078484234,-9.60211168698779,-4.73251788530832));
#2129=CARTESIAN_POINT('Ctrl Pts',(2.84679800152499,-9.4833840037236,-6.93110675106394));
#2130=CARTESIAN_POINT('Ctrl Pts',(-0.804331878703225,-9.36465612253164,
-7.44926175087094));
#2131=CARTESIAN_POINT('Ctrl Pts',(-4.2606089041225,-9.24592842922474,-6.16373612278651));
#2132=CARTESIAN_POINT('Ctrl Pts',(-6.68584998450906,-9.12720071642826,-3.38331236764147));
#2133=CARTESIAN_POINT('Ctrl Pts',(-7.488233404127,-9.008472618957,0.213995395801186));
#2134=CARTESIAN_POINT('Ctrl Pts',(-6.37095597108656,-8.8765537266551,4.15951723282948));
#2135=CARTESIAN_POINT('Ctrl Pts',(-2.88397023818759,-8.73144102873018,7.18145700876461));
#2136=CARTESIAN_POINT('Ctrl Pts',(2.15190830559725,-8.5731380956311,7.4345489568943));
#2137=CARTESIAN_POINT('Ctrl Pts',(5.92335120345938,-8.42802543818322,4.77542174432659));
#2138=CARTESIAN_POINT('Ctrl Pts',(7.42911801816678,-8.29610652297099,0.96276625143925));
#2139=CARTESIAN_POINT('Ctrl Pts',(6.9912351394918,-8.17737856679249,-2.69984787958957));
#2140=CARTESIAN_POINT('Ctrl Pts',(4.85504360421604,-8.05865053106107,-5.70228668776299));
#2141=CARTESIAN_POINT('Ctrl Pts',(0.994207291913196,-7.92013505462366,-7.61272717308394));
#2142=CARTESIAN_POINT('Ctrl Pts',(-4.04379257953379,-7.76183115473956,-6.77912725600163));
#2143=CARTESIAN_POINT('Ctrl Pts',(-7.57159267789422,-7.58373968168364,-2.22731056625371));
#2144=CARTESIAN_POINT('Ctrl Pts',(-7.15478227428907,-7.43532969858467,2.5408257651016));
#2145=CARTESIAN_POINT('Ctrl Pts',(-5.22338379508985,-7.3314433212816,5.07779792539476));
#2146=CARTESIAN_POINT('Ctrl Pts',(-3.79164266868649,-7.27207883642233,6.15767732701006));
#2147=CARTESIAN_POINT('Ctrl Pts',(-1.91312697832671,-7.20282210137742,7.08700805559278));
#2148=CARTESIAN_POINT('Ctrl Pts',(0.985541754712165,-7.10882809415863,7.42799955462055));
#2149=CARTESIAN_POINT('Ctrl Pts',(4.41030950704796,-6.9901007906792,6.05731621607206));
#2150=CARTESIAN_POINT('Ctrl Pts',(6.7655591010434,-6.87137298122118,3.2202073423661));
#2151=CARTESIAN_POINT('Ctrl Pts',(7.48240091962246,-6.75264487639639,-0.399118439676333));
#2152=CARTESIAN_POINT('Ctrl Pts',(6.38610914732415,-6.63391759533813,-3.91703661267801));
#2153=CARTESIAN_POINT('Ctrl Pts',(3.63179724119572,-6.51024247751984,-6.6033043209536));
#2154=CARTESIAN_POINT('Ctrl Pts',(0.627611018334664,-6.41130306824485,-7.34209109232944));
#2155=CARTESIAN_POINT('Ctrl Pts',(-2.9371867546325,-6.29257473829647,-6.88492427778162));
#2156=CARTESIAN_POINT('Ctrl Pts',(-6.50381011967912,-6.15900637716636,-4.47182370775668));
#2157=CARTESIAN_POINT('Ctrl Pts',(-7.81095152304053,-5.98091472641426,1.13752018397552));
#2158=CARTESIAN_POINT('Ctrl Pts',(-5.67644192201797,-5.84734557877514,4.87994186007183));
#2159=CARTESIAN_POINT('Ctrl Pts',(-2.68165518180688,-5.72861841969546,6.86163656941764));
#2160=CARTESIAN_POINT('Ctrl Pts',(0.947734309148896,-5.60989013473168,7.67042191154484));
#2161=CARTESIAN_POINT('Ctrl Pts',(5.72585044755603,-5.44663962376667,5.43303921378796));
#2162=CARTESIAN_POINT('Ctrl Pts',(7.3458330104746,-5.31307118186464,1.44044526521662));
#2163=CARTESIAN_POINT('Ctrl Pts',(7.05038202422613,-5.19434247387436,-2.14093627077984));
#2164=CARTESIAN_POINT('Ctrl Pts',(6.24216035236876,-5.13498089682525,-3.81110080996227));
#2165=CARTESIAN_POINT('Ctrl Pts',(5.34544644879741,-5.09045684670648,-4.80804238189367));
#2166=CARTESIAN_POINT('Ctrl Pts',(-6.99133980570557,-15.0149480203523,-1.43449876322223));
#2167=CARTESIAN_POINT('Ctrl Pts',(-7.34803041493056,-14.9555856450192,0.303910578775609));
#2168=CARTESIAN_POINT('Ctrl Pts',(-6.70659630686794,-14.8368543534952,4.04978853031796));
#2169=CARTESIAN_POINT('Ctrl Pts',(-2.17297993469211,-14.6587649780948,7.52741317264692));
#2170=CARTESIAN_POINT('Ctrl Pts',(3.510958857756,-14.4806721869552,7.00233595809029));
#2171=CARTESIAN_POINT('Ctrl Pts',(7.3322461361005,-14.3025811199563,2.7601018790783));
#2172=CARTESIAN_POINT('Ctrl Pts',(7.25708673634001,-14.1244891194279,-2.94944180000037));
#2173=CARTESIAN_POINT('Ctrl Pts',(3.32943548516359,-13.9463977266387,-7.09152948801194));
#2174=CARTESIAN_POINT('Ctrl Pts',(-2.37036551272301,-13.7683057472019,-7.4675964440427));
#2175=CARTESIAN_POINT('Ctrl Pts',(-6.6399094954323,-13.5968106160729,-4.00920639993003));
#2176=CARTESIAN_POINT('Ctrl Pts',(-7.59937208343987,-13.4319107042258,1.11446147948164));
#2177=CARTESIAN_POINT('Ctrl Pts',(-5.30479821463655,-13.2736072168722,5.55618987060161));
#2178=CARTESIAN_POINT('Ctrl Pts',(-1.1390756638541,-13.1284946409736,7.46795780306822));
#2179=CARTESIAN_POINT('Ctrl Pts',(2.88412578516275,-12.9965757081953,6.85337277782702));
#2180=CARTESIAN_POINT('Ctrl Pts',(5.80569350777732,-12.8778471986399,4.65094154865507));
#2181=CARTESIAN_POINT('Ctrl Pts',(7.32032540932933,-12.7591202379683,1.316103142407));
#2182=CARTESIAN_POINT('Ctrl Pts',(7.06183477680233,-12.6403920442066,-2.33494184909996));
#2183=CARTESIAN_POINT('Ctrl Pts',(5.0922877984139,-12.5216643114657,-5.42154585234862));
#2184=CARTESIAN_POINT('Ctrl Pts',(1.88898894672917,-12.4029365314915,-7.19398885853854));
#2185=CARTESIAN_POINT('Ctrl Pts',(-1.77196330228181,-12.2842087559174,-7.22382056297414));
#2186=CARTESIAN_POINT('Ctrl Pts',(-5.00360282358289,-12.1654809854918,-5.50331892658764));
#2187=CARTESIAN_POINT('Ctrl Pts',(-7.02300667378951,-12.0467532394339,-2.44958641911491));
#2188=CARTESIAN_POINT('Ctrl Pts',(-7.34085581005306,-11.9280253841258,1.19769777897814));
#2189=CARTESIAN_POINT('Ctrl Pts',(-5.88026051582279,-11.8092977067295,4.55472442480837));
#2190=CARTESIAN_POINT('Ctrl Pts',(-2.99487371080599,-11.6905699127933,6.80837153429977));
#2191=CARTESIAN_POINT('Ctrl Pts',(0.615830987854734,-11.5718420068189,7.4122877271081));
#2192=CARTESIAN_POINT('Ctrl Pts',(4.0778675315972,-11.4531145998064,6.22078779205624));
#2193=CARTESIAN_POINT('Ctrl Pts',(6.55116234606321,-11.3343866138282,3.52167177314651));
#2194=CARTESIAN_POINT('Ctrl Pts',(7.43793790147485,-11.2156587335238,-0.030397371857721));
#2195=CARTESIAN_POINT('Ctrl Pts',(6.52216901510015,-11.09693116955,-3.57515903344631));
#2196=CARTESIAN_POINT('Ctrl Pts',(4.02680840136057,-10.9782028879602,-6.25386166736446));
#2197=CARTESIAN_POINT('Ctrl Pts',(0.555311334138684,-10.8594756065311,-7.41720951256462));
#2198=CARTESIAN_POINT('Ctrl Pts',(-3.05067965901732,-10.7407477494168,-6.78338284019197));
#2199=CARTESIAN_POINT('Ctrl Pts',(-5.91684738766164,-10.62201969491,-4.5070297536716));
#2200=CARTESIAN_POINT('Ctrl Pts',(-7.35131154032376,-10.5032926050119,-1.13655454512381));
#2201=CARTESIAN_POINT('Ctrl Pts',(-7.0015592123478,-10.3845638810658,2.50509578825014));
#2202=CARTESIAN_POINT('Ctrl Pts',(-4.73393360928152,-10.2526449411898,5.88608356623191));
#2203=CARTESIAN_POINT('Ctrl Pts',(-0.513253976805243,-10.1075329955051,
7.66473947311752));
#2204=CARTESIAN_POINT('Ctrl Pts',(4.31803207942349,-9.94922904559096,6.35530411268116));
#2205=CARTESIAN_POINT('Ctrl Pts',(7.0588782937873,-9.80411751371649,2.6853306348475));
#2206=CARTESIAN_POINT('Ctrl Pts',(7.30791282038549,-9.67219778100088,-1.37731136061055));
#2207=CARTESIAN_POINT('Ctrl Pts',(5.76803568952671,-9.55346992223987,-4.69649260349797));
#2208=CARTESIAN_POINT('Ctrl Pts',(2.82756809224941,-9.43474223897569,-6.87967001278668));
#2209=CARTESIAN_POINT('Ctrl Pts',(-0.796695655283119,-9.31601435778371,
-7.39488503080707));
#2210=CARTESIAN_POINT('Ctrl Pts',(-4.22795700560947,-9.19728666447682,-6.11958461690642));
#2211=CARTESIAN_POINT('Ctrl Pts',(-6.63608432737789,-9.07855895168033,-3.3600959624781));
#2212=CARTESIAN_POINT('Ctrl Pts',(-7.43343273253762,-8.95983085420908,0.210675393935839));
#2213=CARTESIAN_POINT('Ctrl Pts',(-6.32526411084779,-8.82791196190718,4.12755416947529));
#2214=CARTESIAN_POINT('Ctrl Pts',(-2.86452457126108,-8.68279926398227,7.12818113773431));
#2215=CARTESIAN_POINT('Ctrl Pts',(2.134404112754,-8.52449633088317,7.38059336368468));
#2216=CARTESIAN_POINT('Ctrl Pts',(5.87884324012447,-8.3793836734353,4.74183181067758));
#2217=CARTESIAN_POINT('Ctrl Pts',(7.37447688055315,-8.24746475822307,0.957447970573841));
#2218=CARTESIAN_POINT('Ctrl Pts',(6.94065661368301,-8.12873680204456,-2.6784270720171));
#2219=CARTESIAN_POINT('Ctrl Pts',(4.82081639521605,-8.01000876631315,-5.65938435070051));
#2220=CARTESIAN_POINT('Ctrl Pts',(0.988705405500986,-7.87149328987574,-7.55673031161139));
#2221=CARTESIAN_POINT('Ctrl Pts',(-4.01258403596144,-7.71318938999164,-6.73041879660668));
#2222=CARTESIAN_POINT('Ctrl Pts',(-7.51560935518786,-7.53509791693571,-2.21276722545251));
#2223=CARTESIAN_POINT('Ctrl Pts',(-7.10297068993689,-7.38668793383676,2.52053674921271));
#2224=CARTESIAN_POINT('Ctrl Pts',(-5.18630748995327,-7.28280155653367,5.03938476256614));
#2225=CARTESIAN_POINT('Ctrl Pts',(-3.76530789718486,-7.22343707167441,6.11168738777817));
#2226=CARTESIAN_POINT('Ctrl Pts',(-1.90078094363475,-7.1541803366295,7.03464473894809));
#2227=CARTESIAN_POINT('Ctrl Pts',(0.976592383489484,-7.06018632941071,7.3738220423809));
#2228=CARTESIAN_POINT('Ctrl Pts',(4.37657843074603,-6.94145902593128,6.01398025752012));
#2229=CARTESIAN_POINT('Ctrl Pts',(6.71525123903613,-6.82273121647326,3.19820521324997));
#2230=CARTESIAN_POINT('Ctrl Pts',(7.42768249516815,-6.70400311164846,-0.394438411629975));
#2231=CARTESIAN_POINT('Ctrl Pts',(6.34025179502112,-6.58527583059022,-3.88685097372138));
#2232=CARTESIAN_POINT('Ctrl Pts',(3.60673610041523,-6.46160071277192,-6.55408561962426));
#2233=CARTESIAN_POINT('Ctrl Pts',(0.624729550481652,-6.36266130349693,-7.2881646486978));
#2234=CARTESIAN_POINT('Ctrl Pts',(-2.9140531502951,-6.24393297354854,-6.83518177080593));
#2235=CARTESIAN_POINT('Ctrl Pts',(-6.45512544067611,-6.11036461241845,-4.44058908878025));
#2236=CARTESIAN_POINT('Ctrl Pts',(-7.75400471214965,-5.93227296166634,1.12735627334375));
#2237=CARTESIAN_POINT('Ctrl Pts',(-5.63599948626775,-5.79870381402722,4.84287115147784));
#2238=CARTESIAN_POINT('Ctrl Pts',(-2.66362293674983,-5.67997665494754,6.81074752475736));
#2239=CARTESIAN_POINT('Ctrl Pts',(0.938994553769975,-5.56124836998375,7.61445389221864));
#2240=CARTESIAN_POINT('Ctrl Pts',(5.6826401555353,-5.39799785901875,5.3945926640431));
#2241=CARTESIAN_POINT('Ctrl Pts',(7.29168311663019,-5.26442941711672,1.43160046807261));
#2242=CARTESIAN_POINT('Ctrl Pts',(6.99924838880221,-5.14570070912644,-2.12358948487271));
#2243=CARTESIAN_POINT('Ctrl Pts',(6.19731021898131,-5.08633913207732,-3.78174897757406));
#2244=CARTESIAN_POINT('Ctrl Pts',(5.30741942772462,-5.04181508195856,-4.77157395402613));
#2245=CARTESIAN_POINT('Ctrl Pts',(-6.96584035677094,-15.,-1.42980629269148));
#2246=CARTESIAN_POINT('Ctrl Pts',(-7.32137103713151,-14.940637624667,0.302295443036626));
#2247=CARTESIAN_POINT('Ctrl Pts',(-6.68253632728749,-14.8219063331429,4.03456278951346));
#2248=CARTESIAN_POINT('Ctrl Pts',(-2.16564697110593,-14.6438169577425,7.4999241740063));
#2249=CARTESIAN_POINT('Ctrl Pts',(3.49768989826705,-14.465724166603,6.97715983109418));
#2250=CARTESIAN_POINT('Ctrl Pts',(7.30541214636752,-14.287633099604,2.75062357702328));
#2251=CARTESIAN_POINT('Ctrl Pts',(7.23094916245191,-14.1095410990756,-2.93819436278066));
#2252=CARTESIAN_POINT('Ctrl Pts',(3.31786866954295,-13.9314497062864,-7.06552636320366));
#2253=CARTESIAN_POINT('Ctrl Pts',(-2.36120353959898,-13.7533577268496,-7.44065340078247));
#2254=CARTESIAN_POINT('Ctrl Pts',(-6.61549841319009,-13.5818625957207,-3.99513335227314));
#2255=CARTESIAN_POINT('Ctrl Pts',(-7.57185732088022,-13.4169626838735,1.10984814068046));
#2256=CARTESIAN_POINT('Ctrl Pts',(-5.28594265551282,-13.25865919652,5.53561696937776));
#2257=CARTESIAN_POINT('Ctrl Pts',(-1.13549090435344,-13.1135466206213,7.44075466543329));
#2258=CARTESIAN_POINT('Ctrl Pts',(2.87314336735964,-12.981627687843,6.82869283373503));
#2259=CARTESIAN_POINT('Ctrl Pts',(5.78426288952968,-12.8628991782876,4.63448596582087));
#2260=CARTESIAN_POINT('Ctrl Pts',(7.2936418691401,-12.744172217616,1.31186124879883));
#2261=CARTESIAN_POINT('Ctrl Pts',(7.03636099420392,-12.6254440238543,-2.32593796674643));
#2262=CARTESIAN_POINT('Ctrl Pts',(5.07419495540138,-12.5067162911134,-5.40147915915235));
#2263=CARTESIAN_POINT('Ctrl Pts',(1.88266141402902,-12.3879885111392,-7.16772169092783));
#2264=CARTESIAN_POINT('Ctrl Pts',(-1.764992940031,-12.2692607355651,-7.19771649381778));
#2265=CARTESIAN_POINT('Ctrl Pts',(-4.98502322640491,-12.1505329651395,-5.48370246140959));
#2266=CARTESIAN_POINT('Ctrl Pts',(-6.99731906144992,-12.0318052190816,-2.44121030644541));
#2267=CARTESIAN_POINT('Ctrl Pts',(-7.31428424663593,-11.9130773637735,1.19280461805506));
#2268=CARTESIAN_POINT('Ctrl Pts',(-5.85924152558239,-11.7943496863772,4.53774656370819));
#2269=CARTESIAN_POINT('Ctrl Pts',(-2.98450201654069,-11.6756218924411,6.78342424552606));
#2270=CARTESIAN_POINT('Ctrl Pts',(0.613047146787598,-11.5568939864667,7.38541124658341));
#2271=CARTESIAN_POINT('Ctrl Pts',(4.0625936013188,-11.4381665794542,6.19850151032114));
#2272=CARTESIAN_POINT('Ctrl Pts',(6.52711042805982,-11.3194385934759,3.50936352395544));
#2273=CARTESIAN_POINT('Ctrl Pts',(7.41092708489194,-11.2007107131715,-0.0297362112085609));
#2274=CARTESIAN_POINT('Ctrl Pts',(6.49874802684459,-11.0819831491977,-3.56168813207231));
#2275=CARTESIAN_POINT('Ctrl Pts',(4.01264366245407,-10.963254867608,-6.23085538734923));
#2276=CARTESIAN_POINT('Ctrl Pts',(0.553845774568261,-10.8445275861788,-7.39022772649594));
#2277=CARTESIAN_POINT('Ctrl Pts',(-3.03909915349301,-10.7257997290645,-6.75897542948579));
#2278=CARTESIAN_POINT('Ctrl Pts',(-5.89502349630919,-10.6070716745577,-4.49109602009213));
#2279=CARTESIAN_POINT('Ctrl Pts',(-7.3245309802712,-10.4883445846596,-1.13297696269687));
#2280=CARTESIAN_POINT('Ctrl Pts',(-6.97631344006778,-10.3696158607136,2.49548292723969));
#2281=CARTESIAN_POINT('Ctrl Pts',(-4.71717969803361,-10.2376969208375,5.8643554667289));
#2282=CARTESIAN_POINT('Ctrl Pts',(-0.511957834641236,-10.0925849751528,
7.63686405751609));
#2283=CARTESIAN_POINT('Ctrl Pts',(4.30188339120562,-9.93428102523868,6.33254175448195));
#2284=CARTESIAN_POINT('Ctrl Pts',(7.03304037135672,-9.78916949336421,2.67610305026458));
#2285=CARTESIAN_POINT('Ctrl Pts',(7.28147510674175,-9.6572497606486,-1.37176872280937));
#2286=CARTESIAN_POINT('Ctrl Pts',(5.74743464070181,-9.53852190188759,-4.67900838894047));
#2287=CARTESIAN_POINT('Ctrl Pts',(2.81780873070523,-9.4197942186234,-6.8544752761029));
#2288=CARTESIAN_POINT('Ctrl Pts',(-0.793254701144096,-9.30106633743144,
-7.36808716916415));
#2289=CARTESIAN_POINT('Ctrl Pts',(-4.21214866106034,-9.18233864412454,-6.09767289462475));
#2290=CARTESIAN_POINT('Ctrl Pts',(-6.61173462664384,-9.06361093132805,-3.34838386491986));
#2291=CARTESIAN_POINT('Ctrl Pts',(-7.4064516699018,-8.9448828338568,0.209358982409951));
#2292=CARTESIAN_POINT('Ctrl Pts',(-6.30259704077246,-8.8129639415549,4.11209764582386));
#2293=CARTESIAN_POINT('Ctrl Pts',(-2.85465102517763,-8.66785124362998,7.10207853055217));
#2294=CARTESIAN_POINT('Ctrl Pts',(2.12610634287125,-8.5095483105309,7.35394817272205));
#2295=CARTESIAN_POINT('Ctrl Pts',(5.85714255447999,-8.36443565308302,4.72504381180609));
#2296=CARTESIAN_POINT('Ctrl Pts',(7.34762183589977,-8.23251673787079,0.954521303606479));
#2297=CARTESIAN_POINT('Ctrl Pts',(6.91564827938507,-8.11378878169229,-2.66819135218373));
#2298=CARTESIAN_POINT('Ctrl Pts',(4.8037270668797,-7.99506074596087,-5.63847100210315));
#2299=CARTESIAN_POINT('Ctrl Pts',(0.985675847736276,-7.85654526952345,-7.52921368602617));
#2300=CARTESIAN_POINT('Ctrl Pts',(-3.9975131821301,-7.69824136963936,-6.70627153164335));
#2301=CARTESIAN_POINT('Ctrl Pts',(-7.48815065855377,-7.52014989658344,-2.20528864793416));
#2302=CARTESIAN_POINT('Ctrl Pts',(-7.07735952944459,-7.37173991348447,2.51085836521555));
#2303=CARTESIAN_POINT('Ctrl Pts',(-5.16784856155368,-7.26785353618139,5.02069522794907));
#2304=CARTESIAN_POINT('Ctrl Pts',(-3.75208817751065,-7.20848905132213,6.08921025394376));
#2305=CARTESIAN_POINT('Ctrl Pts',(-1.89439254672898,-7.13923231627723,7.00895828247294));
#2306=CARTESIAN_POINT('Ctrl Pts',(0.972492522707474,-7.04523830905842,7.3471132347293));
#2307=CARTESIAN_POINT('Ctrl Pts',(4.36024396864808,-6.926511005579,5.99246229908168));
#2308=CARTESIAN_POINT('Ctrl Pts',(6.690623333901,-6.80778319612098,3.18708626567628));
#2309=CARTESIAN_POINT('Ctrl Pts',(7.4007388595753,-6.68905509129619,-0.39245919954621));
#2310=CARTESIAN_POINT('Ctrl Pts',(6.31751071911413,-6.57032781023793,-3.87226379784756));
#2311=CARTESIAN_POINT('Ctrl Pts',(3.59412625413473,-6.44665269241963,-6.53001508495846));
#2312=CARTESIAN_POINT('Ctrl Pts',(0.623003150727812,-6.34771328314465,-7.26164867360029));
#2313=CARTESIAN_POINT('Ctrl Pts',(-2.90296887512218,-6.22898495319626,-6.81057262295864));
#2314=CARTESIAN_POINT('Ctrl Pts',(-6.43135104722337,-6.09541659206617,-4.42494126090238));
#2315=CARTESIAN_POINT('Ctrl Pts',(-7.72592612745425,-5.91732494131405,1.12268968900961));
#2316=CARTESIAN_POINT('Ctrl Pts',(-5.61589372562095,-5.78375579367494,4.82486258111105));
#2317=CARTESIAN_POINT('Ctrl Pts',(-2.6544505894034,-5.66502863459525,6.7858151057688));
#2318=CARTESIAN_POINT('Ctrl Pts',(0.93502158136276,-5.54630034963148,7.58687291498918));
#2319=CARTESIAN_POINT('Ctrl Pts',(5.66159982822521,-5.38304983866646,5.37541434171472));
#2320=CARTESIAN_POINT('Ctrl Pts',(7.26509903939101,-5.24948139676443,1.42695183471362));
#2321=CARTESIAN_POINT('Ctrl Pts',(6.97397919471473,-5.13075268877416,-2.11536916964022));
#2322=CARTESIAN_POINT('Ctrl Pts',(6.17509784539438,-5.07139111172504,-3.76753555316397));
#2323=CARTESIAN_POINT('Ctrl Pts',(5.28849574840435,-5.02686706160628,-4.75385008490465));
#2324=CARTESIAN_POINT('',(-6.96584035677094,-15.,-1.42980629269148));
#2325=CARTESIAN_POINT('Ctrl Pts',(5.28849574840435,-5.02686706160628,-4.75385008490465));
#2326=CARTESIAN_POINT('Ctrl Pts',(6.17509784539438,-5.07139111172504,-3.76753555316397));
#2327=CARTESIAN_POINT('Ctrl Pts',(6.97397919471473,-5.13075268877416,-2.11536916964022));
#2328=CARTESIAN_POINT('Ctrl Pts',(7.26509903939101,-5.24948139676443,1.42695183471362));
#2329=CARTESIAN_POINT('Ctrl Pts',(5.66159982822521,-5.38304983866646,5.37541434171472));
#2330=CARTESIAN_POINT('Ctrl Pts',(0.93502158136276,-5.54630034963148,7.58687291498918));
#2331=CARTESIAN_POINT('Ctrl Pts',(-2.6544505894034,-5.66502863459525,6.7858151057688));
#2332=CARTESIAN_POINT('Ctrl Pts',(-5.61589372562095,-5.78375579367494,4.82486258111105));
#2333=CARTESIAN_POINT('Ctrl Pts',(-7.72592612745425,-5.91732494131405,1.12268968900961));
#2334=CARTESIAN_POINT('Ctrl Pts',(-6.43135104722337,-6.09541659206617,-4.42494126090238));
#2335=CARTESIAN_POINT('Ctrl Pts',(-2.90296887512218,-6.22898495319626,-6.81057262295864));
#2336=CARTESIAN_POINT('Ctrl Pts',(0.623003150727812,-6.34771328314465,-7.26164867360029));
#2337=CARTESIAN_POINT('Ctrl Pts',(3.59412625413473,-6.44665269241963,-6.53001508495846));
#2338=CARTESIAN_POINT('Ctrl Pts',(6.31751071911413,-6.57032781023793,-3.87226379784756));
#2339=CARTESIAN_POINT('Ctrl Pts',(7.4007388595753,-6.68905509129619,-0.39245919954621));
#2340=CARTESIAN_POINT('Ctrl Pts',(6.690623333901,-6.80778319612098,3.18708626567628));
#2341=CARTESIAN_POINT('Ctrl Pts',(4.36024396864808,-6.926511005579,5.99246229908168));
#2342=CARTESIAN_POINT('Ctrl Pts',(0.972492522707474,-7.04523830905842,7.3471132347293));
#2343=CARTESIAN_POINT('Ctrl Pts',(-1.89439254672898,-7.13923231627723,7.00895828247294));
#2344=CARTESIAN_POINT('Ctrl Pts',(-3.75208817751065,-7.20848905132213,6.08921025394376));
#2345=CARTESIAN_POINT('Ctrl Pts',(-5.16784856155368,-7.26785353618139,5.02069522794907));
#2346=CARTESIAN_POINT('Ctrl Pts',(-7.07735952944459,-7.37173991348447,2.51085836521555));
#2347=CARTESIAN_POINT('Ctrl Pts',(-7.48815065855377,-7.52014989658344,-2.20528864793416));
#2348=CARTESIAN_POINT('Ctrl Pts',(-3.9975131821301,-7.69824136963936,-6.70627153164335));
#2349=CARTESIAN_POINT('Ctrl Pts',(0.985675847736276,-7.85654526952345,-7.52921368602617));
#2350=CARTESIAN_POINT('Ctrl Pts',(4.8037270668797,-7.99506074596087,-5.63847100210315));
#2351=CARTESIAN_POINT('Ctrl Pts',(6.91564827938507,-8.11378878169229,-2.66819135218373));
#2352=CARTESIAN_POINT('Ctrl Pts',(7.34762183589977,-8.23251673787079,0.954521303606479));
#2353=CARTESIAN_POINT('Ctrl Pts',(5.85714255447999,-8.36443565308302,4.72504381180609));
#2354=CARTESIAN_POINT('Ctrl Pts',(2.12610634287125,-8.5095483105309,7.35394817272205));
#2355=CARTESIAN_POINT('Ctrl Pts',(-2.85465102517763,-8.66785124362998,7.10207853055217));
#2356=CARTESIAN_POINT('Ctrl Pts',(-6.30259704077246,-8.8129639415549,4.11209764582386));
#2357=CARTESIAN_POINT('Ctrl Pts',(-7.4064516699018,-8.9448828338568,0.209358982409951));
#2358=CARTESIAN_POINT('Ctrl Pts',(-6.61173462664384,-9.06361093132805,-3.34838386491986));
#2359=CARTESIAN_POINT('Ctrl Pts',(-4.21214866106034,-9.18233864412454,-6.09767289462475));
#2360=CARTESIAN_POINT('Ctrl Pts',(-0.793254701144096,-9.30106633743144,
-7.36808716916415));
#2361=CARTESIAN_POINT('Ctrl Pts',(2.81780873070523,-9.4197942186234,-6.8544752761029));
#2362=CARTESIAN_POINT('Ctrl Pts',(5.74743464070181,-9.53852190188759,-4.67900838894047));
#2363=CARTESIAN_POINT('Ctrl Pts',(7.28147510674175,-9.6572497606486,-1.37176872280937));
#2364=CARTESIAN_POINT('Ctrl Pts',(7.03304037135672,-9.78916949336421,2.67610305026458));
#2365=CARTESIAN_POINT('Ctrl Pts',(4.30188339120562,-9.93428102523868,6.33254175448195));
#2366=CARTESIAN_POINT('Ctrl Pts',(-0.511957834641236,-10.0925849751528,
7.63686405751609));
#2367=CARTESIAN_POINT('Ctrl Pts',(-4.71717969803361,-10.2376969208375,5.8643554667289));
#2368=CARTESIAN_POINT('Ctrl Pts',(-6.97631344006778,-10.3696158607136,2.49548292723969));
#2369=CARTESIAN_POINT('Ctrl Pts',(-7.3245309802712,-10.4883445846596,-1.13297696269687));
#2370=CARTESIAN_POINT('Ctrl Pts',(-5.89502349630919,-10.6070716745577,-4.49109602009213));
#2371=CARTESIAN_POINT('Ctrl Pts',(-3.03909915349301,-10.7257997290645,-6.75897542948579));
#2372=CARTESIAN_POINT('Ctrl Pts',(0.553845774568261,-10.8445275861788,-7.39022772649594));
#2373=CARTESIAN_POINT('Ctrl Pts',(4.01264366245407,-10.963254867608,-6.23085538734923));
#2374=CARTESIAN_POINT('Ctrl Pts',(6.49874802684459,-11.0819831491977,-3.56168813207231));
#2375=CARTESIAN_POINT('Ctrl Pts',(7.41092708489194,-11.2007107131715,-0.0297362112085609));
#2376=CARTESIAN_POINT('Ctrl Pts',(6.52711042805982,-11.3194385934759,3.50936352395544));
#2377=CARTESIAN_POINT('Ctrl Pts',(4.0625936013188,-11.4381665794542,6.19850151032114));
#2378=CARTESIAN_POINT('Ctrl Pts',(0.613047146787598,-11.5568939864667,7.38541124658341));
#2379=CARTESIAN_POINT('Ctrl Pts',(-2.98450201654069,-11.6756218924411,6.78342424552606));
#2380=CARTESIAN_POINT('Ctrl Pts',(-5.85924152558239,-11.7943496863772,4.53774656370819));
#2381=CARTESIAN_POINT('Ctrl Pts',(-7.31428424663593,-11.9130773637735,1.19280461805506));
#2382=CARTESIAN_POINT('Ctrl Pts',(-6.99731906144992,-12.0318052190816,-2.44121030644541));
#2383=CARTESIAN_POINT('Ctrl Pts',(-4.98502322640491,-12.1505329651395,-5.48370246140959));
#2384=CARTESIAN_POINT('Ctrl Pts',(-1.764992940031,-12.2692607355651,-7.19771649381778));
#2385=CARTESIAN_POINT('Ctrl Pts',(1.88266141402902,-12.3879885111392,-7.16772169092783));
#2386=CARTESIAN_POINT('Ctrl Pts',(5.07419495540138,-12.5067162911134,-5.40147915915235));
#2387=CARTESIAN_POINT('Ctrl Pts',(7.03636099420392,-12.6254440238543,-2.32593796674643));
#2388=CARTESIAN_POINT('Ctrl Pts',(7.2936418691401,-12.744172217616,1.31186124879883));
#2389=CARTESIAN_POINT('Ctrl Pts',(5.78426288952968,-12.8628991782876,4.63448596582087));
#2390=CARTESIAN_POINT('Ctrl Pts',(2.87314336735964,-12.981627687843,6.82869283373503));
#2391=CARTESIAN_POINT('Ctrl Pts',(-1.13549090435344,-13.1135466206213,7.44075466543329));
#2392=CARTESIAN_POINT('Ctrl Pts',(-5.28594265551282,-13.25865919652,5.53561696937776));
#2393=CARTESIAN_POINT('Ctrl Pts',(-7.57185732088022,-13.4169626838735,1.10984814068046));
#2394=CARTESIAN_POINT('Ctrl Pts',(-6.61549841319009,-13.5818625957207,-3.99513335227314));
#2395=CARTESIAN_POINT('Ctrl Pts',(-2.36120353959898,-13.7533577268496,-7.44065340078247));
#2396=CARTESIAN_POINT('Ctrl Pts',(3.31786866954295,-13.9314497062864,-7.06552636320366));
#2397=CARTESIAN_POINT('Ctrl Pts',(7.23094916245191,-14.1095410990756,-2.93819436278066));
#2398=CARTESIAN_POINT('Ctrl Pts',(7.30541214636752,-14.287633099604,2.75062357702328));
#2399=CARTESIAN_POINT('Ctrl Pts',(3.49768989826705,-14.465724166603,6.97715983109418));
#2400=CARTESIAN_POINT('Ctrl Pts',(-2.16564697110593,-14.6438169577425,7.4999241740063));
#2401=CARTESIAN_POINT('Ctrl Pts',(-6.68253632728749,-14.8219063331429,4.03456278951346));
#2402=CARTESIAN_POINT('Ctrl Pts',(-7.32137103713151,-14.940637624667,0.302295443036626));
#2403=CARTESIAN_POINT('Ctrl Pts',(-6.96584035677094,-15.,-1.42980629269148));
#2404=CARTESIAN_POINT('Ctrl Pts',(-2.24467160642404,-15.,6.74749785401615));
#2405=CARTESIAN_POINT('Ctrl Pts',(-2.84799607029319,-15.,6.5850177885128));
#2406=CARTESIAN_POINT('Ctrl Pts',(-3.63131971572704,-15.,6.26175479653871));
#2407=CARTESIAN_POINT('Ctrl Pts',(-5.14329552101858,-15.,5.12614413372638));
#2408=CARTESIAN_POINT('Ctrl Pts',(-5.75628462909657,-14.9999999999998,4.43756845551764));
#2409=CARTESIAN_POINT('Ctrl Pts',(-6.661027397702,-14.9999999999998,2.89807165259041));
#2410=CARTESIAN_POINT('Ctrl Pts',(-6.95829269165373,-15.,2.06605295859666));
#2411=CARTESIAN_POINT('Ctrl Pts',(-7.16783190306733,-15.,0.702385306923663));
#2412=CARTESIAN_POINT('Ctrl Pts',(-7.18902846707142,-15.0000000000156,0.193862146846292));
#2413=CARTESIAN_POINT('Ctrl Pts',(-7.12370135761739,-15.0000000000156,-0.688375428600331));
#2414=CARTESIAN_POINT('Ctrl Pts',(-7.06233646536068,-15.,-1.06784368396188));
#2415=CARTESIAN_POINT('Ctrl Pts',(-6.96584035677096,-15.,-1.42980629269134));
#2416=CARTESIAN_POINT('Ctrl Pts',(-0.398356704456739,-15.3132885285906,
-7.09990069273188));
#2417=CARTESIAN_POINT('Ctrl Pts',(-2.21929788072357,-15.2520598293824,-6.99773248540331));
#2418=CARTESIAN_POINT('Ctrl Pts',(-5.76820742735186,-15.1296024309659,-5.32809326635176));
#2419=CARTESIAN_POINT('Ctrl Pts',(-7.85081878834121,-14.9459163333412,0.190579860509272));
#2420=CARTESIAN_POINT('Ctrl Pts',(-5.50653719274391,-14.7622302357165,5.59630261499784));
#2421=CARTESIAN_POINT('Ctrl Pts',(-0.0618368713839873,-14.5785441380917,
7.85268610183904));
#2422=CARTESIAN_POINT('Ctrl Pts',(5.41835327617441,-14.3948580404671,5.68187577163153));
#2423=CARTESIAN_POINT('Ctrl Pts',(7.84619489783784,-14.2111719428423,0.314425029904595));
#2424=CARTESIAN_POINT('Ctrl Pts',(5.85247552267507,-14.0274858452176,-5.2378499849523));
#2425=CARTESIAN_POINT('Ctrl Pts',(1.15221780340611,-13.8642093139956,-7.53646669637292));
#2426=CARTESIAN_POINT('Ctrl Pts',(-3.17333458505244,-13.7213423491764,-6.71513801159166));
#2427=CARTESIAN_POINT('Ctrl Pts',(-6.06246113694388,-13.5988849507599,-4.29862473007122));
#2428=CARTESIAN_POINT('Ctrl Pts',(-7.38894526946042,-13.4764275523434,-0.769428767674294));
#2429=CARTESIAN_POINT('Ctrl Pts',(-6.75729882147048,-13.3403637763252,3.37296871774373));
#2430=CARTESIAN_POINT('Ctrl Pts',(-3.53709044626858,-13.190693622705,6.82939657144424));
#2431=CARTESIAN_POINT('Ctrl Pts',(1.5781355220892,-13.0274170914831,7.52733119718012));
#2432=CARTESIAN_POINT('Ctrl Pts',(5.6062488157886,-12.8777469378629,5.06153605005759));
#2433=CARTESIAN_POINT('Ctrl Pts',(7.32491214864677,-12.7416831618446,1.23788621466939));
#2434=CARTESIAN_POINT('Ctrl Pts',(6.99286109379496,-12.6192257634281,-2.51435797586444));
#2435=CARTESIAN_POINT('Ctrl Pts',(4.85719723152476,-12.4967683650116,-5.62338784271629));
#2436=CARTESIAN_POINT('Ctrl Pts',(1.47295262366708,-12.3743109665951,-7.28269888632104));
#2437=CARTESIAN_POINT('Ctrl Pts',(-2.29012538884197,-12.2518535681787,-7.06895266765756));
#2438=CARTESIAN_POINT('Ctrl Pts',(-5.46612655900211,-12.1293961697621,-5.03425157360912));
#2439=CARTESIAN_POINT('Ctrl Pts',(-7.23025207195977,-12.0069387713457,-1.70591802432448));
#2440=CARTESIAN_POINT('Ctrl Pts',(-7.13255896745827,-11.8708749953274,2.48499095659651));
#2441=CARTESIAN_POINT('Ctrl Pts',(-4.37932837593709,-11.7212048417072,6.32254648593812));
#2442=CARTESIAN_POINT('Ctrl Pts',(0.605163515671042,-11.5579283104853,7.66693143850932));
#2443=CARTESIAN_POINT('Ctrl Pts',(4.91528999922474,-11.4082581568651,5.73435741071399));
#2444=CARTESIAN_POINT('Ctrl Pts',(7.10743058016571,-11.2721943808468,2.1614872607261));
#2445=CARTESIAN_POINT('Ctrl Pts',(7.25596334576691,-11.1497369824303,-1.60274511299317));
#2446=CARTESIAN_POINT('Ctrl Pts',(5.534466724441,-11.0272795840138,-4.95833452300097));
#2447=CARTESIAN_POINT('Ctrl Pts',(2.38917979199372,-10.9048221855974,-7.03562028492009));
#2448=CARTESIAN_POINT('Ctrl Pts',(-1.37061393019786,-10.7823647871809,-7.30315256010936));
#2449=CARTESIAN_POINT('Ctrl Pts',(-4.77953169670236,-10.6599073887644,-5.689935017721));
#2450=CARTESIAN_POINT('Ctrl Pts',(-6.95389983941219,-10.5374499903479,-2.61329817000455));
#2451=CARTESIAN_POINT('Ctrl Pts',(-7.39080732576738,-10.4013862143296,1.55486810095867));
#2452=CARTESIAN_POINT('Ctrl Pts',(-5.14894386944326,-10.2517160607095,5.71427562794181));
#2453=CARTESIAN_POINT('Ctrl Pts',(-0.378114988475613,-10.0884395294875,
7.67975334347794));
#2454=CARTESIAN_POINT('Ctrl Pts',(4.55901697652467,-9.92516299826552,6.19352813207566));
#2455=CARTESIAN_POINT('Ctrl Pts',(7.44687637564307,-9.76188646704357,1.91899121555798));
#2456=CARTESIAN_POINT('Ctrl Pts',(6.98380397348552,-9.59860993582157,-3.21694970946657));
#2457=CARTESIAN_POINT('Ctrl Pts',(3.38180740544616,-9.43533340459961,-6.90719070975586));
#2458=CARTESIAN_POINT('Ctrl Pts',(-1.74645584455046,-9.27205687337763,-7.48903091073809));
#2459=CARTESIAN_POINT('Ctrl Pts',(-4.99561621246066,-9.14959947496116,-5.39993362764297));
#2460=CARTESIAN_POINT('Ctrl Pts',(-6.75508808189388,-9.0407484541465,-2.65969017492084));
#2461=CARTESIAN_POINT('Ctrl Pts',(-7.43007994261815,-8.9455038109337,0.187945177339799));
#2462=CARTESIAN_POINT('Ctrl Pts',(-6.37696003670872,-8.82304641251721,3.81744873543424));
#2463=CARTESIAN_POINT('Ctrl Pts',(-4.1347823861767,-8.72099858050347,6.00469233242426));
#2464=CARTESIAN_POINT('Ctrl Pts',(-0.731543377774682,-8.598541182087,7.42104190577168));
#2465=CARTESIAN_POINT('Ctrl Pts',(3.15262060604894,-8.47608378367051,6.94115188468366));
#2466=CARTESIAN_POINT('Ctrl Pts',(6.33082193959414,-8.33321681885129,3.88595416362535));
#2467=CARTESIAN_POINT('Ctrl Pts',(7.42502722915075,-8.21075942043481,0.285075423728744));
#2468=CARTESIAN_POINT('Ctrl Pts',(6.60850077171007,-8.08830202201833,-3.39851454836633));
#2469=CARTESIAN_POINT('Ctrl Pts',(4.0903060180566,-7.96584462360185,-6.2026631247744));
#2470=CARTESIAN_POINT('Ctrl Pts',(0.520468023369096,-7.84338722518537,-7.4125484462747));
#2471=CARTESIAN_POINT('Ctrl Pts',(-3.18564447239974,-7.72092982676889,-6.71344409143851));
#2472=CARTESIAN_POINT('Ctrl Pts',(-6.06722031670279,-7.59847242835241,-4.28658715463515));
#2473=CARTESIAN_POINT('Ctrl Pts',(-7.54379470457555,-7.4624086523341,-0.364361315669167));
#2474=CARTESIAN_POINT('Ctrl Pts',(-6.42644683920758,-7.31273849871395,4.22691061128525));
#2475=CARTESIAN_POINT('Ctrl Pts',(-2.30750780856544,-7.14946196749199,7.33441469682688));
#2476=CARTESIAN_POINT('Ctrl Pts',(2.84486194643937,-6.98618543627,7.1454371322919));
#2477=CARTESIAN_POINT('Ctrl Pts',(6.7198725026017,-6.82290890504805,3.73870152503686));
#2478=CARTESIAN_POINT('Ctrl Pts',(7.56998227668739,-6.65963237382606,-1.34514307928298));
#2479=CARTESIAN_POINT('Ctrl Pts',(4.91263836270813,-6.48955265380318,-6.01841907477996));
#2480=CARTESIAN_POINT('Ctrl Pts',(-0.458421504547633,-6.31266974497937,
-7.83982113570759));
#2481=CARTESIAN_POINT('Ctrl Pts',(-5.78494671278138,-6.12898364735465,-5.30971423281492));
#2482=CARTESIAN_POINT('Ctrl Pts',(-7.84883474286783,-5.94529754972994,0.209025208949802));
#2483=CARTESIAN_POINT('Ctrl Pts',(-5.49275428038241,-5.7616114521052,5.61201944960408));
#2484=CARTESIAN_POINT('Ctrl Pts',(-0.0411163376311738,-5.5779253544805,
7.8511071535203));
#2485=CARTESIAN_POINT('Ctrl Pts',(5.4328946343377,-5.39423925685576,5.670580631094));
#2486=CARTESIAN_POINT('Ctrl Pts',(7.84710042062674,-5.21055315923106,0.288787008453046));
#2487=CARTESIAN_POINT('Ctrl Pts',(6.50773552935857,-5.08809576081457,-3.39748749822233));
#2488=CARTESIAN_POINT('Ctrl Pts',(5.28849574840444,-5.02686706160633,-4.75385008490469));
#2489=CARTESIAN_POINT('Ctrl Pts',(-0.388370364354811,-15.2088592488464,
-6.91930395858712));
#2490=CARTESIAN_POINT('Ctrl Pts',(-2.16299314209734,-15.1476305496382,-6.81969698755616));
#2491=CARTESIAN_POINT('Ctrl Pts',(-5.62160055554019,-15.0251731512217,-5.19245266722412));
#2492=CARTESIAN_POINT('Ctrl Pts',(-7.65112645363753,-14.841487053597,0.185893842680432));
#2493=CARTESIAN_POINT('Ctrl Pts',(-5.36636134167969,-14.6578009559723,5.45407187348567));
#2494=CARTESIAN_POINT('Ctrl Pts',(-0.060102540541869,-14.4741148583475,
7.65295146240027));
#2495=CARTESIAN_POINT('Ctrl Pts',(5.28065234652984,-14.2904287607228,5.53724377976993));
#2496=CARTESIAN_POINT('Ctrl Pts',(7.64663055876426,-14.1067426630981,0.306266161398593));
#2497=CARTESIAN_POINT('Ctrl Pts',(5.70350797647342,-13.9230565654734,-5.10474373007918));
#2498=CARTESIAN_POINT('Ctrl Pts',(1.1227557421519,-13.7597800342514,-7.34479763518082));
#2499=CARTESIAN_POINT('Ctrl Pts',(-3.09275776650216,-13.6169130694322,-6.54427078895134));
#2500=CARTESIAN_POINT('Ctrl Pts',(-5.90834864482652,-13.4944556710157,-4.18916298299524));
#2501=CARTESIAN_POINT('Ctrl Pts',(-7.20102059708842,-13.3719982725992,-0.749706117692629));
#2502=CARTESIAN_POINT('Ctrl Pts',(-6.58535511788092,-13.2359344965809,3.28731499980944));
#2503=CARTESIAN_POINT('Ctrl Pts',(-3.44698282752665,-13.0862643429608,6.65576113858937));
#2504=CARTESIAN_POINT('Ctrl Pts',(1.53814987121848,-12.9229878117388,7.3358383518149));
#2505=CARTESIAN_POINT('Ctrl Pts',(5.46375593796277,-12.7733176581186,4.9326787593603));
#2506=CARTESIAN_POINT('Ctrl Pts',(7.13862581573465,-12.6372538821004,1.20624949702074));
#2507=CARTESIAN_POINT('Ctrl Pts',(6.81494343540758,-12.5147964836838,-2.45054817702753));
#2508=CARTESIAN_POINT('Ctrl Pts',(4.7335370204254,-12.3923390852674,-5.48045482547251));
#2509=CARTESIAN_POINT('Ctrl Pts',(1.43533777470288,-12.2698816868509,-7.09749109684171));
#2510=CARTESIAN_POINT('Ctrl Pts',(-2.23202059149696,-12.1474242884344,-6.88910420411942));
#2511=CARTESIAN_POINT('Ctrl Pts',(-5.32719718082359,-12.0249668900179,-4.90609115520476));
#2512=CARTESIAN_POINT('Ctrl Pts',(-7.04638307669936,-11.9025094916015,-1.66237869483423));
#2513=CARTESIAN_POINT('Ctrl Pts',(-6.95108864755143,-11.7664457155831,2.42193099132311));
#2514=CARTESIAN_POINT('Ctrl Pts',(-4.26780855378167,-11.616775561963,6.16182028861989));
#2515=CARTESIAN_POINT('Ctrl Pts',(0.589928630332893,-11.453499030741,7.47190781920271));
#2516=CARTESIAN_POINT('Ctrl Pts',(4.79038574537315,-11.3038288771209,5.58840087483592));
#2517=CARTESIAN_POINT('Ctrl Pts',(6.92669496282743,-11.1677651011026,2.10636288871595));
#2518=CARTESIAN_POINT('Ctrl Pts',(7.07137233380524,-11.0453077026861,-1.56212792759268));
#2519=CARTESIAN_POINT('Ctrl Pts',(5.3935935951794,-10.9228503042696,-4.83233130532369));
#2520=CARTESIAN_POINT('Ctrl Pts',(2.32826545487477,-10.8003929058531,-6.85671587087782));
#2521=CARTESIAN_POINT('Ctrl Pts',(-1.33590205583785,-10.6779355074367,-7.11736604706873));
#2522=CARTESIAN_POINT('Ctrl Pts',(-4.65807959071212,-10.5554781090202,-5.54511117324925));
#2523=CARTESIAN_POINT('Ctrl Pts',(-6.77707862340657,-10.4330207106037,-2.54668498135508));
#2524=CARTESIAN_POINT('Ctrl Pts',(-7.20278749282483,-10.2969569345854,1.51547145755183));
#2525=CARTESIAN_POINT('Ctrl Pts',(-5.01786110785519,-10.1472867809653,5.56903684697347));
#2526=CARTESIAN_POINT('Ctrl Pts',(-0.368339565731127,-9.98401024974326,
7.48442381519951));
#2527=CARTESIAN_POINT('Ctrl Pts',(4.44318409853377,-9.82073371852132,6.03589974932925));
#2528=CARTESIAN_POINT('Ctrl Pts',(7.25750184489961,-9.65745718729933,1.87002783761905));
#2529=CARTESIAN_POINT('Ctrl Pts',(6.8061022380486,-9.49418065607736,-3.13526904939412));
#2530=CARTESIAN_POINT('Ctrl Pts',(3.29564786682445,-9.33090412485539,-6.73157336148132));
#2531=CARTESIAN_POINT('Ctrl Pts',(-1.70218811723309,-9.16762759363342,-7.29850878557778));
#2532=CARTESIAN_POINT('Ctrl Pts',(-4.86866195551828,-9.04517019521693,-5.26248162988724));
#2533=CARTESIAN_POINT('Ctrl Pts',(-6.58332466842823,-8.93631917440228,-2.59190107737522));
#2534=CARTESIAN_POINT('Ctrl Pts',(-7.24108930694017,-8.84107453118946,0.183317520928276));
#2535=CARTESIAN_POINT('Ctrl Pts',(-6.21468124717796,-8.71861713277298,3.72048168564813));
#2536=CARTESIAN_POINT('Ctrl Pts',(-4.02948921650949,-8.61656930075924,5.85204584192666));
#2537=CARTESIAN_POINT('Ctrl Pts',(-0.712783696311596,-8.49411190234277,
7.23230006412277));
#2538=CARTESIAN_POINT('Ctrl Pts',(3.07257530309111,-8.37165450392629,6.76453634370961));
#2539=CARTESIAN_POINT('Ctrl Pts',(6.1698751069374,-8.22878753910706,3.78698332284879));
#2540=CARTESIAN_POINT('Ctrl Pts',(7.23617483852039,-8.10633014069059,0.277671734253453));
#2541=CARTESIAN_POINT('Ctrl Pts',(6.44034127511365,-7.9838727422741,-3.31220800304645));
#2542=CARTESIAN_POINT('Ctrl Pts',(3.98614004956275,-7.86141534385763,-6.0449802604097));
#2543=CARTESIAN_POINT('Ctrl Pts',(0.50707729456157,-7.73895794544114,-7.22401829872135));
#2544=CARTESIAN_POINT('Ctrl Pts',(-3.1047545125366,-7.61650054702467,-6.5426197011874));
#2545=CARTESIAN_POINT('Ctrl Pts',(-5.91298652565841,-7.49404314860818,-4.17743148970546));
#2546=CARTESIAN_POINT('Ctrl Pts',(-7.35192305053825,-7.35797937258988,-0.354938518527061));
#2547=CARTESIAN_POINT('Ctrl Pts',(-6.26290091471739,-7.20830921896972,4.11952976883732));
#2548=CARTESIAN_POINT('Ctrl Pts',(-2.24866468332555,-7.04503268774776,7.1479086591834));
#2549=CARTESIAN_POINT('Ctrl Pts',(2.77264879727754,-6.88175615652578,6.96363185081509));
#2550=CARTESIAN_POINT('Ctrl Pts',(6.54902700003758,-6.71847962530381,3.64346810779664));
#2551=CARTESIAN_POINT('Ctrl Pts',(7.37740937702231,-6.55520309408183,-1.31108455246226));
#2552=CARTESIAN_POINT('Ctrl Pts',(4.78755986247221,-6.38512337405895,-5.86543943541164));
#2553=CARTESIAN_POINT('Ctrl Pts',(-0.446922610846599,-6.20824046523514,
-7.64040302225958));
#2554=CARTESIAN_POINT('Ctrl Pts',(-5.63791369310179,-6.02455436761042,-5.17454076552128));
#2555=CARTESIAN_POINT('Ctrl Pts',(-7.6491924938688,-5.8408682699857,0.203869985639886));
#2556=CARTESIAN_POINT('Ctrl Pts',(-5.35292867931451,-5.65718217236098,5.46938866149269));
#2557=CARTESIAN_POINT('Ctrl Pts',(-0.0399090737970298,-5.47349607473626,
7.65141224912753));
#2558=CARTESIAN_POINT('Ctrl Pts',(5.29482360821922,-5.28980997711154,5.52623563587493));
#2559=CARTESIAN_POINT('Ctrl Pts',(7.6475125209432,-5.10612387948682,0.281280234451124));
#2560=CARTESIAN_POINT('Ctrl Pts',(6.34213905591338,-4.98366648107034,-3.31120500528032));
#2561=CARTESIAN_POINT('Ctrl Pts',(5.15388318512252,-4.9224377818621,-4.63304294447394));
#2562=CARTESIAN_POINT('Ctrl Pts',(-0.378389497317141,-15.1044297646808,
-6.73870703779694));
#2563=CARTESIAN_POINT('Ctrl Pts',(-2.10669382870165,-15.0432010654726,-6.64165990127923));
#2564=CARTESIAN_POINT('Ctrl Pts',(-5.474997883263,-14.9207436670561,-5.05680771601554));
#2565=CARTESIAN_POINT('Ctrl Pts',(-7.45143410500261,-14.7370575694314,0.181213871843364));
#2566=CARTESIAN_POINT('Ctrl Pts',(-5.22618127510614,-14.5533714718067,5.31184546637305));
#2567=CARTESIAN_POINT('Ctrl Pts',(-0.0583621649749603,-14.3696853741819,
7.45321700320935));
#2568=CARTESIAN_POINT('Ctrl Pts',(5.14295588299034,-14.1859992765572,5.39260771245009));
#2569=CARTESIAN_POINT('Ctrl Pts',(7.44706659442759,-14.0023131789325,0.298101257419862));
#2570=CARTESIAN_POINT('Ctrl Pts',(5.5545364966233,-13.8186270813078,-4.97164206964966));
#2571=CARTESIAN_POINT('Ctrl Pts',(1.09328789803276,-13.6553505500858,-7.15312958836734));
#2572=CARTESIAN_POINT('Ctrl Pts',(-3.0121861715852,-13.5124835852666,-6.37340123674407));
#2573=CARTESIAN_POINT('Ctrl Pts',(-5.75423956475057,-13.3900261868501,-4.07969664109901));
#2574=CARTESIAN_POINT('Ctrl Pts',(-7.01309664199706,-13.2675687884336,-0.72997779197548));
#2575=CARTESIAN_POINT('Ctrl Pts',(-6.41340893183008,-13.1315050124153,3.20166654137648));
#2576=CARTESIAN_POINT('Ctrl Pts',(-3.35687001049818,-12.9818348587951,6.48212854433723));
#2577=CARTESIAN_POINT('Ctrl Pts',(1.49817004223432,-12.8185583275732,7.14434441873796));
#2578=CARTESIAN_POINT('Ctrl Pts',(5.32126705192249,-12.668888173953,4.80381723807463));
#2579=CARTESIAN_POINT('Ctrl Pts',(6.95234055948502,-12.5328243979347,1.17460716074831));
#2580=CARTESIAN_POINT('Ctrl Pts',(6.63702395979134,-12.4103669995183,-2.38674380446425));
#2581=CARTESIAN_POINT('Ctrl Pts',(4.60987256180734,-12.2879096011018,-5.3375256429043));
#2582=CARTESIAN_POINT('Ctrl Pts',(1.39771734385329,-12.1654522026853,-6.91228456449287));
#2583=CARTESIAN_POINT('Ctrl Pts',(-2.17392127545775,-12.0429948042688,-6.70925409700388));
#2584=CARTESIAN_POINT('Ctrl Pts',(-5.18827177062394,-11.9205374058523,-4.7779266134414));
#2585=CARTESIAN_POINT('Ctrl Pts',(-6.86251551734474,-11.7980800074359,-1.61883382763478));
#2586=CARTESIAN_POINT('Ctrl Pts',(-6.7696165349172,-11.6620162314176,2.35887655940745));
#2587=CARTESIAN_POINT('Ctrl Pts',(-4.15628393802108,-11.5123460777974,6.00109756979971));
#2588=CARTESIAN_POINT('Ctrl Pts',(0.574699658088957,-11.3490695465754,7.27688386375502));
#2589=CARTESIAN_POINT('Ctrl Pts',(4.66548598940919,-11.1993993929553,5.44244065156257));
#2590=CARTESIAN_POINT('Ctrl Pts',(6.74596112983719,-11.063335616937,2.05123308125676));
#2591=CARTESIAN_POINT('Ctrl Pts',(6.88678021055986,-10.9408782185205,-1.52151635566488));
#2592=CARTESIAN_POINT('Ctrl Pts',(5.25271674208906,-10.818420820104,-4.70633243247395));
#2593=CARTESIAN_POINT('Ctrl Pts',(2.26734574141968,-10.6959634216876,-6.67781341522388));
#2594=CARTESIAN_POINT('Ctrl Pts',(-1.30119582734017,-10.573506023271,-6.93157860229547));
#2595=CARTESIAN_POINT('Ctrl Pts',(-4.53663194623994,-10.4510486248546,-5.40028374519517));
#2596=CARTESIAN_POINT('Ctrl Pts',(-6.60025953692392,-10.3285912264381,-2.48006648314643));
#2597=CARTESIAN_POINT('Ctrl Pts',(-7.01476658788055,-10.1925274504198,1.47608053075712));
#2598=CARTESIAN_POINT('Ctrl Pts',(-4.88677403385411,-10.0428572967996,5.42380212655047));
#2599=CARTESIAN_POINT('Ctrl Pts',(-0.358558236655824,-9.87958076557767,
7.28909470797321));
#2600=CARTESIAN_POINT('Ctrl Pts',(4.32735606593261,-9.7163042343557,5.8782679613569));
#2601=CARTESIAN_POINT('Ctrl Pts',(7.0681289175272,-9.55302770313373,1.82105875876014));
#2602=CARTESIAN_POINT('Ctrl Pts',(6.628398143964,-9.38975117191175,-3.05359382060905));
#2603=CARTESIAN_POINT('Ctrl Pts',(3.2094830677518,-9.22647464068979,-6.55595873360539));
#2604=CARTESIAN_POINT('Ctrl Pts',(-1.65792618566036,-9.0631981094678,-7.10798544245614));
#2605=CARTESIAN_POINT('Ctrl Pts',(-4.74171193988101,-8.94074071105134,-5.1250258771249));
#2606=CARTESIAN_POINT('Ctrl Pts',(-6.41156341726745,-8.83188969023667,-2.52410682408535));
#2607=CARTESIAN_POINT('Ctrl Pts',(-7.05209865212683,-8.73664504702388,0.178695587874418));
#2608=CARTESIAN_POINT('Ctrl Pts',(-6.05239962648051,-8.61418764860737,3.62351961034503));
#2609=CARTESIAN_POINT('Ctrl Pts',(-3.92419149359977,-8.51213981659365,5.69940263584528));
#2610=CARTESIAN_POINT('Ctrl Pts',(-0.694018313780219,-8.38968241817716,
7.04355891171332));
#2611=CARTESIAN_POINT('Ctrl Pts',(2.99253539728277,-8.26722501976069,6.58791849265728));
#2612=CARTESIAN_POINT('Ctrl Pts',(6.00893137318219,-8.12435805494145,3.68800767373302));
#2613=CARTESIAN_POINT('Ctrl Pts',(7.04732279288875,-8.00190065652499,0.270262333045639));
#2614=CARTESIAN_POINT('Ctrl Pts',(6.27217927376049,-7.8794432581085,-3.22590660306848));
#2615=CARTESIAN_POINT('Ctrl Pts',(3.88196937478645,-7.75698585969203,-5.88730065005232));
#2616=CARTESIAN_POINT('Ctrl Pts',(0.493680867649171,-7.63452846127554,-7.03548867722406));
#2617=CARTESIAN_POINT('Ctrl Pts',(-3.02386977524908,-7.51207106285907,-6.37179297180171));
#2618=CARTESIAN_POINT('Ctrl Pts',(-5.75875613739347,-7.38961366444258,-4.06827122615156));
#2619=CARTESIAN_POINT('Ctrl Pts',(-7.16005180473542,-7.25354988842428,-0.345509919477456));
#2620=CARTESIAN_POINT('Ctrl Pts',(-6.09935184446953,-7.10387973480412,4.01215394536151));
#2621=CARTESIAN_POINT('Ctrl Pts',(-2.18981595028995,-6.94060320358216,6.9614045222029));
#2622=CARTESIAN_POINT('Ctrl Pts',(2.7004411974123,-6.77732667236018,6.78182449992616));
#2623=CARTESIAN_POINT('Ctrl Pts',(6.37818448951274,-6.61405014113821,3.54822958010602));
#2624=CARTESIAN_POINT('Ctrl Pts',(7.18483556981408,-6.45077360991623,-1.27703187652654));
#2625=CARTESIAN_POINT('Ctrl Pts',(4.66247681174373,-6.28069388989335,-5.71246368006836));
#2626=CARTESIAN_POINT('Ctrl Pts',(-0.435429760777182,-6.10381098106953,
-7.44098468843655));
#2627=CARTESIAN_POINT('Ctrl Pts',(-5.49088485921245,-5.92012488344483,-5.03936293415966));
#2628=CARTESIAN_POINT('Ctrl Pts',(-7.44955021659846,-5.7364387858201,0.198720808640342));
#2629=CARTESIAN_POINT('Ctrl Pts',(-5.21309885054785,-5.55275268819538,5.32676219723471));
#2630=CARTESIAN_POINT('Ctrl Pts',(-0.0386957658534178,-5.36906659057067,
7.45171750897058));
#2631=CARTESIAN_POINT('Ctrl Pts',(5.1567570392775,-5.18538049294594,5.38188655409664));
#2632=CARTESIAN_POINT('Ctrl Pts',(7.44792497727777,-5.00169439532123,0.273767423117822));
#2633=CARTESIAN_POINT('Ctrl Pts',(6.17654007525894,-4.87923699690474,-3.2249275789722));
#2634=CARTESIAN_POINT('Ctrl Pts',(5.0192670512005,-4.8180082976965,-4.51223995612677));
#2635=CARTESIAN_POINT('Ctrl Pts',(-0.368415567415387,-14.9999999998031,
-6.55810989292692));
#2636=CARTESIAN_POINT('Ctrl Pts',(-2.05040139501131,-14.9387713005949,-6.46362081403443));
#2637=CARTESIAN_POINT('Ctrl Pts',(-5.32840054352459,-14.8163139021784,-4.92115725850825));
#2638=CARTESIAN_POINT('Ctrl Pts',(-7.25174175249666,-14.6326278045537,0.176541565203549));
#2639=CARTESIAN_POINT('Ctrl Pts',(-5.08599587556085,-14.4489417069289,5.16962456239611));
#2640=CARTESIAN_POINT('Ctrl Pts',(-0.05661412856203,-14.2652556093042,7.25348278626178));
#2641=CARTESIAN_POINT('Ctrl Pts',(5.00526508921194,-14.0815695116795,5.24796648995858));
#2642=CARTESIAN_POINT('Ctrl Pts',(7.24750311880598,-13.8978834140548,0.289928704765859));
#2643=CARTESIAN_POINT('Ctrl Pts',(5.40556004163061,-13.7141973164301,-4.83854624131489));
#2644=CARTESIAN_POINT('Ctrl Pts',(1.0638127268604,-13.5509207852081,-6.96146284040157));
#2645=CARTESIAN_POINT('Ctrl Pts',(-2.93162120256237,-13.4080538203889,-6.20252874388607));
#2646=CARTESIAN_POINT('Ctrl Pts',(-5.60013481966899,-13.2855964219724,-3.97022448337796));
#2647=CARTESIAN_POINT('Ctrl Pts',(-6.82517360895211,-13.1631390235559,-0.710242274304942));
#2648=CARTESIAN_POINT('Ctrl Pts',(-6.24145961142196,-13.0270752475376,3.11602475464443));
#2649=CARTESIAN_POINT('Ctrl Pts',(-3.26675061149485,-12.8774050939175,6.30849955966921));
#2650=CARTESIAN_POINT('Ctrl Pts',(1.45819759456081,-12.7141285626955,6.9528491203385));
#2651=CARTESIAN_POINT('Ctrl Pts',(5.17878323482459,-12.5644584090753,4.67495036391804));
#2652=CARTESIAN_POINT('Ctrl Pts',(6.76605668065484,-12.428394633057,1.14295770573383));
#2653=CARTESIAN_POINT('Ctrl Pts',(6.45910219331983,-12.3059372346405,-2.32294631346141));
#2654=CARTESIAN_POINT('Ctrl Pts',(4.48620272851963,-12.1834798362241,-5.19460133019613));
#2655=CARTESIAN_POINT('Ctrl Pts',(1.3600898412199,-12.0610224378076,-6.72707963819747));
#2656=CARTESIAN_POINT('Ctrl Pts',(-2.11582891031714,-11.9385650393911,-6.52940191926618));
#2657=CARTESIAN_POINT('Ctrl Pts',(-5.04935139897562,-11.8161076409746,-4.64975685467049));
#2658=CARTESIAN_POINT('Ctrl Pts',(-6.67864979050879,-11.6936502425582,-1.57528194505798));
#2659=CARTESIAN_POINT('Ctrl Pts',(-6.58814216275507,-11.5575864665398,2.29582914471581));
#2660=CARTESIAN_POINT('Ctrl Pts',(-4.04475325463599,-11.4079163129197,5.84037927066098));
#2661=CARTESIAN_POINT('Ctrl Pts',(0.559478181029882,-11.2446397816977,7.08185949574728));
#2662=CARTESIAN_POINT('Ctrl Pts',(4.54059194261075,-11.0949696280776,5.29647576504039));
#2663=CARTESIAN_POINT('Ctrl Pts',(6.56522957077206,-10.9589058520592,1.99609638882255));
#2664=CARTESIAN_POINT('Ctrl Pts',(6.70218669164307,-10.8364484536428,-1.48091190094581));
#2665=CARTESIAN_POINT('Ctrl Pts',(5.11183517921865,-10.7139910552263,-4.58033907487341));
#2666=CARTESIAN_POINT('Ctrl Pts',(2.20641921830926,-10.5915336568099,-6.49891345394673));
#2667=CARTESIAN_POINT('Ctrl Pts',(-1.26649675669438,-10.4690762583933,-6.74578998949064));
#2668=CARTESIAN_POINT('Ctrl Pts',(-4.41518996459288,-10.3466188599769,-5.25545178538201));
#2669=CARTESIAN_POINT('Ctrl Pts',(-6.4234431615687,-10.2241614615604,-2.41344126030336));
#2670=CARTESIAN_POINT('Ctrl Pts',(-6.8267443372783,-10.0880976855421,1.43669685179529));
#2671=CARTESIAN_POINT('Ctrl Pts',(-4.7556815034405,-9.93842753192192,5.27857256242699));
#2672=CARTESIAN_POINT('Ctrl Pts',(-0.348769422693828,-9.77515100069997,
7.09376614786282));
#2673=CARTESIAN_POINT('Ctrl Pts',(4.21153418228707,-9.61187446947797,5.72063186855064));
#2674=CARTESIAN_POINT('Ctrl Pts',(6.87875803531094,-9.44859793825602,1.77208245805006));
#2675=CARTESIAN_POINT('Ctrl Pts',(6.45069107284714,-9.28532140703404,-2.97192548096666));
#2676=CARTESIAN_POINT('Ctrl Pts',(3.12331160762373,-9.12204487581207,-6.38034756563829));
#2677=CARTESIAN_POINT('Ctrl Pts',(-1.61367160253114,-8.95876834459009,-6.91746056887073));
#2678=CARTESIAN_POINT('Ctrl Pts',(-4.61476730839255,-8.83631094617362,-4.98756537484351));
#2679=CARTESIAN_POINT('Ctrl Pts',(-6.23980491840551,-8.72745992535896,-2.45630604118713));
#2680=CARTESIAN_POINT('Ctrl Pts',(-6.86310798611591,-8.63221528214616,0.174080908825492));
#2681=CARTESIAN_POINT('Ctrl Pts',(-5.89011442882083,-8.50975788372966,3.52656384627962));
#2682=CARTESIAN_POINT('Ctrl Pts',(-3.81888800727933,-8.40771005171594,5.5467636029391));
#2683=CARTESIAN_POINT('Ctrl Pts',(-0.675245707122476,-8.28525265329945,
6.8548186458315));
#2684=CARTESIAN_POINT('Ctrl Pts',(2.91250233725212,-8.16279525488298,6.41129772606787));
#2685=CARTESIAN_POINT('Ctrl Pts',(5.84799157802353,-8.01992829006374,3.58902593745408));
#2686=CARTESIAN_POINT('Ctrl Pts',(6.85847119754419,-7.89747089164727,0.26284569341358));
#2687=CARTESIAN_POINT('Ctrl Pts',(6.10401410953879,-7.77501349323079,-3.13961173015528));
#2688=CARTESIAN_POINT('Ctrl Pts',(3.77779274255453,-7.65255609481431,-5.72962517464786));
#2689=CARTESIAN_POINT('Ctrl Pts',(0.480277219994955,-7.53009869639783,-6.84695973545757));
#2690=CARTESIAN_POINT('Ctrl Pts',(-2.94299166253454,-7.40764129798134,-6.2009632896404));
#2691=CARTESIAN_POINT('Ctrl Pts',(-5.60453007239735,-7.28518389956487,-3.95910514192659));
#2692=CARTESIAN_POINT('Ctrl Pts',(-6.96818108956051,-7.14912012354655,-0.336073967862136));
#2693=CARTESIAN_POINT('Ctrl Pts',(-5.93579879865102,-6.99944996992641,3.90478449026063));
#2694=CARTESIAN_POINT('Ctrl Pts',(-2.13096011411124,-6.83617343870444,6.77490280695783));
#2695=CARTESIAN_POINT('Ctrl Pts',(2.62824063560723,-6.67289690748246,6.60001453885749));
#2696=CARTESIAN_POINT('Ctrl Pts',(6.20734578283744,-6.5096203762605,3.45298458210992));
#2697=CARTESIAN_POINT('Ctrl Pts',(6.99226062569605,-6.34634384503852,-1.24298661823783));
#2698=CARTESIAN_POINT('Ctrl Pts',(4.53738800244652,-6.17626412501563,-5.55949285782394));
#2699=CARTESIAN_POINT('Ctrl Pts',(-0.423944571080971,-5.99938121619182,
-7.24156608908474));
#2700=CARTESIAN_POINT('Ctrl Pts',(-5.34386134046237,-5.81569511856712,-4.90417958119975));
#2701=CARTESIAN_POINT('Ctrl Pts',(-7.24990791728689,-5.63200902094238,0.193579294973769));
#2702=CARTESIAN_POINT('Ctrl Pts',(-5.0732636733273,-5.44832292331767,5.18414122278632));
#2703=CARTESIAN_POINT('Ctrl Pts',(-0.0374747978227526,-5.26463682569294,
7.25202299076337));
#2704=CARTESIAN_POINT('Ctrl Pts',(5.01869612883615,-5.08095072806823,5.23753230303908));
#2705=CARTESIAN_POINT('Ctrl Pts',(7.24833789854388,-4.89726463044351,0.266246960755651));
#2706=CARTESIAN_POINT('Ctrl Pts',(6.0109379285447,-4.77480723202703,-3.13865658004603));
#2707=CARTESIAN_POINT('Ctrl Pts',(4.88464640121975,-4.71357853281879,-4.39144223838489));
#2708=CARTESIAN_POINT('',(-0.368415567434253,-15.,-6.55810989326743));
#2709=CARTESIAN_POINT('Ctrl Pts',(-0.368415567434061,-14.9999999999986,
-6.55810989326505));
#2710=CARTESIAN_POINT('Ctrl Pts',(-2.05040139511671,-14.9387713007904,-6.46362081436778));
#2711=CARTESIAN_POINT('Ctrl Pts',(-3.68940096945789,-14.8775426015821,-5.692389036565));
#2712=CARTESIAN_POINT('Ctrl Pts',(-4.82945762480706,-14.8163139023739,-4.45715667700119));
#2713=CARTESIAN_POINT('Ctrl Pts',(-5.93370617405589,-14.7570083389566,-3.26072180279244));
#2714=CARTESIAN_POINT('Ctrl Pts',(-6.56986223726883,-14.6977027755394,-1.62897623958261));
#2715=CARTESIAN_POINT('Ctrl Pts',(-6.57202274546327,-14.6383972121221,0.000597930708648046));
#2716=CARTESIAN_POINT('Ctrl Pts',(-0.368415567452269,-14.9999999998844,
-6.55810989306766));
#2717=CARTESIAN_POINT('Ctrl Pts',(-0.546725298723672,-14.9999999998767,
-6.55931399002));
#2718=CARTESIAN_POINT('Ctrl Pts',(-0.724835659162099,-14.9999999998836,
-6.55291514883804));
#2719=CARTESIAN_POINT('Ctrl Pts',(-0.902353177460951,-14.9999999999057,
-6.5391832254185));
#2720=CARTESIAN_POINT('Ctrl Pts',(-1.08213459357499,-14.9999999999282,-6.52527617747195));
#2721=CARTESIAN_POINT('Ctrl Pts',(-1.2613085751167,-14.9999999999662,-6.50384772827313));
#2722=CARTESIAN_POINT('Ctrl Pts',(-1.43947256196011,-15.0000000000124,-6.47512445216794));
#2723=CARTESIAN_POINT('Ctrl Pts',(-1.61939025564291,-15.0000000000591,-6.44611844661419));
#2724=CARTESIAN_POINT('Ctrl Pts',(-1.79827866280061,-15.000000000114,-6.40967318113558));
#2725=CARTESIAN_POINT('Ctrl Pts',(-1.97571947655238,-15.0000000001612,-6.36596912242141));
#2726=CARTESIAN_POINT('Ctrl Pts',(-2.07854590773854,-15.0000000001885,-6.34064274856802));
#2727=CARTESIAN_POINT('Ctrl Pts',(-2.18088608996756,-15.0000000002132,-6.31287777843062));
#2728=CARTESIAN_POINT('Ctrl Pts',(-2.28265663512191,-15.0000000002307,-6.28270157515934));
#2729=CARTESIAN_POINT('Ctrl Pts',(-2.45839722345712,-15.0000000002611,-6.23059235526104));
#2730=CARTESIAN_POINT('Ctrl Pts',(-2.63172917465393,-15.0000000002762,-6.17150623487632));
#2731=CARTESIAN_POINT('Ctrl Pts',(-2.80224888043492,-15.0000000002895,-6.10572134252733));
#2732=CARTESIAN_POINT('Ctrl Pts',(-2.97579496778671,-15.0000000003031,-6.03876890074509));
#2733=CARTESIAN_POINT('Ctrl Pts',(-3.14642879024632,-15.0000000003148,-5.96487771622));
#2734=CARTESIAN_POINT('Ctrl Pts',(-3.31372405255978,-15.0000000003306,-5.88428710467292));
#2735=CARTESIAN_POINT('Ctrl Pts',(-3.48120807301805,-15.0000000003464,-5.80360556326856));
#2736=CARTESIAN_POINT('Ctrl Pts',(-3.64534671160297,-15.0000000003662,-5.71620924208418));
#2737=CARTESIAN_POINT('Ctrl Pts',(-3.80570079455866,-15.000000000388,-5.62228728233431));
#2738=CARTESIAN_POINT('Ctrl Pts',(-3.96406616728523,-15.0000000004096,-5.52953014208046));
#2739=CARTESIAN_POINT('Ctrl Pts',(-4.11874092778254,-15.000000000433,-5.4304079069725));
#2740=CARTESIAN_POINT('Ctrl Pts',(-4.26928076832334,-15.0000000004492,-5.32505725853146));
#2741=CARTESIAN_POINT('Ctrl Pts',(-4.38272634282143,-15.0000000004614,-5.24566588417365));
#2742=CARTESIAN_POINT('Ctrl Pts',(-4.49382333368232,-15.0000000004694,-5.16273644635839));
#2743=CARTESIAN_POINT('Ctrl Pts',(-4.60237003001127,-15.0000000004666,-5.07631158310474));
#2744=CARTESIAN_POINT('Ctrl Pts',(-4.75054000659952,-15.0000000004628,-4.95833867008186));
#2745=CARTESIAN_POINT('Ctrl Pts',(-4.89335284707548,-15.0000000004406,-4.83433611320991));
#2746=CARTESIAN_POINT('Ctrl Pts',(-5.03037924444275,-15.0000000004149,-4.70453853151631));
#2747=CARTESIAN_POINT('Ctrl Pts',(-5.04134803176311,-15.0000000004128,-4.69414840161691));
#2748=CARTESIAN_POINT('Ctrl Pts',(-5.0522797320115,-15.0000000004107,-4.68372111214086));
#2749=CARTESIAN_POINT('Ctrl Pts',(-5.06317412004816,-15.0000000004086,-4.67325676987501));
#2750=CARTESIAN_POINT('Ctrl Pts',(-5.19593503990177,-15.0000000003829,-4.54573646307097));
#2751=CARTESIAN_POINT('Ctrl Pts',(-5.32315735174058,-15.0000000003545,-4.41271757009615));
#2752=CARTESIAN_POINT('Ctrl Pts',(-5.44474373228978,-15.0000000003296,-4.27468721797627));
#2753=CARTESIAN_POINT('Ctrl Pts',(-5.56796332861301,-15.0000000003045,-4.13480276552575));
#2754=CARTESIAN_POINT('Ctrl Pts',(-5.68539495114125,-15.000000000283,-3.98977081759737));
#2755=CARTESIAN_POINT('Ctrl Pts',(-5.79690465256752,-15.0000000002649,-3.84005496092944));
#2756=CARTESIAN_POINT('Ctrl Pts',(-5.90965406068272,-15.0000000002467,-3.68867464146971));
#2757=CARTESIAN_POINT('Ctrl Pts',(-6.01634955738268,-15.000000000232,-3.53250512298046));
#2758=CARTESIAN_POINT('Ctrl Pts',(-6.11681346219722,-15.0000000002141,-3.37198962371965));
#2759=CARTESIAN_POINT('Ctrl Pts',(-6.18742746038144,-15.0000000002015,-3.25916660340935));
#2760=CARTESIAN_POINT('Ctrl Pts',(-6.25496199594113,-15.0000000001871,-3.14419572888732));
#2761=CARTESIAN_POINT('Ctrl Pts',(-6.31934227685649,-15.0000000001669,-3.02722279592899));
#2762=CARTESIAN_POINT('Ctrl Pts',(-6.41115763829318,-15.000000000138,-2.86040289447502));
#2763=CARTESIAN_POINT('Ctrl Pts',(-6.49619162366275,-15.0000000001018,-2.69018015264047));
#2764=CARTESIAN_POINT('Ctrl Pts',(-6.57434161253894,-15.0000000000711,-2.51705716938849));
#2765=CARTESIAN_POINT('Ctrl Pts',(-6.65385214023477,-15.0000000000398,-2.34092023127006));
#2766=CARTESIAN_POINT('Ctrl Pts',(-6.72623733181961,-15.0000000000143,-2.16178063207701));
#2767=CARTESIAN_POINT('Ctrl Pts',(-6.79135041258633,-15.0000000000013,-1.98012939410343));
#2768=CARTESIAN_POINT('Ctrl Pts',(-6.85646349335305,-14.9999999999882,-1.79847815612986));
#2769=CARTESIAN_POINT('Ctrl Pts',(-6.91430481027804,-14.9999999999876,-1.61431459781074));
#2770=CARTESIAN_POINT('Ctrl Pts',(-6.96468345797725,-15.,-1.42810131316975));
#2771=CARTESIAN_POINT('Origin',(0.,-5.,0.));
#2772=CARTESIAN_POINT('Origin',(6.1981106517485E-16,-15.,0.));
#2773=CARTESIAN_POINT('',(-7.425,-15.,9.0930024836691E-16));
#2774=CARTESIAN_POINT('Origin',(0.,-15.,0.));
#2775=CARTESIAN_POINT('Origin',(0.,-15.,0.));
#2776=CARTESIAN_POINT('Origin',(0.,-18.2728704041008,0.));
#2777=CARTESIAN_POINT('Origin',(0.,-20.,0.));
#2778=CARTESIAN_POINT('',(-7.425,-20.,-9.0930024836691E-16));
#2779=CARTESIAN_POINT('',(-7.425,-20.,9.0930024836691E-16));
#2780=CARTESIAN_POINT('Origin',(0.,-20.,0.));
#2781=CARTESIAN_POINT('Origin',(0.,-20.,0.));
#2782=CARTESIAN_POINT('Origin',(0.,-20.,0.));
#2783=CARTESIAN_POINT('',(-7.5,-15.,9.18485099360515E-16));
#2784=CARTESIAN_POINT('Origin',(0.,-15.,0.));
#2785=CARTESIAN_POINT('',(-7.5,-20.,9.18485099360515E-16));
#2786=CARTESIAN_POINT('',(-7.5,-20.,9.18485099360515E-16));
#2787=CARTESIAN_POINT('Origin',(0.,-20.,0.));
#2788=CARTESIAN_POINT('Origin',(-6.00987124553327,-20.,-7.74089449689843));
#2789=CARTESIAN_POINT('',(-6.00987124553327,-20.,-7.74089449689843));
#2790=CARTESIAN_POINT('',(-9.70874690509584,-20.,1.33425392365622));
#2791=CARTESIAN_POINT('',(-6.00987124553327,-20.,-7.74089449689843));
#2792=CARTESIAN_POINT('',(-9.70874690509584,-15.,1.33425392365622));
#2793=CARTESIAN_POINT('',(-9.70874690509584,-20.,1.33425392365622));
#2794=CARTESIAN_POINT('',(-6.00987124553327,-15.,-7.74089449689843));
#2795=CARTESIAN_POINT('',(-6.00987124553327,-15.,-7.74089449689843));
#2796=CARTESIAN_POINT('',(-6.00987124553327,-20.,-7.74089449689843));
#2797=CARTESIAN_POINT('Origin',(3.69887565956256,-20.,-9.07514842055466));
#2798=CARTESIAN_POINT('',(3.69887565956256,-20.,-9.07514842055466));
#2799=CARTESIAN_POINT('',(3.69887565956256,-20.,-9.07514842055466));
#2800=CARTESIAN_POINT('',(3.69887565956256,-15.,-9.07514842055466));
#2801=CARTESIAN_POINT('',(3.69887565956256,-15.,-9.07514842055466));
#2802=CARTESIAN_POINT('',(3.69887565956256,-20.,-9.07514842055466));
#2803=CARTESIAN_POINT('Origin',(9.70874690509584,-20.,-1.33425392365623));
#2804=CARTESIAN_POINT('',(9.70874690509584,-20.,-1.33425392365623));
#2805=CARTESIAN_POINT('',(9.70874690509584,-20.,-1.33425392365623));
#2806=CARTESIAN_POINT('',(9.70874690509584,-15.,-1.33425392365623));
#2807=CARTESIAN_POINT('',(9.70874690509584,-15.,-1.33425392365623));
#2808=CARTESIAN_POINT('',(9.70874690509584,-20.,-1.33425392365623));
#2809=CARTESIAN_POINT('Origin',(6.00987124553328,-20.,7.74089449689843));
#2810=CARTESIAN_POINT('',(6.00987124553328,-20.,7.74089449689843));
#2811=CARTESIAN_POINT('',(6.00987124553328,-20.,7.74089449689843));
#2812=CARTESIAN_POINT('',(6.00987124553328,-15.,7.74089449689843));
#2813=CARTESIAN_POINT('',(6.00987124553328,-15.,7.74089449689843));
#2814=CARTESIAN_POINT('',(6.00987124553328,-20.,7.74089449689843));
#2815=CARTESIAN_POINT('Origin',(-3.69887565956256,-20.,9.07514842055466));
#2816=CARTESIAN_POINT('',(-3.69887565956256,-20.,9.07514842055466));
#2817=CARTESIAN_POINT('',(-3.69887565956256,-20.,9.07514842055466));
#2818=CARTESIAN_POINT('',(-3.69887565956256,-15.,9.07514842055466));
#2819=CARTESIAN_POINT('',(-3.69887565956256,-15.,9.07514842055466));
#2820=CARTESIAN_POINT('',(-3.69887565956256,-20.,9.07514842055466));
#2821=CARTESIAN_POINT('Origin',(-9.70874690509584,-20.,1.33425392365622));
#2822=CARTESIAN_POINT('',(-9.70874690509584,-20.,1.33425392365622));
#2823=CARTESIAN_POINT('',(-9.70874690509584,-15.,1.33425392365622));
#2824=CARTESIAN_POINT('Origin',(-1.11022302462516E-15,-15.,0.));
#2825=CARTESIAN_POINT('Origin',(-1.11022302462516E-15,-20.,0.));
#2826=UNCERTAINTY_MEASURE_WITH_UNIT(LENGTH_MEASURE(0.01),#2830,
'DISTANCE_ACCURACY_VALUE',
'Maximum model space distance between geometric entities at asserted c
onnectivities');
#2827=UNCERTAINTY_MEASURE_WITH_UNIT(LENGTH_MEASURE(0.01),#2830,
'DISTANCE_ACCURACY_VALUE',
'Maximum model space distance between geometric entities at asserted c
onnectivities');
#2828=(
GEOMETRIC_REPRESENTATION_CONTEXT(3)
GLOBAL_UNCERTAINTY_ASSIGNED_CONTEXT((#2826))
GLOBAL_UNIT_ASSIGNED_CONTEXT((#2830,#2832,#2833))
REPRESENTATION_CONTEXT('','3D')
);
#2829=(
GEOMETRIC_REPRESENTATION_CONTEXT(3)
GLOBAL_UNCERTAINTY_ASSIGNED_CONTEXT((#2827))
GLOBAL_UNIT_ASSIGNED_CONTEXT((#2830,#2832,#2833))
REPRESENTATION_CONTEXT('','3D')
);
#2830=(
LENGTH_UNIT()
NAMED_UNIT(*)
SI_UNIT(.MILLI.,.METRE.)
);
#2831=(
LENGTH_UNIT()
NAMED_UNIT(*)
SI_UNIT($,.METRE.)
);
#2832=(
NAMED_UNIT(*)
PLANE_ANGLE_UNIT()
SI_UNIT($,.RADIAN.)
);
#2833=(
NAMED_UNIT(*)
SI_UNIT($,.STERADIAN.)
SOLID_ANGLE_UNIT()
);
#2834=SHAPE_DEFINITION_REPRESENTATION(#2835,#2836);
#2835=PRODUCT_DEFINITION_SHAPE('',$,#2838);
#2836=SHAPE_REPRESENTATION('',(#513),#2828);
#2837=PRODUCT_DEFINITION_CONTEXT('part definition',#2842,'design');
#2838=PRODUCT_DEFINITION('etau','etau v9',#2839,#2837);
#2839=PRODUCT_DEFINITION_FORMATION('',$,#2844);
#2840=PRODUCT_RELATED_PRODUCT_CATEGORY('etau v9','etau v9',(#2844));
#2841=APPLICATION_PROTOCOL_DEFINITION('international standard',
'automotive_design',2009,#2842);
#2842=APPLICATION_CONTEXT(
'Core Data for Automotive Mechanical Design Process');
#2843=PRODUCT_CONTEXT('part definition',#2842,'mechanical');
#2844=PRODUCT('etau','etau v9',$,(#2843));
#2845=PRESENTATION_STYLE_ASSIGNMENT((#2846));
#2846=SURFACE_STYLE_USAGE(.BOTH.,#2847);
#2847=SURFACE_SIDE_STYLE('',(#2848));
#2848=SURFACE_STYLE_FILL_AREA(#2849);
#2849=FILL_AREA_STYLE('Acier - Satin\X\E9',(#2850));
#2850=FILL_AREA_STYLE_COLOUR('Acier - Satin\X\E9',#2851);
#2851=COLOUR_RGB('Acier - Satin\X\E9',0.627450980392157,0.627450980392157,
0.627450980392157);
ENDSEC;
END-ISO-10303-21;
