ISO-10303-21;
HEADER;
/* Generated by software containing ST-Developer
 * from STEP Tools, Inc. (www.steptools.com) 
 */

FILE_DESCRIPTION(
/* description */ (''),
/* implementation_level */ '2;1');

FILE_NAME(
/* name */ 'fixation_pcb_sur_colonette.step',
/* time_stamp */ '2025-11-08T16:48:46+01:00',
/* author */ (''),
/* organization */ (''),
/* preprocessor_version */ 'ST-DEVELOPER v20.1',
/* originating_system */ 'Autodesk Translation Framework v14.17.0.0',
/* authorisation */ '');

FILE_SCHEMA (('AUTOMOTIVE_DESIGN { 1 0 10303 214 3 1 1 }'));
ENDSEC;

DATA;
#10=MECHANICAL_DESIGN_GEOMETRIC_PRESENTATION_REPRESENTATION('',(#13,#14,
#15),#2195);
#11=SHAPE_REPRESENTATION_RELATIONSHIP('SRR','None',#2202,#12);
#12=ADVANCED_BREP_SHAPE_REPRESENTATION('',(#16,#17,#18),#2194);
#13=STYLED_ITEM('',(#2211),#16);
#14=STYLED_ITEM('',(#2211),#17);
#15=STYLED_ITEM('',(#2211),#18);
#16=MANIFOLD_SOLID_BREP('Corps1',#1349);
#17=MANIFOLD_SOLID_BREP('Corps2',#1350);
#18=MANIFOLD_SOLID_BREP('Corps3',#1351);
#19=FACE_BOUND('',#170,.T.);
#20=FACE_BOUND('',#178,.T.);
#21=FACE_BOUND('',#180,.T.);
#22=FACE_BOUND('',#193,.T.);
#23=FACE_BOUND('',#194,.T.);
#24=FACE_BOUND('',#207,.T.);
#25=FACE_BOUND('',#215,.T.);
#26=FACE_BOUND('',#217,.T.);
#27=FACE_BOUND('',#230,.T.);
#28=FACE_BOUND('',#231,.T.);
#29=PLANE('',#1370);
#30=PLANE('',#1374);
#31=PLANE('',#1375);
#32=PLANE('',#1376);
#33=PLANE('',#1377);
#34=PLANE('',#1378);
#35=PLANE('',#1379);
#36=PLANE('',#1380);
#37=PLANE('',#1381);
#38=PLANE('',#1383);
#39=PLANE('',#1384);
#40=PLANE('',#1385);
#41=PLANE('',#1386);
#42=PLANE('',#1387);
#43=PLANE('',#1388);
#44=PLANE('',#1389);
#45=PLANE('',#1391);
#46=PLANE('',#1392);
#47=PLANE('',#1394);
#48=PLANE('',#1399);
#49=PLANE('',#1402);
#50=PLANE('',#1403);
#51=PLANE('',#1404);
#52=PLANE('',#1405);
#53=PLANE('',#1406);
#54=PLANE('',#1407);
#55=PLANE('',#1408);
#56=PLANE('',#1414);
#57=PLANE('',#1418);
#58=PLANE('',#1419);
#59=PLANE('',#1420);
#60=PLANE('',#1421);
#61=PLANE('',#1422);
#62=PLANE('',#1423);
#63=PLANE('',#1424);
#64=PLANE('',#1425);
#65=PLANE('',#1427);
#66=PLANE('',#1428);
#67=PLANE('',#1429);
#68=PLANE('',#1430);
#69=PLANE('',#1431);
#70=PLANE('',#1432);
#71=PLANE('',#1433);
#72=PLANE('',#1435);
#73=PLANE('',#1436);
#74=PLANE('',#1438);
#75=PLANE('',#1443);
#76=PLANE('',#1446);
#77=PLANE('',#1447);
#78=PLANE('',#1448);
#79=PLANE('',#1449);
#80=PLANE('',#1450);
#81=PLANE('',#1451);
#82=PLANE('',#1452);
#83=PLANE('',#1453);
#84=PLANE('',#1454);
#85=PLANE('',#1455);
#86=PLANE('',#1456);
#87=PLANE('',#1457);
#88=PLANE('',#1458);
#89=FACE_OUTER_BOUND('',#159,.T.);
#90=FACE_OUTER_BOUND('',#160,.T.);
#91=FACE_OUTER_BOUND('',#161,.T.);
#92=FACE_OUTER_BOUND('',#162,.T.);
#93=FACE_OUTER_BOUND('',#163,.T.);
#94=FACE_OUTER_BOUND('',#164,.T.);
#95=FACE_OUTER_BOUND('',#165,.T.);
#96=FACE_OUTER_BOUND('',#166,.T.);
#97=FACE_OUTER_BOUND('',#167,.T.);
#98=FACE_OUTER_BOUND('',#168,.T.);
#99=FACE_OUTER_BOUND('',#169,.T.);
#100=FACE_OUTER_BOUND('',#171,.T.);
#101=FACE_OUTER_BOUND('',#172,.T.);
#102=FACE_OUTER_BOUND('',#173,.T.);
#103=FACE_OUTER_BOUND('',#174,.T.);
#104=FACE_OUTER_BOUND('',#175,.T.);
#105=FACE_OUTER_BOUND('',#176,.T.);
#106=FACE_OUTER_BOUND('',#177,.T.);
#107=FACE_OUTER_BOUND('',#179,.T.);
#108=FACE_OUTER_BOUND('',#181,.T.);
#109=FACE_OUTER_BOUND('',#182,.T.);
#110=FACE_OUTER_BOUND('',#183,.T.);
#111=FACE_OUTER_BOUND('',#184,.T.);
#112=FACE_OUTER_BOUND('',#185,.T.);
#113=FACE_OUTER_BOUND('',#186,.T.);
#114=FACE_OUTER_BOUND('',#187,.T.);
#115=FACE_OUTER_BOUND('',#188,.T.);
#116=FACE_OUTER_BOUND('',#189,.T.);
#117=FACE_OUTER_BOUND('',#190,.T.);
#118=FACE_OUTER_BOUND('',#191,.T.);
#119=FACE_OUTER_BOUND('',#192,.T.);
#120=FACE_OUTER_BOUND('',#195,.T.);
#121=FACE_OUTER_BOUND('',#196,.T.);
#122=FACE_OUTER_BOUND('',#197,.T.);
#123=FACE_OUTER_BOUND('',#198,.T.);
#124=FACE_OUTER_BOUND('',#199,.T.);
#125=FACE_OUTER_BOUND('',#200,.T.);
#126=FACE_OUTER_BOUND('',#201,.T.);
#127=FACE_OUTER_BOUND('',#202,.T.);
#128=FACE_OUTER_BOUND('',#203,.T.);
#129=FACE_OUTER_BOUND('',#204,.T.);
#130=FACE_OUTER_BOUND('',#205,.T.);
#131=FACE_OUTER_BOUND('',#206,.T.);
#132=FACE_OUTER_BOUND('',#208,.T.);
#133=FACE_OUTER_BOUND('',#209,.T.);
#134=FACE_OUTER_BOUND('',#210,.T.);
#135=FACE_OUTER_BOUND('',#211,.T.);
#136=FACE_OUTER_BOUND('',#212,.T.);
#137=FACE_OUTER_BOUND('',#213,.T.);
#138=FACE_OUTER_BOUND('',#214,.T.);
#139=FACE_OUTER_BOUND('',#216,.T.);
#140=FACE_OUTER_BOUND('',#218,.T.);
#141=FACE_OUTER_BOUND('',#219,.T.);
#142=FACE_OUTER_BOUND('',#220,.T.);
#143=FACE_OUTER_BOUND('',#221,.T.);
#144=FACE_OUTER_BOUND('',#222,.T.);
#145=FACE_OUTER_BOUND('',#223,.T.);
#146=FACE_OUTER_BOUND('',#224,.T.);
#147=FACE_OUTER_BOUND('',#225,.T.);
#148=FACE_OUTER_BOUND('',#226,.T.);
#149=FACE_OUTER_BOUND('',#227,.T.);
#150=FACE_OUTER_BOUND('',#228,.T.);
#151=FACE_OUTER_BOUND('',#229,.T.);
#152=FACE_OUTER_BOUND('',#232,.T.);
#153=FACE_OUTER_BOUND('',#233,.T.);
#154=FACE_OUTER_BOUND('',#234,.T.);
#155=FACE_OUTER_BOUND('',#235,.T.);
#156=FACE_OUTER_BOUND('',#236,.T.);
#157=FACE_OUTER_BOUND('',#237,.T.);
#158=FACE_OUTER_BOUND('',#238,.T.);
#159=EDGE_LOOP('',(#897,#898,#899,#900,#901,#902,#903));
#160=EDGE_LOOP('',(#904,#905,#906,#907));
#161=EDGE_LOOP('',(#908,#909,#910,#911));
#162=EDGE_LOOP('',(#912,#913,#914,#915));
#163=EDGE_LOOP('',(#916,#917,#918,#919));
#164=EDGE_LOOP('',(#920,#921,#922,#923));
#165=EDGE_LOOP('',(#924,#925,#926,#927));
#166=EDGE_LOOP('',(#928,#929,#930,#931));
#167=EDGE_LOOP('',(#932,#933,#934,#935));
#168=EDGE_LOOP('',(#936,#937,#938,#939));
#169=EDGE_LOOP('',(#940,#941,#942,#943,#944,#945));
#170=EDGE_LOOP('',(#946));
#171=EDGE_LOOP('',(#947,#948,#949,#950));
#172=EDGE_LOOP('',(#951,#952,#953,#954,#955));
#173=EDGE_LOOP('',(#956,#957,#958,#959,#960));
#174=EDGE_LOOP('',(#961,#962,#963,#964));
#175=EDGE_LOOP('',(#965,#966,#967,#968));
#176=EDGE_LOOP('',(#969,#970,#971,#972));
#177=EDGE_LOOP('',(#973,#974,#975,#976,#977,#978));
#178=EDGE_LOOP('',(#979));
#179=EDGE_LOOP('',(#980,#981,#982,#983,#984,#985,#986,#987,#988,#989,#990));
#180=EDGE_LOOP('',(#991,#992,#993,#994,#995,#996));
#181=EDGE_LOOP('',(#997,#998,#999,#1000,#1001,#1002,#1003,#1004,#1005,#1006,
#1007,#1008,#1009,#1010));
#182=EDGE_LOOP('',(#1011,#1012,#1013,#1014));
#183=EDGE_LOOP('',(#1015,#1016,#1017,#1018));
#184=EDGE_LOOP('',(#1019,#1020,#1021,#1022));
#185=EDGE_LOOP('',(#1023,#1024,#1025,#1026));
#186=EDGE_LOOP('',(#1027,#1028,#1029,#1030));
#187=EDGE_LOOP('',(#1031,#1032,#1033,#1034));
#188=EDGE_LOOP('',(#1035,#1036,#1037,#1038));
#189=EDGE_LOOP('',(#1039,#1040,#1041,#1042));
#190=EDGE_LOOP('',(#1043,#1044,#1045,#1046,#1047,#1048,#1049,#1050,#1051,
#1052,#1053,#1054,#1055,#1056));
#191=EDGE_LOOP('',(#1057,#1058,#1059,#1060));
#192=EDGE_LOOP('',(#1061,#1062,#1063,#1064));
#193=EDGE_LOOP('',(#1065));
#194=EDGE_LOOP('',(#1066));
#195=EDGE_LOOP('',(#1067,#1068,#1069,#1070));
#196=EDGE_LOOP('',(#1071,#1072,#1073,#1074,#1075,#1076,#1077));
#197=EDGE_LOOP('',(#1078,#1079,#1080,#1081));
#198=EDGE_LOOP('',(#1082,#1083,#1084,#1085));
#199=EDGE_LOOP('',(#1086,#1087,#1088,#1089));
#200=EDGE_LOOP('',(#1090,#1091,#1092,#1093));
#201=EDGE_LOOP('',(#1094,#1095,#1096,#1097));
#202=EDGE_LOOP('',(#1098,#1099,#1100,#1101));
#203=EDGE_LOOP('',(#1102,#1103,#1104,#1105));
#204=EDGE_LOOP('',(#1106,#1107,#1108,#1109));
#205=EDGE_LOOP('',(#1110,#1111,#1112,#1113));
#206=EDGE_LOOP('',(#1114,#1115,#1116,#1117,#1118,#1119));
#207=EDGE_LOOP('',(#1120));
#208=EDGE_LOOP('',(#1121,#1122,#1123,#1124));
#209=EDGE_LOOP('',(#1125,#1126,#1127,#1128,#1129));
#210=EDGE_LOOP('',(#1130,#1131,#1132,#1133,#1134));
#211=EDGE_LOOP('',(#1135,#1136,#1137,#1138));
#212=EDGE_LOOP('',(#1139,#1140,#1141,#1142));
#213=EDGE_LOOP('',(#1143,#1144,#1145,#1146));
#214=EDGE_LOOP('',(#1147,#1148,#1149,#1150,#1151,#1152));
#215=EDGE_LOOP('',(#1153));
#216=EDGE_LOOP('',(#1154,#1155,#1156,#1157,#1158,#1159,#1160,#1161,#1162,
#1163,#1164));
#217=EDGE_LOOP('',(#1165,#1166,#1167,#1168,#1169,#1170));
#218=EDGE_LOOP('',(#1171,#1172,#1173,#1174,#1175,#1176,#1177,#1178,#1179,
#1180,#1181,#1182,#1183,#1184));
#219=EDGE_LOOP('',(#1185,#1186,#1187,#1188));
#220=EDGE_LOOP('',(#1189,#1190,#1191,#1192));
#221=EDGE_LOOP('',(#1193,#1194,#1195,#1196));
#222=EDGE_LOOP('',(#1197,#1198,#1199,#1200));
#223=EDGE_LOOP('',(#1201,#1202,#1203,#1204));
#224=EDGE_LOOP('',(#1205,#1206,#1207,#1208));
#225=EDGE_LOOP('',(#1209,#1210,#1211,#1212));
#226=EDGE_LOOP('',(#1213,#1214,#1215,#1216));
#227=EDGE_LOOP('',(#1217,#1218,#1219,#1220,#1221,#1222,#1223,#1224,#1225,
#1226,#1227,#1228,#1229,#1230));
#228=EDGE_LOOP('',(#1231,#1232,#1233,#1234));
#229=EDGE_LOOP('',(#1235,#1236,#1237,#1238));
#230=EDGE_LOOP('',(#1239));
#231=EDGE_LOOP('',(#1240));
#232=EDGE_LOOP('',(#1241,#1242,#1243,#1244));
#233=EDGE_LOOP('',(#1245,#1246,#1247,#1248));
#234=EDGE_LOOP('',(#1249,#1250,#1251,#1252));
#235=EDGE_LOOP('',(#1253,#1254,#1255,#1256));
#236=EDGE_LOOP('',(#1257,#1258,#1259,#1260));
#237=EDGE_LOOP('',(#1261,#1262,#1263,#1264));
#238=EDGE_LOOP('',(#1265,#1266,#1267,#1268));
#239=CIRCLE('',#1367,0.5);
#240=CIRCLE('',#1368,0.5);
#241=CIRCLE('',#1372,0.5);
#242=CIRCLE('',#1373,0.5);
#243=CIRCLE('',#1382,1.1);
#244=CIRCLE('',#1390,1.1);
#245=CIRCLE('',#1393,3.);
#246=CIRCLE('',#1396,1.1);
#247=CIRCLE('',#1398,1.1);
#248=CIRCLE('',#1401,3.);
#249=CIRCLE('',#1411,0.5);
#250=CIRCLE('',#1412,0.5);
#251=CIRCLE('',#1416,0.5);
#252=CIRCLE('',#1417,0.5);
#253=CIRCLE('',#1426,1.1);
#254=CIRCLE('',#1434,1.1);
#255=CIRCLE('',#1437,3.);
#256=CIRCLE('',#1440,1.1);
#257=CIRCLE('',#1442,1.1);
#258=CIRCLE('',#1445,3.);
#259=LINE('',#1817,#421);
#260=LINE('',#1821,#422);
#261=LINE('',#1825,#423);
#262=LINE('',#1829,#424);
#263=LINE('',#1831,#425);
#264=LINE('',#1832,#426);
#265=LINE('',#1837,#427);
#266=LINE('',#1841,#428);
#267=LINE('',#1843,#429);
#268=LINE('',#1844,#430);
#269=LINE('',#1848,#431);
#270=LINE('',#1850,#432);
#271=LINE('',#1852,#433);
#272=LINE('',#1853,#434);
#273=LINE('',#1856,#435);
#274=LINE('',#1858,#436);
#275=LINE('',#1859,#437);
#276=LINE('',#1862,#438);
#277=LINE('',#1864,#439);
#278=LINE('',#1865,#440);
#279=LINE('',#1868,#441);
#280=LINE('',#1870,#442);
#281=LINE('',#1871,#443);
#282=LINE('',#1874,#444);
#283=LINE('',#1876,#445);
#284=LINE('',#1877,#446);
#285=LINE('',#1879,#447);
#286=LINE('',#1880,#448);
#287=LINE('',#1887,#449);
#288=LINE('',#1889,#450);
#289=LINE('',#1891,#451);
#290=LINE('',#1892,#452);
#291=LINE('',#1895,#453);
#292=LINE('',#1896,#454);
#293=LINE('',#1897,#455);
#294=LINE('',#1900,#456);
#295=LINE('',#1902,#457);
#296=LINE('',#1903,#458);
#297=LINE('',#1906,#459);
#298=LINE('',#1908,#460);
#299=LINE('',#1909,#461);
#300=LINE('',#1912,#462);
#301=LINE('',#1914,#463);
#302=LINE('',#1915,#464);
#303=LINE('',#1917,#465);
#304=LINE('',#1918,#466);
#305=LINE('',#1924,#467);
#306=LINE('',#1926,#468);
#307=LINE('',#1927,#469);
#308=LINE('',#1930,#470);
#309=LINE('',#1932,#471);
#310=LINE('',#1934,#472);
#311=LINE('',#1936,#473);
#312=LINE('',#1940,#474);
#313=LINE('',#1942,#475);
#314=LINE('',#1944,#476);
#315=LINE('',#1945,#477);
#316=LINE('',#1948,#478);
#317=LINE('',#1949,#479);
#318=LINE('',#1953,#480);
#319=LINE('',#1957,#481);
#320=LINE('',#1960,#482);
#321=LINE('',#1962,#483);
#322=LINE('',#1963,#484);
#323=LINE('',#1966,#485);
#324=LINE('',#1970,#486);
#325=LINE('',#1971,#487);
#326=LINE('',#1974,#488);
#327=LINE('',#1975,#489);
#328=LINE('',#1978,#490);
#329=LINE('',#1979,#491);
#330=LINE('',#1982,#492);
#331=LINE('',#1983,#493);
#332=LINE('',#1984,#494);
#333=LINE('',#1986,#495);
#334=LINE('',#1994,#496);
#335=LINE('',#1998,#497);
#336=LINE('',#2002,#498);
#337=LINE('',#2006,#499);
#338=LINE('',#2008,#500);
#339=LINE('',#2009,#501);
#340=LINE('',#2014,#502);
#341=LINE('',#2018,#503);
#342=LINE('',#2020,#504);
#343=LINE('',#2021,#505);
#344=LINE('',#2025,#506);
#345=LINE('',#2027,#507);
#346=LINE('',#2029,#508);
#347=LINE('',#2030,#509);
#348=LINE('',#2033,#510);
#349=LINE('',#2035,#511);
#350=LINE('',#2036,#512);
#351=LINE('',#2039,#513);
#352=LINE('',#2041,#514);
#353=LINE('',#2042,#515);
#354=LINE('',#2045,#516);
#355=LINE('',#2047,#517);
#356=LINE('',#2048,#518);
#357=LINE('',#2051,#519);
#358=LINE('',#2053,#520);
#359=LINE('',#2054,#521);
#360=LINE('',#2056,#522);
#361=LINE('',#2057,#523);
#362=LINE('',#2064,#524);
#363=LINE('',#2066,#525);
#364=LINE('',#2068,#526);
#365=LINE('',#2069,#527);
#366=LINE('',#2072,#528);
#367=LINE('',#2073,#529);
#368=LINE('',#2074,#530);
#369=LINE('',#2077,#531);
#370=LINE('',#2079,#532);
#371=LINE('',#2080,#533);
#372=LINE('',#2083,#534);
#373=LINE('',#2085,#535);
#374=LINE('',#2086,#536);
#375=LINE('',#2089,#537);
#376=LINE('',#2091,#538);
#377=LINE('',#2092,#539);
#378=LINE('',#2094,#540);
#379=LINE('',#2095,#541);
#380=LINE('',#2101,#542);
#381=LINE('',#2103,#543);
#382=LINE('',#2104,#544);
#383=LINE('',#2107,#545);
#384=LINE('',#2109,#546);
#385=LINE('',#2111,#547);
#386=LINE('',#2113,#548);
#387=LINE('',#2117,#549);
#388=LINE('',#2119,#550);
#389=LINE('',#2121,#551);
#390=LINE('',#2122,#552);
#391=LINE('',#2125,#553);
#392=LINE('',#2126,#554);
#393=LINE('',#2130,#555);
#394=LINE('',#2134,#556);
#395=LINE('',#2137,#557);
#396=LINE('',#2139,#558);
#397=LINE('',#2140,#559);
#398=LINE('',#2143,#560);
#399=LINE('',#2147,#561);
#400=LINE('',#2148,#562);
#401=LINE('',#2151,#563);
#402=LINE('',#2152,#564);
#403=LINE('',#2155,#565);
#404=LINE('',#2156,#566);
#405=LINE('',#2159,#567);
#406=LINE('',#2160,#568);
#407=LINE('',#2161,#569);
#408=LINE('',#2163,#570);
#409=LINE('',#2169,#571);
#410=LINE('',#2171,#572);
#411=LINE('',#2173,#573);
#412=LINE('',#2174,#574);
#413=LINE('',#2177,#575);
#414=LINE('',#2179,#576);
#415=LINE('',#2180,#577);
#416=LINE('',#2183,#578);
#417=LINE('',#2184,#579);
#418=LINE('',#2187,#580);
#419=LINE('',#2188,#581);
#420=LINE('',#2190,#582);
#421=VECTOR('',#1465,10.);
#422=VECTOR('',#1468,10.);
#423=VECTOR('',#1471,10.);
#424=VECTOR('',#1476,10.);
#425=VECTOR('',#1477,10.);
#426=VECTOR('',#1478,10.);
#427=VECTOR('',#1483,10.);
#428=VECTOR('',#1488,10.);
#429=VECTOR('',#1489,10.);
#430=VECTOR('',#1490,10.);
#431=VECTOR('',#1493,10.);
#432=VECTOR('',#1494,10.);
#433=VECTOR('',#1495,10.);
#434=VECTOR('',#1496,10.);
#435=VECTOR('',#1499,10.);
#436=VECTOR('',#1500,10.);
#437=VECTOR('',#1501,10.);
#438=VECTOR('',#1504,10.);
#439=VECTOR('',#1505,10.);
#440=VECTOR('',#1506,10.);
#441=VECTOR('',#1509,10.);
#442=VECTOR('',#1510,10.);
#443=VECTOR('',#1511,10.);
#444=VECTOR('',#1514,10.);
#445=VECTOR('',#1515,10.);
#446=VECTOR('',#1516,10.);
#447=VECTOR('',#1519,10.);
#448=VECTOR('',#1520,10.);
#449=VECTOR('',#1527,10.);
#450=VECTOR('',#1528,10.);
#451=VECTOR('',#1529,10.);
#452=VECTOR('',#1530,10.);
#453=VECTOR('',#1533,10.);
#454=VECTOR('',#1534,10.);
#455=VECTOR('',#1535,10.);
#456=VECTOR('',#1538,10.);
#457=VECTOR('',#1539,10.);
#458=VECTOR('',#1540,10.);
#459=VECTOR('',#1543,10.);
#460=VECTOR('',#1544,10.);
#461=VECTOR('',#1545,10.);
#462=VECTOR('',#1548,10.);
#463=VECTOR('',#1549,10.);
#464=VECTOR('',#1550,10.);
#465=VECTOR('',#1553,10.);
#466=VECTOR('',#1554,10.);
#467=VECTOR('',#1561,10.);
#468=VECTOR('',#1562,10.);
#469=VECTOR('',#1563,10.);
#470=VECTOR('',#1566,10.);
#471=VECTOR('',#1567,10.);
#472=VECTOR('',#1568,10.);
#473=VECTOR('',#1569,10.);
#474=VECTOR('',#1572,10.);
#475=VECTOR('',#1573,10.);
#476=VECTOR('',#1574,10.);
#477=VECTOR('',#1575,10.);
#478=VECTOR('',#1578,10.);
#479=VECTOR('',#1579,10.);
#480=VECTOR('',#1584,1.1);
#481=VECTOR('',#1589,1.1);
#482=VECTOR('',#1592,10.);
#483=VECTOR('',#1593,10.);
#484=VECTOR('',#1594,10.);
#485=VECTOR('',#1597,10.);
#486=VECTOR('',#1602,10.);
#487=VECTOR('',#1603,10.);
#488=VECTOR('',#1606,10.);
#489=VECTOR('',#1607,10.);
#490=VECTOR('',#1610,10.);
#491=VECTOR('',#1611,10.);
#492=VECTOR('',#1614,10.);
#493=VECTOR('',#1615,10.);
#494=VECTOR('',#1616,10.);
#495=VECTOR('',#1619,10.);
#496=VECTOR('',#1628,10.);
#497=VECTOR('',#1631,10.);
#498=VECTOR('',#1634,10.);
#499=VECTOR('',#1639,10.);
#500=VECTOR('',#1640,10.);
#501=VECTOR('',#1641,10.);
#502=VECTOR('',#1646,10.);
#503=VECTOR('',#1651,10.);
#504=VECTOR('',#1652,10.);
#505=VECTOR('',#1653,10.);
#506=VECTOR('',#1656,10.);
#507=VECTOR('',#1657,10.);
#508=VECTOR('',#1658,10.);
#509=VECTOR('',#1659,10.);
#510=VECTOR('',#1662,10.);
#511=VECTOR('',#1663,10.);
#512=VECTOR('',#1664,10.);
#513=VECTOR('',#1667,10.);
#514=VECTOR('',#1668,10.);
#515=VECTOR('',#1669,10.);
#516=VECTOR('',#1672,10.);
#517=VECTOR('',#1673,10.);
#518=VECTOR('',#1674,10.);
#519=VECTOR('',#1677,10.);
#520=VECTOR('',#1678,10.);
#521=VECTOR('',#1679,10.);
#522=VECTOR('',#1682,10.);
#523=VECTOR('',#1683,10.);
#524=VECTOR('',#1690,10.);
#525=VECTOR('',#1691,10.);
#526=VECTOR('',#1692,10.);
#527=VECTOR('',#1693,10.);
#528=VECTOR('',#1696,10.);
#529=VECTOR('',#1697,10.);
#530=VECTOR('',#1698,10.);
#531=VECTOR('',#1701,10.);
#532=VECTOR('',#1702,10.);
#533=VECTOR('',#1703,10.);
#534=VECTOR('',#1706,10.);
#535=VECTOR('',#1707,10.);
#536=VECTOR('',#1708,10.);
#537=VECTOR('',#1711,10.);
#538=VECTOR('',#1712,10.);
#539=VECTOR('',#1713,10.);
#540=VECTOR('',#1716,10.);
#541=VECTOR('',#1717,10.);
#542=VECTOR('',#1724,10.);
#543=VECTOR('',#1725,10.);
#544=VECTOR('',#1726,10.);
#545=VECTOR('',#1729,10.);
#546=VECTOR('',#1730,10.);
#547=VECTOR('',#1731,10.);
#548=VECTOR('',#1732,10.);
#549=VECTOR('',#1735,10.);
#550=VECTOR('',#1736,10.);
#551=VECTOR('',#1737,10.);
#552=VECTOR('',#1738,10.);
#553=VECTOR('',#1741,10.);
#554=VECTOR('',#1742,10.);
#555=VECTOR('',#1747,1.1);
#556=VECTOR('',#1752,1.1);
#557=VECTOR('',#1755,10.);
#558=VECTOR('',#1756,10.);
#559=VECTOR('',#1757,10.);
#560=VECTOR('',#1760,10.);
#561=VECTOR('',#1765,10.);
#562=VECTOR('',#1766,10.);
#563=VECTOR('',#1769,10.);
#564=VECTOR('',#1770,10.);
#565=VECTOR('',#1773,10.);
#566=VECTOR('',#1774,10.);
#567=VECTOR('',#1777,10.);
#568=VECTOR('',#1778,10.);
#569=VECTOR('',#1779,10.);
#570=VECTOR('',#1782,10.);
#571=VECTOR('',#1789,10.);
#572=VECTOR('',#1790,10.);
#573=VECTOR('',#1791,10.);
#574=VECTOR('',#1792,10.);
#575=VECTOR('',#1795,10.);
#576=VECTOR('',#1796,10.);
#577=VECTOR('',#1797,10.);
#578=VECTOR('',#1800,10.);
#579=VECTOR('',#1801,10.);
#580=VECTOR('',#1804,10.);
#581=VECTOR('',#1805,10.);
#582=VECTOR('',#1808,10.);
#583=ELLIPSE('',#1366,0.64991644043415,0.5);
#584=ELLIPSE('',#1369,2.96564804076294,0.5);
#585=ELLIPSE('',#1410,0.64991644043415,0.5);
#586=ELLIPSE('',#1413,2.96564804076294,0.5);
#587=VERTEX_POINT('',#1813);
#588=VERTEX_POINT('',#1814);
#589=VERTEX_POINT('',#1816);
#590=VERTEX_POINT('',#1818);
#591=VERTEX_POINT('',#1820);
#592=VERTEX_POINT('',#1822);
#593=VERTEX_POINT('',#1824);
#594=VERTEX_POINT('',#1828);
#595=VERTEX_POINT('',#1830);
#596=VERTEX_POINT('',#1834);
#597=VERTEX_POINT('',#1836);
#598=VERTEX_POINT('',#1840);
#599=VERTEX_POINT('',#1842);
#600=VERTEX_POINT('',#1846);
#601=VERTEX_POINT('',#1847);
#602=VERTEX_POINT('',#1849);
#603=VERTEX_POINT('',#1851);
#604=VERTEX_POINT('',#1855);
#605=VERTEX_POINT('',#1857);
#606=VERTEX_POINT('',#1861);
#607=VERTEX_POINT('',#1863);
#608=VERTEX_POINT('',#1867);
#609=VERTEX_POINT('',#1869);
#610=VERTEX_POINT('',#1873);
#611=VERTEX_POINT('',#1875);
#612=VERTEX_POINT('',#1882);
#613=VERTEX_POINT('',#1885);
#614=VERTEX_POINT('',#1886);
#615=VERTEX_POINT('',#1888);
#616=VERTEX_POINT('',#1890);
#617=VERTEX_POINT('',#1894);
#618=VERTEX_POINT('',#1899);
#619=VERTEX_POINT('',#1901);
#620=VERTEX_POINT('',#1905);
#621=VERTEX_POINT('',#1907);
#622=VERTEX_POINT('',#1911);
#623=VERTEX_POINT('',#1913);
#624=VERTEX_POINT('',#1920);
#625=VERTEX_POINT('',#1923);
#626=VERTEX_POINT('',#1925);
#627=VERTEX_POINT('',#1929);
#628=VERTEX_POINT('',#1931);
#629=VERTEX_POINT('',#1933);
#630=VERTEX_POINT('',#1935);
#631=VERTEX_POINT('',#1937);
#632=VERTEX_POINT('',#1939);
#633=VERTEX_POINT('',#1941);
#634=VERTEX_POINT('',#1943);
#635=VERTEX_POINT('',#1947);
#636=VERTEX_POINT('',#1951);
#637=VERTEX_POINT('',#1955);
#638=VERTEX_POINT('',#1959);
#639=VERTEX_POINT('',#1961);
#640=VERTEX_POINT('',#1965);
#641=VERTEX_POINT('',#1969);
#642=VERTEX_POINT('',#1973);
#643=VERTEX_POINT('',#1977);
#644=VERTEX_POINT('',#1981);
#645=VERTEX_POINT('',#1990);
#646=VERTEX_POINT('',#1991);
#647=VERTEX_POINT('',#1993);
#648=VERTEX_POINT('',#1995);
#649=VERTEX_POINT('',#1997);
#650=VERTEX_POINT('',#1999);
#651=VERTEX_POINT('',#2001);
#652=VERTEX_POINT('',#2005);
#653=VERTEX_POINT('',#2007);
#654=VERTEX_POINT('',#2011);
#655=VERTEX_POINT('',#2013);
#656=VERTEX_POINT('',#2017);
#657=VERTEX_POINT('',#2019);
#658=VERTEX_POINT('',#2023);
#659=VERTEX_POINT('',#2024);
#660=VERTEX_POINT('',#2026);
#661=VERTEX_POINT('',#2028);
#662=VERTEX_POINT('',#2032);
#663=VERTEX_POINT('',#2034);
#664=VERTEX_POINT('',#2038);
#665=VERTEX_POINT('',#2040);
#666=VERTEX_POINT('',#2044);
#667=VERTEX_POINT('',#2046);
#668=VERTEX_POINT('',#2050);
#669=VERTEX_POINT('',#2052);
#670=VERTEX_POINT('',#2059);
#671=VERTEX_POINT('',#2062);
#672=VERTEX_POINT('',#2063);
#673=VERTEX_POINT('',#2065);
#674=VERTEX_POINT('',#2067);
#675=VERTEX_POINT('',#2071);
#676=VERTEX_POINT('',#2076);
#677=VERTEX_POINT('',#2078);
#678=VERTEX_POINT('',#2082);
#679=VERTEX_POINT('',#2084);
#680=VERTEX_POINT('',#2088);
#681=VERTEX_POINT('',#2090);
#682=VERTEX_POINT('',#2097);
#683=VERTEX_POINT('',#2100);
#684=VERTEX_POINT('',#2102);
#685=VERTEX_POINT('',#2106);
#686=VERTEX_POINT('',#2108);
#687=VERTEX_POINT('',#2110);
#688=VERTEX_POINT('',#2112);
#689=VERTEX_POINT('',#2114);
#690=VERTEX_POINT('',#2116);
#691=VERTEX_POINT('',#2118);
#692=VERTEX_POINT('',#2120);
#693=VERTEX_POINT('',#2124);
#694=VERTEX_POINT('',#2128);
#695=VERTEX_POINT('',#2132);
#696=VERTEX_POINT('',#2136);
#697=VERTEX_POINT('',#2138);
#698=VERTEX_POINT('',#2142);
#699=VERTEX_POINT('',#2146);
#700=VERTEX_POINT('',#2150);
#701=VERTEX_POINT('',#2154);
#702=VERTEX_POINT('',#2158);
#703=VERTEX_POINT('',#2167);
#704=VERTEX_POINT('',#2168);
#705=VERTEX_POINT('',#2170);
#706=VERTEX_POINT('',#2172);
#707=VERTEX_POINT('',#2176);
#708=VERTEX_POINT('',#2178);
#709=VERTEX_POINT('',#2182);
#710=VERTEX_POINT('',#2186);
#711=EDGE_CURVE('',#587,#588,#583,.F.);
#712=EDGE_CURVE('',#587,#589,#259,.T.);
#713=EDGE_CURVE('',#589,#590,#239,.T.);
#714=EDGE_CURVE('',#590,#591,#260,.T.);
#715=EDGE_CURVE('',#591,#592,#240,.T.);
#716=EDGE_CURVE('',#592,#593,#261,.T.);
#717=EDGE_CURVE('',#588,#593,#584,.F.);
#718=EDGE_CURVE('',#594,#590,#262,.T.);
#719=EDGE_CURVE('',#595,#594,#263,.T.);
#720=EDGE_CURVE('',#591,#595,#264,.T.);
#721=EDGE_CURVE('',#594,#596,#241,.T.);
#722=EDGE_CURVE('',#596,#597,#265,.T.);
#723=EDGE_CURVE('',#597,#595,#242,.T.);
#724=EDGE_CURVE('',#598,#596,#266,.T.);
#725=EDGE_CURVE('',#599,#598,#267,.T.);
#726=EDGE_CURVE('',#597,#599,#268,.T.);
#727=EDGE_CURVE('',#600,#601,#269,.T.);
#728=EDGE_CURVE('',#600,#602,#270,.T.);
#729=EDGE_CURVE('',#602,#603,#271,.T.);
#730=EDGE_CURVE('',#601,#603,#272,.T.);
#731=EDGE_CURVE('',#604,#600,#273,.T.);
#732=EDGE_CURVE('',#604,#605,#274,.T.);
#733=EDGE_CURVE('',#605,#602,#275,.T.);
#734=EDGE_CURVE('',#606,#604,#276,.T.);
#735=EDGE_CURVE('',#606,#607,#277,.T.);
#736=EDGE_CURVE('',#607,#605,#278,.T.);
#737=EDGE_CURVE('',#608,#606,#279,.T.);
#738=EDGE_CURVE('',#608,#609,#280,.T.);
#739=EDGE_CURVE('',#609,#607,#281,.T.);
#740=EDGE_CURVE('',#610,#608,#282,.T.);
#741=EDGE_CURVE('',#610,#611,#283,.T.);
#742=EDGE_CURVE('',#611,#609,#284,.T.);
#743=EDGE_CURVE('',#601,#610,#285,.T.);
#744=EDGE_CURVE('',#603,#611,#286,.T.);
#745=EDGE_CURVE('',#612,#612,#243,.T.);
#746=EDGE_CURVE('',#613,#614,#287,.T.);
#747=EDGE_CURVE('',#613,#615,#288,.T.);
#748=EDGE_CURVE('',#615,#616,#289,.T.);
#749=EDGE_CURVE('',#614,#616,#290,.T.);
#750=EDGE_CURVE('',#588,#617,#291,.T.);
#751=EDGE_CURVE('',#617,#615,#292,.T.);
#752=EDGE_CURVE('',#587,#613,#293,.T.);
#753=EDGE_CURVE('',#618,#593,#294,.T.);
#754=EDGE_CURVE('',#618,#619,#295,.T.);
#755=EDGE_CURVE('',#619,#617,#296,.T.);
#756=EDGE_CURVE('',#620,#618,#297,.T.);
#757=EDGE_CURVE('',#620,#621,#298,.T.);
#758=EDGE_CURVE('',#621,#619,#299,.T.);
#759=EDGE_CURVE('',#622,#620,#300,.T.);
#760=EDGE_CURVE('',#622,#623,#301,.T.);
#761=EDGE_CURVE('',#623,#621,#302,.T.);
#762=EDGE_CURVE('',#614,#622,#303,.T.);
#763=EDGE_CURVE('',#616,#623,#304,.T.);
#764=EDGE_CURVE('',#624,#624,#244,.T.);
#765=EDGE_CURVE('',#625,#592,#305,.T.);
#766=EDGE_CURVE('',#626,#625,#306,.T.);
#767=EDGE_CURVE('',#589,#626,#307,.T.);
#768=EDGE_CURVE('',#626,#627,#308,.T.);
#769=EDGE_CURVE('',#627,#628,#309,.T.);
#770=EDGE_CURVE('',#628,#629,#310,.T.);
#771=EDGE_CURVE('',#629,#630,#311,.T.);
#772=EDGE_CURVE('',#630,#631,#245,.T.);
#773=EDGE_CURVE('',#631,#632,#312,.T.);
#774=EDGE_CURVE('',#632,#633,#313,.T.);
#775=EDGE_CURVE('',#633,#634,#314,.T.);
#776=EDGE_CURVE('',#634,#598,#315,.T.);
#777=EDGE_CURVE('',#635,#625,#316,.T.);
#778=EDGE_CURVE('',#635,#627,#317,.T.);
#779=EDGE_CURVE('',#636,#636,#246,.T.);
#780=EDGE_CURVE('',#636,#612,#318,.T.);
#781=EDGE_CURVE('',#637,#637,#247,.T.);
#782=EDGE_CURVE('',#637,#624,#319,.T.);
#783=EDGE_CURVE('',#631,#638,#320,.T.);
#784=EDGE_CURVE('',#639,#638,#321,.T.);
#785=EDGE_CURVE('',#632,#639,#322,.T.);
#786=EDGE_CURVE('',#630,#640,#323,.T.);
#787=EDGE_CURVE('',#638,#640,#248,.T.);
#788=EDGE_CURVE('',#641,#629,#324,.T.);
#789=EDGE_CURVE('',#640,#641,#325,.T.);
#790=EDGE_CURVE('',#642,#628,#326,.T.);
#791=EDGE_CURVE('',#641,#642,#327,.T.);
#792=EDGE_CURVE('',#643,#639,#328,.T.);
#793=EDGE_CURVE('',#643,#633,#329,.T.);
#794=EDGE_CURVE('',#599,#644,#330,.T.);
#795=EDGE_CURVE('',#644,#643,#331,.T.);
#796=EDGE_CURVE('',#642,#635,#332,.T.);
#797=EDGE_CURVE('',#644,#634,#333,.T.);
#798=EDGE_CURVE('',#645,#646,#585,.F.);
#799=EDGE_CURVE('',#645,#647,#334,.T.);
#800=EDGE_CURVE('',#647,#648,#249,.T.);
#801=EDGE_CURVE('',#648,#649,#335,.T.);
#802=EDGE_CURVE('',#649,#650,#250,.T.);
#803=EDGE_CURVE('',#650,#651,#336,.T.);
#804=EDGE_CURVE('',#646,#651,#586,.F.);
#805=EDGE_CURVE('',#652,#648,#337,.T.);
#806=EDGE_CURVE('',#653,#652,#338,.T.);
#807=EDGE_CURVE('',#649,#653,#339,.T.);
#808=EDGE_CURVE('',#652,#654,#251,.T.);
#809=EDGE_CURVE('',#654,#655,#340,.T.);
#810=EDGE_CURVE('',#655,#653,#252,.T.);
#811=EDGE_CURVE('',#656,#654,#341,.T.);
#812=EDGE_CURVE('',#657,#656,#342,.T.);
#813=EDGE_CURVE('',#655,#657,#343,.T.);
#814=EDGE_CURVE('',#658,#659,#344,.T.);
#815=EDGE_CURVE('',#658,#660,#345,.T.);
#816=EDGE_CURVE('',#660,#661,#346,.T.);
#817=EDGE_CURVE('',#659,#661,#347,.T.);
#818=EDGE_CURVE('',#662,#658,#348,.T.);
#819=EDGE_CURVE('',#662,#663,#349,.T.);
#820=EDGE_CURVE('',#663,#660,#350,.T.);
#821=EDGE_CURVE('',#664,#662,#351,.T.);
#822=EDGE_CURVE('',#664,#665,#352,.T.);
#823=EDGE_CURVE('',#665,#663,#353,.T.);
#824=EDGE_CURVE('',#666,#664,#354,.T.);
#825=EDGE_CURVE('',#666,#667,#355,.T.);
#826=EDGE_CURVE('',#667,#665,#356,.T.);
#827=EDGE_CURVE('',#668,#666,#357,.T.);
#828=EDGE_CURVE('',#668,#669,#358,.T.);
#829=EDGE_CURVE('',#669,#667,#359,.T.);
#830=EDGE_CURVE('',#659,#668,#360,.T.);
#831=EDGE_CURVE('',#661,#669,#361,.T.);
#832=EDGE_CURVE('',#670,#670,#253,.T.);
#833=EDGE_CURVE('',#671,#672,#362,.T.);
#834=EDGE_CURVE('',#671,#673,#363,.T.);
#835=EDGE_CURVE('',#673,#674,#364,.T.);
#836=EDGE_CURVE('',#672,#674,#365,.T.);
#837=EDGE_CURVE('',#646,#675,#366,.T.);
#838=EDGE_CURVE('',#675,#673,#367,.T.);
#839=EDGE_CURVE('',#645,#671,#368,.T.);
#840=EDGE_CURVE('',#676,#651,#369,.T.);
#841=EDGE_CURVE('',#676,#677,#370,.T.);
#842=EDGE_CURVE('',#677,#675,#371,.T.);
#843=EDGE_CURVE('',#678,#676,#372,.T.);
#844=EDGE_CURVE('',#678,#679,#373,.T.);
#845=EDGE_CURVE('',#679,#677,#374,.T.);
#846=EDGE_CURVE('',#680,#678,#375,.T.);
#847=EDGE_CURVE('',#680,#681,#376,.T.);
#848=EDGE_CURVE('',#681,#679,#377,.T.);
#849=EDGE_CURVE('',#672,#680,#378,.T.);
#850=EDGE_CURVE('',#674,#681,#379,.T.);
#851=EDGE_CURVE('',#682,#682,#254,.T.);
#852=EDGE_CURVE('',#683,#650,#380,.T.);
#853=EDGE_CURVE('',#684,#683,#381,.T.);
#854=EDGE_CURVE('',#647,#684,#382,.T.);
#855=EDGE_CURVE('',#684,#685,#383,.T.);
#856=EDGE_CURVE('',#685,#686,#384,.T.);
#857=EDGE_CURVE('',#686,#687,#385,.T.);
#858=EDGE_CURVE('',#687,#688,#386,.T.);
#859=EDGE_CURVE('',#688,#689,#255,.T.);
#860=EDGE_CURVE('',#689,#690,#387,.T.);
#861=EDGE_CURVE('',#690,#691,#388,.T.);
#862=EDGE_CURVE('',#691,#692,#389,.T.);
#863=EDGE_CURVE('',#692,#656,#390,.T.);
#864=EDGE_CURVE('',#693,#683,#391,.T.);
#865=EDGE_CURVE('',#693,#685,#392,.T.);
#866=EDGE_CURVE('',#694,#694,#256,.T.);
#867=EDGE_CURVE('',#694,#670,#393,.T.);
#868=EDGE_CURVE('',#695,#695,#257,.T.);
#869=EDGE_CURVE('',#695,#682,#394,.T.);
#870=EDGE_CURVE('',#689,#696,#395,.T.);
#871=EDGE_CURVE('',#697,#696,#396,.T.);
#872=EDGE_CURVE('',#690,#697,#397,.T.);
#873=EDGE_CURVE('',#688,#698,#398,.T.);
#874=EDGE_CURVE('',#696,#698,#258,.T.);
#875=EDGE_CURVE('',#699,#687,#399,.T.);
#876=EDGE_CURVE('',#698,#699,#400,.T.);
#877=EDGE_CURVE('',#700,#686,#401,.T.);
#878=EDGE_CURVE('',#699,#700,#402,.T.);
#879=EDGE_CURVE('',#701,#697,#403,.T.);
#880=EDGE_CURVE('',#701,#691,#404,.T.);
#881=EDGE_CURVE('',#657,#702,#405,.T.);
#882=EDGE_CURVE('',#702,#701,#406,.T.);
#883=EDGE_CURVE('',#700,#693,#407,.T.);
#884=EDGE_CURVE('',#702,#692,#408,.T.);
#885=EDGE_CURVE('',#703,#704,#409,.T.);
#886=EDGE_CURVE('',#705,#703,#410,.T.);
#887=EDGE_CURVE('',#706,#705,#411,.T.);
#888=EDGE_CURVE('',#706,#704,#412,.T.);
#889=EDGE_CURVE('',#707,#705,#413,.T.);
#890=EDGE_CURVE('',#707,#708,#414,.T.);
#891=EDGE_CURVE('',#708,#706,#415,.T.);
#892=EDGE_CURVE('',#709,#703,#416,.T.);
#893=EDGE_CURVE('',#709,#707,#417,.T.);
#894=EDGE_CURVE('',#710,#704,#418,.T.);
#895=EDGE_CURVE('',#710,#709,#419,.T.);
#896=EDGE_CURVE('',#708,#710,#420,.T.);
#897=ORIENTED_EDGE('',*,*,#711,.F.);
#898=ORIENTED_EDGE('',*,*,#712,.T.);
#899=ORIENTED_EDGE('',*,*,#713,.T.);
#900=ORIENTED_EDGE('',*,*,#714,.T.);
#901=ORIENTED_EDGE('',*,*,#715,.T.);
#902=ORIENTED_EDGE('',*,*,#716,.T.);
#903=ORIENTED_EDGE('',*,*,#717,.F.);
#904=ORIENTED_EDGE('',*,*,#714,.F.);
#905=ORIENTED_EDGE('',*,*,#718,.F.);
#906=ORIENTED_EDGE('',*,*,#719,.F.);
#907=ORIENTED_EDGE('',*,*,#720,.F.);
#908=ORIENTED_EDGE('',*,*,#721,.T.);
#909=ORIENTED_EDGE('',*,*,#722,.T.);
#910=ORIENTED_EDGE('',*,*,#723,.T.);
#911=ORIENTED_EDGE('',*,*,#719,.T.);
#912=ORIENTED_EDGE('',*,*,#722,.F.);
#913=ORIENTED_EDGE('',*,*,#724,.F.);
#914=ORIENTED_EDGE('',*,*,#725,.F.);
#915=ORIENTED_EDGE('',*,*,#726,.F.);
#916=ORIENTED_EDGE('',*,*,#727,.F.);
#917=ORIENTED_EDGE('',*,*,#728,.T.);
#918=ORIENTED_EDGE('',*,*,#729,.T.);
#919=ORIENTED_EDGE('',*,*,#730,.F.);
#920=ORIENTED_EDGE('',*,*,#731,.F.);
#921=ORIENTED_EDGE('',*,*,#732,.T.);
#922=ORIENTED_EDGE('',*,*,#733,.T.);
#923=ORIENTED_EDGE('',*,*,#728,.F.);
#924=ORIENTED_EDGE('',*,*,#734,.F.);
#925=ORIENTED_EDGE('',*,*,#735,.T.);
#926=ORIENTED_EDGE('',*,*,#736,.T.);
#927=ORIENTED_EDGE('',*,*,#732,.F.);
#928=ORIENTED_EDGE('',*,*,#737,.F.);
#929=ORIENTED_EDGE('',*,*,#738,.T.);
#930=ORIENTED_EDGE('',*,*,#739,.T.);
#931=ORIENTED_EDGE('',*,*,#735,.F.);
#932=ORIENTED_EDGE('',*,*,#740,.F.);
#933=ORIENTED_EDGE('',*,*,#741,.T.);
#934=ORIENTED_EDGE('',*,*,#742,.T.);
#935=ORIENTED_EDGE('',*,*,#738,.F.);
#936=ORIENTED_EDGE('',*,*,#743,.F.);
#937=ORIENTED_EDGE('',*,*,#730,.T.);
#938=ORIENTED_EDGE('',*,*,#744,.T.);
#939=ORIENTED_EDGE('',*,*,#741,.F.);
#940=ORIENTED_EDGE('',*,*,#744,.F.);
#941=ORIENTED_EDGE('',*,*,#729,.F.);
#942=ORIENTED_EDGE('',*,*,#733,.F.);
#943=ORIENTED_EDGE('',*,*,#736,.F.);
#944=ORIENTED_EDGE('',*,*,#739,.F.);
#945=ORIENTED_EDGE('',*,*,#742,.F.);
#946=ORIENTED_EDGE('',*,*,#745,.F.);
#947=ORIENTED_EDGE('',*,*,#746,.F.);
#948=ORIENTED_EDGE('',*,*,#747,.T.);
#949=ORIENTED_EDGE('',*,*,#748,.T.);
#950=ORIENTED_EDGE('',*,*,#749,.F.);
#951=ORIENTED_EDGE('',*,*,#750,.T.);
#952=ORIENTED_EDGE('',*,*,#751,.T.);
#953=ORIENTED_EDGE('',*,*,#747,.F.);
#954=ORIENTED_EDGE('',*,*,#752,.F.);
#955=ORIENTED_EDGE('',*,*,#711,.T.);
#956=ORIENTED_EDGE('',*,*,#753,.F.);
#957=ORIENTED_EDGE('',*,*,#754,.T.);
#958=ORIENTED_EDGE('',*,*,#755,.T.);
#959=ORIENTED_EDGE('',*,*,#750,.F.);
#960=ORIENTED_EDGE('',*,*,#717,.T.);
#961=ORIENTED_EDGE('',*,*,#756,.F.);
#962=ORIENTED_EDGE('',*,*,#757,.T.);
#963=ORIENTED_EDGE('',*,*,#758,.T.);
#964=ORIENTED_EDGE('',*,*,#754,.F.);
#965=ORIENTED_EDGE('',*,*,#759,.F.);
#966=ORIENTED_EDGE('',*,*,#760,.T.);
#967=ORIENTED_EDGE('',*,*,#761,.T.);
#968=ORIENTED_EDGE('',*,*,#757,.F.);
#969=ORIENTED_EDGE('',*,*,#762,.F.);
#970=ORIENTED_EDGE('',*,*,#749,.T.);
#971=ORIENTED_EDGE('',*,*,#763,.T.);
#972=ORIENTED_EDGE('',*,*,#760,.F.);
#973=ORIENTED_EDGE('',*,*,#763,.F.);
#974=ORIENTED_EDGE('',*,*,#748,.F.);
#975=ORIENTED_EDGE('',*,*,#751,.F.);
#976=ORIENTED_EDGE('',*,*,#755,.F.);
#977=ORIENTED_EDGE('',*,*,#758,.F.);
#978=ORIENTED_EDGE('',*,*,#761,.F.);
#979=ORIENTED_EDGE('',*,*,#764,.F.);
#980=ORIENTED_EDGE('',*,*,#716,.F.);
#981=ORIENTED_EDGE('',*,*,#765,.F.);
#982=ORIENTED_EDGE('',*,*,#766,.F.);
#983=ORIENTED_EDGE('',*,*,#767,.F.);
#984=ORIENTED_EDGE('',*,*,#712,.F.);
#985=ORIENTED_EDGE('',*,*,#752,.T.);
#986=ORIENTED_EDGE('',*,*,#746,.T.);
#987=ORIENTED_EDGE('',*,*,#762,.T.);
#988=ORIENTED_EDGE('',*,*,#759,.T.);
#989=ORIENTED_EDGE('',*,*,#756,.T.);
#990=ORIENTED_EDGE('',*,*,#753,.T.);
#991=ORIENTED_EDGE('',*,*,#727,.T.);
#992=ORIENTED_EDGE('',*,*,#743,.T.);
#993=ORIENTED_EDGE('',*,*,#740,.T.);
#994=ORIENTED_EDGE('',*,*,#737,.T.);
#995=ORIENTED_EDGE('',*,*,#734,.T.);
#996=ORIENTED_EDGE('',*,*,#731,.T.);
#997=ORIENTED_EDGE('',*,*,#724,.T.);
#998=ORIENTED_EDGE('',*,*,#721,.F.);
#999=ORIENTED_EDGE('',*,*,#718,.T.);
#1000=ORIENTED_EDGE('',*,*,#713,.F.);
#1001=ORIENTED_EDGE('',*,*,#767,.T.);
#1002=ORIENTED_EDGE('',*,*,#768,.T.);
#1003=ORIENTED_EDGE('',*,*,#769,.T.);
#1004=ORIENTED_EDGE('',*,*,#770,.T.);
#1005=ORIENTED_EDGE('',*,*,#771,.T.);
#1006=ORIENTED_EDGE('',*,*,#772,.T.);
#1007=ORIENTED_EDGE('',*,*,#773,.T.);
#1008=ORIENTED_EDGE('',*,*,#774,.T.);
#1009=ORIENTED_EDGE('',*,*,#775,.T.);
#1010=ORIENTED_EDGE('',*,*,#776,.T.);
#1011=ORIENTED_EDGE('',*,*,#766,.T.);
#1012=ORIENTED_EDGE('',*,*,#777,.F.);
#1013=ORIENTED_EDGE('',*,*,#778,.T.);
#1014=ORIENTED_EDGE('',*,*,#768,.F.);
#1015=ORIENTED_EDGE('',*,*,#779,.F.);
#1016=ORIENTED_EDGE('',*,*,#780,.T.);
#1017=ORIENTED_EDGE('',*,*,#745,.T.);
#1018=ORIENTED_EDGE('',*,*,#780,.F.);
#1019=ORIENTED_EDGE('',*,*,#781,.F.);
#1020=ORIENTED_EDGE('',*,*,#782,.T.);
#1021=ORIENTED_EDGE('',*,*,#764,.T.);
#1022=ORIENTED_EDGE('',*,*,#782,.F.);
#1023=ORIENTED_EDGE('',*,*,#773,.F.);
#1024=ORIENTED_EDGE('',*,*,#783,.T.);
#1025=ORIENTED_EDGE('',*,*,#784,.F.);
#1026=ORIENTED_EDGE('',*,*,#785,.F.);
#1027=ORIENTED_EDGE('',*,*,#772,.F.);
#1028=ORIENTED_EDGE('',*,*,#786,.T.);
#1029=ORIENTED_EDGE('',*,*,#787,.F.);
#1030=ORIENTED_EDGE('',*,*,#783,.F.);
#1031=ORIENTED_EDGE('',*,*,#771,.F.);
#1032=ORIENTED_EDGE('',*,*,#788,.F.);
#1033=ORIENTED_EDGE('',*,*,#789,.F.);
#1034=ORIENTED_EDGE('',*,*,#786,.F.);
#1035=ORIENTED_EDGE('',*,*,#788,.T.);
#1036=ORIENTED_EDGE('',*,*,#770,.F.);
#1037=ORIENTED_EDGE('',*,*,#790,.F.);
#1038=ORIENTED_EDGE('',*,*,#791,.F.);
#1039=ORIENTED_EDGE('',*,*,#785,.T.);
#1040=ORIENTED_EDGE('',*,*,#792,.F.);
#1041=ORIENTED_EDGE('',*,*,#793,.T.);
#1042=ORIENTED_EDGE('',*,*,#774,.F.);
#1043=ORIENTED_EDGE('',*,*,#726,.T.);
#1044=ORIENTED_EDGE('',*,*,#794,.T.);
#1045=ORIENTED_EDGE('',*,*,#795,.T.);
#1046=ORIENTED_EDGE('',*,*,#792,.T.);
#1047=ORIENTED_EDGE('',*,*,#784,.T.);
#1048=ORIENTED_EDGE('',*,*,#787,.T.);
#1049=ORIENTED_EDGE('',*,*,#789,.T.);
#1050=ORIENTED_EDGE('',*,*,#791,.T.);
#1051=ORIENTED_EDGE('',*,*,#796,.T.);
#1052=ORIENTED_EDGE('',*,*,#777,.T.);
#1053=ORIENTED_EDGE('',*,*,#765,.T.);
#1054=ORIENTED_EDGE('',*,*,#715,.F.);
#1055=ORIENTED_EDGE('',*,*,#720,.T.);
#1056=ORIENTED_EDGE('',*,*,#723,.F.);
#1057=ORIENTED_EDGE('',*,*,#795,.F.);
#1058=ORIENTED_EDGE('',*,*,#797,.T.);
#1059=ORIENTED_EDGE('',*,*,#775,.F.);
#1060=ORIENTED_EDGE('',*,*,#793,.F.);
#1061=ORIENTED_EDGE('',*,*,#796,.F.);
#1062=ORIENTED_EDGE('',*,*,#790,.T.);
#1063=ORIENTED_EDGE('',*,*,#769,.F.);
#1064=ORIENTED_EDGE('',*,*,#778,.F.);
#1065=ORIENTED_EDGE('',*,*,#779,.T.);
#1066=ORIENTED_EDGE('',*,*,#781,.T.);
#1067=ORIENTED_EDGE('',*,*,#725,.T.);
#1068=ORIENTED_EDGE('',*,*,#776,.F.);
#1069=ORIENTED_EDGE('',*,*,#797,.F.);
#1070=ORIENTED_EDGE('',*,*,#794,.F.);
#1071=ORIENTED_EDGE('',*,*,#798,.F.);
#1072=ORIENTED_EDGE('',*,*,#799,.T.);
#1073=ORIENTED_EDGE('',*,*,#800,.T.);
#1074=ORIENTED_EDGE('',*,*,#801,.T.);
#1075=ORIENTED_EDGE('',*,*,#802,.T.);
#1076=ORIENTED_EDGE('',*,*,#803,.T.);
#1077=ORIENTED_EDGE('',*,*,#804,.F.);
#1078=ORIENTED_EDGE('',*,*,#801,.F.);
#1079=ORIENTED_EDGE('',*,*,#805,.F.);
#1080=ORIENTED_EDGE('',*,*,#806,.F.);
#1081=ORIENTED_EDGE('',*,*,#807,.F.);
#1082=ORIENTED_EDGE('',*,*,#808,.T.);
#1083=ORIENTED_EDGE('',*,*,#809,.T.);
#1084=ORIENTED_EDGE('',*,*,#810,.T.);
#1085=ORIENTED_EDGE('',*,*,#806,.T.);
#1086=ORIENTED_EDGE('',*,*,#809,.F.);
#1087=ORIENTED_EDGE('',*,*,#811,.F.);
#1088=ORIENTED_EDGE('',*,*,#812,.F.);
#1089=ORIENTED_EDGE('',*,*,#813,.F.);
#1090=ORIENTED_EDGE('',*,*,#814,.F.);
#1091=ORIENTED_EDGE('',*,*,#815,.T.);
#1092=ORIENTED_EDGE('',*,*,#816,.T.);
#1093=ORIENTED_EDGE('',*,*,#817,.F.);
#1094=ORIENTED_EDGE('',*,*,#818,.F.);
#1095=ORIENTED_EDGE('',*,*,#819,.T.);
#1096=ORIENTED_EDGE('',*,*,#820,.T.);
#1097=ORIENTED_EDGE('',*,*,#815,.F.);
#1098=ORIENTED_EDGE('',*,*,#821,.F.);
#1099=ORIENTED_EDGE('',*,*,#822,.T.);
#1100=ORIENTED_EDGE('',*,*,#823,.T.);
#1101=ORIENTED_EDGE('',*,*,#819,.F.);
#1102=ORIENTED_EDGE('',*,*,#824,.F.);
#1103=ORIENTED_EDGE('',*,*,#825,.T.);
#1104=ORIENTED_EDGE('',*,*,#826,.T.);
#1105=ORIENTED_EDGE('',*,*,#822,.F.);
#1106=ORIENTED_EDGE('',*,*,#827,.F.);
#1107=ORIENTED_EDGE('',*,*,#828,.T.);
#1108=ORIENTED_EDGE('',*,*,#829,.T.);
#1109=ORIENTED_EDGE('',*,*,#825,.F.);
#1110=ORIENTED_EDGE('',*,*,#830,.F.);
#1111=ORIENTED_EDGE('',*,*,#817,.T.);
#1112=ORIENTED_EDGE('',*,*,#831,.T.);
#1113=ORIENTED_EDGE('',*,*,#828,.F.);
#1114=ORIENTED_EDGE('',*,*,#831,.F.);
#1115=ORIENTED_EDGE('',*,*,#816,.F.);
#1116=ORIENTED_EDGE('',*,*,#820,.F.);
#1117=ORIENTED_EDGE('',*,*,#823,.F.);
#1118=ORIENTED_EDGE('',*,*,#826,.F.);
#1119=ORIENTED_EDGE('',*,*,#829,.F.);
#1120=ORIENTED_EDGE('',*,*,#832,.F.);
#1121=ORIENTED_EDGE('',*,*,#833,.F.);
#1122=ORIENTED_EDGE('',*,*,#834,.T.);
#1123=ORIENTED_EDGE('',*,*,#835,.T.);
#1124=ORIENTED_EDGE('',*,*,#836,.F.);
#1125=ORIENTED_EDGE('',*,*,#837,.T.);
#1126=ORIENTED_EDGE('',*,*,#838,.T.);
#1127=ORIENTED_EDGE('',*,*,#834,.F.);
#1128=ORIENTED_EDGE('',*,*,#839,.F.);
#1129=ORIENTED_EDGE('',*,*,#798,.T.);
#1130=ORIENTED_EDGE('',*,*,#840,.F.);
#1131=ORIENTED_EDGE('',*,*,#841,.T.);
#1132=ORIENTED_EDGE('',*,*,#842,.T.);
#1133=ORIENTED_EDGE('',*,*,#837,.F.);
#1134=ORIENTED_EDGE('',*,*,#804,.T.);
#1135=ORIENTED_EDGE('',*,*,#843,.F.);
#1136=ORIENTED_EDGE('',*,*,#844,.T.);
#1137=ORIENTED_EDGE('',*,*,#845,.T.);
#1138=ORIENTED_EDGE('',*,*,#841,.F.);
#1139=ORIENTED_EDGE('',*,*,#846,.F.);
#1140=ORIENTED_EDGE('',*,*,#847,.T.);
#1141=ORIENTED_EDGE('',*,*,#848,.T.);
#1142=ORIENTED_EDGE('',*,*,#844,.F.);
#1143=ORIENTED_EDGE('',*,*,#849,.F.);
#1144=ORIENTED_EDGE('',*,*,#836,.T.);
#1145=ORIENTED_EDGE('',*,*,#850,.T.);
#1146=ORIENTED_EDGE('',*,*,#847,.F.);
#1147=ORIENTED_EDGE('',*,*,#850,.F.);
#1148=ORIENTED_EDGE('',*,*,#835,.F.);
#1149=ORIENTED_EDGE('',*,*,#838,.F.);
#1150=ORIENTED_EDGE('',*,*,#842,.F.);
#1151=ORIENTED_EDGE('',*,*,#845,.F.);
#1152=ORIENTED_EDGE('',*,*,#848,.F.);
#1153=ORIENTED_EDGE('',*,*,#851,.F.);
#1154=ORIENTED_EDGE('',*,*,#803,.F.);
#1155=ORIENTED_EDGE('',*,*,#852,.F.);
#1156=ORIENTED_EDGE('',*,*,#853,.F.);
#1157=ORIENTED_EDGE('',*,*,#854,.F.);
#1158=ORIENTED_EDGE('',*,*,#799,.F.);
#1159=ORIENTED_EDGE('',*,*,#839,.T.);
#1160=ORIENTED_EDGE('',*,*,#833,.T.);
#1161=ORIENTED_EDGE('',*,*,#849,.T.);
#1162=ORIENTED_EDGE('',*,*,#846,.T.);
#1163=ORIENTED_EDGE('',*,*,#843,.T.);
#1164=ORIENTED_EDGE('',*,*,#840,.T.);
#1165=ORIENTED_EDGE('',*,*,#814,.T.);
#1166=ORIENTED_EDGE('',*,*,#830,.T.);
#1167=ORIENTED_EDGE('',*,*,#827,.T.);
#1168=ORIENTED_EDGE('',*,*,#824,.T.);
#1169=ORIENTED_EDGE('',*,*,#821,.T.);
#1170=ORIENTED_EDGE('',*,*,#818,.T.);
#1171=ORIENTED_EDGE('',*,*,#811,.T.);
#1172=ORIENTED_EDGE('',*,*,#808,.F.);
#1173=ORIENTED_EDGE('',*,*,#805,.T.);
#1174=ORIENTED_EDGE('',*,*,#800,.F.);
#1175=ORIENTED_EDGE('',*,*,#854,.T.);
#1176=ORIENTED_EDGE('',*,*,#855,.T.);
#1177=ORIENTED_EDGE('',*,*,#856,.T.);
#1178=ORIENTED_EDGE('',*,*,#857,.T.);
#1179=ORIENTED_EDGE('',*,*,#858,.T.);
#1180=ORIENTED_EDGE('',*,*,#859,.T.);
#1181=ORIENTED_EDGE('',*,*,#860,.T.);
#1182=ORIENTED_EDGE('',*,*,#861,.T.);
#1183=ORIENTED_EDGE('',*,*,#862,.T.);
#1184=ORIENTED_EDGE('',*,*,#863,.T.);
#1185=ORIENTED_EDGE('',*,*,#853,.T.);
#1186=ORIENTED_EDGE('',*,*,#864,.F.);
#1187=ORIENTED_EDGE('',*,*,#865,.T.);
#1188=ORIENTED_EDGE('',*,*,#855,.F.);
#1189=ORIENTED_EDGE('',*,*,#866,.F.);
#1190=ORIENTED_EDGE('',*,*,#867,.T.);
#1191=ORIENTED_EDGE('',*,*,#832,.T.);
#1192=ORIENTED_EDGE('',*,*,#867,.F.);
#1193=ORIENTED_EDGE('',*,*,#868,.F.);
#1194=ORIENTED_EDGE('',*,*,#869,.T.);
#1195=ORIENTED_EDGE('',*,*,#851,.T.);
#1196=ORIENTED_EDGE('',*,*,#869,.F.);
#1197=ORIENTED_EDGE('',*,*,#860,.F.);
#1198=ORIENTED_EDGE('',*,*,#870,.T.);
#1199=ORIENTED_EDGE('',*,*,#871,.F.);
#1200=ORIENTED_EDGE('',*,*,#872,.F.);
#1201=ORIENTED_EDGE('',*,*,#859,.F.);
#1202=ORIENTED_EDGE('',*,*,#873,.T.);
#1203=ORIENTED_EDGE('',*,*,#874,.F.);
#1204=ORIENTED_EDGE('',*,*,#870,.F.);
#1205=ORIENTED_EDGE('',*,*,#858,.F.);
#1206=ORIENTED_EDGE('',*,*,#875,.F.);
#1207=ORIENTED_EDGE('',*,*,#876,.F.);
#1208=ORIENTED_EDGE('',*,*,#873,.F.);
#1209=ORIENTED_EDGE('',*,*,#875,.T.);
#1210=ORIENTED_EDGE('',*,*,#857,.F.);
#1211=ORIENTED_EDGE('',*,*,#877,.F.);
#1212=ORIENTED_EDGE('',*,*,#878,.F.);
#1213=ORIENTED_EDGE('',*,*,#872,.T.);
#1214=ORIENTED_EDGE('',*,*,#879,.F.);
#1215=ORIENTED_EDGE('',*,*,#880,.T.);
#1216=ORIENTED_EDGE('',*,*,#861,.F.);
#1217=ORIENTED_EDGE('',*,*,#813,.T.);
#1218=ORIENTED_EDGE('',*,*,#881,.T.);
#1219=ORIENTED_EDGE('',*,*,#882,.T.);
#1220=ORIENTED_EDGE('',*,*,#879,.T.);
#1221=ORIENTED_EDGE('',*,*,#871,.T.);
#1222=ORIENTED_EDGE('',*,*,#874,.T.);
#1223=ORIENTED_EDGE('',*,*,#876,.T.);
#1224=ORIENTED_EDGE('',*,*,#878,.T.);
#1225=ORIENTED_EDGE('',*,*,#883,.T.);
#1226=ORIENTED_EDGE('',*,*,#864,.T.);
#1227=ORIENTED_EDGE('',*,*,#852,.T.);
#1228=ORIENTED_EDGE('',*,*,#802,.F.);
#1229=ORIENTED_EDGE('',*,*,#807,.T.);
#1230=ORIENTED_EDGE('',*,*,#810,.F.);
#1231=ORIENTED_EDGE('',*,*,#882,.F.);
#1232=ORIENTED_EDGE('',*,*,#884,.T.);
#1233=ORIENTED_EDGE('',*,*,#862,.F.);
#1234=ORIENTED_EDGE('',*,*,#880,.F.);
#1235=ORIENTED_EDGE('',*,*,#883,.F.);
#1236=ORIENTED_EDGE('',*,*,#877,.T.);
#1237=ORIENTED_EDGE('',*,*,#856,.F.);
#1238=ORIENTED_EDGE('',*,*,#865,.F.);
#1239=ORIENTED_EDGE('',*,*,#866,.T.);
#1240=ORIENTED_EDGE('',*,*,#868,.T.);
#1241=ORIENTED_EDGE('',*,*,#812,.T.);
#1242=ORIENTED_EDGE('',*,*,#863,.F.);
#1243=ORIENTED_EDGE('',*,*,#884,.F.);
#1244=ORIENTED_EDGE('',*,*,#881,.F.);
#1245=ORIENTED_EDGE('',*,*,#885,.F.);
#1246=ORIENTED_EDGE('',*,*,#886,.F.);
#1247=ORIENTED_EDGE('',*,*,#887,.F.);
#1248=ORIENTED_EDGE('',*,*,#888,.T.);
#1249=ORIENTED_EDGE('',*,*,#887,.T.);
#1250=ORIENTED_EDGE('',*,*,#889,.F.);
#1251=ORIENTED_EDGE('',*,*,#890,.T.);
#1252=ORIENTED_EDGE('',*,*,#891,.T.);
#1253=ORIENTED_EDGE('',*,*,#886,.T.);
#1254=ORIENTED_EDGE('',*,*,#892,.F.);
#1255=ORIENTED_EDGE('',*,*,#893,.T.);
#1256=ORIENTED_EDGE('',*,*,#889,.T.);
#1257=ORIENTED_EDGE('',*,*,#885,.T.);
#1258=ORIENTED_EDGE('',*,*,#894,.F.);
#1259=ORIENTED_EDGE('',*,*,#895,.T.);
#1260=ORIENTED_EDGE('',*,*,#892,.T.);
#1261=ORIENTED_EDGE('',*,*,#896,.T.);
#1262=ORIENTED_EDGE('',*,*,#894,.T.);
#1263=ORIENTED_EDGE('',*,*,#888,.F.);
#1264=ORIENTED_EDGE('',*,*,#891,.F.);
#1265=ORIENTED_EDGE('',*,*,#890,.F.);
#1266=ORIENTED_EDGE('',*,*,#893,.F.);
#1267=ORIENTED_EDGE('',*,*,#895,.F.);
#1268=ORIENTED_EDGE('',*,*,#896,.F.);
#1269=CYLINDRICAL_SURFACE('',#1365,0.5);
#1270=CYLINDRICAL_SURFACE('',#1371,0.5);
#1271=CYLINDRICAL_SURFACE('',#1395,1.1);
#1272=CYLINDRICAL_SURFACE('',#1397,1.1);
#1273=CYLINDRICAL_SURFACE('',#1400,3.);
#1274=CYLINDRICAL_SURFACE('',#1409,0.5);
#1275=CYLINDRICAL_SURFACE('',#1415,0.5);
#1276=CYLINDRICAL_SURFACE('',#1439,1.1);
#1277=CYLINDRICAL_SURFACE('',#1441,1.1);
#1278=CYLINDRICAL_SURFACE('',#1444,3.);
#1279=ADVANCED_FACE('',(#89),#1269,.F.);
#1280=ADVANCED_FACE('',(#90),#29,.F.);
#1281=ADVANCED_FACE('',(#91),#1270,.F.);
#1282=ADVANCED_FACE('',(#92),#30,.F.);
#1283=ADVANCED_FACE('',(#93),#31,.F.);
#1284=ADVANCED_FACE('',(#94),#32,.F.);
#1285=ADVANCED_FACE('',(#95),#33,.F.);
#1286=ADVANCED_FACE('',(#96),#34,.F.);
#1287=ADVANCED_FACE('',(#97),#35,.F.);
#1288=ADVANCED_FACE('',(#98),#36,.F.);
#1289=ADVANCED_FACE('',(#99,#19),#37,.F.);
#1290=ADVANCED_FACE('',(#100),#38,.F.);
#1291=ADVANCED_FACE('',(#101),#39,.F.);
#1292=ADVANCED_FACE('',(#102),#40,.F.);
#1293=ADVANCED_FACE('',(#103),#41,.F.);
#1294=ADVANCED_FACE('',(#104),#42,.F.);
#1295=ADVANCED_FACE('',(#105),#43,.F.);
#1296=ADVANCED_FACE('',(#106,#20),#44,.F.);
#1297=ADVANCED_FACE('',(#107,#21),#45,.F.);
#1298=ADVANCED_FACE('',(#108),#46,.T.);
#1299=ADVANCED_FACE('',(#109),#47,.T.);
#1300=ADVANCED_FACE('',(#110),#1271,.F.);
#1301=ADVANCED_FACE('',(#111),#1272,.F.);
#1302=ADVANCED_FACE('',(#112),#48,.F.);
#1303=ADVANCED_FACE('',(#113),#1273,.F.);
#1304=ADVANCED_FACE('',(#114),#49,.F.);
#1305=ADVANCED_FACE('',(#115),#50,.T.);
#1306=ADVANCED_FACE('',(#116),#51,.T.);
#1307=ADVANCED_FACE('',(#117),#52,.F.);
#1308=ADVANCED_FACE('',(#118),#53,.T.);
#1309=ADVANCED_FACE('',(#119,#22,#23),#54,.T.);
#1310=ADVANCED_FACE('',(#120),#55,.T.);
#1311=ADVANCED_FACE('',(#121),#1274,.F.);
#1312=ADVANCED_FACE('',(#122),#56,.F.);
#1313=ADVANCED_FACE('',(#123),#1275,.F.);
#1314=ADVANCED_FACE('',(#124),#57,.F.);
#1315=ADVANCED_FACE('',(#125),#58,.F.);
#1316=ADVANCED_FACE('',(#126),#59,.F.);
#1317=ADVANCED_FACE('',(#127),#60,.F.);
#1318=ADVANCED_FACE('',(#128),#61,.F.);
#1319=ADVANCED_FACE('',(#129),#62,.F.);
#1320=ADVANCED_FACE('',(#130),#63,.F.);
#1321=ADVANCED_FACE('',(#131,#24),#64,.F.);
#1322=ADVANCED_FACE('',(#132),#65,.F.);
#1323=ADVANCED_FACE('',(#133),#66,.F.);
#1324=ADVANCED_FACE('',(#134),#67,.F.);
#1325=ADVANCED_FACE('',(#135),#68,.F.);
#1326=ADVANCED_FACE('',(#136),#69,.F.);
#1327=ADVANCED_FACE('',(#137),#70,.F.);
#1328=ADVANCED_FACE('',(#138,#25),#71,.F.);
#1329=ADVANCED_FACE('',(#139,#26),#72,.F.);
#1330=ADVANCED_FACE('',(#140),#73,.T.);
#1331=ADVANCED_FACE('',(#141),#74,.T.);
#1332=ADVANCED_FACE('',(#142),#1276,.F.);
#1333=ADVANCED_FACE('',(#143),#1277,.F.);
#1334=ADVANCED_FACE('',(#144),#75,.F.);
#1335=ADVANCED_FACE('',(#145),#1278,.F.);
#1336=ADVANCED_FACE('',(#146),#76,.F.);
#1337=ADVANCED_FACE('',(#147),#77,.T.);
#1338=ADVANCED_FACE('',(#148),#78,.T.);
#1339=ADVANCED_FACE('',(#149),#79,.F.);
#1340=ADVANCED_FACE('',(#150),#80,.T.);
#1341=ADVANCED_FACE('',(#151,#27,#28),#81,.T.);
#1342=ADVANCED_FACE('',(#152),#82,.T.);
#1343=ADVANCED_FACE('',(#153),#83,.F.);
#1344=ADVANCED_FACE('',(#154),#84,.T.);
#1345=ADVANCED_FACE('',(#155),#85,.T.);
#1346=ADVANCED_FACE('',(#156),#86,.T.);
#1347=ADVANCED_FACE('',(#157),#87,.T.);
#1348=ADVANCED_FACE('',(#158),#88,.T.);
#1349=CLOSED_SHELL('',(#1279,#1280,#1281,#1282,#1283,#1284,#1285,#1286,
#1287,#1288,#1289,#1290,#1291,#1292,#1293,#1294,#1295,#1296,#1297,#1298,
#1299,#1300,#1301,#1302,#1303,#1304,#1305,#1306,#1307,#1308,#1309,#1310));
#1350=CLOSED_SHELL('',(#1311,#1312,#1313,#1314,#1315,#1316,#1317,#1318,
#1319,#1320,#1321,#1322,#1323,#1324,#1325,#1326,#1327,#1328,#1329,#1330,
#1331,#1332,#1333,#1334,#1335,#1336,#1337,#1338,#1339,#1340,#1341,#1342));
#1351=CLOSED_SHELL('',(#1343,#1344,#1345,#1346,#1347,#1348));
#1352=DERIVED_UNIT_ELEMENT(#1354,1.);
#1353=DERIVED_UNIT_ELEMENT(#2197,-3.);
#1354=(
MASS_UNIT()
NAMED_UNIT(*)
SI_UNIT(.KILO.,.GRAM.)
);
#1355=DERIVED_UNIT((#1352,#1353));
#1356=MEASURE_REPRESENTATION_ITEM('density measure',
POSITIVE_RATIO_MEASURE(7850.),#1355);
#1357=PROPERTY_DEFINITION_REPRESENTATION(#1362,#1359);
#1358=PROPERTY_DEFINITION_REPRESENTATION(#1363,#1360);
#1359=REPRESENTATION('material name',(#1361),#2194);
#1360=REPRESENTATION('density',(#1356),#2194);
#1361=DESCRIPTIVE_REPRESENTATION_ITEM('Acier','Acier');
#1362=PROPERTY_DEFINITION('material property','material name',#2204);
#1363=PROPERTY_DEFINITION('material property','density of part',#2204);
#1364=AXIS2_PLACEMENT_3D('',#1811,#1459,#1460);
#1365=AXIS2_PLACEMENT_3D('',#1812,#1461,#1462);
#1366=AXIS2_PLACEMENT_3D('',#1815,#1463,#1464);
#1367=AXIS2_PLACEMENT_3D('',#1819,#1466,#1467);
#1368=AXIS2_PLACEMENT_3D('',#1823,#1469,#1470);
#1369=AXIS2_PLACEMENT_3D('',#1826,#1472,#1473);
#1370=AXIS2_PLACEMENT_3D('',#1827,#1474,#1475);
#1371=AXIS2_PLACEMENT_3D('',#1833,#1479,#1480);
#1372=AXIS2_PLACEMENT_3D('',#1835,#1481,#1482);
#1373=AXIS2_PLACEMENT_3D('',#1838,#1484,#1485);
#1374=AXIS2_PLACEMENT_3D('',#1839,#1486,#1487);
#1375=AXIS2_PLACEMENT_3D('',#1845,#1491,#1492);
#1376=AXIS2_PLACEMENT_3D('',#1854,#1497,#1498);
#1377=AXIS2_PLACEMENT_3D('',#1860,#1502,#1503);
#1378=AXIS2_PLACEMENT_3D('',#1866,#1507,#1508);
#1379=AXIS2_PLACEMENT_3D('',#1872,#1512,#1513);
#1380=AXIS2_PLACEMENT_3D('',#1878,#1517,#1518);
#1381=AXIS2_PLACEMENT_3D('',#1881,#1521,#1522);
#1382=AXIS2_PLACEMENT_3D('',#1883,#1523,#1524);
#1383=AXIS2_PLACEMENT_3D('',#1884,#1525,#1526);
#1384=AXIS2_PLACEMENT_3D('',#1893,#1531,#1532);
#1385=AXIS2_PLACEMENT_3D('',#1898,#1536,#1537);
#1386=AXIS2_PLACEMENT_3D('',#1904,#1541,#1542);
#1387=AXIS2_PLACEMENT_3D('',#1910,#1546,#1547);
#1388=AXIS2_PLACEMENT_3D('',#1916,#1551,#1552);
#1389=AXIS2_PLACEMENT_3D('',#1919,#1555,#1556);
#1390=AXIS2_PLACEMENT_3D('',#1921,#1557,#1558);
#1391=AXIS2_PLACEMENT_3D('',#1922,#1559,#1560);
#1392=AXIS2_PLACEMENT_3D('',#1928,#1564,#1565);
#1393=AXIS2_PLACEMENT_3D('',#1938,#1570,#1571);
#1394=AXIS2_PLACEMENT_3D('',#1946,#1576,#1577);
#1395=AXIS2_PLACEMENT_3D('',#1950,#1580,#1581);
#1396=AXIS2_PLACEMENT_3D('',#1952,#1582,#1583);
#1397=AXIS2_PLACEMENT_3D('',#1954,#1585,#1586);
#1398=AXIS2_PLACEMENT_3D('',#1956,#1587,#1588);
#1399=AXIS2_PLACEMENT_3D('',#1958,#1590,#1591);
#1400=AXIS2_PLACEMENT_3D('',#1964,#1595,#1596);
#1401=AXIS2_PLACEMENT_3D('',#1967,#1598,#1599);
#1402=AXIS2_PLACEMENT_3D('',#1968,#1600,#1601);
#1403=AXIS2_PLACEMENT_3D('',#1972,#1604,#1605);
#1404=AXIS2_PLACEMENT_3D('',#1976,#1608,#1609);
#1405=AXIS2_PLACEMENT_3D('',#1980,#1612,#1613);
#1406=AXIS2_PLACEMENT_3D('',#1985,#1617,#1618);
#1407=AXIS2_PLACEMENT_3D('',#1987,#1620,#1621);
#1408=AXIS2_PLACEMENT_3D('',#1988,#1622,#1623);
#1409=AXIS2_PLACEMENT_3D('',#1989,#1624,#1625);
#1410=AXIS2_PLACEMENT_3D('',#1992,#1626,#1627);
#1411=AXIS2_PLACEMENT_3D('',#1996,#1629,#1630);
#1412=AXIS2_PLACEMENT_3D('',#2000,#1632,#1633);
#1413=AXIS2_PLACEMENT_3D('',#2003,#1635,#1636);
#1414=AXIS2_PLACEMENT_3D('',#2004,#1637,#1638);
#1415=AXIS2_PLACEMENT_3D('',#2010,#1642,#1643);
#1416=AXIS2_PLACEMENT_3D('',#2012,#1644,#1645);
#1417=AXIS2_PLACEMENT_3D('',#2015,#1647,#1648);
#1418=AXIS2_PLACEMENT_3D('',#2016,#1649,#1650);
#1419=AXIS2_PLACEMENT_3D('',#2022,#1654,#1655);
#1420=AXIS2_PLACEMENT_3D('',#2031,#1660,#1661);
#1421=AXIS2_PLACEMENT_3D('',#2037,#1665,#1666);
#1422=AXIS2_PLACEMENT_3D('',#2043,#1670,#1671);
#1423=AXIS2_PLACEMENT_3D('',#2049,#1675,#1676);
#1424=AXIS2_PLACEMENT_3D('',#2055,#1680,#1681);
#1425=AXIS2_PLACEMENT_3D('',#2058,#1684,#1685);
#1426=AXIS2_PLACEMENT_3D('',#2060,#1686,#1687);
#1427=AXIS2_PLACEMENT_3D('',#2061,#1688,#1689);
#1428=AXIS2_PLACEMENT_3D('',#2070,#1694,#1695);
#1429=AXIS2_PLACEMENT_3D('',#2075,#1699,#1700);
#1430=AXIS2_PLACEMENT_3D('',#2081,#1704,#1705);
#1431=AXIS2_PLACEMENT_3D('',#2087,#1709,#1710);
#1432=AXIS2_PLACEMENT_3D('',#2093,#1714,#1715);
#1433=AXIS2_PLACEMENT_3D('',#2096,#1718,#1719);
#1434=AXIS2_PLACEMENT_3D('',#2098,#1720,#1721);
#1435=AXIS2_PLACEMENT_3D('',#2099,#1722,#1723);
#1436=AXIS2_PLACEMENT_3D('',#2105,#1727,#1728);
#1437=AXIS2_PLACEMENT_3D('',#2115,#1733,#1734);
#1438=AXIS2_PLACEMENT_3D('',#2123,#1739,#1740);
#1439=AXIS2_PLACEMENT_3D('',#2127,#1743,#1744);
#1440=AXIS2_PLACEMENT_3D('',#2129,#1745,#1746);
#1441=AXIS2_PLACEMENT_3D('',#2131,#1748,#1749);
#1442=AXIS2_PLACEMENT_3D('',#2133,#1750,#1751);
#1443=AXIS2_PLACEMENT_3D('',#2135,#1753,#1754);
#1444=AXIS2_PLACEMENT_3D('',#2141,#1758,#1759);
#1445=AXIS2_PLACEMENT_3D('',#2144,#1761,#1762);
#1446=AXIS2_PLACEMENT_3D('',#2145,#1763,#1764);
#1447=AXIS2_PLACEMENT_3D('',#2149,#1767,#1768);
#1448=AXIS2_PLACEMENT_3D('',#2153,#1771,#1772);
#1449=AXIS2_PLACEMENT_3D('',#2157,#1775,#1776);
#1450=AXIS2_PLACEMENT_3D('',#2162,#1780,#1781);
#1451=AXIS2_PLACEMENT_3D('',#2164,#1783,#1784);
#1452=AXIS2_PLACEMENT_3D('',#2165,#1785,#1786);
#1453=AXIS2_PLACEMENT_3D('',#2166,#1787,#1788);
#1454=AXIS2_PLACEMENT_3D('',#2175,#1793,#1794);
#1455=AXIS2_PLACEMENT_3D('',#2181,#1798,#1799);
#1456=AXIS2_PLACEMENT_3D('',#2185,#1802,#1803);
#1457=AXIS2_PLACEMENT_3D('',#2189,#1806,#1807);
#1458=AXIS2_PLACEMENT_3D('',#2191,#1809,#1810);
#1459=DIRECTION('axis',(0.,0.,1.));
#1460=DIRECTION('refdir',(1.,0.,0.));
#1461=DIRECTION('center_axis',(-1.,0.,0.));
#1462=DIRECTION('ref_axis',(0.,0.707106781186549,-0.707106781186546));
#1463=DIRECTION('center_axis',(-0.769329669004827,-0.638851986291758,0.));
#1464=DIRECTION('ref_axis',(-0.638851986291757,0.769329669004827,0.));
#1465=DIRECTION('',(1.,0.,0.));
#1466=DIRECTION('center_axis',(1.,0.,0.));
#1467=DIRECTION('ref_axis',(0.,0.707106781186549,-0.707106781186546));
#1468=DIRECTION('',(-1.,0.,0.));
#1469=DIRECTION('center_axis',(-1.,0.,0.));
#1470=DIRECTION('ref_axis',(0.,0.707106781186549,-0.707106781186546));
#1471=DIRECTION('',(1.,0.,0.));
#1472=DIRECTION('center_axis',(0.168597214884397,-0.985685030389132,0.));
#1473=DIRECTION('ref_axis',(0.985685030389132,0.168597214884397,0.));
#1474=DIRECTION('center_axis',(0.,1.,0.));
#1475=DIRECTION('ref_axis',(0.,0.,-1.));
#1476=DIRECTION('',(0.,0.,-1.));
#1477=DIRECTION('',(1.,0.,0.));
#1478=DIRECTION('',(0.,0.,1.));
#1479=DIRECTION('center_axis',(-1.,0.,0.));
#1480=DIRECTION('ref_axis',(0.,0.707106781186548,0.707106781186547));
#1481=DIRECTION('center_axis',(1.,0.,0.));
#1482=DIRECTION('ref_axis',(0.,0.707106781186548,0.707106781186547));
#1483=DIRECTION('',(-1.,0.,0.));
#1484=DIRECTION('center_axis',(-1.,0.,0.));
#1485=DIRECTION('ref_axis',(0.,0.707106781186548,0.707106781186547));
#1486=DIRECTION('center_axis',(0.,0.,1.));
#1487=DIRECTION('ref_axis',(0.,1.,0.));
#1488=DIRECTION('',(0.,1.,0.));
#1489=DIRECTION('',(1.,0.,0.));
#1490=DIRECTION('',(0.,-1.,0.));
#1491=DIRECTION('center_axis',(0.0296243068699452,-0.999561103906347,0.));
#1492=DIRECTION('ref_axis',(-0.999561103906347,-0.0296243068699452,0.));
#1493=DIRECTION('',(-0.999561103906347,-0.0296243068699452,0.));
#1494=DIRECTION('',(0.,0.,-1.));
#1495=DIRECTION('',(-0.999561103906347,-0.0296243068699452,0.));
#1496=DIRECTION('',(0.,0.,-1.));
#1497=DIRECTION('center_axis',(0.880457462052686,-0.474125149634295,0.));
#1498=DIRECTION('ref_axis',(-0.474125149634295,-0.880457462052686,0.));
#1499=DIRECTION('',(-0.474125149634295,-0.880457462052686,0.));
#1500=DIRECTION('',(0.,0.,-1.));
#1501=DIRECTION('',(-0.474125149634295,-0.880457462052686,0.));
#1502=DIRECTION('center_axis',(0.850833155182741,0.525435954272052,0.));
#1503=DIRECTION('ref_axis',(0.525435954272052,-0.850833155182741,0.));
#1504=DIRECTION('',(0.525435954272052,-0.850833155182741,0.));
#1505=DIRECTION('',(0.,0.,-1.));
#1506=DIRECTION('',(0.525435954272052,-0.850833155182741,0.));
#1507=DIRECTION('center_axis',(-0.0296243068699451,0.999561103906347,0.));
#1508=DIRECTION('ref_axis',(0.999561103906347,0.0296243068699451,0.));
#1509=DIRECTION('',(0.999561103906347,0.0296243068699451,0.));
#1510=DIRECTION('',(0.,0.,-1.));
#1511=DIRECTION('',(0.999561103906347,0.0296243068699451,0.));
#1512=DIRECTION('center_axis',(-0.880457462052686,0.474125149634296,0.));
#1513=DIRECTION('ref_axis',(0.474125149634296,0.880457462052686,0.));
#1514=DIRECTION('',(0.474125149634296,0.880457462052686,0.));
#1515=DIRECTION('',(0.,0.,-1.));
#1516=DIRECTION('',(0.474125149634296,0.880457462052686,0.));
#1517=DIRECTION('center_axis',(-0.850833155182741,-0.525435954272052,0.));
#1518=DIRECTION('ref_axis',(-0.525435954272052,0.850833155182741,0.));
#1519=DIRECTION('',(-0.525435954272052,0.850833155182741,0.));
#1520=DIRECTION('',(-0.525435954272052,0.850833155182741,0.));
#1521=DIRECTION('center_axis',(0.,0.,-1.));
#1522=DIRECTION('ref_axis',(-1.,0.,0.));
#1523=DIRECTION('center_axis',(0.,0.,1.));
#1524=DIRECTION('ref_axis',(-1.,0.,0.));
#1525=DIRECTION('center_axis',(0.937926883889223,-0.346833044097375,0.));
#1526=DIRECTION('ref_axis',(-0.346833044097375,-0.937926883889223,0.));
#1527=DIRECTION('',(-0.346833044097375,-0.937926883889223,0.));
#1528=DIRECTION('',(0.,0.,-1.));
#1529=DIRECTION('',(-0.346833044097375,-0.937926883889223,0.));
#1530=DIRECTION('',(0.,0.,-1.));
#1531=DIRECTION('center_axis',(0.769329669004827,0.638851986291758,0.));
#1532=DIRECTION('ref_axis',(0.638851986291758,-0.769329669004827,0.));
#1533=DIRECTION('',(0.,0.,-1.));
#1534=DIRECTION('',(0.638851986291758,-0.769329669004827,0.));
#1535=DIRECTION('',(0.638851986291758,-0.769329669004827,0.));
#1536=DIRECTION('center_axis',(-0.168597214884397,0.985685030389132,0.));
#1537=DIRECTION('ref_axis',(0.985685030389132,0.168597214884397,0.));
#1538=DIRECTION('',(0.985685030389132,0.168597214884397,0.));
#1539=DIRECTION('',(0.,0.,-1.));
#1540=DIRECTION('',(0.985685030389132,0.168597214884397,0.));
#1541=DIRECTION('center_axis',(-0.937926883889223,0.346833044097375,0.));
#1542=DIRECTION('ref_axis',(0.346833044097375,0.937926883889223,0.));
#1543=DIRECTION('',(0.346833044097375,0.937926883889223,0.));
#1544=DIRECTION('',(0.,0.,-1.));
#1545=DIRECTION('',(0.346833044097375,0.937926883889223,0.));
#1546=DIRECTION('center_axis',(-0.769329669004827,-0.638851986291757,0.));
#1547=DIRECTION('ref_axis',(-0.638851986291757,0.769329669004827,0.));
#1548=DIRECTION('',(-0.638851986291757,0.769329669004827,0.));
#1549=DIRECTION('',(0.,0.,-1.));
#1550=DIRECTION('',(-0.638851986291757,0.769329669004827,0.));
#1551=DIRECTION('center_axis',(0.168597214884397,-0.985685030389132,0.));
#1552=DIRECTION('ref_axis',(-0.985685030389132,-0.168597214884397,0.));
#1553=DIRECTION('',(-0.985685030389132,-0.168597214884397,0.));
#1554=DIRECTION('',(-0.985685030389132,-0.168597214884397,0.));
#1555=DIRECTION('center_axis',(0.,0.,-1.));
#1556=DIRECTION('ref_axis',(-1.,0.,0.));
#1557=DIRECTION('center_axis',(0.,0.,1.));
#1558=DIRECTION('ref_axis',(-1.,0.,0.));
#1559=DIRECTION('center_axis',(0.,0.,-1.));
#1560=DIRECTION('ref_axis',(0.,-1.,0.));
#1561=DIRECTION('',(0.,1.,0.));
#1562=DIRECTION('',(-1.,0.,0.));
#1563=DIRECTION('',(0.,-1.,0.));
#1564=DIRECTION('center_axis',(1.,0.,0.));
#1565=DIRECTION('ref_axis',(0.,0.,-1.));
#1566=DIRECTION('',(0.,1.22451068892481E-16,-1.));
#1567=DIRECTION('',(0.,1.,9.34924652315921E-16));
#1568=DIRECTION('',(0.,4.08170229641602E-17,1.));
#1569=DIRECTION('',(0.,-1.,-5.55111512312578E-16));
#1570=DIRECTION('center_axis',(-1.,0.,0.));
#1571=DIRECTION('ref_axis',(0.,0.,-1.));
#1572=DIRECTION('',(0.,1.,0.));
#1573=DIRECTION('',(0.,4.08170229641602E-17,1.));
#1574=DIRECTION('',(0.,-1.,4.6746232615796E-16));
#1575=DIRECTION('',(0.,1.22451068892481E-16,-1.));
#1576=DIRECTION('center_axis',(0.,-1.,-1.22451068892481E-16));
#1577=DIRECTION('ref_axis',(0.,1.22451068892481E-16,-1.));
#1578=DIRECTION('',(0.,-1.22451068892481E-16,1.));
#1579=DIRECTION('',(1.,0.,0.));
#1580=DIRECTION('center_axis',(0.,-9.34924652315921E-16,1.));
#1581=DIRECTION('ref_axis',(-1.,0.,0.));
#1582=DIRECTION('center_axis',(0.,-9.34924652315921E-16,1.));
#1583=DIRECTION('ref_axis',(-1.,0.,0.));
#1584=DIRECTION('',(0.,-9.34924652315921E-16,1.));
#1585=DIRECTION('center_axis',(0.,-9.34924652315921E-16,1.));
#1586=DIRECTION('ref_axis',(-1.,0.,0.));
#1587=DIRECTION('center_axis',(0.,-9.34924652315921E-16,1.));
#1588=DIRECTION('ref_axis',(-1.,0.,0.));
#1589=DIRECTION('',(0.,-9.34924652315921E-16,1.));
#1590=DIRECTION('center_axis',(0.,0.,1.));
#1591=DIRECTION('ref_axis',(0.,1.,0.));
#1592=DIRECTION('',(-1.,0.,0.));
#1593=DIRECTION('',(0.,-1.,0.));
#1594=DIRECTION('',(-1.,0.,0.));
#1595=DIRECTION('center_axis',(-1.,0.,0.));
#1596=DIRECTION('ref_axis',(0.,-0.999999991618097,0.000129475118339284));
#1597=DIRECTION('',(-1.,0.,0.));
#1598=DIRECTION('center_axis',(1.,0.,0.));
#1599=DIRECTION('ref_axis',(0.,0.,-1.));
#1600=DIRECTION('center_axis',(0.,5.55111512312578E-16,-1.));
#1601=DIRECTION('ref_axis',(0.,-1.,-5.55111512312578E-16));
#1602=DIRECTION('',(1.,0.,0.));
#1603=DIRECTION('',(0.,1.,5.55111512312578E-16));
#1604=DIRECTION('center_axis',(0.,1.,-4.08170229641602E-17));
#1605=DIRECTION('ref_axis',(0.,4.08170229641602E-17,1.));
#1606=DIRECTION('',(1.,0.,0.));
#1607=DIRECTION('',(0.,-4.08170229641602E-17,-1.));
#1608=DIRECTION('center_axis',(0.,1.,-4.08170229641602E-17));
#1609=DIRECTION('ref_axis',(0.,4.08170229641602E-17,1.));
#1610=DIRECTION('',(0.,-4.08170229641602E-17,-1.));
#1611=DIRECTION('',(1.,0.,0.));
#1612=DIRECTION('center_axis',(1.,0.,0.));
#1613=DIRECTION('ref_axis',(0.,0.,-1.));
#1614=DIRECTION('',(0.,-1.22451068892481E-16,1.));
#1615=DIRECTION('',(0.,1.,-4.6746232615796E-16));
#1616=DIRECTION('',(0.,-1.,-9.34924652315921E-16));
#1617=DIRECTION('center_axis',(0.,4.6746232615796E-16,1.));
#1618=DIRECTION('ref_axis',(0.,-1.,4.6746232615796E-16));
#1619=DIRECTION('',(1.,0.,0.));
#1620=DIRECTION('center_axis',(0.,9.34924652315921E-16,-1.));
#1621=DIRECTION('ref_axis',(0.,1.,9.34924652315921E-16));
#1622=DIRECTION('center_axis',(0.,-1.,-1.22451068892481E-16));
#1623=DIRECTION('ref_axis',(0.,1.22451068892481E-16,-1.));
#1624=DIRECTION('center_axis',(-1.,0.,0.));
#1625=DIRECTION('ref_axis',(0.,0.707106781186549,-0.707106781186546));
#1626=DIRECTION('center_axis',(-0.769329669004827,-0.638851986291758,0.));
#1627=DIRECTION('ref_axis',(-0.638851986291757,0.769329669004827,0.));
#1628=DIRECTION('',(1.,0.,0.));
#1629=DIRECTION('center_axis',(1.,0.,0.));
#1630=DIRECTION('ref_axis',(0.,0.707106781186549,-0.707106781186546));
#1631=DIRECTION('',(-1.,0.,0.));
#1632=DIRECTION('center_axis',(-1.,0.,0.));
#1633=DIRECTION('ref_axis',(0.,0.707106781186549,-0.707106781186546));
#1634=DIRECTION('',(1.,0.,0.));
#1635=DIRECTION('center_axis',(0.168597214884397,-0.985685030389132,0.));
#1636=DIRECTION('ref_axis',(0.985685030389132,0.168597214884397,0.));
#1637=DIRECTION('center_axis',(0.,1.,0.));
#1638=DIRECTION('ref_axis',(0.,0.,-1.));
#1639=DIRECTION('',(0.,0.,-1.));
#1640=DIRECTION('',(1.,0.,0.));
#1641=DIRECTION('',(0.,0.,1.));
#1642=DIRECTION('center_axis',(-1.,0.,0.));
#1643=DIRECTION('ref_axis',(0.,0.707106781186548,0.707106781186547));
#1644=DIRECTION('center_axis',(1.,0.,0.));
#1645=DIRECTION('ref_axis',(0.,0.707106781186548,0.707106781186547));
#1646=DIRECTION('',(-1.,0.,0.));
#1647=DIRECTION('center_axis',(-1.,0.,0.));
#1648=DIRECTION('ref_axis',(0.,0.707106781186548,0.707106781186547));
#1649=DIRECTION('center_axis',(0.,0.,1.));
#1650=DIRECTION('ref_axis',(0.,1.,0.));
#1651=DIRECTION('',(0.,1.,0.));
#1652=DIRECTION('',(1.,0.,0.));
#1653=DIRECTION('',(0.,-1.,0.));
#1654=DIRECTION('center_axis',(0.0296243068699452,-0.999561103906347,0.));
#1655=DIRECTION('ref_axis',(-0.999561103906347,-0.0296243068699452,0.));
#1656=DIRECTION('',(-0.999561103906347,-0.0296243068699452,0.));
#1657=DIRECTION('',(0.,0.,-1.));
#1658=DIRECTION('',(-0.999561103906347,-0.0296243068699452,0.));
#1659=DIRECTION('',(0.,0.,-1.));
#1660=DIRECTION('center_axis',(0.880457462052686,-0.474125149634295,0.));
#1661=DIRECTION('ref_axis',(-0.474125149634295,-0.880457462052686,0.));
#1662=DIRECTION('',(-0.474125149634295,-0.880457462052686,0.));
#1663=DIRECTION('',(0.,0.,-1.));
#1664=DIRECTION('',(-0.474125149634295,-0.880457462052686,0.));
#1665=DIRECTION('center_axis',(0.850833155182741,0.525435954272052,0.));
#1666=DIRECTION('ref_axis',(0.525435954272052,-0.850833155182741,0.));
#1667=DIRECTION('',(0.525435954272052,-0.850833155182741,0.));
#1668=DIRECTION('',(0.,0.,-1.));
#1669=DIRECTION('',(0.525435954272052,-0.850833155182741,0.));
#1670=DIRECTION('center_axis',(-0.0296243068699451,0.999561103906347,0.));
#1671=DIRECTION('ref_axis',(0.999561103906347,0.0296243068699451,0.));
#1672=DIRECTION('',(0.999561103906347,0.0296243068699451,0.));
#1673=DIRECTION('',(0.,0.,-1.));
#1674=DIRECTION('',(0.999561103906347,0.0296243068699451,0.));
#1675=DIRECTION('center_axis',(-0.880457462052686,0.474125149634296,0.));
#1676=DIRECTION('ref_axis',(0.474125149634296,0.880457462052686,0.));
#1677=DIRECTION('',(0.474125149634296,0.880457462052686,0.));
#1678=DIRECTION('',(0.,0.,-1.));
#1679=DIRECTION('',(0.474125149634296,0.880457462052686,0.));
#1680=DIRECTION('center_axis',(-0.850833155182741,-0.525435954272052,0.));
#1681=DIRECTION('ref_axis',(-0.525435954272052,0.850833155182741,0.));
#1682=DIRECTION('',(-0.525435954272052,0.850833155182741,0.));
#1683=DIRECTION('',(-0.525435954272052,0.850833155182741,0.));
#1684=DIRECTION('center_axis',(0.,0.,-1.));
#1685=DIRECTION('ref_axis',(-1.,0.,0.));
#1686=DIRECTION('center_axis',(0.,0.,1.));
#1687=DIRECTION('ref_axis',(-1.,0.,0.));
#1688=DIRECTION('center_axis',(0.937926883889223,-0.346833044097375,0.));
#1689=DIRECTION('ref_axis',(-0.346833044097375,-0.937926883889223,0.));
#1690=DIRECTION('',(-0.346833044097375,-0.937926883889223,0.));
#1691=DIRECTION('',(0.,0.,-1.));
#1692=DIRECTION('',(-0.346833044097375,-0.937926883889223,0.));
#1693=DIRECTION('',(0.,0.,-1.));
#1694=DIRECTION('center_axis',(0.769329669004827,0.638851986291758,0.));
#1695=DIRECTION('ref_axis',(0.638851986291758,-0.769329669004827,0.));
#1696=DIRECTION('',(0.,0.,-1.));
#1697=DIRECTION('',(0.638851986291758,-0.769329669004827,0.));
#1698=DIRECTION('',(0.638851986291758,-0.769329669004827,0.));
#1699=DIRECTION('center_axis',(-0.168597214884397,0.985685030389132,0.));
#1700=DIRECTION('ref_axis',(0.985685030389132,0.168597214884397,0.));
#1701=DIRECTION('',(0.985685030389132,0.168597214884397,0.));
#1702=DIRECTION('',(0.,0.,-1.));
#1703=DIRECTION('',(0.985685030389132,0.168597214884397,0.));
#1704=DIRECTION('center_axis',(-0.937926883889223,0.346833044097375,0.));
#1705=DIRECTION('ref_axis',(0.346833044097375,0.937926883889223,0.));
#1706=DIRECTION('',(0.346833044097375,0.937926883889223,0.));
#1707=DIRECTION('',(0.,0.,-1.));
#1708=DIRECTION('',(0.346833044097375,0.937926883889223,0.));
#1709=DIRECTION('center_axis',(-0.769329669004827,-0.638851986291757,0.));
#1710=DIRECTION('ref_axis',(-0.638851986291757,0.769329669004827,0.));
#1711=DIRECTION('',(-0.638851986291757,0.769329669004827,0.));
#1712=DIRECTION('',(0.,0.,-1.));
#1713=DIRECTION('',(-0.638851986291757,0.769329669004827,0.));
#1714=DIRECTION('center_axis',(0.168597214884397,-0.985685030389132,0.));
#1715=DIRECTION('ref_axis',(-0.985685030389132,-0.168597214884397,0.));
#1716=DIRECTION('',(-0.985685030389132,-0.168597214884397,0.));
#1717=DIRECTION('',(-0.985685030389132,-0.168597214884397,0.));
#1718=DIRECTION('center_axis',(0.,0.,-1.));
#1719=DIRECTION('ref_axis',(-1.,0.,0.));
#1720=DIRECTION('center_axis',(0.,0.,1.));
#1721=DIRECTION('ref_axis',(-1.,0.,0.));
#1722=DIRECTION('center_axis',(0.,0.,-1.));
#1723=DIRECTION('ref_axis',(0.,-1.,0.));
#1724=DIRECTION('',(0.,1.,0.));
#1725=DIRECTION('',(-1.,0.,0.));
#1726=DIRECTION('',(0.,-1.,0.));
#1727=DIRECTION('center_axis',(1.,0.,0.));
#1728=DIRECTION('ref_axis',(0.,0.,-1.));
#1729=DIRECTION('',(0.,1.22451068892481E-16,-1.));
#1730=DIRECTION('',(0.,1.,9.34924652315921E-16));
#1731=DIRECTION('',(0.,4.08170229641602E-17,1.));
#1732=DIRECTION('',(0.,-1.,-5.55111512312578E-16));
#1733=DIRECTION('center_axis',(-1.,0.,0.));
#1734=DIRECTION('ref_axis',(0.,0.,-1.));
#1735=DIRECTION('',(0.,1.,0.));
#1736=DIRECTION('',(0.,4.08170229641602E-17,1.));
#1737=DIRECTION('',(0.,-1.,4.6746232615796E-16));
#1738=DIRECTION('',(0.,1.22451068892481E-16,-1.));
#1739=DIRECTION('center_axis',(0.,-1.,-1.22451068892481E-16));
#1740=DIRECTION('ref_axis',(0.,1.22451068892481E-16,-1.));
#1741=DIRECTION('',(0.,-1.22451068892481E-16,1.));
#1742=DIRECTION('',(1.,0.,0.));
#1743=DIRECTION('center_axis',(0.,-9.34924652315921E-16,1.));
#1744=DIRECTION('ref_axis',(-1.,0.,0.));
#1745=DIRECTION('center_axis',(0.,-9.34924652315921E-16,1.));
#1746=DIRECTION('ref_axis',(-1.,0.,0.));
#1747=DIRECTION('',(0.,-9.34924652315921E-16,1.));
#1748=DIRECTION('center_axis',(0.,-9.34924652315921E-16,1.));
#1749=DIRECTION('ref_axis',(-1.,0.,0.));
#1750=DIRECTION('center_axis',(0.,-9.34924652315921E-16,1.));
#1751=DIRECTION('ref_axis',(-1.,0.,0.));
#1752=DIRECTION('',(0.,-9.34924652315921E-16,1.));
#1753=DIRECTION('center_axis',(0.,0.,1.));
#1754=DIRECTION('ref_axis',(0.,1.,0.));
#1755=DIRECTION('',(-1.,0.,0.));
#1756=DIRECTION('',(0.,-1.,0.));
#1757=DIRECTION('',(-1.,0.,0.));
#1758=DIRECTION('center_axis',(-1.,0.,0.));
#1759=DIRECTION('ref_axis',(0.,-0.999999991618097,0.000129475118339284));
#1760=DIRECTION('',(-1.,0.,0.));
#1761=DIRECTION('center_axis',(1.,0.,0.));
#1762=DIRECTION('ref_axis',(0.,0.,-1.));
#1763=DIRECTION('center_axis',(0.,5.55111512312578E-16,-1.));
#1764=DIRECTION('ref_axis',(0.,-1.,-5.55111512312578E-16));
#1765=DIRECTION('',(1.,0.,0.));
#1766=DIRECTION('',(0.,1.,5.55111512312578E-16));
#1767=DIRECTION('center_axis',(0.,1.,-4.08170229641602E-17));
#1768=DIRECTION('ref_axis',(0.,4.08170229641602E-17,1.));
#1769=DIRECTION('',(1.,0.,0.));
#1770=DIRECTION('',(0.,-4.08170229641602E-17,-1.));
#1771=DIRECTION('center_axis',(0.,1.,-4.08170229641602E-17));
#1772=DIRECTION('ref_axis',(0.,4.08170229641602E-17,1.));
#1773=DIRECTION('',(0.,-4.08170229641602E-17,-1.));
#1774=DIRECTION('',(1.,0.,0.));
#1775=DIRECTION('center_axis',(1.,0.,0.));
#1776=DIRECTION('ref_axis',(0.,0.,-1.));
#1777=DIRECTION('',(0.,-1.22451068892481E-16,1.));
#1778=DIRECTION('',(0.,1.,-4.6746232615796E-16));
#1779=DIRECTION('',(0.,-1.,-9.34924652315921E-16));
#1780=DIRECTION('center_axis',(0.,4.6746232615796E-16,1.));
#1781=DIRECTION('ref_axis',(0.,-1.,4.6746232615796E-16));
#1782=DIRECTION('',(1.,0.,0.));
#1783=DIRECTION('center_axis',(0.,9.34924652315921E-16,-1.));
#1784=DIRECTION('ref_axis',(0.,1.,9.34924652315921E-16));
#1785=DIRECTION('center_axis',(0.,-1.,-1.22451068892481E-16));
#1786=DIRECTION('ref_axis',(0.,1.22451068892481E-16,-1.));
#1787=DIRECTION('center_axis',(0.012499023551926,0.999921884154082,0.));
#1788=DIRECTION('ref_axis',(0.999921884154081,-0.012499023551926,0.));
#1789=DIRECTION('',(0.999921884154081,-0.012499023551926,0.));
#1790=DIRECTION('',(0.,0.,1.));
#1791=DIRECTION('',(-0.999921884154081,0.012499023551926,0.));
#1792=DIRECTION('',(0.,0.,1.));
#1793=DIRECTION('center_axis',(0.,0.,-1.));
#1794=DIRECTION('ref_axis',(1.,0.,0.));
#1795=DIRECTION('',(0.,-1.,0.));
#1796=DIRECTION('',(1.,0.,0.));
#1797=DIRECTION('',(0.,-1.,0.));
#1798=DIRECTION('center_axis',(-1.,0.,0.));
#1799=DIRECTION('ref_axis',(0.,0.,-1.));
#1800=DIRECTION('',(0.,-1.,0.));
#1801=DIRECTION('',(0.,0.,-1.));
#1802=DIRECTION('center_axis',(0.,0.,1.));
#1803=DIRECTION('ref_axis',(-1.,0.,0.));
#1804=DIRECTION('',(0.,-1.,0.));
#1805=DIRECTION('',(-1.,0.,0.));
#1806=DIRECTION('center_axis',(1.,0.,0.));
#1807=DIRECTION('ref_axis',(0.,0.,1.));
#1808=DIRECTION('',(0.,0.,1.));
#1809=DIRECTION('center_axis',(0.,1.,0.));
#1810=DIRECTION('ref_axis',(-1.,0.,0.));
#1811=CARTESIAN_POINT('',(0.,0.,0.));
#1812=CARTESIAN_POINT('Origin',(30.,0.750000000000088,-7.0999999999995));
#1813=CARTESIAN_POINT('',(25.8719970293089,0.750000000000088,-7.5999999999995));
#1814=CARTESIAN_POINT('',(25.7803743492191,0.860335488750751,-7.58767415342795));
#1815=CARTESIAN_POINT('Origin',(25.8719970293089,0.750000000000088,-7.0999999999995));
#1816=CARTESIAN_POINT('',(30.,0.750000000000088,-7.5999999999995));
#1817=CARTESIAN_POINT('',(30.,0.750000000000088,-7.5999999999995));
#1818=CARTESIAN_POINT('',(30.,1.25000000000009,-7.0999999999995));
#1819=CARTESIAN_POINT('Origin',(30.,0.750000000000088,-7.0999999999995));
#1820=CARTESIAN_POINT('',(0.,1.25000000000009,-7.0999999999995));
#1821=CARTESIAN_POINT('',(30.,1.25000000000009,-7.0999999999995));
#1822=CARTESIAN_POINT('',(0.,0.750000000000088,-7.5999999999995));
#1823=CARTESIAN_POINT('Origin',(0.,0.750000000000088,-7.0999999999995));
#1824=CARTESIAN_POINT('',(25.1353100778029,0.750000000000088,-7.5999999999995));
#1825=CARTESIAN_POINT('',(30.,0.750000000000088,-7.5999999999995));
#1826=CARTESIAN_POINT('Origin',(25.1353100778029,0.750000000000088,-7.0999999999995));
#1827=CARTESIAN_POINT('Origin',(30.,1.25000000000009,-3.5999999999995));
#1828=CARTESIAN_POINT('',(30.,1.25000000000009,-4.0999999999995));
#1829=CARTESIAN_POINT('',(30.,1.25000000000009,-1.7999999999995));
#1830=CARTESIAN_POINT('',(0.,1.25000000000009,-4.0999999999995));
#1831=CARTESIAN_POINT('',(30.,1.25000000000009,-4.0999999999995));
#1832=CARTESIAN_POINT('',(0.,1.25000000000009,-1.7999999999995));
#1833=CARTESIAN_POINT('Origin',(30.,0.750000000000088,-4.0999999999995));
#1834=CARTESIAN_POINT('',(30.,0.750000000000088,-3.5999999999995));
#1835=CARTESIAN_POINT('Origin',(30.,0.750000000000088,-4.0999999999995));
#1836=CARTESIAN_POINT('',(0.,0.750000000000088,-3.5999999999995));
#1837=CARTESIAN_POINT('',(30.,0.750000000000088,-3.5999999999995));
#1838=CARTESIAN_POINT('Origin',(0.,0.750000000000088,-4.0999999999995));
#1839=CARTESIAN_POINT('Origin',(30.,-5.72118640531063,-3.5999999999995));
#1840=CARTESIAN_POINT('',(30.,-4.74999999999991,-3.5999999999995));
#1841=CARTESIAN_POINT('',(30.,-2.86059320265527,-3.5999999999995));
#1842=CARTESIAN_POINT('',(0.,-4.74999999999991,-3.5999999999995));
#1843=CARTESIAN_POINT('',(15.,-4.74999999999991,-3.5999999999995));
#1844=CARTESIAN_POINT('',(0.,-2.86059320265527,-3.5999999999995));
#1845=CARTESIAN_POINT('Origin',(6.18223089711212,-3.16437459916117,-7.5999999999995));
#1846=CARTESIAN_POINT('',(6.18223089711212,-3.16437459916117,-7.5999999999995));
#1847=CARTESIAN_POINT('',(3.93321841332284,-3.23102928961855,-7.5999999999995));
#1848=CARTESIAN_POINT('',(18.1460219127925,-2.80979996136132,-7.5999999999995));
#1849=CARTESIAN_POINT('',(6.18223089711212,-3.16437459916117,-10.0999999999995));
#1850=CARTESIAN_POINT('',(6.18223089711212,-3.16437459916117,-7.5999999999995));
#1851=CARTESIAN_POINT('',(3.93321841332284,-3.23102928961855,-10.0999999999995));
#1852=CARTESIAN_POINT('',(3.93321841332284,-3.23102928961855,-10.0999999999995));
#1853=CARTESIAN_POINT('',(3.93321841332284,-3.23102928961855,-7.5999999999995));
#1854=CARTESIAN_POINT('Origin',(7.24901248378928,-1.18334530954263,-7.5999999999995));
#1855=CARTESIAN_POINT('',(7.24901248378928,-1.18334530954263,-7.5999999999995));
#1856=CARTESIAN_POINT('',(10.3140590884947,4.50849187043761,-7.5999999999995));
#1857=CARTESIAN_POINT('',(7.24901248378928,-1.18334530954263,-10.0999999999995));
#1858=CARTESIAN_POINT('',(7.24901248378928,-1.18334530954263,-7.5999999999995));
#1859=CARTESIAN_POINT('',(6.18223089711212,-3.16437459916117,-10.0999999999995));
#1860=CARTESIAN_POINT('Origin',(6.06678158667716,0.731029289618541,-7.5999999999995));
#1861=CARTESIAN_POINT('',(6.06678158667716,0.731029289618541,-7.5999999999995));
#1862=CARTESIAN_POINT('',(9.25455317295277,-4.43089717297075,-7.5999999999995));
#1863=CARTESIAN_POINT('',(6.06678158667716,0.731029289618541,-10.0999999999995));
#1864=CARTESIAN_POINT('',(6.06678158667716,0.731029289618541,-7.5999999999995));
#1865=CARTESIAN_POINT('',(7.24901248378928,-1.18334530954263,-10.0999999999995));
#1866=CARTESIAN_POINT('Origin',(3.81776910288788,0.664374599161165,-7.5999999999995));
#1867=CARTESIAN_POINT('',(3.81776910288788,0.664374599161165,-7.5999999999995));
#1868=CARTESIAN_POINT('',(16.9060663604629,1.0522765821897,-7.5999999999995));
#1869=CARTESIAN_POINT('',(3.81776910288788,0.664374599161165,-10.0999999999995));
#1870=CARTESIAN_POINT('',(3.81776910288788,0.664374599161165,-7.5999999999995));
#1871=CARTESIAN_POINT('',(6.06678158667716,0.731029289618541,-10.0999999999995));
#1872=CARTESIAN_POINT('Origin',(2.75098751621072,-1.31665469045738,-7.5999999999995));
#1873=CARTESIAN_POINT('',(2.75098751621072,-1.31665469045738,-7.5999999999995));
#1874=CARTESIAN_POINT('',(6.34942491425478,5.36569713433214,-7.5999999999995));
#1875=CARTESIAN_POINT('',(2.75098751621072,-1.31665469045738,-10.0999999999995));
#1876=CARTESIAN_POINT('',(2.75098751621072,-1.31665469045738,-7.5999999999995));
#1877=CARTESIAN_POINT('',(3.81776910288788,0.664374599161165,-10.0999999999995));
#1878=CARTESIAN_POINT('Origin',(3.93321841332284,-3.23102928961855,-7.5999999999995));
#1879=CARTESIAN_POINT('',(6.52987455104238,-7.43576845262725,-7.5999999999995));
#1880=CARTESIAN_POINT('',(2.75098751621072,-1.31665469045738,-10.0999999999995));
#1881=CARTESIAN_POINT('Origin',(5.,-1.25,-10.0999999999995));
#1882=CARTESIAN_POINT('',(6.1,-1.25,-10.0999999999995));
#1883=CARTESIAN_POINT('Origin',(5.,-1.25,-10.0999999999995));
#1884=CARTESIAN_POINT('Origin',(27.2177913183755,-0.87065626651011,-7.5999999999995));
#1885=CARTESIAN_POINT('',(27.2177913183755,-0.87065626651011,-7.5999999999995));
#1886=CARTESIAN_POINT('',(26.4374169691565,-2.98099175526086,-7.5999999999995));
#1887=CARTESIAN_POINT('',(27.7300606776155,0.514653501405088,-7.5999999999995));
#1888=CARTESIAN_POINT('',(27.2177913183755,-0.87065626651011,-10.0999999999995));
#1889=CARTESIAN_POINT('',(27.2177913183755,-0.87065626651011,-7.5999999999995));
#1890=CARTESIAN_POINT('',(26.4374169691565,-2.98099175526086,-10.0999999999995));
#1891=CARTESIAN_POINT('',(26.4374169691565,-2.98099175526086,-10.0999999999995));
#1892=CARTESIAN_POINT('',(26.4374169691565,-2.98099175526086,-7.5999999999995));
#1893=CARTESIAN_POINT('Origin',(25.7803743492191,0.860335488750751,-7.5999999999995));
#1894=CARTESIAN_POINT('',(25.7803743492191,0.86033548875075,-10.0999999999995));
#1895=CARTESIAN_POINT('',(25.7803743492191,0.860335488750751,-7.5999999999995));
#1896=CARTESIAN_POINT('',(27.2177913183755,-0.87065626651011,-10.0999999999995));
#1897=CARTESIAN_POINT('',(26.5456985085344,-0.0612967434428775,-7.5999999999995));
#1898=CARTESIAN_POINT('Origin',(23.5625830308435,0.480991755260858,-7.5999999999995));
#1899=CARTESIAN_POINT('',(23.5625830308435,0.480991755260858,-7.5999999999995));
#1900=CARTESIAN_POINT('',(26.7536979968666,1.02681834190893,-7.5999999999995));
#1901=CARTESIAN_POINT('',(23.5625830308435,0.480991755260858,-10.0999999999995));
#1902=CARTESIAN_POINT('',(23.5625830308435,0.480991755260858,-7.5999999999995));
#1903=CARTESIAN_POINT('',(25.7803743492191,0.860335488750751,-10.0999999999995));
#1904=CARTESIAN_POINT('Origin',(22.7822086816245,-1.62934373348989,-7.5999999999995));
#1905=CARTESIAN_POINT('',(22.7822086816245,-1.62934373348989,-7.5999999999995));
#1906=CARTESIAN_POINT('',(23.6846652154739,0.811133778800679,-7.5999999999995));
#1907=CARTESIAN_POINT('',(22.7822086816245,-1.62934373348989,-10.0999999999995));
#1908=CARTESIAN_POINT('',(22.7822086816245,-1.62934373348989,-7.5999999999995));
#1909=CARTESIAN_POINT('',(23.5625830308435,0.480991755260858,-10.0999999999995));
#1910=CARTESIAN_POINT('Origin',(24.2196256507809,-3.36033548875076,-7.5999999999995));
#1911=CARTESIAN_POINT('',(24.2196256507809,-3.36033548875076,-7.5999999999995));
#1912=CARTESIAN_POINT('',(24.2662413255179,-3.41647184331395,-7.5999999999995));
#1913=CARTESIAN_POINT('',(24.2196256507809,-3.36033548875076,-10.0999999999995));
#1914=CARTESIAN_POINT('',(24.2196256507809,-3.36033548875076,-7.5999999999995));
#1915=CARTESIAN_POINT('',(22.7822086816245,-1.62934373348989,-10.0999999999995));
#1916=CARTESIAN_POINT('Origin',(26.4374169691565,-2.98099175526086,-7.5999999999995));
#1917=CARTESIAN_POINT('',(28.5196362759917,-2.62483703535774,-7.5999999999995));
#1918=CARTESIAN_POINT('',(24.2196256507809,-3.36033548875076,-10.0999999999995));
#1919=CARTESIAN_POINT('Origin',(25.,-1.25,-10.0999999999995));
#1920=CARTESIAN_POINT('',(26.1,-1.25,-10.0999999999995));
#1921=CARTESIAN_POINT('Origin',(25.,-1.25,-10.0999999999995));
#1922=CARTESIAN_POINT('Origin',(30.,1.25000000000009,-7.5999999999995));
#1923=CARTESIAN_POINT('',(0.,-4.74999999999991,-7.5999999999995));
#1924=CARTESIAN_POINT('',(0.,0.625000000000088,-7.5999999999995));
#1925=CARTESIAN_POINT('',(30.,-4.74999999999991,-7.5999999999995));
#1926=CARTESIAN_POINT('',(15.,-4.74999999999991,-7.5999999999995));
#1927=CARTESIAN_POINT('',(30.,0.625000000000088,-7.5999999999995));
#1928=CARTESIAN_POINT('Origin',(30.,8.71525074330748E-14,4.9515946898282E-13));
#1929=CARTESIAN_POINT('',(30.,-4.74999999999991,-13.5999999999995));
#1930=CARTESIAN_POINT('',(30.,-4.74999999999991,-13.5999999999995));
#1931=CARTESIAN_POINT('',(30.,4.75000000000009,-13.5999999999995));
#1932=CARTESIAN_POINT('',(30.,4.75000000000009,-13.5999999999995));
#1933=CARTESIAN_POINT('',(30.,4.75000000000009,4.59999997764875));
#1934=CARTESIAN_POINT('',(30.,4.75000000000009,13.6000000000005));
#1935=CARTESIAN_POINT('',(30.,1.75000000000009,4.59999997764875));
#1936=CARTESIAN_POINT('',(30.,2.37500000000009,4.59999997764875));
#1937=CARTESIAN_POINT('',(30.,1.75077685070361,10.5999998994177));
#1938=CARTESIAN_POINT('Origin',(30.,1.75000000000009,7.60000000000049));
#1939=CARTESIAN_POINT('',(30.,4.75000000000009,10.5999998994177));
#1940=CARTESIAN_POINT('',(30.,0.87538842535185,10.5999998994177));
#1941=CARTESIAN_POINT('',(30.,4.75000000000009,13.6000000000005));
#1942=CARTESIAN_POINT('',(30.,4.75000000000009,13.6000000000005));
#1943=CARTESIAN_POINT('',(30.,-4.74999999999992,13.6000000000005));
#1944=CARTESIAN_POINT('',(30.,-4.74999999999992,13.6000000000005));
#1945=CARTESIAN_POINT('',(30.,-4.74999999999991,-13.5999999999995));
#1946=CARTESIAN_POINT('Origin',(0.,-4.74999999999992,13.6000000000005));
#1947=CARTESIAN_POINT('',(0.,-4.74999999999991,-13.5999999999995));
#1948=CARTESIAN_POINT('',(0.,-4.74999999999991,-13.5999999999995));
#1949=CARTESIAN_POINT('',(0.,-4.74999999999991,-13.5999999999995));
#1950=CARTESIAN_POINT('Origin',(5.,-1.25,-13.5999999999995));
#1951=CARTESIAN_POINT('',(6.1,-1.25,-13.5999999999995));
#1952=CARTESIAN_POINT('Origin',(5.,-1.25,-13.5999999999995));
#1953=CARTESIAN_POINT('',(6.1,-1.25,-13.5999999999995));
#1954=CARTESIAN_POINT('Origin',(25.,-1.25,-13.5999999999995));
#1955=CARTESIAN_POINT('',(26.1,-1.25,-13.5999999999995));
#1956=CARTESIAN_POINT('Origin',(25.,-1.25,-13.5999999999995));
#1957=CARTESIAN_POINT('',(26.1,-1.25,-13.5999999999995));
#1958=CARTESIAN_POINT('Origin',(30.,1.75077685070361,10.5999998994177));
#1959=CARTESIAN_POINT('',(0.,1.75077685070361,10.5999998994177));
#1960=CARTESIAN_POINT('',(30.,1.75077685070361,10.5999998994177));
#1961=CARTESIAN_POINT('',(0.,4.75000000000009,10.5999998994177));
#1962=CARTESIAN_POINT('',(0.,0.87538842535185,10.5999998994177));
#1963=CARTESIAN_POINT('',(15.,4.75000000000009,10.5999998994177));
#1964=CARTESIAN_POINT('Origin',(30.,1.75000000000009,7.60000000000049));
#1965=CARTESIAN_POINT('',(0.,1.75000000000009,4.59999997764875));
#1966=CARTESIAN_POINT('',(30.,1.75000000000009,4.59999997764875));
#1967=CARTESIAN_POINT('Origin',(0.,1.75000000000009,7.60000000000049));
#1968=CARTESIAN_POINT('Origin',(30.,4.75000000000009,4.59999997764875));
#1969=CARTESIAN_POINT('',(0.,4.75000000000009,4.59999997764875));
#1970=CARTESIAN_POINT('',(15.,4.75000000000009,4.59999997764875));
#1971=CARTESIAN_POINT('',(0.,2.37500000000009,4.59999997764875));
#1972=CARTESIAN_POINT('Origin',(0.,4.75000000000009,-13.5999999999995));
#1973=CARTESIAN_POINT('',(0.,4.75000000000009,-13.5999999999995));
#1974=CARTESIAN_POINT('',(0.,4.75000000000009,-13.5999999999995));
#1975=CARTESIAN_POINT('',(0.,4.75000000000009,13.6000000000005));
#1976=CARTESIAN_POINT('Origin',(0.,4.75000000000009,-13.5999999999995));
#1977=CARTESIAN_POINT('',(0.,4.75000000000009,13.6000000000005));
#1978=CARTESIAN_POINT('',(0.,4.75000000000009,13.6000000000005));
#1979=CARTESIAN_POINT('',(0.,4.75000000000009,13.6000000000005));
#1980=CARTESIAN_POINT('Origin',(0.,8.71525074330748E-14,4.9515946898282E-13));
#1981=CARTESIAN_POINT('',(0.,-4.74999999999992,13.6000000000005));
#1982=CARTESIAN_POINT('',(0.,-4.74999999999991,-13.5999999999995));
#1983=CARTESIAN_POINT('',(0.,-4.74999999999992,13.6000000000005));
#1984=CARTESIAN_POINT('',(0.,4.75000000000009,-13.5999999999995));
#1985=CARTESIAN_POINT('Origin',(0.,4.75000000000009,13.6000000000005));
#1986=CARTESIAN_POINT('',(0.,-4.74999999999992,13.6000000000005));
#1987=CARTESIAN_POINT('Origin',(0.,-4.74999999999991,-13.5999999999995));
#1988=CARTESIAN_POINT('Origin',(0.,-4.74999999999992,13.6000000000005));
#1989=CARTESIAN_POINT('Origin',(30.,0.750000000000088,-36.0999999999995));
#1990=CARTESIAN_POINT('',(25.8719970293089,0.750000000000088,-36.5999999999995));
#1991=CARTESIAN_POINT('',(25.7803743492191,0.860335488750751,-36.587674153428));
#1992=CARTESIAN_POINT('Origin',(25.8719970293089,0.750000000000088,-36.0999999999995));
#1993=CARTESIAN_POINT('',(30.,0.750000000000088,-36.5999999999995));
#1994=CARTESIAN_POINT('',(30.,0.750000000000088,-36.5999999999995));
#1995=CARTESIAN_POINT('',(30.,1.25000000000009,-36.0999999999995));
#1996=CARTESIAN_POINT('Origin',(30.,0.750000000000088,-36.0999999999995));
#1997=CARTESIAN_POINT('',(0.,1.25000000000009,-36.0999999999995));
#1998=CARTESIAN_POINT('',(30.,1.25000000000009,-36.0999999999995));
#1999=CARTESIAN_POINT('',(0.,0.750000000000088,-36.5999999999995));
#2000=CARTESIAN_POINT('Origin',(0.,0.750000000000088,-36.0999999999995));
#2001=CARTESIAN_POINT('',(25.1353100778029,0.750000000000088,-36.5999999999995));
#2002=CARTESIAN_POINT('',(30.,0.750000000000088,-36.5999999999995));
#2003=CARTESIAN_POINT('Origin',(25.1353100778029,0.750000000000088,-36.0999999999995));
#2004=CARTESIAN_POINT('Origin',(30.,1.25000000000009,-32.5999999999995));
#2005=CARTESIAN_POINT('',(30.,1.25000000000009,-33.0999999999995));
#2006=CARTESIAN_POINT('',(30.,1.25000000000009,-30.7999999999995));
#2007=CARTESIAN_POINT('',(0.,1.25000000000009,-33.0999999999995));
#2008=CARTESIAN_POINT('',(30.,1.25000000000009,-33.0999999999995));
#2009=CARTESIAN_POINT('',(0.,1.25000000000009,-30.7999999999995));
#2010=CARTESIAN_POINT('Origin',(30.,0.750000000000088,-33.0999999999995));
#2011=CARTESIAN_POINT('',(30.,0.750000000000088,-32.5999999999995));
#2012=CARTESIAN_POINT('Origin',(30.,0.750000000000088,-33.0999999999995));
#2013=CARTESIAN_POINT('',(0.,0.750000000000088,-32.5999999999995));
#2014=CARTESIAN_POINT('',(30.,0.750000000000088,-32.5999999999995));
#2015=CARTESIAN_POINT('Origin',(0.,0.750000000000088,-33.0999999999995));
#2016=CARTESIAN_POINT('Origin',(30.,-5.72118640531063,-32.5999999999995));
#2017=CARTESIAN_POINT('',(30.,-4.74999999999991,-32.5999999999995));
#2018=CARTESIAN_POINT('',(30.,-2.86059320265527,-32.5999999999995));
#2019=CARTESIAN_POINT('',(0.,-4.74999999999991,-32.5999999999995));
#2020=CARTESIAN_POINT('',(15.,-4.74999999999991,-32.5999999999995));
#2021=CARTESIAN_POINT('',(0.,-2.86059320265527,-32.5999999999995));
#2022=CARTESIAN_POINT('Origin',(6.18223089711212,-3.16437459916117,-36.5999999999995));
#2023=CARTESIAN_POINT('',(6.18223089711212,-3.16437459916117,-36.5999999999995));
#2024=CARTESIAN_POINT('',(3.93321841332284,-3.23102928961855,-36.5999999999995));
#2025=CARTESIAN_POINT('',(18.1460219127925,-2.80979996136132,-36.5999999999995));
#2026=CARTESIAN_POINT('',(6.18223089711212,-3.16437459916117,-39.0999999999995));
#2027=CARTESIAN_POINT('',(6.18223089711212,-3.16437459916117,-36.5999999999995));
#2028=CARTESIAN_POINT('',(3.93321841332284,-3.23102928961855,-39.0999999999995));
#2029=CARTESIAN_POINT('',(3.93321841332284,-3.23102928961855,-39.0999999999995));
#2030=CARTESIAN_POINT('',(3.93321841332284,-3.23102928961855,-36.5999999999995));
#2031=CARTESIAN_POINT('Origin',(7.24901248378928,-1.18334530954263,-36.5999999999995));
#2032=CARTESIAN_POINT('',(7.24901248378928,-1.18334530954263,-36.5999999999995));
#2033=CARTESIAN_POINT('',(10.3140590884947,4.50849187043761,-36.5999999999995));
#2034=CARTESIAN_POINT('',(7.24901248378928,-1.18334530954263,-39.0999999999995));
#2035=CARTESIAN_POINT('',(7.24901248378928,-1.18334530954263,-36.5999999999995));
#2036=CARTESIAN_POINT('',(6.18223089711212,-3.16437459916117,-39.0999999999995));
#2037=CARTESIAN_POINT('Origin',(6.06678158667716,0.731029289618541,-36.5999999999995));
#2038=CARTESIAN_POINT('',(6.06678158667716,0.731029289618541,-36.5999999999995));
#2039=CARTESIAN_POINT('',(9.25455317295277,-4.43089717297075,-36.5999999999995));
#2040=CARTESIAN_POINT('',(6.06678158667716,0.731029289618541,-39.0999999999995));
#2041=CARTESIAN_POINT('',(6.06678158667716,0.731029289618541,-36.5999999999995));
#2042=CARTESIAN_POINT('',(7.24901248378928,-1.18334530954263,-39.0999999999995));
#2043=CARTESIAN_POINT('Origin',(3.81776910288788,0.664374599161165,-36.5999999999995));
#2044=CARTESIAN_POINT('',(3.81776910288788,0.664374599161165,-36.5999999999995));
#2045=CARTESIAN_POINT('',(16.9060663604629,1.0522765821897,-36.5999999999995));
#2046=CARTESIAN_POINT('',(3.81776910288788,0.664374599161165,-39.0999999999995));
#2047=CARTESIAN_POINT('',(3.81776910288788,0.664374599161165,-36.5999999999995));
#2048=CARTESIAN_POINT('',(6.06678158667716,0.731029289618541,-39.0999999999995));
#2049=CARTESIAN_POINT('Origin',(2.75098751621072,-1.31665469045738,-36.5999999999995));
#2050=CARTESIAN_POINT('',(2.75098751621072,-1.31665469045738,-36.5999999999995));
#2051=CARTESIAN_POINT('',(6.34942491425478,5.36569713433214,-36.5999999999995));
#2052=CARTESIAN_POINT('',(2.75098751621072,-1.31665469045738,-39.0999999999995));
#2053=CARTESIAN_POINT('',(2.75098751621072,-1.31665469045738,-36.5999999999995));
#2054=CARTESIAN_POINT('',(3.81776910288788,0.664374599161165,-39.0999999999995));
#2055=CARTESIAN_POINT('Origin',(3.93321841332284,-3.23102928961855,-36.5999999999995));
#2056=CARTESIAN_POINT('',(6.52987455104238,-7.43576845262725,-36.5999999999995));
#2057=CARTESIAN_POINT('',(2.75098751621072,-1.31665469045738,-39.0999999999995));
#2058=CARTESIAN_POINT('Origin',(5.,-1.25,-39.0999999999995));
#2059=CARTESIAN_POINT('',(6.1,-1.25,-39.0999999999995));
#2060=CARTESIAN_POINT('Origin',(5.,-1.25,-39.0999999999995));
#2061=CARTESIAN_POINT('Origin',(27.2177913183755,-0.87065626651011,-36.5999999999995));
#2062=CARTESIAN_POINT('',(27.2177913183755,-0.87065626651011,-36.5999999999995));
#2063=CARTESIAN_POINT('',(26.4374169691565,-2.98099175526086,-36.5999999999995));
#2064=CARTESIAN_POINT('',(27.7300606776155,0.514653501405088,-36.5999999999995));
#2065=CARTESIAN_POINT('',(27.2177913183755,-0.87065626651011,-39.0999999999995));
#2066=CARTESIAN_POINT('',(27.2177913183755,-0.87065626651011,-36.5999999999995));
#2067=CARTESIAN_POINT('',(26.4374169691565,-2.98099175526086,-39.0999999999995));
#2068=CARTESIAN_POINT('',(26.4374169691565,-2.98099175526086,-39.0999999999995));
#2069=CARTESIAN_POINT('',(26.4374169691565,-2.98099175526086,-36.5999999999995));
#2070=CARTESIAN_POINT('Origin',(25.7803743492191,0.860335488750751,-36.5999999999995));
#2071=CARTESIAN_POINT('',(25.7803743492191,0.86033548875075,-39.0999999999995));
#2072=CARTESIAN_POINT('',(25.7803743492191,0.860335488750751,-36.5999999999995));
#2073=CARTESIAN_POINT('',(27.2177913183755,-0.87065626651011,-39.0999999999995));
#2074=CARTESIAN_POINT('',(26.5456985085344,-0.0612967434428775,-36.5999999999995));
#2075=CARTESIAN_POINT('Origin',(23.5625830308435,0.480991755260858,-36.5999999999995));
#2076=CARTESIAN_POINT('',(23.5625830308435,0.480991755260858,-36.5999999999995));
#2077=CARTESIAN_POINT('',(26.7536979968666,1.02681834190893,-36.5999999999995));
#2078=CARTESIAN_POINT('',(23.5625830308435,0.480991755260858,-39.0999999999995));
#2079=CARTESIAN_POINT('',(23.5625830308435,0.480991755260858,-36.5999999999995));
#2080=CARTESIAN_POINT('',(25.7803743492191,0.860335488750751,-39.0999999999995));
#2081=CARTESIAN_POINT('Origin',(22.7822086816245,-1.62934373348989,-36.5999999999995));
#2082=CARTESIAN_POINT('',(22.7822086816245,-1.62934373348989,-36.5999999999995));
#2083=CARTESIAN_POINT('',(23.6846652154739,0.811133778800679,-36.5999999999995));
#2084=CARTESIAN_POINT('',(22.7822086816245,-1.62934373348989,-39.0999999999995));
#2085=CARTESIAN_POINT('',(22.7822086816245,-1.62934373348989,-36.5999999999995));
#2086=CARTESIAN_POINT('',(23.5625830308435,0.480991755260858,-39.0999999999995));
#2087=CARTESIAN_POINT('Origin',(24.2196256507809,-3.36033548875076,-36.5999999999995));
#2088=CARTESIAN_POINT('',(24.2196256507809,-3.36033548875076,-36.5999999999995));
#2089=CARTESIAN_POINT('',(24.2662413255179,-3.41647184331395,-36.5999999999995));
#2090=CARTESIAN_POINT('',(24.2196256507809,-3.36033548875076,-39.0999999999995));
#2091=CARTESIAN_POINT('',(24.2196256507809,-3.36033548875076,-36.5999999999995));
#2092=CARTESIAN_POINT('',(22.7822086816245,-1.62934373348989,-39.0999999999995));
#2093=CARTESIAN_POINT('Origin',(26.4374169691565,-2.98099175526086,-36.5999999999995));
#2094=CARTESIAN_POINT('',(28.5196362759917,-2.62483703535774,-36.5999999999995));
#2095=CARTESIAN_POINT('',(24.2196256507809,-3.36033548875076,-39.0999999999995));
#2096=CARTESIAN_POINT('Origin',(25.,-1.25,-39.0999999999995));
#2097=CARTESIAN_POINT('',(26.1,-1.25,-39.0999999999995));
#2098=CARTESIAN_POINT('Origin',(25.,-1.25,-39.0999999999995));
#2099=CARTESIAN_POINT('Origin',(30.,1.25000000000009,-36.5999999999995));
#2100=CARTESIAN_POINT('',(0.,-4.74999999999991,-36.5999999999995));
#2101=CARTESIAN_POINT('',(0.,0.625000000000088,-36.5999999999995));
#2102=CARTESIAN_POINT('',(30.,-4.74999999999991,-36.5999999999995));
#2103=CARTESIAN_POINT('',(15.,-4.74999999999991,-36.5999999999995));
#2104=CARTESIAN_POINT('',(30.,0.625000000000088,-36.5999999999995));
#2105=CARTESIAN_POINT('Origin',(30.,8.71525074330748E-14,-28.9999999999995));
#2106=CARTESIAN_POINT('',(30.,-4.74999999999991,-42.5999999999995));
#2107=CARTESIAN_POINT('',(30.,-4.74999999999991,-42.5999999999995));
#2108=CARTESIAN_POINT('',(30.,4.75000000000009,-42.5999999999995));
#2109=CARTESIAN_POINT('',(30.,4.75000000000009,-42.5999999999995));
#2110=CARTESIAN_POINT('',(30.,4.75000000000009,-24.4000000223513));
#2111=CARTESIAN_POINT('',(30.,4.75000000000009,-15.3999999999995));
#2112=CARTESIAN_POINT('',(30.,1.75000000000009,-24.4000000223513));
#2113=CARTESIAN_POINT('',(30.,2.37500000000009,-24.4000000223513));
#2114=CARTESIAN_POINT('',(30.,1.75077685070361,-18.4000001005824));
#2115=CARTESIAN_POINT('Origin',(30.,1.75000000000009,-21.3999999999995));
#2116=CARTESIAN_POINT('',(30.,4.75000000000009,-18.4000001005824));
#2117=CARTESIAN_POINT('',(30.,0.87538842535185,-18.4000001005824));
#2118=CARTESIAN_POINT('',(30.,4.75000000000009,-15.3999999999995));
#2119=CARTESIAN_POINT('',(30.,4.75000000000009,-15.3999999999995));
#2120=CARTESIAN_POINT('',(30.,-4.74999999999992,-15.3999999999995));
#2121=CARTESIAN_POINT('',(30.,-4.74999999999992,-15.3999999999995));
#2122=CARTESIAN_POINT('',(30.,-4.74999999999991,-42.5999999999995));
#2123=CARTESIAN_POINT('Origin',(0.,-4.74999999999992,-15.3999999999995));
#2124=CARTESIAN_POINT('',(0.,-4.74999999999991,-42.5999999999995));
#2125=CARTESIAN_POINT('',(0.,-4.74999999999991,-42.5999999999995));
#2126=CARTESIAN_POINT('',(0.,-4.74999999999991,-42.5999999999995));
#2127=CARTESIAN_POINT('Origin',(5.,-1.25,-42.5999999999995));
#2128=CARTESIAN_POINT('',(6.1,-1.25,-42.5999999999995));
#2129=CARTESIAN_POINT('Origin',(5.,-1.25,-42.5999999999995));
#2130=CARTESIAN_POINT('',(6.1,-1.25,-42.5999999999995));
#2131=CARTESIAN_POINT('Origin',(25.,-1.25,-42.5999999999995));
#2132=CARTESIAN_POINT('',(26.1,-1.25,-42.5999999999995));
#2133=CARTESIAN_POINT('Origin',(25.,-1.25,-42.5999999999995));
#2134=CARTESIAN_POINT('',(26.1,-1.25,-42.5999999999995));
#2135=CARTESIAN_POINT('Origin',(30.,1.75077685070361,-18.4000001005824));
#2136=CARTESIAN_POINT('',(0.,1.75077685070361,-18.4000001005824));
#2137=CARTESIAN_POINT('',(30.,1.75077685070361,-18.4000001005824));
#2138=CARTESIAN_POINT('',(0.,4.75000000000009,-18.4000001005824));
#2139=CARTESIAN_POINT('',(0.,0.87538842535185,-18.4000001005824));
#2140=CARTESIAN_POINT('',(15.,4.75000000000009,-18.4000001005824));
#2141=CARTESIAN_POINT('Origin',(30.,1.75000000000009,-21.3999999999995));
#2142=CARTESIAN_POINT('',(0.,1.75000000000009,-24.4000000223513));
#2143=CARTESIAN_POINT('',(30.,1.75000000000009,-24.4000000223513));
#2144=CARTESIAN_POINT('Origin',(0.,1.75000000000009,-21.3999999999995));
#2145=CARTESIAN_POINT('Origin',(30.,4.75000000000009,-24.4000000223513));
#2146=CARTESIAN_POINT('',(0.,4.75000000000009,-24.4000000223513));
#2147=CARTESIAN_POINT('',(15.,4.75000000000009,-24.4000000223513));
#2148=CARTESIAN_POINT('',(0.,2.37500000000009,-24.4000000223513));
#2149=CARTESIAN_POINT('Origin',(0.,4.75000000000009,-42.5999999999995));
#2150=CARTESIAN_POINT('',(0.,4.75000000000009,-42.5999999999995));
#2151=CARTESIAN_POINT('',(0.,4.75000000000009,-42.5999999999995));
#2152=CARTESIAN_POINT('',(0.,4.75000000000009,-15.3999999999995));
#2153=CARTESIAN_POINT('Origin',(0.,4.75000000000009,-42.5999999999995));
#2154=CARTESIAN_POINT('',(0.,4.75000000000009,-15.3999999999995));
#2155=CARTESIAN_POINT('',(0.,4.75000000000009,-15.3999999999995));
#2156=CARTESIAN_POINT('',(0.,4.75000000000009,-15.3999999999995));
#2157=CARTESIAN_POINT('Origin',(0.,8.71525074330748E-14,-28.9999999999995));
#2158=CARTESIAN_POINT('',(0.,-4.74999999999992,-15.3999999999995));
#2159=CARTESIAN_POINT('',(0.,-4.74999999999991,-42.5999999999995));
#2160=CARTESIAN_POINT('',(0.,-4.74999999999992,-15.3999999999995));
#2161=CARTESIAN_POINT('',(0.,4.75000000000009,-42.5999999999995));
#2162=CARTESIAN_POINT('Origin',(0.,4.75000000000009,-15.3999999999995));
#2163=CARTESIAN_POINT('',(0.,-4.74999999999992,-15.3999999999995));
#2164=CARTESIAN_POINT('Origin',(0.,-4.74999999999991,-42.5999999999995));
#2165=CARTESIAN_POINT('Origin',(0.,-4.74999999999992,-15.3999999999995));
#2166=CARTESIAN_POINT('Origin',(-49.9999995529652,3.75000000000009,25.000000372529));
#2167=CARTESIAN_POINT('',(-49.9999995529652,3.75000000000009,25.000000372529));
#2168=CARTESIAN_POINT('',(30.0000004470348,2.75000000000009,25.000000372529));
#2169=CARTESIAN_POINT('',(-10.0124976001453,3.25015622558984,25.000000372529));
#2170=CARTESIAN_POINT('',(-49.9999995529652,3.75000000000009,15.000000372529));
#2171=CARTESIAN_POINT('',(-49.9999995529652,3.75000000000009,25.000000372529));
#2172=CARTESIAN_POINT('',(30.0000004470348,2.75000000000009,15.000000372529));
#2173=CARTESIAN_POINT('',(-50.0062485765552,3.75007811279497,15.000000372529));
#2174=CARTESIAN_POINT('',(30.0000004470348,2.75000000000009,15.000000372529));
#2175=CARTESIAN_POINT('Origin',(-49.9999995529652,4.75000000000009,15.000000372529));
#2176=CARTESIAN_POINT('',(-49.9999995529652,4.75000000000009,15.000000372529));
#2177=CARTESIAN_POINT('',(-49.9999995529652,4.75000000000009,15.000000372529));
#2178=CARTESIAN_POINT('',(30.0000004470348,4.75000000000009,15.000000372529));
#2179=CARTESIAN_POINT('',(-49.9999995529652,4.75000000000009,15.000000372529));
#2180=CARTESIAN_POINT('',(30.0000004470348,4.75000000000009,15.000000372529));
#2181=CARTESIAN_POINT('Origin',(-49.9999995529652,4.75000000000009,25.000000372529));
#2182=CARTESIAN_POINT('',(-49.9999995529652,4.75000000000009,25.000000372529));
#2183=CARTESIAN_POINT('',(-49.9999995529652,4.75000000000009,25.000000372529));
#2184=CARTESIAN_POINT('',(-49.9999995529652,4.75000000000009,25.000000372529));
#2185=CARTESIAN_POINT('Origin',(30.0000004470348,4.75000000000009,25.000000372529));
#2186=CARTESIAN_POINT('',(30.0000004470348,4.75000000000009,25.000000372529));
#2187=CARTESIAN_POINT('',(30.0000004470348,4.75000000000009,25.000000372529));
#2188=CARTESIAN_POINT('',(30.0000004470348,4.75000000000009,25.000000372529));
#2189=CARTESIAN_POINT('Origin',(30.0000004470348,4.75000000000009,15.000000372529));
#2190=CARTESIAN_POINT('',(30.0000004470348,4.75000000000009,15.000000372529));
#2191=CARTESIAN_POINT('Origin',(-9.99999955296516,4.75000000000009,20.000000372529));
#2192=UNCERTAINTY_MEASURE_WITH_UNIT(LENGTH_MEASURE(0.01),#2196,
'DISTANCE_ACCURACY_VALUE',
'Maximum model space distance between geometric entities at asserted c
onnectivities');
#2193=UNCERTAINTY_MEASURE_WITH_UNIT(LENGTH_MEASURE(0.01),#2196,
'DISTANCE_ACCURACY_VALUE',
'Maximum model space distance between geometric entities at asserted c
onnectivities');
#2194=(
GEOMETRIC_REPRESENTATION_CONTEXT(3)
GLOBAL_UNCERTAINTY_ASSIGNED_CONTEXT((#2192))
GLOBAL_UNIT_ASSIGNED_CONTEXT((#2196,#2198,#2199))
REPRESENTATION_CONTEXT('','3D')
);
#2195=(
GEOMETRIC_REPRESENTATION_CONTEXT(3)
GLOBAL_UNCERTAINTY_ASSIGNED_CONTEXT((#2193))
GLOBAL_UNIT_ASSIGNED_CONTEXT((#2196,#2198,#2199))
REPRESENTATION_CONTEXT('','3D')
);
#2196=(
LENGTH_UNIT()
NAMED_UNIT(*)
SI_UNIT(.MILLI.,.METRE.)
);
#2197=(
LENGTH_UNIT()
NAMED_UNIT(*)
SI_UNIT($,.METRE.)
);
#2198=(
NAMED_UNIT(*)
PLANE_ANGLE_UNIT()
SI_UNIT($,.RADIAN.)
);
#2199=(
NAMED_UNIT(*)
SI_UNIT($,.STERADIAN.)
SOLID_ANGLE_UNIT()
);
#2200=SHAPE_DEFINITION_REPRESENTATION(#2201,#2202);
#2201=PRODUCT_DEFINITION_SHAPE('',$,#2204);
#2202=SHAPE_REPRESENTATION('',(#1364),#2194);
#2203=PRODUCT_DEFINITION_CONTEXT('part definition',#2208,'design');
#2204=PRODUCT_DEFINITION('fixation_pcb_sur_colonette',
'fixation_pcb_sur_colonette v3',#2205,#2203);
#2205=PRODUCT_DEFINITION_FORMATION('',$,#2210);
#2206=PRODUCT_RELATED_PRODUCT_CATEGORY('fixation_pcb_sur_colonette v3',
'fixation_pcb_sur_colonette v3',(#2210));
#2207=APPLICATION_PROTOCOL_DEFINITION('international standard',
'automotive_design',2009,#2208);
#2208=APPLICATION_CONTEXT(
'Core Data for Automotive Mechanical Design Process');
#2209=PRODUCT_CONTEXT('part definition',#2208,'mechanical');
#2210=PRODUCT('fixation_pcb_sur_colonette',
'fixation_pcb_sur_colonette v3',$,(#2209));
#2211=PRESENTATION_STYLE_ASSIGNMENT((#2212));
#2212=SURFACE_STYLE_USAGE(.BOTH.,#2213);
#2213=SURFACE_SIDE_STYLE('',(#2214));
#2214=SURFACE_STYLE_FILL_AREA(#2215);
#2215=FILL_AREA_STYLE('Acier - Satin\X\E9',(#2216));
#2216=FILL_AREA_STYLE_COLOUR('Acier - Satin\X\E9',#2217);
#2217=COLOUR_RGB('Acier - Satin\X\E9',0.627450980392157,0.627450980392157,
0.627450980392157);
ENDSEC;
END-ISO-10303-21;
