ISO-10303-21;
HEADER;
/* Generated by software containing ST-Developer
 * from STEP Tools, Inc. (www.steptools.com) 
 */

FILE_DESCRIPTION(
/* description */ (''),
/* implementation_level */ '2;1');

FILE_NAME(
/* name */ 'support_multimetre.step',
/* time_stamp */ '2025-11-15T11:07:28+01:00',
/* author */ (''),
/* organization */ (''),
/* preprocessor_version */ 'ST-DEVELOPER v20.1',
/* originating_system */ 'Autodesk Translation Framework v14.17.0.0',
/* authorisation */ '');

FILE_SCHEMA (('AUTOMOTIVE_DESIGN { 1 0 10303 214 3 1 1 }'));
ENDSEC;

DATA;
#10=MECHANICAL_DESIGN_GEOMETRIC_PRESENTATION_REPRESENTATION('',(#13,#14),
#3562);
#11=SHAPE_REPRESENTATION_RELATIONSHIP('SRR','None',#3569,#12);
#12=ADVANCED_BREP_SHAPE_REPRESENTATION('',(#15,#16),#3561);
#13=STYLED_ITEM('',(#3578),#15);
#14=STYLED_ITEM('',(#3578),#16);
#15=MANIFOLD_SOLID_BREP('Corps2',#2089);
#16=MANIFOLD_SOLID_BREP('Corps11',#2090);
#17=FACE_BOUND('',#240,.T.);
#18=FACE_BOUND('',#241,.T.);
#19=FACE_BOUND('',#242,.T.);
#20=FACE_BOUND('',#243,.T.);
#21=FACE_BOUND('',#244,.T.);
#22=FACE_BOUND('',#247,.T.);
#23=FACE_BOUND('',#248,.T.);
#24=FACE_BOUND('',#249,.T.);
#25=FACE_BOUND('',#250,.T.);
#26=FACE_BOUND('',#251,.T.);
#27=FACE_BOUND('',#253,.T.);
#28=FACE_BOUND('',#254,.T.);
#29=FACE_BOUND('',#260,.T.);
#30=FACE_BOUND('',#261,.T.);
#31=FACE_BOUND('',#269,.T.);
#32=FACE_BOUND('',#270,.T.);
#33=FACE_BOUND('',#271,.T.);
#34=FACE_BOUND('',#273,.T.);
#35=FACE_BOUND('',#276,.T.);
#36=FACE_BOUND('',#277,.T.);
#37=FACE_BOUND('',#280,.T.);
#38=FACE_BOUND('',#281,.T.);
#39=FACE_BOUND('',#282,.T.);
#40=FACE_BOUND('',#283,.T.);
#41=FACE_BOUND('',#284,.T.);
#42=FACE_BOUND('',#285,.T.);
#43=FACE_BOUND('',#294,.T.);
#44=FACE_BOUND('',#295,.T.);
#45=FACE_BOUND('',#296,.T.);
#46=FACE_BOUND('',#316,.T.);
#47=FACE_BOUND('',#317,.T.);
#48=FACE_BOUND('',#318,.T.);
#49=FACE_BOUND('',#319,.T.);
#50=FACE_BOUND('',#320,.T.);
#51=FACE_BOUND('',#323,.T.);
#52=FACE_BOUND('',#324,.T.);
#53=FACE_BOUND('',#325,.T.);
#54=FACE_BOUND('',#326,.T.);
#55=FACE_BOUND('',#327,.T.);
#56=FACE_BOUND('',#329,.T.);
#57=FACE_BOUND('',#330,.T.);
#58=FACE_BOUND('',#336,.T.);
#59=FACE_BOUND('',#337,.T.);
#60=FACE_BOUND('',#345,.T.);
#61=FACE_BOUND('',#346,.T.);
#62=FACE_BOUND('',#347,.T.);
#63=FACE_BOUND('',#349,.T.);
#64=FACE_BOUND('',#352,.T.);
#65=FACE_BOUND('',#353,.T.);
#66=FACE_BOUND('',#356,.T.);
#67=FACE_BOUND('',#357,.T.);
#68=FACE_BOUND('',#358,.T.);
#69=FACE_BOUND('',#359,.T.);
#70=FACE_BOUND('',#360,.T.);
#71=FACE_BOUND('',#361,.T.);
#72=FACE_BOUND('',#370,.T.);
#73=FACE_BOUND('',#371,.T.);
#74=FACE_BOUND('',#372,.T.);
#75=CYLINDRICAL_SURFACE('',#2112,4.);
#76=CYLINDRICAL_SURFACE('',#2116,4.);
#77=CYLINDRICAL_SURFACE('',#2124,10.);
#78=CYLINDRICAL_SURFACE('',#2127,10.);
#79=CYLINDRICAL_SURFACE('',#2134,12.5);
#80=CYLINDRICAL_SURFACE('',#2137,12.5);
#81=CYLINDRICAL_SURFACE('',#2140,12.5);
#82=CYLINDRICAL_SURFACE('',#2143,12.5);
#83=CYLINDRICAL_SURFACE('',#2146,10.);
#84=CYLINDRICAL_SURFACE('',#2152,10.);
#85=CYLINDRICAL_SURFACE('',#2155,12.5);
#86=CYLINDRICAL_SURFACE('',#2163,12.5);
#87=CYLINDRICAL_SURFACE('',#2173,12.5);
#88=CYLINDRICAL_SURFACE('',#2174,12.5);
#89=CYLINDRICAL_SURFACE('',#2175,12.5);
#90=CYLINDRICAL_SURFACE('',#2176,30.);
#91=CYLINDRICAL_SURFACE('',#2183,30.);
#92=CYLINDRICAL_SURFACE('',#2184,30.);
#93=CYLINDRICAL_SURFACE('',#2187,30.);
#94=CYLINDRICAL_SURFACE('',#2189,30.);
#95=CYLINDRICAL_SURFACE('',#2212,8.625);
#96=CYLINDRICAL_SURFACE('',#2213,20.);
#97=CYLINDRICAL_SURFACE('',#2214,8.625);
#98=CYLINDRICAL_SURFACE('',#2215,14.);
#99=CYLINDRICAL_SURFACE('',#2216,8.625);
#100=CYLINDRICAL_SURFACE('',#2217,14.);
#101=CYLINDRICAL_SURFACE('',#2227,4.);
#102=CYLINDRICAL_SURFACE('',#2231,4.);
#103=CYLINDRICAL_SURFACE('',#2239,10.);
#104=CYLINDRICAL_SURFACE('',#2242,10.);
#105=CYLINDRICAL_SURFACE('',#2249,12.5);
#106=CYLINDRICAL_SURFACE('',#2252,12.5);
#107=CYLINDRICAL_SURFACE('',#2255,12.5);
#108=CYLINDRICAL_SURFACE('',#2258,12.5);
#109=CYLINDRICAL_SURFACE('',#2261,10.);
#110=CYLINDRICAL_SURFACE('',#2267,10.);
#111=CYLINDRICAL_SURFACE('',#2270,12.5);
#112=CYLINDRICAL_SURFACE('',#2278,12.5);
#113=CYLINDRICAL_SURFACE('',#2288,12.5);
#114=CYLINDRICAL_SURFACE('',#2289,12.5);
#115=CYLINDRICAL_SURFACE('',#2290,12.5);
#116=CYLINDRICAL_SURFACE('',#2291,30.);
#117=CYLINDRICAL_SURFACE('',#2298,30.);
#118=CYLINDRICAL_SURFACE('',#2299,30.);
#119=CYLINDRICAL_SURFACE('',#2302,30.);
#120=CYLINDRICAL_SURFACE('',#2304,30.);
#121=CYLINDRICAL_SURFACE('',#2327,8.625);
#122=CYLINDRICAL_SURFACE('',#2328,20.);
#123=CYLINDRICAL_SURFACE('',#2329,8.625);
#124=CYLINDRICAL_SURFACE('',#2330,14.);
#125=CYLINDRICAL_SURFACE('',#2331,8.625);
#126=CYLINDRICAL_SURFACE('',#2332,14.);
#127=FACE_OUTER_BOUND('',#221,.T.);
#128=FACE_OUTER_BOUND('',#222,.T.);
#129=FACE_OUTER_BOUND('',#223,.T.);
#130=FACE_OUTER_BOUND('',#224,.T.);
#131=FACE_OUTER_BOUND('',#225,.T.);
#132=FACE_OUTER_BOUND('',#226,.T.);
#133=FACE_OUTER_BOUND('',#227,.T.);
#134=FACE_OUTER_BOUND('',#228,.T.);
#135=FACE_OUTER_BOUND('',#229,.T.);
#136=FACE_OUTER_BOUND('',#230,.T.);
#137=FACE_OUTER_BOUND('',#231,.T.);
#138=FACE_OUTER_BOUND('',#232,.T.);
#139=FACE_OUTER_BOUND('',#233,.T.);
#140=FACE_OUTER_BOUND('',#234,.T.);
#141=FACE_OUTER_BOUND('',#235,.T.);
#142=FACE_OUTER_BOUND('',#236,.T.);
#143=FACE_OUTER_BOUND('',#237,.T.);
#144=FACE_OUTER_BOUND('',#238,.T.);
#145=FACE_OUTER_BOUND('',#239,.T.);
#146=FACE_OUTER_BOUND('',#245,.T.);
#147=FACE_OUTER_BOUND('',#246,.T.);
#148=FACE_OUTER_BOUND('',#252,.T.);
#149=FACE_OUTER_BOUND('',#255,.T.);
#150=FACE_OUTER_BOUND('',#256,.T.);
#151=FACE_OUTER_BOUND('',#257,.T.);
#152=FACE_OUTER_BOUND('',#258,.T.);
#153=FACE_OUTER_BOUND('',#259,.T.);
#154=FACE_OUTER_BOUND('',#262,.T.);
#155=FACE_OUTER_BOUND('',#263,.T.);
#156=FACE_OUTER_BOUND('',#264,.T.);
#157=FACE_OUTER_BOUND('',#265,.T.);
#158=FACE_OUTER_BOUND('',#266,.T.);
#159=FACE_OUTER_BOUND('',#267,.T.);
#160=FACE_OUTER_BOUND('',#268,.T.);
#161=FACE_OUTER_BOUND('',#272,.T.);
#162=FACE_OUTER_BOUND('',#274,.T.);
#163=FACE_OUTER_BOUND('',#275,.T.);
#164=FACE_OUTER_BOUND('',#278,.T.);
#165=FACE_OUTER_BOUND('',#279,.T.);
#166=FACE_OUTER_BOUND('',#286,.T.);
#167=FACE_OUTER_BOUND('',#287,.T.);
#168=FACE_OUTER_BOUND('',#288,.T.);
#169=FACE_OUTER_BOUND('',#289,.T.);
#170=FACE_OUTER_BOUND('',#290,.T.);
#171=FACE_OUTER_BOUND('',#291,.T.);
#172=FACE_OUTER_BOUND('',#292,.T.);
#173=FACE_OUTER_BOUND('',#293,.T.);
#174=FACE_OUTER_BOUND('',#297,.T.);
#175=FACE_OUTER_BOUND('',#298,.T.);
#176=FACE_OUTER_BOUND('',#299,.T.);
#177=FACE_OUTER_BOUND('',#300,.T.);
#178=FACE_OUTER_BOUND('',#301,.T.);
#179=FACE_OUTER_BOUND('',#302,.T.);
#180=FACE_OUTER_BOUND('',#303,.T.);
#181=FACE_OUTER_BOUND('',#304,.T.);
#182=FACE_OUTER_BOUND('',#305,.T.);
#183=FACE_OUTER_BOUND('',#306,.T.);
#184=FACE_OUTER_BOUND('',#307,.T.);
#185=FACE_OUTER_BOUND('',#308,.T.);
#186=FACE_OUTER_BOUND('',#309,.T.);
#187=FACE_OUTER_BOUND('',#310,.T.);
#188=FACE_OUTER_BOUND('',#311,.T.);
#189=FACE_OUTER_BOUND('',#312,.T.);
#190=FACE_OUTER_BOUND('',#313,.T.);
#191=FACE_OUTER_BOUND('',#314,.T.);
#192=FACE_OUTER_BOUND('',#315,.T.);
#193=FACE_OUTER_BOUND('',#321,.T.);
#194=FACE_OUTER_BOUND('',#322,.T.);
#195=FACE_OUTER_BOUND('',#328,.T.);
#196=FACE_OUTER_BOUND('',#331,.T.);
#197=FACE_OUTER_BOUND('',#332,.T.);
#198=FACE_OUTER_BOUND('',#333,.T.);
#199=FACE_OUTER_BOUND('',#334,.T.);
#200=FACE_OUTER_BOUND('',#335,.T.);
#201=FACE_OUTER_BOUND('',#338,.T.);
#202=FACE_OUTER_BOUND('',#339,.T.);
#203=FACE_OUTER_BOUND('',#340,.T.);
#204=FACE_OUTER_BOUND('',#341,.T.);
#205=FACE_OUTER_BOUND('',#342,.T.);
#206=FACE_OUTER_BOUND('',#343,.T.);
#207=FACE_OUTER_BOUND('',#344,.T.);
#208=FACE_OUTER_BOUND('',#348,.T.);
#209=FACE_OUTER_BOUND('',#350,.T.);
#210=FACE_OUTER_BOUND('',#351,.T.);
#211=FACE_OUTER_BOUND('',#354,.T.);
#212=FACE_OUTER_BOUND('',#355,.T.);
#213=FACE_OUTER_BOUND('',#362,.T.);
#214=FACE_OUTER_BOUND('',#363,.T.);
#215=FACE_OUTER_BOUND('',#364,.T.);
#216=FACE_OUTER_BOUND('',#365,.T.);
#217=FACE_OUTER_BOUND('',#366,.T.);
#218=FACE_OUTER_BOUND('',#367,.T.);
#219=FACE_OUTER_BOUND('',#368,.T.);
#220=FACE_OUTER_BOUND('',#369,.T.);
#221=EDGE_LOOP('',(#1345,#1346,#1347,#1348));
#222=EDGE_LOOP('',(#1349,#1350,#1351,#1352));
#223=EDGE_LOOP('',(#1353,#1354,#1355,#1356,#1357,#1358));
#224=EDGE_LOOP('',(#1359,#1360,#1361,#1362));
#225=EDGE_LOOP('',(#1363,#1364,#1365,#1366));
#226=EDGE_LOOP('',(#1367,#1368,#1369,#1370));
#227=EDGE_LOOP('',(#1371,#1372,#1373,#1374,#1375,#1376,#1377,#1378,#1379,
#1380));
#228=EDGE_LOOP('',(#1381,#1382,#1383,#1384));
#229=EDGE_LOOP('',(#1385,#1386,#1387,#1388,#1389,#1390,#1391,#1392,#1393,
#1394));
#230=EDGE_LOOP('',(#1395,#1396,#1397,#1398));
#231=EDGE_LOOP('',(#1399,#1400,#1401,#1402,#1403,#1404,#1405,#1406,#1407,
#1408));
#232=EDGE_LOOP('',(#1409,#1410,#1411,#1412));
#233=EDGE_LOOP('',(#1413,#1414,#1415,#1416));
#234=EDGE_LOOP('',(#1417,#1418,#1419,#1420));
#235=EDGE_LOOP('',(#1421,#1422,#1423,#1424));
#236=EDGE_LOOP('',(#1425,#1426,#1427,#1428,#1429,#1430,#1431,#1432,#1433,
#1434,#1435,#1436));
#237=EDGE_LOOP('',(#1437,#1438,#1439,#1440,#1441,#1442,#1443,#1444));
#238=EDGE_LOOP('',(#1445,#1446,#1447,#1448));
#239=EDGE_LOOP('',(#1449,#1450,#1451,#1452,#1453,#1454,#1455,#1456,#1457,
#1458,#1459,#1460));
#240=EDGE_LOOP('',(#1461));
#241=EDGE_LOOP('',(#1462));
#242=EDGE_LOOP('',(#1463));
#243=EDGE_LOOP('',(#1464));
#244=EDGE_LOOP('',(#1465));
#245=EDGE_LOOP('',(#1466,#1467,#1468,#1469));
#246=EDGE_LOOP('',(#1470,#1471,#1472,#1473,#1474,#1475,#1476,#1477,#1478,
#1479,#1480,#1481,#1482,#1483));
#247=EDGE_LOOP('',(#1484));
#248=EDGE_LOOP('',(#1485));
#249=EDGE_LOOP('',(#1486));
#250=EDGE_LOOP('',(#1487));
#251=EDGE_LOOP('',(#1488));
#252=EDGE_LOOP('',(#1489,#1490,#1491,#1492,#1493,#1494,#1495,#1496,#1497,
#1498,#1499,#1500,#1501,#1502,#1503));
#253=EDGE_LOOP('',(#1504));
#254=EDGE_LOOP('',(#1505));
#255=EDGE_LOOP('',(#1506,#1507,#1508,#1509));
#256=EDGE_LOOP('',(#1510,#1511,#1512,#1513));
#257=EDGE_LOOP('',(#1514,#1515,#1516,#1517));
#258=EDGE_LOOP('',(#1518,#1519,#1520,#1521,#1522,#1523,#1524,#1525));
#259=EDGE_LOOP('',(#1526,#1527,#1528,#1529,#1530,#1531,#1532));
#260=EDGE_LOOP('',(#1533));
#261=EDGE_LOOP('',(#1534));
#262=EDGE_LOOP('',(#1535,#1536,#1537,#1538));
#263=EDGE_LOOP('',(#1539,#1540,#1541,#1542));
#264=EDGE_LOOP('',(#1543,#1544,#1545,#1546));
#265=EDGE_LOOP('',(#1547,#1548,#1549,#1550));
#266=EDGE_LOOP('',(#1551,#1552,#1553,#1554));
#267=EDGE_LOOP('',(#1555,#1556,#1557,#1558));
#268=EDGE_LOOP('',(#1559,#1560,#1561,#1562));
#269=EDGE_LOOP('',(#1563));
#270=EDGE_LOOP('',(#1564));
#271=EDGE_LOOP('',(#1565));
#272=EDGE_LOOP('',(#1566,#1567,#1568,#1569,#1570,#1571,#1572,#1573,#1574,
#1575));
#273=EDGE_LOOP('',(#1576));
#274=EDGE_LOOP('',(#1577,#1578,#1579,#1580));
#275=EDGE_LOOP('',(#1581,#1582,#1583,#1584,#1585,#1586,#1587));
#276=EDGE_LOOP('',(#1588));
#277=EDGE_LOOP('',(#1589));
#278=EDGE_LOOP('',(#1590,#1591,#1592,#1593));
#279=EDGE_LOOP('',(#1594,#1595,#1596,#1597));
#280=EDGE_LOOP('',(#1598));
#281=EDGE_LOOP('',(#1599));
#282=EDGE_LOOP('',(#1600));
#283=EDGE_LOOP('',(#1601));
#284=EDGE_LOOP('',(#1602));
#285=EDGE_LOOP('',(#1603));
#286=EDGE_LOOP('',(#1604,#1605,#1606,#1607,#1608,#1609));
#287=EDGE_LOOP('',(#1610,#1611,#1612,#1613));
#288=EDGE_LOOP('',(#1614,#1615,#1616,#1617));
#289=EDGE_LOOP('',(#1618,#1619,#1620,#1621));
#290=EDGE_LOOP('',(#1622,#1623,#1624,#1625,#1626));
#291=EDGE_LOOP('',(#1627,#1628,#1629,#1630));
#292=EDGE_LOOP('',(#1631,#1632,#1633,#1634,#1635));
#293=EDGE_LOOP('',(#1636,#1637,#1638,#1639,#1640,#1641,#1642,#1643,#1644,
#1645));
#294=EDGE_LOOP('',(#1646));
#295=EDGE_LOOP('',(#1647));
#296=EDGE_LOOP('',(#1648));
#297=EDGE_LOOP('',(#1649,#1650,#1651,#1652));
#298=EDGE_LOOP('',(#1653,#1654,#1655,#1656));
#299=EDGE_LOOP('',(#1657,#1658,#1659,#1660,#1661,#1662));
#300=EDGE_LOOP('',(#1663,#1664,#1665,#1666));
#301=EDGE_LOOP('',(#1667,#1668,#1669,#1670));
#302=EDGE_LOOP('',(#1671,#1672,#1673,#1674));
#303=EDGE_LOOP('',(#1675,#1676,#1677,#1678,#1679,#1680,#1681,#1682,#1683,
#1684));
#304=EDGE_LOOP('',(#1685,#1686,#1687,#1688));
#305=EDGE_LOOP('',(#1689,#1690,#1691,#1692,#1693,#1694,#1695,#1696,#1697,
#1698));
#306=EDGE_LOOP('',(#1699,#1700,#1701,#1702));
#307=EDGE_LOOP('',(#1703,#1704,#1705,#1706,#1707,#1708,#1709,#1710,#1711,
#1712));
#308=EDGE_LOOP('',(#1713,#1714,#1715,#1716));
#309=EDGE_LOOP('',(#1717,#1718,#1719,#1720));
#310=EDGE_LOOP('',(#1721,#1722,#1723,#1724));
#311=EDGE_LOOP('',(#1725,#1726,#1727,#1728));
#312=EDGE_LOOP('',(#1729,#1730,#1731,#1732,#1733,#1734,#1735,#1736,#1737,
#1738,#1739,#1740));
#313=EDGE_LOOP('',(#1741,#1742,#1743,#1744,#1745,#1746,#1747,#1748));
#314=EDGE_LOOP('',(#1749,#1750,#1751,#1752));
#315=EDGE_LOOP('',(#1753,#1754,#1755,#1756,#1757,#1758,#1759,#1760,#1761,
#1762,#1763,#1764));
#316=EDGE_LOOP('',(#1765));
#317=EDGE_LOOP('',(#1766));
#318=EDGE_LOOP('',(#1767));
#319=EDGE_LOOP('',(#1768));
#320=EDGE_LOOP('',(#1769));
#321=EDGE_LOOP('',(#1770,#1771,#1772,#1773));
#322=EDGE_LOOP('',(#1774,#1775,#1776,#1777,#1778,#1779,#1780,#1781,#1782,
#1783,#1784,#1785,#1786,#1787));
#323=EDGE_LOOP('',(#1788));
#324=EDGE_LOOP('',(#1789));
#325=EDGE_LOOP('',(#1790));
#326=EDGE_LOOP('',(#1791));
#327=EDGE_LOOP('',(#1792));
#328=EDGE_LOOP('',(#1793,#1794,#1795,#1796,#1797,#1798,#1799,#1800,#1801,
#1802,#1803,#1804,#1805,#1806,#1807));
#329=EDGE_LOOP('',(#1808));
#330=EDGE_LOOP('',(#1809));
#331=EDGE_LOOP('',(#1810,#1811,#1812,#1813));
#332=EDGE_LOOP('',(#1814,#1815,#1816,#1817));
#333=EDGE_LOOP('',(#1818,#1819,#1820,#1821));
#334=EDGE_LOOP('',(#1822,#1823,#1824,#1825,#1826,#1827,#1828,#1829));
#335=EDGE_LOOP('',(#1830,#1831,#1832,#1833,#1834,#1835,#1836));
#336=EDGE_LOOP('',(#1837));
#337=EDGE_LOOP('',(#1838));
#338=EDGE_LOOP('',(#1839,#1840,#1841,#1842));
#339=EDGE_LOOP('',(#1843,#1844,#1845,#1846));
#340=EDGE_LOOP('',(#1847,#1848,#1849,#1850));
#341=EDGE_LOOP('',(#1851,#1852,#1853,#1854));
#342=EDGE_LOOP('',(#1855,#1856,#1857,#1858));
#343=EDGE_LOOP('',(#1859,#1860,#1861,#1862));
#344=EDGE_LOOP('',(#1863,#1864,#1865,#1866));
#345=EDGE_LOOP('',(#1867));
#346=EDGE_LOOP('',(#1868));
#347=EDGE_LOOP('',(#1869));
#348=EDGE_LOOP('',(#1870,#1871,#1872,#1873,#1874,#1875,#1876,#1877,#1878,
#1879));
#349=EDGE_LOOP('',(#1880));
#350=EDGE_LOOP('',(#1881,#1882,#1883,#1884));
#351=EDGE_LOOP('',(#1885,#1886,#1887,#1888,#1889,#1890,#1891));
#352=EDGE_LOOP('',(#1892));
#353=EDGE_LOOP('',(#1893));
#354=EDGE_LOOP('',(#1894,#1895,#1896,#1897));
#355=EDGE_LOOP('',(#1898,#1899,#1900,#1901));
#356=EDGE_LOOP('',(#1902));
#357=EDGE_LOOP('',(#1903));
#358=EDGE_LOOP('',(#1904));
#359=EDGE_LOOP('',(#1905));
#360=EDGE_LOOP('',(#1906));
#361=EDGE_LOOP('',(#1907));
#362=EDGE_LOOP('',(#1908,#1909,#1910,#1911,#1912,#1913));
#363=EDGE_LOOP('',(#1914,#1915,#1916,#1917));
#364=EDGE_LOOP('',(#1918,#1919,#1920,#1921));
#365=EDGE_LOOP('',(#1922,#1923,#1924,#1925));
#366=EDGE_LOOP('',(#1926,#1927,#1928,#1929,#1930));
#367=EDGE_LOOP('',(#1931,#1932,#1933,#1934));
#368=EDGE_LOOP('',(#1935,#1936,#1937,#1938,#1939));
#369=EDGE_LOOP('',(#1940,#1941,#1942,#1943,#1944,#1945,#1946,#1947,#1948,
#1949));
#370=EDGE_LOOP('',(#1950));
#371=EDGE_LOOP('',(#1951));
#372=EDGE_LOOP('',(#1952));
#373=LINE('',#2970,#541);
#374=LINE('',#2973,#542);
#375=LINE('',#2979,#543);
#376=LINE('',#2982,#544);
#377=LINE('',#2986,#545);
#378=LINE('',#2990,#546);
#379=LINE('',#2992,#547);
#380=LINE('',#2994,#548);
#381=LINE('',#2995,#549);
#382=LINE('',#3001,#550);
#383=LINE('',#3004,#551);
#384=LINE('',#3007,#552);
#385=LINE('',#3009,#553);
#386=LINE('',#3010,#554);
#387=LINE('',#3015,#555);
#388=LINE('',#3019,#556);
#389=LINE('',#3021,#557);
#390=LINE('',#3022,#558);
#391=LINE('',#3027,#559);
#392=LINE('',#3032,#560);
#393=LINE('',#3037,#561);
#394=LINE('',#3038,#562);
#395=LINE('',#3041,#563);
#396=LINE('',#3043,#564);
#397=LINE('',#3045,#565);
#398=LINE('',#3047,#566);
#399=LINE('',#3048,#567);
#400=LINE('',#3053,#568);
#401=LINE('',#3058,#569);
#402=LINE('',#3063,#570);
#403=LINE('',#3065,#571);
#404=LINE('',#3066,#572);
#405=LINE('',#3071,#573);
#406=LINE('',#3077,#574);
#407=LINE('',#3083,#575);
#408=LINE('',#3089,#576);
#409=LINE('',#3094,#577);
#410=LINE('',#3104,#578);
#411=LINE('',#3110,#579);
#412=LINE('',#3113,#580);
#413=LINE('',#3115,#581);
#414=LINE('',#3117,#582);
#415=LINE('',#3118,#583);
#416=LINE('',#3119,#584);
#417=LINE('',#3131,#585);
#418=LINE('',#3134,#586);
#419=LINE('',#3135,#587);
#420=LINE('',#3137,#588);
#421=LINE('',#3139,#589);
#422=LINE('',#3141,#590);
#423=LINE('',#3142,#591);
#424=LINE('',#3144,#592);
#425=LINE('',#3146,#593);
#426=LINE('',#3148,#594);
#427=LINE('',#3150,#595);
#428=LINE('',#3151,#596);
#429=LINE('',#3161,#597);
#430=LINE('',#3163,#598);
#431=LINE('',#3164,#599);
#432=LINE('',#3168,#600);
#433=LINE('',#3171,#601);
#434=LINE('',#3173,#602);
#435=LINE('',#3175,#603);
#436=LINE('',#3177,#604);
#437=LINE('',#3183,#605);
#438=LINE('',#3186,#606);
#439=LINE('',#3188,#607);
#440=LINE('',#3191,#608);
#441=LINE('',#3193,#609);
#442=LINE('',#3195,#610);
#443=LINE('',#3198,#611);
#444=LINE('',#3205,#612);
#445=LINE('',#3210,#613);
#446=LINE('',#3212,#614);
#447=LINE('',#3226,#615);
#448=LINE('',#3230,#616);
#449=LINE('',#3231,#617);
#450=LINE('',#3235,#618);
#451=LINE('',#3250,#619);
#452=LINE('',#3252,#620);
#453=LINE('',#3254,#621);
#454=LINE('',#3256,#622);
#455=LINE('',#3258,#623);
#456=LINE('',#3260,#624);
#457=LINE('',#3267,#625);
#458=LINE('',#3270,#626);
#459=LINE('',#3276,#627);
#460=LINE('',#3279,#628);
#461=LINE('',#3283,#629);
#462=LINE('',#3287,#630);
#463=LINE('',#3289,#631);
#464=LINE('',#3291,#632);
#465=LINE('',#3292,#633);
#466=LINE('',#3298,#634);
#467=LINE('',#3301,#635);
#468=LINE('',#3304,#636);
#469=LINE('',#3306,#637);
#470=LINE('',#3307,#638);
#471=LINE('',#3312,#639);
#472=LINE('',#3316,#640);
#473=LINE('',#3318,#641);
#474=LINE('',#3319,#642);
#475=LINE('',#3324,#643);
#476=LINE('',#3329,#644);
#477=LINE('',#3334,#645);
#478=LINE('',#3335,#646);
#479=LINE('',#3338,#647);
#480=LINE('',#3340,#648);
#481=LINE('',#3342,#649);
#482=LINE('',#3344,#650);
#483=LINE('',#3345,#651);
#484=LINE('',#3350,#652);
#485=LINE('',#3355,#653);
#486=LINE('',#3360,#654);
#487=LINE('',#3362,#655);
#488=LINE('',#3363,#656);
#489=LINE('',#3368,#657);
#490=LINE('',#3374,#658);
#491=LINE('',#3380,#659);
#492=LINE('',#3386,#660);
#493=LINE('',#3391,#661);
#494=LINE('',#3401,#662);
#495=LINE('',#3407,#663);
#496=LINE('',#3410,#664);
#497=LINE('',#3412,#665);
#498=LINE('',#3414,#666);
#499=LINE('',#3415,#667);
#500=LINE('',#3416,#668);
#501=LINE('',#3428,#669);
#502=LINE('',#3431,#670);
#503=LINE('',#3432,#671);
#504=LINE('',#3434,#672);
#505=LINE('',#3436,#673);
#506=LINE('',#3438,#674);
#507=LINE('',#3439,#675);
#508=LINE('',#3441,#676);
#509=LINE('',#3443,#677);
#510=LINE('',#3445,#678);
#511=LINE('',#3447,#679);
#512=LINE('',#3448,#680);
#513=LINE('',#3458,#681);
#514=LINE('',#3460,#682);
#515=LINE('',#3461,#683);
#516=LINE('',#3465,#684);
#517=LINE('',#3468,#685);
#518=LINE('',#3470,#686);
#519=LINE('',#3472,#687);
#520=LINE('',#3474,#688);
#521=LINE('',#3480,#689);
#522=LINE('',#3483,#690);
#523=LINE('',#3485,#691);
#524=LINE('',#3488,#692);
#525=LINE('',#3490,#693);
#526=LINE('',#3492,#694);
#527=LINE('',#3495,#695);
#528=LINE('',#3502,#696);
#529=LINE('',#3507,#697);
#530=LINE('',#3509,#698);
#531=LINE('',#3523,#699);
#532=LINE('',#3527,#700);
#533=LINE('',#3528,#701);
#534=LINE('',#3532,#702);
#535=LINE('',#3547,#703);
#536=LINE('',#3549,#704);
#537=LINE('',#3551,#705);
#538=LINE('',#3553,#706);
#539=LINE('',#3555,#707);
#540=LINE('',#3557,#708);
#541=VECTOR('',#2340,10.);
#542=VECTOR('',#2343,10.);
#543=VECTOR('',#2348,10.);
#544=VECTOR('',#2351,10.);
#545=VECTOR('',#2354,10.);
#546=VECTOR('',#2357,10.);
#547=VECTOR('',#2358,10.);
#548=VECTOR('',#2359,10.);
#549=VECTOR('',#2360,10.);
#550=VECTOR('',#2365,10.);
#551=VECTOR('',#2368,10.);
#552=VECTOR('',#2371,10.);
#553=VECTOR('',#2372,10.);
#554=VECTOR('',#2373,10.);
#555=VECTOR('',#2378,10.);
#556=VECTOR('',#2383,10.);
#557=VECTOR('',#2384,10.);
#558=VECTOR('',#2385,10.);
#559=VECTOR('',#2390,10.);
#560=VECTOR('',#2395,10.);
#561=VECTOR('',#2400,10.);
#562=VECTOR('',#2401,10.);
#563=VECTOR('',#2404,10.);
#564=VECTOR('',#2405,10.);
#565=VECTOR('',#2406,10.);
#566=VECTOR('',#2407,10.);
#567=VECTOR('',#2408,10.);
#568=VECTOR('',#2413,10.);
#569=VECTOR('',#2420,10.);
#570=VECTOR('',#2425,10.);
#571=VECTOR('',#2426,10.);
#572=VECTOR('',#2427,10.);
#573=VECTOR('',#2432,12.5);
#574=VECTOR('',#2439,12.5);
#575=VECTOR('',#2446,12.5);
#576=VECTOR('',#2453,12.5);
#577=VECTOR('',#2460,10.);
#578=VECTOR('',#2473,10.);
#579=VECTOR('',#2480,12.5);
#580=VECTOR('',#2485,10.);
#581=VECTOR('',#2486,30.);
#582=VECTOR('',#2487,10.);
#583=VECTOR('',#2488,10.);
#584=VECTOR('',#2489,30.);
#585=VECTOR('',#2502,12.5);
#586=VECTOR('',#2505,10.);
#587=VECTOR('',#2506,10.);
#588=VECTOR('',#2507,10.);
#589=VECTOR('',#2508,10.);
#590=VECTOR('',#2509,10.);
#591=VECTOR('',#2510,10.);
#592=VECTOR('',#2511,10.);
#593=VECTOR('',#2512,10.);
#594=VECTOR('',#2513,10.);
#595=VECTOR('',#2514,10.);
#596=VECTOR('',#2515,10.);
#597=VECTOR('',#2526,10.);
#598=VECTOR('',#2527,10.);
#599=VECTOR('',#2528,10.);
#600=VECTOR('',#2531,10.);
#601=VECTOR('',#2534,10.);
#602=VECTOR('',#2537,12.5);
#603=VECTOR('',#2540,12.5);
#604=VECTOR('',#2543,12.5);
#605=VECTOR('',#2548,10.);
#606=VECTOR('',#2551,10.);
#607=VECTOR('',#2552,10.);
#608=VECTOR('',#2555,10.);
#609=VECTOR('',#2558,10.);
#610=VECTOR('',#2559,10.);
#611=VECTOR('',#2564,10.);
#612=VECTOR('',#2573,10.);
#613=VECTOR('',#2582,10.);
#614=VECTOR('',#2585,10.);
#615=VECTOR('',#2602,10.);
#616=VECTOR('',#2607,10.);
#617=VECTOR('',#2608,10.);
#618=VECTOR('',#2615,10.);
#619=VECTOR('',#2632,8.625);
#620=VECTOR('',#2635,20.);
#621=VECTOR('',#2638,8.625);
#622=VECTOR('',#2641,14.);
#623=VECTOR('',#2644,8.625);
#624=VECTOR('',#2647,14.);
#625=VECTOR('',#2654,10.);
#626=VECTOR('',#2657,10.);
#627=VECTOR('',#2662,10.);
#628=VECTOR('',#2665,10.);
#629=VECTOR('',#2668,10.);
#630=VECTOR('',#2671,10.);
#631=VECTOR('',#2672,10.);
#632=VECTOR('',#2673,10.);
#633=VECTOR('',#2674,10.);
#634=VECTOR('',#2679,10.);
#635=VECTOR('',#2682,10.);
#636=VECTOR('',#2685,10.);
#637=VECTOR('',#2686,10.);
#638=VECTOR('',#2687,10.);
#639=VECTOR('',#2692,10.);
#640=VECTOR('',#2697,10.);
#641=VECTOR('',#2698,10.);
#642=VECTOR('',#2699,10.);
#643=VECTOR('',#2704,10.);
#644=VECTOR('',#2709,10.);
#645=VECTOR('',#2714,10.);
#646=VECTOR('',#2715,10.);
#647=VECTOR('',#2718,10.);
#648=VECTOR('',#2719,10.);
#649=VECTOR('',#2720,10.);
#650=VECTOR('',#2721,10.);
#651=VECTOR('',#2722,10.);
#652=VECTOR('',#2727,10.);
#653=VECTOR('',#2734,10.);
#654=VECTOR('',#2739,10.);
#655=VECTOR('',#2740,10.);
#656=VECTOR('',#2741,10.);
#657=VECTOR('',#2746,12.5);
#658=VECTOR('',#2753,12.5);
#659=VECTOR('',#2760,12.5);
#660=VECTOR('',#2767,12.5);
#661=VECTOR('',#2774,10.);
#662=VECTOR('',#2787,10.);
#663=VECTOR('',#2794,12.5);
#664=VECTOR('',#2799,10.);
#665=VECTOR('',#2800,30.);
#666=VECTOR('',#2801,10.);
#667=VECTOR('',#2802,10.);
#668=VECTOR('',#2803,30.);
#669=VECTOR('',#2816,12.5);
#670=VECTOR('',#2819,10.);
#671=VECTOR('',#2820,10.);
#672=VECTOR('',#2821,10.);
#673=VECTOR('',#2822,10.);
#674=VECTOR('',#2823,10.);
#675=VECTOR('',#2824,10.);
#676=VECTOR('',#2825,10.);
#677=VECTOR('',#2826,10.);
#678=VECTOR('',#2827,10.);
#679=VECTOR('',#2828,10.);
#680=VECTOR('',#2829,10.);
#681=VECTOR('',#2840,10.);
#682=VECTOR('',#2841,10.);
#683=VECTOR('',#2842,10.);
#684=VECTOR('',#2845,10.);
#685=VECTOR('',#2848,10.);
#686=VECTOR('',#2851,12.5);
#687=VECTOR('',#2854,12.5);
#688=VECTOR('',#2857,12.5);
#689=VECTOR('',#2862,10.);
#690=VECTOR('',#2865,10.);
#691=VECTOR('',#2866,10.);
#692=VECTOR('',#2869,10.);
#693=VECTOR('',#2872,10.);
#694=VECTOR('',#2873,10.);
#695=VECTOR('',#2878,10.);
#696=VECTOR('',#2887,10.);
#697=VECTOR('',#2896,10.);
#698=VECTOR('',#2899,10.);
#699=VECTOR('',#2916,10.);
#700=VECTOR('',#2921,10.);
#701=VECTOR('',#2922,10.);
#702=VECTOR('',#2929,10.);
#703=VECTOR('',#2946,8.625);
#704=VECTOR('',#2949,20.);
#705=VECTOR('',#2952,8.625);
#706=VECTOR('',#2955,14.);
#707=VECTOR('',#2958,8.625);
#708=VECTOR('',#2961,14.);
#709=CIRCLE('',#2105,10.);
#710=CIRCLE('',#2106,10.);
#711=CIRCLE('',#2108,10.);
#712=CIRCLE('',#2109,10.);
#713=CIRCLE('',#2111,10.0000000000001);
#714=CIRCLE('',#2113,4.);
#715=CIRCLE('',#2114,4.);
#716=CIRCLE('',#2117,4.);
#717=CIRCLE('',#2118,4.);
#718=CIRCLE('',#2120,10.);
#719=CIRCLE('',#2121,10.);
#720=CIRCLE('',#2122,30.);
#721=CIRCLE('',#2123,10.);
#722=CIRCLE('',#2125,10.);
#723=CIRCLE('',#2128,10.);
#724=CIRCLE('',#2129,10.);
#725=CIRCLE('',#2131,30.);
#726=CIRCLE('',#2132,10.);
#727=CIRCLE('',#2133,10.);
#728=CIRCLE('',#2135,12.5);
#729=CIRCLE('',#2136,12.5);
#730=CIRCLE('',#2138,12.5);
#731=CIRCLE('',#2139,12.5);
#732=CIRCLE('',#2141,12.5);
#733=CIRCLE('',#2142,12.5);
#734=CIRCLE('',#2144,12.5);
#735=CIRCLE('',#2145,12.5);
#736=CIRCLE('',#2147,10.);
#737=CIRCLE('',#2148,10.);
#738=CIRCLE('',#2149,10.);
#739=CIRCLE('',#2150,10.0000000000001);
#740=CIRCLE('',#2151,10.);
#741=CIRCLE('',#2153,10.);
#742=CIRCLE('',#2154,10.);
#743=CIRCLE('',#2156,12.5);
#744=CIRCLE('',#2157,12.5);
#745=CIRCLE('',#2159,12.5);
#746=CIRCLE('',#2160,12.5);
#747=CIRCLE('',#2161,12.5);
#748=CIRCLE('',#2162,12.5);
#749=CIRCLE('',#2164,12.5);
#750=CIRCLE('',#2166,12.5);
#751=CIRCLE('',#2167,12.5);
#752=CIRCLE('',#2168,12.5);
#753=CIRCLE('',#2170,30.);
#754=CIRCLE('',#2171,30.);
#755=CIRCLE('',#2172,30.);
#756=CIRCLE('',#2177,30.);
#757=CIRCLE('',#2178,30.);
#758=CIRCLE('',#2179,30.);
#759=CIRCLE('',#2181,30.);
#760=CIRCLE('',#2185,30.);
#761=CIRCLE('',#2186,30.);
#762=CIRCLE('',#2188,30.);
#763=CIRCLE('',#2192,8.625);
#764=CIRCLE('',#2193,8.625);
#765=CIRCLE('',#2194,8.625);
#766=CIRCLE('',#2196,14.);
#767=CIRCLE('',#2197,14.);
#768=CIRCLE('',#2198,14.);
#769=CIRCLE('',#2199,14.);
#770=CIRCLE('',#2200,20.);
#771=CIRCLE('',#2205,14.);
#772=CIRCLE('',#2206,8.625);
#773=CIRCLE('',#2207,8.625);
#774=CIRCLE('',#2208,8.625);
#775=CIRCLE('',#2209,14.);
#776=CIRCLE('',#2210,20.);
#777=CIRCLE('',#2220,10.);
#778=CIRCLE('',#2221,10.);
#779=CIRCLE('',#2223,10.);
#780=CIRCLE('',#2224,10.);
#781=CIRCLE('',#2226,10.0000000000001);
#782=CIRCLE('',#2228,4.);
#783=CIRCLE('',#2229,4.);
#784=CIRCLE('',#2232,4.);
#785=CIRCLE('',#2233,4.);
#786=CIRCLE('',#2235,10.);
#787=CIRCLE('',#2236,10.);
#788=CIRCLE('',#2237,30.);
#789=CIRCLE('',#2238,10.);
#790=CIRCLE('',#2240,10.);
#791=CIRCLE('',#2243,10.);
#792=CIRCLE('',#2244,10.);
#793=CIRCLE('',#2246,30.);
#794=CIRCLE('',#2247,10.);
#795=CIRCLE('',#2248,10.);
#796=CIRCLE('',#2250,12.5);
#797=CIRCLE('',#2251,12.5);
#798=CIRCLE('',#2253,12.5);
#799=CIRCLE('',#2254,12.5);
#800=CIRCLE('',#2256,12.5);
#801=CIRCLE('',#2257,12.5);
#802=CIRCLE('',#2259,12.5);
#803=CIRCLE('',#2260,12.5);
#804=CIRCLE('',#2262,10.);
#805=CIRCLE('',#2263,10.);
#806=CIRCLE('',#2264,10.);
#807=CIRCLE('',#2265,10.0000000000001);
#808=CIRCLE('',#2266,10.);
#809=CIRCLE('',#2268,10.);
#810=CIRCLE('',#2269,10.);
#811=CIRCLE('',#2271,12.5);
#812=CIRCLE('',#2272,12.5);
#813=CIRCLE('',#2274,12.5);
#814=CIRCLE('',#2275,12.5);
#815=CIRCLE('',#2276,12.5);
#816=CIRCLE('',#2277,12.5);
#817=CIRCLE('',#2279,12.5);
#818=CIRCLE('',#2281,12.5);
#819=CIRCLE('',#2282,12.5);
#820=CIRCLE('',#2283,12.5);
#821=CIRCLE('',#2285,30.);
#822=CIRCLE('',#2286,30.);
#823=CIRCLE('',#2287,30.);
#824=CIRCLE('',#2292,30.);
#825=CIRCLE('',#2293,30.);
#826=CIRCLE('',#2294,30.);
#827=CIRCLE('',#2296,30.);
#828=CIRCLE('',#2300,30.);
#829=CIRCLE('',#2301,30.);
#830=CIRCLE('',#2303,30.);
#831=CIRCLE('',#2307,8.625);
#832=CIRCLE('',#2308,8.625);
#833=CIRCLE('',#2309,8.625);
#834=CIRCLE('',#2311,14.);
#835=CIRCLE('',#2312,14.);
#836=CIRCLE('',#2313,14.);
#837=CIRCLE('',#2314,14.);
#838=CIRCLE('',#2315,20.);
#839=CIRCLE('',#2320,14.);
#840=CIRCLE('',#2321,8.625);
#841=CIRCLE('',#2322,8.625);
#842=CIRCLE('',#2323,8.625);
#843=CIRCLE('',#2324,14.);
#844=CIRCLE('',#2325,20.);
#845=VERTEX_POINT('',#2966);
#846=VERTEX_POINT('',#2967);
#847=VERTEX_POINT('',#2969);
#848=VERTEX_POINT('',#2971);
#849=VERTEX_POINT('',#2975);
#850=VERTEX_POINT('',#2976);
#851=VERTEX_POINT('',#2978);
#852=VERTEX_POINT('',#2980);
#853=VERTEX_POINT('',#2984);
#854=VERTEX_POINT('',#2985);
#855=VERTEX_POINT('',#2987);
#856=VERTEX_POINT('',#2989);
#857=VERTEX_POINT('',#2991);
#858=VERTEX_POINT('',#2993);
#859=VERTEX_POINT('',#2997);
#860=VERTEX_POINT('',#2998);
#861=VERTEX_POINT('',#3000);
#862=VERTEX_POINT('',#3002);
#863=VERTEX_POINT('',#3006);
#864=VERTEX_POINT('',#3008);
#865=VERTEX_POINT('',#3012);
#866=VERTEX_POINT('',#3014);
#867=VERTEX_POINT('',#3018);
#868=VERTEX_POINT('',#3020);
#869=VERTEX_POINT('',#3023);
#870=VERTEX_POINT('',#3026);
#871=VERTEX_POINT('',#3028);
#872=VERTEX_POINT('',#3030);
#873=VERTEX_POINT('',#3034);
#874=VERTEX_POINT('',#3035);
#875=VERTEX_POINT('',#3040);
#876=VERTEX_POINT('',#3042);
#877=VERTEX_POINT('',#3044);
#878=VERTEX_POINT('',#3046);
#879=VERTEX_POINT('',#3050);
#880=VERTEX_POINT('',#3052);
#881=VERTEX_POINT('',#3056);
#882=VERTEX_POINT('',#3059);
#883=VERTEX_POINT('',#3062);
#884=VERTEX_POINT('',#3064);
#885=VERTEX_POINT('',#3068);
#886=VERTEX_POINT('',#3070);
#887=VERTEX_POINT('',#3074);
#888=VERTEX_POINT('',#3076);
#889=VERTEX_POINT('',#3080);
#890=VERTEX_POINT('',#3082);
#891=VERTEX_POINT('',#3086);
#892=VERTEX_POINT('',#3088);
#893=VERTEX_POINT('',#3093);
#894=VERTEX_POINT('',#3096);
#895=VERTEX_POINT('',#3098);
#896=VERTEX_POINT('',#3102);
#897=VERTEX_POINT('',#3107);
#898=VERTEX_POINT('',#3109);
#899=VERTEX_POINT('',#3114);
#900=VERTEX_POINT('',#3116);
#901=VERTEX_POINT('',#3120);
#902=VERTEX_POINT('',#3122);
#903=VERTEX_POINT('',#3124);
#904=VERTEX_POINT('',#3126);
#905=VERTEX_POINT('',#3129);
#906=VERTEX_POINT('',#3133);
#907=VERTEX_POINT('',#3136);
#908=VERTEX_POINT('',#3138);
#909=VERTEX_POINT('',#3140);
#910=VERTEX_POINT('',#3143);
#911=VERTEX_POINT('',#3145);
#912=VERTEX_POINT('',#3147);
#913=VERTEX_POINT('',#3149);
#914=VERTEX_POINT('',#3152);
#915=VERTEX_POINT('',#3154);
#916=VERTEX_POINT('',#3156);
#917=VERTEX_POINT('',#3160);
#918=VERTEX_POINT('',#3162);
#919=VERTEX_POINT('',#3165);
#920=VERTEX_POINT('',#3167);
#921=VERTEX_POINT('',#3169);
#922=VERTEX_POINT('',#3179);
#923=VERTEX_POINT('',#3180);
#924=VERTEX_POINT('',#3182);
#925=VERTEX_POINT('',#3184);
#926=VERTEX_POINT('',#3187);
#927=VERTEX_POINT('',#3189);
#928=VERTEX_POINT('',#3194);
#929=VERTEX_POINT('',#3201);
#930=VERTEX_POINT('',#3203);
#931=VERTEX_POINT('',#3213);
#932=VERTEX_POINT('',#3215);
#933=VERTEX_POINT('',#3217);
#934=VERTEX_POINT('',#3220);
#935=VERTEX_POINT('',#3223);
#936=VERTEX_POINT('',#3227);
#937=VERTEX_POINT('',#3236);
#938=VERTEX_POINT('',#3238);
#939=VERTEX_POINT('',#3240);
#940=VERTEX_POINT('',#3242);
#941=VERTEX_POINT('',#3244);
#942=VERTEX_POINT('',#3246);
#943=VERTEX_POINT('',#3263);
#944=VERTEX_POINT('',#3264);
#945=VERTEX_POINT('',#3266);
#946=VERTEX_POINT('',#3268);
#947=VERTEX_POINT('',#3272);
#948=VERTEX_POINT('',#3273);
#949=VERTEX_POINT('',#3275);
#950=VERTEX_POINT('',#3277);
#951=VERTEX_POINT('',#3281);
#952=VERTEX_POINT('',#3282);
#953=VERTEX_POINT('',#3284);
#954=VERTEX_POINT('',#3286);
#955=VERTEX_POINT('',#3288);
#956=VERTEX_POINT('',#3290);
#957=VERTEX_POINT('',#3294);
#958=VERTEX_POINT('',#3295);
#959=VERTEX_POINT('',#3297);
#960=VERTEX_POINT('',#3299);
#961=VERTEX_POINT('',#3303);
#962=VERTEX_POINT('',#3305);
#963=VERTEX_POINT('',#3309);
#964=VERTEX_POINT('',#3311);
#965=VERTEX_POINT('',#3315);
#966=VERTEX_POINT('',#3317);
#967=VERTEX_POINT('',#3320);
#968=VERTEX_POINT('',#3323);
#969=VERTEX_POINT('',#3325);
#970=VERTEX_POINT('',#3327);
#971=VERTEX_POINT('',#3331);
#972=VERTEX_POINT('',#3332);
#973=VERTEX_POINT('',#3337);
#974=VERTEX_POINT('',#3339);
#975=VERTEX_POINT('',#3341);
#976=VERTEX_POINT('',#3343);
#977=VERTEX_POINT('',#3347);
#978=VERTEX_POINT('',#3349);
#979=VERTEX_POINT('',#3353);
#980=VERTEX_POINT('',#3356);
#981=VERTEX_POINT('',#3359);
#982=VERTEX_POINT('',#3361);
#983=VERTEX_POINT('',#3365);
#984=VERTEX_POINT('',#3367);
#985=VERTEX_POINT('',#3371);
#986=VERTEX_POINT('',#3373);
#987=VERTEX_POINT('',#3377);
#988=VERTEX_POINT('',#3379);
#989=VERTEX_POINT('',#3383);
#990=VERTEX_POINT('',#3385);
#991=VERTEX_POINT('',#3390);
#992=VERTEX_POINT('',#3393);
#993=VERTEX_POINT('',#3395);
#994=VERTEX_POINT('',#3399);
#995=VERTEX_POINT('',#3404);
#996=VERTEX_POINT('',#3406);
#997=VERTEX_POINT('',#3411);
#998=VERTEX_POINT('',#3413);
#999=VERTEX_POINT('',#3417);
#1000=VERTEX_POINT('',#3419);
#1001=VERTEX_POINT('',#3421);
#1002=VERTEX_POINT('',#3423);
#1003=VERTEX_POINT('',#3426);
#1004=VERTEX_POINT('',#3430);
#1005=VERTEX_POINT('',#3433);
#1006=VERTEX_POINT('',#3435);
#1007=VERTEX_POINT('',#3437);
#1008=VERTEX_POINT('',#3440);
#1009=VERTEX_POINT('',#3442);
#1010=VERTEX_POINT('',#3444);
#1011=VERTEX_POINT('',#3446);
#1012=VERTEX_POINT('',#3449);
#1013=VERTEX_POINT('',#3451);
#1014=VERTEX_POINT('',#3453);
#1015=VERTEX_POINT('',#3457);
#1016=VERTEX_POINT('',#3459);
#1017=VERTEX_POINT('',#3462);
#1018=VERTEX_POINT('',#3464);
#1019=VERTEX_POINT('',#3466);
#1020=VERTEX_POINT('',#3476);
#1021=VERTEX_POINT('',#3477);
#1022=VERTEX_POINT('',#3479);
#1023=VERTEX_POINT('',#3481);
#1024=VERTEX_POINT('',#3484);
#1025=VERTEX_POINT('',#3486);
#1026=VERTEX_POINT('',#3491);
#1027=VERTEX_POINT('',#3498);
#1028=VERTEX_POINT('',#3500);
#1029=VERTEX_POINT('',#3510);
#1030=VERTEX_POINT('',#3512);
#1031=VERTEX_POINT('',#3514);
#1032=VERTEX_POINT('',#3517);
#1033=VERTEX_POINT('',#3520);
#1034=VERTEX_POINT('',#3524);
#1035=VERTEX_POINT('',#3533);
#1036=VERTEX_POINT('',#3535);
#1037=VERTEX_POINT('',#3537);
#1038=VERTEX_POINT('',#3539);
#1039=VERTEX_POINT('',#3541);
#1040=VERTEX_POINT('',#3543);
#1041=EDGE_CURVE('',#845,#846,#709,.T.);
#1042=EDGE_CURVE('',#847,#845,#373,.T.);
#1043=EDGE_CURVE('',#848,#847,#710,.T.);
#1044=EDGE_CURVE('',#846,#848,#374,.T.);
#1045=EDGE_CURVE('',#849,#850,#711,.T.);
#1046=EDGE_CURVE('',#851,#849,#375,.T.);
#1047=EDGE_CURVE('',#852,#851,#712,.T.);
#1048=EDGE_CURVE('',#850,#852,#376,.T.);
#1049=EDGE_CURVE('',#853,#854,#377,.T.);
#1050=EDGE_CURVE('',#853,#855,#713,.T.);
#1051=EDGE_CURVE('',#855,#856,#378,.T.);
#1052=EDGE_CURVE('',#856,#857,#379,.T.);
#1053=EDGE_CURVE('',#858,#857,#380,.T.);
#1054=EDGE_CURVE('',#854,#858,#381,.T.);
#1055=EDGE_CURVE('',#859,#860,#714,.T.);
#1056=EDGE_CURVE('',#860,#861,#382,.T.);
#1057=EDGE_CURVE('',#861,#862,#715,.T.);
#1058=EDGE_CURVE('',#862,#859,#383,.T.);
#1059=EDGE_CURVE('',#860,#863,#384,.T.);
#1060=EDGE_CURVE('',#864,#863,#385,.T.);
#1061=EDGE_CURVE('',#864,#861,#386,.T.);
#1062=EDGE_CURVE('',#863,#865,#716,.T.);
#1063=EDGE_CURVE('',#865,#866,#387,.T.);
#1064=EDGE_CURVE('',#866,#864,#717,.T.);
#1065=EDGE_CURVE('',#867,#865,#388,.T.);
#1066=EDGE_CURVE('',#868,#867,#389,.T.);
#1067=EDGE_CURVE('',#868,#845,#390,.T.);
#1068=EDGE_CURVE('',#845,#869,#718,.T.);
#1069=EDGE_CURVE('',#869,#847,#719,.T.);
#1070=EDGE_CURVE('',#847,#870,#391,.T.);
#1071=EDGE_CURVE('',#870,#871,#720,.F.);
#1072=EDGE_CURVE('',#872,#871,#721,.T.);
#1073=EDGE_CURVE('',#866,#872,#392,.T.);
#1074=EDGE_CURVE('',#873,#874,#722,.T.);
#1075=EDGE_CURVE('',#874,#872,#393,.T.);
#1076=EDGE_CURVE('',#871,#873,#394,.T.);
#1077=EDGE_CURVE('',#875,#874,#395,.T.);
#1078=EDGE_CURVE('',#876,#875,#396,.T.);
#1079=EDGE_CURVE('',#876,#877,#397,.T.);
#1080=EDGE_CURVE('',#878,#877,#398,.T.);
#1081=EDGE_CURVE('',#862,#878,#399,.T.);
#1082=EDGE_CURVE('',#877,#879,#723,.T.);
#1083=EDGE_CURVE('',#879,#880,#400,.T.);
#1084=EDGE_CURVE('',#880,#878,#724,.T.);
#1085=EDGE_CURVE('',#881,#880,#725,.T.);
#1086=EDGE_CURVE('',#881,#852,#401,.T.);
#1087=EDGE_CURVE('',#852,#882,#726,.T.);
#1088=EDGE_CURVE('',#882,#850,#727,.T.);
#1089=EDGE_CURVE('',#850,#883,#402,.T.);
#1090=EDGE_CURVE('',#884,#883,#403,.T.);
#1091=EDGE_CURVE('',#884,#859,#404,.T.);
#1092=EDGE_CURVE('',#885,#885,#728,.T.);
#1093=EDGE_CURVE('',#885,#886,#405,.T.);
#1094=EDGE_CURVE('',#886,#886,#729,.T.);
#1095=EDGE_CURVE('',#887,#887,#730,.T.);
#1096=EDGE_CURVE('',#887,#888,#406,.T.);
#1097=EDGE_CURVE('',#888,#888,#731,.T.);
#1098=EDGE_CURVE('',#889,#889,#732,.T.);
#1099=EDGE_CURVE('',#889,#890,#407,.T.);
#1100=EDGE_CURVE('',#890,#890,#733,.T.);
#1101=EDGE_CURVE('',#891,#891,#734,.T.);
#1102=EDGE_CURVE('',#891,#892,#408,.T.);
#1103=EDGE_CURVE('',#892,#892,#735,.T.);
#1104=EDGE_CURVE('',#848,#846,#736,.T.);
#1105=EDGE_CURVE('',#869,#893,#409,.T.);
#1106=EDGE_CURVE('',#855,#893,#737,.T.);
#1107=EDGE_CURVE('',#894,#853,#738,.T.);
#1108=EDGE_CURVE('',#895,#894,#739,.T.);
#1109=EDGE_CURVE('',#893,#895,#740,.T.);
#1110=EDGE_CURVE('',#896,#896,#741,.T.);
#1111=EDGE_CURVE('',#896,#882,#410,.T.);
#1112=EDGE_CURVE('',#849,#851,#742,.T.);
#1113=EDGE_CURVE('',#897,#897,#743,.T.);
#1114=EDGE_CURVE('',#897,#898,#411,.T.);
#1115=EDGE_CURVE('',#898,#898,#744,.T.);
#1116=EDGE_CURVE('',#883,#868,#412,.T.);
#1117=EDGE_CURVE('',#899,#881,#413,.T.);
#1118=EDGE_CURVE('',#899,#900,#414,.T.);
#1119=EDGE_CURVE('',#857,#900,#415,.T.);
#1120=EDGE_CURVE('',#870,#856,#416,.T.);
#1121=EDGE_CURVE('',#901,#901,#745,.T.);
#1122=EDGE_CURVE('',#902,#902,#746,.T.);
#1123=EDGE_CURVE('',#903,#903,#747,.T.);
#1124=EDGE_CURVE('',#904,#904,#748,.T.);
#1125=EDGE_CURVE('',#905,#905,#749,.T.);
#1126=EDGE_CURVE('',#905,#901,#417,.T.);
#1127=EDGE_CURVE('',#906,#848,#418,.T.);
#1128=EDGE_CURVE('',#854,#906,#419,.T.);
#1129=EDGE_CURVE('',#907,#858,#420,.T.);
#1130=EDGE_CURVE('',#908,#907,#421,.T.);
#1131=EDGE_CURVE('',#909,#908,#422,.T.);
#1132=EDGE_CURVE('',#851,#909,#423,.T.);
#1133=EDGE_CURVE('',#910,#849,#424,.T.);
#1134=EDGE_CURVE('',#911,#910,#425,.T.);
#1135=EDGE_CURVE('',#912,#911,#426,.T.);
#1136=EDGE_CURVE('',#913,#912,#427,.T.);
#1137=EDGE_CURVE('',#846,#913,#428,.T.);
#1138=EDGE_CURVE('',#914,#914,#750,.T.);
#1139=EDGE_CURVE('',#915,#915,#751,.T.);
#1140=EDGE_CURVE('',#916,#916,#752,.T.);
#1141=EDGE_CURVE('',#856,#873,#753,.T.);
#1142=EDGE_CURVE('',#917,#895,#429,.T.);
#1143=EDGE_CURVE('',#918,#917,#430,.T.);
#1144=EDGE_CURVE('',#918,#894,#431,.T.);
#1145=EDGE_CURVE('',#854,#919,#754,.F.);
#1146=EDGE_CURVE('',#920,#919,#432,.T.);
#1147=EDGE_CURVE('',#921,#920,#755,.T.);
#1148=EDGE_CURVE('',#875,#921,#433,.T.);
#1149=EDGE_CURVE('',#916,#902,#434,.T.);
#1150=EDGE_CURVE('',#915,#903,#435,.T.);
#1151=EDGE_CURVE('',#914,#904,#436,.T.);
#1152=EDGE_CURVE('',#922,#923,#756,.T.);
#1153=EDGE_CURVE('',#923,#924,#437,.T.);
#1154=EDGE_CURVE('',#924,#925,#757,.T.);
#1155=EDGE_CURVE('',#925,#921,#438,.T.);
#1156=EDGE_CURVE('',#926,#920,#439,.T.);
#1157=EDGE_CURVE('',#926,#927,#758,.T.);
#1158=EDGE_CURVE('',#927,#922,#440,.T.);
#1159=EDGE_CURVE('',#927,#913,#441,.T.);
#1160=EDGE_CURVE('',#928,#926,#442,.T.);
#1161=EDGE_CURVE('',#906,#928,#759,.T.);
#1162=EDGE_CURVE('',#928,#919,#443,.T.);
#1163=EDGE_CURVE('',#929,#909,#760,.T.);
#1164=EDGE_CURVE('',#908,#930,#761,.T.);
#1165=EDGE_CURVE('',#930,#929,#444,.T.);
#1166=EDGE_CURVE('',#899,#879,#762,.F.);
#1167=EDGE_CURVE('',#900,#907,#445,.T.);
#1168=EDGE_CURVE('',#867,#884,#446,.T.);
#1169=EDGE_CURVE('',#931,#931,#763,.T.);
#1170=EDGE_CURVE('',#932,#932,#764,.T.);
#1171=EDGE_CURVE('',#933,#933,#765,.T.);
#1172=EDGE_CURVE('',#912,#934,#766,.T.);
#1173=EDGE_CURVE('',#934,#912,#767,.T.);
#1174=EDGE_CURVE('',#911,#935,#768,.T.);
#1175=EDGE_CURVE('',#935,#911,#769,.T.);
#1176=EDGE_CURVE('',#910,#922,#447,.T.);
#1177=EDGE_CURVE('',#936,#936,#770,.T.);
#1178=EDGE_CURVE('',#923,#929,#448,.T.);
#1179=EDGE_CURVE('',#930,#924,#449,.T.);
#1180=EDGE_CURVE('',#876,#925,#450,.T.);
#1181=EDGE_CURVE('',#937,#937,#771,.T.);
#1182=EDGE_CURVE('',#938,#938,#772,.T.);
#1183=EDGE_CURVE('',#939,#939,#773,.T.);
#1184=EDGE_CURVE('',#940,#940,#774,.T.);
#1185=EDGE_CURVE('',#941,#941,#775,.T.);
#1186=EDGE_CURVE('',#942,#942,#776,.T.);
#1187=EDGE_CURVE('',#931,#940,#451,.T.);
#1188=EDGE_CURVE('',#936,#942,#452,.T.);
#1189=EDGE_CURVE('',#932,#939,#453,.T.);
#1190=EDGE_CURVE('',#935,#941,#454,.T.);
#1191=EDGE_CURVE('',#933,#938,#455,.T.);
#1192=EDGE_CURVE('',#934,#937,#456,.T.);
#1193=EDGE_CURVE('',#943,#944,#777,.T.);
#1194=EDGE_CURVE('',#945,#943,#457,.T.);
#1195=EDGE_CURVE('',#946,#945,#778,.T.);
#1196=EDGE_CURVE('',#944,#946,#458,.T.);
#1197=EDGE_CURVE('',#947,#948,#779,.T.);
#1198=EDGE_CURVE('',#949,#947,#459,.T.);
#1199=EDGE_CURVE('',#950,#949,#780,.T.);
#1200=EDGE_CURVE('',#948,#950,#460,.T.);
#1201=EDGE_CURVE('',#951,#952,#461,.T.);
#1202=EDGE_CURVE('',#951,#953,#781,.T.);
#1203=EDGE_CURVE('',#953,#954,#462,.T.);
#1204=EDGE_CURVE('',#954,#955,#463,.T.);
#1205=EDGE_CURVE('',#956,#955,#464,.T.);
#1206=EDGE_CURVE('',#952,#956,#465,.T.);
#1207=EDGE_CURVE('',#957,#958,#782,.T.);
#1208=EDGE_CURVE('',#958,#959,#466,.T.);
#1209=EDGE_CURVE('',#959,#960,#783,.T.);
#1210=EDGE_CURVE('',#960,#957,#467,.T.);
#1211=EDGE_CURVE('',#958,#961,#468,.T.);
#1212=EDGE_CURVE('',#962,#961,#469,.T.);
#1213=EDGE_CURVE('',#962,#959,#470,.T.);
#1214=EDGE_CURVE('',#961,#963,#784,.T.);
#1215=EDGE_CURVE('',#963,#964,#471,.T.);
#1216=EDGE_CURVE('',#964,#962,#785,.T.);
#1217=EDGE_CURVE('',#965,#963,#472,.T.);
#1218=EDGE_CURVE('',#966,#965,#473,.T.);
#1219=EDGE_CURVE('',#966,#943,#474,.T.);
#1220=EDGE_CURVE('',#943,#967,#786,.T.);
#1221=EDGE_CURVE('',#967,#945,#787,.T.);
#1222=EDGE_CURVE('',#945,#968,#475,.T.);
#1223=EDGE_CURVE('',#968,#969,#788,.F.);
#1224=EDGE_CURVE('',#970,#969,#789,.T.);
#1225=EDGE_CURVE('',#964,#970,#476,.T.);
#1226=EDGE_CURVE('',#971,#972,#790,.T.);
#1227=EDGE_CURVE('',#972,#970,#477,.T.);
#1228=EDGE_CURVE('',#969,#971,#478,.T.);
#1229=EDGE_CURVE('',#973,#972,#479,.T.);
#1230=EDGE_CURVE('',#974,#973,#480,.T.);
#1231=EDGE_CURVE('',#974,#975,#481,.T.);
#1232=EDGE_CURVE('',#976,#975,#482,.T.);
#1233=EDGE_CURVE('',#960,#976,#483,.T.);
#1234=EDGE_CURVE('',#975,#977,#791,.T.);
#1235=EDGE_CURVE('',#977,#978,#484,.T.);
#1236=EDGE_CURVE('',#978,#976,#792,.T.);
#1237=EDGE_CURVE('',#979,#978,#793,.T.);
#1238=EDGE_CURVE('',#979,#950,#485,.T.);
#1239=EDGE_CURVE('',#950,#980,#794,.T.);
#1240=EDGE_CURVE('',#980,#948,#795,.T.);
#1241=EDGE_CURVE('',#948,#981,#486,.T.);
#1242=EDGE_CURVE('',#982,#981,#487,.T.);
#1243=EDGE_CURVE('',#982,#957,#488,.T.);
#1244=EDGE_CURVE('',#983,#983,#796,.T.);
#1245=EDGE_CURVE('',#983,#984,#489,.T.);
#1246=EDGE_CURVE('',#984,#984,#797,.T.);
#1247=EDGE_CURVE('',#985,#985,#798,.T.);
#1248=EDGE_CURVE('',#985,#986,#490,.T.);
#1249=EDGE_CURVE('',#986,#986,#799,.T.);
#1250=EDGE_CURVE('',#987,#987,#800,.T.);
#1251=EDGE_CURVE('',#987,#988,#491,.T.);
#1252=EDGE_CURVE('',#988,#988,#801,.T.);
#1253=EDGE_CURVE('',#989,#989,#802,.T.);
#1254=EDGE_CURVE('',#989,#990,#492,.T.);
#1255=EDGE_CURVE('',#990,#990,#803,.T.);
#1256=EDGE_CURVE('',#946,#944,#804,.T.);
#1257=EDGE_CURVE('',#967,#991,#493,.T.);
#1258=EDGE_CURVE('',#953,#991,#805,.T.);
#1259=EDGE_CURVE('',#992,#951,#806,.T.);
#1260=EDGE_CURVE('',#993,#992,#807,.T.);
#1261=EDGE_CURVE('',#991,#993,#808,.T.);
#1262=EDGE_CURVE('',#994,#994,#809,.T.);
#1263=EDGE_CURVE('',#994,#980,#494,.T.);
#1264=EDGE_CURVE('',#947,#949,#810,.T.);
#1265=EDGE_CURVE('',#995,#995,#811,.T.);
#1266=EDGE_CURVE('',#995,#996,#495,.T.);
#1267=EDGE_CURVE('',#996,#996,#812,.T.);
#1268=EDGE_CURVE('',#981,#966,#496,.T.);
#1269=EDGE_CURVE('',#997,#979,#497,.T.);
#1270=EDGE_CURVE('',#997,#998,#498,.T.);
#1271=EDGE_CURVE('',#955,#998,#499,.T.);
#1272=EDGE_CURVE('',#968,#954,#500,.T.);
#1273=EDGE_CURVE('',#999,#999,#813,.T.);
#1274=EDGE_CURVE('',#1000,#1000,#814,.T.);
#1275=EDGE_CURVE('',#1001,#1001,#815,.T.);
#1276=EDGE_CURVE('',#1002,#1002,#816,.T.);
#1277=EDGE_CURVE('',#1003,#1003,#817,.T.);
#1278=EDGE_CURVE('',#1003,#999,#501,.T.);
#1279=EDGE_CURVE('',#1004,#946,#502,.T.);
#1280=EDGE_CURVE('',#952,#1004,#503,.T.);
#1281=EDGE_CURVE('',#1005,#956,#504,.T.);
#1282=EDGE_CURVE('',#1006,#1005,#505,.T.);
#1283=EDGE_CURVE('',#1007,#1006,#506,.T.);
#1284=EDGE_CURVE('',#949,#1007,#507,.T.);
#1285=EDGE_CURVE('',#1008,#947,#508,.T.);
#1286=EDGE_CURVE('',#1009,#1008,#509,.T.);
#1287=EDGE_CURVE('',#1010,#1009,#510,.T.);
#1288=EDGE_CURVE('',#1011,#1010,#511,.T.);
#1289=EDGE_CURVE('',#944,#1011,#512,.T.);
#1290=EDGE_CURVE('',#1012,#1012,#818,.T.);
#1291=EDGE_CURVE('',#1013,#1013,#819,.T.);
#1292=EDGE_CURVE('',#1014,#1014,#820,.T.);
#1293=EDGE_CURVE('',#954,#971,#821,.T.);
#1294=EDGE_CURVE('',#1015,#993,#513,.T.);
#1295=EDGE_CURVE('',#1016,#1015,#514,.T.);
#1296=EDGE_CURVE('',#1016,#992,#515,.T.);
#1297=EDGE_CURVE('',#952,#1017,#822,.F.);
#1298=EDGE_CURVE('',#1018,#1017,#516,.T.);
#1299=EDGE_CURVE('',#1019,#1018,#823,.T.);
#1300=EDGE_CURVE('',#973,#1019,#517,.T.);
#1301=EDGE_CURVE('',#1014,#1000,#518,.T.);
#1302=EDGE_CURVE('',#1013,#1001,#519,.T.);
#1303=EDGE_CURVE('',#1012,#1002,#520,.T.);
#1304=EDGE_CURVE('',#1020,#1021,#824,.T.);
#1305=EDGE_CURVE('',#1021,#1022,#521,.T.);
#1306=EDGE_CURVE('',#1022,#1023,#825,.T.);
#1307=EDGE_CURVE('',#1023,#1019,#522,.T.);
#1308=EDGE_CURVE('',#1024,#1018,#523,.T.);
#1309=EDGE_CURVE('',#1024,#1025,#826,.T.);
#1310=EDGE_CURVE('',#1025,#1020,#524,.T.);
#1311=EDGE_CURVE('',#1025,#1011,#525,.T.);
#1312=EDGE_CURVE('',#1026,#1024,#526,.T.);
#1313=EDGE_CURVE('',#1004,#1026,#827,.T.);
#1314=EDGE_CURVE('',#1026,#1017,#527,.T.);
#1315=EDGE_CURVE('',#1027,#1007,#828,.T.);
#1316=EDGE_CURVE('',#1006,#1028,#829,.T.);
#1317=EDGE_CURVE('',#1028,#1027,#528,.T.);
#1318=EDGE_CURVE('',#997,#977,#830,.F.);
#1319=EDGE_CURVE('',#998,#1005,#529,.T.);
#1320=EDGE_CURVE('',#965,#982,#530,.T.);
#1321=EDGE_CURVE('',#1029,#1029,#831,.T.);
#1322=EDGE_CURVE('',#1030,#1030,#832,.T.);
#1323=EDGE_CURVE('',#1031,#1031,#833,.T.);
#1324=EDGE_CURVE('',#1010,#1032,#834,.T.);
#1325=EDGE_CURVE('',#1032,#1010,#835,.T.);
#1326=EDGE_CURVE('',#1009,#1033,#836,.T.);
#1327=EDGE_CURVE('',#1033,#1009,#837,.T.);
#1328=EDGE_CURVE('',#1008,#1020,#531,.T.);
#1329=EDGE_CURVE('',#1034,#1034,#838,.T.);
#1330=EDGE_CURVE('',#1021,#1027,#532,.T.);
#1331=EDGE_CURVE('',#1028,#1022,#533,.T.);
#1332=EDGE_CURVE('',#974,#1023,#534,.T.);
#1333=EDGE_CURVE('',#1035,#1035,#839,.T.);
#1334=EDGE_CURVE('',#1036,#1036,#840,.T.);
#1335=EDGE_CURVE('',#1037,#1037,#841,.T.);
#1336=EDGE_CURVE('',#1038,#1038,#842,.T.);
#1337=EDGE_CURVE('',#1039,#1039,#843,.T.);
#1338=EDGE_CURVE('',#1040,#1040,#844,.T.);
#1339=EDGE_CURVE('',#1029,#1038,#535,.T.);
#1340=EDGE_CURVE('',#1034,#1040,#536,.T.);
#1341=EDGE_CURVE('',#1030,#1037,#537,.T.);
#1342=EDGE_CURVE('',#1033,#1039,#538,.T.);
#1343=EDGE_CURVE('',#1031,#1036,#539,.T.);
#1344=EDGE_CURVE('',#1032,#1035,#540,.T.);
#1345=ORIENTED_EDGE('',*,*,#1041,.F.);
#1346=ORIENTED_EDGE('',*,*,#1042,.F.);
#1347=ORIENTED_EDGE('',*,*,#1043,.F.);
#1348=ORIENTED_EDGE('',*,*,#1044,.F.);
#1349=ORIENTED_EDGE('',*,*,#1045,.F.);
#1350=ORIENTED_EDGE('',*,*,#1046,.F.);
#1351=ORIENTED_EDGE('',*,*,#1047,.F.);
#1352=ORIENTED_EDGE('',*,*,#1048,.F.);
#1353=ORIENTED_EDGE('',*,*,#1049,.F.);
#1354=ORIENTED_EDGE('',*,*,#1050,.T.);
#1355=ORIENTED_EDGE('',*,*,#1051,.T.);
#1356=ORIENTED_EDGE('',*,*,#1052,.T.);
#1357=ORIENTED_EDGE('',*,*,#1053,.F.);
#1358=ORIENTED_EDGE('',*,*,#1054,.F.);
#1359=ORIENTED_EDGE('',*,*,#1055,.T.);
#1360=ORIENTED_EDGE('',*,*,#1056,.T.);
#1361=ORIENTED_EDGE('',*,*,#1057,.T.);
#1362=ORIENTED_EDGE('',*,*,#1058,.T.);
#1363=ORIENTED_EDGE('',*,*,#1056,.F.);
#1364=ORIENTED_EDGE('',*,*,#1059,.T.);
#1365=ORIENTED_EDGE('',*,*,#1060,.F.);
#1366=ORIENTED_EDGE('',*,*,#1061,.T.);
#1367=ORIENTED_EDGE('',*,*,#1062,.T.);
#1368=ORIENTED_EDGE('',*,*,#1063,.T.);
#1369=ORIENTED_EDGE('',*,*,#1064,.T.);
#1370=ORIENTED_EDGE('',*,*,#1060,.T.);
#1371=ORIENTED_EDGE('',*,*,#1063,.F.);
#1372=ORIENTED_EDGE('',*,*,#1065,.F.);
#1373=ORIENTED_EDGE('',*,*,#1066,.F.);
#1374=ORIENTED_EDGE('',*,*,#1067,.T.);
#1375=ORIENTED_EDGE('',*,*,#1068,.T.);
#1376=ORIENTED_EDGE('',*,*,#1069,.T.);
#1377=ORIENTED_EDGE('',*,*,#1070,.T.);
#1378=ORIENTED_EDGE('',*,*,#1071,.T.);
#1379=ORIENTED_EDGE('',*,*,#1072,.F.);
#1380=ORIENTED_EDGE('',*,*,#1073,.F.);
#1381=ORIENTED_EDGE('',*,*,#1074,.T.);
#1382=ORIENTED_EDGE('',*,*,#1075,.T.);
#1383=ORIENTED_EDGE('',*,*,#1072,.T.);
#1384=ORIENTED_EDGE('',*,*,#1076,.T.);
#1385=ORIENTED_EDGE('',*,*,#1075,.F.);
#1386=ORIENTED_EDGE('',*,*,#1077,.F.);
#1387=ORIENTED_EDGE('',*,*,#1078,.F.);
#1388=ORIENTED_EDGE('',*,*,#1079,.T.);
#1389=ORIENTED_EDGE('',*,*,#1080,.F.);
#1390=ORIENTED_EDGE('',*,*,#1081,.F.);
#1391=ORIENTED_EDGE('',*,*,#1057,.F.);
#1392=ORIENTED_EDGE('',*,*,#1061,.F.);
#1393=ORIENTED_EDGE('',*,*,#1064,.F.);
#1394=ORIENTED_EDGE('',*,*,#1073,.T.);
#1395=ORIENTED_EDGE('',*,*,#1082,.T.);
#1396=ORIENTED_EDGE('',*,*,#1083,.T.);
#1397=ORIENTED_EDGE('',*,*,#1084,.T.);
#1398=ORIENTED_EDGE('',*,*,#1080,.T.);
#1399=ORIENTED_EDGE('',*,*,#1058,.F.);
#1400=ORIENTED_EDGE('',*,*,#1081,.T.);
#1401=ORIENTED_EDGE('',*,*,#1084,.F.);
#1402=ORIENTED_EDGE('',*,*,#1085,.F.);
#1403=ORIENTED_EDGE('',*,*,#1086,.T.);
#1404=ORIENTED_EDGE('',*,*,#1087,.T.);
#1405=ORIENTED_EDGE('',*,*,#1088,.T.);
#1406=ORIENTED_EDGE('',*,*,#1089,.T.);
#1407=ORIENTED_EDGE('',*,*,#1090,.F.);
#1408=ORIENTED_EDGE('',*,*,#1091,.T.);
#1409=ORIENTED_EDGE('',*,*,#1092,.F.);
#1410=ORIENTED_EDGE('',*,*,#1093,.T.);
#1411=ORIENTED_EDGE('',*,*,#1094,.F.);
#1412=ORIENTED_EDGE('',*,*,#1093,.F.);
#1413=ORIENTED_EDGE('',*,*,#1095,.F.);
#1414=ORIENTED_EDGE('',*,*,#1096,.T.);
#1415=ORIENTED_EDGE('',*,*,#1097,.F.);
#1416=ORIENTED_EDGE('',*,*,#1096,.F.);
#1417=ORIENTED_EDGE('',*,*,#1098,.F.);
#1418=ORIENTED_EDGE('',*,*,#1099,.T.);
#1419=ORIENTED_EDGE('',*,*,#1100,.F.);
#1420=ORIENTED_EDGE('',*,*,#1099,.F.);
#1421=ORIENTED_EDGE('',*,*,#1101,.F.);
#1422=ORIENTED_EDGE('',*,*,#1102,.T.);
#1423=ORIENTED_EDGE('',*,*,#1103,.F.);
#1424=ORIENTED_EDGE('',*,*,#1102,.F.);
#1425=ORIENTED_EDGE('',*,*,#1041,.T.);
#1426=ORIENTED_EDGE('',*,*,#1104,.F.);
#1427=ORIENTED_EDGE('',*,*,#1043,.T.);
#1428=ORIENTED_EDGE('',*,*,#1069,.F.);
#1429=ORIENTED_EDGE('',*,*,#1105,.T.);
#1430=ORIENTED_EDGE('',*,*,#1106,.F.);
#1431=ORIENTED_EDGE('',*,*,#1050,.F.);
#1432=ORIENTED_EDGE('',*,*,#1107,.F.);
#1433=ORIENTED_EDGE('',*,*,#1108,.F.);
#1434=ORIENTED_EDGE('',*,*,#1109,.F.);
#1435=ORIENTED_EDGE('',*,*,#1105,.F.);
#1436=ORIENTED_EDGE('',*,*,#1068,.F.);
#1437=ORIENTED_EDGE('',*,*,#1110,.F.);
#1438=ORIENTED_EDGE('',*,*,#1111,.T.);
#1439=ORIENTED_EDGE('',*,*,#1087,.F.);
#1440=ORIENTED_EDGE('',*,*,#1047,.T.);
#1441=ORIENTED_EDGE('',*,*,#1112,.F.);
#1442=ORIENTED_EDGE('',*,*,#1045,.T.);
#1443=ORIENTED_EDGE('',*,*,#1088,.F.);
#1444=ORIENTED_EDGE('',*,*,#1111,.F.);
#1445=ORIENTED_EDGE('',*,*,#1113,.F.);
#1446=ORIENTED_EDGE('',*,*,#1114,.T.);
#1447=ORIENTED_EDGE('',*,*,#1115,.F.);
#1448=ORIENTED_EDGE('',*,*,#1114,.F.);
#1449=ORIENTED_EDGE('',*,*,#1067,.F.);
#1450=ORIENTED_EDGE('',*,*,#1116,.F.);
#1451=ORIENTED_EDGE('',*,*,#1089,.F.);
#1452=ORIENTED_EDGE('',*,*,#1048,.T.);
#1453=ORIENTED_EDGE('',*,*,#1086,.F.);
#1454=ORIENTED_EDGE('',*,*,#1117,.F.);
#1455=ORIENTED_EDGE('',*,*,#1118,.T.);
#1456=ORIENTED_EDGE('',*,*,#1119,.F.);
#1457=ORIENTED_EDGE('',*,*,#1052,.F.);
#1458=ORIENTED_EDGE('',*,*,#1120,.F.);
#1459=ORIENTED_EDGE('',*,*,#1070,.F.);
#1460=ORIENTED_EDGE('',*,*,#1042,.T.);
#1461=ORIENTED_EDGE('',*,*,#1121,.T.);
#1462=ORIENTED_EDGE('',*,*,#1122,.T.);
#1463=ORIENTED_EDGE('',*,*,#1123,.T.);
#1464=ORIENTED_EDGE('',*,*,#1124,.T.);
#1465=ORIENTED_EDGE('',*,*,#1115,.T.);
#1466=ORIENTED_EDGE('',*,*,#1125,.F.);
#1467=ORIENTED_EDGE('',*,*,#1126,.T.);
#1468=ORIENTED_EDGE('',*,*,#1121,.F.);
#1469=ORIENTED_EDGE('',*,*,#1126,.F.);
#1470=ORIENTED_EDGE('',*,*,#1044,.T.);
#1471=ORIENTED_EDGE('',*,*,#1127,.F.);
#1472=ORIENTED_EDGE('',*,*,#1128,.F.);
#1473=ORIENTED_EDGE('',*,*,#1054,.T.);
#1474=ORIENTED_EDGE('',*,*,#1129,.F.);
#1475=ORIENTED_EDGE('',*,*,#1130,.F.);
#1476=ORIENTED_EDGE('',*,*,#1131,.F.);
#1477=ORIENTED_EDGE('',*,*,#1132,.F.);
#1478=ORIENTED_EDGE('',*,*,#1046,.T.);
#1479=ORIENTED_EDGE('',*,*,#1133,.F.);
#1480=ORIENTED_EDGE('',*,*,#1134,.F.);
#1481=ORIENTED_EDGE('',*,*,#1135,.F.);
#1482=ORIENTED_EDGE('',*,*,#1136,.F.);
#1483=ORIENTED_EDGE('',*,*,#1137,.F.);
#1484=ORIENTED_EDGE('',*,*,#1125,.T.);
#1485=ORIENTED_EDGE('',*,*,#1113,.T.);
#1486=ORIENTED_EDGE('',*,*,#1138,.T.);
#1487=ORIENTED_EDGE('',*,*,#1139,.T.);
#1488=ORIENTED_EDGE('',*,*,#1140,.T.);
#1489=ORIENTED_EDGE('',*,*,#1074,.F.);
#1490=ORIENTED_EDGE('',*,*,#1141,.F.);
#1491=ORIENTED_EDGE('',*,*,#1051,.F.);
#1492=ORIENTED_EDGE('',*,*,#1106,.T.);
#1493=ORIENTED_EDGE('',*,*,#1109,.T.);
#1494=ORIENTED_EDGE('',*,*,#1142,.F.);
#1495=ORIENTED_EDGE('',*,*,#1143,.F.);
#1496=ORIENTED_EDGE('',*,*,#1144,.T.);
#1497=ORIENTED_EDGE('',*,*,#1107,.T.);
#1498=ORIENTED_EDGE('',*,*,#1049,.T.);
#1499=ORIENTED_EDGE('',*,*,#1145,.T.);
#1500=ORIENTED_EDGE('',*,*,#1146,.F.);
#1501=ORIENTED_EDGE('',*,*,#1147,.F.);
#1502=ORIENTED_EDGE('',*,*,#1148,.F.);
#1503=ORIENTED_EDGE('',*,*,#1077,.T.);
#1504=ORIENTED_EDGE('',*,*,#1103,.T.);
#1505=ORIENTED_EDGE('',*,*,#1097,.T.);
#1506=ORIENTED_EDGE('',*,*,#1140,.F.);
#1507=ORIENTED_EDGE('',*,*,#1149,.T.);
#1508=ORIENTED_EDGE('',*,*,#1122,.F.);
#1509=ORIENTED_EDGE('',*,*,#1149,.F.);
#1510=ORIENTED_EDGE('',*,*,#1139,.F.);
#1511=ORIENTED_EDGE('',*,*,#1150,.T.);
#1512=ORIENTED_EDGE('',*,*,#1123,.F.);
#1513=ORIENTED_EDGE('',*,*,#1150,.F.);
#1514=ORIENTED_EDGE('',*,*,#1138,.F.);
#1515=ORIENTED_EDGE('',*,*,#1151,.T.);
#1516=ORIENTED_EDGE('',*,*,#1124,.F.);
#1517=ORIENTED_EDGE('',*,*,#1151,.F.);
#1518=ORIENTED_EDGE('',*,*,#1152,.T.);
#1519=ORIENTED_EDGE('',*,*,#1153,.T.);
#1520=ORIENTED_EDGE('',*,*,#1154,.T.);
#1521=ORIENTED_EDGE('',*,*,#1155,.T.);
#1522=ORIENTED_EDGE('',*,*,#1147,.T.);
#1523=ORIENTED_EDGE('',*,*,#1156,.F.);
#1524=ORIENTED_EDGE('',*,*,#1157,.T.);
#1525=ORIENTED_EDGE('',*,*,#1158,.T.);
#1526=ORIENTED_EDGE('',*,*,#1104,.T.);
#1527=ORIENTED_EDGE('',*,*,#1137,.T.);
#1528=ORIENTED_EDGE('',*,*,#1159,.F.);
#1529=ORIENTED_EDGE('',*,*,#1157,.F.);
#1530=ORIENTED_EDGE('',*,*,#1160,.F.);
#1531=ORIENTED_EDGE('',*,*,#1161,.F.);
#1532=ORIENTED_EDGE('',*,*,#1127,.T.);
#1533=ORIENTED_EDGE('',*,*,#1095,.T.);
#1534=ORIENTED_EDGE('',*,*,#1101,.T.);
#1535=ORIENTED_EDGE('',*,*,#1156,.T.);
#1536=ORIENTED_EDGE('',*,*,#1146,.T.);
#1537=ORIENTED_EDGE('',*,*,#1162,.F.);
#1538=ORIENTED_EDGE('',*,*,#1160,.T.);
#1539=ORIENTED_EDGE('',*,*,#1145,.F.);
#1540=ORIENTED_EDGE('',*,*,#1128,.T.);
#1541=ORIENTED_EDGE('',*,*,#1161,.T.);
#1542=ORIENTED_EDGE('',*,*,#1162,.T.);
#1543=ORIENTED_EDGE('',*,*,#1163,.T.);
#1544=ORIENTED_EDGE('',*,*,#1131,.T.);
#1545=ORIENTED_EDGE('',*,*,#1164,.T.);
#1546=ORIENTED_EDGE('',*,*,#1165,.T.);
#1547=ORIENTED_EDGE('',*,*,#1083,.F.);
#1548=ORIENTED_EDGE('',*,*,#1166,.F.);
#1549=ORIENTED_EDGE('',*,*,#1117,.T.);
#1550=ORIENTED_EDGE('',*,*,#1085,.T.);
#1551=ORIENTED_EDGE('',*,*,#1076,.F.);
#1552=ORIENTED_EDGE('',*,*,#1071,.F.);
#1553=ORIENTED_EDGE('',*,*,#1120,.T.);
#1554=ORIENTED_EDGE('',*,*,#1141,.T.);
#1555=ORIENTED_EDGE('',*,*,#1119,.T.);
#1556=ORIENTED_EDGE('',*,*,#1167,.T.);
#1557=ORIENTED_EDGE('',*,*,#1129,.T.);
#1558=ORIENTED_EDGE('',*,*,#1053,.T.);
#1559=ORIENTED_EDGE('',*,*,#1116,.T.);
#1560=ORIENTED_EDGE('',*,*,#1066,.T.);
#1561=ORIENTED_EDGE('',*,*,#1168,.T.);
#1562=ORIENTED_EDGE('',*,*,#1090,.T.);
#1563=ORIENTED_EDGE('',*,*,#1169,.T.);
#1564=ORIENTED_EDGE('',*,*,#1170,.T.);
#1565=ORIENTED_EDGE('',*,*,#1171,.T.);
#1566=ORIENTED_EDGE('',*,*,#1158,.F.);
#1567=ORIENTED_EDGE('',*,*,#1159,.T.);
#1568=ORIENTED_EDGE('',*,*,#1136,.T.);
#1569=ORIENTED_EDGE('',*,*,#1172,.T.);
#1570=ORIENTED_EDGE('',*,*,#1173,.T.);
#1571=ORIENTED_EDGE('',*,*,#1135,.T.);
#1572=ORIENTED_EDGE('',*,*,#1174,.T.);
#1573=ORIENTED_EDGE('',*,*,#1175,.T.);
#1574=ORIENTED_EDGE('',*,*,#1134,.T.);
#1575=ORIENTED_EDGE('',*,*,#1176,.T.);
#1576=ORIENTED_EDGE('',*,*,#1177,.T.);
#1577=ORIENTED_EDGE('',*,*,#1153,.F.);
#1578=ORIENTED_EDGE('',*,*,#1178,.T.);
#1579=ORIENTED_EDGE('',*,*,#1165,.F.);
#1580=ORIENTED_EDGE('',*,*,#1179,.T.);
#1581=ORIENTED_EDGE('',*,*,#1112,.T.);
#1582=ORIENTED_EDGE('',*,*,#1132,.T.);
#1583=ORIENTED_EDGE('',*,*,#1163,.F.);
#1584=ORIENTED_EDGE('',*,*,#1178,.F.);
#1585=ORIENTED_EDGE('',*,*,#1152,.F.);
#1586=ORIENTED_EDGE('',*,*,#1176,.F.);
#1587=ORIENTED_EDGE('',*,*,#1133,.T.);
#1588=ORIENTED_EDGE('',*,*,#1094,.T.);
#1589=ORIENTED_EDGE('',*,*,#1100,.T.);
#1590=ORIENTED_EDGE('',*,*,#1108,.T.);
#1591=ORIENTED_EDGE('',*,*,#1144,.F.);
#1592=ORIENTED_EDGE('',*,*,#1143,.T.);
#1593=ORIENTED_EDGE('',*,*,#1142,.T.);
#1594=ORIENTED_EDGE('',*,*,#1148,.T.);
#1595=ORIENTED_EDGE('',*,*,#1155,.F.);
#1596=ORIENTED_EDGE('',*,*,#1180,.F.);
#1597=ORIENTED_EDGE('',*,*,#1078,.T.);
#1598=ORIENTED_EDGE('',*,*,#1181,.F.);
#1599=ORIENTED_EDGE('',*,*,#1182,.F.);
#1600=ORIENTED_EDGE('',*,*,#1183,.F.);
#1601=ORIENTED_EDGE('',*,*,#1184,.F.);
#1602=ORIENTED_EDGE('',*,*,#1185,.F.);
#1603=ORIENTED_EDGE('',*,*,#1186,.F.);
#1604=ORIENTED_EDGE('',*,*,#1168,.F.);
#1605=ORIENTED_EDGE('',*,*,#1065,.T.);
#1606=ORIENTED_EDGE('',*,*,#1062,.F.);
#1607=ORIENTED_EDGE('',*,*,#1059,.F.);
#1608=ORIENTED_EDGE('',*,*,#1055,.F.);
#1609=ORIENTED_EDGE('',*,*,#1091,.F.);
#1610=ORIENTED_EDGE('',*,*,#1169,.F.);
#1611=ORIENTED_EDGE('',*,*,#1187,.T.);
#1612=ORIENTED_EDGE('',*,*,#1184,.T.);
#1613=ORIENTED_EDGE('',*,*,#1187,.F.);
#1614=ORIENTED_EDGE('',*,*,#1177,.F.);
#1615=ORIENTED_EDGE('',*,*,#1188,.T.);
#1616=ORIENTED_EDGE('',*,*,#1186,.T.);
#1617=ORIENTED_EDGE('',*,*,#1188,.F.);
#1618=ORIENTED_EDGE('',*,*,#1170,.F.);
#1619=ORIENTED_EDGE('',*,*,#1189,.T.);
#1620=ORIENTED_EDGE('',*,*,#1183,.T.);
#1621=ORIENTED_EDGE('',*,*,#1189,.F.);
#1622=ORIENTED_EDGE('',*,*,#1174,.F.);
#1623=ORIENTED_EDGE('',*,*,#1175,.F.);
#1624=ORIENTED_EDGE('',*,*,#1190,.T.);
#1625=ORIENTED_EDGE('',*,*,#1185,.T.);
#1626=ORIENTED_EDGE('',*,*,#1190,.F.);
#1627=ORIENTED_EDGE('',*,*,#1171,.F.);
#1628=ORIENTED_EDGE('',*,*,#1191,.T.);
#1629=ORIENTED_EDGE('',*,*,#1182,.T.);
#1630=ORIENTED_EDGE('',*,*,#1191,.F.);
#1631=ORIENTED_EDGE('',*,*,#1172,.F.);
#1632=ORIENTED_EDGE('',*,*,#1173,.F.);
#1633=ORIENTED_EDGE('',*,*,#1192,.T.);
#1634=ORIENTED_EDGE('',*,*,#1181,.T.);
#1635=ORIENTED_EDGE('',*,*,#1192,.F.);
#1636=ORIENTED_EDGE('',*,*,#1118,.F.);
#1637=ORIENTED_EDGE('',*,*,#1166,.T.);
#1638=ORIENTED_EDGE('',*,*,#1082,.F.);
#1639=ORIENTED_EDGE('',*,*,#1079,.F.);
#1640=ORIENTED_EDGE('',*,*,#1180,.T.);
#1641=ORIENTED_EDGE('',*,*,#1154,.F.);
#1642=ORIENTED_EDGE('',*,*,#1179,.F.);
#1643=ORIENTED_EDGE('',*,*,#1164,.F.);
#1644=ORIENTED_EDGE('',*,*,#1130,.T.);
#1645=ORIENTED_EDGE('',*,*,#1167,.F.);
#1646=ORIENTED_EDGE('',*,*,#1092,.T.);
#1647=ORIENTED_EDGE('',*,*,#1098,.T.);
#1648=ORIENTED_EDGE('',*,*,#1110,.T.);
#1649=ORIENTED_EDGE('',*,*,#1193,.F.);
#1650=ORIENTED_EDGE('',*,*,#1194,.F.);
#1651=ORIENTED_EDGE('',*,*,#1195,.F.);
#1652=ORIENTED_EDGE('',*,*,#1196,.F.);
#1653=ORIENTED_EDGE('',*,*,#1197,.F.);
#1654=ORIENTED_EDGE('',*,*,#1198,.F.);
#1655=ORIENTED_EDGE('',*,*,#1199,.F.);
#1656=ORIENTED_EDGE('',*,*,#1200,.F.);
#1657=ORIENTED_EDGE('',*,*,#1201,.F.);
#1658=ORIENTED_EDGE('',*,*,#1202,.T.);
#1659=ORIENTED_EDGE('',*,*,#1203,.T.);
#1660=ORIENTED_EDGE('',*,*,#1204,.T.);
#1661=ORIENTED_EDGE('',*,*,#1205,.F.);
#1662=ORIENTED_EDGE('',*,*,#1206,.F.);
#1663=ORIENTED_EDGE('',*,*,#1207,.T.);
#1664=ORIENTED_EDGE('',*,*,#1208,.T.);
#1665=ORIENTED_EDGE('',*,*,#1209,.T.);
#1666=ORIENTED_EDGE('',*,*,#1210,.T.);
#1667=ORIENTED_EDGE('',*,*,#1208,.F.);
#1668=ORIENTED_EDGE('',*,*,#1211,.T.);
#1669=ORIENTED_EDGE('',*,*,#1212,.F.);
#1670=ORIENTED_EDGE('',*,*,#1213,.T.);
#1671=ORIENTED_EDGE('',*,*,#1214,.T.);
#1672=ORIENTED_EDGE('',*,*,#1215,.T.);
#1673=ORIENTED_EDGE('',*,*,#1216,.T.);
#1674=ORIENTED_EDGE('',*,*,#1212,.T.);
#1675=ORIENTED_EDGE('',*,*,#1215,.F.);
#1676=ORIENTED_EDGE('',*,*,#1217,.F.);
#1677=ORIENTED_EDGE('',*,*,#1218,.F.);
#1678=ORIENTED_EDGE('',*,*,#1219,.T.);
#1679=ORIENTED_EDGE('',*,*,#1220,.T.);
#1680=ORIENTED_EDGE('',*,*,#1221,.T.);
#1681=ORIENTED_EDGE('',*,*,#1222,.T.);
#1682=ORIENTED_EDGE('',*,*,#1223,.T.);
#1683=ORIENTED_EDGE('',*,*,#1224,.F.);
#1684=ORIENTED_EDGE('',*,*,#1225,.F.);
#1685=ORIENTED_EDGE('',*,*,#1226,.T.);
#1686=ORIENTED_EDGE('',*,*,#1227,.T.);
#1687=ORIENTED_EDGE('',*,*,#1224,.T.);
#1688=ORIENTED_EDGE('',*,*,#1228,.T.);
#1689=ORIENTED_EDGE('',*,*,#1227,.F.);
#1690=ORIENTED_EDGE('',*,*,#1229,.F.);
#1691=ORIENTED_EDGE('',*,*,#1230,.F.);
#1692=ORIENTED_EDGE('',*,*,#1231,.T.);
#1693=ORIENTED_EDGE('',*,*,#1232,.F.);
#1694=ORIENTED_EDGE('',*,*,#1233,.F.);
#1695=ORIENTED_EDGE('',*,*,#1209,.F.);
#1696=ORIENTED_EDGE('',*,*,#1213,.F.);
#1697=ORIENTED_EDGE('',*,*,#1216,.F.);
#1698=ORIENTED_EDGE('',*,*,#1225,.T.);
#1699=ORIENTED_EDGE('',*,*,#1234,.T.);
#1700=ORIENTED_EDGE('',*,*,#1235,.T.);
#1701=ORIENTED_EDGE('',*,*,#1236,.T.);
#1702=ORIENTED_EDGE('',*,*,#1232,.T.);
#1703=ORIENTED_EDGE('',*,*,#1210,.F.);
#1704=ORIENTED_EDGE('',*,*,#1233,.T.);
#1705=ORIENTED_EDGE('',*,*,#1236,.F.);
#1706=ORIENTED_EDGE('',*,*,#1237,.F.);
#1707=ORIENTED_EDGE('',*,*,#1238,.T.);
#1708=ORIENTED_EDGE('',*,*,#1239,.T.);
#1709=ORIENTED_EDGE('',*,*,#1240,.T.);
#1710=ORIENTED_EDGE('',*,*,#1241,.T.);
#1711=ORIENTED_EDGE('',*,*,#1242,.F.);
#1712=ORIENTED_EDGE('',*,*,#1243,.T.);
#1713=ORIENTED_EDGE('',*,*,#1244,.F.);
#1714=ORIENTED_EDGE('',*,*,#1245,.T.);
#1715=ORIENTED_EDGE('',*,*,#1246,.F.);
#1716=ORIENTED_EDGE('',*,*,#1245,.F.);
#1717=ORIENTED_EDGE('',*,*,#1247,.F.);
#1718=ORIENTED_EDGE('',*,*,#1248,.T.);
#1719=ORIENTED_EDGE('',*,*,#1249,.F.);
#1720=ORIENTED_EDGE('',*,*,#1248,.F.);
#1721=ORIENTED_EDGE('',*,*,#1250,.F.);
#1722=ORIENTED_EDGE('',*,*,#1251,.T.);
#1723=ORIENTED_EDGE('',*,*,#1252,.F.);
#1724=ORIENTED_EDGE('',*,*,#1251,.F.);
#1725=ORIENTED_EDGE('',*,*,#1253,.F.);
#1726=ORIENTED_EDGE('',*,*,#1254,.T.);
#1727=ORIENTED_EDGE('',*,*,#1255,.F.);
#1728=ORIENTED_EDGE('',*,*,#1254,.F.);
#1729=ORIENTED_EDGE('',*,*,#1193,.T.);
#1730=ORIENTED_EDGE('',*,*,#1256,.F.);
#1731=ORIENTED_EDGE('',*,*,#1195,.T.);
#1732=ORIENTED_EDGE('',*,*,#1221,.F.);
#1733=ORIENTED_EDGE('',*,*,#1257,.T.);
#1734=ORIENTED_EDGE('',*,*,#1258,.F.);
#1735=ORIENTED_EDGE('',*,*,#1202,.F.);
#1736=ORIENTED_EDGE('',*,*,#1259,.F.);
#1737=ORIENTED_EDGE('',*,*,#1260,.F.);
#1738=ORIENTED_EDGE('',*,*,#1261,.F.);
#1739=ORIENTED_EDGE('',*,*,#1257,.F.);
#1740=ORIENTED_EDGE('',*,*,#1220,.F.);
#1741=ORIENTED_EDGE('',*,*,#1262,.F.);
#1742=ORIENTED_EDGE('',*,*,#1263,.T.);
#1743=ORIENTED_EDGE('',*,*,#1239,.F.);
#1744=ORIENTED_EDGE('',*,*,#1199,.T.);
#1745=ORIENTED_EDGE('',*,*,#1264,.F.);
#1746=ORIENTED_EDGE('',*,*,#1197,.T.);
#1747=ORIENTED_EDGE('',*,*,#1240,.F.);
#1748=ORIENTED_EDGE('',*,*,#1263,.F.);
#1749=ORIENTED_EDGE('',*,*,#1265,.F.);
#1750=ORIENTED_EDGE('',*,*,#1266,.T.);
#1751=ORIENTED_EDGE('',*,*,#1267,.F.);
#1752=ORIENTED_EDGE('',*,*,#1266,.F.);
#1753=ORIENTED_EDGE('',*,*,#1219,.F.);
#1754=ORIENTED_EDGE('',*,*,#1268,.F.);
#1755=ORIENTED_EDGE('',*,*,#1241,.F.);
#1756=ORIENTED_EDGE('',*,*,#1200,.T.);
#1757=ORIENTED_EDGE('',*,*,#1238,.F.);
#1758=ORIENTED_EDGE('',*,*,#1269,.F.);
#1759=ORIENTED_EDGE('',*,*,#1270,.T.);
#1760=ORIENTED_EDGE('',*,*,#1271,.F.);
#1761=ORIENTED_EDGE('',*,*,#1204,.F.);
#1762=ORIENTED_EDGE('',*,*,#1272,.F.);
#1763=ORIENTED_EDGE('',*,*,#1222,.F.);
#1764=ORIENTED_EDGE('',*,*,#1194,.T.);
#1765=ORIENTED_EDGE('',*,*,#1273,.T.);
#1766=ORIENTED_EDGE('',*,*,#1274,.T.);
#1767=ORIENTED_EDGE('',*,*,#1275,.T.);
#1768=ORIENTED_EDGE('',*,*,#1276,.T.);
#1769=ORIENTED_EDGE('',*,*,#1267,.T.);
#1770=ORIENTED_EDGE('',*,*,#1277,.F.);
#1771=ORIENTED_EDGE('',*,*,#1278,.T.);
#1772=ORIENTED_EDGE('',*,*,#1273,.F.);
#1773=ORIENTED_EDGE('',*,*,#1278,.F.);
#1774=ORIENTED_EDGE('',*,*,#1196,.T.);
#1775=ORIENTED_EDGE('',*,*,#1279,.F.);
#1776=ORIENTED_EDGE('',*,*,#1280,.F.);
#1777=ORIENTED_EDGE('',*,*,#1206,.T.);
#1778=ORIENTED_EDGE('',*,*,#1281,.F.);
#1779=ORIENTED_EDGE('',*,*,#1282,.F.);
#1780=ORIENTED_EDGE('',*,*,#1283,.F.);
#1781=ORIENTED_EDGE('',*,*,#1284,.F.);
#1782=ORIENTED_EDGE('',*,*,#1198,.T.);
#1783=ORIENTED_EDGE('',*,*,#1285,.F.);
#1784=ORIENTED_EDGE('',*,*,#1286,.F.);
#1785=ORIENTED_EDGE('',*,*,#1287,.F.);
#1786=ORIENTED_EDGE('',*,*,#1288,.F.);
#1787=ORIENTED_EDGE('',*,*,#1289,.F.);
#1788=ORIENTED_EDGE('',*,*,#1277,.T.);
#1789=ORIENTED_EDGE('',*,*,#1265,.T.);
#1790=ORIENTED_EDGE('',*,*,#1290,.T.);
#1791=ORIENTED_EDGE('',*,*,#1291,.T.);
#1792=ORIENTED_EDGE('',*,*,#1292,.T.);
#1793=ORIENTED_EDGE('',*,*,#1226,.F.);
#1794=ORIENTED_EDGE('',*,*,#1293,.F.);
#1795=ORIENTED_EDGE('',*,*,#1203,.F.);
#1796=ORIENTED_EDGE('',*,*,#1258,.T.);
#1797=ORIENTED_EDGE('',*,*,#1261,.T.);
#1798=ORIENTED_EDGE('',*,*,#1294,.F.);
#1799=ORIENTED_EDGE('',*,*,#1295,.F.);
#1800=ORIENTED_EDGE('',*,*,#1296,.T.);
#1801=ORIENTED_EDGE('',*,*,#1259,.T.);
#1802=ORIENTED_EDGE('',*,*,#1201,.T.);
#1803=ORIENTED_EDGE('',*,*,#1297,.T.);
#1804=ORIENTED_EDGE('',*,*,#1298,.F.);
#1805=ORIENTED_EDGE('',*,*,#1299,.F.);
#1806=ORIENTED_EDGE('',*,*,#1300,.F.);
#1807=ORIENTED_EDGE('',*,*,#1229,.T.);
#1808=ORIENTED_EDGE('',*,*,#1255,.T.);
#1809=ORIENTED_EDGE('',*,*,#1249,.T.);
#1810=ORIENTED_EDGE('',*,*,#1292,.F.);
#1811=ORIENTED_EDGE('',*,*,#1301,.T.);
#1812=ORIENTED_EDGE('',*,*,#1274,.F.);
#1813=ORIENTED_EDGE('',*,*,#1301,.F.);
#1814=ORIENTED_EDGE('',*,*,#1291,.F.);
#1815=ORIENTED_EDGE('',*,*,#1302,.T.);
#1816=ORIENTED_EDGE('',*,*,#1275,.F.);
#1817=ORIENTED_EDGE('',*,*,#1302,.F.);
#1818=ORIENTED_EDGE('',*,*,#1290,.F.);
#1819=ORIENTED_EDGE('',*,*,#1303,.T.);
#1820=ORIENTED_EDGE('',*,*,#1276,.F.);
#1821=ORIENTED_EDGE('',*,*,#1303,.F.);
#1822=ORIENTED_EDGE('',*,*,#1304,.T.);
#1823=ORIENTED_EDGE('',*,*,#1305,.T.);
#1824=ORIENTED_EDGE('',*,*,#1306,.T.);
#1825=ORIENTED_EDGE('',*,*,#1307,.T.);
#1826=ORIENTED_EDGE('',*,*,#1299,.T.);
#1827=ORIENTED_EDGE('',*,*,#1308,.F.);
#1828=ORIENTED_EDGE('',*,*,#1309,.T.);
#1829=ORIENTED_EDGE('',*,*,#1310,.T.);
#1830=ORIENTED_EDGE('',*,*,#1256,.T.);
#1831=ORIENTED_EDGE('',*,*,#1289,.T.);
#1832=ORIENTED_EDGE('',*,*,#1311,.F.);
#1833=ORIENTED_EDGE('',*,*,#1309,.F.);
#1834=ORIENTED_EDGE('',*,*,#1312,.F.);
#1835=ORIENTED_EDGE('',*,*,#1313,.F.);
#1836=ORIENTED_EDGE('',*,*,#1279,.T.);
#1837=ORIENTED_EDGE('',*,*,#1247,.T.);
#1838=ORIENTED_EDGE('',*,*,#1253,.T.);
#1839=ORIENTED_EDGE('',*,*,#1308,.T.);
#1840=ORIENTED_EDGE('',*,*,#1298,.T.);
#1841=ORIENTED_EDGE('',*,*,#1314,.F.);
#1842=ORIENTED_EDGE('',*,*,#1312,.T.);
#1843=ORIENTED_EDGE('',*,*,#1297,.F.);
#1844=ORIENTED_EDGE('',*,*,#1280,.T.);
#1845=ORIENTED_EDGE('',*,*,#1313,.T.);
#1846=ORIENTED_EDGE('',*,*,#1314,.T.);
#1847=ORIENTED_EDGE('',*,*,#1315,.T.);
#1848=ORIENTED_EDGE('',*,*,#1283,.T.);
#1849=ORIENTED_EDGE('',*,*,#1316,.T.);
#1850=ORIENTED_EDGE('',*,*,#1317,.T.);
#1851=ORIENTED_EDGE('',*,*,#1235,.F.);
#1852=ORIENTED_EDGE('',*,*,#1318,.F.);
#1853=ORIENTED_EDGE('',*,*,#1269,.T.);
#1854=ORIENTED_EDGE('',*,*,#1237,.T.);
#1855=ORIENTED_EDGE('',*,*,#1228,.F.);
#1856=ORIENTED_EDGE('',*,*,#1223,.F.);
#1857=ORIENTED_EDGE('',*,*,#1272,.T.);
#1858=ORIENTED_EDGE('',*,*,#1293,.T.);
#1859=ORIENTED_EDGE('',*,*,#1271,.T.);
#1860=ORIENTED_EDGE('',*,*,#1319,.T.);
#1861=ORIENTED_EDGE('',*,*,#1281,.T.);
#1862=ORIENTED_EDGE('',*,*,#1205,.T.);
#1863=ORIENTED_EDGE('',*,*,#1268,.T.);
#1864=ORIENTED_EDGE('',*,*,#1218,.T.);
#1865=ORIENTED_EDGE('',*,*,#1320,.T.);
#1866=ORIENTED_EDGE('',*,*,#1242,.T.);
#1867=ORIENTED_EDGE('',*,*,#1321,.T.);
#1868=ORIENTED_EDGE('',*,*,#1322,.T.);
#1869=ORIENTED_EDGE('',*,*,#1323,.T.);
#1870=ORIENTED_EDGE('',*,*,#1310,.F.);
#1871=ORIENTED_EDGE('',*,*,#1311,.T.);
#1872=ORIENTED_EDGE('',*,*,#1288,.T.);
#1873=ORIENTED_EDGE('',*,*,#1324,.T.);
#1874=ORIENTED_EDGE('',*,*,#1325,.T.);
#1875=ORIENTED_EDGE('',*,*,#1287,.T.);
#1876=ORIENTED_EDGE('',*,*,#1326,.T.);
#1877=ORIENTED_EDGE('',*,*,#1327,.T.);
#1878=ORIENTED_EDGE('',*,*,#1286,.T.);
#1879=ORIENTED_EDGE('',*,*,#1328,.T.);
#1880=ORIENTED_EDGE('',*,*,#1329,.T.);
#1881=ORIENTED_EDGE('',*,*,#1305,.F.);
#1882=ORIENTED_EDGE('',*,*,#1330,.T.);
#1883=ORIENTED_EDGE('',*,*,#1317,.F.);
#1884=ORIENTED_EDGE('',*,*,#1331,.T.);
#1885=ORIENTED_EDGE('',*,*,#1264,.T.);
#1886=ORIENTED_EDGE('',*,*,#1284,.T.);
#1887=ORIENTED_EDGE('',*,*,#1315,.F.);
#1888=ORIENTED_EDGE('',*,*,#1330,.F.);
#1889=ORIENTED_EDGE('',*,*,#1304,.F.);
#1890=ORIENTED_EDGE('',*,*,#1328,.F.);
#1891=ORIENTED_EDGE('',*,*,#1285,.T.);
#1892=ORIENTED_EDGE('',*,*,#1246,.T.);
#1893=ORIENTED_EDGE('',*,*,#1252,.T.);
#1894=ORIENTED_EDGE('',*,*,#1260,.T.);
#1895=ORIENTED_EDGE('',*,*,#1296,.F.);
#1896=ORIENTED_EDGE('',*,*,#1295,.T.);
#1897=ORIENTED_EDGE('',*,*,#1294,.T.);
#1898=ORIENTED_EDGE('',*,*,#1300,.T.);
#1899=ORIENTED_EDGE('',*,*,#1307,.F.);
#1900=ORIENTED_EDGE('',*,*,#1332,.F.);
#1901=ORIENTED_EDGE('',*,*,#1230,.T.);
#1902=ORIENTED_EDGE('',*,*,#1333,.F.);
#1903=ORIENTED_EDGE('',*,*,#1334,.F.);
#1904=ORIENTED_EDGE('',*,*,#1335,.F.);
#1905=ORIENTED_EDGE('',*,*,#1336,.F.);
#1906=ORIENTED_EDGE('',*,*,#1337,.F.);
#1907=ORIENTED_EDGE('',*,*,#1338,.F.);
#1908=ORIENTED_EDGE('',*,*,#1320,.F.);
#1909=ORIENTED_EDGE('',*,*,#1217,.T.);
#1910=ORIENTED_EDGE('',*,*,#1214,.F.);
#1911=ORIENTED_EDGE('',*,*,#1211,.F.);
#1912=ORIENTED_EDGE('',*,*,#1207,.F.);
#1913=ORIENTED_EDGE('',*,*,#1243,.F.);
#1914=ORIENTED_EDGE('',*,*,#1321,.F.);
#1915=ORIENTED_EDGE('',*,*,#1339,.T.);
#1916=ORIENTED_EDGE('',*,*,#1336,.T.);
#1917=ORIENTED_EDGE('',*,*,#1339,.F.);
#1918=ORIENTED_EDGE('',*,*,#1329,.F.);
#1919=ORIENTED_EDGE('',*,*,#1340,.T.);
#1920=ORIENTED_EDGE('',*,*,#1338,.T.);
#1921=ORIENTED_EDGE('',*,*,#1340,.F.);
#1922=ORIENTED_EDGE('',*,*,#1322,.F.);
#1923=ORIENTED_EDGE('',*,*,#1341,.T.);
#1924=ORIENTED_EDGE('',*,*,#1335,.T.);
#1925=ORIENTED_EDGE('',*,*,#1341,.F.);
#1926=ORIENTED_EDGE('',*,*,#1326,.F.);
#1927=ORIENTED_EDGE('',*,*,#1327,.F.);
#1928=ORIENTED_EDGE('',*,*,#1342,.T.);
#1929=ORIENTED_EDGE('',*,*,#1337,.T.);
#1930=ORIENTED_EDGE('',*,*,#1342,.F.);
#1931=ORIENTED_EDGE('',*,*,#1323,.F.);
#1932=ORIENTED_EDGE('',*,*,#1343,.T.);
#1933=ORIENTED_EDGE('',*,*,#1334,.T.);
#1934=ORIENTED_EDGE('',*,*,#1343,.F.);
#1935=ORIENTED_EDGE('',*,*,#1324,.F.);
#1936=ORIENTED_EDGE('',*,*,#1325,.F.);
#1937=ORIENTED_EDGE('',*,*,#1344,.T.);
#1938=ORIENTED_EDGE('',*,*,#1333,.T.);
#1939=ORIENTED_EDGE('',*,*,#1344,.F.);
#1940=ORIENTED_EDGE('',*,*,#1270,.F.);
#1941=ORIENTED_EDGE('',*,*,#1318,.T.);
#1942=ORIENTED_EDGE('',*,*,#1234,.F.);
#1943=ORIENTED_EDGE('',*,*,#1231,.F.);
#1944=ORIENTED_EDGE('',*,*,#1332,.T.);
#1945=ORIENTED_EDGE('',*,*,#1306,.F.);
#1946=ORIENTED_EDGE('',*,*,#1331,.F.);
#1947=ORIENTED_EDGE('',*,*,#1316,.F.);
#1948=ORIENTED_EDGE('',*,*,#1282,.T.);
#1949=ORIENTED_EDGE('',*,*,#1319,.F.);
#1950=ORIENTED_EDGE('',*,*,#1244,.T.);
#1951=ORIENTED_EDGE('',*,*,#1250,.T.);
#1952=ORIENTED_EDGE('',*,*,#1262,.T.);
#1953=PLANE('',#2104);
#1954=PLANE('',#2107);
#1955=PLANE('',#2110);
#1956=PLANE('',#2115);
#1957=PLANE('',#2119);
#1958=PLANE('',#2126);
#1959=PLANE('',#2130);
#1960=PLANE('',#2158);
#1961=PLANE('',#2165);
#1962=PLANE('',#2169);
#1963=PLANE('',#2180);
#1964=PLANE('',#2182);
#1965=PLANE('',#2190);
#1966=PLANE('',#2191);
#1967=PLANE('',#2195);
#1968=PLANE('',#2201);
#1969=PLANE('',#2202);
#1970=PLANE('',#2203);
#1971=PLANE('',#2204);
#1972=PLANE('',#2211);
#1973=PLANE('',#2218);
#1974=PLANE('',#2219);
#1975=PLANE('',#2222);
#1976=PLANE('',#2225);
#1977=PLANE('',#2230);
#1978=PLANE('',#2234);
#1979=PLANE('',#2241);
#1980=PLANE('',#2245);
#1981=PLANE('',#2273);
#1982=PLANE('',#2280);
#1983=PLANE('',#2284);
#1984=PLANE('',#2295);
#1985=PLANE('',#2297);
#1986=PLANE('',#2305);
#1987=PLANE('',#2306);
#1988=PLANE('',#2310);
#1989=PLANE('',#2316);
#1990=PLANE('',#2317);
#1991=PLANE('',#2318);
#1992=PLANE('',#2319);
#1993=PLANE('',#2326);
#1994=PLANE('',#2333);
#1995=ADVANCED_FACE('',(#127),#1953,.T.);
#1996=ADVANCED_FACE('',(#128),#1954,.T.);
#1997=ADVANCED_FACE('',(#129),#1955,.T.);
#1998=ADVANCED_FACE('',(#130),#75,.F.);
#1999=ADVANCED_FACE('',(#131),#1956,.T.);
#2000=ADVANCED_FACE('',(#132),#76,.F.);
#2001=ADVANCED_FACE('',(#133),#1957,.T.);
#2002=ADVANCED_FACE('',(#134),#77,.T.);
#2003=ADVANCED_FACE('',(#135),#1958,.T.);
#2004=ADVANCED_FACE('',(#136),#78,.T.);
#2005=ADVANCED_FACE('',(#137),#1959,.T.);
#2006=ADVANCED_FACE('',(#138),#79,.F.);
#2007=ADVANCED_FACE('',(#139),#80,.F.);
#2008=ADVANCED_FACE('',(#140),#81,.F.);
#2009=ADVANCED_FACE('',(#141),#82,.F.);
#2010=ADVANCED_FACE('',(#142),#83,.F.);
#2011=ADVANCED_FACE('',(#143),#84,.F.);
#2012=ADVANCED_FACE('',(#144),#85,.F.);
#2013=ADVANCED_FACE('',(#145,#17,#18,#19,#20,#21),#1960,.T.);
#2014=ADVANCED_FACE('',(#146),#86,.F.);
#2015=ADVANCED_FACE('',(#147,#22,#23,#24,#25,#26),#1961,.T.);
#2016=ADVANCED_FACE('',(#148,#27,#28),#1962,.T.);
#2017=ADVANCED_FACE('',(#149),#87,.F.);
#2018=ADVANCED_FACE('',(#150),#88,.F.);
#2019=ADVANCED_FACE('',(#151),#89,.F.);
#2020=ADVANCED_FACE('',(#152),#90,.T.);
#2021=ADVANCED_FACE('',(#153,#29,#30),#1963,.T.);
#2022=ADVANCED_FACE('',(#154),#1964,.T.);
#2023=ADVANCED_FACE('',(#155),#91,.F.);
#2024=ADVANCED_FACE('',(#156),#92,.F.);
#2025=ADVANCED_FACE('',(#157),#93,.F.);
#2026=ADVANCED_FACE('',(#158),#94,.F.);
#2027=ADVANCED_FACE('',(#159),#1965,.T.);
#2028=ADVANCED_FACE('',(#160,#31,#32,#33),#1966,.T.);
#2029=ADVANCED_FACE('',(#161,#34),#1967,.T.);
#2030=ADVANCED_FACE('',(#162),#1968,.T.);
#2031=ADVANCED_FACE('',(#163,#35,#36),#1969,.T.);
#2032=ADVANCED_FACE('',(#164),#1970,.T.);
#2033=ADVANCED_FACE('',(#165,#37,#38,#39,#40,#41,#42),#1971,.F.);
#2034=ADVANCED_FACE('',(#166),#1972,.T.);
#2035=ADVANCED_FACE('',(#167),#95,.F.);
#2036=ADVANCED_FACE('',(#168),#96,.F.);
#2037=ADVANCED_FACE('',(#169),#97,.F.);
#2038=ADVANCED_FACE('',(#170),#98,.F.);
#2039=ADVANCED_FACE('',(#171),#99,.F.);
#2040=ADVANCED_FACE('',(#172),#100,.F.);
#2041=ADVANCED_FACE('',(#173,#43,#44,#45),#1973,.T.);
#2042=ADVANCED_FACE('',(#174),#1974,.T.);
#2043=ADVANCED_FACE('',(#175),#1975,.T.);
#2044=ADVANCED_FACE('',(#176),#1976,.T.);
#2045=ADVANCED_FACE('',(#177),#101,.F.);
#2046=ADVANCED_FACE('',(#178),#1977,.T.);
#2047=ADVANCED_FACE('',(#179),#102,.F.);
#2048=ADVANCED_FACE('',(#180),#1978,.T.);
#2049=ADVANCED_FACE('',(#181),#103,.T.);
#2050=ADVANCED_FACE('',(#182),#1979,.T.);
#2051=ADVANCED_FACE('',(#183),#104,.T.);
#2052=ADVANCED_FACE('',(#184),#1980,.T.);
#2053=ADVANCED_FACE('',(#185),#105,.F.);
#2054=ADVANCED_FACE('',(#186),#106,.F.);
#2055=ADVANCED_FACE('',(#187),#107,.F.);
#2056=ADVANCED_FACE('',(#188),#108,.F.);
#2057=ADVANCED_FACE('',(#189),#109,.F.);
#2058=ADVANCED_FACE('',(#190),#110,.F.);
#2059=ADVANCED_FACE('',(#191),#111,.F.);
#2060=ADVANCED_FACE('',(#192,#46,#47,#48,#49,#50),#1981,.T.);
#2061=ADVANCED_FACE('',(#193),#112,.F.);
#2062=ADVANCED_FACE('',(#194,#51,#52,#53,#54,#55),#1982,.T.);
#2063=ADVANCED_FACE('',(#195,#56,#57),#1983,.T.);
#2064=ADVANCED_FACE('',(#196),#113,.F.);
#2065=ADVANCED_FACE('',(#197),#114,.F.);
#2066=ADVANCED_FACE('',(#198),#115,.F.);
#2067=ADVANCED_FACE('',(#199),#116,.T.);
#2068=ADVANCED_FACE('',(#200,#58,#59),#1984,.T.);
#2069=ADVANCED_FACE('',(#201),#1985,.T.);
#2070=ADVANCED_FACE('',(#202),#117,.F.);
#2071=ADVANCED_FACE('',(#203),#118,.F.);
#2072=ADVANCED_FACE('',(#204),#119,.F.);
#2073=ADVANCED_FACE('',(#205),#120,.F.);
#2074=ADVANCED_FACE('',(#206),#1986,.T.);
#2075=ADVANCED_FACE('',(#207,#60,#61,#62),#1987,.T.);
#2076=ADVANCED_FACE('',(#208,#63),#1988,.T.);
#2077=ADVANCED_FACE('',(#209),#1989,.T.);
#2078=ADVANCED_FACE('',(#210,#64,#65),#1990,.T.);
#2079=ADVANCED_FACE('',(#211),#1991,.T.);
#2080=ADVANCED_FACE('',(#212,#66,#67,#68,#69,#70,#71),#1992,.F.);
#2081=ADVANCED_FACE('',(#213),#1993,.T.);
#2082=ADVANCED_FACE('',(#214),#121,.F.);
#2083=ADVANCED_FACE('',(#215),#122,.F.);
#2084=ADVANCED_FACE('',(#216),#123,.F.);
#2085=ADVANCED_FACE('',(#217),#124,.F.);
#2086=ADVANCED_FACE('',(#218),#125,.F.);
#2087=ADVANCED_FACE('',(#219),#126,.F.);
#2088=ADVANCED_FACE('',(#220,#72,#73,#74),#1994,.T.);
#2089=CLOSED_SHELL('',(#1995,#1996,#1997,#1998,#1999,#2000,#2001,#2002,
#2003,#2004,#2005,#2006,#2007,#2008,#2009,#2010,#2011,#2012,#2013,#2014,
#2015,#2016,#2017,#2018,#2019,#2020,#2021,#2022,#2023,#2024,#2025,#2026,
#2027,#2028,#2029,#2030,#2031,#2032,#2033,#2034,#2035,#2036,#2037,#2038,
#2039,#2040,#2041));
#2090=CLOSED_SHELL('',(#2042,#2043,#2044,#2045,#2046,#2047,#2048,#2049,
#2050,#2051,#2052,#2053,#2054,#2055,#2056,#2057,#2058,#2059,#2060,#2061,
#2062,#2063,#2064,#2065,#2066,#2067,#2068,#2069,#2070,#2071,#2072,#2073,
#2074,#2075,#2076,#2077,#2078,#2079,#2080,#2081,#2082,#2083,#2084,#2085,
#2086,#2087,#2088));
#2091=DERIVED_UNIT_ELEMENT(#2093,1.);
#2092=DERIVED_UNIT_ELEMENT(#3564,-3.);
#2093=(
MASS_UNIT()
NAMED_UNIT(*)
SI_UNIT(.KILO.,.GRAM.)
);
#2094=DERIVED_UNIT((#2091,#2092));
#2095=MEASURE_REPRESENTATION_ITEM('density measure',
POSITIVE_RATIO_MEASURE(7850.),#2094);
#2096=PROPERTY_DEFINITION_REPRESENTATION(#2101,#2098);
#2097=PROPERTY_DEFINITION_REPRESENTATION(#2102,#2099);
#2098=REPRESENTATION('material name',(#2100),#3561);
#2099=REPRESENTATION('density',(#2095),#3561);
#2100=DESCRIPTIVE_REPRESENTATION_ITEM('Acier','Acier');
#2101=PROPERTY_DEFINITION('material property','material name',#3571);
#2102=PROPERTY_DEFINITION('material property','density of part',#3571);
#2103=AXIS2_PLACEMENT_3D('',#2964,#2334,#2335);
#2104=AXIS2_PLACEMENT_3D('',#2965,#2336,#2337);
#2105=AXIS2_PLACEMENT_3D('',#2968,#2338,#2339);
#2106=AXIS2_PLACEMENT_3D('',#2972,#2341,#2342);
#2107=AXIS2_PLACEMENT_3D('',#2974,#2344,#2345);
#2108=AXIS2_PLACEMENT_3D('',#2977,#2346,#2347);
#2109=AXIS2_PLACEMENT_3D('',#2981,#2349,#2350);
#2110=AXIS2_PLACEMENT_3D('',#2983,#2352,#2353);
#2111=AXIS2_PLACEMENT_3D('',#2988,#2355,#2356);
#2112=AXIS2_PLACEMENT_3D('',#2996,#2361,#2362);
#2113=AXIS2_PLACEMENT_3D('',#2999,#2363,#2364);
#2114=AXIS2_PLACEMENT_3D('',#3003,#2366,#2367);
#2115=AXIS2_PLACEMENT_3D('',#3005,#2369,#2370);
#2116=AXIS2_PLACEMENT_3D('',#3011,#2374,#2375);
#2117=AXIS2_PLACEMENT_3D('',#3013,#2376,#2377);
#2118=AXIS2_PLACEMENT_3D('',#3016,#2379,#2380);
#2119=AXIS2_PLACEMENT_3D('',#3017,#2381,#2382);
#2120=AXIS2_PLACEMENT_3D('',#3024,#2386,#2387);
#2121=AXIS2_PLACEMENT_3D('',#3025,#2388,#2389);
#2122=AXIS2_PLACEMENT_3D('',#3029,#2391,#2392);
#2123=AXIS2_PLACEMENT_3D('',#3031,#2393,#2394);
#2124=AXIS2_PLACEMENT_3D('',#3033,#2396,#2397);
#2125=AXIS2_PLACEMENT_3D('',#3036,#2398,#2399);
#2126=AXIS2_PLACEMENT_3D('',#3039,#2402,#2403);
#2127=AXIS2_PLACEMENT_3D('',#3049,#2409,#2410);
#2128=AXIS2_PLACEMENT_3D('',#3051,#2411,#2412);
#2129=AXIS2_PLACEMENT_3D('',#3054,#2414,#2415);
#2130=AXIS2_PLACEMENT_3D('',#3055,#2416,#2417);
#2131=AXIS2_PLACEMENT_3D('',#3057,#2418,#2419);
#2132=AXIS2_PLACEMENT_3D('',#3060,#2421,#2422);
#2133=AXIS2_PLACEMENT_3D('',#3061,#2423,#2424);
#2134=AXIS2_PLACEMENT_3D('',#3067,#2428,#2429);
#2135=AXIS2_PLACEMENT_3D('',#3069,#2430,#2431);
#2136=AXIS2_PLACEMENT_3D('',#3072,#2433,#2434);
#2137=AXIS2_PLACEMENT_3D('',#3073,#2435,#2436);
#2138=AXIS2_PLACEMENT_3D('',#3075,#2437,#2438);
#2139=AXIS2_PLACEMENT_3D('',#3078,#2440,#2441);
#2140=AXIS2_PLACEMENT_3D('',#3079,#2442,#2443);
#2141=AXIS2_PLACEMENT_3D('',#3081,#2444,#2445);
#2142=AXIS2_PLACEMENT_3D('',#3084,#2447,#2448);
#2143=AXIS2_PLACEMENT_3D('',#3085,#2449,#2450);
#2144=AXIS2_PLACEMENT_3D('',#3087,#2451,#2452);
#2145=AXIS2_PLACEMENT_3D('',#3090,#2454,#2455);
#2146=AXIS2_PLACEMENT_3D('',#3091,#2456,#2457);
#2147=AXIS2_PLACEMENT_3D('',#3092,#2458,#2459);
#2148=AXIS2_PLACEMENT_3D('',#3095,#2461,#2462);
#2149=AXIS2_PLACEMENT_3D('',#3097,#2463,#2464);
#2150=AXIS2_PLACEMENT_3D('',#3099,#2465,#2466);
#2151=AXIS2_PLACEMENT_3D('',#3100,#2467,#2468);
#2152=AXIS2_PLACEMENT_3D('',#3101,#2469,#2470);
#2153=AXIS2_PLACEMENT_3D('',#3103,#2471,#2472);
#2154=AXIS2_PLACEMENT_3D('',#3105,#2474,#2475);
#2155=AXIS2_PLACEMENT_3D('',#3106,#2476,#2477);
#2156=AXIS2_PLACEMENT_3D('',#3108,#2478,#2479);
#2157=AXIS2_PLACEMENT_3D('',#3111,#2481,#2482);
#2158=AXIS2_PLACEMENT_3D('',#3112,#2483,#2484);
#2159=AXIS2_PLACEMENT_3D('',#3121,#2490,#2491);
#2160=AXIS2_PLACEMENT_3D('',#3123,#2492,#2493);
#2161=AXIS2_PLACEMENT_3D('',#3125,#2494,#2495);
#2162=AXIS2_PLACEMENT_3D('',#3127,#2496,#2497);
#2163=AXIS2_PLACEMENT_3D('',#3128,#2498,#2499);
#2164=AXIS2_PLACEMENT_3D('',#3130,#2500,#2501);
#2165=AXIS2_PLACEMENT_3D('',#3132,#2503,#2504);
#2166=AXIS2_PLACEMENT_3D('',#3153,#2516,#2517);
#2167=AXIS2_PLACEMENT_3D('',#3155,#2518,#2519);
#2168=AXIS2_PLACEMENT_3D('',#3157,#2520,#2521);
#2169=AXIS2_PLACEMENT_3D('',#3158,#2522,#2523);
#2170=AXIS2_PLACEMENT_3D('',#3159,#2524,#2525);
#2171=AXIS2_PLACEMENT_3D('',#3166,#2529,#2530);
#2172=AXIS2_PLACEMENT_3D('',#3170,#2532,#2533);
#2173=AXIS2_PLACEMENT_3D('',#3172,#2535,#2536);
#2174=AXIS2_PLACEMENT_3D('',#3174,#2538,#2539);
#2175=AXIS2_PLACEMENT_3D('',#3176,#2541,#2542);
#2176=AXIS2_PLACEMENT_3D('',#3178,#2544,#2545);
#2177=AXIS2_PLACEMENT_3D('',#3181,#2546,#2547);
#2178=AXIS2_PLACEMENT_3D('',#3185,#2549,#2550);
#2179=AXIS2_PLACEMENT_3D('',#3190,#2553,#2554);
#2180=AXIS2_PLACEMENT_3D('',#3192,#2556,#2557);
#2181=AXIS2_PLACEMENT_3D('',#3196,#2560,#2561);
#2182=AXIS2_PLACEMENT_3D('',#3197,#2562,#2563);
#2183=AXIS2_PLACEMENT_3D('',#3199,#2565,#2566);
#2184=AXIS2_PLACEMENT_3D('',#3200,#2567,#2568);
#2185=AXIS2_PLACEMENT_3D('',#3202,#2569,#2570);
#2186=AXIS2_PLACEMENT_3D('',#3204,#2571,#2572);
#2187=AXIS2_PLACEMENT_3D('',#3206,#2574,#2575);
#2188=AXIS2_PLACEMENT_3D('',#3207,#2576,#2577);
#2189=AXIS2_PLACEMENT_3D('',#3208,#2578,#2579);
#2190=AXIS2_PLACEMENT_3D('',#3209,#2580,#2581);
#2191=AXIS2_PLACEMENT_3D('',#3211,#2583,#2584);
#2192=AXIS2_PLACEMENT_3D('',#3214,#2586,#2587);
#2193=AXIS2_PLACEMENT_3D('',#3216,#2588,#2589);
#2194=AXIS2_PLACEMENT_3D('',#3218,#2590,#2591);
#2195=AXIS2_PLACEMENT_3D('',#3219,#2592,#2593);
#2196=AXIS2_PLACEMENT_3D('',#3221,#2594,#2595);
#2197=AXIS2_PLACEMENT_3D('',#3222,#2596,#2597);
#2198=AXIS2_PLACEMENT_3D('',#3224,#2598,#2599);
#2199=AXIS2_PLACEMENT_3D('',#3225,#2600,#2601);
#2200=AXIS2_PLACEMENT_3D('',#3228,#2603,#2604);
#2201=AXIS2_PLACEMENT_3D('',#3229,#2605,#2606);
#2202=AXIS2_PLACEMENT_3D('',#3232,#2609,#2610);
#2203=AXIS2_PLACEMENT_3D('',#3233,#2611,#2612);
#2204=AXIS2_PLACEMENT_3D('',#3234,#2613,#2614);
#2205=AXIS2_PLACEMENT_3D('',#3237,#2616,#2617);
#2206=AXIS2_PLACEMENT_3D('',#3239,#2618,#2619);
#2207=AXIS2_PLACEMENT_3D('',#3241,#2620,#2621);
#2208=AXIS2_PLACEMENT_3D('',#3243,#2622,#2623);
#2209=AXIS2_PLACEMENT_3D('',#3245,#2624,#2625);
#2210=AXIS2_PLACEMENT_3D('',#3247,#2626,#2627);
#2211=AXIS2_PLACEMENT_3D('',#3248,#2628,#2629);
#2212=AXIS2_PLACEMENT_3D('',#3249,#2630,#2631);
#2213=AXIS2_PLACEMENT_3D('',#3251,#2633,#2634);
#2214=AXIS2_PLACEMENT_3D('',#3253,#2636,#2637);
#2215=AXIS2_PLACEMENT_3D('',#3255,#2639,#2640);
#2216=AXIS2_PLACEMENT_3D('',#3257,#2642,#2643);
#2217=AXIS2_PLACEMENT_3D('',#3259,#2645,#2646);
#2218=AXIS2_PLACEMENT_3D('',#3261,#2648,#2649);
#2219=AXIS2_PLACEMENT_3D('',#3262,#2650,#2651);
#2220=AXIS2_PLACEMENT_3D('',#3265,#2652,#2653);
#2221=AXIS2_PLACEMENT_3D('',#3269,#2655,#2656);
#2222=AXIS2_PLACEMENT_3D('',#3271,#2658,#2659);
#2223=AXIS2_PLACEMENT_3D('',#3274,#2660,#2661);
#2224=AXIS2_PLACEMENT_3D('',#3278,#2663,#2664);
#2225=AXIS2_PLACEMENT_3D('',#3280,#2666,#2667);
#2226=AXIS2_PLACEMENT_3D('',#3285,#2669,#2670);
#2227=AXIS2_PLACEMENT_3D('',#3293,#2675,#2676);
#2228=AXIS2_PLACEMENT_3D('',#3296,#2677,#2678);
#2229=AXIS2_PLACEMENT_3D('',#3300,#2680,#2681);
#2230=AXIS2_PLACEMENT_3D('',#3302,#2683,#2684);
#2231=AXIS2_PLACEMENT_3D('',#3308,#2688,#2689);
#2232=AXIS2_PLACEMENT_3D('',#3310,#2690,#2691);
#2233=AXIS2_PLACEMENT_3D('',#3313,#2693,#2694);
#2234=AXIS2_PLACEMENT_3D('',#3314,#2695,#2696);
#2235=AXIS2_PLACEMENT_3D('',#3321,#2700,#2701);
#2236=AXIS2_PLACEMENT_3D('',#3322,#2702,#2703);
#2237=AXIS2_PLACEMENT_3D('',#3326,#2705,#2706);
#2238=AXIS2_PLACEMENT_3D('',#3328,#2707,#2708);
#2239=AXIS2_PLACEMENT_3D('',#3330,#2710,#2711);
#2240=AXIS2_PLACEMENT_3D('',#3333,#2712,#2713);
#2241=AXIS2_PLACEMENT_3D('',#3336,#2716,#2717);
#2242=AXIS2_PLACEMENT_3D('',#3346,#2723,#2724);
#2243=AXIS2_PLACEMENT_3D('',#3348,#2725,#2726);
#2244=AXIS2_PLACEMENT_3D('',#3351,#2728,#2729);
#2245=AXIS2_PLACEMENT_3D('',#3352,#2730,#2731);
#2246=AXIS2_PLACEMENT_3D('',#3354,#2732,#2733);
#2247=AXIS2_PLACEMENT_3D('',#3357,#2735,#2736);
#2248=AXIS2_PLACEMENT_3D('',#3358,#2737,#2738);
#2249=AXIS2_PLACEMENT_3D('',#3364,#2742,#2743);
#2250=AXIS2_PLACEMENT_3D('',#3366,#2744,#2745);
#2251=AXIS2_PLACEMENT_3D('',#3369,#2747,#2748);
#2252=AXIS2_PLACEMENT_3D('',#3370,#2749,#2750);
#2253=AXIS2_PLACEMENT_3D('',#3372,#2751,#2752);
#2254=AXIS2_PLACEMENT_3D('',#3375,#2754,#2755);
#2255=AXIS2_PLACEMENT_3D('',#3376,#2756,#2757);
#2256=AXIS2_PLACEMENT_3D('',#3378,#2758,#2759);
#2257=AXIS2_PLACEMENT_3D('',#3381,#2761,#2762);
#2258=AXIS2_PLACEMENT_3D('',#3382,#2763,#2764);
#2259=AXIS2_PLACEMENT_3D('',#3384,#2765,#2766);
#2260=AXIS2_PLACEMENT_3D('',#3387,#2768,#2769);
#2261=AXIS2_PLACEMENT_3D('',#3388,#2770,#2771);
#2262=AXIS2_PLACEMENT_3D('',#3389,#2772,#2773);
#2263=AXIS2_PLACEMENT_3D('',#3392,#2775,#2776);
#2264=AXIS2_PLACEMENT_3D('',#3394,#2777,#2778);
#2265=AXIS2_PLACEMENT_3D('',#3396,#2779,#2780);
#2266=AXIS2_PLACEMENT_3D('',#3397,#2781,#2782);
#2267=AXIS2_PLACEMENT_3D('',#3398,#2783,#2784);
#2268=AXIS2_PLACEMENT_3D('',#3400,#2785,#2786);
#2269=AXIS2_PLACEMENT_3D('',#3402,#2788,#2789);
#2270=AXIS2_PLACEMENT_3D('',#3403,#2790,#2791);
#2271=AXIS2_PLACEMENT_3D('',#3405,#2792,#2793);
#2272=AXIS2_PLACEMENT_3D('',#3408,#2795,#2796);
#2273=AXIS2_PLACEMENT_3D('',#3409,#2797,#2798);
#2274=AXIS2_PLACEMENT_3D('',#3418,#2804,#2805);
#2275=AXIS2_PLACEMENT_3D('',#3420,#2806,#2807);
#2276=AXIS2_PLACEMENT_3D('',#3422,#2808,#2809);
#2277=AXIS2_PLACEMENT_3D('',#3424,#2810,#2811);
#2278=AXIS2_PLACEMENT_3D('',#3425,#2812,#2813);
#2279=AXIS2_PLACEMENT_3D('',#3427,#2814,#2815);
#2280=AXIS2_PLACEMENT_3D('',#3429,#2817,#2818);
#2281=AXIS2_PLACEMENT_3D('',#3450,#2830,#2831);
#2282=AXIS2_PLACEMENT_3D('',#3452,#2832,#2833);
#2283=AXIS2_PLACEMENT_3D('',#3454,#2834,#2835);
#2284=AXIS2_PLACEMENT_3D('',#3455,#2836,#2837);
#2285=AXIS2_PLACEMENT_3D('',#3456,#2838,#2839);
#2286=AXIS2_PLACEMENT_3D('',#3463,#2843,#2844);
#2287=AXIS2_PLACEMENT_3D('',#3467,#2846,#2847);
#2288=AXIS2_PLACEMENT_3D('',#3469,#2849,#2850);
#2289=AXIS2_PLACEMENT_3D('',#3471,#2852,#2853);
#2290=AXIS2_PLACEMENT_3D('',#3473,#2855,#2856);
#2291=AXIS2_PLACEMENT_3D('',#3475,#2858,#2859);
#2292=AXIS2_PLACEMENT_3D('',#3478,#2860,#2861);
#2293=AXIS2_PLACEMENT_3D('',#3482,#2863,#2864);
#2294=AXIS2_PLACEMENT_3D('',#3487,#2867,#2868);
#2295=AXIS2_PLACEMENT_3D('',#3489,#2870,#2871);
#2296=AXIS2_PLACEMENT_3D('',#3493,#2874,#2875);
#2297=AXIS2_PLACEMENT_3D('',#3494,#2876,#2877);
#2298=AXIS2_PLACEMENT_3D('',#3496,#2879,#2880);
#2299=AXIS2_PLACEMENT_3D('',#3497,#2881,#2882);
#2300=AXIS2_PLACEMENT_3D('',#3499,#2883,#2884);
#2301=AXIS2_PLACEMENT_3D('',#3501,#2885,#2886);
#2302=AXIS2_PLACEMENT_3D('',#3503,#2888,#2889);
#2303=AXIS2_PLACEMENT_3D('',#3504,#2890,#2891);
#2304=AXIS2_PLACEMENT_3D('',#3505,#2892,#2893);
#2305=AXIS2_PLACEMENT_3D('',#3506,#2894,#2895);
#2306=AXIS2_PLACEMENT_3D('',#3508,#2897,#2898);
#2307=AXIS2_PLACEMENT_3D('',#3511,#2900,#2901);
#2308=AXIS2_PLACEMENT_3D('',#3513,#2902,#2903);
#2309=AXIS2_PLACEMENT_3D('',#3515,#2904,#2905);
#2310=AXIS2_PLACEMENT_3D('',#3516,#2906,#2907);
#2311=AXIS2_PLACEMENT_3D('',#3518,#2908,#2909);
#2312=AXIS2_PLACEMENT_3D('',#3519,#2910,#2911);
#2313=AXIS2_PLACEMENT_3D('',#3521,#2912,#2913);
#2314=AXIS2_PLACEMENT_3D('',#3522,#2914,#2915);
#2315=AXIS2_PLACEMENT_3D('',#3525,#2917,#2918);
#2316=AXIS2_PLACEMENT_3D('',#3526,#2919,#2920);
#2317=AXIS2_PLACEMENT_3D('',#3529,#2923,#2924);
#2318=AXIS2_PLACEMENT_3D('',#3530,#2925,#2926);
#2319=AXIS2_PLACEMENT_3D('',#3531,#2927,#2928);
#2320=AXIS2_PLACEMENT_3D('',#3534,#2930,#2931);
#2321=AXIS2_PLACEMENT_3D('',#3536,#2932,#2933);
#2322=AXIS2_PLACEMENT_3D('',#3538,#2934,#2935);
#2323=AXIS2_PLACEMENT_3D('',#3540,#2936,#2937);
#2324=AXIS2_PLACEMENT_3D('',#3542,#2938,#2939);
#2325=AXIS2_PLACEMENT_3D('',#3544,#2940,#2941);
#2326=AXIS2_PLACEMENT_3D('',#3545,#2942,#2943);
#2327=AXIS2_PLACEMENT_3D('',#3546,#2944,#2945);
#2328=AXIS2_PLACEMENT_3D('',#3548,#2947,#2948);
#2329=AXIS2_PLACEMENT_3D('',#3550,#2950,#2951);
#2330=AXIS2_PLACEMENT_3D('',#3552,#2953,#2954);
#2331=AXIS2_PLACEMENT_3D('',#3554,#2956,#2957);
#2332=AXIS2_PLACEMENT_3D('',#3556,#2959,#2960);
#2333=AXIS2_PLACEMENT_3D('',#3558,#2962,#2963);
#2334=DIRECTION('axis',(0.,0.,1.));
#2335=DIRECTION('refdir',(1.,0.,0.));
#2336=DIRECTION('center_axis',(0.,0.,1.));
#2337=DIRECTION('ref_axis',(-1.,0.,0.));
#2338=DIRECTION('center_axis',(0.,0.,-1.));
#2339=DIRECTION('ref_axis',(-1.,0.,0.));
#2340=DIRECTION('',(-1.,0.,0.));
#2341=DIRECTION('center_axis',(0.,0.,-1.));
#2342=DIRECTION('ref_axis',(-1.,0.,0.));
#2343=DIRECTION('',(1.,0.,0.));
#2344=DIRECTION('center_axis',(0.,0.,-1.));
#2345=DIRECTION('ref_axis',(1.,0.,0.));
#2346=DIRECTION('center_axis',(0.,0.,1.));
#2347=DIRECTION('ref_axis',(-1.,0.,0.));
#2348=DIRECTION('',(-1.,0.,0.));
#2349=DIRECTION('center_axis',(0.,0.,1.));
#2350=DIRECTION('ref_axis',(-1.,0.,0.));
#2351=DIRECTION('',(1.,0.,0.));
#2352=DIRECTION('center_axis',(0.,1.37836020375202E-7,0.999999999999991));
#2353=DIRECTION('ref_axis',(0.,-0.99999999999999,1.37836020375202E-7));
#2354=DIRECTION('',(1.,0.,0.));
#2355=DIRECTION('center_axis',(0.,-1.37836020375202E-7,-0.999999999999991));
#2356=DIRECTION('ref_axis',(0.,-0.99999999999999,1.37836020375202E-7));
#2357=DIRECTION('',(1.,0.,0.));
#2358=DIRECTION('',(1.,0.,0.));
#2359=DIRECTION('',(0.,-0.99999999999999,1.37836020375202E-7));
#2360=DIRECTION('',(1.,0.,0.));
#2361=DIRECTION('center_axis',(0.,1.,0.));
#2362=DIRECTION('ref_axis',(-0.707106781186547,0.,-0.707106781186548));
#2363=DIRECTION('center_axis',(0.,1.,0.));
#2364=DIRECTION('ref_axis',(-0.707106781186547,0.,-0.707106781186548));
#2365=DIRECTION('',(0.,-1.,0.));
#2366=DIRECTION('center_axis',(0.,-1.,0.));
#2367=DIRECTION('ref_axis',(-0.707106781186547,0.,-0.707106781186548));
#2368=DIRECTION('',(0.,1.,0.));
#2369=DIRECTION('center_axis',(1.,0.,0.));
#2370=DIRECTION('ref_axis',(0.,0.,-1.));
#2371=DIRECTION('',(0.,0.,1.));
#2372=DIRECTION('',(0.,1.,0.));
#2373=DIRECTION('',(0.,0.,-1.));
#2374=DIRECTION('center_axis',(0.,-1.,0.));
#2375=DIRECTION('ref_axis',(-0.707106781186547,0.,0.707106781186548));
#2376=DIRECTION('center_axis',(0.,1.,0.));
#2377=DIRECTION('ref_axis',(-0.707106781186547,0.,0.707106781186548));
#2378=DIRECTION('',(0.,-1.,0.));
#2379=DIRECTION('center_axis',(0.,-1.,0.));
#2380=DIRECTION('ref_axis',(-0.707106781186547,0.,0.707106781186548));
#2381=DIRECTION('center_axis',(0.,0.,-1.));
#2382=DIRECTION('ref_axis',(0.,1.,0.));
#2383=DIRECTION('',(1.,0.,0.));
#2384=DIRECTION('',(0.,-1.,0.));
#2385=DIRECTION('',(1.,0.,0.));
#2386=DIRECTION('center_axis',(0.,0.,1.));
#2387=DIRECTION('ref_axis',(-1.,0.,0.));
#2388=DIRECTION('center_axis',(0.,0.,1.));
#2389=DIRECTION('ref_axis',(-1.,0.,0.));
#2390=DIRECTION('',(1.,0.,0.));
#2391=DIRECTION('center_axis',(0.,0.,-1.));
#2392=DIRECTION('ref_axis',(-0.986013297183269,0.166666666666667,0.));
#2393=DIRECTION('center_axis',(0.,0.,1.));
#2394=DIRECTION('ref_axis',(0.559016994374948,-0.82915619758885,0.));
#2395=DIRECTION('',(1.,0.,0.));
#2396=DIRECTION('center_axis',(0.,0.,-1.));
#2397=DIRECTION('ref_axis',(0.559016994374948,-0.82915619758885,0.));
#2398=DIRECTION('center_axis',(0.,0.,-1.));
#2399=DIRECTION('ref_axis',(0.559016994374948,-0.82915619758885,0.));
#2400=DIRECTION('',(0.,0.,-1.));
#2401=DIRECTION('',(0.,0.,1.));
#2402=DIRECTION('center_axis',(0.,-1.,0.));
#2403=DIRECTION('ref_axis',(0.,0.,-1.));
#2404=DIRECTION('',(1.,0.,0.));
#2405=DIRECTION('',(0.,0.,1.));
#2406=DIRECTION('',(1.,0.,0.));
#2407=DIRECTION('',(0.,0.,-1.));
#2408=DIRECTION('',(1.,0.,0.));
#2409=DIRECTION('center_axis',(0.,0.,-1.));
#2410=DIRECTION('ref_axis',(0.559016994374948,-0.82915619758885,0.));
#2411=DIRECTION('center_axis',(0.,0.,1.));
#2412=DIRECTION('ref_axis',(0.559016994374948,-0.82915619758885,0.));
#2413=DIRECTION('',(0.,0.,1.));
#2414=DIRECTION('center_axis',(0.,0.,-1.));
#2415=DIRECTION('ref_axis',(0.559016994374948,-0.82915619758885,0.));
#2416=DIRECTION('center_axis',(0.,0.,1.));
#2417=DIRECTION('ref_axis',(0.,-1.,0.));
#2418=DIRECTION('center_axis',(0.,0.,1.));
#2419=DIRECTION('ref_axis',(-0.986013297183269,0.166666666666667,0.));
#2420=DIRECTION('',(-1.,0.,0.));
#2421=DIRECTION('center_axis',(0.,0.,-1.));
#2422=DIRECTION('ref_axis',(-1.,0.,0.));
#2423=DIRECTION('center_axis',(0.,0.,-1.));
#2424=DIRECTION('ref_axis',(-1.,0.,0.));
#2425=DIRECTION('',(-1.,0.,0.));
#2426=DIRECTION('',(0.,1.,0.));
#2427=DIRECTION('',(1.,0.,0.));
#2428=DIRECTION('center_axis',(0.,0.,1.));
#2429=DIRECTION('ref_axis',(-1.,0.,0.));
#2430=DIRECTION('center_axis',(0.,0.,1.));
#2431=DIRECTION('ref_axis',(-1.,0.,0.));
#2432=DIRECTION('',(0.,0.,1.));
#2433=DIRECTION('center_axis',(0.,0.,-1.));
#2434=DIRECTION('ref_axis',(-1.,0.,0.));
#2435=DIRECTION('center_axis',(0.,0.,1.));
#2436=DIRECTION('ref_axis',(-1.,0.,0.));
#2437=DIRECTION('center_axis',(0.,0.,1.));
#2438=DIRECTION('ref_axis',(-1.,0.,0.));
#2439=DIRECTION('',(0.,0.,1.));
#2440=DIRECTION('center_axis',(0.,0.,-1.));
#2441=DIRECTION('ref_axis',(-1.,0.,0.));
#2442=DIRECTION('center_axis',(0.,0.,1.));
#2443=DIRECTION('ref_axis',(-1.,0.,0.));
#2444=DIRECTION('center_axis',(0.,0.,1.));
#2445=DIRECTION('ref_axis',(-1.,0.,0.));
#2446=DIRECTION('',(0.,0.,1.));
#2447=DIRECTION('center_axis',(0.,0.,-1.));
#2448=DIRECTION('ref_axis',(-1.,0.,0.));
#2449=DIRECTION('center_axis',(0.,0.,1.));
#2450=DIRECTION('ref_axis',(-1.,0.,0.));
#2451=DIRECTION('center_axis',(0.,0.,1.));
#2452=DIRECTION('ref_axis',(-1.,0.,0.));
#2453=DIRECTION('',(0.,0.,1.));
#2454=DIRECTION('center_axis',(0.,0.,-1.));
#2455=DIRECTION('ref_axis',(-1.,0.,0.));
#2456=DIRECTION('center_axis',(0.,0.,1.));
#2457=DIRECTION('ref_axis',(-1.,0.,0.));
#2458=DIRECTION('center_axis',(0.,0.,1.));
#2459=DIRECTION('ref_axis',(-1.,0.,0.));
#2460=DIRECTION('',(0.,0.,1.));
#2461=DIRECTION('center_axis',(0.,0.,-1.));
#2462=DIRECTION('ref_axis',(-1.,0.,0.));
#2463=DIRECTION('center_axis',(0.,0.,-1.));
#2464=DIRECTION('ref_axis',(-1.,0.,0.));
#2465=DIRECTION('center_axis',(0.,-1.37836020375202E-7,-0.999999999999991));
#2466=DIRECTION('ref_axis',(0.,-0.99999999999999,1.37836020375202E-7));
#2467=DIRECTION('center_axis',(0.,0.,-1.));
#2468=DIRECTION('ref_axis',(-1.,0.,0.));
#2469=DIRECTION('center_axis',(0.,0.,1.));
#2470=DIRECTION('ref_axis',(-1.,0.,0.));
#2471=DIRECTION('center_axis',(0.,0.,1.));
#2472=DIRECTION('ref_axis',(-1.,0.,0.));
#2473=DIRECTION('',(0.,0.,1.));
#2474=DIRECTION('center_axis',(0.,0.,-1.));
#2475=DIRECTION('ref_axis',(-1.,0.,0.));
#2476=DIRECTION('center_axis',(0.,-1.,0.));
#2477=DIRECTION('ref_axis',(-1.,0.,0.));
#2478=DIRECTION('center_axis',(0.,-1.,0.));
#2479=DIRECTION('ref_axis',(-1.,0.,0.));
#2480=DIRECTION('',(0.,-1.,0.));
#2481=DIRECTION('center_axis',(0.,1.,0.));
#2482=DIRECTION('ref_axis',(-1.,0.,0.));
#2483=DIRECTION('center_axis',(0.,-1.,0.));
#2484=DIRECTION('ref_axis',(0.,0.,-1.));
#2485=DIRECTION('',(0.,0.,1.));
#2486=DIRECTION('',(0.,0.,1.));
#2487=DIRECTION('',(1.,0.,0.));
#2488=DIRECTION('',(0.,0.,-1.));
#2489=DIRECTION('',(0.,0.,1.));
#2490=DIRECTION('center_axis',(0.,1.,0.));
#2491=DIRECTION('ref_axis',(-1.,0.,0.));
#2492=DIRECTION('center_axis',(0.,1.,0.));
#2493=DIRECTION('ref_axis',(-1.,0.,0.));
#2494=DIRECTION('center_axis',(0.,1.,0.));
#2495=DIRECTION('ref_axis',(-1.,0.,0.));
#2496=DIRECTION('center_axis',(0.,1.,0.));
#2497=DIRECTION('ref_axis',(-1.,0.,0.));
#2498=DIRECTION('center_axis',(0.,-1.,0.));
#2499=DIRECTION('ref_axis',(-1.,0.,0.));
#2500=DIRECTION('center_axis',(0.,-1.,0.));
#2501=DIRECTION('ref_axis',(-1.,0.,0.));
#2502=DIRECTION('',(0.,-1.,0.));
#2503=DIRECTION('center_axis',(0.,1.,0.));
#2504=DIRECTION('ref_axis',(0.,0.,1.));
#2505=DIRECTION('',(-1.,0.,0.));
#2506=DIRECTION('',(0.,0.,-1.));
#2507=DIRECTION('',(0.,0.,1.));
#2508=DIRECTION('',(1.,0.,0.));
#2509=DIRECTION('',(0.,0.,-1.));
#2510=DIRECTION('',(1.,0.,0.));
#2511=DIRECTION('',(1.,0.,0.));
#2512=DIRECTION('',(0.,0.,-1.));
#2513=DIRECTION('',(0.,0.,-1.));
#2514=DIRECTION('',(0.,0.,-1.));
#2515=DIRECTION('',(-1.,0.,0.));
#2516=DIRECTION('center_axis',(0.,-1.,0.));
#2517=DIRECTION('ref_axis',(-1.,0.,0.));
#2518=DIRECTION('center_axis',(0.,-1.,0.));
#2519=DIRECTION('ref_axis',(-1.,0.,0.));
#2520=DIRECTION('center_axis',(0.,-1.,0.));
#2521=DIRECTION('ref_axis',(-1.,0.,0.));
#2522=DIRECTION('center_axis',(0.,0.,1.));
#2523=DIRECTION('ref_axis',(0.,-1.,0.));
#2524=DIRECTION('center_axis',(0.,0.,1.));
#2525=DIRECTION('ref_axis',(-0.986013297183269,0.166666666666667,0.));
#2526=DIRECTION('',(1.,0.,0.));
#2527=DIRECTION('',(0.,-1.,0.));
#2528=DIRECTION('',(1.,0.,0.));
#2529=DIRECTION('center_axis',(0.,0.,1.));
#2530=DIRECTION('ref_axis',(-0.707106781186547,-0.707106781186547,0.));
#2531=DIRECTION('',(0.,-1.,0.));
#2532=DIRECTION('center_axis',(0.,0.,-1.));
#2533=DIRECTION('ref_axis',(0.707106781186547,0.707106781186547,0.));
#2534=DIRECTION('',(0.,1.,0.));
#2535=DIRECTION('center_axis',(0.,-1.,0.));
#2536=DIRECTION('ref_axis',(-1.,0.,0.));
#2537=DIRECTION('',(0.,-1.,0.));
#2538=DIRECTION('center_axis',(0.,-1.,0.));
#2539=DIRECTION('ref_axis',(-1.,0.,0.));
#2540=DIRECTION('',(0.,-1.,0.));
#2541=DIRECTION('center_axis',(0.,-1.,0.));
#2542=DIRECTION('ref_axis',(-1.,0.,0.));
#2543=DIRECTION('',(0.,-1.,0.));
#2544=DIRECTION('center_axis',(0.,0.,1.));
#2545=DIRECTION('ref_axis',(0.707106781186547,0.707106781186547,0.));
#2546=DIRECTION('center_axis',(0.,0.,-1.));
#2547=DIRECTION('ref_axis',(0.707106781186547,0.707106781186547,0.));
#2548=DIRECTION('',(0.,0.,-1.));
#2549=DIRECTION('center_axis',(0.,0.,1.));
#2550=DIRECTION('ref_axis',(0.707106781186547,0.707106781186547,0.));
#2551=DIRECTION('',(0.,0.,1.));
#2552=DIRECTION('',(0.,0.,1.));
#2553=DIRECTION('center_axis',(0.,0.,1.));
#2554=DIRECTION('ref_axis',(0.707106781186547,0.707106781186547,0.));
#2555=DIRECTION('',(0.,0.,-1.));
#2556=DIRECTION('center_axis',(0.,0.,-1.));
#2557=DIRECTION('ref_axis',(0.,1.,0.));
#2558=DIRECTION('',(0.,-1.,0.));
#2559=DIRECTION('',(0.,1.,0.));
#2560=DIRECTION('center_axis',(0.,0.,-1.));
#2561=DIRECTION('ref_axis',(-0.707106781186547,-0.707106781186547,0.));
#2562=DIRECTION('center_axis',(1.,0.,0.));
#2563=DIRECTION('ref_axis',(0.,0.,-1.));
#2564=DIRECTION('',(0.,0.,1.));
#2565=DIRECTION('center_axis',(0.,0.,-1.));
#2566=DIRECTION('ref_axis',(-0.707106781186547,-0.707106781186547,0.));
#2567=DIRECTION('center_axis',(0.,0.,-1.));
#2568=DIRECTION('ref_axis',(-0.707106781186547,-0.707106781186547,0.));
#2569=DIRECTION('center_axis',(0.,0.,1.));
#2570=DIRECTION('ref_axis',(-0.707106781186547,-0.707106781186547,0.));
#2571=DIRECTION('center_axis',(0.,0.,-1.));
#2572=DIRECTION('ref_axis',(-0.707106781186547,-0.707106781186547,0.));
#2573=DIRECTION('',(0.,0.,1.));
#2574=DIRECTION('center_axis',(0.,0.,-1.));
#2575=DIRECTION('ref_axis',(-0.986013297183269,0.166666666666667,0.));
#2576=DIRECTION('center_axis',(0.,0.,-1.));
#2577=DIRECTION('ref_axis',(-0.986013297183269,0.166666666666667,0.));
#2578=DIRECTION('center_axis',(0.,0.,-1.));
#2579=DIRECTION('ref_axis',(-0.986013297183269,0.166666666666667,0.));
#2580=DIRECTION('center_axis',(1.,0.,0.));
#2581=DIRECTION('ref_axis',(0.,0.,-1.));
#2582=DIRECTION('',(0.,1.,-4.44089209850062E-15));
#2583=DIRECTION('center_axis',(1.,0.,0.));
#2584=DIRECTION('ref_axis',(0.,0.,-1.));
#2585=DIRECTION('',(0.,0.,-1.));
#2586=DIRECTION('center_axis',(-1.,0.,0.));
#2587=DIRECTION('ref_axis',(0.,0.,-1.));
#2588=DIRECTION('center_axis',(-1.,0.,0.));
#2589=DIRECTION('ref_axis',(0.,0.,-1.));
#2590=DIRECTION('center_axis',(-1.,0.,0.));
#2591=DIRECTION('ref_axis',(0.,0.,-1.));
#2592=DIRECTION('center_axis',(1.,0.,0.));
#2593=DIRECTION('ref_axis',(0.,0.,-1.));
#2594=DIRECTION('center_axis',(-1.,0.,0.));
#2595=DIRECTION('ref_axis',(0.,0.,-1.));
#2596=DIRECTION('center_axis',(-1.,0.,0.));
#2597=DIRECTION('ref_axis',(0.,0.,-1.));
#2598=DIRECTION('center_axis',(-1.,0.,0.));
#2599=DIRECTION('ref_axis',(0.,0.,-1.));
#2600=DIRECTION('center_axis',(-1.,0.,0.));
#2601=DIRECTION('ref_axis',(0.,0.,-1.));
#2602=DIRECTION('',(0.,1.,0.));
#2603=DIRECTION('center_axis',(-1.,0.,0.));
#2604=DIRECTION('ref_axis',(0.,0.,-1.));
#2605=DIRECTION('center_axis',(1.,0.,0.));
#2606=DIRECTION('ref_axis',(0.,0.,-1.));
#2607=DIRECTION('',(0.,-1.,0.));
#2608=DIRECTION('',(0.,1.,0.));
#2609=DIRECTION('center_axis',(0.,0.,1.));
#2610=DIRECTION('ref_axis',(0.,-1.,0.));
#2611=DIRECTION('center_axis',(0.,1.37836020375202E-7,0.999999999999991));
#2612=DIRECTION('ref_axis',(0.,-0.99999999999999,1.37836020375202E-7));
#2613=DIRECTION('center_axis',(1.,0.,0.));
#2614=DIRECTION('ref_axis',(0.,0.,-1.));
#2615=DIRECTION('',(0.,1.,0.));
#2616=DIRECTION('center_axis',(-1.,0.,0.));
#2617=DIRECTION('ref_axis',(0.,0.,-1.));
#2618=DIRECTION('center_axis',(-1.,0.,0.));
#2619=DIRECTION('ref_axis',(0.,0.,-1.));
#2620=DIRECTION('center_axis',(-1.,0.,0.));
#2621=DIRECTION('ref_axis',(0.,0.,-1.));
#2622=DIRECTION('center_axis',(-1.,0.,0.));
#2623=DIRECTION('ref_axis',(0.,0.,-1.));
#2624=DIRECTION('center_axis',(-1.,0.,0.));
#2625=DIRECTION('ref_axis',(0.,0.,-1.));
#2626=DIRECTION('center_axis',(-1.,0.,0.));
#2627=DIRECTION('ref_axis',(0.,0.,-1.));
#2628=DIRECTION('center_axis',(0.,1.,0.));
#2629=DIRECTION('ref_axis',(0.,0.,1.));
#2630=DIRECTION('center_axis',(1.,0.,0.));
#2631=DIRECTION('ref_axis',(0.,0.,-1.));
#2632=DIRECTION('',(-1.,0.,0.));
#2633=DIRECTION('center_axis',(1.,0.,0.));
#2634=DIRECTION('ref_axis',(0.,0.,-1.));
#2635=DIRECTION('',(-1.,0.,0.));
#2636=DIRECTION('center_axis',(1.,0.,0.));
#2637=DIRECTION('ref_axis',(0.,0.,-1.));
#2638=DIRECTION('',(-1.,0.,0.));
#2639=DIRECTION('center_axis',(1.,0.,0.));
#2640=DIRECTION('ref_axis',(0.,0.,-1.));
#2641=DIRECTION('',(-1.,0.,0.));
#2642=DIRECTION('center_axis',(1.,0.,0.));
#2643=DIRECTION('ref_axis',(0.,0.,-1.));
#2644=DIRECTION('',(-1.,0.,0.));
#2645=DIRECTION('center_axis',(1.,0.,0.));
#2646=DIRECTION('ref_axis',(0.,0.,-1.));
#2647=DIRECTION('',(-1.,0.,0.));
#2648=DIRECTION('center_axis',(0.,0.,-1.));
#2649=DIRECTION('ref_axis',(0.,1.,0.));
#2650=DIRECTION('center_axis',(0.,0.,1.));
#2651=DIRECTION('ref_axis',(-1.,0.,0.));
#2652=DIRECTION('center_axis',(0.,0.,-1.));
#2653=DIRECTION('ref_axis',(-1.,0.,0.));
#2654=DIRECTION('',(-1.,0.,0.));
#2655=DIRECTION('center_axis',(0.,0.,-1.));
#2656=DIRECTION('ref_axis',(-1.,0.,0.));
#2657=DIRECTION('',(1.,0.,0.));
#2658=DIRECTION('center_axis',(0.,0.,-1.));
#2659=DIRECTION('ref_axis',(1.,0.,0.));
#2660=DIRECTION('center_axis',(0.,0.,1.));
#2661=DIRECTION('ref_axis',(-1.,0.,0.));
#2662=DIRECTION('',(-1.,0.,0.));
#2663=DIRECTION('center_axis',(0.,0.,1.));
#2664=DIRECTION('ref_axis',(-1.,0.,0.));
#2665=DIRECTION('',(1.,0.,0.));
#2666=DIRECTION('center_axis',(0.,1.37836020375202E-7,0.999999999999991));
#2667=DIRECTION('ref_axis',(0.,-0.99999999999999,1.37836020375202E-7));
#2668=DIRECTION('',(1.,0.,0.));
#2669=DIRECTION('center_axis',(0.,-1.37836020375202E-7,-0.999999999999991));
#2670=DIRECTION('ref_axis',(0.,-0.99999999999999,1.37836020375202E-7));
#2671=DIRECTION('',(1.,0.,0.));
#2672=DIRECTION('',(1.,0.,0.));
#2673=DIRECTION('',(0.,-0.99999999999999,1.37836020375202E-7));
#2674=DIRECTION('',(1.,0.,0.));
#2675=DIRECTION('center_axis',(0.,1.,0.));
#2676=DIRECTION('ref_axis',(-0.707106781186547,0.,-0.707106781186548));
#2677=DIRECTION('center_axis',(0.,1.,0.));
#2678=DIRECTION('ref_axis',(-0.707106781186547,0.,-0.707106781186548));
#2679=DIRECTION('',(0.,-1.,0.));
#2680=DIRECTION('center_axis',(0.,-1.,0.));
#2681=DIRECTION('ref_axis',(-0.707106781186547,0.,-0.707106781186548));
#2682=DIRECTION('',(0.,1.,0.));
#2683=DIRECTION('center_axis',(1.,0.,0.));
#2684=DIRECTION('ref_axis',(0.,0.,-1.));
#2685=DIRECTION('',(0.,0.,1.));
#2686=DIRECTION('',(0.,1.,0.));
#2687=DIRECTION('',(0.,0.,-1.));
#2688=DIRECTION('center_axis',(0.,-1.,0.));
#2689=DIRECTION('ref_axis',(-0.707106781186547,0.,0.707106781186548));
#2690=DIRECTION('center_axis',(0.,1.,0.));
#2691=DIRECTION('ref_axis',(-0.707106781186547,0.,0.707106781186548));
#2692=DIRECTION('',(0.,-1.,0.));
#2693=DIRECTION('center_axis',(0.,-1.,0.));
#2694=DIRECTION('ref_axis',(-0.707106781186547,0.,0.707106781186548));
#2695=DIRECTION('center_axis',(0.,0.,-1.));
#2696=DIRECTION('ref_axis',(0.,1.,0.));
#2697=DIRECTION('',(1.,0.,0.));
#2698=DIRECTION('',(0.,-1.,0.));
#2699=DIRECTION('',(1.,0.,0.));
#2700=DIRECTION('center_axis',(0.,0.,1.));
#2701=DIRECTION('ref_axis',(-1.,0.,0.));
#2702=DIRECTION('center_axis',(0.,0.,1.));
#2703=DIRECTION('ref_axis',(-1.,0.,0.));
#2704=DIRECTION('',(1.,0.,0.));
#2705=DIRECTION('center_axis',(0.,0.,-1.));
#2706=DIRECTION('ref_axis',(-0.986013297183269,0.166666666666667,0.));
#2707=DIRECTION('center_axis',(0.,0.,1.));
#2708=DIRECTION('ref_axis',(0.559016994374948,-0.82915619758885,0.));
#2709=DIRECTION('',(1.,0.,0.));
#2710=DIRECTION('center_axis',(0.,0.,-1.));
#2711=DIRECTION('ref_axis',(0.559016994374948,-0.82915619758885,0.));
#2712=DIRECTION('center_axis',(0.,0.,-1.));
#2713=DIRECTION('ref_axis',(0.559016994374948,-0.82915619758885,0.));
#2714=DIRECTION('',(0.,0.,-1.));
#2715=DIRECTION('',(0.,0.,1.));
#2716=DIRECTION('center_axis',(0.,-1.,0.));
#2717=DIRECTION('ref_axis',(0.,0.,-1.));
#2718=DIRECTION('',(1.,0.,0.));
#2719=DIRECTION('',(0.,0.,1.));
#2720=DIRECTION('',(1.,0.,0.));
#2721=DIRECTION('',(0.,0.,-1.));
#2722=DIRECTION('',(1.,0.,0.));
#2723=DIRECTION('center_axis',(0.,0.,-1.));
#2724=DIRECTION('ref_axis',(0.559016994374948,-0.82915619758885,0.));
#2725=DIRECTION('center_axis',(0.,0.,1.));
#2726=DIRECTION('ref_axis',(0.559016994374948,-0.82915619758885,0.));
#2727=DIRECTION('',(0.,0.,1.));
#2728=DIRECTION('center_axis',(0.,0.,-1.));
#2729=DIRECTION('ref_axis',(0.559016994374948,-0.82915619758885,0.));
#2730=DIRECTION('center_axis',(0.,0.,1.));
#2731=DIRECTION('ref_axis',(0.,-1.,0.));
#2732=DIRECTION('center_axis',(0.,0.,1.));
#2733=DIRECTION('ref_axis',(-0.986013297183269,0.166666666666667,0.));
#2734=DIRECTION('',(-1.,0.,0.));
#2735=DIRECTION('center_axis',(0.,0.,-1.));
#2736=DIRECTION('ref_axis',(-1.,0.,0.));
#2737=DIRECTION('center_axis',(0.,0.,-1.));
#2738=DIRECTION('ref_axis',(-1.,0.,0.));
#2739=DIRECTION('',(-1.,0.,0.));
#2740=DIRECTION('',(0.,1.,0.));
#2741=DIRECTION('',(1.,0.,0.));
#2742=DIRECTION('center_axis',(0.,0.,1.));
#2743=DIRECTION('ref_axis',(-1.,0.,0.));
#2744=DIRECTION('center_axis',(0.,0.,1.));
#2745=DIRECTION('ref_axis',(-1.,0.,0.));
#2746=DIRECTION('',(0.,0.,1.));
#2747=DIRECTION('center_axis',(0.,0.,-1.));
#2748=DIRECTION('ref_axis',(-1.,0.,0.));
#2749=DIRECTION('center_axis',(0.,0.,1.));
#2750=DIRECTION('ref_axis',(-1.,0.,0.));
#2751=DIRECTION('center_axis',(0.,0.,1.));
#2752=DIRECTION('ref_axis',(-1.,0.,0.));
#2753=DIRECTION('',(0.,0.,1.));
#2754=DIRECTION('center_axis',(0.,0.,-1.));
#2755=DIRECTION('ref_axis',(-1.,0.,0.));
#2756=DIRECTION('center_axis',(0.,0.,1.));
#2757=DIRECTION('ref_axis',(-1.,0.,0.));
#2758=DIRECTION('center_axis',(0.,0.,1.));
#2759=DIRECTION('ref_axis',(-1.,0.,0.));
#2760=DIRECTION('',(0.,0.,1.));
#2761=DIRECTION('center_axis',(0.,0.,-1.));
#2762=DIRECTION('ref_axis',(-1.,0.,0.));
#2763=DIRECTION('center_axis',(0.,0.,1.));
#2764=DIRECTION('ref_axis',(-1.,0.,0.));
#2765=DIRECTION('center_axis',(0.,0.,1.));
#2766=DIRECTION('ref_axis',(-1.,0.,0.));
#2767=DIRECTION('',(0.,0.,1.));
#2768=DIRECTION('center_axis',(0.,0.,-1.));
#2769=DIRECTION('ref_axis',(-1.,0.,0.));
#2770=DIRECTION('center_axis',(0.,0.,1.));
#2771=DIRECTION('ref_axis',(-1.,0.,0.));
#2772=DIRECTION('center_axis',(0.,0.,1.));
#2773=DIRECTION('ref_axis',(-1.,0.,0.));
#2774=DIRECTION('',(0.,0.,1.));
#2775=DIRECTION('center_axis',(0.,0.,-1.));
#2776=DIRECTION('ref_axis',(-1.,0.,0.));
#2777=DIRECTION('center_axis',(0.,0.,-1.));
#2778=DIRECTION('ref_axis',(-1.,0.,0.));
#2779=DIRECTION('center_axis',(0.,-1.37836020375202E-7,-0.999999999999991));
#2780=DIRECTION('ref_axis',(0.,-0.99999999999999,1.37836020375202E-7));
#2781=DIRECTION('center_axis',(0.,0.,-1.));
#2782=DIRECTION('ref_axis',(-1.,0.,0.));
#2783=DIRECTION('center_axis',(0.,0.,1.));
#2784=DIRECTION('ref_axis',(-1.,0.,0.));
#2785=DIRECTION('center_axis',(0.,0.,1.));
#2786=DIRECTION('ref_axis',(-1.,0.,0.));
#2787=DIRECTION('',(0.,0.,1.));
#2788=DIRECTION('center_axis',(0.,0.,-1.));
#2789=DIRECTION('ref_axis',(-1.,0.,0.));
#2790=DIRECTION('center_axis',(0.,-1.,0.));
#2791=DIRECTION('ref_axis',(-1.,0.,0.));
#2792=DIRECTION('center_axis',(0.,-1.,0.));
#2793=DIRECTION('ref_axis',(-1.,0.,0.));
#2794=DIRECTION('',(0.,-1.,0.));
#2795=DIRECTION('center_axis',(0.,1.,0.));
#2796=DIRECTION('ref_axis',(-1.,0.,0.));
#2797=DIRECTION('center_axis',(0.,-1.,0.));
#2798=DIRECTION('ref_axis',(0.,0.,-1.));
#2799=DIRECTION('',(0.,0.,1.));
#2800=DIRECTION('',(0.,0.,1.));
#2801=DIRECTION('',(1.,0.,0.));
#2802=DIRECTION('',(0.,0.,-1.));
#2803=DIRECTION('',(0.,0.,1.));
#2804=DIRECTION('center_axis',(0.,1.,0.));
#2805=DIRECTION('ref_axis',(-1.,0.,0.));
#2806=DIRECTION('center_axis',(0.,1.,0.));
#2807=DIRECTION('ref_axis',(-1.,0.,0.));
#2808=DIRECTION('center_axis',(0.,1.,0.));
#2809=DIRECTION('ref_axis',(-1.,0.,0.));
#2810=DIRECTION('center_axis',(0.,1.,0.));
#2811=DIRECTION('ref_axis',(-1.,0.,0.));
#2812=DIRECTION('center_axis',(0.,-1.,0.));
#2813=DIRECTION('ref_axis',(-1.,0.,0.));
#2814=DIRECTION('center_axis',(0.,-1.,0.));
#2815=DIRECTION('ref_axis',(-1.,0.,0.));
#2816=DIRECTION('',(0.,-1.,0.));
#2817=DIRECTION('center_axis',(0.,1.,0.));
#2818=DIRECTION('ref_axis',(0.,0.,1.));
#2819=DIRECTION('',(-1.,0.,0.));
#2820=DIRECTION('',(0.,0.,-1.));
#2821=DIRECTION('',(0.,0.,1.));
#2822=DIRECTION('',(1.,0.,0.));
#2823=DIRECTION('',(0.,0.,-1.));
#2824=DIRECTION('',(1.,0.,0.));
#2825=DIRECTION('',(1.,0.,0.));
#2826=DIRECTION('',(0.,0.,-1.));
#2827=DIRECTION('',(0.,0.,-1.));
#2828=DIRECTION('',(0.,0.,-1.));
#2829=DIRECTION('',(-1.,0.,0.));
#2830=DIRECTION('center_axis',(0.,-1.,0.));
#2831=DIRECTION('ref_axis',(-1.,0.,0.));
#2832=DIRECTION('center_axis',(0.,-1.,0.));
#2833=DIRECTION('ref_axis',(-1.,0.,0.));
#2834=DIRECTION('center_axis',(0.,-1.,0.));
#2835=DIRECTION('ref_axis',(-1.,0.,0.));
#2836=DIRECTION('center_axis',(0.,0.,1.));
#2837=DIRECTION('ref_axis',(0.,-1.,0.));
#2838=DIRECTION('center_axis',(0.,0.,1.));
#2839=DIRECTION('ref_axis',(-0.986013297183269,0.166666666666667,0.));
#2840=DIRECTION('',(1.,0.,0.));
#2841=DIRECTION('',(0.,-1.,0.));
#2842=DIRECTION('',(1.,0.,0.));
#2843=DIRECTION('center_axis',(0.,0.,1.));
#2844=DIRECTION('ref_axis',(-0.707106781186547,-0.707106781186547,0.));
#2845=DIRECTION('',(0.,-1.,0.));
#2846=DIRECTION('center_axis',(0.,0.,-1.));
#2847=DIRECTION('ref_axis',(0.707106781186547,0.707106781186547,0.));
#2848=DIRECTION('',(0.,1.,0.));
#2849=DIRECTION('center_axis',(0.,-1.,0.));
#2850=DIRECTION('ref_axis',(-1.,0.,0.));
#2851=DIRECTION('',(0.,-1.,0.));
#2852=DIRECTION('center_axis',(0.,-1.,0.));
#2853=DIRECTION('ref_axis',(-1.,0.,0.));
#2854=DIRECTION('',(0.,-1.,0.));
#2855=DIRECTION('center_axis',(0.,-1.,0.));
#2856=DIRECTION('ref_axis',(-1.,0.,0.));
#2857=DIRECTION('',(0.,-1.,0.));
#2858=DIRECTION('center_axis',(0.,0.,1.));
#2859=DIRECTION('ref_axis',(0.707106781186547,0.707106781186547,0.));
#2860=DIRECTION('center_axis',(0.,0.,-1.));
#2861=DIRECTION('ref_axis',(0.707106781186547,0.707106781186547,0.));
#2862=DIRECTION('',(0.,0.,-1.));
#2863=DIRECTION('center_axis',(0.,0.,1.));
#2864=DIRECTION('ref_axis',(0.707106781186547,0.707106781186547,0.));
#2865=DIRECTION('',(0.,0.,1.));
#2866=DIRECTION('',(0.,0.,1.));
#2867=DIRECTION('center_axis',(0.,0.,1.));
#2868=DIRECTION('ref_axis',(0.707106781186547,0.707106781186547,0.));
#2869=DIRECTION('',(0.,0.,-1.));
#2870=DIRECTION('center_axis',(0.,0.,-1.));
#2871=DIRECTION('ref_axis',(0.,1.,0.));
#2872=DIRECTION('',(0.,-1.,0.));
#2873=DIRECTION('',(0.,1.,0.));
#2874=DIRECTION('center_axis',(0.,0.,-1.));
#2875=DIRECTION('ref_axis',(-0.707106781186547,-0.707106781186547,0.));
#2876=DIRECTION('center_axis',(1.,0.,0.));
#2877=DIRECTION('ref_axis',(0.,0.,-1.));
#2878=DIRECTION('',(0.,0.,1.));
#2879=DIRECTION('center_axis',(0.,0.,-1.));
#2880=DIRECTION('ref_axis',(-0.707106781186547,-0.707106781186547,0.));
#2881=DIRECTION('center_axis',(0.,0.,-1.));
#2882=DIRECTION('ref_axis',(-0.707106781186547,-0.707106781186547,0.));
#2883=DIRECTION('center_axis',(0.,0.,1.));
#2884=DIRECTION('ref_axis',(-0.707106781186547,-0.707106781186547,0.));
#2885=DIRECTION('center_axis',(0.,0.,-1.));
#2886=DIRECTION('ref_axis',(-0.707106781186547,-0.707106781186547,0.));
#2887=DIRECTION('',(0.,0.,1.));
#2888=DIRECTION('center_axis',(0.,0.,-1.));
#2889=DIRECTION('ref_axis',(-0.986013297183269,0.166666666666667,0.));
#2890=DIRECTION('center_axis',(0.,0.,-1.));
#2891=DIRECTION('ref_axis',(-0.986013297183269,0.166666666666667,0.));
#2892=DIRECTION('center_axis',(0.,0.,-1.));
#2893=DIRECTION('ref_axis',(-0.986013297183269,0.166666666666667,0.));
#2894=DIRECTION('center_axis',(1.,0.,0.));
#2895=DIRECTION('ref_axis',(0.,0.,-1.));
#2896=DIRECTION('',(0.,1.,-4.44089209850062E-15));
#2897=DIRECTION('center_axis',(1.,0.,0.));
#2898=DIRECTION('ref_axis',(0.,0.,-1.));
#2899=DIRECTION('',(0.,0.,-1.));
#2900=DIRECTION('center_axis',(-1.,0.,0.));
#2901=DIRECTION('ref_axis',(0.,0.,-1.));
#2902=DIRECTION('center_axis',(-1.,0.,0.));
#2903=DIRECTION('ref_axis',(0.,0.,-1.));
#2904=DIRECTION('center_axis',(-1.,0.,0.));
#2905=DIRECTION('ref_axis',(0.,0.,-1.));
#2906=DIRECTION('center_axis',(1.,0.,0.));
#2907=DIRECTION('ref_axis',(0.,0.,-1.));
#2908=DIRECTION('center_axis',(-1.,0.,0.));
#2909=DIRECTION('ref_axis',(0.,0.,-1.));
#2910=DIRECTION('center_axis',(-1.,0.,0.));
#2911=DIRECTION('ref_axis',(0.,0.,-1.));
#2912=DIRECTION('center_axis',(-1.,0.,0.));
#2913=DIRECTION('ref_axis',(0.,0.,-1.));
#2914=DIRECTION('center_axis',(-1.,0.,0.));
#2915=DIRECTION('ref_axis',(0.,0.,-1.));
#2916=DIRECTION('',(0.,1.,0.));
#2917=DIRECTION('center_axis',(-1.,0.,0.));
#2918=DIRECTION('ref_axis',(0.,0.,-1.));
#2919=DIRECTION('center_axis',(1.,0.,0.));
#2920=DIRECTION('ref_axis',(0.,0.,-1.));
#2921=DIRECTION('',(0.,-1.,0.));
#2922=DIRECTION('',(0.,1.,0.));
#2923=DIRECTION('center_axis',(0.,0.,1.));
#2924=DIRECTION('ref_axis',(0.,-1.,0.));
#2925=DIRECTION('center_axis',(0.,1.37836020375202E-7,0.999999999999991));
#2926=DIRECTION('ref_axis',(0.,-0.99999999999999,1.37836020375202E-7));
#2927=DIRECTION('center_axis',(1.,0.,0.));
#2928=DIRECTION('ref_axis',(0.,0.,-1.));
#2929=DIRECTION('',(0.,1.,0.));
#2930=DIRECTION('center_axis',(-1.,0.,0.));
#2931=DIRECTION('ref_axis',(0.,0.,-1.));
#2932=DIRECTION('center_axis',(-1.,0.,0.));
#2933=DIRECTION('ref_axis',(0.,0.,-1.));
#2934=DIRECTION('center_axis',(-1.,0.,0.));
#2935=DIRECTION('ref_axis',(0.,0.,-1.));
#2936=DIRECTION('center_axis',(-1.,0.,0.));
#2937=DIRECTION('ref_axis',(0.,0.,-1.));
#2938=DIRECTION('center_axis',(-1.,0.,0.));
#2939=DIRECTION('ref_axis',(0.,0.,-1.));
#2940=DIRECTION('center_axis',(-1.,0.,0.));
#2941=DIRECTION('ref_axis',(0.,0.,-1.));
#2942=DIRECTION('center_axis',(0.,1.,0.));
#2943=DIRECTION('ref_axis',(0.,0.,1.));
#2944=DIRECTION('center_axis',(1.,0.,0.));
#2945=DIRECTION('ref_axis',(0.,0.,-1.));
#2946=DIRECTION('',(-1.,0.,0.));
#2947=DIRECTION('center_axis',(1.,0.,0.));
#2948=DIRECTION('ref_axis',(0.,0.,-1.));
#2949=DIRECTION('',(-1.,0.,0.));
#2950=DIRECTION('center_axis',(1.,0.,0.));
#2951=DIRECTION('ref_axis',(0.,0.,-1.));
#2952=DIRECTION('',(-1.,0.,0.));
#2953=DIRECTION('center_axis',(1.,0.,0.));
#2954=DIRECTION('ref_axis',(0.,0.,-1.));
#2955=DIRECTION('',(-1.,0.,0.));
#2956=DIRECTION('center_axis',(1.,0.,0.));
#2957=DIRECTION('ref_axis',(0.,0.,-1.));
#2958=DIRECTION('',(-1.,0.,0.));
#2959=DIRECTION('center_axis',(1.,0.,0.));
#2960=DIRECTION('ref_axis',(0.,0.,-1.));
#2961=DIRECTION('',(-1.,0.,0.));
#2962=DIRECTION('center_axis',(0.,0.,-1.));
#2963=DIRECTION('ref_axis',(0.,1.,0.));
#2964=CARTESIAN_POINT('',(0.,0.,0.));
#2965=CARTESIAN_POINT('Origin',(60.,-23.0000000000017,34.9999999999989));
#2966=CARTESIAN_POINT('',(6.33974596215562,-25.0000000000017,34.9999999999989));
#2967=CARTESIAN_POINT('',(7.85857157145717,-23.0000000000017,34.9999999999989));
#2968=CARTESIAN_POINT('Origin',(15.,-30.0000000000017,34.9999999999989));
#2969=CARTESIAN_POINT('',(23.6602540378444,-25.0000000000017,34.9999999999989));
#2970=CARTESIAN_POINT('',(2.,-25.0000000000017,34.9999999999989));
#2971=CARTESIAN_POINT('',(22.1414284285428,-23.0000000000017,34.9999999999989));
#2972=CARTESIAN_POINT('Origin',(15.,-30.0000000000017,34.9999999999989));
#2973=CARTESIAN_POINT('',(2.,-23.0000000000017,34.9999999999989));
#2974=CARTESIAN_POINT('Origin',(2.,-23.0000000000017,-35.0000000000011));
#2975=CARTESIAN_POINT('',(7.85857157145717,-23.0000000000017,-35.0000000000011));
#2976=CARTESIAN_POINT('',(6.33974596215562,-25.0000000000017,-35.0000000000011));
#2977=CARTESIAN_POINT('Origin',(15.,-30.0000000000017,-35.0000000000011));
#2978=CARTESIAN_POINT('',(22.1414284285428,-23.0000000000017,-35.0000000000011));
#2979=CARTESIAN_POINT('',(60.,-23.0000000000017,-35.0000000000011));
#2980=CARTESIAN_POINT('',(23.6602540378444,-25.0000000000017,-35.0000000000011));
#2981=CARTESIAN_POINT('Origin',(15.,-30.0000000000017,-35.0000000000011));
#2982=CARTESIAN_POINT('',(60.,-25.0000000000017,-35.0000000000011));
#2983=CARTESIAN_POINT('Origin',(0.,-23.0000000000017,36.9999999999989));
#2984=CARTESIAN_POINT('',(22.1414284285428,-23.0000000000017,36.9999999999989));
#2985=CARTESIAN_POINT('',(60.,-23.0000000000017,36.9999999999989));
#2986=CARTESIAN_POINT('',(0.,-23.0000000000017,36.9999999999989));
#2987=CARTESIAN_POINT('',(23.6602540378444,-25.0000000000017,37.0000002756709));
#2988=CARTESIAN_POINT('Origin',(15.,-30.0000000000017,37.000000964851));
#2989=CARTESIAN_POINT('',(59.5803989154981,-25.0000000000017,37.0000002756709));
#2990=CARTESIAN_POINT('',(0.,-25.0000000000017,37.0000002756709));
#2991=CARTESIAN_POINT('',(80.,-25.0000000000017,37.0000002756709));
#2992=CARTESIAN_POINT('',(0.,-25.0000000000017,37.0000002756709));
#2993=CARTESIAN_POINT('',(80.,-23.0000000000017,36.9999999999989));
#2994=CARTESIAN_POINT('',(80.,-25.0000000000017,37.0000002756709));
#2995=CARTESIAN_POINT('',(0.,-23.0000000000017,36.9999999999989));
#2996=CARTESIAN_POINT('Origin',(10.,0.49999999999828,-31.0000000000011));
#2997=CARTESIAN_POINT('',(10.,-48.0000000000017,-35.0000000000011));
#2998=CARTESIAN_POINT('',(6.,-48.0000000000017,-31.0000000000011));
#2999=CARTESIAN_POINT('Origin',(10.,-48.0000000000017,-31.0000000000011));
#3000=CARTESIAN_POINT('',(6.,-50.0000000000017,-31.0000000000011));
#3001=CARTESIAN_POINT('',(6.,0.49999999999828,-31.0000000000011));
#3002=CARTESIAN_POINT('',(10.,-50.0000000000017,-35.0000000000011));
#3003=CARTESIAN_POINT('Origin',(10.,-50.0000000000017,-31.0000000000011));
#3004=CARTESIAN_POINT('',(10.,0.49999999999828,-35.0000000000011));
#3005=CARTESIAN_POINT('Origin',(6.,-49.0000000000017,-1.11910480882216E-12));
#3006=CARTESIAN_POINT('',(6.,-48.0000000000017,30.9999999999989));
#3007=CARTESIAN_POINT('',(6.,-48.0000000000017,-35.0000000000011));
#3008=CARTESIAN_POINT('',(6.,-50.0000000000017,30.9999999999989));
#3009=CARTESIAN_POINT('',(6.,-49.5000000000017,30.9999999999989));
#3010=CARTESIAN_POINT('',(6.,-50.0000000000017,34.9999999999989));
#3011=CARTESIAN_POINT('Origin',(10.,-49.5000000000017,30.9999999999989));
#3012=CARTESIAN_POINT('',(10.,-48.0000000000017,34.9999999999989));
#3013=CARTESIAN_POINT('Origin',(10.,-48.0000000000017,30.9999999999989));
#3014=CARTESIAN_POINT('',(10.,-50.0000000000017,34.9999999999989));
#3015=CARTESIAN_POINT('',(10.,-49.5000000000017,34.9999999999989));
#3016=CARTESIAN_POINT('Origin',(10.,-50.0000000000017,30.9999999999989));
#3017=CARTESIAN_POINT('Origin',(0.,-50.0000000000017,34.9999999999989));
#3018=CARTESIAN_POINT('',(2.,-48.0000000000017,34.9999999999989));
#3019=CARTESIAN_POINT('',(0.,-48.0000000000017,34.9999999999989));
#3020=CARTESIAN_POINT('',(2.,-25.0000000000017,34.9999999999989));
#3021=CARTESIAN_POINT('',(2.,-25.0000000000017,34.9999999999989));
#3022=CARTESIAN_POINT('',(0.,-25.0000000000017,34.9999999999989));
#3023=CARTESIAN_POINT('',(25.,-30.0000000000017,34.9999999999989));
#3024=CARTESIAN_POINT('Origin',(15.,-30.0000000000017,34.9999999999989));
#3025=CARTESIAN_POINT('Origin',(15.,-30.0000000000017,34.9999999999989));
#3026=CARTESIAN_POINT('',(59.5803989154981,-25.0000000000017,34.9999999999989));
#3027=CARTESIAN_POINT('',(0.,-25.0000000000017,34.9999999999989));
#3028=CARTESIAN_POINT('',(31.7696545888893,-43.7500000000017,34.9999999999989));
#3029=CARTESIAN_POINT('Origin',(59.5803989154981,-55.0000000000017,34.9999999999989));
#3030=CARTESIAN_POINT('',(22.4994064800198,-50.0000000000017,34.9999999999989));
#3031=CARTESIAN_POINT('Origin',(22.4994064800198,-40.0000000000017,34.9999999999989));
#3032=CARTESIAN_POINT('',(0.,-50.0000000000017,34.9999999999989));
#3033=CARTESIAN_POINT('Origin',(22.4994064800198,-40.0000000000017,34.9999999999989));
#3034=CARTESIAN_POINT('',(31.7696545888893,-43.7500000000017,36.9999999999989));
#3035=CARTESIAN_POINT('',(22.4994064800198,-50.0000000000017,36.9999999999989));
#3036=CARTESIAN_POINT('Origin',(22.4994064800198,-40.0000000000017,36.9999999999989));
#3037=CARTESIAN_POINT('',(22.4994064800198,-50.0000000000017,34.9999999999989));
#3038=CARTESIAN_POINT('',(31.7696545888893,-43.7500000000017,34.9999999999989));
#3039=CARTESIAN_POINT('Origin',(0.,-50.0000000000017,36.9999999999989));
#3040=CARTESIAN_POINT('',(0.,-50.0000000000017,36.9999999999989));
#3041=CARTESIAN_POINT('',(0.,-50.0000000000017,36.9999999999989));
#3042=CARTESIAN_POINT('',(0.,-50.0000000000017,-37.0000000000011));
#3043=CARTESIAN_POINT('',(0.,-50.0000000000017,34.9999999999989));
#3044=CARTESIAN_POINT('',(22.4994064800198,-50.0000000000017,-37.0000000000011));
#3045=CARTESIAN_POINT('',(0.,-50.0000000000017,-37.0000000000011));
#3046=CARTESIAN_POINT('',(22.4994064800198,-50.0000000000017,-35.0000000000011));
#3047=CARTESIAN_POINT('',(22.4994064800198,-50.0000000000017,-35.0000000000011));
#3048=CARTESIAN_POINT('',(0.,-50.0000000000017,-35.0000000000011));
#3049=CARTESIAN_POINT('Origin',(22.4994064800198,-40.0000000000017,-35.0000000000011));
#3050=CARTESIAN_POINT('',(31.7696545888893,-43.7500000000017,-37.0000000000011));
#3051=CARTESIAN_POINT('Origin',(22.4994064800198,-40.0000000000017,-37.0000000000011));
#3052=CARTESIAN_POINT('',(31.7696545888893,-43.7500000000017,-35.0000000000011));
#3053=CARTESIAN_POINT('',(31.7696545888893,-43.7500000000017,-35.0000000000011));
#3054=CARTESIAN_POINT('Origin',(22.4994064800198,-40.0000000000017,-35.0000000000011));
#3055=CARTESIAN_POINT('Origin',(0.,49.9999999999983,-35.0000000000011));
#3056=CARTESIAN_POINT('',(59.5803989154981,-25.0000000000017,-35.0000000000011));
#3057=CARTESIAN_POINT('Origin',(59.5803989154981,-55.0000000000017,-35.0000000000011));
#3058=CARTESIAN_POINT('',(0.,-25.0000000000017,-35.0000000000011));
#3059=CARTESIAN_POINT('',(25.,-30.0000000000017,-35.0000000000011));
#3060=CARTESIAN_POINT('Origin',(15.,-30.0000000000017,-35.0000000000011));
#3061=CARTESIAN_POINT('Origin',(15.,-30.0000000000017,-35.0000000000011));
#3062=CARTESIAN_POINT('',(2.,-25.0000000000017,-35.0000000000011));
#3063=CARTESIAN_POINT('',(0.,-25.0000000000017,-35.0000000000011));
#3064=CARTESIAN_POINT('',(2.,-48.0000000000017,-35.0000000000011));
#3065=CARTESIAN_POINT('',(2.,24.9999999999983,-35.0000000000011));
#3066=CARTESIAN_POINT('',(0.,-48.0000000000017,-35.0000000000011));
#3067=CARTESIAN_POINT('Origin',(15.,24.9999999999983,-37.0000000000011));
#3068=CARTESIAN_POINT('',(27.5,24.9999999999983,-37.0000000000011));
#3069=CARTESIAN_POINT('Origin',(15.,24.9999999999983,-37.0000000000011));
#3070=CARTESIAN_POINT('',(27.5,24.9999999999983,-35.0000000000011));
#3071=CARTESIAN_POINT('',(27.5,24.9999999999983,-37.0000000000011));
#3072=CARTESIAN_POINT('Origin',(15.,24.9999999999983,-35.0000000000011));
#3073=CARTESIAN_POINT('Origin',(15.,24.9999999999983,-37.0000000000011));
#3074=CARTESIAN_POINT('',(27.5,24.9999999999983,34.9999999999989));
#3075=CARTESIAN_POINT('Origin',(15.,24.9999999999983,34.9999999999989));
#3076=CARTESIAN_POINT('',(27.5,24.9999999999983,36.9999999999989));
#3077=CARTESIAN_POINT('',(27.5,24.9999999999983,-37.0000000000011));
#3078=CARTESIAN_POINT('Origin',(15.,24.9999999999983,36.9999999999989));
#3079=CARTESIAN_POINT('Origin',(14.8548001373607,-2.50000000000173,-37.0000000000011));
#3080=CARTESIAN_POINT('',(27.3548001373607,-2.50000000000173,-37.0000000000011));
#3081=CARTESIAN_POINT('Origin',(14.8548001373607,-2.50000000000173,-37.0000000000011));
#3082=CARTESIAN_POINT('',(27.3548001373607,-2.50000000000173,-35.0000000000011));
#3083=CARTESIAN_POINT('',(27.3548001373607,-2.50000000000173,-37.0000000000011));
#3084=CARTESIAN_POINT('Origin',(14.8548001373607,-2.50000000000173,-35.0000000000011));
#3085=CARTESIAN_POINT('Origin',(14.8548001373607,-2.50000000000173,-37.0000000000011));
#3086=CARTESIAN_POINT('',(27.3548001373607,-2.50000000000173,34.9999999999989));
#3087=CARTESIAN_POINT('Origin',(14.8548001373607,-2.50000000000173,34.9999999999989));
#3088=CARTESIAN_POINT('',(27.3548001373607,-2.50000000000173,36.9999999999989));
#3089=CARTESIAN_POINT('',(27.3548001373607,-2.50000000000173,-37.0000000000011));
#3090=CARTESIAN_POINT('Origin',(14.8548001373607,-2.50000000000173,36.9999999999989));
#3091=CARTESIAN_POINT('Origin',(15.,-30.0000000000017,-37.0000000000011));
#3092=CARTESIAN_POINT('Origin',(15.,-30.0000000000017,34.9999999999989));
#3093=CARTESIAN_POINT('',(25.,-30.0000000000017,37.0000002756709));
#3094=CARTESIAN_POINT('',(25.,-30.0000000000017,-37.0000000000011));
#3095=CARTESIAN_POINT('Origin',(15.,-30.0000000000017,36.9999999999989));
#3096=CARTESIAN_POINT('',(7.85857157145717,-23.0000000000017,36.9999999999989));
#3097=CARTESIAN_POINT('Origin',(15.,-30.0000000000017,36.9999999999989));
#3098=CARTESIAN_POINT('',(6.33974596215562,-25.0000000000017,37.0000002756709));
#3099=CARTESIAN_POINT('Origin',(15.,-30.0000000000017,37.000000964851));
#3100=CARTESIAN_POINT('Origin',(15.,-30.0000000000017,36.9999999999989));
#3101=CARTESIAN_POINT('Origin',(15.,-30.0000000000017,-37.0000000000011));
#3102=CARTESIAN_POINT('',(25.,-30.0000000000017,-37.0000000000011));
#3103=CARTESIAN_POINT('Origin',(15.,-30.0000000000017,-37.0000000000011));
#3104=CARTESIAN_POINT('',(25.,-30.0000000000017,-37.0000000000011));
#3105=CARTESIAN_POINT('Origin',(15.,-30.0000000000017,-35.0000000000011));
#3106=CARTESIAN_POINT('Origin',(17.5,-23.0000000000017,-19.5000000000011));
#3107=CARTESIAN_POINT('',(30.,-23.0000000000017,-19.5000000000011));
#3108=CARTESIAN_POINT('Origin',(17.5,-23.0000000000017,-19.5000000000011));
#3109=CARTESIAN_POINT('',(30.,-25.0000000000017,-19.5000000000011));
#3110=CARTESIAN_POINT('',(30.,-23.0000000000017,-19.5000000000011));
#3111=CARTESIAN_POINT('Origin',(17.5,-25.0000000000017,-19.5000000000011));
#3112=CARTESIAN_POINT('Origin',(0.,-25.0000000000017,37.0000002756709));
#3113=CARTESIAN_POINT('',(2.,-25.0000000000017,18.5000001378349));
#3114=CARTESIAN_POINT('',(59.5803989154981,-25.0000000000017,-37.0000000000011));
#3115=CARTESIAN_POINT('',(59.5803989154981,-25.0000000000017,-35.0000000000011));
#3116=CARTESIAN_POINT('',(80.,-25.0000000000017,-37.0000000000011));
#3117=CARTESIAN_POINT('',(0.,-25.0000000000017,-37.0000000000011));
#3118=CARTESIAN_POINT('',(80.,-25.0000000000017,-37.0000000000011));
#3119=CARTESIAN_POINT('',(59.5803989154981,-25.0000000000017,34.9999999999989));
#3120=CARTESIAN_POINT('',(30.,-25.0000000000017,19.4999999999989));
#3121=CARTESIAN_POINT('Origin',(17.5,-25.0000000000017,19.4999999999989));
#3122=CARTESIAN_POINT('',(77.,-25.0000000000017,-19.5000000000011));
#3123=CARTESIAN_POINT('Origin',(64.5,-25.0000000000017,-19.5000000000011));
#3124=CARTESIAN_POINT('',(77.,-25.0000000000017,19.4999999999989));
#3125=CARTESIAN_POINT('Origin',(64.5,-25.0000000000017,19.4999999999989));
#3126=CARTESIAN_POINT('',(52.5,-25.0000000000017,-1.53080849893419E-15));
#3127=CARTESIAN_POINT('Origin',(40.,-25.0000000000017,0.));
#3128=CARTESIAN_POINT('Origin',(17.5,-23.0000000000017,19.4999999999989));
#3129=CARTESIAN_POINT('',(30.,-23.0000000000017,19.4999999999989));
#3130=CARTESIAN_POINT('Origin',(17.5,-23.0000000000017,19.4999999999989));
#3131=CARTESIAN_POINT('',(30.,-23.0000000000017,19.4999999999989));
#3132=CARTESIAN_POINT('Origin',(0.,-23.0000000000017,-37.0000000000011));
#3133=CARTESIAN_POINT('',(60.,-23.0000000000017,34.9999999999989));
#3134=CARTESIAN_POINT('',(0.,-23.0000000000017,34.9999999999989));
#3135=CARTESIAN_POINT('',(60.,-23.0000000000017,-0.499999931083115));
#3136=CARTESIAN_POINT('',(80.,-23.0000000000017,-37.0000000000011));
#3137=CARTESIAN_POINT('',(80.,-23.0000000000017,36.9999999999989));
#3138=CARTESIAN_POINT('',(60.,-23.0000000000017,-37.0000000000011));
#3139=CARTESIAN_POINT('',(0.,-23.0000000000017,-37.0000000000011));
#3140=CARTESIAN_POINT('',(60.,-23.0000000000017,-35.0000000000011));
#3141=CARTESIAN_POINT('',(60.,-23.0000000000017,-36.5000000000011));
#3142=CARTESIAN_POINT('',(0.,-23.0000000000017,-35.0000000000011));
#3143=CARTESIAN_POINT('',(2.,-23.0000000000017,-35.0000000000011));
#3144=CARTESIAN_POINT('',(0.,-23.0000000000017,-35.0000000000011));
#3145=CARTESIAN_POINT('',(2.,-23.0000000000017,-17.5000000000011));
#3146=CARTESIAN_POINT('',(2.,-23.0000000000017,-18.5000000000011));
#3147=CARTESIAN_POINT('',(2.,-23.0000000000017,17.4999999999989));
#3148=CARTESIAN_POINT('',(2.,-23.0000000000017,-18.5000000000011));
#3149=CARTESIAN_POINT('',(2.,-23.0000000000017,34.9999999999989));
#3150=CARTESIAN_POINT('',(2.,-23.0000000000017,-18.5000000000011));
#3151=CARTESIAN_POINT('',(0.,-23.0000000000017,34.9999999999989));
#3152=CARTESIAN_POINT('',(52.5,-23.0000000000017,-1.53080849893419E-15));
#3153=CARTESIAN_POINT('Origin',(40.,-23.0000000000017,0.));
#3154=CARTESIAN_POINT('',(77.,-23.0000000000017,19.4999999999989));
#3155=CARTESIAN_POINT('Origin',(64.5,-23.0000000000017,19.4999999999989));
#3156=CARTESIAN_POINT('',(77.,-23.0000000000017,-19.5000000000011));
#3157=CARTESIAN_POINT('Origin',(64.5,-23.0000000000017,-19.5000000000011));
#3158=CARTESIAN_POINT('Origin',(0.,49.9999999999983,36.9999999999989));
#3159=CARTESIAN_POINT('Origin',(59.5803989154981,-55.0000000000017,36.9999999999989));
#3160=CARTESIAN_POINT('',(2.,-25.0000000000017,37.0000002756709));
#3161=CARTESIAN_POINT('',(0.,-25.0000000000017,37.0000002756709));
#3162=CARTESIAN_POINT('',(2.,-23.0000000000017,36.9999999999989));
#3163=CARTESIAN_POINT('',(2.,-50.0000000000017,36.9999999999989));
#3164=CARTESIAN_POINT('',(0.,-23.0000000000017,36.9999999999989));
#3165=CARTESIAN_POINT('',(30.,6.99999999999829,36.9999999999989));
#3166=CARTESIAN_POINT('Origin',(60.,6.99999999999829,36.9999999999989));
#3167=CARTESIAN_POINT('',(30.,19.9999999999983,36.9999999999989));
#3168=CARTESIAN_POINT('',(30.,-50.0000000000017,36.9999999999989));
#3169=CARTESIAN_POINT('',(0.,49.9999999999983,36.9999999999989));
#3170=CARTESIAN_POINT('Origin',(0.,19.9999999999983,36.9999999999989));
#3171=CARTESIAN_POINT('',(0.,-50.0000000000017,36.9999999999989));
#3172=CARTESIAN_POINT('Origin',(64.5,-23.0000000000017,-19.5000000000011));
#3173=CARTESIAN_POINT('',(77.,-23.0000000000017,-19.5000000000011));
#3174=CARTESIAN_POINT('Origin',(64.5,-23.0000000000017,19.4999999999989));
#3175=CARTESIAN_POINT('',(77.,-23.0000000000017,19.4999999999989));
#3176=CARTESIAN_POINT('Origin',(40.,-23.0000000000017,0.));
#3177=CARTESIAN_POINT('',(52.5,-23.0000000000017,1.53080849893419E-15));
#3178=CARTESIAN_POINT('Origin',(0.,19.9999999999983,-36.5000000000011));
#3179=CARTESIAN_POINT('',(2.,49.9332590941898,-35.0000000000011));
#3180=CARTESIAN_POINT('',(30.,19.9999999999983,-35.0000000000011));
#3181=CARTESIAN_POINT('Origin',(0.,19.9999999999983,-35.0000000000011));
#3182=CARTESIAN_POINT('',(30.,19.9999999999983,-37.0000000000011));
#3183=CARTESIAN_POINT('',(30.,19.9999999999983,-36.5000000000011));
#3184=CARTESIAN_POINT('',(0.,49.9999999999983,-37.0000000000011));
#3185=CARTESIAN_POINT('Origin',(0.,19.9999999999983,-37.0000000000011));
#3186=CARTESIAN_POINT('',(0.,49.9999999999983,-37.0000000000011));
#3187=CARTESIAN_POINT('',(30.,19.9999999999983,34.9999999999989));
#3188=CARTESIAN_POINT('',(30.,19.9999999999983,-36.5000000000011));
#3189=CARTESIAN_POINT('',(2.,49.9332590941898,34.9999999999989));
#3190=CARTESIAN_POINT('Origin',(0.,19.9999999999983,34.9999999999989));
#3191=CARTESIAN_POINT('',(2.,49.9332590941898,-36.5000000000011));
#3192=CARTESIAN_POINT('Origin',(0.,-50.0000000000017,34.9999999999989));
#3193=CARTESIAN_POINT('',(2.,-25.0000000000017,34.9999999999989));
#3194=CARTESIAN_POINT('',(30.,6.99999999999829,34.9999999999989));
#3195=CARTESIAN_POINT('',(30.,-27.0000000000017,34.9999999999989));
#3196=CARTESIAN_POINT('Origin',(60.,6.99999999999829,34.9999999999989));
#3197=CARTESIAN_POINT('Origin',(30.,-1.71418435002124E-12,36.0000001378349));
#3198=CARTESIAN_POINT('',(30.,6.99999999999829,-0.499999931083115));
#3199=CARTESIAN_POINT('Origin',(60.,6.99999999999829,-0.499999931083115));
#3200=CARTESIAN_POINT('Origin',(60.,6.99999999999829,-36.5000000000011));
#3201=CARTESIAN_POINT('',(30.,6.99999999999829,-35.0000000000011));
#3202=CARTESIAN_POINT('Origin',(60.,6.99999999999829,-35.0000000000011));
#3203=CARTESIAN_POINT('',(30.,6.99999999999829,-37.0000000000011));
#3204=CARTESIAN_POINT('Origin',(60.,6.99999999999829,-37.0000000000011));
#3205=CARTESIAN_POINT('',(30.,6.99999999999829,-36.5000000000011));
#3206=CARTESIAN_POINT('Origin',(59.5803989154981,-55.0000000000017,-35.0000000000011));
#3207=CARTESIAN_POINT('Origin',(59.5803989154981,-55.0000000000017,-37.0000000000011));
#3208=CARTESIAN_POINT('Origin',(59.5803989154981,-55.0000000000017,34.9999999999989));
#3209=CARTESIAN_POINT('Origin',(80.,-24.0000000000017,1.37834899049949E-7));
#3210=CARTESIAN_POINT('',(80.,-23.0000000000017,-37.0000000000011));
#3211=CARTESIAN_POINT('Origin',(2.,-1.71418435002124E-12,-1.11910480882216E-12));
#3212=CARTESIAN_POINT('',(2.,-48.0000000000017,-17.5000000000011));
#3213=CARTESIAN_POINT('',(2.,-36.5000000000017,30.1249999999989));
#3214=CARTESIAN_POINT('Origin',(2.,-36.5000000000017,21.4999999999989));
#3215=CARTESIAN_POINT('',(2.,-36.5000000000017,8.62499999999999));
#3216=CARTESIAN_POINT('Origin',(2.,-36.5000000000017,-1.76411037140878E-14));
#3217=CARTESIAN_POINT('',(2.,-36.5000000000017,-12.8750000000011));
#3218=CARTESIAN_POINT('Origin',(2.,-36.5000000000017,-21.5000000000011));
#3219=CARTESIAN_POINT('Origin',(2.,-1.71418435002124E-12,-1.11910480882216E-12));
#3220=CARTESIAN_POINT('',(2.,-9.00000000000172,31.4999999999989));
#3221=CARTESIAN_POINT('Origin',(2.,-9.00000000000171,17.4999999999989));
#3222=CARTESIAN_POINT('Origin',(2.,-9.00000000000171,17.4999999999989));
#3223=CARTESIAN_POINT('',(2.,-9.00000000000172,-3.50000000000112));
#3224=CARTESIAN_POINT('Origin',(2.,-9.00000000000171,-17.5000000000011));
#3225=CARTESIAN_POINT('Origin',(2.,-9.00000000000171,-17.5000000000011));
#3226=CARTESIAN_POINT('',(2.,24.9999999999983,-35.0000000000011));
#3227=CARTESIAN_POINT('',(2.,25.,20.));
#3228=CARTESIAN_POINT('Origin',(2.,25.,0.));
#3229=CARTESIAN_POINT('Origin',(30.,-1.72306613421824E-12,-36.0000000000011));
#3230=CARTESIAN_POINT('',(30.,49.9999999999983,-35.0000000000011));
#3231=CARTESIAN_POINT('',(30.,-50.0000000000017,-37.0000000000011));
#3232=CARTESIAN_POINT('Origin',(0.,49.9999999999983,-35.0000000000011));
#3233=CARTESIAN_POINT('Origin',(0.,-23.0000000000017,36.9999999999989));
#3234=CARTESIAN_POINT('Origin',(0.,-1.71418435002124E-12,-1.11910480882216E-12));
#3235=CARTESIAN_POINT('',(0.,-50.0000000000017,-37.0000000000011));
#3236=CARTESIAN_POINT('',(0.,-9.00000000000172,31.4999999999989));
#3237=CARTESIAN_POINT('Origin',(0.,-9.00000000000171,17.4999999999989));
#3238=CARTESIAN_POINT('',(0.,-36.5000000000017,-12.8750000000011));
#3239=CARTESIAN_POINT('Origin',(0.,-36.5000000000017,-21.5000000000011));
#3240=CARTESIAN_POINT('',(0.,-36.5000000000017,8.62499999999998));
#3241=CARTESIAN_POINT('Origin',(0.,-36.5000000000017,-1.76411037140878E-14));
#3242=CARTESIAN_POINT('',(0.,-36.5000000000017,30.1249999999989));
#3243=CARTESIAN_POINT('Origin',(0.,-36.5000000000017,21.4999999999989));
#3244=CARTESIAN_POINT('',(0.,-9.00000000000172,-3.50000000000112));
#3245=CARTESIAN_POINT('Origin',(0.,-9.00000000000171,-17.5000000000011));
#3246=CARTESIAN_POINT('',(0.,25.,20.));
#3247=CARTESIAN_POINT('Origin',(0.,25.,0.));
#3248=CARTESIAN_POINT('Origin',(0.,-48.0000000000017,-35.0000000000011));
#3249=CARTESIAN_POINT('Origin',(0.,-36.5000000000017,21.4999999999989));
#3250=CARTESIAN_POINT('',(0.,-36.5000000000017,30.1249999999989));
#3251=CARTESIAN_POINT('Origin',(0.,25.,0.));
#3252=CARTESIAN_POINT('',(0.,25.,20.));
#3253=CARTESIAN_POINT('Origin',(0.,-36.5000000000017,-1.76411037140878E-14));
#3254=CARTESIAN_POINT('',(0.,-36.5000000000017,8.62499999999998));
#3255=CARTESIAN_POINT('Origin',(0.,-9.00000000000171,-17.5000000000011));
#3256=CARTESIAN_POINT('',(0.,-9.00000000000172,-3.50000000000112));
#3257=CARTESIAN_POINT('Origin',(0.,-36.5000000000017,-21.5000000000011));
#3258=CARTESIAN_POINT('',(0.,-36.5000000000017,-12.8750000000011));
#3259=CARTESIAN_POINT('Origin',(0.,-9.00000000000171,17.4999999999989));
#3260=CARTESIAN_POINT('',(0.,-9.00000000000172,31.4999999999989));
#3261=CARTESIAN_POINT('Origin',(0.,-50.0000000000017,-37.0000000000011));
#3262=CARTESIAN_POINT('Origin',(60.,-23.0000000000017,-37.0000000000011));
#3263=CARTESIAN_POINT('',(6.33974596215562,-25.0000000000017,-37.0000000000011));
#3264=CARTESIAN_POINT('',(7.85857157145717,-23.0000000000017,-37.0000000000011));
#3265=CARTESIAN_POINT('Origin',(15.,-30.0000000000017,-37.0000000000011));
#3266=CARTESIAN_POINT('',(23.6602540378444,-25.0000000000017,-37.0000000000011));
#3267=CARTESIAN_POINT('',(2.,-25.0000000000017,-37.0000000000011));
#3268=CARTESIAN_POINT('',(22.1414284285428,-23.0000000000017,-37.0000000000011));
#3269=CARTESIAN_POINT('Origin',(15.,-30.0000000000017,-37.0000000000011));
#3270=CARTESIAN_POINT('',(2.,-23.0000000000017,-37.0000000000011));
#3271=CARTESIAN_POINT('Origin',(2.,-23.0000000000017,-107.000000000001));
#3272=CARTESIAN_POINT('',(7.85857157145717,-23.0000000000017,-107.000000000001));
#3273=CARTESIAN_POINT('',(6.33974596215562,-25.0000000000017,-107.000000000001));
#3274=CARTESIAN_POINT('Origin',(15.,-30.0000000000017,-107.000000000001));
#3275=CARTESIAN_POINT('',(22.1414284285428,-23.0000000000017,-107.000000000001));
#3276=CARTESIAN_POINT('',(60.,-23.0000000000017,-107.000000000001));
#3277=CARTESIAN_POINT('',(23.6602540378444,-25.0000000000017,-107.000000000001));
#3278=CARTESIAN_POINT('Origin',(15.,-30.0000000000017,-107.000000000001));
#3279=CARTESIAN_POINT('',(60.,-25.0000000000017,-107.000000000001));
#3280=CARTESIAN_POINT('Origin',(0.,-23.0000000000017,-35.0000000000011));
#3281=CARTESIAN_POINT('',(22.1414284285428,-23.0000000000017,-35.0000000000011));
#3282=CARTESIAN_POINT('',(60.,-23.0000000000017,-35.0000000000011));
#3283=CARTESIAN_POINT('',(0.,-23.0000000000017,-35.0000000000011));
#3284=CARTESIAN_POINT('',(23.6602540378444,-25.0000000000017,-34.9999997243291));
#3285=CARTESIAN_POINT('Origin',(15.,-30.0000000000017,-34.999999035149));
#3286=CARTESIAN_POINT('',(59.5803989154981,-25.0000000000017,-34.9999997243291));
#3287=CARTESIAN_POINT('',(0.,-25.0000000000017,-34.9999997243291));
#3288=CARTESIAN_POINT('',(80.,-25.0000000000017,-34.9999997243291));
#3289=CARTESIAN_POINT('',(0.,-25.0000000000017,-34.9999997243291));
#3290=CARTESIAN_POINT('',(80.,-23.0000000000017,-35.0000000000011));
#3291=CARTESIAN_POINT('',(80.,-25.0000000000017,-34.9999997243291));
#3292=CARTESIAN_POINT('',(0.,-23.0000000000017,-35.0000000000011));
#3293=CARTESIAN_POINT('Origin',(10.,0.49999999999828,-103.000000000001));
#3294=CARTESIAN_POINT('',(10.,-48.0000000000017,-107.000000000001));
#3295=CARTESIAN_POINT('',(6.,-48.0000000000017,-103.000000000001));
#3296=CARTESIAN_POINT('Origin',(10.,-48.0000000000017,-103.000000000001));
#3297=CARTESIAN_POINT('',(6.,-50.0000000000017,-103.000000000001));
#3298=CARTESIAN_POINT('',(6.,0.49999999999828,-103.000000000001));
#3299=CARTESIAN_POINT('',(10.,-50.0000000000017,-107.000000000001));
#3300=CARTESIAN_POINT('Origin',(10.,-50.0000000000017,-103.000000000001));
#3301=CARTESIAN_POINT('',(10.,0.49999999999828,-107.000000000001));
#3302=CARTESIAN_POINT('Origin',(6.,-49.0000000000017,-72.0000000000011));
#3303=CARTESIAN_POINT('',(6.,-48.0000000000017,-41.0000000000011));
#3304=CARTESIAN_POINT('',(6.,-48.0000000000017,-107.000000000001));
#3305=CARTESIAN_POINT('',(6.,-50.0000000000017,-41.0000000000011));
#3306=CARTESIAN_POINT('',(6.,-49.5000000000017,-41.0000000000011));
#3307=CARTESIAN_POINT('',(6.,-50.0000000000017,-37.0000000000011));
#3308=CARTESIAN_POINT('Origin',(10.,-49.5000000000017,-41.0000000000011));
#3309=CARTESIAN_POINT('',(10.,-48.0000000000017,-37.0000000000011));
#3310=CARTESIAN_POINT('Origin',(10.,-48.0000000000017,-41.0000000000011));
#3311=CARTESIAN_POINT('',(10.,-50.0000000000017,-37.0000000000011));
#3312=CARTESIAN_POINT('',(10.,-49.5000000000017,-37.0000000000011));
#3313=CARTESIAN_POINT('Origin',(10.,-50.0000000000017,-41.0000000000011));
#3314=CARTESIAN_POINT('Origin',(0.,-50.0000000000017,-37.0000000000011));
#3315=CARTESIAN_POINT('',(2.,-48.0000000000017,-37.0000000000011));
#3316=CARTESIAN_POINT('',(0.,-48.0000000000017,-37.0000000000011));
#3317=CARTESIAN_POINT('',(2.,-25.0000000000017,-37.0000000000011));
#3318=CARTESIAN_POINT('',(2.,-25.0000000000017,-37.0000000000011));
#3319=CARTESIAN_POINT('',(0.,-25.0000000000017,-37.0000000000011));
#3320=CARTESIAN_POINT('',(25.,-30.0000000000017,-37.0000000000011));
#3321=CARTESIAN_POINT('Origin',(15.,-30.0000000000017,-37.0000000000011));
#3322=CARTESIAN_POINT('Origin',(15.,-30.0000000000017,-37.0000000000011));
#3323=CARTESIAN_POINT('',(59.5803989154981,-25.0000000000017,-37.0000000000011));
#3324=CARTESIAN_POINT('',(0.,-25.0000000000017,-37.0000000000011));
#3325=CARTESIAN_POINT('',(31.7696545888893,-43.7500000000017,-37.0000000000011));
#3326=CARTESIAN_POINT('Origin',(59.5803989154981,-55.0000000000017,-37.0000000000011));
#3327=CARTESIAN_POINT('',(22.4994064800198,-50.0000000000017,-37.0000000000011));
#3328=CARTESIAN_POINT('Origin',(22.4994064800198,-40.0000000000017,-37.0000000000011));
#3329=CARTESIAN_POINT('',(0.,-50.0000000000017,-37.0000000000011));
#3330=CARTESIAN_POINT('Origin',(22.4994064800198,-40.0000000000017,-37.0000000000011));
#3331=CARTESIAN_POINT('',(31.7696545888893,-43.7500000000017,-35.0000000000011));
#3332=CARTESIAN_POINT('',(22.4994064800198,-50.0000000000017,-35.0000000000011));
#3333=CARTESIAN_POINT('Origin',(22.4994064800198,-40.0000000000017,-35.0000000000011));
#3334=CARTESIAN_POINT('',(22.4994064800198,-50.0000000000017,-37.0000000000011));
#3335=CARTESIAN_POINT('',(31.7696545888893,-43.7500000000017,-37.0000000000011));
#3336=CARTESIAN_POINT('Origin',(0.,-50.0000000000017,-35.0000000000011));
#3337=CARTESIAN_POINT('',(0.,-50.0000000000017,-35.0000000000011));
#3338=CARTESIAN_POINT('',(0.,-50.0000000000017,-35.0000000000011));
#3339=CARTESIAN_POINT('',(0.,-50.0000000000017,-109.000000000001));
#3340=CARTESIAN_POINT('',(0.,-50.0000000000017,-37.0000000000011));
#3341=CARTESIAN_POINT('',(22.4994064800198,-50.0000000000017,-109.000000000001));
#3342=CARTESIAN_POINT('',(0.,-50.0000000000017,-109.000000000001));
#3343=CARTESIAN_POINT('',(22.4994064800198,-50.0000000000017,-107.000000000001));
#3344=CARTESIAN_POINT('',(22.4994064800198,-50.0000000000017,-107.000000000001));
#3345=CARTESIAN_POINT('',(0.,-50.0000000000017,-107.000000000001));
#3346=CARTESIAN_POINT('Origin',(22.4994064800198,-40.0000000000017,-107.000000000001));
#3347=CARTESIAN_POINT('',(31.7696545888893,-43.7500000000017,-109.000000000001));
#3348=CARTESIAN_POINT('Origin',(22.4994064800198,-40.0000000000017,-109.000000000001));
#3349=CARTESIAN_POINT('',(31.7696545888893,-43.7500000000017,-107.000000000001));
#3350=CARTESIAN_POINT('',(31.7696545888893,-43.7500000000017,-107.000000000001));
#3351=CARTESIAN_POINT('Origin',(22.4994064800198,-40.0000000000017,-107.000000000001));
#3352=CARTESIAN_POINT('Origin',(0.,49.9999999999983,-107.000000000001));
#3353=CARTESIAN_POINT('',(59.5803989154981,-25.0000000000017,-107.000000000001));
#3354=CARTESIAN_POINT('Origin',(59.5803989154981,-55.0000000000017,-107.000000000001));
#3355=CARTESIAN_POINT('',(0.,-25.0000000000017,-107.000000000001));
#3356=CARTESIAN_POINT('',(25.,-30.0000000000017,-107.000000000001));
#3357=CARTESIAN_POINT('Origin',(15.,-30.0000000000017,-107.000000000001));
#3358=CARTESIAN_POINT('Origin',(15.,-30.0000000000017,-107.000000000001));
#3359=CARTESIAN_POINT('',(2.,-25.0000000000017,-107.000000000001));
#3360=CARTESIAN_POINT('',(0.,-25.0000000000017,-107.000000000001));
#3361=CARTESIAN_POINT('',(2.,-48.0000000000017,-107.000000000001));
#3362=CARTESIAN_POINT('',(2.,24.9999999999983,-107.000000000001));
#3363=CARTESIAN_POINT('',(0.,-48.0000000000017,-107.000000000001));
#3364=CARTESIAN_POINT('Origin',(15.,24.9999999999983,-109.000000000001));
#3365=CARTESIAN_POINT('',(27.5,24.9999999999983,-109.000000000001));
#3366=CARTESIAN_POINT('Origin',(15.,24.9999999999983,-109.000000000001));
#3367=CARTESIAN_POINT('',(27.5,24.9999999999983,-107.000000000001));
#3368=CARTESIAN_POINT('',(27.5,24.9999999999983,-109.000000000001));
#3369=CARTESIAN_POINT('Origin',(15.,24.9999999999983,-107.000000000001));
#3370=CARTESIAN_POINT('Origin',(15.,24.9999999999983,-109.000000000001));
#3371=CARTESIAN_POINT('',(27.5,24.9999999999983,-37.0000000000011));
#3372=CARTESIAN_POINT('Origin',(15.,24.9999999999983,-37.0000000000011));
#3373=CARTESIAN_POINT('',(27.5,24.9999999999983,-35.0000000000011));
#3374=CARTESIAN_POINT('',(27.5,24.9999999999983,-109.000000000001));
#3375=CARTESIAN_POINT('Origin',(15.,24.9999999999983,-35.0000000000011));
#3376=CARTESIAN_POINT('Origin',(14.8548001373607,-2.50000000000173,-109.000000000001));
#3377=CARTESIAN_POINT('',(27.3548001373607,-2.50000000000173,-109.000000000001));
#3378=CARTESIAN_POINT('Origin',(14.8548001373607,-2.50000000000173,-109.000000000001));
#3379=CARTESIAN_POINT('',(27.3548001373607,-2.50000000000173,-107.000000000001));
#3380=CARTESIAN_POINT('',(27.3548001373607,-2.50000000000173,-109.000000000001));
#3381=CARTESIAN_POINT('Origin',(14.8548001373607,-2.50000000000173,-107.000000000001));
#3382=CARTESIAN_POINT('Origin',(14.8548001373607,-2.50000000000173,-109.000000000001));
#3383=CARTESIAN_POINT('',(27.3548001373607,-2.50000000000173,-37.0000000000011));
#3384=CARTESIAN_POINT('Origin',(14.8548001373607,-2.50000000000173,-37.0000000000011));
#3385=CARTESIAN_POINT('',(27.3548001373607,-2.50000000000173,-35.0000000000011));
#3386=CARTESIAN_POINT('',(27.3548001373607,-2.50000000000173,-109.000000000001));
#3387=CARTESIAN_POINT('Origin',(14.8548001373607,-2.50000000000173,-35.0000000000011));
#3388=CARTESIAN_POINT('Origin',(15.,-30.0000000000017,-109.000000000001));
#3389=CARTESIAN_POINT('Origin',(15.,-30.0000000000017,-37.0000000000011));
#3390=CARTESIAN_POINT('',(25.,-30.0000000000017,-34.9999997243291));
#3391=CARTESIAN_POINT('',(25.,-30.0000000000017,-109.000000000001));
#3392=CARTESIAN_POINT('Origin',(15.,-30.0000000000017,-35.0000000000011));
#3393=CARTESIAN_POINT('',(7.85857157145717,-23.0000000000017,-35.0000000000011));
#3394=CARTESIAN_POINT('Origin',(15.,-30.0000000000017,-35.0000000000011));
#3395=CARTESIAN_POINT('',(6.33974596215562,-25.0000000000017,-34.9999997243291));
#3396=CARTESIAN_POINT('Origin',(15.,-30.0000000000017,-34.999999035149));
#3397=CARTESIAN_POINT('Origin',(15.,-30.0000000000017,-35.0000000000011));
#3398=CARTESIAN_POINT('Origin',(15.,-30.0000000000017,-109.000000000001));
#3399=CARTESIAN_POINT('',(25.,-30.0000000000017,-109.000000000001));
#3400=CARTESIAN_POINT('Origin',(15.,-30.0000000000017,-109.000000000001));
#3401=CARTESIAN_POINT('',(25.,-30.0000000000017,-109.000000000001));
#3402=CARTESIAN_POINT('Origin',(15.,-30.0000000000017,-107.000000000001));
#3403=CARTESIAN_POINT('Origin',(17.5,-23.0000000000017,-91.5000000000011));
#3404=CARTESIAN_POINT('',(30.,-23.0000000000017,-91.5000000000011));
#3405=CARTESIAN_POINT('Origin',(17.5,-23.0000000000017,-91.5000000000011));
#3406=CARTESIAN_POINT('',(30.,-25.0000000000017,-91.5000000000011));
#3407=CARTESIAN_POINT('',(30.,-23.0000000000017,-91.5000000000011));
#3408=CARTESIAN_POINT('Origin',(17.5,-25.0000000000017,-91.5000000000011));
#3409=CARTESIAN_POINT('Origin',(0.,-25.0000000000017,-34.9999997243291));
#3410=CARTESIAN_POINT('',(2.,-25.0000000000017,-53.4999998621651));
#3411=CARTESIAN_POINT('',(59.5803989154981,-25.0000000000017,-109.000000000001));
#3412=CARTESIAN_POINT('',(59.5803989154981,-25.0000000000017,-107.000000000001));
#3413=CARTESIAN_POINT('',(80.,-25.0000000000017,-109.000000000001));
#3414=CARTESIAN_POINT('',(0.,-25.0000000000017,-109.000000000001));
#3415=CARTESIAN_POINT('',(80.,-25.0000000000017,-109.000000000001));
#3416=CARTESIAN_POINT('',(59.5803989154981,-25.0000000000017,-37.0000000000011));
#3417=CARTESIAN_POINT('',(30.,-25.0000000000017,-52.5000000000011));
#3418=CARTESIAN_POINT('Origin',(17.5,-25.0000000000017,-52.5000000000011));
#3419=CARTESIAN_POINT('',(77.,-25.0000000000017,-91.5000000000011));
#3420=CARTESIAN_POINT('Origin',(64.5,-25.0000000000017,-91.5000000000011));
#3421=CARTESIAN_POINT('',(77.,-25.0000000000017,-52.5000000000011));
#3422=CARTESIAN_POINT('Origin',(64.5,-25.0000000000017,-52.5000000000011));
#3423=CARTESIAN_POINT('',(52.5,-25.0000000000017,-72.));
#3424=CARTESIAN_POINT('Origin',(40.,-25.0000000000017,-72.));
#3425=CARTESIAN_POINT('Origin',(17.5,-23.0000000000017,-52.5000000000011));
#3426=CARTESIAN_POINT('',(30.,-23.0000000000017,-52.5000000000011));
#3427=CARTESIAN_POINT('Origin',(17.5,-23.0000000000017,-52.5000000000011));
#3428=CARTESIAN_POINT('',(30.,-23.0000000000017,-52.5000000000011));
#3429=CARTESIAN_POINT('Origin',(0.,-23.0000000000017,-109.000000000001));
#3430=CARTESIAN_POINT('',(60.,-23.0000000000017,-37.0000000000011));
#3431=CARTESIAN_POINT('',(0.,-23.0000000000017,-37.0000000000011));
#3432=CARTESIAN_POINT('',(60.,-23.0000000000017,-72.4999999310831));
#3433=CARTESIAN_POINT('',(80.,-23.0000000000017,-109.000000000001));
#3434=CARTESIAN_POINT('',(80.,-23.0000000000017,-35.0000000000011));
#3435=CARTESIAN_POINT('',(60.,-23.0000000000017,-109.000000000001));
#3436=CARTESIAN_POINT('',(0.,-23.0000000000017,-109.000000000001));
#3437=CARTESIAN_POINT('',(60.,-23.0000000000017,-107.000000000001));
#3438=CARTESIAN_POINT('',(60.,-23.0000000000017,-108.500000000001));
#3439=CARTESIAN_POINT('',(0.,-23.0000000000017,-107.000000000001));
#3440=CARTESIAN_POINT('',(2.,-23.0000000000017,-107.000000000001));
#3441=CARTESIAN_POINT('',(0.,-23.0000000000017,-107.000000000001));
#3442=CARTESIAN_POINT('',(2.,-23.0000000000017,-89.5000000000011));
#3443=CARTESIAN_POINT('',(2.,-23.0000000000017,-90.5000000000011));
#3444=CARTESIAN_POINT('',(2.,-23.0000000000017,-54.5000000000011));
#3445=CARTESIAN_POINT('',(2.,-23.0000000000017,-90.5000000000011));
#3446=CARTESIAN_POINT('',(2.,-23.0000000000017,-37.0000000000011));
#3447=CARTESIAN_POINT('',(2.,-23.0000000000017,-90.5000000000011));
#3448=CARTESIAN_POINT('',(0.,-23.0000000000017,-37.0000000000011));
#3449=CARTESIAN_POINT('',(52.5,-23.0000000000017,-72.));
#3450=CARTESIAN_POINT('Origin',(40.,-23.0000000000017,-72.));
#3451=CARTESIAN_POINT('',(77.,-23.0000000000017,-52.5000000000011));
#3452=CARTESIAN_POINT('Origin',(64.5,-23.0000000000017,-52.5000000000011));
#3453=CARTESIAN_POINT('',(77.,-23.0000000000017,-91.5000000000011));
#3454=CARTESIAN_POINT('Origin',(64.5,-23.0000000000017,-91.5000000000011));
#3455=CARTESIAN_POINT('Origin',(0.,49.9999999999983,-35.0000000000011));
#3456=CARTESIAN_POINT('Origin',(59.5803989154981,-55.0000000000017,-35.0000000000011));
#3457=CARTESIAN_POINT('',(2.,-25.0000000000017,-34.9999997243291));
#3458=CARTESIAN_POINT('',(0.,-25.0000000000017,-34.9999997243291));
#3459=CARTESIAN_POINT('',(2.,-23.0000000000017,-35.0000000000011));
#3460=CARTESIAN_POINT('',(2.,-50.0000000000017,-35.0000000000011));
#3461=CARTESIAN_POINT('',(0.,-23.0000000000017,-35.0000000000011));
#3462=CARTESIAN_POINT('',(30.,6.99999999999829,-35.0000000000011));
#3463=CARTESIAN_POINT('Origin',(60.,6.99999999999829,-35.0000000000011));
#3464=CARTESIAN_POINT('',(30.,19.9999999999983,-35.0000000000011));
#3465=CARTESIAN_POINT('',(30.,-50.0000000000017,-35.0000000000011));
#3466=CARTESIAN_POINT('',(0.,49.9999999999983,-35.0000000000011));
#3467=CARTESIAN_POINT('Origin',(0.,19.9999999999983,-35.0000000000011));
#3468=CARTESIAN_POINT('',(0.,-50.0000000000017,-35.0000000000011));
#3469=CARTESIAN_POINT('Origin',(64.5,-23.0000000000017,-91.5000000000011));
#3470=CARTESIAN_POINT('',(77.,-23.0000000000017,-91.5000000000011));
#3471=CARTESIAN_POINT('Origin',(64.5,-23.0000000000017,-52.5000000000011));
#3472=CARTESIAN_POINT('',(77.,-23.0000000000017,-52.5000000000011));
#3473=CARTESIAN_POINT('Origin',(40.,-23.0000000000017,-72.));
#3474=CARTESIAN_POINT('',(52.5,-23.0000000000017,-72.));
#3475=CARTESIAN_POINT('Origin',(0.,19.9999999999983,-108.500000000001));
#3476=CARTESIAN_POINT('',(2.,49.9332590941898,-107.000000000001));
#3477=CARTESIAN_POINT('',(30.,19.9999999999983,-107.000000000001));
#3478=CARTESIAN_POINT('Origin',(0.,19.9999999999983,-107.000000000001));
#3479=CARTESIAN_POINT('',(30.,19.9999999999983,-109.000000000001));
#3480=CARTESIAN_POINT('',(30.,19.9999999999983,-108.500000000001));
#3481=CARTESIAN_POINT('',(0.,49.9999999999983,-109.000000000001));
#3482=CARTESIAN_POINT('Origin',(0.,19.9999999999983,-109.000000000001));
#3483=CARTESIAN_POINT('',(0.,49.9999999999983,-109.000000000001));
#3484=CARTESIAN_POINT('',(30.,19.9999999999983,-37.0000000000011));
#3485=CARTESIAN_POINT('',(30.,19.9999999999983,-108.500000000001));
#3486=CARTESIAN_POINT('',(2.,49.9332590941898,-37.0000000000011));
#3487=CARTESIAN_POINT('Origin',(0.,19.9999999999983,-37.0000000000011));
#3488=CARTESIAN_POINT('',(2.,49.9332590941898,-108.500000000001));
#3489=CARTESIAN_POINT('Origin',(0.,-50.0000000000017,-37.0000000000011));
#3490=CARTESIAN_POINT('',(2.,-25.0000000000017,-37.0000000000011));
#3491=CARTESIAN_POINT('',(30.,6.99999999999829,-37.0000000000011));
#3492=CARTESIAN_POINT('',(30.,-27.0000000000017,-37.0000000000011));
#3493=CARTESIAN_POINT('Origin',(60.,6.99999999999829,-37.0000000000011));
#3494=CARTESIAN_POINT('Origin',(30.,-1.71418435002124E-12,-35.9999998621651));
#3495=CARTESIAN_POINT('',(30.,6.99999999999829,-72.4999999310831));
#3496=CARTESIAN_POINT('Origin',(60.,6.99999999999829,-72.4999999310831));
#3497=CARTESIAN_POINT('Origin',(60.,6.99999999999829,-108.500000000001));
#3498=CARTESIAN_POINT('',(30.,6.99999999999829,-107.000000000001));
#3499=CARTESIAN_POINT('Origin',(60.,6.99999999999829,-107.000000000001));
#3500=CARTESIAN_POINT('',(30.,6.99999999999829,-109.000000000001));
#3501=CARTESIAN_POINT('Origin',(60.,6.99999999999829,-109.000000000001));
#3502=CARTESIAN_POINT('',(30.,6.99999999999829,-108.500000000001));
#3503=CARTESIAN_POINT('Origin',(59.5803989154981,-55.0000000000017,-107.000000000001));
#3504=CARTESIAN_POINT('Origin',(59.5803989154981,-55.0000000000017,-109.000000000001));
#3505=CARTESIAN_POINT('Origin',(59.5803989154981,-55.0000000000017,-37.0000000000011));
#3506=CARTESIAN_POINT('Origin',(80.,-24.0000000000017,-71.9999998621651));
#3507=CARTESIAN_POINT('',(80.,-23.0000000000017,-109.000000000001));
#3508=CARTESIAN_POINT('Origin',(2.,-1.71418435002124E-12,-72.0000000000011));
#3509=CARTESIAN_POINT('',(2.,-48.0000000000017,-89.5000000000011));
#3510=CARTESIAN_POINT('',(2.,-36.5000000000017,-41.8750000000011));
#3511=CARTESIAN_POINT('Origin',(2.,-36.5000000000017,-50.5000000000011));
#3512=CARTESIAN_POINT('',(2.,-36.5000000000017,-63.375));
#3513=CARTESIAN_POINT('Origin',(2.,-36.5000000000017,-72.));
#3514=CARTESIAN_POINT('',(2.,-36.5000000000017,-84.8750000000011));
#3515=CARTESIAN_POINT('Origin',(2.,-36.5000000000017,-93.5000000000011));
#3516=CARTESIAN_POINT('Origin',(2.,-1.71418435002124E-12,-72.0000000000011));
#3517=CARTESIAN_POINT('',(2.,-9.00000000000172,-40.5000000000011));
#3518=CARTESIAN_POINT('Origin',(2.,-9.00000000000171,-54.5000000000011));
#3519=CARTESIAN_POINT('Origin',(2.,-9.00000000000171,-54.5000000000011));
#3520=CARTESIAN_POINT('',(2.,-9.00000000000172,-75.5000000000011));
#3521=CARTESIAN_POINT('Origin',(2.,-9.00000000000171,-89.5000000000011));
#3522=CARTESIAN_POINT('Origin',(2.,-9.00000000000171,-89.5000000000011));
#3523=CARTESIAN_POINT('',(2.,24.9999999999983,-107.000000000001));
#3524=CARTESIAN_POINT('',(2.,25.,-52.));
#3525=CARTESIAN_POINT('Origin',(2.,25.,-72.));
#3526=CARTESIAN_POINT('Origin',(30.,-1.72306613421824E-12,-108.000000000001));
#3527=CARTESIAN_POINT('',(30.,49.9999999999983,-107.000000000001));
#3528=CARTESIAN_POINT('',(30.,-50.0000000000017,-109.000000000001));
#3529=CARTESIAN_POINT('Origin',(0.,49.9999999999983,-107.000000000001));
#3530=CARTESIAN_POINT('Origin',(0.,-23.0000000000017,-35.0000000000011));
#3531=CARTESIAN_POINT('Origin',(0.,-1.71418435002124E-12,-72.0000000000011));
#3532=CARTESIAN_POINT('',(0.,-50.0000000000017,-109.000000000001));
#3533=CARTESIAN_POINT('',(0.,-9.00000000000172,-40.5000000000011));
#3534=CARTESIAN_POINT('Origin',(0.,-9.00000000000171,-54.5000000000011));
#3535=CARTESIAN_POINT('',(0.,-36.5000000000017,-84.8750000000011));
#3536=CARTESIAN_POINT('Origin',(0.,-36.5000000000017,-93.5000000000011));
#3537=CARTESIAN_POINT('',(0.,-36.5000000000017,-63.375));
#3538=CARTESIAN_POINT('Origin',(0.,-36.5000000000017,-72.));
#3539=CARTESIAN_POINT('',(0.,-36.5000000000017,-41.8750000000011));
#3540=CARTESIAN_POINT('Origin',(0.,-36.5000000000017,-50.5000000000011));
#3541=CARTESIAN_POINT('',(0.,-9.00000000000172,-75.5000000000011));
#3542=CARTESIAN_POINT('Origin',(0.,-9.00000000000171,-89.5000000000011));
#3543=CARTESIAN_POINT('',(0.,25.,-52.));
#3544=CARTESIAN_POINT('Origin',(0.,25.,-72.));
#3545=CARTESIAN_POINT('Origin',(0.,-48.0000000000017,-107.000000000001));
#3546=CARTESIAN_POINT('Origin',(0.,-36.5000000000017,-50.5000000000011));
#3547=CARTESIAN_POINT('',(0.,-36.5000000000017,-41.8750000000011));
#3548=CARTESIAN_POINT('Origin',(0.,25.,-72.));
#3549=CARTESIAN_POINT('',(0.,25.,-52.));
#3550=CARTESIAN_POINT('Origin',(0.,-36.5000000000017,-72.));
#3551=CARTESIAN_POINT('',(0.,-36.5000000000017,-63.375));
#3552=CARTESIAN_POINT('Origin',(0.,-9.00000000000171,-89.5000000000011));
#3553=CARTESIAN_POINT('',(0.,-9.00000000000172,-75.5000000000011));
#3554=CARTESIAN_POINT('Origin',(0.,-36.5000000000017,-93.5000000000011));
#3555=CARTESIAN_POINT('',(0.,-36.5000000000017,-84.8750000000011));
#3556=CARTESIAN_POINT('Origin',(0.,-9.00000000000171,-54.5000000000011));
#3557=CARTESIAN_POINT('',(0.,-9.00000000000172,-40.5000000000011));
#3558=CARTESIAN_POINT('Origin',(0.,-50.0000000000017,-109.000000000001));
#3559=UNCERTAINTY_MEASURE_WITH_UNIT(LENGTH_MEASURE(0.01),#3563,
'DISTANCE_ACCURACY_VALUE',
'Maximum model space distance between geometric entities at asserted c
onnectivities');
#3560=UNCERTAINTY_MEASURE_WITH_UNIT(LENGTH_MEASURE(0.01),#3563,
'DISTANCE_ACCURACY_VALUE',
'Maximum model space distance between geometric entities at asserted c
onnectivities');
#3561=(
GEOMETRIC_REPRESENTATION_CONTEXT(3)
GLOBAL_UNCERTAINTY_ASSIGNED_CONTEXT((#3559))
GLOBAL_UNIT_ASSIGNED_CONTEXT((#3563,#3565,#3566))
REPRESENTATION_CONTEXT('','3D')
);
#3562=(
GEOMETRIC_REPRESENTATION_CONTEXT(3)
GLOBAL_UNCERTAINTY_ASSIGNED_CONTEXT((#3560))
GLOBAL_UNIT_ASSIGNED_CONTEXT((#3563,#3565,#3566))
REPRESENTATION_CONTEXT('','3D')
);
#3563=(
LENGTH_UNIT()
NAMED_UNIT(*)
SI_UNIT(.MILLI.,.METRE.)
);
#3564=(
LENGTH_UNIT()
NAMED_UNIT(*)
SI_UNIT($,.METRE.)
);
#3565=(
NAMED_UNIT(*)
PLANE_ANGLE_UNIT()
SI_UNIT($,.RADIAN.)
);
#3566=(
NAMED_UNIT(*)
SI_UNIT($,.STERADIAN.)
SOLID_ANGLE_UNIT()
);
#3567=SHAPE_DEFINITION_REPRESENTATION(#3568,#3569);
#3568=PRODUCT_DEFINITION_SHAPE('',$,#3571);
#3569=SHAPE_REPRESENTATION('',(#2103),#3561);
#3570=PRODUCT_DEFINITION_CONTEXT('part definition',#3575,'design');
#3571=PRODUCT_DEFINITION('support_multimetre','support_multimetre v5',#3572,
#3570);
#3572=PRODUCT_DEFINITION_FORMATION('',$,#3577);
#3573=PRODUCT_RELATED_PRODUCT_CATEGORY('support_multimetre v5',
'support_multimetre v5',(#3577));
#3574=APPLICATION_PROTOCOL_DEFINITION('international standard',
'automotive_design',2009,#3575);
#3575=APPLICATION_CONTEXT(
'Core Data for Automotive Mechanical Design Process');
#3576=PRODUCT_CONTEXT('part definition',#3575,'mechanical');
#3577=PRODUCT('support_multimetre','support_multimetre v5',$,(#3576));
#3578=PRESENTATION_STYLE_ASSIGNMENT((#3579));
#3579=SURFACE_STYLE_USAGE(.BOTH.,#3580);
#3580=SURFACE_SIDE_STYLE('',(#3581));
#3581=SURFACE_STYLE_FILL_AREA(#3582);
#3582=FILL_AREA_STYLE('Acier - Satin\X\E9',(#3583));
#3583=FILL_AREA_STYLE_COLOUR('Acier - Satin\X\E9',#3584);
#3584=COLOUR_RGB('Acier - Satin\X\E9',0.627450980392157,0.627450980392157,
0.627450980392157);
ENDSEC;
END-ISO-10303-21;
