ISO-10303-21;
HEADER;
/* Generated by software containing ST-Developer
 * from STEP Tools, Inc. (www.steptools.com) 
 */

FILE_DESCRIPTION(
/* description */ (''),
/* implementation_level */ '2;1');

FILE_NAME(
/* name */ 'support_tagre_bas_double.step',
/* time_stamp */ '2025-11-07T13:56:23+01:00',
/* author */ (''),
/* organization */ (''),
/* preprocessor_version */ 'ST-DEVELOPER v20.1',
/* originating_system */ 'Autodesk Translation Framework v14.17.0.0',
/* authorisation */ '');

FILE_SCHEMA (('AUTOMOTIVE_DESIGN { 1 0 10303 214 3 1 1 }'));
ENDSEC;

DATA;
#10=MECHANICAL_DESIGN_GEOMETRIC_PRESENTATION_REPRESENTATION('',(#13),#4645);
#11=SHAPE_REPRESENTATION_RELATIONSHIP('SRR','None',#4652,#12);
#12=ADVANCED_BREP_SHAPE_REPRESENTATION('',(#14),#4644);
#13=STYLED_ITEM('',(#4661),#14);
#14=MANIFOLD_SOLID_BREP('Corps1',#1927);
#15=(
BOUNDED_CURVE()
B_SPLINE_CURVE(3,(#3591,#3592,#3593,#3594),.UNSPECIFIED.,.F.,.F.)
B_SPLINE_CURVE_WITH_KNOTS((4,4),(0.,1.),.UNSPECIFIED.)
CURVE()
GEOMETRIC_REPRESENTATION_ITEM()
RATIONAL_B_SPLINE_CURVE((1.,0.569035593728849,0.569035593728849,1.))
REPRESENTATION_ITEM('')
);
#16=(
BOUNDED_CURVE()
B_SPLINE_CURVE(3,(#4608,#4609,#4610,#4611),.UNSPECIFIED.,.F.,.F.)
B_SPLINE_CURVE_WITH_KNOTS((4,4),(0.,1.),.UNSPECIFIED.)
CURVE()
GEOMETRIC_REPRESENTATION_ITEM()
RATIONAL_B_SPLINE_CURVE((1.,0.569035593728849,0.569035593728849,1.))
REPRESENTATION_ITEM('')
);
#17=ELLIPSE('',#1990,0.707106781186532,0.5);
#18=ELLIPSE('',#1992,0.707106781186541,0.5);
#19=ELLIPSE('',#1993,0.707106781186548,0.5);
#20=ELLIPSE('',#1998,0.707106781186541,0.5);
#21=ELLIPSE('',#2051,0.707106781186532,0.5);
#22=ELLIPSE('',#2063,0.707106781186542,0.5);
#23=ELLIPSE('',#2064,0.707106781186548,0.5);
#24=ELLIPSE('',#2071,0.707106781186542,0.5);
#25=FACE_BOUND('',#326,.T.);
#26=FACE_BOUND('',#327,.T.);
#27=FACE_BOUND('',#330,.T.);
#28=FACE_BOUND('',#358,.T.);
#29=FACE_BOUND('',#359,.T.);
#30=FACE_BOUND('',#375,.T.);
#31=FACE_BOUND('',#376,.T.);
#32=FACE_BOUND('',#386,.T.);
#33=FACE_BOUND('',#387,.T.);
#34=FACE_BOUND('',#390,.T.);
#35=CYLINDRICAL_SURFACE('',#1960,0.5);
#36=CYLINDRICAL_SURFACE('',#1962,0.5);
#37=CYLINDRICAL_SURFACE('',#1970,0.5);
#38=CYLINDRICAL_SURFACE('',#1972,0.5);
#39=CYLINDRICAL_SURFACE('',#1978,20.);
#40=CYLINDRICAL_SURFACE('',#1981,0.5);
#41=CYLINDRICAL_SURFACE('',#1986,185.);
#42=CYLINDRICAL_SURFACE('',#1989,0.5);
#43=CYLINDRICAL_SURFACE('',#1991,0.5);
#44=CYLINDRICAL_SURFACE('',#1994,0.5);
#45=CYLINDRICAL_SURFACE('',#1997,0.5);
#46=CYLINDRICAL_SURFACE('',#1999,1.5);
#47=CYLINDRICAL_SURFACE('',#2002,0.5);
#48=CYLINDRICAL_SURFACE('',#2013,12.5);
#49=CYLINDRICAL_SURFACE('',#2014,1.5);
#50=CYLINDRICAL_SURFACE('',#2018,0.5);
#51=CYLINDRICAL_SURFACE('',#2020,20.);
#52=CYLINDRICAL_SURFACE('',#2039,0.5);
#53=CYLINDRICAL_SURFACE('',#2040,0.5);
#54=CYLINDRICAL_SURFACE('',#2049,0.5);
#55=CYLINDRICAL_SURFACE('',#2050,0.5);
#56=CYLINDRICAL_SURFACE('',#2057,20.);
#57=CYLINDRICAL_SURFACE('',#2059,185.);
#58=CYLINDRICAL_SURFACE('',#2062,0.5);
#59=CYLINDRICAL_SURFACE('',#2065,0.5);
#60=CYLINDRICAL_SURFACE('',#2068,0.5);
#61=CYLINDRICAL_SURFACE('',#2070,0.5);
#62=CYLINDRICAL_SURFACE('',#2073,1.5);
#63=CYLINDRICAL_SURFACE('',#2078,0.5);
#64=CYLINDRICAL_SURFACE('',#2080,12.5);
#65=CYLINDRICAL_SURFACE('',#2081,1.5);
#66=CYLINDRICAL_SURFACE('',#2082,0.5);
#67=CYLINDRICAL_SURFACE('',#2086,0.5);
#68=CYLINDRICAL_SURFACE('',#2089,20.);
#69=TOROIDAL_SURFACE('',#1956,194.25,9.25);
#70=TOROIDAL_SURFACE('',#1975,194.25,9.25);
#71=TOROIDAL_SURFACE('',#2015,19.5,0.5);
#72=TOROIDAL_SURFACE('',#2019,19.5,0.5);
#73=TOROIDAL_SURFACE('',#2035,194.25,9.25);
#74=TOROIDAL_SURFACE('',#2054,194.25,9.25);
#75=TOROIDAL_SURFACE('',#2084,19.5,0.5);
#76=TOROIDAL_SURFACE('',#2087,19.5,0.5);
#77=B_SPLINE_CURVE_WITH_KNOTS('',3,(#2674,#2675,#2676,#2677,#2678,#2679,
#2680,#2681,#2682,#2683,#2684,#2685,#2686,#2687,#2688,#2689,#2690,#2691,
#2692,#2693,#2694,#2695,#2696,#2697,#2698,#2699,#2700,#2701,#2702,#2703,
#2704,#2705,#2706,#2707,#2708,#2709,#2710,#2711,#2712,#2713,#2714,#2715,
#2716,#2717,#2718,#2719),.UNSPECIFIED.,.F.,.F.,(4,3,3,3,3,3,3,3,3,3,3,3,
3,3,3,4),(-0.00032904630454561,0.,0.00819733789316772,0.0117866484697416,
0.0199941326574014,0.0235284898052423,0.0316386776706003,0.0394508978148192,
0.0410466139572147,0.0434252809742486,0.0514155829526909,0.0593710799000364,
0.0626386856272527,0.070624475954391,0.0784131443628743,0.0799318833574529),
 .UNSPECIFIED.);
#78=B_SPLINE_CURVE_WITH_KNOTS('',3,(#2721,#2722,#2723,#2724,#2725),
 .UNSPECIFIED.,.F.,.F.,(4,1,4),(0.485467691828681,1.02795991636631,1.43482908476953),
 .UNSPECIFIED.);
#79=B_SPLINE_CURVE_WITH_KNOTS('',3,(#2727,#2728,#2729,#2730,#2731,#2732,
#2733,#2734,#2735,#2736,#2737,#2738,#2739,#2740,#2741,#2742,#2743,#2744,
#2745,#2746,#2747,#2748,#2749,#2750,#2751,#2752,#2753,#2754,#2755,#2756,
#2757,#2758,#2759,#2760,#2761,#2762,#2763,#2764,#2765,#2766,#2767,#2768,
#2769,#2770,#2771,#2772),.UNSPECIFIED.,.F.,.F.,(4,3,3,3,3,3,3,3,3,3,3,3,
3,3,3,4),(0.00162197027608373,0.00938751730101033,0.0173613926181379,0.0188928068599632,
0.0268150612127032,0.0348098518590143,0.0380813674234206,0.0404570401106661,
0.0482451436814653,0.0563410142379996,0.058677283389158,0.0666018187365712,
0.0689296391958258,0.0771202796507423,0.0814510842801778,0.0817797003507014),
 .UNSPECIFIED.);
#80=B_SPLINE_CURVE_WITH_KNOTS('',3,(#2774,#2775,#2776,#2777),
 .UNSPECIFIED.,.F.,.F.,(4,4),(0.,0.00162807138754596),.UNSPECIFIED.);
#81=B_SPLINE_CURVE_WITH_KNOTS('',3,(#2779,#2780,#2781,#2782,#2783),
 .UNSPECIFIED.,.F.,.F.,(4,1,4),(-1.4214579903018,-1.02795991636631,-0.498839778285181),
 .UNSPECIFIED.);
#82=B_SPLINE_CURVE_WITH_KNOTS('',3,(#2784,#2785,#2786,#2787),
 .UNSPECIFIED.,.F.,.F.,(4,4),(0.187717584057331,0.190901136210395),
 .UNSPECIFIED.);
#83=B_SPLINE_CURVE_WITH_KNOTS('',3,(#2806,#2807,#2808,#2809,#2810,#2811,
#2812,#2813,#2814,#2815,#2816,#2817,#2818,#2819,#2820,#2821,#2822,#2823,
#2824,#2825,#2826,#2827,#2828,#2829,#2830,#2831,#2832,#2833),
 .UNSPECIFIED.,.F.,.F.,(4,3,3,3,3,3,3,3,3,4),(-0.0021464139548467,0.,0.0533192012158488,
0.10739947562916,0.161873287364879,0.187930752676888,0.251698544489356,
0.31477928141942,0.375384027557146,0.407243532199938),.UNSPECIFIED.);
#84=B_SPLINE_CURVE_WITH_KNOTS('',3,(#2835,#2836,#2837,#2838),
 .UNSPECIFIED.,.F.,.F.,(4,4),(1.49238011015577,1.86256758861909),
 .UNSPECIFIED.);
#85=B_SPLINE_CURVE_WITH_KNOTS('',3,(#2839,#2840,#2841,#2842,#2843,#2844,
#2845,#2846,#2847,#2848,#2849,#2850,#2851,#2852,#2853,#2854,#2855,#2856,
#2857,#2858,#2859,#2860),.UNSPECIFIED.,.F.,.F.,(4,3,3,3,3,3,3,4),(0.,0.00907205822460647,
0.0180267944607075,0.0261367801680597,0.0344315654631914,0.0421760209825957,
0.0487328896223276,0.0553277933972778),.UNSPECIFIED.);
#86=B_SPLINE_CURVE_WITH_KNOTS('',3,(#2870,#2871,#2872,#2873,#2874,#2875,
#2876,#2877,#2878,#2879,#2880,#2881,#2882,#2883,#2884,#2885),
 .UNSPECIFIED.,.F.,.F.,(4,2,2,2,2,2,2,4),(-16.8933832583546,-16.2165738506763,
-15.3728867466816,-14.5291996426868,-13.6855125386921,-12.8418254346973,
-11.9079739649839,-10.9741224952705),.UNSPECIFIED.);
#87=B_SPLINE_CURVE_WITH_KNOTS('',3,(#2886,#2887,#2888,#2889,#2890,#2891,
#2892,#2893,#2894,#2895,#2896,#2897,#2898,#2899,#2900,#2901,#2902),
 .UNSPECIFIED.,.F.,.F.,(4,2,2,2,2,2,3,4),(-5.24245135540586,-4.30859988569243,
-3.374748415979,-2.53106131198425,-1.6873742079895,-0.84368710399475,0.,
0.676809407987426),.UNSPECIFIED.);
#88=B_SPLINE_CURVE_WITH_KNOTS('',3,(#2904,#2905,#2906,#2907,#2908,#2909,
#2910,#2911,#2912,#2913,#2914,#2915,#2916,#2917,#2918,#2919),
 .UNSPECIFIED.,.F.,.F.,(4,2,2,2,2,2,2,4),(3.18815520132644,3.32053712407594,
3.49870017360064,3.67686322312535,3.87567052910397,4.0744778350826,4.28919860823394,
4.50391938138529),.UNSPECIFIED.);
#89=B_SPLINE_CURVE_WITH_KNOTS('',3,(#2921,#2922,#2923,#2924,#2925,#2926,
#2927,#2928),.UNSPECIFIED.,.F.,.F.,(4,2,2,4),(-0.00084575860063899,0.,0.0931283057566863,
0.205239034596421),.UNSPECIFIED.);
#90=B_SPLINE_CURVE_WITH_KNOTS('',3,(#2930,#2931,#2932,#2933,#2934,#2935,
#2936,#2937),.UNSPECIFIED.,.F.,.F.,(4,2,2,4),(6.17204601662068E-5,0.0357402302371452,
0.20392430083778,0.204761313059543),.UNSPECIFIED.);
#91=B_SPLINE_CURVE_WITH_KNOTS('',3,(#2939,#2940,#2941,#2942,#2943,#2944,
#2945,#2946,#2947,#2948,#2949,#2950,#2951,#2952,#2953,#2954),
 .UNSPECIFIED.,.F.,.F.,(4,2,2,2,2,2,2,4),(7.4877422784268,7.70246305157814,
7.91718382472948,8.11599113070811,8.31479843668674,8.49296148621144,8.67112453573615,
8.80350645848564),.UNSPECIFIED.);
#92=B_SPLINE_CURVE_WITH_KNOTS('',3,(#2964,#2965,#2966,#2967,#2968),
 .UNSPECIFIED.,.F.,.F.,(4,1,4),(0.485467691828647,0.892336860231826,1.4348290847694),
 .UNSPECIFIED.);
#93=B_SPLINE_CURVE_WITH_KNOTS('',3,(#2974,#2975,#2976,#2977),
 .UNSPECIFIED.,.F.,.F.,(4,4),(0.0577291879791282,0.427916666442423),
 .UNSPECIFIED.);
#94=B_SPLINE_CURVE_WITH_KNOTS('',3,(#2989,#2990,#2991,#2992,#2993,#2994,
#2995,#2996,#2997,#2998,#2999,#3000,#3001,#3002,#3003,#3004,#3005,#3006,
#3007,#3008,#3009,#3010,#3011,#3012,#3013,#3014,#3015,#3016,#3017,#3018,
#3019,#3020,#3021,#3022,#3023,#3024,#3025,#3026,#3027,#3028,#3029,#3030,
#3031),.UNSPECIFIED.,.F.,.F.,(4,3,3,3,3,3,3,3,3,3,3,3,3,3,4),(0.00162097386417435,
0.00701797315121284,0.0148012202418448,0.0227872460854512,0.0259626683910484,
0.033998494124638,0.0404451175834082,0.0453747121512236,0.053258112663395,
0.0614072858877257,0.0633424695967275,0.0715730682982194,0.0796860894863236,
0.0814482729675262,0.0817768728227376),.UNSPECIFIED.);
#95=B_SPLINE_CURVE_WITH_KNOTS('',3,(#3044,#3045,#3046,#3047,#3048,#3049,
#3050,#3051,#3052,#3053,#3054,#3055,#3056,#3057,#3058,#3059,#3060),
 .UNSPECIFIED.,.F.,.F.,(4,2,2,2,2,2,3,4),(-5.24245135540588,-4.30859988569244,
-3.374748415979,-2.53106131198425,-1.6873742079895,-0.84368710399475,0.,
0.676809407987425),.UNSPECIFIED.);
#96=B_SPLINE_CURVE_WITH_KNOTS('',3,(#3061,#3062,#3063,#3064),
 .UNSPECIFIED.,.F.,.F.,(4,4),(0.,0.00162807138754582),.UNSPECIFIED.);
#97=B_SPLINE_CURVE_WITH_KNOTS('',3,(#3068,#3069,#3070,#3071,#3072,#3073,
#3074,#3075,#3076,#3077,#3078,#3079,#3080,#3081,#3082,#3083,#3084),
 .UNSPECIFIED.,.T.,.F.,(4,1,1,1,1,1,1,1,1,1,1,1,1,1,4),(-8.44370248140165,
-7.84058087558725,-7.23745926977284,-6.43329712868697,-6.03121605814404,
-5.22705391705816,-4.82497284651523,-4.02081070542936,-3.61872963488642,
-2.81456749380055,-2.41248642325761,-1.80936481744321,-1.20624321162881,
-0.603121605814404,0.),.UNSPECIFIED.);
#98=B_SPLINE_CURVE_WITH_KNOTS('',3,(#3097,#3098,#3099,#3100,#3101,#3102,
#3103,#3104,#3105,#3106,#3107,#3108,#3109,#3110,#3111,#3112),
 .UNSPECIFIED.,.F.,.F.,(4,2,2,2,2,2,2,4),(3.18815520132641,3.32053712407594,
3.49870017360064,3.67686322312535,3.87567052910397,4.0744778350826,4.28919860823394,
4.50391938138529),.UNSPECIFIED.);
#99=B_SPLINE_CURVE_WITH_KNOTS('',3,(#3123,#3124,#3125,#3126,#3127,#3128,
#3129,#3130),.UNSPECIFIED.,.F.,.F.,(4,2,2,4),(-0.000845249340635982,0.,
0.0931439685244478,0.205239362389449),.UNSPECIFIED.);
#100=B_SPLINE_CURVE_WITH_KNOTS('',3,(#3157,#3158,#3159,#3160,#3161),
 .UNSPECIFIED.,.F.,.F.,(4,1,4),(-1.4214569983129,-0.892336860231826,-0.498838786296376),
 .UNSPECIFIED.);
#101=B_SPLINE_CURVE_WITH_KNOTS('',3,(#3163,#3164,#3165,#3166),
 .UNSPECIFIED.,.F.,.F.,(4,4),(0.187717584056935,0.19090113620998),
 .UNSPECIFIED.);
#102=B_SPLINE_CURVE_WITH_KNOTS('',3,(#3167,#3168,#3169,#3170,#3171,#3172,
#3173,#3174,#3175,#3176,#3177,#3178,#3179,#3180,#3181,#3182,#3183,#3184,
#3185,#3186,#3187,#3188,#3189,#3190,#3191,#3192,#3193,#3194,#3195,#3196,
#3197,#3198,#3199,#3200,#3201,#3202,#3203,#3204,#3205,#3206,#3207,#3208,
#3209,#3210,#3211,#3212),.UNSPECIFIED.,.F.,.F.,(4,3,3,3,3,3,3,3,3,3,3,3,
3,3,3,4),(-0.000329046304544454,0.,0.00819723796544438,0.0117866484697206,
0.0199939470899859,0.0235284898051828,0.0316385685880224,0.0394507169172339,
0.0410466139570981,0.0434252809741257,0.0514157633351152,0.0593715330974239,
0.0626386856270758,0.0706248332221921,0.078413824842995,0.079931883357226),
 .UNSPECIFIED.);
#103=B_SPLINE_CURVE_WITH_KNOTS('',3,(#3217,#3218,#3219,#3220,#3221,#3222,
#3223,#3224),.UNSPECIFIED.,.F.,.F.,(4,2,2,4),(0.,0.0357005812855011,0.203863975474181,
0.204700488968208),.UNSPECIFIED.);
#104=B_SPLINE_CURVE_WITH_KNOTS('',3,(#3226,#3227,#3228,#3229,#3230,#3231,
#3232,#3233,#3234,#3235,#3236,#3237,#3238,#3239,#3240,#3241),
 .UNSPECIFIED.,.F.,.F.,(4,2,2,2,2,2,2,4),(7.4877422784268,7.70246305157814,
7.91718382472948,8.11599113070811,8.31479843668674,8.49296148621144,8.67112453573615,
8.80350645848567),.UNSPECIFIED.);
#105=B_SPLINE_CURVE_WITH_KNOTS('',3,(#3244,#3245,#3246,#3247,#3248,#3249,
#3250,#3251,#3252,#3253,#3254,#3255,#3256,#3257,#3258,#3259),
 .UNSPECIFIED.,.F.,.F.,(4,2,2,2,2,2,2,4),(-16.8933832583547,-16.2165738506764,
-15.3728867466816,-14.5291996426869,-13.6855125386921,-12.8418254346974,
-11.9079739649839,-10.9741224952705),.UNSPECIFIED.);
#106=B_SPLINE_CURVE_WITH_KNOTS('',3,(#3277,#3278,#3279,#3280,#3281,#3282,
#3283,#3284,#3285,#3286,#3287,#3288,#3289,#3290,#3291,#3292,#3293,#3294,
#3295,#3296,#3297,#3298,#3299,#3300,#3301,#3302,#3303,#3304),
 .UNSPECIFIED.,.F.,.F.,(4,3,3,3,3,3,3,3,3,4),(0.,0.0609638768315864,0.123619864346083,
0.187408736027657,0.21917321884563,0.273606984662171,0.327820459224373,
0.380948831506997,0.406984380939546,0.409129429013973),.UNSPECIFIED.);
#107=B_SPLINE_CURVE_WITH_KNOTS('',3,(#3305,#3306,#3307,#3308,#3309,#3310,
#3311,#3312,#3313,#3314,#3315,#3316,#3317,#3318,#3319,#3320,#3321,#3322,
#3323,#3324,#3325,#3326,#3327,#3328,#3329),.UNSPECIFIED.,.F.,.F.,(4,3,3,
3,3,3,3,3,4),(0.0306631246052263,0.035370553381157,0.0428912918454777,0.05091598353928,
0.056004057061521,0.0646921875341483,0.0706750080054554,0.0798360033335001,
0.0856520553486336),.UNSPECIFIED.);
#108=B_SPLINE_CURVE_WITH_KNOTS('',3,(#3362,#3363,#3364,#3365,#3366,#3367),
 .UNSPECIFIED.,.F.,.F.,(4,2,4),(0.216677117888171,0.227452053908466,0.250514064852694),
 .UNSPECIFIED.);
#109=B_SPLINE_CURVE_WITH_KNOTS('',3,(#3595,#3596,#3597,#3598,#3599,#3600,
#3601,#3602,#3603,#3604,#3605,#3606,#3607,#3608,#3609,#3610,#3611),
 .UNSPECIFIED.,.T.,.F.,(4,1,1,1,1,1,1,1,1,1,1,1,1,1,4),(0.,0.603121605814404,
1.20624321162881,1.80936481744321,2.41248642325761,2.81456749380055,3.61872963488642,
4.02081070542936,4.82497284651523,5.22705391705816,6.03121605814404,6.43329712868697,
7.23745926977284,7.84058087558725,8.44370248140165),.UNSPECIFIED.);
#110=B_SPLINE_CURVE_WITH_KNOTS('',3,(#3665,#3666,#3667,#3668,#3669,#3670,
#3671,#3672,#3673,#3674,#3675,#3676,#3677,#3678,#3679,#3680,#3681,#3682,
#3683,#3684,#3685,#3686),.UNSPECIFIED.,.F.,.F.,(4,3,3,3,3,3,3,4),(0.,0.00907205822460692,
0.0180267944607124,0.0261367801680597,0.0344315654631934,0.0421760209826031,
0.0487328896223276,0.0553277933974588),.UNSPECIFIED.);
#111=B_SPLINE_CURVE_WITH_KNOTS('',3,(#3690,#3691,#3692,#3693,#3694,#3695,
#3696,#3697,#3698,#3699,#3700,#3701,#3702,#3703,#3704,#3705,#3706,#3707,
#3708,#3709,#3710,#3711,#3712,#3713,#3714),.UNSPECIFIED.,.F.,.F.,(4,3,3,
3,3,3,3,3,4),(0.030663124605226,0.035370553381157,0.042891291845477,0.0509159835392799,
0.056004057061521,0.0646921875341488,0.0706750080054554,0.079836003333501,
0.0856520553486336),.UNSPECIFIED.);
#112=B_SPLINE_CURVE_WITH_KNOTS('',3,(#3749,#3750,#3751,#3752,#3753,#3754,
#3755,#3756,#3757,#3758,#3759,#3760,#3761,#3762,#3763,#3764,#3765,#3766,
#3767,#3768,#3769,#3770,#3771,#3772,#3773,#3774,#3775,#3776,#3777,#3778,
#3779,#3780,#3781,#3782,#3783,#3784,#3785,#3786,#3787,#3788,#3789,#3790,
#3791,#3792,#3793,#3794),.UNSPECIFIED.,.F.,.F.,(4,3,3,3,3,3,3,3,3,3,3,3,
3,3,3,4),(-0.000329046304545626,0.,0.00819755231615261,0.0117866484697432,
0.0199940297086484,0.0235284898052482,0.0316384682771691,0.0394501046376002,
0.0410466139572299,0.0434252809742642,0.051415324648052,0.05937102528048,
0.0626386856272774,0.0706244990422478,0.0784134770687906,0.0799318833574878),
 .UNSPECIFIED.);
#113=B_SPLINE_CURVE_WITH_KNOTS('',3,(#3796,#3797,#3798,#3799,#3800),
 .UNSPECIFIED.,.F.,.F.,(4,1,4),(0.485467691828642,1.02795991636622,1.43482908476941),
 .UNSPECIFIED.);
#114=B_SPLINE_CURVE_WITH_KNOTS('',3,(#3802,#3803,#3804,#3805,#3806,#3807,
#3808,#3809,#3810,#3811,#3812,#3813,#3814,#3815,#3816,#3817,#3818,#3819,
#3820,#3821,#3822,#3823,#3824,#3825,#3826,#3827,#3828,#3829,#3830,#3831,
#3832,#3833,#3834,#3835,#3836,#3837,#3838,#3839,#3840,#3841,#3842,#3843,
#3844),.UNSPECIFIED.,.F.,.F.,(4,3,3,3,3,3,3,3,3,3,3,3,3,3,4),(0.00162097386417435,
0.00701797315121083,0.0148018545012665,0.0227882030524008,0.0259626683910276,
0.0339986798828411,0.0404451175833714,0.0453747121511849,0.053257422413721,
0.0614063086331889,0.0633424695966799,0.0715727567738825,0.0796860222778585,
0.0814482729674652,0.0817768728226762),.UNSPECIFIED.);
#115=B_SPLINE_CURVE_WITH_KNOTS('',3,(#3846,#3847,#3848,#3849),
 .UNSPECIFIED.,.F.,.F.,(4,4),(0.,0.00162807138754585),.UNSPECIFIED.);
#116=B_SPLINE_CURVE_WITH_KNOTS('',3,(#3851,#3852,#3853,#3854,#3855),
 .UNSPECIFIED.,.F.,.F.,(4,1,4),(-1.42145799512973,-1.02795991636622,-0.498839773472634),
 .UNSPECIFIED.);
#117=B_SPLINE_CURVE_WITH_KNOTS('',3,(#3856,#3857,#3858,#3859),
 .UNSPECIFIED.,.F.,.F.,(4,4),(0.187717584056313,0.190901136209329),
 .UNSPECIFIED.);
#118=B_SPLINE_CURVE_WITH_KNOTS('',3,(#3877,#3878,#3879,#3880,#3881,#3882,
#3883,#3884,#3885,#3886,#3887,#3888,#3889,#3890,#3891,#3892,#3893,#3894,
#3895,#3896,#3897,#3898,#3899,#3900,#3901,#3902,#3903,#3904),
 .UNSPECIFIED.,.F.,.F.,(4,3,3,3,3,3,3,3,3,4),(0.,0.0609638768312485,0.123619864345465,
0.187408736026785,0.219173218845655,0.273606984376197,0.327820458688676,
0.380948830771371,0.40698438093435,0.409129429008745),.UNSPECIFIED.);
#119=B_SPLINE_CURVE_WITH_KNOTS('',3,(#3905,#3906,#3907,#3908),
 .UNSPECIFIED.,.F.,.F.,(4,4),(0.0577291879791279,0.427916666442426),
 .UNSPECIFIED.);
#120=B_SPLINE_CURVE_WITH_KNOTS('',3,(#3918,#3919,#3920,#3921,#3922,#3923,
#3924,#3925,#3926,#3927,#3928,#3929,#3930,#3931,#3932,#3933),
 .UNSPECIFIED.,.F.,.F.,(4,2,2,2,2,2,2,4),(-16.8933832583546,-16.2165738506763,
-15.3728867466816,-14.5291996426868,-13.6855125386921,-12.8418254346974,
-11.9079739649839,-10.9741224952705),.UNSPECIFIED.);
#121=B_SPLINE_CURVE_WITH_KNOTS('',3,(#3934,#3935,#3936,#3937,#3938,#3939,
#3940,#3941,#3942,#3943,#3944,#3945,#3946,#3947,#3948,#3949,#3950),
 .UNSPECIFIED.,.F.,.F.,(4,2,2,2,2,2,3,4),(-5.24245135540586,-4.30859988569242,
-3.37474841597898,-2.53106131198424,-1.68737420798949,-0.843687103994746,
0.,0.676809407987424),.UNSPECIFIED.);
#122=B_SPLINE_CURVE_WITH_KNOTS('',3,(#3952,#3953,#3954,#3955,#3956,#3957,
#3958,#3959,#3960,#3961,#3962,#3963,#3964,#3965,#3966,#3967),
 .UNSPECIFIED.,.F.,.F.,(4,2,2,2,2,2,2,4),(-2.80767562858028,-2.67529370583011,
-2.4971306563054,-2.31896760678069,-2.12016030080207,-1.92135299482344,
-1.7066322216721,-1.49191144852075),.UNSPECIFIED.);
#123=B_SPLINE_CURVE_WITH_KNOTS('',3,(#3969,#3970,#3971,#3972,#3973,#3974,
#3975,#3976),.UNSPECIFIED.,.F.,.F.,(4,2,2,4),(-0.000846481359775444,0.,
0.0931060975330854,0.205238575109638),.UNSPECIFIED.);
#124=B_SPLINE_CURVE_WITH_KNOTS('',3,(#3978,#3979,#3980,#3981,#3982,#3983,
#3984,#3985),.UNSPECIFIED.,.F.,.F.,(4,2,2,4),(0.000149372754465851,0.0357965694459523,
0.204009970084452,0.204847690009028),.UNSPECIFIED.);
#125=B_SPLINE_CURVE_WITH_KNOTS('',3,(#3987,#3988,#3989,#3990,#3991,#3992,
#3993,#3994,#3995,#3996,#3997,#3998,#3999,#4000,#4001,#4002),
 .UNSPECIFIED.,.F.,.F.,(4,2,2,2,2,2,2,4),(1.49196655721124,1.69721542673682,
1.90246429626239,2.09372527689235,2.2849862575223,2.47270062542966,2.66041499333701,
2.80749789679455),.UNSPECIFIED.);
#126=B_SPLINE_CURVE_WITH_KNOTS('',3,(#4013,#4014,#4015,#4016),
 .UNSPECIFIED.,.F.,.F.,(4,4),(1.49238011015577,1.86256758861909),
 .UNSPECIFIED.);
#127=B_SPLINE_CURVE_WITH_KNOTS('',3,(#4022,#4023,#4024,#4025,#4026),
 .UNSPECIFIED.,.F.,.F.,(4,1,4),(0.485467691828685,0.892336860231904,1.43482908476953),
 .UNSPECIFIED.);
#128=B_SPLINE_CURVE_WITH_KNOTS('',3,(#4030,#4031,#4032,#4033,#4034,#4035,
#4036,#4037,#4038,#4039,#4040,#4041,#4042,#4043,#4044,#4045,#4046,#4047,
#4048,#4049,#4050,#4051,#4052,#4053,#4054,#4055,#4056,#4057,#4058,#4059,
#4060,#4061,#4062,#4063,#4064,#4065,#4066,#4067,#4068,#4069,#4070,#4071,
#4072,#4073,#4074,#4075),.UNSPECIFIED.,.F.,.F.,(4,3,3,3,3,3,3,3,3,3,3,3,
3,3,3,4),(-0.000329046304545626,0.,0.00819745254824428,0.0117866484697436,
0.019993843745459,0.0235284898052506,0.0316383587763048,0.039449923018545,
0.0410466139572341,0.0434252809742693,0.0514155051258702,0.0593714790575225,
0.0626386856272835,0.0706248573582265,0.0784141598841908,0.0799318833574977),
 .UNSPECIFIED.);
#129=B_SPLINE_CURVE_WITH_KNOTS('',3,(#4083,#4084,#4085,#4086),
 .UNSPECIFIED.,.F.,.F.,(4,4),(0.187717584056825,0.190901136209848),
 .UNSPECIFIED.);
#130=B_SPLINE_CURVE_WITH_KNOTS('',3,(#4088,#4089,#4090,#4091,#4092,#4093,
#4094,#4095,#4096,#4097,#4098,#4099,#4100,#4101,#4102,#4103),
 .UNSPECIFIED.,.F.,.F.,(4,2,2,2,2,2,2,4),(-16.8933832583546,-16.2165738506763,
-15.3728867466816,-14.5291996426868,-13.6855125386921,-12.8418254346974,
-11.9079739649839,-10.9741224952705),.UNSPECIFIED.);
#131=B_SPLINE_CURVE_WITH_KNOTS('',3,(#4108,#4109,#4110,#4111,#4112,#4113,
#4114,#4115,#4116,#4117,#4118,#4119,#4120,#4121,#4122,#4123,#4124,#4125,
#4126,#4127,#4128,#4129,#4130,#4131,#4132,#4133,#4134,#4135,#4136,#4137,
#4138,#4139,#4140,#4141,#4142,#4143,#4144,#4145,#4146,#4147,#4148,#4149,
#4150),.UNSPECIFIED.,.T.,.F.,(4,3,3,3,3,3,3,3,3,3,3,3,3,3,4),(-8.44370248140167,
-7.84058087558726,-7.23745926977286,-6.43329712868699,-6.03121605814405,
-5.22705391705817,-4.82497284651524,-4.02081070542937,-3.61872963488643,
-2.81456749380056,-2.41248642325762,-1.80936481744321,-1.20624321162881,
-0.603121605814405,-1.77635683940025E-14),.UNSPECIFIED.);
#132=B_SPLINE_CURVE_WITH_KNOTS('',3,(#4163,#4164,#4165,#4166,#4167,#4168,
#4169,#4170,#4171,#4172,#4173,#4174,#4175,#4176,#4177,#4178),
 .UNSPECIFIED.,.F.,.F.,(4,2,2,2,2,2,2,4),(7.4877422784268,7.70246305157814,
7.91718382472948,8.11599113070811,8.31479843668674,8.49296148621144,8.67112453573615,
8.80350645848566),.UNSPECIFIED.);
#133=B_SPLINE_CURVE_WITH_KNOTS('',3,(#4188,#4189,#4190,#4191,#4192,#4193,
#4194,#4195),.UNSPECIFIED.,.F.,.F.,(4,2,2,4),(0.,0.0357005812854398,0.203863975757296,
0.204700489263365),.UNSPECIFIED.);
#134=B_SPLINE_CURVE_WITH_KNOTS('',3,(#4227,#4228,#4229,#4230,#4231,#4232,
#4233,#4234,#4235,#4236,#4237,#4238,#4239,#4240,#4241,#4242,#4243,#4244,
#4245,#4246,#4247,#4248,#4249,#4250,#4251,#4252,#4253,#4254,#4255,#4256,
#4257,#4258,#4259,#4260,#4261,#4262,#4263,#4264,#4265,#4266,#4267,#4268,
#4269,#4270,#4271,#4272),.UNSPECIFIED.,.F.,.F.,(4,3,3,3,3,3,3,3,3,3,3,3,
3,3,3,4),(0.00162197027608544,0.00938750458493382,0.0173610667609895,0.0188928068599674,
0.0268150114318096,0.0348093994146188,0.0380813674234385,0.0404570401106872,
0.0482446209419779,0.0563403711430577,0.0586772833891864,0.0666018187366301,
0.0689296391958284,0.0771205898786284,0.0814510842789917,0.0817797003494859),
 .UNSPECIFIED.);
#135=B_SPLINE_CURVE_WITH_KNOTS('',3,(#4274,#4275,#4276,#4277),
 .UNSPECIFIED.,.F.,.F.,(4,4),(0.,0.00162807138754585),.UNSPECIFIED.);
#136=B_SPLINE_CURVE_WITH_KNOTS('',3,(#4278,#4279,#4280,#4281,#4282),
 .UNSPECIFIED.,.F.,.F.,(4,1,4),(-1.42145700312553,-0.892336860231904,-0.49883878146837),
 .UNSPECIFIED.);
#137=B_SPLINE_CURVE_WITH_KNOTS('',3,(#4291,#4292,#4293,#4294,#4295,#4296,
#4297,#4298,#4299,#4300,#4301,#4302,#4303,#4304,#4305,#4306,#4307),
 .UNSPECIFIED.,.F.,.F.,(4,2,2,2,2,2,3,4),(-5.24245135540586,-4.30859988569242,
-3.37474841597898,-2.53106131198424,-1.68737420798949,-0.843687103994746,
0.,0.676809407987424),.UNSPECIFIED.);
#138=B_SPLINE_CURVE_WITH_KNOTS('',3,(#4309,#4310,#4311,#4312,#4313,#4314,
#4315,#4316,#4317,#4318,#4319,#4320,#4321,#4322,#4323,#4324),
 .UNSPECIFIED.,.F.,.F.,(4,2,2,2,2,2,2,4),(3.18815520132642,3.32053712407594,
3.49870017360064,3.67686322312535,3.87567052910397,4.0744778350826,4.28919860823394,
4.50391938138529),.UNSPECIFIED.);
#139=B_SPLINE_CURVE_WITH_KNOTS('',3,(#4325,#4326,#4327,#4328,#4329,#4330,
#4331,#4332),.UNSPECIFIED.,.F.,.F.,(4,2,2,4),(-0.000845249336739265,0.,
0.0931439681491027,0.205239361623002),.UNSPECIFIED.);
#140=B_SPLINE_CURVE_WITH_KNOTS('',3,(#4350,#4351,#4352,#4353,#4354,#4355,
#4356,#4357,#4358,#4359,#4360,#4361,#4362,#4363,#4364,#4365,#4366,#4367,
#4368,#4369,#4370,#4371,#4372,#4373,#4374,#4375,#4376,#4377),
 .UNSPECIFIED.,.F.,.F.,(4,3,3,3,3,3,3,3,3,4),(-0.00214641379265351,0.,0.0533192416919031,
0.107399563255188,0.161873431987647,0.187930746979813,0.251698536511111,
0.314779271184236,0.37538401515374,0.407243518657139),.UNSPECIFIED.);
#141=B_SPLINE_CURVE_WITH_KNOTS('',3,(#4390,#4391,#4392,#4393,#4394,#4395),
 .UNSPECIFIED.,.F.,.F.,(4,2,4),(0.216677117888171,0.227452053908466,0.250514064852694),
 .UNSPECIFIED.);
#142=B_SPLINE_CURVE_WITH_KNOTS('',3,(#4612,#4613,#4614,#4615,#4616,#4617,
#4618,#4619,#4620,#4621,#4622,#4623,#4624,#4625,#4626,#4627,#4628),
 .UNSPECIFIED.,.T.,.F.,(4,1,1,1,1,1,1,1,1,1,1,1,1,1,4),(0.,0.603121605814404,
1.20624321162881,1.80936481744321,2.41248642325761,2.81456749380055,3.61872963488642,
4.02081070542936,4.82497284651523,5.22705391705816,6.03121605814404,6.43329712868697,
7.23745926977284,7.84058087558725,8.44370248140165),.UNSPECIFIED.);
#143=B_SPLINE_SURFACE_WITH_KNOTS('',3,3,((#2647,#2648,#2649,#2650,#2651),
(#2652,#2653,#2654,#2655,#2656),(#2657,#2658,#2659,#2660,#2661),(#2662,
#2663,#2664,#2665,#2666),(#2667,#2668,#2669,#2670,#2671)),.UNSPECIFIED.,
 .F.,.F.,.F.,(4,1,4),(4,1,4),(0.,0.5,1.),(0.485467691828681,1.02795991636631,
1.43482908476953),.UNSPECIFIED.);
#144=B_SPLINE_SURFACE_WITH_KNOTS('',3,3,((#2788,#2789,#2790,#2791),(#2792,
#2793,#2794,#2795),(#2796,#2797,#2798,#2799),(#2800,#2801,#2802,#2803)),
 .UNSPECIFIED.,.F.,.F.,.F.,(4,4),(4,4),(0.,0.621547175916387),(1.49238011015577,
1.88622179115017),.UNSPECIFIED.);
#145=B_SPLINE_SURFACE_WITH_KNOTS('',3,3,((#3131,#3132,#3133,#3134,#3135),
(#3136,#3137,#3138,#3139,#3140),(#3141,#3142,#3143,#3144,#3145),(#3146,
#3147,#3148,#3149,#3150),(#3151,#3152,#3153,#3154,#3155)),.UNSPECIFIED.,
 .F.,.F.,.F.,(4,1,4),(4,1,4),(0.,0.5,1.),(0.485467691828647,0.892336860231826,
1.4348290847694),.UNSPECIFIED.);
#146=B_SPLINE_SURFACE_WITH_KNOTS('',3,3,((#3260,#3261,#3262,#3263),(#3264,
#3265,#3266,#3267),(#3268,#3269,#3270,#3271),(#3272,#3273,#3274,#3275)),
 .UNSPECIFIED.,.F.,.F.,.F.,(4,4),(4,4),(0.,0.621547175916384),(0.0340749854480421,
0.427916666442423),.UNSPECIFIED.);
#147=B_SPLINE_SURFACE_WITH_KNOTS('',3,3,((#3420,#3421,#3422,#3423,#3424,
#3425,#3426,#3427,#3428,#3429,#3430,#3431,#3432,#3433,#3434,#3435,#3436),
(#3437,#3438,#3439,#3440,#3441,#3442,#3443,#3444,#3445,#3446,#3447,#3448,
#3449,#3450,#3451,#3452,#3453),(#3454,#3455,#3456,#3457,#3458,#3459,#3460,
#3461,#3462,#3463,#3464,#3465,#3466,#3467,#3468,#3469,#3470),(#3471,#3472,
#3473,#3474,#3475,#3476,#3477,#3478,#3479,#3480,#3481,#3482,#3483,#3484,
#3485,#3486,#3487),(#3488,#3489,#3490,#3491,#3492,#3493,#3494,#3495,#3496,
#3497,#3498,#3499,#3500,#3501,#3502,#3503,#3504),(#3505,#3506,#3507,#3508,
#3509,#3510,#3511,#3512,#3513,#3514,#3515,#3516,#3517,#3518,#3519,#3520,
#3521),(#3522,#3523,#3524,#3525,#3526,#3527,#3528,#3529,#3530,#3531,#3532,
#3533,#3534,#3535,#3536,#3537,#3538),(#3539,#3540,#3541,#3542,#3543,#3544,
#3545,#3546,#3547,#3548,#3549,#3550,#3551,#3552,#3553,#3554,#3555),(#3556,
#3557,#3558,#3559,#3560,#3561,#3562,#3563,#3564,#3565,#3566,#3567,#3568,
#3569,#3570,#3571,#3572),(#3573,#3574,#3575,#3576,#3577,#3578,#3579,#3580,
#3581,#3582,#3583,#3584,#3585,#3586,#3587,#3588,#3589)),.UNSPECIFIED.,.F.,
 .T.,.F.,(4,1,1,1,1,1,1,4),(4,1,1,1,1,1,1,1,1,1,1,1,1,1,4),(0.,0.142857142857143,
0.285714285714286,0.428571428571429,0.571428571428571,0.714285714285714,
0.857142857142857,1.),(0.,0.603121605814404,1.20624321162881,1.80936481744321,
2.41248642325761,2.81456749380055,3.61872963488642,4.02081070542936,4.82497284651523,
5.22705391705816,6.03121605814404,6.43329712868697,7.23745926977284,7.84058087558725,
8.44370248140165),.UNSPECIFIED.);
#148=B_SPLINE_SURFACE_WITH_KNOTS('',3,3,((#3722,#3723,#3724,#3725,#3726),
(#3727,#3728,#3729,#3730,#3731),(#3732,#3733,#3734,#3735,#3736),(#3737,
#3738,#3739,#3740,#3741),(#3742,#3743,#3744,#3745,#3746)),.UNSPECIFIED.,
 .F.,.F.,.F.,(4,1,4),(4,1,4),(0.,0.5,1.),(0.485467691828642,1.02795991636622,
1.43482908476941),.UNSPECIFIED.);
#149=B_SPLINE_SURFACE_WITH_KNOTS('',3,3,((#3860,#3861,#3862,#3863),(#3864,
#3865,#3866,#3867),(#3868,#3869,#3870,#3871),(#3872,#3873,#3874,#3875)),
 .UNSPECIFIED.,.F.,.F.,.F.,(4,4),(4,4),(0.,0.621547175916379),(0.0340749854480422,
0.427916666442426),.UNSPECIFIED.);
#150=B_SPLINE_SURFACE_WITH_KNOTS('',3,3,((#4201,#4202,#4203,#4204,#4205),
(#4206,#4207,#4208,#4209,#4210),(#4211,#4212,#4213,#4214,#4215),(#4216,
#4217,#4218,#4219,#4220),(#4221,#4222,#4223,#4224,#4225)),.UNSPECIFIED.,
 .F.,.F.,.F.,(4,1,4),(4,1,4),(0.,0.5,1.),(0.485467691828685,0.892336860231904,
1.43482908476953),.UNSPECIFIED.);
#151=B_SPLINE_SURFACE_WITH_KNOTS('',3,3,((#4334,#4335,#4336,#4337),(#4338,
#4339,#4340,#4341),(#4342,#4343,#4344,#4345),(#4346,#4347,#4348,#4349)),
 .UNSPECIFIED.,.F.,.F.,.F.,(4,4),(4,4),(0.,0.621547175918538),(1.49238011015577,
1.88622179115022),.UNSPECIFIED.);
#152=B_SPLINE_SURFACE_WITH_KNOTS('',3,3,((#4437,#4438,#4439,#4440,#4441,
#4442,#4443,#4444,#4445,#4446,#4447,#4448,#4449,#4450,#4451,#4452,#4453),
(#4454,#4455,#4456,#4457,#4458,#4459,#4460,#4461,#4462,#4463,#4464,#4465,
#4466,#4467,#4468,#4469,#4470),(#4471,#4472,#4473,#4474,#4475,#4476,#4477,
#4478,#4479,#4480,#4481,#4482,#4483,#4484,#4485,#4486,#4487),(#4488,#4489,
#4490,#4491,#4492,#4493,#4494,#4495,#4496,#4497,#4498,#4499,#4500,#4501,
#4502,#4503,#4504),(#4505,#4506,#4507,#4508,#4509,#4510,#4511,#4512,#4513,
#4514,#4515,#4516,#4517,#4518,#4519,#4520,#4521),(#4522,#4523,#4524,#4525,
#4526,#4527,#4528,#4529,#4530,#4531,#4532,#4533,#4534,#4535,#4536,#4537,
#4538),(#4539,#4540,#4541,#4542,#4543,#4544,#4545,#4546,#4547,#4548,#4549,
#4550,#4551,#4552,#4553,#4554,#4555),(#4556,#4557,#4558,#4559,#4560,#4561,
#4562,#4563,#4564,#4565,#4566,#4567,#4568,#4569,#4570,#4571,#4572),(#4573,
#4574,#4575,#4576,#4577,#4578,#4579,#4580,#4581,#4582,#4583,#4584,#4585,
#4586,#4587,#4588,#4589),(#4590,#4591,#4592,#4593,#4594,#4595,#4596,#4597,
#4598,#4599,#4600,#4601,#4602,#4603,#4604,#4605,#4606)),.UNSPECIFIED.,.F.,
 .T.,.F.,(4,1,1,1,1,1,1,4),(4,1,1,1,1,1,1,1,1,1,1,1,1,1,4),(0.,0.142857142857143,
0.285714285714286,0.428571428571429,0.571428571428571,0.714285714285714,
0.857142857142857,1.),(0.,0.603121605814404,1.20624321162881,1.80936481744321,
2.41248642325761,2.81456749380055,3.61872963488642,4.02081070542936,4.82497284651523,
5.22705391705816,6.03121605814404,6.43329712868697,7.23745926977284,7.84058087558725,
8.44370248140165),.UNSPECIFIED.);
#153=CIRCLE('',#1944,1.5);
#154=CIRCLE('',#1946,1.5);
#155=CIRCLE('',#1955,194.25);
#156=CIRCLE('',#1957,194.25);
#157=CIRCLE('',#1961,0.499999999999998);
#158=CIRCLE('',#1964,19.5);
#159=CIRCLE('',#1966,1.5);
#160=CIRCLE('',#1969,1.5);
#161=CIRCLE('',#1971,0.5);
#162=CIRCLE('',#1974,194.25);
#163=CIRCLE('',#1976,194.25);
#164=CIRCLE('',#1979,20.);
#165=CIRCLE('',#1980,20.);
#166=CIRCLE('',#1982,0.5);
#167=CIRCLE('',#1984,19.5);
#168=CIRCLE('',#1987,185.);
#169=CIRCLE('',#1988,185.);
#170=CIRCLE('',#1995,0.5);
#171=CIRCLE('',#2003,0.5);
#172=CIRCLE('',#2010,20.);
#173=CIRCLE('',#2011,12.5);
#174=CIRCLE('',#2012,1.5);
#175=CIRCLE('',#2016,0.499999999999998);
#176=CIRCLE('',#2017,20.);
#177=CIRCLE('',#2029,20.);
#178=CIRCLE('',#2030,20.);
#179=CIRCLE('',#2031,12.5);
#180=CIRCLE('',#2032,1.5);
#181=CIRCLE('',#2034,194.25);
#182=CIRCLE('',#2036,194.25);
#183=CIRCLE('',#2041,0.5);
#184=CIRCLE('',#2043,1.5);
#185=CIRCLE('',#2045,19.5);
#186=CIRCLE('',#2047,1.5);
#187=CIRCLE('',#2053,194.25);
#188=CIRCLE('',#2055,194.25);
#189=CIRCLE('',#2058,20.);
#190=CIRCLE('',#2060,185.);
#191=CIRCLE('',#2061,185.);
#192=CIRCLE('',#2066,0.5);
#193=CIRCLE('',#2069,0.5);
#194=CIRCLE('',#2076,19.5);
#195=CIRCLE('',#2079,0.5);
#196=CIRCLE('',#2083,0.499999999999998);
#197=CIRCLE('',#2085,0.499999999999998);
#198=CIRCLE('',#2088,20.);
#199=FACE_OUTER_BOUND('',#305,.T.);
#200=FACE_OUTER_BOUND('',#306,.T.);
#201=FACE_OUTER_BOUND('',#307,.T.);
#202=FACE_OUTER_BOUND('',#308,.T.);
#203=FACE_OUTER_BOUND('',#309,.T.);
#204=FACE_OUTER_BOUND('',#310,.T.);
#205=FACE_OUTER_BOUND('',#311,.T.);
#206=FACE_OUTER_BOUND('',#312,.T.);
#207=FACE_OUTER_BOUND('',#313,.T.);
#208=FACE_OUTER_BOUND('',#314,.T.);
#209=FACE_OUTER_BOUND('',#315,.T.);
#210=FACE_OUTER_BOUND('',#316,.T.);
#211=FACE_OUTER_BOUND('',#317,.T.);
#212=FACE_OUTER_BOUND('',#318,.T.);
#213=FACE_OUTER_BOUND('',#319,.T.);
#214=FACE_OUTER_BOUND('',#320,.T.);
#215=FACE_OUTER_BOUND('',#321,.T.);
#216=FACE_OUTER_BOUND('',#322,.T.);
#217=FACE_OUTER_BOUND('',#323,.T.);
#218=FACE_OUTER_BOUND('',#324,.T.);
#219=FACE_OUTER_BOUND('',#325,.T.);
#220=FACE_OUTER_BOUND('',#328,.T.);
#221=FACE_OUTER_BOUND('',#329,.T.);
#222=FACE_OUTER_BOUND('',#331,.T.);
#223=FACE_OUTER_BOUND('',#332,.T.);
#224=FACE_OUTER_BOUND('',#333,.T.);
#225=FACE_OUTER_BOUND('',#334,.T.);
#226=FACE_OUTER_BOUND('',#335,.T.);
#227=FACE_OUTER_BOUND('',#336,.T.);
#228=FACE_OUTER_BOUND('',#337,.T.);
#229=FACE_OUTER_BOUND('',#338,.T.);
#230=FACE_OUTER_BOUND('',#339,.T.);
#231=FACE_OUTER_BOUND('',#340,.T.);
#232=FACE_OUTER_BOUND('',#341,.T.);
#233=FACE_OUTER_BOUND('',#342,.T.);
#234=FACE_OUTER_BOUND('',#343,.T.);
#235=FACE_OUTER_BOUND('',#344,.T.);
#236=FACE_OUTER_BOUND('',#345,.T.);
#237=FACE_OUTER_BOUND('',#346,.T.);
#238=FACE_OUTER_BOUND('',#347,.T.);
#239=FACE_OUTER_BOUND('',#348,.T.);
#240=FACE_OUTER_BOUND('',#349,.T.);
#241=FACE_OUTER_BOUND('',#350,.T.);
#242=FACE_OUTER_BOUND('',#351,.T.);
#243=FACE_OUTER_BOUND('',#352,.T.);
#244=FACE_OUTER_BOUND('',#353,.T.);
#245=FACE_OUTER_BOUND('',#354,.T.);
#246=FACE_OUTER_BOUND('',#355,.T.);
#247=FACE_OUTER_BOUND('',#356,.T.);
#248=FACE_OUTER_BOUND('',#357,.T.);
#249=FACE_OUTER_BOUND('',#360,.T.);
#250=FACE_OUTER_BOUND('',#361,.T.);
#251=FACE_OUTER_BOUND('',#362,.T.);
#252=FACE_OUTER_BOUND('',#363,.T.);
#253=FACE_OUTER_BOUND('',#364,.T.);
#254=FACE_OUTER_BOUND('',#365,.T.);
#255=FACE_OUTER_BOUND('',#366,.T.);
#256=FACE_OUTER_BOUND('',#367,.T.);
#257=FACE_OUTER_BOUND('',#368,.T.);
#258=FACE_OUTER_BOUND('',#369,.T.);
#259=FACE_OUTER_BOUND('',#370,.T.);
#260=FACE_OUTER_BOUND('',#371,.T.);
#261=FACE_OUTER_BOUND('',#372,.T.);
#262=FACE_OUTER_BOUND('',#373,.T.);
#263=FACE_OUTER_BOUND('',#374,.T.);
#264=FACE_OUTER_BOUND('',#377,.T.);
#265=FACE_OUTER_BOUND('',#378,.T.);
#266=FACE_OUTER_BOUND('',#379,.T.);
#267=FACE_OUTER_BOUND('',#380,.T.);
#268=FACE_OUTER_BOUND('',#381,.T.);
#269=FACE_OUTER_BOUND('',#382,.T.);
#270=FACE_OUTER_BOUND('',#383,.T.);
#271=FACE_OUTER_BOUND('',#384,.T.);
#272=FACE_OUTER_BOUND('',#385,.T.);
#273=FACE_OUTER_BOUND('',#388,.T.);
#274=FACE_OUTER_BOUND('',#389,.T.);
#275=FACE_OUTER_BOUND('',#391,.T.);
#276=FACE_OUTER_BOUND('',#392,.T.);
#277=FACE_OUTER_BOUND('',#393,.T.);
#278=FACE_OUTER_BOUND('',#394,.T.);
#279=FACE_OUTER_BOUND('',#395,.T.);
#280=FACE_OUTER_BOUND('',#396,.T.);
#281=FACE_OUTER_BOUND('',#397,.T.);
#282=FACE_OUTER_BOUND('',#398,.T.);
#283=FACE_OUTER_BOUND('',#399,.T.);
#284=FACE_OUTER_BOUND('',#400,.T.);
#285=FACE_OUTER_BOUND('',#401,.T.);
#286=FACE_OUTER_BOUND('',#402,.T.);
#287=FACE_OUTER_BOUND('',#403,.T.);
#288=FACE_OUTER_BOUND('',#404,.T.);
#289=FACE_OUTER_BOUND('',#405,.T.);
#290=FACE_OUTER_BOUND('',#406,.T.);
#291=FACE_OUTER_BOUND('',#407,.T.);
#292=FACE_OUTER_BOUND('',#408,.T.);
#293=FACE_OUTER_BOUND('',#409,.T.);
#294=FACE_OUTER_BOUND('',#410,.T.);
#295=FACE_OUTER_BOUND('',#411,.T.);
#296=FACE_OUTER_BOUND('',#412,.T.);
#297=FACE_OUTER_BOUND('',#413,.T.);
#298=FACE_OUTER_BOUND('',#414,.T.);
#299=FACE_OUTER_BOUND('',#415,.T.);
#300=FACE_OUTER_BOUND('',#416,.T.);
#301=FACE_OUTER_BOUND('',#417,.T.);
#302=FACE_OUTER_BOUND('',#418,.T.);
#303=FACE_OUTER_BOUND('',#419,.T.);
#304=FACE_OUTER_BOUND('',#420,.T.);
#305=EDGE_LOOP('',(#1203,#1204,#1205,#1206));
#306=EDGE_LOOP('',(#1207,#1208,#1209,#1210));
#307=EDGE_LOOP('',(#1211));
#308=EDGE_LOOP('',(#1212));
#309=EDGE_LOOP('',(#1213,#1214,#1215,#1216));
#310=EDGE_LOOP('',(#1217,#1218,#1219,#1220));
#311=EDGE_LOOP('',(#1221,#1222,#1223,#1224));
#312=EDGE_LOOP('',(#1225,#1226,#1227,#1228));
#313=EDGE_LOOP('',(#1229,#1230,#1231,#1232,#1233,#1234,#1235,#1236,#1237,
#1238,#1239,#1240,#1241,#1242,#1243,#1244,#1245,#1246,#1247,#1248));
#314=EDGE_LOOP('',(#1249,#1250,#1251,#1252,#1253,#1254));
#315=EDGE_LOOP('',(#1255,#1256,#1257,#1258,#1259,#1260,#1261));
#316=EDGE_LOOP('',(#1262,#1263,#1264,#1265,#1266,#1267));
#317=EDGE_LOOP('',(#1268,#1269,#1270));
#318=EDGE_LOOP('',(#1271,#1272,#1273));
#319=EDGE_LOOP('',(#1274,#1275,#1276,#1277,#1278,#1279,#1280,#1281,#1282));
#320=EDGE_LOOP('',(#1283,#1284,#1285));
#321=EDGE_LOOP('',(#1286,#1287,#1288,#1289,#1290,#1291,#1292,#1293,#1294,
#1295));
#322=EDGE_LOOP('',(#1296,#1297,#1298,#1299));
#323=EDGE_LOOP('',(#1300,#1301,#1302,#1303));
#324=EDGE_LOOP('',(#1304,#1305,#1306,#1307,#1308,#1309,#1310));
#325=EDGE_LOOP('',(#1311,#1312,#1313,#1314,#1315,#1316,#1317,#1318));
#326=EDGE_LOOP('',(#1319));
#327=EDGE_LOOP('',(#1320));
#328=EDGE_LOOP('',(#1321,#1322,#1323,#1324,#1325,#1326,#1327));
#329=EDGE_LOOP('',(#1328,#1329,#1330,#1331,#1332,#1333));
#330=EDGE_LOOP('',(#1334));
#331=EDGE_LOOP('',(#1335,#1336,#1337,#1338));
#332=EDGE_LOOP('',(#1339,#1340,#1341,#1342));
#333=EDGE_LOOP('',(#1343,#1344,#1345,#1346,#1347,#1348));
#334=EDGE_LOOP('',(#1349,#1350,#1351));
#335=EDGE_LOOP('',(#1352,#1353,#1354,#1355,#1356,#1357,#1358,#1359,#1360));
#336=EDGE_LOOP('',(#1361,#1362,#1363));
#337=EDGE_LOOP('',(#1364,#1365,#1366));
#338=EDGE_LOOP('',(#1367,#1368,#1369,#1370,#1371));
#339=EDGE_LOOP('',(#1372,#1373,#1374,#1375));
#340=EDGE_LOOP('',(#1376,#1377,#1378,#1379,#1380,#1381,#1382));
#341=EDGE_LOOP('',(#1383,#1384,#1385,#1386,#1387));
#342=EDGE_LOOP('',(#1388,#1389,#1390,#1391,#1392,#1393,#1394));
#343=EDGE_LOOP('',(#1395,#1396,#1397,#1398));
#344=EDGE_LOOP('',(#1399,#1400,#1401,#1402));
#345=EDGE_LOOP('',(#1403,#1404,#1405,#1406));
#346=EDGE_LOOP('',(#1407,#1408,#1409,#1410,#1411,#1412));
#347=EDGE_LOOP('',(#1413,#1414,#1415,#1416,#1417));
#348=EDGE_LOOP('',(#1418,#1419,#1420,#1421));
#349=EDGE_LOOP('',(#1422,#1423,#1424,#1425,#1426));
#350=EDGE_LOOP('',(#1427,#1428,#1429,#1430,#1431,#1432,#1433,#1434));
#351=EDGE_LOOP('',(#1435,#1436,#1437,#1438));
#352=EDGE_LOOP('',(#1439,#1440,#1441,#1442));
#353=EDGE_LOOP('',(#1443,#1444,#1445,#1446,#1447,#1448));
#354=EDGE_LOOP('',(#1449,#1450,#1451,#1452));
#355=EDGE_LOOP('',(#1453,#1454,#1455,#1456));
#356=EDGE_LOOP('',(#1457,#1458,#1459,#1460,#1461,#1462));
#357=EDGE_LOOP('',(#1463,#1464,#1465,#1466,#1467,#1468,#1469,#1470));
#358=EDGE_LOOP('',(#1471));
#359=EDGE_LOOP('',(#1472));
#360=EDGE_LOOP('',(#1473,#1474,#1475,#1476));
#361=EDGE_LOOP('',(#1477,#1478,#1479,#1480));
#362=EDGE_LOOP('',(#1481,#1482,#1483,#1484));
#363=EDGE_LOOP('',(#1485,#1486,#1487,#1488));
#364=EDGE_LOOP('',(#1489,#1490,#1491,#1492));
#365=EDGE_LOOP('',(#1493,#1494,#1495,#1496));
#366=EDGE_LOOP('',(#1497,#1498,#1499,#1500,#1501));
#367=EDGE_LOOP('',(#1502,#1503,#1504,#1505,#1506,#1507));
#368=EDGE_LOOP('',(#1508,#1509,#1510,#1511));
#369=EDGE_LOOP('',(#1512,#1513,#1514,#1515));
#370=EDGE_LOOP('',(#1516,#1517,#1518,#1519,#1520,#1521,#1522));
#371=EDGE_LOOP('',(#1523,#1524,#1525,#1526,#1527,#1528));
#372=EDGE_LOOP('',(#1529,#1530,#1531,#1532,#1533,#1534));
#373=EDGE_LOOP('',(#1535,#1536,#1537,#1538));
#374=EDGE_LOOP('',(#1539,#1540,#1541,#1542,#1543,#1544,#1545,#1546));
#375=EDGE_LOOP('',(#1547));
#376=EDGE_LOOP('',(#1548));
#377=EDGE_LOOP('',(#1549,#1550,#1551,#1552,#1553,#1554));
#378=EDGE_LOOP('',(#1555,#1556,#1557));
#379=EDGE_LOOP('',(#1558,#1559,#1560));
#380=EDGE_LOOP('',(#1561,#1562,#1563,#1564,#1565,#1566,#1567,#1568,#1569));
#381=EDGE_LOOP('',(#1570,#1571,#1572));
#382=EDGE_LOOP('',(#1573,#1574,#1575,#1576,#1577,#1578,#1579,#1580,#1581,
#1582));
#383=EDGE_LOOP('',(#1583,#1584,#1585,#1586));
#384=EDGE_LOOP('',(#1587,#1588,#1589,#1590));
#385=EDGE_LOOP('',(#1591,#1592,#1593,#1594,#1595,#1596,#1597,#1598));
#386=EDGE_LOOP('',(#1599));
#387=EDGE_LOOP('',(#1600));
#388=EDGE_LOOP('',(#1601,#1602,#1603,#1604,#1605,#1606,#1607));
#389=EDGE_LOOP('',(#1608,#1609,#1610,#1611,#1612,#1613));
#390=EDGE_LOOP('',(#1614));
#391=EDGE_LOOP('',(#1615,#1616,#1617,#1618,#1619));
#392=EDGE_LOOP('',(#1620,#1621,#1622,#1623));
#393=EDGE_LOOP('',(#1624,#1625,#1626,#1627));
#394=EDGE_LOOP('',(#1628,#1629,#1630,#1631,#1632,#1633));
#395=EDGE_LOOP('',(#1634,#1635,#1636));
#396=EDGE_LOOP('',(#1637,#1638,#1639,#1640,#1641,#1642,#1643,#1644,#1645));
#397=EDGE_LOOP('',(#1646,#1647,#1648));
#398=EDGE_LOOP('',(#1649,#1650,#1651));
#399=EDGE_LOOP('',(#1652,#1653,#1654,#1655,#1656));
#400=EDGE_LOOP('',(#1657,#1658,#1659,#1660,#1661,#1662,#1663));
#401=EDGE_LOOP('',(#1664,#1665,#1666,#1667));
#402=EDGE_LOOP('',(#1668,#1669,#1670,#1671));
#403=EDGE_LOOP('',(#1672,#1673,#1674,#1675,#1676,#1677));
#404=EDGE_LOOP('',(#1678,#1679,#1680,#1681));
#405=EDGE_LOOP('',(#1682,#1683,#1684,#1685,#1686));
#406=EDGE_LOOP('',(#1687,#1688,#1689,#1690,#1691,#1692,#1693));
#407=EDGE_LOOP('',(#1694,#1695,#1696,#1697));
#408=EDGE_LOOP('',(#1698,#1699,#1700,#1701,#1702));
#409=EDGE_LOOP('',(#1703,#1704,#1705,#1706,#1707,#1708,#1709));
#410=EDGE_LOOP('',(#1710,#1711,#1712,#1713,#1714,#1715,#1716,#1717));
#411=EDGE_LOOP('',(#1718,#1719,#1720,#1721));
#412=EDGE_LOOP('',(#1722,#1723,#1724,#1725));
#413=EDGE_LOOP('',(#1726,#1727,#1728,#1729));
#414=EDGE_LOOP('',(#1730,#1731,#1732,#1733));
#415=EDGE_LOOP('',(#1734,#1735,#1736,#1737));
#416=EDGE_LOOP('',(#1738,#1739,#1740,#1741));
#417=EDGE_LOOP('',(#1742,#1743,#1744,#1745));
#418=EDGE_LOOP('',(#1746,#1747,#1748,#1749));
#419=EDGE_LOOP('',(#1750,#1751,#1752,#1753,#1754));
#420=EDGE_LOOP('',(#1755,#1756,#1757,#1758,#1759,#1760,#1761,#1762,#1763,
#1764,#1765,#1766));
#421=LINE('',#2557,#581);
#422=LINE('',#2559,#582);
#423=LINE('',#2561,#583);
#424=LINE('',#2562,#584);
#425=LINE('',#2566,#585);
#426=LINE('',#2568,#586);
#427=LINE('',#2570,#587);
#428=LINE('',#2571,#588);
#429=LINE('',#2580,#589);
#430=LINE('',#2582,#590);
#431=LINE('',#2583,#591);
#432=LINE('',#2586,#592);
#433=LINE('',#2588,#593);
#434=LINE('',#2589,#594);
#435=LINE('',#2591,#595);
#436=LINE('',#2592,#596);
#437=LINE('',#2596,#597);
#438=LINE('',#2598,#598);
#439=LINE('',#2600,#599);
#440=LINE('',#2601,#600);
#441=LINE('',#2604,#601);
#442=LINE('',#2606,#602);
#443=LINE('',#2608,#603);
#444=LINE('',#2610,#604);
#445=LINE('',#2612,#605);
#446=LINE('',#2614,#606);
#447=LINE('',#2616,#607);
#448=LINE('',#2617,#608);
#449=LINE('',#2619,#609);
#450=LINE('',#2621,#610);
#451=LINE('',#2623,#611);
#452=LINE('',#2625,#612);
#453=LINE('',#2627,#613);
#454=LINE('',#2628,#614);
#455=LINE('',#2631,#615);
#456=LINE('',#2633,#616);
#457=LINE('',#2635,#617);
#458=LINE('',#2636,#618);
#459=LINE('',#2639,#619);
#460=LINE('',#2641,#620);
#461=LINE('',#2643,#621);
#462=LINE('',#2645,#622);
#463=LINE('',#2646,#623);
#464=LINE('',#2864,#624);
#465=LINE('',#2866,#625);
#466=LINE('',#2958,#626);
#467=LINE('',#2959,#627);
#468=LINE('',#2962,#628);
#469=LINE('',#2970,#629);
#470=LINE('',#2972,#630);
#471=LINE('',#2978,#631);
#472=LINE('',#2980,#632);
#473=LINE('',#2981,#633);
#474=LINE('',#2985,#634);
#475=LINE('',#2988,#635);
#476=LINE('',#3036,#636);
#477=LINE('',#3037,#637);
#478=LINE('',#3040,#638);
#479=LINE('',#3042,#639);
#480=LINE('',#3087,#640);
#481=LINE('',#3089,#641);
#482=LINE('',#3091,#642);
#483=LINE('',#3092,#643);
#484=LINE('',#3095,#644);
#485=LINE('',#3113,#645);
#486=LINE('',#3119,#646);
#487=LINE('',#3122,#647);
#488=LINE('',#3332,#648);
#489=LINE('',#3333,#649);
#490=LINE('',#3338,#650);
#491=LINE('',#3342,#651);
#492=LINE('',#3346,#652);
#493=LINE('',#3348,#653);
#494=LINE('',#3352,#654);
#495=LINE('',#3353,#655);
#496=LINE('',#3358,#656);
#497=LINE('',#3368,#657);
#498=LINE('',#3376,#658);
#499=LINE('',#3379,#659);
#500=LINE('',#3380,#660);
#501=LINE('',#3384,#661);
#502=LINE('',#3386,#662);
#503=LINE('',#3390,#663);
#504=LINE('',#3391,#664);
#505=LINE('',#3392,#665);
#506=LINE('',#3397,#666);
#507=LINE('',#3398,#667);
#508=LINE('',#3400,#668);
#509=LINE('',#3402,#669);
#510=LINE('',#3404,#670);
#511=LINE('',#3405,#671);
#512=LINE('',#3408,#672);
#513=LINE('',#3409,#673);
#514=LINE('',#3411,#674);
#515=LINE('',#3413,#675);
#516=LINE('',#3613,#676);
#517=LINE('',#3615,#677);
#518=LINE('',#3624,#678);
#519=LINE('',#3626,#679);
#520=LINE('',#3628,#680);
#521=LINE('',#3629,#681);
#522=LINE('',#3632,#682);
#523=LINE('',#3633,#683);
#524=LINE('',#3636,#684);
#525=LINE('',#3637,#685);
#526=LINE('',#3640,#686);
#527=LINE('',#3642,#687);
#528=LINE('',#3644,#688);
#529=LINE('',#3646,#689);
#530=LINE('',#3647,#690);
#531=LINE('',#3650,#691);
#532=LINE('',#3652,#692);
#533=LINE('',#3654,#693);
#534=LINE('',#3655,#694);
#535=LINE('',#3657,#695);
#536=LINE('',#3658,#696);
#537=LINE('',#3660,#697);
#538=LINE('',#3688,#698);
#539=LINE('',#3717,#699);
#540=LINE('',#3912,#700);
#541=LINE('',#3914,#701);
#542=LINE('',#4006,#702);
#543=LINE('',#4007,#703);
#544=LINE('',#4010,#704);
#545=LINE('',#4011,#705);
#546=LINE('',#4018,#706);
#547=LINE('',#4020,#707);
#548=LINE('',#4027,#708);
#549=LINE('',#4076,#709);
#550=LINE('',#4079,#710);
#551=LINE('',#4105,#711);
#552=LINE('',#4106,#712);
#553=LINE('',#4155,#713);
#554=LINE('',#4157,#714);
#555=LINE('',#4161,#715);
#556=LINE('',#4179,#716);
#557=LINE('',#4184,#717);
#558=LINE('',#4185,#718);
#559=LINE('',#4196,#719);
#560=LINE('',#4199,#720);
#561=LINE('',#4286,#721);
#562=LINE('',#4288,#722);
#563=LINE('',#4383,#723);
#564=LINE('',#4387,#724);
#565=LINE('',#4401,#725);
#566=LINE('',#4404,#726);
#567=LINE('',#4407,#727);
#568=LINE('',#4409,#728);
#569=LINE('',#4410,#729);
#570=LINE('',#4413,#730);
#571=LINE('',#4418,#731);
#572=LINE('',#4420,#732);
#573=LINE('',#4421,#733);
#574=LINE('',#4423,#734);
#575=LINE('',#4427,#735);
#576=LINE('',#4430,#736);
#577=LINE('',#4433,#737);
#578=LINE('',#4434,#738);
#579=LINE('',#4630,#739);
#580=LINE('',#4632,#740);
#581=VECTOR('',#2095,10.);
#582=VECTOR('',#2096,10.);
#583=VECTOR('',#2097,10.);
#584=VECTOR('',#2098,10.);
#585=VECTOR('',#2101,10.);
#586=VECTOR('',#2102,10.);
#587=VECTOR('',#2103,10.);
#588=VECTOR('',#2104,10.);
#589=VECTOR('',#2115,10.);
#590=VECTOR('',#2116,10.);
#591=VECTOR('',#2117,10.);
#592=VECTOR('',#2120,10.);
#593=VECTOR('',#2121,10.);
#594=VECTOR('',#2122,10.);
#595=VECTOR('',#2125,10.);
#596=VECTOR('',#2126,10.);
#597=VECTOR('',#2129,10.);
#598=VECTOR('',#2130,10.);
#599=VECTOR('',#2131,10.);
#600=VECTOR('',#2132,10.);
#601=VECTOR('',#2135,10.);
#602=VECTOR('',#2136,10.);
#603=VECTOR('',#2137,10.);
#604=VECTOR('',#2138,10.);
#605=VECTOR('',#2139,10.);
#606=VECTOR('',#2140,10.);
#607=VECTOR('',#2141,10.);
#608=VECTOR('',#2142,10.);
#609=VECTOR('',#2143,10.);
#610=VECTOR('',#2144,10.);
#611=VECTOR('',#2145,10.);
#612=VECTOR('',#2146,10.);
#613=VECTOR('',#2147,10.);
#614=VECTOR('',#2148,10.);
#615=VECTOR('',#2151,10.);
#616=VECTOR('',#2152,10.);
#617=VECTOR('',#2153,10.);
#618=VECTOR('',#2154,10.);
#619=VECTOR('',#2157,10.);
#620=VECTOR('',#2158,10.);
#621=VECTOR('',#2159,10.);
#622=VECTOR('',#2160,10.);
#623=VECTOR('',#2161,10.);
#624=VECTOR('',#2164,10.);
#625=VECTOR('',#2165,10.);
#626=VECTOR('',#2174,10.);
#627=VECTOR('',#2175,10.);
#628=VECTOR('',#2178,10.);
#629=VECTOR('',#2179,10.);
#630=VECTOR('',#2180,10.);
#631=VECTOR('',#2181,10.);
#632=VECTOR('',#2182,10.);
#633=VECTOR('',#2183,10.);
#634=VECTOR('',#2188,10.);
#635=VECTOR('',#2191,10.);
#636=VECTOR('',#2196,10.);
#637=VECTOR('',#2197,10.);
#638=VECTOR('',#2200,10.);
#639=VECTOR('',#2201,10.);
#640=VECTOR('',#2206,10.);
#641=VECTOR('',#2207,10.);
#642=VECTOR('',#2208,10.);
#643=VECTOR('',#2209,10.);
#644=VECTOR('',#2212,10.);
#645=VECTOR('',#2213,10.);
#646=VECTOR('',#2220,10.);
#647=VECTOR('',#2223,10.);
#648=VECTOR('',#2234,10.);
#649=VECTOR('',#2235,10.);
#650=VECTOR('',#2240,10.);
#651=VECTOR('',#2245,10.);
#652=VECTOR('',#2250,10.);
#653=VECTOR('',#2251,10.);
#654=VECTOR('',#2256,10.);
#655=VECTOR('',#2257,10.);
#656=VECTOR('',#2262,10.);
#657=VECTOR('',#2265,10.);
#658=VECTOR('',#2278,10.);
#659=VECTOR('',#2283,10.);
#660=VECTOR('',#2284,10.);
#661=VECTOR('',#2289,10.);
#662=VECTOR('',#2292,1.5);
#663=VECTOR('',#2297,10.);
#664=VECTOR('',#2298,10.);
#665=VECTOR('',#2299,10.);
#666=VECTOR('',#2306,10.);
#667=VECTOR('',#2307,10.);
#668=VECTOR('',#2310,10.);
#669=VECTOR('',#2311,10.);
#670=VECTOR('',#2312,10.);
#671=VECTOR('',#2313,10.);
#672=VECTOR('',#2316,10.);
#673=VECTOR('',#2317,10.);
#674=VECTOR('',#2320,10.);
#675=VECTOR('',#2323,10.);
#676=VECTOR('',#2334,12.5);
#677=VECTOR('',#2337,1.5);
#678=VECTOR('',#2352,10.);
#679=VECTOR('',#2353,10.);
#680=VECTOR('',#2354,10.);
#681=VECTOR('',#2355,10.);
#682=VECTOR('',#2358,10.);
#683=VECTOR('',#2359,10.);
#684=VECTOR('',#2362,10.);
#685=VECTOR('',#2363,10.);
#686=VECTOR('',#2366,10.);
#687=VECTOR('',#2367,10.);
#688=VECTOR('',#2368,10.);
#689=VECTOR('',#2369,10.);
#690=VECTOR('',#2370,10.);
#691=VECTOR('',#2373,10.);
#692=VECTOR('',#2374,10.);
#693=VECTOR('',#2375,10.);
#694=VECTOR('',#2376,10.);
#695=VECTOR('',#2379,10.);
#696=VECTOR('',#2380,10.);
#697=VECTOR('',#2383,10.);
#698=VECTOR('',#2388,10.);
#699=VECTOR('',#2391,10.);
#700=VECTOR('',#2398,10.);
#701=VECTOR('',#2399,10.);
#702=VECTOR('',#2408,10.);
#703=VECTOR('',#2409,10.);
#704=VECTOR('',#2412,10.);
#705=VECTOR('',#2413,10.);
#706=VECTOR('',#2414,10.);
#707=VECTOR('',#2415,10.);
#708=VECTOR('',#2416,10.);
#709=VECTOR('',#2419,10.);
#710=VECTOR('',#2422,10.);
#711=VECTOR('',#2427,10.);
#712=VECTOR('',#2428,10.);
#713=VECTOR('',#2433,10.);
#714=VECTOR('',#2434,10.);
#715=VECTOR('',#2439,10.);
#716=VECTOR('',#2440,10.);
#717=VECTOR('',#2445,10.);
#718=VECTOR('',#2446,10.);
#719=VECTOR('',#2449,10.);
#720=VECTOR('',#2452,10.);
#721=VECTOR('',#2457,10.);
#722=VECTOR('',#2458,10.);
#723=VECTOR('',#2473,10.);
#724=VECTOR('',#2476,10.);
#725=VECTOR('',#2485,10.);
#726=VECTOR('',#2488,10.);
#727=VECTOR('',#2491,10.);
#728=VECTOR('',#2494,10.);
#729=VECTOR('',#2495,10.);
#730=VECTOR('',#2498,10.);
#731=VECTOR('',#2505,10.);
#732=VECTOR('',#2508,10.);
#733=VECTOR('',#2509,10.);
#734=VECTOR('',#2512,1.5);
#735=VECTOR('',#2517,10.);
#736=VECTOR('',#2520,10.);
#737=VECTOR('',#2523,10.);
#738=VECTOR('',#2524,10.);
#739=VECTOR('',#2531,12.5);
#740=VECTOR('',#2534,1.5);
#741=VERTEX_POINT('',#2555);
#742=VERTEX_POINT('',#2556);
#743=VERTEX_POINT('',#2558);
#744=VERTEX_POINT('',#2560);
#745=VERTEX_POINT('',#2564);
#746=VERTEX_POINT('',#2565);
#747=VERTEX_POINT('',#2567);
#748=VERTEX_POINT('',#2569);
#749=VERTEX_POINT('',#2573);
#750=VERTEX_POINT('',#2576);
#751=VERTEX_POINT('',#2579);
#752=VERTEX_POINT('',#2581);
#753=VERTEX_POINT('',#2585);
#754=VERTEX_POINT('',#2587);
#755=VERTEX_POINT('',#2594);
#756=VERTEX_POINT('',#2595);
#757=VERTEX_POINT('',#2597);
#758=VERTEX_POINT('',#2599);
#759=VERTEX_POINT('',#2603);
#760=VERTEX_POINT('',#2605);
#761=VERTEX_POINT('',#2607);
#762=VERTEX_POINT('',#2609);
#763=VERTEX_POINT('',#2611);
#764=VERTEX_POINT('',#2613);
#765=VERTEX_POINT('',#2615);
#766=VERTEX_POINT('',#2618);
#767=VERTEX_POINT('',#2620);
#768=VERTEX_POINT('',#2622);
#769=VERTEX_POINT('',#2624);
#770=VERTEX_POINT('',#2626);
#771=VERTEX_POINT('',#2630);
#772=VERTEX_POINT('',#2632);
#773=VERTEX_POINT('',#2634);
#774=VERTEX_POINT('',#2638);
#775=VERTEX_POINT('',#2640);
#776=VERTEX_POINT('',#2642);
#777=VERTEX_POINT('',#2644);
#778=VERTEX_POINT('',#2672);
#779=VERTEX_POINT('',#2673);
#780=VERTEX_POINT('',#2720);
#781=VERTEX_POINT('',#2726);
#782=VERTEX_POINT('',#2773);
#783=VERTEX_POINT('',#2778);
#784=VERTEX_POINT('',#2804);
#785=VERTEX_POINT('',#2805);
#786=VERTEX_POINT('',#2834);
#787=VERTEX_POINT('',#2862);
#788=VERTEX_POINT('',#2863);
#789=VERTEX_POINT('',#2865);
#790=VERTEX_POINT('',#2869);
#791=VERTEX_POINT('',#2903);
#792=VERTEX_POINT('',#2920);
#793=VERTEX_POINT('',#2929);
#794=VERTEX_POINT('',#2938);
#795=VERTEX_POINT('',#2957);
#796=VERTEX_POINT('',#2961);
#797=VERTEX_POINT('',#2963);
#798=VERTEX_POINT('',#2969);
#799=VERTEX_POINT('',#2971);
#800=VERTEX_POINT('',#2973);
#801=VERTEX_POINT('',#2979);
#802=VERTEX_POINT('',#2983);
#803=VERTEX_POINT('',#2987);
#804=VERTEX_POINT('',#3033);
#805=VERTEX_POINT('',#3035);
#806=VERTEX_POINT('',#3039);
#807=VERTEX_POINT('',#3041);
#808=VERTEX_POINT('',#3043);
#809=VERTEX_POINT('',#3065);
#810=VERTEX_POINT('',#3067);
#811=VERTEX_POINT('',#3086);
#812=VERTEX_POINT('',#3088);
#813=VERTEX_POINT('',#3090);
#814=VERTEX_POINT('',#3094);
#815=VERTEX_POINT('',#3096);
#816=VERTEX_POINT('',#3114);
#817=VERTEX_POINT('',#3117);
#818=VERTEX_POINT('',#3121);
#819=VERTEX_POINT('',#3156);
#820=VERTEX_POINT('',#3162);
#821=VERTEX_POINT('',#3216);
#822=VERTEX_POINT('',#3225);
#823=VERTEX_POINT('',#3242);
#824=VERTEX_POINT('',#3276);
#825=VERTEX_POINT('',#3331);
#826=VERTEX_POINT('',#3335);
#827=VERTEX_POINT('',#3337);
#828=VERTEX_POINT('',#3341);
#829=VERTEX_POINT('',#3345);
#830=VERTEX_POINT('',#3347);
#831=VERTEX_POINT('',#3351);
#832=VERTEX_POINT('',#3355);
#833=VERTEX_POINT('',#3357);
#834=VERTEX_POINT('',#3359);
#835=VERTEX_POINT('',#3361);
#836=VERTEX_POINT('',#3375);
#837=VERTEX_POINT('',#3382);
#838=VERTEX_POINT('',#3389);
#839=VERTEX_POINT('',#3396);
#840=VERTEX_POINT('',#3401);
#841=VERTEX_POINT('',#3403);
#842=VERTEX_POINT('',#3407);
#843=VERTEX_POINT('',#3416);
#844=VERTEX_POINT('',#3418);
#845=VERTEX_POINT('',#3590);
#846=VERTEX_POINT('',#3623);
#847=VERTEX_POINT('',#3625);
#848=VERTEX_POINT('',#3627);
#849=VERTEX_POINT('',#3631);
#850=VERTEX_POINT('',#3635);
#851=VERTEX_POINT('',#3639);
#852=VERTEX_POINT('',#3641);
#853=VERTEX_POINT('',#3643);
#854=VERTEX_POINT('',#3645);
#855=VERTEX_POINT('',#3649);
#856=VERTEX_POINT('',#3651);
#857=VERTEX_POINT('',#3653);
#858=VERTEX_POINT('',#3662);
#859=VERTEX_POINT('',#3664);
#860=VERTEX_POINT('',#3687);
#861=VERTEX_POINT('',#3689);
#862=VERTEX_POINT('',#3715);
#863=VERTEX_POINT('',#3718);
#864=VERTEX_POINT('',#3720);
#865=VERTEX_POINT('',#3747);
#866=VERTEX_POINT('',#3748);
#867=VERTEX_POINT('',#3795);
#868=VERTEX_POINT('',#3801);
#869=VERTEX_POINT('',#3845);
#870=VERTEX_POINT('',#3850);
#871=VERTEX_POINT('',#3876);
#872=VERTEX_POINT('',#3910);
#873=VERTEX_POINT('',#3911);
#874=VERTEX_POINT('',#3913);
#875=VERTEX_POINT('',#3917);
#876=VERTEX_POINT('',#3951);
#877=VERTEX_POINT('',#3968);
#878=VERTEX_POINT('',#3977);
#879=VERTEX_POINT('',#3986);
#880=VERTEX_POINT('',#4005);
#881=VERTEX_POINT('',#4009);
#882=VERTEX_POINT('',#4012);
#883=VERTEX_POINT('',#4017);
#884=VERTEX_POINT('',#4019);
#885=VERTEX_POINT('',#4021);
#886=VERTEX_POINT('',#4029);
#887=VERTEX_POINT('',#4078);
#888=VERTEX_POINT('',#4082);
#889=VERTEX_POINT('',#4087);
#890=VERTEX_POINT('',#4104);
#891=VERTEX_POINT('',#4107);
#892=VERTEX_POINT('',#4151);
#893=VERTEX_POINT('',#4154);
#894=VERTEX_POINT('',#4156);
#895=VERTEX_POINT('',#4160);
#896=VERTEX_POINT('',#4162);
#897=VERTEX_POINT('',#4180);
#898=VERTEX_POINT('',#4183);
#899=VERTEX_POINT('',#4187);
#900=VERTEX_POINT('',#4198);
#901=VERTEX_POINT('',#4226);
#902=VERTEX_POINT('',#4273);
#903=VERTEX_POINT('',#4284);
#904=VERTEX_POINT('',#4285);
#905=VERTEX_POINT('',#4287);
#906=VERTEX_POINT('',#4308);
#907=VERTEX_POINT('',#4382);
#908=VERTEX_POINT('',#4384);
#909=VERTEX_POINT('',#4386);
#910=VERTEX_POINT('',#4388);
#911=VERTEX_POINT('',#4397);
#912=VERTEX_POINT('',#4399);
#913=VERTEX_POINT('',#4403);
#914=VERTEX_POINT('',#4405);
#915=VERTEX_POINT('',#4412);
#916=VERTEX_POINT('',#4416);
#917=VERTEX_POINT('',#4426);
#918=VERTEX_POINT('',#4428);
#919=VERTEX_POINT('',#4432);
#920=VERTEX_POINT('',#4607);
#921=EDGE_CURVE('',#741,#742,#421,.T.);
#922=EDGE_CURVE('',#741,#743,#422,.T.);
#923=EDGE_CURVE('',#743,#744,#423,.T.);
#924=EDGE_CURVE('',#742,#744,#424,.T.);
#925=EDGE_CURVE('',#745,#746,#425,.T.);
#926=EDGE_CURVE('',#747,#745,#426,.T.);
#927=EDGE_CURVE('',#748,#747,#427,.T.);
#928=EDGE_CURVE('',#748,#746,#428,.T.);
#929=EDGE_CURVE('',#749,#749,#153,.T.);
#930=EDGE_CURVE('',#750,#750,#154,.T.);
#931=EDGE_CURVE('',#751,#748,#429,.T.);
#932=EDGE_CURVE('',#752,#747,#430,.T.);
#933=EDGE_CURVE('',#751,#752,#431,.T.);
#934=EDGE_CURVE('',#753,#751,#432,.T.);
#935=EDGE_CURVE('',#754,#752,#433,.T.);
#936=EDGE_CURVE('',#753,#754,#434,.T.);
#937=EDGE_CURVE('',#743,#753,#435,.T.);
#938=EDGE_CURVE('',#744,#754,#436,.T.);
#939=EDGE_CURVE('',#755,#756,#437,.T.);
#940=EDGE_CURVE('',#755,#757,#438,.T.);
#941=EDGE_CURVE('',#758,#757,#439,.T.);
#942=EDGE_CURVE('',#756,#758,#440,.T.);
#943=EDGE_CURVE('',#756,#759,#441,.T.);
#944=EDGE_CURVE('',#760,#758,#442,.T.);
#945=EDGE_CURVE('',#761,#760,#443,.T.);
#946=EDGE_CURVE('',#762,#761,#444,.T.);
#947=EDGE_CURVE('',#763,#762,#445,.T.);
#948=EDGE_CURVE('',#764,#763,#446,.T.);
#949=EDGE_CURVE('',#765,#764,#447,.T.);
#950=EDGE_CURVE('',#742,#765,#448,.T.);
#951=EDGE_CURVE('',#766,#745,#449,.T.);
#952=EDGE_CURVE('',#767,#766,#450,.T.);
#953=EDGE_CURVE('',#768,#767,#451,.T.);
#954=EDGE_CURVE('',#769,#768,#452,.T.);
#955=EDGE_CURVE('',#770,#769,#453,.T.);
#956=EDGE_CURVE('',#759,#770,#454,.T.);
#957=EDGE_CURVE('',#765,#771,#455,.T.);
#958=EDGE_CURVE('',#772,#771,#456,.T.);
#959=EDGE_CURVE('',#773,#772,#457,.T.);
#960=EDGE_CURVE('',#741,#773,#458,.T.);
#961=EDGE_CURVE('',#774,#764,#459,.T.);
#962=EDGE_CURVE('',#775,#774,#460,.T.);
#963=EDGE_CURVE('',#776,#775,#461,.T.);
#964=EDGE_CURVE('',#777,#776,#462,.T.);
#965=EDGE_CURVE('',#771,#777,#463,.T.);
#966=EDGE_CURVE('',#778,#779,#77,.T.);
#967=EDGE_CURVE('',#778,#780,#78,.T.);
#968=EDGE_CURVE('',#781,#780,#79,.T.);
#969=EDGE_CURVE('',#782,#781,#80,.T.);
#970=EDGE_CURVE('',#782,#783,#81,.T.);
#971=EDGE_CURVE('',#779,#783,#82,.T.);
#972=EDGE_CURVE('',#784,#785,#83,.T.);
#973=EDGE_CURVE('',#784,#786,#84,.T.);
#974=EDGE_CURVE('',#786,#785,#85,.T.);
#975=EDGE_CURVE('',#787,#788,#464,.T.);
#976=EDGE_CURVE('',#789,#787,#465,.T.);
#977=EDGE_CURVE('',#788,#789,#155,.T.);
#978=EDGE_CURVE('',#783,#790,#86,.T.);
#979=EDGE_CURVE('',#788,#782,#87,.T.);
#980=EDGE_CURVE('',#791,#789,#88,.T.);
#981=EDGE_CURVE('',#792,#791,#89,.T.);
#982=EDGE_CURVE('',#793,#792,#90,.T.);
#983=EDGE_CURVE('',#794,#793,#91,.T.);
#984=EDGE_CURVE('',#794,#790,#156,.T.);
#985=EDGE_CURVE('',#790,#795,#466,.T.);
#986=EDGE_CURVE('',#795,#794,#467,.T.);
#987=EDGE_CURVE('',#796,#778,#468,.T.);
#988=EDGE_CURVE('',#797,#796,#92,.T.);
#989=EDGE_CURVE('',#798,#797,#469,.T.);
#990=EDGE_CURVE('',#799,#798,#470,.T.);
#991=EDGE_CURVE('',#800,#799,#93,.T.);
#992=EDGE_CURVE('',#800,#786,#471,.T.);
#993=EDGE_CURVE('',#801,#784,#472,.T.);
#994=EDGE_CURVE('',#780,#801,#473,.T.);
#995=EDGE_CURVE('',#801,#802,#157,.T.);
#996=EDGE_CURVE('',#802,#781,#474,.T.);
#997=EDGE_CURVE('',#779,#803,#475,.T.);
#998=EDGE_CURVE('',#803,#796,#94,.T.);
#999=EDGE_CURVE('',#804,#802,#158,.T.);
#1000=EDGE_CURVE('',#805,#804,#476,.T.);
#1001=EDGE_CURVE('',#805,#787,#477,.T.);
#1002=EDGE_CURVE('',#795,#806,#478,.T.);
#1003=EDGE_CURVE('',#806,#807,#479,.T.);
#1004=EDGE_CURVE('',#807,#808,#95,.T.);
#1005=EDGE_CURVE('',#808,#803,#96,.T.);
#1006=EDGE_CURVE('',#809,#809,#159,.T.);
#1007=EDGE_CURVE('',#810,#810,#97,.T.);
#1008=EDGE_CURVE('',#811,#805,#480,.T.);
#1009=EDGE_CURVE('',#812,#811,#481,.T.);
#1010=EDGE_CURVE('',#812,#813,#482,.T.);
#1011=EDGE_CURVE('',#791,#813,#483,.T.);
#1012=EDGE_CURVE('',#814,#793,#484,.T.);
#1013=EDGE_CURVE('',#814,#815,#98,.T.);
#1014=EDGE_CURVE('',#815,#806,#485,.T.);
#1015=EDGE_CURVE('',#816,#816,#160,.T.);
#1016=EDGE_CURVE('',#813,#817,#161,.F.);
#1017=EDGE_CURVE('',#817,#792,#486,.T.);
#1018=EDGE_CURVE('',#792,#818,#487,.T.);
#1019=EDGE_CURVE('',#818,#814,#99,.T.);
#1020=EDGE_CURVE('',#808,#819,#100,.T.);
#1021=EDGE_CURVE('',#820,#819,#101,.T.);
#1022=EDGE_CURVE('',#797,#820,#102,.T.);
#1023=EDGE_CURVE('',#807,#815,#162,.T.);
#1024=EDGE_CURVE('',#821,#818,#103,.T.);
#1025=EDGE_CURVE('',#822,#821,#104,.T.);
#1026=EDGE_CURVE('',#822,#823,#163,.T.);
#1027=EDGE_CURVE('',#819,#823,#105,.T.);
#1028=EDGE_CURVE('',#824,#799,#106,.T.);
#1029=EDGE_CURVE('',#824,#800,#107,.T.);
#1030=EDGE_CURVE('',#823,#825,#488,.T.);
#1031=EDGE_CURVE('',#825,#822,#489,.T.);
#1032=EDGE_CURVE('',#826,#798,#164,.T.);
#1033=EDGE_CURVE('',#826,#827,#490,.T.);
#1034=EDGE_CURVE('',#827,#824,#165,.T.);
#1035=EDGE_CURVE('',#820,#828,#491,.T.);
#1036=EDGE_CURVE('',#828,#798,#166,.T.);
#1037=EDGE_CURVE('',#825,#829,#492,.T.);
#1038=EDGE_CURVE('',#830,#829,#493,.T.);
#1039=EDGE_CURVE('',#828,#830,#167,.T.);
#1040=EDGE_CURVE('',#831,#821,#494,.T.);
#1041=EDGE_CURVE('',#829,#831,#495,.T.);
#1042=EDGE_CURVE('',#817,#832,#168,.T.);
#1043=EDGE_CURVE('',#833,#832,#496,.T.);
#1044=EDGE_CURVE('',#834,#833,#169,.T.);
#1045=EDGE_CURVE('',#835,#834,#108,.T.);
#1046=EDGE_CURVE('',#818,#835,#497,.T.);
#1047=EDGE_CURVE('',#835,#831,#17,.T.);
#1048=EDGE_CURVE('',#775,#805,#18,.T.);
#1049=EDGE_CURVE('',#811,#774,#19,.T.);
#1050=EDGE_CURVE('',#774,#836,#498,.T.);
#1051=EDGE_CURVE('',#836,#812,#170,.T.);
#1052=EDGE_CURVE('',#763,#833,#499,.T.);
#1053=EDGE_CURVE('',#832,#836,#500,.T.);
#1054=EDGE_CURVE('',#829,#837,#20,.T.);
#1055=EDGE_CURVE('',#834,#837,#501,.T.);
#1056=EDGE_CURVE('',#816,#749,#502,.T.);
#1057=EDGE_CURVE('',#838,#762,#503,.T.);
#1058=EDGE_CURVE('',#827,#838,#504,.T.);
#1059=EDGE_CURVE('',#837,#826,#505,.T.);
#1060=EDGE_CURVE('',#830,#826,#171,.T.);
#1061=EDGE_CURVE('',#839,#761,#506,.T.);
#1062=EDGE_CURVE('',#838,#839,#507,.T.);
#1063=EDGE_CURVE('',#838,#771,#508,.T.);
#1064=EDGE_CURVE('',#839,#840,#509,.T.);
#1065=EDGE_CURVE('',#841,#840,#510,.T.);
#1066=EDGE_CURVE('',#772,#841,#511,.T.);
#1067=EDGE_CURVE('',#842,#841,#512,.T.);
#1068=EDGE_CURVE('',#773,#842,#513,.T.);
#1069=EDGE_CURVE('',#840,#760,#514,.T.);
#1070=EDGE_CURVE('',#757,#842,#515,.T.);
#1071=EDGE_CURVE('',#785,#777,#172,.T.);
#1072=EDGE_CURVE('',#843,#843,#173,.T.);
#1073=EDGE_CURVE('',#844,#844,#174,.T.);
#1074=EDGE_CURVE('',#810,#845,#15,.T.);
#1075=EDGE_CURVE('',#845,#845,#109,.T.);
#1076=EDGE_CURVE('',#843,#845,#516,.T.);
#1077=EDGE_CURVE('',#809,#844,#517,.T.);
#1078=EDGE_CURVE('',#776,#804,#175,.T.);
#1079=EDGE_CURVE('',#801,#776,#176,.T.);
#1080=EDGE_CURVE('',#759,#846,#518,.T.);
#1081=EDGE_CURVE('',#846,#847,#519,.T.);
#1082=EDGE_CURVE('',#847,#848,#520,.T.);
#1083=EDGE_CURVE('',#848,#755,#521,.T.);
#1084=EDGE_CURVE('',#770,#849,#522,.T.);
#1085=EDGE_CURVE('',#849,#846,#523,.T.);
#1086=EDGE_CURVE('',#769,#850,#524,.T.);
#1087=EDGE_CURVE('',#849,#850,#525,.T.);
#1088=EDGE_CURVE('',#851,#768,#526,.T.);
#1089=EDGE_CURVE('',#852,#851,#527,.T.);
#1090=EDGE_CURVE('',#853,#852,#528,.T.);
#1091=EDGE_CURVE('',#854,#853,#529,.T.);
#1092=EDGE_CURVE('',#850,#854,#530,.T.);
#1093=EDGE_CURVE('',#855,#746,#531,.T.);
#1094=EDGE_CURVE('',#856,#855,#532,.T.);
#1095=EDGE_CURVE('',#857,#856,#533,.T.);
#1096=EDGE_CURVE('',#857,#766,#534,.T.);
#1097=EDGE_CURVE('',#857,#850,#535,.T.);
#1098=EDGE_CURVE('',#856,#847,#536,.T.);
#1099=EDGE_CURVE('',#855,#848,#537,.T.);
#1100=EDGE_CURVE('',#858,#854,#177,.T.);
#1101=EDGE_CURVE('',#859,#858,#110,.T.);
#1102=EDGE_CURVE('',#860,#859,#538,.T.);
#1103=EDGE_CURVE('',#861,#860,#111,.T.);
#1104=EDGE_CURVE('',#862,#861,#178,.T.);
#1105=EDGE_CURVE('',#862,#857,#539,.T.);
#1106=EDGE_CURVE('',#863,#863,#179,.T.);
#1107=EDGE_CURVE('',#864,#864,#180,.T.);
#1108=EDGE_CURVE('',#865,#866,#112,.T.);
#1109=EDGE_CURVE('',#865,#867,#113,.T.);
#1110=EDGE_CURVE('',#868,#867,#114,.T.);
#1111=EDGE_CURVE('',#869,#868,#115,.T.);
#1112=EDGE_CURVE('',#869,#870,#116,.T.);
#1113=EDGE_CURVE('',#866,#870,#117,.T.);
#1114=EDGE_CURVE('',#861,#871,#118,.T.);
#1115=EDGE_CURVE('',#860,#871,#119,.T.);
#1116=EDGE_CURVE('',#872,#873,#540,.T.);
#1117=EDGE_CURVE('',#874,#872,#541,.T.);
#1118=EDGE_CURVE('',#873,#874,#181,.T.);
#1119=EDGE_CURVE('',#870,#875,#120,.T.);
#1120=EDGE_CURVE('',#873,#869,#121,.T.);
#1121=EDGE_CURVE('',#876,#874,#122,.T.);
#1122=EDGE_CURVE('',#877,#876,#123,.T.);
#1123=EDGE_CURVE('',#878,#877,#124,.T.);
#1124=EDGE_CURVE('',#879,#878,#125,.T.);
#1125=EDGE_CURVE('',#879,#875,#182,.T.);
#1126=EDGE_CURVE('',#875,#880,#542,.T.);
#1127=EDGE_CURVE('',#880,#879,#543,.T.);
#1128=EDGE_CURVE('',#881,#865,#544,.T.);
#1129=EDGE_CURVE('',#871,#881,#545,.T.);
#1130=EDGE_CURVE('',#882,#859,#126,.T.);
#1131=EDGE_CURVE('',#883,#882,#546,.T.);
#1132=EDGE_CURVE('',#884,#883,#547,.T.);
#1133=EDGE_CURVE('',#885,#884,#127,.T.);
#1134=EDGE_CURVE('',#867,#885,#548,.T.);
#1135=EDGE_CURVE('',#885,#886,#128,.T.);
#1136=EDGE_CURVE('',#886,#868,#549,.T.);
#1137=EDGE_CURVE('',#866,#887,#550,.T.);
#1138=EDGE_CURVE('',#887,#881,#183,.T.);
#1139=EDGE_CURVE('',#886,#888,#129,.T.);
#1140=EDGE_CURVE('',#888,#889,#130,.T.);
#1141=EDGE_CURVE('',#889,#890,#551,.T.);
#1142=EDGE_CURVE('',#890,#872,#552,.T.);
#1143=EDGE_CURVE('',#891,#891,#131,.T.);
#1144=EDGE_CURVE('',#892,#892,#184,.T.);
#1145=EDGE_CURVE('',#880,#893,#553,.T.);
#1146=EDGE_CURVE('',#894,#893,#554,.T.);
#1147=EDGE_CURVE('',#887,#894,#185,.T.);
#1148=EDGE_CURVE('',#890,#895,#555,.T.);
#1149=EDGE_CURVE('',#895,#896,#132,.T.);
#1150=EDGE_CURVE('',#876,#896,#556,.T.);
#1151=EDGE_CURVE('',#897,#897,#186,.T.);
#1152=EDGE_CURVE('',#898,#878,#557,.T.);
#1153=EDGE_CURVE('',#893,#898,#558,.T.);
#1154=EDGE_CURVE('',#896,#899,#133,.T.);
#1155=EDGE_CURVE('',#899,#877,#559,.T.);
#1156=EDGE_CURVE('',#877,#900,#560,.T.);
#1157=EDGE_CURVE('',#900,#898,#21,.T.);
#1158=EDGE_CURVE('',#901,#884,#134,.T.);
#1159=EDGE_CURVE('',#902,#901,#135,.T.);
#1160=EDGE_CURVE('',#902,#888,#136,.T.);
#1161=EDGE_CURVE('',#903,#904,#561,.T.);
#1162=EDGE_CURVE('',#905,#903,#562,.T.);
#1163=EDGE_CURVE('',#904,#905,#187,.T.);
#1164=EDGE_CURVE('',#904,#902,#137,.T.);
#1165=EDGE_CURVE('',#906,#905,#138,.T.);
#1166=EDGE_CURVE('',#899,#906,#139,.T.);
#1167=EDGE_CURVE('',#895,#889,#188,.T.);
#1168=EDGE_CURVE('',#882,#858,#140,.T.);
#1169=EDGE_CURVE('',#883,#853,#189,.T.);
#1170=EDGE_CURVE('',#907,#899,#563,.T.);
#1171=EDGE_CURVE('',#907,#908,#190,.T.);
#1172=EDGE_CURVE('',#909,#908,#564,.T.);
#1173=EDGE_CURVE('',#910,#909,#191,.T.);
#1174=EDGE_CURVE('',#900,#910,#141,.T.);
#1175=EDGE_CURVE('',#852,#911,#22,.T.);
#1176=EDGE_CURVE('',#912,#851,#23,.T.);
#1177=EDGE_CURVE('',#912,#911,#565,.T.);
#1178=EDGE_CURVE('',#851,#913,#566,.T.);
#1179=EDGE_CURVE('',#913,#914,#192,.T.);
#1180=EDGE_CURVE('',#914,#912,#567,.T.);
#1181=EDGE_CURVE('',#767,#909,#568,.T.);
#1182=EDGE_CURVE('',#908,#913,#569,.T.);
#1183=EDGE_CURVE('',#906,#915,#570,.T.);
#1184=EDGE_CURVE('',#915,#907,#193,.F.);
#1185=EDGE_CURVE('',#893,#916,#24,.T.);
#1186=EDGE_CURVE('',#910,#916,#571,.T.);
#1187=EDGE_CURVE('',#911,#903,#572,.T.);
#1188=EDGE_CURVE('',#914,#915,#573,.T.);
#1189=EDGE_CURVE('',#897,#750,#574,.T.);
#1190=EDGE_CURVE('',#917,#901,#575,.T.);
#1191=EDGE_CURVE('',#918,#917,#194,.T.);
#1192=EDGE_CURVE('',#911,#918,#576,.T.);
#1193=EDGE_CURVE('',#919,#862,#577,.T.);
#1194=EDGE_CURVE('',#916,#919,#578,.T.);
#1195=EDGE_CURVE('',#894,#919,#195,.T.);
#1196=EDGE_CURVE('',#891,#920,#16,.T.);
#1197=EDGE_CURVE('',#920,#920,#142,.T.);
#1198=EDGE_CURVE('',#863,#920,#579,.T.);
#1199=EDGE_CURVE('',#892,#864,#580,.T.);
#1200=EDGE_CURVE('',#883,#917,#196,.T.);
#1201=EDGE_CURVE('',#853,#918,#197,.T.);
#1202=EDGE_CURVE('',#919,#881,#198,.T.);
#1203=ORIENTED_EDGE('',*,*,#921,.F.);
#1204=ORIENTED_EDGE('',*,*,#922,.T.);
#1205=ORIENTED_EDGE('',*,*,#923,.T.);
#1206=ORIENTED_EDGE('',*,*,#924,.F.);
#1207=ORIENTED_EDGE('',*,*,#925,.F.);
#1208=ORIENTED_EDGE('',*,*,#926,.F.);
#1209=ORIENTED_EDGE('',*,*,#927,.F.);
#1210=ORIENTED_EDGE('',*,*,#928,.T.);
#1211=ORIENTED_EDGE('',*,*,#929,.F.);
#1212=ORIENTED_EDGE('',*,*,#930,.F.);
#1213=ORIENTED_EDGE('',*,*,#931,.T.);
#1214=ORIENTED_EDGE('',*,*,#927,.T.);
#1215=ORIENTED_EDGE('',*,*,#932,.F.);
#1216=ORIENTED_EDGE('',*,*,#933,.F.);
#1217=ORIENTED_EDGE('',*,*,#934,.T.);
#1218=ORIENTED_EDGE('',*,*,#933,.T.);
#1219=ORIENTED_EDGE('',*,*,#935,.F.);
#1220=ORIENTED_EDGE('',*,*,#936,.F.);
#1221=ORIENTED_EDGE('',*,*,#937,.T.);
#1222=ORIENTED_EDGE('',*,*,#936,.T.);
#1223=ORIENTED_EDGE('',*,*,#938,.F.);
#1224=ORIENTED_EDGE('',*,*,#923,.F.);
#1225=ORIENTED_EDGE('',*,*,#939,.F.);
#1226=ORIENTED_EDGE('',*,*,#940,.T.);
#1227=ORIENTED_EDGE('',*,*,#941,.F.);
#1228=ORIENTED_EDGE('',*,*,#942,.F.);
#1229=ORIENTED_EDGE('',*,*,#943,.F.);
#1230=ORIENTED_EDGE('',*,*,#942,.T.);
#1231=ORIENTED_EDGE('',*,*,#944,.F.);
#1232=ORIENTED_EDGE('',*,*,#945,.F.);
#1233=ORIENTED_EDGE('',*,*,#946,.F.);
#1234=ORIENTED_EDGE('',*,*,#947,.F.);
#1235=ORIENTED_EDGE('',*,*,#948,.F.);
#1236=ORIENTED_EDGE('',*,*,#949,.F.);
#1237=ORIENTED_EDGE('',*,*,#950,.F.);
#1238=ORIENTED_EDGE('',*,*,#924,.T.);
#1239=ORIENTED_EDGE('',*,*,#938,.T.);
#1240=ORIENTED_EDGE('',*,*,#935,.T.);
#1241=ORIENTED_EDGE('',*,*,#932,.T.);
#1242=ORIENTED_EDGE('',*,*,#926,.T.);
#1243=ORIENTED_EDGE('',*,*,#951,.F.);
#1244=ORIENTED_EDGE('',*,*,#952,.F.);
#1245=ORIENTED_EDGE('',*,*,#953,.F.);
#1246=ORIENTED_EDGE('',*,*,#954,.F.);
#1247=ORIENTED_EDGE('',*,*,#955,.F.);
#1248=ORIENTED_EDGE('',*,*,#956,.F.);
#1249=ORIENTED_EDGE('',*,*,#921,.T.);
#1250=ORIENTED_EDGE('',*,*,#950,.T.);
#1251=ORIENTED_EDGE('',*,*,#957,.T.);
#1252=ORIENTED_EDGE('',*,*,#958,.F.);
#1253=ORIENTED_EDGE('',*,*,#959,.F.);
#1254=ORIENTED_EDGE('',*,*,#960,.F.);
#1255=ORIENTED_EDGE('',*,*,#949,.T.);
#1256=ORIENTED_EDGE('',*,*,#961,.F.);
#1257=ORIENTED_EDGE('',*,*,#962,.F.);
#1258=ORIENTED_EDGE('',*,*,#963,.F.);
#1259=ORIENTED_EDGE('',*,*,#964,.F.);
#1260=ORIENTED_EDGE('',*,*,#965,.F.);
#1261=ORIENTED_EDGE('',*,*,#957,.F.);
#1262=ORIENTED_EDGE('',*,*,#966,.F.);
#1263=ORIENTED_EDGE('',*,*,#967,.T.);
#1264=ORIENTED_EDGE('',*,*,#968,.F.);
#1265=ORIENTED_EDGE('',*,*,#969,.F.);
#1266=ORIENTED_EDGE('',*,*,#970,.T.);
#1267=ORIENTED_EDGE('',*,*,#971,.F.);
#1268=ORIENTED_EDGE('',*,*,#972,.F.);
#1269=ORIENTED_EDGE('',*,*,#973,.T.);
#1270=ORIENTED_EDGE('',*,*,#974,.T.);
#1271=ORIENTED_EDGE('',*,*,#975,.F.);
#1272=ORIENTED_EDGE('',*,*,#976,.F.);
#1273=ORIENTED_EDGE('',*,*,#977,.F.);
#1274=ORIENTED_EDGE('',*,*,#978,.F.);
#1275=ORIENTED_EDGE('',*,*,#970,.F.);
#1276=ORIENTED_EDGE('',*,*,#979,.F.);
#1277=ORIENTED_EDGE('',*,*,#977,.T.);
#1278=ORIENTED_EDGE('',*,*,#980,.F.);
#1279=ORIENTED_EDGE('',*,*,#981,.F.);
#1280=ORIENTED_EDGE('',*,*,#982,.F.);
#1281=ORIENTED_EDGE('',*,*,#983,.F.);
#1282=ORIENTED_EDGE('',*,*,#984,.T.);
#1283=ORIENTED_EDGE('',*,*,#985,.F.);
#1284=ORIENTED_EDGE('',*,*,#984,.F.);
#1285=ORIENTED_EDGE('',*,*,#986,.F.);
#1286=ORIENTED_EDGE('',*,*,#987,.F.);
#1287=ORIENTED_EDGE('',*,*,#988,.F.);
#1288=ORIENTED_EDGE('',*,*,#989,.F.);
#1289=ORIENTED_EDGE('',*,*,#990,.F.);
#1290=ORIENTED_EDGE('',*,*,#991,.F.);
#1291=ORIENTED_EDGE('',*,*,#992,.T.);
#1292=ORIENTED_EDGE('',*,*,#973,.F.);
#1293=ORIENTED_EDGE('',*,*,#993,.F.);
#1294=ORIENTED_EDGE('',*,*,#994,.F.);
#1295=ORIENTED_EDGE('',*,*,#967,.F.);
#1296=ORIENTED_EDGE('',*,*,#968,.T.);
#1297=ORIENTED_EDGE('',*,*,#994,.T.);
#1298=ORIENTED_EDGE('',*,*,#995,.T.);
#1299=ORIENTED_EDGE('',*,*,#996,.T.);
#1300=ORIENTED_EDGE('',*,*,#966,.T.);
#1301=ORIENTED_EDGE('',*,*,#997,.T.);
#1302=ORIENTED_EDGE('',*,*,#998,.T.);
#1303=ORIENTED_EDGE('',*,*,#987,.T.);
#1304=ORIENTED_EDGE('',*,*,#969,.T.);
#1305=ORIENTED_EDGE('',*,*,#996,.F.);
#1306=ORIENTED_EDGE('',*,*,#999,.F.);
#1307=ORIENTED_EDGE('',*,*,#1000,.F.);
#1308=ORIENTED_EDGE('',*,*,#1001,.T.);
#1309=ORIENTED_EDGE('',*,*,#975,.T.);
#1310=ORIENTED_EDGE('',*,*,#979,.T.);
#1311=ORIENTED_EDGE('',*,*,#971,.T.);
#1312=ORIENTED_EDGE('',*,*,#978,.T.);
#1313=ORIENTED_EDGE('',*,*,#985,.T.);
#1314=ORIENTED_EDGE('',*,*,#1002,.T.);
#1315=ORIENTED_EDGE('',*,*,#1003,.T.);
#1316=ORIENTED_EDGE('',*,*,#1004,.T.);
#1317=ORIENTED_EDGE('',*,*,#1005,.T.);
#1318=ORIENTED_EDGE('',*,*,#997,.F.);
#1319=ORIENTED_EDGE('',*,*,#1006,.T.);
#1320=ORIENTED_EDGE('',*,*,#1007,.F.);
#1321=ORIENTED_EDGE('',*,*,#976,.T.);
#1322=ORIENTED_EDGE('',*,*,#1001,.F.);
#1323=ORIENTED_EDGE('',*,*,#1008,.F.);
#1324=ORIENTED_EDGE('',*,*,#1009,.F.);
#1325=ORIENTED_EDGE('',*,*,#1010,.T.);
#1326=ORIENTED_EDGE('',*,*,#1011,.F.);
#1327=ORIENTED_EDGE('',*,*,#980,.T.);
#1328=ORIENTED_EDGE('',*,*,#986,.T.);
#1329=ORIENTED_EDGE('',*,*,#983,.T.);
#1330=ORIENTED_EDGE('',*,*,#1012,.F.);
#1331=ORIENTED_EDGE('',*,*,#1013,.T.);
#1332=ORIENTED_EDGE('',*,*,#1014,.T.);
#1333=ORIENTED_EDGE('',*,*,#1002,.F.);
#1334=ORIENTED_EDGE('',*,*,#1015,.T.);
#1335=ORIENTED_EDGE('',*,*,#981,.T.);
#1336=ORIENTED_EDGE('',*,*,#1011,.T.);
#1337=ORIENTED_EDGE('',*,*,#1016,.T.);
#1338=ORIENTED_EDGE('',*,*,#1017,.T.);
#1339=ORIENTED_EDGE('',*,*,#982,.T.);
#1340=ORIENTED_EDGE('',*,*,#1018,.T.);
#1341=ORIENTED_EDGE('',*,*,#1019,.T.);
#1342=ORIENTED_EDGE('',*,*,#1012,.T.);
#1343=ORIENTED_EDGE('',*,*,#998,.F.);
#1344=ORIENTED_EDGE('',*,*,#1005,.F.);
#1345=ORIENTED_EDGE('',*,*,#1020,.T.);
#1346=ORIENTED_EDGE('',*,*,#1021,.F.);
#1347=ORIENTED_EDGE('',*,*,#1022,.F.);
#1348=ORIENTED_EDGE('',*,*,#988,.T.);
#1349=ORIENTED_EDGE('',*,*,#1003,.F.);
#1350=ORIENTED_EDGE('',*,*,#1014,.F.);
#1351=ORIENTED_EDGE('',*,*,#1023,.F.);
#1352=ORIENTED_EDGE('',*,*,#1004,.F.);
#1353=ORIENTED_EDGE('',*,*,#1023,.T.);
#1354=ORIENTED_EDGE('',*,*,#1013,.F.);
#1355=ORIENTED_EDGE('',*,*,#1019,.F.);
#1356=ORIENTED_EDGE('',*,*,#1024,.F.);
#1357=ORIENTED_EDGE('',*,*,#1025,.F.);
#1358=ORIENTED_EDGE('',*,*,#1026,.T.);
#1359=ORIENTED_EDGE('',*,*,#1027,.F.);
#1360=ORIENTED_EDGE('',*,*,#1020,.F.);
#1361=ORIENTED_EDGE('',*,*,#1028,.F.);
#1362=ORIENTED_EDGE('',*,*,#1029,.T.);
#1363=ORIENTED_EDGE('',*,*,#991,.T.);
#1364=ORIENTED_EDGE('',*,*,#1030,.F.);
#1365=ORIENTED_EDGE('',*,*,#1026,.F.);
#1366=ORIENTED_EDGE('',*,*,#1031,.F.);
#1367=ORIENTED_EDGE('',*,*,#1028,.T.);
#1368=ORIENTED_EDGE('',*,*,#990,.T.);
#1369=ORIENTED_EDGE('',*,*,#1032,.F.);
#1370=ORIENTED_EDGE('',*,*,#1033,.T.);
#1371=ORIENTED_EDGE('',*,*,#1034,.T.);
#1372=ORIENTED_EDGE('',*,*,#1022,.T.);
#1373=ORIENTED_EDGE('',*,*,#1035,.T.);
#1374=ORIENTED_EDGE('',*,*,#1036,.T.);
#1375=ORIENTED_EDGE('',*,*,#989,.T.);
#1376=ORIENTED_EDGE('',*,*,#1021,.T.);
#1377=ORIENTED_EDGE('',*,*,#1027,.T.);
#1378=ORIENTED_EDGE('',*,*,#1030,.T.);
#1379=ORIENTED_EDGE('',*,*,#1037,.T.);
#1380=ORIENTED_EDGE('',*,*,#1038,.F.);
#1381=ORIENTED_EDGE('',*,*,#1039,.F.);
#1382=ORIENTED_EDGE('',*,*,#1035,.F.);
#1383=ORIENTED_EDGE('',*,*,#1031,.T.);
#1384=ORIENTED_EDGE('',*,*,#1025,.T.);
#1385=ORIENTED_EDGE('',*,*,#1040,.F.);
#1386=ORIENTED_EDGE('',*,*,#1041,.F.);
#1387=ORIENTED_EDGE('',*,*,#1037,.F.);
#1388=ORIENTED_EDGE('',*,*,#1017,.F.);
#1389=ORIENTED_EDGE('',*,*,#1042,.T.);
#1390=ORIENTED_EDGE('',*,*,#1043,.F.);
#1391=ORIENTED_EDGE('',*,*,#1044,.F.);
#1392=ORIENTED_EDGE('',*,*,#1045,.F.);
#1393=ORIENTED_EDGE('',*,*,#1046,.F.);
#1394=ORIENTED_EDGE('',*,*,#1018,.F.);
#1395=ORIENTED_EDGE('',*,*,#1024,.T.);
#1396=ORIENTED_EDGE('',*,*,#1046,.T.);
#1397=ORIENTED_EDGE('',*,*,#1047,.T.);
#1398=ORIENTED_EDGE('',*,*,#1040,.T.);
#1399=ORIENTED_EDGE('',*,*,#1048,.F.);
#1400=ORIENTED_EDGE('',*,*,#962,.T.);
#1401=ORIENTED_EDGE('',*,*,#1049,.F.);
#1402=ORIENTED_EDGE('',*,*,#1008,.T.);
#1403=ORIENTED_EDGE('',*,*,#1049,.T.);
#1404=ORIENTED_EDGE('',*,*,#1050,.T.);
#1405=ORIENTED_EDGE('',*,*,#1051,.T.);
#1406=ORIENTED_EDGE('',*,*,#1009,.T.);
#1407=ORIENTED_EDGE('',*,*,#948,.T.);
#1408=ORIENTED_EDGE('',*,*,#1052,.T.);
#1409=ORIENTED_EDGE('',*,*,#1043,.T.);
#1410=ORIENTED_EDGE('',*,*,#1053,.T.);
#1411=ORIENTED_EDGE('',*,*,#1050,.F.);
#1412=ORIENTED_EDGE('',*,*,#961,.T.);
#1413=ORIENTED_EDGE('',*,*,#1054,.F.);
#1414=ORIENTED_EDGE('',*,*,#1041,.T.);
#1415=ORIENTED_EDGE('',*,*,#1047,.F.);
#1416=ORIENTED_EDGE('',*,*,#1045,.T.);
#1417=ORIENTED_EDGE('',*,*,#1055,.T.);
#1418=ORIENTED_EDGE('',*,*,#1015,.F.);
#1419=ORIENTED_EDGE('',*,*,#1056,.T.);
#1420=ORIENTED_EDGE('',*,*,#929,.T.);
#1421=ORIENTED_EDGE('',*,*,#1056,.F.);
#1422=ORIENTED_EDGE('',*,*,#1051,.F.);
#1423=ORIENTED_EDGE('',*,*,#1053,.F.);
#1424=ORIENTED_EDGE('',*,*,#1042,.F.);
#1425=ORIENTED_EDGE('',*,*,#1016,.F.);
#1426=ORIENTED_EDGE('',*,*,#1010,.F.);
#1427=ORIENTED_EDGE('',*,*,#947,.T.);
#1428=ORIENTED_EDGE('',*,*,#1057,.F.);
#1429=ORIENTED_EDGE('',*,*,#1058,.F.);
#1430=ORIENTED_EDGE('',*,*,#1033,.F.);
#1431=ORIENTED_EDGE('',*,*,#1059,.F.);
#1432=ORIENTED_EDGE('',*,*,#1055,.F.);
#1433=ORIENTED_EDGE('',*,*,#1044,.T.);
#1434=ORIENTED_EDGE('',*,*,#1052,.F.);
#1435=ORIENTED_EDGE('',*,*,#1054,.T.);
#1436=ORIENTED_EDGE('',*,*,#1059,.T.);
#1437=ORIENTED_EDGE('',*,*,#1060,.F.);
#1438=ORIENTED_EDGE('',*,*,#1038,.T.);
#1439=ORIENTED_EDGE('',*,*,#946,.T.);
#1440=ORIENTED_EDGE('',*,*,#1061,.F.);
#1441=ORIENTED_EDGE('',*,*,#1062,.F.);
#1442=ORIENTED_EDGE('',*,*,#1057,.T.);
#1443=ORIENTED_EDGE('',*,*,#958,.T.);
#1444=ORIENTED_EDGE('',*,*,#1063,.F.);
#1445=ORIENTED_EDGE('',*,*,#1062,.T.);
#1446=ORIENTED_EDGE('',*,*,#1064,.T.);
#1447=ORIENTED_EDGE('',*,*,#1065,.F.);
#1448=ORIENTED_EDGE('',*,*,#1066,.F.);
#1449=ORIENTED_EDGE('',*,*,#959,.T.);
#1450=ORIENTED_EDGE('',*,*,#1066,.T.);
#1451=ORIENTED_EDGE('',*,*,#1067,.F.);
#1452=ORIENTED_EDGE('',*,*,#1068,.F.);
#1453=ORIENTED_EDGE('',*,*,#945,.T.);
#1454=ORIENTED_EDGE('',*,*,#1069,.F.);
#1455=ORIENTED_EDGE('',*,*,#1064,.F.);
#1456=ORIENTED_EDGE('',*,*,#1061,.T.);
#1457=ORIENTED_EDGE('',*,*,#941,.T.);
#1458=ORIENTED_EDGE('',*,*,#1070,.T.);
#1459=ORIENTED_EDGE('',*,*,#1067,.T.);
#1460=ORIENTED_EDGE('',*,*,#1065,.T.);
#1461=ORIENTED_EDGE('',*,*,#1069,.T.);
#1462=ORIENTED_EDGE('',*,*,#944,.T.);
#1463=ORIENTED_EDGE('',*,*,#1063,.T.);
#1464=ORIENTED_EDGE('',*,*,#965,.T.);
#1465=ORIENTED_EDGE('',*,*,#1071,.F.);
#1466=ORIENTED_EDGE('',*,*,#974,.F.);
#1467=ORIENTED_EDGE('',*,*,#992,.F.);
#1468=ORIENTED_EDGE('',*,*,#1029,.F.);
#1469=ORIENTED_EDGE('',*,*,#1034,.F.);
#1470=ORIENTED_EDGE('',*,*,#1058,.T.);
#1471=ORIENTED_EDGE('',*,*,#1072,.T.);
#1472=ORIENTED_EDGE('',*,*,#1073,.T.);
#1473=ORIENTED_EDGE('',*,*,#1074,.T.);
#1474=ORIENTED_EDGE('',*,*,#1075,.T.);
#1475=ORIENTED_EDGE('',*,*,#1074,.F.);
#1476=ORIENTED_EDGE('',*,*,#1007,.T.);
#1477=ORIENTED_EDGE('',*,*,#1072,.F.);
#1478=ORIENTED_EDGE('',*,*,#1076,.T.);
#1479=ORIENTED_EDGE('',*,*,#1075,.F.);
#1480=ORIENTED_EDGE('',*,*,#1076,.F.);
#1481=ORIENTED_EDGE('',*,*,#1006,.F.);
#1482=ORIENTED_EDGE('',*,*,#1077,.T.);
#1483=ORIENTED_EDGE('',*,*,#1073,.F.);
#1484=ORIENTED_EDGE('',*,*,#1077,.F.);
#1485=ORIENTED_EDGE('',*,*,#1078,.T.);
#1486=ORIENTED_EDGE('',*,*,#999,.T.);
#1487=ORIENTED_EDGE('',*,*,#995,.F.);
#1488=ORIENTED_EDGE('',*,*,#1079,.T.);
#1489=ORIENTED_EDGE('',*,*,#1048,.T.);
#1490=ORIENTED_EDGE('',*,*,#1000,.T.);
#1491=ORIENTED_EDGE('',*,*,#1078,.F.);
#1492=ORIENTED_EDGE('',*,*,#963,.T.);
#1493=ORIENTED_EDGE('',*,*,#1060,.T.);
#1494=ORIENTED_EDGE('',*,*,#1032,.T.);
#1495=ORIENTED_EDGE('',*,*,#1036,.F.);
#1496=ORIENTED_EDGE('',*,*,#1039,.T.);
#1497=ORIENTED_EDGE('',*,*,#972,.T.);
#1498=ORIENTED_EDGE('',*,*,#1071,.T.);
#1499=ORIENTED_EDGE('',*,*,#964,.T.);
#1500=ORIENTED_EDGE('',*,*,#1079,.F.);
#1501=ORIENTED_EDGE('',*,*,#993,.T.);
#1502=ORIENTED_EDGE('',*,*,#939,.T.);
#1503=ORIENTED_EDGE('',*,*,#943,.T.);
#1504=ORIENTED_EDGE('',*,*,#1080,.T.);
#1505=ORIENTED_EDGE('',*,*,#1081,.T.);
#1506=ORIENTED_EDGE('',*,*,#1082,.T.);
#1507=ORIENTED_EDGE('',*,*,#1083,.T.);
#1508=ORIENTED_EDGE('',*,*,#956,.T.);
#1509=ORIENTED_EDGE('',*,*,#1084,.T.);
#1510=ORIENTED_EDGE('',*,*,#1085,.T.);
#1511=ORIENTED_EDGE('',*,*,#1080,.F.);
#1512=ORIENTED_EDGE('',*,*,#955,.T.);
#1513=ORIENTED_EDGE('',*,*,#1086,.T.);
#1514=ORIENTED_EDGE('',*,*,#1087,.F.);
#1515=ORIENTED_EDGE('',*,*,#1084,.F.);
#1516=ORIENTED_EDGE('',*,*,#954,.T.);
#1517=ORIENTED_EDGE('',*,*,#1088,.F.);
#1518=ORIENTED_EDGE('',*,*,#1089,.F.);
#1519=ORIENTED_EDGE('',*,*,#1090,.F.);
#1520=ORIENTED_EDGE('',*,*,#1091,.F.);
#1521=ORIENTED_EDGE('',*,*,#1092,.F.);
#1522=ORIENTED_EDGE('',*,*,#1086,.F.);
#1523=ORIENTED_EDGE('',*,*,#925,.T.);
#1524=ORIENTED_EDGE('',*,*,#1093,.F.);
#1525=ORIENTED_EDGE('',*,*,#1094,.F.);
#1526=ORIENTED_EDGE('',*,*,#1095,.F.);
#1527=ORIENTED_EDGE('',*,*,#1096,.T.);
#1528=ORIENTED_EDGE('',*,*,#951,.T.);
#1529=ORIENTED_EDGE('',*,*,#1087,.T.);
#1530=ORIENTED_EDGE('',*,*,#1097,.F.);
#1531=ORIENTED_EDGE('',*,*,#1095,.T.);
#1532=ORIENTED_EDGE('',*,*,#1098,.T.);
#1533=ORIENTED_EDGE('',*,*,#1081,.F.);
#1534=ORIENTED_EDGE('',*,*,#1085,.F.);
#1535=ORIENTED_EDGE('',*,*,#1094,.T.);
#1536=ORIENTED_EDGE('',*,*,#1099,.T.);
#1537=ORIENTED_EDGE('',*,*,#1082,.F.);
#1538=ORIENTED_EDGE('',*,*,#1098,.F.);
#1539=ORIENTED_EDGE('',*,*,#1097,.T.);
#1540=ORIENTED_EDGE('',*,*,#1092,.T.);
#1541=ORIENTED_EDGE('',*,*,#1100,.F.);
#1542=ORIENTED_EDGE('',*,*,#1101,.F.);
#1543=ORIENTED_EDGE('',*,*,#1102,.F.);
#1544=ORIENTED_EDGE('',*,*,#1103,.F.);
#1545=ORIENTED_EDGE('',*,*,#1104,.F.);
#1546=ORIENTED_EDGE('',*,*,#1105,.T.);
#1547=ORIENTED_EDGE('',*,*,#1106,.T.);
#1548=ORIENTED_EDGE('',*,*,#1107,.T.);
#1549=ORIENTED_EDGE('',*,*,#1108,.F.);
#1550=ORIENTED_EDGE('',*,*,#1109,.T.);
#1551=ORIENTED_EDGE('',*,*,#1110,.F.);
#1552=ORIENTED_EDGE('',*,*,#1111,.F.);
#1553=ORIENTED_EDGE('',*,*,#1112,.T.);
#1554=ORIENTED_EDGE('',*,*,#1113,.F.);
#1555=ORIENTED_EDGE('',*,*,#1114,.F.);
#1556=ORIENTED_EDGE('',*,*,#1103,.T.);
#1557=ORIENTED_EDGE('',*,*,#1115,.T.);
#1558=ORIENTED_EDGE('',*,*,#1116,.F.);
#1559=ORIENTED_EDGE('',*,*,#1117,.F.);
#1560=ORIENTED_EDGE('',*,*,#1118,.F.);
#1561=ORIENTED_EDGE('',*,*,#1119,.F.);
#1562=ORIENTED_EDGE('',*,*,#1112,.F.);
#1563=ORIENTED_EDGE('',*,*,#1120,.F.);
#1564=ORIENTED_EDGE('',*,*,#1118,.T.);
#1565=ORIENTED_EDGE('',*,*,#1121,.F.);
#1566=ORIENTED_EDGE('',*,*,#1122,.F.);
#1567=ORIENTED_EDGE('',*,*,#1123,.F.);
#1568=ORIENTED_EDGE('',*,*,#1124,.F.);
#1569=ORIENTED_EDGE('',*,*,#1125,.T.);
#1570=ORIENTED_EDGE('',*,*,#1126,.F.);
#1571=ORIENTED_EDGE('',*,*,#1125,.F.);
#1572=ORIENTED_EDGE('',*,*,#1127,.F.);
#1573=ORIENTED_EDGE('',*,*,#1128,.F.);
#1574=ORIENTED_EDGE('',*,*,#1129,.F.);
#1575=ORIENTED_EDGE('',*,*,#1115,.F.);
#1576=ORIENTED_EDGE('',*,*,#1102,.T.);
#1577=ORIENTED_EDGE('',*,*,#1130,.F.);
#1578=ORIENTED_EDGE('',*,*,#1131,.F.);
#1579=ORIENTED_EDGE('',*,*,#1132,.F.);
#1580=ORIENTED_EDGE('',*,*,#1133,.F.);
#1581=ORIENTED_EDGE('',*,*,#1134,.F.);
#1582=ORIENTED_EDGE('',*,*,#1109,.F.);
#1583=ORIENTED_EDGE('',*,*,#1110,.T.);
#1584=ORIENTED_EDGE('',*,*,#1134,.T.);
#1585=ORIENTED_EDGE('',*,*,#1135,.T.);
#1586=ORIENTED_EDGE('',*,*,#1136,.T.);
#1587=ORIENTED_EDGE('',*,*,#1108,.T.);
#1588=ORIENTED_EDGE('',*,*,#1137,.T.);
#1589=ORIENTED_EDGE('',*,*,#1138,.T.);
#1590=ORIENTED_EDGE('',*,*,#1128,.T.);
#1591=ORIENTED_EDGE('',*,*,#1111,.T.);
#1592=ORIENTED_EDGE('',*,*,#1136,.F.);
#1593=ORIENTED_EDGE('',*,*,#1139,.T.);
#1594=ORIENTED_EDGE('',*,*,#1140,.T.);
#1595=ORIENTED_EDGE('',*,*,#1141,.T.);
#1596=ORIENTED_EDGE('',*,*,#1142,.T.);
#1597=ORIENTED_EDGE('',*,*,#1116,.T.);
#1598=ORIENTED_EDGE('',*,*,#1120,.T.);
#1599=ORIENTED_EDGE('',*,*,#1143,.F.);
#1600=ORIENTED_EDGE('',*,*,#1144,.T.);
#1601=ORIENTED_EDGE('',*,*,#1113,.T.);
#1602=ORIENTED_EDGE('',*,*,#1119,.T.);
#1603=ORIENTED_EDGE('',*,*,#1126,.T.);
#1604=ORIENTED_EDGE('',*,*,#1145,.T.);
#1605=ORIENTED_EDGE('',*,*,#1146,.F.);
#1606=ORIENTED_EDGE('',*,*,#1147,.F.);
#1607=ORIENTED_EDGE('',*,*,#1137,.F.);
#1608=ORIENTED_EDGE('',*,*,#1117,.T.);
#1609=ORIENTED_EDGE('',*,*,#1142,.F.);
#1610=ORIENTED_EDGE('',*,*,#1148,.T.);
#1611=ORIENTED_EDGE('',*,*,#1149,.T.);
#1612=ORIENTED_EDGE('',*,*,#1150,.F.);
#1613=ORIENTED_EDGE('',*,*,#1121,.T.);
#1614=ORIENTED_EDGE('',*,*,#1151,.T.);
#1615=ORIENTED_EDGE('',*,*,#1127,.T.);
#1616=ORIENTED_EDGE('',*,*,#1124,.T.);
#1617=ORIENTED_EDGE('',*,*,#1152,.F.);
#1618=ORIENTED_EDGE('',*,*,#1153,.F.);
#1619=ORIENTED_EDGE('',*,*,#1145,.F.);
#1620=ORIENTED_EDGE('',*,*,#1122,.T.);
#1621=ORIENTED_EDGE('',*,*,#1150,.T.);
#1622=ORIENTED_EDGE('',*,*,#1154,.T.);
#1623=ORIENTED_EDGE('',*,*,#1155,.T.);
#1624=ORIENTED_EDGE('',*,*,#1123,.T.);
#1625=ORIENTED_EDGE('',*,*,#1156,.T.);
#1626=ORIENTED_EDGE('',*,*,#1157,.T.);
#1627=ORIENTED_EDGE('',*,*,#1152,.T.);
#1628=ORIENTED_EDGE('',*,*,#1158,.F.);
#1629=ORIENTED_EDGE('',*,*,#1159,.F.);
#1630=ORIENTED_EDGE('',*,*,#1160,.T.);
#1631=ORIENTED_EDGE('',*,*,#1139,.F.);
#1632=ORIENTED_EDGE('',*,*,#1135,.F.);
#1633=ORIENTED_EDGE('',*,*,#1133,.T.);
#1634=ORIENTED_EDGE('',*,*,#1161,.F.);
#1635=ORIENTED_EDGE('',*,*,#1162,.F.);
#1636=ORIENTED_EDGE('',*,*,#1163,.F.);
#1637=ORIENTED_EDGE('',*,*,#1164,.F.);
#1638=ORIENTED_EDGE('',*,*,#1163,.T.);
#1639=ORIENTED_EDGE('',*,*,#1165,.F.);
#1640=ORIENTED_EDGE('',*,*,#1166,.F.);
#1641=ORIENTED_EDGE('',*,*,#1154,.F.);
#1642=ORIENTED_EDGE('',*,*,#1149,.F.);
#1643=ORIENTED_EDGE('',*,*,#1167,.T.);
#1644=ORIENTED_EDGE('',*,*,#1140,.F.);
#1645=ORIENTED_EDGE('',*,*,#1160,.F.);
#1646=ORIENTED_EDGE('',*,*,#1168,.F.);
#1647=ORIENTED_EDGE('',*,*,#1130,.T.);
#1648=ORIENTED_EDGE('',*,*,#1101,.T.);
#1649=ORIENTED_EDGE('',*,*,#1141,.F.);
#1650=ORIENTED_EDGE('',*,*,#1167,.F.);
#1651=ORIENTED_EDGE('',*,*,#1148,.F.);
#1652=ORIENTED_EDGE('',*,*,#1168,.T.);
#1653=ORIENTED_EDGE('',*,*,#1100,.T.);
#1654=ORIENTED_EDGE('',*,*,#1091,.T.);
#1655=ORIENTED_EDGE('',*,*,#1169,.F.);
#1656=ORIENTED_EDGE('',*,*,#1131,.T.);
#1657=ORIENTED_EDGE('',*,*,#1155,.F.);
#1658=ORIENTED_EDGE('',*,*,#1170,.F.);
#1659=ORIENTED_EDGE('',*,*,#1171,.T.);
#1660=ORIENTED_EDGE('',*,*,#1172,.F.);
#1661=ORIENTED_EDGE('',*,*,#1173,.F.);
#1662=ORIENTED_EDGE('',*,*,#1174,.F.);
#1663=ORIENTED_EDGE('',*,*,#1156,.F.);
#1664=ORIENTED_EDGE('',*,*,#1175,.F.);
#1665=ORIENTED_EDGE('',*,*,#1089,.T.);
#1666=ORIENTED_EDGE('',*,*,#1176,.F.);
#1667=ORIENTED_EDGE('',*,*,#1177,.T.);
#1668=ORIENTED_EDGE('',*,*,#1176,.T.);
#1669=ORIENTED_EDGE('',*,*,#1178,.T.);
#1670=ORIENTED_EDGE('',*,*,#1179,.T.);
#1671=ORIENTED_EDGE('',*,*,#1180,.T.);
#1672=ORIENTED_EDGE('',*,*,#953,.T.);
#1673=ORIENTED_EDGE('',*,*,#1181,.T.);
#1674=ORIENTED_EDGE('',*,*,#1172,.T.);
#1675=ORIENTED_EDGE('',*,*,#1182,.T.);
#1676=ORIENTED_EDGE('',*,*,#1178,.F.);
#1677=ORIENTED_EDGE('',*,*,#1088,.T.);
#1678=ORIENTED_EDGE('',*,*,#1166,.T.);
#1679=ORIENTED_EDGE('',*,*,#1183,.T.);
#1680=ORIENTED_EDGE('',*,*,#1184,.T.);
#1681=ORIENTED_EDGE('',*,*,#1170,.T.);
#1682=ORIENTED_EDGE('',*,*,#1185,.F.);
#1683=ORIENTED_EDGE('',*,*,#1153,.T.);
#1684=ORIENTED_EDGE('',*,*,#1157,.F.);
#1685=ORIENTED_EDGE('',*,*,#1174,.T.);
#1686=ORIENTED_EDGE('',*,*,#1186,.T.);
#1687=ORIENTED_EDGE('',*,*,#1162,.T.);
#1688=ORIENTED_EDGE('',*,*,#1187,.F.);
#1689=ORIENTED_EDGE('',*,*,#1177,.F.);
#1690=ORIENTED_EDGE('',*,*,#1180,.F.);
#1691=ORIENTED_EDGE('',*,*,#1188,.T.);
#1692=ORIENTED_EDGE('',*,*,#1183,.F.);
#1693=ORIENTED_EDGE('',*,*,#1165,.T.);
#1694=ORIENTED_EDGE('',*,*,#1151,.F.);
#1695=ORIENTED_EDGE('',*,*,#1189,.T.);
#1696=ORIENTED_EDGE('',*,*,#930,.T.);
#1697=ORIENTED_EDGE('',*,*,#1189,.F.);
#1698=ORIENTED_EDGE('',*,*,#1179,.F.);
#1699=ORIENTED_EDGE('',*,*,#1182,.F.);
#1700=ORIENTED_EDGE('',*,*,#1171,.F.);
#1701=ORIENTED_EDGE('',*,*,#1184,.F.);
#1702=ORIENTED_EDGE('',*,*,#1188,.F.);
#1703=ORIENTED_EDGE('',*,*,#1159,.T.);
#1704=ORIENTED_EDGE('',*,*,#1190,.F.);
#1705=ORIENTED_EDGE('',*,*,#1191,.F.);
#1706=ORIENTED_EDGE('',*,*,#1192,.F.);
#1707=ORIENTED_EDGE('',*,*,#1187,.T.);
#1708=ORIENTED_EDGE('',*,*,#1161,.T.);
#1709=ORIENTED_EDGE('',*,*,#1164,.T.);
#1710=ORIENTED_EDGE('',*,*,#952,.T.);
#1711=ORIENTED_EDGE('',*,*,#1096,.F.);
#1712=ORIENTED_EDGE('',*,*,#1105,.F.);
#1713=ORIENTED_EDGE('',*,*,#1193,.F.);
#1714=ORIENTED_EDGE('',*,*,#1194,.F.);
#1715=ORIENTED_EDGE('',*,*,#1186,.F.);
#1716=ORIENTED_EDGE('',*,*,#1173,.T.);
#1717=ORIENTED_EDGE('',*,*,#1181,.F.);
#1718=ORIENTED_EDGE('',*,*,#1185,.T.);
#1719=ORIENTED_EDGE('',*,*,#1194,.T.);
#1720=ORIENTED_EDGE('',*,*,#1195,.F.);
#1721=ORIENTED_EDGE('',*,*,#1146,.T.);
#1722=ORIENTED_EDGE('',*,*,#1196,.T.);
#1723=ORIENTED_EDGE('',*,*,#1197,.T.);
#1724=ORIENTED_EDGE('',*,*,#1196,.F.);
#1725=ORIENTED_EDGE('',*,*,#1143,.T.);
#1726=ORIENTED_EDGE('',*,*,#1106,.F.);
#1727=ORIENTED_EDGE('',*,*,#1198,.T.);
#1728=ORIENTED_EDGE('',*,*,#1197,.F.);
#1729=ORIENTED_EDGE('',*,*,#1198,.F.);
#1730=ORIENTED_EDGE('',*,*,#1144,.F.);
#1731=ORIENTED_EDGE('',*,*,#1199,.T.);
#1732=ORIENTED_EDGE('',*,*,#1107,.F.);
#1733=ORIENTED_EDGE('',*,*,#1199,.F.);
#1734=ORIENTED_EDGE('',*,*,#1158,.T.);
#1735=ORIENTED_EDGE('',*,*,#1132,.T.);
#1736=ORIENTED_EDGE('',*,*,#1200,.T.);
#1737=ORIENTED_EDGE('',*,*,#1190,.T.);
#1738=ORIENTED_EDGE('',*,*,#1201,.T.);
#1739=ORIENTED_EDGE('',*,*,#1191,.T.);
#1740=ORIENTED_EDGE('',*,*,#1200,.F.);
#1741=ORIENTED_EDGE('',*,*,#1169,.T.);
#1742=ORIENTED_EDGE('',*,*,#1175,.T.);
#1743=ORIENTED_EDGE('',*,*,#1192,.T.);
#1744=ORIENTED_EDGE('',*,*,#1201,.F.);
#1745=ORIENTED_EDGE('',*,*,#1090,.T.);
#1746=ORIENTED_EDGE('',*,*,#1195,.T.);
#1747=ORIENTED_EDGE('',*,*,#1202,.T.);
#1748=ORIENTED_EDGE('',*,*,#1138,.F.);
#1749=ORIENTED_EDGE('',*,*,#1147,.T.);
#1750=ORIENTED_EDGE('',*,*,#1114,.T.);
#1751=ORIENTED_EDGE('',*,*,#1129,.T.);
#1752=ORIENTED_EDGE('',*,*,#1202,.F.);
#1753=ORIENTED_EDGE('',*,*,#1193,.T.);
#1754=ORIENTED_EDGE('',*,*,#1104,.T.);
#1755=ORIENTED_EDGE('',*,*,#1083,.F.);
#1756=ORIENTED_EDGE('',*,*,#1099,.F.);
#1757=ORIENTED_EDGE('',*,*,#1093,.T.);
#1758=ORIENTED_EDGE('',*,*,#928,.F.);
#1759=ORIENTED_EDGE('',*,*,#931,.F.);
#1760=ORIENTED_EDGE('',*,*,#934,.F.);
#1761=ORIENTED_EDGE('',*,*,#937,.F.);
#1762=ORIENTED_EDGE('',*,*,#922,.F.);
#1763=ORIENTED_EDGE('',*,*,#960,.T.);
#1764=ORIENTED_EDGE('',*,*,#1068,.T.);
#1765=ORIENTED_EDGE('',*,*,#1070,.F.);
#1766=ORIENTED_EDGE('',*,*,#940,.F.);
#1767=PLANE('',#1941);
#1768=PLANE('',#1942);
#1769=PLANE('',#1943);
#1770=PLANE('',#1945);
#1771=PLANE('',#1947);
#1772=PLANE('',#1948);
#1773=PLANE('',#1949);
#1774=PLANE('',#1950);
#1775=PLANE('',#1951);
#1776=PLANE('',#1952);
#1777=PLANE('',#1953);
#1778=PLANE('',#1954);
#1779=PLANE('',#1958);
#1780=PLANE('',#1959);
#1781=PLANE('',#1963);
#1782=PLANE('',#1965);
#1783=PLANE('',#1967);
#1784=PLANE('',#1968);
#1785=PLANE('',#1973);
#1786=PLANE('',#1977);
#1787=PLANE('',#1983);
#1788=PLANE('',#1985);
#1789=PLANE('',#1996);
#1790=PLANE('',#2000);
#1791=PLANE('',#2001);
#1792=PLANE('',#2004);
#1793=PLANE('',#2005);
#1794=PLANE('',#2006);
#1795=PLANE('',#2007);
#1796=PLANE('',#2008);
#1797=PLANE('',#2009);
#1798=PLANE('',#2021);
#1799=PLANE('',#2022);
#1800=PLANE('',#2023);
#1801=PLANE('',#2024);
#1802=PLANE('',#2025);
#1803=PLANE('',#2026);
#1804=PLANE('',#2027);
#1805=PLANE('',#2028);
#1806=PLANE('',#2033);
#1807=PLANE('',#2037);
#1808=PLANE('',#2038);
#1809=PLANE('',#2042);
#1810=PLANE('',#2044);
#1811=PLANE('',#2046);
#1812=PLANE('',#2048);
#1813=PLANE('',#2052);
#1814=PLANE('',#2056);
#1815=PLANE('',#2067);
#1816=PLANE('',#2072);
#1817=PLANE('',#2074);
#1818=PLANE('',#2075);
#1819=PLANE('',#2077);
#1820=PLANE('',#2090);
#1821=ADVANCED_FACE('',(#199),#1767,.T.);
#1822=ADVANCED_FACE('',(#200),#1768,.T.);
#1823=ADVANCED_FACE('',(#201),#1769,.T.);
#1824=ADVANCED_FACE('',(#202),#1770,.T.);
#1825=ADVANCED_FACE('',(#203),#1771,.T.);
#1826=ADVANCED_FACE('',(#204),#1772,.T.);
#1827=ADVANCED_FACE('',(#205),#1773,.T.);
#1828=ADVANCED_FACE('',(#206),#1774,.T.);
#1829=ADVANCED_FACE('',(#207),#1775,.T.);
#1830=ADVANCED_FACE('',(#208),#1776,.T.);
#1831=ADVANCED_FACE('',(#209),#1777,.T.);
#1832=ADVANCED_FACE('',(#210),#143,.F.);
#1833=ADVANCED_FACE('',(#211),#144,.F.);
#1834=ADVANCED_FACE('',(#212),#1778,.T.);
#1835=ADVANCED_FACE('',(#213),#69,.T.);
#1836=ADVANCED_FACE('',(#214),#1779,.T.);
#1837=ADVANCED_FACE('',(#215),#1780,.T.);
#1838=ADVANCED_FACE('',(#216),#35,.T.);
#1839=ADVANCED_FACE('',(#217),#36,.T.);
#1840=ADVANCED_FACE('',(#218),#1781,.T.);
#1841=ADVANCED_FACE('',(#219,#25,#26),#1782,.T.);
#1842=ADVANCED_FACE('',(#220),#1783,.T.);
#1843=ADVANCED_FACE('',(#221,#27),#1784,.T.);
#1844=ADVANCED_FACE('',(#222),#37,.T.);
#1845=ADVANCED_FACE('',(#223),#38,.T.);
#1846=ADVANCED_FACE('',(#224),#145,.F.);
#1847=ADVANCED_FACE('',(#225),#1785,.T.);
#1848=ADVANCED_FACE('',(#226),#70,.T.);
#1849=ADVANCED_FACE('',(#227),#146,.F.);
#1850=ADVANCED_FACE('',(#228),#1786,.T.);
#1851=ADVANCED_FACE('',(#229),#39,.T.);
#1852=ADVANCED_FACE('',(#230),#40,.T.);
#1853=ADVANCED_FACE('',(#231),#1787,.T.);
#1854=ADVANCED_FACE('',(#232),#1788,.T.);
#1855=ADVANCED_FACE('',(#233),#41,.F.);
#1856=ADVANCED_FACE('',(#234),#42,.T.);
#1857=ADVANCED_FACE('',(#235),#43,.T.);
#1858=ADVANCED_FACE('',(#236),#44,.T.);
#1859=ADVANCED_FACE('',(#237),#1789,.T.);
#1860=ADVANCED_FACE('',(#238),#45,.T.);
#1861=ADVANCED_FACE('',(#239),#46,.F.);
#1862=ADVANCED_FACE('',(#240),#1790,.F.);
#1863=ADVANCED_FACE('',(#241),#1791,.T.);
#1864=ADVANCED_FACE('',(#242),#47,.T.);
#1865=ADVANCED_FACE('',(#243),#1792,.T.);
#1866=ADVANCED_FACE('',(#244),#1793,.T.);
#1867=ADVANCED_FACE('',(#245),#1794,.T.);
#1868=ADVANCED_FACE('',(#246),#1795,.T.);
#1869=ADVANCED_FACE('',(#247),#1796,.T.);
#1870=ADVANCED_FACE('',(#248,#28,#29),#1797,.F.);
#1871=ADVANCED_FACE('',(#249),#147,.T.);
#1872=ADVANCED_FACE('',(#250),#48,.F.);
#1873=ADVANCED_FACE('',(#251),#49,.F.);
#1874=ADVANCED_FACE('',(#252),#71,.T.);
#1875=ADVANCED_FACE('',(#253),#50,.T.);
#1876=ADVANCED_FACE('',(#254),#72,.T.);
#1877=ADVANCED_FACE('',(#255),#51,.T.);
#1878=ADVANCED_FACE('',(#256),#1798,.T.);
#1879=ADVANCED_FACE('',(#257),#1799,.T.);
#1880=ADVANCED_FACE('',(#258),#1800,.T.);
#1881=ADVANCED_FACE('',(#259),#1801,.T.);
#1882=ADVANCED_FACE('',(#260),#1802,.T.);
#1883=ADVANCED_FACE('',(#261),#1803,.T.);
#1884=ADVANCED_FACE('',(#262),#1804,.T.);
#1885=ADVANCED_FACE('',(#263,#30,#31),#1805,.F.);
#1886=ADVANCED_FACE('',(#264),#148,.F.);
#1887=ADVANCED_FACE('',(#265),#149,.F.);
#1888=ADVANCED_FACE('',(#266),#1806,.T.);
#1889=ADVANCED_FACE('',(#267),#73,.T.);
#1890=ADVANCED_FACE('',(#268),#1807,.T.);
#1891=ADVANCED_FACE('',(#269),#1808,.T.);
#1892=ADVANCED_FACE('',(#270),#52,.T.);
#1893=ADVANCED_FACE('',(#271),#53,.T.);
#1894=ADVANCED_FACE('',(#272,#32,#33),#1809,.T.);
#1895=ADVANCED_FACE('',(#273),#1810,.T.);
#1896=ADVANCED_FACE('',(#274,#34),#1811,.T.);
#1897=ADVANCED_FACE('',(#275),#1812,.T.);
#1898=ADVANCED_FACE('',(#276),#54,.T.);
#1899=ADVANCED_FACE('',(#277),#55,.T.);
#1900=ADVANCED_FACE('',(#278),#150,.F.);
#1901=ADVANCED_FACE('',(#279),#1813,.T.);
#1902=ADVANCED_FACE('',(#280),#74,.T.);
#1903=ADVANCED_FACE('',(#281),#151,.F.);
#1904=ADVANCED_FACE('',(#282),#1814,.T.);
#1905=ADVANCED_FACE('',(#283),#56,.T.);
#1906=ADVANCED_FACE('',(#284),#57,.F.);
#1907=ADVANCED_FACE('',(#285),#58,.T.);
#1908=ADVANCED_FACE('',(#286),#59,.T.);
#1909=ADVANCED_FACE('',(#287),#1815,.T.);
#1910=ADVANCED_FACE('',(#288),#60,.T.);
#1911=ADVANCED_FACE('',(#289),#61,.T.);
#1912=ADVANCED_FACE('',(#290),#1816,.T.);
#1913=ADVANCED_FACE('',(#291),#62,.F.);
#1914=ADVANCED_FACE('',(#292),#1817,.F.);
#1915=ADVANCED_FACE('',(#293),#1818,.T.);
#1916=ADVANCED_FACE('',(#294),#1819,.T.);
#1917=ADVANCED_FACE('',(#295),#63,.T.);
#1918=ADVANCED_FACE('',(#296),#152,.T.);
#1919=ADVANCED_FACE('',(#297),#64,.F.);
#1920=ADVANCED_FACE('',(#298),#65,.F.);
#1921=ADVANCED_FACE('',(#299),#66,.T.);
#1922=ADVANCED_FACE('',(#300),#75,.T.);
#1923=ADVANCED_FACE('',(#301),#67,.T.);
#1924=ADVANCED_FACE('',(#302),#76,.T.);
#1925=ADVANCED_FACE('',(#303),#68,.T.);
#1926=ADVANCED_FACE('',(#304),#1820,.T.);
#1927=CLOSED_SHELL('',(#1821,#1822,#1823,#1824,#1825,#1826,#1827,#1828,
#1829,#1830,#1831,#1832,#1833,#1834,#1835,#1836,#1837,#1838,#1839,#1840,
#1841,#1842,#1843,#1844,#1845,#1846,#1847,#1848,#1849,#1850,#1851,#1852,
#1853,#1854,#1855,#1856,#1857,#1858,#1859,#1860,#1861,#1862,#1863,#1864,
#1865,#1866,#1867,#1868,#1869,#1870,#1871,#1872,#1873,#1874,#1875,#1876,
#1877,#1878,#1879,#1880,#1881,#1882,#1883,#1884,#1885,#1886,#1887,#1888,
#1889,#1890,#1891,#1892,#1893,#1894,#1895,#1896,#1897,#1898,#1899,#1900,
#1901,#1902,#1903,#1904,#1905,#1906,#1907,#1908,#1909,#1910,#1911,#1912,
#1913,#1914,#1915,#1916,#1917,#1918,#1919,#1920,#1921,#1922,#1923,#1924,
#1925,#1926));
#1928=DERIVED_UNIT_ELEMENT(#1930,1.);
#1929=DERIVED_UNIT_ELEMENT(#4647,-3.);
#1930=(
MASS_UNIT()
NAMED_UNIT(*)
SI_UNIT(.KILO.,.GRAM.)
);
#1931=DERIVED_UNIT((#1928,#1929));
#1932=MEASURE_REPRESENTATION_ITEM('density measure',
POSITIVE_RATIO_MEASURE(7850.),#1931);
#1933=PROPERTY_DEFINITION_REPRESENTATION(#1938,#1935);
#1934=PROPERTY_DEFINITION_REPRESENTATION(#1939,#1936);
#1935=REPRESENTATION('material name',(#1937),#4644);
#1936=REPRESENTATION('density',(#1932),#4644);
#1937=DESCRIPTIVE_REPRESENTATION_ITEM('Acier','Acier');
#1938=PROPERTY_DEFINITION('material property','material name',#4654);
#1939=PROPERTY_DEFINITION('material property','density of part',#4654);
#1940=AXIS2_PLACEMENT_3D('',#2553,#2091,#2092);
#1941=AXIS2_PLACEMENT_3D('',#2554,#2093,#2094);
#1942=AXIS2_PLACEMENT_3D('',#2563,#2099,#2100);
#1943=AXIS2_PLACEMENT_3D('',#2572,#2105,#2106);
#1944=AXIS2_PLACEMENT_3D('',#2574,#2107,#2108);
#1945=AXIS2_PLACEMENT_3D('',#2575,#2109,#2110);
#1946=AXIS2_PLACEMENT_3D('',#2577,#2111,#2112);
#1947=AXIS2_PLACEMENT_3D('',#2578,#2113,#2114);
#1948=AXIS2_PLACEMENT_3D('',#2584,#2118,#2119);
#1949=AXIS2_PLACEMENT_3D('',#2590,#2123,#2124);
#1950=AXIS2_PLACEMENT_3D('',#2593,#2127,#2128);
#1951=AXIS2_PLACEMENT_3D('',#2602,#2133,#2134);
#1952=AXIS2_PLACEMENT_3D('',#2629,#2149,#2150);
#1953=AXIS2_PLACEMENT_3D('',#2637,#2155,#2156);
#1954=AXIS2_PLACEMENT_3D('',#2861,#2162,#2163);
#1955=AXIS2_PLACEMENT_3D('',#2867,#2166,#2167);
#1956=AXIS2_PLACEMENT_3D('',#2868,#2168,#2169);
#1957=AXIS2_PLACEMENT_3D('',#2955,#2170,#2171);
#1958=AXIS2_PLACEMENT_3D('',#2956,#2172,#2173);
#1959=AXIS2_PLACEMENT_3D('',#2960,#2176,#2177);
#1960=AXIS2_PLACEMENT_3D('',#2982,#2184,#2185);
#1961=AXIS2_PLACEMENT_3D('',#2984,#2186,#2187);
#1962=AXIS2_PLACEMENT_3D('',#2986,#2189,#2190);
#1963=AXIS2_PLACEMENT_3D('',#3032,#2192,#2193);
#1964=AXIS2_PLACEMENT_3D('',#3034,#2194,#2195);
#1965=AXIS2_PLACEMENT_3D('',#3038,#2198,#2199);
#1966=AXIS2_PLACEMENT_3D('',#3066,#2202,#2203);
#1967=AXIS2_PLACEMENT_3D('',#3085,#2204,#2205);
#1968=AXIS2_PLACEMENT_3D('',#3093,#2210,#2211);
#1969=AXIS2_PLACEMENT_3D('',#3115,#2214,#2215);
#1970=AXIS2_PLACEMENT_3D('',#3116,#2216,#2217);
#1971=AXIS2_PLACEMENT_3D('',#3118,#2218,#2219);
#1972=AXIS2_PLACEMENT_3D('',#3120,#2221,#2222);
#1973=AXIS2_PLACEMENT_3D('',#3213,#2224,#2225);
#1974=AXIS2_PLACEMENT_3D('',#3214,#2226,#2227);
#1975=AXIS2_PLACEMENT_3D('',#3215,#2228,#2229);
#1976=AXIS2_PLACEMENT_3D('',#3243,#2230,#2231);
#1977=AXIS2_PLACEMENT_3D('',#3330,#2232,#2233);
#1978=AXIS2_PLACEMENT_3D('',#3334,#2236,#2237);
#1979=AXIS2_PLACEMENT_3D('',#3336,#2238,#2239);
#1980=AXIS2_PLACEMENT_3D('',#3339,#2241,#2242);
#1981=AXIS2_PLACEMENT_3D('',#3340,#2243,#2244);
#1982=AXIS2_PLACEMENT_3D('',#3343,#2246,#2247);
#1983=AXIS2_PLACEMENT_3D('',#3344,#2248,#2249);
#1984=AXIS2_PLACEMENT_3D('',#3349,#2252,#2253);
#1985=AXIS2_PLACEMENT_3D('',#3350,#2254,#2255);
#1986=AXIS2_PLACEMENT_3D('',#3354,#2258,#2259);
#1987=AXIS2_PLACEMENT_3D('',#3356,#2260,#2261);
#1988=AXIS2_PLACEMENT_3D('',#3360,#2263,#2264);
#1989=AXIS2_PLACEMENT_3D('',#3369,#2266,#2267);
#1990=AXIS2_PLACEMENT_3D('',#3370,#2268,#2269);
#1991=AXIS2_PLACEMENT_3D('',#3371,#2270,#2271);
#1992=AXIS2_PLACEMENT_3D('',#3372,#2272,#2273);
#1993=AXIS2_PLACEMENT_3D('',#3373,#2274,#2275);
#1994=AXIS2_PLACEMENT_3D('',#3374,#2276,#2277);
#1995=AXIS2_PLACEMENT_3D('',#3377,#2279,#2280);
#1996=AXIS2_PLACEMENT_3D('',#3378,#2281,#2282);
#1997=AXIS2_PLACEMENT_3D('',#3381,#2285,#2286);
#1998=AXIS2_PLACEMENT_3D('',#3383,#2287,#2288);
#1999=AXIS2_PLACEMENT_3D('',#3385,#2290,#2291);
#2000=AXIS2_PLACEMENT_3D('',#3387,#2293,#2294);
#2001=AXIS2_PLACEMENT_3D('',#3388,#2295,#2296);
#2002=AXIS2_PLACEMENT_3D('',#3393,#2300,#2301);
#2003=AXIS2_PLACEMENT_3D('',#3394,#2302,#2303);
#2004=AXIS2_PLACEMENT_3D('',#3395,#2304,#2305);
#2005=AXIS2_PLACEMENT_3D('',#3399,#2308,#2309);
#2006=AXIS2_PLACEMENT_3D('',#3406,#2314,#2315);
#2007=AXIS2_PLACEMENT_3D('',#3410,#2318,#2319);
#2008=AXIS2_PLACEMENT_3D('',#3412,#2321,#2322);
#2009=AXIS2_PLACEMENT_3D('',#3414,#2324,#2325);
#2010=AXIS2_PLACEMENT_3D('',#3415,#2326,#2327);
#2011=AXIS2_PLACEMENT_3D('',#3417,#2328,#2329);
#2012=AXIS2_PLACEMENT_3D('',#3419,#2330,#2331);
#2013=AXIS2_PLACEMENT_3D('',#3612,#2332,#2333);
#2014=AXIS2_PLACEMENT_3D('',#3614,#2335,#2336);
#2015=AXIS2_PLACEMENT_3D('',#3616,#2338,#2339);
#2016=AXIS2_PLACEMENT_3D('',#3617,#2340,#2341);
#2017=AXIS2_PLACEMENT_3D('',#3618,#2342,#2343);
#2018=AXIS2_PLACEMENT_3D('',#3619,#2344,#2345);
#2019=AXIS2_PLACEMENT_3D('',#3620,#2346,#2347);
#2020=AXIS2_PLACEMENT_3D('',#3621,#2348,#2349);
#2021=AXIS2_PLACEMENT_3D('',#3622,#2350,#2351);
#2022=AXIS2_PLACEMENT_3D('',#3630,#2356,#2357);
#2023=AXIS2_PLACEMENT_3D('',#3634,#2360,#2361);
#2024=AXIS2_PLACEMENT_3D('',#3638,#2364,#2365);
#2025=AXIS2_PLACEMENT_3D('',#3648,#2371,#2372);
#2026=AXIS2_PLACEMENT_3D('',#3656,#2377,#2378);
#2027=AXIS2_PLACEMENT_3D('',#3659,#2381,#2382);
#2028=AXIS2_PLACEMENT_3D('',#3661,#2384,#2385);
#2029=AXIS2_PLACEMENT_3D('',#3663,#2386,#2387);
#2030=AXIS2_PLACEMENT_3D('',#3716,#2389,#2390);
#2031=AXIS2_PLACEMENT_3D('',#3719,#2392,#2393);
#2032=AXIS2_PLACEMENT_3D('',#3721,#2394,#2395);
#2033=AXIS2_PLACEMENT_3D('',#3909,#2396,#2397);
#2034=AXIS2_PLACEMENT_3D('',#3915,#2400,#2401);
#2035=AXIS2_PLACEMENT_3D('',#3916,#2402,#2403);
#2036=AXIS2_PLACEMENT_3D('',#4003,#2404,#2405);
#2037=AXIS2_PLACEMENT_3D('',#4004,#2406,#2407);
#2038=AXIS2_PLACEMENT_3D('',#4008,#2410,#2411);
#2039=AXIS2_PLACEMENT_3D('',#4028,#2417,#2418);
#2040=AXIS2_PLACEMENT_3D('',#4077,#2420,#2421);
#2041=AXIS2_PLACEMENT_3D('',#4080,#2423,#2424);
#2042=AXIS2_PLACEMENT_3D('',#4081,#2425,#2426);
#2043=AXIS2_PLACEMENT_3D('',#4152,#2429,#2430);
#2044=AXIS2_PLACEMENT_3D('',#4153,#2431,#2432);
#2045=AXIS2_PLACEMENT_3D('',#4158,#2435,#2436);
#2046=AXIS2_PLACEMENT_3D('',#4159,#2437,#2438);
#2047=AXIS2_PLACEMENT_3D('',#4181,#2441,#2442);
#2048=AXIS2_PLACEMENT_3D('',#4182,#2443,#2444);
#2049=AXIS2_PLACEMENT_3D('',#4186,#2447,#2448);
#2050=AXIS2_PLACEMENT_3D('',#4197,#2450,#2451);
#2051=AXIS2_PLACEMENT_3D('',#4200,#2453,#2454);
#2052=AXIS2_PLACEMENT_3D('',#4283,#2455,#2456);
#2053=AXIS2_PLACEMENT_3D('',#4289,#2459,#2460);
#2054=AXIS2_PLACEMENT_3D('',#4290,#2461,#2462);
#2055=AXIS2_PLACEMENT_3D('',#4333,#2463,#2464);
#2056=AXIS2_PLACEMENT_3D('',#4378,#2465,#2466);
#2057=AXIS2_PLACEMENT_3D('',#4379,#2467,#2468);
#2058=AXIS2_PLACEMENT_3D('',#4380,#2469,#2470);
#2059=AXIS2_PLACEMENT_3D('',#4381,#2471,#2472);
#2060=AXIS2_PLACEMENT_3D('',#4385,#2474,#2475);
#2061=AXIS2_PLACEMENT_3D('',#4389,#2477,#2478);
#2062=AXIS2_PLACEMENT_3D('',#4396,#2479,#2480);
#2063=AXIS2_PLACEMENT_3D('',#4398,#2481,#2482);
#2064=AXIS2_PLACEMENT_3D('',#4400,#2483,#2484);
#2065=AXIS2_PLACEMENT_3D('',#4402,#2486,#2487);
#2066=AXIS2_PLACEMENT_3D('',#4406,#2489,#2490);
#2067=AXIS2_PLACEMENT_3D('',#4408,#2492,#2493);
#2068=AXIS2_PLACEMENT_3D('',#4411,#2496,#2497);
#2069=AXIS2_PLACEMENT_3D('',#4414,#2499,#2500);
#2070=AXIS2_PLACEMENT_3D('',#4415,#2501,#2502);
#2071=AXIS2_PLACEMENT_3D('',#4417,#2503,#2504);
#2072=AXIS2_PLACEMENT_3D('',#4419,#2506,#2507);
#2073=AXIS2_PLACEMENT_3D('',#4422,#2510,#2511);
#2074=AXIS2_PLACEMENT_3D('',#4424,#2513,#2514);
#2075=AXIS2_PLACEMENT_3D('',#4425,#2515,#2516);
#2076=AXIS2_PLACEMENT_3D('',#4429,#2518,#2519);
#2077=AXIS2_PLACEMENT_3D('',#4431,#2521,#2522);
#2078=AXIS2_PLACEMENT_3D('',#4435,#2525,#2526);
#2079=AXIS2_PLACEMENT_3D('',#4436,#2527,#2528);
#2080=AXIS2_PLACEMENT_3D('',#4629,#2529,#2530);
#2081=AXIS2_PLACEMENT_3D('',#4631,#2532,#2533);
#2082=AXIS2_PLACEMENT_3D('',#4633,#2535,#2536);
#2083=AXIS2_PLACEMENT_3D('',#4634,#2537,#2538);
#2084=AXIS2_PLACEMENT_3D('',#4635,#2539,#2540);
#2085=AXIS2_PLACEMENT_3D('',#4636,#2541,#2542);
#2086=AXIS2_PLACEMENT_3D('',#4637,#2543,#2544);
#2087=AXIS2_PLACEMENT_3D('',#4638,#2545,#2546);
#2088=AXIS2_PLACEMENT_3D('',#4639,#2547,#2548);
#2089=AXIS2_PLACEMENT_3D('',#4640,#2549,#2550);
#2090=AXIS2_PLACEMENT_3D('',#4641,#2551,#2552);
#2091=DIRECTION('axis',(0.,0.,1.));
#2092=DIRECTION('refdir',(1.,0.,0.));
#2093=DIRECTION('center_axis',(0.,-1.,0.));
#2094=DIRECTION('ref_axis',(-1.,0.,0.));
#2095=DIRECTION('',(0.,0.,-1.));
#2096=DIRECTION('',(-1.,0.,0.));
#2097=DIRECTION('',(0.,0.,-1.));
#2098=DIRECTION('',(-1.,0.,0.));
#2099=DIRECTION('center_axis',(0.,-1.,0.));
#2100=DIRECTION('ref_axis',(-1.,0.,0.));
#2101=DIRECTION('',(0.,0.,1.));
#2102=DIRECTION('',(-1.,0.,0.));
#2103=DIRECTION('',(0.,0.,-1.));
#2104=DIRECTION('',(-1.,0.,0.));
#2105=DIRECTION('center_axis',(0.,0.,-1.));
#2106=DIRECTION('ref_axis',(-1.,0.,0.));
#2107=DIRECTION('center_axis',(0.,0.,1.));
#2108=DIRECTION('ref_axis',(1.,-1.22464679914735E-16,0.));
#2109=DIRECTION('center_axis',(0.,0.,-1.));
#2110=DIRECTION('ref_axis',(-1.,0.,0.));
#2111=DIRECTION('center_axis',(0.,0.,1.));
#2112=DIRECTION('ref_axis',(-1.,0.,0.));
#2113=DIRECTION('center_axis',(1.,0.,0.));
#2114=DIRECTION('ref_axis',(0.,-1.,0.));
#2115=DIRECTION('',(0.,-1.,0.));
#2116=DIRECTION('',(0.,-1.,0.));
#2117=DIRECTION('',(0.,0.,-1.));
#2118=DIRECTION('center_axis',(0.,1.,0.));
#2119=DIRECTION('ref_axis',(1.,0.,0.));
#2120=DIRECTION('',(1.,0.,0.));
#2121=DIRECTION('',(1.,0.,0.));
#2122=DIRECTION('',(0.,0.,-1.));
#2123=DIRECTION('center_axis',(-1.,0.,0.));
#2124=DIRECTION('ref_axis',(0.,1.,0.));
#2125=DIRECTION('',(0.,1.,0.));
#2126=DIRECTION('',(0.,1.,0.));
#2127=DIRECTION('center_axis',(0.,-1.,0.));
#2128=DIRECTION('ref_axis',(-1.,0.,0.));
#2129=DIRECTION('',(0.,0.,-1.));
#2130=DIRECTION('',(-1.,0.,0.));
#2131=DIRECTION('',(0.,0.,1.));
#2132=DIRECTION('',(-1.,0.,0.));
#2133=DIRECTION('center_axis',(0.,0.,-1.));
#2134=DIRECTION('ref_axis',(-1.,0.,0.));
#2135=DIRECTION('',(0.,1.,0.));
#2136=DIRECTION('',(-1.22464679914735E-16,-1.,0.));
#2137=DIRECTION('',(1.,-1.22464679914735E-16,0.));
#2138=DIRECTION('',(1.22464679914735E-16,1.,0.));
#2139=DIRECTION('',(1.,-1.22464679914735E-16,0.));
#2140=DIRECTION('',(1.22464679914735E-16,1.,0.));
#2141=DIRECTION('',(-1.,1.22464679914735E-16,0.));
#2142=DIRECTION('',(1.22464679914735E-16,1.,0.));
#2143=DIRECTION('',(0.,-1.,0.));
#2144=DIRECTION('',(-1.,0.,0.));
#2145=DIRECTION('',(0.,-1.,0.));
#2146=DIRECTION('',(1.,0.,0.));
#2147=DIRECTION('',(0.,-1.,0.));
#2148=DIRECTION('',(1.,0.,0.));
#2149=DIRECTION('center_axis',(-1.,1.22464679914735E-16,0.));
#2150=DIRECTION('ref_axis',(0.,0.,-1.));
#2151=DIRECTION('',(0.,0.,-1.));
#2152=DIRECTION('',(1.22464679914735E-16,1.,-4.44089209850063E-17));
#2153=DIRECTION('',(0.,0.,-1.));
#2154=DIRECTION('',(-1.22464679914735E-16,-1.,0.));
#2155=DIRECTION('center_axis',(-1.22464679914735E-16,-1.,0.));
#2156=DIRECTION('ref_axis',(0.,0.,1.));
#2157=DIRECTION('',(-3.10772816787862E-31,-2.53765262771465E-15,1.));
#2158=DIRECTION('',(-1.,1.22464679914735E-16,0.));
#2159=DIRECTION('',(0.,0.,1.));
#2160=DIRECTION('',(-1.,1.22464679914735E-16,0.));
#2161=DIRECTION('',(0.,0.,-1.));
#2162=DIRECTION('center_axis',(-1.22464679914735E-16,-1.,0.));
#2163=DIRECTION('ref_axis',(0.,0.,1.));
#2164=DIRECTION('',(0.,0.,-1.));
#2165=DIRECTION('',(1.,-1.22464679914735E-16,0.));
#2166=DIRECTION('center_axis',(-1.22464679914735E-16,-1.,0.));
#2167=DIRECTION('ref_axis',(0.961049569248641,-1.17694627880229E-16,0.276376058020592));
#2168=DIRECTION('center_axis',(1.22464679914735E-16,1.,0.));
#2169=DIRECTION('ref_axis',(0.,0.,-1.));
#2170=DIRECTION('center_axis',(1.22464679914735E-16,1.,0.));
#2171=DIRECTION('ref_axis',(0.961049569248641,-1.17694627880229E-16,0.276376058020592));
#2172=DIRECTION('center_axis',(1.22464679914735E-16,1.,0.));
#2173=DIRECTION('ref_axis',(0.,0.,-1.));
#2174=DIRECTION('',(0.,0.,1.));
#2175=DIRECTION('',(-1.,1.22464679914735E-16,0.));
#2176=DIRECTION('center_axis',(0.,0.,-1.));
#2177=DIRECTION('ref_axis',(-1.22464679914735E-16,-1.,0.));
#2178=DIRECTION('',(-1.22464679914735E-16,-1.,0.));
#2179=DIRECTION('',(-1.22464679914735E-16,-1.,0.));
#2180=DIRECTION('',(-1.,1.22464679914735E-16,0.));
#2181=DIRECTION('',(-1.22464679914735E-16,-1.,0.));
#2182=DIRECTION('',(1.,-1.22464679914735E-16,0.));
#2183=DIRECTION('',(-1.22464679914735E-16,-1.,0.));
#2184=DIRECTION('center_axis',(-1.22464679914735E-16,-1.,0.));
#2185=DIRECTION('ref_axis',(-0.707106781186543,8.65956056235488E-17,-0.707106781186552));
#2186=DIRECTION('center_axis',(1.22464679914735E-16,1.,8.88178419700128E-15));
#2187=DIRECTION('ref_axis',(1.08770485875752E-30,8.88178419700128E-15,-1.));
#2188=DIRECTION('',(1.22464679914735E-16,1.,0.));
#2189=DIRECTION('center_axis',(-1.22464679914735E-16,-1.,0.));
#2190=DIRECTION('ref_axis',(-0.707106781186543,8.65956056235488E-17,-0.707106781186552));
#2191=DIRECTION('',(1.22464679914735E-16,1.,0.));
#2192=DIRECTION('center_axis',(-1.,1.22464679914735E-16,0.));
#2193=DIRECTION('ref_axis',(0.,0.,-1.));
#2194=DIRECTION('center_axis',(1.,-1.22464679914735E-16,0.));
#2195=DIRECTION('ref_axis',(-8.65956056235493E-17,-0.707106781186548,-0.707106781186548));
#2196=DIRECTION('',(0.,0.,-1.));
#2197=DIRECTION('',(1.22464679914735E-16,1.,0.));
#2198=DIRECTION('center_axis',(-1.,1.22464679914735E-16,0.));
#2199=DIRECTION('ref_axis',(0.,0.,-1.));
#2200=DIRECTION('',(1.22464679914735E-16,1.,0.));
#2201=DIRECTION('',(0.,0.,-1.));
#2202=DIRECTION('center_axis',(1.,-1.22464679914735E-16,0.));
#2203=DIRECTION('ref_axis',(0.,0.,-1.));
#2204=DIRECTION('center_axis',(0.,0.,-1.));
#2205=DIRECTION('ref_axis',(-1.22464679914735E-16,-1.,0.));
#2206=DIRECTION('',(1.,-1.22464679914735E-16,0.));
#2207=DIRECTION('',(-1.22464679914735E-16,-1.,0.));
#2208=DIRECTION('',(1.,-1.22464679914735E-16,0.));
#2209=DIRECTION('',(-1.22464679914735E-16,-1.,0.));
#2210=DIRECTION('center_axis',(0.,0.,-1.));
#2211=DIRECTION('ref_axis',(-1.22464679914735E-16,-1.,0.));
#2212=DIRECTION('',(-1.22464679914735E-16,-1.,0.));
#2213=DIRECTION('',(1.,-1.22464679914735E-16,0.));
#2214=DIRECTION('center_axis',(0.,0.,1.));
#2215=DIRECTION('ref_axis',(1.,-1.22464679914735E-16,0.));
#2216=DIRECTION('center_axis',(1.22464679914735E-16,1.,0.));
#2217=DIRECTION('ref_axis',(-0.467256718486064,5.72224444674054E-17,-0.884121687908195));
#2218=DIRECTION('center_axis',(-1.22464679914735E-16,-1.,0.));
#2219=DIRECTION('ref_axis',(-0.467256718486064,5.72224444674054E-17,-0.884121687908195));
#2220=DIRECTION('',(1.22464679914735E-16,1.,0.));
#2221=DIRECTION('center_axis',(1.22464679914735E-16,1.,0.));
#2222=DIRECTION('ref_axis',(-0.467256718486064,5.72224444674054E-17,-0.884121687908195));
#2223=DIRECTION('',(1.22464679914735E-16,1.,0.));
#2224=DIRECTION('center_axis',(-1.22464679914735E-16,-1.,0.));
#2225=DIRECTION('ref_axis',(0.,0.,1.));
#2226=DIRECTION('center_axis',(-1.22464679914735E-16,-1.,0.));
#2227=DIRECTION('ref_axis',(0.961049569248641,-1.17694627880229E-16,0.276376058020592));
#2228=DIRECTION('center_axis',(1.22464679914735E-16,1.,0.));
#2229=DIRECTION('ref_axis',(0.,0.,-1.));
#2230=DIRECTION('center_axis',(1.22464679914735E-16,1.,0.));
#2231=DIRECTION('ref_axis',(0.961049569248641,-1.17694627880229E-16,0.276376058020592));
#2232=DIRECTION('center_axis',(1.22464679914735E-16,1.,0.));
#2233=DIRECTION('ref_axis',(0.,0.,-1.));
#2234=DIRECTION('',(0.,0.,1.));
#2235=DIRECTION('',(-1.,1.22464679914735E-16,0.));
#2236=DIRECTION('center_axis',(-1.,1.22464679914735E-16,0.));
#2237=DIRECTION('ref_axis',(8.65956056235493E-17,0.707106781186547,-0.707106781186547));
#2238=DIRECTION('center_axis',(-1.,1.22464679914735E-16,0.));
#2239=DIRECTION('ref_axis',(8.65956056235493E-17,0.707106781186547,-0.707106781186547));
#2240=DIRECTION('',(1.,-1.22464679914735E-16,0.));
#2241=DIRECTION('center_axis',(-1.,1.22464679914735E-16,0.));
#2242=DIRECTION('ref_axis',(8.65956056235493E-17,0.707106781186547,-0.707106781186547));
#2243=DIRECTION('center_axis',(-1.22464679914735E-16,-1.,0.));
#2244=DIRECTION('ref_axis',(-0.707106781186543,8.65956056235488E-17,-0.707106781186552));
#2245=DIRECTION('',(1.22464679914735E-16,1.,0.));
#2246=DIRECTION('center_axis',(-1.22464679914735E-16,-1.,0.));
#2247=DIRECTION('ref_axis',(-1.,1.22464679914735E-16,0.));
#2248=DIRECTION('center_axis',(-1.,1.22464679914735E-16,0.));
#2249=DIRECTION('ref_axis',(0.,0.,-1.));
#2250=DIRECTION('',(1.22464679914735E-16,1.,0.));
#2251=DIRECTION('',(0.,0.,1.));
#2252=DIRECTION('center_axis',(1.,-1.22464679914735E-16,0.));
#2253=DIRECTION('ref_axis',(8.65956056235493E-17,0.707106781186548,-0.707106781186548));
#2254=DIRECTION('center_axis',(0.,0.,-1.));
#2255=DIRECTION('ref_axis',(-1.22464679914735E-16,-1.,0.));
#2256=DIRECTION('',(-1.22464679914735E-16,-1.,0.));
#2257=DIRECTION('',(-1.,1.22464679914735E-16,0.));
#2258=DIRECTION('center_axis',(1.22464679914735E-16,1.,0.));
#2259=DIRECTION('ref_axis',(1.,-1.22464679914735E-16,0.));
#2260=DIRECTION('center_axis',(-1.22464679914735E-16,-1.,0.));
#2261=DIRECTION('ref_axis',(1.,-1.22464679914735E-16,0.));
#2262=DIRECTION('',(-1.22464679914735E-16,-1.,0.));
#2263=DIRECTION('center_axis',(-1.22464679914735E-16,-1.,0.));
#2264=DIRECTION('ref_axis',(1.,-1.22464679914735E-16,0.));
#2265=DIRECTION('',(1.22464679914735E-16,1.,0.));
#2266=DIRECTION('center_axis',(1.22464679914735E-16,1.,0.));
#2267=DIRECTION('ref_axis',(-0.467256718486064,5.72224444674054E-17,-0.884121687908195));
#2268=DIRECTION('center_axis',(-0.707106781186532,-0.707106781186563,0.));
#2269=DIRECTION('ref_axis',(0.707106781186563,-0.707106781186532,0.));
#2270=DIRECTION('center_axis',(-1.,1.22464679914735E-16,0.));
#2271=DIRECTION('ref_axis',(-8.65956056235493E-17,-0.707106781186548,-0.707106781186548));
#2272=DIRECTION('center_axis',(0.707106781186554,0.,-0.707106781186541));
#2273=DIRECTION('ref_axis',(-0.707106781186541,3.43457725337079E-16,-0.707106781186554));
#2274=DIRECTION('center_axis',(-0.707106781186547,0.707106781186548,0.));
#2275=DIRECTION('ref_axis',(-0.707106781186548,-0.707106781186547,-4.9065389333868E-17));
#2276=DIRECTION('center_axis',(-1.22464679914735E-16,-1.,0.));
#2277=DIRECTION('ref_axis',(-0.707106781186554,8.65956056235501E-17,-0.707106781186541));
#2278=DIRECTION('',(1.22464679914735E-16,1.,0.));
#2279=DIRECTION('center_axis',(-1.22464679914735E-16,-1.,0.));
#2280=DIRECTION('ref_axis',(-0.707106781186554,8.65956056235501E-17,-0.707106781186541));
#2281=DIRECTION('center_axis',(-1.,1.22464679914735E-16,0.));
#2282=DIRECTION('ref_axis',(0.,0.,-1.));
#2283=DIRECTION('',(0.,0.,-1.));
#2284=DIRECTION('',(0.,0.,-1.));
#2285=DIRECTION('center_axis',(-1.,1.22464679914735E-16,0.));
#2286=DIRECTION('ref_axis',(8.65956056235509E-17,0.70710678118656,-0.707106781186535));
#2287=DIRECTION('center_axis',(0.707106781186554,0.,-0.707106781186541));
#2288=DIRECTION('ref_axis',(-0.707106781186541,1.96261557335474E-16,-0.707106781186554));
#2289=DIRECTION('',(1.,-1.22464679914735E-16,0.));
#2290=DIRECTION('center_axis',(0.,0.,1.));
#2291=DIRECTION('ref_axis',(1.,-1.22464679914735E-16,0.));
#2292=DIRECTION('',(0.,0.,1.));
#2293=DIRECTION('center_axis',(-1.22464679914735E-16,-1.,0.));
#2294=DIRECTION('ref_axis',(1.,-1.22464679914735E-16,0.));
#2295=DIRECTION('center_axis',(1.22464679914735E-16,1.,0.));
#2296=DIRECTION('ref_axis',(0.,0.,-1.));
#2297=DIRECTION('',(0.,0.,1.));
#2298=DIRECTION('',(0.,0.,1.));
#2299=DIRECTION('',(0.,0.,-1.));
#2300=DIRECTION('center_axis',(0.,0.,-1.));
#2301=DIRECTION('ref_axis',(-0.707106781186543,0.707106781186552,0.));
#2302=DIRECTION('center_axis',(1.08770485875752E-30,8.88178419700128E-15,
-1.));
#2303=DIRECTION('ref_axis',(-1.,1.22464679914735E-16,0.));
#2304=DIRECTION('center_axis',(-1.,1.22464679914735E-16,0.));
#2305=DIRECTION('ref_axis',(0.,0.,-1.));
#2306=DIRECTION('',(0.,0.,1.));
#2307=DIRECTION('',(1.22464679914735E-16,1.,-4.44089209850063E-17));
#2308=DIRECTION('center_axis',(-5.43852429378756E-33,-4.44089209850063E-17,
-1.));
#2309=DIRECTION('ref_axis',(1.22464679914735E-16,1.,-4.44089209850063E-17));
#2310=DIRECTION('',(-1.22464679914735E-16,-1.,4.44089209850063E-17));
#2311=DIRECTION('',(1.,-1.22464679914735E-16,0.));
#2312=DIRECTION('',(1.22464679914735E-16,1.,-4.44089209850063E-17));
#2313=DIRECTION('',(1.,-1.22464679914735E-16,0.));
#2314=DIRECTION('center_axis',(-1.22464679914735E-16,-1.,0.));
#2315=DIRECTION('ref_axis',(0.,0.,-1.));
#2316=DIRECTION('',(0.,0.,-1.));
#2317=DIRECTION('',(1.,-1.22464679914735E-16,0.));
#2318=DIRECTION('center_axis',(1.22464679914735E-16,1.,0.));
#2319=DIRECTION('ref_axis',(0.,0.,1.));
#2320=DIRECTION('',(0.,0.,1.));
#2321=DIRECTION('center_axis',(1.,-1.22464679914735E-16,0.));
#2322=DIRECTION('ref_axis',(0.,0.,1.));
#2323=DIRECTION('',(-1.22464679914735E-16,-1.,0.));
#2324=DIRECTION('center_axis',(-1.,1.22464679914735E-16,0.));
#2325=DIRECTION('ref_axis',(0.,0.,-1.));
#2326=DIRECTION('center_axis',(-1.,1.22464679914735E-16,0.));
#2327=DIRECTION('ref_axis',(-8.65956056235493E-17,-0.707106781186547,-0.707106781186547));
#2328=DIRECTION('center_axis',(-1.,1.22464679914735E-16,0.));
#2329=DIRECTION('ref_axis',(0.,0.,-1.));
#2330=DIRECTION('center_axis',(-1.,1.22464679914735E-16,0.));
#2331=DIRECTION('ref_axis',(0.,0.,-1.));
#2332=DIRECTION('center_axis',(-1.,1.22464679914735E-16,0.));
#2333=DIRECTION('ref_axis',(0.,0.,-1.));
#2334=DIRECTION('',(-1.,1.22464679914735E-16,0.));
#2335=DIRECTION('center_axis',(1.,-1.22464679914735E-16,0.));
#2336=DIRECTION('ref_axis',(0.,0.,-1.));
#2337=DIRECTION('',(1.,-1.22464679914735E-16,0.));
#2338=DIRECTION('center_axis',(1.,-1.22464679914735E-16,0.));
#2339=DIRECTION('ref_axis',(0.,0.,1.));
#2340=DIRECTION('center_axis',(-1.08770485875752E-30,-8.88178419700128E-15,
-1.));
#2341=DIRECTION('ref_axis',(-1.22464679914735E-16,-1.,8.88178419700128E-15));
#2342=DIRECTION('center_axis',(-1.,1.22464679914735E-16,0.));
#2343=DIRECTION('ref_axis',(-8.65956056235493E-17,-0.707106781186547,-0.707106781186547));
#2344=DIRECTION('center_axis',(0.,0.,1.));
#2345=DIRECTION('ref_axis',(-0.707106781186543,-0.707106781186552,0.));
#2346=DIRECTION('center_axis',(1.,-1.22464679914735E-16,0.));
#2347=DIRECTION('ref_axis',(0.,0.,1.));
#2348=DIRECTION('center_axis',(-1.,1.22464679914735E-16,0.));
#2349=DIRECTION('ref_axis',(-8.65956056235493E-17,-0.707106781186547,-0.707106781186547));
#2350=DIRECTION('center_axis',(-1.,0.,0.));
#2351=DIRECTION('ref_axis',(0.,0.,1.));
#2352=DIRECTION('',(0.,0.,-1.));
#2353=DIRECTION('',(0.,-1.,-4.44089209850063E-17));
#2354=DIRECTION('',(0.,0.,1.));
#2355=DIRECTION('',(0.,1.,0.));
#2356=DIRECTION('center_axis',(0.,1.,0.));
#2357=DIRECTION('ref_axis',(0.,0.,-1.));
#2358=DIRECTION('',(0.,0.,-1.));
#2359=DIRECTION('',(-1.,0.,0.));
#2360=DIRECTION('center_axis',(1.,0.,0.));
#2361=DIRECTION('ref_axis',(0.,0.,-1.));
#2362=DIRECTION('',(0.,0.,-1.));
#2363=DIRECTION('',(0.,-1.,-4.44089209850063E-17));
#2364=DIRECTION('center_axis',(0.,1.,0.));
#2365=DIRECTION('ref_axis',(0.,0.,1.));
#2366=DIRECTION('',(0.,2.53765262771465E-15,1.));
#2367=DIRECTION('',(1.,0.,0.));
#2368=DIRECTION('',(0.,0.,1.));
#2369=DIRECTION('',(1.,0.,0.));
#2370=DIRECTION('',(0.,0.,-1.));
#2371=DIRECTION('center_axis',(1.,0.,0.));
#2372=DIRECTION('ref_axis',(0.,0.,-1.));
#2373=DIRECTION('',(0.,1.,0.));
#2374=DIRECTION('',(0.,0.,1.));
#2375=DIRECTION('',(0.,-1.,-4.44089209850063E-17));
#2376=DIRECTION('',(0.,0.,1.));
#2377=DIRECTION('center_axis',(0.,4.44089209850063E-17,-1.));
#2378=DIRECTION('ref_axis',(0.,-1.,-4.44089209850063E-17));
#2379=DIRECTION('',(0.,1.,4.44089209850063E-17));
#2380=DIRECTION('',(-1.,0.,0.));
#2381=DIRECTION('center_axis',(0.,-1.,0.));
#2382=DIRECTION('ref_axis',(0.,0.,1.));
#2383=DIRECTION('',(-1.,0.,0.));
#2384=DIRECTION('center_axis',(1.,0.,0.));
#2385=DIRECTION('ref_axis',(0.,0.,-1.));
#2386=DIRECTION('center_axis',(1.,0.,0.));
#2387=DIRECTION('ref_axis',(0.,0.707106781186547,-0.707106781186547));
#2388=DIRECTION('',(0.,1.,0.));
#2389=DIRECTION('center_axis',(1.,0.,0.));
#2390=DIRECTION('ref_axis',(0.,-0.707106781186547,-0.707106781186547));
#2391=DIRECTION('',(0.,0.,1.));
#2392=DIRECTION('center_axis',(1.,0.,0.));
#2393=DIRECTION('ref_axis',(0.,0.,-1.));
#2394=DIRECTION('center_axis',(1.,0.,0.));
#2395=DIRECTION('ref_axis',(0.,0.,-1.));
#2396=DIRECTION('center_axis',(0.,1.,0.));
#2397=DIRECTION('ref_axis',(0.,0.,1.));
#2398=DIRECTION('',(0.,0.,-1.));
#2399=DIRECTION('',(-1.,0.,0.));
#2400=DIRECTION('center_axis',(0.,1.,0.));
#2401=DIRECTION('ref_axis',(-0.961049569248641,0.,0.276376058020592));
#2402=DIRECTION('center_axis',(0.,-1.,0.));
#2403=DIRECTION('ref_axis',(0.,0.,-1.));
#2404=DIRECTION('center_axis',(0.,-1.,0.));
#2405=DIRECTION('ref_axis',(-0.961049569248641,0.,0.276376058020592));
#2406=DIRECTION('center_axis',(0.,-1.,0.));
#2407=DIRECTION('ref_axis',(0.,0.,-1.));
#2408=DIRECTION('',(0.,0.,1.));
#2409=DIRECTION('',(1.,0.,0.));
#2410=DIRECTION('center_axis',(0.,0.,-1.));
#2411=DIRECTION('ref_axis',(0.,1.,0.));
#2412=DIRECTION('',(0.,1.,0.));
#2413=DIRECTION('',(1.,0.,0.));
#2414=DIRECTION('',(-1.,0.,0.));
#2415=DIRECTION('',(0.,1.,0.));
#2416=DIRECTION('',(0.,1.,0.));
#2417=DIRECTION('center_axis',(0.,1.,0.));
#2418=DIRECTION('ref_axis',(0.707106781186543,0.,-0.707106781186552));
#2419=DIRECTION('',(0.,-1.,0.));
#2420=DIRECTION('center_axis',(0.,1.,0.));
#2421=DIRECTION('ref_axis',(0.707106781186543,0.,-0.707106781186552));
#2422=DIRECTION('',(0.,-1.,0.));
#2423=DIRECTION('center_axis',(0.,1.,0.));
#2424=DIRECTION('ref_axis',(1.,0.,0.));
#2425=DIRECTION('center_axis',(1.,0.,0.));
#2426=DIRECTION('ref_axis',(0.,0.,-1.));
#2427=DIRECTION('',(0.,0.,1.));
#2428=DIRECTION('',(0.,-1.,0.));
#2429=DIRECTION('center_axis',(-1.,0.,0.));
#2430=DIRECTION('ref_axis',(0.,0.,-1.));
#2431=DIRECTION('center_axis',(1.,0.,0.));
#2432=DIRECTION('ref_axis',(0.,0.,-1.));
#2433=DIRECTION('',(0.,-1.,0.));
#2434=DIRECTION('',(0.,0.,1.));
#2435=DIRECTION('center_axis',(-1.,0.,0.));
#2436=DIRECTION('ref_axis',(0.,-0.707106781186548,-0.707106781186548));
#2437=DIRECTION('center_axis',(0.,0.,-1.));
#2438=DIRECTION('ref_axis',(0.,1.,0.));
#2439=DIRECTION('',(1.,0.,0.));
#2440=DIRECTION('',(0.,1.,0.));
#2441=DIRECTION('center_axis',(0.,0.,1.));
#2442=DIRECTION('ref_axis',(-1.,0.,0.));
#2443=DIRECTION('center_axis',(0.,0.,-1.));
#2444=DIRECTION('ref_axis',(0.,1.,0.));
#2445=DIRECTION('',(0.,1.,0.));
#2446=DIRECTION('',(1.,0.,0.));
#2447=DIRECTION('center_axis',(0.,-1.,0.));
#2448=DIRECTION('ref_axis',(0.467256718486064,0.,-0.884121687908195));
#2449=DIRECTION('',(0.,-1.,0.));
#2450=DIRECTION('center_axis',(0.,-1.,0.));
#2451=DIRECTION('ref_axis',(0.467256718486064,0.,-0.884121687908195));
#2452=DIRECTION('',(0.,-1.,0.));
#2453=DIRECTION('center_axis',(0.707106781186532,0.707106781186563,0.));
#2454=DIRECTION('ref_axis',(-0.707106781186563,0.707106781186532,0.));
#2455=DIRECTION('center_axis',(0.,1.,0.));
#2456=DIRECTION('ref_axis',(0.,0.,1.));
#2457=DIRECTION('',(0.,0.,-1.));
#2458=DIRECTION('',(-1.,0.,0.));
#2459=DIRECTION('center_axis',(0.,1.,0.));
#2460=DIRECTION('ref_axis',(-0.961049569248641,0.,0.276376058020592));
#2461=DIRECTION('center_axis',(0.,-1.,0.));
#2462=DIRECTION('ref_axis',(0.,0.,-1.));
#2463=DIRECTION('center_axis',(0.,-1.,0.));
#2464=DIRECTION('ref_axis',(-0.961049569248641,0.,0.276376058020592));
#2465=DIRECTION('center_axis',(0.,-1.,0.));
#2466=DIRECTION('ref_axis',(0.,0.,-1.));
#2467=DIRECTION('center_axis',(1.,0.,0.));
#2468=DIRECTION('ref_axis',(0.,0.707106781186547,-0.707106781186547));
#2469=DIRECTION('center_axis',(1.,0.,0.));
#2470=DIRECTION('ref_axis',(0.,0.707106781186547,-0.707106781186547));
#2471=DIRECTION('center_axis',(0.,-1.,0.));
#2472=DIRECTION('ref_axis',(-1.,0.,0.));
#2473=DIRECTION('',(0.,-1.,0.));
#2474=DIRECTION('center_axis',(0.,1.,0.));
#2475=DIRECTION('ref_axis',(-1.,0.,0.));
#2476=DIRECTION('',(0.,1.,0.));
#2477=DIRECTION('center_axis',(0.,1.,0.));
#2478=DIRECTION('ref_axis',(-1.,0.,0.));
#2479=DIRECTION('center_axis',(1.,0.,0.));
#2480=DIRECTION('ref_axis',(0.,0.707106781186548,-0.707106781186548));
#2481=DIRECTION('center_axis',(-0.707106781186553,0.,-0.707106781186542));
#2482=DIRECTION('ref_axis',(0.707106781186543,0.,-0.707106781186553));
#2483=DIRECTION('center_axis',(0.707106781186548,-0.707106781186548,0.));
#2484=DIRECTION('ref_axis',(0.707106781186547,0.707106781186547,-4.9065389333868E-17));
#2485=DIRECTION('',(-1.,0.,0.));
#2486=DIRECTION('center_axis',(0.,1.,0.));
#2487=DIRECTION('ref_axis',(0.707106781186554,0.,-0.707106781186541));
#2488=DIRECTION('',(0.,-1.,0.));
#2489=DIRECTION('center_axis',(0.,1.,0.));
#2490=DIRECTION('ref_axis',(0.707106781186554,0.,-0.707106781186541));
#2491=DIRECTION('',(0.,1.,0.));
#2492=DIRECTION('center_axis',(1.,0.,0.));
#2493=DIRECTION('ref_axis',(0.,0.,-1.));
#2494=DIRECTION('',(0.,0.,-1.));
#2495=DIRECTION('',(0.,0.,-1.));
#2496=DIRECTION('center_axis',(0.,-1.,0.));
#2497=DIRECTION('ref_axis',(0.467256718486064,0.,-0.884121687908195));
#2498=DIRECTION('',(0.,1.,0.));
#2499=DIRECTION('center_axis',(0.,1.,0.));
#2500=DIRECTION('ref_axis',(0.467256718486064,0.,-0.884121687908195));
#2501=DIRECTION('center_axis',(1.,0.,0.));
#2502=DIRECTION('ref_axis',(0.,-0.70710678118656,-0.707106781186535));
#2503=DIRECTION('center_axis',(-0.707106781186553,0.,-0.707106781186542));
#2504=DIRECTION('ref_axis',(0.707106781186542,-4.90653893338683E-17,-0.707106781186553));
#2505=DIRECTION('',(-1.,0.,0.));
#2506=DIRECTION('center_axis',(0.,0.,-1.));
#2507=DIRECTION('ref_axis',(0.,1.,0.));
#2508=DIRECTION('',(0.,-1.,0.));
#2509=DIRECTION('',(-1.,0.,0.));
#2510=DIRECTION('center_axis',(0.,0.,1.));
#2511=DIRECTION('ref_axis',(-1.,0.,0.));
#2512=DIRECTION('',(0.,0.,1.));
#2513=DIRECTION('center_axis',(0.,1.,0.));
#2514=DIRECTION('ref_axis',(-1.,0.,0.));
#2515=DIRECTION('center_axis',(1.,0.,0.));
#2516=DIRECTION('ref_axis',(0.,0.,-1.));
#2517=DIRECTION('',(0.,-1.,0.));
#2518=DIRECTION('center_axis',(-1.,0.,0.));
#2519=DIRECTION('ref_axis',(0.,0.707106781186548,-0.707106781186548));
#2520=DIRECTION('',(0.,0.,-1.));
#2521=DIRECTION('center_axis',(0.,-1.,0.));
#2522=DIRECTION('ref_axis',(0.,0.,-1.));
#2523=DIRECTION('',(-1.,0.,0.));
#2524=DIRECTION('',(0.,0.,-1.));
#2525=DIRECTION('center_axis',(0.,0.,-1.));
#2526=DIRECTION('ref_axis',(0.707106781186543,-0.707106781186552,0.));
#2527=DIRECTION('center_axis',(0.,-8.88178419700128E-15,-1.));
#2528=DIRECTION('ref_axis',(1.,0.,0.));
#2529=DIRECTION('center_axis',(1.,0.,0.));
#2530=DIRECTION('ref_axis',(0.,0.,-1.));
#2531=DIRECTION('',(1.,0.,0.));
#2532=DIRECTION('center_axis',(-1.,0.,0.));
#2533=DIRECTION('ref_axis',(0.,0.,-1.));
#2534=DIRECTION('',(-1.,0.,0.));
#2535=DIRECTION('center_axis',(0.,1.,0.));
#2536=DIRECTION('ref_axis',(0.707106781186543,0.,-0.707106781186552));
#2537=DIRECTION('center_axis',(0.,-1.,8.88178419700128E-15));
#2538=DIRECTION('ref_axis',(0.,-8.88178419700128E-15,-1.));
#2539=DIRECTION('center_axis',(-1.,0.,0.));
#2540=DIRECTION('ref_axis',(0.,0.,1.));
#2541=DIRECTION('center_axis',(0.,8.88178419700128E-15,-1.));
#2542=DIRECTION('ref_axis',(0.,1.,8.88178419700128E-15));
#2543=DIRECTION('center_axis',(0.,0.,1.));
#2544=DIRECTION('ref_axis',(0.707106781186543,0.707106781186552,0.));
#2545=DIRECTION('center_axis',(-1.,0.,0.));
#2546=DIRECTION('ref_axis',(0.,0.,1.));
#2547=DIRECTION('center_axis',(1.,0.,0.));
#2548=DIRECTION('ref_axis',(0.,-0.707106781186547,-0.707106781186547));
#2549=DIRECTION('center_axis',(1.,0.,0.));
#2550=DIRECTION('ref_axis',(0.,-0.707106781186547,-0.707106781186547));
#2551=DIRECTION('center_axis',(0.,0.,1.));
#2552=DIRECTION('ref_axis',(0.,-1.,0.));
#2553=CARTESIAN_POINT('',(0.,0.,0.));
#2554=CARTESIAN_POINT('Origin',(47.1673348835087,-99.7381088751737,57.5));
#2555=CARTESIAN_POINT('',(-25.,-99.7381088751737,57.5));
#2556=CARTESIAN_POINT('',(-25.,-99.7381088751737,57.3));
#2557=CARTESIAN_POINT('',(-25.,-99.7381088751737,52.5));
#2558=CARTESIAN_POINT('',(-72.8326651164913,-99.7381088751737,57.5));
#2559=CARTESIAN_POINT('',(47.1673348835087,-99.7381088751737,57.5));
#2560=CARTESIAN_POINT('',(-72.8326651164913,-99.7381088751737,57.3));
#2561=CARTESIAN_POINT('',(-72.8326651164913,-99.7381088751737,57.5));
#2562=CARTESIAN_POINT('',(47.1673348835087,-99.7381088751737,57.3));
#2563=CARTESIAN_POINT('Origin',(47.1673348835087,-99.7381088751737,57.5));
#2564=CARTESIAN_POINT('',(0.,-99.7381088751737,57.3));
#2565=CARTESIAN_POINT('',(0.,-99.7381088751737,57.5));
#2566=CARTESIAN_POINT('',(0.,-99.7381088751737,52.5));
#2567=CARTESIAN_POINT('',(47.1673348835087,-99.7381088751737,57.3));
#2568=CARTESIAN_POINT('',(47.1673348835087,-99.7381088751737,57.3));
#2569=CARTESIAN_POINT('',(47.1673348835087,-99.7381088751737,57.5));
#2570=CARTESIAN_POINT('',(47.1673348835087,-99.7381088751737,57.5));
#2571=CARTESIAN_POINT('',(47.1673348835087,-99.7381088751737,57.5));
#2572=CARTESIAN_POINT('Origin',(-12.8326651164913,0.261891124826334,57.3));
#2573=CARTESIAN_POINT('',(-46.5,5.91645678915759E-30,57.3));
#2574=CARTESIAN_POINT('Origin',(-45.,5.91645678915759E-30,57.3));
#2575=CARTESIAN_POINT('Origin',(-12.8326651164913,0.261891124826334,57.3));
#2576=CARTESIAN_POINT('',(21.5,1.83697019872103E-16,57.3));
#2577=CARTESIAN_POINT('Origin',(20.,0.,57.3));
#2578=CARTESIAN_POINT('Origin',(47.1673348835087,100.261891124826,57.5));
#2579=CARTESIAN_POINT('',(47.1673348835087,100.261891124826,57.5));
#2580=CARTESIAN_POINT('',(47.1673348835087,100.261891124826,57.5));
#2581=CARTESIAN_POINT('',(47.1673348835087,100.261891124826,57.3));
#2582=CARTESIAN_POINT('',(47.1673348835087,100.261891124826,57.3));
#2583=CARTESIAN_POINT('',(47.1673348835087,100.261891124826,57.5));
#2584=CARTESIAN_POINT('Origin',(-72.8326651164913,100.261891124826,57.5));
#2585=CARTESIAN_POINT('',(-72.8326651164913,100.261891124826,57.5));
#2586=CARTESIAN_POINT('',(-72.8326651164913,100.261891124826,57.5));
#2587=CARTESIAN_POINT('',(-72.8326651164913,100.261891124826,57.3));
#2588=CARTESIAN_POINT('',(-72.8326651164913,100.261891124826,57.3));
#2589=CARTESIAN_POINT('',(-72.8326651164913,100.261891124826,57.5));
#2590=CARTESIAN_POINT('Origin',(-72.8326651164913,-99.7381088751737,57.5));
#2591=CARTESIAN_POINT('',(-72.8326651164913,-99.7381088751737,57.5));
#2592=CARTESIAN_POINT('',(-72.8326651164913,-99.7381088751737,57.3));
#2593=CARTESIAN_POINT('Origin',(47.1673348835087,-99.7381088751737,57.5));
#2594=CARTESIAN_POINT('',(-10.,-99.7381088751737,57.5));
#2595=CARTESIAN_POINT('',(-10.,-99.7381088751737,57.3));
#2596=CARTESIAN_POINT('',(-10.,-99.7381088751737,52.5));
#2597=CARTESIAN_POINT('',(-15.,-99.7381088751737,57.5));
#2598=CARTESIAN_POINT('',(47.1673348835087,-99.7381088751737,57.5));
#2599=CARTESIAN_POINT('',(-15.,-99.7381088751737,57.3));
#2600=CARTESIAN_POINT('',(-15.,-99.7381088751737,52.5));
#2601=CARTESIAN_POINT('',(47.1673348835087,-99.7381088751737,57.3));
#2602=CARTESIAN_POINT('Origin',(-12.8326651164913,0.261891124826334,57.3));
#2603=CARTESIAN_POINT('',(-10.,99.9999999999999,57.3));
#2604=CARTESIAN_POINT('',(-10.,0.130945562413132,57.3));
#2605=CARTESIAN_POINT('',(-15.,100.,57.3));
#2606=CARTESIAN_POINT('',(-15.,0.130945562413203,57.3));
#2607=CARTESIAN_POINT('',(-25.,100.,57.3));
#2608=CARTESIAN_POINT('',(-18.9163325582456,100.,57.3));
#2609=CARTESIAN_POINT('',(-25.,50.,57.3));
#2610=CARTESIAN_POINT('',(-25.,0.130945562413204,57.3));
#2611=CARTESIAN_POINT('',(-62.,50.,57.3));
#2612=CARTESIAN_POINT('',(-18.9163325582457,50.,57.3));
#2613=CARTESIAN_POINT('',(-62.,-50.,57.3));
#2614=CARTESIAN_POINT('',(-62.,0.13094556241317,57.3));
#2615=CARTESIAN_POINT('',(-25.,-50.,57.3));
#2616=CARTESIAN_POINT('',(-18.9163325582457,-50.,57.3));
#2617=CARTESIAN_POINT('',(-25.,0.130945562413204,57.3));
#2618=CARTESIAN_POINT('',(0.,-50.,57.3));
#2619=CARTESIAN_POINT('',(0.,0.130945562413132,57.3));
#2620=CARTESIAN_POINT('',(37.,-50.,57.3));
#2621=CARTESIAN_POINT('',(-6.41633255824566,-50.,57.3));
#2622=CARTESIAN_POINT('',(37.,50.,57.3));
#2623=CARTESIAN_POINT('',(37.,0.130945562413167,57.3));
#2624=CARTESIAN_POINT('',(0.,50.,57.3));
#2625=CARTESIAN_POINT('',(-6.41633255824566,50.,57.3));
#2626=CARTESIAN_POINT('',(0.,99.9999999999999,57.3));
#2627=CARTESIAN_POINT('',(0.,0.130945562413132,57.3));
#2628=CARTESIAN_POINT('',(-6.41633255824566,99.9999999999999,57.3));
#2629=CARTESIAN_POINT('Origin',(-25.,7.105427357601E-14,47.5));
#2630=CARTESIAN_POINT('',(-25.,-50.,37.5));
#2631=CARTESIAN_POINT('',(-25.,-50.,57.5));
#2632=CARTESIAN_POINT('',(-25.,-99.9999999999999,37.5));
#2633=CARTESIAN_POINT('',(-25.,-99.9999999999999,37.5));
#2634=CARTESIAN_POINT('',(-25.,-99.9999999999999,57.5));
#2635=CARTESIAN_POINT('',(-25.,-99.9999999999999,57.5));
#2636=CARTESIAN_POINT('',(-25.,100.,57.5));
#2637=CARTESIAN_POINT('Origin',(-25.,-50.,-57.5));
#2638=CARTESIAN_POINT('',(-62.,-50.,54.5));
#2639=CARTESIAN_POINT('',(-62.,-50.,57.5));
#2640=CARTESIAN_POINT('',(-28.,-50.,54.5));
#2641=CARTESIAN_POINT('',(-25.,-50.,54.5));
#2642=CARTESIAN_POINT('',(-28.,-50.,-37.5));
#2643=CARTESIAN_POINT('',(-28.,-50.,-28.75));
#2644=CARTESIAN_POINT('',(-25.,-50.,-37.5));
#2645=CARTESIAN_POINT('',(-25.,-50.,-37.5));
#2646=CARTESIAN_POINT('',(-25.,-50.,57.5));
#2647=CARTESIAN_POINT('Ctrl Pts',(-27.9999999982822,-20.4827045027954,-57.5));
#2648=CARTESIAN_POINT('Ctrl Pts',(-28.9341177224654,-22.0312287250383,-57.5));
#2649=CARTESIAN_POINT('Ctrl Pts',(-29.6956810900888,-25.2583995031023,-57.5));
#2650=CARTESIAN_POINT('Ctrl Pts',(-28.7005882914196,-28.3559023305224,-57.5));
#2651=CARTESIAN_POINT('Ctrl Pts',(-27.9999999982822,-29.5172954972046,-57.5));
#2652=CARTESIAN_POINT('Ctrl Pts',(-28.1143764442011,-20.4137090916631,-57.5));
#2653=CARTESIAN_POINT('Ctrl Pts',(-29.063084776817,-21.985742195334,-57.5000120274079));
#2654=CARTESIAN_POINT('Ctrl Pts',(-29.8366832063486,-25.2623650395844,-57.5000181532744));
#2655=CARTESIAN_POINT('Ctrl Pts',(-28.825907693663,-28.4072660805837,-57.5000090205559));
#2656=CARTESIAN_POINT('Ctrl Pts',(-28.1143764442011,-29.5862909083369,-57.5));
#2657=CARTESIAN_POINT('Ctrl Pts',(-28.3420021397298,-20.2763982290891,-57.386787245547));
#2658=CARTESIAN_POINT('Ctrl Pts',(-29.3195896608577,-21.8950148358436,-57.3861636645363));
#2659=CARTESIAN_POINT('Ctrl Pts',(-30.1170470984167,-25.2703923235809,-57.3856414955198));
#2660=CARTESIAN_POINT('Ctrl Pts',(-29.0751927805757,-28.509639315845,-57.386319559789));
#2661=CARTESIAN_POINT('Ctrl Pts',(-28.3420021397298,-29.7236017709109,-57.386787245547));
#2662=CARTESIAN_POINT('Ctrl Pts',(-28.4315859088742,-20.2223585277044,-57.117456005256));
#2663=CARTESIAN_POINT('Ctrl Pts',(-29.4200808164802,-21.8600328105629,-57.1157037637224));
#2664=CARTESIAN_POINT('Ctrl Pts',(-30.2261658002522,-25.2732395642449,-57.1142399317065));
#2665=CARTESIAN_POINT('Ctrl Pts',(-29.1729570895787,-28.5493857601517,-57.1161418241058));
#2666=CARTESIAN_POINT('Ctrl Pts',(-28.4315859088742,-29.7776414722956,-57.117456005256));
#2667=CARTESIAN_POINT('Ctrl Pts',(-28.4279143402086,-20.2245733315265,-56.9839496295059));
#2668=CARTESIAN_POINT('Ctrl Pts',(-29.4153322199245,-21.8615846521833,-56.981870090193));
#2669=CARTESIAN_POINT('Ctrl Pts',(-30.2203478007613,-25.2731651889938,-56.9801374496851));
#2670=CARTESIAN_POINT('Ctrl Pts',(-29.1684777499955,-28.5476681779809,-56.9823899750212));
#2671=CARTESIAN_POINT('Ctrl Pts',(-28.4279143402086,-29.7754266684735,-56.9839496295059));
#2672=CARTESIAN_POINT('',(-27.9999999982822,-20.4827045027954,-57.5));
#2673=CARTESIAN_POINT('',(-28.5,-20.3456519978073,-57.));
#2674=CARTESIAN_POINT('Ctrl Pts',(-28.0000000000009,-20.4827045056446,-57.5));
#2675=CARTESIAN_POINT('Ctrl Pts',(-28.0010566747633,-20.4824104736979,-57.5));
#2676=CARTESIAN_POINT('Ctrl Pts',(-28.0021133194072,-20.4821164905272,-57.4999964576691));
#2677=CARTESIAN_POINT('Ctrl Pts',(-28.0031699193581,-20.4818225596942,-57.4999893815234));
#2678=CARTESIAN_POINT('Ctrl Pts',(-28.0294923751825,-20.4745000329797,-57.4998130976516));
#2679=CARTESIAN_POINT('Ctrl Pts',(-28.0557428375438,-20.4672220602672,-57.4974484054211));
#2680=CARTESIAN_POINT('Ctrl Pts',(-28.0816967363556,-20.4600438614009,-57.4930207053969));
#2681=CARTESIAN_POINT('Ctrl Pts',(-28.093060987131,-20.4569007940481,-57.4910819795894));
#2682=CARTESIAN_POINT('Ctrl Pts',(-28.1043683080415,-20.4537768337273,-57.4887470376924));
#2683=CARTESIAN_POINT('Ctrl Pts',(-28.1155991507402,-20.4506767343243,-57.4860233725275));
#2684=CARTESIAN_POINT('Ctrl Pts',(-28.1412801170141,-20.4435879031162,-57.4797953133232));
#2685=CARTESIAN_POINT('Ctrl Pts',(-28.1664739955994,-20.4366479624306,-57.4715594603447));
#2686=CARTESIAN_POINT('Ctrl Pts',(-28.1909475944268,-20.4299164286008,-57.4614117349903));
#2687=CARTESIAN_POINT('Ctrl Pts',(-28.2014865655623,-20.4270176542428,-57.4570418592987));
#2688=CARTESIAN_POINT('Ctrl Pts',(-28.2118917355944,-20.4241576138525,-57.4523168446417));
#2689=CARTESIAN_POINT('Ctrl Pts',(-28.2221430748913,-20.4213416721157,-57.4472417809694));
#2690=CARTESIAN_POINT('Ctrl Pts',(-28.2456665288297,-20.4148800114663,-57.4355961780804));
#2691=CARTESIAN_POINT('Ctrl Pts',(-28.2682544514017,-20.4086851236945,-57.4221734586979));
#2692=CARTESIAN_POINT('Ctrl Pts',(-28.28967904867,-20.4028211197591,-57.4070608343861));
#2693=CARTESIAN_POINT('Ctrl Pts',(-28.3103165077695,-20.3971725589082,-57.3925034468088));
#2694=CARTESIAN_POINT('Ctrl Pts',(-28.3298753488138,-20.3918304961317,-57.3763773451501));
#2695=CARTESIAN_POINT('Ctrl Pts',(-28.3481229063686,-20.3868677974915,-57.3587256008012));
#2696=CARTESIAN_POINT('Ctrl Pts',(-28.3518501339187,-20.3858541217138,-57.3551200734506));
#2697=CARTESIAN_POINT('Ctrl Pts',(-28.3555225297738,-20.3848563419779,-57.3514507928677));
#2698=CARTESIAN_POINT('Ctrl Pts',(-28.3591379086391,-20.3838751930518,-57.3477179770612));
#2699=CARTESIAN_POINT('Ctrl Pts',(-28.3645272020306,-20.382412635566,-57.342153625355));
#2700=CARTESIAN_POINT('Ctrl Pts',(-28.3697898124601,-20.3809870250516,-57.3364480959122));
#2701=CARTESIAN_POINT('Ctrl Pts',(-28.3749221702158,-20.3795986272522,-57.3306064227721));
#2702=CARTESIAN_POINT('Ctrl Pts',(-28.3921625355277,-20.374934789227,-57.3109833598911));
#2703=CARTESIAN_POINT('Ctrl Pts',(-28.4078007132135,-20.3707258236458,-57.2899804957406));
#2704=CARTESIAN_POINT('Ctrl Pts',(-28.4217511830802,-20.3669698424767,-57.267833390764));
#2705=CARTESIAN_POINT('Ctrl Pts',(-28.4356408859647,-20.3632302220211,-57.2457827565691));
#2706=CARTESIAN_POINT('Ctrl Pts',(-28.4478579830131,-20.3599393674174,-57.222596560086));
#2707=CARTESIAN_POINT('Ctrl Pts',(-28.4582797902675,-20.3571201803818,-57.198485772852));
#2708=CARTESIAN_POINT('Ctrl Pts',(-28.4625603974123,-20.3559622399333,-57.1885826144477));
#2709=CARTESIAN_POINT('Ctrl Pts',(-28.4665376470164,-20.3548841858826,-57.1785233291089));
#2710=CARTESIAN_POINT('Ctrl Pts',(-28.4702008853498,-20.3538890021479,-57.1683222406811));
#2711=CARTESIAN_POINT('Ctrl Pts',(-28.4791535875402,-20.3514568416411,-57.1433914831376));
#2712=CARTESIAN_POINT('Ctrl Pts',(-28.4861527123128,-20.3495395122551,-57.117839830411));
#2713=CARTESIAN_POINT('Ctrl Pts',(-28.4911138686943,-20.348165947428,-57.0919027849406));
#2714=CARTESIAN_POINT('Ctrl Pts',(-28.4959525634753,-20.3468262877904,-57.0666059716773));
#2715=CARTESIAN_POINT('Ctrl Pts',(-28.4988529036046,-20.3460037218946,-57.0409413236451));
#2716=CARTESIAN_POINT('Ctrl Pts',(-28.4996970146655,-20.3457526573327,-57.0151192611775));
#2717=CARTESIAN_POINT('Ctrl Pts',(-28.4998616107578,-20.3457037013982,-57.0100841292226));
#2718=CARTESIAN_POINT('Ctrl Pts',(-28.4999478940321,-20.3456765656138,-57.0050430187838));
#2719=CARTESIAN_POINT('Ctrl Pts',(-28.4999547966275,-20.345671788051,-56.9999975135226));
#2720=CARTESIAN_POINT('',(-27.9999999982822,-29.5172954972046,-57.5));
#2721=CARTESIAN_POINT('Ctrl Pts',(-27.9999999982822,-20.4827045027954,-57.5));
#2722=CARTESIAN_POINT('Ctrl Pts',(-28.9341177224654,-22.0312287250383,-57.5));
#2723=CARTESIAN_POINT('Ctrl Pts',(-29.6956810900888,-25.2583995031023,-57.5));
#2724=CARTESIAN_POINT('Ctrl Pts',(-28.7005882914196,-28.3559023305224,-57.5));
#2725=CARTESIAN_POINT('Ctrl Pts',(-27.9999999982822,-29.5172954972046,-57.5));
#2726=CARTESIAN_POINT('',(-28.5,-29.6543480021926,-57.));
#2727=CARTESIAN_POINT('Ctrl Pts',(-28.4999764061292,-29.6543286988747,-56.9999974565379));
#2728=CARTESIAN_POINT('Ctrl Pts',(-28.4999410809737,-29.654304208591,-57.0258293079115));
#2729=CARTESIAN_POINT('Ctrl Pts',(-28.4978283491617,-29.6536960989322,-57.0515455050693));
#2730=CARTESIAN_POINT('Ctrl Pts',(-28.4937638321572,-29.6525642884232,-57.0769361940183));
#2731=CARTESIAN_POINT('Ctrl Pts',(-28.489590275328,-29.6514021145478,-57.1030080453954));
#2732=CARTESIAN_POINT('Ctrl Pts',(-28.4833585589712,-29.6496876016332,-57.1287379675339));
#2733=CARTESIAN_POINT('Ctrl Pts',(-28.4751608214857,-29.6474550959076,-57.153893782196));
#2734=CARTESIAN_POINT('Ctrl Pts',(-28.4735864136304,-29.6470263343673,-57.1587250557369));
#2735=CARTESIAN_POINT('Ctrl Pts',(-28.4719393694837,-29.6465783828435,-57.1635351052322));
#2736=CARTESIAN_POINT('Ctrl Pts',(-28.4702201751697,-29.646111367974,-57.1683222024711));
#2737=CARTESIAN_POINT('Ctrl Pts',(-28.4613265185378,-29.6436954282182,-57.1930865928369));
#2738=CARTESIAN_POINT('Ctrl Pts',(-28.4505852318223,-29.640793108564,-57.2170155194961));
#2739=CARTESIAN_POINT('Ctrl Pts',(-28.4381356187216,-29.6374385494867,-57.239903205387));
#2740=CARTESIAN_POINT('Ctrl Pts',(-28.4255720167547,-29.6340532760104,-57.2630004513132));
#2741=CARTESIAN_POINT('Ctrl Pts',(-28.4112682431439,-29.6302071650109,-57.2850385928914));
#2742=CARTESIAN_POINT('Ctrl Pts',(-28.395325557406,-29.6259081575605,-57.3057920946363));
#2743=CARTESIAN_POINT('Ctrl Pts',(-28.3888017162152,-29.6241489783139,-57.3142845501586));
#2744=CARTESIAN_POINT('Ctrl Pts',(-28.3820029918658,-29.6223136719782,-57.3225616211812));
#2745=CARTESIAN_POINT('Ctrl Pts',(-28.3749345708331,-29.6204016492468,-57.3306064088287));
#2746=CARTESIAN_POINT('Ctrl Pts',(-28.3698017036775,-29.6190131979035,-57.3364482830038));
#2747=CARTESIAN_POINT('Ctrl Pts',(-28.3645387513664,-29.6175875729431,-57.3421538046351));
#2748=CARTESIAN_POINT('Ctrl Pts',(-28.3591493125029,-29.616125051269,-57.3477179653826));
#2749=CARTESIAN_POINT('Ctrl Pts',(-28.34148126072,-29.611330505988,-57.365958803196));
#2750=CARTESIAN_POINT('Ctrl Pts',(-28.3224569041894,-29.6061411390341,-57.382682685244));
#2751=CARTESIAN_POINT('Ctrl Pts',(-28.3023160361685,-29.600633936572,-57.3978539474283));
#2752=CARTESIAN_POINT('Ctrl Pts',(-28.2813792498365,-29.5949091028103,-57.4136247411404));
#2753=CARTESIAN_POINT('Ctrl Pts',(-28.2592351292788,-29.5888402707758,-57.4277185219512));
#2754=CARTESIAN_POINT('Ctrl Pts',(-28.2361169643584,-29.5824942962685,-57.4400581049629));
#2755=CARTESIAN_POINT('Ctrl Pts',(-28.229445630478,-29.5806630040842,-57.4436190051684));
#2756=CARTESIAN_POINT('Ctrl Pts',(-28.2226930061372,-29.5788085417542,-57.4470335544068));
#2757=CARTESIAN_POINT('Ctrl Pts',(-28.2158643280125,-29.5769323319287,-57.450299213014));
#2758=CARTESIAN_POINT('Ctrl Pts',(-28.1927017137442,-29.570568300167,-57.4613762017476));
#2759=CARTESIAN_POINT('Ctrl Pts',(-28.1687780983097,-29.5639860525182,-57.4706892848828));
#2760=CARTESIAN_POINT('Ctrl Pts',(-28.1443104921979,-29.5572421955419,-57.4781630518826));
#2761=CARTESIAN_POINT('Ctrl Pts',(-28.1371231693331,-29.5552611975962,-57.4803584598109));
#2762=CARTESIAN_POINT('Ctrl Pts',(-28.1298919769594,-29.5532670769812,-57.4823939154406));
#2763=CARTESIAN_POINT('Ctrl Pts',(-28.1226222805606,-29.5512611816516,-57.4842672524284));
#2764=CARTESIAN_POINT('Ctrl Pts',(-28.0970432161694,-29.5442032630012,-57.4908587529272));
#2765=CARTESIAN_POINT('Ctrl Pts',(-28.071041951918,-29.5370150065248,-57.49543306137));
#2766=CARTESIAN_POINT('Ctrl Pts',(-28.0448484497805,-29.5297523213631,-57.4978902911988));
#2767=CARTESIAN_POINT('Ctrl Pts',(-28.0309986243678,-29.5259121734902,-57.4991895525175));
#2768=CARTESIAN_POINT('Ctrl Pts',(-28.0170947737092,-29.5220511312027,-57.4998961255724));
#2769=CARTESIAN_POINT('Ctrl Pts',(-28.0031699202789,-29.5181774403272,-57.4999893815234));
#2770=CARTESIAN_POINT('Ctrl Pts',(-28.0021133197142,-29.5178835094799,-57.4999964576691));
#2771=CARTESIAN_POINT('Ctrl Pts',(-28.0010566747633,-29.5175895263021,-57.5));
#2772=CARTESIAN_POINT('Ctrl Pts',(-28.0000000000009,-29.5172954943554,-57.5));
#2773=CARTESIAN_POINT('',(-28.4999999999558,-29.6538263880509,-56.9837977590021));
#2774=CARTESIAN_POINT('Ctrl Pts',(-28.4999873875235,-29.6538156940999,-56.9837977902783));
#2775=CARTESIAN_POINT('Ctrl Pts',(-28.4999878319166,-29.6541639616388,-56.9892132522602));
#2776=CARTESIAN_POINT('Ctrl Pts',(-28.4999838640428,-29.6543336381763,-56.9946139051478));
#2777=CARTESIAN_POINT('Ctrl Pts',(-28.4999764061292,-29.6543286988747,-56.9999974565379));
#2778=CARTESIAN_POINT('',(-28.4999999999558,-20.3461736119491,-56.9837977590021));
#2779=CARTESIAN_POINT('Ctrl Pts',(-28.4999859308366,-29.6538181960112,-56.9837977933481));
#2780=CARTESIAN_POINT('Ctrl Pts',(-29.1977391191487,-28.455402795117,-56.9823273150458));
#2781=CARTESIAN_POINT('Ctrl Pts',(-30.1945621332344,-25.2712651624341,-56.9801927897395));
#2782=CARTESIAN_POINT('Ctrl Pts',(-29.4376416699461,-21.9576640607586,-56.9818220711459));
#2783=CARTESIAN_POINT('Ctrl Pts',(-28.4999694695156,-20.3461913780517,-56.9837978405716));
#2784=CARTESIAN_POINT('Ctrl Pts',(-28.4999547966275,-20.345671788051,-56.9999975135226));
#2785=CARTESIAN_POINT('Ctrl Pts',(-28.499962233106,-20.3456667871874,-56.9946061041123));
#2786=CARTESIAN_POINT('Ctrl Pts',(-28.4999661828692,-20.3458370446826,-56.9892054532981));
#2787=CARTESIAN_POINT('Ctrl Pts',(-28.4999656515067,-20.3461848164716,-56.9837978486165));
#2788=CARTESIAN_POINT('Ctrl Pts',(-27.6867166996409,-29.9999999942819,-57.5));
#2789=CARTESIAN_POINT('Ctrl Pts',(-26.936123394515,-31.0772026177973,-57.5));
#2790=CARTESIAN_POINT('Ctrl Pts',(-25.9396916238174,-31.9818425407146,-57.5));
#2791=CARTESIAN_POINT('Ctrl Pts',(-24.7954220027958,-32.6253762359779,-57.5));
#2792=CARTESIAN_POINT('Ctrl Pts',(-27.8228335404698,-30.0948460215852,-57.5));
#2793=CARTESIAN_POINT('Ctrl Pts',(-27.0576703667138,-31.1923440639955,-57.4999896257354));
#2794=CARTESIAN_POINT('Ctrl Pts',(-26.0422072322,-32.1136203357881,-57.5000150128689));
#2795=CARTESIAN_POINT('Ctrl Pts',(-24.8761043239221,-32.7688377667381,-57.5));
#2796=CARTESIAN_POINT('Ctrl Pts',(-27.956826047575,-30.1882118160742,-57.411267326138));
#2797=CARTESIAN_POINT('Ctrl Pts',(-27.1773733510189,-31.3056562446251,-57.4116505349034));
#2798=CARTESIAN_POINT('Ctrl Pts',(-26.1431065667013,-32.2433996986042,-57.412186876995));
#2799=CARTESIAN_POINT('Ctrl Pts',(-24.9555658318907,-32.9101285651506,-57.4127480015505));
#2800=CARTESIAN_POINT('Ctrl Pts',(-28.0308948315773,-30.2398228427996,-57.272077957258));
#2801=CARTESIAN_POINT('Ctrl Pts',(-27.2438543919899,-31.368346303553,-57.2729468158785));
#2802=CARTESIAN_POINT('Ctrl Pts',(-26.1992114900428,-32.315671444505,-57.2740873344385));
#2803=CARTESIAN_POINT('Ctrl Pts',(-25.,-32.9891371222426,-57.2753649590705));
#2804=CARTESIAN_POINT('',(-27.6867166996409,-29.9999999942819,-57.5));
#2805=CARTESIAN_POINT('',(-25.,-32.9891371222426,-57.2753649590705));
#2806=CARTESIAN_POINT('Ctrl Pts',(-27.686716695658,-29.999999999998,-57.5));
#2807=CARTESIAN_POINT('Ctrl Pts',(-27.6834961443657,-30.0063888942764,-57.5));
#2808=CARTESIAN_POINT('Ctrl Pts',(-27.6802670541848,-30.0127734159349,-57.4999967091838));
#2809=CARTESIAN_POINT('Ctrl Pts',(-27.6770294229644,-30.0191535521171,-57.4999901492791));
#2810=CARTESIAN_POINT('Ctrl Pts',(-27.5966032264644,-30.1776429078707,-57.4998271942835));
#2811=CARTESIAN_POINT('Ctrl Pts',(-27.5111680993049,-30.3329531351434,-57.497651382349));
#2812=CARTESIAN_POINT('Ctrl Pts',(-27.4207312868245,-30.4849567611718,-57.4937985377368));
#2813=CARTESIAN_POINT('Ctrl Pts',(-27.3290035879002,-30.639130072474,-57.4898906979878));
#2814=CARTESIAN_POINT('Ctrl Pts',(-27.2321305629948,-30.7899017953804,-57.4842573337029));
#2815=CARTESIAN_POINT('Ctrl Pts',(-27.130111321312,-30.937114336154,-57.477201327612));
#2816=CARTESIAN_POINT('Ctrl Pts',(-27.0273496947274,-31.0853981294269,-57.4700939755955));
#2817=CARTESIAN_POINT('Ctrl Pts',(-26.9193667987215,-31.2300710696523,-57.4615428885374));
#2818=CARTESIAN_POINT('Ctrl Pts',(-26.8061510366456,-31.3709443170079,-57.4518142714609));
#2819=CARTESIAN_POINT('Ctrl Pts',(-26.7519944483867,-31.4383308214473,-57.447160602222));
#2820=CARTESIAN_POINT('Ctrl Pts',(-26.6966403219196,-31.5048474543378,-57.4422368887171));
#2821=CARTESIAN_POINT('Ctrl Pts',(-26.6400864423173,-31.570470911643,-57.4370691111979));
#2822=CARTESIAN_POINT('Ctrl Pts',(-26.5016878691066,-31.7310645424258,-57.4244225334499));
#2823=CARTESIAN_POINT('Ctrl Pts',(-26.357061482118,-31.8851980836359,-57.410404853949));
#2824=CARTESIAN_POINT('Ctrl Pts',(-26.2064342117903,-32.032649284524,-57.3954655288935));
#2825=CARTESIAN_POINT('Ctrl Pts',(-26.0574298485535,-32.1785117983241,-57.3806871649741));
#2826=CARTESIAN_POINT('Ctrl Pts',(-25.9025537315509,-32.3178357244301,-57.3650067625557));
#2827=CARTESIAN_POINT('Ctrl Pts',(-25.7420063898368,-32.4504063701535,-57.3488127072014));
#2828=CARTESIAN_POINT('Ctrl Pts',(-25.5877607141965,-32.5777734669946,-57.3332542869697));
#2829=CARTESIAN_POINT('Ctrl Pts',(-25.4282806522305,-32.6989078820255,-57.3172213776904));
#2830=CARTESIAN_POINT('Ctrl Pts',(-25.2637199182916,-32.8136093740513,-57.3010191650853));
#2831=CARTESIAN_POINT('Ctrl Pts',(-25.1772114548284,-32.8739071716764,-57.2925017716365));
#2832=CARTESIAN_POINT('Ctrl Pts',(-25.0892984880641,-32.9324269733181,-57.2839369582072));
#2833=CARTESIAN_POINT('Ctrl Pts',(-25.,-32.9891371222426,-57.2753649590705));
#2834=CARTESIAN_POINT('',(-24.9999999999972,-32.5066575909061,-57.5));
#2835=CARTESIAN_POINT('Ctrl Pts',(-27.6867166996409,-29.9999999942819,-57.5));
#2836=CARTESIAN_POINT('Ctrl Pts',(-26.9812041640595,-31.0125056335692,-57.5));
#2837=CARTESIAN_POINT('Ctrl Pts',(-26.0584965735067,-31.8725543936809,-57.5));
#2838=CARTESIAN_POINT('Ctrl Pts',(-24.999976038252,-32.5066175619214,-57.5));
#2839=CARTESIAN_POINT('Ctrl Pts',(-24.9999688633971,-32.5066218597183,-57.5));
#2840=CARTESIAN_POINT('Ctrl Pts',(-24.9999744969551,-32.5368655543135,-57.5000003599113));
#2841=CARTESIAN_POINT('Ctrl Pts',(-24.999947311308,-32.5670340091655,-57.497836320301));
#2842=CARTESIAN_POINT('Ctrl Pts',(-24.999909685786,-32.5968958457833,-57.4936160748154));
#2843=CARTESIAN_POINT('Ctrl Pts',(-24.999872546846,-32.6263715021136,-57.489450406536));
#2844=CARTESIAN_POINT('Ctrl Pts',(-24.9998258356286,-32.6555493936549,-57.4832807178812));
#2845=CARTESIAN_POINT('Ctrl Pts',(-24.9997884227899,-32.6841867443047,-57.4751662232631));
#2846=CARTESIAN_POINT('Ctrl Pts',(-24.9997545393143,-32.7101225729369,-57.467817214466));
#2847=CARTESIAN_POINT('Ctrl Pts',(-24.9997285922254,-32.7356153703086,-57.4588721920874));
#2848=CARTESIAN_POINT('Ctrl Pts',(-24.999716385037,-32.7604597850008,-57.448349182173));
#2849=CARTESIAN_POINT('Ctrl Pts',(-24.9997038996873,-32.7858703212325,-57.4375863878787));
#2850=CARTESIAN_POINT('Ctrl Pts',(-24.9997022017616,-32.8105231596481,-57.4252081436159));
#2851=CARTESIAN_POINT('Ctrl Pts',(-24.9997210647782,-32.8341826105698,-57.4112334036622));
#2852=CARTESIAN_POINT('Ctrl Pts',(-24.9997386763002,-32.8562723402925,-57.3981858384612));
#2853=CARTESIAN_POINT('Ctrl Pts',(-24.9997744898236,-32.8774964744669,-57.3837460090986));
#2854=CARTESIAN_POINT('Ctrl Pts',(-24.9998199634272,-32.8976273775734,-57.3679102940552));
#2855=CARTESIAN_POINT('Ctrl Pts',(-24.9998584638027,-32.9146712726462,-57.3545029340289));
#2856=CARTESIAN_POINT('Ctrl Pts',(-24.9999037831543,-32.9309311883876,-57.3400945502594));
#2857=CARTESIAN_POINT('Ctrl Pts',(-24.9999380659702,-32.9462435629815,-57.3246753587252));
#2858=CARTESIAN_POINT('Ctrl Pts',(-24.9999725551739,-32.9616481204093,-57.3091633413029));
#2859=CARTESIAN_POINT('Ctrl Pts',(-25.0000001902836,-32.9759969969152,-57.2927231034146));
#2860=CARTESIAN_POINT('Ctrl Pts',(-25.,-32.9891371222426,-57.2753649590705));
#2861=CARTESIAN_POINT('Origin',(-25.,-34.25,-57.5));
#2862=CARTESIAN_POINT('',(-28.5,-34.25,54.));
#2863=CARTESIAN_POINT('',(-28.5,-34.25,5.59268724391726));
#2864=CARTESIAN_POINT('',(-28.5,-34.25,-28.75));
#2865=CARTESIAN_POINT('',(-50.5607976278798,-34.25,54.));
#2866=CARTESIAN_POINT('',(-25.,-34.25,54.));
#2867=CARTESIAN_POINT('Origin',(-214.625,-34.25,-50.));
#2868=CARTESIAN_POINT('Origin',(-214.625,-25.,-50.));
#2869=CARTESIAN_POINT('',(-28.5,-15.75,5.59268724391726));
#2870=CARTESIAN_POINT('Ctrl Pts',(-28.5,-20.3461736121004,-56.9837977590118));
#2871=CARTESIAN_POINT('Ctrl Pts',(-28.5,-20.4999775827475,-54.5958165273692));
#2872=CARTESIAN_POINT('Ctrl Pts',(-28.5,-20.5788152040431,-52.2560313589277));
#2873=CARTESIAN_POINT('Ctrl Pts',(-28.5,-20.5788152040431,-47.1877096533508));
#2874=CARTESIAN_POINT('Ctrl Pts',(-28.5,-20.4536066067572,-44.2454452506223));
#2875=CARTESIAN_POINT('Ctrl Pts',(-28.5,-19.985784092765,-38.2375691766303));
#2876=CARTESIAN_POINT('Ctrl Pts',(-28.5,-19.6491932639797,-35.1714900170124));
#2877=CARTESIAN_POINT('Ctrl Pts',(-28.5,-18.9046575503621,-29.0438076389372));
#2878=CARTESIAN_POINT('Ctrl Pts',(-28.5,-18.4985204300629,-25.9815667306551));
#2879=CARTESIAN_POINT('Ctrl Pts',(-28.5,-17.7269689794523,-19.9901658888727));
#2880=CARTESIAN_POINT('Ctrl Pts',(-28.5,-17.3614904967387,-17.0610142168667));
#2881=CARTESIAN_POINT('Ctrl Pts',(-28.5,-16.7016791801232,-11.1727379237167));
#2882=CARTESIAN_POINT('Ctrl Pts',(-28.5,-16.3646103460514,-7.76530756786961));
#2883=CARTESIAN_POINT('Ctrl Pts',(-28.5,-15.8865770055755,-0.939167373950101));
#2884=CARTESIAN_POINT('Ctrl Pts',(-28.5,-15.75,2.47984901153916));
#2885=CARTESIAN_POINT('Ctrl Pts',(-28.5,-15.75,5.59268724391727));
#2886=CARTESIAN_POINT('Ctrl Pts',(-28.5,-34.25,5.59268724391727));
#2887=CARTESIAN_POINT('Ctrl Pts',(-28.5,-34.25,2.47984901153916));
#2888=CARTESIAN_POINT('Ctrl Pts',(-28.5,-34.1134229944245,-0.939167373950101));
#2889=CARTESIAN_POINT('Ctrl Pts',(-28.5,-33.6353896539486,-7.76530756786961));
#2890=CARTESIAN_POINT('Ctrl Pts',(-28.5,-33.2983208198768,-11.1727379237167));
#2891=CARTESIAN_POINT('Ctrl Pts',(-28.5,-32.6385095032613,-17.0610142168667));
#2892=CARTESIAN_POINT('Ctrl Pts',(-28.5,-32.2730310205477,-19.9901658888727));
#2893=CARTESIAN_POINT('Ctrl Pts',(-28.5,-31.501479569937,-25.9815667306551));
#2894=CARTESIAN_POINT('Ctrl Pts',(-28.5,-31.0953424496379,-29.0438076389372));
#2895=CARTESIAN_POINT('Ctrl Pts',(-28.5,-30.3508067360203,-35.1714900170124));
#2896=CARTESIAN_POINT('Ctrl Pts',(-28.5,-30.014215907235,-38.2375691766303));
#2897=CARTESIAN_POINT('Ctrl Pts',(-28.5,-29.5463933932427,-44.2454452506223));
#2898=CARTESIAN_POINT('Ctrl Pts',(-28.5,-29.4211847959568,-47.1877096533508));
#2899=CARTESIAN_POINT('Ctrl Pts',(-28.5,-29.4211847959568,-50.));
#2900=CARTESIAN_POINT('Ctrl Pts',(-28.5,-29.4211847959568,-52.2560313599581));
#2901=CARTESIAN_POINT('Ctrl Pts',(-28.5,-29.5000224170364,-54.5958165240142));
#2902=CARTESIAN_POINT('Ctrl Pts',(-28.5,-29.6538263878996,-56.9837977590118));
#2903=CARTESIAN_POINT('',(-61.3605227066624,-26.9999344220217,54.));
#2904=CARTESIAN_POINT('Ctrl Pts',(-61.3605227066624,-26.9999344220217,54.));
#2905=CARTESIAN_POINT('Ctrl Pts',(-61.2366547544785,-27.4627901387261,54.));
#2906=CARTESIAN_POINT('Ctrl Pts',(-61.0705204444931,-27.9088303245069,54.));
#2907=CARTESIAN_POINT('Ctrl Pts',(-60.6359478491705,-28.8483418947171,54.));
#2908=CARTESIAN_POINT('Ctrl Pts',(-60.3031138058953,-29.4071516787054,54.));
#2909=CARTESIAN_POINT('Ctrl Pts',(-59.5217309515868,-30.4387285279293,54.));
#2910=CARTESIAN_POINT('Ctrl Pts',(-59.0737405974451,-30.9119184855187,54.));
#2911=CARTESIAN_POINT('Ctrl Pts',(-58.1362755996664,-31.7486515037569,54.));
#2912=CARTESIAN_POINT('Ctrl Pts',(-57.5513354063118,-32.1792875453673,54.));
#2913=CARTESIAN_POINT('Ctrl Pts',(-56.3063832376632,-32.9156692692234,54.));
#2914=CARTESIAN_POINT('Ctrl Pts',(-55.646661749559,-33.2219059485705,54.));
#2915=CARTESIAN_POINT('Ctrl Pts',(-54.3548449111873,-33.7028114056439,54.));
#2916=CARTESIAN_POINT('Ctrl Pts',(-53.5985488448034,-33.9135042610633,54.));
#2917=CARTESIAN_POINT('Ctrl Pts',(-52.0593795480008,-34.1870219793384,54.));
#2918=CARTESIAN_POINT('Ctrl Pts',(-51.2765335383843,-34.25,54.));
#2919=CARTESIAN_POINT('Ctrl Pts',(-50.5607976278798,-34.25,54.));
#2920=CARTESIAN_POINT('',(-61.7736345052968,-25.,54.2183288409704));
#2921=CARTESIAN_POINT('Ctrl Pts',(-61.7736345052967,-25.,54.2183288409704));
#2922=CARTESIAN_POINT('Ctrl Pts',(-61.7732753153575,-25.0027461467671,54.2178020365848));
#2923=CARTESIAN_POINT('Ctrl Pts',(-61.7729151177058,-25.0054922937993,54.217275919215));
#2924=CARTESIAN_POINT('Ctrl Pts',(-61.7327810278993,-25.3106225573772,54.1588945381058));
#2925=CARTESIAN_POINT('Ctrl Pts',(-61.6807602571477,-25.6132323478292,54.1093254786076));
#2926=CARTESIAN_POINT('Ctrl Pts',(-61.5450349359854,-26.2780837071166,54.0272842167838));
#2927=CARTESIAN_POINT('Ctrl Pts',(-61.4564632843802,-26.6414345511701,54.));
#2928=CARTESIAN_POINT('Ctrl Pts',(-61.3605227066624,-26.9999344220217,54.));
#2929=CARTESIAN_POINT('',(-61.3605227066624,-23.0000655779783,54.));
#2930=CARTESIAN_POINT('Ctrl Pts',(-61.3605227066624,-23.0000655779783,54.));
#2931=CARTESIAN_POINT('Ctrl Pts',(-61.39126814344,-23.1149516394993,54.));
#2932=CARTESIAN_POINT('Ctrl Pts',(-61.4212541685812,-23.2302077306045,54.0028328523534));
#2933=CARTESIAN_POINT('Ctrl Pts',(-61.5864365227012,-23.8888850460465,54.032934603141));
#2934=CARTESIAN_POINT('Ctrl Pts',(-61.6999759319512,-24.4399678354385,54.1111743376951));
#2935=CARTESIAN_POINT('Ctrl Pts',(-61.7729151177058,-24.9945077062007,54.217275919215));
#2936=CARTESIAN_POINT('Ctrl Pts',(-61.7732753153575,-24.9972538532329,54.2178020365848));
#2937=CARTESIAN_POINT('Ctrl Pts',(-61.7736345052967,-25.,54.2183288409704));
#2938=CARTESIAN_POINT('',(-50.5607976278798,-15.75,54.));
#2939=CARTESIAN_POINT('Ctrl Pts',(-50.5607976278798,-15.75,54.));
#2940=CARTESIAN_POINT('Ctrl Pts',(-51.2765335383843,-15.75,54.));
#2941=CARTESIAN_POINT('Ctrl Pts',(-52.0593795480008,-15.8129780206616,54.));
#2942=CARTESIAN_POINT('Ctrl Pts',(-53.5985488448034,-16.0864957389367,54.));
#2943=CARTESIAN_POINT('Ctrl Pts',(-54.3548449111873,-16.2971885943561,54.));
#2944=CARTESIAN_POINT('Ctrl Pts',(-55.646661749559,-16.7780940514295,54.));
#2945=CARTESIAN_POINT('Ctrl Pts',(-56.3063832376632,-17.0843307307765,54.));
#2946=CARTESIAN_POINT('Ctrl Pts',(-57.5513354063118,-17.8207124546327,54.));
#2947=CARTESIAN_POINT('Ctrl Pts',(-58.1362755996664,-18.2513484962431,54.));
#2948=CARTESIAN_POINT('Ctrl Pts',(-59.0737405974451,-19.0880815144812,54.));
#2949=CARTESIAN_POINT('Ctrl Pts',(-59.5217309515868,-19.5612714720707,54.));
#2950=CARTESIAN_POINT('Ctrl Pts',(-60.3031138058953,-20.5928483212946,54.));
#2951=CARTESIAN_POINT('Ctrl Pts',(-60.6359478491705,-21.1516581052829,54.));
#2952=CARTESIAN_POINT('Ctrl Pts',(-61.0705204444931,-22.0911696754931,54.));
#2953=CARTESIAN_POINT('Ctrl Pts',(-61.2366547544785,-22.5372098612739,54.));
#2954=CARTESIAN_POINT('Ctrl Pts',(-61.3605227066624,-23.0000655779783,54.));
#2955=CARTESIAN_POINT('Origin',(-214.625,-15.75,-50.));
#2956=CARTESIAN_POINT('Origin',(-25.,-15.75,57.5));
#2957=CARTESIAN_POINT('',(-28.5,-15.75,54.));
#2958=CARTESIAN_POINT('',(-28.5,-15.75,28.75));
#2959=CARTESIAN_POINT('',(-25.,-15.75,54.));
#2960=CARTESIAN_POINT('Origin',(-25.,50.,-57.5));
#2961=CARTESIAN_POINT('',(-27.9999999982822,20.4827045027955,-57.5));
#2962=CARTESIAN_POINT('',(-28.,25.,-57.5));
#2963=CARTESIAN_POINT('',(-27.9999999982821,29.5172954972045,-57.5));
#2964=CARTESIAN_POINT('Ctrl Pts',(-27.9999999982821,29.5172954972045,-57.5));
#2965=CARTESIAN_POINT('Ctrl Pts',(-28.7005882914197,28.3559023305221,-57.5));
#2966=CARTESIAN_POINT('Ctrl Pts',(-29.6956810900886,25.2583995031022,-57.5));
#2967=CARTESIAN_POINT('Ctrl Pts',(-28.9341177224655,22.0312287250387,-57.5));
#2968=CARTESIAN_POINT('Ctrl Pts',(-27.9999999982822,20.4827045027955,-57.5));
#2969=CARTESIAN_POINT('',(-28.,30.,-57.5));
#2970=CARTESIAN_POINT('',(-28.,25.,-57.5));
#2971=CARTESIAN_POINT('',(-27.6867166996409,29.9999999942819,-57.5));
#2972=CARTESIAN_POINT('',(-25.,30.,-57.5));
#2973=CARTESIAN_POINT('',(-24.9999999999972,32.5066575909061,-57.5));
#2974=CARTESIAN_POINT('Ctrl Pts',(-24.999976038252,32.5066175619214,-57.5));
#2975=CARTESIAN_POINT('Ctrl Pts',(-26.0584965735065,31.8725543936809,-57.5));
#2976=CARTESIAN_POINT('Ctrl Pts',(-26.9812041640591,31.0125056335697,-57.5));
#2977=CARTESIAN_POINT('Ctrl Pts',(-27.6867166996409,29.9999999942819,-57.5));
#2978=CARTESIAN_POINT('',(-25.,34.25,-57.5));
#2979=CARTESIAN_POINT('',(-28.,-30.,-57.5));
#2980=CARTESIAN_POINT('',(-25.,-30.,-57.5));
#2981=CARTESIAN_POINT('',(-28.,25.,-57.5));
#2982=CARTESIAN_POINT('Origin',(-28.,25.,-57.));
#2983=CARTESIAN_POINT('',(-28.5,-30.,-57.));
#2984=CARTESIAN_POINT('Origin',(-28.,-30.,-57.));
#2985=CARTESIAN_POINT('',(-28.5,25.,-57.));
#2986=CARTESIAN_POINT('Origin',(-28.,25.,-57.));
#2987=CARTESIAN_POINT('',(-28.5,20.3456519978075,-57.));
#2988=CARTESIAN_POINT('',(-28.5,25.,-57.));
#2989=CARTESIAN_POINT('Ctrl Pts',(-28.4999547966275,20.3456717880512,-56.9999975135226));
#2990=CARTESIAN_POINT('Ctrl Pts',(-28.4999300411201,20.3456885239221,-57.0179719243466));
#2991=CARTESIAN_POINT('Ctrl Pts',(-28.4988983315664,20.3459881751732,-57.0359264962755));
#2992=CARTESIAN_POINT('Ctrl Pts',(-28.4968929490446,20.3465528977955,-57.0537891498102));
#2993=CARTESIAN_POINT('Ctrl Pts',(-28.4940009001862,20.3473673087107,-57.079549654951));
#2994=CARTESIAN_POINT('Ctrl Pts',(-28.489104706404,20.3487277984249,-57.1049573038408));
#2995=CARTESIAN_POINT('Ctrl Pts',(-28.4823407835612,20.3505805823414,-57.1298054507808));
#2996=CARTESIAN_POINT('Ctrl Pts',(-28.475400638658,20.3524816372697,-57.1553009722922));
#2997=CARTESIAN_POINT('Ctrl Pts',(-28.4664939017818,20.3549011574257,-57.180208745296));
#2998=CARTESIAN_POINT('Ctrl Pts',(-28.4557235850562,20.3578111747868,-57.2043001024814));
#2999=CARTESIAN_POINT('Ctrl Pts',(-28.4514410664871,20.3589682627076,-57.2138793643667));
#3000=CARTESIAN_POINT('Ctrl Pts',(-28.4468634497052,20.3602032125304,-57.2233293806487));
#3001=CARTESIAN_POINT('Ctrl Pts',(-28.4419954857772,20.3615154419578,-57.2326348322062));
#3002=CARTESIAN_POINT('Ctrl Pts',(-28.4296764598214,20.3648362119173,-57.2561835069624));
#3003=CARTESIAN_POINT('Ctrl Pts',(-28.4156083892014,20.3686210860552,-57.278602085673));
#3004=CARTESIAN_POINT('Ctrl Pts',(-28.3999301836015,20.3728477851339,-57.2996825672076));
#3005=CARTESIAN_POINT('Ctrl Pts',(-28.3873525728664,20.3762385925428,-57.3165940746604));
#3006=CARTESIAN_POINT('Ctrl Pts',(-28.3737376894975,20.3799143958843,-57.3326446484492));
#3007=CARTESIAN_POINT('Ctrl Pts',(-28.3591381787787,20.3838756522819,-57.3477179768538));
#3008=CARTESIAN_POINT('Ctrl Pts',(-28.347974246343,20.386904740012,-57.3592442275023));
#3009=CARTESIAN_POINT('Ctrl Pts',(-28.3362342075078,20.3901009830578,-57.3701989180645));
#3010=CARTESIAN_POINT('Ctrl Pts',(-28.3239710246637,20.3934473156997,-57.380563959722));
#3011=CARTESIAN_POINT('Ctrl Pts',(-28.3043597603734,20.3987987660271,-57.3971397193685));
#3012=CARTESIAN_POINT('Ctrl Pts',(-28.2835484038157,20.4044954463404,-57.4120941283498));
#3013=CARTESIAN_POINT('Ctrl Pts',(-28.2617796619191,20.4104639653572,-57.4253878889556));
#3014=CARTESIAN_POINT('Ctrl Pts',(-28.2392770314467,20.416633700776,-57.43912982149));
#3015=CARTESIAN_POINT('Ctrl Pts',(-28.2157504652926,20.4230945016201,-57.4510979785223));
#3016=CARTESIAN_POINT('Ctrl Pts',(-28.1914346332097,20.4297824991541,-57.4612095033361));
#3017=CARTESIAN_POINT('Ctrl Pts',(-28.1856603539274,20.4313706975538,-57.4636106865671));
#3018=CARTESIAN_POINT('Ctrl Pts',(-28.1798414580599,20.4329717590904,-57.4659069723626));
#3019=CARTESIAN_POINT('Ctrl Pts',(-28.1739809134933,20.434584906545,-57.4680968664478));
#3020=CARTESIAN_POINT('Ctrl Pts',(-28.1490552228335,20.4414458413922,-57.4774107829148));
#3021=CARTESIAN_POINT('Ctrl Pts',(-28.1235195652399,20.4484850921484,-57.4847507277987));
#3022=CARTESIAN_POINT('Ctrl Pts',(-28.0976154445345,20.455642577063,-57.4900385029986));
#3023=CARTESIAN_POINT('Ctrl Pts',(-28.0720813749286,20.4626978143395,-57.4952507401384));
#3024=CARTESIAN_POINT('Ctrl Pts',(-28.0461881930905,20.4698685953924,-57.4984694352211));
#3025=CARTESIAN_POINT('Ctrl Pts',(-28.0201528547583,20.4771013881263,-57.4995723361433));
#3026=CARTESIAN_POINT('Ctrl Pts',(-28.0144978660589,20.4786723821596,-57.4998118910195));
#3027=CARTESIAN_POINT('Ctrl Pts',(-28.0088361512514,20.480246295888,-57.499951434255));
#3028=CARTESIAN_POINT('Ctrl Pts',(-28.0031699193581,20.4818225596943,-57.4999893815234));
#3029=CARTESIAN_POINT('Ctrl Pts',(-28.0021133194072,20.4821164905273,-57.4999964576691));
#3030=CARTESIAN_POINT('Ctrl Pts',(-28.0010566747633,20.482410473698,-57.5));
#3031=CARTESIAN_POINT('Ctrl Pts',(-28.0000000000009,20.4827045056447,-57.5));
#3032=CARTESIAN_POINT('Origin',(-28.5,5.91645678915759E-30,0.));
#3033=CARTESIAN_POINT('',(-28.5,-49.5,-37.5));
#3034=CARTESIAN_POINT('Origin',(-28.5,-30.,-37.5));
#3035=CARTESIAN_POINT('',(-28.5,-49.5,54.));
#3036=CARTESIAN_POINT('',(-28.5,-49.5,-28.75));
#3037=CARTESIAN_POINT('',(-28.5,25.,54.));
#3038=CARTESIAN_POINT('Origin',(-28.5,5.91645678915759E-30,0.));
#3039=CARTESIAN_POINT('',(-28.5,15.75,54.));
#3040=CARTESIAN_POINT('',(-28.5,25.,54.));
#3041=CARTESIAN_POINT('',(-28.5,15.75,5.59268724391752));
#3042=CARTESIAN_POINT('',(-28.5,15.75,-28.75));
#3043=CARTESIAN_POINT('',(-28.4999999999558,20.3461736119492,-56.9837977590021));
#3044=CARTESIAN_POINT('Ctrl Pts',(-28.5,15.75,5.59268724391752));
#3045=CARTESIAN_POINT('Ctrl Pts',(-28.5,15.75,2.47984901153938));
#3046=CARTESIAN_POINT('Ctrl Pts',(-28.5,15.8865770055755,-0.939167373949931));
#3047=CARTESIAN_POINT('Ctrl Pts',(-28.5,16.3646103460515,-7.76530756786953));
#3048=CARTESIAN_POINT('Ctrl Pts',(-28.5,16.7016791801232,-11.1727379237167));
#3049=CARTESIAN_POINT('Ctrl Pts',(-28.5,17.3614904967387,-17.0610142168667));
#3050=CARTESIAN_POINT('Ctrl Pts',(-28.5,17.7269689794524,-19.9901658888727));
#3051=CARTESIAN_POINT('Ctrl Pts',(-28.5,18.498520430063,-25.9815667306551));
#3052=CARTESIAN_POINT('Ctrl Pts',(-28.5,18.9046575503622,-29.0438076389372));
#3053=CARTESIAN_POINT('Ctrl Pts',(-28.5,19.6491932639798,-35.1714900170125));
#3054=CARTESIAN_POINT('Ctrl Pts',(-28.5,19.9857840927651,-38.2375691766304));
#3055=CARTESIAN_POINT('Ctrl Pts',(-28.5,20.4536066067574,-44.2454452506223));
#3056=CARTESIAN_POINT('Ctrl Pts',(-28.5,20.5788152040433,-47.1877096533508));
#3057=CARTESIAN_POINT('Ctrl Pts',(-28.5,20.5788152040433,-50.));
#3058=CARTESIAN_POINT('Ctrl Pts',(-28.5,20.5788152040433,-52.2560313599581));
#3059=CARTESIAN_POINT('Ctrl Pts',(-28.5,20.4999775829637,-54.5958165240142));
#3060=CARTESIAN_POINT('Ctrl Pts',(-28.5,20.3461736121005,-56.9837977590118));
#3061=CARTESIAN_POINT('Ctrl Pts',(-28.4999656515067,20.3461848164717,-56.9837978486165));
#3062=CARTESIAN_POINT('Ctrl Pts',(-28.4999661836412,20.3458365394033,-56.9892133100342));
#3063=CARTESIAN_POINT('Ctrl Pts',(-28.4999622575215,20.345666855053,-56.9946139624735));
#3064=CARTESIAN_POINT('Ctrl Pts',(-28.4999547966275,20.3456717880512,-56.9999975135226));
#3065=CARTESIAN_POINT('',(-28.5,5.91645678915759E-30,19.));
#3066=CARTESIAN_POINT('Origin',(-28.5,5.91645678915759E-30,17.5));
#3067=CARTESIAN_POINT('',(-28.5,-5.32907051820075E-14,-14.0732366189091));
#3068=CARTESIAN_POINT('Ctrl Pts',(-28.5,-6.30051566474776E-14,-14.0732366189091));
#3069=CARTESIAN_POINT('Ctrl Pts',(-28.5,2.0195863284664,-14.0732366189091));
#3070=CARTESIAN_POINT('Ctrl Pts',(-28.5,6.0518552121982,-14.9946237050542));
#3071=CARTESIAN_POINT('Ctrl Pts',(-28.5,11.4660997479521,-19.298208259215));
#3072=CARTESIAN_POINT('Ctrl Pts',(-28.5,13.7716026147428,-25.1858588545508));
#3073=CARTESIAN_POINT('Ctrl Pts',(-28.5,13.2622495611487,-31.9888465543363));
#3074=CARTESIAN_POINT('Ctrl Pts',(-28.5,10.4522248581704,-36.8497313193191));
#3075=CARTESIAN_POINT('Ctrl Pts',(-28.5,4.81687752505501,-40.6937877804564));
#3076=CARTESIAN_POINT('Ctrl Pts',(-28.5,-0.735608169275694,-41.5317268693288));
#3077=CARTESIAN_POINT('Ctrl Pts',(-28.5,-7.25535726251643,-39.5201405075402));
#3078=CARTESIAN_POINT('Ctrl Pts',(-28.5,-11.3727202942274,-35.6986517439843));
#3079=CARTESIAN_POINT('Ctrl Pts',(-28.5,-13.6088008277523,-29.985999048568));
#3080=CARTESIAN_POINT('Ctrl Pts',(-28.5,-13.612534959117,-24.4682673389124));
#3081=CARTESIAN_POINT('Ctrl Pts',(-28.5,-10.9147331721469,-18.8673446829875));
#3082=CARTESIAN_POINT('Ctrl Pts',(-28.5,-6.05794384405955,-14.9947131329158));
#3083=CARTESIAN_POINT('Ctrl Pts',(-28.5,-2.01958632846642,-14.0732366189064));
#3084=CARTESIAN_POINT('Ctrl Pts',(-28.5,1.27675647831893E-13,-14.0732366189064));
#3085=CARTESIAN_POINT('Origin',(-25.,50.,54.));
#3086=CARTESIAN_POINT('',(-61.5,-49.5,54.));
#3087=CARTESIAN_POINT('',(-25.,-49.5,54.));
#3088=CARTESIAN_POINT('',(-61.5,-34.25,54.));
#3089=CARTESIAN_POINT('',(-61.5,25.,54.));
#3090=CARTESIAN_POINT('',(-61.3605227066624,-34.25,54.));
#3091=CARTESIAN_POINT('',(-119.8125,-34.25,54.));
#3092=CARTESIAN_POINT('',(-61.3605227066624,-34.25,54.));
#3093=CARTESIAN_POINT('Origin',(-25.,50.,54.));
#3094=CARTESIAN_POINT('',(-61.3605227066624,23.0000655779786,54.));
#3095=CARTESIAN_POINT('',(-61.3605227066624,-34.25,54.));
#3096=CARTESIAN_POINT('',(-50.5607976278798,15.75,54.));
#3097=CARTESIAN_POINT('Ctrl Pts',(-61.3605227066624,23.0000655779786,54.));
#3098=CARTESIAN_POINT('Ctrl Pts',(-61.2366547544785,22.5372098612741,54.));
#3099=CARTESIAN_POINT('Ctrl Pts',(-61.0705204444931,22.0911696754932,54.));
#3100=CARTESIAN_POINT('Ctrl Pts',(-60.6359478491704,21.1516581052829,54.));
#3101=CARTESIAN_POINT('Ctrl Pts',(-60.3031138058953,20.5928483212946,54.));
#3102=CARTESIAN_POINT('Ctrl Pts',(-59.5217309515868,19.5612714720707,54.));
#3103=CARTESIAN_POINT('Ctrl Pts',(-59.073740597445,19.0880815144812,54.));
#3104=CARTESIAN_POINT('Ctrl Pts',(-58.1362755996663,18.2513484962431,54.));
#3105=CARTESIAN_POINT('Ctrl Pts',(-57.5513354063118,17.8207124546327,54.));
#3106=CARTESIAN_POINT('Ctrl Pts',(-56.3063832376631,17.0843307307765,54.));
#3107=CARTESIAN_POINT('Ctrl Pts',(-55.6466617495589,16.7780940514295,54.));
#3108=CARTESIAN_POINT('Ctrl Pts',(-54.3548449111872,16.2971885943561,54.));
#3109=CARTESIAN_POINT('Ctrl Pts',(-53.5985488448034,16.0864957389367,54.));
#3110=CARTESIAN_POINT('Ctrl Pts',(-52.0593795480007,15.8129780206616,54.));
#3111=CARTESIAN_POINT('Ctrl Pts',(-51.2765335383843,15.75,54.));
#3112=CARTESIAN_POINT('Ctrl Pts',(-50.5607976278798,15.75,54.));
#3113=CARTESIAN_POINT('',(-25.,15.75,54.));
#3114=CARTESIAN_POINT('',(-46.5,1.97215226305253E-30,54.));
#3115=CARTESIAN_POINT('Origin',(-45.,5.91645678915759E-30,54.));
#3116=CARTESIAN_POINT('Origin',(-61.3605227066624,-34.25,54.5));
#3117=CARTESIAN_POINT('',(-61.7736345052968,-34.25,54.2183288409704));
#3118=CARTESIAN_POINT('Origin',(-61.3605227066624,-34.25,54.5));
#3119=CARTESIAN_POINT('',(-61.7736345052968,-34.25,54.2183288409704));
#3120=CARTESIAN_POINT('Origin',(-61.3605227066624,-34.25,54.5));
#3121=CARTESIAN_POINT('',(-61.7736345052967,25.,54.2183288409704));
#3122=CARTESIAN_POINT('',(-61.7736345052968,-34.25,54.2183288409704));
#3123=CARTESIAN_POINT('Ctrl Pts',(-61.7736345052967,25.,54.2183288409704));
#3124=CARTESIAN_POINT('Ctrl Pts',(-61.7732755316379,24.9972555067812,54.2178023537917));
#3125=CARTESIAN_POINT('Ctrl Pts',(-61.7729155514861,24.9945110134575,54.2172765528106));
#3126=CARTESIAN_POINT('Ctrl Pts',(-61.7327751249737,24.6893315468076,54.1588856658303));
#3127=CARTESIAN_POINT('Ctrl Pts',(-61.6807436556805,24.386670839221,54.1093095379037));
#3128=CARTESIAN_POINT('Ctrl Pts',(-61.545011296425,23.7218191450003,54.0272770379478));
#3129=CARTESIAN_POINT('Ctrl Pts',(-61.4564506151947,23.3585181080546,54.));
#3130=CARTESIAN_POINT('Ctrl Pts',(-61.3605227066623,23.0000655779781,54.));
#3131=CARTESIAN_POINT('Ctrl Pts',(-27.9999999982821,29.5172954972045,-57.5));
#3132=CARTESIAN_POINT('Ctrl Pts',(-28.7005882914197,28.3559023305221,-57.5));
#3133=CARTESIAN_POINT('Ctrl Pts',(-29.6956810900886,25.2583995031022,-57.5));
#3134=CARTESIAN_POINT('Ctrl Pts',(-28.9341177224655,22.0312287250387,-57.5));
#3135=CARTESIAN_POINT('Ctrl Pts',(-27.9999999982822,20.4827045027955,-57.5));
#3136=CARTESIAN_POINT('Ctrl Pts',(-28.1143764442011,29.5862909083368,-57.5));
#3137=CARTESIAN_POINT('Ctrl Pts',(-28.8259076936631,28.4072660805834,-57.5000090205559));
#3138=CARTESIAN_POINT('Ctrl Pts',(-29.8366832063484,25.2623650395843,-57.5000181532744));
#3139=CARTESIAN_POINT('Ctrl Pts',(-29.0630847768171,21.9857421953344,-57.5000120274079));
#3140=CARTESIAN_POINT('Ctrl Pts',(-28.1143764442011,20.4137090916632,-57.5));
#3141=CARTESIAN_POINT('Ctrl Pts',(-28.3420021397298,29.7236017709108,-57.386787245547));
#3142=CARTESIAN_POINT('Ctrl Pts',(-29.0751927805758,28.5096393158446,-57.3863195597889));
#3143=CARTESIAN_POINT('Ctrl Pts',(-30.1170470984165,25.2703923235808,-57.3856414955198));
#3144=CARTESIAN_POINT('Ctrl Pts',(-29.3195896608579,21.895014835844,-57.3861636645363));
#3145=CARTESIAN_POINT('Ctrl Pts',(-28.3420021397298,20.2763982290892,-57.386787245547));
#3146=CARTESIAN_POINT('Ctrl Pts',(-28.4315859088742,29.7776414722955,-57.117456005256));
#3147=CARTESIAN_POINT('Ctrl Pts',(-29.1729570895789,28.5493857601513,-57.1161418241058));
#3148=CARTESIAN_POINT('Ctrl Pts',(-30.226165800252,25.2732395642448,-57.1142399317065));
#3149=CARTESIAN_POINT('Ctrl Pts',(-29.4200808164804,21.8600328105633,-57.1157037637224));
#3150=CARTESIAN_POINT('Ctrl Pts',(-28.4315859088742,20.2223585277045,-57.117456005256));
#3151=CARTESIAN_POINT('Ctrl Pts',(-28.4279143402086,29.7754266684733,-56.9839496295059));
#3152=CARTESIAN_POINT('Ctrl Pts',(-29.1684777499957,28.5476681779805,-56.9823899750212));
#3153=CARTESIAN_POINT('Ctrl Pts',(-30.2203478007611,25.2731651889938,-56.9801374496851));
#3154=CARTESIAN_POINT('Ctrl Pts',(-29.4153322199247,21.8615846521838,-56.9818700901929));
#3155=CARTESIAN_POINT('Ctrl Pts',(-28.4279143402086,20.2245733315266,-56.9839496295059));
#3156=CARTESIAN_POINT('',(-28.4999999999558,29.6538263880508,-56.9837977590021));
#3157=CARTESIAN_POINT('Ctrl Pts',(-28.4999694695156,20.3461913780518,-56.9837978405716));
#3158=CARTESIAN_POINT('Ctrl Pts',(-29.4376416699462,21.957664060759,-56.981822071146));
#3159=CARTESIAN_POINT('Ctrl Pts',(-30.1945621332342,25.271265162434,-56.9801927897395));
#3160=CARTESIAN_POINT('Ctrl Pts',(-29.1977391191488,28.4554027951166,-56.9823273150458));
#3161=CARTESIAN_POINT('Ctrl Pts',(-28.4999859308366,29.6538181960111,-56.9837977933481));
#3162=CARTESIAN_POINT('',(-28.5,29.6543480021925,-57.));
#3163=CARTESIAN_POINT('Ctrl Pts',(-28.4999764061292,29.6543286988746,-56.9999974565379));
#3164=CARTESIAN_POINT('Ctrl Pts',(-28.4999838396018,29.6543337060504,-56.9946060467861));
#3165=CARTESIAN_POINT('Ctrl Pts',(-28.4999878312719,29.6541634563731,-56.9892053955233));
#3166=CARTESIAN_POINT('Ctrl Pts',(-28.4999873875235,29.6538156940998,-56.9837977902783));
#3167=CARTESIAN_POINT('Ctrl Pts',(-28.0000000000009,29.5172954943553,-57.5));
#3168=CARTESIAN_POINT('Ctrl Pts',(-28.0010566747633,29.517589526302,-57.5));
#3169=CARTESIAN_POINT('Ctrl Pts',(-28.0021133197142,29.5178835094798,-57.4999964576691));
#3170=CARTESIAN_POINT('Ctrl Pts',(-28.0031699202789,29.5181774403271,-57.4999893815234));
#3171=CARTESIAN_POINT('Ctrl Pts',(-28.0294920705153,29.5254998781327,-57.4998130998006));
#3172=CARTESIAN_POINT('Ctrl Pts',(-28.0557424204693,29.5327777673723,-57.4974484629735));
#3173=CARTESIAN_POINT('Ctrl Pts',(-28.0816963946256,29.5399558898216,-57.4930208672756));
#3174=CARTESIAN_POINT('Ctrl Pts',(-28.0930611333166,29.5430990495333,-57.4910821095411));
#3175=CARTESIAN_POINT('Ctrl Pts',(-28.1043689734199,29.5462231020447,-57.4887471134185));
#3176=CARTESIAN_POINT('Ctrl Pts',(-28.1156003630153,29.5493232930574,-57.4860233723697));
#3177=CARTESIAN_POINT('Ctrl Pts',(-28.1412812842196,29.5564119761131,-57.4797954538507));
#3178=CARTESIAN_POINT('Ctrl Pts',(-28.1664753056425,29.5633517792548,-57.4715598320594));
#3179=CARTESIAN_POINT('Ctrl Pts',(-28.1909492164035,29.5700831897056,-57.4614124222812));
#3180=CARTESIAN_POINT('Ctrl Pts',(-28.2014891135115,29.5729821286712,-57.4570423542515));
#3181=CARTESIAN_POINT('Ctrl Pts',(-28.2118952206765,29.5758423304849,-57.4523171096244));
#3182=CARTESIAN_POINT('Ctrl Pts',(-28.2221475017658,29.5786584295344,-57.4472417791782));
#3183=CARTESIAN_POINT('Ctrl Pts',(-28.2456715652836,29.5851200249916,-57.4355963322042));
#3184=CARTESIAN_POINT('Ctrl Pts',(-28.2682602274367,29.5913148573949,-57.4221738161427));
#3185=CARTESIAN_POINT('Ctrl Pts',(-28.2896856547913,29.5971788164524,-57.4070614392213));
#3186=CARTESIAN_POINT('Ctrl Pts',(-28.3103240013467,29.6028273581227,-57.3925042279686));
#3187=CARTESIAN_POINT('Ctrl Pts',(-28.329883804449,29.6081694088139,-57.3763783302314));
#3188=CARTESIAN_POINT('Ctrl Pts',(-28.3481323584314,29.6131321020211,-57.358726816734));
#3189=CARTESIAN_POINT('Ctrl Pts',(-28.3518602463381,29.6141459009232,-57.3551208946557));
#3190=CARTESIAN_POINT('Ctrl Pts',(-28.3555332905423,29.6151438001653,-57.3514512048454));
#3191=CARTESIAN_POINT('Ctrl Pts',(-28.3591493045968,29.6161250647031,-57.3477179653886));
#3192=CARTESIAN_POINT('Ctrl Pts',(-28.3645389338459,29.6175876287236,-57.3421536129644));
#3193=CARTESIAN_POINT('Ctrl Pts',(-28.3698018796147,29.6190132454947,-57.3364480827643));
#3194=CARTESIAN_POINT('Ctrl Pts',(-28.3749345708331,29.6204016492467,-57.3306064088287));
#3195=CARTESIAN_POINT('Ctrl Pts',(-28.3921764455265,29.6250656125552,-57.310982900281));
#3196=CARTESIAN_POINT('Ctrl Pts',(-28.4078160300681,29.629274679209,-57.2899795278571));
#3197=CARTESIAN_POINT('Ctrl Pts',(-28.4217677489921,29.6330307377228,-57.2678318677635));
#3198=CARTESIAN_POINT('Ctrl Pts',(-28.435658858256,29.6367704790051,-57.2457804224916));
#3199=CARTESIAN_POINT('Ctrl Pts',(-28.4478771660417,29.6400614205178,-57.2225933417617));
#3200=CARTESIAN_POINT('Ctrl Pts',(-28.4582999317537,29.6428806597358,-57.1984816186051));
#3201=CARTESIAN_POINT('Ctrl Pts',(-28.4625801920402,29.6440384213124,-57.1885797889067));
#3202=CARTESIAN_POINT('Ctrl Pts',(-28.4665571571565,29.6451163182199,-57.1785218775596));
#3203=CARTESIAN_POINT('Ctrl Pts',(-28.4702201751697,29.6461113679739,-57.1683222024711));
#3204=CARTESIAN_POINT('Ctrl Pts',(-28.479173981254,29.6485436471792,-57.1433903259315));
#3205=CARTESIAN_POINT('Ctrl Pts',(-28.4861738913223,29.6504610505245,-57.1178374989034));
#3206=CARTESIAN_POINT('Ctrl Pts',(-28.4911354782728,29.6518346438123,-57.0918992553751));
#3207=CARTESIAN_POINT('Ctrl Pts',(-28.4959745773156,29.6531743268675,-57.0666013555938));
#3208=CARTESIAN_POINT('Ctrl Pts',(-28.4988749968777,29.6539968763619,-57.0409356005631));
#3209=CARTESIAN_POINT('Ctrl Pts',(-28.499718834558,29.6542478785059,-57.0151124371613));
#3210=CARTESIAN_POINT('Ctrl Pts',(-28.4998832967936,29.6542967983098,-57.0100795555028));
#3211=CARTESIAN_POINT('Ctrl Pts',(-28.4999695094725,29.6543239175488,-57.0050407014488));
#3212=CARTESIAN_POINT('Ctrl Pts',(-28.4999764061292,29.6543286988746,-56.9999974565379));
#3213=CARTESIAN_POINT('Origin',(-25.,15.75,-57.5));
#3214=CARTESIAN_POINT('Origin',(-214.625,15.75,-50.));
#3215=CARTESIAN_POINT('Origin',(-214.625,25.,-50.));
#3216=CARTESIAN_POINT('',(-61.3605227066624,26.9999344220214,54.));
#3217=CARTESIAN_POINT('Ctrl Pts',(-61.3605227066624,26.9999344220214,54.));
#3218=CARTESIAN_POINT('Ctrl Pts',(-61.3912870188234,26.8849778291083,54.));
#3219=CARTESIAN_POINT('Ctrl Pts',(-61.4212910355646,26.76965054588,54.0028363269146));
#3220=CARTESIAN_POINT('Ctrl Pts',(-61.5864670262317,26.1109683898585,54.0329554587421));
#3221=CARTESIAN_POINT('Ctrl Pts',(-61.6999862079879,25.5599558939882,54.1111887649184));
#3222=CARTESIAN_POINT('Ctrl Pts',(-61.7729155514861,25.0054889865425,54.2172765528106));
#3223=CARTESIAN_POINT('Ctrl Pts',(-61.7732755316379,25.0027444932188,54.2178023537917));
#3224=CARTESIAN_POINT('Ctrl Pts',(-61.7736345052967,25.,54.2183288409704));
#3225=CARTESIAN_POINT('',(-50.5607976278798,34.25,54.));
#3226=CARTESIAN_POINT('Ctrl Pts',(-50.5607976278798,34.25,54.));
#3227=CARTESIAN_POINT('Ctrl Pts',(-51.2765335383843,34.25,54.));
#3228=CARTESIAN_POINT('Ctrl Pts',(-52.0593795480007,34.1870219793384,54.));
#3229=CARTESIAN_POINT('Ctrl Pts',(-53.5985488448034,33.9135042610633,54.));
#3230=CARTESIAN_POINT('Ctrl Pts',(-54.3548449111872,33.7028114056439,54.));
#3231=CARTESIAN_POINT('Ctrl Pts',(-55.6466617495589,33.2219059485705,54.));
#3232=CARTESIAN_POINT('Ctrl Pts',(-56.3063832376631,32.9156692692235,54.));
#3233=CARTESIAN_POINT('Ctrl Pts',(-57.5513354063118,32.1792875453673,54.));
#3234=CARTESIAN_POINT('Ctrl Pts',(-58.1362755996663,31.7486515037569,54.));
#3235=CARTESIAN_POINT('Ctrl Pts',(-59.073740597445,30.9119184855188,54.));
#3236=CARTESIAN_POINT('Ctrl Pts',(-59.5217309515867,30.4387285279293,54.));
#3237=CARTESIAN_POINT('Ctrl Pts',(-60.3031138058953,29.4071516787054,54.));
#3238=CARTESIAN_POINT('Ctrl Pts',(-60.6359478491704,28.8483418947171,54.));
#3239=CARTESIAN_POINT('Ctrl Pts',(-61.0705204444931,27.9088303245068,54.));
#3240=CARTESIAN_POINT('Ctrl Pts',(-61.2366547544785,27.4627901387259,54.));
#3241=CARTESIAN_POINT('Ctrl Pts',(-61.3605227066624,26.9999344220214,54.));
#3242=CARTESIAN_POINT('',(-28.5,34.25,5.59268724391752));
#3243=CARTESIAN_POINT('Origin',(-214.625,34.25,-50.));
#3244=CARTESIAN_POINT('Ctrl Pts',(-28.5,29.6538263878995,-56.9837977590118));
#3245=CARTESIAN_POINT('Ctrl Pts',(-28.5,29.5000224172523,-54.5958165273692));
#3246=CARTESIAN_POINT('Ctrl Pts',(-28.5,29.4211847959567,-52.2560313589277));
#3247=CARTESIAN_POINT('Ctrl Pts',(-28.5,29.4211847959567,-47.1877096533508));
#3248=CARTESIAN_POINT('Ctrl Pts',(-28.5,29.5463933932426,-44.2454452506223));
#3249=CARTESIAN_POINT('Ctrl Pts',(-28.5,30.0142159072349,-38.2375691766304));
#3250=CARTESIAN_POINT('Ctrl Pts',(-28.5,30.3508067360202,-35.1714900170125));
#3251=CARTESIAN_POINT('Ctrl Pts',(-28.5,31.0953424496378,-29.0438076389372));
#3252=CARTESIAN_POINT('Ctrl Pts',(-28.5,31.5014795699369,-25.9815667306551));
#3253=CARTESIAN_POINT('Ctrl Pts',(-28.5,32.2730310205476,-19.9901658888727));
#3254=CARTESIAN_POINT('Ctrl Pts',(-28.5,32.6385095032613,-17.0610142168667));
#3255=CARTESIAN_POINT('Ctrl Pts',(-28.5,33.2983208198767,-11.1727379237167));
#3256=CARTESIAN_POINT('Ctrl Pts',(-28.5,33.6353896539485,-7.76530756786953));
#3257=CARTESIAN_POINT('Ctrl Pts',(-28.5,34.1134229944245,-0.939167373949931));
#3258=CARTESIAN_POINT('Ctrl Pts',(-28.5,34.25,2.47984901153938));
#3259=CARTESIAN_POINT('Ctrl Pts',(-28.5,34.25,5.59268724391752));
#3260=CARTESIAN_POINT('Ctrl Pts',(-24.7954220027958,32.6253762359779,-57.5));
#3261=CARTESIAN_POINT('Ctrl Pts',(-25.9396916238173,31.9818425407147,-57.5));
#3262=CARTESIAN_POINT('Ctrl Pts',(-26.9361233945145,31.0772026177978,-57.5));
#3263=CARTESIAN_POINT('Ctrl Pts',(-27.6867166996409,29.9999999942819,-57.5));
#3264=CARTESIAN_POINT('Ctrl Pts',(-24.876104323922,32.7688377667381,-57.5));
#3265=CARTESIAN_POINT('Ctrl Pts',(-26.0422072321998,32.1136203357881,-57.5000150128689));
#3266=CARTESIAN_POINT('Ctrl Pts',(-27.0576703667133,31.1923440639961,-57.4999896257354));
#3267=CARTESIAN_POINT('Ctrl Pts',(-27.8228335404698,30.0948460215851,-57.5));
#3268=CARTESIAN_POINT('Ctrl Pts',(-24.9555658318907,32.9101285651506,-57.4127480015505));
#3269=CARTESIAN_POINT('Ctrl Pts',(-26.1431065667012,32.2433996986042,-57.412186876995));
#3270=CARTESIAN_POINT('Ctrl Pts',(-27.1773733510185,31.3056562446256,-57.4116505349034));
#3271=CARTESIAN_POINT('Ctrl Pts',(-27.956826047575,30.1882118160742,-57.411267326138));
#3272=CARTESIAN_POINT('Ctrl Pts',(-25.,32.9891371222425,-57.2753649590705));
#3273=CARTESIAN_POINT('Ctrl Pts',(-26.1992114900426,32.315671444505,-57.2740873344385));
#3274=CARTESIAN_POINT('Ctrl Pts',(-27.2438543919894,31.3683463035536,-57.2729468158785));
#3275=CARTESIAN_POINT('Ctrl Pts',(-28.0308948315772,30.2398228427996,-57.272077957258));
#3276=CARTESIAN_POINT('',(-25.,32.9891371222425,-57.2753649590705));
#3277=CARTESIAN_POINT('Ctrl Pts',(-25.,32.9891371222425,-57.2753649590705));
#3278=CARTESIAN_POINT('Ctrl Pts',(-25.1709834662257,32.8805518814004,-57.2917781162992));
#3279=CARTESIAN_POINT('Ctrl Pts',(-25.3368892590211,32.7653336927531,-57.308167209012));
#3280=CARTESIAN_POINT('Ctrl Pts',(-25.497576334784,32.6436981679423,-57.3242408181342));
#3281=CARTESIAN_POINT('Ctrl Pts',(-25.6627234339514,32.5186865328568,-57.3407605656439));
#3282=CARTESIAN_POINT('Ctrl Pts',(-25.8223576596275,32.3868952328988,-57.3569473954337));
#3283=CARTESIAN_POINT('Ctrl Pts',(-25.9762947130904,32.2485387696237,-57.3724424258946));
#3284=CARTESIAN_POINT('Ctrl Pts',(-26.1330151055047,32.1076806803608,-57.3882176223122));
#3285=CARTESIAN_POINT('Ctrl Pts',(-26.2838299026454,31.9600170610035,-57.4032760097837));
#3286=CARTESIAN_POINT('Ctrl Pts',(-26.4285204041704,31.8057695475217,-57.4171912143127));
#3287=CARTESIAN_POINT('Ctrl Pts',(-26.5005708861504,31.7289600294576,-57.4241204680135));
#3288=CARTESIAN_POINT('Ctrl Pts',(-26.5711024258918,31.6505179338539,-57.4307654932714));
#3289=CARTESIAN_POINT('Ctrl Pts',(-26.6400864423175,31.5704709116428,-57.4370691111979));
#3290=CARTESIAN_POINT('Ctrl Pts',(-26.7583021178794,31.4332969212359,-57.4478714171562));
#3291=CARTESIAN_POINT('Ctrl Pts',(-26.8712763074902,31.2922224258804,-57.4576097512464));
#3292=CARTESIAN_POINT('Ctrl Pts',(-26.9790261630976,31.1474514386134,-57.4660369027376));
#3293=CARTESIAN_POINT('Ctrl Pts',(-27.086339959386,31.0032663336917,-57.4744299498866));
#3294=CARTESIAN_POINT('Ctrl Pts',(-27.1884715449021,30.8554141891311,-57.4815227241472));
#3295=CARTESIAN_POINT('Ctrl Pts',(-27.285426676112,30.7040666778374,-57.4870306804142));
#3296=CARTESIAN_POINT('Ctrl Pts',(-27.3804412153428,30.5557484416611,-57.4924283929465));
#3297=CARTESIAN_POINT('Ctrl Pts',(-27.4704842896015,30.4040731328679,-57.496304304629));
#3298=CARTESIAN_POINT('Ctrl Pts',(-27.5555523376605,30.2491783542377,-57.4983480813899));
#3299=CARTESIAN_POINT('Ctrl Pts',(-27.5972399195535,30.1732721953887,-57.4993496338298));
#3300=CARTESIAN_POINT('Ctrl Pts',(-27.637732631121,30.0965925395799,-57.4999105283494));
#3301=CARTESIAN_POINT('Ctrl Pts',(-27.6770294229644,30.0191535521171,-57.4999901492791));
#3302=CARTESIAN_POINT('Ctrl Pts',(-27.6802670541845,30.0127734159355,-57.4999967091838));
#3303=CARTESIAN_POINT('Ctrl Pts',(-27.6834961443659,30.0063888942758,-57.5));
#3304=CARTESIAN_POINT('Ctrl Pts',(-27.6867166956579,29.9999999999979,-57.5));
#3305=CARTESIAN_POINT('Ctrl Pts',(-25.,32.9891371222425,-57.2753649590705));
#3306=CARTESIAN_POINT('Ctrl Pts',(-25.0000004177798,32.9796899386841,-57.2878445076919));
#3307=CARTESIAN_POINT('Ctrl Pts',(-24.9999856207582,32.9696133217109,-57.2998552839848));
#3308=CARTESIAN_POINT('Ctrl Pts',(-24.9999649017847,32.9589632073442,-57.3113927170913));
#3309=CARTESIAN_POINT('Ctrl Pts',(-24.9999318064697,32.9419513177254,-57.32982195942));
#3310=CARTESIAN_POINT('Ctrl Pts',(-24.9998788045653,32.9236038747603,-57.3469121797862));
#3311=CARTESIAN_POINT('Ctrl Pts',(-24.9998344459059,32.9041771294446,-57.3626773457462));
#3312=CARTESIAN_POINT('Ctrl Pts',(-24.9997871148402,32.8834486275145,-57.3794989114649));
#3313=CARTESIAN_POINT('Ctrl Pts',(-24.9997493399401,32.8614909994412,-57.3948124486228));
#3314=CARTESIAN_POINT('Ctrl Pts',(-24.9997293817708,32.8385630910614,-57.4086192729789));
#3315=CARTESIAN_POINT('Ctrl Pts',(-24.9997167272495,32.8240256000276,-57.417373520508));
#3316=CARTESIAN_POINT('Ctrl Pts',(-24.9997107218406,32.8090969998034,-57.4255216921138));
#3317=CARTESIAN_POINT('Ctrl Pts',(-24.999709367119,32.7938345072033,-57.4330596176723));
#3318=CARTESIAN_POINT('Ctrl Pts',(-24.9997070538668,32.7677730663716,-57.4459309884296));
#3319=CARTESIAN_POINT('Ctrl Pts',(-24.9997236410069,32.7408300445129,-57.4569789417599));
#3320=CARTESIAN_POINT('Ctrl Pts',(-24.9997541555687,32.7132764233135,-57.4661890664494));
#3321=CARTESIAN_POINT('Ctrl Pts',(-24.9997751685065,32.6943024484763,-57.4725313425822));
#3322=CARTESIAN_POINT('Ctrl Pts',(-24.9998023185488,32.6750378431013,-57.4780016098537));
#3323=CARTESIAN_POINT('Ctrl Pts',(-24.9998300734249,32.6555605660257,-57.4825864757377));
#3324=CARTESIAN_POINT('Ctrl Pts',(-24.9998725721581,32.6257366317881,-57.4896068994902));
#3325=CARTESIAN_POINT('Ctrl Pts',(-24.9999182486086,32.595438954369,-57.4945476384552));
#3326=CARTESIAN_POINT('Ctrl Pts',(-24.9999454917601,32.5649286188805,-57.4973330479332));
#3327=CARTESIAN_POINT('Ctrl Pts',(-24.9999627876521,32.5455584858495,-57.499101424166));
#3328=CARTESIAN_POINT('Ctrl Pts',(-24.9999724920056,32.526102004758,-57.500000231821));
#3329=CARTESIAN_POINT('Ctrl Pts',(-24.9999688633971,32.5066218597183,-57.5));
#3330=CARTESIAN_POINT('Origin',(-25.,34.25,57.5));
#3331=CARTESIAN_POINT('',(-28.5,34.25,54.));
#3332=CARTESIAN_POINT('',(-28.5,34.25,28.75));
#3333=CARTESIAN_POINT('',(-25.,34.25,54.));
#3334=CARTESIAN_POINT('Origin',(-25.,30.,-37.5));
#3335=CARTESIAN_POINT('',(-28.,50.,-37.5));
#3336=CARTESIAN_POINT('Origin',(-28.,30.,-37.5));
#3337=CARTESIAN_POINT('',(-25.,50.,-37.5));
#3338=CARTESIAN_POINT('',(-25.,50.,-37.5));
#3339=CARTESIAN_POINT('Origin',(-25.,30.,-37.5));
#3340=CARTESIAN_POINT('Origin',(-28.,25.,-57.));
#3341=CARTESIAN_POINT('',(-28.5,30.,-57.));
#3342=CARTESIAN_POINT('',(-28.5,25.,-57.));
#3343=CARTESIAN_POINT('Origin',(-28.,30.,-57.));
#3344=CARTESIAN_POINT('Origin',(-28.5,5.91645678915759E-30,0.));
#3345=CARTESIAN_POINT('',(-28.5,49.5,54.));
#3346=CARTESIAN_POINT('',(-28.5,25.,54.));
#3347=CARTESIAN_POINT('',(-28.5,49.5,-37.5));
#3348=CARTESIAN_POINT('',(-28.5,49.5,28.75));
#3349=CARTESIAN_POINT('Origin',(-28.5,30.,-37.5));
#3350=CARTESIAN_POINT('Origin',(-25.,50.,54.));
#3351=CARTESIAN_POINT('',(-61.3605227066624,49.5,54.));
#3352=CARTESIAN_POINT('',(-61.3605227066624,-34.25,54.));
#3353=CARTESIAN_POINT('',(-25.,49.5,54.));
#3354=CARTESIAN_POINT('Origin',(-214.625,-34.25,-50.));
#3355=CARTESIAN_POINT('',(-62.,-34.25,54.5495546379801));
#3356=CARTESIAN_POINT('Origin',(-214.625,-34.25,-50.));
#3357=CARTESIAN_POINT('',(-62.,50.,54.5495546379801));
#3358=CARTESIAN_POINT('',(-62.,-34.25,54.5495546379801));
#3359=CARTESIAN_POINT('',(-61.9660664258394,50.,54.5));
#3360=CARTESIAN_POINT('Origin',(-214.625,50.,-50.));
#3361=CARTESIAN_POINT('',(-61.7736345052968,49.9131117986343,54.2183288409704));
#3362=CARTESIAN_POINT('Ctrl Pts',(-61.7736345052968,49.9131117986343,54.2183288409703));
#3363=CARTESIAN_POINT('Ctrl Pts',(-61.7921408586627,49.9316181520002,54.2454711048481));
#3364=CARTESIAN_POINT('Ctrl Pts',(-61.8118743520976,49.9473885387875,54.2743973223119));
#3365=CARTESIAN_POINT('Ctrl Pts',(-61.8758891159185,49.9872835761481,54.3681709743788));
#3366=CARTESIAN_POINT('Ctrl Pts',(-61.9226433601877,50.,54.4365653694267));
#3367=CARTESIAN_POINT('Ctrl Pts',(-61.9660664258394,50.,54.5));
#3368=CARTESIAN_POINT('',(-61.7736345052968,-34.25,54.2183288409704));
#3369=CARTESIAN_POINT('Origin',(-61.3605227066624,-34.25,54.5));
#3370=CARTESIAN_POINT('Origin',(-61.3605227066624,49.5,54.5));
#3371=CARTESIAN_POINT('Origin',(-25.,-49.5,54.5));
#3372=CARTESIAN_POINT('Origin',(-28.,-49.5,54.5));
#3373=CARTESIAN_POINT('Origin',(-61.5,-49.5,54.5));
#3374=CARTESIAN_POINT('Origin',(-61.5,25.,54.5));
#3375=CARTESIAN_POINT('',(-62.,-34.25,54.5));
#3376=CARTESIAN_POINT('',(-62.,25.,54.5));
#3377=CARTESIAN_POINT('Origin',(-61.5,-34.25,54.5));
#3378=CARTESIAN_POINT('Origin',(-62.,-9.86076131526265E-31,55.75));
#3379=CARTESIAN_POINT('',(-62.,50.,54.));
#3380=CARTESIAN_POINT('',(-62.,-34.25,2.87500000000001));
#3381=CARTESIAN_POINT('Origin',(-25.,49.5,54.5));
#3382=CARTESIAN_POINT('',(-28.,50.,54.5));
#3383=CARTESIAN_POINT('Origin',(-28.,49.5,54.5));
#3384=CARTESIAN_POINT('',(-25.,50.,54.5));
#3385=CARTESIAN_POINT('Origin',(-45.,5.91645678915759E-30,54.));
#3386=CARTESIAN_POINT('',(-46.5,5.91645678915759E-30,54.));
#3387=CARTESIAN_POINT('Origin',(-214.625,-34.25,-50.));
#3388=CARTESIAN_POINT('Origin',(-25.,50.,57.5));
#3389=CARTESIAN_POINT('',(-25.,50.,37.5));
#3390=CARTESIAN_POINT('',(-25.,50.,54.));
#3391=CARTESIAN_POINT('',(-25.,50.,54.));
#3392=CARTESIAN_POINT('',(-28.,50.,28.75));
#3393=CARTESIAN_POINT('Origin',(-28.,49.5,28.75));
#3394=CARTESIAN_POINT('Origin',(-28.,49.5,-37.5));
#3395=CARTESIAN_POINT('Origin',(-25.,7.105427357601E-14,47.5));
#3396=CARTESIAN_POINT('',(-25.,100.,37.5));
#3397=CARTESIAN_POINT('',(-25.,100.,37.5));
#3398=CARTESIAN_POINT('',(-25.,-99.9999999999999,37.5));
#3399=CARTESIAN_POINT('Origin',(-25.,-99.9999999999999,37.5));
#3400=CARTESIAN_POINT('',(-25.,-50.,37.5));
#3401=CARTESIAN_POINT('',(-15.,100.,37.5));
#3402=CARTESIAN_POINT('',(-25.,100.,37.5));
#3403=CARTESIAN_POINT('',(-15.,-99.9999999999999,37.5));
#3404=CARTESIAN_POINT('',(-15.,-99.9999999999999,37.5));
#3405=CARTESIAN_POINT('',(-25.,-99.9999999999999,37.5));
#3406=CARTESIAN_POINT('Origin',(-25.,-99.9999999999999,57.5));
#3407=CARTESIAN_POINT('',(-15.,-99.9999999999999,57.5));
#3408=CARTESIAN_POINT('',(-15.,-99.9999999999999,57.5));
#3409=CARTESIAN_POINT('',(-25.,-99.9999999999999,57.5));
#3410=CARTESIAN_POINT('Origin',(-25.,100.,37.5));
#3411=CARTESIAN_POINT('',(-15.,100.,37.5));
#3412=CARTESIAN_POINT('Origin',(-15.,7.105427357601E-14,47.5));
#3413=CARTESIAN_POINT('',(-15.,100.,57.5));
#3414=CARTESIAN_POINT('Origin',(-25.,1.97215226305253E-30,0.));
#3415=CARTESIAN_POINT('Origin',(-25.,-30.,-37.5));
#3416=CARTESIAN_POINT('',(-25.,1.97215226305253E-30,-15.0732366189095));
#3417=CARTESIAN_POINT('Origin',(-25.,1.97215226305253E-30,-27.5732366189095));
#3418=CARTESIAN_POINT('',(-25.,1.97215226305253E-30,19.));
#3419=CARTESIAN_POINT('Origin',(-25.,1.97215226305253E-30,17.5));
#3420=CARTESIAN_POINT('Ctrl Pts',(-28.5,1.27675647831893E-13,-14.0732366189064));
#3421=CARTESIAN_POINT('Ctrl Pts',(-28.5,-2.01958632846642,-14.0732366189064));
#3422=CARTESIAN_POINT('Ctrl Pts',(-28.5,-6.05794384405955,-14.9947131329158));
#3423=CARTESIAN_POINT('Ctrl Pts',(-28.5,-10.9147331721469,-18.8673446829875));
#3424=CARTESIAN_POINT('Ctrl Pts',(-28.5,-13.612534959117,-24.4682673389124));
#3425=CARTESIAN_POINT('Ctrl Pts',(-28.5,-13.6088008277523,-29.985999048568));
#3426=CARTESIAN_POINT('Ctrl Pts',(-28.5,-11.3727202942274,-35.6986517439843));
#3427=CARTESIAN_POINT('Ctrl Pts',(-28.5,-7.25535726251643,-39.5201405075402));
#3428=CARTESIAN_POINT('Ctrl Pts',(-28.5,-0.735608169275694,-41.5317268693288));
#3429=CARTESIAN_POINT('Ctrl Pts',(-28.5,4.81687752505501,-40.6937877804564));
#3430=CARTESIAN_POINT('Ctrl Pts',(-28.5,10.4522248581704,-36.8497313193191));
#3431=CARTESIAN_POINT('Ctrl Pts',(-28.5,13.2622495611487,-31.9888465543363));
#3432=CARTESIAN_POINT('Ctrl Pts',(-28.5,13.7716026147428,-25.1858588545508));
#3433=CARTESIAN_POINT('Ctrl Pts',(-28.5,11.4660997479521,-19.298208259215));
#3434=CARTESIAN_POINT('Ctrl Pts',(-28.5,6.0518552121982,-14.9946237050542));
#3435=CARTESIAN_POINT('Ctrl Pts',(-28.5,2.0195863284664,-14.0732366189091));
#3436=CARTESIAN_POINT('Ctrl Pts',(-28.5,-6.30051566474776E-14,-14.0732366189091));
#3437=CARTESIAN_POINT('Ctrl Pts',(-28.5000000000001,1.35002745972409E-13,
-14.1069083703916));
#3438=CARTESIAN_POINT('Ctrl Pts',(-28.5000000000001,-2.01454952863255,-14.1069083703916));
#3439=CARTESIAN_POINT('Ctrl Pts',(-28.5,-6.04283398656658,-15.0260863375201));
#3440=CARTESIAN_POINT('Ctrl Pts',(-28.5,-10.8875099338925,-18.8890587514608));
#3441=CARTESIAN_POINT('Ctrl Pts',(-28.5,-13.5785825584753,-24.4760116297016));
#3442=CARTESIAN_POINT('Ctrl Pts',(-28.5,-13.5748580821163,-29.9799810101671));
#3443=CARTESIAN_POINT('Ctrl Pts',(-28.5,-11.3443543072093,-35.6783856109249));
#3444=CARTESIAN_POINT('Ctrl Pts',(-28.5,-7.23726125589842,-39.49034272975));
#3445=CARTESIAN_POINT('Ctrl Pts',(-28.5,-0.733773374589555,-41.4969116821552));
#3446=CARTESIAN_POINT('Ctrl Pts',(-28.5,4.80486313617616,-40.6610628383593));
#3447=CARTESIAN_POINT('Ctrl Pts',(-28.5,10.4261552178016,-36.8265937029972));
#3448=CARTESIAN_POINT('Ctrl Pts',(-28.5,13.2291710510431,-31.9778333421233));
#3449=CARTESIAN_POINT('Ctrl Pts',(-28.5,13.7372536189901,-25.1918134552849));
#3450=CARTESIAN_POINT('Ctrl Pts',(-28.5,11.4375011251983,-19.3188476094341));
#3451=CARTESIAN_POINT('Ctrl Pts',(-28.5,6.03676058818781,-15.0259971138844));
#3452=CARTESIAN_POINT('Ctrl Pts',(-28.5,2.01454952863253,-14.1069083703942));
#3453=CARTESIAN_POINT('Ctrl Pts',(-28.5,-6.32388013585912E-14,-14.1069083703942));
#3454=CARTESIAN_POINT('Ctrl Pts',(-28.4864438977369,1.56899096428639E-13,
-14.1909512460728));
#3455=CARTESIAN_POINT('Ctrl Pts',(-28.4864438977369,-2.00198131628295,-14.1909512460728));
#3456=CARTESIAN_POINT('Ctrl Pts',(-28.4864438977367,-6.00511978560791,-15.1043907244821));
#3457=CARTESIAN_POINT('Ctrl Pts',(-28.4864438977368,-10.819564621648,-18.9432544281366));
#3458=CARTESIAN_POINT('Ctrl Pts',(-28.4864438977367,-13.4938394609601,-24.4953399703282));
#3459=CARTESIAN_POINT('Ctrl Pts',(-28.4864438977368,-13.490141581842,-29.9649594532366));
#3460=CARTESIAN_POINT('Ctrl Pts',(-28.4864438977367,-11.2735535670434,-35.627804693187));
#3461=CARTESIAN_POINT('Ctrl Pts',(-28.4864438977367,-7.19209703829887,-39.415970807249));
#3462=CARTESIAN_POINT('Ctrl Pts',(-28.4864438977367,-0.729193547915327,
-41.4100158222991));
#3463=CARTESIAN_POINT('Ctrl Pts',(-28.4864438977367,4.77487503060846,-40.5793859785595));
#3464=CARTESIAN_POINT('Ctrl Pts',(-28.4864438977368,10.3610892813897,-36.7688423780194));
#3465=CARTESIAN_POINT('Ctrl Pts',(-28.4864438977367,13.1466106552957,-31.9503465612232));
#3466=CARTESIAN_POINT('Ctrl Pts',(-28.4864438977367,13.6515217545947,-25.2066757737096));
#3467=CARTESIAN_POINT('Ctrl Pts',(-28.4864438977367,11.3661217276047,-19.3703604323517));
#3468=CARTESIAN_POINT('Ctrl Pts',(-28.4864438977367,5.99908475469335,-15.1043018727596));
#3469=CARTESIAN_POINT('Ctrl Pts',(-28.4864438977367,2.00198131628298,-14.1909512460752));
#3470=CARTESIAN_POINT('Ctrl Pts',(-28.4864438977367,-6.40100946670319E-14,
-14.1909512460752));
#3471=CARTESIAN_POINT('Ctrl Pts',(-28.4020541550823,2.19034703592186E-13,
-14.3732693004212));
#3472=CARTESIAN_POINT('Ctrl Pts',(-28.4020541550823,-1.97469025926347,-14.3732693004212));
#3473=CARTESIAN_POINT('Ctrl Pts',(-28.4020541550821,-5.92331097128789,-15.274271236105));
#3474=CARTESIAN_POINT('Ctrl Pts',(-28.4020541550821,-10.6721488650818,-19.0608350258063));
#3475=CARTESIAN_POINT('Ctrl Pts',(-28.4020541550821,-13.310000330546,-24.537277553287));
#3476=CARTESIAN_POINT('Ctrl Pts',(-28.4020541550821,-13.3063406694868,-29.9323791887588));
#3477=CARTESIAN_POINT('Ctrl Pts',(-28.402054155082,-11.1199682579242,-35.5180595969338));
#3478=CARTESIAN_POINT('Ctrl Pts',(-28.402054155082,-7.09410122184314,-39.2546189558713));
#3479=CARTESIAN_POINT('Ctrl Pts',(-28.402054155082,-0.719260488381062,-41.2215010998548));
#3480=CARTESIAN_POINT('Ctrl Pts',(-28.402054155082,4.70982700140273,-40.4021785631422));
#3481=CARTESIAN_POINT('Ctrl Pts',(-28.4020541550821,10.2199194364915,-36.6435682262828));
#3482=CARTESIAN_POINT('Ctrl Pts',(-28.402054155082,12.9674947247651,-31.8907057350888));
#3483=CARTESIAN_POINT('Ctrl Pts',(-28.402054155082,13.4655289692979,-25.2389176227718));
#3484=CARTESIAN_POINT('Ctrl Pts',(-28.402054155082,11.2112656060938,-19.4821242275627));
#3485=CARTESIAN_POINT('Ctrl Pts',(-28.402054155082,5.91735647913202,-15.2741842656305));
#3486=CARTESIAN_POINT('Ctrl Pts',(-28.4020541550821,1.97469025926355,-14.3732693004232));
#3487=CARTESIAN_POINT('Ctrl Pts',(-28.4020541550821,-6.64463232446365E-14,
-14.3732693004232));
#3488=CARTESIAN_POINT('Ctrl Pts',(-28.2405784308528,3.10546758889299E-13,
-14.5962944368665));
#3489=CARTESIAN_POINT('Ctrl Pts',(-28.2405784308528,-1.94133849000677,-14.5962944368665));
#3490=CARTESIAN_POINT('Ctrl Pts',(-28.2405784308525,-5.82322840658813,-15.4820678594368));
#3491=CARTESIAN_POINT('Ctrl Pts',(-28.2405784308526,-10.4918423559586,-19.2046542000774));
#3492=CARTESIAN_POINT('Ctrl Pts',(-28.2405784308525,-13.0851170560556,-24.5885691284768));
#3493=CARTESIAN_POINT('Ctrl Pts',(-28.2405784308525,-13.0815284059477,-29.8925162360587));
#3494=CARTESIAN_POINT('Ctrl Pts',(-28.2405784308525,-10.9320837325105,-35.3838330683039));
#3495=CARTESIAN_POINT('Ctrl Pts',(-28.2405784308525,-6.9742490575091,-39.0572579884049));
#3496=CARTESIAN_POINT('Ctrl Pts',(-28.2405784308525,-0.707106924151017,
-40.9909051471154));
#3497=CARTESIAN_POINT('Ctrl Pts',(-28.2405784308525,4.63024722257236,-40.185432625467));
#3498=CARTESIAN_POINT('Ctrl Pts',(-28.2405784308526,10.0472539560333,-36.4903129661279));
#3499=CARTESIAN_POINT('Ctrl Pts',(-28.2405784308525,12.7484039614672,-31.8177641579625));
#3500=CARTESIAN_POINT('Ctrl Pts',(-28.2405784308525,13.238021988982,-25.2783578481794));
#3501=CARTESIAN_POINT('Ctrl Pts',(-28.2405784308525,11.021845835603,-19.6188238236756));
#3502=CARTESIAN_POINT('Ctrl Pts',(-28.2405784308525,5.81737578983703,-15.481981852212));
#3503=CARTESIAN_POINT('Ctrl Pts',(-28.2405784308525,1.94133849000697,-14.5962944368679));
#3504=CARTESIAN_POINT('Ctrl Pts',(-28.2405784308525,-7.02347968413014E-14,
-14.5962944368679));
#3505=CARTESIAN_POINT('Ctrl Pts',(-28.0230497075602,4.15816500549874E-13,
-14.8139783269375));
#3506=CARTESIAN_POINT('Ctrl Pts',(-28.0230497075602,-1.90878011256502,-14.8139783269375));
#3507=CARTESIAN_POINT('Ctrl Pts',(-28.0230497075599,-5.72554401661622,-15.6848902328568));
#3508=CARTESIAN_POINT('Ctrl Pts',(-28.0230497075599,-10.3158501726376,-19.3450313689707));
#3509=CARTESIAN_POINT('Ctrl Pts',(-28.0230497075599,-12.8656191102143,-24.6386338932251));
#3510=CARTESIAN_POINT('Ctrl Pts',(-28.0230497075599,-12.8620957997534,-29.8536093271173));
#3511=CARTESIAN_POINT('Ctrl Pts',(-28.0230497075599,-10.7487000860952,-35.2528175543617));
#3512=CARTESIAN_POINT('Ctrl Pts',(-28.0230497075599,-6.85726336656029,-38.8646208950828));
#3513=CARTESIAN_POINT('Ctrl Pts',(-28.0230497075599,-0.695244868464528,
-40.7658302140874));
#3514=CARTESIAN_POINT('Ctrl Pts',(-28.0230497075599,4.55257463906619,-39.9738730551903));
#3515=CARTESIAN_POINT('Ctrl Pts',(-28.0230497075599,9.8787197140585,-36.3407297482551));
#3516=CARTESIAN_POINT('Ctrl Pts',(-28.0230497075599,12.5345573892477,-31.7465669175203));
#3517=CARTESIAN_POINT('Ctrl Pts',(-28.0230497075599,13.0159614039106,-25.3168535862431));
#3518=CARTESIAN_POINT('Ctrl Pts',(-28.0230497075599,10.8369605516102,-19.7522525811045));
#3519=CARTESIAN_POINT('Ctrl Pts',(-28.0230497075599,5.71979028643314,-15.6848053848123));
#3520=CARTESIAN_POINT('Ctrl Pts',(-28.0230497075599,1.90878011256532,-14.8139783269383));
#3521=CARTESIAN_POINT('Ctrl Pts',(-28.0230497075599,-7.47640997230482E-14,
-14.8139783269383));
#3522=CARTESIAN_POINT('Ctrl Pts',(-27.8002194047928,5.10187704967179E-13,
-14.975092914291));
#3523=CARTESIAN_POINT('Ctrl Pts',(-27.8002194047928,-1.88465625668923,-14.975092914291));
#3524=CARTESIAN_POINT('Ctrl Pts',(-27.8002194047926,-5.65325113396086,-15.8350166319615));
#3525=CARTESIAN_POINT('Ctrl Pts',(-27.8002194047926,-10.1855739294937,-19.4489403537614));
#3526=CARTESIAN_POINT('Ctrl Pts',(-27.8002194047926,-12.7031598207652,-24.6756961446629));
#3527=CARTESIAN_POINT('Ctrl Pts',(-27.8002194047926,-12.6996652906073,-29.8248198391577));
#3528=CARTESIAN_POINT('Ctrl Pts',(-27.8002194047926,-10.6129781764717,-35.1558312284653));
#3529=CARTESIAN_POINT('Ctrl Pts',(-27.8002194047926,-6.77065952430693,-38.7220307111117));
#3530=CARTESIAN_POINT('Ctrl Pts',(-27.8002194047926,-0.686467572731204,
-40.5992376895266));
#3531=CARTESIAN_POINT('Ctrl Pts',(-27.8002194047926,4.49509332808968,-39.8172690868127));
#3532=CARTESIAN_POINT('Ctrl Pts',(-27.8002194047926,9.7539628719139,-36.230027059045));
#3533=CARTESIAN_POINT('Ctrl Pts',(-27.8002194047926,12.3762689613359,-31.69385907673));
#3534=CARTESIAN_POINT('Ctrl Pts',(-27.8002194047926,12.8515967040376,-25.3453458175942));
#3535=CARTESIAN_POINT('Ctrl Pts',(-27.8002194047926,10.7001116503277,-19.851022082781));
#3536=CARTESIAN_POINT('Ctrl Pts',(-27.8002194047926,5.64756788555809,-15.8349337217647));
#3537=CARTESIAN_POINT('Ctrl Pts',(-27.8002194047926,1.88465625668962,-14.9750929142913));
#3538=CARTESIAN_POINT('Ctrl Pts',(-27.8002194047926,-7.89744484100181E-14,
-14.9750929142913));
#3539=CARTESIAN_POINT('Ctrl Pts',(-27.6176341944578,5.77212568718845E-13,
-15.0597654964623));
#3540=CARTESIAN_POINT('Ctrl Pts',(-27.6176341944578,-1.87201039902735,-15.0597654964623));
#3541=CARTESIAN_POINT('Ctrl Pts',(-27.6176341944577,-5.61525037114281,-15.9139006661385));
#3542=CARTESIAN_POINT('Ctrl Pts',(-27.6176341944577,-10.1171314072763,-19.5035349040976));
#3543=CARTESIAN_POINT('Ctrl Pts',(-27.6176341944577,-12.6177830620132,-24.6951644423402));
#3544=CARTESIAN_POINT('Ctrl Pts',(-27.6176341944577,-12.6143275870828,-29.8096815230904));
#3545=CARTESIAN_POINT('Ctrl Pts',(-27.6176341944577,-10.5416431890021,-35.1048823979686));
#3546=CARTESIAN_POINT('Ctrl Pts',(-27.6176341944577,-6.72516887034765,-38.6471099998142));
#3547=CARTESIAN_POINT('Ctrl Pts',(-27.6176341944577,-0.681852066628251,
-40.5116955034176));
#3548=CARTESIAN_POINT('Ctrl Pts',(-27.6176341944577,4.46487641580362,-39.7349941349668));
#3549=CARTESIAN_POINT('Ctrl Pts',(-27.6176341944577,9.68842158296856,-36.1718377112468));
#3550=CARTESIAN_POINT('Ctrl Pts',(-27.6176341944577,12.2930987060933,-31.6661742090288));
#3551=CARTESIAN_POINT('Ctrl Pts',(-27.6176341944577,12.765229230561,-25.3603192794855));
#3552=CARTESIAN_POINT('Ctrl Pts',(-27.6176341944577,10.6282034263064,-19.902911641928));
#3553=CARTESIAN_POINT('Ctrl Pts',(-27.6176341944577,5.60960747266527,-15.9138174545191));
#3554=CARTESIAN_POINT('Ctrl Pts',(-27.6176341944577,1.87201039902778,-15.0597654964624));
#3555=CARTESIAN_POINT('Ctrl Pts',(-27.6176341944577,-8.20958612801455E-14,
-15.0597654964624));
#3556=CARTESIAN_POINT('Ctrl Pts',(-27.5336717514851,6.02492719693989E-13,
-15.0732366189094));
#3557=CARTESIAN_POINT('Ctrl Pts',(-27.5336717514851,-1.86999187132336,-15.0732366189095));
#3558=CARTESIAN_POINT('Ctrl Pts',(-27.5336717514851,-5.60920617152231,-15.9264536771403));
#3559=CARTESIAN_POINT('Ctrl Pts',(-27.5336717514851,-10.1062376762805,-19.5122235939902));
#3560=CARTESIAN_POINT('Ctrl Pts',(-27.5336717514851,-12.6041993903649,-24.6982637298738));
#3561=CARTESIAN_POINT('Ctrl Pts',(-27.5336717514851,-12.6007452220578,-29.8072747521687));
#3562=CARTESIAN_POINT('Ctrl Pts',(-27.5336717514851,-10.5302955379444,-35.0967721780579));
#3563=CARTESIAN_POINT('Ctrl Pts',(-27.5336717514851,-6.71792667136104,-38.6351869822464));
#3564=CARTESIAN_POINT('Ctrl Pts',(-27.5336717514851,-0.68111830124584,-40.4977659326211));
#3565=CARTESIAN_POINT('Ctrl Pts',(-27.5336717514851,4.46007065421819,-39.7218989088582));
#3566=CARTESIAN_POINT('Ctrl Pts',(-27.5336717514851,9.67798931505102,-36.1625821078427));
#3567=CARTESIAN_POINT('Ctrl Pts',(-27.5336717514851,12.279863100639,-31.6617664925157));
#3568=CARTESIAN_POINT('Ctrl Pts',(-27.5336717514851,12.7514857537335,-25.3627015929271));
#3569=CARTESIAN_POINT('Ctrl Pts',(-27.5336717514851,10.6167606698702,-19.9111707916773));
#3570=CARTESIAN_POINT('Ctrl Pts',(-27.5336717514851,5.60356901411041,-15.9263706882048));
#3571=CARTESIAN_POINT('Ctrl Pts',(-27.5336717514851,1.8699918713238,-15.0732366189095));
#3572=CARTESIAN_POINT('Ctrl Pts',(-27.5336717514851,-8.3354548936972E-14,
-15.0732366189095));
#3573=CARTESIAN_POINT('Ctrl Pts',(-27.5,6.11455330812305E-13,-15.0732366189094));
#3574=CARTESIAN_POINT('Ctrl Pts',(-27.5,-1.86998734117212,-15.0732366189094));
#3575=CARTESIAN_POINT('Ctrl Pts',(-27.5,-5.60920726301792,-15.9264556133604));
#3576=CARTESIAN_POINT('Ctrl Pts',(-27.5,-10.1062344186542,-19.5122255671302));
#3577=CARTESIAN_POINT('Ctrl Pts',(-27.5,-12.6041990362189,-24.6982650633568));
#3578=CARTESIAN_POINT('Ctrl Pts',(-27.5,-12.6007415071776,-29.8072759056303));
#3579=CARTESIAN_POINT('Ctrl Pts',(-27.5,-10.5302965687287,-35.0967691421268));
#3580=CARTESIAN_POINT('Ctrl Pts',(-27.5,-6.71792339121884,-38.6351846639379));
#3581=CARTESIAN_POINT('Ctrl Pts',(-27.5,-0.681118675255295,-40.497764628557));
#3582=CARTESIAN_POINT('Ctrl Pts',(-27.5,4.46007178245826,-39.7218951018231));
#3583=CARTESIAN_POINT('Ctrl Pts',(-27.5,9.67798597978684,-36.1625835637328));
#3584=CARTESIAN_POINT('Ctrl Pts',(-27.5,12.2798607047672,-31.6617643368972));
#3585=CARTESIAN_POINT('Ctrl Pts',(-27.5,12.7514839025396,-25.3627016519107));
#3586=CARTESIAN_POINT('Ctrl Pts',(-27.5,10.6167590258816,-19.911173322896));
#3587=CARTESIAN_POINT('Ctrl Pts',(-27.5,5.60356964092412,-15.9263728097845));
#3588=CARTESIAN_POINT('Ctrl Pts',(-27.5,1.86998734117256,-15.0732366189095));
#3589=CARTESIAN_POINT('Ctrl Pts',(-27.5,-8.38218383591993E-14,-15.0732366189095));
#3590=CARTESIAN_POINT('',(-27.5,6.03961325396085E-13,-15.0732366189094));
#3591=CARTESIAN_POINT('Ctrl Pts',(-28.5,5.91645678915759E-30,-14.0732366189095));
#3592=CARTESIAN_POINT('Ctrl Pts',(-28.5,5.91645678915759E-30,-14.4874501812826));
#3593=CARTESIAN_POINT('Ctrl Pts',(-27.9142135623731,5.91645678915759E-30,
-15.0732366189095));
#3594=CARTESIAN_POINT('Ctrl Pts',(-27.5,1.97215226305253E-30,-15.0732366189095));
#3595=CARTESIAN_POINT('Ctrl Pts',(-27.5,6.11455330812305E-13,-15.0732366189094));
#3596=CARTESIAN_POINT('Ctrl Pts',(-27.5,-1.86998734117212,-15.0732366189094));
#3597=CARTESIAN_POINT('Ctrl Pts',(-27.5,-5.60920726301792,-15.9264556133604));
#3598=CARTESIAN_POINT('Ctrl Pts',(-27.5,-10.1062344186542,-19.5122255671302));
#3599=CARTESIAN_POINT('Ctrl Pts',(-27.5,-12.6041990362189,-24.6982650633568));
#3600=CARTESIAN_POINT('Ctrl Pts',(-27.5,-12.6007415071776,-29.8072759056303));
#3601=CARTESIAN_POINT('Ctrl Pts',(-27.5,-10.5302965687287,-35.0967691421268));
#3602=CARTESIAN_POINT('Ctrl Pts',(-27.5,-6.71792339121884,-38.6351846639379));
#3603=CARTESIAN_POINT('Ctrl Pts',(-27.5,-0.681118675255295,-40.497764628557));
#3604=CARTESIAN_POINT('Ctrl Pts',(-27.5,4.46007178245826,-39.7218951018231));
#3605=CARTESIAN_POINT('Ctrl Pts',(-27.5,9.67798597978684,-36.1625835637328));
#3606=CARTESIAN_POINT('Ctrl Pts',(-27.5,12.2798607047672,-31.6617643368972));
#3607=CARTESIAN_POINT('Ctrl Pts',(-27.5,12.7514839025396,-25.3627016519107));
#3608=CARTESIAN_POINT('Ctrl Pts',(-27.5,10.6167590258816,-19.911173322896));
#3609=CARTESIAN_POINT('Ctrl Pts',(-27.5,5.60356964092412,-15.9263728097845));
#3610=CARTESIAN_POINT('Ctrl Pts',(-27.5,1.86998734117256,-15.0732366189095));
#3611=CARTESIAN_POINT('Ctrl Pts',(-27.5,-8.38218383591993E-14,-15.0732366189095));
#3612=CARTESIAN_POINT('Origin',(-25.,1.97215226305253E-30,-27.5732366189095));
#3613=CARTESIAN_POINT('',(-25.,1.53080849893419E-15,-15.0732366189095));
#3614=CARTESIAN_POINT('Origin',(-28.5,5.91645678915759E-30,17.5));
#3615=CARTESIAN_POINT('',(-28.5,-1.83697019872097E-16,19.));
#3616=CARTESIAN_POINT('Origin',(-28.,-30.,-37.5));
#3617=CARTESIAN_POINT('Origin',(-28.,-49.5,-37.5));
#3618=CARTESIAN_POINT('Origin',(-28.,-30.,-37.5));
#3619=CARTESIAN_POINT('Origin',(-28.,-49.5,-28.75));
#3620=CARTESIAN_POINT('Origin',(-28.,30.,-37.5));
#3621=CARTESIAN_POINT('Origin',(-25.,-30.,-37.5));
#3622=CARTESIAN_POINT('Origin',(-10.,-7.105427357601E-14,47.5));
#3623=CARTESIAN_POINT('',(-10.,99.9999999999999,37.5));
#3624=CARTESIAN_POINT('',(-10.,99.9999999999999,57.5));
#3625=CARTESIAN_POINT('',(-10.,-100.,37.5));
#3626=CARTESIAN_POINT('',(-10.,99.9999999999999,37.5));
#3627=CARTESIAN_POINT('',(-10.,-100.,57.5));
#3628=CARTESIAN_POINT('',(-10.,-100.,37.5));
#3629=CARTESIAN_POINT('',(-10.,-100.,57.5));
#3630=CARTESIAN_POINT('Origin',(0.,99.9999999999999,57.5));
#3631=CARTESIAN_POINT('',(0.,99.9999999999999,37.5));
#3632=CARTESIAN_POINT('',(0.,99.9999999999999,57.5));
#3633=CARTESIAN_POINT('',(0.,99.9999999999999,37.5));
#3634=CARTESIAN_POINT('Origin',(0.,-7.105427357601E-14,47.5));
#3635=CARTESIAN_POINT('',(0.,50.,37.5));
#3636=CARTESIAN_POINT('',(0.,50.,57.5));
#3637=CARTESIAN_POINT('',(0.,99.9999999999999,37.5));
#3638=CARTESIAN_POINT('Origin',(0.,50.,-57.5));
#3639=CARTESIAN_POINT('',(37.,50.,54.5));
#3640=CARTESIAN_POINT('',(37.,50.,57.5));
#3641=CARTESIAN_POINT('',(3.,50.,54.5));
#3642=CARTESIAN_POINT('',(0.,50.,54.5));
#3643=CARTESIAN_POINT('',(3.,50.,-37.5));
#3644=CARTESIAN_POINT('',(3.,50.,-28.75));
#3645=CARTESIAN_POINT('',(0.,50.,-37.5));
#3646=CARTESIAN_POINT('',(0.,50.,-37.5));
#3647=CARTESIAN_POINT('',(0.,50.,57.5));
#3648=CARTESIAN_POINT('Origin',(0.,-7.105427357601E-14,47.5));
#3649=CARTESIAN_POINT('',(0.,-100.,57.5));
#3650=CARTESIAN_POINT('',(0.,-100.,57.5));
#3651=CARTESIAN_POINT('',(0.,-100.,37.5));
#3652=CARTESIAN_POINT('',(0.,-100.,37.5));
#3653=CARTESIAN_POINT('',(0.,-50.,37.5));
#3654=CARTESIAN_POINT('',(0.,99.9999999999999,37.5));
#3655=CARTESIAN_POINT('',(0.,-50.,54.));
#3656=CARTESIAN_POINT('Origin',(0.,99.9999999999999,37.5));
#3657=CARTESIAN_POINT('',(0.,50.,37.5));
#3658=CARTESIAN_POINT('',(0.,-100.,37.5));
#3659=CARTESIAN_POINT('Origin',(0.,-100.,37.5));
#3660=CARTESIAN_POINT('',(0.,-100.,57.5));
#3661=CARTESIAN_POINT('Origin',(0.,0.,0.));
#3662=CARTESIAN_POINT('',(-1.2490009027033E-15,32.9891371222437,-57.2753649590696));
#3663=CARTESIAN_POINT('Origin',(0.,30.,-37.5));
#3664=CARTESIAN_POINT('',(-2.82551759767102E-12,32.5066575909061,-57.5));
#3665=CARTESIAN_POINT('Ctrl Pts',(-3.11366028826754E-5,32.5066218597183,
-57.5));
#3666=CARTESIAN_POINT('Ctrl Pts',(-2.55030448716448E-5,32.5368655543135,
-57.5000003599113));
#3667=CARTESIAN_POINT('Ctrl Pts',(-5.26886919584531E-5,32.5670340091655,
-57.497836320301));
#3668=CARTESIAN_POINT('Ctrl Pts',(-9.03142140500843E-5,32.5968958457833,
-57.4936160748154));
#3669=CARTESIAN_POINT('Ctrl Pts',(-0.000127453154049658,32.6263715021136,
-57.489450406536));
#3670=CARTESIAN_POINT('Ctrl Pts',(-0.000174164371411739,32.655549393655,
-57.4832807178812));
#3671=CARTESIAN_POINT('Ctrl Pts',(-0.000211577210075045,32.6841867443047,
-57.4751662232631));
#3672=CARTESIAN_POINT('Ctrl Pts',(-0.000245460685682883,32.7101225729369,
-57.467817214466));
#3673=CARTESIAN_POINT('Ctrl Pts',(-0.000271407774612352,32.7356153703086,
-57.4588721920873));
#3674=CARTESIAN_POINT('Ctrl Pts',(-0.000283614963048837,32.7604597850008,
-57.448349182173));
#3675=CARTESIAN_POINT('Ctrl Pts',(-0.000296100312689237,32.7858703212325,
-57.4375863878787));
#3676=CARTESIAN_POINT('Ctrl Pts',(-0.000297798238389217,32.8105231596481,
-57.4252081436159));
#3677=CARTESIAN_POINT('Ctrl Pts',(-0.000278935221780352,32.8341826105698,
-57.4112334036622));
#3678=CARTESIAN_POINT('Ctrl Pts',(-0.000261323699855252,32.8562723402925,
-57.3981858384611));
#3679=CARTESIAN_POINT('Ctrl Pts',(-0.000225510176366335,32.877496474467,
-57.3837460090986));
#3680=CARTESIAN_POINT('Ctrl Pts',(-0.000180036572790698,32.8976273775735,
-57.3679102940551));
#3681=CARTESIAN_POINT('Ctrl Pts',(-0.000141536197332014,32.9146712726462,
-57.3545029340288));
#3682=CARTESIAN_POINT('Ctrl Pts',(-9.62168457166449E-5,32.9309311883876,
-57.3400945502594));
#3683=CARTESIAN_POINT('Ctrl Pts',(-6.19340297868531E-5,32.9462435629815,
-57.3246753587252));
#3684=CARTESIAN_POINT('Ctrl Pts',(-2.74448260653718E-5,32.9616481204097,
-57.3091633413025));
#3685=CARTESIAN_POINT('Ctrl Pts',(1.90283576370061E-7,32.975996996916,-57.2927231034137));
#3686=CARTESIAN_POINT('Ctrl Pts',(-9.71445146547012E-16,32.9891371222436,
-57.275364959069));
#3687=CARTESIAN_POINT('',(-2.82496248615871E-12,-32.5066575909061,-57.5));
#3688=CARTESIAN_POINT('',(0.,-34.25,-57.5));
#3689=CARTESIAN_POINT('',(0.,-32.9891371222426,-57.2753649590705));
#3690=CARTESIAN_POINT('Ctrl Pts',(2.77555756156289E-16,-32.9891371222426,
-57.2753649590705));
#3691=CARTESIAN_POINT('Ctrl Pts',(4.177798486708E-7,-32.9796899386841,-57.2878445076919));
#3692=CARTESIAN_POINT('Ctrl Pts',(-1.43792417490362E-5,-32.9696133217109,
-57.2998552839848));
#3693=CARTESIAN_POINT('Ctrl Pts',(-3.50982152710899E-5,-32.9589632073442,
-57.3113927170913));
#3694=CARTESIAN_POINT('Ctrl Pts',(-6.81935303478775E-5,-32.9419513177254,
-57.32982195942));
#3695=CARTESIAN_POINT('Ctrl Pts',(-0.000121195434706916,-32.9236038747604,
-57.3469121797861));
#3696=CARTESIAN_POINT('Ctrl Pts',(-0.00016555409413066,-32.9041771294446,
-57.3626773457462));
#3697=CARTESIAN_POINT('Ctrl Pts',(-0.000212885159758685,-32.8834486275146,
-57.3794989114649));
#3698=CARTESIAN_POINT('Ctrl Pts',(-0.000250660059938114,-32.8614909994412,
-57.3948124486228));
#3699=CARTESIAN_POINT('Ctrl Pts',(-0.000270618229164632,-32.8385630910614,
-57.4086192729789));
#3700=CARTESIAN_POINT('Ctrl Pts',(-0.000283272750518053,-32.8240256000276,
-57.417373520508));
#3701=CARTESIAN_POINT('Ctrl Pts',(-0.000289278159428545,-32.8090969998034,
-57.4255216921138));
#3702=CARTESIAN_POINT('Ctrl Pts',(-0.000290632880945121,-32.7938345072033,
-57.4330596176723));
#3703=CARTESIAN_POINT('Ctrl Pts',(-0.000292946133149259,-32.7677730663716,
-57.4459309884296));
#3704=CARTESIAN_POINT('Ctrl Pts',(-0.000276358993125091,-32.7408300445129,
-57.4569789417599));
#3705=CARTESIAN_POINT('Ctrl Pts',(-0.000245844431280506,-32.7132764233135,
-57.4661890664494));
#3706=CARTESIAN_POINT('Ctrl Pts',(-0.000224831493473931,-32.6943024484763,
-57.4725313425822));
#3707=CARTESIAN_POINT('Ctrl Pts',(-0.000197681451220021,-32.6750378431013,
-57.4780016098537));
#3708=CARTESIAN_POINT('Ctrl Pts',(-0.000169926575066578,-32.6555605660258,
-57.4825864757377));
#3709=CARTESIAN_POINT('Ctrl Pts',(-0.000127427841903605,-32.6257366317881,
-57.4896068994902));
#3710=CARTESIAN_POINT('Ctrl Pts',(-8.17513913589649E-5,-32.595438954369,
-57.4945476384552));
#3711=CARTESIAN_POINT('Ctrl Pts',(-5.45082398805685E-5,-32.5649286188805,
-57.4973330479332));
#3712=CARTESIAN_POINT('Ctrl Pts',(-3.72123478534852E-5,-32.5455584858495,
-57.499101424166));
#3713=CARTESIAN_POINT('Ctrl Pts',(-2.75079943868636E-5,-32.526102004758,
-57.500000231821));
#3714=CARTESIAN_POINT('Ctrl Pts',(-3.1136602882148E-5,-32.5066218597183,
-57.5));
#3715=CARTESIAN_POINT('',(0.,-50.,-37.5));
#3716=CARTESIAN_POINT('Origin',(0.,-30.,-37.5));
#3717=CARTESIAN_POINT('',(0.,-50.,54.));
#3718=CARTESIAN_POINT('',(0.,-1.53080849893419E-15,-15.0732366189095));
#3719=CARTESIAN_POINT('Origin',(0.,0.,-27.5732366189095));
#3720=CARTESIAN_POINT('',(0.,-1.83697019872103E-16,19.));
#3721=CARTESIAN_POINT('Origin',(0.,0.,17.5));
#3722=CARTESIAN_POINT('Ctrl Pts',(2.99999999828215,-29.5172954972046,-57.5));
#3723=CARTESIAN_POINT('Ctrl Pts',(3.93411772246556,-27.9687712749613,-57.5));
#3724=CARTESIAN_POINT('Ctrl Pts',(4.69576316906821,-24.7415938033996,-57.5));
#3725=CARTESIAN_POINT('Ctrl Pts',(3.7005882914197,-21.6440976694779,-57.5));
#3726=CARTESIAN_POINT('Ctrl Pts',(2.99999999828215,-20.4827045027954,-57.5));
#3727=CARTESIAN_POINT('Ctrl Pts',(3.11437644420106,-29.5862909083369,-57.5));
#3728=CARTESIAN_POINT('Ctrl Pts',(4.06308477681716,-28.0142578046656,-57.5000120274079));
#3729=CARTESIAN_POINT('Ctrl Pts',(4.83676415210902,-24.7376273306493,-57.5000171843727));
#3730=CARTESIAN_POINT('Ctrl Pts',(3.82590769366313,-21.5927339194165,-57.5000090205559));
#3731=CARTESIAN_POINT('Ctrl Pts',(3.11437644420106,-20.4137090916631,-57.5));
#3732=CARTESIAN_POINT('Ctrl Pts',(3.34201764113489,-29.7236111218381,-57.3868047768576));
#3733=CARTESIAN_POINT('Ctrl Pts',(4.31960516226297,-28.1049945150832,-57.3861811958469));
#3734=CARTESIAN_POINT('Ctrl Pts',(5.11715397012994,-24.7295993444139,-57.3856592710255));
#3735=CARTESIAN_POINT('Ctrl Pts',(4.07520828198094,-21.4903513332281,-57.3863370910996));
#3736=CARTESIAN_POINT('Ctrl Pts',(3.34201764113489,-20.2763888781619,-57.3868047768576));
#3737=CARTESIAN_POINT('Ctrl Pts',(3.43158590887423,-29.7776414722956,-57.117456005256));
#3738=CARTESIAN_POINT('Ctrl Pts',(4.42008081648044,-28.1399671894367,-57.1157037637224));
#3739=CARTESIAN_POINT('Ctrl Pts',(5.22624208604644,-24.7267498699209,-57.1142398557617));
#3740=CARTESIAN_POINT('Ctrl Pts',(4.17295708957889,-21.4506142398486,-57.1161418241058));
#3741=CARTESIAN_POINT('Ctrl Pts',(3.43158590887423,-20.2223585277044,-57.117456005256));
#3742=CARTESIAN_POINT('Ctrl Pts',(3.42791434020864,-29.7754266684734,-56.9839496295059));
#3743=CARTESIAN_POINT('Ctrl Pts',(4.41533221992469,-28.1384153478163,-56.9818700901929));
#3744=CARTESIAN_POINT('Ctrl Pts',(5.22043456067796,-24.7268277350224,-56.9801372234465));
#3745=CARTESIAN_POINT('Ctrl Pts',(4.16847774999567,-21.4523318220194,-56.9823899750212));
#3746=CARTESIAN_POINT('Ctrl Pts',(3.42791434020864,-20.2245733315266,-56.9839496295059));
#3747=CARTESIAN_POINT('',(2.99999999828215,-29.5172954972046,-57.5));
#3748=CARTESIAN_POINT('',(3.5,-29.6543480021926,-57.));
#3749=CARTESIAN_POINT('Ctrl Pts',(3.00000000000088,-29.5172954943554,-57.5));
#3750=CARTESIAN_POINT('Ctrl Pts',(3.00105667476334,-29.517589526302,-57.5));
#3751=CARTESIAN_POINT('Ctrl Pts',(3.00211331989344,-29.5178835097652,-57.4999964582176));
#3752=CARTESIAN_POINT('Ctrl Pts',(3.00316992080924,-29.5181774411786,-57.4999893831604));
#3753=CARTESIAN_POINT('Ctrl Pts',(3.02949308920521,-29.5255001738915,-57.4998131217938));
#3754=CARTESIAN_POINT('Ctrl Pts',(3.0557445568788,-29.5327785285885,-57.4974486722346));
#3755=CARTESIAN_POINT('Ctrl Pts',(3.08169961841421,-29.5399572101583,-57.4930213112605));
#3756=CARTESIAN_POINT('Ctrl Pts',(3.09306340213041,-29.543100218878,-57.491082900424));
#3757=CARTESIAN_POINT('Ctrl Pts',(3.104370295994,-29.5462241431992,-57.4887483600292));
#3758=CARTESIAN_POINT('Ctrl Pts',(3.1156007454721,-29.5493242242489,-57.486025170573));
#3759=CARTESIAN_POINT('Ctrl Pts',(3.14128202465958,-29.5564133480724,-57.4797979052403));
#3760=CARTESIAN_POINT('Ctrl Pts',(3.16647635522979,-29.5633536611183,-57.4715630391453));
#3761=CARTESIAN_POINT('Ctrl Pts',(3.19095043646286,-29.5700855784847,-57.4614163575681));
#3762=CARTESIAN_POINT('Ctrl Pts',(3.20149005452145,-29.5729846388076,-57.4570467492725));
#3763=CARTESIAN_POINT('Ctrl Pts',(3.21189586598907,-29.5758449640181,-57.4523219830062));
#3764=CARTESIAN_POINT('Ctrl Pts',(3.22214782995975,-29.5786611832238,-57.4472471384139));
#3765=CARTESIAN_POINT('Ctrl Pts',(3.24567142474503,-29.5851231255025,-57.4356026780813));
#3766=CARTESIAN_POINT('Ctrl Pts',(3.26825949132796,-29.5913182810633,-57.422181141411));
#3767=CARTESIAN_POINT('Ctrl Pts',(3.28968413790174,-29.5971824744063,-57.4070696030255));
#3768=CARTESIAN_POINT('Ctrl Pts',(3.31032063512113,-29.6028309414276,-57.392513973424));
#3769=CARTESIAN_POINT('Ctrl Pts',(3.32987853192551,-29.6081728676438,-57.376389693692));
#3770=CARTESIAN_POINT('Ctrl Pts',(3.34812510781557,-29.6131353388214,-57.3587397039362));
#3771=CARTESIAN_POINT('Ctrl Pts',(3.35185426610145,-29.6141495477679,-57.3551324734104));
#3772=CARTESIAN_POINT('Ctrl Pts',(3.35552852841681,-29.6151478386983,-57.3514614139028));
#3773=CARTESIAN_POINT('Ctrl Pts',(3.35914570523463,-29.6161294751641,-57.3477267426414));
#3774=CARTESIAN_POINT('Ctrl Pts',(3.36453499991994,-29.6175920324164,-57.34216239094));
#3775=CARTESIAN_POINT('Ctrl Pts',(3.36979758540484,-29.6190176268869,-57.3364568318482));
#3776=CARTESIAN_POINT('Ctrl Pts',(3.37492989476864,-29.6204059945211,-57.3306151025676));
#3777=CARTESIAN_POINT('Ctrl Pts',(3.39216954019629,-29.6250695804509,-57.3109924854682));
#3778=CARTESIAN_POINT('Ctrl Pts',(3.40780683858286,-29.6292781649799,-57.2899898592732));
#3779=CARTESIAN_POINT('Ctrl Pts',(3.4217563938612,-29.6330337059816,-57.2678428925029));
#3780=CARTESIAN_POINT('Ctrl Pts',(3.43564599074966,-29.6367731048063,-57.2457911184784));
#3781=CARTESIAN_POINT('Ctrl Pts',(3.44786275286482,-29.6400636270975,-57.2226035514474));
#3782=CARTESIAN_POINT('Ctrl Pts',(3.45828410025208,-29.6428824378375,-57.1984913067254));
#3783=CARTESIAN_POINT('Ctrl Pts',(3.46256448047137,-29.6440402134383,-57.1885876376972));
#3784=CARTESIAN_POINT('Ctrl Pts',(3.46654148744334,-29.6451180966243,-57.1785278298533));
#3785=CARTESIAN_POINT('Ctrl Pts',(3.47020447495585,-29.64611310818,-57.1683262168419));
#3786=CARTESIAN_POINT('Ctrl Pts',(3.47915644040255,-29.6485448142763,-57.1433945219161));
#3787=CARTESIAN_POINT('Ctrl Pts',(3.48615483795259,-29.650461699227,-57.1178419521012));
#3788=CARTESIAN_POINT('Ctrl Pts',(3.49111539322797,-29.6518348999697,-57.0919041444292));
#3789=CARTESIAN_POINT('Ctrl Pts',(3.49595368007887,-29.6531742538783,-57.0666056552816));
#3790=CARTESIAN_POINT('Ctrl Pts',(3.49885358917442,-29.653996552275,-57.0409394510515));
#3791=CARTESIAN_POINT('Ctrl Pts',(3.49969734347394,-29.6542474480666,-57.0151161042107));
#3792=CARTESIAN_POINT('Ctrl Pts',(3.49986182741909,-29.6542963584302,-57.0100820250151));
#3793=CARTESIAN_POINT('Ctrl Pts',(3.49994804189822,-29.6543234636856,-57.0050419807888));
#3794=CARTESIAN_POINT('Ctrl Pts',(3.49995492061524,-29.6543282266342,-56.9999975551382));
#3795=CARTESIAN_POINT('',(2.99999999828215,-20.4827045027954,-57.5));
#3796=CARTESIAN_POINT('Ctrl Pts',(2.99999999828215,-29.5172954972046,-57.5));
#3797=CARTESIAN_POINT('Ctrl Pts',(3.93411772246556,-27.9687712749613,-57.5));
#3798=CARTESIAN_POINT('Ctrl Pts',(4.69576316906821,-24.7415938033996,-57.5));
#3799=CARTESIAN_POINT('Ctrl Pts',(3.7005882914197,-21.6440976694779,-57.5));
#3800=CARTESIAN_POINT('Ctrl Pts',(2.99999999828215,-20.4827045027954,-57.5));
#3801=CARTESIAN_POINT('',(3.5,-20.3456519978074,-57.));
#3802=CARTESIAN_POINT('Ctrl Pts',(3.49997655879584,-20.3456712687383,-56.9999974980838));
#3803=CARTESIAN_POINT('Ctrl Pts',(3.49995189261946,-20.3456879763281,-57.0179720016068));
#3804=CARTESIAN_POINT('Ctrl Pts',(3.49892031891635,-20.345987518258,-57.0359268123177));
#3805=CARTESIAN_POINT('Ctrl Pts',(3.49691508267054,-20.3465520736696,-57.0537898082865));
#3806=CARTESIAN_POINT('Ctrl Pts',(3.49402300910626,-20.34736630979,-57.0795529065389));
#3807=CARTESIAN_POINT('Ctrl Pts',(3.48912648437725,-20.3487265947213,-57.1049633029143));
#3808=CARTESIAN_POINT('Ctrl Pts',(3.48236186136542,-20.3505792032935,-57.1298141729778));
#3809=CARTESIAN_POINT('Ctrl Pts',(3.475421283168,-20.3524800002253,-57.1553114411402));
#3810=CARTESIAN_POINT('Ctrl Pts',(3.46651388598997,-20.3548992508574,-57.1802209843754));
#3811=CARTESIAN_POINT('Ctrl Pts',(3.45574260476904,-20.3578090607776,-57.2043139732859));
#3812=CARTESIAN_POINT('Ctrl Pts',(3.45146116642842,-20.3589656707947,-57.2138906099316));
#3813=CARTESIAN_POINT('Ctrl Pts',(3.44688478350487,-20.3602000993774,-57.2233380673452));
#3814=CARTESIAN_POINT('Ctrl Pts',(3.44201819767334,-20.3615117694991,-57.2326410317549));
#3815=CARTESIAN_POINT('Ctrl Pts',(3.42969866178422,-20.3648322014607,-57.2561910538623));
#3816=CARTESIAN_POINT('Ctrl Pts',(3.41562980510977,-20.3686168172527,-57.2786108218358));
#3817=CARTESIAN_POINT('Ctrl Pts',(3.39995048058239,-20.3728434068411,-57.299692190791));
#3818=CARTESIAN_POINT('Ctrl Pts',(3.38737262540446,-20.3762339503333,-57.3166035319147));
#3819=CARTESIAN_POINT('Ctrl Pts',(3.37375739128521,-20.3799095559129,-57.3326538347393));
#3820=CARTESIAN_POINT('Ctrl Pts',(3.35915738662633,-20.3838707161814,-57.3477267307364));
#3821=CARTESIAN_POINT('Ctrl Pts',(3.34799275477848,-20.3868998176866,-57.359252982859));
#3822=CARTESIAN_POINT('Ctrl Pts',(3.33625189970829,-20.3900961434805,-57.3702075475836));
#3823=CARTESIAN_POINT('Ctrl Pts',(3.32398782315388,-20.3934426108571,-57.3805723665161));
#3824=CARTESIAN_POINT('Ctrl Pts',(3.30437684687864,-20.3987938080744,-57.3971463186828));
#3825=CARTESIAN_POINT('Ctrl Pts',(3.28356580069737,-20.4044903060779,-57.4120989591008));
#3826=CARTESIAN_POINT('Ctrl Pts',(3.26179748871367,-20.4104586620309,-57.4253911286281));
#3827=CARTESIAN_POINT('Ctrl Pts',(3.23929412481508,-20.4166285518225,-57.4391321356525));
#3828=CARTESIAN_POINT('Ctrl Pts',(3.21576684613242,-20.4230895579922,-57.4510993707239));
#3829=CARTESIAN_POINT('Ctrl Pts',(3.19145046306181,-20.4297777452414,-57.4612101228146));
#3830=CARTESIAN_POINT('Ctrl Pts',(3.18567293342074,-20.4313668467112,-57.4636124196418));
#3831=CARTESIAN_POINT('Ctrl Pts',(3.17985074806062,-20.4329688243461,-57.465909714123));
#3832=CARTESIAN_POINT('Ctrl Pts',(3.17398688148709,-20.4345828987909,-57.4681005115238));
#3833=CARTESIAN_POINT('Ctrl Pts',(3.14906059344647,-20.4414440515857,-57.4774132143908));
#3834=CARTESIAN_POINT('Ctrl Pts',(3.12352456711338,-20.448483480165,-57.4847521378761));
#3835=CARTESIAN_POINT('Ctrl Pts',(3.09762042705617,-20.4556410382783,-57.490039226335));
#3836=CARTESIAN_POINT('Ctrl Pts',(3.07208460292132,-20.4626968272299,-57.4952511407538));
#3837=CARTESIAN_POINT('Ctrl Pts',(3.04618995705365,-20.4698680742314,-57.4984695672891));
#3838=CARTESIAN_POINT('Ctrl Pts',(3.02015359604652,-20.4771011731857,-57.4995723730752));
#3839=CARTESIAN_POINT('Ctrl Pts',(3.01449833983468,-20.4786722463392,-57.4998119092097));
#3840=CARTESIAN_POINT('Ctrl Pts',(3.00883637820109,-20.4802462316842,-57.4999514402819));
#3841=CARTESIAN_POINT('Ctrl Pts',(3.00316992173126,-20.4818225587993,-57.4999893831604));
#3842=CARTESIAN_POINT('Ctrl Pts',(3.00211332020088,-20.4821164902274,-57.4999964582176));
#3843=CARTESIAN_POINT('Ctrl Pts',(3.00105667476334,-20.482410473698,-57.5));
#3844=CARTESIAN_POINT('Ctrl Pts',(3.00000000000088,-20.4827045056446,-57.5));
#3845=CARTESIAN_POINT('',(3.49999999995575,-20.3461736119491,-56.9837977590021));
#3846=CARTESIAN_POINT('Ctrl Pts',(3.49998750554987,-20.3461842962741,-56.9837977899705));
#3847=CARTESIAN_POINT('Ctrl Pts',(3.49998794886711,-20.3458360285833,-56.989213251962));
#3848=CARTESIAN_POINT('Ctrl Pts',(3.49998399296212,-20.3456663442101,-56.9946139192701));
#3849=CARTESIAN_POINT('Ctrl Pts',(3.49997655879584,-20.3456712687383,-56.9999974980838));
#3850=CARTESIAN_POINT('',(3.49999999995575,-29.6538263880509,-56.9837977590021));
#3851=CARTESIAN_POINT('Ctrl Pts',(3.49998602317474,-20.3461817502511,-56.9837977930945));
#3852=CARTESIAN_POINT('Ctrl Pts',(4.19774151820058,-21.5445969750449,-56.9823273087851));
#3853=CARTESIAN_POINT('Ctrl Pts',(5.194646492739,-24.7287279573714,-56.9801925697646));
#3854=CARTESIAN_POINT('Ctrl Pts',(4.43764407171057,-28.0423357772818,-56.9818220648794));
#3855=CARTESIAN_POINT('Ctrl Pts',(3.49996953270706,-29.6538086586783,-56.983797840394));
#3856=CARTESIAN_POINT('Ctrl Pts',(3.49995492061524,-29.6543282266342,-56.9999975551382));
#3857=CARTESIAN_POINT('Ctrl Pts',(3.49996233318915,-29.6543332129969,-56.9946061182663));
#3858=CARTESIAN_POINT('Ctrl Pts',(3.49996627082795,-29.6541629479636,-56.9892054530738));
#3859=CARTESIAN_POINT('Ctrl Pts',(3.49996574027391,-29.6538151762886,-56.983797848385));
#3860=CARTESIAN_POINT('Ctrl Pts',(-0.204577997204155,-32.6253762359779,
-57.5));
#3861=CARTESIAN_POINT('Ctrl Pts',(0.939691623817303,-31.9818425407147,-57.5));
#3862=CARTESIAN_POINT('Ctrl Pts',(1.93612339451457,-31.0772026177979,-57.5));
#3863=CARTESIAN_POINT('Ctrl Pts',(2.68671669964092,-29.9999999942819,-57.5));
#3864=CARTESIAN_POINT('Ctrl Pts',(-0.123895676077946,-32.7688377667381,
-57.5));
#3865=CARTESIAN_POINT('Ctrl Pts',(1.04220723219986,-32.1136203357881,-57.5000150128689));
#3866=CARTESIAN_POINT('Ctrl Pts',(2.05767036671334,-31.1923440639961,-57.4999896257354));
#3867=CARTESIAN_POINT('Ctrl Pts',(2.82283354046983,-30.0948460215851,-57.5));
#3868=CARTESIAN_POINT('Ctrl Pts',(-0.0444341681092565,-32.9101285651506,
-57.4127480015504));
#3869=CARTESIAN_POINT('Ctrl Pts',(1.14310656670121,-32.2433996986042,-57.412186876995));
#3870=CARTESIAN_POINT('Ctrl Pts',(2.17737335101849,-31.3056562446257,-57.4116505349034));
#3871=CARTESIAN_POINT('Ctrl Pts',(2.956826047575,-30.1882118160742,-57.411267326138));
#3872=CARTESIAN_POINT('Ctrl Pts',(-1.38777878078145E-16,-32.9891371222426,
-57.2753649590705));
#3873=CARTESIAN_POINT('Ctrl Pts',(1.19921149004266,-32.315671444505,-57.2740873344385));
#3874=CARTESIAN_POINT('Ctrl Pts',(2.24385439198946,-31.3683463035536,-57.2729468158785));
#3875=CARTESIAN_POINT('Ctrl Pts',(3.03089483157727,-30.2398228427996,-57.272077957258));
#3876=CARTESIAN_POINT('',(2.68671669964092,-29.9999999942819,-57.5));
#3877=CARTESIAN_POINT('Ctrl Pts',(-1.38777878078145E-16,-32.9891371222426,
-57.2753649590705));
#3878=CARTESIAN_POINT('Ctrl Pts',(0.170983466224781,-32.880551881401,-57.2917781162991));
#3879=CARTESIAN_POINT('Ctrl Pts',(0.336889259019295,-32.7653336927544,-57.3081672090118));
#3880=CARTESIAN_POINT('Ctrl Pts',(0.497576334781274,-32.6436981679443,-57.3242408181339));
#3881=CARTESIAN_POINT('Ctrl Pts',(0.662723433948003,-32.5186865328595,-57.3407605656436));
#3882=CARTESIAN_POINT('Ctrl Pts',(0.82235765962347,-32.3868952329022,-57.3569473954333));
#3883=CARTESIAN_POINT('Ctrl Pts',(0.976294713085721,-32.2485387696279,-57.3724424258942));
#3884=CARTESIAN_POINT('Ctrl Pts',(1.13301510549955,-32.1076806803657,-57.3882176223117));
#3885=CARTESIAN_POINT('Ctrl Pts',(1.28382990263972,-31.9600170610092,-57.4032760097831));
#3886=CARTESIAN_POINT('Ctrl Pts',(1.42852040416435,-31.8057695475282,-57.4171912143121));
#3887=CARTESIAN_POINT('Ctrl Pts',(1.50057088614643,-31.7289600294621,-57.4241204680131));
#3888=CARTESIAN_POINT('Ctrl Pts',(1.57110242588987,-31.6505179338562,-57.4307654932712));
#3889=CARTESIAN_POINT('Ctrl Pts',(1.64008644231751,-31.5704709116428,-57.4370691111979));
#3890=CARTESIAN_POINT('Ctrl Pts',(1.75830211725827,-31.4332969219567,-57.4478714170994));
#3891=CARTESIAN_POINT('Ctrl Pts',(1.87127630629982,-31.2922224273669,-57.4576097511437));
#3892=CARTESIAN_POINT('Ctrl Pts',(1.97902616139349,-31.1474514409032,-57.4660369026043));
#3893=CARTESIAN_POINT('Ctrl Pts',(2.08633995723986,-31.0032663366881,-57.4744299497282));
#3894=CARTESIAN_POINT('Ctrl Pts',(2.18847154236223,-30.8554141928666,-57.4815227239772));
#3895=CARTESIAN_POINT('Ctrl Pts',(2.28542667322946,-30.7040666823374,-57.4870306802504));
#3896=CARTESIAN_POINT('Ctrl Pts',(2.3804412122046,-30.555748446785,-57.4924283927933));
#3897=CARTESIAN_POINT('Ctrl Pts',(2.47048428624822,-30.4040731386345,-57.496304304501));
#3898=CARTESIAN_POINT('Ctrl Pts',(2.55555233413402,-30.249178360659,-57.4983480813052));
#3899=CARTESIAN_POINT('Ctrl Pts',(2.59723991726851,-30.1732721997157,-57.4993496337982));
#3900=CARTESIAN_POINT('Ctrl Pts',(2.63773263001153,-30.0965925417662,-57.4999105283471));
#3901=CARTESIAN_POINT('Ctrl Pts',(2.67702942296443,-30.0191535521171,-57.4999901492791));
#3902=CARTESIAN_POINT('Ctrl Pts',(2.68026705418505,-30.0127734159345,-57.4999967091838));
#3903=CARTESIAN_POINT('Ctrl Pts',(2.68349614436545,-30.0063888942768,-57.5));
#3904=CARTESIAN_POINT('Ctrl Pts',(2.68671669565798,-29.9999999999979,-57.5));
#3905=CARTESIAN_POINT('Ctrl Pts',(-2.39617479798337E-5,-32.5066175619214,
-57.5));
#3906=CARTESIAN_POINT('Ctrl Pts',(1.05849657350658,-31.872554393681,-57.5));
#3907=CARTESIAN_POINT('Ctrl Pts',(1.98120416405909,-31.0125056335697,-57.5));
#3908=CARTESIAN_POINT('Ctrl Pts',(2.68671669964092,-29.9999999942819,-57.5));
#3909=CARTESIAN_POINT('Origin',(0.,-15.75,-57.5));
#3910=CARTESIAN_POINT('',(3.5,-15.75,54.));
#3911=CARTESIAN_POINT('',(3.49999999999998,-15.75,5.59268724391726));
#3912=CARTESIAN_POINT('',(3.5,-15.75,-28.75));
#3913=CARTESIAN_POINT('',(25.5607976278798,-15.75,54.));
#3914=CARTESIAN_POINT('',(0.,-15.75,54.));
#3915=CARTESIAN_POINT('Origin',(189.625,-15.75,-50.));
#3916=CARTESIAN_POINT('Origin',(189.625,-25.,-50.));
#3917=CARTESIAN_POINT('',(3.49999999999998,-34.25,5.59268724391726));
#3918=CARTESIAN_POINT('Ctrl Pts',(3.5,-29.6538263878996,-56.9837977590118));
#3919=CARTESIAN_POINT('Ctrl Pts',(3.5,-29.5000224172525,-54.5958165273692));
#3920=CARTESIAN_POINT('Ctrl Pts',(3.50000000000001,-29.4211847959568,-52.2560313589277));
#3921=CARTESIAN_POINT('Ctrl Pts',(3.50000000000001,-29.4211847959568,-47.1877096533509));
#3922=CARTESIAN_POINT('Ctrl Pts',(3.5,-29.5463933932427,-44.2454452506223));
#3923=CARTESIAN_POINT('Ctrl Pts',(3.5,-30.014215907235,-38.2375691766304));
#3924=CARTESIAN_POINT('Ctrl Pts',(3.5,-30.3508067360203,-35.1714900170125));
#3925=CARTESIAN_POINT('Ctrl Pts',(3.5,-31.0953424496379,-29.0438076389372));
#3926=CARTESIAN_POINT('Ctrl Pts',(3.5,-31.501479569937,-25.9815667306552));
#3927=CARTESIAN_POINT('Ctrl Pts',(3.5,-32.2730310205476,-19.9901658888728));
#3928=CARTESIAN_POINT('Ctrl Pts',(3.49999999999998,-32.6385095032613,-17.0610142168668));
#3929=CARTESIAN_POINT('Ctrl Pts',(3.49999999999998,-33.2983208198768,-11.1727379237169));
#3930=CARTESIAN_POINT('Ctrl Pts',(3.5,-33.6353896539485,-7.76530756786972));
#3931=CARTESIAN_POINT('Ctrl Pts',(3.5,-34.1134229944245,-0.939167373950153));
#3932=CARTESIAN_POINT('Ctrl Pts',(3.5,-34.25,2.47984901153914));
#3933=CARTESIAN_POINT('Ctrl Pts',(3.5,-34.25,5.59268724391726));
#3934=CARTESIAN_POINT('Ctrl Pts',(3.5,-15.75,5.59268724391726));
#3935=CARTESIAN_POINT('Ctrl Pts',(3.5,-15.75,2.47984901153914));
#3936=CARTESIAN_POINT('Ctrl Pts',(3.5,-15.8865770055755,-0.939167373950154));
#3937=CARTESIAN_POINT('Ctrl Pts',(3.5,-16.3646103460515,-7.76530756786972));
#3938=CARTESIAN_POINT('Ctrl Pts',(3.49999999999998,-16.7016791801232,-11.1727379237169));
#3939=CARTESIAN_POINT('Ctrl Pts',(3.49999999999998,-17.3614904967387,-17.0610142168668));
#3940=CARTESIAN_POINT('Ctrl Pts',(3.5,-17.7269689794524,-19.9901658888728));
#3941=CARTESIAN_POINT('Ctrl Pts',(3.5,-18.498520430063,-25.9815667306552));
#3942=CARTESIAN_POINT('Ctrl Pts',(3.5,-18.9046575503621,-29.0438076389372));
#3943=CARTESIAN_POINT('Ctrl Pts',(3.5,-19.6491932639797,-35.1714900170125));
#3944=CARTESIAN_POINT('Ctrl Pts',(3.5,-19.985784092765,-38.2375691766304));
#3945=CARTESIAN_POINT('Ctrl Pts',(3.5,-20.4536066067573,-44.2454452506223));
#3946=CARTESIAN_POINT('Ctrl Pts',(3.50000000000001,-20.5788152040432,-47.1877096533508));
#3947=CARTESIAN_POINT('Ctrl Pts',(3.50000000000001,-20.5788152040432,-50.));
#3948=CARTESIAN_POINT('Ctrl Pts',(3.50000000000001,-20.5788152040432,-52.2560313599581));
#3949=CARTESIAN_POINT('Ctrl Pts',(3.5,-20.4999775829636,-54.5958165240142));
#3950=CARTESIAN_POINT('Ctrl Pts',(3.5,-20.3461736121004,-56.9837977590118));
#3951=CARTESIAN_POINT('',(36.3605227066624,-23.0000655779784,54.));
#3952=CARTESIAN_POINT('Ctrl Pts',(36.3605227066624,-23.0000655779784,54.));
#3953=CARTESIAN_POINT('Ctrl Pts',(36.2366547544763,-22.5372098612658,54.));
#3954=CARTESIAN_POINT('Ctrl Pts',(36.070520444494,-22.0911696754951,54.));
#3955=CARTESIAN_POINT('Ctrl Pts',(35.6359478491705,-21.1516581052829,54.));
#3956=CARTESIAN_POINT('Ctrl Pts',(35.3031138058953,-20.5928483212946,54.));
#3957=CARTESIAN_POINT('Ctrl Pts',(34.5217309515868,-19.5612714720707,54.));
#3958=CARTESIAN_POINT('Ctrl Pts',(34.073740597445,-19.0880815144812,54.));
#3959=CARTESIAN_POINT('Ctrl Pts',(33.1362755996663,-18.2513484962431,54.));
#3960=CARTESIAN_POINT('Ctrl Pts',(32.5513354063118,-17.8207124546327,54.));
#3961=CARTESIAN_POINT('Ctrl Pts',(31.3063832376631,-17.0843307307765,54.));
#3962=CARTESIAN_POINT('Ctrl Pts',(30.6466617495589,-16.7780940514295,54.));
#3963=CARTESIAN_POINT('Ctrl Pts',(29.3548449111873,-16.2971885943561,54.));
#3964=CARTESIAN_POINT('Ctrl Pts',(28.5985488448034,-16.0864957389367,54.));
#3965=CARTESIAN_POINT('Ctrl Pts',(27.0593795480007,-15.8129780206616,54.));
#3966=CARTESIAN_POINT('Ctrl Pts',(26.2765335383843,-15.75,54.));
#3967=CARTESIAN_POINT('Ctrl Pts',(25.5607976278798,-15.75,54.));
#3968=CARTESIAN_POINT('',(36.7736345052968,-25.,54.2183288409704));
#3969=CARTESIAN_POINT('Ctrl Pts',(36.7736345052967,-25.,54.2183288409704));
#3970=CARTESIAN_POINT('Ctrl Pts',(36.7732750084048,-24.9972515064608,54.2178015863941));
#3971=CARTESIAN_POINT('Ctrl Pts',(36.7729145020815,-24.9945030127384,54.217275020014));
#3972=CARTESIAN_POINT('Ctrl Pts',(36.7327893974282,-24.6894425116409,54.1589071179875));
#3973=CARTESIAN_POINT('Ctrl Pts',(36.6807837967001,-24.3869049316278,54.1093480830098));
#3974=CARTESIAN_POINT('Ctrl Pts',(36.5450684553274,-23.72205404377,54.0272943973392));
#3975=CARTESIAN_POINT('Ctrl Pts',(36.4564812477551,-23.3586325723324,54.));
#3976=CARTESIAN_POINT('Ctrl Pts',(36.3605227066624,-23.0000655779784,54.));
#3977=CARTESIAN_POINT('',(36.3605227066624,-26.9999344220215,54.));
#3978=CARTESIAN_POINT('Ctrl Pts',(36.3605227066624,-26.9999344220216,54.));
#3979=CARTESIAN_POINT('Ctrl Pts',(36.3912413647126,-26.8851484242122,54.));
#3980=CARTESIAN_POINT('Ctrl Pts',(36.4212018640325,-26.7699933334116,54.00282792659));
#3981=CARTESIAN_POINT('Ctrl Pts',(36.5863932424116,-26.1113228931716,54.0329050161623));
#3982=CARTESIAN_POINT('Ctrl Pts',(36.6999613467424,-25.5601404284864,54.1111538607009));
#3983=CARTESIAN_POINT('Ctrl Pts',(36.7729145020815,-25.0054969872616,54.217275020014));
#3984=CARTESIAN_POINT('Ctrl Pts',(36.7732750084048,-25.0027484935392,54.2178015863941));
#3985=CARTESIAN_POINT('Ctrl Pts',(36.7736345052967,-25.,54.2183288409704));
#3986=CARTESIAN_POINT('',(25.5607976278798,-34.25,54.));
#3987=CARTESIAN_POINT('Ctrl Pts',(25.5607976278798,-34.25,54.));
#3988=CARTESIAN_POINT('Ctrl Pts',(26.2449605262984,-34.25,54.));
#3989=CARTESIAN_POINT('Ctrl Pts',(26.9936406142658,-34.1924371438632,54.));
#3990=CARTESIAN_POINT('Ctrl Pts',(28.4678366257398,-33.9422158095535,54.));
#3991=CARTESIAN_POINT('Ctrl Pts',(29.1933306304319,-33.7494282123314,54.));
#3992=CARTESIAN_POINT('Ctrl Pts',(30.4392705128588,-33.3083801661406,54.));
#3993=CARTESIAN_POINT('Ctrl Pts',(31.0797015155779,-33.0261709614963,54.));
#3994=CARTESIAN_POINT('Ctrl Pts',(32.2951726460166,-32.3465125533607,54.));
#3995=CARTESIAN_POINT('Ctrl Pts',(32.869972203038,-31.9486332131832,54.));
#3996=CARTESIAN_POINT('Ctrl Pts',(33.8408337929777,-31.1404059735122,54.));
#3997=CARTESIAN_POINT('Ctrl Pts',(34.3282854572195,-30.6571008209636,54.));
#3998=CARTESIAN_POINT('Ctrl Pts',(35.1805856129564,-29.5941538877662,54.));
#3999=CARTESIAN_POINT('Ctrl Pts',(35.5448180339852,-29.0140182714574,54.));
#4000=CARTESIAN_POINT('Ctrl Pts',(36.0321691830423,-28.0100638120569,54.));
#4001=CARTESIAN_POINT('Ctrl Pts',(36.2228648202472,-27.5143188011393,54.));
#4002=CARTESIAN_POINT('Ctrl Pts',(36.3605227066624,-26.9999344220216,54.));
#4003=CARTESIAN_POINT('Origin',(189.625,-34.25,-50.));
#4004=CARTESIAN_POINT('Origin',(0.,-34.25,57.5));
#4005=CARTESIAN_POINT('',(3.5,-34.25,54.));
#4006=CARTESIAN_POINT('',(3.5,-34.25,28.75));
#4007=CARTESIAN_POINT('',(0.,-34.25,54.));
#4008=CARTESIAN_POINT('Origin',(0.,-50.,-57.5));
#4009=CARTESIAN_POINT('',(3.,-30.,-57.5));
#4010=CARTESIAN_POINT('',(3.,-25.,-57.5));
#4011=CARTESIAN_POINT('',(0.,-30.,-57.5));
#4012=CARTESIAN_POINT('',(2.68671669964091,29.9999999942819,-57.5));
#4013=CARTESIAN_POINT('Ctrl Pts',(2.68671669964091,29.9999999942819,-57.5));
#4014=CARTESIAN_POINT('Ctrl Pts',(1.98120416405947,31.0125056335692,-57.5));
#4015=CARTESIAN_POINT('Ctrl Pts',(1.05849657350669,31.8725543936808,-57.5));
#4016=CARTESIAN_POINT('Ctrl Pts',(-2.39617479811938E-5,32.5066175619214,
-57.5));
#4017=CARTESIAN_POINT('',(3.,30.,-57.5));
#4018=CARTESIAN_POINT('',(0.,30.,-57.5));
#4019=CARTESIAN_POINT('',(2.99999999828215,29.5172954972046,-57.5));
#4020=CARTESIAN_POINT('',(3.,-25.,-57.5));
#4021=CARTESIAN_POINT('',(2.99999999828215,20.4827045027954,-57.5));
#4022=CARTESIAN_POINT('Ctrl Pts',(2.99999999828215,20.4827045027954,-57.5));
#4023=CARTESIAN_POINT('Ctrl Pts',(3.70058829141954,21.6440976694776,-57.5));
#4024=CARTESIAN_POINT('Ctrl Pts',(4.69576316906831,24.7415938033994,-57.5));
#4025=CARTESIAN_POINT('Ctrl Pts',(3.93411772246533,27.9687712749617,-57.5));
#4026=CARTESIAN_POINT('Ctrl Pts',(2.99999999828215,29.5172954972046,-57.5));
#4027=CARTESIAN_POINT('',(3.,-25.,-57.5));
#4028=CARTESIAN_POINT('Origin',(3.,-25.,-57.));
#4029=CARTESIAN_POINT('',(3.5,20.3456519978074,-57.));
#4030=CARTESIAN_POINT('Ctrl Pts',(3.00000000000088,20.4827045056446,-57.5));
#4031=CARTESIAN_POINT('Ctrl Pts',(3.00105667476334,20.482410473698,-57.5));
#4032=CARTESIAN_POINT('Ctrl Pts',(3.00211332020088,20.4821164902274,-57.4999964582176));
#4033=CARTESIAN_POINT('Ctrl Pts',(3.00316992173126,20.4818225587993,-57.4999893831604));
#4034=CARTESIAN_POINT('Ctrl Pts',(3.02949278507305,20.474499914841,-57.4998131239389));
#4035=CARTESIAN_POINT('Ctrl Pts',(3.05574414112883,20.4672216433172,-57.4974487296868));
#4036=CARTESIAN_POINT('Ctrl Pts',(3.0816992790234,20.4600430377167,-57.4930214728595));
#4037=CARTESIAN_POINT('Ctrl Pts',(3.09306355036561,20.4568999366384,-57.4910830301476));
#4038=CARTESIAN_POINT('Ctrl Pts',(3.1043709631799,20.4537759200951,-57.4887484356178));
#4039=CARTESIAN_POINT('Ctrl Pts',(3.11560195936021,20.4506757473734,-57.4860251704055));
#4040=CARTESIAN_POINT('Ctrl Pts',(3.14128319293135,20.4435867716052,-57.4797980460372));
#4041=CARTESIAN_POINT('Ctrl Pts',(3.1664776660529,20.4366465958517,-57.4715634115924));
#4042=CARTESIAN_POINT('Ctrl Pts',(3.19095205919512,20.4299148014725,-57.4614170462376));
#4043=CARTESIAN_POINT('Ctrl Pts',(3.20149260494549,20.4270155758931,-57.4570472452133));
#4044=CARTESIAN_POINT('Ctrl Pts',(3.21189935527289,20.4241550885966,-57.4523222485059));
#4045=CARTESIAN_POINT('Ctrl Pts',(3.22215226275718,20.4213387114063,-57.4472471365889));
#4046=CARTESIAN_POINT('Ctrl Pts',(3.24567646712262,20.4148768338662,-57.4356028327563));
#4047=CARTESIAN_POINT('Ctrl Pts',(3.26826527352492,20.4086817330948,-57.4221815001776));
#4048=CARTESIAN_POINT('Ctrl Pts',(3.28969075062172,20.4028175839257,-57.4070702101326));
#4049=CARTESIAN_POINT('Ctrl Pts',(3.31032813593086,20.397169135335,-57.3925147575857));
#4050=CARTESIAN_POINT('Ctrl Pts',(3.32988699557595,20.3918272203472,-57.3763906826295));
#4051=CARTESIAN_POINT('Ctrl Pts',(3.34813456876853,20.3868647536187,-57.3587409247025));
#4052=CARTESIAN_POINT('Ctrl Pts',(3.35186438956577,20.3858504208407,-57.3551332978972));
#4053=CARTESIAN_POINT('Ctrl Pts',(3.35553930232689,20.3848520097105,-57.3514618275428));
#4054=CARTESIAN_POINT('Ctrl Pts',(3.35915711636697,20.3838702569541,-57.347726730944));
#4055=CARTESIAN_POINT('Ctrl Pts',(3.36454674733585,20.3824076928198,-57.3421623785262));
#4056=CARTESIAN_POINT('Ctrl Pts',(3.36980966857991,20.380982091737,-57.3364568186786));
#4057=CARTESIAN_POINT('Ctrl Pts',(3.3749423118185,20.3795937177877,-57.330615088604));
#4058=CARTESIAN_POINT('Ctrl Pts',(3.39218346817745,20.3749300053044,-57.3109920256049));
#4059=CARTESIAN_POINT('Ctrl Pts',(3.40782217482121,20.3707213183773,-57.2899888908585));
#4060=CARTESIAN_POINT('Ctrl Pts',(3.42177298038838,20.366965698768,-57.2678413686627));
#4061=CARTESIAN_POINT('Ctrl Pts',(3.43566398561078,20.3632261776804,-57.2457887821649));
#4062=CARTESIAN_POINT('Ctrl Pts',(3.44788196006862,20.3599355671555,-57.2226003293421));
#4063=CARTESIAN_POINT('Ctrl Pts',(3.45830426716837,20.3571167031988,-57.1984871470562));
#4064=CARTESIAN_POINT('Ctrl Pts',(3.46258430007458,20.3559591062889,-57.188584808479));
#4065=CARTESIAN_POINT('Ctrl Pts',(3.46656102219398,20.3548813800751,-57.1785263764331));
#4066=CARTESIAN_POINT('Ctrl Pts',(3.47022378911647,20.3538865023534,-57.1683261786174));
#4067=CARTESIAN_POINT('Ctrl Pts',(3.47917686041084,20.3514546765344,-57.1433933613802));
#4068=CARTESIAN_POINT('Ctrl Pts',(3.48617604459394,20.3495377170651,-57.1178396137852));
#4069=CARTESIAN_POINT('Ctrl Pts',(3.49113703119354,20.3481644879474,-57.0919006045246));
#4070=CARTESIAN_POINT('Ctrl Pts',(3.49597572321687,20.3468251106593,-57.0666010245554));
#4071=CARTESIAN_POINT('Ctrl Pts',(3.49887571195323,20.3460028293557,-57.0409337089462));
#4072=CARTESIAN_POINT('Ctrl Pts',(3.49971919236428,20.3457519974527,-57.0151092568381));
#4073=CARTESIAN_POINT('Ctrl Pts',(3.49988354212665,20.3457031235688,-57.0100774356937));
#4074=CARTESIAN_POINT('Ctrl Pts',(3.49996968590286,20.3456760351725,-57.0050396556169));
#4075=CARTESIAN_POINT('Ctrl Pts',(3.49997655879584,20.3456712687383,-56.9999974980838));
#4076=CARTESIAN_POINT('',(3.5,-25.,-57.));
#4077=CARTESIAN_POINT('Origin',(3.,-25.,-57.));
#4078=CARTESIAN_POINT('',(3.5,-30.,-57.));
#4079=CARTESIAN_POINT('',(3.5,-25.,-57.));
#4080=CARTESIAN_POINT('Origin',(3.,-30.,-57.));
#4081=CARTESIAN_POINT('Origin',(3.5,0.,0.));
#4082=CARTESIAN_POINT('',(3.49999999995575,20.3461736119491,-56.9837977590021));
#4083=CARTESIAN_POINT('Ctrl Pts',(3.49997655879584,20.3456712687383,-56.9999974980838));
#4084=CARTESIAN_POINT('Ctrl Pts',(3.49998396848635,20.3456662763574,-56.9946060608684));
#4085=CARTESIAN_POINT('Ctrl Pts',(3.49998794822395,20.3458365338491,-56.9892053952251));
#4086=CARTESIAN_POINT('Ctrl Pts',(3.49998750554987,20.3461842962741,-56.9837977899705));
#4087=CARTESIAN_POINT('',(3.49999999999998,15.75,5.59268724391726));
#4088=CARTESIAN_POINT('Ctrl Pts',(3.5,20.3461736121004,-56.9837977590118));
#4089=CARTESIAN_POINT('Ctrl Pts',(3.5,20.4999775827475,-54.5958165273692));
#4090=CARTESIAN_POINT('Ctrl Pts',(3.50000000000001,20.5788152040432,-52.2560313589277));
#4091=CARTESIAN_POINT('Ctrl Pts',(3.50000000000001,20.5788152040432,-47.1877096533509));
#4092=CARTESIAN_POINT('Ctrl Pts',(3.5,20.4536066067573,-44.2454452506223));
#4093=CARTESIAN_POINT('Ctrl Pts',(3.5,19.985784092765,-38.2375691766304));
#4094=CARTESIAN_POINT('Ctrl Pts',(3.5,19.6491932639797,-35.1714900170125));
#4095=CARTESIAN_POINT('Ctrl Pts',(3.5,18.9046575503621,-29.0438076389372));
#4096=CARTESIAN_POINT('Ctrl Pts',(3.5,18.498520430063,-25.9815667306552));
#4097=CARTESIAN_POINT('Ctrl Pts',(3.5,17.7269689794524,-19.9901658888728));
#4098=CARTESIAN_POINT('Ctrl Pts',(3.49999999999998,17.3614904967387,-17.0610142168668));
#4099=CARTESIAN_POINT('Ctrl Pts',(3.49999999999998,16.7016791801232,-11.1727379237169));
#4100=CARTESIAN_POINT('Ctrl Pts',(3.5,16.3646103460515,-7.76530756786972));
#4101=CARTESIAN_POINT('Ctrl Pts',(3.5,15.8865770055755,-0.939167373950154));
#4102=CARTESIAN_POINT('Ctrl Pts',(3.5,15.75,2.47984901153914));
#4103=CARTESIAN_POINT('Ctrl Pts',(3.5,15.75,5.59268724391727));
#4104=CARTESIAN_POINT('',(3.5,15.75,54.));
#4105=CARTESIAN_POINT('',(3.5,15.75,28.75));
#4106=CARTESIAN_POINT('',(3.5,-25.,54.));
#4107=CARTESIAN_POINT('',(3.5,4.8017145815038E-14,-14.0732366189091));
#4108=CARTESIAN_POINT('Ctrl Pts',(3.5,4.77395900589078E-14,-14.0732366189122));
#4109=CARTESIAN_POINT('Ctrl Pts',(3.5,-2.01958632846592,-14.0732366189121));
#4110=CARTESIAN_POINT('Ctrl Pts',(3.5,-4.03575178558414,-14.5338455586292));
#4111=CARTESIAN_POINT('Ctrl Pts',(3.5,-5.85596633497044,-15.4097265536057));
#4112=CARTESIAN_POINT('Ctrl Pts',(3.5,-7.67618088435675,-16.2856075485822));
#4113=CARTESIAN_POINT('Ctrl Pts',(3.5,-9.30044452601113,-17.5767605988182));
#4114=CARTESIAN_POINT('Ctrl Pts',(3.5,-10.5579297934745,-19.1556098229933));
#4115=CARTESIAN_POINT('Ctrl Pts',(3.5,-12.2345768167589,-21.2607421218934));
#4116=CARTESIAN_POINT('Ctrl Pts',(3.5,-13.259173397037,-23.8773342855742));
#4117=CARTESIAN_POINT('Ctrl Pts',(3.5,-13.4648255550422,-26.5637277671408));
#4118=CARTESIAN_POINT('Ctrl Pts',(3.5,-13.5676516340449,-27.9069245079241));
#4119=CARTESIAN_POINT('Ctrl Pts',(3.5,-13.4657416074793,-29.2675715781787));
#4120=CARTESIAN_POINT('Ctrl Pts',(3.5,-13.163692739567,-30.5797362891268));
#4121=CARTESIAN_POINT('Ctrl Pts',(3.5,-12.5595950037423,-33.204065711023));
#4122=CARTESIAN_POINT('Ctrl Pts',(3.5,-11.1549419025309,-35.6344656956927));
#4123=CARTESIAN_POINT('Ctrl Pts',(3.5,-9.18381593070328,-37.4697426469506));
#4124=CARTESIAN_POINT('Ctrl Pts',(3.5,-8.19825294478948,-38.3873811225795));
#4125=CARTESIAN_POINT('Ctrl Pts',(3.5,-7.07107174122166,-39.1562388398554));
#4126=CARTESIAN_POINT('Ctrl Pts',(3.5,-5.85695014975044,-39.7386267841406));
#4127=CARTESIAN_POINT('Ctrl Pts',(3.5,-3.42870696680802,-40.9034026727109));
#4128=CARTESIAN_POINT('Ctrl Pts',(3.5,-0.652702232252049,-41.3222994693182));
#4129=CARTESIAN_POINT('Ctrl Pts',(3.5,2.01130951335153,-40.9254115268026));
#4130=CARTESIAN_POINT('Ctrl Pts',(3.5,3.34331538615332,-40.7269675555448));
#4131=CARTESIAN_POINT('Ctrl Pts',(3.5,4.64732301171701,-40.3245773995063));
#4132=CARTESIAN_POINT('Ctrl Pts',(3.5,5.85978803926534,-39.7379202575105));
#4133=CARTESIAN_POINT('Ctrl Pts',(3.5,8.28471809436199,-38.564605973519));
#4134=CARTESIAN_POINT('Ctrl Pts',(3.5,10.3434777573972,-36.6542237456981));
#4135=CARTESIAN_POINT('Ctrl Pts',(3.5,11.692188611204,-34.3246240834128));
#4136=CARTESIAN_POINT('Ctrl Pts',(3.5,12.3665440381074,-33.1598242522701));
#4137=CARTESIAN_POINT('Ctrl Pts',(3.5,12.8633872627037,-31.8902200625113));
#4138=CARTESIAN_POINT('Ctrl Pts',(3.5,13.1619045680414,-30.5767212019183));
#4139=CARTESIAN_POINT('Ctrl Pts',(3.5,13.6096805260479,-28.6064729110288));
#4140=CARTESIAN_POINT('Ctrl Pts',(3.5,13.6112231657227,-26.5374616107623));
#4141=CARTESIAN_POINT('Ctrl Pts',(3.5,13.1623248868737,-24.5694294796796));
#4142=CARTESIAN_POINT('Ctrl Pts',(3.5,12.7134266080248,-22.6013973485968));
#4143=CARTESIAN_POINT('Ctrl Pts',(3.5,11.8140874106521,-20.7343443866978));
#4144=CARTESIAN_POINT('Ctrl Pts',(3.5,10.5549568774043,-19.1553812668745));
#4145=CARTESIAN_POINT('Ctrl Pts',(3.5,9.29582634415641,-17.5764181470511));
#4146=CARTESIAN_POINT('Ctrl Pts',(3.5,7.67690447503331,-16.2855448693034));
#4147=CARTESIAN_POINT('Ctrl Pts',(3.5,5.85784447111081,-15.4097494872672));
#4148=CARTESIAN_POINT('Ctrl Pts',(3.5,4.03878446718836,-14.5339541052311));
#4149=CARTESIAN_POINT('Ctrl Pts',(3.5,2.01958632846651,-14.0732366189065));
#4150=CARTESIAN_POINT('Ctrl Pts',(3.5,5.13301326315382E-14,-14.0732366189064));
#4151=CARTESIAN_POINT('',(3.5,-1.83697019872103E-16,19.));
#4152=CARTESIAN_POINT('Origin',(3.5,0.,17.5));
#4153=CARTESIAN_POINT('Origin',(3.5,0.,0.));
#4154=CARTESIAN_POINT('',(3.5,-49.5,54.));
#4155=CARTESIAN_POINT('',(3.5,-25.,54.));
#4156=CARTESIAN_POINT('',(3.5,-49.5,-37.5));
#4157=CARTESIAN_POINT('',(3.5,-49.5,28.75));
#4158=CARTESIAN_POINT('Origin',(3.5,-30.,-37.5));
#4159=CARTESIAN_POINT('Origin',(0.,-50.,54.));
#4160=CARTESIAN_POINT('',(25.5607976278798,15.75,54.));
#4161=CARTESIAN_POINT('',(0.,15.75,54.));
#4162=CARTESIAN_POINT('',(36.3605227066624,23.0000655779784,54.));
#4163=CARTESIAN_POINT('Ctrl Pts',(25.5607976278798,15.75,54.));
#4164=CARTESIAN_POINT('Ctrl Pts',(26.2765335383843,15.75,54.));
#4165=CARTESIAN_POINT('Ctrl Pts',(27.0593795480007,15.8129780206616,54.));
#4166=CARTESIAN_POINT('Ctrl Pts',(28.5985488448034,16.0864957389367,54.));
#4167=CARTESIAN_POINT('Ctrl Pts',(29.3548449111873,16.2971885943561,54.));
#4168=CARTESIAN_POINT('Ctrl Pts',(30.6466617495589,16.7780940514295,54.));
#4169=CARTESIAN_POINT('Ctrl Pts',(31.3063832376631,17.0843307307765,54.));
#4170=CARTESIAN_POINT('Ctrl Pts',(32.5513354063118,17.8207124546327,54.));
#4171=CARTESIAN_POINT('Ctrl Pts',(33.1362755996664,18.2513484962431,54.));
#4172=CARTESIAN_POINT('Ctrl Pts',(34.073740597445,19.0880815144812,54.));
#4173=CARTESIAN_POINT('Ctrl Pts',(34.5217309515868,19.5612714720707,54.));
#4174=CARTESIAN_POINT('Ctrl Pts',(35.3031138058953,20.5928483212946,54.));
#4175=CARTESIAN_POINT('Ctrl Pts',(35.6359478491705,21.1516581052829,54.));
#4176=CARTESIAN_POINT('Ctrl Pts',(36.0705204444931,22.0911696754931,54.));
#4177=CARTESIAN_POINT('Ctrl Pts',(36.2366547544785,22.537209861274,54.));
#4178=CARTESIAN_POINT('Ctrl Pts',(36.3605227066624,23.0000655779784,54.));
#4179=CARTESIAN_POINT('',(36.3605227066624,34.25,54.));
#4180=CARTESIAN_POINT('',(21.5,-1.83697019872103E-16,54.));
#4181=CARTESIAN_POINT('Origin',(20.,0.,54.));
#4182=CARTESIAN_POINT('Origin',(0.,-50.,54.));
#4183=CARTESIAN_POINT('',(36.3605227066624,-49.5,54.));
#4184=CARTESIAN_POINT('',(36.3605227066624,34.25,54.));
#4185=CARTESIAN_POINT('',(0.,-49.5,54.));
#4186=CARTESIAN_POINT('Origin',(36.3605227066624,34.25,54.5));
#4187=CARTESIAN_POINT('',(36.7736345052967,25.,54.2183288409704));
#4188=CARTESIAN_POINT('Ctrl Pts',(36.3605227066624,23.0000655779784,54.));
#4189=CARTESIAN_POINT('Ctrl Pts',(36.3912870188233,23.1150221708913,54.));
#4190=CARTESIAN_POINT('Ctrl Pts',(36.4212910355645,23.2303494541194,54.0028363269145));
#4191=CARTESIAN_POINT('Ctrl Pts',(36.586467026462,23.8890316110597,54.0329554587841));
#4192=CARTESIAN_POINT('Ctrl Pts',(36.6999862090129,24.4400441156356,54.1111887664095));
#4193=CARTESIAN_POINT('Ctrl Pts',(36.7729155514857,24.9945110134167,54.2172765528098));
#4194=CARTESIAN_POINT('Ctrl Pts',(36.7732755316396,24.9972555067939,54.2178023537941));
#4195=CARTESIAN_POINT('Ctrl Pts',(36.7736345052967,25.,54.2183288409704));
#4196=CARTESIAN_POINT('',(36.7736345052968,34.25,54.2183288409704));
#4197=CARTESIAN_POINT('Origin',(36.3605227066624,34.25,54.5));
#4198=CARTESIAN_POINT('',(36.7736345052968,-49.9131117986343,54.2183288409704));
#4199=CARTESIAN_POINT('',(36.7736345052968,34.25,54.2183288409704));
#4200=CARTESIAN_POINT('Origin',(36.3605227066624,-49.5,54.5));
#4201=CARTESIAN_POINT('Ctrl Pts',(2.99999999828215,20.4827045027954,-57.5));
#4202=CARTESIAN_POINT('Ctrl Pts',(3.70058829141954,21.6440976694776,-57.5));
#4203=CARTESIAN_POINT('Ctrl Pts',(4.69576316906831,24.7415938033994,-57.5));
#4204=CARTESIAN_POINT('Ctrl Pts',(3.93411772246533,27.9687712749617,-57.5));
#4205=CARTESIAN_POINT('Ctrl Pts',(2.99999999828215,29.5172954972046,-57.5));
#4206=CARTESIAN_POINT('Ctrl Pts',(3.11437644420105,20.4137090916631,-57.5));
#4207=CARTESIAN_POINT('Ctrl Pts',(3.82590769366296,21.5927339194163,-57.5000090205559));
#4208=CARTESIAN_POINT('Ctrl Pts',(4.83676415210913,24.7376273306491,-57.5000171843727));
#4209=CARTESIAN_POINT('Ctrl Pts',(4.06308477681693,28.014257804666,-57.5000120274079));
#4210=CARTESIAN_POINT('Ctrl Pts',(3.11437644420106,29.5862909083369,-57.5));
#4211=CARTESIAN_POINT('Ctrl Pts',(3.34201764113489,20.2763888781619,-57.3868047768577));
#4212=CARTESIAN_POINT('Ctrl Pts',(4.07520828198078,21.4903513332278,-57.3863370910996));
#4213=CARTESIAN_POINT('Ctrl Pts',(5.11715397013006,24.7295993444137,-57.3856592710255));
#4214=CARTESIAN_POINT('Ctrl Pts',(4.31960516226274,28.1049945150836,-57.3861811958469));
#4215=CARTESIAN_POINT('Ctrl Pts',(3.34201764113489,29.7236111218381,-57.3868047768576));
#4216=CARTESIAN_POINT('Ctrl Pts',(3.43158590887422,20.2223585277044,-57.117456005256));
#4217=CARTESIAN_POINT('Ctrl Pts',(4.17295708957871,21.4506142398483,-57.1161418241058));
#4218=CARTESIAN_POINT('Ctrl Pts',(5.22624208604658,24.7267498699207,-57.1142398557617));
#4219=CARTESIAN_POINT('Ctrl Pts',(4.4200808164802,28.1399671894371,-57.1157037637224));
#4220=CARTESIAN_POINT('Ctrl Pts',(3.43158590887423,29.7776414722956,-57.117456005256));
#4221=CARTESIAN_POINT('Ctrl Pts',(3.42791434020864,20.2245733315266,-56.9839496295059));
#4222=CARTESIAN_POINT('Ctrl Pts',(4.1684777499955,21.4523318220192,-56.9823899750212));
#4223=CARTESIAN_POINT('Ctrl Pts',(5.2204345606781,24.7268277350222,-56.9801372234465));
#4224=CARTESIAN_POINT('Ctrl Pts',(4.41533221992445,28.1384153478167,-56.9818700901929));
#4225=CARTESIAN_POINT('Ctrl Pts',(3.42791434020864,29.7754266684734,-56.9839496295059));
#4226=CARTESIAN_POINT('',(3.5,29.6543480021926,-57.));
#4227=CARTESIAN_POINT('Ctrl Pts',(3.49995492061524,29.6543282266342,-56.9999975551382));
#4228=CARTESIAN_POINT('Ctrl Pts',(3.4999196954755,29.6543038361078,-57.0258294941529));
#4229=CARTESIAN_POINT('Ctrl Pts',(3.49780750612789,29.6536959806951,-57.0515460786676));
#4230=CARTESIAN_POINT('Ctrl Pts',(3.49374385206471,29.6525645126412,-57.0769373279638));
#4231=CARTESIAN_POINT('Ctrl Pts',(3.48957133835913,29.6514027341313,-57.1030087735255));
#4232=CARTESIAN_POINT('Ctrl Pts',(3.48334115812263,29.6496887513449,-57.1287384983808));
#4233=CARTESIAN_POINT('Ctrl Pts',(3.47514530080597,29.6474568400257,-57.1538942196434));
#4234=CARTESIAN_POINT('Ctrl Pts',(3.47357085728621,29.6470280845975,-57.1587266930256));
#4235=CARTESIAN_POINT('Ctrl Pts',(3.47192375353568,29.6465801318999,-57.1635379355086));
#4236=CARTESIAN_POINT('Ctrl Pts',(3.47020447495585,29.64611310818,-57.1683262168419));
#4237=CARTESIAN_POINT('Ctrl Pts',(3.46131233037844,29.6436976517858,-57.1930913074982));
#4238=CARTESIAN_POINT('Ctrl Pts',(3.45057272762754,29.6407958288355,-57.2170209600931));
#4239=CARTESIAN_POINT('Ctrl Pts',(3.43812481581676,29.6374417142097,-57.2399092737385));
#4240=CARTESIAN_POINT('Ctrl Pts',(3.4255634844741,29.6340570384652,-57.2630061349588));
#4241=CARTESIAN_POINT('Ctrl Pts',(3.41126215263104,29.6302115127966,-57.285043885559));
#4242=CARTESIAN_POINT('Ctrl Pts',(3.39532190413007,29.6259130102275,-57.3057968955728));
#4243=CARTESIAN_POINT('Ctrl Pts',(3.38879782958428,29.6241537057101,-57.3142907521379));
#4244=CARTESIAN_POINT('Ctrl Pts',(3.38199876741164,29.6223182319355,-57.3225691261129));
#4245=CARTESIAN_POINT('Ctrl Pts',(3.37492989476864,29.6204059945211,-57.3306151025676));
#4246=CARTESIAN_POINT('Ctrl Pts',(3.36979740948077,29.6190175792968,-57.3364570320895));
#4247=CARTESIAN_POINT('Ctrl Pts',(3.36453481745051,29.617591976636,-57.3421625826106));
#4248=CARTESIAN_POINT('Ctrl Pts',(3.35914571313726,29.6161294617298,-57.3477267426353));
#4249=CARTESIAN_POINT('Ctrl Pts',(3.34147994391201,29.6113352604454,-57.3659663537498));
#4250=CARTESIAN_POINT('Ctrl Pts',(3.32245777588339,29.606146123827,-57.382688895257));
#4251=CARTESIAN_POINT('Ctrl Pts',(3.30231901887997,29.6006390869389,-57.3978588364827));
#4252=CARTESIAN_POINT('Ctrl Pts',(3.28138333299856,29.5949141261378,-57.4136290811053));
#4253=CARTESIAN_POINT('Ctrl Pts',(3.25924010289169,29.5888450611627,-57.4277221583571));
#4254=CARTESIAN_POINT('Ctrl Pts',(3.23612267678541,29.5824988136557,-57.4400610210601));
#4255=CARTESIAN_POINT('Ctrl Pts',(3.22944962057382,29.5806669113431,-57.4436227464886));
#4256=CARTESIAN_POINT('Ctrl Pts',(3.22269521410183,29.5788118220944,-57.4470380346228));
#4257=CARTESIAN_POINT('Ctrl Pts',(3.215864700038,29.5769349713673,-57.4503043468572));
#4258=CARTESIAN_POINT('Ctrl Pts',(3.1927022341689,29.5705705176087,-57.4613805037817));
#4259=CARTESIAN_POINT('Ctrl Pts',(3.16877862873191,29.5639878269574,-57.4706927214125));
#4260=CARTESIAN_POINT('Ctrl Pts',(3.14431096594412,29.55724356965,-57.4781657098926));
#4261=CARTESIAN_POINT('Ctrl Pts',(3.13712362643094,29.5552624541077,-57.4803608891318));
#4262=CARTESIAN_POINT('Ctrl Pts',(3.12989241171088,29.5532682196295,-57.482396123669));
#4263=CARTESIAN_POINT('Ctrl Pts',(3.1226226892416,29.5512622157794,-57.4842692501902));
#4264=CARTESIAN_POINT('Ctrl Pts',(3.09704256428473,29.5442036479503,-57.4908602597747));
#4265=CARTESIAN_POINT('Ctrl Pts',(3.07104016057609,29.5370147993281,-57.4954340577945));
#4266=CARTESIAN_POINT('Ctrl Pts',(3.04484556093773,29.5297516549675,-57.4978908761814));
#4267=CARTESIAN_POINT('Ctrl Pts',(3.03099667190805,29.5259116848346,-57.4991897776984));
#4268=CARTESIAN_POINT('Ctrl Pts',(3.01709378138748,29.5220508620302,-57.499896148233));
#4269=CARTESIAN_POINT('Ctrl Pts',(3.00316992080925,29.5181774411786,-57.4999893831604));
#4270=CARTESIAN_POINT('Ctrl Pts',(3.00211331989344,29.5178835097652,-57.4999964582176));
#4271=CARTESIAN_POINT('Ctrl Pts',(3.00105667476334,29.517589526302,-57.5));
#4272=CARTESIAN_POINT('Ctrl Pts',(3.00000000000088,29.5172954943554,-57.5));
#4273=CARTESIAN_POINT('',(3.49999999995575,29.6538263880509,-56.9837977590021));
#4274=CARTESIAN_POINT('Ctrl Pts',(3.49996574027391,29.6538151762886,-56.983797848385));
#4275=CARTESIAN_POINT('Ctrl Pts',(3.49996627159879,29.6541634532428,-56.9892133098099));
#4276=CARTESIAN_POINT('Ctrl Pts',(3.49996235763949,29.6543331451525,-56.9946139766676));
#4277=CARTESIAN_POINT('Ctrl Pts',(3.49995492061524,29.6543282266342,-56.9999975551382));
#4278=CARTESIAN_POINT('Ctrl Pts',(3.49996953270706,29.6538086586783,-56.983797840394));
#4279=CARTESIAN_POINT('Ctrl Pts',(4.43764407171034,28.0423357772821,-56.9818220648794));
#4280=CARTESIAN_POINT('Ctrl Pts',(5.19464649273913,24.7287279573712,-56.9801925697646));
#4281=CARTESIAN_POINT('Ctrl Pts',(4.19774151820043,21.5445969750447,-56.9823273087851));
#4282=CARTESIAN_POINT('Ctrl Pts',(3.49998602317474,20.3461817502511,-56.9837977930945));
#4283=CARTESIAN_POINT('Origin',(0.,34.25,-57.5));
#4284=CARTESIAN_POINT('',(3.5,34.25,54.));
#4285=CARTESIAN_POINT('',(3.49999999999998,34.25,5.59268724391726));
#4286=CARTESIAN_POINT('',(3.5,34.25,-28.75));
#4287=CARTESIAN_POINT('',(25.5607976278798,34.25,54.));
#4288=CARTESIAN_POINT('',(0.,34.25,54.));
#4289=CARTESIAN_POINT('Origin',(189.625,34.25,-50.));
#4290=CARTESIAN_POINT('Origin',(189.625,25.,-50.));
#4291=CARTESIAN_POINT('Ctrl Pts',(3.5,34.25,5.59268724391727));
#4292=CARTESIAN_POINT('Ctrl Pts',(3.5,34.25,2.47984901153914));
#4293=CARTESIAN_POINT('Ctrl Pts',(3.5,34.1134229944245,-0.939167373950154));
#4294=CARTESIAN_POINT('Ctrl Pts',(3.5,33.6353896539485,-7.76530756786972));
#4295=CARTESIAN_POINT('Ctrl Pts',(3.49999999999998,33.2983208198768,-11.1727379237169));
#4296=CARTESIAN_POINT('Ctrl Pts',(3.49999999999998,32.6385095032613,-17.0610142168668));
#4297=CARTESIAN_POINT('Ctrl Pts',(3.5,32.2730310205476,-19.9901658888728));
#4298=CARTESIAN_POINT('Ctrl Pts',(3.5,31.501479569937,-25.9815667306552));
#4299=CARTESIAN_POINT('Ctrl Pts',(3.5,31.0953424496379,-29.0438076389372));
#4300=CARTESIAN_POINT('Ctrl Pts',(3.5,30.3508067360203,-35.1714900170125));
#4301=CARTESIAN_POINT('Ctrl Pts',(3.5,30.014215907235,-38.2375691766304));
#4302=CARTESIAN_POINT('Ctrl Pts',(3.5,29.5463933932427,-44.2454452506223));
#4303=CARTESIAN_POINT('Ctrl Pts',(3.50000000000001,29.4211847959568,-47.1877096533508));
#4304=CARTESIAN_POINT('Ctrl Pts',(3.50000000000001,29.4211847959568,-50.));
#4305=CARTESIAN_POINT('Ctrl Pts',(3.50000000000001,29.4211847959568,-52.2560313599581));
#4306=CARTESIAN_POINT('Ctrl Pts',(3.5,29.5000224170364,-54.5958165240142));
#4307=CARTESIAN_POINT('Ctrl Pts',(3.5,29.6538263878996,-56.9837977590118));
#4308=CARTESIAN_POINT('',(36.3605227066624,26.9999344220215,54.));
#4309=CARTESIAN_POINT('Ctrl Pts',(36.3605227066624,26.9999344220215,54.));
#4310=CARTESIAN_POINT('Ctrl Pts',(36.2366547544785,27.462790138726,54.));
#4311=CARTESIAN_POINT('Ctrl Pts',(36.0705204444931,27.9088303245069,54.));
#4312=CARTESIAN_POINT('Ctrl Pts',(35.6359478491705,28.8483418947171,54.));
#4313=CARTESIAN_POINT('Ctrl Pts',(35.3031138058953,29.4071516787054,54.));
#4314=CARTESIAN_POINT('Ctrl Pts',(34.5217309515868,30.4387285279293,54.));
#4315=CARTESIAN_POINT('Ctrl Pts',(34.073740597445,30.9119184855188,54.));
#4316=CARTESIAN_POINT('Ctrl Pts',(33.1362755996664,31.7486515037569,54.));
#4317=CARTESIAN_POINT('Ctrl Pts',(32.5513354063118,32.1792875453673,54.));
#4318=CARTESIAN_POINT('Ctrl Pts',(31.3063832376631,32.9156692692234,54.));
#4319=CARTESIAN_POINT('Ctrl Pts',(30.6466617495589,33.2219059485705,54.));
#4320=CARTESIAN_POINT('Ctrl Pts',(29.3548449111873,33.7028114056439,54.));
#4321=CARTESIAN_POINT('Ctrl Pts',(28.5985488448034,33.9135042610633,54.));
#4322=CARTESIAN_POINT('Ctrl Pts',(27.0593795480007,34.1870219793384,54.));
#4323=CARTESIAN_POINT('Ctrl Pts',(26.2765335383843,34.25,54.));
#4324=CARTESIAN_POINT('Ctrl Pts',(25.5607976278798,34.25,54.));
#4325=CARTESIAN_POINT('Ctrl Pts',(36.7736345052967,25.,54.2183288409704));
#4326=CARTESIAN_POINT('Ctrl Pts',(36.7732755316396,25.0027444932061,54.2178023537941));
#4327=CARTESIAN_POINT('Ctrl Pts',(36.7729155514857,25.0054889865833,54.2172765528098));
#4328=CARTESIAN_POINT('Ctrl Pts',(36.7327751250069,25.3106684519492,54.1588856658785));
#4329=CARTESIAN_POINT('Ctrl Pts',(36.6807436556472,25.613329160942,54.1093095378836));
#4330=CARTESIAN_POINT('Ctrl Pts',(36.545011296425,26.2781808550001,54.0272770379478));
#4331=CARTESIAN_POINT('Ctrl Pts',(36.4564506151947,26.6414818919454,54.));
#4332=CARTESIAN_POINT('Ctrl Pts',(36.3605227066624,26.9999344220215,54.));
#4333=CARTESIAN_POINT('Origin',(189.625,15.75,-50.));
#4334=CARTESIAN_POINT('Ctrl Pts',(2.68671669964091,29.9999999942819,-57.5));
#4335=CARTESIAN_POINT('Ctrl Pts',(1.93612339451488,31.0772026177974,-57.5));
#4336=CARTESIAN_POINT('Ctrl Pts',(0.939691623817134,31.9818425407148,-57.5));
#4337=CARTESIAN_POINT('Ctrl Pts',(-0.204577997204597,32.6253762359781,-57.5));
#4338=CARTESIAN_POINT('Ctrl Pts',(2.82283354047029,30.0948460215855,-57.5));
#4339=CARTESIAN_POINT('Ctrl Pts',(2.05767036671408,31.1923440639961,-57.4999896257354));
#4340=CARTESIAN_POINT('Ctrl Pts',(1.04220723220004,32.1136203357888,-57.5000150128689));
#4341=CARTESIAN_POINT('Ctrl Pts',(-0.123895676078117,32.7688377667388,-57.5));
#4342=CARTESIAN_POINT('Ctrl Pts',(2.95682604757589,30.1882118160748,-57.4112673261374));
#4343=CARTESIAN_POINT('Ctrl Pts',(2.17737335101962,31.305656244626,-57.4116505349028));
#4344=CARTESIAN_POINT('Ctrl Pts',(1.14310656670171,32.2433996986053,-57.4121868769944));
#4345=CARTESIAN_POINT('Ctrl Pts',(-0.0444341681091771,32.9101285651518,
-57.4127480015498));
#4346=CARTESIAN_POINT('Ctrl Pts',(3.03089483157803,30.2398228428001,-57.2720779572565));
#4347=CARTESIAN_POINT('Ctrl Pts',(2.24385439199047,31.3683463035538,-57.2729468158771));
#4348=CARTESIAN_POINT('Ctrl Pts',(1.19921149004306,32.315671444506,-57.274087334437));
#4349=CARTESIAN_POINT('Ctrl Pts',(-1.00613961606655E-15,32.9891371222436,
-57.275364959069));
#4350=CARTESIAN_POINT('Ctrl Pts',(2.68671669565797,29.999999999998,-57.5));
#4351=CARTESIAN_POINT('Ctrl Pts',(2.68349614460901,30.0063888937937,-57.5));
#4352=CARTESIAN_POINT('Ctrl Pts',(2.68026705392934,30.0127734164337,-57.4999967091833));
#4353=CARTESIAN_POINT('Ctrl Pts',(2.67702942295405,30.019153552134,-57.4999901492791));
#4354=CARTESIAN_POINT('Ctrl Pts',(2.59660316541163,30.177643028207,-57.4998271941596));
#4355=CARTESIAN_POINT('Ctrl Pts',(2.51116796833924,30.3329533733815,-57.4976513790366));
#4356=CARTESIAN_POINT('Ctrl Pts',(2.42073107719958,30.484957113499,-57.4937985288067));
#4357=CARTESIAN_POINT('Ctrl Pts',(2.3290032881534,30.6391305578979,-57.4898906829191));
#4358=CARTESIAN_POINT('Ctrl Pts',(2.23213016296861,30.789902409209,-57.4842573096089));
#4359=CARTESIAN_POINT('Ctrl Pts',(2.13011081122507,30.9371150721716,-57.4772012923392));
#4360=CARTESIAN_POINT('Ctrl Pts',(2.0273490558508,31.0853990143926,-57.4700939278227));
#4361=CARTESIAN_POINT('Ctrl Pts',(1.91936601931029,31.230072095998,-57.4615428255771));
#4362=CARTESIAN_POINT('Ctrl Pts',(1.8061501055706,31.3709454755262,-57.4518141914567));
#4363=CARTESIAN_POINT('Ctrl Pts',(1.75199381384603,31.4383315839447,-57.44716054578));
#4364=CARTESIAN_POINT('Ctrl Pts',(1.69663999769201,31.504847830562,-57.4422368590899));
#4365=CARTESIAN_POINT('Ctrl Pts',(1.64008644231362,31.5704709116471,-57.4370691111975));
#4366=CARTESIAN_POINT('Ctrl Pts',(1.50168786910301,31.7310645424296,-57.4244225334496));
#4367=CARTESIAN_POINT('Ctrl Pts',(1.35706148211462,31.8851980836394,-57.4104048539486));
#4368=CARTESIAN_POINT('Ctrl Pts',(1.20643421178706,32.0326492845272,-57.3954655288931));
#4369=CARTESIAN_POINT('Ctrl Pts',(1.05742984855119,32.1785117983261,-57.3806871649739));
#4370=CARTESIAN_POINT('Ctrl Pts',(0.902553731549637,32.3178357244311,-57.3650067625556));
#4371=CARTESIAN_POINT('Ctrl Pts',(0.742006389836681,32.4504063701535,-57.3488127072014));
#4372=CARTESIAN_POINT('Ctrl Pts',(0.587760714197089,32.577773466994,-57.3332542869697));
#4373=CARTESIAN_POINT('Ctrl Pts',(0.428280652231971,32.6989078820244,-57.3172213776906));
#4374=CARTESIAN_POINT('Ctrl Pts',(0.26371991829384,32.8136093740497,-57.3010191650855));
#4375=CARTESIAN_POINT('Ctrl Pts',(0.177211454829956,32.8739071716754,-57.2925017716367));
#4376=CARTESIAN_POINT('Ctrl Pts',(0.0892984880649128,32.9324269733176,-57.2839369582073));
#4377=CARTESIAN_POINT('Ctrl Pts',(-2.05391259555654E-15,32.9891371222426,
-57.2753649590705));
#4378=CARTESIAN_POINT('Origin',(0.,15.75,57.5));
#4379=CARTESIAN_POINT('Origin',(0.,30.,-37.5));
#4380=CARTESIAN_POINT('Origin',(3.,30.,-37.5));
#4381=CARTESIAN_POINT('Origin',(189.625,34.25,-50.));
#4382=CARTESIAN_POINT('',(36.7736345052968,34.25,54.2183288409704));
#4383=CARTESIAN_POINT('',(36.7736345052968,34.25,54.2183288409704));
#4384=CARTESIAN_POINT('',(37.,34.25,54.5495546379801));
#4385=CARTESIAN_POINT('Origin',(189.625,34.25,-50.));
#4386=CARTESIAN_POINT('',(37.,-50.,54.5495546379801));
#4387=CARTESIAN_POINT('',(37.,34.25,54.5495546379801));
#4388=CARTESIAN_POINT('',(36.9660664258394,-50.,54.5));
#4389=CARTESIAN_POINT('Origin',(189.625,-50.,-50.));
#4390=CARTESIAN_POINT('Ctrl Pts',(36.7736345052968,-49.9131117986343,54.2183288409704));
#4391=CARTESIAN_POINT('Ctrl Pts',(36.7921408586626,-49.9316181520002,54.2454711048481));
#4392=CARTESIAN_POINT('Ctrl Pts',(36.8118743520977,-49.9473885387875,54.2743973223119));
#4393=CARTESIAN_POINT('Ctrl Pts',(36.8758891159185,-49.9872835761481,54.3681709743788));
#4394=CARTESIAN_POINT('Ctrl Pts',(36.9226433601876,-50.,54.4365653694267));
#4395=CARTESIAN_POINT('Ctrl Pts',(36.9660664258394,-50.,54.5));
#4396=CARTESIAN_POINT('Origin',(0.,49.5,54.5));
#4397=CARTESIAN_POINT('',(3.5,49.5,54.));
#4398=CARTESIAN_POINT('Origin',(3.,49.5,54.5));
#4399=CARTESIAN_POINT('',(36.5,49.5,54.));
#4400=CARTESIAN_POINT('Origin',(36.5,49.5,54.5));
#4401=CARTESIAN_POINT('',(0.,49.5,54.));
#4402=CARTESIAN_POINT('Origin',(36.5,-25.,54.5));
#4403=CARTESIAN_POINT('',(37.,34.25,54.5));
#4404=CARTESIAN_POINT('',(37.,-25.,54.5));
#4405=CARTESIAN_POINT('',(36.5,34.25,54.));
#4406=CARTESIAN_POINT('Origin',(36.5,34.25,54.5));
#4407=CARTESIAN_POINT('',(36.5,-25.,54.));
#4408=CARTESIAN_POINT('Origin',(37.,0.,55.75));
#4409=CARTESIAN_POINT('',(37.,-50.,54.));
#4410=CARTESIAN_POINT('',(37.,34.25,2.87500000000001));
#4411=CARTESIAN_POINT('Origin',(36.3605227066624,34.25,54.5));
#4412=CARTESIAN_POINT('',(36.3605227066624,34.25,54.));
#4413=CARTESIAN_POINT('',(36.3605227066624,34.25,54.));
#4414=CARTESIAN_POINT('Origin',(36.3605227066624,34.25,54.5));
#4415=CARTESIAN_POINT('Origin',(0.,-49.5,54.5));
#4416=CARTESIAN_POINT('',(3.,-50.,54.5));
#4417=CARTESIAN_POINT('Origin',(3.,-49.5,54.5));
#4418=CARTESIAN_POINT('',(0.,-50.,54.5));
#4419=CARTESIAN_POINT('Origin',(0.,-50.,54.));
#4420=CARTESIAN_POINT('',(3.5,-25.,54.));
#4421=CARTESIAN_POINT('',(94.8125,34.25,54.));
#4422=CARTESIAN_POINT('Origin',(20.,0.,54.));
#4423=CARTESIAN_POINT('',(21.5,1.83697019872103E-16,54.));
#4424=CARTESIAN_POINT('Origin',(189.625,34.25,-50.));
#4425=CARTESIAN_POINT('Origin',(3.5,0.,0.));
#4426=CARTESIAN_POINT('',(3.5,30.,-57.));
#4427=CARTESIAN_POINT('',(3.5,-25.,-57.));
#4428=CARTESIAN_POINT('',(3.5,49.5,-37.5));
#4429=CARTESIAN_POINT('Origin',(3.5,30.,-37.5));
#4430=CARTESIAN_POINT('',(3.5,49.5,-28.75));
#4431=CARTESIAN_POINT('Origin',(0.,-50.,57.5));
#4432=CARTESIAN_POINT('',(3.,-50.,-37.5));
#4433=CARTESIAN_POINT('',(0.,-50.,-37.5));
#4434=CARTESIAN_POINT('',(3.,-50.,28.75));
#4435=CARTESIAN_POINT('Origin',(3.,-49.5,28.75));
#4436=CARTESIAN_POINT('Origin',(3.,-49.5,-37.5));
#4437=CARTESIAN_POINT('Ctrl Pts',(3.5,-1.26842980563424E-13,-14.0732366189064));
#4438=CARTESIAN_POINT('Ctrl Pts',(3.5,2.01958632846639,-14.0732366189064));
#4439=CARTESIAN_POINT('Ctrl Pts',(3.5,6.05798260591028,-14.9946715915555));
#4440=CARTESIAN_POINT('Ctrl Pts',(3.5,10.9147482132798,-18.8672914247985));
#4441=CARTESIAN_POINT('Ctrl Pts',(3.5,13.6127658053981,-24.4684503104957));
#4442=CARTESIAN_POINT('Ctrl Pts',(3.5,13.608652099599,-29.9858137778732));
#4443=CARTESIAN_POINT('Ctrl Pts',(3.5,11.3728575889157,-35.6990326317884));
#4444=CARTESIAN_POINT('Ctrl Pts',(3.5,7.25533826284513,-39.5197970874305));
#4445=CARTESIAN_POINT('Ctrl Pts',(3.5,0.735300135026047,-41.5317478676234));
#4446=CARTESIAN_POINT('Ctrl Pts',(3.5,-4.81670933408658,-40.693954274409));
#4447=CARTESIAN_POINT('Ctrl Pts',(3.5,-10.4526153519267,-36.849665688029));
#4448=CARTESIAN_POINT('Ctrl Pts',(3.5,-13.2619215543502,-31.9888657186889));
#4449=CARTESIAN_POINT('Ctrl Pts',(3.5,-13.7714716871785,-25.1856303674143));
#4450=CARTESIAN_POINT('Ctrl Pts',(3.5,-11.4661293815526,-19.2982979991311));
#4451=CARTESIAN_POINT('Ctrl Pts',(3.5,-6.05191724270372,-14.9944544983436));
#4452=CARTESIAN_POINT('Ctrl Pts',(3.5,-2.01958632846639,-14.0732366189091));
#4453=CARTESIAN_POINT('Ctrl Pts',(3.5,4.8017145815038E-14,-14.0732366189091));
#4454=CARTESIAN_POINT('Ctrl Pts',(3.50000000000005,-1.34160732915496E-13,
-14.1069083703916));
#4455=CARTESIAN_POINT('Ctrl Pts',(3.50000000000005,2.01454952863252,-14.1069083703916));
#4456=CARTESIAN_POINT('Ctrl Pts',(3.50000000000001,6.04287259629388,-15.0260449547848));
#4457=CARTESIAN_POINT('Ctrl Pts',(3.50000000000001,10.8875248856503,-18.8890056794184));
#4458=CARTESIAN_POINT('Ctrl Pts',(3.50000000000001,13.5788127692573,-24.4761941954136));
#4459=CARTESIAN_POINT('Ctrl Pts',(3.50000000000001,13.5747096592976,-29.9797962052489));
#4460=CARTESIAN_POINT('Ctrl Pts',(3.50000000000001,11.344491233401,-35.6787654844561));
#4461=CARTESIAN_POINT('Ctrl Pts',(3.5,7.23724224835201,-39.4900000978664));
#4462=CARTESIAN_POINT('Ctrl Pts',(3.5,0.733466087850315,-41.4969325623836));
#4463=CARTESIAN_POINT('Ctrl Pts',(3.5,-4.8046953594862,-40.6612288420359));
#4464=CARTESIAN_POINT('Ctrl Pts',(3.50000000000002,-10.4265446630153,-36.8265282309565));
#4465=CARTESIAN_POINT('Ctrl Pts',(3.5,-13.228843788001,-31.9778524218855));
#4466=CARTESIAN_POINT('Ctrl Pts',(3.5,-13.7371229490993,-25.1915855408957));
#4467=CARTESIAN_POINT('Ctrl Pts',(3.5,-11.4375306522538,-19.3189371898296));
#4468=CARTESIAN_POINT('Ctrl Pts',(3.50000000000001,-6.03682241525768,-15.0258283868253));
#4469=CARTESIAN_POINT('Ctrl Pts',(3.50000000000001,-2.01454952863254,-14.1069083703942));
#4470=CARTESIAN_POINT('Ctrl Pts',(3.50000000000001,4.82975194683743E-14,
-14.1069083703942));
#4471=CARTESIAN_POINT('Ctrl Pts',(3.48644348728504,-1.56037775414492E-13,
-14.1909519210312));
#4472=CARTESIAN_POINT('Ctrl Pts',(3.48644348728505,2.00198131628293,-14.1909519210312));
#4473=CARTESIAN_POINT('Ctrl Pts',(3.48644348728491,6.00515727035559,-15.1043507382269));
#4474=CARTESIAN_POINT('Ctrl Pts',(3.48644348728492,10.8195784861822,-18.9432026139865));
#4475=CARTESIAN_POINT('Ctrl Pts',(3.48644348728492,13.4940669625309,-24.4955220292952));
#4476=CARTESIAN_POINT('Ctrl Pts',(3.48644348728491,13.4899928286885,-29.9647756922421));
#4477=CARTESIAN_POINT('Ctrl Pts',(3.48644348728491,11.2736887854281,-35.6281812119817));
#4478=CARTESIAN_POINT('Ctrl Pts',(3.48644348728489,7.19207730473694,-39.4156290818395));
#4479=CARTESIAN_POINT('Ctrl Pts',(3.48644348728489,0.728887925054601,-41.410035243665));
#4480=CARTESIAN_POINT('Ctrl Pts',(3.48644348728489,-4.77470798257426,-40.5795496217991));
#4481=CARTESIAN_POINT('Ctrl Pts',(3.48644348728493,-10.3614750989224,-36.7687767736699));
#4482=CARTESIAN_POINT('Ctrl Pts',(3.48644348728489,-13.1462840782588,-31.9503649797081));
#4483=CARTESIAN_POINT('Ctrl Pts',(3.48644348728489,-13.6513905611251,-25.206449428444));
#4484=CARTESIAN_POINT('Ctrl Pts',(3.48644348728488,-11.3661502060308,-19.3704504568256));
#4485=CARTESIAN_POINT('Ctrl Pts',(3.4864434872849,-5.99914539007919,-15.1041353589537));
#4486=CARTESIAN_POINT('Ctrl Pts',(3.48644348728491,-2.00198131628296,-14.1909519210337));
#4487=CARTESIAN_POINT('Ctrl Pts',(3.48644348728491,4.91854570126824E-14,
-14.1909519210337));
#4488=CARTESIAN_POINT('Ctrl Pts',(3.40205361069816,-2.18146338154856E-13,
-14.3732704376189));
#4489=CARTESIAN_POINT('Ctrl Pts',(3.40205361069817,1.97469025926344,-14.3732704376189));
#4490=CARTESIAN_POINT('Ctrl Pts',(3.40205361069791,5.92334968375327,-15.2742302520764));
#4491=CARTESIAN_POINT('Ctrl Pts',(3.40205361069792,10.6721640500901,-19.0607822996143));
#4492=CARTESIAN_POINT('Ctrl Pts',(3.40205361069793,13.3102263815277,-24.5374554281071));
#4493=CARTESIAN_POINT('Ctrl Pts',(3.40205361069791,13.306195853635,-29.9321976987577));
#4494=CARTESIAN_POINT('Ctrl Pts',(3.40205361069791,11.1201021452833,-35.5184330293683));
#4495=CARTESIAN_POINT('Ctrl Pts',(3.40205361069787,7.09408351541555,-39.2542839292208));
#4496=CARTESIAN_POINT('Ctrl Pts',(3.40205361069787,0.718959735327284,-41.2215221200167));
#4497=CARTESIAN_POINT('Ctrl Pts',(3.40205361069787,-4.70966222876678,-40.4023422389802));
#4498=CARTESIAN_POINT('Ctrl Pts',(3.40205361069795,-10.2203023301652,-36.6435033269203));
#4499=CARTESIAN_POINT('Ctrl Pts',(3.40205361069788,-12.9671748091614,-31.8907250872064));
#4500=CARTESIAN_POINT('Ctrl Pts',(3.40205361069787,-13.4654015549546,-25.2386943424147));
#4501=CARTESIAN_POINT('Ctrl Pts',(3.40205361069786,-11.211294479416,-19.4822109936546));
#4502=CARTESIAN_POINT('Ctrl Pts',(3.4020536106979,-5.91741779571617,-15.2740183826149));
#4503=CARTESIAN_POINT('Ctrl Pts',(3.40205361069791,-1.97469025926356,-14.3732704376209));
#4504=CARTESIAN_POINT('Ctrl Pts',(3.40205361069791,5.18747084250636E-14,
-14.3732704376209));
#4505=CARTESIAN_POINT('Ctrl Pts',(3.24057876517197,-3.09641045486132E-13,
-14.5962954340047));
#4506=CARTESIAN_POINT('Ctrl Pts',(3.24057876517198,1.94133849000675,-14.5962954340047));
#4507=CARTESIAN_POINT('Ctrl Pts',(3.24057876517167,5.8232650349219,-15.4820289400582));
#4508=CARTESIAN_POINT('Ctrl Pts',(3.24057876517168,10.4918559766991,-19.2046037260299));
#4509=CARTESIAN_POINT('Ctrl Pts',(3.24057876517169,13.0853378046527,-24.5887453313002));
#4510=CARTESIAN_POINT('Ctrl Pts',(3.24057876517167,13.0813843819118,-29.8923379373274));
#4511=CARTESIAN_POINT('Ctrl Pts',(3.24057876517167,10.932214764058,-35.3841985265055));
#4512=CARTESIAN_POINT('Ctrl Pts',(3.24057876517163,6.97423021828403,-39.0569268852878));
#4513=CARTESIAN_POINT('Ctrl Pts',(3.24057876517162,0.706810702463958,-40.9909241680634));
#4514=CARTESIAN_POINT('Ctrl Pts',(3.24057876517163,-4.630085141271,-40.1855916242286));
#4515=CARTESIAN_POINT('Ctrl Pts',(3.24057876517172,-10.0476284584203,-36.4902491327092));
#4516=CARTESIAN_POINT('Ctrl Pts',(3.24057876517163,-12.7480875637538,-31.8177822262238));
#4517=CARTESIAN_POINT('Ctrl Pts',(3.24057876517162,-13.2378949937294,-25.2781383958266));
#4518=CARTESIAN_POINT('Ctrl Pts',(3.24057876517162,-11.0218734409898,-19.6189107864755));
#4519=CARTESIAN_POINT('Ctrl Pts',(3.24057876517166,-5.81743481901606,-15.4818202147551));
#4520=CARTESIAN_POINT('Ctrl Pts',(3.24057876517167,-1.94133849000696,-14.5962954340061));
#4521=CARTESIAN_POINT('Ctrl Pts',(3.24057876517167,5.59726782129795E-14,
-14.5962954340061));
#4522=CARTESIAN_POINT('Ctrl Pts',(3.02304891005899,-4.14911013240637E-13,
-14.8139791749167));
#4523=CARTESIAN_POINT('Ctrl Pts',(3.023048910059,1.908780112565,-14.8139791749167));
#4524=CARTESIAN_POINT('Ctrl Pts',(3.02304891005873,5.72557926197876,-15.6848526776813));
#4525=CARTESIAN_POINT('Ctrl Pts',(3.02304891005875,10.315862878805,-19.3449824655312));
#4526=CARTESIAN_POINT('Ctrl Pts',(3.02304891005875,12.8658353908194,-24.6388078741308));
#4527=CARTESIAN_POINT('Ctrl Pts',(3.02304891005873,12.8619533232764,-29.8534341031765));
#4528=CARTESIAN_POINT('Ctrl Pts',(3.02304891005873,10.7488286443573,-35.2531759833765));
#4529=CARTESIAN_POINT('Ctrl Pts',(3.0230489100587,6.85724407013445,-38.8642944268163));
#4530=CARTESIAN_POINT('Ctrl Pts',(3.02304891005869,0.694953312390318,-40.7658480605173));
#4531=CARTESIAN_POINT('Ctrl Pts',(3.0230489100587,-4.55241525034582,-39.9740283722922));
#4532=CARTESIAN_POINT('Ctrl Pts',(3.02304891005878,-9.8790869022019,-36.3406670161748));
#4533=CARTESIAN_POINT('Ctrl Pts',(3.0230489100587,-12.5342453017632,-31.7465841639998));
#4534=CARTESIAN_POINT('Ctrl Pts',(3.02304891005869,-13.0158356313055,-25.3166378348291));
#4535=CARTESIAN_POINT('Ctrl Pts',(3.02304891005869,-10.8369873090837,-19.7523389809285));
#4536=CARTESIAN_POINT('Ctrl Pts',(3.02304891005872,-5.71984765578344,-15.6846472100197));
#4537=CARTESIAN_POINT('Ctrl Pts',(3.02304891005874,-1.90878011256532,-14.8139791749175));
#4538=CARTESIAN_POINT('Ctrl Pts',(3.02304891005874,6.0804092643448E-14,
-14.8139791749175));
#4539=CARTESIAN_POINT('Ctrl Pts',(2.80021741878044,-5.09299826705337E-13,
-14.9750945114315));
#4540=CARTESIAN_POINT('Ctrl Pts',(2.80021741878045,1.88465625668921,-14.9750945114315));
#4541=CARTESIAN_POINT('Ctrl Pts',(2.80021741878028,5.6532881040166,-15.8349776920415));
#4542=CARTESIAN_POINT('Ctrl Pts',(2.80021741878028,10.1855883166581,-19.4488900679124));
#4543=CARTESIAN_POINT('Ctrl Pts',(2.80021741878029,12.7033753469626,-24.6758657582794));
#4544=CARTESIAN_POINT('Ctrl Pts',(2.80021741878027,12.6995269446064,-29.8246464949026));
#4545=CARTESIAN_POINT('Ctrl Pts',(2.80021741878027,10.6131056381782,-35.1561876920842));
#4546=CARTESIAN_POINT('Ctrl Pts',(2.80021741878025,6.77064267538217,-38.7217108791954));
#4547=CARTESIAN_POINT('Ctrl Pts',(2.80021741878025,0.686180599166151,-40.5992575649351));
#4548=CARTESIAN_POINT('Ctrl Pts',(2.80021741878025,-4.49493589173674,-39.8174252333648));
#4549=CARTESIAN_POINT('Ctrl Pts',(2.8002174187803,-9.75432833259763,-36.2299647640671));
#4550=CARTESIAN_POINT('Ctrl Pts',(2.80021741878026,-12.3759635323785,-31.6938775951969));
#4551=CARTESIAN_POINT('Ctrl Pts',(2.80021741878025,-12.8514749444223,-25.3451327928007));
#4552=CARTESIAN_POINT('Ctrl Pts',(2.80021741878024,-10.7001389596652,-19.8511048498942));
#4553=CARTESIAN_POINT('Ctrl Pts',(2.80021741878027,-5.64762640439733,-15.8347755615194));
#4554=CARTESIAN_POINT('Ctrl Pts',(2.80021741878028,-1.88465625668962,-14.9750945114319));
#4555=CARTESIAN_POINT('Ctrl Pts',(2.80021741878028,6.52380554679472E-14,
-14.9750945114319));
#4556=CARTESIAN_POINT('Ctrl Pts',(2.61763332533419,-5.76351346579585E-13,
-15.0597660698327));
#4557=CARTESIAN_POINT('Ctrl Pts',(2.61763332533419,1.87201039902733,-15.0597660698327));
#4558=CARTESIAN_POINT('Ctrl Pts',(2.61763332533411,5.61528507319443,-15.9138635999254));
#4559=CARTESIAN_POINT('Ctrl Pts',(2.61763332533412,10.1171440594642,-19.5034867829509));
#4560=CARTESIAN_POINT('Ctrl Pts',(2.61763332533412,12.6179954449548,-24.6953350142514));
#4561=CARTESIAN_POINT('Ctrl Pts',(2.61763332533411,12.6141880962046,-29.8095097298678));
#4562=CARTESIAN_POINT('Ctrl Pts',(2.61763332533412,10.5417695020613,-35.1052340640606));
#4563=CARTESIAN_POINT('Ctrl Pts',(2.6176333253341,6.72515006686101,-38.6467900420838));
#4564=CARTESIAN_POINT('Ctrl Pts',(2.6176333253341,0.681566148093924,-40.5117132743441));
#4565=CARTESIAN_POINT('Ctrl Pts',(2.61763332533411,-4.46472020021357,-39.7351466927836));
#4566=CARTESIAN_POINT('Ctrl Pts',(2.61763332533413,-9.68878188335991,-36.1717763783269));
#4567=CARTESIAN_POINT('Ctrl Pts',(2.61763332533411,-12.2927928777582,-31.6661911962941));
#4568=CARTESIAN_POINT('Ctrl Pts',(2.6176333253341,-12.7651061414047,-25.3601076384734));
#4569=CARTESIAN_POINT('Ctrl Pts',(2.6176333253341,-10.6282298798187,-19.9029962285754));
#4570=CARTESIAN_POINT('Ctrl Pts',(2.61763332533411,-5.60966386717641,-15.9136620933243));
#4571=CARTESIAN_POINT('Ctrl Pts',(2.61763332533411,-1.87201039902778,-15.0597660698328));
#4572=CARTESIAN_POINT('Ctrl Pts',(2.61763332533411,6.84769511263821E-14,
-15.0597660698328));
#4573=CARTESIAN_POINT('Ctrl Pts',(2.5336717514851,-6.01650706637076E-13,
-15.0732366189094));
#4574=CARTESIAN_POINT('Ctrl Pts',(2.5336717514851,1.86999187132333,-15.0732366189095));
#4575=CARTESIAN_POINT('Ctrl Pts',(2.53367175148508,5.60924151621412,-15.9264157545835));
#4576=CARTESIAN_POINT('Ctrl Pts',(2.53367175148508,10.1062510926331,-19.5121748057544));
#4577=CARTESIAN_POINT('Ctrl Pts',(2.53367175148508,12.6044125488891,-24.6984336452143));
#4578=CARTESIAN_POINT('Ctrl Pts',(2.53367175148508,12.6006068646568,-29.8071032414008));
#4579=CARTESIAN_POINT('Ctrl Pts',(2.53367175148508,10.5304224061049,-35.097124219219));
#4580=CARTESIAN_POINT('Ctrl Pts',(2.53367175148508,6.71790853492766,-38.6348683278337));
#4581=CARTESIAN_POINT('Ctrl Pts',(2.53367175148507,0.680832879646441,-40.4977847286652));
#4582=CARTESIAN_POINT('Ctrl Pts',(2.53367175148508,-4.45991487040243,-39.7220523313948));
#4583=CARTESIAN_POINT('Ctrl Pts',(2.53367175148508,-9.6783501490928,-36.1625212943298));
#4584=CARTESIAN_POINT('Ctrl Pts',(2.53367175148507,-12.2795586584781,-31.6617838750379));
#4585=CARTESIAN_POINT('Ctrl Pts',(2.53367175148507,-12.7513638462324,-25.3624900588626));
#4586=CARTESIAN_POINT('Ctrl Pts',(2.53367175148507,-10.6167877870794,-19.9112545173953));
#4587=CARTESIAN_POINT('Ctrl Pts',(2.53367175148508,-5.60362597006469,-15.9262145826213));
#4588=CARTESIAN_POINT('Ctrl Pts',(2.53367175148508,-1.8699918713238,-15.0732366189095));
#4589=CARTESIAN_POINT('Ctrl Pts',(2.53367175148508,6.97543168853138E-14,
-15.0732366189095));
#4590=CARTESIAN_POINT('Ctrl Pts',(2.5,-6.10622663543836E-13,-15.0732366189094));
#4591=CARTESIAN_POINT('Ctrl Pts',(2.5,1.86998734117209,-15.0732366189094));
#4592=CARTESIAN_POINT('Ctrl Pts',(2.5,5.6092431536205,-15.9264171491377));
#4593=CARTESIAN_POINT('Ctrl Pts',(2.5,10.1062483456291,-19.5121762539922));
#4594=CARTESIAN_POINT('Ctrl Pts',(2.5,12.6044127827754,-24.6984344814894));
#4595=CARTESIAN_POINT('Ctrl Pts',(2.5,12.6006037959246,-29.8071043586907));
#4596=CARTESIAN_POINT('Ctrl Pts',(2.5,10.5304236934401,-35.0971218160194));
#4597=CARTESIAN_POINT('Ctrl Pts',(2.5,6.71790579893062,-38.6348666823548));
#4598=CARTESIAN_POINT('Ctrl Pts',(2.5,0.680833458357467,-40.4977840714224));
#4599=CARTESIAN_POINT('Ctrl Pts',(2.5,-4.45991605008011,-39.7220492628905));
#4600=CARTESIAN_POINT('Ctrl Pts',(2.5,-9.67834754807965,-36.1625227940196));
#4601=CARTESIAN_POINT('Ctrl Pts',(2.5,-12.2795569947686,-31.6617820816681));
#4602=CARTESIAN_POINT('Ctrl Pts',(2.5,-12.7513626733135,-25.3624900897473));
#4603=CARTESIAN_POINT('Ctrl Pts',(2.5,-10.6167864644006,-19.911256415411));
#4604=CARTESIAN_POINT('Ctrl Pts',(2.5,-5.60362707657735,-15.9262161369043));
#4605=CARTESIAN_POINT('Ctrl Pts',(2.5,-1.86998734117256,-15.0732366189095));
#4606=CARTESIAN_POINT('Ctrl Pts',(2.5,7.02216063075412E-14,-15.0732366189095));
#4607=CARTESIAN_POINT('',(2.5,-6.10622663543836E-13,-15.0732366189094));
#4608=CARTESIAN_POINT('Ctrl Pts',(3.5,7.63278329429795E-16,-14.0732366189095));
#4609=CARTESIAN_POINT('Ctrl Pts',(3.5,3.13520656311056E-16,-14.4874501812826));
#4610=CARTESIAN_POINT('Ctrl Pts',(2.91421356237309,-1.03032429448309E-15,
-15.0732366189095));
#4611=CARTESIAN_POINT('Ctrl Pts',(2.5,-1.53080849893419E-15,-15.0732366189095));
#4612=CARTESIAN_POINT('Ctrl Pts',(2.5,-6.10622663543836E-13,-15.0732366189094));
#4613=CARTESIAN_POINT('Ctrl Pts',(2.5,1.86998734117209,-15.0732366189094));
#4614=CARTESIAN_POINT('Ctrl Pts',(2.5,5.6092431536205,-15.9264171491377));
#4615=CARTESIAN_POINT('Ctrl Pts',(2.5,10.1062483456291,-19.5121762539922));
#4616=CARTESIAN_POINT('Ctrl Pts',(2.5,12.6044127827754,-24.6984344814894));
#4617=CARTESIAN_POINT('Ctrl Pts',(2.5,12.6006037959246,-29.8071043586907));
#4618=CARTESIAN_POINT('Ctrl Pts',(2.5,10.5304236934401,-35.0971218160194));
#4619=CARTESIAN_POINT('Ctrl Pts',(2.5,6.71790579893062,-38.6348666823548));
#4620=CARTESIAN_POINT('Ctrl Pts',(2.5,0.680833458357467,-40.4977840714224));
#4621=CARTESIAN_POINT('Ctrl Pts',(2.5,-4.45991605008011,-39.7220492628905));
#4622=CARTESIAN_POINT('Ctrl Pts',(2.5,-9.67834754807965,-36.1625227940196));
#4623=CARTESIAN_POINT('Ctrl Pts',(2.5,-12.2795569947686,-31.6617820816681));
#4624=CARTESIAN_POINT('Ctrl Pts',(2.5,-12.7513626733135,-25.3624900897473));
#4625=CARTESIAN_POINT('Ctrl Pts',(2.5,-10.6167864644006,-19.911256415411));
#4626=CARTESIAN_POINT('Ctrl Pts',(2.5,-5.60362707657735,-15.9262161369043));
#4627=CARTESIAN_POINT('Ctrl Pts',(2.5,-1.86998734117256,-15.0732366189095));
#4628=CARTESIAN_POINT('Ctrl Pts',(2.5,7.02216063075412E-14,-15.0732366189095));
#4629=CARTESIAN_POINT('Origin',(0.,0.,-27.5732366189095));
#4630=CARTESIAN_POINT('',(0.,-1.53080849893419E-15,-15.0732366189095));
#4631=CARTESIAN_POINT('Origin',(3.5,0.,17.5));
#4632=CARTESIAN_POINT('',(3.5,1.83697019872103E-16,19.));
#4633=CARTESIAN_POINT('Origin',(3.,-25.,-57.));
#4634=CARTESIAN_POINT('Origin',(3.,30.,-57.));
#4635=CARTESIAN_POINT('Origin',(3.,30.,-37.5));
#4636=CARTESIAN_POINT('Origin',(3.,49.5,-37.5));
#4637=CARTESIAN_POINT('Origin',(3.,49.5,-28.75));
#4638=CARTESIAN_POINT('Origin',(3.,-30.,-37.5));
#4639=CARTESIAN_POINT('Origin',(3.,-30.,-37.5));
#4640=CARTESIAN_POINT('Origin',(0.,-30.,-37.5));
#4641=CARTESIAN_POINT('Origin',(0.,50.,57.5));
#4642=UNCERTAINTY_MEASURE_WITH_UNIT(LENGTH_MEASURE(0.01),#4646,
'DISTANCE_ACCURACY_VALUE',
'Maximum model space distance between geometric entities at asserted c
onnectivities');
#4643=UNCERTAINTY_MEASURE_WITH_UNIT(LENGTH_MEASURE(0.01),#4646,
'DISTANCE_ACCURACY_VALUE',
'Maximum model space distance between geometric entities at asserted c
onnectivities');
#4644=(
GEOMETRIC_REPRESENTATION_CONTEXT(3)
GLOBAL_UNCERTAINTY_ASSIGNED_CONTEXT((#4642))
GLOBAL_UNIT_ASSIGNED_CONTEXT((#4646,#4648,#4649))
REPRESENTATION_CONTEXT('','3D')
);
#4645=(
GEOMETRIC_REPRESENTATION_CONTEXT(3)
GLOBAL_UNCERTAINTY_ASSIGNED_CONTEXT((#4643))
GLOBAL_UNIT_ASSIGNED_CONTEXT((#4646,#4648,#4649))
REPRESENTATION_CONTEXT('','3D')
);
#4646=(
LENGTH_UNIT()
NAMED_UNIT(*)
SI_UNIT(.MILLI.,.METRE.)
);
#4647=(
LENGTH_UNIT()
NAMED_UNIT(*)
SI_UNIT($,.METRE.)
);
#4648=(
NAMED_UNIT(*)
PLANE_ANGLE_UNIT()
SI_UNIT($,.RADIAN.)
);
#4649=(
NAMED_UNIT(*)
SI_UNIT($,.STERADIAN.)
SOLID_ANGLE_UNIT()
);
#4650=SHAPE_DEFINITION_REPRESENTATION(#4651,#4652);
#4651=PRODUCT_DEFINITION_SHAPE('',$,#4654);
#4652=SHAPE_REPRESENTATION('',(#1940),#4644);
#4653=PRODUCT_DEFINITION_CONTEXT('part definition',#4658,'design');
#4654=PRODUCT_DEFINITION('support_\X\E9tag\X\E8re_bas',
'support_\X\E9tag\X\E8re_bas v5',#4655,#4653);
#4655=PRODUCT_DEFINITION_FORMATION('',$,#4660);
#4656=PRODUCT_RELATED_PRODUCT_CATEGORY('support_\X\E9tag\X\E8re_bas v5',
'support_\X\E9tag\X\E8re_bas v5',(#4660));
#4657=APPLICATION_PROTOCOL_DEFINITION('international standard',
'automotive_design',2009,#4658);
#4658=APPLICATION_CONTEXT(
'Core Data for Automotive Mechanical Design Process');
#4659=PRODUCT_CONTEXT('part definition',#4658,'mechanical');
#4660=PRODUCT('support_\X\E9tag\X\E8re_bas','support_\X\E9tag\X\E8re_b
as v5',$,(#4659));
#4661=PRESENTATION_STYLE_ASSIGNMENT((#4662));
#4662=SURFACE_STYLE_USAGE(.BOTH.,#4663);
#4663=SURFACE_SIDE_STYLE('',(#4664));
#4664=SURFACE_STYLE_FILL_AREA(#4665);
#4665=FILL_AREA_STYLE('Acier - Satin\X\E9',(#4666));
#4666=FILL_AREA_STYLE_COLOUR('Acier - Satin\X\E9',#4667);
#4667=COLOUR_RGB('Acier - Satin\X\E9',0.627450980392157,0.627450980392157,
0.627450980392157);
ENDSEC;
END-ISO-10303-21;
