ISO-10303-21;
HEADER;
/* Generated by software containing ST-Developer
 * from STEP Tools, Inc. (www.steptools.com) 
 */

FILE_DESCRIPTION(
/* description */ (''),
/* implementation_level */ '2;1');

FILE_NAME(
/* name */ 'support_etagre_bureau_sp150.step',
/* time_stamp */ '2025-11-25T10:06:19+01:00',
/* author */ (''),
/* organization */ (''),
/* preprocessor_version */ 'ST-DEVELOPER v20.1',
/* originating_system */ 'Autodesk Translation Framework v14.21.0.0',
/* authorisation */ '');

FILE_SCHEMA (('AUTOMOTIVE_DESIGN { 1 0 10303 214 3 1 1 }'));
ENDSEC;

DATA;
#10=MECHANICAL_DESIGN_GEOMETRIC_PRESENTATION_REPRESENTATION('',(#13),#2313);
#11=SHAPE_REPRESENTATION_RELATIONSHIP('SRR','None',#2320,#12);
#12=ADVANCED_BREP_SHAPE_REPRESENTATION('',(#14),#2312);
#13=STYLED_ITEM('',(#2329),#14);
#14=MANIFOLD_SOLID_BREP('Corps1',#1183);
#15=ELLIPSE('',#1262,7.21543484483091,7.);
#16=ELLIPSE('',#1277,7.2154348448309,7.);
#17=ELLIPSE('',#1294,7.21543484483091,7.);
#18=ELLIPSE('',#1298,7.2154348448309,7.);
#19=B_SPLINE_SURFACE_WITH_KNOTS('',3,3,((#1935,#1936,#1937,#1938,#1939,
#1940,#1941),(#1942,#1943,#1944,#1945,#1946,#1947,#1948),(#1949,#1950,#1951,
#1952,#1953,#1954,#1955),(#1956,#1957,#1958,#1959,#1960,#1961,#1962)),
 .UNSPECIFIED.,.F.,.F.,.F.,(4,4),(4,1,1,1,4),(0.822135755019527,1.),(-5.55111512312578E-17,
0.187907018501209,0.375814037002417,0.469767546253021,0.65767456475423),
 .UNSPECIFIED.);
#20=B_SPLINE_SURFACE_WITH_KNOTS('',3,3,((#2164,#2165,#2166,#2167,#2168,
#2169,#2170),(#2171,#2172,#2173,#2174,#2175,#2176,#2177),(#2178,#2179,#2180,
#2181,#2182,#2183,#2184),(#2185,#2186,#2187,#2188,#2189,#2190,#2191),(#2192,
#2193,#2194,#2195,#2196,#2197,#2198),(#2199,#2200,#2201,#2202,#2203,#2204,
#2205)),.UNSPECIFIED.,.F.,.F.,.F.,(4,1,1,4),(4,1,1,1,4),(0.,0.285714285714286,
0.571428571428571,1.),(-1.5707963267949,-0.897597901025655,-0.448798950512828,
-0.224399475256414,0.),.UNSPECIFIED.);
#21=B_SPLINE_SURFACE_WITH_KNOTS('',3,3,((#2211,#2212,#2213,#2214,#2215,
#2216,#2217),(#2218,#2219,#2220,#2221,#2222,#2223,#2224),(#2225,#2226,#2227,
#2228,#2229,#2230,#2231),(#2232,#2233,#2234,#2235,#2236,#2237,#2238),(#2239,
#2240,#2241,#2242,#2243,#2244,#2245),(#2246,#2247,#2248,#2249,#2250,#2251,
#2252)),.UNSPECIFIED.,.F.,.F.,.F.,(4,1,1,4),(4,1,1,1,4),(0.,0.285714285714286,
0.571428571428571,1.),(0.,0.224399475256414,0.673198425769241,1.12199737628207,
1.5707963267949),.UNSPECIFIED.);
#22=B_SPLINE_CURVE_WITH_KNOTS('',3,(#1681,#1682,#1683,#1684,#1685,#1686,
#1687,#1688),.UNSPECIFIED.,.F.,.F.,(4,2,2,4),(1.27827243880749,1.2971530397649,
1.42701979949363,1.55705403529269),.UNSPECIFIED.);
#23=B_SPLINE_CURVE_WITH_KNOTS('',3,(#1692,#1693,#1694,#1695,#1696,#1697,
#1698,#1699),.UNSPECIFIED.,.F.,.F.,(4,2,2,4),(0.521425553226916,0.653108553472972,
0.784008643520905,0.802333659682943),.UNSPECIFIED.);
#24=B_SPLINE_CURVE_WITH_KNOTS('',3,(#1719,#1720,#1721,#1722,#1723,#1724,
#1725,#1726),.UNSPECIFIED.,.F.,.F.,(4,2,2,4),(1.28363155446448,1.30195657062729,
1.43285666067522,1.56453966092127),.UNSPECIFIED.);
#25=B_SPLINE_CURVE_WITH_KNOTS('',3,(#1730,#1731,#1732,#1733,#1734,#1735,
#1736,#1737),.UNSPECIFIED.,.F.,.F.,(4,2,2,4),(0.518999529046943,0.649033764846008,
0.77890052457473,0.797781125531531),.UNSPECIFIED.);
#26=B_SPLINE_CURVE_WITH_KNOTS('',3,(#1756,#1757,#1758,#1759),
 .UNSPECIFIED.,.F.,.F.,(4,4),(2.03094313196919,2.05025308914352),
 .UNSPECIFIED.);
#27=B_SPLINE_CURVE_WITH_KNOTS('',3,(#1768,#1769,#1770,#1771),
 .UNSPECIFIED.,.F.,.F.,(4,4),(5.7763408781131,5.79565083528744),
 .UNSPECIFIED.);
#28=B_SPLINE_CURVE_WITH_KNOTS('',3,(#1806,#1807,#1808,#1809,#1810,#1811,
#1812,#1813,#1814,#1815),.UNSPECIFIED.,.F.,.F.,(4,2,2,2,4),(0.555278963536983,
0.654663251792658,0.7858953575465,0.915870280673742,1.04480851803989),
 .UNSPECIFIED.);
#29=B_SPLINE_CURVE_WITH_KNOTS('',3,(#1816,#1817,#1818,#1819,#1820,#1821,
#1822,#1823,#1824,#1825),.UNSPECIFIED.,.F.,.F.,(4,2,2,2,4),(1.0448085180399,
1.17374675540605,1.30372167853329,1.43495378428713,1.53433807254281),
 .UNSPECIFIED.);
#30=B_SPLINE_CURVE_WITH_KNOTS('',3,(#1828,#1829,#1830,#1831),
 .UNSPECIFIED.,.F.,.F.,(4,4),(1.53771647731402,1.56725294697447),
 .UNSPECIFIED.);
#31=B_SPLINE_CURVE_WITH_KNOTS('',3,(#1893,#1894,#1895,#1896),
 .UNSPECIFIED.,.F.,.F.,(4,4),(2.61205560460014,2.64159207426059),
 .UNSPECIFIED.);
#32=B_SPLINE_CURVE_WITH_KNOTS('',3,(#1965,#1966,#1967,#1968,#1969,#1970,
#1971,#1972),.UNSPECIFIED.,.F.,.F.,(4,2,2,4),(0.535680229516198,0.62898318276203,
0.757333956890925,0.758725663353735),.UNSPECIFIED.);
#33=B_SPLINE_CURVE_WITH_KNOTS('',3,(#1974,#1975,#1976,#1977,#1978,#1979,
#1980,#1981,#1982,#1983,#1984,#1985,#1986,#1987,#1988,#1989,#1990,#1991,
#1992,#1993,#1994,#1995,#1996,#1997,#1998,#1999,#2000,#2001,#2002,#2003,
#2004,#2005,#2006,#2007,#2008,#2009,#2010,#2011,#2012,#2013,#2014,#2015,
#2016,#2017,#2018,#2019,#2020,#2021,#2022,#2023,#2024,#2025,#2026,#2027,
#2028,#2029,#2030,#2031,#2032,#2033,#2034,#2035,#2036,#2037,#2038,#2039,
#2040),.UNSPECIFIED.,.F.,.F.,(4,3,3,3,3,3,3,3,3,3,3,3,3,3,3,3,3,3,3,3,3,
3,4),(-0.438036909462928,-0.432698770090799,-0.428344301551416,-0.40473370960282,
-0.380545403573744,-0.375489808989916,-0.350636645934988,-0.336264309183106,
-0.311530753325342,-0.286122075209682,-0.26046278941344,-0.234745512126654,
-0.228969554665986,-0.203025494815315,-0.187781949488145,-0.16169053602701,
-0.135101561601716,-0.118365208052081,-0.089324654587993,-0.0600459856250269,
-0.0308346166625427,-0.0202332296897808,0.),.UNSPECIFIED.);
#34=B_SPLINE_CURVE_WITH_KNOTS('',3,(#2041,#2042,#2043,#2044,#2045,#2046,
#2047,#2048,#2049,#2050,#2051,#2052,#2053,#2054,#2055,#2056),
 .UNSPECIFIED.,.F.,.F.,(4,2,2,2,2,2,2,4),(0.154747932542896,0.194117095333062,
0.250996047040473,0.307637929385297,0.374843325795443,0.481144038068701,
0.539203079428634,0.540131334320537),.UNSPECIFIED.);
#35=B_SPLINE_CURVE_WITH_KNOTS('',3,(#2058,#2059,#2060,#2061),
 .UNSPECIFIED.,.F.,.F.,(4,4),(0.,0.166354329388467),.UNSPECIFIED.);
#36=B_SPLINE_CURVE_WITH_KNOTS('',3,(#2105,#2106,#2107,#2108,#2109,#2110,
#2111,#2112),.UNSPECIFIED.,.F.,.F.,(4,2,2,4),(0.782523537633058,0.848410154502613,
0.913863142272454,0.923018231861655),.UNSPECIFIED.);
#37=B_SPLINE_CURVE_WITH_KNOTS('',3,(#2114,#2115,#2116,#2117,#2118,#2119,
#2120,#2121,#2122,#2123),.UNSPECIFIED.,.F.,.F.,(4,2,2,2,4),(0.521670443892326,
0.586193989228363,0.651150674179144,0.716626864099234,0.782523537633057),
 .UNSPECIFIED.);
#38=B_SPLINE_CURVE_WITH_KNOTS('',3,(#2127,#2128,#2129,#2130,#2131,#2132,
#2133,#2134,#2135,#2136),.UNSPECIFIED.,.F.,.F.,(4,2,2,2,4),(1.30415823793625,
1.37005491147007,1.43553110139016,1.50048778634094,1.56501133167698),
 .UNSPECIFIED.);
#39=B_SPLINE_CURVE_WITH_KNOTS('',3,(#2137,#2138,#2139,#2140,#2141,#2142,
#2143,#2144),.UNSPECIFIED.,.F.,.F.,(4,2,2,4),(1.16366354370765,1.17281863329685,
1.23827162106669,1.30415823793625),.UNSPECIFIED.);
#40=B_SPLINE_CURVE_WITH_KNOTS('',3,(#2262,#2263,#2264,#2265,#2266,#2267,
#2268,#2269),.UNSPECIFIED.,.F.,.F.,(4,2,2,4),(0.778580556396227,0.843607196253414,
0.908541217812687,0.917979951403094),.UNSPECIFIED.);
#41=B_SPLINE_CURVE_WITH_KNOTS('',3,(#2271,#2272,#2273,#2274,#2275,#2276,
#2277,#2278,#2279,#2280),.UNSPECIFIED.,.F.,.F.,(4,2,2,2,4),(0.519051194227244,
0.583785388509841,0.648612879034556,0.713551796639346,0.778580553454277),
 .UNSPECIFIED.);
#42=B_SPLINE_CURVE_WITH_KNOTS('',3,(#2284,#2285,#2286,#2287,#2288,#2289,
#2290,#2291,#2292,#2293),.UNSPECIFIED.,.F.,.F.,(4,2,2,2,4),(0.259521835000211,
0.324550591815142,0.389489509419932,0.454316999944646,0.519051194227244),
 .UNSPECIFIED.);
#43=B_SPLINE_CURVE_WITH_KNOTS('',3,(#2294,#2295,#2296,#2297,#2298,#2299,
#2300,#2301),.UNSPECIFIED.,.F.,.F.,(4,2,2,4),(1.15822482844783,1.16766356203824,
1.23259758359751,1.2976242234547),.UNSPECIFIED.);
#44=TOROIDAL_SURFACE('',#1209,145.663118960625,3.5);
#45=TOROIDAL_SURFACE('',#1216,145.663118960625,3.5);
#46=TOROIDAL_SURFACE('',#1230,1027.73529411765,3.5);
#47=TOROIDAL_SURFACE('',#1248,11.9361406616345,1.75);
#48=TOROIDAL_SURFACE('',#1252,11.9361406616345,1.75);
#49=TOROIDAL_SURFACE('',#1256,12.25,1.75);
#50=TOROIDAL_SURFACE('',#1258,12.25,1.75);
#51=TOROIDAL_SURFACE('',#1263,21.75,1.75);
#52=TOROIDAL_SURFACE('',#1271,7.5,0.5);
#53=TOROIDAL_SURFACE('',#1286,7.5,0.5);
#54=TOROIDAL_SURFACE('',#1292,1027.73529411765,3.5);
#55=TOROIDAL_SURFACE('',#1305,141.75,1.75);
#56=TOROIDAL_SURFACE('',#1309,141.75,1.75);
#57=CYLINDRICAL_SURFACE('',#1201,1.25);
#58=CYLINDRICAL_SURFACE('',#1207,1.25);
#59=CYLINDRICAL_SURFACE('',#1260,7.);
#60=CYLINDRICAL_SURFACE('',#1267,20.);
#61=CYLINDRICAL_SURFACE('',#1268,0.5);
#62=CYLINDRICAL_SURFACE('',#1274,0.5);
#63=CYLINDRICAL_SURFACE('',#1276,7.);
#64=CYLINDRICAL_SURFACE('',#1283,0.5);
#65=CYLINDRICAL_SURFACE('',#1290,0.5);
#66=CYLINDRICAL_SURFACE('',#1295,7.);
#67=CYLINDRICAL_SURFACE('',#1296,5.25);
#68=CYLINDRICAL_SURFACE('',#1300,7.);
#69=CYLINDRICAL_SURFACE('',#1302,5.25);
#70=CYLINDRICAL_SURFACE('',#1307,140.);
#71=FACE_BOUND('',#173,.T.);
#72=FACE_BOUND('',#177,.T.);
#73=FACE_BOUND('',#181,.T.);
#74=FACE_BOUND('',#182,.T.);
#75=FACE_BOUND('',#185,.T.);
#76=FACE_BOUND('',#186,.T.);
#77=FACE_BOUND('',#187,.T.);
#78=FACE_BOUND('',#206,.T.);
#79=FACE_BOUND('',#207,.T.);
#80=FACE_BOUND('',#208,.T.);
#81=PLANE('',#1200);
#82=PLANE('',#1206);
#83=PLANE('',#1212);
#84=PLANE('',#1219);
#85=PLANE('',#1223);
#86=PLANE('',#1224);
#87=PLANE('',#1225);
#88=PLANE('',#1226);
#89=PLANE('',#1227);
#90=PLANE('',#1228);
#91=PLANE('',#1229);
#92=PLANE('',#1234);
#93=PLANE('',#1236);
#94=PLANE('',#1237);
#95=PLANE('',#1238);
#96=PLANE('',#1239);
#97=PLANE('',#1240);
#98=PLANE('',#1241);
#99=PLANE('',#1242);
#100=PLANE('',#1243);
#101=PLANE('',#1244);
#102=PLANE('',#1245);
#103=PLANE('',#1278);
#104=PLANE('',#1279);
#105=PLANE('',#1291);
#106=PLANE('',#1301);
#107=PLANE('',#1304);
#108=PLANE('',#1310);
#109=PLANE('',#1311);
#110=FACE_OUTER_BOUND('',#171,.T.);
#111=FACE_OUTER_BOUND('',#172,.T.);
#112=FACE_OUTER_BOUND('',#174,.T.);
#113=FACE_OUTER_BOUND('',#175,.T.);
#114=FACE_OUTER_BOUND('',#176,.T.);
#115=FACE_OUTER_BOUND('',#178,.T.);
#116=FACE_OUTER_BOUND('',#179,.T.);
#117=FACE_OUTER_BOUND('',#180,.T.);
#118=FACE_OUTER_BOUND('',#183,.T.);
#119=FACE_OUTER_BOUND('',#184,.T.);
#120=FACE_OUTER_BOUND('',#188,.T.);
#121=FACE_OUTER_BOUND('',#189,.T.);
#122=FACE_OUTER_BOUND('',#190,.T.);
#123=FACE_OUTER_BOUND('',#191,.T.);
#124=FACE_OUTER_BOUND('',#192,.T.);
#125=FACE_OUTER_BOUND('',#193,.T.);
#126=FACE_OUTER_BOUND('',#194,.T.);
#127=FACE_OUTER_BOUND('',#195,.T.);
#128=FACE_OUTER_BOUND('',#196,.T.);
#129=FACE_OUTER_BOUND('',#197,.T.);
#130=FACE_OUTER_BOUND('',#198,.T.);
#131=FACE_OUTER_BOUND('',#199,.T.);
#132=FACE_OUTER_BOUND('',#200,.T.);
#133=FACE_OUTER_BOUND('',#201,.T.);
#134=FACE_OUTER_BOUND('',#202,.T.);
#135=FACE_OUTER_BOUND('',#203,.T.);
#136=FACE_OUTER_BOUND('',#204,.T.);
#137=FACE_OUTER_BOUND('',#205,.T.);
#138=FACE_OUTER_BOUND('',#209,.T.);
#139=FACE_OUTER_BOUND('',#210,.T.);
#140=FACE_OUTER_BOUND('',#211,.T.);
#141=FACE_OUTER_BOUND('',#212,.T.);
#142=FACE_OUTER_BOUND('',#213,.T.);
#143=FACE_OUTER_BOUND('',#214,.T.);
#144=FACE_OUTER_BOUND('',#215,.T.);
#145=FACE_OUTER_BOUND('',#216,.T.);
#146=FACE_OUTER_BOUND('',#217,.T.);
#147=FACE_OUTER_BOUND('',#218,.T.);
#148=FACE_OUTER_BOUND('',#219,.T.);
#149=FACE_OUTER_BOUND('',#220,.T.);
#150=FACE_OUTER_BOUND('',#221,.T.);
#151=FACE_OUTER_BOUND('',#222,.T.);
#152=FACE_OUTER_BOUND('',#223,.T.);
#153=FACE_OUTER_BOUND('',#224,.T.);
#154=FACE_OUTER_BOUND('',#225,.T.);
#155=FACE_OUTER_BOUND('',#226,.T.);
#156=FACE_OUTER_BOUND('',#227,.T.);
#157=FACE_OUTER_BOUND('',#228,.T.);
#158=FACE_OUTER_BOUND('',#229,.T.);
#159=FACE_OUTER_BOUND('',#230,.T.);
#160=FACE_OUTER_BOUND('',#231,.T.);
#161=FACE_OUTER_BOUND('',#232,.T.);
#162=FACE_OUTER_BOUND('',#233,.T.);
#163=FACE_OUTER_BOUND('',#234,.T.);
#164=FACE_OUTER_BOUND('',#235,.T.);
#165=FACE_OUTER_BOUND('',#236,.T.);
#166=FACE_OUTER_BOUND('',#237,.T.);
#167=FACE_OUTER_BOUND('',#238,.T.);
#168=FACE_OUTER_BOUND('',#239,.T.);
#169=FACE_OUTER_BOUND('',#240,.T.);
#170=FACE_OUTER_BOUND('',#241,.T.);
#171=EDGE_LOOP('',(#772,#773,#774,#775));
#172=EDGE_LOOP('',(#776,#777,#778,#779));
#173=EDGE_LOOP('',(#780));
#174=EDGE_LOOP('',(#781,#782,#783,#784));
#175=EDGE_LOOP('',(#785,#786,#787,#788));
#176=EDGE_LOOP('',(#789,#790,#791,#792));
#177=EDGE_LOOP('',(#793));
#178=EDGE_LOOP('',(#794,#795,#796,#797));
#179=EDGE_LOOP('',(#798,#799,#800,#801));
#180=EDGE_LOOP('',(#802,#803,#804,#805,#806,#807,#808));
#181=EDGE_LOOP('',(#809));
#182=EDGE_LOOP('',(#810));
#183=EDGE_LOOP('',(#811,#812,#813,#814));
#184=EDGE_LOOP('',(#815,#816,#817,#818,#819));
#185=EDGE_LOOP('',(#820));
#186=EDGE_LOOP('',(#821));
#187=EDGE_LOOP('',(#822));
#188=EDGE_LOOP('',(#823,#824,#825,#826));
#189=EDGE_LOOP('',(#827,#828,#829,#830));
#190=EDGE_LOOP('',(#831,#832,#833,#834));
#191=EDGE_LOOP('',(#835,#836,#837,#838));
#192=EDGE_LOOP('',(#839,#840,#841,#842));
#193=EDGE_LOOP('',(#843,#844,#845,#846));
#194=EDGE_LOOP('',(#847,#848,#849,#850,#851,#852,#853,#854,#855,#856));
#195=EDGE_LOOP('',(#857,#858,#859,#860,#861,#862));
#196=EDGE_LOOP('',(#863,#864,#865,#866,#867,#868));
#197=EDGE_LOOP('',(#869,#870,#871,#872));
#198=EDGE_LOOP('',(#873,#874,#875,#876));
#199=EDGE_LOOP('',(#877,#878,#879,#880));
#200=EDGE_LOOP('',(#881,#882,#883,#884));
#201=EDGE_LOOP('',(#885,#886,#887,#888));
#202=EDGE_LOOP('',(#889,#890,#891,#892));
#203=EDGE_LOOP('',(#893,#894,#895,#896));
#204=EDGE_LOOP('',(#897,#898,#899,#900));
#205=EDGE_LOOP('',(#901,#902,#903,#904,#905,#906,#907,#908,#909,#910,#911,
#912,#913,#914,#915,#916,#917,#918));
#206=EDGE_LOOP('',(#919,#920,#921,#922));
#207=EDGE_LOOP('',(#923));
#208=EDGE_LOOP('',(#924));
#209=EDGE_LOOP('',(#925,#926,#927,#928,#929,#930,#931,#932,#933,#934,#935));
#210=EDGE_LOOP('',(#936,#937,#938,#939,#940));
#211=EDGE_LOOP('',(#941,#942,#943,#944,#945));
#212=EDGE_LOOP('',(#946,#947,#948,#949,#950));
#213=EDGE_LOOP('',(#951,#952,#953,#954,#955));
#214=EDGE_LOOP('',(#956,#957,#958));
#215=EDGE_LOOP('',(#959,#960,#961,#962,#963,#964));
#216=EDGE_LOOP('',(#965,#966,#967,#968,#969));
#217=EDGE_LOOP('',(#970,#971,#972,#973,#974));
#218=EDGE_LOOP('',(#975,#976,#977,#978));
#219=EDGE_LOOP('',(#979,#980,#981,#982));
#220=EDGE_LOOP('',(#983,#984,#985,#986));
#221=EDGE_LOOP('',(#987,#988,#989,#990));
#222=EDGE_LOOP('',(#991,#992,#993,#994));
#223=EDGE_LOOP('',(#995,#996,#997,#998,#999,#1000,#1001,#1002,#1003,#1004,
#1005,#1006,#1007,#1008,#1009,#1010,#1011,#1012,#1013,#1014,#1015,#1016));
#224=EDGE_LOOP('',(#1017,#1018,#1019,#1020));
#225=EDGE_LOOP('',(#1021,#1022,#1023,#1024));
#226=EDGE_LOOP('',(#1025,#1026,#1027,#1028));
#227=EDGE_LOOP('',(#1029,#1030,#1031,#1032,#1033,#1034,#1035,#1036,#1037,
#1038,#1039));
#228=EDGE_LOOP('',(#1040,#1041,#1042,#1043,#1044,#1045));
#229=EDGE_LOOP('',(#1046,#1047,#1048));
#230=EDGE_LOOP('',(#1049,#1050,#1051,#1052,#1053));
#231=EDGE_LOOP('',(#1054,#1055,#1056,#1057));
#232=EDGE_LOOP('',(#1058,#1059,#1060,#1061));
#233=EDGE_LOOP('',(#1062,#1063,#1064,#1065));
#234=EDGE_LOOP('',(#1066,#1067,#1068,#1069));
#235=EDGE_LOOP('',(#1070,#1071,#1072,#1073,#1074,#1075));
#236=EDGE_LOOP('',(#1076,#1077,#1078,#1079,#1080,#1081,#1082,#1083,#1084,
#1085,#1086,#1087,#1088,#1089,#1090,#1091,#1092,#1093));
#237=EDGE_LOOP('',(#1094,#1095,#1096,#1097,#1098,#1099));
#238=EDGE_LOOP('',(#1100,#1101,#1102,#1103));
#239=EDGE_LOOP('',(#1104,#1105,#1106,#1107,#1108,#1109));
#240=EDGE_LOOP('',(#1110,#1111,#1112,#1113,#1114,#1115));
#241=EDGE_LOOP('',(#1116,#1117,#1118,#1119));
#242=LINE('',#1644,#337);
#243=LINE('',#1649,#338);
#244=LINE('',#1651,#339);
#245=LINE('',#1653,#340);
#246=LINE('',#1654,#341);
#247=LINE('',#1658,#342);
#248=LINE('',#1663,#343);
#249=LINE('',#1668,#344);
#250=LINE('',#1670,#345);
#251=LINE('',#1672,#346);
#252=LINE('',#1673,#347);
#253=LINE('',#1677,#348);
#254=LINE('',#1703,#349);
#255=LINE('',#1705,#350);
#256=LINE('',#1707,#351);
#257=LINE('',#1710,#352);
#258=LINE('',#1711,#353);
#259=LINE('',#1741,#354);
#260=LINE('',#1743,#355);
#261=LINE('',#1745,#356);
#262=LINE('',#1746,#357);
#263=LINE('',#1761,#358);
#264=LINE('',#1763,#359);
#265=LINE('',#1764,#360);
#266=LINE('',#1773,#361);
#267=LINE('',#1775,#362);
#268=LINE('',#1776,#363);
#269=LINE('',#1780,#364);
#270=LINE('',#1782,#365);
#271=LINE('',#1784,#366);
#272=LINE('',#1785,#367);
#273=LINE('',#1789,#368);
#274=LINE('',#1791,#369);
#275=LINE('',#1793,#370);
#276=LINE('',#1794,#371);
#277=LINE('',#1796,#372);
#278=LINE('',#1797,#373);
#279=LINE('',#1799,#374);
#280=LINE('',#1800,#375);
#281=LINE('',#1803,#376);
#282=LINE('',#1805,#377);
#283=LINE('',#1839,#378);
#284=LINE('',#1841,#379);
#285=LINE('',#1843,#380);
#286=LINE('',#1848,#381);
#287=LINE('',#1850,#382);
#288=LINE('',#1852,#383);
#289=LINE('',#1853,#384);
#290=LINE('',#1856,#385);
#291=LINE('',#1858,#386);
#292=LINE('',#1859,#387);
#293=LINE('',#1863,#388);
#294=LINE('',#1865,#389);
#295=LINE('',#1867,#390);
#296=LINE('',#1868,#391);
#297=LINE('',#1871,#392);
#298=LINE('',#1873,#393);
#299=LINE('',#1874,#394);
#300=LINE('',#1877,#395);
#301=LINE('',#1879,#396);
#302=LINE('',#1880,#397);
#303=LINE('',#1883,#398);
#304=LINE('',#1885,#399);
#305=LINE('',#1886,#400);
#306=LINE('',#1888,#401);
#307=LINE('',#1890,#402);
#308=LINE('',#1897,#403);
#309=LINE('',#1899,#404);
#310=LINE('',#1901,#405);
#311=LINE('',#1902,#406);
#312=LINE('',#1903,#407);
#313=LINE('',#1905,#408);
#314=LINE('',#1906,#409);
#315=LINE('',#1911,#410);
#316=LINE('',#1913,#411);
#317=LINE('',#1917,#412);
#318=LINE('',#1918,#413);
#319=LINE('',#2065,#414);
#320=LINE('',#2074,#415);
#321=LINE('',#2079,#416);
#322=LINE('',#2088,#417);
#323=LINE('',#2092,#418);
#324=LINE('',#2093,#419);
#325=LINE('',#2097,#420);
#326=LINE('',#2098,#421);
#327=LINE('',#2100,#422);
#328=LINE('',#2103,#423);
#329=LINE('',#2125,#424);
#330=LINE('',#2151,#425);
#331=LINE('',#2159,#426);
#332=LINE('',#2160,#427);
#333=LINE('',#2162,#428);
#334=LINE('',#2256,#429);
#335=LINE('',#2282,#430);
#336=LINE('',#2308,#431);
#337=VECTOR('',#1318,1.85);
#338=VECTOR('',#1323,10.);
#339=VECTOR('',#1324,10.);
#340=VECTOR('',#1325,10.);
#341=VECTOR('',#1326,10.);
#342=VECTOR('',#1331,1.25);
#343=VECTOR('',#1336,1.85);
#344=VECTOR('',#1341,10.);
#345=VECTOR('',#1342,10.);
#346=VECTOR('',#1343,10.);
#347=VECTOR('',#1344,10.);
#348=VECTOR('',#1349,1.25);
#349=VECTOR('',#1358,10.);
#350=VECTOR('',#1359,10.);
#351=VECTOR('',#1360,10.);
#352=VECTOR('',#1363,10.);
#353=VECTOR('',#1364,10.);
#354=VECTOR('',#1377,10.);
#355=VECTOR('',#1378,10.);
#356=VECTOR('',#1379,10.);
#357=VECTOR('',#1380,10.);
#358=VECTOR('',#1389,10.);
#359=VECTOR('',#1390,10.);
#360=VECTOR('',#1391,10.);
#361=VECTOR('',#1394,10.);
#362=VECTOR('',#1395,10.);
#363=VECTOR('',#1396,10.);
#364=VECTOR('',#1399,10.);
#365=VECTOR('',#1400,10.);
#366=VECTOR('',#1401,10.);
#367=VECTOR('',#1402,10.);
#368=VECTOR('',#1405,10.);
#369=VECTOR('',#1406,10.);
#370=VECTOR('',#1407,10.);
#371=VECTOR('',#1408,10.);
#372=VECTOR('',#1411,10.);
#373=VECTOR('',#1412,10.);
#374=VECTOR('',#1415,10.);
#375=VECTOR('',#1416,10.);
#376=VECTOR('',#1419,10.);
#377=VECTOR('',#1420,10.);
#378=VECTOR('',#1431,10.);
#379=VECTOR('',#1432,10.);
#380=VECTOR('',#1433,10.);
#381=VECTOR('',#1438,10.);
#382=VECTOR('',#1439,10.);
#383=VECTOR('',#1440,10.);
#384=VECTOR('',#1441,10.);
#385=VECTOR('',#1444,10.);
#386=VECTOR('',#1445,10.);
#387=VECTOR('',#1446,10.);
#388=VECTOR('',#1449,10.);
#389=VECTOR('',#1450,10.);
#390=VECTOR('',#1451,10.);
#391=VECTOR('',#1452,10.);
#392=VECTOR('',#1455,10.);
#393=VECTOR('',#1456,10.);
#394=VECTOR('',#1457,10.);
#395=VECTOR('',#1460,10.);
#396=VECTOR('',#1461,10.);
#397=VECTOR('',#1462,10.);
#398=VECTOR('',#1465,10.);
#399=VECTOR('',#1466,10.);
#400=VECTOR('',#1467,10.);
#401=VECTOR('',#1470,10.);
#402=VECTOR('',#1473,10.);
#403=VECTOR('',#1476,10.);
#404=VECTOR('',#1477,10.);
#405=VECTOR('',#1478,10.);
#406=VECTOR('',#1479,10.);
#407=VECTOR('',#1480,10.);
#408=VECTOR('',#1481,10.);
#409=VECTOR('',#1482,10.);
#410=VECTOR('',#1487,10.);
#411=VECTOR('',#1488,10.);
#412=VECTOR('',#1491,10.);
#413=VECTOR('',#1492,10.);
#414=VECTOR('',#1521,10.);
#415=VECTOR('',#1534,20.);
#416=VECTOR('',#1539,10.);
#417=VECTOR('',#1554,10.);
#418=VECTOR('',#1559,10.);
#419=VECTOR('',#1560,10.);
#420=VECTOR('',#1565,10.);
#421=VECTOR('',#1566,10.);
#422=VECTOR('',#1567,10.);
#423=VECTOR('',#1570,10.);
#424=VECTOR('',#1571,10.);
#425=VECTOR('',#1580,10.);
#426=VECTOR('',#1591,10.);
#427=VECTOR('',#1592,10.);
#428=VECTOR('',#1595,10.);
#429=VECTOR('',#1614,10.);
#430=VECTOR('',#1623,10.);
#431=VECTOR('',#1636,10.);
#432=CIRCLE('',#1198,2.45);
#433=CIRCLE('',#1199,1.25);
#434=CIRCLE('',#1202,1.25);
#435=CIRCLE('',#1204,2.45);
#436=CIRCLE('',#1205,1.25);
#437=CIRCLE('',#1208,1.25);
#438=CIRCLE('',#1210,145.663118960625);
#439=CIRCLE('',#1211,143.054372986875);
#440=CIRCLE('',#1213,12.25);
#441=CIRCLE('',#1214,20.);
#442=CIRCLE('',#1215,12.25);
#443=CIRCLE('',#1217,145.663118960625);
#444=CIRCLE('',#1218,143.054372986875);
#445=CIRCLE('',#1220,11.9361406616345);
#446=CIRCLE('',#1221,21.75);
#447=CIRCLE('',#1222,11.9361406616345);
#448=CIRCLE('',#1231,1027.73529411765);
#449=CIRCLE('',#1232,3.5);
#450=CIRCLE('',#1233,1024.23529411765);
#451=CIRCLE('',#1235,1024.23529411765);
#452=CIRCLE('',#1246,1027.73529411765);
#453=CIRCLE('',#1247,7.5);
#454=CIRCLE('',#1249,10.5);
#455=CIRCLE('',#1250,10.5);
#456=CIRCLE('',#1251,1.75);
#457=CIRCLE('',#1253,10.5);
#458=CIRCLE('',#1254,10.5);
#459=CIRCLE('',#1255,1.75);
#460=CIRCLE('',#1257,1.75);
#461=CIRCLE('',#1259,1.75);
#462=CIRCLE('',#1261,7.);
#463=CIRCLE('',#1264,20.);
#464=CIRCLE('',#1265,1.75);
#465=CIRCLE('',#1266,20.);
#466=CIRCLE('',#1269,0.5);
#467=CIRCLE('',#1270,0.499999999999998);
#468=CIRCLE('',#1272,0.500000000000007);
#469=CIRCLE('',#1273,7.);
#470=CIRCLE('',#1275,0.5);
#471=CIRCLE('',#1280,3.5);
#472=CIRCLE('',#1281,0.5);
#473=CIRCLE('',#1282,7.);
#474=CIRCLE('',#1284,0.5);
#475=CIRCLE('',#1285,0.500000000000007);
#476=CIRCLE('',#1287,0.499999999999989);
#477=CIRCLE('',#1288,7.5);
#478=CIRCLE('',#1289,7.);
#479=CIRCLE('',#1293,5.25);
#480=CIRCLE('',#1297,5.25);
#481=CIRCLE('',#1299,5.24999999999999);
#482=CIRCLE('',#1303,5.25);
#483=CIRCLE('',#1306,140.);
#484=CIRCLE('',#1308,140.);
#485=VERTEX_POINT('',#1641);
#486=VERTEX_POINT('',#1643);
#487=VERTEX_POINT('',#1647);
#488=VERTEX_POINT('',#1648);
#489=VERTEX_POINT('',#1650);
#490=VERTEX_POINT('',#1652);
#491=VERTEX_POINT('',#1656);
#492=VERTEX_POINT('',#1660);
#493=VERTEX_POINT('',#1662);
#494=VERTEX_POINT('',#1666);
#495=VERTEX_POINT('',#1667);
#496=VERTEX_POINT('',#1669);
#497=VERTEX_POINT('',#1671);
#498=VERTEX_POINT('',#1675);
#499=VERTEX_POINT('',#1679);
#500=VERTEX_POINT('',#1680);
#501=VERTEX_POINT('',#1689);
#502=VERTEX_POINT('',#1691);
#503=VERTEX_POINT('',#1702);
#504=VERTEX_POINT('',#1704);
#505=VERTEX_POINT('',#1706);
#506=VERTEX_POINT('',#1709);
#507=VERTEX_POINT('',#1712);
#508=VERTEX_POINT('',#1714);
#509=VERTEX_POINT('',#1717);
#510=VERTEX_POINT('',#1718);
#511=VERTEX_POINT('',#1727);
#512=VERTEX_POINT('',#1729);
#513=VERTEX_POINT('',#1740);
#514=VERTEX_POINT('',#1742);
#515=VERTEX_POINT('',#1744);
#516=VERTEX_POINT('',#1747);
#517=VERTEX_POINT('',#1749);
#518=VERTEX_POINT('',#1751);
#519=VERTEX_POINT('',#1754);
#520=VERTEX_POINT('',#1755);
#521=VERTEX_POINT('',#1760);
#522=VERTEX_POINT('',#1762);
#523=VERTEX_POINT('',#1766);
#524=VERTEX_POINT('',#1767);
#525=VERTEX_POINT('',#1772);
#526=VERTEX_POINT('',#1774);
#527=VERTEX_POINT('',#1778);
#528=VERTEX_POINT('',#1779);
#529=VERTEX_POINT('',#1781);
#530=VERTEX_POINT('',#1783);
#531=VERTEX_POINT('',#1787);
#532=VERTEX_POINT('',#1788);
#533=VERTEX_POINT('',#1790);
#534=VERTEX_POINT('',#1792);
#535=VERTEX_POINT('',#1802);
#536=VERTEX_POINT('',#1804);
#537=VERTEX_POINT('',#1827);
#538=VERTEX_POINT('',#1832);
#539=VERTEX_POINT('',#1834);
#540=VERTEX_POINT('',#1838);
#541=VERTEX_POINT('',#1840);
#542=VERTEX_POINT('',#1842);
#543=VERTEX_POINT('',#1846);
#544=VERTEX_POINT('',#1847);
#545=VERTEX_POINT('',#1849);
#546=VERTEX_POINT('',#1851);
#547=VERTEX_POINT('',#1855);
#548=VERTEX_POINT('',#1857);
#549=VERTEX_POINT('',#1861);
#550=VERTEX_POINT('',#1862);
#551=VERTEX_POINT('',#1864);
#552=VERTEX_POINT('',#1866);
#553=VERTEX_POINT('',#1870);
#554=VERTEX_POINT('',#1872);
#555=VERTEX_POINT('',#1876);
#556=VERTEX_POINT('',#1878);
#557=VERTEX_POINT('',#1882);
#558=VERTEX_POINT('',#1884);
#559=VERTEX_POINT('',#1892);
#560=VERTEX_POINT('',#1898);
#561=VERTEX_POINT('',#1900);
#562=VERTEX_POINT('',#1904);
#563=VERTEX_POINT('',#1908);
#564=VERTEX_POINT('',#1910);
#565=VERTEX_POINT('',#1912);
#566=VERTEX_POINT('',#1914);
#567=VERTEX_POINT('',#1916);
#568=VERTEX_POINT('',#1920);
#569=VERTEX_POINT('',#1921);
#570=VERTEX_POINT('',#1926);
#571=VERTEX_POINT('',#1927);
#572=VERTEX_POINT('',#1963);
#573=VERTEX_POINT('',#1964);
#574=VERTEX_POINT('',#1973);
#575=VERTEX_POINT('',#2062);
#576=VERTEX_POINT('',#2064);
#577=VERTEX_POINT('',#2068);
#578=VERTEX_POINT('',#2069);
#579=VERTEX_POINT('',#2076);
#580=VERTEX_POINT('',#2078);
#581=VERTEX_POINT('',#2087);
#582=VERTEX_POINT('',#2091);
#583=VERTEX_POINT('',#2096);
#584=VERTEX_POINT('',#2099);
#585=VERTEX_POINT('',#2101);
#586=VERTEX_POINT('',#2104);
#587=VERTEX_POINT('',#2113);
#588=VERTEX_POINT('',#2124);
#589=VERTEX_POINT('',#2126);
#590=VERTEX_POINT('',#2147);
#591=VERTEX_POINT('',#2149);
#592=VERTEX_POINT('',#2153);
#593=VERTEX_POINT('',#2154);
#594=VERTEX_POINT('',#2261);
#595=VERTEX_POINT('',#2270);
#596=VERTEX_POINT('',#2281);
#597=VERTEX_POINT('',#2283);
#598=EDGE_CURVE('',#485,#485,#432,.T.);
#599=EDGE_CURVE('',#485,#486,#242,.T.);
#600=EDGE_CURVE('',#486,#486,#433,.T.);
#601=EDGE_CURVE('',#487,#488,#243,.T.);
#602=EDGE_CURVE('',#489,#487,#244,.T.);
#603=EDGE_CURVE('',#490,#489,#245,.T.);
#604=EDGE_CURVE('',#488,#490,#246,.T.);
#605=EDGE_CURVE('',#491,#491,#434,.T.);
#606=EDGE_CURVE('',#491,#486,#247,.T.);
#607=EDGE_CURVE('',#492,#492,#435,.T.);
#608=EDGE_CURVE('',#492,#493,#248,.T.);
#609=EDGE_CURVE('',#493,#493,#436,.T.);
#610=EDGE_CURVE('',#494,#495,#249,.T.);
#611=EDGE_CURVE('',#496,#494,#250,.T.);
#612=EDGE_CURVE('',#497,#496,#251,.T.);
#613=EDGE_CURVE('',#495,#497,#252,.T.);
#614=EDGE_CURVE('',#498,#498,#437,.T.);
#615=EDGE_CURVE('',#498,#493,#253,.T.);
#616=EDGE_CURVE('',#499,#500,#22,.T.);
#617=EDGE_CURVE('',#500,#501,#438,.T.);
#618=EDGE_CURVE('',#501,#502,#23,.T.);
#619=EDGE_CURVE('',#502,#499,#439,.T.);
#620=EDGE_CURVE('',#503,#500,#254,.T.);
#621=EDGE_CURVE('',#504,#503,#255,.T.);
#622=EDGE_CURVE('',#505,#504,#256,.T.);
#623=EDGE_CURVE('',#505,#505,#440,.T.);
#624=EDGE_CURVE('',#506,#505,#257,.T.);
#625=EDGE_CURVE('',#501,#506,#258,.T.);
#626=EDGE_CURVE('',#507,#507,#441,.T.);
#627=EDGE_CURVE('',#508,#508,#442,.T.);
#628=EDGE_CURVE('',#509,#510,#24,.T.);
#629=EDGE_CURVE('',#510,#511,#443,.T.);
#630=EDGE_CURVE('',#511,#512,#25,.T.);
#631=EDGE_CURVE('',#512,#509,#444,.T.);
#632=EDGE_CURVE('',#513,#510,#259,.T.);
#633=EDGE_CURVE('',#514,#513,#260,.T.);
#634=EDGE_CURVE('',#515,#514,#261,.T.);
#635=EDGE_CURVE('',#511,#515,#262,.T.);
#636=EDGE_CURVE('',#516,#516,#445,.T.);
#637=EDGE_CURVE('',#517,#517,#446,.T.);
#638=EDGE_CURVE('',#518,#518,#447,.T.);
#639=EDGE_CURVE('',#519,#520,#26,.T.);
#640=EDGE_CURVE('',#519,#521,#263,.T.);
#641=EDGE_CURVE('',#521,#522,#264,.T.);
#642=EDGE_CURVE('',#520,#522,#265,.T.);
#643=EDGE_CURVE('',#523,#524,#27,.T.);
#644=EDGE_CURVE('',#525,#523,#266,.T.);
#645=EDGE_CURVE('',#526,#525,#267,.T.);
#646=EDGE_CURVE('',#526,#524,#268,.T.);
#647=EDGE_CURVE('',#527,#528,#269,.T.);
#648=EDGE_CURVE('',#527,#529,#270,.T.);
#649=EDGE_CURVE('',#530,#529,#271,.T.);
#650=EDGE_CURVE('',#528,#530,#272,.T.);
#651=EDGE_CURVE('',#531,#532,#273,.T.);
#652=EDGE_CURVE('',#532,#533,#274,.T.);
#653=EDGE_CURVE('',#534,#533,#275,.T.);
#654=EDGE_CURVE('',#531,#534,#276,.T.);
#655=EDGE_CURVE('',#521,#531,#277,.T.);
#656=EDGE_CURVE('',#522,#534,#278,.T.);
#657=EDGE_CURVE('',#532,#526,#279,.T.);
#658=EDGE_CURVE('',#533,#525,#280,.T.);
#659=EDGE_CURVE('',#528,#535,#281,.T.);
#660=EDGE_CURVE('',#536,#530,#282,.T.);
#661=EDGE_CURVE('',#520,#536,#28,.T.);
#662=EDGE_CURVE('',#535,#523,#29,.T.);
#663=EDGE_CURVE('',#524,#537,#30,.T.);
#664=EDGE_CURVE('',#537,#538,#448,.T.);
#665=EDGE_CURVE('',#538,#539,#449,.T.);
#666=EDGE_CURVE('',#535,#539,#450,.T.);
#667=EDGE_CURVE('',#540,#529,#283,.T.);
#668=EDGE_CURVE('',#541,#540,#284,.T.);
#669=EDGE_CURVE('',#541,#542,#285,.T.);
#670=EDGE_CURVE('',#542,#536,#451,.T.);
#671=EDGE_CURVE('',#543,#544,#286,.T.);
#672=EDGE_CURVE('',#543,#545,#287,.T.);
#673=EDGE_CURVE('',#545,#546,#288,.T.);
#674=EDGE_CURVE('',#544,#546,#289,.T.);
#675=EDGE_CURVE('',#544,#547,#290,.T.);
#676=EDGE_CURVE('',#546,#548,#291,.T.);
#677=EDGE_CURVE('',#548,#547,#292,.T.);
#678=EDGE_CURVE('',#549,#550,#293,.T.);
#679=EDGE_CURVE('',#549,#551,#294,.T.);
#680=EDGE_CURVE('',#551,#552,#295,.T.);
#681=EDGE_CURVE('',#552,#550,#296,.T.);
#682=EDGE_CURVE('',#547,#553,#297,.T.);
#683=EDGE_CURVE('',#554,#548,#298,.T.);
#684=EDGE_CURVE('',#554,#553,#299,.T.);
#685=EDGE_CURVE('',#555,#549,#300,.T.);
#686=EDGE_CURVE('',#555,#556,#301,.T.);
#687=EDGE_CURVE('',#556,#551,#302,.T.);
#688=EDGE_CURVE('',#550,#557,#303,.T.);
#689=EDGE_CURVE('',#558,#552,#304,.T.);
#690=EDGE_CURVE('',#558,#557,#305,.T.);
#691=EDGE_CURVE('',#556,#558,#306,.T.);
#692=EDGE_CURVE('',#545,#554,#307,.T.);
#693=EDGE_CURVE('',#559,#519,#31,.T.);
#694=EDGE_CURVE('',#559,#553,#308,.T.);
#695=EDGE_CURVE('',#543,#560,#309,.T.);
#696=EDGE_CURVE('',#560,#561,#310,.T.);
#697=EDGE_CURVE('',#561,#557,#311,.T.);
#698=EDGE_CURVE('',#555,#537,#312,.T.);
#699=EDGE_CURVE('',#527,#562,#313,.T.);
#700=EDGE_CURVE('',#562,#540,#314,.T.);
#701=EDGE_CURVE('',#563,#559,#452,.T.);
#702=EDGE_CURVE('',#564,#563,#315,.T.);
#703=EDGE_CURVE('',#565,#564,#316,.T.);
#704=EDGE_CURVE('',#566,#565,#453,.T.);
#705=EDGE_CURVE('',#567,#566,#317,.T.);
#706=EDGE_CURVE('',#567,#560,#318,.T.);
#707=EDGE_CURVE('',#568,#569,#454,.T.);
#708=EDGE_CURVE('',#569,#568,#455,.T.);
#709=EDGE_CURVE('',#569,#516,#456,.T.);
#710=EDGE_CURVE('',#570,#571,#457,.T.);
#711=EDGE_CURVE('',#571,#570,#458,.T.);
#712=EDGE_CURVE('',#571,#518,#459,.T.);
#713=EDGE_CURVE('',#568,#505,#460,.T.);
#714=EDGE_CURVE('',#570,#508,#461,.T.);
#715=EDGE_CURVE('',#572,#573,#32,.T.);
#716=EDGE_CURVE('',#573,#574,#33,.T.);
#717=EDGE_CURVE('',#574,#572,#34,.F.);
#718=EDGE_CURVE('',#514,#572,#35,.T.);
#719=EDGE_CURVE('',#513,#575,#462,.T.);
#720=EDGE_CURVE('',#575,#576,#319,.T.);
#721=EDGE_CURVE('',#573,#576,#15,.T.);
#722=EDGE_CURVE('',#577,#578,#463,.T.);
#723=EDGE_CURVE('',#578,#517,#464,.T.);
#724=EDGE_CURVE('',#578,#577,#465,.T.);
#725=EDGE_CURVE('',#577,#507,#320,.T.);
#726=EDGE_CURVE('',#564,#579,#466,.T.);
#727=EDGE_CURVE('',#579,#580,#321,.T.);
#728=EDGE_CURVE('',#580,#565,#467,.T.);
#729=EDGE_CURVE('',#494,#566,#468,.T.);
#730=EDGE_CURVE('',#580,#494,#469,.T.);
#731=EDGE_CURVE('',#495,#567,#470,.T.);
#732=EDGE_CURVE('',#580,#581,#322,.T.);
#733=EDGE_CURVE('',#496,#581,#16,.T.);
#734=EDGE_CURVE('',#582,#579,#323,.T.);
#735=EDGE_CURVE('',#581,#582,#324,.T.);
#736=EDGE_CURVE('',#542,#563,#471,.T.);
#737=EDGE_CURVE('',#583,#541,#325,.T.);
#738=EDGE_CURVE('',#539,#583,#326,.T.);
#739=EDGE_CURVE('',#538,#584,#327,.T.);
#740=EDGE_CURVE('',#585,#584,#472,.T.);
#741=EDGE_CURVE('',#585,#575,#328,.T.);
#742=EDGE_CURVE('',#586,#509,#36,.T.);
#743=EDGE_CURVE('',#587,#586,#37,.T.);
#744=EDGE_CURVE('',#587,#588,#329,.T.);
#745=EDGE_CURVE('',#589,#588,#38,.T.);
#746=EDGE_CURVE('',#502,#589,#39,.T.);
#747=EDGE_CURVE('',#582,#506,#473,.T.);
#748=EDGE_CURVE('',#590,#487,#474,.T.);
#749=EDGE_CURVE('',#488,#591,#475,.T.);
#750=EDGE_CURVE('',#591,#590,#330,.T.);
#751=EDGE_CURVE('',#592,#593,#476,.T.);
#752=EDGE_CURVE('',#593,#591,#477,.T.);
#753=EDGE_CURVE('',#488,#592,#478,.T.);
#754=EDGE_CURVE('',#584,#593,#331,.T.);
#755=EDGE_CURVE('',#592,#585,#332,.T.);
#756=EDGE_CURVE('',#590,#561,#333,.T.);
#757=EDGE_CURVE('',#504,#496,#479,.T.);
#758=EDGE_CURVE('',#581,#504,#17,.T.);
#759=EDGE_CURVE('',#503,#497,#480,.T.);
#760=EDGE_CURVE('',#576,#490,#18,.T.);
#761=EDGE_CURVE('',#490,#574,#481,.T.);
#762=EDGE_CURVE('',#576,#592,#334,.T.);
#763=EDGE_CURVE('',#489,#515,#482,.T.);
#764=EDGE_CURVE('',#594,#499,#40,.T.);
#765=EDGE_CURVE('',#595,#594,#41,.T.);
#766=EDGE_CURVE('',#595,#596,#335,.T.);
#767=EDGE_CURVE('',#597,#596,#42,.T.);
#768=EDGE_CURVE('',#512,#597,#43,.T.);
#769=EDGE_CURVE('',#596,#587,#483,.T.);
#770=EDGE_CURVE('',#588,#595,#484,.T.);
#771=EDGE_CURVE('',#583,#562,#336,.T.);
#772=ORIENTED_EDGE('',*,*,#598,.T.);
#773=ORIENTED_EDGE('',*,*,#599,.T.);
#774=ORIENTED_EDGE('',*,*,#600,.T.);
#775=ORIENTED_EDGE('',*,*,#599,.F.);
#776=ORIENTED_EDGE('',*,*,#601,.F.);
#777=ORIENTED_EDGE('',*,*,#602,.F.);
#778=ORIENTED_EDGE('',*,*,#603,.F.);
#779=ORIENTED_EDGE('',*,*,#604,.F.);
#780=ORIENTED_EDGE('',*,*,#598,.F.);
#781=ORIENTED_EDGE('',*,*,#605,.F.);
#782=ORIENTED_EDGE('',*,*,#606,.T.);
#783=ORIENTED_EDGE('',*,*,#600,.F.);
#784=ORIENTED_EDGE('',*,*,#606,.F.);
#785=ORIENTED_EDGE('',*,*,#607,.T.);
#786=ORIENTED_EDGE('',*,*,#608,.T.);
#787=ORIENTED_EDGE('',*,*,#609,.T.);
#788=ORIENTED_EDGE('',*,*,#608,.F.);
#789=ORIENTED_EDGE('',*,*,#610,.F.);
#790=ORIENTED_EDGE('',*,*,#611,.F.);
#791=ORIENTED_EDGE('',*,*,#612,.F.);
#792=ORIENTED_EDGE('',*,*,#613,.F.);
#793=ORIENTED_EDGE('',*,*,#607,.F.);
#794=ORIENTED_EDGE('',*,*,#614,.F.);
#795=ORIENTED_EDGE('',*,*,#615,.T.);
#796=ORIENTED_EDGE('',*,*,#609,.F.);
#797=ORIENTED_EDGE('',*,*,#615,.F.);
#798=ORIENTED_EDGE('',*,*,#616,.T.);
#799=ORIENTED_EDGE('',*,*,#617,.T.);
#800=ORIENTED_EDGE('',*,*,#618,.T.);
#801=ORIENTED_EDGE('',*,*,#619,.T.);
#802=ORIENTED_EDGE('',*,*,#617,.F.);
#803=ORIENTED_EDGE('',*,*,#620,.F.);
#804=ORIENTED_EDGE('',*,*,#621,.F.);
#805=ORIENTED_EDGE('',*,*,#622,.F.);
#806=ORIENTED_EDGE('',*,*,#623,.F.);
#807=ORIENTED_EDGE('',*,*,#624,.F.);
#808=ORIENTED_EDGE('',*,*,#625,.F.);
#809=ORIENTED_EDGE('',*,*,#626,.F.);
#810=ORIENTED_EDGE('',*,*,#627,.F.);
#811=ORIENTED_EDGE('',*,*,#628,.T.);
#812=ORIENTED_EDGE('',*,*,#629,.T.);
#813=ORIENTED_EDGE('',*,*,#630,.T.);
#814=ORIENTED_EDGE('',*,*,#631,.T.);
#815=ORIENTED_EDGE('',*,*,#629,.F.);
#816=ORIENTED_EDGE('',*,*,#632,.F.);
#817=ORIENTED_EDGE('',*,*,#633,.F.);
#818=ORIENTED_EDGE('',*,*,#634,.F.);
#819=ORIENTED_EDGE('',*,*,#635,.F.);
#820=ORIENTED_EDGE('',*,*,#636,.F.);
#821=ORIENTED_EDGE('',*,*,#637,.F.);
#822=ORIENTED_EDGE('',*,*,#638,.F.);
#823=ORIENTED_EDGE('',*,*,#639,.F.);
#824=ORIENTED_EDGE('',*,*,#640,.T.);
#825=ORIENTED_EDGE('',*,*,#641,.T.);
#826=ORIENTED_EDGE('',*,*,#642,.F.);
#827=ORIENTED_EDGE('',*,*,#643,.F.);
#828=ORIENTED_EDGE('',*,*,#644,.F.);
#829=ORIENTED_EDGE('',*,*,#645,.F.);
#830=ORIENTED_EDGE('',*,*,#646,.T.);
#831=ORIENTED_EDGE('',*,*,#647,.F.);
#832=ORIENTED_EDGE('',*,*,#648,.T.);
#833=ORIENTED_EDGE('',*,*,#649,.F.);
#834=ORIENTED_EDGE('',*,*,#650,.F.);
#835=ORIENTED_EDGE('',*,*,#651,.T.);
#836=ORIENTED_EDGE('',*,*,#652,.T.);
#837=ORIENTED_EDGE('',*,*,#653,.F.);
#838=ORIENTED_EDGE('',*,*,#654,.F.);
#839=ORIENTED_EDGE('',*,*,#655,.T.);
#840=ORIENTED_EDGE('',*,*,#654,.T.);
#841=ORIENTED_EDGE('',*,*,#656,.F.);
#842=ORIENTED_EDGE('',*,*,#641,.F.);
#843=ORIENTED_EDGE('',*,*,#657,.T.);
#844=ORIENTED_EDGE('',*,*,#645,.T.);
#845=ORIENTED_EDGE('',*,*,#658,.F.);
#846=ORIENTED_EDGE('',*,*,#652,.F.);
#847=ORIENTED_EDGE('',*,*,#659,.F.);
#848=ORIENTED_EDGE('',*,*,#650,.T.);
#849=ORIENTED_EDGE('',*,*,#660,.F.);
#850=ORIENTED_EDGE('',*,*,#661,.F.);
#851=ORIENTED_EDGE('',*,*,#642,.T.);
#852=ORIENTED_EDGE('',*,*,#656,.T.);
#853=ORIENTED_EDGE('',*,*,#653,.T.);
#854=ORIENTED_EDGE('',*,*,#658,.T.);
#855=ORIENTED_EDGE('',*,*,#644,.T.);
#856=ORIENTED_EDGE('',*,*,#662,.F.);
#857=ORIENTED_EDGE('',*,*,#662,.T.);
#858=ORIENTED_EDGE('',*,*,#643,.T.);
#859=ORIENTED_EDGE('',*,*,#663,.T.);
#860=ORIENTED_EDGE('',*,*,#664,.T.);
#861=ORIENTED_EDGE('',*,*,#665,.T.);
#862=ORIENTED_EDGE('',*,*,#666,.F.);
#863=ORIENTED_EDGE('',*,*,#660,.T.);
#864=ORIENTED_EDGE('',*,*,#649,.T.);
#865=ORIENTED_EDGE('',*,*,#667,.F.);
#866=ORIENTED_EDGE('',*,*,#668,.F.);
#867=ORIENTED_EDGE('',*,*,#669,.T.);
#868=ORIENTED_EDGE('',*,*,#670,.T.);
#869=ORIENTED_EDGE('',*,*,#671,.F.);
#870=ORIENTED_EDGE('',*,*,#672,.T.);
#871=ORIENTED_EDGE('',*,*,#673,.T.);
#872=ORIENTED_EDGE('',*,*,#674,.F.);
#873=ORIENTED_EDGE('',*,*,#675,.F.);
#874=ORIENTED_EDGE('',*,*,#674,.T.);
#875=ORIENTED_EDGE('',*,*,#676,.T.);
#876=ORIENTED_EDGE('',*,*,#677,.T.);
#877=ORIENTED_EDGE('',*,*,#678,.F.);
#878=ORIENTED_EDGE('',*,*,#679,.T.);
#879=ORIENTED_EDGE('',*,*,#680,.T.);
#880=ORIENTED_EDGE('',*,*,#681,.T.);
#881=ORIENTED_EDGE('',*,*,#682,.F.);
#882=ORIENTED_EDGE('',*,*,#677,.F.);
#883=ORIENTED_EDGE('',*,*,#683,.F.);
#884=ORIENTED_EDGE('',*,*,#684,.T.);
#885=ORIENTED_EDGE('',*,*,#685,.F.);
#886=ORIENTED_EDGE('',*,*,#686,.T.);
#887=ORIENTED_EDGE('',*,*,#687,.T.);
#888=ORIENTED_EDGE('',*,*,#679,.F.);
#889=ORIENTED_EDGE('',*,*,#688,.F.);
#890=ORIENTED_EDGE('',*,*,#681,.F.);
#891=ORIENTED_EDGE('',*,*,#689,.F.);
#892=ORIENTED_EDGE('',*,*,#690,.T.);
#893=ORIENTED_EDGE('',*,*,#691,.T.);
#894=ORIENTED_EDGE('',*,*,#689,.T.);
#895=ORIENTED_EDGE('',*,*,#680,.F.);
#896=ORIENTED_EDGE('',*,*,#687,.F.);
#897=ORIENTED_EDGE('',*,*,#692,.T.);
#898=ORIENTED_EDGE('',*,*,#683,.T.);
#899=ORIENTED_EDGE('',*,*,#676,.F.);
#900=ORIENTED_EDGE('',*,*,#673,.F.);
#901=ORIENTED_EDGE('',*,*,#646,.F.);
#902=ORIENTED_EDGE('',*,*,#657,.F.);
#903=ORIENTED_EDGE('',*,*,#651,.F.);
#904=ORIENTED_EDGE('',*,*,#655,.F.);
#905=ORIENTED_EDGE('',*,*,#640,.F.);
#906=ORIENTED_EDGE('',*,*,#693,.F.);
#907=ORIENTED_EDGE('',*,*,#694,.T.);
#908=ORIENTED_EDGE('',*,*,#684,.F.);
#909=ORIENTED_EDGE('',*,*,#692,.F.);
#910=ORIENTED_EDGE('',*,*,#672,.F.);
#911=ORIENTED_EDGE('',*,*,#695,.T.);
#912=ORIENTED_EDGE('',*,*,#696,.T.);
#913=ORIENTED_EDGE('',*,*,#697,.T.);
#914=ORIENTED_EDGE('',*,*,#690,.F.);
#915=ORIENTED_EDGE('',*,*,#691,.F.);
#916=ORIENTED_EDGE('',*,*,#686,.F.);
#917=ORIENTED_EDGE('',*,*,#698,.T.);
#918=ORIENTED_EDGE('',*,*,#663,.F.);
#919=ORIENTED_EDGE('',*,*,#699,.T.);
#920=ORIENTED_EDGE('',*,*,#700,.T.);
#921=ORIENTED_EDGE('',*,*,#667,.T.);
#922=ORIENTED_EDGE('',*,*,#648,.F.);
#923=ORIENTED_EDGE('',*,*,#605,.T.);
#924=ORIENTED_EDGE('',*,*,#614,.T.);
#925=ORIENTED_EDGE('',*,*,#671,.T.);
#926=ORIENTED_EDGE('',*,*,#675,.T.);
#927=ORIENTED_EDGE('',*,*,#682,.T.);
#928=ORIENTED_EDGE('',*,*,#694,.F.);
#929=ORIENTED_EDGE('',*,*,#701,.F.);
#930=ORIENTED_EDGE('',*,*,#702,.F.);
#931=ORIENTED_EDGE('',*,*,#703,.F.);
#932=ORIENTED_EDGE('',*,*,#704,.F.);
#933=ORIENTED_EDGE('',*,*,#705,.F.);
#934=ORIENTED_EDGE('',*,*,#706,.T.);
#935=ORIENTED_EDGE('',*,*,#695,.F.);
#936=ORIENTED_EDGE('',*,*,#707,.F.);
#937=ORIENTED_EDGE('',*,*,#708,.F.);
#938=ORIENTED_EDGE('',*,*,#709,.T.);
#939=ORIENTED_EDGE('',*,*,#636,.T.);
#940=ORIENTED_EDGE('',*,*,#709,.F.);
#941=ORIENTED_EDGE('',*,*,#710,.F.);
#942=ORIENTED_EDGE('',*,*,#711,.F.);
#943=ORIENTED_EDGE('',*,*,#712,.T.);
#944=ORIENTED_EDGE('',*,*,#638,.T.);
#945=ORIENTED_EDGE('',*,*,#712,.F.);
#946=ORIENTED_EDGE('',*,*,#707,.T.);
#947=ORIENTED_EDGE('',*,*,#708,.T.);
#948=ORIENTED_EDGE('',*,*,#713,.T.);
#949=ORIENTED_EDGE('',*,*,#623,.T.);
#950=ORIENTED_EDGE('',*,*,#713,.F.);
#951=ORIENTED_EDGE('',*,*,#710,.T.);
#952=ORIENTED_EDGE('',*,*,#711,.T.);
#953=ORIENTED_EDGE('',*,*,#714,.T.);
#954=ORIENTED_EDGE('',*,*,#627,.T.);
#955=ORIENTED_EDGE('',*,*,#714,.F.);
#956=ORIENTED_EDGE('',*,*,#715,.T.);
#957=ORIENTED_EDGE('',*,*,#716,.T.);
#958=ORIENTED_EDGE('',*,*,#717,.T.);
#959=ORIENTED_EDGE('',*,*,#715,.F.);
#960=ORIENTED_EDGE('',*,*,#718,.F.);
#961=ORIENTED_EDGE('',*,*,#633,.T.);
#962=ORIENTED_EDGE('',*,*,#719,.T.);
#963=ORIENTED_EDGE('',*,*,#720,.T.);
#964=ORIENTED_EDGE('',*,*,#721,.F.);
#965=ORIENTED_EDGE('',*,*,#722,.T.);
#966=ORIENTED_EDGE('',*,*,#723,.T.);
#967=ORIENTED_EDGE('',*,*,#637,.T.);
#968=ORIENTED_EDGE('',*,*,#723,.F.);
#969=ORIENTED_EDGE('',*,*,#724,.T.);
#970=ORIENTED_EDGE('',*,*,#722,.F.);
#971=ORIENTED_EDGE('',*,*,#725,.T.);
#972=ORIENTED_EDGE('',*,*,#626,.T.);
#973=ORIENTED_EDGE('',*,*,#725,.F.);
#974=ORIENTED_EDGE('',*,*,#724,.F.);
#975=ORIENTED_EDGE('',*,*,#726,.T.);
#976=ORIENTED_EDGE('',*,*,#727,.T.);
#977=ORIENTED_EDGE('',*,*,#728,.T.);
#978=ORIENTED_EDGE('',*,*,#703,.T.);
#979=ORIENTED_EDGE('',*,*,#729,.T.);
#980=ORIENTED_EDGE('',*,*,#704,.T.);
#981=ORIENTED_EDGE('',*,*,#728,.F.);
#982=ORIENTED_EDGE('',*,*,#730,.T.);
#983=ORIENTED_EDGE('',*,*,#731,.T.);
#984=ORIENTED_EDGE('',*,*,#705,.T.);
#985=ORIENTED_EDGE('',*,*,#729,.F.);
#986=ORIENTED_EDGE('',*,*,#610,.T.);
#987=ORIENTED_EDGE('',*,*,#730,.F.);
#988=ORIENTED_EDGE('',*,*,#732,.T.);
#989=ORIENTED_EDGE('',*,*,#733,.F.);
#990=ORIENTED_EDGE('',*,*,#611,.T.);
#991=ORIENTED_EDGE('',*,*,#727,.F.);
#992=ORIENTED_EDGE('',*,*,#734,.F.);
#993=ORIENTED_EDGE('',*,*,#735,.F.);
#994=ORIENTED_EDGE('',*,*,#732,.F.);
#995=ORIENTED_EDGE('',*,*,#726,.F.);
#996=ORIENTED_EDGE('',*,*,#702,.T.);
#997=ORIENTED_EDGE('',*,*,#736,.F.);
#998=ORIENTED_EDGE('',*,*,#669,.F.);
#999=ORIENTED_EDGE('',*,*,#737,.F.);
#1000=ORIENTED_EDGE('',*,*,#738,.F.);
#1001=ORIENTED_EDGE('',*,*,#665,.F.);
#1002=ORIENTED_EDGE('',*,*,#739,.T.);
#1003=ORIENTED_EDGE('',*,*,#740,.F.);
#1004=ORIENTED_EDGE('',*,*,#741,.T.);
#1005=ORIENTED_EDGE('',*,*,#719,.F.);
#1006=ORIENTED_EDGE('',*,*,#632,.T.);
#1007=ORIENTED_EDGE('',*,*,#628,.F.);
#1008=ORIENTED_EDGE('',*,*,#742,.F.);
#1009=ORIENTED_EDGE('',*,*,#743,.F.);
#1010=ORIENTED_EDGE('',*,*,#744,.T.);
#1011=ORIENTED_EDGE('',*,*,#745,.F.);
#1012=ORIENTED_EDGE('',*,*,#746,.F.);
#1013=ORIENTED_EDGE('',*,*,#618,.F.);
#1014=ORIENTED_EDGE('',*,*,#625,.T.);
#1015=ORIENTED_EDGE('',*,*,#747,.F.);
#1016=ORIENTED_EDGE('',*,*,#734,.T.);
#1017=ORIENTED_EDGE('',*,*,#748,.T.);
#1018=ORIENTED_EDGE('',*,*,#601,.T.);
#1019=ORIENTED_EDGE('',*,*,#749,.T.);
#1020=ORIENTED_EDGE('',*,*,#750,.T.);
#1021=ORIENTED_EDGE('',*,*,#751,.T.);
#1022=ORIENTED_EDGE('',*,*,#752,.T.);
#1023=ORIENTED_EDGE('',*,*,#749,.F.);
#1024=ORIENTED_EDGE('',*,*,#753,.T.);
#1025=ORIENTED_EDGE('',*,*,#740,.T.);
#1026=ORIENTED_EDGE('',*,*,#754,.T.);
#1027=ORIENTED_EDGE('',*,*,#751,.F.);
#1028=ORIENTED_EDGE('',*,*,#755,.T.);
#1029=ORIENTED_EDGE('',*,*,#688,.T.);
#1030=ORIENTED_EDGE('',*,*,#697,.F.);
#1031=ORIENTED_EDGE('',*,*,#756,.F.);
#1032=ORIENTED_EDGE('',*,*,#750,.F.);
#1033=ORIENTED_EDGE('',*,*,#752,.F.);
#1034=ORIENTED_EDGE('',*,*,#754,.F.);
#1035=ORIENTED_EDGE('',*,*,#739,.F.);
#1036=ORIENTED_EDGE('',*,*,#664,.F.);
#1037=ORIENTED_EDGE('',*,*,#698,.F.);
#1038=ORIENTED_EDGE('',*,*,#685,.T.);
#1039=ORIENTED_EDGE('',*,*,#678,.T.);
#1040=ORIENTED_EDGE('',*,*,#661,.T.);
#1041=ORIENTED_EDGE('',*,*,#670,.F.);
#1042=ORIENTED_EDGE('',*,*,#736,.T.);
#1043=ORIENTED_EDGE('',*,*,#701,.T.);
#1044=ORIENTED_EDGE('',*,*,#693,.T.);
#1045=ORIENTED_EDGE('',*,*,#639,.T.);
#1046=ORIENTED_EDGE('',*,*,#757,.T.);
#1047=ORIENTED_EDGE('',*,*,#733,.T.);
#1048=ORIENTED_EDGE('',*,*,#758,.T.);
#1049=ORIENTED_EDGE('',*,*,#758,.F.);
#1050=ORIENTED_EDGE('',*,*,#735,.T.);
#1051=ORIENTED_EDGE('',*,*,#747,.T.);
#1052=ORIENTED_EDGE('',*,*,#624,.T.);
#1053=ORIENTED_EDGE('',*,*,#622,.T.);
#1054=ORIENTED_EDGE('',*,*,#757,.F.);
#1055=ORIENTED_EDGE('',*,*,#621,.T.);
#1056=ORIENTED_EDGE('',*,*,#759,.T.);
#1057=ORIENTED_EDGE('',*,*,#612,.T.);
#1058=ORIENTED_EDGE('',*,*,#716,.F.);
#1059=ORIENTED_EDGE('',*,*,#721,.T.);
#1060=ORIENTED_EDGE('',*,*,#760,.T.);
#1061=ORIENTED_EDGE('',*,*,#761,.T.);
#1062=ORIENTED_EDGE('',*,*,#753,.F.);
#1063=ORIENTED_EDGE('',*,*,#604,.T.);
#1064=ORIENTED_EDGE('',*,*,#760,.F.);
#1065=ORIENTED_EDGE('',*,*,#762,.T.);
#1066=ORIENTED_EDGE('',*,*,#755,.F.);
#1067=ORIENTED_EDGE('',*,*,#762,.F.);
#1068=ORIENTED_EDGE('',*,*,#720,.F.);
#1069=ORIENTED_EDGE('',*,*,#741,.F.);
#1070=ORIENTED_EDGE('',*,*,#761,.F.);
#1071=ORIENTED_EDGE('',*,*,#603,.T.);
#1072=ORIENTED_EDGE('',*,*,#763,.T.);
#1073=ORIENTED_EDGE('',*,*,#634,.T.);
#1074=ORIENTED_EDGE('',*,*,#718,.T.);
#1075=ORIENTED_EDGE('',*,*,#717,.F.);
#1076=ORIENTED_EDGE('',*,*,#731,.F.);
#1077=ORIENTED_EDGE('',*,*,#613,.T.);
#1078=ORIENTED_EDGE('',*,*,#759,.F.);
#1079=ORIENTED_EDGE('',*,*,#620,.T.);
#1080=ORIENTED_EDGE('',*,*,#616,.F.);
#1081=ORIENTED_EDGE('',*,*,#764,.F.);
#1082=ORIENTED_EDGE('',*,*,#765,.F.);
#1083=ORIENTED_EDGE('',*,*,#766,.T.);
#1084=ORIENTED_EDGE('',*,*,#767,.F.);
#1085=ORIENTED_EDGE('',*,*,#768,.F.);
#1086=ORIENTED_EDGE('',*,*,#630,.F.);
#1087=ORIENTED_EDGE('',*,*,#635,.T.);
#1088=ORIENTED_EDGE('',*,*,#763,.F.);
#1089=ORIENTED_EDGE('',*,*,#602,.T.);
#1090=ORIENTED_EDGE('',*,*,#748,.F.);
#1091=ORIENTED_EDGE('',*,*,#756,.T.);
#1092=ORIENTED_EDGE('',*,*,#696,.F.);
#1093=ORIENTED_EDGE('',*,*,#706,.F.);
#1094=ORIENTED_EDGE('',*,*,#631,.F.);
#1095=ORIENTED_EDGE('',*,*,#768,.T.);
#1096=ORIENTED_EDGE('',*,*,#767,.T.);
#1097=ORIENTED_EDGE('',*,*,#769,.T.);
#1098=ORIENTED_EDGE('',*,*,#743,.T.);
#1099=ORIENTED_EDGE('',*,*,#742,.T.);
#1100=ORIENTED_EDGE('',*,*,#769,.F.);
#1101=ORIENTED_EDGE('',*,*,#766,.F.);
#1102=ORIENTED_EDGE('',*,*,#770,.F.);
#1103=ORIENTED_EDGE('',*,*,#744,.F.);
#1104=ORIENTED_EDGE('',*,*,#619,.F.);
#1105=ORIENTED_EDGE('',*,*,#746,.T.);
#1106=ORIENTED_EDGE('',*,*,#745,.T.);
#1107=ORIENTED_EDGE('',*,*,#770,.T.);
#1108=ORIENTED_EDGE('',*,*,#765,.T.);
#1109=ORIENTED_EDGE('',*,*,#764,.T.);
#1110=ORIENTED_EDGE('',*,*,#659,.T.);
#1111=ORIENTED_EDGE('',*,*,#666,.T.);
#1112=ORIENTED_EDGE('',*,*,#738,.T.);
#1113=ORIENTED_EDGE('',*,*,#771,.T.);
#1114=ORIENTED_EDGE('',*,*,#699,.F.);
#1115=ORIENTED_EDGE('',*,*,#647,.T.);
#1116=ORIENTED_EDGE('',*,*,#737,.T.);
#1117=ORIENTED_EDGE('',*,*,#668,.T.);
#1118=ORIENTED_EDGE('',*,*,#700,.F.);
#1119=ORIENTED_EDGE('',*,*,#771,.F.);
#1120=CONICAL_SURFACE('',#1197,1.85,0.785398163397445);
#1121=CONICAL_SURFACE('',#1203,1.85,0.785398163397445);
#1122=ADVANCED_FACE('',(#110),#1120,.F.);
#1123=ADVANCED_FACE('',(#111,#71),#81,.F.);
#1124=ADVANCED_FACE('',(#112),#57,.F.);
#1125=ADVANCED_FACE('',(#113),#1121,.F.);
#1126=ADVANCED_FACE('',(#114,#72),#82,.F.);
#1127=ADVANCED_FACE('',(#115),#58,.F.);
#1128=ADVANCED_FACE('',(#116),#44,.F.);
#1129=ADVANCED_FACE('',(#117,#73,#74),#83,.T.);
#1130=ADVANCED_FACE('',(#118),#45,.F.);
#1131=ADVANCED_FACE('',(#119,#75,#76,#77),#84,.T.);
#1132=ADVANCED_FACE('',(#120),#85,.T.);
#1133=ADVANCED_FACE('',(#121),#86,.T.);
#1134=ADVANCED_FACE('',(#122),#87,.T.);
#1135=ADVANCED_FACE('',(#123),#88,.T.);
#1136=ADVANCED_FACE('',(#124),#89,.T.);
#1137=ADVANCED_FACE('',(#125),#90,.T.);
#1138=ADVANCED_FACE('',(#126),#91,.T.);
#1139=ADVANCED_FACE('',(#127),#46,.T.);
#1140=ADVANCED_FACE('',(#128),#92,.T.);
#1141=ADVANCED_FACE('',(#129),#93,.T.);
#1142=ADVANCED_FACE('',(#130),#94,.T.);
#1143=ADVANCED_FACE('',(#131),#95,.T.);
#1144=ADVANCED_FACE('',(#132),#96,.T.);
#1145=ADVANCED_FACE('',(#133),#97,.T.);
#1146=ADVANCED_FACE('',(#134),#98,.T.);
#1147=ADVANCED_FACE('',(#135),#99,.T.);
#1148=ADVANCED_FACE('',(#136),#100,.T.);
#1149=ADVANCED_FACE('',(#137,#78,#79,#80),#101,.T.);
#1150=ADVANCED_FACE('',(#138),#102,.T.);
#1151=ADVANCED_FACE('',(#139),#47,.T.);
#1152=ADVANCED_FACE('',(#140),#48,.T.);
#1153=ADVANCED_FACE('',(#141),#49,.T.);
#1154=ADVANCED_FACE('',(#142),#50,.T.);
#1155=ADVANCED_FACE('',(#143),#19,.F.);
#1156=ADVANCED_FACE('',(#144),#59,.F.);
#1157=ADVANCED_FACE('',(#145),#51,.T.);
#1158=ADVANCED_FACE('',(#146),#60,.F.);
#1159=ADVANCED_FACE('',(#147),#61,.T.);
#1160=ADVANCED_FACE('',(#148),#52,.T.);
#1161=ADVANCED_FACE('',(#149),#62,.T.);
#1162=ADVANCED_FACE('',(#150),#63,.F.);
#1163=ADVANCED_FACE('',(#151),#103,.F.);
#1164=ADVANCED_FACE('',(#152),#104,.F.);
#1165=ADVANCED_FACE('',(#153),#64,.T.);
#1166=ADVANCED_FACE('',(#154),#53,.T.);
#1167=ADVANCED_FACE('',(#155),#65,.T.);
#1168=ADVANCED_FACE('',(#156),#105,.T.);
#1169=ADVANCED_FACE('',(#157),#54,.T.);
#1170=ADVANCED_FACE('',(#158),#20,.T.);
#1171=ADVANCED_FACE('',(#159),#66,.F.);
#1172=ADVANCED_FACE('',(#160),#67,.F.);
#1173=ADVANCED_FACE('',(#161),#21,.T.);
#1174=ADVANCED_FACE('',(#162),#68,.F.);
#1175=ADVANCED_FACE('',(#163),#106,.F.);
#1176=ADVANCED_FACE('',(#164),#69,.F.);
#1177=ADVANCED_FACE('',(#165),#107,.T.);
#1178=ADVANCED_FACE('',(#166),#55,.T.);
#1179=ADVANCED_FACE('',(#167),#70,.F.);
#1180=ADVANCED_FACE('',(#168),#56,.T.);
#1181=ADVANCED_FACE('',(#169),#108,.T.);
#1182=ADVANCED_FACE('',(#170),#109,.T.);
#1183=CLOSED_SHELL('',(#1122,#1123,#1124,#1125,#1126,#1127,#1128,#1129,
#1130,#1131,#1132,#1133,#1134,#1135,#1136,#1137,#1138,#1139,#1140,#1141,
#1142,#1143,#1144,#1145,#1146,#1147,#1148,#1149,#1150,#1151,#1152,#1153,
#1154,#1155,#1156,#1157,#1158,#1159,#1160,#1161,#1162,#1163,#1164,#1165,
#1166,#1167,#1168,#1169,#1170,#1171,#1172,#1173,#1174,#1175,#1176,#1177,
#1178,#1179,#1180,#1181,#1182));
#1184=DERIVED_UNIT_ELEMENT(#1186,1.);
#1185=DERIVED_UNIT_ELEMENT(#2315,-3.);
#1186=(
MASS_UNIT()
NAMED_UNIT(*)
SI_UNIT(.KILO.,.GRAM.)
);
#1187=DERIVED_UNIT((#1184,#1185));
#1188=MEASURE_REPRESENTATION_ITEM('density measure',
POSITIVE_RATIO_MEASURE(7850.),#1187);
#1189=PROPERTY_DEFINITION_REPRESENTATION(#1194,#1191);
#1190=PROPERTY_DEFINITION_REPRESENTATION(#1195,#1192);
#1191=REPRESENTATION('material name',(#1193),#2312);
#1192=REPRESENTATION('density',(#1188),#2312);
#1193=DESCRIPTIVE_REPRESENTATION_ITEM('Acier','Acier');
#1194=PROPERTY_DEFINITION('material property','material name',#2322);
#1195=PROPERTY_DEFINITION('material property','density of part',#2322);
#1196=AXIS2_PLACEMENT_3D('',#1639,#1312,#1313);
#1197=AXIS2_PLACEMENT_3D('',#1640,#1314,#1315);
#1198=AXIS2_PLACEMENT_3D('',#1642,#1316,#1317);
#1199=AXIS2_PLACEMENT_3D('',#1645,#1319,#1320);
#1200=AXIS2_PLACEMENT_3D('',#1646,#1321,#1322);
#1201=AXIS2_PLACEMENT_3D('',#1655,#1327,#1328);
#1202=AXIS2_PLACEMENT_3D('',#1657,#1329,#1330);
#1203=AXIS2_PLACEMENT_3D('',#1659,#1332,#1333);
#1204=AXIS2_PLACEMENT_3D('',#1661,#1334,#1335);
#1205=AXIS2_PLACEMENT_3D('',#1664,#1337,#1338);
#1206=AXIS2_PLACEMENT_3D('',#1665,#1339,#1340);
#1207=AXIS2_PLACEMENT_3D('',#1674,#1345,#1346);
#1208=AXIS2_PLACEMENT_3D('',#1676,#1347,#1348);
#1209=AXIS2_PLACEMENT_3D('',#1678,#1350,#1351);
#1210=AXIS2_PLACEMENT_3D('',#1690,#1352,#1353);
#1211=AXIS2_PLACEMENT_3D('',#1700,#1354,#1355);
#1212=AXIS2_PLACEMENT_3D('',#1701,#1356,#1357);
#1213=AXIS2_PLACEMENT_3D('',#1708,#1361,#1362);
#1214=AXIS2_PLACEMENT_3D('',#1713,#1365,#1366);
#1215=AXIS2_PLACEMENT_3D('',#1715,#1367,#1368);
#1216=AXIS2_PLACEMENT_3D('',#1716,#1369,#1370);
#1217=AXIS2_PLACEMENT_3D('',#1728,#1371,#1372);
#1218=AXIS2_PLACEMENT_3D('',#1738,#1373,#1374);
#1219=AXIS2_PLACEMENT_3D('',#1739,#1375,#1376);
#1220=AXIS2_PLACEMENT_3D('',#1748,#1381,#1382);
#1221=AXIS2_PLACEMENT_3D('',#1750,#1383,#1384);
#1222=AXIS2_PLACEMENT_3D('',#1752,#1385,#1386);
#1223=AXIS2_PLACEMENT_3D('',#1753,#1387,#1388);
#1224=AXIS2_PLACEMENT_3D('',#1765,#1392,#1393);
#1225=AXIS2_PLACEMENT_3D('',#1777,#1397,#1398);
#1226=AXIS2_PLACEMENT_3D('',#1786,#1403,#1404);
#1227=AXIS2_PLACEMENT_3D('',#1795,#1409,#1410);
#1228=AXIS2_PLACEMENT_3D('',#1798,#1413,#1414);
#1229=AXIS2_PLACEMENT_3D('',#1801,#1417,#1418);
#1230=AXIS2_PLACEMENT_3D('',#1826,#1421,#1422);
#1231=AXIS2_PLACEMENT_3D('',#1833,#1423,#1424);
#1232=AXIS2_PLACEMENT_3D('',#1835,#1425,#1426);
#1233=AXIS2_PLACEMENT_3D('',#1836,#1427,#1428);
#1234=AXIS2_PLACEMENT_3D('',#1837,#1429,#1430);
#1235=AXIS2_PLACEMENT_3D('',#1844,#1434,#1435);
#1236=AXIS2_PLACEMENT_3D('',#1845,#1436,#1437);
#1237=AXIS2_PLACEMENT_3D('',#1854,#1442,#1443);
#1238=AXIS2_PLACEMENT_3D('',#1860,#1447,#1448);
#1239=AXIS2_PLACEMENT_3D('',#1869,#1453,#1454);
#1240=AXIS2_PLACEMENT_3D('',#1875,#1458,#1459);
#1241=AXIS2_PLACEMENT_3D('',#1881,#1463,#1464);
#1242=AXIS2_PLACEMENT_3D('',#1887,#1468,#1469);
#1243=AXIS2_PLACEMENT_3D('',#1889,#1471,#1472);
#1244=AXIS2_PLACEMENT_3D('',#1891,#1474,#1475);
#1245=AXIS2_PLACEMENT_3D('',#1907,#1483,#1484);
#1246=AXIS2_PLACEMENT_3D('',#1909,#1485,#1486);
#1247=AXIS2_PLACEMENT_3D('',#1915,#1489,#1490);
#1248=AXIS2_PLACEMENT_3D('',#1919,#1493,#1494);
#1249=AXIS2_PLACEMENT_3D('',#1922,#1495,#1496);
#1250=AXIS2_PLACEMENT_3D('',#1923,#1497,#1498);
#1251=AXIS2_PLACEMENT_3D('',#1924,#1499,#1500);
#1252=AXIS2_PLACEMENT_3D('',#1925,#1501,#1502);
#1253=AXIS2_PLACEMENT_3D('',#1928,#1503,#1504);
#1254=AXIS2_PLACEMENT_3D('',#1929,#1505,#1506);
#1255=AXIS2_PLACEMENT_3D('',#1930,#1507,#1508);
#1256=AXIS2_PLACEMENT_3D('',#1931,#1509,#1510);
#1257=AXIS2_PLACEMENT_3D('',#1932,#1511,#1512);
#1258=AXIS2_PLACEMENT_3D('',#1933,#1513,#1514);
#1259=AXIS2_PLACEMENT_3D('',#1934,#1515,#1516);
#1260=AXIS2_PLACEMENT_3D('',#2057,#1517,#1518);
#1261=AXIS2_PLACEMENT_3D('',#2063,#1519,#1520);
#1262=AXIS2_PLACEMENT_3D('',#2066,#1522,#1523);
#1263=AXIS2_PLACEMENT_3D('',#2067,#1524,#1525);
#1264=AXIS2_PLACEMENT_3D('',#2070,#1526,#1527);
#1265=AXIS2_PLACEMENT_3D('',#2071,#1528,#1529);
#1266=AXIS2_PLACEMENT_3D('',#2072,#1530,#1531);
#1267=AXIS2_PLACEMENT_3D('',#2073,#1532,#1533);
#1268=AXIS2_PLACEMENT_3D('',#2075,#1535,#1536);
#1269=AXIS2_PLACEMENT_3D('',#2077,#1537,#1538);
#1270=AXIS2_PLACEMENT_3D('',#2080,#1540,#1541);
#1271=AXIS2_PLACEMENT_3D('',#2081,#1542,#1543);
#1272=AXIS2_PLACEMENT_3D('',#2082,#1544,#1545);
#1273=AXIS2_PLACEMENT_3D('',#2083,#1546,#1547);
#1274=AXIS2_PLACEMENT_3D('',#2084,#1548,#1549);
#1275=AXIS2_PLACEMENT_3D('',#2085,#1550,#1551);
#1276=AXIS2_PLACEMENT_3D('',#2086,#1552,#1553);
#1277=AXIS2_PLACEMENT_3D('',#2089,#1555,#1556);
#1278=AXIS2_PLACEMENT_3D('',#2090,#1557,#1558);
#1279=AXIS2_PLACEMENT_3D('',#2094,#1561,#1562);
#1280=AXIS2_PLACEMENT_3D('',#2095,#1563,#1564);
#1281=AXIS2_PLACEMENT_3D('',#2102,#1568,#1569);
#1282=AXIS2_PLACEMENT_3D('',#2145,#1572,#1573);
#1283=AXIS2_PLACEMENT_3D('',#2146,#1574,#1575);
#1284=AXIS2_PLACEMENT_3D('',#2148,#1576,#1577);
#1285=AXIS2_PLACEMENT_3D('',#2150,#1578,#1579);
#1286=AXIS2_PLACEMENT_3D('',#2152,#1581,#1582);
#1287=AXIS2_PLACEMENT_3D('',#2155,#1583,#1584);
#1288=AXIS2_PLACEMENT_3D('',#2156,#1585,#1586);
#1289=AXIS2_PLACEMENT_3D('',#2157,#1587,#1588);
#1290=AXIS2_PLACEMENT_3D('',#2158,#1589,#1590);
#1291=AXIS2_PLACEMENT_3D('',#2161,#1593,#1594);
#1292=AXIS2_PLACEMENT_3D('',#2163,#1596,#1597);
#1293=AXIS2_PLACEMENT_3D('',#2206,#1598,#1599);
#1294=AXIS2_PLACEMENT_3D('',#2207,#1600,#1601);
#1295=AXIS2_PLACEMENT_3D('',#2208,#1602,#1603);
#1296=AXIS2_PLACEMENT_3D('',#2209,#1604,#1605);
#1297=AXIS2_PLACEMENT_3D('',#2210,#1606,#1607);
#1298=AXIS2_PLACEMENT_3D('',#2253,#1608,#1609);
#1299=AXIS2_PLACEMENT_3D('',#2254,#1610,#1611);
#1300=AXIS2_PLACEMENT_3D('',#2255,#1612,#1613);
#1301=AXIS2_PLACEMENT_3D('',#2257,#1615,#1616);
#1302=AXIS2_PLACEMENT_3D('',#2258,#1617,#1618);
#1303=AXIS2_PLACEMENT_3D('',#2259,#1619,#1620);
#1304=AXIS2_PLACEMENT_3D('',#2260,#1621,#1622);
#1305=AXIS2_PLACEMENT_3D('',#2302,#1624,#1625);
#1306=AXIS2_PLACEMENT_3D('',#2303,#1626,#1627);
#1307=AXIS2_PLACEMENT_3D('',#2304,#1628,#1629);
#1308=AXIS2_PLACEMENT_3D('',#2305,#1630,#1631);
#1309=AXIS2_PLACEMENT_3D('',#2306,#1632,#1633);
#1310=AXIS2_PLACEMENT_3D('',#2307,#1634,#1635);
#1311=AXIS2_PLACEMENT_3D('',#2309,#1637,#1638);
#1312=DIRECTION('axis',(0.,0.,1.));
#1313=DIRECTION('refdir',(1.,0.,0.));
#1314=DIRECTION('center_axis',(-1.,0.,0.));
#1315=DIRECTION('ref_axis',(0.,0.,-1.));
#1316=DIRECTION('center_axis',(-1.,0.,0.));
#1317=DIRECTION('ref_axis',(0.,0.,-1.));
#1318=DIRECTION('',(0.70710678118655,-8.6595605623549E-17,-0.707106781186545));
#1319=DIRECTION('center_axis',(1.,0.,0.));
#1320=DIRECTION('ref_axis',(0.,0.,-1.));
#1321=DIRECTION('center_axis',(1.,0.,0.));
#1322=DIRECTION('ref_axis',(0.,1.24604155401252E-17,1.));
#1323=DIRECTION('',(0.,-6.49633133192018E-17,1.));
#1324=DIRECTION('',(0.,1.,9.72458123759261E-15));
#1325=DIRECTION('',(0.,-1.24604155401252E-17,-1.));
#1326=DIRECTION('',(0.,-1.,0.));
#1327=DIRECTION('center_axis',(-1.,0.,0.));
#1328=DIRECTION('ref_axis',(0.,0.,-1.));
#1329=DIRECTION('center_axis',(-1.,0.,0.));
#1330=DIRECTION('ref_axis',(0.,0.,-1.));
#1331=DIRECTION('',(-1.,0.,0.));
#1332=DIRECTION('center_axis',(-1.,0.,0.));
#1333=DIRECTION('ref_axis',(0.,0.,-1.));
#1334=DIRECTION('center_axis',(-1.,0.,0.));
#1335=DIRECTION('ref_axis',(0.,0.,-1.));
#1336=DIRECTION('',(0.70710678118655,-8.6595605623549E-17,-0.707106781186545));
#1337=DIRECTION('center_axis',(1.,0.,0.));
#1338=DIRECTION('ref_axis',(0.,0.,-1.));
#1339=DIRECTION('center_axis',(1.,0.,0.));
#1340=DIRECTION('ref_axis',(0.,-2.49208310802504E-17,-1.));
#1341=DIRECTION('',(0.,-1.29926626638403E-17,-1.));
#1342=DIRECTION('',(0.,-1.,0.));
#1343=DIRECTION('',(0.,2.49208310802504E-17,1.));
#1344=DIRECTION('',(0.,1.,9.72458123759261E-15));
#1345=DIRECTION('center_axis',(-1.,0.,0.));
#1346=DIRECTION('ref_axis',(0.,0.,-1.));
#1347=DIRECTION('center_axis',(-1.,0.,0.));
#1348=DIRECTION('ref_axis',(0.,0.,-1.));
#1349=DIRECTION('',(-1.,0.,0.));
#1350=DIRECTION('center_axis',(0.,-1.,2.49208310802504E-17));
#1351=DIRECTION('ref_axis',(0.621264582124874,1.78632310564902E-17,0.783600867149345));
#1352=DIRECTION('center_axis',(0.,-1.,2.49208310802504E-17));
#1353=DIRECTION('ref_axis',(0.621031469175536,1.95325892962935E-17,0.783785630318441));
#1354=DIRECTION('center_axis',(0.,1.,-2.49208310802504E-17));
#1355=DIRECTION('ref_axis',(0.621031469175536,1.94021161577322E-17,0.783785630318441));
#1356=DIRECTION('center_axis',(0.,-1.,2.49208310802504E-17));
#1357=DIRECTION('ref_axis',(1.,0.,0.));
#1358=DIRECTION('',(-1.,0.,0.));
#1359=DIRECTION('',(0.,-2.49208310802504E-17,-1.));
#1360=DIRECTION('',(1.,0.,0.));
#1361=DIRECTION('center_axis',(0.,-1.,2.49208310802504E-17));
#1362=DIRECTION('ref_axis',(-1.,-1.03507970288396E-34,-4.1534718467084E-18));
#1363=DIRECTION('',(1.,0.,0.));
#1364=DIRECTION('',(0.,2.49208310802504E-17,1.));
#1365=DIRECTION('center_axis',(0.,-1.,2.49208310802504E-17));
#1366=DIRECTION('ref_axis',(-1.,0.,0.));
#1367=DIRECTION('center_axis',(0.,-1.,2.49208310802504E-17));
#1368=DIRECTION('ref_axis',(-1.,-1.03507970288396E-34,-4.1534718467084E-18));
#1369=DIRECTION('center_axis',(0.,1.,-1.24604155401252E-17));
#1370=DIRECTION('ref_axis',(0.,1.19088207043268E-17,1.));
#1371=DIRECTION('center_axis',(0.,1.,-1.24604155401252E-17));
#1372=DIRECTION('ref_axis',(0.621031469175536,9.76629464814673E-18,0.783785630318441));
#1373=DIRECTION('center_axis',(0.,-1.,1.24604155401252E-17));
#1374=DIRECTION('ref_axis',(0.621031469175536,9.70105807886609E-18,0.783785630318441));
#1375=DIRECTION('center_axis',(0.,1.,-1.24604155401252E-17));
#1376=DIRECTION('ref_axis',(-1.,0.,0.));
#1377=DIRECTION('',(0.,-1.24604155401252E-17,-1.));
#1378=DIRECTION('',(-1.,0.,0.));
#1379=DIRECTION('',(0.,1.24604155401252E-17,1.));
#1380=DIRECTION('',(1.,0.,0.));
#1381=DIRECTION('center_axis',(0.,1.,-2.49208310802504E-17));
#1382=DIRECTION('ref_axis',(1.,0.,3.65373160611415E-18));
#1383=DIRECTION('center_axis',(0.,1.,-1.24604155401252E-17));
#1384=DIRECTION('ref_axis',(-1.,1.3585421100352E-35,1.09028635976096E-18));
#1385=DIRECTION('center_axis',(0.,1.,-2.49208310802504E-17));
#1386=DIRECTION('ref_axis',(1.,0.,3.65373160611415E-18));
#1387=DIRECTION('center_axis',(0.,0.,-1.));
#1388=DIRECTION('ref_axis',(0.,-1.,0.));
#1389=DIRECTION('',(0.,-1.,0.));
#1390=DIRECTION('',(-1.,0.,0.));
#1391=DIRECTION('',(0.,-1.,0.));
#1392=DIRECTION('center_axis',(0.,0.,-1.));
#1393=DIRECTION('ref_axis',(0.,-1.,0.));
#1394=DIRECTION('',(0.,-1.,0.));
#1395=DIRECTION('',(-1.,0.,0.));
#1396=DIRECTION('',(0.,-1.,0.));
#1397=DIRECTION('center_axis',(0.,0.,-1.));
#1398=DIRECTION('ref_axis',(0.,-1.,0.));
#1399=DIRECTION('',(-1.,0.,0.));
#1400=DIRECTION('',(0.,-1.,0.));
#1401=DIRECTION('',(1.,0.,0.));
#1402=DIRECTION('',(0.,-1.,0.));
#1403=DIRECTION('center_axis',(0.,0.,1.));
#1404=DIRECTION('ref_axis',(0.,1.,0.));
#1405=DIRECTION('',(0.,1.,0.));
#1406=DIRECTION('',(-1.,0.,0.));
#1407=DIRECTION('',(0.,1.,0.));
#1408=DIRECTION('',(-1.,0.,0.));
#1409=DIRECTION('center_axis',(0.,-1.,0.));
#1410=DIRECTION('ref_axis',(0.,0.,1.));
#1411=DIRECTION('',(0.,0.,1.));
#1412=DIRECTION('',(0.,0.,1.));
#1413=DIRECTION('center_axis',(0.,1.,0.));
#1414=DIRECTION('ref_axis',(0.,0.,-1.));
#1415=DIRECTION('',(0.,0.,-1.));
#1416=DIRECTION('',(0.,0.,-1.));
#1417=DIRECTION('center_axis',(-1.,0.,0.));
#1418=DIRECTION('ref_axis',(0.,0.,1.));
#1419=DIRECTION('',(0.,5.4422697285547E-17,1.));
#1420=DIRECTION('',(0.,-1.08845394571094E-16,-1.));
#1421=DIRECTION('center_axis',(0.,-1.,-6.49633133192018E-17));
#1422=DIRECTION('ref_axis',(0.,6.54569915151766E-17,-1.));
#1423=DIRECTION('center_axis',(0.,1.,6.49633133192018E-17));
#1424=DIRECTION('ref_axis',(0.0882143363316134,6.47100549040771E-17,-0.996101516345384));
#1425=DIRECTION('center_axis',(1.,0.,0.));
#1426=DIRECTION('ref_axis',(0.,6.49633133192017E-17,-1.));
#1427=DIRECTION('center_axis',(0.,1.,-5.4422697285547E-17));
#1428=DIRECTION('ref_axis',(-1.,0.,0.));
#1429=DIRECTION('center_axis',(0.,1.,-1.08845394571094E-16));
#1430=DIRECTION('ref_axis',(0.,1.08845394571094E-16,1.));
#1431=DIRECTION('',(0.,1.08845394571094E-16,1.));
#1432=DIRECTION('',(1.,0.,0.));
#1433=DIRECTION('',(0.,1.08845394571094E-16,1.));
#1434=DIRECTION('center_axis',(0.,-1.,1.08845394571094E-16));
#1435=DIRECTION('ref_axis',(-1.,0.,0.));
#1436=DIRECTION('center_axis',(0.,0.,-1.));
#1437=DIRECTION('ref_axis',(0.,-1.,0.));
#1438=DIRECTION('',(-1.,0.,0.));
#1439=DIRECTION('',(0.,-1.,0.));
#1440=DIRECTION('',(-1.,0.,0.));
#1441=DIRECTION('',(0.,-1.,0.));
#1442=DIRECTION('center_axis',(-1.,0.,0.));
#1443=DIRECTION('ref_axis',(0.,0.,1.));
#1444=DIRECTION('',(0.,1.29926626638403E-17,1.));
#1445=DIRECTION('',(0.,0.,1.));
#1446=DIRECTION('',(0.,1.,0.));
#1447=DIRECTION('center_axis',(-1.,0.,0.));
#1448=DIRECTION('ref_axis',(0.,0.,1.));
#1449=DIRECTION('',(0.,6.49633133192018E-17,-1.));
#1450=DIRECTION('',(0.,1.,0.));
#1451=DIRECTION('',(0.,0.,-1.));
#1452=DIRECTION('',(0.,-1.,0.));
#1453=DIRECTION('center_axis',(0.,0.,1.));
#1454=DIRECTION('ref_axis',(0.,1.,0.));
#1455=DIRECTION('',(1.,0.,0.));
#1456=DIRECTION('',(-1.,0.,0.));
#1457=DIRECTION('',(0.,1.,0.));
#1458=DIRECTION('center_axis',(0.,0.,1.));
#1459=DIRECTION('ref_axis',(0.,1.,0.));
#1460=DIRECTION('',(-1.,0.,0.));
#1461=DIRECTION('',(0.,1.,0.));
#1462=DIRECTION('',(-1.,0.,0.));
#1463=DIRECTION('center_axis',(0.,0.,-1.));
#1464=DIRECTION('ref_axis',(0.,-1.,0.));
#1465=DIRECTION('',(1.,0.,0.));
#1466=DIRECTION('',(-1.,0.,0.));
#1467=DIRECTION('',(0.,-1.,0.));
#1468=DIRECTION('center_axis',(0.,1.,0.));
#1469=DIRECTION('ref_axis',(0.,0.,-1.));
#1470=DIRECTION('',(0.,0.,-1.));
#1471=DIRECTION('center_axis',(0.,-1.,0.));
#1472=DIRECTION('ref_axis',(0.,0.,1.));
#1473=DIRECTION('',(0.,0.,1.));
#1474=DIRECTION('center_axis',(1.,0.,0.));
#1475=DIRECTION('ref_axis',(0.,0.,-1.));
#1476=DIRECTION('',(0.,-1.29926626638403E-17,-1.));
#1477=DIRECTION('',(0.,-1.29926626638403E-17,-1.));
#1478=DIRECTION('',(0.,1.,9.72458123759261E-15));
#1479=DIRECTION('',(0.,-6.49633133192018E-17,1.));
#1480=DIRECTION('',(0.,-6.49633133192018E-17,1.));
#1481=DIRECTION('',(0.,-5.4422697285547E-17,-1.));
#1482=DIRECTION('',(0.,-1.,-3.91843420455938E-15));
#1483=DIRECTION('center_axis',(0.,-1.,1.29926626638403E-17));
#1484=DIRECTION('ref_axis',(0.,-1.29926626638403E-17,-1.));
#1485=DIRECTION('center_axis',(0.,-1.,1.29926626638403E-17));
#1486=DIRECTION('ref_axis',(0.0882143363316134,-1.29420109808154E-17,-0.996101516345384));
#1487=DIRECTION('',(0.,1.29926626638403E-17,1.));
#1488=DIRECTION('',(-1.,0.,0.));
#1489=DIRECTION('center_axis',(0.,-1.,1.29926626638403E-17));
#1490=DIRECTION('ref_axis',(0.707106781186549,9.18719987527075E-18,0.707106781186546));
#1491=DIRECTION('',(0.,1.29926626638403E-17,1.));
#1492=DIRECTION('',(1.,0.,0.));
#1493=DIRECTION('center_axis',(0.,1.,-2.49208310802504E-17));
#1494=DIRECTION('ref_axis',(1.,0.,0.));
#1495=DIRECTION('center_axis',(0.,1.,-2.49208310802504E-17));
#1496=DIRECTION('ref_axis',(-1.,0.,-4.1534718467084E-18));
#1497=DIRECTION('center_axis',(0.,1.,-2.49208310802504E-17));
#1498=DIRECTION('ref_axis',(-1.,0.,-4.1534718467084E-18));
#1499=DIRECTION('center_axis',(0.,2.49208310802504E-17,1.));
#1500=DIRECTION('ref_axis',(-1.,0.,0.));
#1501=DIRECTION('center_axis',(0.,1.,-2.49208310802504E-17));
#1502=DIRECTION('ref_axis',(1.,0.,0.));
#1503=DIRECTION('center_axis',(0.,1.,-2.49208310802504E-17));
#1504=DIRECTION('ref_axis',(-1.,0.,-4.1534718467084E-18));
#1505=DIRECTION('center_axis',(0.,1.,-2.49208310802504E-17));
#1506=DIRECTION('ref_axis',(-1.,0.,-4.1534718467084E-18));
#1507=DIRECTION('center_axis',(-1.62240481385286E-16,2.49208310802504E-17,
1.));
#1508=DIRECTION('ref_axis',(-1.,0.,-1.62240481385286E-16));
#1509=DIRECTION('center_axis',(0.,-1.,2.49208310802504E-17));
#1510=DIRECTION('ref_axis',(0.,-2.37904933848248E-17,-1.));
#1511=DIRECTION('center_axis',(-1.,0.,0.));
#1512=DIRECTION('ref_axis',(0.,2.47817639425258E-17,1.));
#1513=DIRECTION('center_axis',(0.,-1.,2.49208310802504E-17));
#1514=DIRECTION('ref_axis',(0.,-2.37904933848248E-17,-1.));
#1515=DIRECTION('center_axis',(-1.,0.,0.));
#1516=DIRECTION('ref_axis',(0.,2.47817639425258E-17,1.));
#1517=DIRECTION('center_axis',(-1.,0.,0.));
#1518=DIRECTION('ref_axis',(0.,-0.707106781186547,0.707106781186548));
#1519=DIRECTION('center_axis',(-1.,0.,0.));
#1520=DIRECTION('ref_axis',(0.,-0.707106781186547,0.707106781186548));
#1521=DIRECTION('',(1.,0.,0.));
#1522=DIRECTION('center_axis',(-0.970142500145332,-0.242535625036334,0.));
#1523=DIRECTION('ref_axis',(0.242535625036334,-0.970142500145332,0.));
#1524=DIRECTION('center_axis',(0.,1.,-1.24604155401252E-17));
#1525=DIRECTION('ref_axis',(0.,9.44870659255452E-18,1.));
#1526=DIRECTION('center_axis',(0.,-1.,1.24604155401252E-17));
#1527=DIRECTION('ref_axis',(-1.,0.,1.09028635976096E-18));
#1528=DIRECTION('center_axis',(-1.,0.,0.));
#1529=DIRECTION('ref_axis',(0.,-1.18108832406932E-17,-1.));
#1530=DIRECTION('center_axis',(0.,-1.,1.24604155401252E-17));
#1531=DIRECTION('ref_axis',(-1.,0.,1.09028635976096E-18));
#1532=DIRECTION('center_axis',(0.,-1.,0.));
#1533=DIRECTION('ref_axis',(-1.,0.,0.));
#1534=DIRECTION('',(0.,-1.,0.));
#1535=DIRECTION('center_axis',(1.,0.,0.));
#1536=DIRECTION('ref_axis',(0.,-0.707106781186557,-0.707106781186538));
#1537=DIRECTION('center_axis',(1.,0.,0.));
#1538=DIRECTION('ref_axis',(0.,-0.707106781186557,-0.707106781186538));
#1539=DIRECTION('',(1.,0.,0.));
#1540=DIRECTION('center_axis',(-1.,0.,0.));
#1541=DIRECTION('ref_axis',(0.,0.,-1.));
#1542=DIRECTION('center_axis',(0.,-1.,1.29926626638403E-17));
#1543=DIRECTION('ref_axis',(0.,0.,-1.));
#1544=DIRECTION('center_axis',(0.,0.,1.));
#1545=DIRECTION('ref_axis',(-1.,0.,0.));
#1546=DIRECTION('center_axis',(0.,1.,-1.29926626638403E-17));
#1547=DIRECTION('ref_axis',(0.707106781186549,9.9127055770103E-18,0.707106781186546));
#1548=DIRECTION('center_axis',(0.,-1.29926626638403E-17,-1.));
#1549=DIRECTION('ref_axis',(-0.707106781186576,-0.707106781186519,0.));
#1550=DIRECTION('center_axis',(0.,-9.72458123759261E-15,1.));
#1551=DIRECTION('ref_axis',(-0.707106781186576,-0.707106781186519,0.));
#1552=DIRECTION('center_axis',(0.,1.,0.));
#1553=DIRECTION('ref_axis',(0.707106781186545,0.,0.70710678118655));
#1554=DIRECTION('',(0.,1.,0.));
#1555=DIRECTION('center_axis',(0.242535625036333,-0.970142500145332,0.));
#1556=DIRECTION('ref_axis',(0.970142500145332,0.242535625036333,0.));
#1557=DIRECTION('center_axis',(0.,0.,1.));
#1558=DIRECTION('ref_axis',(1.,0.,0.));
#1559=DIRECTION('',(0.,-1.,0.));
#1560=DIRECTION('',(-1.,0.,0.));
#1561=DIRECTION('center_axis',(1.,0.,0.));
#1562=DIRECTION('ref_axis',(0.,0.,-1.));
#1563=DIRECTION('center_axis',(1.,0.,0.));
#1564=DIRECTION('ref_axis',(0.,-1.29926626638403E-17,-1.));
#1565=DIRECTION('',(0.,-1.,-3.91843420455938E-15));
#1566=DIRECTION('',(0.,-5.4422697285547E-17,-1.));
#1567=DIRECTION('',(0.,6.49633133192018E-17,-1.));
#1568=DIRECTION('center_axis',(1.,0.,0.));
#1569=DIRECTION('ref_axis',(0.,0.707106781186557,-0.707106781186538));
#1570=DIRECTION('',(0.,-1.,0.));
#1571=DIRECTION('',(0.,-1.,0.));
#1572=DIRECTION('center_axis',(-1.,0.,0.));
#1573=DIRECTION('ref_axis',(0.,0.707106781186547,0.707106781186548));
#1574=DIRECTION('center_axis',(0.,-6.49633133192018E-17,1.));
#1575=DIRECTION('ref_axis',(-0.707106781186576,0.707106781186519,0.));
#1576=DIRECTION('center_axis',(0.,-9.72458123759261E-15,1.));
#1577=DIRECTION('ref_axis',(-0.707106781186576,0.707106781186519,0.));
#1578=DIRECTION('center_axis',(0.,0.,-1.));
#1579=DIRECTION('ref_axis',(-1.,0.,0.));
#1580=DIRECTION('',(0.,6.49633133192018E-17,-1.));
#1581=DIRECTION('center_axis',(0.,1.,6.49633133192018E-17));
#1582=DIRECTION('ref_axis',(0.,0.,1.));
#1583=DIRECTION('center_axis',(1.,0.,0.));
#1584=DIRECTION('ref_axis',(0.,0.,-1.));
#1585=DIRECTION('center_axis',(0.,1.,6.49633133192018E-17));
#1586=DIRECTION('ref_axis',(0.707106781186549,-4.59359993763538E-17,0.707106781186546));
#1587=DIRECTION('center_axis',(0.,-1.,-6.49633133192018E-17));
#1588=DIRECTION('ref_axis',(0.707106781186549,-4.95635278850515E-17,0.707106781186546));
#1589=DIRECTION('center_axis',(-1.,0.,0.));
#1590=DIRECTION('ref_axis',(0.,0.707106781186557,-0.707106781186538));
#1591=DIRECTION('',(1.,0.,0.));
#1592=DIRECTION('',(-1.,0.,0.));
#1593=DIRECTION('center_axis',(0.,1.,6.49633133192018E-17));
#1594=DIRECTION('ref_axis',(0.,-6.49633133192018E-17,1.));
#1595=DIRECTION('',(1.,0.,0.));
#1596=DIRECTION('center_axis',(0.,1.,-1.29926626638403E-17));
#1597=DIRECTION('ref_axis',(0.,1.3780419266353E-17,1.));
#1598=DIRECTION('center_axis',(0.,0.,-1.));
#1599=DIRECTION('ref_axis',(0.,1.,0.));
#1600=DIRECTION('center_axis',(-0.970142500145332,0.242535625036334,0.));
#1601=DIRECTION('ref_axis',(0.242535625036334,0.970142500145332,0.));
#1602=DIRECTION('center_axis',(1.,0.,0.));
#1603=DIRECTION('ref_axis',(0.,0.707106781186547,0.707106781186548));
#1604=DIRECTION('center_axis',(0.,-2.49208310802504E-17,-1.));
#1605=DIRECTION('ref_axis',(0.707106781186547,0.707106781186548,0.));
#1606=DIRECTION('center_axis',(0.,9.72458123759261E-15,-1.));
#1607=DIRECTION('ref_axis',(0.707106781186547,0.707106781186548,0.));
#1608=DIRECTION('center_axis',(0.242535625036332,0.970142500145332,0.));
#1609=DIRECTION('ref_axis',(0.970142500145332,-0.242535625036332,0.));
#1610=DIRECTION('center_axis',(0.,0.,-1.));
#1611=DIRECTION('ref_axis',(1.,0.,0.));
#1612=DIRECTION('center_axis',(0.,-1.,0.));
#1613=DIRECTION('ref_axis',(0.707106781186545,0.,0.70710678118655));
#1614=DIRECTION('',(0.,1.,0.));
#1615=DIRECTION('center_axis',(0.,0.,1.));
#1616=DIRECTION('ref_axis',(-1.,0.,0.));
#1617=DIRECTION('center_axis',(0.,1.24604155401252E-17,1.));
#1618=DIRECTION('ref_axis',(0.707106781186547,-0.707106781186549,0.));
#1619=DIRECTION('center_axis',(0.,9.72458123759261E-15,-1.));
#1620=DIRECTION('ref_axis',(0.707106781186547,-0.707106781186549,0.));
#1621=DIRECTION('center_axis',(0.,9.72458123759261E-15,-1.));
#1622=DIRECTION('ref_axis',(0.,1.,9.72458123759261E-15));
#1623=DIRECTION('',(0.,1.,0.));
#1624=DIRECTION('center_axis',(0.,1.,-1.24604155401252E-17));
#1625=DIRECTION('ref_axis',(0.,1.23787933059251E-17,1.));
#1626=DIRECTION('center_axis',(0.,-1.,1.24604155401252E-17));
#1627=DIRECTION('ref_axis',(0.618754106151878,9.91270557701032E-18,0.785584722433036));
#1628=DIRECTION('center_axis',(0.,-1.,0.));
#1629=DIRECTION('ref_axis',(-1.,0.,0.));
#1630=DIRECTION('center_axis',(0.,1.,-2.49208310802504E-17));
#1631=DIRECTION('ref_axis',(0.618754106151878,1.98254111540206E-17,0.785584722433036));
#1632=DIRECTION('center_axis',(0.,-1.,2.49208310802504E-17));
#1633=DIRECTION('ref_axis',(0.619384637543004,1.85681899588876E-17,0.785087683495112));
#1634=DIRECTION('center_axis',(0.,-1.,5.4422697285547E-17));
#1635=DIRECTION('ref_axis',(0.,-5.4422697285547E-17,-1.));
#1636=DIRECTION('',(1.,0.,0.));
#1637=DIRECTION('center_axis',(0.,-3.91843420455938E-15,1.));
#1638=DIRECTION('ref_axis',(0.,-1.,-3.91843420455938E-15));
#1639=CARTESIAN_POINT('',(0.,0.,0.));
#1640=CARTESIAN_POINT('Origin',(177.1,8.99999999999999,-75.4500000000017));
#1641=CARTESIAN_POINT('',(176.5,8.99999999999999,-73.0000000000017));
#1642=CARTESIAN_POINT('Origin',(176.5,8.99999999999999,-75.4500000000017));
#1643=CARTESIAN_POINT('',(177.7,8.99999999999999,-74.2000000000017));
#1644=CARTESIAN_POINT('',(177.1,8.99999999999999,-73.6000000000017));
#1645=CARTESIAN_POINT('Origin',(177.7,8.99999999999999,-75.4500000000017));
#1646=CARTESIAN_POINT('Origin',(176.5,13.7,-85.4500000000014));
#1647=CARTESIAN_POINT('',(176.5,13.1999999999997,-85.4500000000015));
#1648=CARTESIAN_POINT('',(176.5,13.1999999999997,54.5499999999986));
#1649=CARTESIAN_POINT('',(176.5,13.1999999999997,-85.4500000000014));
#1650=CARTESIAN_POINT('',(176.5,6.5,-85.4500000000015));
#1651=CARTESIAN_POINT('',(176.5,-1.36557432028894E-13,-85.4500000000016));
#1652=CARTESIAN_POINT('',(176.5,6.50000000000001,54.5499999999986));
#1653=CARTESIAN_POINT('',(176.5,6.5,-87.2000000000015));
#1654=CARTESIAN_POINT('',(176.5,13.7,54.5499999999986));
#1655=CARTESIAN_POINT('Origin',(180.,8.99999999999999,-75.4500000000017));
#1656=CARTESIAN_POINT('',(180.,8.99999999999999,-74.2000000000017));
#1657=CARTESIAN_POINT('Origin',(180.,8.99999999999999,-75.4500000000017));
#1658=CARTESIAN_POINT('',(180.,8.99999999999999,-74.2000000000017));
#1659=CARTESIAN_POINT('Origin',(177.1,-9.00000000000001,-75.4500000000017));
#1660=CARTESIAN_POINT('',(176.5,-9.00000000000001,-73.0000000000017));
#1661=CARTESIAN_POINT('Origin',(176.5,-9.00000000000001,-75.4500000000017));
#1662=CARTESIAN_POINT('',(177.7,-9.00000000000001,-74.2000000000017));
#1663=CARTESIAN_POINT('',(177.1,-9.00000000000001,-73.6000000000017));
#1664=CARTESIAN_POINT('Origin',(177.7,-9.00000000000001,-75.4500000000017));
#1665=CARTESIAN_POINT('Origin',(176.5,-13.7,61.5499999999986));
#1666=CARTESIAN_POINT('',(176.5,-13.2000000000003,54.5499999999986));
#1667=CARTESIAN_POINT('',(176.5,-13.2000000000003,-85.4500000000017));
#1668=CARTESIAN_POINT('',(176.5,-13.2000000000003,73.4999999999984));
#1669=CARTESIAN_POINT('',(176.5,-6.5,54.5499999999986));
#1670=CARTESIAN_POINT('',(176.5,-13.7,54.5499999999986));
#1671=CARTESIAN_POINT('',(176.5,-6.5,-85.4500000000017));
#1672=CARTESIAN_POINT('',(176.5,-6.5,46.2999999999986));
#1673=CARTESIAN_POINT('',(176.5,-13.6999999999994,-85.4500000000017));
#1674=CARTESIAN_POINT('Origin',(180.,-9.00000000000001,-75.4500000000017));
#1675=CARTESIAN_POINT('',(180.,-9.00000000000001,-74.2000000000017));
#1676=CARTESIAN_POINT('Origin',(180.,-9.00000000000001,-75.4500000000017));
#1677=CARTESIAN_POINT('',(180.,-9.00000000000001,-74.2000000000017));
#1678=CARTESIAN_POINT('Origin',(22.5,-4.75,-95.9500000000017));
#1679=CARTESIAN_POINT('',(165.168509654629,-2.41666663461334,-85.4500000000016));
#1680=CARTESIAN_POINT('',(167.784184360642,-1.25,-85.4500000000016));
#1681=CARTESIAN_POINT('Ctrl Pts',(165.168509638573,-2.41666662046326,-85.4500000000016));
#1682=CARTESIAN_POINT('Ctrl Pts',(165.212400561126,-2.36772744063991,-85.4500000000016));
#1683=CARTESIAN_POINT('Ctrl Pts',(165.25690471503,-2.32088897012712,-85.4500000000016));
#1684=CARTESIAN_POINT('Ctrl Pts',(165.607794344488,-1.97057705473955,-85.4500000000016));
#1685=CARTESIAN_POINT('Ctrl Pts',(166.039983894539,-1.68237886365381,-85.4500000000016));
#1686=CARTESIAN_POINT('Ctrl Pts',(166.840557249386,-1.35128749002463,-85.4500000000016));
#1687=CARTESIAN_POINT('Ctrl Pts',(167.350736907979,-1.25,-85.4500000000016));
#1688=CARTESIAN_POINT('Ctrl Pts',(167.784184360642,-1.25,-85.4500000000016));
#1689=CARTESIAN_POINT('',(0.,-1.25,47.9648853501145));
#1690=CARTESIAN_POINT('Origin',(22.5,-1.25,-95.9500000000017));
#1691=CARTESIAN_POINT('',(2.50940056754425E-19,-2.41666663698949,45.3238604479131));
#1692=CARTESIAN_POINT('Ctrl Pts',(0.,-1.25,47.9648853501145));
#1693=CARTESIAN_POINT('Ctrl Pts',(1.15319038316926E-17,-1.25,47.525942015961));
#1694=CARTESIAN_POINT('Ctrl Pts',(0.,-1.35188856521283,47.0091583850866));
#1695=CARTESIAN_POINT('Ctrl Pts',(0.,-1.68477689876971,46.1996553724459));
#1696=CARTESIAN_POINT('Ctrl Pts',(0.,-1.9737939415674,45.7630474405832));
#1697=CARTESIAN_POINT('Ctrl Pts',(0.,-2.32417438058992,45.4099791179708));
#1698=CARTESIAN_POINT('Ctrl Pts',(2.34494750784833E-20,-2.36942893415614,
45.3666436051029));
#1699=CARTESIAN_POINT('Ctrl Pts',(-1.58097827443748E-20,-2.41666662373849,
45.3238604330359));
#1700=CARTESIAN_POINT('Origin',(22.5,-2.41666666666667,-95.9500000000017));
#1701=CARTESIAN_POINT('Origin',(146.,-1.25,31.0499999999986));
#1702=CARTESIAN_POINT('',(171.25,-1.25,-85.4500000000016));
#1703=CARTESIAN_POINT('',(73.,-1.25,-85.4500000000016));
#1704=CARTESIAN_POINT('',(171.25,-1.25,54.5499999999986));
#1705=CARTESIAN_POINT('',(171.25,-1.25,46.2999999999986));
#1706=CARTESIAN_POINT('',(109.,-1.25,54.5499999999986));
#1707=CARTESIAN_POINT('',(73.0000000000001,-1.25,54.5499999999986));
#1708=CARTESIAN_POINT('Origin',(109.,-1.25,42.2999999999986));
#1709=CARTESIAN_POINT('',(0.,-1.25,54.5499999999986));
#1710=CARTESIAN_POINT('',(73.0000000000001,-1.25,54.5499999999986));
#1711=CARTESIAN_POINT('',(0.,-1.25,15.5249999999984));
#1712=CARTESIAN_POINT('',(166.,-1.25,31.0499999999986));
#1713=CARTESIAN_POINT('Origin',(146.,-1.25,31.0499999999986));
#1714=CARTESIAN_POINT('',(157.25,-1.25,6.29999999999858));
#1715=CARTESIAN_POINT('Origin',(157.25,-1.25,-5.95000000000143));
#1716=CARTESIAN_POINT('Origin',(22.5,4.75,-95.9500000000017));
#1717=CARTESIAN_POINT('',(-3.19560181807898E-20,2.41666663698949,45.3238604479131));
#1718=CARTESIAN_POINT('',(0.,1.25,47.9648853501145));
#1719=CARTESIAN_POINT('Ctrl Pts',(-2.59682280327163E-19,2.41666662374447,
45.3238604330305));
#1720=CARTESIAN_POINT('Ctrl Pts',(-4.942906866558E-20,2.36942893415996,
45.3666436050992));
#1721=CARTESIAN_POINT('Ctrl Pts',(0.,2.32417438059174,45.4099791179689));
#1722=CARTESIAN_POINT('Ctrl Pts',(0.,1.9737939415674,45.7630474405832));
#1723=CARTESIAN_POINT('Ctrl Pts',(0.,1.68477689876971,46.1996553724458));
#1724=CARTESIAN_POINT('Ctrl Pts',(0.,1.35188856521283,47.0091583850866));
#1725=CARTESIAN_POINT('Ctrl Pts',(0.,1.25,47.525942015961));
#1726=CARTESIAN_POINT('Ctrl Pts',(0.,1.25,47.9648853501145));
#1727=CARTESIAN_POINT('',(167.784184360642,1.25,-85.4500000000016));
#1728=CARTESIAN_POINT('Origin',(22.5,1.25,-95.9500000000017));
#1729=CARTESIAN_POINT('',(165.168509654629,2.41666663461333,-85.4500000000016));
#1730=CARTESIAN_POINT('Ctrl Pts',(167.784184360642,1.25,-85.4500000000016));
#1731=CARTESIAN_POINT('Ctrl Pts',(167.350736907979,1.25,-85.4500000000016));
#1732=CARTESIAN_POINT('Ctrl Pts',(166.840557249386,1.35128749002461,-85.4500000000016));
#1733=CARTESIAN_POINT('Ctrl Pts',(166.039983894539,1.6823788636538,-85.4500000000016));
#1734=CARTESIAN_POINT('Ctrl Pts',(165.607794344488,1.97057705473956,-85.4500000000016));
#1735=CARTESIAN_POINT('Ctrl Pts',(165.256904715032,2.32088897012567,-85.4500000000016));
#1736=CARTESIAN_POINT('Ctrl Pts',(165.212400561129,2.36772744063686,-85.4500000000016));
#1737=CARTESIAN_POINT('Ctrl Pts',(165.168509638577,2.41666662045849,-85.4500000000016));
#1738=CARTESIAN_POINT('Origin',(22.5,2.41666666666667,-95.9500000000017));
#1739=CARTESIAN_POINT('Origin',(27.75,1.25,-88.9500000000016));
#1740=CARTESIAN_POINT('',(0.,1.25,54.5499999999986));
#1741=CARTESIAN_POINT('',(0.,1.25,-44.4750000000016));
#1742=CARTESIAN_POINT('',(171.25,1.25,54.5499999999986));
#1743=CARTESIAN_POINT('',(102.125,1.25,54.5499999999986));
#1744=CARTESIAN_POINT('',(171.25,1.25,-85.4500000000016));
#1745=CARTESIAN_POINT('',(171.25,1.25,-87.2000000000015));
#1746=CARTESIAN_POINT('',(13.875,1.25,-85.4500000000016));
#1747=CARTESIAN_POINT('',(97.0638593383655,1.25,42.2999999999986));
#1748=CARTESIAN_POINT('Origin',(109.,1.25,42.2999999999986));
#1749=CARTESIAN_POINT('',(146.,1.25,9.29999999999858));
#1750=CARTESIAN_POINT('Origin',(146.,1.25,31.0499999999986));
#1751=CARTESIAN_POINT('',(145.313859338365,1.25,-5.95000000000143));
#1752=CARTESIAN_POINT('Origin',(157.25,1.25,-5.95000000000143));
#1753=CARTESIAN_POINT('Origin',(180.,24.7806358193144,81.2407251963113));
#1754=CARTESIAN_POINT('',(180.,-13.6870827598251,81.2407251970904));
#1755=CARTESIAN_POINT('',(179.8,-13.6838883832945,81.2407251963113));
#1756=CARTESIAN_POINT('Ctrl Pts',(179.999999999998,-13.6870827599573,81.2407251963113));
#1757=CARTESIAN_POINT('Ctrl Pts',(179.933443368104,-13.6860781902132,81.2407251963113));
#1758=CARTESIAN_POINT('Ctrl Pts',(179.866775609267,-13.6850135633386,81.2407251963113));
#1759=CARTESIAN_POINT('Ctrl Pts',(179.8,-13.6838883832945,81.2407251963113));
#1760=CARTESIAN_POINT('',(180.,-24.7806358193144,81.2407251963113));
#1761=CARTESIAN_POINT('',(180.,24.7806358193144,81.2407251963113));
#1762=CARTESIAN_POINT('',(179.8,-24.7806358193144,81.2407251963113));
#1763=CARTESIAN_POINT('',(180.,-24.7806358193144,81.2407251963113));
#1764=CARTESIAN_POINT('',(179.8,24.7806358193144,81.2407251963113));
#1765=CARTESIAN_POINT('Origin',(180.,24.7806358193144,81.2407251963113));
#1766=CARTESIAN_POINT('',(179.8,13.683888383294,81.2407251963113));
#1767=CARTESIAN_POINT('',(180.,13.6870827598246,81.2407251970904));
#1768=CARTESIAN_POINT('Ctrl Pts',(179.8,13.683888383294,81.2407251963113));
#1769=CARTESIAN_POINT('Ctrl Pts',(179.866775604744,13.6850135632619,81.2407251963113));
#1770=CARTESIAN_POINT('Ctrl Pts',(179.933443373146,13.6860781902889,81.2407251963113));
#1771=CARTESIAN_POINT('Ctrl Pts',(179.999999999998,13.6870827599568,81.2407251963113));
#1772=CARTESIAN_POINT('',(179.8,24.7806358193144,81.2407251963113));
#1773=CARTESIAN_POINT('',(179.8,24.7806358193144,81.2407251963113));
#1774=CARTESIAN_POINT('',(180.,24.7806358193144,81.2407251963113));
#1775=CARTESIAN_POINT('',(180.,24.7806358193144,81.2407251963113));
#1776=CARTESIAN_POINT('',(180.,24.7806358193144,81.2407251963113));
#1777=CARTESIAN_POINT('Origin',(180.,24.7806358193144,81.2407251963113));
#1778=CARTESIAN_POINT('',(180.,10.1999999999997,81.2407251963113));
#1779=CARTESIAN_POINT('',(179.8,10.1999999999997,81.2407251963113));
#1780=CARTESIAN_POINT('',(90.,10.1999999999997,81.2407251963113));
#1781=CARTESIAN_POINT('',(180.,-10.2000000000003,81.2407251963113));
#1782=CARTESIAN_POINT('',(180.,24.7806358193144,81.2407251963113));
#1783=CARTESIAN_POINT('',(179.8,-10.2000000000003,81.2407251963113));
#1784=CARTESIAN_POINT('',(90.,-10.2000000000003,81.2407251963113));
#1785=CARTESIAN_POINT('',(179.8,24.7806358193144,81.2407251963113));
#1786=CARTESIAN_POINT('Origin',(180.,-24.7806358193144,98.7592748036887));
#1787=CARTESIAN_POINT('',(180.,-24.7806358193144,98.7592748036887));
#1788=CARTESIAN_POINT('',(180.,24.7806358193144,98.7592748036887));
#1789=CARTESIAN_POINT('',(180.,-24.7806358193144,98.7592748036887));
#1790=CARTESIAN_POINT('',(179.8,24.7806358193144,98.7592748036887));
#1791=CARTESIAN_POINT('',(180.,24.7806358193144,98.7592748036887));
#1792=CARTESIAN_POINT('',(179.8,-24.7806358193144,98.7592748036887));
#1793=CARTESIAN_POINT('',(179.8,-24.7806358193144,98.7592748036887));
#1794=CARTESIAN_POINT('',(180.,-24.7806358193144,98.7592748036887));
#1795=CARTESIAN_POINT('Origin',(180.,-24.7806358193144,81.2407251963113));
#1796=CARTESIAN_POINT('',(180.,-24.7806358193144,81.2407251963113));
#1797=CARTESIAN_POINT('',(179.8,-24.7806358193144,81.2407251963113));
#1798=CARTESIAN_POINT('Origin',(180.,24.7806358193144,98.7592748036887));
#1799=CARTESIAN_POINT('',(180.,24.7806358193144,98.7592748036887));
#1800=CARTESIAN_POINT('',(179.8,24.7806358193144,98.7592748036887));
#1801=CARTESIAN_POINT('Origin',(179.8,0.,90.));
#1802=CARTESIAN_POINT('',(179.8,10.1999999999997,84.4550418112578));
#1803=CARTESIAN_POINT('',(179.8,10.1999999999997,87.7249999999992));
#1804=CARTESIAN_POINT('',(179.8,-10.2000000000004,84.4550418112578));
#1805=CARTESIAN_POINT('',(179.8,-10.2000000000003,77.5249999999991));
#1806=CARTESIAN_POINT('Ctrl Pts',(179.8,-13.6838883832945,81.2407251963113));
#1807=CARTESIAN_POINT('Ctrl Pts',(179.8,-13.6505180109976,81.5927405082754));
#1808=CARTESIAN_POINT('Ctrl Pts',(179.8,-13.5562906799321,81.961485094234));
#1809=CARTESIAN_POINT('Ctrl Pts',(179.8,-13.2643961151292,82.6726320696619));
#1810=CARTESIAN_POINT('Ctrl Pts',(179.8,-12.9751285722186,83.1106664723153));
#1811=CARTESIAN_POINT('Ctrl Pts',(179.8,-12.3623872919162,83.7292530605602));
#1812=CARTESIAN_POINT('Ctrl Pts',(179.8,-11.931687074518,84.0204454591629));
#1813=CARTESIAN_POINT('Ctrl Pts',(179.8,-11.1354116918397,84.3532971281844));
#1814=CARTESIAN_POINT('Ctrl Pts',(179.8,-10.6297941245541,84.4550418112577));
#1815=CARTESIAN_POINT('Ctrl Pts',(179.8,-10.2000000000003,84.4550418112577));
#1816=CARTESIAN_POINT('Ctrl Pts',(179.8,10.1999999999998,84.4550418112577));
#1817=CARTESIAN_POINT('Ctrl Pts',(179.8,10.6297941245536,84.4550418112577));
#1818=CARTESIAN_POINT('Ctrl Pts',(179.8,11.1354116918392,84.3532971281844));
#1819=CARTESIAN_POINT('Ctrl Pts',(179.8,11.9316870745175,84.0204454591629));
#1820=CARTESIAN_POINT('Ctrl Pts',(179.8,12.3623872919157,83.7292530605602));
#1821=CARTESIAN_POINT('Ctrl Pts',(179.8,12.9751285722181,83.1106664723153));
#1822=CARTESIAN_POINT('Ctrl Pts',(179.8,13.2643961151288,82.6726320696619));
#1823=CARTESIAN_POINT('Ctrl Pts',(179.8,13.5562906799316,81.9614850942341));
#1824=CARTESIAN_POINT('Ctrl Pts',(179.8,13.6505180109972,81.5927405082754));
#1825=CARTESIAN_POINT('Ctrl Pts',(179.8,13.683888383294,81.2407251963113));
#1826=CARTESIAN_POINT('Origin',(0.,10.1999999999997,1092.78529411765));
#1827=CARTESIAN_POINT('',(180.,13.6999999999997,80.9355845386551));
#1828=CARTESIAN_POINT('Ctrl Pts',(180.,13.6870827598246,81.2407251978695));
#1829=CARTESIAN_POINT('Ctrl Pts',(180.,13.6959236458867,81.1364947710164));
#1830=CARTESIAN_POINT('Ctrl Pts',(180.,13.6999999999998,81.0340394375233));
#1831=CARTESIAN_POINT('Ctrl Pts',(180.,13.6999999999998,80.9355845386551));
#1832=CARTESIAN_POINT('',(0.,13.6999999999997,65.0499999999981));
#1833=CARTESIAN_POINT('Origin',(0.,13.6999999999997,1092.78529411765));
#1834=CARTESIAN_POINT('',(-6.27163237257462E-14,10.1999999999997,68.5499999999982));
#1835=CARTESIAN_POINT('Origin',(0.,10.1999999999998,65.0499999999981));
#1836=CARTESIAN_POINT('Origin',(0.,10.1999999999997,1092.78529411765));
#1837=CARTESIAN_POINT('Origin',(0.,-10.2000000000003,65.0499999999982));
#1838=CARTESIAN_POINT('',(180.,-10.2000000000003,65.0499999999982));
#1839=CARTESIAN_POINT('',(180.,-10.2000000000003,65.0499999999982));
#1840=CARTESIAN_POINT('',(0.,-10.2000000000003,65.0499999999982));
#1841=CARTESIAN_POINT('',(0.,-10.2000000000003,65.0499999999982));
#1842=CARTESIAN_POINT('',(-6.27163237257462E-14,-10.2000000000003,68.5499999999982));
#1843=CARTESIAN_POINT('',(0.,-10.2000000000003,65.0499999999982));
#1844=CARTESIAN_POINT('Origin',(0.,-10.2000000000003,1092.78529411765));
#1845=CARTESIAN_POINT('Origin',(180.,38.6391417591105,-49.2135033438196));
#1846=CARTESIAN_POINT('',(180.,-13.7000000000003,-49.2135033438196));
#1847=CARTESIAN_POINT('',(179.8,-13.7000000000003,-49.2135033438196));
#1848=CARTESIAN_POINT('',(90.,-13.7000000000003,-49.2135033438196));
#1849=CARTESIAN_POINT('',(180.,-38.6391417591105,-49.2135033438196));
#1850=CARTESIAN_POINT('',(180.,38.6391417591105,-49.2135033438196));
#1851=CARTESIAN_POINT('',(179.8,-38.6391417591105,-49.2135033438196));
#1852=CARTESIAN_POINT('',(180.,-38.6391417591105,-49.2135033438196));
#1853=CARTESIAN_POINT('',(179.8,38.6391417591105,-49.2135033438196));
#1854=CARTESIAN_POINT('Origin',(179.8,0.,0.786496656180429));
#1855=CARTESIAN_POINT('',(179.8,-13.7000000000003,50.7864966561804));
#1856=CARTESIAN_POINT('',(179.8,-13.7000000000003,43.1182483280894));
#1857=CARTESIAN_POINT('',(179.8,-38.6391417591105,50.7864966561804));
#1858=CARTESIAN_POINT('',(179.8,-38.6391417591105,-49.2135033438196));
#1859=CARTESIAN_POINT('',(179.8,-38.6391417591105,50.7864966561804));
#1860=CARTESIAN_POINT('Origin',(179.8,0.,0.786496656180429));
#1861=CARTESIAN_POINT('',(179.8,13.6999999999997,50.7864966561804));
#1862=CARTESIAN_POINT('',(179.8,13.6999999999997,-49.2135033438196));
#1863=CARTESIAN_POINT('',(179.8,13.6999999999997,-42.3317516719105));
#1864=CARTESIAN_POINT('',(179.8,38.6391417591105,50.7864966561804));
#1865=CARTESIAN_POINT('',(179.8,-38.6391417591105,50.7864966561804));
#1866=CARTESIAN_POINT('',(179.8,38.6391417591105,-49.2135033438196));
#1867=CARTESIAN_POINT('',(179.8,38.6391417591105,50.7864966561804));
#1868=CARTESIAN_POINT('',(179.8,38.6391417591105,-49.2135033438196));
#1869=CARTESIAN_POINT('Origin',(180.,-38.6391417591105,50.7864966561804));
#1870=CARTESIAN_POINT('',(180.,-13.7000000000003,50.7864966561804));
#1871=CARTESIAN_POINT('',(90.,-13.7000000000003,50.7864966561804));
#1872=CARTESIAN_POINT('',(180.,-38.6391417591105,50.7864966561804));
#1873=CARTESIAN_POINT('',(180.,-38.6391417591105,50.7864966561804));
#1874=CARTESIAN_POINT('',(180.,-38.6391417591105,50.7864966561804));
#1875=CARTESIAN_POINT('Origin',(180.,-38.6391417591105,50.7864966561804));
#1876=CARTESIAN_POINT('',(180.,13.6999999999997,50.7864966561804));
#1877=CARTESIAN_POINT('',(90.,13.6999999999997,50.7864966561804));
#1878=CARTESIAN_POINT('',(180.,38.6391417591105,50.7864966561804));
#1879=CARTESIAN_POINT('',(180.,-38.6391417591105,50.7864966561804));
#1880=CARTESIAN_POINT('',(180.,38.6391417591105,50.7864966561804));
#1881=CARTESIAN_POINT('Origin',(180.,38.6391417591105,-49.2135033438196));
#1882=CARTESIAN_POINT('',(180.,13.6999999999997,-49.2135033438196));
#1883=CARTESIAN_POINT('',(90.,13.6999999999997,-49.2135033438196));
#1884=CARTESIAN_POINT('',(180.,38.6391417591105,-49.2135033438196));
#1885=CARTESIAN_POINT('',(180.,38.6391417591105,-49.2135033438196));
#1886=CARTESIAN_POINT('',(180.,38.6391417591105,-49.2135033438196));
#1887=CARTESIAN_POINT('Origin',(180.,38.6391417591105,50.7864966561804));
#1888=CARTESIAN_POINT('',(180.,38.6391417591105,50.7864966561804));
#1889=CARTESIAN_POINT('Origin',(180.,-38.6391417591105,-49.2135033438196));
#1890=CARTESIAN_POINT('',(180.,-38.6391417591105,-49.2135033438196));
#1891=CARTESIAN_POINT('Origin',(180.,-2.73114864057789E-13,-1.70530256582424E-12));
#1892=CARTESIAN_POINT('',(180.,-13.7000000000003,80.9355845386551));
#1893=CARTESIAN_POINT('Ctrl Pts',(180.,-13.7000000000003,80.9355845386551));
#1894=CARTESIAN_POINT('Ctrl Pts',(180.,-13.7000000000003,81.0340394375233));
#1895=CARTESIAN_POINT('Ctrl Pts',(180.,-13.6959236458872,81.1364947710164));
#1896=CARTESIAN_POINT('Ctrl Pts',(180.,-13.6870827598251,81.2407251978695));
#1897=CARTESIAN_POINT('',(180.,-13.7000000000003,-85.4500000000017));
#1898=CARTESIAN_POINT('',(180.,-13.7000000000003,-85.4500000000017));
#1899=CARTESIAN_POINT('',(180.,-13.7000000000003,-85.4500000000017));
#1900=CARTESIAN_POINT('',(180.,13.6999999999997,-85.4500000000014));
#1901=CARTESIAN_POINT('',(180.,13.6999999999997,-85.4500000000015));
#1902=CARTESIAN_POINT('',(180.,13.6999999999997,85.4499999999983));
#1903=CARTESIAN_POINT('',(180.,13.6999999999997,85.4499999999983));
#1904=CARTESIAN_POINT('',(180.,10.1999999999997,65.0499999999983));
#1905=CARTESIAN_POINT('',(180.,10.1999999999997,105.849999999998));
#1906=CARTESIAN_POINT('',(180.,10.1999999999997,65.0499999999983));
#1907=CARTESIAN_POINT('Origin',(0.,-13.7000000000003,85.4499999999983));
#1908=CARTESIAN_POINT('',(0.,-13.7000000000003,65.0499999999981));
#1909=CARTESIAN_POINT('Origin',(0.,-13.7000000000003,1092.78529411765));
#1910=CARTESIAN_POINT('',(0.,-13.7000000000003,62.0499999999986));
#1911=CARTESIAN_POINT('',(0.,-13.7000000000003,-85.4500000000017));
#1912=CARTESIAN_POINT('',(169.5,-13.7000000000003,62.0499999999986));
#1913=CARTESIAN_POINT('',(1.02837157373541E-13,-13.7000000000003,62.0499999999986));
#1914=CARTESIAN_POINT('',(177.,-13.7000000000003,54.5499999999986));
#1915=CARTESIAN_POINT('Origin',(169.5,-13.7000000000003,54.5499999999986));
#1916=CARTESIAN_POINT('',(177.,-13.7000000000003,-85.4500000000017));
#1917=CARTESIAN_POINT('',(177.,-13.7000000000003,73.4999999999984));
#1918=CARTESIAN_POINT('',(0.,-13.7000000000003,-85.4500000000017));
#1919=CARTESIAN_POINT('Origin',(109.,-0.500000000000001,42.2999999999986));
#1920=CARTESIAN_POINT('',(109.,0.500000000000001,52.7999999999986));
#1921=CARTESIAN_POINT('',(98.5,0.5,42.2999999999986));
#1922=CARTESIAN_POINT('Origin',(109.,0.5,42.2999999999986));
#1923=CARTESIAN_POINT('Origin',(109.,0.5,42.2999999999986));
#1924=CARTESIAN_POINT('Origin',(97.0638593383655,-0.500000000000001,42.2999999999986));
#1925=CARTESIAN_POINT('Origin',(157.25,-0.500000000000001,-5.95000000000143));
#1926=CARTESIAN_POINT('',(157.25,0.500000000000001,4.54999999999858));
#1927=CARTESIAN_POINT('',(146.75,0.5,-5.95000000000143));
#1928=CARTESIAN_POINT('Origin',(157.25,0.5,-5.95000000000143));
#1929=CARTESIAN_POINT('Origin',(157.25,0.5,-5.95000000000143));
#1930=CARTESIAN_POINT('Origin',(145.313859338365,-0.500000000000001,-5.95000000000143));
#1931=CARTESIAN_POINT('Origin',(109.,0.5,42.2999999999986));
#1932=CARTESIAN_POINT('Origin',(109.,0.500000000000001,54.5499999999986));
#1933=CARTESIAN_POINT('Origin',(157.25,0.5,-5.95000000000143));
#1934=CARTESIAN_POINT('Origin',(157.25,0.500000000000001,6.29999999999858));
#1935=CARTESIAN_POINT('Ctrl Pts',(172.58812514814,1.21450538010607,54.5499999999986));
#1936=CARTESIAN_POINT('Ctrl Pts',(172.58812514814,1.21450538010607,54.9216030984829));
#1937=CARTESIAN_POINT('Ctrl Pts',(172.357404274995,1.22002927722119,55.6719740634796));
#1938=CARTESIAN_POINT('Ctrl Pts',(171.616417359263,1.23838887802649,56.2126877212684));
#1939=CARTESIAN_POINT('Ctrl Pts',(170.831636871239,1.25315125003122,56.2718282632809));
#1940=CARTESIAN_POINT('Ctrl Pts',(170.437057541956,1.24882743660798,56.0329954451618));
#1941=CARTESIAN_POINT('Ctrl Pts',(170.244743999419,1.23949495485776,55.7608812640053));
#1942=CARTESIAN_POINT('Ctrl Pts',(172.759577203725,1.3923730151644,54.5499999999986));
#1943=CARTESIAN_POINT('Ctrl Pts',(172.759577203725,1.3923730151644,54.9562497412483));
#1944=CARTESIAN_POINT('Ctrl Pts',(172.510680834194,1.39817643540966,55.7763774012428));
#1945=CARTESIAN_POINT('Ctrl Pts',(171.690082529395,1.41733011130253,56.3867856751307));
#1946=CARTESIAN_POINT('Ctrl Pts',(170.783044633345,1.43261556625268,56.4616635114694));
#1947=CARTESIAN_POINT('Ctrl Pts',(170.316662114001,1.42814759506766,56.1768488831105));
#1948=CARTESIAN_POINT('Ctrl Pts',(170.101087448095,1.41844703432985,55.8685872427835));
#1949=CARTESIAN_POINT('Ctrl Pts',(172.969155465538,1.53330721825101,54.5499999999986));
#1950=CARTESIAN_POINT('Ctrl Pts',(172.969155465538,1.53330721825101,54.9986269329551));
#1951=CARTESIAN_POINT('Ctrl Pts',(172.697955278943,1.53880832209445,55.904057209667));
#1952=CARTESIAN_POINT('Ctrl Pts',(171.779885320519,1.5566913780412,56.5992091874718));
#1953=CARTESIAN_POINT('Ctrl Pts',(170.723822032101,1.57074759526858,56.6928822853309));
#1954=CARTESIAN_POINT('Ctrl Pts',(170.170046995138,1.56666572766775,56.3521544844308));
#1955=CARTESIAN_POINT('Ctrl Pts',(169.925924491158,1.55767804637886,55.9999150349981));
#1956=CARTESIAN_POINT('Ctrl Pts',(173.198557158515,1.62500000000001,54.5499999999986));
#1957=CARTESIAN_POINT('Ctrl Pts',(173.198557158515,1.62500000000001,55.045028344877));
#1958=CARTESIAN_POINT('Ctrl Pts',(172.902586272047,1.62950738602972,56.0438723413979));
#1959=CARTESIAN_POINT('Ctrl Pts',(171.877413975305,1.64370463379719,56.8305377765127));
#1960=CARTESIAN_POINT('Ctrl Pts',(170.659463919243,1.65451149171543,56.9436275789452));
#1961=CARTESIAN_POINT('Ctrl Pts',(170.010972173701,1.65142316510795,56.5425828063977));
#1962=CARTESIAN_POINT('Ctrl Pts',(169.73533937555,1.6444031761166,56.1428055347903));
#1963=CARTESIAN_POINT('',(170.125697203013,1.37179922188238,55.8501361682141));
#1964=CARTESIAN_POINT('',(171.15,1.65,56.8823807579367));
#1965=CARTESIAN_POINT('Ctrl Pts',(170.125697203013,1.37179922188238,55.8501361682141));
#1966=CARTESIAN_POINT('Ctrl Pts',(170.210688349924,1.407382421803,56.0383844450987));
#1967=CARTESIAN_POINT('Ctrl Pts',(170.319957371664,1.44810720017903,56.2114619963792));
#1968=CARTESIAN_POINT('Ctrl Pts',(170.6484627471,1.54796605688546,56.5828118980343));
#1969=CARTESIAN_POINT('Ctrl Pts',(170.881772240087,1.60416539553345,56.7524298269092));
#1970=CARTESIAN_POINT('Ctrl Pts',(171.144358245188,1.64904144906601,56.8796669940855));
#1971=CARTESIAN_POINT('Ctrl Pts',(171.147177734593,1.64952142698236,56.8810265271123));
#1972=CARTESIAN_POINT('Ctrl Pts',(171.14999999997,1.65000000000021,56.8823807579373));
#1973=CARTESIAN_POINT('',(173.198557158515,1.62500000000001,54.5499999999986));
#1974=CARTESIAN_POINT('Ctrl Pts',(171.149997971481,1.64985715878148,56.881270183073));
#1975=CARTESIAN_POINT('Ctrl Pts',(171.163431667558,1.64976033008034,56.8810102062265));
#1976=CARTESIAN_POINT('Ctrl Pts',(171.176868819405,1.64966102439416,56.8805920914255));
#1977=CARTESIAN_POINT('Ctrl Pts',(171.190304244732,1.6495594041779,56.8800173660927));
#1978=CARTESIAN_POINT('Ctrl Pts',(171.201263894307,1.64947650974524,56.8795485466772));
#1979=CARTESIAN_POINT('Ctrl Pts',(171.212230713674,1.64939201268634,56.8789751923283));
#1980=CARTESIAN_POINT('Ctrl Pts',(171.223206596248,1.64930595691342,56.8782973351657));
#1981=CARTESIAN_POINT('Ctrl Pts',(171.282719504054,1.64883934939956,56.8746218903396));
#1982=CARTESIAN_POINT('Ctrl Pts',(171.34245486771,1.64832716409761,56.8678718073755));
#1983=CARTESIAN_POINT('Ctrl Pts',(171.401945262475,1.6477828708425,56.8581152056862));
#1984=CARTESIAN_POINT('Ctrl Pts',(171.462891293709,1.64722525958682,56.8481198752863));
#1985=CARTESIAN_POINT('Ctrl Pts',(171.523579245741,1.64663398341849,56.8349691666559));
#1986=CARTESIAN_POINT('Ctrl Pts',(171.583502899012,1.64602443198412,56.8187902395589));
#1987=CARTESIAN_POINT('Ctrl Pts',(171.596027533707,1.64589702972096,56.8154086841865));
#1988=CARTESIAN_POINT('Ctrl Pts',(171.608518797815,1.64576883114001,56.8118950216369));
#1989=CARTESIAN_POINT('Ctrl Pts',(171.620972113471,1.64563997939089,56.8082506948204));
#1990=CARTESIAN_POINT('Ctrl Pts',(171.682192268578,1.64500654775833,56.7903352850509));
#1991=CARTESIAN_POINT('Ctrl Pts',(171.742493774693,1.64435731925615,56.7692581070962));
#1992=CARTESIAN_POINT('Ctrl Pts',(171.801568482887,1.64369988479608,56.7452912470634));
#1993=CARTESIAN_POINT('Ctrl Pts',(171.835730798477,1.64331969699336,56.7314314505251));
#1994=CARTESIAN_POINT('Ctrl Pts',(171.869483190969,1.64293676839977,56.7166062488683));
#1995=CARTESIAN_POINT('Ctrl Pts',(171.902769581083,1.64255257156948,56.7008753295833));
#1996=CARTESIAN_POINT('Ctrl Pts',(171.960052596601,1.64189140185668,56.673803769993));
#1997=CARTESIAN_POINT('Ctrl Pts',(172.016391947866,1.64122141220399,56.6438403838956));
#1998=CARTESIAN_POINT('Ctrl Pts',(172.071468479921,1.64054849587798,56.6111927946743));
#1999=CARTESIAN_POINT('Ctrl Pts',(172.128048370121,1.63985721176078,56.5776540633028));
#2000=CARTESIAN_POINT('Ctrl Pts',(172.183294914533,1.63916285580645,56.5412829034042));
#2001=CARTESIAN_POINT('Ctrl Pts',(172.236880245391,1.63847194002019,56.5023561983795));
#2002=CARTESIAN_POINT('Ctrl Pts',(172.290994092349,1.63777420968017,56.4630455563701));
#2003=CARTESIAN_POINT('Ctrl Pts',(172.343413150006,1.63708000658481,56.4211292623122));
#2004=CARTESIAN_POINT('Ctrl Pts',(172.393827820365,1.63639588727302,56.3769377709437));
#2005=CARTESIAN_POINT('Ctrl Pts',(172.444356430835,1.63571022181146,56.3326464042134));
#2006=CARTESIAN_POINT('Ctrl Pts',(172.492870986672,1.6350347044056,56.2860702005669));
#2007=CARTESIAN_POINT('Ctrl Pts',(172.539097180575,1.63437550273197,56.2375779158502));
#2008=CARTESIAN_POINT('Ctrl Pts',(172.549479326654,1.634227449702,56.2266868183763));
#2009=CARTESIAN_POINT('Ctrl Pts',(172.559746210895,1.63408021731875,56.2156991895672));
#2010=CARTESIAN_POINT('Ctrl Pts',(172.569895030824,1.63393387099364,56.2046194034951));
#2011=CARTESIAN_POINT('Ctrl Pts',(172.615480822172,1.63327652234739,56.1548519606173));
#2012=CARTESIAN_POINT('Ctrl Pts',(172.659157019056,1.63264676497541,56.1027657129052));
#2013=CARTESIAN_POINT('Ctrl Pts',(172.700572469032,1.63205179402506,56.0486494902336));
#2014=CARTESIAN_POINT('Ctrl Pts',(172.72490629699,1.63170221625265,56.0168532679778));
#2015=CARTESIAN_POINT('Ctrl Pts',(172.748460146847,1.63136464526128,55.9843571431573));
#2016=CARTESIAN_POINT('Ctrl Pts',(172.771167827987,1.63104049231509,55.9512263948079));
#2017=CARTESIAN_POINT('Ctrl Pts',(172.810035131142,1.63048566019683,55.8945185860334));
#2018=CARTESIAN_POINT('Ctrl Pts',(172.846420896235,1.6299701790052,55.8359499465959));
#2019=CARTESIAN_POINT('Ctrl Pts',(172.880194922932,1.62949505533346,55.7759011277452));
#2020=CARTESIAN_POINT('Ctrl Pts',(172.914613017352,1.629010871095,55.7147071831907));
#2021=CARTESIAN_POINT('Ctrl Pts',(172.94631851309,1.628568603947,55.6519767869977));
#2022=CARTESIAN_POINT('Ctrl Pts',(172.975220733831,1.6281686082475,55.5881396067792));
#2023=CARTESIAN_POINT('Ctrl Pts',(172.993413153628,1.62791683210382,55.5479574771243));
#2024=CARTESIAN_POINT('Ctrl Pts',(173.010495864555,1.62768178953182,55.5073373342773));
#2025=CARTESIAN_POINT('Ctrl Pts',(173.026456294945,1.62746341423149,55.4663895986314));
#2026=CARTESIAN_POINT('Ctrl Pts',(173.054150483567,1.62708449420176,55.3953379861799));
#2027=CARTESIAN_POINT('Ctrl Pts',(173.078674510994,1.62674220130982,55.3226852867895));
#2028=CARTESIAN_POINT('Ctrl Pts',(173.099874346797,1.62644199331957,55.2489046500649));
#2029=CARTESIAN_POINT('Ctrl Pts',(173.121248008815,1.62613932379995,55.1745190554098));
#2030=CARTESIAN_POINT('Ctrl Pts',(173.139242527554,1.6258794391414,55.098987803292));
#2031=CARTESIAN_POINT('Ctrl Pts',(173.153749225069,1.6256673134725,55.0228159313557));
#2032=CARTESIAN_POINT('Ctrl Pts',(173.168222577464,1.62545567539604,54.9468191482196));
#2033=CARTESIAN_POINT('Ctrl Pts',(173.179224023442,1.6252915826856,54.8701855825015));
#2034=CARTESIAN_POINT('Ctrl Pts',(173.186696629573,1.62517926786791,54.7934235667151));
#2035=CARTESIAN_POINT('Ctrl Pts',(173.18940858701,1.625138506586,54.7655651039637));
#2036=CARTESIAN_POINT('Ctrl Pts',(173.19165625203,1.62510455784395,54.7376897214822));
#2037=CARTESIAN_POINT('Ctrl Pts',(173.193438605629,1.6250775986478,54.709821587186));
#2038=CARTESIAN_POINT('Ctrl Pts',(173.196840308617,1.62502614579457,54.6566339841214));
#2039=CARTESIAN_POINT('Ctrl Pts',(173.198557158515,1.62499999999999,54.60330307662));
#2040=CARTESIAN_POINT('Ctrl Pts',(173.198557158515,1.62499999999999,54.5499999999986));
#2041=CARTESIAN_POINT('Ctrl Pts',(170.125697203013,1.37179922188239,55.8501361682141));
#2042=CARTESIAN_POINT('Ctrl Pts',(170.222925485332,1.35048296799761,55.9349555373606));
#2043=CARTESIAN_POINT('Ctrl Pts',(170.328462170423,1.33021952496203,56.0100227245993));
#2044=CARTESIAN_POINT('Ctrl Pts',(170.607702034451,1.28676257191745,56.159441138942));
#2045=CARTESIAN_POINT('Ctrl Pts',(170.78403367164,1.26735587458886,56.214990462215));
#2046=CARTESIAN_POINT('Ctrl Pts',(171.157899610324,1.24748498739501,56.2536029039197));
#2047=CARTESIAN_POINT('Ctrl Pts',(171.344940199194,1.24771368822857,56.2358624411466));
#2048=CARTESIAN_POINT('Ctrl Pts',(171.741737171458,1.26863435700503,56.1322293344069));
#2049=CARTESIAN_POINT('Ctrl Pts',(171.944561992612,1.29279197107174,56.0356065166989));
#2050=CARTESIAN_POINT('Ctrl Pts',(172.420280027895,1.37356465111251,55.7193061667057));
#2051=CARTESIAN_POINT('Ctrl Pts',(172.681331340472,1.4438528354898,55.4504293674671));
#2052=CARTESIAN_POINT('Ctrl Pts',(173.012372903845,1.55311149404479,54.9469826497161));
#2053=CARTESIAN_POINT('Ctrl Pts',(173.112171406165,1.59055037776422,54.7569450932667));
#2054=CARTESIAN_POINT('Ctrl Pts',(173.195934056669,1.62395214739897,54.556320329849));
#2055=CARTESIAN_POINT('Ctrl Pts',(173.19724780404,1.62447664573655,54.5531611639631));
#2056=CARTESIAN_POINT('Ctrl Pts',(173.198557158515,1.62500000000001,54.5499999999986));
#2057=CARTESIAN_POINT('Origin',(102.125,8.25,54.5499999999986));
#2058=CARTESIAN_POINT('Ctrl Pts',(171.25,1.25,54.5499999999986));
#2059=CARTESIAN_POINT('Ctrl Pts',(170.886985092092,1.25,54.9691735095993));
#2060=CARTESIAN_POINT('Ctrl Pts',(170.506983775317,1.28820624683251,55.4078984395135));
#2061=CARTESIAN_POINT('Ctrl Pts',(170.125697203013,1.37179922188238,55.8501361682141));
#2062=CARTESIAN_POINT('',(0.,8.25,61.5499999999986));
#2063=CARTESIAN_POINT('Origin',(0.,8.25,54.5499999999986));
#2064=CARTESIAN_POINT('',(169.5,8.25,61.5499999999986));
#2065=CARTESIAN_POINT('',(102.125,8.25,61.5499999999986));
#2066=CARTESIAN_POINT('Origin',(169.5,8.25,54.5499999999986));
#2067=CARTESIAN_POINT('Origin',(146.,-0.500000000000003,31.0499999999986));
#2068=CARTESIAN_POINT('',(166.,-0.500000000000003,31.0499999999986));
#2069=CARTESIAN_POINT('',(146.,-0.500000000000003,11.0499999999986));
#2070=CARTESIAN_POINT('Origin',(146.,-0.500000000000003,31.0499999999986));
#2071=CARTESIAN_POINT('Origin',(146.,-0.500000000000003,9.29999999999858));
#2072=CARTESIAN_POINT('Origin',(146.,-0.500000000000003,31.0499999999986));
#2073=CARTESIAN_POINT('Origin',(146.,13.7,31.0499999999986));
#2074=CARTESIAN_POINT('',(166.,13.7,31.0499999999986));
#2075=CARTESIAN_POINT('Origin',(1.02837157373541E-13,-13.2000000000003,
62.0499999999986));
#2076=CARTESIAN_POINT('',(0.,-13.2000000000003,61.5499999999986));
#2077=CARTESIAN_POINT('Origin',(0.,-13.2000000000003,62.0499999999986));
#2078=CARTESIAN_POINT('',(169.5,-13.2000000000003,61.5499999999986));
#2079=CARTESIAN_POINT('',(1.02837157373541E-13,-13.2000000000003,61.5499999999986));
#2080=CARTESIAN_POINT('Origin',(169.5,-13.2000000000003,62.0499999999986));
#2081=CARTESIAN_POINT('Origin',(169.5,-13.2000000000003,54.5499999999986));
#2082=CARTESIAN_POINT('Origin',(177.,-13.2000000000003,54.5499999999986));
#2083=CARTESIAN_POINT('Origin',(169.5,-13.2000000000003,54.5499999999986));
#2084=CARTESIAN_POINT('Origin',(177.,-13.2000000000003,73.4999999999984));
#2085=CARTESIAN_POINT('Origin',(177.,-13.2000000000003,-85.4500000000017));
#2086=CARTESIAN_POINT('Origin',(169.5,-13.7,54.5499999999986));
#2087=CARTESIAN_POINT('',(169.5,-8.25,61.5499999999986));
#2088=CARTESIAN_POINT('',(169.5,-13.7,61.5499999999986));
#2089=CARTESIAN_POINT('Origin',(169.5,-8.25,54.5499999999986));
#2090=CARTESIAN_POINT('Origin',(2.05674314747082E-13,-13.7,61.5499999999986));
#2091=CARTESIAN_POINT('',(0.,-8.25,61.5499999999986));
#2092=CARTESIAN_POINT('',(0.,-6.85000000000014,61.5499999999986));
#2093=CARTESIAN_POINT('',(73.0000000000001,-8.25,61.5499999999986));
#2094=CARTESIAN_POINT('Origin',(0.,-2.73114864057789E-13,-1.70530256582424E-12));
#2095=CARTESIAN_POINT('Origin',(0.,-10.2000000000003,65.0499999999981));
#2096=CARTESIAN_POINT('',(0.,10.1999999999997,65.0499999999983));
#2097=CARTESIAN_POINT('',(0.,10.1999999999997,65.0499999999983));
#2098=CARTESIAN_POINT('',(0.,10.1999999999997,105.849999999998));
#2099=CARTESIAN_POINT('',(0.,13.6999999999997,62.0499999999986));
#2100=CARTESIAN_POINT('',(0.,13.6999999999997,85.4499999999983));
#2101=CARTESIAN_POINT('',(0.,13.1999999999997,61.5499999999986));
#2102=CARTESIAN_POINT('Origin',(0.,13.1999999999997,62.0499999999986));
#2103=CARTESIAN_POINT('',(0.,6.84999999999986,61.5499999999986));
#2104=CARTESIAN_POINT('',(0.,3.,44.0028938607542));
#2105=CARTESIAN_POINT('Ctrl Pts',(8.7748385996316E-19,3.,44.0028938607542));
#2106=CARTESIAN_POINT('Ctrl Pts',(1.05490196716094E-18,3.,44.222515916986));
#2107=CARTESIAN_POINT('Ctrl Pts',(0.,2.94905192732579,44.481090924307));
#2108=CARTESIAN_POINT('Ctrl Pts',(0.,2.78256275137653,44.8859971361236));
#2109=CARTESIAN_POINT('Ctrl Pts',(0.,2.63805914450062,45.1043184711503));
#2110=CARTESIAN_POINT('Ctrl Pts',(0.,2.46287460133196,45.2808372467441));
#2111=CARTESIAN_POINT('Ctrl Pts',(-4.2350796893487E-19,2.44026573987709,
45.3024867173691));
#2112=CARTESIAN_POINT('Ctrl Pts',(0.,2.41666662361583,45.323860433147));
#2113=CARTESIAN_POINT('',(0.,1.25,42.2301360543531));
#2114=CARTESIAN_POINT('Ctrl Pts',(-6.62452653369618E-20,1.25,42.2301360543531));
#2115=CARTESIAN_POINT('Ctrl Pts',(-7.66619382148123E-20,1.46507848445345,
42.2301360543531));
#2116=CARTESIAN_POINT('Ctrl Pts',(0.,1.7181190694386,42.2809599541846));
#2117=CARTESIAN_POINT('Ctrl Pts',(0.,2.11641746774729,42.4472055812466));
#2118=CARTESIAN_POINT('Ctrl Pts',(0.,2.33179628862073,42.5925393289995));
#2119=CARTESIAN_POINT('Ctrl Pts',(0.,2.63801055085157,42.9011867213361));
#2120=CARTESIAN_POINT('Ctrl Pts',(0.,2.78253716977653,43.1196041189155));
#2121=CARTESIAN_POINT('Ctrl Pts',(0.,2.9490398074419,43.5246246629846));
#2122=CARTESIAN_POINT('Ctrl Pts',(5.0027025707686E-18,3.,43.7832382823081));
#2123=CARTESIAN_POINT('Ctrl Pts',(-9.43532537234742E-19,3.,44.0028938607542));
#2124=CARTESIAN_POINT('',(0.,-1.25,42.2301360543531));
#2125=CARTESIAN_POINT('',(0.,13.7,42.2301360543531));
#2126=CARTESIAN_POINT('',(0.,-3.,44.0028938607542));
#2127=CARTESIAN_POINT('Ctrl Pts',(0.,-3.,44.0028938607542));
#2128=CARTESIAN_POINT('Ctrl Pts',(0.,-3.,43.7832382823081));
#2129=CARTESIAN_POINT('Ctrl Pts',(0.,-2.9490398074419,43.5246246629846));
#2130=CARTESIAN_POINT('Ctrl Pts',(0.,-2.78253716977652,43.1196041189155));
#2131=CARTESIAN_POINT('Ctrl Pts',(0.,-2.63801055085157,42.9011867213361));
#2132=CARTESIAN_POINT('Ctrl Pts',(0.,-2.33179628862074,42.5925393289995));
#2133=CARTESIAN_POINT('Ctrl Pts',(0.,-2.11641746774729,42.4472055812466));
#2134=CARTESIAN_POINT('Ctrl Pts',(0.,-1.71811906943862,42.2809599541846));
#2135=CARTESIAN_POINT('Ctrl Pts',(1.00478625006379E-20,-1.46507848445346,
42.2301360543531));
#2136=CARTESIAN_POINT('Ctrl Pts',(-1.48787795141169E-20,-1.25,42.2301360543531));
#2137=CARTESIAN_POINT('Ctrl Pts',(0.,-2.41666662361582,45.323860433147));
#2138=CARTESIAN_POINT('Ctrl Pts',(0.,-2.44026573987708,45.3024867173691));
#2139=CARTESIAN_POINT('Ctrl Pts',(0.,-2.46287460133196,45.2808372467442));
#2140=CARTESIAN_POINT('Ctrl Pts',(0.,-2.63805914450063,45.1043184711503));
#2141=CARTESIAN_POINT('Ctrl Pts',(0.,-2.78256275137653,44.8859971361236));
#2142=CARTESIAN_POINT('Ctrl Pts',(0.,-2.94905192732579,44.481090924307));
#2143=CARTESIAN_POINT('Ctrl Pts',(-1.10677364940568E-18,-3.,44.2225159169861));
#2144=CARTESIAN_POINT('Ctrl Pts',(-9.05769093419495E-19,-3.,44.0028938607542));
#2145=CARTESIAN_POINT('Origin',(0.,-8.25,54.5499999999986));
#2146=CARTESIAN_POINT('Origin',(177.,13.1999999999997,-85.4500000000014));
#2147=CARTESIAN_POINT('',(177.,13.6999999999997,-85.4500000000015));
#2148=CARTESIAN_POINT('Origin',(177.,13.1999999999997,-85.4500000000017));
#2149=CARTESIAN_POINT('',(177.,13.6999999999997,54.5499999999986));
#2150=CARTESIAN_POINT('Origin',(177.,13.1999999999997,54.5499999999986));
#2151=CARTESIAN_POINT('',(177.,13.6999999999997,-85.4500000000014));
#2152=CARTESIAN_POINT('Origin',(169.5,13.1999999999997,54.5499999999986));
#2153=CARTESIAN_POINT('',(169.5,13.1999999999997,61.5499999999986));
#2154=CARTESIAN_POINT('',(169.5,13.6999999999997,62.0499999999986));
#2155=CARTESIAN_POINT('Origin',(169.5,13.1999999999997,62.0499999999986));
#2156=CARTESIAN_POINT('Origin',(169.5,13.6999999999997,54.5499999999986));
#2157=CARTESIAN_POINT('Origin',(169.5,13.1999999999997,54.5499999999986));
#2158=CARTESIAN_POINT('Origin',(88.25,13.1999999999997,62.0499999999986));
#2159=CARTESIAN_POINT('',(88.25,13.6999999999997,62.0499999999986));
#2160=CARTESIAN_POINT('',(88.25,13.1999999999997,61.5499999999986));
#2161=CARTESIAN_POINT('Origin',(0.,13.6999999999997,-85.4500000000014));
#2162=CARTESIAN_POINT('',(0.,13.6999999999997,-85.4500000000015));
#2163=CARTESIAN_POINT('Origin',(0.,-10.2000000000003,1092.78529411765));
#2164=CARTESIAN_POINT('Ctrl Pts',(169.5,-8.25,61.5499999999986));
#2165=CARTESIAN_POINT('Ctrl Pts',(171.070796326795,-7.85730091830128,61.5499999999986));
#2166=CARTESIAN_POINT('Ctrl Pts',(173.679799213597,-7.20505019660079,60.6321778576306));
#2167=CARTESIAN_POINT('Ctrl Pts',(175.686448718163,-6.70338782045923,58.1088151331072));
#2168=CARTESIAN_POINT('Ctrl Pts',(176.381541832253,-6.52961454193686,56.1205584740134));
#2169=CARTESIAN_POINT('Ctrl Pts',(176.5,-6.5,55.0735987755969));
#2170=CARTESIAN_POINT('Ctrl Pts',(176.5,-6.5,54.5499999999986));
#2171=CARTESIAN_POINT('Ctrl Pts',(169.5,-8.25,61.5499999999986));
#2172=CARTESIAN_POINT('Ctrl Pts',(170.958596589167,-7.74510118067307,61.5499999999986));
#2173=CARTESIAN_POINT('Ctrl Pts',(173.390854109512,-6.90479970802991,60.7935630356952));
#2174=CARTESIAN_POINT('Ctrl Pts',(175.531905335065,-6.1060904740759,58.4068561899992));
#2175=CARTESIAN_POINT('Ctrl Pts',(176.35424887668,-5.77496375591577,56.2957355196194));
#2176=CARTESIAN_POINT('Ctrl Pts',(176.5,-5.71460183660256,55.1324399292234));
#2177=CARTESIAN_POINT('Ctrl Pts',(176.5,-5.71460183660256,54.5499999999986));
#2178=CARTESIAN_POINT('Ctrl Pts',(169.5,-8.25,61.5499999999986));
#2179=CARTESIAN_POINT('Ctrl Pts',(170.73419711391,-7.52070170541665,61.5499999999986));
#2180=CARTESIAN_POINT('Ctrl Pts',(172.799074248687,-6.30452812369551,61.0224412521933));
#2181=CARTESIAN_POINT('Ctrl Pts',(175.000095061663,-4.91310178528658,58.8559507094632));
#2182=CARTESIAN_POINT('Ctrl Pts',(175.962297684778,-4.26869690439507,56.5652541663701));
#2183=CARTESIAN_POINT('Ctrl Pts',(176.140472896027,-4.1472610105092,55.2229255038345));
#2184=CARTESIAN_POINT('Ctrl Pts',(176.140472896027,-4.1472610105092,54.5499999999986));
#2185=CARTESIAN_POINT('Ctrl Pts',(169.5,-8.25,61.5499999999986));
#2186=CARTESIAN_POINT('Ctrl Pts',(170.341498032211,-7.12800262371793,61.5499999999986));
#2187=CARTESIAN_POINT('Ctrl Pts',(171.747235156652,-5.25075376731402,61.1021125652603));
#2188=CARTESIAN_POINT('Ctrl Pts',(173.433787149841,-3.10474245174309,59.020271350523));
#2189=CARTESIAN_POINT('Ctrl Pts',(174.232452881618,-2.12360042570996,56.665505486586));
#2190=CARTESIAN_POINT('Ctrl Pts',(174.38413700292,-1.93931043927707,55.2565502105211));
#2191=CARTESIAN_POINT('Ctrl Pts',(174.38413700292,-1.93931043927707,54.5499999999986));
#2192=CARTESIAN_POINT('Ctrl Pts',(169.5,-8.25,61.5499999999986));
#2193=CARTESIAN_POINT('Ctrl Pts',(170.060998688141,-6.84750327964741,61.5499999999986));
#2194=CARTESIAN_POINT('Ctrl Pts',(170.994763478741,-4.50636938956163,60.8739622395707));
#2195=CARTESIAN_POINT('Ctrl Pts',(171.942104535015,-2.29709176221282,58.5573710943864));
#2196=CARTESIAN_POINT('Ctrl Pts',(172.352364143314,-1.40925687129634,56.3845310359046));
#2197=CARTESIAN_POINT('Ctrl Pts',(172.428097245096,-1.25000000000002,55.1623071602732));
#2198=CARTESIAN_POINT('Ctrl Pts',(172.428097245096,-1.25000000000002,54.5499999999986));
#2199=CARTESIAN_POINT('Ctrl Pts',(169.5,-8.25,61.5499999999986));
#2200=CARTESIAN_POINT('Ctrl Pts',(169.892699081699,-6.6792036732051,61.5499999999986));
#2201=CARTESIAN_POINT('Ctrl Pts',(170.544949803399,-4.07020078640316,60.6321778576306));
#2202=CARTESIAN_POINT('Ctrl Pts',(171.046612179541,-2.06355128183692,58.1088151331072));
#2203=CARTESIAN_POINT('Ctrl Pts',(171.220385458063,-1.36845816774746,56.1205584740134));
#2204=CARTESIAN_POINT('Ctrl Pts',(171.25,-1.25000000000002,55.0735987755969));
#2205=CARTESIAN_POINT('Ctrl Pts',(171.25,-1.25000000000002,54.5499999999986));
#2206=CARTESIAN_POINT('Origin',(171.25,-6.5,54.5499999999986));
#2207=CARTESIAN_POINT('Origin',(169.5,-8.25,54.5499999999986));
#2208=CARTESIAN_POINT('Origin',(73.0000000000001,-8.25,54.5499999999986));
#2209=CARTESIAN_POINT('Origin',(171.25,-6.5,46.2999999999986));
#2210=CARTESIAN_POINT('Origin',(171.25,-6.5,-85.4500000000017));
#2211=CARTESIAN_POINT('Ctrl Pts',(176.5,6.5,54.5499999999986));
#2212=CARTESIAN_POINT('Ctrl Pts',(176.5,6.5,55.0735987755969));
#2213=CARTESIAN_POINT('Ctrl Pts',(176.324590879417,6.54385228014574,56.6446904637003));
#2214=CARTESIAN_POINT('Ctrl Pts',(175.160321074005,6.83491973149882,59.0634991822443));
#2215=CARTESIAN_POINT('Ctrl Pts',(172.640795175295,7.46480120617635,61.0717409155735));
#2216=CARTESIAN_POINT('Ctrl Pts',(170.547197551197,7.98820061220085,61.5499999999986));
#2217=CARTESIAN_POINT('Ctrl Pts',(169.5,8.25,61.5499999999986));
#2218=CARTESIAN_POINT('Ctrl Pts',(176.5,5.71460183660256,54.5499999999986));
#2219=CARTESIAN_POINT('Ctrl Pts',(176.5,5.71460183660256,55.1324399292234));
#2220=CARTESIAN_POINT('Ctrl Pts',(176.279948481191,5.80747685916709,56.8865158105503));
#2221=CARTESIAN_POINT('Ctrl Pts',(174.926655910659,6.34263219641044,59.3525726319837));
#2222=CARTESIAN_POINT('Ctrl Pts',(172.416060350803,7.24083814615846,61.1434500699614));
#2223=CARTESIAN_POINT('Ctrl Pts',(170.472397726111,7.91340078711538,61.5499999999986));
#2224=CARTESIAN_POINT('Ctrl Pts',(169.5,8.25,61.5499999999986));
#2225=CARTESIAN_POINT('Ctrl Pts',(176.140472896027,4.1472610105092,54.5499999999986));
#2226=CARTESIAN_POINT('Ctrl Pts',(176.140472896027,4.1472610105092,55.2229255038345));
#2227=CARTESIAN_POINT('Ctrl Pts',(175.864994885442,4.3374868006228,57.2586205338009));
#2228=CARTESIAN_POINT('Ctrl Pts',(174.318883366892,5.35881336420148,59.7800802753233));
#2229=CARTESIAN_POINT('Ctrl Pts',(171.966731666027,6.79315576432559,61.2435116178678));
#2230=CARTESIAN_POINT('Ctrl Pts',(170.32279807594,7.76380113694444,61.5499999999986));
#2231=CARTESIAN_POINT('Ctrl Pts',(169.5,8.25,61.5499999999986));
#2232=CARTESIAN_POINT('Ctrl Pts',(174.38413700292,1.93931043927708,54.5499999999986));
#2233=CARTESIAN_POINT('Ctrl Pts',(174.38413700292,1.93931043927708,55.2565502105211));
#2234=CARTESIAN_POINT('Ctrl Pts',(174.145901679264,2.22663261515059,57.3970213024601));
#2235=CARTESIAN_POINT('Ctrl Pts',(172.884188575765,3.78911745322816,59.9341766581681));
#2236=CARTESIAN_POINT('Ctrl Pts',(171.181410783421,6.00778930866973,61.277853867906));
#2237=CARTESIAN_POINT('Ctrl Pts',(170.060998688141,7.50200174914529,61.5499999999986));
#2238=CARTESIAN_POINT('Ctrl Pts',(169.5,8.25,61.5499999999986));
#2239=CARTESIAN_POINT('Ctrl Pts',(172.428097245096,1.25000000000002,54.5499999999986));
#2240=CARTESIAN_POINT('Ctrl Pts',(172.428097245096,1.25000000000002,55.1623071602732));
#2241=CARTESIAN_POINT('Ctrl Pts',(172.310652772377,1.49235940795926,57.0091398659122));
#2242=CARTESIAN_POINT('Ctrl Pts',(171.653013232762,2.9422316660182,59.497983891405));
#2243=CARTESIAN_POINT('Ctrl Pts',(170.620862778865,5.44774982367132,61.1790418911748));
#2244=CARTESIAN_POINT('Ctrl Pts',(169.873999125427,7.31500218643161,61.5499999999986));
#2245=CARTESIAN_POINT('Ctrl Pts',(169.5,8.25,61.5499999999986));
#2246=CARTESIAN_POINT('Ctrl Pts',(171.25,1.25000000000002,54.5499999999986));
#2247=CARTESIAN_POINT('Ctrl Pts',(171.25,1.25000000000002,55.0735987755969));
#2248=CARTESIAN_POINT('Ctrl Pts',(171.206147719854,1.42540912058298,56.6446904637003));
#2249=CARTESIAN_POINT('Ctrl Pts',(170.915080268501,2.58967892599524,59.0634991822443));
#2250=CARTESIAN_POINT('Ctrl Pts',(170.285198793824,5.10920482470541,61.0717409155735));
#2251=CARTESIAN_POINT('Ctrl Pts',(169.761799387799,7.2028024488034,61.5499999999986));
#2252=CARTESIAN_POINT('Ctrl Pts',(169.5,8.25,61.5499999999986));
#2253=CARTESIAN_POINT('Origin',(169.5,8.25,54.5499999999986));
#2254=CARTESIAN_POINT('Origin',(171.25,6.50000000000001,54.5499999999986));
#2255=CARTESIAN_POINT('Origin',(169.5,13.7,54.5499999999986));
#2256=CARTESIAN_POINT('',(169.5,13.7,61.5499999999986));
#2257=CARTESIAN_POINT('Origin',(176.5,13.7,61.5499999999986));
#2258=CARTESIAN_POINT('Origin',(171.25,6.5,-87.2000000000015));
#2259=CARTESIAN_POINT('Origin',(171.25,6.5,-85.4500000000017));
#2260=CARTESIAN_POINT('Origin',(0.,-13.7000000000003,-85.4500000000017));
#2261=CARTESIAN_POINT('',(163.860576187281,-3.,-85.4500000000016));
#2262=CARTESIAN_POINT('Ctrl Pts',(163.860576187281,-3.,-85.4500000000016));
#2263=CARTESIAN_POINT('Ctrl Pts',(164.077331653471,-3.,-85.4500000000016));
#2264=CARTESIAN_POINT('Ctrl Pts',(164.332460149623,-2.94935542764135,-85.4500000000016));
#2265=CARTESIAN_POINT('Ctrl Pts',(164.732779543806,-2.78380020176032,-85.4500000000016));
#2266=CARTESIAN_POINT('Ctrl Pts',(164.948878084706,-2.63970212712139,-85.4500000000016));
#2267=CARTESIAN_POINT('Ctrl Pts',(165.124319716128,-2.46454734587826,-85.4500000000016));
#2268=CARTESIAN_POINT('Ctrl Pts',(165.146567938538,-2.44113201914294,-85.4500000000016));
#2269=CARTESIAN_POINT('Ctrl Pts',(165.168509638697,-2.41666662032466,-85.4500000000016));
#2270=CARTESIAN_POINT('',(162.105694726254,-1.25,-85.4500000000015));
#2271=CARTESIAN_POINT('Ctrl Pts',(162.105694726254,-1.25,-85.4500000000016));
#2272=CARTESIAN_POINT('Ctrl Pts',(162.105694726254,-1.46578064760866,-85.4500000000016));
#2273=CARTESIAN_POINT('Ctrl Pts',(162.156312625378,-1.71972174873049,-85.4500000000016));
#2274=CARTESIAN_POINT('Ctrl Pts',(162.321815531305,-2.11862331138287,-85.4500000000016));
#2275=CARTESIAN_POINT('Ctrl Pts',(162.466091596602,-2.33409041658935,-85.4500000000016));
#2276=CARTESIAN_POINT('Ctrl Pts',(162.772214742674,-2.63969176236015,-85.4500000000016));
#2277=CARTESIAN_POINT('Ctrl Pts',(162.98833354879,-2.78379474622231,-85.4500000000016));
#2278=CARTESIAN_POINT('Ctrl Pts',(163.388677044658,-2.94935286198446,-85.4500000000016));
#2279=CARTESIAN_POINT('Ctrl Pts',(163.643813664564,-3.,-85.4500000000016));
#2280=CARTESIAN_POINT('Ctrl Pts',(163.860576187281,-3.,-85.4500000000016));
#2281=CARTESIAN_POINT('',(162.105694726254,1.25,-85.4500000000015));
#2282=CARTESIAN_POINT('',(162.105694726254,13.7,-85.4500000000015));
#2283=CARTESIAN_POINT('',(163.860576187281,3.,-85.4500000000016));
#2284=CARTESIAN_POINT('Ctrl Pts',(163.860576187281,3.,-85.4500000000016));
#2285=CARTESIAN_POINT('Ctrl Pts',(163.643813664564,3.,-85.4500000000016));
#2286=CARTESIAN_POINT('Ctrl Pts',(163.388677044658,2.94935286198445,-85.4500000000016));
#2287=CARTESIAN_POINT('Ctrl Pts',(162.98833354879,2.7837947462223,-85.4500000000016));
#2288=CARTESIAN_POINT('Ctrl Pts',(162.772214742674,2.63969176236015,-85.4500000000016));
#2289=CARTESIAN_POINT('Ctrl Pts',(162.466091596602,2.33409041658935,-85.4500000000016));
#2290=CARTESIAN_POINT('Ctrl Pts',(162.321815531305,2.11862331138287,-85.4500000000016));
#2291=CARTESIAN_POINT('Ctrl Pts',(162.156312625378,1.71972174873049,-85.4500000000016));
#2292=CARTESIAN_POINT('Ctrl Pts',(162.105694726254,1.46578064760866,-85.4500000000016));
#2293=CARTESIAN_POINT('Ctrl Pts',(162.105694726254,1.25,-85.4500000000016));
#2294=CARTESIAN_POINT('Ctrl Pts',(165.168509638697,2.41666662032466,-85.4500000000016));
#2295=CARTESIAN_POINT('Ctrl Pts',(165.146567938538,2.44113201914295,-85.4500000000016));
#2296=CARTESIAN_POINT('Ctrl Pts',(165.124319716128,2.46454734587825,-85.4500000000016));
#2297=CARTESIAN_POINT('Ctrl Pts',(164.948878084706,2.63970212712138,-85.4500000000016));
#2298=CARTESIAN_POINT('Ctrl Pts',(164.732779543806,2.78380020176032,-85.4500000000016));
#2299=CARTESIAN_POINT('Ctrl Pts',(164.332460149623,2.94935542764134,-85.4500000000016));
#2300=CARTESIAN_POINT('Ctrl Pts',(164.077331653471,2.99999999999999,-85.4500000000016));
#2301=CARTESIAN_POINT('Ctrl Pts',(163.860576187281,3.,-85.4500000000016));
#2302=CARTESIAN_POINT('Origin',(22.5,1.25,-95.9500000000017));
#2303=CARTESIAN_POINT('Origin',(22.5,1.25,-95.9500000000017));
#2304=CARTESIAN_POINT('Origin',(22.5,13.7,-95.9500000000017));
#2305=CARTESIAN_POINT('Origin',(22.5,-1.25,-95.9500000000017));
#2306=CARTESIAN_POINT('Origin',(22.5,-1.25,-95.9500000000017));
#2307=CARTESIAN_POINT('Origin',(0.,10.1999999999997,85.4499999999983));
#2308=CARTESIAN_POINT('',(0.,10.1999999999997,65.0499999999983));
#2309=CARTESIAN_POINT('Origin',(0.,10.1999999999997,65.0499999999983));
#2310=UNCERTAINTY_MEASURE_WITH_UNIT(LENGTH_MEASURE(0.01),#2314,
'DISTANCE_ACCURACY_VALUE',
'Maximum model space distance between geometric entities at asserted c
onnectivities');
#2311=UNCERTAINTY_MEASURE_WITH_UNIT(LENGTH_MEASURE(0.01),#2314,
'DISTANCE_ACCURACY_VALUE',
'Maximum model space distance between geometric entities at asserted c
onnectivities');
#2312=(
GEOMETRIC_REPRESENTATION_CONTEXT(3)
GLOBAL_UNCERTAINTY_ASSIGNED_CONTEXT((#2310))
GLOBAL_UNIT_ASSIGNED_CONTEXT((#2314,#2316,#2317))
REPRESENTATION_CONTEXT('','3D')
);
#2313=(
GEOMETRIC_REPRESENTATION_CONTEXT(3)
GLOBAL_UNCERTAINTY_ASSIGNED_CONTEXT((#2311))
GLOBAL_UNIT_ASSIGNED_CONTEXT((#2314,#2316,#2317))
REPRESENTATION_CONTEXT('','3D')
);
#2314=(
LENGTH_UNIT()
NAMED_UNIT(*)
SI_UNIT(.MILLI.,.METRE.)
);
#2315=(
LENGTH_UNIT()
NAMED_UNIT(*)
SI_UNIT($,.METRE.)
);
#2316=(
NAMED_UNIT(*)
PLANE_ANGLE_UNIT()
SI_UNIT($,.RADIAN.)
);
#2317=(
NAMED_UNIT(*)
SI_UNIT($,.STERADIAN.)
SOLID_ANGLE_UNIT()
);
#2318=SHAPE_DEFINITION_REPRESENTATION(#2319,#2320);
#2319=PRODUCT_DEFINITION_SHAPE('',$,#2322);
#2320=SHAPE_REPRESENTATION('',(#1196),#2312);
#2321=PRODUCT_DEFINITION_CONTEXT('part definition',#2326,'design');
#2322=PRODUCT_DEFINITION('support_etag\X\E9re_bureau',
'support_etag\X\E9re_bureau v13',#2323,#2321);
#2323=PRODUCT_DEFINITION_FORMATION('',$,#2328);
#2324=PRODUCT_RELATED_PRODUCT_CATEGORY('support_etag\X\E9re_bureau v13',
'support_etag\X\E9re_bureau v13',(#2328));
#2325=APPLICATION_PROTOCOL_DEFINITION('international standard',
'automotive_design',2009,#2326);
#2326=APPLICATION_CONTEXT(
'Core Data for Automotive Mechanical Design Process');
#2327=PRODUCT_CONTEXT('part definition',#2326,'mechanical');
#2328=PRODUCT('support_etag\X\E9re_bureau',
'support_etag\X\E9re_bureau v13',$,(#2327));
#2329=PRESENTATION_STYLE_ASSIGNMENT((#2330));
#2330=SURFACE_STYLE_USAGE(.BOTH.,#2331);
#2331=SURFACE_SIDE_STYLE('',(#2332));
#2332=SURFACE_STYLE_FILL_AREA(#2333);
#2333=FILL_AREA_STYLE('Acier - Satin\X\E9',(#2334));
#2334=FILL_AREA_STYLE_COLOUR('Acier - Satin\X\E9',#2335);
#2335=COLOUR_RGB('Acier - Satin\X\E9',0.627450980392157,0.627450980392157,
0.627450980392157);
ENDSEC;
END-ISO-10303-21;
