ISO-10303-21;
HEADER;
/* Generated by software containing ST-Developer
 * from STEP Tools, Inc. (www.steptools.com) 
 */

FILE_DESCRIPTION(
/* description */ (''),
/* implementation_level */ '2;1');

FILE_NAME(
/* name */ 'support_etagre_bureau_90.step',
/* time_stamp */ '2025-11-28T15:03:03+01:00',
/* author */ (''),
/* organization */ (''),
/* preprocessor_version */ 'ST-DEVELOPER v20.1',
/* originating_system */ 'Autodesk Translation Framework v14.21.0.0',
/* authorisation */ '');

FILE_SCHEMA (('AUTOMOTIVE_DESIGN { 1 0 10303 214 3 1 1 }'));
ENDSEC;

DATA;
#10=MECHANICAL_DESIGN_GEOMETRIC_PRESENTATION_REPRESENTATION('',(#13),#3138);
#11=SHAPE_REPRESENTATION_RELATIONSHIP('SRR','None',#3145,#12);
#12=ADVANCED_BREP_SHAPE_REPRESENTATION('',(#14),#3137);
#13=STYLED_ITEM('',(#3154),#14);
#14=MANIFOLD_SOLID_BREP('Corps1',#1601);
#15=SPHERICAL_SURFACE('',#1777,4.35);
#16=SPHERICAL_SURFACE('',#1780,4.35);
#17=CONICAL_SURFACE('',#1768,2.,0.785398163397447);
#18=B_SPLINE_SURFACE_WITH_KNOTS('',3,3,((#2739,#2740,#2741,#2742,#2743,
#2744,#2745,#2746),(#2747,#2748,#2749,#2750,#2751,#2752,#2753,#2754),(#2755,
#2756,#2757,#2758,#2759,#2760,#2761,#2762),(#2763,#2764,#2765,#2766,#2767,
#2768,#2769,#2770),(#2771,#2772,#2773,#2774,#2775,#2776,#2777,#2778)),
 .UNSPECIFIED.,.F.,.F.,.F.,(4,1,4),(4,1,1,2,4),(0.,0.5,1.),(-0.312793246477452,
-0.187675947886471,-0.125117298590981,0.,0.000877496133009985),
 .UNSPECIFIED.);
#19=B_SPLINE_SURFACE_WITH_KNOTS('',3,3,((#2802,#2803,#2804,#2805,#2806),
(#2807,#2808,#2809,#2810,#2811),(#2812,#2813,#2814,#2815,#2816),(#2817,
#2818,#2819,#2820,#2821),(#2822,#2823,#2824,#2825,#2826)),.UNSPECIFIED.,
 .F.,.F.,.F.,(4,1,4),(4,1,4),(0.,0.5,1.),(0.663827803192623,0.756565906360644,
0.82611948373666),.UNSPECIFIED.);
#20=B_SPLINE_SURFACE_WITH_KNOTS('',3,3,((#2859,#2860,#2861,#2862,#2863,
#2864),(#2865,#2866,#2867,#2868,#2869,#2870),(#2871,#2872,#2873,#2874,#2875,
#2876),(#2877,#2878,#2879,#2880,#2881,#2882),(#2883,#2884,#2885,#2886,#2887,
#2888)),.UNSPECIFIED.,.F.,.F.,.F.,(4,1,4),(4,1,1,4),(0.,0.5,1.),(0.0527581315402412,
0.0991271831247312,0.145496234709221,0.215049812085956),.UNSPECIFIED.);
#21=B_SPLINE_SURFACE_WITH_KNOTS('',3,3,((#2909,#2910,#2911,#2912,#2913,
#2914,#2915,#2916),(#2917,#2918,#2919,#2920,#2921,#2922,#2923,#2924),(#2925,
#2926,#2927,#2928,#2929,#2930,#2931,#2932),(#2933,#2934,#2935,#2936,#2937,
#2938,#2939,#2940)),.UNSPECIFIED.,.F.,.F.,.F.,(4,4),(4,2,1,1,4),(0.,1.),
(-0.313670742610437,-0.312793246477239,-0.125117298590896,-0.0625586492954478,
0.),.UNSPECIFIED.);
#22=FACE_BOUND('',#409,.T.);
#23=FACE_BOUND('',#410,.T.);
#24=FACE_BOUND('',#411,.T.);
#25=FACE_BOUND('',#412,.T.);
#26=FACE_BOUND('',#415,.T.);
#27=FACE_BOUND('',#418,.T.);
#28=FACE_BOUND('',#419,.T.);
#29=FACE_BOUND('',#420,.T.);
#30=FACE_BOUND('',#484,.T.);
#31=FACE_BOUND('',#496,.T.);
#32=PLANE('',#1631);
#33=PLANE('',#1635);
#34=PLANE('',#1639);
#35=PLANE('',#1643);
#36=PLANE('',#1654);
#37=PLANE('',#1655);
#38=PLANE('',#1656);
#39=PLANE('',#1657);
#40=PLANE('',#1658);
#41=PLANE('',#1659);
#42=PLANE('',#1666);
#43=PLANE('',#1670);
#44=PLANE('',#1672);
#45=PLANE('',#1674);
#46=PLANE('',#1675);
#47=PLANE('',#1677);
#48=PLANE('',#1678);
#49=PLANE('',#1680);
#50=PLANE('',#1681);
#51=PLANE('',#1682);
#52=PLANE('',#1730);
#53=PLANE('',#1733);
#54=PLANE('',#1740);
#55=PLANE('',#1741);
#56=PLANE('',#1745);
#57=PLANE('',#1753);
#58=PLANE('',#1757);
#59=PLANE('',#1758);
#60=PLANE('',#1763);
#61=PLANE('',#1771);
#62=PLANE('',#1775);
#63=PLANE('',#1784);
#64=PLANE('',#1785);
#65=PLANE('',#1786);
#66=TOROIDAL_SURFACE('',#1622,144.42910196625,3.);
#67=TOROIDAL_SURFACE('',#1625,144.42910196625,3.);
#68=TOROIDAL_SURFACE('',#1648,144.42910196625,3.);
#69=TOROIDAL_SURFACE('',#1650,141.075,1.5);
#70=TOROIDAL_SURFACE('',#1660,7.,3.);
#71=TOROIDAL_SURFACE('',#1690,11.5,1.);
#72=TOROIDAL_SURFACE('',#1697,11.5,1.);
#73=TOROIDAL_SURFACE('',#1699,21.,1.);
#74=TOROIDAL_SURFACE('',#1706,11.5,1.);
#75=TOROIDAL_SURFACE('',#1713,11.5,1.);
#76=TOROIDAL_SURFACE('',#1715,21.,1.);
#77=TOROIDAL_SURFACE('',#1720,4.85,0.5);
#78=TOROIDAL_SURFACE('',#1726,4.85,0.5);
#79=TOROIDAL_SURFACE('',#1738,2.5,0.5);
#80=TOROIDAL_SURFACE('',#1749,2.5,0.5);
#81=TOROIDAL_SURFACE('',#1754,699.501960784314,3.);
#82=TOROIDAL_SURFACE('',#1760,7.,3.);
#83=TOROIDAL_SURFACE('',#1762,699.501960784314,3.);
#84=TOROIDAL_SURFACE('',#1783,141.075,1.5);
#85=LINE('',#2314,#201);
#86=LINE('',#2318,#202);
#87=LINE('',#2340,#203);
#88=LINE('',#2343,#204);
#89=LINE('',#2374,#205);
#90=LINE('',#2377,#206);
#91=LINE('',#2379,#207);
#92=LINE('',#2380,#208);
#93=LINE('',#2392,#209);
#94=LINE('',#2394,#210);
#95=LINE('',#2396,#211);
#96=LINE('',#2424,#212);
#97=LINE('',#2428,#213);
#98=LINE('',#2431,#214);
#99=LINE('',#2436,#215);
#100=LINE('',#2437,#216);
#101=LINE('',#2440,#217);
#102=LINE('',#2443,#218);
#103=LINE('',#2448,#219);
#104=LINE('',#2449,#220);
#105=LINE('',#2491,#221);
#106=LINE('',#2494,#222);
#107=LINE('',#2498,#223);
#108=LINE('',#2505,#224);
#109=LINE('',#2507,#225);
#110=LINE('',#2509,#226);
#111=LINE('',#2511,#227);
#112=LINE('',#2513,#228);
#113=LINE('',#2520,#229);
#114=LINE('',#2521,#230);
#115=LINE('',#2525,#231);
#116=LINE('',#2527,#232);
#117=LINE('',#2529,#233);
#118=LINE('',#2530,#234);
#119=LINE('',#2532,#235);
#120=LINE('',#2533,#236);
#121=LINE('',#2535,#237);
#122=LINE('',#2536,#238);
#123=LINE('',#2540,#239);
#124=LINE('',#2542,#240);
#125=LINE('',#2577,#241);
#126=LINE('',#2579,#242);
#127=LINE('',#2581,#243);
#128=LINE('',#2590,#244);
#129=LINE('',#2592,#245);
#130=LINE('',#2594,#246);
#131=LINE('',#2595,#247);
#132=LINE('',#2599,#248);
#133=LINE('',#2603,#249);
#134=LINE('',#2605,#250);
#135=LINE('',#2606,#251);
#136=LINE('',#2609,#252);
#137=LINE('',#2611,#253);
#138=LINE('',#2612,#254);
#139=LINE('',#2618,#255);
#140=LINE('',#2619,#256);
#141=LINE('',#2620,#257);
#142=LINE('',#2622,#258);
#143=LINE('',#2626,#259);
#144=LINE('',#2628,#260);
#145=LINE('',#2630,#261);
#146=LINE('',#2632,#262);
#147=LINE('',#2635,#263);
#148=LINE('',#2636,#264);
#149=LINE('',#2638,#265);
#150=LINE('',#2641,#266);
#151=LINE('',#2648,#267);
#152=LINE('',#2652,#268);
#153=LINE('',#2654,#269);
#154=LINE('',#2655,#270);
#155=LINE('',#2657,#271);
#156=LINE('',#2661,#272);
#157=LINE('',#2676,#273);
#158=LINE('',#2690,#274);
#159=LINE('',#2692,#275);
#160=LINE('',#2693,#276);
#161=LINE('',#2695,#277);
#162=LINE('',#2696,#278);
#163=LINE('',#2705,#279);
#164=LINE('',#2721,#280);
#165=LINE('',#2733,#281);
#166=LINE('',#2801,#282);
#167=LINE('',#2907,#283);
#168=LINE('',#2908,#284);
#169=LINE('',#2965,#285);
#170=LINE('',#2969,#286);
#171=LINE('',#2972,#287);
#172=LINE('',#2974,#288);
#173=LINE('',#2999,#289);
#174=LINE('',#3001,#290);
#175=LINE('',#3006,#291);
#176=LINE('',#3008,#292);
#177=LINE('',#3009,#293);
#178=LINE('',#3012,#294);
#179=LINE('',#3014,#295);
#180=LINE('',#3016,#296);
#181=LINE('',#3020,#297);
#182=LINE('',#3048,#298);
#183=LINE('',#3049,#299);
#184=LINE('',#3051,#300);
#185=LINE('',#3057,#301);
#186=LINE('',#3058,#302);
#187=LINE('',#3061,#303);
#188=LINE('',#3062,#304);
#189=LINE('',#3080,#305);
#190=LINE('',#3082,#306);
#191=LINE('',#3083,#307);
#192=LINE('',#3085,#308);
#193=LINE('',#3087,#309);
#194=LINE('',#3102,#310);
#195=LINE('',#3104,#311);
#196=LINE('',#3108,#312);
#197=LINE('',#3113,#313);
#198=LINE('',#3120,#314);
#199=LINE('',#3131,#315);
#200=LINE('',#3133,#316);
#201=VECTOR('',#1799,10.);
#202=VECTOR('',#1802,10.);
#203=VECTOR('',#1803,10.);
#204=VECTOR('',#1806,10.);
#205=VECTOR('',#1823,1.5);
#206=VECTOR('',#1828,10.);
#207=VECTOR('',#1829,10.);
#208=VECTOR('',#1830,10.);
#209=VECTOR('',#1841,10.);
#210=VECTOR('',#1842,10.);
#211=VECTOR('',#1843,10.);
#212=VECTOR('',#1844,10.);
#213=VECTOR('',#1847,10.);
#214=VECTOR('',#1850,10.);
#215=VECTOR('',#1855,10.);
#216=VECTOR('',#1856,10.);
#217=VECTOR('',#1859,10.);
#218=VECTOR('',#1862,10.);
#219=VECTOR('',#1867,10.);
#220=VECTOR('',#1868,10.);
#221=VECTOR('',#1885,10.);
#222=VECTOR('',#1888,10.);
#223=VECTOR('',#1891,10.);
#224=VECTOR('',#1892,10.);
#225=VECTOR('',#1893,10.);
#226=VECTOR('',#1894,10.);
#227=VECTOR('',#1895,10.);
#228=VECTOR('',#1896,10.);
#229=VECTOR('',#1897,10.);
#230=VECTOR('',#1898,10.);
#231=VECTOR('',#1901,10.);
#232=VECTOR('',#1902,10.);
#233=VECTOR('',#1903,10.);
#234=VECTOR('',#1904,10.);
#235=VECTOR('',#1907,10.);
#236=VECTOR('',#1908,10.);
#237=VECTOR('',#1911,10.);
#238=VECTOR('',#1912,10.);
#239=VECTOR('',#1917,10.);
#240=VECTOR('',#1918,10.);
#241=VECTOR('',#1935,10.);
#242=VECTOR('',#1936,10.);
#243=VECTOR('',#1937,10.);
#244=VECTOR('',#1946,10.);
#245=VECTOR('',#1947,10.);
#246=VECTOR('',#1948,10.);
#247=VECTOR('',#1949,10.);
#248=VECTOR('',#1952,10.);
#249=VECTOR('',#1955,10.);
#250=VECTOR('',#1956,10.);
#251=VECTOR('',#1957,10.);
#252=VECTOR('',#1960,10.);
#253=VECTOR('',#1961,10.);
#254=VECTOR('',#1962,10.);
#255=VECTOR('',#1967,10.);
#256=VECTOR('',#1968,10.);
#257=VECTOR('',#1969,10.);
#258=VECTOR('',#1972,10.);
#259=VECTOR('',#1975,10.);
#260=VECTOR('',#1976,10.);
#261=VECTOR('',#1977,10.);
#262=VECTOR('',#1978,10.);
#263=VECTOR('',#1983,10.);
#264=VECTOR('',#1984,10.);
#265=VECTOR('',#1987,10.);
#266=VECTOR('',#1990,10.);
#267=VECTOR('',#1991,10.);
#268=VECTOR('',#1994,10.);
#269=VECTOR('',#1995,10.);
#270=VECTOR('',#1996,10.);
#271=VECTOR('',#1999,10.);
#272=VECTOR('',#2002,10.);
#273=VECTOR('',#2007,10.);
#274=VECTOR('',#2010,10.);
#275=VECTOR('',#2011,10.);
#276=VECTOR('',#2012,10.);
#277=VECTOR('',#2015,10.);
#278=VECTOR('',#2016,10.);
#279=VECTOR('',#2027,10.5);
#280=VECTOR('',#2048,20.);
#281=VECTOR('',#2063,10.5);
#282=VECTOR('',#2080,10.);
#283=VECTOR('',#2093,10.);
#284=VECTOR('',#2094,10.);
#285=VECTOR('',#2105,10.);
#286=VECTOR('',#2110,10.);
#287=VECTOR('',#2113,10.);
#288=VECTOR('',#2116,10.);
#289=VECTOR('',#2121,10.);
#290=VECTOR('',#2124,10.);
#291=VECTOR('',#2131,10.);
#292=VECTOR('',#2132,10.);
#293=VECTOR('',#2133,10.);
#294=VECTOR('',#2136,10.);
#295=VECTOR('',#2137,10.);
#296=VECTOR('',#2138,10.);
#297=VECTOR('',#2141,10.);
#298=VECTOR('',#2152,10.);
#299=VECTOR('',#2153,10.);
#300=VECTOR('',#2156,10.);
#301=VECTOR('',#2165,10.);
#302=VECTOR('',#2166,10.);
#303=VECTOR('',#2169,10.);
#304=VECTOR('',#2170,10.);
#305=VECTOR('',#2179,10.);
#306=VECTOR('',#2180,10.);
#307=VECTOR('',#2181,10.);
#308=VECTOR('',#2184,10.);
#309=VECTOR('',#2187,10.);
#310=VECTOR('',#2196,10.);
#311=VECTOR('',#2199,10.);
#312=VECTOR('',#2206,10.);
#313=VECTOR('',#2211,2.);
#314=VECTOR('',#2222,1.25);
#315=VECTOR('',#2243,10.);
#316=VECTOR('',#2246,10.);
#317=FACE_OUTER_BOUND('',#402,.T.);
#318=FACE_OUTER_BOUND('',#403,.T.);
#319=FACE_OUTER_BOUND('',#404,.T.);
#320=FACE_OUTER_BOUND('',#405,.T.);
#321=FACE_OUTER_BOUND('',#406,.T.);
#322=FACE_OUTER_BOUND('',#407,.T.);
#323=FACE_OUTER_BOUND('',#408,.T.);
#324=FACE_OUTER_BOUND('',#413,.T.);
#325=FACE_OUTER_BOUND('',#414,.T.);
#326=FACE_OUTER_BOUND('',#416,.T.);
#327=FACE_OUTER_BOUND('',#417,.T.);
#328=FACE_OUTER_BOUND('',#421,.T.);
#329=FACE_OUTER_BOUND('',#422,.T.);
#330=FACE_OUTER_BOUND('',#423,.T.);
#331=FACE_OUTER_BOUND('',#424,.T.);
#332=FACE_OUTER_BOUND('',#425,.T.);
#333=FACE_OUTER_BOUND('',#426,.T.);
#334=FACE_OUTER_BOUND('',#427,.T.);
#335=FACE_OUTER_BOUND('',#428,.T.);
#336=FACE_OUTER_BOUND('',#429,.T.);
#337=FACE_OUTER_BOUND('',#430,.T.);
#338=FACE_OUTER_BOUND('',#431,.T.);
#339=FACE_OUTER_BOUND('',#432,.T.);
#340=FACE_OUTER_BOUND('',#433,.T.);
#341=FACE_OUTER_BOUND('',#434,.T.);
#342=FACE_OUTER_BOUND('',#435,.T.);
#343=FACE_OUTER_BOUND('',#436,.T.);
#344=FACE_OUTER_BOUND('',#437,.T.);
#345=FACE_OUTER_BOUND('',#438,.T.);
#346=FACE_OUTER_BOUND('',#439,.T.);
#347=FACE_OUTER_BOUND('',#440,.T.);
#348=FACE_OUTER_BOUND('',#441,.T.);
#349=FACE_OUTER_BOUND('',#442,.T.);
#350=FACE_OUTER_BOUND('',#443,.T.);
#351=FACE_OUTER_BOUND('',#444,.T.);
#352=FACE_OUTER_BOUND('',#445,.T.);
#353=FACE_OUTER_BOUND('',#446,.T.);
#354=FACE_OUTER_BOUND('',#447,.T.);
#355=FACE_OUTER_BOUND('',#448,.T.);
#356=FACE_OUTER_BOUND('',#449,.T.);
#357=FACE_OUTER_BOUND('',#450,.T.);
#358=FACE_OUTER_BOUND('',#451,.T.);
#359=FACE_OUTER_BOUND('',#452,.T.);
#360=FACE_OUTER_BOUND('',#453,.T.);
#361=FACE_OUTER_BOUND('',#454,.T.);
#362=FACE_OUTER_BOUND('',#455,.T.);
#363=FACE_OUTER_BOUND('',#456,.T.);
#364=FACE_OUTER_BOUND('',#457,.T.);
#365=FACE_OUTER_BOUND('',#458,.T.);
#366=FACE_OUTER_BOUND('',#459,.T.);
#367=FACE_OUTER_BOUND('',#460,.T.);
#368=FACE_OUTER_BOUND('',#461,.T.);
#369=FACE_OUTER_BOUND('',#462,.T.);
#370=FACE_OUTER_BOUND('',#463,.T.);
#371=FACE_OUTER_BOUND('',#464,.T.);
#372=FACE_OUTER_BOUND('',#465,.T.);
#373=FACE_OUTER_BOUND('',#466,.T.);
#374=FACE_OUTER_BOUND('',#467,.T.);
#375=FACE_OUTER_BOUND('',#468,.T.);
#376=FACE_OUTER_BOUND('',#469,.T.);
#377=FACE_OUTER_BOUND('',#470,.T.);
#378=FACE_OUTER_BOUND('',#471,.T.);
#379=FACE_OUTER_BOUND('',#472,.T.);
#380=FACE_OUTER_BOUND('',#473,.T.);
#381=FACE_OUTER_BOUND('',#474,.T.);
#382=FACE_OUTER_BOUND('',#475,.T.);
#383=FACE_OUTER_BOUND('',#476,.T.);
#384=FACE_OUTER_BOUND('',#477,.T.);
#385=FACE_OUTER_BOUND('',#478,.T.);
#386=FACE_OUTER_BOUND('',#479,.T.);
#387=FACE_OUTER_BOUND('',#480,.T.);
#388=FACE_OUTER_BOUND('',#481,.T.);
#389=FACE_OUTER_BOUND('',#482,.T.);
#390=FACE_OUTER_BOUND('',#483,.T.);
#391=FACE_OUTER_BOUND('',#485,.T.);
#392=FACE_OUTER_BOUND('',#486,.T.);
#393=FACE_OUTER_BOUND('',#487,.T.);
#394=FACE_OUTER_BOUND('',#488,.T.);
#395=FACE_OUTER_BOUND('',#489,.T.);
#396=FACE_OUTER_BOUND('',#490,.T.);
#397=FACE_OUTER_BOUND('',#491,.T.);
#398=FACE_OUTER_BOUND('',#492,.T.);
#399=FACE_OUTER_BOUND('',#493,.T.);
#400=FACE_OUTER_BOUND('',#494,.T.);
#401=FACE_OUTER_BOUND('',#495,.T.);
#402=EDGE_LOOP('',(#1013,#1014,#1015,#1016));
#403=EDGE_LOOP('',(#1017,#1018));
#404=EDGE_LOOP('',(#1019,#1020,#1021,#1022,#1023,#1024,#1025,#1026));
#405=EDGE_LOOP('',(#1027,#1028,#1029,#1030));
#406=EDGE_LOOP('',(#1031,#1032,#1033,#1034));
#407=EDGE_LOOP('',(#1035,#1036,#1037,#1038));
#408=EDGE_LOOP('',(#1039,#1040,#1041,#1042,#1043,#1044,#1045,#1046,#1047));
#409=EDGE_LOOP('',(#1048));
#410=EDGE_LOOP('',(#1049));
#411=EDGE_LOOP('',(#1050));
#412=EDGE_LOOP('',(#1051));
#413=EDGE_LOOP('',(#1052,#1053,#1054,#1055,#1056,#1057,#1058,#1059,#1060,
#1061,#1062));
#414=EDGE_LOOP('',(#1063,#1064,#1065,#1066));
#415=EDGE_LOOP('',(#1067));
#416=EDGE_LOOP('',(#1068,#1069,#1070,#1071));
#417=EDGE_LOOP('',(#1072,#1073,#1074,#1075,#1076));
#418=EDGE_LOOP('',(#1077));
#419=EDGE_LOOP('',(#1078));
#420=EDGE_LOOP('',(#1079));
#421=EDGE_LOOP('',(#1080,#1081,#1082,#1083));
#422=EDGE_LOOP('',(#1084,#1085,#1086,#1087,#1088));
#423=EDGE_LOOP('',(#1089,#1090,#1091,#1092,#1093,#1094));
#424=EDGE_LOOP('',(#1095,#1096,#1097,#1098,#1099,#1100,#1101,#1102,#1103,
#1104));
#425=EDGE_LOOP('',(#1105,#1106,#1107,#1108));
#426=EDGE_LOOP('',(#1109,#1110,#1111,#1112));
#427=EDGE_LOOP('',(#1113,#1114,#1115,#1116));
#428=EDGE_LOOP('',(#1117,#1118,#1119,#1120));
#429=EDGE_LOOP('',(#1121,#1122,#1123,#1124,#1125,#1126,#1127,#1128,#1129,
#1130));
#430=EDGE_LOOP('',(#1131,#1132,#1133,#1134,#1135,#1136,#1137));
#431=EDGE_LOOP('',(#1138,#1139,#1140,#1141,#1142,#1143,#1144,#1145));
#432=EDGE_LOOP('',(#1146,#1147,#1148,#1149,#1150));
#433=EDGE_LOOP('',(#1151,#1152,#1153,#1154,#1155));
#434=EDGE_LOOP('',(#1156,#1157,#1158,#1159));
#435=EDGE_LOOP('',(#1160,#1161,#1162,#1163,#1164));
#436=EDGE_LOOP('',(#1165,#1166,#1167,#1168));
#437=EDGE_LOOP('',(#1169,#1170,#1171,#1172,#1173));
#438=EDGE_LOOP('',(#1174,#1175,#1176,#1177));
#439=EDGE_LOOP('',(#1178,#1179,#1180,#1181));
#440=EDGE_LOOP('',(#1182,#1183,#1184,#1185,#1186,#1187,#1188,#1189,#1190,
#1191));
#441=EDGE_LOOP('',(#1192,#1193,#1194,#1195,#1196,#1197,#1198,#1199));
#442=EDGE_LOOP('',(#1200,#1201,#1202,#1203,#1204,#1205,#1206,#1207));
#443=EDGE_LOOP('',(#1208,#1209,#1210,#1211));
#444=EDGE_LOOP('',(#1212,#1213,#1214,#1215,#1216));
#445=EDGE_LOOP('',(#1217,#1218,#1219,#1220,#1221,#1222));
#446=EDGE_LOOP('',(#1223,#1224,#1225,#1226,#1227));
#447=EDGE_LOOP('',(#1228,#1229,#1230,#1231,#1232));
#448=EDGE_LOOP('',(#1233,#1234,#1235,#1236,#1237,#1238));
#449=EDGE_LOOP('',(#1239,#1240,#1241,#1242,#1243));
#450=EDGE_LOOP('',(#1244,#1245,#1246,#1247,#1248,#1249));
#451=EDGE_LOOP('',(#1250,#1251,#1252,#1253,#1254));
#452=EDGE_LOOP('',(#1255,#1256,#1257,#1258,#1259));
#453=EDGE_LOOP('',(#1260,#1261,#1262));
#454=EDGE_LOOP('',(#1263,#1264,#1265,#1266));
#455=EDGE_LOOP('',(#1267,#1268,#1269,#1270));
#456=EDGE_LOOP('',(#1271,#1272,#1273,#1274));
#457=EDGE_LOOP('',(#1275,#1276,#1277,#1278));
#458=EDGE_LOOP('',(#1279,#1280,#1281,#1282));
#459=EDGE_LOOP('',(#1283,#1284,#1285));
#460=EDGE_LOOP('',(#1286,#1287,#1288,#1289));
#461=EDGE_LOOP('',(#1290,#1291,#1292,#1293,#1294,#1295,#1296,#1297,#1298,
#1299));
#462=EDGE_LOOP('',(#1300,#1301,#1302,#1303));
#463=EDGE_LOOP('',(#1304,#1305,#1306,#1307,#1308,#1309,#1310,#1311,#1312,
#1313,#1314,#1315));
#464=EDGE_LOOP('',(#1316,#1317,#1318,#1319));
#465=EDGE_LOOP('',(#1320,#1321,#1322,#1323));
#466=EDGE_LOOP('',(#1324,#1325,#1326,#1327,#1328,#1329,#1330));
#467=EDGE_LOOP('',(#1331,#1332,#1333,#1334,#1335,#1336,#1337,#1338,#1339,
#1340,#1341,#1342,#1343,#1344,#1345,#1346,#1347,#1348));
#468=EDGE_LOOP('',(#1349,#1350,#1351,#1352,#1353,#1354,#1355));
#469=EDGE_LOOP('',(#1356,#1357,#1358,#1359));
#470=EDGE_LOOP('',(#1360,#1361,#1362,#1363));
#471=EDGE_LOOP('',(#1364,#1365,#1366,#1367));
#472=EDGE_LOOP('',(#1368,#1369,#1370,#1371,#1372,#1373,#1374));
#473=EDGE_LOOP('',(#1375,#1376,#1377,#1378));
#474=EDGE_LOOP('',(#1379,#1380,#1381,#1382));
#475=EDGE_LOOP('',(#1383,#1384,#1385,#1386,#1387,#1388,#1389));
#476=EDGE_LOOP('',(#1390,#1391,#1392,#1393));
#477=EDGE_LOOP('',(#1394,#1395,#1396,#1397,#1398,#1399,#1400));
#478=EDGE_LOOP('',(#1401,#1402,#1403,#1404));
#479=EDGE_LOOP('',(#1405,#1406,#1407,#1408));
#480=EDGE_LOOP('',(#1409,#1410,#1411,#1412));
#481=EDGE_LOOP('',(#1413,#1414,#1415,#1416));
#482=EDGE_LOOP('',(#1417,#1418,#1419,#1420));
#483=EDGE_LOOP('',(#1421,#1422,#1423,#1424,#1425,#1426));
#484=EDGE_LOOP('',(#1427));
#485=EDGE_LOOP('',(#1428,#1429,#1430,#1431));
#486=EDGE_LOOP('',(#1432,#1433,#1434,#1435));
#487=EDGE_LOOP('',(#1436,#1437));
#488=EDGE_LOOP('',(#1438,#1439,#1440));
#489=EDGE_LOOP('',(#1441,#1442,#1443,#1444));
#490=EDGE_LOOP('',(#1445,#1446,#1447));
#491=EDGE_LOOP('',(#1448,#1449,#1450,#1451));
#492=EDGE_LOOP('',(#1452,#1453,#1454,#1455,#1456,#1457,#1458,#1459));
#493=EDGE_LOOP('',(#1460,#1461,#1462,#1463,#1464,#1465,#1466,#1467));
#494=EDGE_LOOP('',(#1468,#1469,#1470,#1471,#1472,#1473,#1474,#1475));
#495=EDGE_LOOP('',(#1476,#1477,#1478,#1479,#1480,#1481,#1482,#1483,#1484,
#1485,#1486,#1487,#1488,#1489));
#496=EDGE_LOOP('',(#1490));
#497=CIRCLE('',#1616,4.);
#498=CIRCLE('',#1618,4.);
#499=CIRCLE('',#1620,4.35);
#500=CIRCLE('',#1621,4.35);
#501=CIRCLE('',#1623,142.19303398875);
#502=CIRCLE('',#1624,144.42910196625);
#503=CIRCLE('',#1626,144.42910196625);
#504=CIRCLE('',#1627,142.19303398875);
#505=CIRCLE('',#1629,1.5);
#506=CIRCLE('',#1630,1.5);
#507=CIRCLE('',#1632,21.);
#508=CIRCLE('',#1633,11.5);
#509=CIRCLE('',#1634,11.5);
#510=CIRCLE('',#1636,3.);
#511=CIRCLE('',#1637,4.35);
#512=CIRCLE('',#1638,0.5);
#513=CIRCLE('',#1640,139.575);
#514=CIRCLE('',#1642,4.35);
#515=CIRCLE('',#1644,144.42910196625);
#516=CIRCLE('',#1645,11.5);
#517=CIRCLE('',#1646,21.);
#518=CIRCLE('',#1647,11.5);
#519=CIRCLE('',#1649,142.19303398875);
#520=CIRCLE('',#1651,139.575);
#521=CIRCLE('',#1653,139.575);
#522=CIRCLE('',#1661,10.);
#523=CIRCLE('',#1662,3.00000000000002);
#524=CIRCLE('',#1663,7.);
#525=CIRCLE('',#1664,3.00000000000021);
#526=CIRCLE('',#1665,10.);
#527=CIRCLE('',#1667,10.);
#528=CIRCLE('',#1668,696.501960784314);
#529=CIRCLE('',#1669,10.);
#530=CIRCLE('',#1671,3.);
#531=CIRCLE('',#1673,3.);
#532=CIRCLE('',#1676,3.);
#533=CIRCLE('',#1679,3.);
#534=CIRCLE('',#1683,4.85);
#535=CIRCLE('',#1685,3.00000000000001);
#536=CIRCLE('',#1686,3.);
#537=CIRCLE('',#1688,3.);
#538=CIRCLE('',#1691,10.5);
#539=CIRCLE('',#1692,1.);
#540=CIRCLE('',#1693,10.5);
#541=CIRCLE('',#1695,10.5);
#542=CIRCLE('',#1696,10.5);
#543=CIRCLE('',#1698,1.);
#544=CIRCLE('',#1700,20.);
#545=CIRCLE('',#1701,1.);
#546=CIRCLE('',#1702,20.);
#547=CIRCLE('',#1704,20.);
#548=CIRCLE('',#1705,20.);
#549=CIRCLE('',#1707,10.5);
#550=CIRCLE('',#1708,1.);
#551=CIRCLE('',#1709,10.5);
#552=CIRCLE('',#1711,10.5);
#553=CIRCLE('',#1712,10.5);
#554=CIRCLE('',#1714,1.);
#555=CIRCLE('',#1716,1.);
#556=CIRCLE('',#1717,0.5);
#557=CIRCLE('',#1719,0.5);
#558=CIRCLE('',#1721,4.35);
#559=CIRCLE('',#1722,0.5);
#560=CIRCLE('',#1723,0.5);
#561=CIRCLE('',#1725,0.5);
#562=CIRCLE('',#1727,4.85);
#563=CIRCLE('',#1728,0.500000000000005);
#564=CIRCLE('',#1729,4.35);
#565=CIRCLE('',#1732,0.5);
#566=CIRCLE('',#1734,3.);
#567=CIRCLE('',#1736,0.5);
#568=CIRCLE('',#1737,0.499999999999998);
#569=CIRCLE('',#1739,2.5);
#570=CIRCLE('',#1742,0.5);
#571=CIRCLE('',#1743,4.35);
#572=CIRCLE('',#1744,4.35);
#573=CIRCLE('',#1746,7.);
#574=CIRCLE('',#1747,699.501960784314);
#575=CIRCLE('',#1750,2.5);
#576=CIRCLE('',#1751,0.499999999999998);
#577=CIRCLE('',#1755,696.501960784314);
#578=CIRCLE('',#1756,699.501960784314);
#579=CIRCLE('',#1761,3.00000000000003);
#580=CIRCLE('',#1765,4.35);
#581=CIRCLE('',#1767,4.35);
#582=CIRCLE('',#1769,2.75);
#583=CIRCLE('',#1770,1.25);
#584=CIRCLE('',#1772,3.125);
#585=CIRCLE('',#1774,1.25);
#586=CIRCLE('',#1778,4.35);
#587=CIRCLE('',#1781,4.35);
#588=B_SPLINE_CURVE_WITH_KNOTS('',3,(#2253,#2254,#2255,#2256,#2257,#2258,
#2259,#2260),.UNSPECIFIED.,.F.,.F.,(4,2,2,4),(-0.282260259897801,-0.18813770787989,
-0.0961014512980908,-0.00541468028865169),.UNSPECIFIED.);
#589=B_SPLINE_CURVE_WITH_KNOTS('',3,(#2262,#2263,#2264,#2265,#2266,#2267,
#2268,#2269,#2270,#2271,#2272,#2273,#2274,#2275,#2276,#2277,#2278,#2279),
 .UNSPECIFIED.,.F.,.F.,(4,2,2,2,2,2,2,2,4),(-0.601105492910115,-0.565708646226852,
-0.493191556832104,-0.41639949858717,-0.35356669868564,-0.2898871350943,
-0.213896838632646,-0.151245803662198,-0.115800774387647),.UNSPECIFIED.);
#590=B_SPLINE_CURVE_WITH_KNOTS('',3,(#2281,#2282,#2283,#2284,#2285,#2286,
#2287,#2288),.UNSPECIFIED.,.F.,.F.,(4,2,2,4),(-0.277409249451853,-0.214131140553994,
-0.144008591267689,-0.000775465413310093),.UNSPECIFIED.);
#591=B_SPLINE_CURVE_WITH_KNOTS('',3,(#2293,#2294,#2295,#2296,#2297,#2298,
#2299,#2300,#2301,#2302,#2303,#2304,#2305,#2306,#2307,#2308,#2309,#2310),
 .UNSPECIFIED.,.F.,.F.,(4,2,2,2,2,2,2,2,4),(0.688403181685764,0.795714251111986,
0.907127269040538,1.01865992219911,1.13019257535768,1.24172522851625,1.35325788167482,
1.46467089960337,1.57198196902959),.UNSPECIFIED.);
#592=B_SPLINE_CURVE_WITH_KNOTS('',3,(#2320,#2321,#2322,#2323,#2324,#2325,
#2326,#2327,#2328,#2329,#2330,#2331,#2332,#2333,#2334,#2335,#2336,#2337,
#2338),.UNSPECIFIED.,.F.,.F.,(4,2,2,2,3,2,2,2,4),(-0.36265693189018,-0.360301549950061,
-0.242657683972958,-0.121328841986479,0.,0.121328841986479,0.242657683972958,
0.360301549950061,0.362656931890244),.UNSPECIFIED.);
#593=B_SPLINE_CURVE_WITH_KNOTS('',3,(#2348,#2349,#2350,#2351,#2352,#2353,
#2354,#2355),.UNSPECIFIED.,.F.,.F.,(4,2,2,4),(1.09556406516928,1.11175791854394,
1.22305246088052,1.3344799789809),.UNSPECIFIED.);
#594=B_SPLINE_CURVE_WITH_KNOTS('',3,(#2361,#2362,#2363,#2364,#2365,#2366,
#2367,#2368),.UNSPECIFIED.,.F.,.F.,(4,2,2,4),(0.469745994983147,0.598141893109132,
0.719881594345452,0.730409569244313),.UNSPECIFIED.);
#595=B_SPLINE_CURVE_WITH_KNOTS('',3,(#2398,#2399,#2400,#2401,#2402,#2403,
#2404,#2405,#2406,#2407,#2408,#2409,#2410,#2411,#2412,#2413),
 .UNSPECIFIED.,.F.,.F.,(4,2,2,2,2,2,2,4),(0.102958269475124,0.111054128494657,
0.16670183489593,0.22242205964631,0.278143714328956,0.333794727917924,0.389358445279367,
0.444849201497773),.UNSPECIFIED.);
#596=B_SPLINE_CURVE_WITH_KNOTS('',3,(#2415,#2416,#2417,#2418,#2419,#2420,
#2421,#2422),.UNSPECIFIED.,.F.,.F.,(4,2,2,4),(0.444814031264452,0.556241549364824,
0.667536091701405,0.683729950174855),.UNSPECIFIED.);
#597=B_SPLINE_CURVE_WITH_KNOTS('',3,(#2459,#2460,#2461,#2462,#2463,#2464,
#2465,#2466),.UNSPECIFIED.,.F.,.F.,(4,2,2,4),(1.15080216045411,1.16133013535267,
1.28306983658899,1.41146573471497),.UNSPECIFIED.);
#598=B_SPLINE_CURVE_WITH_KNOTS('',3,(#2471,#2472,#2473,#2474,#2475,#2476,
#2477,#2478,#2479,#2480),.UNSPECIFIED.,.F.,.F.,(4,2,2,2,4),(0.471802349620135,
0.525271467677897,0.582115996894411,0.643195298805127,0.707855862207608),
 .UNSPECIFIED.);
#599=B_SPLINE_CURVE_WITH_KNOTS('',3,(#2481,#2482,#2483,#2484,#2485,#2486,
#2487,#2488),.UNSPECIFIED.,.F.,.F.,(4,2,2,4),(0.707855862207609,0.772430667075843,
0.833316799309914,0.838522098555537),.UNSPECIFIED.);
#600=B_SPLINE_CURVE_WITH_KNOTS('',3,(#2500,#2501,#2502,#2503),
 .UNSPECIFIED.,.F.,.F.,(4,4),(-0.102336293557117,0.),.UNSPECIFIED.);
#601=B_SPLINE_CURVE_WITH_KNOTS('',3,(#2515,#2516,#2517,#2518),
 .UNSPECIFIED.,.F.,.F.,(4,4),(0.,0.102336293557117),.UNSPECIFIED.);
#602=B_SPLINE_CURVE_WITH_KNOTS('',3,(#2543,#2544,#2545,#2546,#2547,#2548,
#2549,#2550,#2551,#2552),.UNSPECIFIED.,.F.,.F.,(4,2,2,2,4),(0.0282381330762019,
0.142560610631477,0.184558236895992,0.211589715483046,0.233198404862757),
 .UNSPECIFIED.);
#603=B_SPLINE_CURVE_WITH_KNOTS('',3,(#2553,#2554,#2555,#2556,#2557,#2558,
#2559,#2560,#2561,#2562),.UNSPECIFIED.,.F.,.F.,(4,2,2,2,4),(0.699595214588273,
0.721203903967985,0.748235382555039,0.790233008819552,0.904555486374829),
 .UNSPECIFIED.);
#604=B_SPLINE_CURVE_WITH_KNOTS('',3,(#2643,#2644,#2645,#2646),
 .UNSPECIFIED.,.F.,.F.,(4,4),(0.663827803192623,0.735102074917841),
 .UNSPECIFIED.);
#605=B_SPLINE_CURVE_WITH_KNOTS('',3,(#2664,#2665,#2666,#2667,#2668,#2669,
#2670,#2671,#2672,#2673),.UNSPECIFIED.,.F.,.F.,(4,2,2,2,4),(0.,0.0236605127437521,
0.0524945809111518,0.0879328378193341,0.0883481555861809),.UNSPECIFIED.);
#606=B_SPLINE_CURVE_WITH_KNOTS('',3,(#2678,#2679,#2680,#2681,#2682,#2683,
#2684,#2685,#2686,#2687),.UNSPECIFIED.,.F.,.F.,(4,2,2,2,4),(-0.000421577133270735,
0.,0.0307267892390191,0.0599091575655941,0.0890291168830154),
 .UNSPECIFIED.);
#607=B_SPLINE_CURVE_WITH_KNOTS('',3,(#2781,#2782,#2783,#2784,#2785,#2786,
#2787,#2788),.UNSPECIFIED.,.F.,.F.,(4,1,1,2,4),(-0.312793246477452,-0.187675947886471,
-0.125117298590981,0.,0.000877496133009985),.UNSPECIFIED.);
#608=B_SPLINE_CURVE_WITH_KNOTS('',3,(#2789,#2790,#2791,#2792,#2793,#2794,
#2795,#2796),.UNSPECIFIED.,.F.,.F.,(4,2,1,1,4),(-0.000877496133009985,0.,
0.125117298590981,0.187675947886471,0.312793246477452),.UNSPECIFIED.);
#609=B_SPLINE_CURVE_WITH_KNOTS('',3,(#2827,#2828,#2829,#2830,#2831,#2832,
#2833,#2834,#2835,#2836,#2837,#2838,#2839,#2840,#2841,#2842,#2843,#2844,
#2845,#2846,#2847,#2848,#2849,#2850,#2851,#2852,#2853,#2854),
 .UNSPECIFIED.,.F.,.F.,(4,3,3,3,3,3,3,3,3,4),(-0.826119483736521,-0.789439617081805,
-0.767847376336083,-0.756530226867814,-0.750426777717552,-0.729072865066523,
-0.708741384168742,-0.689402677978183,-0.670602639070316,-0.663827803192623),
 .UNSPECIFIED.);
#610=B_SPLINE_CURVE_WITH_KNOTS('',3,(#2892,#2893,#2894,#2895,#2896,#2897),
 .UNSPECIFIED.,.F.,.F.,(4,1,1,4),(-0.215049812085956,-0.145496234709221,
-0.0991271831247312,-0.0527581315402412),.UNSPECIFIED.);
#611=B_SPLINE_CURVE_WITH_KNOTS('',3,(#2898,#2899,#2900,#2901,#2902),
 .UNSPECIFIED.,.F.,.F.,(4,1,4),(0.143689717209632,0.145496234709221,0.215049812085956),
 .UNSPECIFIED.);
#612=B_SPLINE_CURVE_WITH_KNOTS('',3,(#2942,#2943,#2944,#2945,#2946,#2947,
#2948,#2949),.UNSPECIFIED.,.F.,.F.,(4,1,1,2,4),(0.,0.0625586492954478,0.125117298590896,
0.312793246477239,0.313670742610437),.UNSPECIFIED.);
#613=B_SPLINE_CURVE_WITH_KNOTS('',3,(#2950,#2951,#2952,#2953,#2954,#2955,
#2956,#2957),.UNSPECIFIED.,.F.,.F.,(4,2,1,1,4),(-0.313670742610437,-0.312793246477239,
-0.125117298590896,-0.0625586492954478,0.),.UNSPECIFIED.);
#614=B_SPLINE_CURVE_WITH_KNOTS('',3,(#2976,#2977,#2978,#2979,#2980,#2981,
#2982,#2983),.UNSPECIFIED.,.F.,.F.,(4,2,2,4),(0.667276343349237,0.722996568099616,
0.778644274500888,0.786740138634529),.UNSPECIFIED.);
#615=B_SPLINE_CURVE_WITH_KNOTS('',3,(#2984,#2985,#2986,#2987,#2988,#2989,
#2990,#2991,#2992,#2993),.UNSPECIFIED.,.F.,.F.,(4,2,2,2,4),(0.444849201497772,
0.500339957716177,0.555903675077621,0.611554688666588,0.667276343349234),
 .UNSPECIFIED.);
#616=B_SPLINE_CURVE_WITH_KNOTS('',3,(#3023,#3024,#3025,#3026,#3027,#3028,
#3029,#3030,#3031,#3032),.UNSPECIFIED.,.F.,.F.,(4,2,2,2,4),(0.235748837032659,
0.300409400435142,0.36148870234586,0.41833323156237,0.471802349620134),
 .UNSPECIFIED.);
#617=B_SPLINE_CURVE_WITH_KNOTS('',3,(#3033,#3034,#3035,#3036,#3037,#3038,
#3039,#3040),.UNSPECIFIED.,.F.,.F.,(4,2,2,4),(1.048687299925,1.05389259917063,
1.1147787314047,1.17935353627293),.UNSPECIFIED.);
#618=B_SPLINE_CURVE_WITH_KNOTS('',3,(#3066,#3067,#3068,#3069,#3070,#3071,
#3072,#3073,#3074,#3075),.UNSPECIFIED.,.F.,.F.,(4,2,2,2,4),(0.44663559411016,
0.559264275933264,0.671292826115641,0.782592287500516,0.893288667251289),
 .UNSPECIFIED.);
#619=B_SPLINE_CURVE_WITH_KNOTS('',3,(#3091,#3092,#3093,#3094,#3095,#3096,
#3097,#3098,#3099,#3100),.UNSPECIFIED.,.F.,.F.,(4,2,2,2,4),(-0.893288667251287,
-0.782592287500514,-0.671292826115639,-0.559264275933263,-0.446635594110158),
 .UNSPECIFIED.);
#620=VERTEX_POINT('',#2251);
#621=VERTEX_POINT('',#2252);
#622=VERTEX_POINT('',#2261);
#623=VERTEX_POINT('',#2280);
#624=VERTEX_POINT('',#2291);
#625=VERTEX_POINT('',#2292);
#626=VERTEX_POINT('',#2313);
#627=VERTEX_POINT('',#2315);
#628=VERTEX_POINT('',#2317);
#629=VERTEX_POINT('',#2319);
#630=VERTEX_POINT('',#2339);
#631=VERTEX_POINT('',#2341);
#632=VERTEX_POINT('',#2345);
#633=VERTEX_POINT('',#2347);
#634=VERTEX_POINT('',#2358);
#635=VERTEX_POINT('',#2360);
#636=VERTEX_POINT('',#2371);
#637=VERTEX_POINT('',#2373);
#638=VERTEX_POINT('',#2378);
#639=VERTEX_POINT('',#2381);
#640=VERTEX_POINT('',#2383);
#641=VERTEX_POINT('',#2385);
#642=VERTEX_POINT('',#2388);
#643=VERTEX_POINT('',#2389);
#644=VERTEX_POINT('',#2391);
#645=VERTEX_POINT('',#2393);
#646=VERTEX_POINT('',#2395);
#647=VERTEX_POINT('',#2397);
#648=VERTEX_POINT('',#2414);
#649=VERTEX_POINT('',#2423);
#650=VERTEX_POINT('',#2425);
#651=VERTEX_POINT('',#2427);
#652=VERTEX_POINT('',#2429);
#653=VERTEX_POINT('',#2433);
#654=VERTEX_POINT('',#2435);
#655=VERTEX_POINT('',#2439);
#656=VERTEX_POINT('',#2441);
#657=VERTEX_POINT('',#2445);
#658=VERTEX_POINT('',#2447);
#659=VERTEX_POINT('',#2450);
#660=VERTEX_POINT('',#2452);
#661=VERTEX_POINT('',#2454);
#662=VERTEX_POINT('',#2457);
#663=VERTEX_POINT('',#2468);
#664=VERTEX_POINT('',#2470);
#665=VERTEX_POINT('',#2490);
#666=VERTEX_POINT('',#2492);
#667=VERTEX_POINT('',#2496);
#668=VERTEX_POINT('',#2497);
#669=VERTEX_POINT('',#2499);
#670=VERTEX_POINT('',#2504);
#671=VERTEX_POINT('',#2506);
#672=VERTEX_POINT('',#2508);
#673=VERTEX_POINT('',#2510);
#674=VERTEX_POINT('',#2512);
#675=VERTEX_POINT('',#2514);
#676=VERTEX_POINT('',#2519);
#677=VERTEX_POINT('',#2523);
#678=VERTEX_POINT('',#2524);
#679=VERTEX_POINT('',#2526);
#680=VERTEX_POINT('',#2528);
#681=VERTEX_POINT('',#2539);
#682=VERTEX_POINT('',#2541);
#683=VERTEX_POINT('',#2564);
#684=VERTEX_POINT('',#2566);
#685=VERTEX_POINT('',#2568);
#686=VERTEX_POINT('',#2570);
#687=VERTEX_POINT('',#2574);
#688=VERTEX_POINT('',#2576);
#689=VERTEX_POINT('',#2578);
#690=VERTEX_POINT('',#2580);
#691=VERTEX_POINT('',#2582);
#692=VERTEX_POINT('',#2586);
#693=VERTEX_POINT('',#2587);
#694=VERTEX_POINT('',#2589);
#695=VERTEX_POINT('',#2591);
#696=VERTEX_POINT('',#2593);
#697=VERTEX_POINT('',#2597);
#698=VERTEX_POINT('',#2598);
#699=VERTEX_POINT('',#2600);
#700=VERTEX_POINT('',#2602);
#701=VERTEX_POINT('',#2604);
#702=VERTEX_POINT('',#2608);
#703=VERTEX_POINT('',#2610);
#704=VERTEX_POINT('',#2614);
#705=VERTEX_POINT('',#2615);
#706=VERTEX_POINT('',#2617);
#707=VERTEX_POINT('',#2624);
#708=VERTEX_POINT('',#2625);
#709=VERTEX_POINT('',#2627);
#710=VERTEX_POINT('',#2629);
#711=VERTEX_POINT('',#2631);
#712=VERTEX_POINT('',#2640);
#713=VERTEX_POINT('',#2642);
#714=VERTEX_POINT('',#2647);
#715=VERTEX_POINT('',#2649);
#716=VERTEX_POINT('',#2651);
#717=VERTEX_POINT('',#2653);
#718=VERTEX_POINT('',#2658);
#719=VERTEX_POINT('',#2660);
#720=VERTEX_POINT('',#2662);
#721=VERTEX_POINT('',#2675);
#722=VERTEX_POINT('',#2677);
#723=VERTEX_POINT('',#2688);
#724=VERTEX_POINT('',#2691);
#725=VERTEX_POINT('',#2698);
#726=VERTEX_POINT('',#2699);
#727=VERTEX_POINT('',#2704);
#728=VERTEX_POINT('',#2706);
#729=VERTEX_POINT('',#2712);
#730=VERTEX_POINT('',#2713);
#731=VERTEX_POINT('',#2718);
#732=VERTEX_POINT('',#2719);
#733=VERTEX_POINT('',#2724);
#734=VERTEX_POINT('',#2725);
#735=VERTEX_POINT('',#2730);
#736=VERTEX_POINT('',#2731);
#737=VERTEX_POINT('',#2779);
#738=VERTEX_POINT('',#2780);
#739=VERTEX_POINT('',#2799);
#740=VERTEX_POINT('',#2856);
#741=VERTEX_POINT('',#2889);
#742=VERTEX_POINT('',#2890);
#743=VERTEX_POINT('',#2904);
#744=VERTEX_POINT('',#2905);
#745=VERTEX_POINT('',#2941);
#746=VERTEX_POINT('',#2959);
#747=VERTEX_POINT('',#2961);
#748=VERTEX_POINT('',#2967);
#749=VERTEX_POINT('',#2971);
#750=VERTEX_POINT('',#2975);
#751=VERTEX_POINT('',#2995);
#752=VERTEX_POINT('',#2996);
#753=VERTEX_POINT('',#2998);
#754=VERTEX_POINT('',#3005);
#755=VERTEX_POINT('',#3007);
#756=VERTEX_POINT('',#3011);
#757=VERTEX_POINT('',#3013);
#758=VERTEX_POINT('',#3015);
#759=VERTEX_POINT('',#3017);
#760=VERTEX_POINT('',#3019);
#761=VERTEX_POINT('',#3022);
#762=VERTEX_POINT('',#3043);
#763=VERTEX_POINT('',#3045);
#764=VERTEX_POINT('',#3047);
#765=VERTEX_POINT('',#3053);
#766=VERTEX_POINT('',#3060);
#767=VERTEX_POINT('',#3064);
#768=VERTEX_POINT('',#3065);
#769=VERTEX_POINT('',#3079);
#770=VERTEX_POINT('',#3081);
#771=VERTEX_POINT('',#3110);
#772=VERTEX_POINT('',#3112);
#773=VERTEX_POINT('',#3118);
#774=EDGE_CURVE('',#620,#621,#588,.T.);
#775=EDGE_CURVE('',#622,#620,#589,.T.);
#776=EDGE_CURVE('',#623,#622,#590,.T.);
#777=EDGE_CURVE('',#621,#623,#497,.T.);
#778=EDGE_CURVE('',#624,#625,#591,.T.);
#779=EDGE_CURVE('',#625,#624,#498,.T.);
#780=EDGE_CURVE('',#625,#626,#85,.T.);
#781=EDGE_CURVE('',#626,#627,#499,.T.);
#782=EDGE_CURVE('',#627,#628,#86,.T.);
#783=EDGE_CURVE('',#628,#629,#592,.T.);
#784=EDGE_CURVE('',#629,#630,#87,.T.);
#785=EDGE_CURVE('',#630,#631,#500,.F.);
#786=EDGE_CURVE('',#631,#624,#88,.T.);
#787=EDGE_CURVE('',#622,#632,#501,.T.);
#788=EDGE_CURVE('',#632,#633,#593,.T.);
#789=EDGE_CURVE('',#633,#623,#502,.T.);
#790=EDGE_CURVE('',#621,#634,#503,.T.);
#791=EDGE_CURVE('',#634,#635,#594,.T.);
#792=EDGE_CURVE('',#635,#620,#504,.T.);
#793=EDGE_CURVE('',#636,#636,#505,.T.);
#794=EDGE_CURVE('',#636,#637,#89,.T.);
#795=EDGE_CURVE('',#637,#637,#506,.T.);
#796=EDGE_CURVE('',#626,#633,#90,.T.);
#797=EDGE_CURVE('',#638,#631,#91,.T.);
#798=EDGE_CURVE('',#634,#638,#92,.T.);
#799=EDGE_CURVE('',#639,#639,#507,.T.);
#800=EDGE_CURVE('',#640,#640,#508,.T.);
#801=EDGE_CURVE('',#641,#641,#509,.T.);
#802=EDGE_CURVE('',#642,#643,#510,.T.);
#803=EDGE_CURVE('',#644,#642,#93,.T.);
#804=EDGE_CURVE('',#644,#645,#94,.T.);
#805=EDGE_CURVE('',#646,#645,#95,.T.);
#806=EDGE_CURVE('',#647,#646,#595,.T.);
#807=EDGE_CURVE('',#648,#647,#596,.T.);
#808=EDGE_CURVE('',#649,#648,#96,.T.);
#809=EDGE_CURVE('',#650,#649,#511,.T.);
#810=EDGE_CURVE('',#651,#650,#97,.T.);
#811=EDGE_CURVE('',#652,#651,#512,.T.);
#812=EDGE_CURVE('',#643,#652,#98,.T.);
#813=EDGE_CURVE('',#645,#653,#513,.T.);
#814=EDGE_CURVE('',#654,#644,#99,.T.);
#815=EDGE_CURVE('',#653,#654,#100,.T.);
#816=EDGE_CURVE('',#649,#655,#101,.T.);
#817=EDGE_CURVE('',#655,#656,#514,.F.);
#818=EDGE_CURVE('',#656,#650,#102,.T.);
#819=EDGE_CURVE('',#657,#648,#515,.T.);
#820=EDGE_CURVE('',#658,#657,#103,.T.);
#821=EDGE_CURVE('',#655,#658,#104,.T.);
#822=EDGE_CURVE('',#659,#659,#516,.T.);
#823=EDGE_CURVE('',#660,#660,#517,.T.);
#824=EDGE_CURVE('',#661,#661,#518,.T.);
#825=EDGE_CURVE('',#647,#662,#519,.T.);
#826=EDGE_CURVE('',#662,#657,#597,.T.);
#827=EDGE_CURVE('',#646,#663,#520,.T.);
#828=EDGE_CURVE('',#663,#664,#598,.T.);
#829=EDGE_CURVE('',#664,#662,#599,.T.);
#830=EDGE_CURVE('',#665,#653,#105,.T.);
#831=EDGE_CURVE('',#666,#665,#521,.T.);
#832=EDGE_CURVE('',#663,#666,#106,.T.);
#833=EDGE_CURVE('',#667,#668,#107,.T.);
#834=EDGE_CURVE('',#669,#667,#600,.T.);
#835=EDGE_CURVE('',#670,#669,#108,.T.);
#836=EDGE_CURVE('',#671,#670,#109,.T.);
#837=EDGE_CURVE('',#671,#672,#110,.T.);
#838=EDGE_CURVE('',#672,#673,#111,.T.);
#839=EDGE_CURVE('',#674,#673,#112,.T.);
#840=EDGE_CURVE('',#675,#674,#601,.T.);
#841=EDGE_CURVE('',#676,#675,#113,.T.);
#842=EDGE_CURVE('',#668,#676,#114,.T.);
#843=EDGE_CURVE('',#677,#678,#115,.T.);
#844=EDGE_CURVE('',#678,#679,#116,.T.);
#845=EDGE_CURVE('',#680,#679,#117,.T.);
#846=EDGE_CURVE('',#677,#680,#118,.T.);
#847=EDGE_CURVE('',#672,#677,#119,.T.);
#848=EDGE_CURVE('',#673,#680,#120,.T.);
#849=EDGE_CURVE('',#678,#671,#121,.T.);
#850=EDGE_CURVE('',#679,#670,#122,.T.);
#851=EDGE_CURVE('',#668,#681,#123,.T.);
#852=EDGE_CURVE('',#682,#676,#124,.T.);
#853=EDGE_CURVE('',#674,#682,#602,.T.);
#854=EDGE_CURVE('',#681,#669,#603,.T.);
#855=EDGE_CURVE('',#667,#683,#522,.T.);
#856=EDGE_CURVE('',#683,#684,#523,.T.);
#857=EDGE_CURVE('',#684,#685,#524,.T.);
#858=EDGE_CURVE('',#686,#685,#525,.T.);
#859=EDGE_CURVE('',#686,#681,#526,.T.);
#860=EDGE_CURVE('',#687,#675,#527,.T.);
#861=EDGE_CURVE('',#688,#687,#125,.T.);
#862=EDGE_CURVE('',#689,#688,#126,.T.);
#863=EDGE_CURVE('',#689,#690,#127,.T.);
#864=EDGE_CURVE('',#690,#691,#528,.T.);
#865=EDGE_CURVE('',#682,#691,#529,.T.);
#866=EDGE_CURVE('',#692,#693,#530,.T.);
#867=EDGE_CURVE('',#694,#692,#128,.T.);
#868=EDGE_CURVE('',#695,#694,#129,.T.);
#869=EDGE_CURVE('',#696,#695,#130,.T.);
#870=EDGE_CURVE('',#696,#693,#131,.T.);
#871=EDGE_CURVE('',#697,#698,#132,.T.);
#872=EDGE_CURVE('',#699,#697,#531,.T.);
#873=EDGE_CURVE('',#699,#700,#133,.T.);
#874=EDGE_CURVE('',#700,#701,#134,.T.);
#875=EDGE_CURVE('',#698,#701,#135,.T.);
#876=EDGE_CURVE('',#702,#694,#136,.T.);
#877=EDGE_CURVE('',#702,#703,#137,.T.);
#878=EDGE_CURVE('',#703,#695,#138,.T.);
#879=EDGE_CURVE('',#704,#705,#532,.T.);
#880=EDGE_CURVE('',#704,#706,#139,.T.);
#881=EDGE_CURVE('',#706,#703,#140,.T.);
#882=EDGE_CURVE('',#705,#702,#141,.T.);
#883=EDGE_CURVE('',#706,#696,#142,.T.);
#884=EDGE_CURVE('',#707,#708,#143,.T.);
#885=EDGE_CURVE('',#709,#707,#144,.T.);
#886=EDGE_CURVE('',#710,#709,#145,.T.);
#887=EDGE_CURVE('',#710,#711,#146,.T.);
#888=EDGE_CURVE('',#708,#711,#533,.T.);
#889=EDGE_CURVE('',#700,#710,#147,.T.);
#890=EDGE_CURVE('',#701,#709,#148,.T.);
#891=EDGE_CURVE('',#698,#707,#149,.T.);
#892=EDGE_CURVE('',#712,#708,#150,.T.);
#893=EDGE_CURVE('',#713,#712,#604,.T.);
#894=EDGE_CURVE('',#714,#713,#151,.T.);
#895=EDGE_CURVE('',#715,#714,#534,.T.);
#896=EDGE_CURVE('',#716,#715,#152,.T.);
#897=EDGE_CURVE('',#717,#716,#153,.T.);
#898=EDGE_CURVE('',#697,#717,#154,.T.);
#899=EDGE_CURVE('',#711,#688,#155,.T.);
#900=EDGE_CURVE('',#687,#718,#535,.T.);
#901=EDGE_CURVE('',#718,#719,#156,.T.);
#902=EDGE_CURVE('',#720,#719,#536,.T.);
#903=EDGE_CURVE('',#712,#720,#605,.T.);
#904=EDGE_CURVE('',#705,#721,#157,.T.);
#905=EDGE_CURVE('',#722,#721,#606,.T.);
#906=EDGE_CURVE('',#723,#722,#537,.T.);
#907=EDGE_CURVE('',#723,#684,#158,.T.);
#908=EDGE_CURVE('',#683,#724,#159,.T.);
#909=EDGE_CURVE('',#724,#704,#160,.T.);
#910=EDGE_CURVE('',#643,#692,#161,.T.);
#911=EDGE_CURVE('',#693,#642,#162,.T.);
#912=EDGE_CURVE('',#725,#726,#538,.T.);
#913=EDGE_CURVE('',#726,#661,#539,.T.);
#914=EDGE_CURVE('',#726,#725,#540,.T.);
#915=EDGE_CURVE('',#725,#727,#163,.T.);
#916=EDGE_CURVE('',#728,#727,#541,.T.);
#917=EDGE_CURVE('',#727,#728,#542,.T.);
#918=EDGE_CURVE('',#728,#641,#543,.T.);
#919=EDGE_CURVE('',#729,#730,#544,.T.);
#920=EDGE_CURVE('',#730,#639,#545,.T.);
#921=EDGE_CURVE('',#730,#729,#546,.T.);
#922=EDGE_CURVE('',#731,#732,#547,.T.);
#923=EDGE_CURVE('',#731,#729,#164,.T.);
#924=EDGE_CURVE('',#732,#731,#548,.T.);
#925=EDGE_CURVE('',#733,#734,#549,.T.);
#926=EDGE_CURVE('',#734,#640,#550,.T.);
#927=EDGE_CURVE('',#734,#733,#551,.T.);
#928=EDGE_CURVE('',#735,#736,#552,.T.);
#929=EDGE_CURVE('',#735,#733,#165,.T.);
#930=EDGE_CURVE('',#736,#735,#553,.T.);
#931=EDGE_CURVE('',#736,#659,#554,.T.);
#932=EDGE_CURVE('',#732,#660,#555,.T.);
#933=EDGE_CURVE('',#737,#738,#607,.T.);
#934=EDGE_CURVE('',#738,#714,#608,.T.);
#935=EDGE_CURVE('',#714,#737,#556,.T.);
#936=EDGE_CURVE('',#713,#739,#557,.T.);
#937=EDGE_CURVE('',#739,#737,#166,.T.);
#938=EDGE_CURVE('',#720,#739,#609,.T.);
#939=EDGE_CURVE('',#738,#740,#558,.T.);
#940=EDGE_CURVE('',#715,#740,#559,.T.);
#941=EDGE_CURVE('',#741,#742,#560,.T.);
#942=EDGE_CURVE('',#742,#722,#610,.T.);
#943=EDGE_CURVE('',#721,#741,#611,.T.);
#944=EDGE_CURVE('',#743,#744,#561,.T.);
#945=EDGE_CURVE('',#744,#742,#167,.T.);
#946=EDGE_CURVE('',#741,#743,#168,.T.);
#947=EDGE_CURVE('',#743,#745,#612,.T.);
#948=EDGE_CURVE('',#745,#744,#613,.T.);
#949=EDGE_CURVE('',#743,#746,#562,.T.);
#950=EDGE_CURVE('',#746,#747,#563,.T.);
#951=EDGE_CURVE('',#747,#745,#564,.T.);
#952=EDGE_CURVE('',#746,#652,#169,.T.);
#953=EDGE_CURVE('',#748,#716,#565,.T.);
#954=EDGE_CURVE('',#740,#748,#170,.T.);
#955=EDGE_CURVE('',#749,#654,#171,.T.);
#956=EDGE_CURVE('',#717,#749,#566,.T.);
#957=EDGE_CURVE('',#748,#627,#172,.T.);
#958=EDGE_CURVE('',#750,#632,#614,.T.);
#959=EDGE_CURVE('',#665,#750,#615,.T.);
#960=EDGE_CURVE('',#751,#752,#567,.T.);
#961=EDGE_CURVE('',#752,#753,#173,.T.);
#962=EDGE_CURVE('',#753,#719,#568,.T.);
#963=EDGE_CURVE('',#719,#751,#174,.T.);
#964=EDGE_CURVE('',#753,#739,#569,.T.);
#965=EDGE_CURVE('',#754,#752,#175,.T.);
#966=EDGE_CURVE('',#755,#754,#176,.T.);
#967=EDGE_CURVE('',#738,#755,#177,.T.);
#968=EDGE_CURVE('',#756,#751,#178,.T.);
#969=EDGE_CURVE('',#756,#757,#179,.T.);
#970=EDGE_CURVE('',#758,#757,#180,.T.);
#971=EDGE_CURVE('',#759,#758,#570,.T.);
#972=EDGE_CURVE('',#759,#760,#181,.T.);
#973=EDGE_CURVE('',#658,#760,#571,.T.);
#974=EDGE_CURVE('',#761,#666,#616,.T.);
#975=EDGE_CURVE('',#635,#761,#617,.T.);
#976=EDGE_CURVE('',#754,#638,#572,.T.);
#977=EDGE_CURVE('',#762,#718,#573,.T.);
#978=EDGE_CURVE('',#763,#762,#574,.T.);
#979=EDGE_CURVE('',#763,#764,#182,.T.);
#980=EDGE_CURVE('',#764,#756,#183,.T.);
#981=EDGE_CURVE('',#651,#747,#184,.T.);
#982=EDGE_CURVE('',#742,#765,#575,.T.);
#983=EDGE_CURVE('',#765,#723,#576,.T.);
#984=EDGE_CURVE('',#758,#723,#185,.T.);
#985=EDGE_CURVE('',#765,#759,#186,.T.);
#986=EDGE_CURVE('',#766,#745,#187,.T.);
#987=EDGE_CURVE('',#760,#766,#188,.T.);
#988=EDGE_CURVE('',#767,#768,#618,.T.);
#989=EDGE_CURVE('',#686,#768,#577,.T.);
#990=EDGE_CURVE('',#685,#767,#578,.T.);
#991=EDGE_CURVE('',#769,#767,#189,.T.);
#992=EDGE_CURVE('',#769,#770,#190,.T.);
#993=EDGE_CURVE('',#768,#770,#191,.T.);
#994=EDGE_CURVE('',#757,#769,#192,.T.);
#995=EDGE_CURVE('',#749,#699,#193,.T.);
#996=EDGE_CURVE('',#691,#762,#579,.T.);
#997=EDGE_CURVE('',#690,#763,#619,.T.);
#998=EDGE_CURVE('',#764,#689,#194,.T.);
#999=EDGE_CURVE('',#747,#656,#195,.T.);
#1000=EDGE_CURVE('',#656,#766,#580,.F.);
#1001=EDGE_CURVE('',#755,#630,#581,.F.);
#1002=EDGE_CURVE('',#630,#740,#196,.T.);
#1003=EDGE_CURVE('',#771,#771,#582,.T.);
#1004=EDGE_CURVE('',#771,#772,#197,.T.);
#1005=EDGE_CURVE('',#772,#772,#583,.T.);
#1006=EDGE_CURVE('',#629,#628,#584,.T.);
#1007=EDGE_CURVE('',#773,#773,#585,.T.);
#1008=EDGE_CURVE('',#773,#772,#198,.T.);
#1009=EDGE_CURVE('',#631,#755,#586,.F.);
#1010=EDGE_CURVE('',#766,#655,#587,.F.);
#1011=EDGE_CURVE('',#770,#724,#199,.T.);
#1012=EDGE_CURVE('',#724,#688,#200,.T.);
#1013=ORIENTED_EDGE('',*,*,#774,.F.);
#1014=ORIENTED_EDGE('',*,*,#775,.F.);
#1015=ORIENTED_EDGE('',*,*,#776,.F.);
#1016=ORIENTED_EDGE('',*,*,#777,.F.);
#1017=ORIENTED_EDGE('',*,*,#778,.F.);
#1018=ORIENTED_EDGE('',*,*,#779,.F.);
#1019=ORIENTED_EDGE('',*,*,#778,.T.);
#1020=ORIENTED_EDGE('',*,*,#780,.T.);
#1021=ORIENTED_EDGE('',*,*,#781,.T.);
#1022=ORIENTED_EDGE('',*,*,#782,.T.);
#1023=ORIENTED_EDGE('',*,*,#783,.T.);
#1024=ORIENTED_EDGE('',*,*,#784,.T.);
#1025=ORIENTED_EDGE('',*,*,#785,.T.);
#1026=ORIENTED_EDGE('',*,*,#786,.T.);
#1027=ORIENTED_EDGE('',*,*,#776,.T.);
#1028=ORIENTED_EDGE('',*,*,#787,.T.);
#1029=ORIENTED_EDGE('',*,*,#788,.T.);
#1030=ORIENTED_EDGE('',*,*,#789,.T.);
#1031=ORIENTED_EDGE('',*,*,#774,.T.);
#1032=ORIENTED_EDGE('',*,*,#790,.T.);
#1033=ORIENTED_EDGE('',*,*,#791,.T.);
#1034=ORIENTED_EDGE('',*,*,#792,.T.);
#1035=ORIENTED_EDGE('',*,*,#793,.F.);
#1036=ORIENTED_EDGE('',*,*,#794,.T.);
#1037=ORIENTED_EDGE('',*,*,#795,.F.);
#1038=ORIENTED_EDGE('',*,*,#794,.F.);
#1039=ORIENTED_EDGE('',*,*,#789,.F.);
#1040=ORIENTED_EDGE('',*,*,#796,.F.);
#1041=ORIENTED_EDGE('',*,*,#780,.F.);
#1042=ORIENTED_EDGE('',*,*,#779,.T.);
#1043=ORIENTED_EDGE('',*,*,#786,.F.);
#1044=ORIENTED_EDGE('',*,*,#797,.F.);
#1045=ORIENTED_EDGE('',*,*,#798,.F.);
#1046=ORIENTED_EDGE('',*,*,#790,.F.);
#1047=ORIENTED_EDGE('',*,*,#777,.T.);
#1048=ORIENTED_EDGE('',*,*,#795,.T.);
#1049=ORIENTED_EDGE('',*,*,#799,.F.);
#1050=ORIENTED_EDGE('',*,*,#800,.F.);
#1051=ORIENTED_EDGE('',*,*,#801,.F.);
#1052=ORIENTED_EDGE('',*,*,#802,.F.);
#1053=ORIENTED_EDGE('',*,*,#803,.F.);
#1054=ORIENTED_EDGE('',*,*,#804,.T.);
#1055=ORIENTED_EDGE('',*,*,#805,.F.);
#1056=ORIENTED_EDGE('',*,*,#806,.F.);
#1057=ORIENTED_EDGE('',*,*,#807,.F.);
#1058=ORIENTED_EDGE('',*,*,#808,.F.);
#1059=ORIENTED_EDGE('',*,*,#809,.F.);
#1060=ORIENTED_EDGE('',*,*,#810,.F.);
#1061=ORIENTED_EDGE('',*,*,#811,.F.);
#1062=ORIENTED_EDGE('',*,*,#812,.F.);
#1063=ORIENTED_EDGE('',*,*,#813,.F.);
#1064=ORIENTED_EDGE('',*,*,#804,.F.);
#1065=ORIENTED_EDGE('',*,*,#814,.F.);
#1066=ORIENTED_EDGE('',*,*,#815,.F.);
#1067=ORIENTED_EDGE('',*,*,#793,.T.);
#1068=ORIENTED_EDGE('',*,*,#809,.T.);
#1069=ORIENTED_EDGE('',*,*,#816,.T.);
#1070=ORIENTED_EDGE('',*,*,#817,.T.);
#1071=ORIENTED_EDGE('',*,*,#818,.T.);
#1072=ORIENTED_EDGE('',*,*,#808,.T.);
#1073=ORIENTED_EDGE('',*,*,#819,.F.);
#1074=ORIENTED_EDGE('',*,*,#820,.F.);
#1075=ORIENTED_EDGE('',*,*,#821,.F.);
#1076=ORIENTED_EDGE('',*,*,#816,.F.);
#1077=ORIENTED_EDGE('',*,*,#822,.F.);
#1078=ORIENTED_EDGE('',*,*,#823,.F.);
#1079=ORIENTED_EDGE('',*,*,#824,.F.);
#1080=ORIENTED_EDGE('',*,*,#807,.T.);
#1081=ORIENTED_EDGE('',*,*,#825,.T.);
#1082=ORIENTED_EDGE('',*,*,#826,.T.);
#1083=ORIENTED_EDGE('',*,*,#819,.T.);
#1084=ORIENTED_EDGE('',*,*,#806,.T.);
#1085=ORIENTED_EDGE('',*,*,#827,.T.);
#1086=ORIENTED_EDGE('',*,*,#828,.T.);
#1087=ORIENTED_EDGE('',*,*,#829,.T.);
#1088=ORIENTED_EDGE('',*,*,#825,.F.);
#1089=ORIENTED_EDGE('',*,*,#805,.T.);
#1090=ORIENTED_EDGE('',*,*,#813,.T.);
#1091=ORIENTED_EDGE('',*,*,#830,.F.);
#1092=ORIENTED_EDGE('',*,*,#831,.F.);
#1093=ORIENTED_EDGE('',*,*,#832,.F.);
#1094=ORIENTED_EDGE('',*,*,#827,.F.);
#1095=ORIENTED_EDGE('',*,*,#833,.F.);
#1096=ORIENTED_EDGE('',*,*,#834,.F.);
#1097=ORIENTED_EDGE('',*,*,#835,.F.);
#1098=ORIENTED_EDGE('',*,*,#836,.F.);
#1099=ORIENTED_EDGE('',*,*,#837,.T.);
#1100=ORIENTED_EDGE('',*,*,#838,.T.);
#1101=ORIENTED_EDGE('',*,*,#839,.F.);
#1102=ORIENTED_EDGE('',*,*,#840,.F.);
#1103=ORIENTED_EDGE('',*,*,#841,.F.);
#1104=ORIENTED_EDGE('',*,*,#842,.F.);
#1105=ORIENTED_EDGE('',*,*,#843,.T.);
#1106=ORIENTED_EDGE('',*,*,#844,.T.);
#1107=ORIENTED_EDGE('',*,*,#845,.F.);
#1108=ORIENTED_EDGE('',*,*,#846,.F.);
#1109=ORIENTED_EDGE('',*,*,#847,.T.);
#1110=ORIENTED_EDGE('',*,*,#846,.T.);
#1111=ORIENTED_EDGE('',*,*,#848,.F.);
#1112=ORIENTED_EDGE('',*,*,#838,.F.);
#1113=ORIENTED_EDGE('',*,*,#849,.T.);
#1114=ORIENTED_EDGE('',*,*,#836,.T.);
#1115=ORIENTED_EDGE('',*,*,#850,.F.);
#1116=ORIENTED_EDGE('',*,*,#844,.F.);
#1117=ORIENTED_EDGE('',*,*,#849,.F.);
#1118=ORIENTED_EDGE('',*,*,#843,.F.);
#1119=ORIENTED_EDGE('',*,*,#847,.F.);
#1120=ORIENTED_EDGE('',*,*,#837,.F.);
#1121=ORIENTED_EDGE('',*,*,#851,.F.);
#1122=ORIENTED_EDGE('',*,*,#842,.T.);
#1123=ORIENTED_EDGE('',*,*,#852,.F.);
#1124=ORIENTED_EDGE('',*,*,#853,.F.);
#1125=ORIENTED_EDGE('',*,*,#839,.T.);
#1126=ORIENTED_EDGE('',*,*,#848,.T.);
#1127=ORIENTED_EDGE('',*,*,#845,.T.);
#1128=ORIENTED_EDGE('',*,*,#850,.T.);
#1129=ORIENTED_EDGE('',*,*,#835,.T.);
#1130=ORIENTED_EDGE('',*,*,#854,.F.);
#1131=ORIENTED_EDGE('',*,*,#854,.T.);
#1132=ORIENTED_EDGE('',*,*,#834,.T.);
#1133=ORIENTED_EDGE('',*,*,#855,.T.);
#1134=ORIENTED_EDGE('',*,*,#856,.T.);
#1135=ORIENTED_EDGE('',*,*,#857,.T.);
#1136=ORIENTED_EDGE('',*,*,#858,.F.);
#1137=ORIENTED_EDGE('',*,*,#859,.T.);
#1138=ORIENTED_EDGE('',*,*,#852,.T.);
#1139=ORIENTED_EDGE('',*,*,#841,.T.);
#1140=ORIENTED_EDGE('',*,*,#860,.F.);
#1141=ORIENTED_EDGE('',*,*,#861,.F.);
#1142=ORIENTED_EDGE('',*,*,#862,.F.);
#1143=ORIENTED_EDGE('',*,*,#863,.T.);
#1144=ORIENTED_EDGE('',*,*,#864,.T.);
#1145=ORIENTED_EDGE('',*,*,#865,.F.);
#1146=ORIENTED_EDGE('',*,*,#866,.F.);
#1147=ORIENTED_EDGE('',*,*,#867,.F.);
#1148=ORIENTED_EDGE('',*,*,#868,.F.);
#1149=ORIENTED_EDGE('',*,*,#869,.F.);
#1150=ORIENTED_EDGE('',*,*,#870,.T.);
#1151=ORIENTED_EDGE('',*,*,#871,.F.);
#1152=ORIENTED_EDGE('',*,*,#872,.F.);
#1153=ORIENTED_EDGE('',*,*,#873,.T.);
#1154=ORIENTED_EDGE('',*,*,#874,.T.);
#1155=ORIENTED_EDGE('',*,*,#875,.F.);
#1156=ORIENTED_EDGE('',*,*,#876,.F.);
#1157=ORIENTED_EDGE('',*,*,#877,.T.);
#1158=ORIENTED_EDGE('',*,*,#878,.T.);
#1159=ORIENTED_EDGE('',*,*,#868,.T.);
#1160=ORIENTED_EDGE('',*,*,#879,.F.);
#1161=ORIENTED_EDGE('',*,*,#880,.T.);
#1162=ORIENTED_EDGE('',*,*,#881,.T.);
#1163=ORIENTED_EDGE('',*,*,#877,.F.);
#1164=ORIENTED_EDGE('',*,*,#882,.F.);
#1165=ORIENTED_EDGE('',*,*,#883,.T.);
#1166=ORIENTED_EDGE('',*,*,#869,.T.);
#1167=ORIENTED_EDGE('',*,*,#878,.F.);
#1168=ORIENTED_EDGE('',*,*,#881,.F.);
#1169=ORIENTED_EDGE('',*,*,#884,.F.);
#1170=ORIENTED_EDGE('',*,*,#885,.F.);
#1171=ORIENTED_EDGE('',*,*,#886,.F.);
#1172=ORIENTED_EDGE('',*,*,#887,.T.);
#1173=ORIENTED_EDGE('',*,*,#888,.F.);
#1174=ORIENTED_EDGE('',*,*,#889,.T.);
#1175=ORIENTED_EDGE('',*,*,#886,.T.);
#1176=ORIENTED_EDGE('',*,*,#890,.F.);
#1177=ORIENTED_EDGE('',*,*,#874,.F.);
#1178=ORIENTED_EDGE('',*,*,#891,.F.);
#1179=ORIENTED_EDGE('',*,*,#875,.T.);
#1180=ORIENTED_EDGE('',*,*,#890,.T.);
#1181=ORIENTED_EDGE('',*,*,#885,.T.);
#1182=ORIENTED_EDGE('',*,*,#871,.T.);
#1183=ORIENTED_EDGE('',*,*,#891,.T.);
#1184=ORIENTED_EDGE('',*,*,#884,.T.);
#1185=ORIENTED_EDGE('',*,*,#892,.F.);
#1186=ORIENTED_EDGE('',*,*,#893,.F.);
#1187=ORIENTED_EDGE('',*,*,#894,.F.);
#1188=ORIENTED_EDGE('',*,*,#895,.F.);
#1189=ORIENTED_EDGE('',*,*,#896,.F.);
#1190=ORIENTED_EDGE('',*,*,#897,.F.);
#1191=ORIENTED_EDGE('',*,*,#898,.F.);
#1192=ORIENTED_EDGE('',*,*,#888,.T.);
#1193=ORIENTED_EDGE('',*,*,#899,.T.);
#1194=ORIENTED_EDGE('',*,*,#861,.T.);
#1195=ORIENTED_EDGE('',*,*,#900,.T.);
#1196=ORIENTED_EDGE('',*,*,#901,.T.);
#1197=ORIENTED_EDGE('',*,*,#902,.F.);
#1198=ORIENTED_EDGE('',*,*,#903,.F.);
#1199=ORIENTED_EDGE('',*,*,#892,.T.);
#1200=ORIENTED_EDGE('',*,*,#879,.T.);
#1201=ORIENTED_EDGE('',*,*,#904,.T.);
#1202=ORIENTED_EDGE('',*,*,#905,.F.);
#1203=ORIENTED_EDGE('',*,*,#906,.F.);
#1204=ORIENTED_EDGE('',*,*,#907,.T.);
#1205=ORIENTED_EDGE('',*,*,#856,.F.);
#1206=ORIENTED_EDGE('',*,*,#908,.T.);
#1207=ORIENTED_EDGE('',*,*,#909,.T.);
#1208=ORIENTED_EDGE('',*,*,#802,.T.);
#1209=ORIENTED_EDGE('',*,*,#910,.T.);
#1210=ORIENTED_EDGE('',*,*,#866,.T.);
#1211=ORIENTED_EDGE('',*,*,#911,.T.);
#1212=ORIENTED_EDGE('',*,*,#912,.T.);
#1213=ORIENTED_EDGE('',*,*,#913,.T.);
#1214=ORIENTED_EDGE('',*,*,#824,.T.);
#1215=ORIENTED_EDGE('',*,*,#913,.F.);
#1216=ORIENTED_EDGE('',*,*,#914,.T.);
#1217=ORIENTED_EDGE('',*,*,#912,.F.);
#1218=ORIENTED_EDGE('',*,*,#915,.T.);
#1219=ORIENTED_EDGE('',*,*,#916,.F.);
#1220=ORIENTED_EDGE('',*,*,#917,.F.);
#1221=ORIENTED_EDGE('',*,*,#915,.F.);
#1222=ORIENTED_EDGE('',*,*,#914,.F.);
#1223=ORIENTED_EDGE('',*,*,#917,.T.);
#1224=ORIENTED_EDGE('',*,*,#918,.T.);
#1225=ORIENTED_EDGE('',*,*,#801,.T.);
#1226=ORIENTED_EDGE('',*,*,#918,.F.);
#1227=ORIENTED_EDGE('',*,*,#916,.T.);
#1228=ORIENTED_EDGE('',*,*,#919,.T.);
#1229=ORIENTED_EDGE('',*,*,#920,.T.);
#1230=ORIENTED_EDGE('',*,*,#799,.T.);
#1231=ORIENTED_EDGE('',*,*,#920,.F.);
#1232=ORIENTED_EDGE('',*,*,#921,.T.);
#1233=ORIENTED_EDGE('',*,*,#922,.F.);
#1234=ORIENTED_EDGE('',*,*,#923,.T.);
#1235=ORIENTED_EDGE('',*,*,#921,.F.);
#1236=ORIENTED_EDGE('',*,*,#919,.F.);
#1237=ORIENTED_EDGE('',*,*,#923,.F.);
#1238=ORIENTED_EDGE('',*,*,#924,.F.);
#1239=ORIENTED_EDGE('',*,*,#925,.T.);
#1240=ORIENTED_EDGE('',*,*,#926,.T.);
#1241=ORIENTED_EDGE('',*,*,#800,.T.);
#1242=ORIENTED_EDGE('',*,*,#926,.F.);
#1243=ORIENTED_EDGE('',*,*,#927,.T.);
#1244=ORIENTED_EDGE('',*,*,#928,.F.);
#1245=ORIENTED_EDGE('',*,*,#929,.T.);
#1246=ORIENTED_EDGE('',*,*,#927,.F.);
#1247=ORIENTED_EDGE('',*,*,#925,.F.);
#1248=ORIENTED_EDGE('',*,*,#929,.F.);
#1249=ORIENTED_EDGE('',*,*,#930,.F.);
#1250=ORIENTED_EDGE('',*,*,#928,.T.);
#1251=ORIENTED_EDGE('',*,*,#931,.T.);
#1252=ORIENTED_EDGE('',*,*,#822,.T.);
#1253=ORIENTED_EDGE('',*,*,#931,.F.);
#1254=ORIENTED_EDGE('',*,*,#930,.T.);
#1255=ORIENTED_EDGE('',*,*,#922,.T.);
#1256=ORIENTED_EDGE('',*,*,#932,.T.);
#1257=ORIENTED_EDGE('',*,*,#823,.T.);
#1258=ORIENTED_EDGE('',*,*,#932,.F.);
#1259=ORIENTED_EDGE('',*,*,#924,.T.);
#1260=ORIENTED_EDGE('',*,*,#933,.T.);
#1261=ORIENTED_EDGE('',*,*,#934,.T.);
#1262=ORIENTED_EDGE('',*,*,#935,.T.);
#1263=ORIENTED_EDGE('',*,*,#936,.T.);
#1264=ORIENTED_EDGE('',*,*,#937,.T.);
#1265=ORIENTED_EDGE('',*,*,#935,.F.);
#1266=ORIENTED_EDGE('',*,*,#894,.T.);
#1267=ORIENTED_EDGE('',*,*,#903,.T.);
#1268=ORIENTED_EDGE('',*,*,#938,.T.);
#1269=ORIENTED_EDGE('',*,*,#936,.F.);
#1270=ORIENTED_EDGE('',*,*,#893,.T.);
#1271=ORIENTED_EDGE('',*,*,#934,.F.);
#1272=ORIENTED_EDGE('',*,*,#939,.T.);
#1273=ORIENTED_EDGE('',*,*,#940,.F.);
#1274=ORIENTED_EDGE('',*,*,#895,.T.);
#1275=ORIENTED_EDGE('',*,*,#941,.T.);
#1276=ORIENTED_EDGE('',*,*,#942,.T.);
#1277=ORIENTED_EDGE('',*,*,#905,.T.);
#1278=ORIENTED_EDGE('',*,*,#943,.T.);
#1279=ORIENTED_EDGE('',*,*,#944,.T.);
#1280=ORIENTED_EDGE('',*,*,#945,.T.);
#1281=ORIENTED_EDGE('',*,*,#941,.F.);
#1282=ORIENTED_EDGE('',*,*,#946,.T.);
#1283=ORIENTED_EDGE('',*,*,#944,.F.);
#1284=ORIENTED_EDGE('',*,*,#947,.T.);
#1285=ORIENTED_EDGE('',*,*,#948,.T.);
#1286=ORIENTED_EDGE('',*,*,#947,.F.);
#1287=ORIENTED_EDGE('',*,*,#949,.T.);
#1288=ORIENTED_EDGE('',*,*,#950,.T.);
#1289=ORIENTED_EDGE('',*,*,#951,.T.);
#1290=ORIENTED_EDGE('',*,*,#812,.T.);
#1291=ORIENTED_EDGE('',*,*,#952,.F.);
#1292=ORIENTED_EDGE('',*,*,#949,.F.);
#1293=ORIENTED_EDGE('',*,*,#946,.F.);
#1294=ORIENTED_EDGE('',*,*,#943,.F.);
#1295=ORIENTED_EDGE('',*,*,#904,.F.);
#1296=ORIENTED_EDGE('',*,*,#882,.T.);
#1297=ORIENTED_EDGE('',*,*,#876,.T.);
#1298=ORIENTED_EDGE('',*,*,#867,.T.);
#1299=ORIENTED_EDGE('',*,*,#910,.F.);
#1300=ORIENTED_EDGE('',*,*,#953,.T.);
#1301=ORIENTED_EDGE('',*,*,#896,.T.);
#1302=ORIENTED_EDGE('',*,*,#940,.T.);
#1303=ORIENTED_EDGE('',*,*,#954,.T.);
#1304=ORIENTED_EDGE('',*,*,#815,.T.);
#1305=ORIENTED_EDGE('',*,*,#955,.F.);
#1306=ORIENTED_EDGE('',*,*,#956,.F.);
#1307=ORIENTED_EDGE('',*,*,#897,.T.);
#1308=ORIENTED_EDGE('',*,*,#953,.F.);
#1309=ORIENTED_EDGE('',*,*,#957,.T.);
#1310=ORIENTED_EDGE('',*,*,#781,.F.);
#1311=ORIENTED_EDGE('',*,*,#796,.T.);
#1312=ORIENTED_EDGE('',*,*,#788,.F.);
#1313=ORIENTED_EDGE('',*,*,#958,.F.);
#1314=ORIENTED_EDGE('',*,*,#959,.F.);
#1315=ORIENTED_EDGE('',*,*,#830,.T.);
#1316=ORIENTED_EDGE('',*,*,#960,.T.);
#1317=ORIENTED_EDGE('',*,*,#961,.T.);
#1318=ORIENTED_EDGE('',*,*,#962,.T.);
#1319=ORIENTED_EDGE('',*,*,#963,.T.);
#1320=ORIENTED_EDGE('',*,*,#938,.F.);
#1321=ORIENTED_EDGE('',*,*,#902,.T.);
#1322=ORIENTED_EDGE('',*,*,#962,.F.);
#1323=ORIENTED_EDGE('',*,*,#964,.T.);
#1324=ORIENTED_EDGE('',*,*,#937,.F.);
#1325=ORIENTED_EDGE('',*,*,#964,.F.);
#1326=ORIENTED_EDGE('',*,*,#961,.F.);
#1327=ORIENTED_EDGE('',*,*,#965,.F.);
#1328=ORIENTED_EDGE('',*,*,#966,.F.);
#1329=ORIENTED_EDGE('',*,*,#967,.F.);
#1330=ORIENTED_EDGE('',*,*,#933,.F.);
#1331=ORIENTED_EDGE('',*,*,#960,.F.);
#1332=ORIENTED_EDGE('',*,*,#968,.F.);
#1333=ORIENTED_EDGE('',*,*,#969,.T.);
#1334=ORIENTED_EDGE('',*,*,#970,.F.);
#1335=ORIENTED_EDGE('',*,*,#971,.F.);
#1336=ORIENTED_EDGE('',*,*,#972,.T.);
#1337=ORIENTED_EDGE('',*,*,#973,.F.);
#1338=ORIENTED_EDGE('',*,*,#820,.T.);
#1339=ORIENTED_EDGE('',*,*,#826,.F.);
#1340=ORIENTED_EDGE('',*,*,#829,.F.);
#1341=ORIENTED_EDGE('',*,*,#828,.F.);
#1342=ORIENTED_EDGE('',*,*,#832,.T.);
#1343=ORIENTED_EDGE('',*,*,#974,.F.);
#1344=ORIENTED_EDGE('',*,*,#975,.F.);
#1345=ORIENTED_EDGE('',*,*,#791,.F.);
#1346=ORIENTED_EDGE('',*,*,#798,.T.);
#1347=ORIENTED_EDGE('',*,*,#976,.F.);
#1348=ORIENTED_EDGE('',*,*,#965,.T.);
#1349=ORIENTED_EDGE('',*,*,#963,.F.);
#1350=ORIENTED_EDGE('',*,*,#901,.F.);
#1351=ORIENTED_EDGE('',*,*,#977,.F.);
#1352=ORIENTED_EDGE('',*,*,#978,.F.);
#1353=ORIENTED_EDGE('',*,*,#979,.T.);
#1354=ORIENTED_EDGE('',*,*,#980,.T.);
#1355=ORIENTED_EDGE('',*,*,#968,.T.);
#1356=ORIENTED_EDGE('',*,*,#811,.T.);
#1357=ORIENTED_EDGE('',*,*,#981,.T.);
#1358=ORIENTED_EDGE('',*,*,#950,.F.);
#1359=ORIENTED_EDGE('',*,*,#952,.T.);
#1360=ORIENTED_EDGE('',*,*,#942,.F.);
#1361=ORIENTED_EDGE('',*,*,#982,.T.);
#1362=ORIENTED_EDGE('',*,*,#983,.T.);
#1363=ORIENTED_EDGE('',*,*,#906,.T.);
#1364=ORIENTED_EDGE('',*,*,#971,.T.);
#1365=ORIENTED_EDGE('',*,*,#984,.T.);
#1366=ORIENTED_EDGE('',*,*,#983,.F.);
#1367=ORIENTED_EDGE('',*,*,#985,.T.);
#1368=ORIENTED_EDGE('',*,*,#948,.F.);
#1369=ORIENTED_EDGE('',*,*,#986,.F.);
#1370=ORIENTED_EDGE('',*,*,#987,.F.);
#1371=ORIENTED_EDGE('',*,*,#972,.F.);
#1372=ORIENTED_EDGE('',*,*,#985,.F.);
#1373=ORIENTED_EDGE('',*,*,#982,.F.);
#1374=ORIENTED_EDGE('',*,*,#945,.F.);
#1375=ORIENTED_EDGE('',*,*,#988,.T.);
#1376=ORIENTED_EDGE('',*,*,#989,.F.);
#1377=ORIENTED_EDGE('',*,*,#858,.T.);
#1378=ORIENTED_EDGE('',*,*,#990,.T.);
#1379=ORIENTED_EDGE('',*,*,#988,.F.);
#1380=ORIENTED_EDGE('',*,*,#991,.F.);
#1381=ORIENTED_EDGE('',*,*,#992,.T.);
#1382=ORIENTED_EDGE('',*,*,#993,.F.);
#1383=ORIENTED_EDGE('',*,*,#984,.F.);
#1384=ORIENTED_EDGE('',*,*,#970,.T.);
#1385=ORIENTED_EDGE('',*,*,#994,.T.);
#1386=ORIENTED_EDGE('',*,*,#991,.T.);
#1387=ORIENTED_EDGE('',*,*,#990,.F.);
#1388=ORIENTED_EDGE('',*,*,#857,.F.);
#1389=ORIENTED_EDGE('',*,*,#907,.F.);
#1390=ORIENTED_EDGE('',*,*,#872,.T.);
#1391=ORIENTED_EDGE('',*,*,#898,.T.);
#1392=ORIENTED_EDGE('',*,*,#956,.T.);
#1393=ORIENTED_EDGE('',*,*,#995,.T.);
#1394=ORIENTED_EDGE('',*,*,#853,.T.);
#1395=ORIENTED_EDGE('',*,*,#865,.T.);
#1396=ORIENTED_EDGE('',*,*,#996,.T.);
#1397=ORIENTED_EDGE('',*,*,#977,.T.);
#1398=ORIENTED_EDGE('',*,*,#900,.F.);
#1399=ORIENTED_EDGE('',*,*,#860,.T.);
#1400=ORIENTED_EDGE('',*,*,#840,.T.);
#1401=ORIENTED_EDGE('',*,*,#997,.T.);
#1402=ORIENTED_EDGE('',*,*,#978,.T.);
#1403=ORIENTED_EDGE('',*,*,#996,.F.);
#1404=ORIENTED_EDGE('',*,*,#864,.F.);
#1405=ORIENTED_EDGE('',*,*,#997,.F.);
#1406=ORIENTED_EDGE('',*,*,#863,.F.);
#1407=ORIENTED_EDGE('',*,*,#998,.F.);
#1408=ORIENTED_EDGE('',*,*,#979,.F.);
#1409=ORIENTED_EDGE('',*,*,#951,.F.);
#1410=ORIENTED_EDGE('',*,*,#999,.T.);
#1411=ORIENTED_EDGE('',*,*,#1000,.T.);
#1412=ORIENTED_EDGE('',*,*,#986,.T.);
#1413=ORIENTED_EDGE('',*,*,#939,.F.);
#1414=ORIENTED_EDGE('',*,*,#967,.T.);
#1415=ORIENTED_EDGE('',*,*,#1001,.T.);
#1416=ORIENTED_EDGE('',*,*,#1002,.T.);
#1417=ORIENTED_EDGE('',*,*,#1003,.T.);
#1418=ORIENTED_EDGE('',*,*,#1004,.T.);
#1419=ORIENTED_EDGE('',*,*,#1005,.T.);
#1420=ORIENTED_EDGE('',*,*,#1004,.F.);
#1421=ORIENTED_EDGE('',*,*,#954,.F.);
#1422=ORIENTED_EDGE('',*,*,#1002,.F.);
#1423=ORIENTED_EDGE('',*,*,#784,.F.);
#1424=ORIENTED_EDGE('',*,*,#1006,.T.);
#1425=ORIENTED_EDGE('',*,*,#782,.F.);
#1426=ORIENTED_EDGE('',*,*,#957,.F.);
#1427=ORIENTED_EDGE('',*,*,#1003,.F.);
#1428=ORIENTED_EDGE('',*,*,#1007,.F.);
#1429=ORIENTED_EDGE('',*,*,#1008,.T.);
#1430=ORIENTED_EDGE('',*,*,#1005,.F.);
#1431=ORIENTED_EDGE('',*,*,#1008,.F.);
#1432=ORIENTED_EDGE('',*,*,#810,.T.);
#1433=ORIENTED_EDGE('',*,*,#818,.F.);
#1434=ORIENTED_EDGE('',*,*,#999,.F.);
#1435=ORIENTED_EDGE('',*,*,#981,.F.);
#1436=ORIENTED_EDGE('',*,*,#783,.F.);
#1437=ORIENTED_EDGE('',*,*,#1006,.F.);
#1438=ORIENTED_EDGE('',*,*,#785,.F.);
#1439=ORIENTED_EDGE('',*,*,#1001,.F.);
#1440=ORIENTED_EDGE('',*,*,#1009,.F.);
#1441=ORIENTED_EDGE('',*,*,#976,.T.);
#1442=ORIENTED_EDGE('',*,*,#797,.T.);
#1443=ORIENTED_EDGE('',*,*,#1009,.T.);
#1444=ORIENTED_EDGE('',*,*,#966,.T.);
#1445=ORIENTED_EDGE('',*,*,#1010,.F.);
#1446=ORIENTED_EDGE('',*,*,#1000,.F.);
#1447=ORIENTED_EDGE('',*,*,#817,.F.);
#1448=ORIENTED_EDGE('',*,*,#973,.T.);
#1449=ORIENTED_EDGE('',*,*,#987,.T.);
#1450=ORIENTED_EDGE('',*,*,#1010,.T.);
#1451=ORIENTED_EDGE('',*,*,#821,.T.);
#1452=ORIENTED_EDGE('',*,*,#775,.T.);
#1453=ORIENTED_EDGE('',*,*,#792,.F.);
#1454=ORIENTED_EDGE('',*,*,#975,.T.);
#1455=ORIENTED_EDGE('',*,*,#974,.T.);
#1456=ORIENTED_EDGE('',*,*,#831,.T.);
#1457=ORIENTED_EDGE('',*,*,#959,.T.);
#1458=ORIENTED_EDGE('',*,*,#958,.T.);
#1459=ORIENTED_EDGE('',*,*,#787,.F.);
#1460=ORIENTED_EDGE('',*,*,#851,.T.);
#1461=ORIENTED_EDGE('',*,*,#859,.F.);
#1462=ORIENTED_EDGE('',*,*,#989,.T.);
#1463=ORIENTED_EDGE('',*,*,#993,.T.);
#1464=ORIENTED_EDGE('',*,*,#1011,.T.);
#1465=ORIENTED_EDGE('',*,*,#908,.F.);
#1466=ORIENTED_EDGE('',*,*,#855,.F.);
#1467=ORIENTED_EDGE('',*,*,#833,.T.);
#1468=ORIENTED_EDGE('',*,*,#969,.F.);
#1469=ORIENTED_EDGE('',*,*,#980,.F.);
#1470=ORIENTED_EDGE('',*,*,#998,.T.);
#1471=ORIENTED_EDGE('',*,*,#862,.T.);
#1472=ORIENTED_EDGE('',*,*,#1012,.F.);
#1473=ORIENTED_EDGE('',*,*,#1011,.F.);
#1474=ORIENTED_EDGE('',*,*,#992,.F.);
#1475=ORIENTED_EDGE('',*,*,#994,.F.);
#1476=ORIENTED_EDGE('',*,*,#803,.T.);
#1477=ORIENTED_EDGE('',*,*,#911,.F.);
#1478=ORIENTED_EDGE('',*,*,#870,.F.);
#1479=ORIENTED_EDGE('',*,*,#883,.F.);
#1480=ORIENTED_EDGE('',*,*,#880,.F.);
#1481=ORIENTED_EDGE('',*,*,#909,.F.);
#1482=ORIENTED_EDGE('',*,*,#1012,.T.);
#1483=ORIENTED_EDGE('',*,*,#899,.F.);
#1484=ORIENTED_EDGE('',*,*,#887,.F.);
#1485=ORIENTED_EDGE('',*,*,#889,.F.);
#1486=ORIENTED_EDGE('',*,*,#873,.F.);
#1487=ORIENTED_EDGE('',*,*,#995,.F.);
#1488=ORIENTED_EDGE('',*,*,#955,.T.);
#1489=ORIENTED_EDGE('',*,*,#814,.T.);
#1490=ORIENTED_EDGE('',*,*,#1007,.T.);
#1491=CYLINDRICAL_SURFACE('',#1615,4.);
#1492=CYLINDRICAL_SURFACE('',#1617,4.);
#1493=CYLINDRICAL_SURFACE('',#1619,4.35);
#1494=CYLINDRICAL_SURFACE('',#1628,1.5);
#1495=CYLINDRICAL_SURFACE('',#1641,4.35);
#1496=CYLINDRICAL_SURFACE('',#1652,139.575);
#1497=CYLINDRICAL_SURFACE('',#1684,3.);
#1498=CYLINDRICAL_SURFACE('',#1687,3.);
#1499=CYLINDRICAL_SURFACE('',#1689,3.);
#1500=CYLINDRICAL_SURFACE('',#1694,10.5);
#1501=CYLINDRICAL_SURFACE('',#1703,20.);
#1502=CYLINDRICAL_SURFACE('',#1710,10.5);
#1503=CYLINDRICAL_SURFACE('',#1718,0.5);
#1504=CYLINDRICAL_SURFACE('',#1724,0.5);
#1505=CYLINDRICAL_SURFACE('',#1731,0.5);
#1506=CYLINDRICAL_SURFACE('',#1735,0.5);
#1507=CYLINDRICAL_SURFACE('',#1748,0.5);
#1508=CYLINDRICAL_SURFACE('',#1752,0.5);
#1509=CYLINDRICAL_SURFACE('',#1759,3.);
#1510=CYLINDRICAL_SURFACE('',#1764,4.35);
#1511=CYLINDRICAL_SURFACE('',#1766,4.35);
#1512=CYLINDRICAL_SURFACE('',#1773,1.25);
#1513=CYLINDRICAL_SURFACE('',#1776,3.125);
#1514=CYLINDRICAL_SURFACE('',#1779,4.35);
#1515=CYLINDRICAL_SURFACE('',#1782,4.35);
#1516=ADVANCED_FACE('',(#317),#1491,.F.);
#1517=ADVANCED_FACE('',(#318),#1492,.F.);
#1518=ADVANCED_FACE('',(#319),#1493,.F.);
#1519=ADVANCED_FACE('',(#320),#66,.F.);
#1520=ADVANCED_FACE('',(#321),#67,.F.);
#1521=ADVANCED_FACE('',(#322),#1494,.F.);
#1522=ADVANCED_FACE('',(#323,#22,#23,#24,#25),#32,.T.);
#1523=ADVANCED_FACE('',(#324),#33,.F.);
#1524=ADVANCED_FACE('',(#325,#26),#34,.F.);
#1525=ADVANCED_FACE('',(#326),#1495,.F.);
#1526=ADVANCED_FACE('',(#327,#27,#28,#29),#35,.T.);
#1527=ADVANCED_FACE('',(#328),#68,.F.);
#1528=ADVANCED_FACE('',(#329),#69,.T.);
#1529=ADVANCED_FACE('',(#330),#1496,.F.);
#1530=ADVANCED_FACE('',(#331),#36,.T.);
#1531=ADVANCED_FACE('',(#332),#37,.T.);
#1532=ADVANCED_FACE('',(#333),#38,.T.);
#1533=ADVANCED_FACE('',(#334),#39,.T.);
#1534=ADVANCED_FACE('',(#335),#40,.T.);
#1535=ADVANCED_FACE('',(#336),#41,.T.);
#1536=ADVANCED_FACE('',(#337),#70,.T.);
#1537=ADVANCED_FACE('',(#338),#42,.T.);
#1538=ADVANCED_FACE('',(#339),#43,.T.);
#1539=ADVANCED_FACE('',(#340),#44,.T.);
#1540=ADVANCED_FACE('',(#341),#45,.T.);
#1541=ADVANCED_FACE('',(#342),#46,.T.);
#1542=ADVANCED_FACE('',(#343),#47,.T.);
#1543=ADVANCED_FACE('',(#344),#48,.T.);
#1544=ADVANCED_FACE('',(#345),#49,.T.);
#1545=ADVANCED_FACE('',(#346),#50,.T.);
#1546=ADVANCED_FACE('',(#347),#51,.F.);
#1547=ADVANCED_FACE('',(#348),#1497,.T.);
#1548=ADVANCED_FACE('',(#349),#1498,.T.);
#1549=ADVANCED_FACE('',(#350),#1499,.T.);
#1550=ADVANCED_FACE('',(#351),#71,.T.);
#1551=ADVANCED_FACE('',(#352),#1500,.F.);
#1552=ADVANCED_FACE('',(#353),#72,.T.);
#1553=ADVANCED_FACE('',(#354),#73,.T.);
#1554=ADVANCED_FACE('',(#355),#1501,.F.);
#1555=ADVANCED_FACE('',(#356),#74,.T.);
#1556=ADVANCED_FACE('',(#357),#1502,.F.);
#1557=ADVANCED_FACE('',(#358),#75,.T.);
#1558=ADVANCED_FACE('',(#359),#76,.T.);
#1559=ADVANCED_FACE('',(#360),#18,.T.);
#1560=ADVANCED_FACE('',(#361),#1503,.F.);
#1561=ADVANCED_FACE('',(#362),#19,.T.);
#1562=ADVANCED_FACE('',(#363),#77,.T.);
#1563=ADVANCED_FACE('',(#364),#20,.T.);
#1564=ADVANCED_FACE('',(#365),#1504,.F.);
#1565=ADVANCED_FACE('',(#366),#21,.T.);
#1566=ADVANCED_FACE('',(#367),#78,.T.);
#1567=ADVANCED_FACE('',(#368),#52,.F.);
#1568=ADVANCED_FACE('',(#369),#1505,.T.);
#1569=ADVANCED_FACE('',(#370),#53,.T.);
#1570=ADVANCED_FACE('',(#371),#1506,.T.);
#1571=ADVANCED_FACE('',(#372),#79,.T.);
#1572=ADVANCED_FACE('',(#373),#54,.F.);
#1573=ADVANCED_FACE('',(#374),#55,.F.);
#1574=ADVANCED_FACE('',(#375),#56,.T.);
#1575=ADVANCED_FACE('',(#376),#1507,.T.);
#1576=ADVANCED_FACE('',(#377),#80,.T.);
#1577=ADVANCED_FACE('',(#378),#1508,.T.);
#1578=ADVANCED_FACE('',(#379),#57,.F.);
#1579=ADVANCED_FACE('',(#380),#81,.T.);
#1580=ADVANCED_FACE('',(#381),#58,.F.);
#1581=ADVANCED_FACE('',(#382),#59,.T.);
#1582=ADVANCED_FACE('',(#383),#1509,.T.);
#1583=ADVANCED_FACE('',(#384),#82,.T.);
#1584=ADVANCED_FACE('',(#385),#83,.T.);
#1585=ADVANCED_FACE('',(#386),#60,.F.);
#1586=ADVANCED_FACE('',(#387),#1510,.F.);
#1587=ADVANCED_FACE('',(#388),#1511,.F.);
#1588=ADVANCED_FACE('',(#389),#17,.F.);
#1589=ADVANCED_FACE('',(#390,#30),#61,.F.);
#1590=ADVANCED_FACE('',(#391),#1512,.F.);
#1591=ADVANCED_FACE('',(#392),#62,.F.);
#1592=ADVANCED_FACE('',(#393),#1513,.F.);
#1593=ADVANCED_FACE('',(#394),#15,.F.);
#1594=ADVANCED_FACE('',(#395),#1514,.F.);
#1595=ADVANCED_FACE('',(#396),#16,.F.);
#1596=ADVANCED_FACE('',(#397),#1515,.F.);
#1597=ADVANCED_FACE('',(#398),#84,.T.);
#1598=ADVANCED_FACE('',(#399),#63,.T.);
#1599=ADVANCED_FACE('',(#400),#64,.T.);
#1600=ADVANCED_FACE('',(#401,#31),#65,.T.);
#1601=CLOSED_SHELL('',(#1516,#1517,#1518,#1519,#1520,#1521,#1522,#1523,
#1524,#1525,#1526,#1527,#1528,#1529,#1530,#1531,#1532,#1533,#1534,#1535,
#1536,#1537,#1538,#1539,#1540,#1541,#1542,#1543,#1544,#1545,#1546,#1547,
#1548,#1549,#1550,#1551,#1552,#1553,#1554,#1555,#1556,#1557,#1558,#1559,
#1560,#1561,#1562,#1563,#1564,#1565,#1566,#1567,#1568,#1569,#1570,#1571,
#1572,#1573,#1574,#1575,#1576,#1577,#1578,#1579,#1580,#1581,#1582,#1583,
#1584,#1585,#1586,#1587,#1588,#1589,#1590,#1591,#1592,#1593,#1594,#1595,
#1596,#1597,#1598,#1599,#1600));
#1602=DERIVED_UNIT_ELEMENT(#1604,1.);
#1603=DERIVED_UNIT_ELEMENT(#3140,-3.);
#1604=(
MASS_UNIT()
NAMED_UNIT(*)
SI_UNIT(.KILO.,.GRAM.)
);
#1605=DERIVED_UNIT((#1602,#1603));
#1606=MEASURE_REPRESENTATION_ITEM('density measure',
POSITIVE_RATIO_MEASURE(7850.),#1605);
#1607=PROPERTY_DEFINITION_REPRESENTATION(#1612,#1609);
#1608=PROPERTY_DEFINITION_REPRESENTATION(#1613,#1610);
#1609=REPRESENTATION('material name',(#1611),#3137);
#1610=REPRESENTATION('density',(#1606),#3137);
#1611=DESCRIPTIVE_REPRESENTATION_ITEM('Acier','Acier');
#1612=PROPERTY_DEFINITION('material property','material name',#3147);
#1613=PROPERTY_DEFINITION('material property','density of part',#3147);
#1614=AXIS2_PLACEMENT_3D('',#2249,#1787,#1788);
#1615=AXIS2_PLACEMENT_3D('',#2250,#1789,#1790);
#1616=AXIS2_PLACEMENT_3D('',#2289,#1791,#1792);
#1617=AXIS2_PLACEMENT_3D('',#2290,#1793,#1794);
#1618=AXIS2_PLACEMENT_3D('',#2311,#1795,#1796);
#1619=AXIS2_PLACEMENT_3D('',#2312,#1797,#1798);
#1620=AXIS2_PLACEMENT_3D('',#2316,#1800,#1801);
#1621=AXIS2_PLACEMENT_3D('',#2342,#1804,#1805);
#1622=AXIS2_PLACEMENT_3D('',#2344,#1807,#1808);
#1623=AXIS2_PLACEMENT_3D('',#2346,#1809,#1810);
#1624=AXIS2_PLACEMENT_3D('',#2356,#1811,#1812);
#1625=AXIS2_PLACEMENT_3D('',#2357,#1813,#1814);
#1626=AXIS2_PLACEMENT_3D('',#2359,#1815,#1816);
#1627=AXIS2_PLACEMENT_3D('',#2369,#1817,#1818);
#1628=AXIS2_PLACEMENT_3D('',#2370,#1819,#1820);
#1629=AXIS2_PLACEMENT_3D('',#2372,#1821,#1822);
#1630=AXIS2_PLACEMENT_3D('',#2375,#1824,#1825);
#1631=AXIS2_PLACEMENT_3D('',#2376,#1826,#1827);
#1632=AXIS2_PLACEMENT_3D('',#2382,#1831,#1832);
#1633=AXIS2_PLACEMENT_3D('',#2384,#1833,#1834);
#1634=AXIS2_PLACEMENT_3D('',#2386,#1835,#1836);
#1635=AXIS2_PLACEMENT_3D('',#2387,#1837,#1838);
#1636=AXIS2_PLACEMENT_3D('',#2390,#1839,#1840);
#1637=AXIS2_PLACEMENT_3D('',#2426,#1845,#1846);
#1638=AXIS2_PLACEMENT_3D('',#2430,#1848,#1849);
#1639=AXIS2_PLACEMENT_3D('',#2432,#1851,#1852);
#1640=AXIS2_PLACEMENT_3D('',#2434,#1853,#1854);
#1641=AXIS2_PLACEMENT_3D('',#2438,#1857,#1858);
#1642=AXIS2_PLACEMENT_3D('',#2442,#1860,#1861);
#1643=AXIS2_PLACEMENT_3D('',#2444,#1863,#1864);
#1644=AXIS2_PLACEMENT_3D('',#2446,#1865,#1866);
#1645=AXIS2_PLACEMENT_3D('',#2451,#1869,#1870);
#1646=AXIS2_PLACEMENT_3D('',#2453,#1871,#1872);
#1647=AXIS2_PLACEMENT_3D('',#2455,#1873,#1874);
#1648=AXIS2_PLACEMENT_3D('',#2456,#1875,#1876);
#1649=AXIS2_PLACEMENT_3D('',#2458,#1877,#1878);
#1650=AXIS2_PLACEMENT_3D('',#2467,#1879,#1880);
#1651=AXIS2_PLACEMENT_3D('',#2469,#1881,#1882);
#1652=AXIS2_PLACEMENT_3D('',#2489,#1883,#1884);
#1653=AXIS2_PLACEMENT_3D('',#2493,#1886,#1887);
#1654=AXIS2_PLACEMENT_3D('',#2495,#1889,#1890);
#1655=AXIS2_PLACEMENT_3D('',#2522,#1899,#1900);
#1656=AXIS2_PLACEMENT_3D('',#2531,#1905,#1906);
#1657=AXIS2_PLACEMENT_3D('',#2534,#1909,#1910);
#1658=AXIS2_PLACEMENT_3D('',#2537,#1913,#1914);
#1659=AXIS2_PLACEMENT_3D('',#2538,#1915,#1916);
#1660=AXIS2_PLACEMENT_3D('',#2563,#1919,#1920);
#1661=AXIS2_PLACEMENT_3D('',#2565,#1921,#1922);
#1662=AXIS2_PLACEMENT_3D('',#2567,#1923,#1924);
#1663=AXIS2_PLACEMENT_3D('',#2569,#1925,#1926);
#1664=AXIS2_PLACEMENT_3D('',#2571,#1927,#1928);
#1665=AXIS2_PLACEMENT_3D('',#2572,#1929,#1930);
#1666=AXIS2_PLACEMENT_3D('',#2573,#1931,#1932);
#1667=AXIS2_PLACEMENT_3D('',#2575,#1933,#1934);
#1668=AXIS2_PLACEMENT_3D('',#2583,#1938,#1939);
#1669=AXIS2_PLACEMENT_3D('',#2584,#1940,#1941);
#1670=AXIS2_PLACEMENT_3D('',#2585,#1942,#1943);
#1671=AXIS2_PLACEMENT_3D('',#2588,#1944,#1945);
#1672=AXIS2_PLACEMENT_3D('',#2596,#1950,#1951);
#1673=AXIS2_PLACEMENT_3D('',#2601,#1953,#1954);
#1674=AXIS2_PLACEMENT_3D('',#2607,#1958,#1959);
#1675=AXIS2_PLACEMENT_3D('',#2613,#1963,#1964);
#1676=AXIS2_PLACEMENT_3D('',#2616,#1965,#1966);
#1677=AXIS2_PLACEMENT_3D('',#2621,#1970,#1971);
#1678=AXIS2_PLACEMENT_3D('',#2623,#1973,#1974);
#1679=AXIS2_PLACEMENT_3D('',#2633,#1979,#1980);
#1680=AXIS2_PLACEMENT_3D('',#2634,#1981,#1982);
#1681=AXIS2_PLACEMENT_3D('',#2637,#1985,#1986);
#1682=AXIS2_PLACEMENT_3D('',#2639,#1988,#1989);
#1683=AXIS2_PLACEMENT_3D('',#2650,#1992,#1993);
#1684=AXIS2_PLACEMENT_3D('',#2656,#1997,#1998);
#1685=AXIS2_PLACEMENT_3D('',#2659,#2000,#2001);
#1686=AXIS2_PLACEMENT_3D('',#2663,#2003,#2004);
#1687=AXIS2_PLACEMENT_3D('',#2674,#2005,#2006);
#1688=AXIS2_PLACEMENT_3D('',#2689,#2008,#2009);
#1689=AXIS2_PLACEMENT_3D('',#2694,#2013,#2014);
#1690=AXIS2_PLACEMENT_3D('',#2697,#2017,#2018);
#1691=AXIS2_PLACEMENT_3D('',#2700,#2019,#2020);
#1692=AXIS2_PLACEMENT_3D('',#2701,#2021,#2022);
#1693=AXIS2_PLACEMENT_3D('',#2702,#2023,#2024);
#1694=AXIS2_PLACEMENT_3D('',#2703,#2025,#2026);
#1695=AXIS2_PLACEMENT_3D('',#2707,#2028,#2029);
#1696=AXIS2_PLACEMENT_3D('',#2708,#2030,#2031);
#1697=AXIS2_PLACEMENT_3D('',#2709,#2032,#2033);
#1698=AXIS2_PLACEMENT_3D('',#2710,#2034,#2035);
#1699=AXIS2_PLACEMENT_3D('',#2711,#2036,#2037);
#1700=AXIS2_PLACEMENT_3D('',#2714,#2038,#2039);
#1701=AXIS2_PLACEMENT_3D('',#2715,#2040,#2041);
#1702=AXIS2_PLACEMENT_3D('',#2716,#2042,#2043);
#1703=AXIS2_PLACEMENT_3D('',#2717,#2044,#2045);
#1704=AXIS2_PLACEMENT_3D('',#2720,#2046,#2047);
#1705=AXIS2_PLACEMENT_3D('',#2722,#2049,#2050);
#1706=AXIS2_PLACEMENT_3D('',#2723,#2051,#2052);
#1707=AXIS2_PLACEMENT_3D('',#2726,#2053,#2054);
#1708=AXIS2_PLACEMENT_3D('',#2727,#2055,#2056);
#1709=AXIS2_PLACEMENT_3D('',#2728,#2057,#2058);
#1710=AXIS2_PLACEMENT_3D('',#2729,#2059,#2060);
#1711=AXIS2_PLACEMENT_3D('',#2732,#2061,#2062);
#1712=AXIS2_PLACEMENT_3D('',#2734,#2064,#2065);
#1713=AXIS2_PLACEMENT_3D('',#2735,#2066,#2067);
#1714=AXIS2_PLACEMENT_3D('',#2736,#2068,#2069);
#1715=AXIS2_PLACEMENT_3D('',#2737,#2070,#2071);
#1716=AXIS2_PLACEMENT_3D('',#2738,#2072,#2073);
#1717=AXIS2_PLACEMENT_3D('',#2797,#2074,#2075);
#1718=AXIS2_PLACEMENT_3D('',#2798,#2076,#2077);
#1719=AXIS2_PLACEMENT_3D('',#2800,#2078,#2079);
#1720=AXIS2_PLACEMENT_3D('',#2855,#2081,#2082);
#1721=AXIS2_PLACEMENT_3D('',#2857,#2083,#2084);
#1722=AXIS2_PLACEMENT_3D('',#2858,#2085,#2086);
#1723=AXIS2_PLACEMENT_3D('',#2891,#2087,#2088);
#1724=AXIS2_PLACEMENT_3D('',#2903,#2089,#2090);
#1725=AXIS2_PLACEMENT_3D('',#2906,#2091,#2092);
#1726=AXIS2_PLACEMENT_3D('',#2958,#2095,#2096);
#1727=AXIS2_PLACEMENT_3D('',#2960,#2097,#2098);
#1728=AXIS2_PLACEMENT_3D('',#2962,#2099,#2100);
#1729=AXIS2_PLACEMENT_3D('',#2963,#2101,#2102);
#1730=AXIS2_PLACEMENT_3D('',#2964,#2103,#2104);
#1731=AXIS2_PLACEMENT_3D('',#2966,#2106,#2107);
#1732=AXIS2_PLACEMENT_3D('',#2968,#2108,#2109);
#1733=AXIS2_PLACEMENT_3D('',#2970,#2111,#2112);
#1734=AXIS2_PLACEMENT_3D('',#2973,#2114,#2115);
#1735=AXIS2_PLACEMENT_3D('',#2994,#2117,#2118);
#1736=AXIS2_PLACEMENT_3D('',#2997,#2119,#2120);
#1737=AXIS2_PLACEMENT_3D('',#3000,#2122,#2123);
#1738=AXIS2_PLACEMENT_3D('',#3002,#2125,#2126);
#1739=AXIS2_PLACEMENT_3D('',#3003,#2127,#2128);
#1740=AXIS2_PLACEMENT_3D('',#3004,#2129,#2130);
#1741=AXIS2_PLACEMENT_3D('',#3010,#2134,#2135);
#1742=AXIS2_PLACEMENT_3D('',#3018,#2139,#2140);
#1743=AXIS2_PLACEMENT_3D('',#3021,#2142,#2143);
#1744=AXIS2_PLACEMENT_3D('',#3041,#2144,#2145);
#1745=AXIS2_PLACEMENT_3D('',#3042,#2146,#2147);
#1746=AXIS2_PLACEMENT_3D('',#3044,#2148,#2149);
#1747=AXIS2_PLACEMENT_3D('',#3046,#2150,#2151);
#1748=AXIS2_PLACEMENT_3D('',#3050,#2154,#2155);
#1749=AXIS2_PLACEMENT_3D('',#3052,#2157,#2158);
#1750=AXIS2_PLACEMENT_3D('',#3054,#2159,#2160);
#1751=AXIS2_PLACEMENT_3D('',#3055,#2161,#2162);
#1752=AXIS2_PLACEMENT_3D('',#3056,#2163,#2164);
#1753=AXIS2_PLACEMENT_3D('',#3059,#2167,#2168);
#1754=AXIS2_PLACEMENT_3D('',#3063,#2171,#2172);
#1755=AXIS2_PLACEMENT_3D('',#3076,#2173,#2174);
#1756=AXIS2_PLACEMENT_3D('',#3077,#2175,#2176);
#1757=AXIS2_PLACEMENT_3D('',#3078,#2177,#2178);
#1758=AXIS2_PLACEMENT_3D('',#3084,#2182,#2183);
#1759=AXIS2_PLACEMENT_3D('',#3086,#2185,#2186);
#1760=AXIS2_PLACEMENT_3D('',#3088,#2188,#2189);
#1761=AXIS2_PLACEMENT_3D('',#3089,#2190,#2191);
#1762=AXIS2_PLACEMENT_3D('',#3090,#2192,#2193);
#1763=AXIS2_PLACEMENT_3D('',#3101,#2194,#2195);
#1764=AXIS2_PLACEMENT_3D('',#3103,#2197,#2198);
#1765=AXIS2_PLACEMENT_3D('',#3105,#2200,#2201);
#1766=AXIS2_PLACEMENT_3D('',#3106,#2202,#2203);
#1767=AXIS2_PLACEMENT_3D('',#3107,#2204,#2205);
#1768=AXIS2_PLACEMENT_3D('',#3109,#2207,#2208);
#1769=AXIS2_PLACEMENT_3D('',#3111,#2209,#2210);
#1770=AXIS2_PLACEMENT_3D('',#3114,#2212,#2213);
#1771=AXIS2_PLACEMENT_3D('',#3115,#2214,#2215);
#1772=AXIS2_PLACEMENT_3D('',#3116,#2216,#2217);
#1773=AXIS2_PLACEMENT_3D('',#3117,#2218,#2219);
#1774=AXIS2_PLACEMENT_3D('',#3119,#2220,#2221);
#1775=AXIS2_PLACEMENT_3D('',#3121,#2223,#2224);
#1776=AXIS2_PLACEMENT_3D('',#3122,#2225,#2226);
#1777=AXIS2_PLACEMENT_3D('',#3123,#2227,#2228);
#1778=AXIS2_PLACEMENT_3D('',#3124,#2229,#2230);
#1779=AXIS2_PLACEMENT_3D('',#3125,#2231,#2232);
#1780=AXIS2_PLACEMENT_3D('',#3126,#2233,#2234);
#1781=AXIS2_PLACEMENT_3D('',#3127,#2235,#2236);
#1782=AXIS2_PLACEMENT_3D('',#3128,#2237,#2238);
#1783=AXIS2_PLACEMENT_3D('',#3129,#2239,#2240);
#1784=AXIS2_PLACEMENT_3D('',#3130,#2241,#2242);
#1785=AXIS2_PLACEMENT_3D('',#3132,#2244,#2245);
#1786=AXIS2_PLACEMENT_3D('',#3134,#2247,#2248);
#1787=DIRECTION('axis',(0.,0.,1.));
#1788=DIRECTION('refdir',(1.,0.,0.));
#1789=DIRECTION('center_axis',(0.,-1.,0.));
#1790=DIRECTION('ref_axis',(-1.,0.,-2.54207057918564E-15));
#1791=DIRECTION('center_axis',(-1.43258789924321E-32,-1.,3.61243934259813E-17));
#1792=DIRECTION('ref_axis',(1.,-1.43258789924321E-32,0.));
#1793=DIRECTION('center_axis',(0.,-1.,0.));
#1794=DIRECTION('ref_axis',(1.,0.,0.));
#1795=DIRECTION('center_axis',(-1.43258789924321E-32,-1.,3.61243934259813E-17));
#1796=DIRECTION('ref_axis',(1.,-1.43258789924321E-32,0.));
#1797=DIRECTION('center_axis',(0.,-3.61243934259812E-17,-1.));
#1798=DIRECTION('ref_axis',(0.707106781186546,0.707106781186549,0.));
#1799=DIRECTION('',(0.,-3.61243934259812E-17,-1.));
#1800=DIRECTION('center_axis',(0.,1.07657990266682E-14,-1.));
#1801=DIRECTION('ref_axis',(0.707106781186546,0.707106781186549,0.));
#1802=DIRECTION('',(0.,3.61243934259812E-17,1.));
#1803=DIRECTION('',(0.,3.61243934259812E-17,1.));
#1804=DIRECTION('center_axis',(0.,0.,-1.));
#1805=DIRECTION('ref_axis',(1.,0.,0.));
#1806=DIRECTION('',(0.,-3.61243934259812E-17,-1.));
#1807=DIRECTION('center_axis',(-1.60366810298482E-34,-1.,3.61243934259812E-17));
#1808=DIRECTION('ref_axis',(0.,-3.61466660728946E-17,-1.));
#1809=DIRECTION('center_axis',(1.60366810298482E-34,1.,-3.61243934259812E-17));
#1810=DIRECTION('ref_axis',(0.869038565495631,1.95196451169506E-17,0.494744349822508));
#1811=DIRECTION('center_axis',(-3.20733620596964E-34,-1.,3.61243934259812E-17));
#1812=DIRECTION('ref_axis',(0.869038565495631,1.78723395382696E-17,0.494744349822508));
#1813=DIRECTION('center_axis',(-1.60366810298482E-34,-1.,3.61243934259812E-17));
#1814=DIRECTION('ref_axis',(0.,-3.61466660728946E-17,-1.));
#1815=DIRECTION('center_axis',(-3.20733620596964E-34,-1.,3.61243934259812E-17));
#1816=DIRECTION('ref_axis',(0.869038565495631,1.78723395382696E-17,0.494744349822508));
#1817=DIRECTION('center_axis',(1.60366810298482E-34,1.,-3.61243934259812E-17));
#1818=DIRECTION('ref_axis',(0.869038565495631,1.95196451169506E-17,0.494744349822508));
#1819=DIRECTION('center_axis',(0.,-1.,0.));
#1820=DIRECTION('ref_axis',(-1.,0.,0.));
#1821=DIRECTION('center_axis',(0.,-1.,0.));
#1822=DIRECTION('ref_axis',(-1.,0.,0.));
#1823=DIRECTION('',(0.,-1.,0.));
#1824=DIRECTION('center_axis',(3.20733620596964E-34,1.,-3.61243934259812E-17));
#1825=DIRECTION('ref_axis',(-1.,0.,0.));
#1826=DIRECTION('center_axis',(-3.20733620596964E-34,-1.,3.61243934259812E-17));
#1827=DIRECTION('ref_axis',(1.,-3.20733620596964E-34,1.15863074953841E-50));
#1828=DIRECTION('',(-1.,3.20733620596964E-34,3.45295370044256E-48));
#1829=DIRECTION('',(1.,-3.20733620596964E-34,0.));
#1830=DIRECTION('',(0.,3.61243934259812E-17,1.));
#1831=DIRECTION('center_axis',(-3.20733620596964E-34,-1.,3.61243934259812E-17));
#1832=DIRECTION('ref_axis',(-1.,2.5548503057721E-34,-1.80621967129906E-18));
#1833=DIRECTION('center_axis',(-3.20733620596964E-34,-1.,3.61243934259812E-17));
#1834=DIRECTION('ref_axis',(-1.,1.96450591987909E-34,-3.44041842152202E-18));
#1835=DIRECTION('center_axis',(-3.20733620596964E-34,-1.,3.61243934259812E-17));
#1836=DIRECTION('ref_axis',(-1.,1.96450591987909E-34,-3.44041842152202E-18));
#1837=DIRECTION('center_axis',(0.,0.,1.));
#1838=DIRECTION('ref_axis',(0.,1.,0.));
#1839=DIRECTION('center_axis',(0.,0.,1.));
#1840=DIRECTION('ref_axis',(0.707106781186548,0.707106781186547,0.));
#1841=DIRECTION('',(0.,1.,0.));
#1842=DIRECTION('',(-1.,0.,0.));
#1843=DIRECTION('',(0.,-1.,0.));
#1844=DIRECTION('',(-1.,0.,0.));
#1845=DIRECTION('center_axis',(0.,0.,-1.));
#1846=DIRECTION('ref_axis',(0.707106781186546,-0.707106781186549,0.));
#1847=DIRECTION('',(0.,-1.,0.));
#1848=DIRECTION('center_axis',(0.,0.,1.));
#1849=DIRECTION('ref_axis',(-0.707106781186551,0.707106781186544,0.));
#1850=DIRECTION('',(-1.,0.,0.));
#1851=DIRECTION('center_axis',(0.,-1.,0.));
#1852=DIRECTION('ref_axis',(0.,0.,1.));
#1853=DIRECTION('center_axis',(0.,1.,0.));
#1854=DIRECTION('ref_axis',(-1.,0.,0.));
#1855=DIRECTION('',(0.,0.,1.));
#1856=DIRECTION('',(1.,0.,0.));
#1857=DIRECTION('center_axis',(0.,-8.42902513272897E-17,1.));
#1858=DIRECTION('ref_axis',(0.707106781186546,-0.707106781186549,0.));
#1859=DIRECTION('',(0.,-8.42902513272897E-17,1.));
#1860=DIRECTION('center_axis',(0.,0.,-1.));
#1861=DIRECTION('ref_axis',(0.,-1.,0.));
#1862=DIRECTION('',(0.,8.42902513272897E-17,-1.));
#1863=DIRECTION('center_axis',(0.,1.,8.42902513272897E-17));
#1864=DIRECTION('ref_axis',(-1.,0.,0.));
#1865=DIRECTION('center_axis',(0.,1.,8.42902513272897E-17));
#1866=DIRECTION('ref_axis',(0.869038565495631,-4.17021255892957E-17,0.494744349822508));
#1867=DIRECTION('',(0.,8.42902513272897E-17,-1.));
#1868=DIRECTION('',(-1.,0.,0.));
#1869=DIRECTION('center_axis',(0.,1.,8.42902513272897E-17));
#1870=DIRECTION('ref_axis',(-1.,6.76652044649301E-34,-8.0276429835514E-18));
#1871=DIRECTION('center_axis',(0.,1.,8.42902513272897E-17));
#1872=DIRECTION('ref_axis',(-1.,3.55242323440883E-34,-4.21451256636449E-18));
#1873=DIRECTION('center_axis',(0.,1.,8.42902513272897E-17));
#1874=DIRECTION('ref_axis',(-1.,6.76652044649301E-34,-8.0276429835514E-18));
#1875=DIRECTION('center_axis',(0.,1.,8.42902513272897E-17));
#1876=DIRECTION('ref_axis',(0.,-8.4342220836754E-17,1.));
#1877=DIRECTION('center_axis',(0.,-1.,-8.42902513272897E-17));
#1878=DIRECTION('ref_axis',(0.869038565495631,-4.29432192572913E-17,0.494744349822508));
#1879=DIRECTION('center_axis',(0.,1.,8.42902513272897E-17));
#1880=DIRECTION('ref_axis',(0.,-8.56563441758844E-17,1.));
#1881=DIRECTION('center_axis',(0.,-1.,-8.42902513272897E-17));
#1882=DIRECTION('ref_axis',(0.872074145393433,-4.17601352626335E-17,0.489373768132614));
#1883=DIRECTION('center_axis',(0.,-1.,0.));
#1884=DIRECTION('ref_axis',(0.872074145393432,0.,0.489373768132615));
#1885=DIRECTION('',(0.,1.,0.));
#1886=DIRECTION('center_axis',(0.,1.,-3.61243934259812E-17));
#1887=DIRECTION('ref_axis',(0.872074145393433,1.78972008268429E-17,0.489373768132615));
#1888=DIRECTION('',(0.,-1.,0.));
#1889=DIRECTION('center_axis',(0.,0.,-1.));
#1890=DIRECTION('ref_axis',(0.,-1.,0.));
#1891=DIRECTION('',(-1.,0.,0.));
#1892=DIRECTION('',(0.,-1.,0.));
#1893=DIRECTION('',(-1.,0.,0.));
#1894=DIRECTION('',(0.,-1.,0.));
#1895=DIRECTION('',(-1.,0.,0.));
#1896=DIRECTION('',(0.,-1.,0.));
#1897=DIRECTION('',(1.,0.,0.));
#1898=DIRECTION('',(0.,-1.,0.));
#1899=DIRECTION('center_axis',(0.,0.,1.));
#1900=DIRECTION('ref_axis',(0.,1.,0.));
#1901=DIRECTION('',(0.,1.,0.));
#1902=DIRECTION('',(-1.,0.,0.));
#1903=DIRECTION('',(0.,1.,0.));
#1904=DIRECTION('',(-1.,0.,0.));
#1905=DIRECTION('center_axis',(0.,-1.,0.));
#1906=DIRECTION('ref_axis',(0.,0.,1.));
#1907=DIRECTION('',(0.,0.,1.));
#1908=DIRECTION('',(0.,0.,1.));
#1909=DIRECTION('center_axis',(0.,1.,0.));
#1910=DIRECTION('ref_axis',(0.,0.,-1.));
#1911=DIRECTION('',(0.,0.,-1.));
#1912=DIRECTION('',(0.,0.,-1.));
#1913=DIRECTION('center_axis',(1.,0.,0.));
#1914=DIRECTION('ref_axis',(0.,0.,-1.));
#1915=DIRECTION('center_axis',(-1.,0.,0.));
#1916=DIRECTION('ref_axis',(0.,0.,1.));
#1917=DIRECTION('',(0.,5.44226972855469E-17,1.));
#1918=DIRECTION('',(0.,-1.08845394571094E-16,-1.));
#1919=DIRECTION('center_axis',(0.,-1.,-9.63317158026168E-17));
#1920=DIRECTION('ref_axis',(0.627569264779365,0.,0.778560734884754));
#1921=DIRECTION('center_axis',(0.,1.,-5.44226972855469E-17));
#1922=DIRECTION('ref_axis',(0.627569264779367,0.,0.778560734884752));
#1923=DIRECTION('center_axis',(0.,0.,1.));
#1924=DIRECTION('ref_axis',(1.,6.66133814775088E-15,0.));
#1925=DIRECTION('center_axis',(0.,-1.,-9.63317158026168E-17));
#1926=DIRECTION('ref_axis',(0.627569264779368,-7.50000914479943E-17,0.778560734884751));
#1927=DIRECTION('center_axis',(-0.977201575955418,0.,-0.212313635808554));
#1928=DIRECTION('ref_axis',(-0.212313635808554,-2.73855012740853E-14,0.977201575955418));
#1929=DIRECTION('center_axis',(0.,1.,-5.44226972855469E-17));
#1930=DIRECTION('ref_axis',(0.627569264779367,0.,0.778560734884752));
#1931=DIRECTION('center_axis',(0.,1.,-1.08845394571094E-16));
#1932=DIRECTION('ref_axis',(0.,1.08845394571094E-16,1.));
#1933=DIRECTION('center_axis',(0.,-1.,1.08845394571094E-16));
#1934=DIRECTION('ref_axis',(0.627569264779367,0.,0.778560734884752));
#1935=DIRECTION('',(0.,1.08845394571094E-16,1.));
#1936=DIRECTION('',(1.,0.,0.));
#1937=DIRECTION('',(0.,1.08845394571094E-16,1.));
#1938=DIRECTION('center_axis',(0.,-1.,1.08845394571094E-16));
#1939=DIRECTION('ref_axis',(-1.,0.,0.));
#1940=DIRECTION('center_axis',(0.,-1.,1.08845394571094E-16));
#1941=DIRECTION('ref_axis',(0.627569264779367,0.,0.778560734884752));
#1942=DIRECTION('center_axis',(0.,2.22044604925031E-16,-1.));
#1943=DIRECTION('ref_axis',(0.,-1.,-2.22044604925031E-16));
#1944=DIRECTION('center_axis',(0.,2.22044604925031E-16,-1.));
#1945=DIRECTION('ref_axis',(0.707106781186548,0.707106781186547,0.));
#1946=DIRECTION('',(1.,0.,0.));
#1947=DIRECTION('',(0.,-1.,-2.22044604925031E-16));
#1948=DIRECTION('',(-1.,0.,0.));
#1949=DIRECTION('',(0.,-1.,-2.22044604925031E-16));
#1950=DIRECTION('center_axis',(0.,2.22044604925031E-16,-1.));
#1951=DIRECTION('ref_axis',(0.,-1.,-2.22044604925031E-16));
#1952=DIRECTION('',(-1.,0.,0.));
#1953=DIRECTION('center_axis',(0.,2.22044604925031E-16,-1.));
#1954=DIRECTION('ref_axis',(0.707106781186549,-0.707106781186546,0.));
#1955=DIRECTION('',(0.,-1.,-2.22044604925031E-16));
#1956=DIRECTION('',(-1.,0.,0.));
#1957=DIRECTION('',(0.,-1.,-2.22044604925031E-16));
#1958=DIRECTION('center_axis',(-1.,0.,0.));
#1959=DIRECTION('ref_axis',(0.,0.,1.));
#1960=DIRECTION('',(0.,-2.75831807360287E-17,-1.));
#1961=DIRECTION('',(0.,1.,0.));
#1962=DIRECTION('',(0.,0.,-1.));
#1963=DIRECTION('center_axis',(0.,0.,1.));
#1964=DIRECTION('ref_axis',(0.,1.,0.));
#1965=DIRECTION('center_axis',(0.,0.,1.));
#1966=DIRECTION('ref_axis',(0.707106781186548,0.707106781186547,0.));
#1967=DIRECTION('',(0.,1.,0.));
#1968=DIRECTION('',(-1.,0.,0.));
#1969=DIRECTION('',(-1.,0.,0.));
#1970=DIRECTION('center_axis',(0.,1.,0.));
#1971=DIRECTION('ref_axis',(0.,0.,-1.));
#1972=DIRECTION('',(0.,0.,-1.));
#1973=DIRECTION('center_axis',(0.,0.,1.));
#1974=DIRECTION('ref_axis',(0.,1.,0.));
#1975=DIRECTION('',(1.,0.,0.));
#1976=DIRECTION('',(0.,1.,0.));
#1977=DIRECTION('',(-1.,0.,0.));
#1978=DIRECTION('',(0.,1.,0.));
#1979=DIRECTION('center_axis',(0.,0.,1.));
#1980=DIRECTION('ref_axis',(0.707106781186549,-0.707106781186546,0.));
#1981=DIRECTION('center_axis',(0.,-1.,-5.55111512312578E-17));
#1982=DIRECTION('ref_axis',(0.,-5.55111512312578E-17,1.));
#1983=DIRECTION('',(0.,-5.55111512312578E-17,1.));
#1984=DIRECTION('',(0.,-5.55111512312578E-17,1.));
#1985=DIRECTION('center_axis',(-1.,0.,0.));
#1986=DIRECTION('ref_axis',(0.,0.,1.));
#1987=DIRECTION('',(0.,4.13747711040431E-17,1.));
#1988=DIRECTION('center_axis',(0.,1.,-4.13747711040431E-17));
#1989=DIRECTION('ref_axis',(0.,-4.13747711040431E-17,-1.));
#1990=DIRECTION('',(0.,-2.40829289506542E-17,-1.));
#1991=DIRECTION('',(1.,0.,0.));
#1992=DIRECTION('center_axis',(0.,-1.,4.13747711040431E-17));
#1993=DIRECTION('ref_axis',(0.707106781186549,2.92563812177101E-17,0.707106781186546));
#1994=DIRECTION('',(0.,4.13747711040431E-17,1.));
#1995=DIRECTION('',(-1.,0.,0.));
#1996=DIRECTION('',(0.,-2.40829289506542E-17,-1.));
#1997=DIRECTION('center_axis',(0.,-2.40829289506542E-17,-1.));
#1998=DIRECTION('ref_axis',(0.707106781186549,-0.707106781186546,0.));
#1999=DIRECTION('',(0.,2.40829289506542E-17,1.));
#2000=DIRECTION('center_axis',(0.,0.,-1.));
#2001=DIRECTION('ref_axis',(1.,5.18104078158405E-15,0.));
#2002=DIRECTION('',(0.,-2.40829289506542E-17,-1.));
#2003=DIRECTION('center_axis',(0.,0.,-1.));
#2004=DIRECTION('ref_axis',(0.645497224367903,-0.763762615825973,0.));
#2005=DIRECTION('center_axis',(0.,-9.63317158026168E-17,1.));
#2006=DIRECTION('ref_axis',(0.707106781186548,0.707106781186547,0.));
#2007=DIRECTION('',(0.,-9.63317158026168E-17,1.));
#2008=DIRECTION('center_axis',(0.,0.,-1.));
#2009=DIRECTION('ref_axis',(0.645497224367898,0.763762615825978,0.));
#2010=DIRECTION('',(0.,-9.63317158026168E-17,1.));
#2011=DIRECTION('',(0.,-5.44226972855469E-17,-1.));
#2012=DIRECTION('',(0.,9.63317158026168E-17,-1.));
#2013=DIRECTION('center_axis',(0.,-9.63317158026168E-17,1.));
#2014=DIRECTION('ref_axis',(0.707106781186548,0.707106781186547,0.));
#2015=DIRECTION('',(0.,-9.63317158026168E-17,1.));
#2016=DIRECTION('',(0.,9.63317158026168E-17,-1.));
#2017=DIRECTION('center_axis',(0.,1.,8.42902513272897E-17));
#2018=DIRECTION('ref_axis',(0.,-8.43769498715118E-17,1.));
#2019=DIRECTION('center_axis',(0.,-1.,-8.42902513272897E-17));
#2020=DIRECTION('ref_axis',(-1.,0.,-8.0276429835514E-18));
#2021=DIRECTION('center_axis',(-1.,0.,0.));
#2022=DIRECTION('ref_axis',(0.,8.32667268468867E-17,-1.));
#2023=DIRECTION('center_axis',(0.,-1.,-8.42902513272897E-17));
#2024=DIRECTION('ref_axis',(-1.,0.,-8.0276429835514E-18));
#2025=DIRECTION('center_axis',(0.,-1.,-8.41078048958452E-17));
#2026=DIRECTION('ref_axis',(-1.,0.,0.));
#2027=DIRECTION('',(0.,-1.,-8.41078048958452E-17));
#2028=DIRECTION('center_axis',(3.20733620596964E-34,1.,-3.61243934259812E-17));
#2029=DIRECTION('ref_axis',(-1.,0.,-3.44041842152202E-18));
#2030=DIRECTION('center_axis',(3.20733620596964E-34,1.,-3.61243934259812E-17));
#2031=DIRECTION('ref_axis',(-1.,0.,-3.44041842152202E-18));
#2032=DIRECTION('center_axis',(-3.20733620596964E-34,-1.,3.61243934259812E-17));
#2033=DIRECTION('ref_axis',(0.,-3.5527136788005E-17,-1.));
#2034=DIRECTION('center_axis',(-1.,3.20733620596964E-34,-1.24630047625349E-50));
#2035=DIRECTION('ref_axis',(0.,3.88578058618805E-17,1.));
#2036=DIRECTION('center_axis',(-3.20733620596964E-34,-1.,3.61243934259812E-17));
#2037=DIRECTION('ref_axis',(0.,-3.5325278056255E-17,-1.));
#2038=DIRECTION('center_axis',(3.20733620596964E-34,1.,-3.61243934259812E-17));
#2039=DIRECTION('ref_axis',(-1.,0.,-1.80621967129906E-18));
#2040=DIRECTION('center_axis',(-1.,3.20733620596964E-34,-1.11276828236918E-50));
#2041=DIRECTION('ref_axis',(0.,3.46944695195361E-17,1.));
#2042=DIRECTION('center_axis',(3.20733620596964E-34,1.,-3.61243934259812E-17));
#2043=DIRECTION('ref_axis',(-1.,0.,-1.80621967129906E-18));
#2044=DIRECTION('center_axis',(0.,-1.,-1.6821560979169E-16));
#2045=DIRECTION('ref_axis',(-1.,0.,0.));
#2046=DIRECTION('center_axis',(0.,-1.,-8.42902513272897E-17));
#2047=DIRECTION('ref_axis',(-1.,0.,-4.21451256636449E-18));
#2048=DIRECTION('',(0.,-1.,-1.6821560979169E-16));
#2049=DIRECTION('center_axis',(0.,-1.,-8.42902513272897E-17));
#2050=DIRECTION('ref_axis',(-1.,0.,-4.21451256636449E-18));
#2051=DIRECTION('center_axis',(-3.20733620596964E-34,-1.,3.61243934259812E-17));
#2052=DIRECTION('ref_axis',(0.,-3.5527136788005E-17,-1.));
#2053=DIRECTION('center_axis',(3.20733620596964E-34,1.,-3.61243934259812E-17));
#2054=DIRECTION('ref_axis',(-1.,0.,-3.44041842152202E-18));
#2055=DIRECTION('center_axis',(-1.,3.20733620596964E-34,-1.24630047625349E-50));
#2056=DIRECTION('ref_axis',(0.,3.88578058618805E-17,1.));
#2057=DIRECTION('center_axis',(3.20733620596964E-34,1.,-3.61243934259812E-17));
#2058=DIRECTION('ref_axis',(-1.,0.,-3.44041842152202E-18));
#2059=DIRECTION('center_axis',(0.,-1.,0.));
#2060=DIRECTION('ref_axis',(-1.,0.,0.));
#2061=DIRECTION('center_axis',(0.,-1.,-8.42902513272897E-17));
#2062=DIRECTION('ref_axis',(-1.,0.,-8.0276429835514E-18));
#2063=DIRECTION('',(0.,-1.,0.));
#2064=DIRECTION('center_axis',(0.,-1.,-8.42902513272897E-17));
#2065=DIRECTION('ref_axis',(-1.,0.,-8.0276429835514E-18));
#2066=DIRECTION('center_axis',(0.,1.,8.42902513272897E-17));
#2067=DIRECTION('ref_axis',(0.,-8.43769498715119E-17,1.));
#2068=DIRECTION('center_axis',(-1.,0.,0.));
#2069=DIRECTION('ref_axis',(0.,8.32667268468867E-17,-1.));
#2070=DIRECTION('center_axis',(0.,1.,8.42902513272897E-17));
#2071=DIRECTION('ref_axis',(0.,-8.57899609937621E-17,1.));
#2072=DIRECTION('center_axis',(-1.,0.,0.));
#2073=DIRECTION('ref_axis',(0.,8.51591524570433E-17,-1.));
#2074=DIRECTION('center_axis',(1.,0.,0.));
#2075=DIRECTION('ref_axis',(0.,1.,-3.5527136788005E-14));
#2076=DIRECTION('center_axis',(-1.,0.,0.));
#2077=DIRECTION('ref_axis',(0.,0.707106781186554,0.707106781186541));
#2078=DIRECTION('center_axis',(1.,0.,0.));
#2079=DIRECTION('ref_axis',(0.,1.,0.));
#2080=DIRECTION('',(-1.,0.,0.));
#2081=DIRECTION('center_axis',(0.,-1.,4.13747711040431E-17));
#2082=DIRECTION('ref_axis',(0.,0.,-1.));
#2083=DIRECTION('center_axis',(0.,1.,-4.13747711040431E-17));
#2084=DIRECTION('ref_axis',(0.707106781186549,3.19029604777343E-17,0.707106781186546));
#2085=DIRECTION('center_axis',(0.,0.,-1.));
#2086=DIRECTION('ref_axis',(0.,-1.,0.));
#2087=DIRECTION('center_axis',(-1.,0.,-1.74082970261225E-12));
#2088=DIRECTION('ref_axis',(0.,-1.,0.));
#2089=DIRECTION('center_axis',(-1.,0.,0.));
#2090=DIRECTION('ref_axis',(0.,-0.707106781186544,0.707106781186551));
#2091=DIRECTION('center_axis',(-1.,0.,0.));
#2092=DIRECTION('ref_axis',(0.,-1.,0.));
#2093=DIRECTION('',(1.,0.,0.));
#2094=DIRECTION('',(-1.,0.,0.));
#2095=DIRECTION('center_axis',(0.,1.,-2.75831807360287E-17));
#2096=DIRECTION('ref_axis',(0.,0.,1.));
#2097=DIRECTION('center_axis',(0.,1.,-2.75831807360287E-17));
#2098=DIRECTION('ref_axis',(0.707106781186547,1.95042541451401E-17,0.707106781186547));
#2099=DIRECTION('center_axis',(0.,0.,1.));
#2100=DIRECTION('ref_axis',(0.,1.,0.));
#2101=DIRECTION('center_axis',(0.,-1.,2.75831807360287E-17));
#2102=DIRECTION('ref_axis',(0.707106781186547,1.59514802388672E-17,0.707106781186547));
#2103=DIRECTION('center_axis',(0.,-1.,2.75831807360287E-17));
#2104=DIRECTION('ref_axis',(0.,2.75831807360287E-17,1.));
#2105=DIRECTION('',(0.,-2.75831807360287E-17,-1.));
#2106=DIRECTION('center_axis',(0.,4.13747711040431E-17,1.));
#2107=DIRECTION('ref_axis',(-0.707106781186554,-0.707106781186541,0.));
#2108=DIRECTION('center_axis',(0.,-1.07657990266682E-14,1.));
#2109=DIRECTION('ref_axis',(-0.707106781186554,-0.707106781186541,0.));
#2110=DIRECTION('',(0.,-4.13747711040431E-17,-1.));
#2111=DIRECTION('center_axis',(0.,1.07657990266682E-14,-1.));
#2112=DIRECTION('ref_axis',(0.,1.,1.07657990266682E-14));
#2113=DIRECTION('',(0.,1.,1.07657990266682E-14));
#2114=DIRECTION('center_axis',(0.,-1.07657990266682E-14,1.));
#2115=DIRECTION('ref_axis',(0.707106781186549,-0.707106781186546,0.));
#2116=DIRECTION('',(0.,1.,1.07657990266682E-14));
#2117=DIRECTION('center_axis',(1.,0.,0.));
#2118=DIRECTION('ref_axis',(0.,-0.707106781186554,-0.707106781186541));
#2119=DIRECTION('center_axis',(1.,0.,0.));
#2120=DIRECTION('ref_axis',(0.,-0.707106781186554,-0.707106781186541));
#2121=DIRECTION('',(1.,0.,0.));
#2122=DIRECTION('center_axis',(-1.,0.,0.));
#2123=DIRECTION('ref_axis',(0.,0.,-1.));
#2124=DIRECTION('',(-1.,0.,0.));
#2125=DIRECTION('center_axis',(0.,0.,1.));
#2126=DIRECTION('ref_axis',(1.,0.,0.));
#2127=DIRECTION('center_axis',(0.,0.,1.));
#2128=DIRECTION('ref_axis',(0.645497224367903,-0.763762615825974,0.));
#2129=DIRECTION('center_axis',(0.,0.,1.));
#2130=DIRECTION('ref_axis',(1.,0.,0.));
#2131=DIRECTION('',(0.,-1.,0.));
#2132=DIRECTION('',(-1.,3.20733620596964E-34,0.));
#2133=DIRECTION('',(0.,1.,0.));
#2134=DIRECTION('center_axis',(1.,0.,0.));
#2135=DIRECTION('ref_axis',(0.,-8.42902513272897E-17,1.));
#2136=DIRECTION('',(0.,-2.40829289506542E-17,-1.));
#2137=DIRECTION('',(0.,1.,0.));
#2138=DIRECTION('',(0.,-9.63317158026168E-17,1.));
#2139=DIRECTION('center_axis',(1.,0.,0.));
#2140=DIRECTION('ref_axis',(0.,0.707106781186541,-0.707106781186554));
#2141=DIRECTION('',(0.,-1.,0.));
#2142=DIRECTION('center_axis',(-1.,0.,0.));
#2143=DIRECTION('ref_axis',(0.,-0.707106781186547,0.707106781186548));
#2144=DIRECTION('center_axis',(-1.,0.,0.));
#2145=DIRECTION('ref_axis',(0.,0.707106781186547,0.707106781186548));
#2146=DIRECTION('center_axis',(0.,-1.,2.40829289506542E-17));
#2147=DIRECTION('ref_axis',(0.,-2.40829289506542E-17,-1.));
#2148=DIRECTION('center_axis',(0.,1.,-2.40829289506542E-17));
#2149=DIRECTION('ref_axis',(0.627569264779368,1.87500228619985E-17,0.778560734884751));
#2150=DIRECTION('center_axis',(0.,-1.,2.40829289506542E-17));
#2151=DIRECTION('ref_axis',(0.17876659056149,-2.36949893629012E-17,-0.983891511346155));
#2152=DIRECTION('',(0.,-2.40829289506542E-17,-1.));
#2153=DIRECTION('',(-1.,0.,0.));
#2154=DIRECTION('center_axis',(0.,-2.75831807360287E-17,-1.));
#2155=DIRECTION('ref_axis',(-0.707106781186551,0.707106781186544,0.));
#2156=DIRECTION('',(0.,2.75831807360287E-17,1.));
#2157=DIRECTION('center_axis',(0.,0.,1.));
#2158=DIRECTION('ref_axis',(1.,0.,0.));
#2159=DIRECTION('center_axis',(0.,0.,1.));
#2160=DIRECTION('ref_axis',(0.645497224367898,0.763762615825978,0.));
#2161=DIRECTION('center_axis',(1.,0.,0.));
#2162=DIRECTION('ref_axis',(0.,0.,-1.));
#2163=DIRECTION('center_axis',(-1.,0.,0.));
#2164=DIRECTION('ref_axis',(0.,0.707106781186541,-0.707106781186554));
#2165=DIRECTION('',(1.,0.,0.));
#2166=DIRECTION('',(-1.,0.,0.));
#2167=DIRECTION('center_axis',(0.,0.,1.));
#2168=DIRECTION('ref_axis',(-1.,0.,0.));
#2169=DIRECTION('',(0.,1.,0.));
#2170=DIRECTION('',(1.,0.,0.));
#2171=DIRECTION('center_axis',(0.,-1.,-9.63317158026168E-17));
#2172=DIRECTION('ref_axis',(0.,9.60873615524815E-17,-1.));
#2173=DIRECTION('center_axis',(0.,1.,-5.44226972855469E-17));
#2174=DIRECTION('ref_axis',(-1.,0.,0.));
#2175=DIRECTION('center_axis',(0.,1.,9.63317158026168E-17));
#2176=DIRECTION('ref_axis',(0.17876659056149,9.47799574516049E-17,-0.983891511346155));
#2177=DIRECTION('center_axis',(1.,0.,0.));
#2178=DIRECTION('ref_axis',(0.,-8.42902513272897E-17,1.));
#2179=DIRECTION('',(0.,-9.63317158026168E-17,1.));
#2180=DIRECTION('',(0.,-1.,0.));
#2181=DIRECTION('',(0.,-5.44226972855469E-17,-1.));
#2182=DIRECTION('center_axis',(0.,1.,9.63317158026168E-17));
#2183=DIRECTION('ref_axis',(0.,-9.63317158026168E-17,1.));
#2184=DIRECTION('',(1.,0.,0.));
#2185=DIRECTION('center_axis',(0.,-2.40829289506542E-17,-1.));
#2186=DIRECTION('ref_axis',(0.707106781186549,-0.707106781186546,0.));
#2187=DIRECTION('',(0.,2.40829289506542E-17,1.));
#2188=DIRECTION('center_axis',(0.,1.,-2.40829289506542E-17));
#2189=DIRECTION('ref_axis',(0.,0.,1.));
#2190=DIRECTION('center_axis',(0.977201575955415,0.,0.212313635808567));
#2191=DIRECTION('ref_axis',(-0.212313635808567,-1.99840144432526E-14,0.977201575955415));
#2192=DIRECTION('center_axis',(0.,1.,-2.40829289506542E-17));
#2193=DIRECTION('ref_axis',(0.,2.27575329992719E-17,1.));
#2194=DIRECTION('center_axis',(1.,0.,0.));
#2195=DIRECTION('ref_axis',(0.,-3.61243934259812E-17,-1.));
#2196=DIRECTION('',(0.,1.,0.));
#2197=DIRECTION('center_axis',(0.,-1.,0.));
#2198=DIRECTION('ref_axis',(0.707106781186547,0.,0.707106781186547));
#2199=DIRECTION('',(0.,-1.,0.));
#2200=DIRECTION('center_axis',(0.,1.,0.));
#2201=DIRECTION('ref_axis',(1.,0.,0.));
#2202=DIRECTION('center_axis',(0.,1.,0.));
#2203=DIRECTION('ref_axis',(0.707106781186546,0.,0.707106781186549));
#2204=DIRECTION('center_axis',(2.55223683821875E-16,-1.,0.));
#2205=DIRECTION('ref_axis',(0.,0.,1.));
#2206=DIRECTION('',(0.,-1.,0.));
#2207=DIRECTION('center_axis',(-1.,0.,0.));
#2208=DIRECTION('ref_axis',(0.,0.,-1.));
#2209=DIRECTION('center_axis',(-1.,0.,0.));
#2210=DIRECTION('ref_axis',(0.,0.,-1.));
#2211=DIRECTION('',(0.707106781186548,-8.65956056235492E-17,-0.707106781186547));
#2212=DIRECTION('center_axis',(1.,0.,0.));
#2213=DIRECTION('ref_axis',(0.,0.,-1.));
#2214=DIRECTION('center_axis',(1.,0.,0.));
#2215=DIRECTION('ref_axis',(0.,-3.61243934259812E-17,-1.));
#2216=DIRECTION('center_axis',(-1.,0.,0.));
#2217=DIRECTION('ref_axis',(0.,0.,1.));
#2218=DIRECTION('center_axis',(-1.,0.,0.));
#2219=DIRECTION('ref_axis',(0.,0.,-1.));
#2220=DIRECTION('center_axis',(-1.,0.,0.));
#2221=DIRECTION('ref_axis',(0.,0.,-1.));
#2222=DIRECTION('',(-1.,0.,0.));
#2223=DIRECTION('center_axis',(1.,0.,0.));
#2224=DIRECTION('ref_axis',(0.,-8.42902513272897E-17,1.));
#2225=DIRECTION('center_axis',(-1.,0.,0.));
#2226=DIRECTION('ref_axis',(0.,0.,1.));
#2227=DIRECTION('center_axis',(0.408248290463863,0.408248290463862,-0.816496580927726));
#2228=DIRECTION('ref_axis',(0.577350269189628,0.577350269189626,0.577350269189624));
#2229=DIRECTION('center_axis',(-1.,0.,0.));
#2230=DIRECTION('ref_axis',(0.,1.,0.));
#2231=DIRECTION('center_axis',(1.,-3.20733620596964E-34,0.));
#2232=DIRECTION('ref_axis',(0.,0.707106781186547,0.707106781186548));
#2233=DIRECTION('center_axis',(0.408248290463862,-0.408248290463861,-0.816496580927727));
#2234=DIRECTION('ref_axis',(0.577350269189627,-0.577350269189627,0.577350269189624));
#2235=DIRECTION('center_axis',(-1.,0.,0.));
#2236=DIRECTION('ref_axis',(0.,0.,1.));
#2237=DIRECTION('center_axis',(-1.,0.,0.));
#2238=DIRECTION('ref_axis',(0.,-0.707106781186547,0.707106781186548));
#2239=DIRECTION('center_axis',(0.,-1.,3.61243934259812E-17));
#2240=DIRECTION('ref_axis',(0.,-3.58199257462789E-17,-1.));
#2241=DIRECTION('center_axis',(0.,-1.,5.44226972855469E-17));
#2242=DIRECTION('ref_axis',(0.,-5.44226972855469E-17,-1.));
#2243=DIRECTION('',(1.,0.,0.));
#2244=DIRECTION('center_axis',(0.,0.,1.));
#2245=DIRECTION('ref_axis',(0.,-1.,0.));
#2246=DIRECTION('',(0.,-1.,0.));
#2247=DIRECTION('center_axis',(1.,0.,0.));
#2248=DIRECTION('ref_axis',(0.,0.,-1.));
#2249=CARTESIAN_POINT('',(0.,0.,0.));
#2250=CARTESIAN_POINT('Origin',(151.,-1.5,-82.2));
#2251=CARTESIAN_POINT('',(148.165030741123,-2.5,-79.3781301764211));
#2252=CARTESIAN_POINT('',(150.375053430267,-1.5,-78.2491213907562));
#2253=CARTESIAN_POINT('Ctrl Pts',(148.165030741123,-2.5,-79.3781301764211));
#2254=CARTESIAN_POINT('Ctrl Pts',(148.337718973203,-2.30311735681852,-79.2046403062561));
#2255=CARTESIAN_POINT('Ctrl Pts',(148.539524029677,-2.12565761279379,-79.0341691151122));
#2256=CARTESIAN_POINT('Ctrl Pts',(148.993356083291,-1.82962330646731,-78.7291994000849));
#2257=CARTESIAN_POINT('Ctrl Pts',(149.244313163753,-1.70974388548078,-78.5937613808449));
#2258=CARTESIAN_POINT('Ctrl Pts',(149.789510562038,-1.54454344358322,-78.3764460851076));
#2259=CARTESIAN_POINT('Ctrl Pts',(150.077118312014,-1.5,-78.2962485107137));
#2260=CARTESIAN_POINT('Ctrl Pts',(150.375053430267,-1.50000000000001,-78.2491213907563));
#2261=CARTESIAN_POINT('',(148.165030741123,-2.5,-85.0218698235788));
#2262=CARTESIAN_POINT('Ctrl Pts',(148.165030741123,-2.50000000000001,-85.0218698235788));
#2263=CARTESIAN_POINT('Ctrl Pts',(148.098577461651,-2.57576368784943,-84.9551080605518));
#2264=CARTESIAN_POINT('Ctrl Pts',(148.02567514845,-2.64337631765853,-84.8772375280607));
#2265=CARTESIAN_POINT('Ctrl Pts',(147.790703235442,-2.82247900605611,-84.6000107539293));
#2266=CARTESIAN_POINT('Ctrl Pts',(147.624848694674,-2.89826343765584,-84.3702187075756));
#2267=CARTESIAN_POINT('Ctrl Pts',(147.3150088663,-2.98896305468579,-83.7920600518789));
#2268=CARTESIAN_POINT('Ctrl Pts',(147.182191129231,-2.99830400440339,-83.4536450918583));
#2269=CARTESIAN_POINT('Ctrl Pts',(147.028805437591,-3.00099139529931,-82.7729070103657));
#2270=CARTESIAN_POINT('Ctrl Pts',(146.99592398957,-2.99791520001742,-82.459053541806));
#2271=CARTESIAN_POINT('Ctrl Pts',(147.004940710799,-2.99837683881598,-81.8232495111015));
#2272=CARTESIAN_POINT('Ctrl Pts',(147.04777736989,-3.00200372599851,-81.5065413045886));
#2273=CARTESIAN_POINT('Ctrl Pts',(147.22218207683,-2.99532811764807,-80.8318462478562));
#2274=CARTESIAN_POINT('Ctrl Pts',(147.362978307,-2.98078962980342,-80.5023497972741));
#2275=CARTESIAN_POINT('Ctrl Pts',(147.66325881503,-2.88013093143862,-79.977188610065));
#2276=CARTESIAN_POINT('Ctrl Pts',(147.807498176377,-2.80911758349756,-79.7805607399589));
#2277=CARTESIAN_POINT('Ctrl Pts',(148.023752811154,-2.64514890627438,-79.5248182235914));
#2278=CARTESIAN_POINT('Ctrl Pts',(148.097675501651,-2.5767920165707,-79.4457980864475));
#2279=CARTESIAN_POINT('Ctrl Pts',(148.165030741123,-2.5,-79.3781301764211));
#2280=CARTESIAN_POINT('',(150.375053430267,-1.5,-86.1508786092437));
#2281=CARTESIAN_POINT('Ctrl Pts',(150.375053430267,-1.5,-86.1508786092436));
#2282=CARTESIAN_POINT('Ctrl Pts',(150.167135989165,-1.5,-86.1179904077938));
#2283=CARTESIAN_POINT('Ctrl Pts',(149.963558239934,-1.52174361074065,-86.068922858598));
#2284=CARTESIAN_POINT('Ctrl Pts',(149.548780444518,-1.6088784517988,-85.9345001623734));
#2285=CARTESIAN_POINT('Ctrl Pts',(149.342690044079,-1.67796912986988,-85.8469556155845));
#2286=CARTESIAN_POINT('Ctrl Pts',(148.758048978968,-1.94529625695268,-85.5420938806164));
#2287=CARTESIAN_POINT('Ctrl Pts',(148.427527166538,-2.20072662486094,-85.2855847867554));
#2288=CARTESIAN_POINT('Ctrl Pts',(148.165030741123,-2.50000000000001,-85.0218698235788));
#2289=CARTESIAN_POINT('Origin',(151.,-1.5,-82.2));
#2290=CARTESIAN_POINT('Origin',(151.,-1.5,-82.2));
#2291=CARTESIAN_POINT('',(152.65,-1.5,-78.5561695977996));
#2292=CARTESIAN_POINT('',(152.65,-1.5,-85.8438304022003));
#2293=CARTESIAN_POINT('Ctrl Pts',(152.65,-1.5,-78.5561695977996));
#2294=CARTESIAN_POINT('Ctrl Pts',(152.97750512125,-1.5,-78.7044705312724));
#2295=CARTESIAN_POINT('Ctrl Pts',(153.305115229862,-1.53945963004188,-78.9090707431846));
#2296=CARTESIAN_POINT('Ctrl Pts',(153.893448796183,-1.67021750187054,-79.410210376207));
#2297=CARTESIAN_POINT('Ctrl Pts',(154.151463368303,-1.76169081106754,-79.7101897790824));
#2298=CARTESIAN_POINT('Ctrl Pts',(154.547250755033,-1.9296424858497,-80.3163414323327));
#2299=CARTESIAN_POINT('Ctrl Pts',(154.718345489827,-2.02095579000138,-80.6737334967193));
#2300=CARTESIAN_POINT('Ctrl Pts',(154.944838017137,-2.15225009266609,-81.4293950356945));
#2301=CARTESIAN_POINT('Ctrl Pts',(155.,-2.18939895645535,-81.8282244894714));
#2302=CARTESIAN_POINT('Ctrl Pts',(155.,-2.18939895645535,-82.5717755105285));
#2303=CARTESIAN_POINT('Ctrl Pts',(154.944838017137,-2.15225009266609,-82.9706049643054));
#2304=CARTESIAN_POINT('Ctrl Pts',(154.718345489827,-2.02095579000138,-83.7262665032806));
#2305=CARTESIAN_POINT('Ctrl Pts',(154.547250755033,-1.9296424858497,-84.0836585676672));
#2306=CARTESIAN_POINT('Ctrl Pts',(154.151463368303,-1.76169081106754,-84.6898102209175));
#2307=CARTESIAN_POINT('Ctrl Pts',(153.893448796183,-1.67021750187053,-84.989789623793));
#2308=CARTESIAN_POINT('Ctrl Pts',(153.305115229862,-1.53945963004189,-85.4909292568153));
#2309=CARTESIAN_POINT('Ctrl Pts',(152.97750512125,-1.5,-85.6955294687275));
#2310=CARTESIAN_POINT('Ctrl Pts',(152.65,-1.5,-85.8438304022004));
#2311=CARTESIAN_POINT('Origin',(151.,-1.5,-82.2));
#2312=CARTESIAN_POINT('Origin',(152.65,-5.85,28.5500000000001));
#2313=CARTESIAN_POINT('',(152.65,-1.5,-92.2));
#2314=CARTESIAN_POINT('',(152.65,-1.5,28.5500000000001));
#2315=CARTESIAN_POINT('',(157.,-5.85,-92.2000000000001));
#2316=CARTESIAN_POINT('Origin',(152.65,-5.85,-92.2000000000002));
#2317=CARTESIAN_POINT('',(157.,-5.84999999999978,-85.1057055941716));
#2318=CARTESIAN_POINT('',(157.,-5.85,28.5500000000001));
#2319=CARTESIAN_POINT('',(157.,-5.85000000000039,-79.2942944058284));
#2320=CARTESIAN_POINT('Ctrl Pts',(157.,-5.84999999999978,-85.1057055941716));
#2321=CARTESIAN_POINT('Ctrl Pts',(157.,-5.84233028778111,-85.1026701286829));
#2322=CARTESIAN_POINT('Ctrl Pts',(156.999979715089,-5.83467177948327,-85.0996039734138));
#2323=CARTESIAN_POINT('Ctrl Pts',(156.997922053517,-5.44508860429303,-84.941837630373));
#2324=CARTESIAN_POINT('Ctrl Pts',(156.943249065133,-5.09401572958047,-84.7064047237427));
#2325=CARTESIAN_POINT('Ctrl Pts',(156.806033532209,-4.53241173435572,-84.1584031862557));
#2326=CARTESIAN_POINT('Ctrl Pts',(156.71333225723,-4.28669714338344,-83.806673729138));
#2327=CARTESIAN_POINT('Ctrl Pts',(156.571043568242,-3.95790958265509,-83.0301168367647));
#2328=CARTESIAN_POINT('Ctrl Pts',(156.525806367712,-3.87500000000001,-82.6044294732884));
#2329=CARTESIAN_POINT('Ctrl Pts',(156.525806367712,-3.87500000000001,-82.2000000000001));
#2330=CARTESIAN_POINT('Ctrl Pts',(156.525806367712,-3.87500000000001,-81.7955705267119));
#2331=CARTESIAN_POINT('Ctrl Pts',(156.571043568242,-3.95790958265509,-81.3698831632355));
#2332=CARTESIAN_POINT('Ctrl Pts',(156.71333225723,-4.28669714338344,-80.5933262708623));
#2333=CARTESIAN_POINT('Ctrl Pts',(156.806033532209,-4.53241173435572,-80.2415968137445));
#2334=CARTESIAN_POINT('Ctrl Pts',(156.943249065133,-5.09401572958047,-79.6935952762576));
#2335=CARTESIAN_POINT('Ctrl Pts',(156.997922053517,-5.44508860429303,-79.4581623696272));
#2336=CARTESIAN_POINT('Ctrl Pts',(156.999979715089,-5.83467177948348,-79.3003960265864));
#2337=CARTESIAN_POINT('Ctrl Pts',(157.,-5.84233028778151,-79.2973298713172));
#2338=CARTESIAN_POINT('Ctrl Pts',(157.,-5.8500000000004,-79.2942944058284));
#2339=CARTESIAN_POINT('',(157.,-5.85,64.4500000000001));
#2340=CARTESIAN_POINT('',(157.,-5.85,28.5500000000001));
#2341=CARTESIAN_POINT('',(152.65,-1.5,64.4500000000001));
#2342=CARTESIAN_POINT('Origin',(152.65,-5.85,64.4500000000001));
#2343=CARTESIAN_POINT('',(152.65,-1.5,28.5500000000001));
#2344=CARTESIAN_POINT('Origin',(6.00000000000003,-4.5,-82.1999999999998));
#2345=CARTESIAN_POINT('',(147.840963508171,-2.49999997247922,-92.2));
#2346=CARTESIAN_POINT('Origin',(6.00000000000003,-2.5,-82.1999999999998));
#2347=CARTESIAN_POINT('',(150.082495448883,-1.5,-92.2));
#2348=CARTESIAN_POINT('Ctrl Pts',(147.840963494385,-2.49999996033306,-92.2000000000001));
#2349=CARTESIAN_POINT('Ctrl Pts',(147.878604943205,-2.4580197438582,-92.2000000000001));
#2350=CARTESIAN_POINT('Ctrl Pts',(147.916773219686,-2.41784238747405,-92.2));
#2351=CARTESIAN_POINT('Ctrl Pts',(148.217493260739,-2.11757653928717,-92.2));
#2352=CARTESIAN_POINT('Ctrl Pts',(148.587856830215,-1.8705655499211,-92.2));
#2353=CARTESIAN_POINT('Ctrl Pts',(149.273895222491,-1.58680635243169,-92.2));
#2354=CARTESIAN_POINT('Ctrl Pts',(149.711070388548,-1.5,-92.2));
#2355=CARTESIAN_POINT('Ctrl Pts',(150.082495448883,-1.5,-92.2));
#2356=CARTESIAN_POINT('Origin',(6.00000000000003,-1.5,-82.1999999999998));
#2357=CARTESIAN_POINT('Origin',(6.00000000000003,-4.5,-82.1999999999998));
#2358=CARTESIAN_POINT('',(70.,-1.5,47.2749608796133));
#2359=CARTESIAN_POINT('Origin',(6.00000000000003,-1.5,-82.1999999999998));
#2360=CARTESIAN_POINT('',(70.,-2.499999992411,44.7758202130884));
#2361=CARTESIAN_POINT('Ctrl Pts',(70.,-1.5,47.2749608796133));
#2362=CARTESIAN_POINT('Ctrl Pts',(70.,-1.5,46.8469745525267));
#2363=CARTESIAN_POINT('Ctrl Pts',(70.,-1.59269386533891,46.3418251154115));
#2364=CARTESIAN_POINT('Ctrl Pts',(70.,-1.89412686112031,45.564434526588));
#2365=CARTESIAN_POINT('Ctrl Pts',(70.,-2.14888786739971,45.1494336743079));
#2366=CARTESIAN_POINT('Ctrl Pts',(70.,-2.44969083266491,44.8270929298551));
#2367=CARTESIAN_POINT('Ctrl Pts',(70.,-2.47445846184081,44.8014030723504));
#2368=CARTESIAN_POINT('Ctrl Pts',(70.,-2.4999999886355,44.7758202092687));
#2369=CARTESIAN_POINT('Origin',(6.00000000000003,-2.5,-82.1999999999998));
#2370=CARTESIAN_POINT('Origin',(151.,-0.100000000000007,-82.2000000000001));
#2371=CARTESIAN_POINT('',(152.5,-0.100000000000007,-82.2000000000001));
#2372=CARTESIAN_POINT('Origin',(151.,-0.099999999999948,-82.2000000000001));
#2373=CARTESIAN_POINT('',(152.5,-1.5,-82.2000000000001));
#2374=CARTESIAN_POINT('',(152.5,-0.100000000000007,-82.2000000000001));
#2375=CARTESIAN_POINT('Origin',(151.,-1.5,-82.2000000000001));
#2376=CARTESIAN_POINT('Origin',(78.5,-1.5,-11.7));
#2377=CARTESIAN_POINT('',(39.25,-1.5,-92.2));
#2378=CARTESIAN_POINT('',(70.,-1.5,64.4500000000001));
#2379=CARTESIAN_POINT('',(39.25,-1.5,64.4500000000001));
#2380=CARTESIAN_POINT('',(70.,-1.5,15.0685065625577));
#2381=CARTESIAN_POINT('',(128.,-1.5,60.8000000000001));
#2382=CARTESIAN_POINT('Origin',(128.,-1.5,39.8000000000001));
#2383=CARTESIAN_POINT('',(91.,-1.5,63.8000000000001));
#2384=CARTESIAN_POINT('Origin',(91.,-1.5,52.3000000000001));
#2385=CARTESIAN_POINT('',(140.5,-1.5,14.3000000000001));
#2386=CARTESIAN_POINT('Origin',(140.5,-1.5,2.80000000000013));
#2387=CARTESIAN_POINT('Origin',(160.,-0.099999999999948,-72.1999999999996));
#2388=CARTESIAN_POINT('',(160.,10.2,-72.1999999999996));
#2389=CARTESIAN_POINT('',(159.95803989155,10.7,-72.1999999999996));
#2390=CARTESIAN_POINT('Origin',(157.,10.2,-72.1999999999996));
#2391=CARTESIAN_POINT('',(160.,-0.099999999999948,-72.1999999999996));
#2392=CARTESIAN_POINT('',(160.,-0.0499999999999762,-72.1999999999996));
#2393=CARTESIAN_POINT('',(145.216308760863,-0.099999999999949,-72.1999999999996));
#2394=CARTESIAN_POINT('',(160.,-0.099999999999948,-72.1999999999996));
#2395=CARTESIAN_POINT('',(145.216308760863,1.49999999999999,-72.1999999999996));
#2396=CARTESIAN_POINT('',(145.216308760863,13.2,-72.1999999999996));
#2397=CARTESIAN_POINT('',(147.840963458818,2.49999999999999,-72.1999999999996));
#2398=CARTESIAN_POINT('Ctrl Pts',(147.840963458818,2.49999999999998,-72.1999999999996));
#2399=CARTESIAN_POINT('Ctrl Pts',(147.822145296503,2.52098725156995,-72.1999999999996));
#2400=CARTESIAN_POINT('Ctrl Pts',(147.803063784274,2.54107326585311,-72.1999999999996));
#2401=CARTESIAN_POINT('Ctrl Pts',(147.652705935567,2.69120538146617,-72.1999999999996));
#2402=CARTESIAN_POINT('Ctrl Pts',(147.467521597125,2.81471018477152,-72.1999999999996));
#2403=CARTESIAN_POINT('Ctrl Pts',(147.124480188094,2.95659626352983,-72.1999999999996));
#2404=CARTESIAN_POINT('Ctrl Pts',(146.905866348641,2.99999999999999,-72.1999999999996));
#2405=CARTESIAN_POINT('Ctrl Pts',(146.534393417198,2.99999999999999,-72.1999999999996));
#2406=CARTESIAN_POINT('Ctrl Pts',(146.315774090492,2.95659453030389,-72.1999999999996));
#2407=CARTESIAN_POINT('Ctrl Pts',(145.972716401424,2.81470649872791,-72.1999999999996));
#2408=CARTESIAN_POINT('Ctrl Pts',(145.787518374234,2.69119837858802,-72.1999999999996));
#2409=CARTESIAN_POINT('Ctrl Pts',(145.525178703587,2.42926693868624,-72.1999999999996));
#2410=CARTESIAN_POINT('Ctrl Pts',(145.401535362007,2.24457922638414,-72.1999999999996));
#2411=CARTESIAN_POINT('Ctrl Pts',(145.259691195757,1.90265140704923,-72.1999999999996));
#2412=CARTESIAN_POINT('Ctrl Pts',(145.216308760863,1.68496918739468,-72.1999999999996));
#2413=CARTESIAN_POINT('Ctrl Pts',(145.216308760863,1.49999999999999,-72.1999999999996));
#2414=CARTESIAN_POINT('',(150.082495448883,1.49999999999999,-72.1999999999996));
#2415=CARTESIAN_POINT('Ctrl Pts',(150.082495448883,1.49999999999999,-72.1999999999996));
#2416=CARTESIAN_POINT('Ctrl Pts',(149.711070388548,1.49999999999999,-72.1999999999996));
#2417=CARTESIAN_POINT('Ctrl Pts',(149.27389522249,1.58680635243168,-72.1999999999996));
#2418=CARTESIAN_POINT('Ctrl Pts',(148.587856830214,1.87056554992109,-72.1999999999996));
#2419=CARTESIAN_POINT('Ctrl Pts',(148.217493260739,2.11757653928716,-72.1999999999996));
#2420=CARTESIAN_POINT('Ctrl Pts',(147.916773207659,2.41784239948291,-72.1999999999996));
#2421=CARTESIAN_POINT('Ctrl Pts',(147.878604919169,2.45801976916677,-72.1999999999996));
#2422=CARTESIAN_POINT('Ctrl Pts',(147.840963458818,2.49999999999996,-72.1999999999996));
#2423=CARTESIAN_POINT('',(152.65,1.49999999999999,-72.1999999999996));
#2424=CARTESIAN_POINT('',(119.25,1.49999999999999,-72.1999999999996));
#2425=CARTESIAN_POINT('',(157.,5.84999999999999,-72.1999999999996));
#2426=CARTESIAN_POINT('Origin',(152.65,5.84999999999999,-72.1999999999996));
#2427=CARTESIAN_POINT('',(157.,10.2,-72.1999999999996));
#2428=CARTESIAN_POINT('',(157.,6.55000000000002,-72.1999999999996));
#2429=CARTESIAN_POINT('',(157.5,10.7,-72.1999999999996));
#2430=CARTESIAN_POINT('Origin',(157.5,10.2,-72.1999999999996));
#2431=CARTESIAN_POINT('',(160.,10.7,-72.1999999999996));
#2432=CARTESIAN_POINT('Origin',(160.,-0.099999999999948,-92.1999999999996));
#2433=CARTESIAN_POINT('',(145.216308760863,-0.099999999999949,-92.1999999999999));
#2434=CARTESIAN_POINT('Origin',(6.00000000000003,-0.099999999999949,-82.1999999999998));
#2435=CARTESIAN_POINT('',(160.,-0.099999999999949,-92.1999999999996));
#2436=CARTESIAN_POINT('',(160.,-0.099999999999948,-46.0999999999999));
#2437=CARTESIAN_POINT('',(80.,-0.099999999999949,-92.2));
#2438=CARTESIAN_POINT('Origin',(152.65,5.84999999999999,-51.9499999999999));
#2439=CARTESIAN_POINT('',(152.65,1.49999999999998,64.4500000000001));
#2440=CARTESIAN_POINT('',(152.65,1.49999999999999,-51.9499999999999));
#2441=CARTESIAN_POINT('',(157.,5.84999999999998,64.4500000000001));
#2442=CARTESIAN_POINT('Origin',(152.65,5.84999999999998,64.4500000000001));
#2443=CARTESIAN_POINT('',(157.,5.84999999999999,-51.9499999999999));
#2444=CARTESIAN_POINT('Origin',(78.5,1.49999999999999,-11.7));
#2445=CARTESIAN_POINT('',(70.,1.49999999999998,47.2749608796132));
#2446=CARTESIAN_POINT('Origin',(6.00000000000003,1.49999999999999,-82.1999999999998));
#2447=CARTESIAN_POINT('',(70.,1.49999999999998,64.4500000000001));
#2448=CARTESIAN_POINT('',(70.,1.49999999999998,15.0685065625577));
#2449=CARTESIAN_POINT('',(117.75,1.49999999999998,64.4500000000001));
#2450=CARTESIAN_POINT('',(91.,1.49999999999998,40.8000000000001));
#2451=CARTESIAN_POINT('Origin',(91.,1.49999999999998,52.3000000000001));
#2452=CARTESIAN_POINT('',(128.,1.49999999999998,18.8000000000001));
#2453=CARTESIAN_POINT('Origin',(128.,1.49999999999998,39.8000000000001));
#2454=CARTESIAN_POINT('',(140.5,1.49999999999999,-8.69999999999988));
#2455=CARTESIAN_POINT('Origin',(140.5,1.49999999999998,2.80000000000013));
#2456=CARTESIAN_POINT('Origin',(6.00000000000003,4.49999999999999,-82.1999999999998));
#2457=CARTESIAN_POINT('',(70.,2.49999999241099,44.7758202130883));
#2458=CARTESIAN_POINT('Origin',(6.00000000000003,2.5,-82.1999999999998));
#2459=CARTESIAN_POINT('Ctrl Pts',(70.,2.49999998863326,44.7758202092709));
#2460=CARTESIAN_POINT('Ctrl Pts',(70.,2.47445846183936,44.8014030723518));
#2461=CARTESIAN_POINT('Ctrl Pts',(70.,2.44969083266419,44.8270929298558));
#2462=CARTESIAN_POINT('Ctrl Pts',(70.,2.14888786739969,45.1494336743078));
#2463=CARTESIAN_POINT('Ctrl Pts',(70.,1.89412686112029,45.5644345265879));
#2464=CARTESIAN_POINT('Ctrl Pts',(70.,1.59269386533889,46.3418251154114));
#2465=CARTESIAN_POINT('Ctrl Pts',(70.,1.49999999999998,46.8469745525266));
#2466=CARTESIAN_POINT('Ctrl Pts',(70.,1.49999999999998,47.2749608796132));
#2467=CARTESIAN_POINT('Origin',(6.00000000000003,1.49999999999999,-82.1999999999998));
#2468=CARTESIAN_POINT('',(70.,1.49999999999998,41.8370131251154));
#2469=CARTESIAN_POINT('Origin',(6.00000000000003,1.49999999999999,-82.1999999999998));
#2470=CARTESIAN_POINT('',(70.,2.99999999999998,43.5225342768751));
#2471=CARTESIAN_POINT('Ctrl Pts',(70.,1.49999999999998,41.8370131251153));
#2472=CARTESIAN_POINT('Ctrl Pts',(70.,1.67823039352586,41.8370131251153));
#2473=CARTESIAN_POINT('Ctrl Pts',(70.,1.88724245856543,41.8823684119284));
#2474=CARTESIAN_POINT('Ctrl Pts',(70.,2.22337329963897,42.0314599559944));
#2475=CARTESIAN_POINT('Ctrl Pts',(70.,2.40701212018292,42.1655404975312));
#2476=CARTESIAN_POINT('Ctrl Pts',(70.,2.67486110266087,42.4532354165845));
#2477=CARTESIAN_POINT('Ctrl Pts',(70.,2.80236559170099,42.6616424779453));
#2478=CARTESIAN_POINT('Ctrl Pts',(70.,2.95353474439768,43.0525648002031));
#2479=CARTESIAN_POINT('Ctrl Pts',(70.,2.99999999999998,43.3069990655335));
#2480=CARTESIAN_POINT('Ctrl Pts',(70.,2.99999999999998,43.5225342768751));
#2481=CARTESIAN_POINT('Ctrl Pts',(70.,2.99999999999998,43.5225342768751));
#2482=CARTESIAN_POINT('Ctrl Pts',(70.,2.99999999999998,43.7377836264359));
#2483=CARTESIAN_POINT('Ctrl Pts',(70.,2.95363229780607,43.9918869970818));
#2484=CARTESIAN_POINT('Ctrl Pts',(70.,2.80255579688977,44.3818482047959));
#2485=CARTESIAN_POINT('Ctrl Pts',(70.,2.6752222075371,44.5894538275458));
#2486=CARTESIAN_POINT('Ctrl Pts',(70.,2.52487048142843,44.7504772756688));
#2487=CARTESIAN_POINT('Ctrl Pts',(70.,2.51262489615237,44.7631748700494));
#2488=CARTESIAN_POINT('Ctrl Pts',(70.,2.49999998861036,44.7758202092938));
#2489=CARTESIAN_POINT('Origin',(6.00000000000003,13.2,-82.1999999999998));
#2490=CARTESIAN_POINT('',(145.216308760863,-1.5,-92.1999999999999));
#2491=CARTESIAN_POINT('',(145.216308760863,13.2,-92.1999999999999));
#2492=CARTESIAN_POINT('',(70.,-1.5,41.8370131251154));
#2493=CARTESIAN_POINT('Origin',(6.00000000000003,-1.5,-82.1999999999998));
#2494=CARTESIAN_POINT('',(70.,13.2,41.8370131251154));
#2495=CARTESIAN_POINT('Origin',(160.,15.,79.6979115865573));
#2496=CARTESIAN_POINT('',(159.995771446932,10.2,79.6979115865573));
#2497=CARTESIAN_POINT('',(159.8,10.2,79.6979115865573));
#2498=CARTESIAN_POINT('',(80.,10.2,79.6979115865573));
#2499=CARTESIAN_POINT('',(159.8,11.2657526267015,79.6979115865573));
#2500=CARTESIAN_POINT('Ctrl Pts',(159.8,11.2657526267015,79.6979115865573));
#2501=CARTESIAN_POINT('Ctrl Pts',(159.924353845358,10.9386845178299,79.6979115865573));
#2502=CARTESIAN_POINT('Ctrl Pts',(159.995771446932,10.5411209785237,79.6979115865573));
#2503=CARTESIAN_POINT('Ctrl Pts',(159.995771446932,10.2,79.6979115865573));
#2504=CARTESIAN_POINT('',(159.8,15.,79.6979115865573));
#2505=CARTESIAN_POINT('',(159.8,15.,79.6979115865573));
#2506=CARTESIAN_POINT('',(160.,15.,79.6979115865573));
#2507=CARTESIAN_POINT('',(160.,15.,79.6979115865573));
#2508=CARTESIAN_POINT('',(160.,-15.,79.6979115865573));
#2509=CARTESIAN_POINT('',(160.,15.,79.6979115865573));
#2510=CARTESIAN_POINT('',(159.8,-15.,79.6979115865573));
#2511=CARTESIAN_POINT('',(160.,-15.,79.6979115865573));
#2512=CARTESIAN_POINT('',(159.8,-11.2657526267015,79.6979115865573));
#2513=CARTESIAN_POINT('',(159.8,15.,79.6979115865573));
#2514=CARTESIAN_POINT('',(159.995771446932,-10.2,79.6979115865573));
#2515=CARTESIAN_POINT('Ctrl Pts',(159.995771446932,-10.2,79.6979115865573));
#2516=CARTESIAN_POINT('Ctrl Pts',(159.995771446932,-10.5411209785237,79.6979115865573));
#2517=CARTESIAN_POINT('Ctrl Pts',(159.924353845358,-10.93868451783,79.6979115865573));
#2518=CARTESIAN_POINT('Ctrl Pts',(159.8,-11.2657526267015,79.6979115865573));
#2519=CARTESIAN_POINT('',(159.8,-10.2,79.6979115865573));
#2520=CARTESIAN_POINT('',(80.,-10.2,79.6979115865573));
#2521=CARTESIAN_POINT('',(159.8,15.,79.6979115865573));
#2522=CARTESIAN_POINT('Origin',(160.,-15.,90.3020884134427));
#2523=CARTESIAN_POINT('',(160.,-15.,90.3020884134427));
#2524=CARTESIAN_POINT('',(160.,15.,90.3020884134427));
#2525=CARTESIAN_POINT('',(160.,-15.,90.3020884134427));
#2526=CARTESIAN_POINT('',(159.8,15.,90.3020884134427));
#2527=CARTESIAN_POINT('',(160.,15.,90.3020884134427));
#2528=CARTESIAN_POINT('',(159.8,-15.,90.3020884134427));
#2529=CARTESIAN_POINT('',(159.8,-15.,90.3020884134427));
#2530=CARTESIAN_POINT('',(160.,-15.,90.3020884134427));
#2531=CARTESIAN_POINT('Origin',(160.,-15.,79.6979115865573));
#2532=CARTESIAN_POINT('',(160.,-15.,79.6979115865573));
#2533=CARTESIAN_POINT('',(159.8,-15.,79.6979115865573));
#2534=CARTESIAN_POINT('Origin',(160.,15.,90.3020884134427));
#2535=CARTESIAN_POINT('',(160.,15.,90.3020884134427));
#2536=CARTESIAN_POINT('',(159.8,15.,90.3020884134427));
#2537=CARTESIAN_POINT('Origin',(160.,2.22044604925031E-15,85.));
#2538=CARTESIAN_POINT('Origin',(159.8,2.22044604925031E-15,85.));
#2539=CARTESIAN_POINT('',(159.8,10.2,81.3971061645045));
#2540=CARTESIAN_POINT('',(159.8,10.2,88.5999999999999));
#2541=CARTESIAN_POINT('',(159.8,-10.2,81.3971061645045));
#2542=CARTESIAN_POINT('',(159.8,-10.2,78.3999999999999));
#2543=CARTESIAN_POINT('Ctrl Pts',(159.8,-11.2657526267015,79.6979115865573));
#2544=CARTESIAN_POINT('Ctrl Pts',(159.8,-11.2344404149334,80.0991438668875));
#2545=CARTESIAN_POINT('Ctrl Pts',(159.8,-11.1321102071547,80.5257520258283));
#2546=CARTESIAN_POINT('Ctrl Pts',(159.8,-10.8732264006354,80.9779577383974));
#2547=CARTESIAN_POINT('Ctrl Pts',(159.8,-10.7723615117747,81.1122971740997));
#2548=CARTESIAN_POINT('Ctrl Pts',(159.8,-10.5990650956411,81.2636675444053));
#2549=CARTESIAN_POINT('Ctrl Pts',(159.8,-10.5081773011624,81.3222390576897));
#2550=CARTESIAN_POINT('Ctrl Pts',(159.8,-10.356833410759,81.3803976870499));
#2551=CARTESIAN_POINT('Ctrl Pts',(159.8,-10.272028964599,81.3971061645045));
#2552=CARTESIAN_POINT('Ctrl Pts',(159.8,-10.2,81.3971061645045));
#2553=CARTESIAN_POINT('Ctrl Pts',(159.8,10.2,81.3971061645045));
#2554=CARTESIAN_POINT('Ctrl Pts',(159.8,10.272028964599,81.3971061645045));
#2555=CARTESIAN_POINT('Ctrl Pts',(159.8,10.356833410759,81.3803976870499));
#2556=CARTESIAN_POINT('Ctrl Pts',(159.8,10.5081773011624,81.3222390576897));
#2557=CARTESIAN_POINT('Ctrl Pts',(159.8,10.5990650956411,81.2636675444053));
#2558=CARTESIAN_POINT('Ctrl Pts',(159.8,10.7723615117747,81.1122971740997));
#2559=CARTESIAN_POINT('Ctrl Pts',(159.8,10.8732264006354,80.9779577383974));
#2560=CARTESIAN_POINT('Ctrl Pts',(159.8,11.1321102071547,80.5257520258283));
#2561=CARTESIAN_POINT('Ctrl Pts',(159.8,11.2344404149334,80.0991438668875));
#2562=CARTESIAN_POINT('Ctrl Pts',(159.8,11.2657526267015,79.6979115865573));
#2563=CARTESIAN_POINT('Origin',(150.,10.2,79.4071312902913));
#2564=CARTESIAN_POINT('',(160.,10.2,79.4071312902913));
#2565=CARTESIAN_POINT('Origin',(150.,10.2,79.4071312902913));
#2566=CARTESIAN_POINT('',(157.,13.2,79.4071312902913));
#2567=CARTESIAN_POINT('Origin',(157.,10.2,79.4071312902913));
#2568=CARTESIAN_POINT('',(148.51380454934,13.2,86.2475423219791));
#2569=CARTESIAN_POINT('Origin',(150.,13.2,79.4071312902913));
#2570=CARTESIAN_POINT('',(147.876863641914,10.2,89.1791470498455));
#2571=CARTESIAN_POINT('Origin',(148.51380454934,10.2000000000001,86.2475423219791));
#2572=CARTESIAN_POINT('Origin',(150.,10.2,79.4071312902913));
#2573=CARTESIAN_POINT('Origin',(0.,-10.2,71.7999999999998));
#2574=CARTESIAN_POINT('',(160.,-10.2,79.4071312902913));
#2575=CARTESIAN_POINT('Origin',(150.,-10.2,79.4071312902913));
#2576=CARTESIAN_POINT('',(160.,-10.2,71.7999999999998));
#2577=CARTESIAN_POINT('',(160.,-10.2,71.7999999999998));
#2578=CARTESIAN_POINT('',(101.,-10.2,71.8000000000001));
#2579=CARTESIAN_POINT('',(0.,-10.2,71.7999999999998));
#2580=CARTESIAN_POINT('',(101.,-10.2000000000001,80.6619304737869));
#2581=CARTESIAN_POINT('',(101.,-10.2,81.8));
#2582=CARTESIAN_POINT('',(147.876863641914,-10.2000000000001,89.1791470498455));
#2583=CARTESIAN_POINT('Origin',(0.,-10.2,769.801960784313));
#2584=CARTESIAN_POINT('Origin',(150.,-10.2,79.4071312902913));
#2585=CARTESIAN_POINT('Origin',(160.,20.,-49.4206310535935));
#2586=CARTESIAN_POINT('',(159.95803989155,10.7,-49.4206310535935));
#2587=CARTESIAN_POINT('',(160.,10.2,-49.4206310535935));
#2588=CARTESIAN_POINT('Origin',(157.,10.2,-49.4206310535935));
#2589=CARTESIAN_POINT('',(159.8,10.7,-49.4206310535935));
#2590=CARTESIAN_POINT('',(160.,10.7,-49.4206310535935));
#2591=CARTESIAN_POINT('',(159.8,20.,-49.4206310535935));
#2592=CARTESIAN_POINT('',(159.8,20.,-49.4206310535935));
#2593=CARTESIAN_POINT('',(160.,20.,-49.4206310535935));
#2594=CARTESIAN_POINT('',(160.,20.,-49.4206310535935));
#2595=CARTESIAN_POINT('',(160.,20.,-49.4206310535935));
#2596=CARTESIAN_POINT('Origin',(160.,20.,-49.4206310535935));
#2597=CARTESIAN_POINT('',(159.95803989155,-10.7,-49.4206310535935));
#2598=CARTESIAN_POINT('',(159.8,-10.7,-49.4206310535935));
#2599=CARTESIAN_POINT('',(160.,-10.7,-49.4206310535935));
#2600=CARTESIAN_POINT('',(160.,-10.2,-49.4206310535935));
#2601=CARTESIAN_POINT('Origin',(157.,-10.2,-49.4206310535935));
#2602=CARTESIAN_POINT('',(160.,-20.,-49.4206310535935));
#2603=CARTESIAN_POINT('',(160.,20.,-49.4206310535935));
#2604=CARTESIAN_POINT('',(159.8,-20.,-49.4206310535935));
#2605=CARTESIAN_POINT('',(160.,-20.,-49.4206310535935));
#2606=CARTESIAN_POINT('',(159.8,20.,-49.4206310535935));
#2607=CARTESIAN_POINT('Origin',(159.8,-2.22044604925031E-14,-9.4206310535935));
#2608=CARTESIAN_POINT('',(159.8,10.7,30.5793689464065));
#2609=CARTESIAN_POINT('',(159.8,10.7,-50.8103155267967));
#2610=CARTESIAN_POINT('',(159.8,20.,30.5793689464065));
#2611=CARTESIAN_POINT('',(159.8,-20.,30.5793689464065));
#2612=CARTESIAN_POINT('',(159.8,20.,30.5793689464065));
#2613=CARTESIAN_POINT('Origin',(160.,-20.,30.5793689464065));
#2614=CARTESIAN_POINT('',(160.,10.2,30.5793689464065));
#2615=CARTESIAN_POINT('',(159.95803989155,10.7,30.5793689464065));
#2616=CARTESIAN_POINT('Origin',(157.,10.2,30.5793689464065));
#2617=CARTESIAN_POINT('',(160.,20.,30.5793689464065));
#2618=CARTESIAN_POINT('',(160.,-20.,30.5793689464065));
#2619=CARTESIAN_POINT('',(160.,20.,30.5793689464065));
#2620=CARTESIAN_POINT('',(160.,10.7,30.5793689464065));
#2621=CARTESIAN_POINT('Origin',(160.,20.,30.5793689464065));
#2622=CARTESIAN_POINT('',(160.,20.,30.5793689464065));
#2623=CARTESIAN_POINT('Origin',(160.,-20.,30.5793689464065));
#2624=CARTESIAN_POINT('',(159.8,-10.7,30.5793689464065));
#2625=CARTESIAN_POINT('',(159.95803989155,-10.7,30.5793689464065));
#2626=CARTESIAN_POINT('',(160.,-10.7,30.5793689464065));
#2627=CARTESIAN_POINT('',(159.8,-20.,30.5793689464065));
#2628=CARTESIAN_POINT('',(159.8,-20.,30.5793689464065));
#2629=CARTESIAN_POINT('',(160.,-20.,30.5793689464065));
#2630=CARTESIAN_POINT('',(160.,-20.,30.5793689464065));
#2631=CARTESIAN_POINT('',(160.,-10.2,30.5793689464065));
#2632=CARTESIAN_POINT('',(160.,-20.,30.5793689464065));
#2633=CARTESIAN_POINT('Origin',(157.,-10.2,30.5793689464065));
#2634=CARTESIAN_POINT('Origin',(160.,-20.,-49.4206310535935));
#2635=CARTESIAN_POINT('',(160.,-20.,-49.4206310535935));
#2636=CARTESIAN_POINT('',(159.8,-20.,-49.4206310535935));
#2637=CARTESIAN_POINT('Origin',(159.8,-2.22044604925031E-14,-9.4206310535935));
#2638=CARTESIAN_POINT('',(159.8,-10.7,29.6896844732032));
#2639=CARTESIAN_POINT('Origin',(160.,-10.7,68.7999999999998));
#2640=CARTESIAN_POINT('',(159.958039890926,-10.7,68.5173794038824));
#2641=CARTESIAN_POINT('',(159.95803989155,-10.7,46.0999999999999));
#2642=CARTESIAN_POINT('',(159.291287847478,-10.7,68.3000000000001));
#2643=CARTESIAN_POINT('Ctrl Pts',(159.291287847478,-10.7,68.3000000000001));
#2644=CARTESIAN_POINT('Ctrl Pts',(159.528868753229,-10.7,68.3000000000001));
#2645=CARTESIAN_POINT('Ctrl Pts',(159.767935321773,-10.7,68.3771534432936));
#2646=CARTESIAN_POINT('Ctrl Pts',(159.957381921028,-10.7,68.5182627511422));
#2647=CARTESIAN_POINT('',(155.599576240751,-10.7,68.3000000000001));
#2648=CARTESIAN_POINT('',(80.0000000000001,-10.7,68.3000000000001));
#2649=CARTESIAN_POINT('',(157.5,-10.7,64.4500000000001));
#2650=CARTESIAN_POINT('Origin',(152.65,-10.7,64.4500000000001));
#2651=CARTESIAN_POINT('',(157.5,-10.7,-92.2000000000001));
#2652=CARTESIAN_POINT('',(157.5,-10.7,68.8));
#2653=CARTESIAN_POINT('',(159.95803989155,-10.7,-92.2000000000001));
#2654=CARTESIAN_POINT('',(80.,-10.7,-92.2000000000001));
#2655=CARTESIAN_POINT('',(159.95803989155,-10.7,46.0999999999999));
#2656=CARTESIAN_POINT('Origin',(157.,-10.2,46.0999999999998));
#2657=CARTESIAN_POINT('',(160.,-10.2,46.0999999999998));
#2658=CARTESIAN_POINT('',(157.,-13.2,79.4071312902913));
#2659=CARTESIAN_POINT('Origin',(157.,-10.2,79.4071312902913));
#2660=CARTESIAN_POINT('',(157.,-13.2,69.3000000000001));
#2661=CARTESIAN_POINT('',(157.,-13.2,46.0999999999998));
#2662=CARTESIAN_POINT('',(159.8749445425,-11.0571428571429,69.3000000000001));
#2663=CARTESIAN_POINT('Origin',(157.,-10.2,69.3000000000001));
#2664=CARTESIAN_POINT('Ctrl Pts',(159.95803989155,-10.7,68.5173794048226));
#2665=CARTESIAN_POINT('Ctrl Pts',(159.95803989155,-10.7,68.5962477806351));
#2666=CARTESIAN_POINT('Ctrl Pts',(159.956084867074,-10.7118842519499,68.674606278568));
#2667=CARTESIAN_POINT('Ctrl Pts',(159.947599969959,-10.7588759884982,68.8432686047086));
#2668=CARTESIAN_POINT('Ctrl Pts',(159.940178416042,-10.7981473702844,68.9314442861521));
#2669=CARTESIAN_POINT('Ctrl Pts',(159.916510179667,-10.9054346710896,69.116595097181));
#2670=CARTESIAN_POINT('Ctrl Pts',(159.898918074538,-10.9764569696886,69.2087761703315));
#2671=CARTESIAN_POINT('Ctrl Pts',(159.875489388966,-11.0553137915402,69.2979368329228));
#2672=CARTESIAN_POINT('Ctrl Pts',(159.87521730992,-11.0562279674007,69.2989688212947));
#2673=CARTESIAN_POINT('Ctrl Pts',(159.8749445425,-11.0571428571429,69.3000000000008));
#2674=CARTESIAN_POINT('Origin',(157.,10.2,-46.1));
#2675=CARTESIAN_POINT('',(159.958039887115,10.7,68.5173793981397));
#2676=CARTESIAN_POINT('',(159.95803989155,10.7,-46.1));
#2677=CARTESIAN_POINT('',(159.8749445425,11.0571428571429,69.3000000000001));
#2678=CARTESIAN_POINT('Ctrl Pts',(159.8749445425,11.0571428571429,69.30000000001));
#2679=CARTESIAN_POINT('Ctrl Pts',(159.875217309418,11.0562279690876,69.2989688232052));
#2680=CARTESIAN_POINT('Ctrl Pts',(159.875489389466,11.0553137898568,69.2979368310156));
#2681=CARTESIAN_POINT('Ctrl Pts',(159.895541191083,10.9878229635749,69.2216273039103));
#2682=CARTESIAN_POINT('Ctrl Pts',(159.91131669389,10.9261388922947,69.1432088008231));
#2683=CARTESIAN_POINT('Ctrl Pts',(159.935420877584,10.8213281599928,68.9765201671955));
#2684=CARTESIAN_POINT('Ctrl Pts',(159.943885029204,10.7783601903597,68.8902623269473));
#2685=CARTESIAN_POINT('Ctrl Pts',(159.955187884856,10.7175133237765,68.7080743707634));
#2686=CARTESIAN_POINT('Ctrl Pts',(159.95803989155,10.7,68.6131874217923));
#2687=CARTESIAN_POINT('Ctrl Pts',(159.95803989155,10.7,68.5173794048226));
#2688=CARTESIAN_POINT('',(157.,13.2,69.3000000000001));
#2689=CARTESIAN_POINT('Origin',(157.,10.2,69.3000000000001));
#2690=CARTESIAN_POINT('',(157.,13.2,-46.1));
#2691=CARTESIAN_POINT('',(160.,10.2,71.7999999999998));
#2692=CARTESIAN_POINT('',(160.,10.2,112.6));
#2693=CARTESIAN_POINT('',(160.,10.2,-46.1));
#2694=CARTESIAN_POINT('Origin',(157.,10.2,-46.1));
#2695=CARTESIAN_POINT('',(159.95803989155,10.7,-46.1));
#2696=CARTESIAN_POINT('',(160.,10.2,-46.1));
#2697=CARTESIAN_POINT('Origin',(140.5,0.499999999999983,2.80000000000013));
#2698=CARTESIAN_POINT('',(151.,0.499999999999983,2.80000000000013));
#2699=CARTESIAN_POINT('',(140.5,0.499999999999984,-7.69999999999988));
#2700=CARTESIAN_POINT('Origin',(140.5,0.499999999999983,2.80000000000013));
#2701=CARTESIAN_POINT('Origin',(140.5,0.499999999999984,-8.69999999999988));
#2702=CARTESIAN_POINT('Origin',(140.5,0.499999999999983,2.80000000000013));
#2703=CARTESIAN_POINT('Origin',(140.5,13.2,2.80000000000013));
#2704=CARTESIAN_POINT('',(151.,-0.500000000000003,2.80000000000013));
#2705=CARTESIAN_POINT('',(151.,13.2,2.80000000000013));
#2706=CARTESIAN_POINT('',(140.5,-0.500000000000002,13.3000000000001));
#2707=CARTESIAN_POINT('Origin',(140.5,-0.500000000000003,2.80000000000013));
#2708=CARTESIAN_POINT('Origin',(140.5,-0.500000000000003,2.80000000000013));
#2709=CARTESIAN_POINT('Origin',(140.5,-0.500000000000003,2.80000000000013));
#2710=CARTESIAN_POINT('Origin',(140.5,-0.500000000000002,14.3000000000001));
#2711=CARTESIAN_POINT('Origin',(128.,-0.500000000000009,39.8000000000001));
#2712=CARTESIAN_POINT('',(148.,-0.500000000000009,39.8000000000001));
#2713=CARTESIAN_POINT('',(128.,-0.500000000000009,59.8000000000001));
#2714=CARTESIAN_POINT('Origin',(128.,-0.500000000000009,39.8000000000001));
#2715=CARTESIAN_POINT('Origin',(128.,-0.500000000000009,60.8000000000001));
#2716=CARTESIAN_POINT('Origin',(128.,-0.500000000000009,39.8000000000001));
#2717=CARTESIAN_POINT('Origin',(128.,13.2,39.8000000000001));
#2718=CARTESIAN_POINT('',(148.,0.499999999999976,39.8000000000001));
#2719=CARTESIAN_POINT('',(128.,0.499999999999978,19.8000000000001));
#2720=CARTESIAN_POINT('Origin',(128.,0.499999999999976,39.8000000000001));
#2721=CARTESIAN_POINT('',(148.,13.2,39.8000000000001));
#2722=CARTESIAN_POINT('Origin',(128.,0.499999999999976,39.8000000000001));
#2723=CARTESIAN_POINT('Origin',(91.,-0.5,52.3000000000001));
#2724=CARTESIAN_POINT('',(101.5,-0.5,52.3000000000001));
#2725=CARTESIAN_POINT('',(91.,-0.5,62.8000000000001));
#2726=CARTESIAN_POINT('Origin',(91.,-0.5,52.3000000000001));
#2727=CARTESIAN_POINT('Origin',(91.,-0.5,63.8000000000001));
#2728=CARTESIAN_POINT('Origin',(91.,-0.5,52.3000000000001));
#2729=CARTESIAN_POINT('Origin',(91.,13.2,52.3000000000001));
#2730=CARTESIAN_POINT('',(101.5,0.499999999999985,52.3000000000001));
#2731=CARTESIAN_POINT('',(91.,0.499999999999986,41.8000000000001));
#2732=CARTESIAN_POINT('Origin',(91.,0.499999999999985,52.3000000000001));
#2733=CARTESIAN_POINT('',(101.5,13.2,52.3000000000001));
#2734=CARTESIAN_POINT('Origin',(91.,0.499999999999985,52.3000000000001));
#2735=CARTESIAN_POINT('Origin',(91.,0.499999999999985,52.3000000000001));
#2736=CARTESIAN_POINT('Origin',(91.,0.499999999999986,40.8000000000001));
#2737=CARTESIAN_POINT('Origin',(128.,0.499999999999976,39.8000000000001));
#2738=CARTESIAN_POINT('Origin',(128.,0.499999999999978,18.8000000000001));
#2739=CARTESIAN_POINT('Ctrl Pts',(155.599576240751,-10.7,68.3000000000001));
#2740=CARTESIAN_POINT('Ctrl Pts',(155.259644769856,-10.7,68.4006706765324));
#2741=CARTESIAN_POINT('Ctrl Pts',(154.700788534941,-10.6300516326478,68.5556118761258));
#2742=CARTESIAN_POINT('Ctrl Pts',(153.711418308853,-10.4400200291294,68.7449595950272));
#2743=CARTESIAN_POINT('Ctrl Pts',(153.078658440062,-10.2966864989355,68.7995970663809));
#2744=CARTESIAN_POINT('Ctrl Pts',(152.65588907806,-10.2013281381034,68.7999979579629));
#2745=CARTESIAN_POINT('Ctrl Pts',(152.652944502854,-10.2006640841138,68.8000000000001));
#2746=CARTESIAN_POINT('Ctrl Pts',(152.65,-10.2,68.8000000000001));
#2747=CARTESIAN_POINT('Ctrl Pts',(155.599576240751,-10.7,68.4308996938997));
#2748=CARTESIAN_POINT('Ctrl Pts',(155.259807000014,-10.7269511426617,68.5148389173301));
#2749=CARTESIAN_POINT('Ctrl Pts',(154.686046207668,-10.6787114431799,68.6315003818293));
#2750=CARTESIAN_POINT('Ctrl Pts',(153.692543645961,-10.4797637186879,68.7637252515284));
#2751=CARTESIAN_POINT('Ctrl Pts',(153.07044956881,-10.3128658698496,68.7996935229328));
#2752=CARTESIAN_POINT('Ctrl Pts',(152.65577625188,-10.2015491806037,68.7999988199807));
#2753=CARTESIAN_POINT('Ctrl Pts',(152.652888094753,-10.2007747647995,68.8000000000001));
#2754=CARTESIAN_POINT('Ctrl Pts',(152.65,-10.2,68.8000000000001));
#2755=CARTESIAN_POINT('Ctrl Pts',(155.599576240751,-10.8085179646088,68.6914820353913));
#2756=CARTESIAN_POINT('Ctrl Pts',(155.242850284322,-10.8578233613605,68.7209259393438));
#2757=CARTESIAN_POINT('Ctrl Pts',(154.643688928474,-10.8083938587235,68.7558067392001));
#2758=CARTESIAN_POINT('Ctrl Pts',(153.653343630172,-10.5588937569639,68.7913923836257));
#2759=CARTESIAN_POINT('Ctrl Pts',(153.054049178159,-10.3449525800948,68.7999534698925));
#2760=CARTESIAN_POINT('Ctrl Pts',(152.655550512046,-10.201992570172,68.7999995617609));
#2761=CARTESIAN_POINT('Ctrl Pts',(152.652775278552,-10.2009961261709,68.8000000000001));
#2762=CARTESIAN_POINT('Ctrl Pts',(152.65,-10.2,68.8000000000001));
#2763=CARTESIAN_POINT('Ctrl Pts',(155.599576240751,-11.0691003061004,68.8000000000001));
#2764=CARTESIAN_POINT('Ctrl Pts',(155.202747399875,-11.0860435137254,68.7994529760514));
#2765=CARTESIAN_POINT('Ctrl Pts',(154.587334319521,-10.9763589394656,68.799538493047));
#2766=CARTESIAN_POINT('Ctrl Pts',(153.612201861502,-10.6398412526707,68.7994830027514));
#2767=CARTESIAN_POINT('Ctrl Pts',(153.037611079628,-10.3772636366127,68.7999101381648));
#2768=CARTESIAN_POINT('Ctrl Pts',(152.655324945693,-10.2024348939793,68.8000004289132));
#2769=CARTESIAN_POINT('Ctrl Pts',(152.652662462351,-10.2012174875423,68.8000000000001));
#2770=CARTESIAN_POINT('Ctrl Pts',(152.65,-10.2,68.8000000000001));
#2771=CARTESIAN_POINT('Ctrl Pts',(155.599576240751,-11.2,68.8000000000001));
#2772=CARTESIAN_POINT('Ctrl Pts',(155.182518578781,-11.2,68.8000000000001));
#2773=CARTESIAN_POINT('Ctrl Pts',(154.559127764646,-11.0601032652957,68.8000000000003));
#2774=CARTESIAN_POINT('Ctrl Pts',(153.591612224822,-10.6800400582588,68.8000000000003));
#2775=CARTESIAN_POINT('Ctrl Pts',(153.029390130666,-10.3933729978713,68.8000000000007));
#2776=CARTESIAN_POINT('Ctrl Pts',(152.655212171517,-10.2026562762068,68.8000000000001));
#2777=CARTESIAN_POINT('Ctrl Pts',(152.65260605425,-10.201328168228,68.8000000000001));
#2778=CARTESIAN_POINT('Ctrl Pts',(152.65,-10.2,68.8000000000001));
#2779=CARTESIAN_POINT('',(155.599576240751,-11.2,68.8000000000001));
#2780=CARTESIAN_POINT('',(152.65,-10.2,68.8000000000001));
#2781=CARTESIAN_POINT('Ctrl Pts',(155.599576240751,-11.2,68.8000000000001));
#2782=CARTESIAN_POINT('Ctrl Pts',(155.182518578781,-11.2,68.8000000000001));
#2783=CARTESIAN_POINT('Ctrl Pts',(154.559127764646,-11.0601032652957,68.8000000000003));
#2784=CARTESIAN_POINT('Ctrl Pts',(153.591612224822,-10.6800400582588,68.8000000000003));
#2785=CARTESIAN_POINT('Ctrl Pts',(153.029390130666,-10.3933729978713,68.8000000000007));
#2786=CARTESIAN_POINT('Ctrl Pts',(152.655212171517,-10.2026562762068,68.8000000000001));
#2787=CARTESIAN_POINT('Ctrl Pts',(152.65260605425,-10.201328168228,68.8000000000001));
#2788=CARTESIAN_POINT('Ctrl Pts',(152.65,-10.2,68.8000000000001));
#2789=CARTESIAN_POINT('Ctrl Pts',(152.65,-10.2,68.8000000000001));
#2790=CARTESIAN_POINT('Ctrl Pts',(152.652944502854,-10.2006640841138,68.8000000000001));
#2791=CARTESIAN_POINT('Ctrl Pts',(152.65588907806,-10.2013281381034,68.7999979579629));
#2792=CARTESIAN_POINT('Ctrl Pts',(153.078658440062,-10.2966864989355,68.7995970663809));
#2793=CARTESIAN_POINT('Ctrl Pts',(153.711418308853,-10.4400200291294,68.7449595950272));
#2794=CARTESIAN_POINT('Ctrl Pts',(154.700788534941,-10.6300516326478,68.5556118761258));
#2795=CARTESIAN_POINT('Ctrl Pts',(155.259644769856,-10.7,68.4006706765324));
#2796=CARTESIAN_POINT('Ctrl Pts',(155.599576240751,-10.7,68.3000000000001));
#2797=CARTESIAN_POINT('Origin',(155.599576240751,-11.2,68.3000000000001));
#2798=CARTESIAN_POINT('Origin',(80.0000000000001,-11.2,68.3000000000001));
#2799=CARTESIAN_POINT('',(159.291287847478,-11.2,68.8000000000001));
#2800=CARTESIAN_POINT('Origin',(159.291287847478,-11.2,68.3000000000001));
#2801=CARTESIAN_POINT('',(80.0000000000001,-11.2,68.8000000000001));
#2802=CARTESIAN_POINT('Ctrl Pts',(159.291287847478,-11.2,68.8000000000001));
#2803=CARTESIAN_POINT('Ctrl Pts',(159.470581513603,-11.1433360829901,68.8000000000001));
#2804=CARTESIAN_POINT('Ctrl Pts',(159.765288513449,-11.075878974995,68.9142915721419));
#2805=CARTESIAN_POINT('Ctrl Pts',(159.8749445425,-11.0571428571428,69.1840773452354));
#2806=CARTESIAN_POINT('Ctrl Pts',(159.8749445425,-11.0571428571429,69.3000000000008));
#2807=CARTESIAN_POINT('Ctrl Pts',(159.291287847478,-11.0691003061004,68.8000000000001));
#2808=CARTESIAN_POINT('Ctrl Pts',(159.470308417217,-11.0218539245902,68.7848301673964));
#2809=CARTESIAN_POINT('Ctrl Pts',(159.785099818513,-10.9692565195144,68.8896705931691));
#2810=CARTESIAN_POINT('Ctrl Pts',(159.905445605008,-10.9548391834102,69.1767991937839));
#2811=CARTESIAN_POINT('Ctrl Pts',(159.905445605008,-10.9548391834102,69.3000000000009));
#2812=CARTESIAN_POINT('Ctrl Pts',(159.291287847478,-10.8085186490216,68.6914813509786));
#2813=CARTESIAN_POINT('Ctrl Pts',(159.498853157704,-10.7919457303974,68.6637291096516));
#2814=CARTESIAN_POINT('Ctrl Pts',(159.884503660132,-10.7753415398275,68.7860042380236));
#2815=CARTESIAN_POINT('Ctrl Pts',(160.034261687364,-10.7708892366809,69.1455003831224));
#2816=CARTESIAN_POINT('Ctrl Pts',(160.034261687364,-10.7708892366809,69.300000000001));
#2817=CARTESIAN_POINT('Ctrl Pts',(159.291287847478,-10.7,68.4308996938997));
#2818=CARTESIAN_POINT('Ctrl Pts',(159.56636189289,-10.7003079001821,68.4213629693657));
#2819=CARTESIAN_POINT('Ctrl Pts',(160.058524420417,-10.7001486788819,68.614481175083));
#2820=CARTESIAN_POINT('Ctrl Pts',(160.24734824747,-10.7,69.094001522591));
#2821=CARTESIAN_POINT('Ctrl Pts',(160.24734824747,-10.7,69.3000000000014));
#2822=CARTESIAN_POINT('Ctrl Pts',(159.291287847478,-10.7,68.3000000000001));
#2823=CARTESIAN_POINT('Ctrl Pts',(159.600414858038,-10.7,68.3000000000001));
#2824=CARTESIAN_POINT('Ctrl Pts',(160.145788711959,-10.7,68.5285831442838));
#2825=CARTESIAN_POINT('Ctrl Pts',(160.35410196625,-10.7,69.0681546904707));
#2826=CARTESIAN_POINT('Ctrl Pts',(160.35410196625,-10.7,69.3000000000015));
#2827=CARTESIAN_POINT('Ctrl Pts',(159.8749445425,-11.0571428571429,69.3000000000001));
#2828=CARTESIAN_POINT('Ctrl Pts',(159.8749445425,-11.0571428571429,69.2388668753002));
#2829=CARTESIAN_POINT('Ctrl Pts',(159.861904326575,-11.05927148704,69.1778909995601));
#2830=CARTESIAN_POINT('Ctrl Pts',(159.8377595908,-11.0638826389715,69.1212162063891));
#2831=CARTESIAN_POINT('Ctrl Pts',(159.82354637262,-11.0665970736656,69.0878536047776));
#2832=CARTESIAN_POINT('Ctrl Pts',(159.805466699992,-11.0701349239586,69.0558958376048));
#2833=CARTESIAN_POINT('Ctrl Pts',(159.783846331134,-11.0745137939075,69.0261669738834));
#2834=CARTESIAN_POINT('Ctrl Pts',(159.772514438867,-11.0768088927023,69.0105851730773));
#2835=CARTESIAN_POINT('Ctrl Pts',(159.760209340934,-11.0793351352478,68.9956162086378));
#2836=CARTESIAN_POINT('Ctrl Pts',(159.746974791574,-11.082095651039,68.9813837006748));
#2837=CARTESIAN_POINT('Ctrl Pts',(159.73983726995,-11.0835844241445,68.9737079702379));
#2838=CARTESIAN_POINT('Ctrl Pts',(159.732429372627,-11.0851413429439,68.9662465276473));
#2839=CARTESIAN_POINT('Ctrl Pts',(159.724763180832,-11.0867669470841,68.9590040842672));
#2840=CARTESIAN_POINT('Ctrl Pts',(159.697941758071,-11.0924543883915,68.9336652144722));
#2841=CARTESIAN_POINT('Ctrl Pts',(159.668072277644,-11.0989607584416,68.9111213732848));
#2842=CARTESIAN_POINT('Ctrl Pts',(159.635828875428,-11.1063538030188,68.8915720180819));
#2843=CARTESIAN_POINT('Ctrl Pts',(159.605129296997,-11.1133928664005,68.8729586918795));
#2844=CARTESIAN_POINT('Ctrl Pts',(159.572279135729,-11.1212355317271,68.8570608007206));
#2845=CARTESIAN_POINT('Ctrl Pts',(159.53788199703,-11.1299403866981,68.8440121187889));
#2846=CARTESIAN_POINT('Ctrl Pts',(159.505164451149,-11.1382201885268,68.8316005966121));
#2847=CARTESIAN_POINT('Ctrl Pts',(159.470995760788,-11.1472717957437,68.8217356864433));
#2848=CARTESIAN_POINT('Ctrl Pts',(159.435767033038,-11.1570852424529,68.8145088498672));
#2849=CARTESIAN_POINT('Ctrl Pts',(159.401519578951,-11.1666253418853,68.8074833121981));
#2850=CARTESIAN_POINT('Ctrl Pts',(159.36626878695,-11.1768854958062,68.8029502749835));
#2851=CARTESIAN_POINT('Ctrl Pts',(159.33035554909,-11.1878589805927,68.8010376866195));
#2852=CARTESIAN_POINT('Ctrl Pts',(159.317413751813,-11.1918134170064,68.8003484607976));
#2853=CARTESIAN_POINT('Ctrl Pts',(159.304385863508,-11.1958605069026,68.8000000000001));
#2854=CARTESIAN_POINT('Ctrl Pts',(159.291287847478,-11.2,68.8000000000001));
#2855=CARTESIAN_POINT('Origin',(152.65,-10.2,64.4500000000001));
#2856=CARTESIAN_POINT('',(157.,-10.2,64.4500000000001));
#2857=CARTESIAN_POINT('Origin',(152.65,-10.2,64.4500000000001));
#2858=CARTESIAN_POINT('Origin',(157.5,-10.2,64.4500000000001));
#2859=CARTESIAN_POINT('Ctrl Pts',(159.8749445425,11.0571428571429,69.30000000001));
#2860=CARTESIAN_POINT('Ctrl Pts',(159.874944542501,11.0571428571425,69.2227182301656));
#2861=CARTESIAN_POINT('Ctrl Pts',(159.834610245976,11.0644515339273,69.0685074206276));
#2862=CARTESIAN_POINT('Ctrl Pts',(159.639291685941,11.1035214334346,68.8589666551722));
#2863=CARTESIAN_POINT('Ctrl Pts',(159.425758097074,11.1575020622419,68.8000000000003));
#2864=CARTESIAN_POINT('Ctrl Pts',(159.291287847479,11.1999999999997,68.8000000000001));
#2865=CARTESIAN_POINT('Ctrl Pts',(159.905445605008,10.9548391834102,69.3000000000106));
#2866=CARTESIAN_POINT('Ctrl Pts',(159.90544560501,10.95483918341,69.2178661291985));
#2867=CARTESIAN_POINT('Ctrl Pts',(159.861187984945,10.9604301599086,69.0536643367509));
#2868=CARTESIAN_POINT('Ctrl Pts',(159.649995310669,10.9907585217324,68.8374896819585));
#2869=CARTESIAN_POINT('Ctrl Pts',(159.425553274784,11.0336655199672,68.7886226255473));
#2870=CARTESIAN_POINT('Ctrl Pts',(159.291287847479,11.0691003061002,68.8000000000001));
#2871=CARTESIAN_POINT('Ctrl Pts',(160.034261687364,10.7708892366809,69.3000000000133));
#2872=CARTESIAN_POINT('Ctrl Pts',(160.034261687366,10.7708892366808,69.1970002554265));
#2873=CARTESIAN_POINT('Ctrl Pts',(159.97936111827,10.7725469393033,68.9917221144744));
#2874=CARTESIAN_POINT('Ctrl Pts',(159.718379720908,10.7821510987496,68.7237808346845));
#2875=CARTESIAN_POINT('Ctrl Pts',(159.44696183015,10.7960889600533,68.6706671699832));
#2876=CARTESIAN_POINT('Ctrl Pts',(159.291287847479,10.8085186490215,68.6914813509784));
#2877=CARTESIAN_POINT('Ctrl Pts',(160.24734824747,10.7,69.3000000000176));
#2878=CARTESIAN_POINT('Ctrl Pts',(160.247348247473,10.7,69.1626676817427));
#2879=CARTESIAN_POINT('Ctrl Pts',(160.178031030871,10.7001964767305,68.8885810669152));
#2880=CARTESIAN_POINT('Ctrl Pts',(159.847015037874,10.7000939340694,68.5200582946266));
#2881=CARTESIAN_POINT('Ctrl Pts',(159.497593381541,10.7002309251365,68.4237471504994));
#2882=CARTESIAN_POINT('Ctrl Pts',(159.291287847479,10.7,68.4308996938997));
#2883=CARTESIAN_POINT('Ctrl Pts',(160.35410196625,10.7,69.3000000000198));
#2884=CARTESIAN_POINT('Ctrl Pts',(160.354101966253,10.7,69.1454364603311));
#2885=CARTESIAN_POINT('Ctrl Pts',(160.277643960046,10.7,68.8370148412552));
#2886=CARTESIAN_POINT('Ctrl Pts',(159.91156529695,10.7,68.4179333103443));
#2887=CARTESIAN_POINT('Ctrl Pts',(159.523133105402,10.7,68.3000000000004));
#2888=CARTESIAN_POINT('Ctrl Pts',(159.291287847479,10.7,68.3000000000001));
#2889=CARTESIAN_POINT('',(159.29128784748,10.7,68.3000000000001));
#2890=CARTESIAN_POINT('',(159.291287847479,11.1999999999993,68.8000000000001));
#2891=CARTESIAN_POINT('Origin',(159.29128784748,11.2,68.3000000000001));
#2892=CARTESIAN_POINT('Ctrl Pts',(159.291287847479,11.1999999999997,68.8000000000001));
#2893=CARTESIAN_POINT('Ctrl Pts',(159.425758097074,11.1575020622419,68.8000000000003));
#2894=CARTESIAN_POINT('Ctrl Pts',(159.639291685941,11.1035214334346,68.8589666551722));
#2895=CARTESIAN_POINT('Ctrl Pts',(159.834610245976,11.0644515339273,69.0685074206276));
#2896=CARTESIAN_POINT('Ctrl Pts',(159.874944542501,11.0571428571425,69.2227182301656));
#2897=CARTESIAN_POINT('Ctrl Pts',(159.8749445425,11.0571428571429,69.30000000001));
#2898=CARTESIAN_POINT('Ctrl Pts',(159.958056195243,10.7,68.5175615579808));
#2899=CARTESIAN_POINT('Ctrl Pts',(159.953252354007,10.7,68.513940047823));
#2900=CARTESIAN_POINT('Ctrl Pts',(159.762245678075,10.7,68.3725978378051));
#2901=CARTESIAN_POINT('Ctrl Pts',(159.523133105402,10.7,68.3000000000004));
#2902=CARTESIAN_POINT('Ctrl Pts',(159.291287847479,10.7,68.3000000000001));
#2903=CARTESIAN_POINT('Origin',(158.5,11.2,68.3000000000001));
#2904=CARTESIAN_POINT('',(155.599576240751,10.7,68.3000000000001));
#2905=CARTESIAN_POINT('',(155.599576240751,11.2,68.8000000000001));
#2906=CARTESIAN_POINT('Origin',(155.599576240751,11.2,68.3000000000001));
#2907=CARTESIAN_POINT('',(158.5,11.2,68.8000000000001));
#2908=CARTESIAN_POINT('',(158.5,10.7,68.3000000000001));
#2909=CARTESIAN_POINT('Ctrl Pts',(152.65,10.2,68.8000000000002));
#2910=CARTESIAN_POINT('Ctrl Pts',(152.652944502858,10.2006640841104,68.8000000000002));
#2911=CARTESIAN_POINT('Ctrl Pts',(152.655886166715,10.2013283759524,68.7999970728113));
#2912=CARTESIAN_POINT('Ctrl Pts',(153.289463760501,10.3439596982515,68.7996694239273));
#2913=CARTESIAN_POINT('Ctrl Pts',(154.125734142129,10.5358401513182,68.6883725687759));
#2914=CARTESIAN_POINT('Ctrl Pts',(155.071588813389,10.6761176244333,68.4522443529294));
#2915=CARTESIAN_POINT('Ctrl Pts',(155.429610505303,10.7,68.3503353382663));
#2916=CARTESIAN_POINT('Ctrl Pts',(155.599576240751,10.7,68.3000000000001));
#2917=CARTESIAN_POINT('Ctrl Pts',(152.65,10.2,68.8000000000002));
#2918=CARTESIAN_POINT('Ctrl Pts',(152.652791941741,10.2008933984437,68.7999804380565));
#2919=CARTESIAN_POINT('Ctrl Pts',(152.65570133377,10.2017628938035,68.8000193178555));
#2920=CARTESIAN_POINT('Ctrl Pts',(153.261989325204,10.3925972731989,68.7979284702122));
#2921=CARTESIAN_POINT('Ctrl Pts',(154.078940761805,10.6451796271605,68.7670386246193));
#2922=CARTESIAN_POINT('Ctrl Pts',(155.060656787551,10.7449115525209,68.655359727131));
#2923=CARTESIAN_POINT('Ctrl Pts',(155.42908209677,10.7265435736533,68.5952463713163));
#2924=CARTESIAN_POINT('Ctrl Pts',(155.599576240751,10.7,68.5617993877993));
#2925=CARTESIAN_POINT('Ctrl Pts',(152.65,10.2,68.8000000000002));
#2926=CARTESIAN_POINT('Ctrl Pts',(152.652711685459,10.201108323583,68.8000000000002));
#2927=CARTESIAN_POINT('Ctrl Pts',(152.655443844725,10.2022123885909,68.8000000000001));
#2928=CARTESIAN_POINT('Ctrl Pts',(153.239538443237,10.4400845544269,68.8000000000026));
#2929=CARTESIAN_POINT('Ctrl Pts',(154.020443478852,10.7593165465787,68.8));
#2930=CARTESIAN_POINT('Ctrl Pts',(155.017333547797,10.9453644003734,68.8000000000006));
#2931=CARTESIAN_POINT('Ctrl Pts',(155.411093509239,10.9550438363746,68.8000000000001));
#2932=CARTESIAN_POINT('Ctrl Pts',(155.599576240751,10.9382006122008,68.8000000000001));
#2933=CARTESIAN_POINT('Ctrl Pts',(152.65,10.2,68.8000000000002));
#2934=CARTESIAN_POINT('Ctrl Pts',(152.652606054258,10.201328168223,68.8000000000002));
#2935=CARTESIAN_POINT('Ctrl Pts',(152.655210918841,10.2026567519047,68.8000000000001));
#2936=CARTESIAN_POINT('Ctrl Pts',(153.215557893329,10.4879193965028,68.8000000000026));
#2937=CARTESIAN_POINT('Ctrl Pts',(153.962131627778,10.8716803026365,68.8));
#2938=CARTESIAN_POINT('Ctrl Pts',(154.972082131624,11.1522352488665,68.8000000000006));
#2939=CARTESIAN_POINT('Ctrl Pts',(155.391047409766,11.2,68.8000000000001));
#2940=CARTESIAN_POINT('Ctrl Pts',(155.599576240751,11.2,68.8000000000001));
#2941=CARTESIAN_POINT('',(152.65,10.2,68.8000000000001));
#2942=CARTESIAN_POINT('Ctrl Pts',(155.599576240751,10.7,68.3000000000001));
#2943=CARTESIAN_POINT('Ctrl Pts',(155.429610505303,10.7,68.3503353382663));
#2944=CARTESIAN_POINT('Ctrl Pts',(155.071588813389,10.6761176244333,68.4522443529294));
#2945=CARTESIAN_POINT('Ctrl Pts',(154.125734142129,10.5358401513182,68.6883725687759));
#2946=CARTESIAN_POINT('Ctrl Pts',(153.289463760501,10.3439596982515,68.7996694239273));
#2947=CARTESIAN_POINT('Ctrl Pts',(152.655886166715,10.2013283759524,68.7999970728113));
#2948=CARTESIAN_POINT('Ctrl Pts',(152.652944502858,10.2006640841104,68.8000000000002));
#2949=CARTESIAN_POINT('Ctrl Pts',(152.65,10.2,68.8000000000002));
#2950=CARTESIAN_POINT('Ctrl Pts',(152.65,10.2,68.8000000000002));
#2951=CARTESIAN_POINT('Ctrl Pts',(152.652606054258,10.201328168223,68.8000000000002));
#2952=CARTESIAN_POINT('Ctrl Pts',(152.655210918841,10.2026567519047,68.8000000000001));
#2953=CARTESIAN_POINT('Ctrl Pts',(153.215557893329,10.4879193965028,68.8000000000026));
#2954=CARTESIAN_POINT('Ctrl Pts',(153.962131627778,10.8716803026365,68.8));
#2955=CARTESIAN_POINT('Ctrl Pts',(154.972082131624,11.1522352488665,68.8000000000006));
#2956=CARTESIAN_POINT('Ctrl Pts',(155.391047409766,11.2,68.8000000000001));
#2957=CARTESIAN_POINT('Ctrl Pts',(155.599576240751,11.2,68.8000000000001));
#2958=CARTESIAN_POINT('Origin',(152.65,10.2,64.4500000000001));
#2959=CARTESIAN_POINT('',(157.5,10.7,64.4500000000001));
#2960=CARTESIAN_POINT('Origin',(152.65,10.7,64.4500000000001));
#2961=CARTESIAN_POINT('',(157.,10.2,64.4500000000001));
#2962=CARTESIAN_POINT('Origin',(157.5,10.2,64.4500000000001));
#2963=CARTESIAN_POINT('Origin',(152.65,10.2,64.4500000000001));
#2964=CARTESIAN_POINT('Origin',(160.,10.7,-92.1999999999998));
#2965=CARTESIAN_POINT('',(157.5,10.7,-92.1999999999998));
#2966=CARTESIAN_POINT('Origin',(157.5,-10.2,68.8));
#2967=CARTESIAN_POINT('',(157.,-10.2,-92.2000000000001));
#2968=CARTESIAN_POINT('Origin',(157.5,-10.2,-92.2000000000002));
#2969=CARTESIAN_POINT('',(157.,-10.2,68.8));
#2970=CARTESIAN_POINT('Origin',(0.,-13.2,-92.2000000000002));
#2971=CARTESIAN_POINT('',(160.,-10.2,-92.2000000000001));
#2972=CARTESIAN_POINT('',(160.,13.2,-92.1999999999999));
#2973=CARTESIAN_POINT('Origin',(157.,-10.2,-92.2000000000002));
#2974=CARTESIAN_POINT('',(157.,-13.1999999999991,-92.2000000000002));
#2975=CARTESIAN_POINT('',(146.72013226614,-3.,-92.2000000000001));
#2976=CARTESIAN_POINT('Ctrl Pts',(146.72013226614,-3.,-92.2000000000001));
#2977=CARTESIAN_POINT('Ctrl Pts',(146.905866348642,-3.,-92.2000000000001));
#2978=CARTESIAN_POINT('Ctrl Pts',(147.124480188094,-2.95659626352984,-92.2000000000001));
#2979=CARTESIAN_POINT('Ctrl Pts',(147.467521597125,-2.81471018477153,-92.2000000000001));
#2980=CARTESIAN_POINT('Ctrl Pts',(147.652705935567,-2.69120538146618,-92.2000000000001));
#2981=CARTESIAN_POINT('Ctrl Pts',(147.803063796337,-2.54107325380811,-92.2000000000001));
#2982=CARTESIAN_POINT('Ctrl Pts',(147.822145320612,-2.52098722618536,-92.2000000000001));
#2983=CARTESIAN_POINT('Ctrl Pts',(147.840963494492,-2.49999996021406,-92.2000000000001));
#2984=CARTESIAN_POINT('Ctrl Pts',(145.216308760863,-1.5,-92.2));
#2985=CARTESIAN_POINT('Ctrl Pts',(145.216308760863,-1.68496918739469,-92.2));
#2986=CARTESIAN_POINT('Ctrl Pts',(145.259691195757,-1.90265140704923,-92.2));
#2987=CARTESIAN_POINT('Ctrl Pts',(145.401535362008,-2.24457922638414,-92.2));
#2988=CARTESIAN_POINT('Ctrl Pts',(145.525178703587,-2.42926693868624,-92.2000000000001));
#2989=CARTESIAN_POINT('Ctrl Pts',(145.787518374234,-2.69119837858802,-92.2000000000001));
#2990=CARTESIAN_POINT('Ctrl Pts',(145.972716401424,-2.81470649872792,-92.2000000000001));
#2991=CARTESIAN_POINT('Ctrl Pts',(146.315774090492,-2.9565945303039,-92.2000000000001));
#2992=CARTESIAN_POINT('Ctrl Pts',(146.534393417198,-3.,-92.2000000000001));
#2993=CARTESIAN_POINT('Ctrl Pts',(146.72013226614,-3.,-92.2000000000001));
#2994=CARTESIAN_POINT('Origin',(4.47453180136972E-14,-12.7,69.3000000000001));
#2995=CARTESIAN_POINT('',(70.,-13.2,69.3000000000001));
#2996=CARTESIAN_POINT('',(70.,-12.7,68.8000000000001));
#2997=CARTESIAN_POINT('Origin',(70.,-12.7,69.3000000000001));
#2998=CARTESIAN_POINT('',(157.,-12.7,68.8000000000001));
#2999=CARTESIAN_POINT('',(4.47453180136972E-14,-12.7,68.8000000000001));
#3000=CARTESIAN_POINT('Origin',(157.,-12.7,69.3000000000001));
#3001=CARTESIAN_POINT('',(4.47453180136972E-14,-13.2,69.3000000000001));
#3002=CARTESIAN_POINT('Origin',(157.,-10.2,69.3000000000001));
#3003=CARTESIAN_POINT('Origin',(157.,-10.2,68.8000000000001));
#3004=CARTESIAN_POINT('Origin',(8.94906360273944E-14,-13.2,68.8000000000001));
#3005=CARTESIAN_POINT('',(70.,-5.85,68.8000000000001));
#3006=CARTESIAN_POINT('',(70.,-8.88178419700125E-15,68.8000000000001));
#3007=CARTESIAN_POINT('',(152.65,-5.85,68.8000000000001));
#3008=CARTESIAN_POINT('',(39.25,-5.85,68.8000000000001));
#3009=CARTESIAN_POINT('',(152.65,-13.2,68.8000000000001));
#3010=CARTESIAN_POINT('Origin',(70.,13.2,41.8370131251154));
#3011=CARTESIAN_POINT('',(70.,-13.2,71.8000000000001));
#3012=CARTESIAN_POINT('',(70.,-13.2,67.0185065625576));
#3013=CARTESIAN_POINT('',(70.,13.2,71.8000000000001));
#3014=CARTESIAN_POINT('',(70.,-8.88178419700125E-15,71.8000000000001));
#3015=CARTESIAN_POINT('',(70.,13.2,69.3000000000002));
#3016=CARTESIAN_POINT('',(70.,13.2,-25.1814934374423));
#3017=CARTESIAN_POINT('',(70.,12.7,68.8000000000001));
#3018=CARTESIAN_POINT('Origin',(70.,12.7,69.3000000000001));
#3019=CARTESIAN_POINT('',(70.,5.84999999999998,68.8000000000001));
#3020=CARTESIAN_POINT('',(70.,13.2,68.8000000000001));
#3021=CARTESIAN_POINT('Origin',(70.,5.84999999999998,64.4500000000001));
#3022=CARTESIAN_POINT('',(70.,-3.,43.5225342768751));
#3023=CARTESIAN_POINT('Ctrl Pts',(70.,-3.,43.5225342768751));
#3024=CARTESIAN_POINT('Ctrl Pts',(70.,-3.,43.3069990655335));
#3025=CARTESIAN_POINT('Ctrl Pts',(70.,-2.9535347443977,43.0525648002031));
#3026=CARTESIAN_POINT('Ctrl Pts',(70.,-2.802365591701,42.6616424779453));
#3027=CARTESIAN_POINT('Ctrl Pts',(70.,-2.67486110266089,42.4532354165845));
#3028=CARTESIAN_POINT('Ctrl Pts',(70.,-2.40701212018295,42.1655404975312));
#3029=CARTESIAN_POINT('Ctrl Pts',(70.,-2.22337329963898,42.0314599559945));
#3030=CARTESIAN_POINT('Ctrl Pts',(70.,-1.88724245856545,41.8823684119284));
#3031=CARTESIAN_POINT('Ctrl Pts',(70.,-1.67823039352588,41.8370131251154));
#3032=CARTESIAN_POINT('Ctrl Pts',(70.,-1.5,41.8370131251154));
#3033=CARTESIAN_POINT('Ctrl Pts',(70.,-2.49999998861037,44.7758202092939));
#3034=CARTESIAN_POINT('Ctrl Pts',(70.,-2.51262489615238,44.7631748700494));
#3035=CARTESIAN_POINT('Ctrl Pts',(70.,-2.52487048142845,44.7504772756688));
#3036=CARTESIAN_POINT('Ctrl Pts',(70.,-2.67522220753712,44.5894538275459));
#3037=CARTESIAN_POINT('Ctrl Pts',(70.,-2.80255579688979,44.381848204796));
#3038=CARTESIAN_POINT('Ctrl Pts',(70.,-2.95363229780609,43.9918869970818));
#3039=CARTESIAN_POINT('Ctrl Pts',(70.,-3.,43.737783626436));
#3040=CARTESIAN_POINT('Ctrl Pts',(70.,-3.,43.5225342768752));
#3041=CARTESIAN_POINT('Origin',(70.,-5.85,64.4500000000001));
#3042=CARTESIAN_POINT('Origin',(0.,-13.2,92.1999999999998));
#3043=CARTESIAN_POINT('',(148.51380454934,-13.2,86.2475423219793));
#3044=CARTESIAN_POINT('Origin',(150.,-13.2,79.4071312902913));
#3045=CARTESIAN_POINT('',(101.,-13.2,77.630021782811));
#3046=CARTESIAN_POINT('Origin',(0.,-13.2,769.801960784313));
#3047=CARTESIAN_POINT('',(101.,-13.2,71.8000000000001));
#3048=CARTESIAN_POINT('',(101.,-13.2,92.));
#3049=CARTESIAN_POINT('',(50.5,-13.2,71.8000000000001));
#3050=CARTESIAN_POINT('Origin',(157.5,10.2,-92.1999999999998));
#3051=CARTESIAN_POINT('',(157.,10.2,-92.1999999999998));
#3052=CARTESIAN_POINT('Origin',(157.,10.2,69.3000000000001));
#3053=CARTESIAN_POINT('',(157.,12.7,68.8000000000001));
#3054=CARTESIAN_POINT('Origin',(157.,10.2,68.8000000000001));
#3055=CARTESIAN_POINT('Origin',(157.,12.7,69.3000000000001));
#3056=CARTESIAN_POINT('Origin',(78.5,12.7,69.3000000000001));
#3057=CARTESIAN_POINT('',(78.5,13.2,69.3000000000001));
#3058=CARTESIAN_POINT('',(78.5,12.7,68.8000000000001));
#3059=CARTESIAN_POINT('Origin',(157.,13.2,68.8000000000001));
#3060=CARTESIAN_POINT('',(152.65,5.84999999999998,68.8000000000001));
#3061=CARTESIAN_POINT('',(152.65,13.2,68.8000000000001));
#3062=CARTESIAN_POINT('',(117.75,5.84999999999998,68.8000000000001));
#3063=CARTESIAN_POINT('Origin',(0.,10.2,769.801960784313));
#3064=CARTESIAN_POINT('',(101.,13.2,77.630021782811));
#3065=CARTESIAN_POINT('',(101.,10.2,80.6619304737869));
#3066=CARTESIAN_POINT('Ctrl Pts',(101.,13.2000000000001,77.630021782811));
#3067=CARTESIAN_POINT('Ctrl Pts',(101.,13.2000000000001,78.0054507222213));
#3068=CARTESIAN_POINT('Ctrl Pts',(101.,13.1127647469977,78.4474388783307));
#3069=CARTESIAN_POINT('Ctrl Pts',(101.,12.8276984614957,79.1399160825337));
#3070=CARTESIAN_POINT('Ctrl Pts',(101.,12.5801106196483,79.5134219023877));
#3071=CARTESIAN_POINT('Ctrl Pts',(101.,12.0554203121387,80.0415044723106));
#3072=CARTESIAN_POINT('Ctrl Pts',(101.,11.6861689214632,80.2902101862725));
#3073=CARTESIAN_POINT('Ctrl Pts',(101.,11.0031344876414,80.5748914911411));
#3074=CARTESIAN_POINT('Ctrl Pts',(101.,10.5689879325026,80.6619304737867));
#3075=CARTESIAN_POINT('Ctrl Pts',(101.,10.2000000000001,80.6619304737867));
#3076=CARTESIAN_POINT('Origin',(0.,10.2,769.801960784313));
#3077=CARTESIAN_POINT('Origin',(0.,13.1999999999999,769.801960784313));
#3078=CARTESIAN_POINT('Origin',(101.,13.2,71.8000000000001));
#3079=CARTESIAN_POINT('',(101.,13.2,71.8000000000001));
#3080=CARTESIAN_POINT('',(101.,13.2,-10.1999999999999));
#3081=CARTESIAN_POINT('',(101.,10.2,71.8000000000001));
#3082=CARTESIAN_POINT('',(101.,13.2,71.8000000000001));
#3083=CARTESIAN_POINT('',(101.,10.2,82.));
#3084=CARTESIAN_POINT('Origin',(0.,13.2,-92.1999999999999));
#3085=CARTESIAN_POINT('',(35.,13.2,71.8000000000001));
#3086=CARTESIAN_POINT('Origin',(157.,-10.2,46.0999999999998));
#3087=CARTESIAN_POINT('',(160.,-10.2,46.0999999999998));
#3088=CARTESIAN_POINT('Origin',(150.,-10.2,79.4071312902913));
#3089=CARTESIAN_POINT('Origin',(148.51380454934,-10.2,86.2475423219793));
#3090=CARTESIAN_POINT('Origin',(0.,-10.2,769.801960784313));
#3091=CARTESIAN_POINT('Ctrl Pts',(101.,-10.2,80.6619304737868));
#3092=CARTESIAN_POINT('Ctrl Pts',(101.,-10.5689879325026,80.6619304737868));
#3093=CARTESIAN_POINT('Ctrl Pts',(101.,-11.0031344876413,80.5748914911411));
#3094=CARTESIAN_POINT('Ctrl Pts',(101.,-11.6861689214632,80.2902101862725));
#3095=CARTESIAN_POINT('Ctrl Pts',(101.,-12.0554203121386,80.0415044723106));
#3096=CARTESIAN_POINT('Ctrl Pts',(101.,-12.5801106196482,79.5134219023877));
#3097=CARTESIAN_POINT('Ctrl Pts',(101.,-12.8276984614956,79.1399160825337));
#3098=CARTESIAN_POINT('Ctrl Pts',(101.,-13.1127647469977,78.4474388783307));
#3099=CARTESIAN_POINT('Ctrl Pts',(101.,-13.2,78.0054507222213));
#3100=CARTESIAN_POINT('Ctrl Pts',(101.,-13.2,77.630021782811));
#3101=CARTESIAN_POINT('Origin',(101.,-13.2,91.8000000000001));
#3102=CARTESIAN_POINT('',(101.,-13.2,71.8000000000001));
#3103=CARTESIAN_POINT('Origin',(152.65,13.2,64.4500000000001));
#3104=CARTESIAN_POINT('',(157.,13.2,64.4500000000001));
#3105=CARTESIAN_POINT('Origin',(152.65,5.84999999999998,64.4500000000001));
#3106=CARTESIAN_POINT('Origin',(152.65,-13.2,64.4500000000001));
#3107=CARTESIAN_POINT('Origin',(152.65,-5.85,64.4500000000001));
#3108=CARTESIAN_POINT('',(157.,-13.2,64.4500000000001));
#3109=CARTESIAN_POINT('Origin',(157.75,-7.00000000000001,-82.2000000000001));
#3110=CARTESIAN_POINT('',(157.,-7.00000000000001,-79.4500000000001));
#3111=CARTESIAN_POINT('Origin',(157.,-7.00000000000001,-82.2000000000001));
#3112=CARTESIAN_POINT('',(158.5,-7.00000000000001,-80.9500000000001));
#3113=CARTESIAN_POINT('',(157.75,-7.00000000000001,-80.2000000000001));
#3114=CARTESIAN_POINT('Origin',(158.5,-7.00000000000001,-82.2000000000001));
#3115=CARTESIAN_POINT('Origin',(157.,-13.2,68.8000000000001));
#3116=CARTESIAN_POINT('Origin',(157.,-7.00000000000001,-82.2000000000001));
#3117=CARTESIAN_POINT('Origin',(160.,-7.00000000000001,-82.2000000000001));
#3118=CARTESIAN_POINT('',(160.,-7.00000000000001,-80.9500000000001));
#3119=CARTESIAN_POINT('Origin',(160.,-7.00000000000001,-82.2000000000001));
#3120=CARTESIAN_POINT('',(160.,-7.00000000000001,-80.9500000000001));
#3121=CARTESIAN_POINT('Origin',(157.,13.2,-92.1999999999998));
#3122=CARTESIAN_POINT('Origin',(157.,-7.00000000000001,-82.2000000000001));
#3123=CARTESIAN_POINT('Origin',(152.65,-5.85,64.4500000000001));
#3124=CARTESIAN_POINT('Origin',(152.65,-5.85,64.4500000000001));
#3125=CARTESIAN_POINT('Origin',(39.25,-5.85,64.4500000000001));
#3126=CARTESIAN_POINT('Origin',(152.65,5.84999999999998,64.4500000000001));
#3127=CARTESIAN_POINT('Origin',(152.65,5.84999999999998,64.4500000000001));
#3128=CARTESIAN_POINT('Origin',(117.75,5.84999999999998,64.4500000000001));
#3129=CARTESIAN_POINT('Origin',(6.00000000000003,-1.5,-82.1999999999998));
#3130=CARTESIAN_POINT('Origin',(0.,10.2,92.1999999999998));
#3131=CARTESIAN_POINT('',(0.,10.2,71.7999999999998));
#3132=CARTESIAN_POINT('Origin',(0.,10.2,71.7999999999998));
#3133=CARTESIAN_POINT('',(160.,10.2,71.7999999999998));
#3134=CARTESIAN_POINT('Origin',(160.,-4.44089209850063E-15,-1.59872115546023E-13));
#3135=UNCERTAINTY_MEASURE_WITH_UNIT(LENGTH_MEASURE(0.01),#3139,
'DISTANCE_ACCURACY_VALUE',
'Maximum model space distance between geometric entities at asserted c
onnectivities');
#3136=UNCERTAINTY_MEASURE_WITH_UNIT(LENGTH_MEASURE(0.01),#3139,
'DISTANCE_ACCURACY_VALUE',
'Maximum model space distance between geometric entities at asserted c
onnectivities');
#3137=(
GEOMETRIC_REPRESENTATION_CONTEXT(3)
GLOBAL_UNCERTAINTY_ASSIGNED_CONTEXT((#3135))
GLOBAL_UNIT_ASSIGNED_CONTEXT((#3139,#3141,#3142))
REPRESENTATION_CONTEXT('','3D')
);
#3138=(
GEOMETRIC_REPRESENTATION_CONTEXT(3)
GLOBAL_UNCERTAINTY_ASSIGNED_CONTEXT((#3136))
GLOBAL_UNIT_ASSIGNED_CONTEXT((#3139,#3141,#3142))
REPRESENTATION_CONTEXT('','3D')
);
#3139=(
LENGTH_UNIT()
NAMED_UNIT(*)
SI_UNIT(.MILLI.,.METRE.)
);
#3140=(
LENGTH_UNIT()
NAMED_UNIT(*)
SI_UNIT($,.METRE.)
);
#3141=(
NAMED_UNIT(*)
PLANE_ANGLE_UNIT()
SI_UNIT($,.RADIAN.)
);
#3142=(
NAMED_UNIT(*)
SI_UNIT($,.STERADIAN.)
SOLID_ANGLE_UNIT()
);
#3143=SHAPE_DEFINITION_REPRESENTATION(#3144,#3145);
#3144=PRODUCT_DEFINITION_SHAPE('',$,#3147);
#3145=SHAPE_REPRESENTATION('',(#1614),#3137);
#3146=PRODUCT_DEFINITION_CONTEXT('part definition',#3151,'design');
#3147=PRODUCT_DEFINITION('support_etag\X\E9re_bureau',
'support_etag\X\E9re_bureau v26',#3148,#3146);
#3148=PRODUCT_DEFINITION_FORMATION('',$,#3153);
#3149=PRODUCT_RELATED_PRODUCT_CATEGORY('support_etag\X\E9re_bureau v26',
'support_etag\X\E9re_bureau v26',(#3153));
#3150=APPLICATION_PROTOCOL_DEFINITION('international standard',
'automotive_design',2009,#3151);
#3151=APPLICATION_CONTEXT(
'Core Data for Automotive Mechanical Design Process');
#3152=PRODUCT_CONTEXT('part definition',#3151,'mechanical');
#3153=PRODUCT('support_etag\X\E9re_bureau',
'support_etag\X\E9re_bureau v26',$,(#3152));
#3154=PRESENTATION_STYLE_ASSIGNMENT((#3155));
#3155=SURFACE_STYLE_USAGE(.BOTH.,#3156);
#3156=SURFACE_SIDE_STYLE('',(#3157));
#3157=SURFACE_STYLE_FILL_AREA(#3158);
#3158=FILL_AREA_STYLE('Acier - Satin\X\E9',(#3159));
#3159=FILL_AREA_STYLE_COLOUR('Acier - Satin\X\E9',#3160);
#3160=COLOUR_RGB('Acier - Satin\X\E9',0.627450980392157,0.627450980392157,
0.627450980392157);
ENDSEC;
END-ISO-10303-21;
