ISO-10303-21;
HEADER;
/* Generated by software containing ST-Developer
 * from STEP Tools, Inc. (www.steptools.com) 
 */

FILE_DESCRIPTION(
/* description */ (''),
/* implementation_level */ '2;1');

FILE_NAME(
/* name */ 'support_tagres_tubes.step',
/* time_stamp */ '2025-11-23T14:54:19+01:00',
/* author */ (''),
/* organization */ (''),
/* preprocessor_version */ 'ST-DEVELOPER v20.1',
/* originating_system */ 'Autodesk Translation Framework v14.21.0.0',
/* authorisation */ '');

FILE_SCHEMA (('AUTOMOTIVE_DESIGN { 1 0 10303 214 3 1 1 }'));
ENDSEC;

DATA;
#10=MECHANICAL_DESIGN_GEOMETRIC_PRESENTATION_REPRESENTATION('',(#13),#2104);
#11=SHAPE_REPRESENTATION_RELATIONSHIP('SRR','None',#2111,#12);
#12=ADVANCED_BREP_SHAPE_REPRESENTATION('',(#14),#2103);
#13=STYLED_ITEM('',(#2120),#14);
#14=MANIFOLD_SOLID_BREP('Corps1',#1156);
#15=FACE_BOUND('',#358,.T.);
#16=FACE_BOUND('',#359,.T.);
#17=FACE_BOUND('',#360,.T.);
#18=FACE_BOUND('',#367,.T.);
#19=FACE_BOUND('',#375,.T.);
#20=FACE_BOUND('',#377,.T.);
#21=PLANE('',#1175);
#22=PLANE('',#1186);
#23=PLANE('',#1197);
#24=PLANE('',#1208);
#25=PLANE('',#1214);
#26=PLANE('',#1215);
#27=PLANE('',#1216);
#28=PLANE('',#1217);
#29=PLANE('',#1220);
#30=PLANE('',#1223);
#31=PLANE('',#1224);
#32=PLANE('',#1232);
#33=PLANE('',#1237);
#34=PLANE('',#1238);
#35=PLANE('',#1239);
#36=PLANE('',#1242);
#37=PLANE('',#1243);
#38=PLANE('',#1246);
#39=PLANE('',#1249);
#40=PLANE('',#1250);
#41=PLANE('',#1252);
#42=PLANE('',#1256);
#43=PLANE('',#1258);
#44=PLANE('',#1259);
#45=PLANE('',#1263);
#46=PLANE('',#1264);
#47=PLANE('',#1265);
#48=PLANE('',#1266);
#49=PLANE('',#1267);
#50=PLANE('',#1269);
#51=PLANE('',#1270);
#52=PLANE('',#1272);
#53=PLANE('',#1274);
#54=PLANE('',#1275);
#55=LINE('',#1627,#154);
#56=LINE('',#1635,#155);
#57=LINE('',#1640,#156);
#58=LINE('',#1644,#157);
#59=LINE('',#1704,#158);
#60=LINE('',#1712,#159);
#61=LINE('',#1717,#160);
#62=LINE('',#1721,#161);
#63=LINE('',#1781,#162);
#64=LINE('',#1789,#163);
#65=LINE('',#1794,#164);
#66=LINE('',#1798,#165);
#67=LINE('',#1858,#166);
#68=LINE('',#1866,#167);
#69=LINE('',#1871,#168);
#70=LINE('',#1875,#169);
#71=LINE('',#1903,#170);
#72=LINE('',#1904,#171);
#73=LINE('',#1907,#172);
#74=LINE('',#1908,#173);
#75=LINE('',#1911,#174);
#76=LINE('',#1912,#175);
#77=LINE('',#1915,#176);
#78=LINE('',#1916,#177);
#79=LINE('',#1920,#178);
#80=LINE('',#1923,#179);
#81=LINE('',#1924,#180);
#82=LINE('',#1928,#181);
#83=LINE('',#1931,#182);
#84=LINE('',#1933,#183);
#85=LINE('',#1935,#184);
#86=LINE('',#1936,#185);
#87=LINE('',#1940,#186);
#88=LINE('',#1942,#187);
#89=LINE('',#1944,#188);
#90=LINE('',#1946,#189);
#91=LINE('',#1949,#190);
#92=LINE('',#1951,#191);
#93=LINE('',#1955,#192);
#94=LINE('',#1957,#193);
#95=LINE('',#1959,#194);
#96=LINE('',#1963,#195);
#97=LINE('',#1965,#196);
#98=LINE('',#1967,#197);
#99=LINE('',#1971,#198);
#100=LINE('',#1973,#199);
#101=LINE('',#1974,#200);
#102=LINE('',#1983,#201);
#103=LINE('',#1985,#202);
#104=LINE('',#1987,#203);
#105=LINE('',#1988,#204);
#106=LINE('',#1992,#205);
#107=LINE('',#1997,#206);
#108=LINE('',#1998,#207);
#109=LINE('',#2000,#208);
#110=LINE('',#2003,#209);
#111=LINE('',#2004,#210);
#112=LINE('',#2005,#211);
#113=LINE('',#2008,#212);
#114=LINE('',#2010,#213);
#115=LINE('',#2012,#214);
#116=LINE('',#2014,#215);
#117=LINE('',#2019,#216);
#118=LINE('',#2021,#217);
#119=LINE('',#2022,#218);
#120=LINE('',#2024,#219);
#121=LINE('',#2025,#220);
#122=LINE('',#2026,#221);
#123=LINE('',#2027,#222);
#124=LINE('',#2032,#223);
#125=LINE('',#2033,#224);
#126=LINE('',#2035,#225);
#127=LINE('',#2039,#226);
#128=LINE('',#2042,#227);
#129=LINE('',#2043,#228);
#130=LINE('',#2044,#229);
#131=LINE('',#2047,#230);
#132=LINE('',#2048,#231);
#133=LINE('',#2053,#232);
#134=LINE('',#2057,#233);
#135=LINE('',#2058,#234);
#136=LINE('',#2062,#235);
#137=LINE('',#2063,#236);
#138=LINE('',#2066,#237);
#139=LINE('',#2068,#238);
#140=LINE('',#2069,#239);
#141=LINE('',#2071,#240);
#142=LINE('',#2072,#241);
#143=LINE('',#2074,#242);
#144=LINE('',#2076,#243);
#145=LINE('',#2078,#244);
#146=LINE('',#2080,#245);
#147=LINE('',#2083,#246);
#148=LINE('',#2085,#247);
#149=LINE('',#2087,#248);
#150=LINE('',#2090,#249);
#151=LINE('',#2092,#250);
#152=LINE('',#2097,#251);
#153=LINE('',#2099,#252);
#154=VECTOR('',#1287,10.);
#155=VECTOR('',#1290,10.);
#156=VECTOR('',#1295,10.);
#157=VECTOR('',#1298,10.);
#158=VECTOR('',#1313,10.);
#159=VECTOR('',#1316,10.);
#160=VECTOR('',#1321,10.);
#161=VECTOR('',#1324,10.);
#162=VECTOR('',#1339,10.);
#163=VECTOR('',#1342,10.);
#164=VECTOR('',#1347,10.);
#165=VECTOR('',#1350,10.);
#166=VECTOR('',#1365,10.);
#167=VECTOR('',#1368,10.);
#168=VECTOR('',#1373,10.);
#169=VECTOR('',#1376,10.);
#170=VECTOR('',#1385,10.);
#171=VECTOR('',#1386,10.);
#172=VECTOR('',#1389,10.);
#173=VECTOR('',#1390,10.);
#174=VECTOR('',#1393,10.);
#175=VECTOR('',#1394,10.);
#176=VECTOR('',#1397,10.);
#177=VECTOR('',#1398,10.);
#178=VECTOR('',#1403,10.);
#179=VECTOR('',#1406,10.);
#180=VECTOR('',#1407,10.);
#181=VECTOR('',#1412,10.);
#182=VECTOR('',#1415,10.);
#183=VECTOR('',#1416,10.);
#184=VECTOR('',#1417,10.);
#185=VECTOR('',#1418,10.);
#186=VECTOR('',#1421,10.);
#187=VECTOR('',#1422,10.);
#188=VECTOR('',#1423,10.);
#189=VECTOR('',#1424,10.);
#190=VECTOR('',#1427,10.);
#191=VECTOR('',#1428,10.);
#192=VECTOR('',#1431,10.);
#193=VECTOR('',#1432,10.);
#194=VECTOR('',#1433,10.);
#195=VECTOR('',#1436,10.);
#196=VECTOR('',#1437,10.);
#197=VECTOR('',#1438,10.);
#198=VECTOR('',#1441,10.);
#199=VECTOR('',#1442,10.);
#200=VECTOR('',#1443,10.);
#201=VECTOR('',#1452,10.);
#202=VECTOR('',#1453,10.);
#203=VECTOR('',#1454,10.);
#204=VECTOR('',#1455,10.);
#205=VECTOR('',#1460,10.);
#206=VECTOR('',#1465,10.);
#207=VECTOR('',#1466,10.);
#208=VECTOR('',#1469,10.);
#209=VECTOR('',#1472,10.);
#210=VECTOR('',#1473,10.);
#211=VECTOR('',#1474,10.);
#212=VECTOR('',#1477,10.);
#213=VECTOR('',#1478,10.);
#214=VECTOR('',#1479,10.);
#215=VECTOR('',#1482,10.);
#216=VECTOR('',#1487,10.);
#217=VECTOR('',#1488,10.);
#218=VECTOR('',#1489,10.);
#219=VECTOR('',#1492,10.);
#220=VECTOR('',#1493,10.);
#221=VECTOR('',#1494,10.);
#222=VECTOR('',#1495,10.);
#223=VECTOR('',#1500,10.);
#224=VECTOR('',#1501,10.);
#225=VECTOR('',#1504,10.);
#226=VECTOR('',#1509,10.);
#227=VECTOR('',#1512,10.);
#228=VECTOR('',#1513,10.);
#229=VECTOR('',#1514,10.);
#230=VECTOR('',#1517,10.);
#231=VECTOR('',#1518,10.);
#232=VECTOR('',#1523,10.);
#233=VECTOR('',#1526,10.);
#234=VECTOR('',#1527,10.);
#235=VECTOR('',#1532,10.);
#236=VECTOR('',#1533,10.);
#237=VECTOR('',#1538,10.);
#238=VECTOR('',#1541,10.);
#239=VECTOR('',#1542,10.);
#240=VECTOR('',#1545,10.);
#241=VECTOR('',#1546,10.);
#242=VECTOR('',#1549,1.5);
#243=VECTOR('',#1552,1.5);
#244=VECTOR('',#1555,1.5);
#245=VECTOR('',#1558,10.);
#246=VECTOR('',#1563,10.);
#247=VECTOR('',#1566,10.);
#248=VECTOR('',#1569,10.);
#249=VECTOR('',#1574,10.);
#250=VECTOR('',#1577,10.);
#251=VECTOR('',#1586,10.);
#252=VECTOR('',#1589,10.);
#253=CYLINDRICAL_SURFACE('',#1173,116.125);
#254=CYLINDRICAL_SURFACE('',#1184,116.125);
#255=CYLINDRICAL_SURFACE('',#1195,116.125);
#256=CYLINDRICAL_SURFACE('',#1206,116.125);
#257=CYLINDRICAL_SURFACE('',#1218,10.);
#258=CYLINDRICAL_SURFACE('',#1221,10.);
#259=CYLINDRICAL_SURFACE('',#1233,10.);
#260=CYLINDRICAL_SURFACE('',#1235,10.);
#261=CYLINDRICAL_SURFACE('',#1244,10.);
#262=CYLINDRICAL_SURFACE('',#1247,10.);
#263=CYLINDRICAL_SURFACE('',#1255,10.);
#264=CYLINDRICAL_SURFACE('',#1257,10.);
#265=CYLINDRICAL_SURFACE('',#1260,1.5);
#266=CYLINDRICAL_SURFACE('',#1261,1.5);
#267=CYLINDRICAL_SURFACE('',#1262,1.5);
#268=CYLINDRICAL_SURFACE('',#1268,8.00000000000001);
#269=CYLINDRICAL_SURFACE('',#1271,8.);
#270=CYLINDRICAL_SURFACE('',#1273,8.);
#271=CYLINDRICAL_SURFACE('',#1276,8.00000000000001);
#272=FACE_OUTER_BOUND('',#333,.T.);
#273=FACE_OUTER_BOUND('',#334,.T.);
#274=FACE_OUTER_BOUND('',#335,.T.);
#275=FACE_OUTER_BOUND('',#336,.T.);
#276=FACE_OUTER_BOUND('',#337,.T.);
#277=FACE_OUTER_BOUND('',#338,.T.);
#278=FACE_OUTER_BOUND('',#339,.T.);
#279=FACE_OUTER_BOUND('',#340,.T.);
#280=FACE_OUTER_BOUND('',#341,.T.);
#281=FACE_OUTER_BOUND('',#342,.T.);
#282=FACE_OUTER_BOUND('',#343,.T.);
#283=FACE_OUTER_BOUND('',#344,.T.);
#284=FACE_OUTER_BOUND('',#345,.T.);
#285=FACE_OUTER_BOUND('',#346,.T.);
#286=FACE_OUTER_BOUND('',#347,.T.);
#287=FACE_OUTER_BOUND('',#348,.T.);
#288=FACE_OUTER_BOUND('',#349,.T.);
#289=FACE_OUTER_BOUND('',#350,.T.);
#290=FACE_OUTER_BOUND('',#351,.T.);
#291=FACE_OUTER_BOUND('',#352,.T.);
#292=FACE_OUTER_BOUND('',#353,.T.);
#293=FACE_OUTER_BOUND('',#354,.T.);
#294=FACE_OUTER_BOUND('',#355,.T.);
#295=FACE_OUTER_BOUND('',#356,.T.);
#296=FACE_OUTER_BOUND('',#357,.T.);
#297=FACE_OUTER_BOUND('',#361,.T.);
#298=FACE_OUTER_BOUND('',#362,.T.);
#299=FACE_OUTER_BOUND('',#363,.T.);
#300=FACE_OUTER_BOUND('',#364,.T.);
#301=FACE_OUTER_BOUND('',#365,.T.);
#302=FACE_OUTER_BOUND('',#366,.T.);
#303=FACE_OUTER_BOUND('',#368,.T.);
#304=FACE_OUTER_BOUND('',#369,.T.);
#305=FACE_OUTER_BOUND('',#370,.T.);
#306=FACE_OUTER_BOUND('',#371,.T.);
#307=FACE_OUTER_BOUND('',#372,.T.);
#308=FACE_OUTER_BOUND('',#373,.T.);
#309=FACE_OUTER_BOUND('',#374,.T.);
#310=FACE_OUTER_BOUND('',#376,.T.);
#311=FACE_OUTER_BOUND('',#378,.T.);
#312=FACE_OUTER_BOUND('',#379,.T.);
#313=FACE_OUTER_BOUND('',#380,.T.);
#314=FACE_OUTER_BOUND('',#381,.T.);
#315=FACE_OUTER_BOUND('',#382,.T.);
#316=FACE_OUTER_BOUND('',#383,.T.);
#317=FACE_OUTER_BOUND('',#384,.T.);
#318=FACE_OUTER_BOUND('',#385,.T.);
#319=FACE_OUTER_BOUND('',#386,.T.);
#320=FACE_OUTER_BOUND('',#387,.T.);
#321=FACE_OUTER_BOUND('',#388,.T.);
#322=FACE_OUTER_BOUND('',#389,.T.);
#323=FACE_OUTER_BOUND('',#390,.T.);
#324=FACE_OUTER_BOUND('',#391,.T.);
#325=FACE_OUTER_BOUND('',#392,.T.);
#326=FACE_OUTER_BOUND('',#393,.T.);
#327=FACE_OUTER_BOUND('',#394,.T.);
#328=FACE_OUTER_BOUND('',#395,.T.);
#329=FACE_OUTER_BOUND('',#396,.T.);
#330=FACE_OUTER_BOUND('',#397,.T.);
#331=FACE_OUTER_BOUND('',#398,.T.);
#332=FACE_OUTER_BOUND('',#399,.T.);
#333=EDGE_LOOP('',(#749,#750,#751,#752));
#334=EDGE_LOOP('',(#753,#754,#755,#756,#757,#758));
#335=EDGE_LOOP('',(#759,#760,#761,#762,#763,#764));
#336=EDGE_LOOP('',(#765,#766,#767,#768));
#337=EDGE_LOOP('',(#769,#770,#771,#772));
#338=EDGE_LOOP('',(#773,#774,#775,#776,#777,#778));
#339=EDGE_LOOP('',(#779,#780,#781,#782,#783,#784));
#340=EDGE_LOOP('',(#785,#786,#787,#788));
#341=EDGE_LOOP('',(#789,#790,#791,#792));
#342=EDGE_LOOP('',(#793,#794,#795,#796,#797,#798));
#343=EDGE_LOOP('',(#799,#800,#801,#802,#803,#804));
#344=EDGE_LOOP('',(#805,#806,#807,#808));
#345=EDGE_LOOP('',(#809,#810,#811,#812));
#346=EDGE_LOOP('',(#813,#814,#815,#816,#817,#818));
#347=EDGE_LOOP('',(#819,#820,#821,#822,#823,#824));
#348=EDGE_LOOP('',(#825,#826,#827,#828));
#349=EDGE_LOOP('',(#829,#830,#831));
#350=EDGE_LOOP('',(#832,#833,#834));
#351=EDGE_LOOP('',(#835,#836,#837));
#352=EDGE_LOOP('',(#838,#839,#840));
#353=EDGE_LOOP('',(#841,#842,#843,#844,#845,#846));
#354=EDGE_LOOP('',(#847,#848,#849));
#355=EDGE_LOOP('',(#850,#851,#852,#853,#854,#855));
#356=EDGE_LOOP('',(#856,#857,#858,#859,#860,#861));
#357=EDGE_LOOP('',(#862,#863,#864,#865,#866,#867,#868,#869,#870,#871,#872,
#873,#874,#875,#876,#877,#878,#879,#880,#881));
#358=EDGE_LOOP('',(#882));
#359=EDGE_LOOP('',(#883));
#360=EDGE_LOOP('',(#884));
#361=EDGE_LOOP('',(#885,#886,#887,#888,#889,#890,#891));
#362=EDGE_LOOP('',(#892,#893,#894,#895,#896,#897));
#363=EDGE_LOOP('',(#898,#899,#900,#901,#902,#903));
#364=EDGE_LOOP('',(#904,#905,#906));
#365=EDGE_LOOP('',(#907,#908,#909,#910,#911,#912));
#366=EDGE_LOOP('',(#913,#914,#915,#916,#917,#918,#919,#920,#921,#922));
#367=EDGE_LOOP('',(#923));
#368=EDGE_LOOP('',(#924,#925,#926,#927,#928,#929,#930));
#369=EDGE_LOOP('',(#931,#932,#933,#934,#935,#936,#937,#938,#939,#940,#941,
#942));
#370=EDGE_LOOP('',(#943,#944,#945,#946,#947,#948));
#371=EDGE_LOOP('',(#949,#950,#951));
#372=EDGE_LOOP('',(#952,#953,#954,#955,#956,#957));
#373=EDGE_LOOP('',(#958,#959,#960,#961,#962,#963));
#374=EDGE_LOOP('',(#964,#965,#966,#967,#968,#969,#970,#971,#972,#973));
#375=EDGE_LOOP('',(#974));
#376=EDGE_LOOP('',(#975,#976,#977,#978,#979,#980,#981,#982,#983,#984));
#377=EDGE_LOOP('',(#985));
#378=EDGE_LOOP('',(#986,#987,#988,#989,#990,#991));
#379=EDGE_LOOP('',(#992,#993,#994));
#380=EDGE_LOOP('',(#995,#996,#997,#998,#999,#1000));
#381=EDGE_LOOP('',(#1001,#1002,#1003,#1004,#1005,#1006));
#382=EDGE_LOOP('',(#1007,#1008,#1009,#1010,#1011,#1012));
#383=EDGE_LOOP('',(#1013,#1014,#1015,#1016));
#384=EDGE_LOOP('',(#1017,#1018,#1019,#1020));
#385=EDGE_LOOP('',(#1021,#1022,#1023,#1024));
#386=EDGE_LOOP('',(#1025,#1026,#1027,#1028));
#387=EDGE_LOOP('',(#1029,#1030,#1031,#1032));
#388=EDGE_LOOP('',(#1033,#1034,#1035,#1036));
#389=EDGE_LOOP('',(#1037,#1038,#1039,#1040));
#390=EDGE_LOOP('',(#1041,#1042,#1043,#1044,#1045,#1046));
#391=EDGE_LOOP('',(#1047,#1048,#1049,#1050));
#392=EDGE_LOOP('',(#1051,#1052,#1053,#1054));
#393=EDGE_LOOP('',(#1055,#1056,#1057,#1058,#1059,#1060));
#394=EDGE_LOOP('',(#1061,#1062,#1063,#1064));
#395=EDGE_LOOP('',(#1065,#1066,#1067,#1068));
#396=EDGE_LOOP('',(#1069,#1070,#1071,#1072));
#397=EDGE_LOOP('',(#1073,#1074,#1075,#1076));
#398=EDGE_LOOP('',(#1077,#1078,#1079,#1080,#1081,#1082));
#399=EDGE_LOOP('',(#1083,#1084,#1085,#1086));
#400=CIRCLE('',#1171,121.125);
#401=CIRCLE('',#1172,116.125);
#402=CIRCLE('',#1174,116.125);
#403=CIRCLE('',#1176,10.);
#404=CIRCLE('',#1177,8.00000000000001);
#405=CIRCLE('',#1178,10.);
#406=CIRCLE('',#1180,121.125);
#407=CIRCLE('',#1182,121.125);
#408=CIRCLE('',#1183,116.125);
#409=CIRCLE('',#1185,116.125);
#410=CIRCLE('',#1187,10.);
#411=CIRCLE('',#1188,8.00000000000001);
#412=CIRCLE('',#1189,10.);
#413=CIRCLE('',#1191,121.125);
#414=CIRCLE('',#1193,121.125);
#415=CIRCLE('',#1194,116.125);
#416=CIRCLE('',#1196,116.125);
#417=CIRCLE('',#1198,10.);
#418=CIRCLE('',#1199,8.);
#419=CIRCLE('',#1200,10.);
#420=CIRCLE('',#1202,121.125);
#421=CIRCLE('',#1204,121.125);
#422=CIRCLE('',#1205,116.125);
#423=CIRCLE('',#1207,116.125);
#424=CIRCLE('',#1209,10.);
#425=CIRCLE('',#1210,8.);
#426=CIRCLE('',#1211,10.);
#427=CIRCLE('',#1213,121.125);
#428=CIRCLE('',#1219,10.);
#429=CIRCLE('',#1222,10.);
#430=CIRCLE('',#1225,8.00000000000001);
#431=CIRCLE('',#1226,8.);
#432=CIRCLE('',#1227,8.);
#433=CIRCLE('',#1228,8.00000000000001);
#434=CIRCLE('',#1229,1.5);
#435=CIRCLE('',#1230,1.5);
#436=CIRCLE('',#1231,1.5);
#437=CIRCLE('',#1234,10.);
#438=CIRCLE('',#1236,10.);
#439=CIRCLE('',#1240,10.);
#440=CIRCLE('',#1241,1.5);
#441=CIRCLE('',#1245,10.);
#442=CIRCLE('',#1248,10.);
#443=CIRCLE('',#1251,1.5);
#444=CIRCLE('',#1253,10.);
#445=CIRCLE('',#1254,1.5);
#446=B_SPLINE_CURVE_WITH_KNOTS('',3,(#1596,#1597,#1598,#1599,#1600,#1601),
 .UNSPECIFIED.,.F.,.F.,(4,2,4),(6.43582006648575,8.07494190309283,9.71406373969992),
 .UNSPECIFIED.);
#447=B_SPLINE_CURVE_WITH_KNOTS('',3,(#1605,#1606,#1607,#1608,#1609,#1610,
#1611,#1612,#1613,#1614,#1615,#1616,#1617,#1618),.UNSPECIFIED.,.F.,.F.,
(4,2,2,2,2,2,4),(1.60015357044833,1.69553241952927,1.90955964217294,2.13742429149641,
2.30182709570408,2.43779203746414,2.4605824218223),.UNSPECIFIED.);
#448=B_SPLINE_CURVE_WITH_KNOTS('',3,(#1622,#1623,#1624,#1625),
 .UNSPECIFIED.,.F.,.F.,(4,4),(-0.364613197876369,-0.29446736822704),
 .UNSPECIFIED.);
#449=B_SPLINE_CURVE_WITH_KNOTS('',3,(#1629,#1630,#1631,#1632),
 .UNSPECIFIED.,.F.,.F.,(4,4),(0.294467368227041,0.364613197876366),
 .UNSPECIFIED.);
#450=B_SPLINE_CURVE_WITH_KNOTS('',3,(#1648,#1649,#1650,#1651,#1652,#1653,
#1654,#1655,#1656,#1657,#1658,#1659,#1660,#1661),.UNSPECIFIED.,.F.,.F.,
(4,2,2,2,2,2,4),(0.984172922072371,1.06590673182673,1.19718770331454,1.35658129631758,
1.57029646460194,1.79668673525209,1.85774352418628),.UNSPECIFIED.);
#451=B_SPLINE_CURVE_WITH_KNOTS('',3,(#1664,#1665,#1666,#1667,#1668,#1669),
 .UNSPECIFIED.,.F.,.F.,(4,2,4),(0.,1.63912183660708,3.27824367321417),
 .UNSPECIFIED.);
#452=B_SPLINE_CURVE_WITH_KNOTS('',3,(#1673,#1674,#1675,#1676,#1677,#1678),
 .UNSPECIFIED.,.F.,.F.,(4,2,4),(6.43582006648575,8.07494190309284,9.71406373969992),
 .UNSPECIFIED.);
#453=B_SPLINE_CURVE_WITH_KNOTS('',3,(#1682,#1683,#1684,#1685,#1686,#1687,
#1688,#1689,#1690,#1691,#1692,#1693,#1694,#1695),.UNSPECIFIED.,.F.,.F.,
(4,2,2,2,2,2,4),(1.600153570449,1.69553241952998,1.90955964217377,2.13742429149743,
2.30182709570532,2.4377920374656,2.4605824218238),.UNSPECIFIED.);
#454=B_SPLINE_CURVE_WITH_KNOTS('',3,(#1699,#1700,#1701,#1702),
 .UNSPECIFIED.,.F.,.F.,(4,4),(-0.36496051192128,-0.29473343974787),
 .UNSPECIFIED.);
#455=B_SPLINE_CURVE_WITH_KNOTS('',3,(#1706,#1707,#1708,#1709),
 .UNSPECIFIED.,.F.,.F.,(4,4),(0.294467368227003,0.364613197876345),
 .UNSPECIFIED.);
#456=B_SPLINE_CURVE_WITH_KNOTS('',3,(#1725,#1726,#1727,#1728,#1729,#1730,
#1731,#1732,#1733,#1734,#1735,#1736,#1737,#1738),.UNSPECIFIED.,.F.,.F.,
(4,2,2,2,2,2,4),(0.984172922072143,1.06590673182649,1.19718770331427,1.35658129631724,
1.57029646460161,1.79668673525184,1.85774352418602),.UNSPECIFIED.);
#457=B_SPLINE_CURVE_WITH_KNOTS('',3,(#1741,#1742,#1743,#1744,#1745,#1746),
 .UNSPECIFIED.,.F.,.F.,(4,2,4),(0.,1.63912183660709,3.27824367321417),
 .UNSPECIFIED.);
#458=B_SPLINE_CURVE_WITH_KNOTS('',3,(#1750,#1751,#1752,#1753,#1754,#1755),
 .UNSPECIFIED.,.F.,.F.,(4,2,4),(6.43582006648575,8.07494190309284,9.71406373969992),
 .UNSPECIFIED.);
#459=B_SPLINE_CURVE_WITH_KNOTS('',3,(#1759,#1760,#1761,#1762,#1763,#1764,
#1765,#1766,#1767,#1768,#1769,#1770,#1771,#1772),.UNSPECIFIED.,.F.,.F.,
(4,2,2,2,2,2,4),(1.60015357044919,1.69553241953017,1.90955964217392,2.13742429149758,
2.30182709570544,2.43779203746569,2.46058242182389),.UNSPECIFIED.);
#460=B_SPLINE_CURVE_WITH_KNOTS('',3,(#1776,#1777,#1778,#1779),
 .UNSPECIFIED.,.F.,.F.,(4,4),(-0.364613197876356,-0.29446736822704),
 .UNSPECIFIED.);
#461=B_SPLINE_CURVE_WITH_KNOTS('',3,(#1783,#1784,#1785,#1786),
 .UNSPECIFIED.,.F.,.F.,(4,4),(0.294733439747837,0.364960511921298),
 .UNSPECIFIED.);
#462=B_SPLINE_CURVE_WITH_KNOTS('',3,(#1802,#1803,#1804,#1805,#1806,#1807,
#1808,#1809,#1810,#1811,#1812,#1813,#1814,#1815),.UNSPECIFIED.,.F.,.F.,
(4,2,2,2,2,2,4),(0.984172922072317,1.06590673182667,1.19718770331445,1.35658129631738,
1.57029646460179,1.79668673525208,1.8577435241863),.UNSPECIFIED.);
#463=B_SPLINE_CURVE_WITH_KNOTS('',3,(#1818,#1819,#1820,#1821,#1822,#1823),
 .UNSPECIFIED.,.F.,.F.,(4,2,4),(0.,1.63912183660709,3.27824367321417),
 .UNSPECIFIED.);
#464=B_SPLINE_CURVE_WITH_KNOTS('',3,(#1827,#1828,#1829,#1830,#1831,#1832),
 .UNSPECIFIED.,.F.,.F.,(4,2,4),(6.43582006648575,8.07494190309283,9.71406373969992),
 .UNSPECIFIED.);
#465=B_SPLINE_CURVE_WITH_KNOTS('',3,(#1836,#1837,#1838,#1839,#1840,#1841,
#1842,#1843,#1844,#1845,#1846,#1847,#1848,#1849),.UNSPECIFIED.,.F.,.F.,
(4,2,2,2,2,2,4),(1.60015357044901,1.69553241952996,1.90955964217368,2.13742429149732,
2.3018270957052,2.43779203746545,2.46058242182364),.UNSPECIFIED.);
#466=B_SPLINE_CURVE_WITH_KNOTS('',3,(#1853,#1854,#1855,#1856),
 .UNSPECIFIED.,.F.,.F.,(4,4),(-0.36461319787635,-0.294467368227041),
 .UNSPECIFIED.);
#467=B_SPLINE_CURVE_WITH_KNOTS('',3,(#1860,#1861,#1862,#1863),
 .UNSPECIFIED.,.F.,.F.,(4,4),(0.294467368227039,0.364613197876347),
 .UNSPECIFIED.);
#468=B_SPLINE_CURVE_WITH_KNOTS('',3,(#1879,#1880,#1881,#1882,#1883,#1884,
#1885,#1886,#1887,#1888,#1889,#1890,#1891,#1892),.UNSPECIFIED.,.F.,.F.,
(4,2,2,2,2,2,4),(0.98417292207212,1.06590673182645,1.1971877033142,1.35658129631711,
1.57029646460147,1.79668673525177,1.857743524186),.UNSPECIFIED.);
#469=B_SPLINE_CURVE_WITH_KNOTS('',3,(#1895,#1896,#1897,#1898,#1899,#1900),
 .UNSPECIFIED.,.F.,.F.,(4,2,4),(0.,1.63912183660708,3.27824367321417),
 .UNSPECIFIED.);
#470=VERTEX_POINT('',#1594);
#471=VERTEX_POINT('',#1595);
#472=VERTEX_POINT('',#1602);
#473=VERTEX_POINT('',#1604);
#474=VERTEX_POINT('',#1621);
#475=VERTEX_POINT('',#1626);
#476=VERTEX_POINT('',#1628);
#477=VERTEX_POINT('',#1633);
#478=VERTEX_POINT('',#1637);
#479=VERTEX_POINT('',#1639);
#480=VERTEX_POINT('',#1641);
#481=VERTEX_POINT('',#1643);
#482=VERTEX_POINT('',#1647);
#483=VERTEX_POINT('',#1662);
#484=VERTEX_POINT('',#1671);
#485=VERTEX_POINT('',#1672);
#486=VERTEX_POINT('',#1679);
#487=VERTEX_POINT('',#1681);
#488=VERTEX_POINT('',#1698);
#489=VERTEX_POINT('',#1703);
#490=VERTEX_POINT('',#1705);
#491=VERTEX_POINT('',#1710);
#492=VERTEX_POINT('',#1714);
#493=VERTEX_POINT('',#1716);
#494=VERTEX_POINT('',#1718);
#495=VERTEX_POINT('',#1720);
#496=VERTEX_POINT('',#1724);
#497=VERTEX_POINT('',#1739);
#498=VERTEX_POINT('',#1748);
#499=VERTEX_POINT('',#1749);
#500=VERTEX_POINT('',#1756);
#501=VERTEX_POINT('',#1758);
#502=VERTEX_POINT('',#1775);
#503=VERTEX_POINT('',#1780);
#504=VERTEX_POINT('',#1782);
#505=VERTEX_POINT('',#1787);
#506=VERTEX_POINT('',#1791);
#507=VERTEX_POINT('',#1793);
#508=VERTEX_POINT('',#1795);
#509=VERTEX_POINT('',#1797);
#510=VERTEX_POINT('',#1801);
#511=VERTEX_POINT('',#1816);
#512=VERTEX_POINT('',#1825);
#513=VERTEX_POINT('',#1826);
#514=VERTEX_POINT('',#1833);
#515=VERTEX_POINT('',#1835);
#516=VERTEX_POINT('',#1852);
#517=VERTEX_POINT('',#1857);
#518=VERTEX_POINT('',#1859);
#519=VERTEX_POINT('',#1864);
#520=VERTEX_POINT('',#1868);
#521=VERTEX_POINT('',#1870);
#522=VERTEX_POINT('',#1872);
#523=VERTEX_POINT('',#1874);
#524=VERTEX_POINT('',#1878);
#525=VERTEX_POINT('',#1893);
#526=VERTEX_POINT('',#1902);
#527=VERTEX_POINT('',#1906);
#528=VERTEX_POINT('',#1910);
#529=VERTEX_POINT('',#1914);
#530=VERTEX_POINT('',#1918);
#531=VERTEX_POINT('',#1922);
#532=VERTEX_POINT('',#1926);
#533=VERTEX_POINT('',#1930);
#534=VERTEX_POINT('',#1932);
#535=VERTEX_POINT('',#1934);
#536=VERTEX_POINT('',#1938);
#537=VERTEX_POINT('',#1939);
#538=VERTEX_POINT('',#1941);
#539=VERTEX_POINT('',#1943);
#540=VERTEX_POINT('',#1945);
#541=VERTEX_POINT('',#1948);
#542=VERTEX_POINT('',#1950);
#543=VERTEX_POINT('',#1952);
#544=VERTEX_POINT('',#1954);
#545=VERTEX_POINT('',#1956);
#546=VERTEX_POINT('',#1958);
#547=VERTEX_POINT('',#1960);
#548=VERTEX_POINT('',#1962);
#549=VERTEX_POINT('',#1964);
#550=VERTEX_POINT('',#1966);
#551=VERTEX_POINT('',#1968);
#552=VERTEX_POINT('',#1970);
#553=VERTEX_POINT('',#1972);
#554=VERTEX_POINT('',#1975);
#555=VERTEX_POINT('',#1977);
#556=VERTEX_POINT('',#1979);
#557=VERTEX_POINT('',#1982);
#558=VERTEX_POINT('',#1984);
#559=VERTEX_POINT('',#1986);
#560=VERTEX_POINT('',#1990);
#561=VERTEX_POINT('',#1994);
#562=VERTEX_POINT('',#1995);
#563=VERTEX_POINT('',#2002);
#564=VERTEX_POINT('',#2007);
#565=VERTEX_POINT('',#2009);
#566=VERTEX_POINT('',#2011);
#567=VERTEX_POINT('',#2015);
#568=VERTEX_POINT('',#2018);
#569=VERTEX_POINT('',#2020);
#570=VERTEX_POINT('',#2029);
#571=VERTEX_POINT('',#2030);
#572=VERTEX_POINT('',#2037);
#573=VERTEX_POINT('',#2041);
#574=VERTEX_POINT('',#2046);
#575=VERTEX_POINT('',#2049);
#576=VERTEX_POINT('',#2052);
#577=VERTEX_POINT('',#2054);
#578=VERTEX_POINT('',#2056);
#579=VERTEX_POINT('',#2059);
#580=EDGE_CURVE('',#470,#471,#446,.F.);
#581=EDGE_CURVE('',#471,#472,#400,.T.);
#582=EDGE_CURVE('',#473,#472,#447,.T.);
#583=EDGE_CURVE('',#473,#470,#401,.T.);
#584=EDGE_CURVE('',#474,#473,#448,.T.);
#585=EDGE_CURVE('',#475,#474,#55,.T.);
#586=EDGE_CURVE('',#476,#475,#449,.T.);
#587=EDGE_CURVE('',#477,#476,#402,.T.);
#588=EDGE_CURVE('',#470,#477,#56,.T.);
#589=EDGE_CURVE('',#478,#474,#403,.T.);
#590=EDGE_CURVE('',#478,#479,#57,.T.);
#591=EDGE_CURVE('',#479,#480,#404,.T.);
#592=EDGE_CURVE('',#480,#481,#58,.T.);
#593=EDGE_CURVE('',#481,#475,#405,.T.);
#594=EDGE_CURVE('',#476,#482,#450,.F.);
#595=EDGE_CURVE('',#482,#483,#406,.T.);
#596=EDGE_CURVE('',#477,#483,#451,.T.);
#597=EDGE_CURVE('',#484,#485,#452,.F.);
#598=EDGE_CURVE('',#485,#486,#407,.T.);
#599=EDGE_CURVE('',#487,#486,#453,.T.);
#600=EDGE_CURVE('',#487,#484,#408,.T.);
#601=EDGE_CURVE('',#488,#487,#454,.T.);
#602=EDGE_CURVE('',#489,#488,#59,.T.);
#603=EDGE_CURVE('',#490,#489,#455,.T.);
#604=EDGE_CURVE('',#491,#490,#409,.T.);
#605=EDGE_CURVE('',#484,#491,#60,.T.);
#606=EDGE_CURVE('',#492,#488,#410,.T.);
#607=EDGE_CURVE('',#492,#493,#61,.T.);
#608=EDGE_CURVE('',#493,#494,#411,.T.);
#609=EDGE_CURVE('',#494,#495,#62,.T.);
#610=EDGE_CURVE('',#495,#489,#412,.T.);
#611=EDGE_CURVE('',#490,#496,#456,.F.);
#612=EDGE_CURVE('',#496,#497,#413,.T.);
#613=EDGE_CURVE('',#491,#497,#457,.T.);
#614=EDGE_CURVE('',#498,#499,#458,.F.);
#615=EDGE_CURVE('',#499,#500,#414,.T.);
#616=EDGE_CURVE('',#501,#500,#459,.T.);
#617=EDGE_CURVE('',#501,#498,#415,.T.);
#618=EDGE_CURVE('',#502,#501,#460,.T.);
#619=EDGE_CURVE('',#503,#502,#63,.T.);
#620=EDGE_CURVE('',#504,#503,#461,.T.);
#621=EDGE_CURVE('',#505,#504,#416,.T.);
#622=EDGE_CURVE('',#498,#505,#64,.T.);
#623=EDGE_CURVE('',#506,#502,#417,.T.);
#624=EDGE_CURVE('',#506,#507,#65,.T.);
#625=EDGE_CURVE('',#507,#508,#418,.T.);
#626=EDGE_CURVE('',#508,#509,#66,.T.);
#627=EDGE_CURVE('',#509,#503,#419,.T.);
#628=EDGE_CURVE('',#504,#510,#462,.F.);
#629=EDGE_CURVE('',#510,#511,#420,.T.);
#630=EDGE_CURVE('',#505,#511,#463,.T.);
#631=EDGE_CURVE('',#512,#513,#464,.F.);
#632=EDGE_CURVE('',#513,#514,#421,.T.);
#633=EDGE_CURVE('',#515,#514,#465,.T.);
#634=EDGE_CURVE('',#515,#512,#422,.T.);
#635=EDGE_CURVE('',#516,#515,#466,.T.);
#636=EDGE_CURVE('',#517,#516,#67,.T.);
#637=EDGE_CURVE('',#518,#517,#467,.T.);
#638=EDGE_CURVE('',#519,#518,#423,.T.);
#639=EDGE_CURVE('',#512,#519,#68,.T.);
#640=EDGE_CURVE('',#520,#516,#424,.T.);
#641=EDGE_CURVE('',#520,#521,#69,.T.);
#642=EDGE_CURVE('',#521,#522,#425,.T.);
#643=EDGE_CURVE('',#522,#523,#70,.T.);
#644=EDGE_CURVE('',#523,#517,#426,.T.);
#645=EDGE_CURVE('',#518,#524,#468,.F.);
#646=EDGE_CURVE('',#524,#525,#427,.T.);
#647=EDGE_CURVE('',#519,#525,#469,.T.);
#648=EDGE_CURVE('',#526,#471,#71,.T.);
#649=EDGE_CURVE('',#526,#472,#72,.T.);
#650=EDGE_CURVE('',#527,#499,#73,.T.);
#651=EDGE_CURVE('',#527,#500,#74,.T.);
#652=EDGE_CURVE('',#528,#513,#75,.T.);
#653=EDGE_CURVE('',#528,#514,#76,.T.);
#654=EDGE_CURVE('',#529,#496,#77,.T.);
#655=EDGE_CURVE('',#497,#529,#78,.T.);
#656=EDGE_CURVE('',#530,#526,#428,.T.);
#657=EDGE_CURVE('',#530,#478,#79,.T.);
#658=EDGE_CURVE('',#531,#482,#80,.T.);
#659=EDGE_CURVE('',#483,#531,#81,.T.);
#660=EDGE_CURVE('',#531,#532,#429,.T.);
#661=EDGE_CURVE('',#532,#481,#82,.T.);
#662=EDGE_CURVE('',#533,#530,#83,.T.);
#663=EDGE_CURVE('',#534,#533,#84,.T.);
#664=EDGE_CURVE('',#535,#534,#85,.T.);
#665=EDGE_CURVE('',#535,#479,#86,.T.);
#666=EDGE_CURVE('',#536,#537,#87,.T.);
#667=EDGE_CURVE('',#537,#538,#88,.T.);
#668=EDGE_CURVE('',#538,#539,#89,.T.);
#669=EDGE_CURVE('',#539,#540,#90,.T.);
#670=EDGE_CURVE('',#540,#535,#430,.T.);
#671=EDGE_CURVE('',#534,#541,#91,.T.);
#672=EDGE_CURVE('',#542,#541,#92,.T.);
#673=EDGE_CURVE('',#542,#543,#431,.T.);
#674=EDGE_CURVE('',#544,#543,#93,.T.);
#675=EDGE_CURVE('',#544,#545,#94,.T.);
#676=EDGE_CURVE('',#545,#546,#95,.T.);
#677=EDGE_CURVE('',#546,#547,#432,.T.);
#678=EDGE_CURVE('',#547,#548,#96,.T.);
#679=EDGE_CURVE('',#548,#549,#97,.T.);
#680=EDGE_CURVE('',#550,#549,#98,.T.);
#681=EDGE_CURVE('',#550,#551,#433,.T.);
#682=EDGE_CURVE('',#552,#551,#99,.T.);
#683=EDGE_CURVE('',#552,#553,#100,.T.);
#684=EDGE_CURVE('',#553,#536,#101,.T.);
#685=EDGE_CURVE('',#554,#554,#434,.T.);
#686=EDGE_CURVE('',#555,#555,#435,.T.);
#687=EDGE_CURVE('',#556,#556,#436,.T.);
#688=EDGE_CURVE('',#532,#557,#102,.T.);
#689=EDGE_CURVE('',#557,#558,#103,.T.);
#690=EDGE_CURVE('',#558,#559,#104,.T.);
#691=EDGE_CURVE('',#559,#477,#105,.T.);
#692=EDGE_CURVE('',#529,#560,#437,.T.);
#693=EDGE_CURVE('',#560,#495,#106,.T.);
#694=EDGE_CURVE('',#561,#562,#438,.T.);
#695=EDGE_CURVE('',#561,#492,#107,.T.);
#696=EDGE_CURVE('',#562,#486,#108,.T.);
#697=EDGE_CURVE('',#562,#485,#109,.T.);
#698=EDGE_CURVE('',#563,#561,#110,.T.);
#699=EDGE_CURVE('',#552,#563,#111,.T.);
#700=EDGE_CURVE('',#551,#493,#112,.T.);
#701=EDGE_CURVE('',#560,#564,#113,.T.);
#702=EDGE_CURVE('',#564,#565,#114,.T.);
#703=EDGE_CURVE('',#565,#566,#115,.T.);
#704=EDGE_CURVE('',#566,#528,#439,.T.);
#705=EDGE_CURVE('',#512,#491,#116,.T.);
#706=EDGE_CURVE('',#567,#567,#440,.T.);
#707=EDGE_CURVE('',#484,#568,#117,.T.);
#708=EDGE_CURVE('',#568,#569,#118,.T.);
#709=EDGE_CURVE('',#569,#563,#119,.T.);
#710=EDGE_CURVE('',#470,#505,#120,.T.);
#711=EDGE_CURVE('',#537,#559,#121,.T.);
#712=EDGE_CURVE('',#536,#568,#122,.T.);
#713=EDGE_CURVE('',#498,#519,#123,.T.);
#714=EDGE_CURVE('',#570,#571,#441,.T.);
#715=EDGE_CURVE('',#570,#510,#124,.T.);
#716=EDGE_CURVE('',#571,#509,#125,.T.);
#717=EDGE_CURVE('',#511,#570,#126,.T.);
#718=EDGE_CURVE('',#572,#527,#442,.T.);
#719=EDGE_CURVE('',#572,#506,#127,.T.);
#720=EDGE_CURVE('',#573,#572,#128,.T.);
#721=EDGE_CURVE('',#544,#573,#129,.T.);
#722=EDGE_CURVE('',#543,#507,#130,.T.);
#723=EDGE_CURVE('',#571,#574,#131,.T.);
#724=EDGE_CURVE('',#574,#533,#132,.T.);
#725=EDGE_CURVE('',#575,#575,#443,.T.);
#726=EDGE_CURVE('',#525,#576,#133,.T.);
#727=EDGE_CURVE('',#576,#577,#444,.T.);
#728=EDGE_CURVE('',#577,#578,#134,.T.);
#729=EDGE_CURVE('',#578,#573,#135,.T.);
#730=EDGE_CURVE('',#579,#579,#445,.T.);
#731=EDGE_CURVE('',#576,#524,#136,.T.);
#732=EDGE_CURVE('',#577,#523,#137,.T.);
#733=EDGE_CURVE('',#566,#520,#138,.T.);
#734=EDGE_CURVE('',#545,#578,#139,.T.);
#735=EDGE_CURVE('',#546,#522,#140,.T.);
#736=EDGE_CURVE('',#548,#565,#141,.T.);
#737=EDGE_CURVE('',#547,#521,#142,.T.);
#738=EDGE_CURVE('',#575,#556,#143,.T.);
#739=EDGE_CURVE('',#567,#555,#144,.T.);
#740=EDGE_CURVE('',#579,#554,#145,.T.);
#741=EDGE_CURVE('',#553,#569,#146,.T.);
#742=EDGE_CURVE('',#538,#558,#147,.T.);
#743=EDGE_CURVE('',#539,#557,#148,.T.);
#744=EDGE_CURVE('',#540,#480,#149,.T.);
#745=EDGE_CURVE('',#541,#574,#150,.T.);
#746=EDGE_CURVE('',#542,#508,#151,.T.);
#747=EDGE_CURVE('',#549,#564,#152,.T.);
#748=EDGE_CURVE('',#550,#494,#153,.T.);
#749=ORIENTED_EDGE('',*,*,#580,.T.);
#750=ORIENTED_EDGE('',*,*,#581,.T.);
#751=ORIENTED_EDGE('',*,*,#582,.F.);
#752=ORIENTED_EDGE('',*,*,#583,.T.);
#753=ORIENTED_EDGE('',*,*,#583,.F.);
#754=ORIENTED_EDGE('',*,*,#584,.F.);
#755=ORIENTED_EDGE('',*,*,#585,.F.);
#756=ORIENTED_EDGE('',*,*,#586,.F.);
#757=ORIENTED_EDGE('',*,*,#587,.F.);
#758=ORIENTED_EDGE('',*,*,#588,.F.);
#759=ORIENTED_EDGE('',*,*,#589,.F.);
#760=ORIENTED_EDGE('',*,*,#590,.T.);
#761=ORIENTED_EDGE('',*,*,#591,.T.);
#762=ORIENTED_EDGE('',*,*,#592,.T.);
#763=ORIENTED_EDGE('',*,*,#593,.T.);
#764=ORIENTED_EDGE('',*,*,#585,.T.);
#765=ORIENTED_EDGE('',*,*,#594,.T.);
#766=ORIENTED_EDGE('',*,*,#595,.T.);
#767=ORIENTED_EDGE('',*,*,#596,.F.);
#768=ORIENTED_EDGE('',*,*,#587,.T.);
#769=ORIENTED_EDGE('',*,*,#597,.T.);
#770=ORIENTED_EDGE('',*,*,#598,.T.);
#771=ORIENTED_EDGE('',*,*,#599,.F.);
#772=ORIENTED_EDGE('',*,*,#600,.T.);
#773=ORIENTED_EDGE('',*,*,#600,.F.);
#774=ORIENTED_EDGE('',*,*,#601,.F.);
#775=ORIENTED_EDGE('',*,*,#602,.F.);
#776=ORIENTED_EDGE('',*,*,#603,.F.);
#777=ORIENTED_EDGE('',*,*,#604,.F.);
#778=ORIENTED_EDGE('',*,*,#605,.F.);
#779=ORIENTED_EDGE('',*,*,#606,.F.);
#780=ORIENTED_EDGE('',*,*,#607,.T.);
#781=ORIENTED_EDGE('',*,*,#608,.T.);
#782=ORIENTED_EDGE('',*,*,#609,.T.);
#783=ORIENTED_EDGE('',*,*,#610,.T.);
#784=ORIENTED_EDGE('',*,*,#602,.T.);
#785=ORIENTED_EDGE('',*,*,#611,.T.);
#786=ORIENTED_EDGE('',*,*,#612,.T.);
#787=ORIENTED_EDGE('',*,*,#613,.F.);
#788=ORIENTED_EDGE('',*,*,#604,.T.);
#789=ORIENTED_EDGE('',*,*,#614,.T.);
#790=ORIENTED_EDGE('',*,*,#615,.T.);
#791=ORIENTED_EDGE('',*,*,#616,.F.);
#792=ORIENTED_EDGE('',*,*,#617,.T.);
#793=ORIENTED_EDGE('',*,*,#617,.F.);
#794=ORIENTED_EDGE('',*,*,#618,.F.);
#795=ORIENTED_EDGE('',*,*,#619,.F.);
#796=ORIENTED_EDGE('',*,*,#620,.F.);
#797=ORIENTED_EDGE('',*,*,#621,.F.);
#798=ORIENTED_EDGE('',*,*,#622,.F.);
#799=ORIENTED_EDGE('',*,*,#623,.F.);
#800=ORIENTED_EDGE('',*,*,#624,.T.);
#801=ORIENTED_EDGE('',*,*,#625,.T.);
#802=ORIENTED_EDGE('',*,*,#626,.T.);
#803=ORIENTED_EDGE('',*,*,#627,.T.);
#804=ORIENTED_EDGE('',*,*,#619,.T.);
#805=ORIENTED_EDGE('',*,*,#628,.T.);
#806=ORIENTED_EDGE('',*,*,#629,.T.);
#807=ORIENTED_EDGE('',*,*,#630,.F.);
#808=ORIENTED_EDGE('',*,*,#621,.T.);
#809=ORIENTED_EDGE('',*,*,#631,.T.);
#810=ORIENTED_EDGE('',*,*,#632,.T.);
#811=ORIENTED_EDGE('',*,*,#633,.F.);
#812=ORIENTED_EDGE('',*,*,#634,.T.);
#813=ORIENTED_EDGE('',*,*,#634,.F.);
#814=ORIENTED_EDGE('',*,*,#635,.F.);
#815=ORIENTED_EDGE('',*,*,#636,.F.);
#816=ORIENTED_EDGE('',*,*,#637,.F.);
#817=ORIENTED_EDGE('',*,*,#638,.F.);
#818=ORIENTED_EDGE('',*,*,#639,.F.);
#819=ORIENTED_EDGE('',*,*,#640,.F.);
#820=ORIENTED_EDGE('',*,*,#641,.T.);
#821=ORIENTED_EDGE('',*,*,#642,.T.);
#822=ORIENTED_EDGE('',*,*,#643,.T.);
#823=ORIENTED_EDGE('',*,*,#644,.T.);
#824=ORIENTED_EDGE('',*,*,#636,.T.);
#825=ORIENTED_EDGE('',*,*,#645,.T.);
#826=ORIENTED_EDGE('',*,*,#646,.T.);
#827=ORIENTED_EDGE('',*,*,#647,.F.);
#828=ORIENTED_EDGE('',*,*,#638,.T.);
#829=ORIENTED_EDGE('',*,*,#581,.F.);
#830=ORIENTED_EDGE('',*,*,#648,.F.);
#831=ORIENTED_EDGE('',*,*,#649,.T.);
#832=ORIENTED_EDGE('',*,*,#615,.F.);
#833=ORIENTED_EDGE('',*,*,#650,.F.);
#834=ORIENTED_EDGE('',*,*,#651,.T.);
#835=ORIENTED_EDGE('',*,*,#632,.F.);
#836=ORIENTED_EDGE('',*,*,#652,.F.);
#837=ORIENTED_EDGE('',*,*,#653,.T.);
#838=ORIENTED_EDGE('',*,*,#612,.F.);
#839=ORIENTED_EDGE('',*,*,#654,.F.);
#840=ORIENTED_EDGE('',*,*,#655,.F.);
#841=ORIENTED_EDGE('',*,*,#656,.F.);
#842=ORIENTED_EDGE('',*,*,#657,.T.);
#843=ORIENTED_EDGE('',*,*,#589,.T.);
#844=ORIENTED_EDGE('',*,*,#584,.T.);
#845=ORIENTED_EDGE('',*,*,#582,.T.);
#846=ORIENTED_EDGE('',*,*,#649,.F.);
#847=ORIENTED_EDGE('',*,*,#595,.F.);
#848=ORIENTED_EDGE('',*,*,#658,.F.);
#849=ORIENTED_EDGE('',*,*,#659,.F.);
#850=ORIENTED_EDGE('',*,*,#660,.F.);
#851=ORIENTED_EDGE('',*,*,#658,.T.);
#852=ORIENTED_EDGE('',*,*,#594,.F.);
#853=ORIENTED_EDGE('',*,*,#586,.T.);
#854=ORIENTED_EDGE('',*,*,#593,.F.);
#855=ORIENTED_EDGE('',*,*,#661,.F.);
#856=ORIENTED_EDGE('',*,*,#662,.F.);
#857=ORIENTED_EDGE('',*,*,#663,.F.);
#858=ORIENTED_EDGE('',*,*,#664,.F.);
#859=ORIENTED_EDGE('',*,*,#665,.T.);
#860=ORIENTED_EDGE('',*,*,#590,.F.);
#861=ORIENTED_EDGE('',*,*,#657,.F.);
#862=ORIENTED_EDGE('',*,*,#666,.T.);
#863=ORIENTED_EDGE('',*,*,#667,.T.);
#864=ORIENTED_EDGE('',*,*,#668,.T.);
#865=ORIENTED_EDGE('',*,*,#669,.T.);
#866=ORIENTED_EDGE('',*,*,#670,.T.);
#867=ORIENTED_EDGE('',*,*,#664,.T.);
#868=ORIENTED_EDGE('',*,*,#671,.T.);
#869=ORIENTED_EDGE('',*,*,#672,.F.);
#870=ORIENTED_EDGE('',*,*,#673,.T.);
#871=ORIENTED_EDGE('',*,*,#674,.F.);
#872=ORIENTED_EDGE('',*,*,#675,.T.);
#873=ORIENTED_EDGE('',*,*,#676,.T.);
#874=ORIENTED_EDGE('',*,*,#677,.T.);
#875=ORIENTED_EDGE('',*,*,#678,.T.);
#876=ORIENTED_EDGE('',*,*,#679,.T.);
#877=ORIENTED_EDGE('',*,*,#680,.F.);
#878=ORIENTED_EDGE('',*,*,#681,.T.);
#879=ORIENTED_EDGE('',*,*,#682,.F.);
#880=ORIENTED_EDGE('',*,*,#683,.T.);
#881=ORIENTED_EDGE('',*,*,#684,.T.);
#882=ORIENTED_EDGE('',*,*,#685,.F.);
#883=ORIENTED_EDGE('',*,*,#686,.F.);
#884=ORIENTED_EDGE('',*,*,#687,.F.);
#885=ORIENTED_EDGE('',*,*,#659,.T.);
#886=ORIENTED_EDGE('',*,*,#660,.T.);
#887=ORIENTED_EDGE('',*,*,#688,.T.);
#888=ORIENTED_EDGE('',*,*,#689,.T.);
#889=ORIENTED_EDGE('',*,*,#690,.T.);
#890=ORIENTED_EDGE('',*,*,#691,.T.);
#891=ORIENTED_EDGE('',*,*,#596,.T.);
#892=ORIENTED_EDGE('',*,*,#692,.F.);
#893=ORIENTED_EDGE('',*,*,#654,.T.);
#894=ORIENTED_EDGE('',*,*,#611,.F.);
#895=ORIENTED_EDGE('',*,*,#603,.T.);
#896=ORIENTED_EDGE('',*,*,#610,.F.);
#897=ORIENTED_EDGE('',*,*,#693,.F.);
#898=ORIENTED_EDGE('',*,*,#694,.F.);
#899=ORIENTED_EDGE('',*,*,#695,.T.);
#900=ORIENTED_EDGE('',*,*,#606,.T.);
#901=ORIENTED_EDGE('',*,*,#601,.T.);
#902=ORIENTED_EDGE('',*,*,#599,.T.);
#903=ORIENTED_EDGE('',*,*,#696,.F.);
#904=ORIENTED_EDGE('',*,*,#598,.F.);
#905=ORIENTED_EDGE('',*,*,#697,.F.);
#906=ORIENTED_EDGE('',*,*,#696,.T.);
#907=ORIENTED_EDGE('',*,*,#698,.F.);
#908=ORIENTED_EDGE('',*,*,#699,.F.);
#909=ORIENTED_EDGE('',*,*,#682,.T.);
#910=ORIENTED_EDGE('',*,*,#700,.T.);
#911=ORIENTED_EDGE('',*,*,#607,.F.);
#912=ORIENTED_EDGE('',*,*,#695,.F.);
#913=ORIENTED_EDGE('',*,*,#692,.T.);
#914=ORIENTED_EDGE('',*,*,#701,.T.);
#915=ORIENTED_EDGE('',*,*,#702,.T.);
#916=ORIENTED_EDGE('',*,*,#703,.T.);
#917=ORIENTED_EDGE('',*,*,#704,.T.);
#918=ORIENTED_EDGE('',*,*,#652,.T.);
#919=ORIENTED_EDGE('',*,*,#631,.F.);
#920=ORIENTED_EDGE('',*,*,#705,.T.);
#921=ORIENTED_EDGE('',*,*,#613,.T.);
#922=ORIENTED_EDGE('',*,*,#655,.T.);
#923=ORIENTED_EDGE('',*,*,#706,.T.);
#924=ORIENTED_EDGE('',*,*,#694,.T.);
#925=ORIENTED_EDGE('',*,*,#697,.T.);
#926=ORIENTED_EDGE('',*,*,#597,.F.);
#927=ORIENTED_EDGE('',*,*,#707,.T.);
#928=ORIENTED_EDGE('',*,*,#708,.T.);
#929=ORIENTED_EDGE('',*,*,#709,.T.);
#930=ORIENTED_EDGE('',*,*,#698,.T.);
#931=ORIENTED_EDGE('',*,*,#710,.F.);
#932=ORIENTED_EDGE('',*,*,#588,.T.);
#933=ORIENTED_EDGE('',*,*,#691,.F.);
#934=ORIENTED_EDGE('',*,*,#711,.F.);
#935=ORIENTED_EDGE('',*,*,#666,.F.);
#936=ORIENTED_EDGE('',*,*,#712,.T.);
#937=ORIENTED_EDGE('',*,*,#707,.F.);
#938=ORIENTED_EDGE('',*,*,#605,.T.);
#939=ORIENTED_EDGE('',*,*,#705,.F.);
#940=ORIENTED_EDGE('',*,*,#639,.T.);
#941=ORIENTED_EDGE('',*,*,#713,.F.);
#942=ORIENTED_EDGE('',*,*,#622,.T.);
#943=ORIENTED_EDGE('',*,*,#714,.F.);
#944=ORIENTED_EDGE('',*,*,#715,.T.);
#945=ORIENTED_EDGE('',*,*,#628,.F.);
#946=ORIENTED_EDGE('',*,*,#620,.T.);
#947=ORIENTED_EDGE('',*,*,#627,.F.);
#948=ORIENTED_EDGE('',*,*,#716,.F.);
#949=ORIENTED_EDGE('',*,*,#629,.F.);
#950=ORIENTED_EDGE('',*,*,#715,.F.);
#951=ORIENTED_EDGE('',*,*,#717,.F.);
#952=ORIENTED_EDGE('',*,*,#718,.F.);
#953=ORIENTED_EDGE('',*,*,#719,.T.);
#954=ORIENTED_EDGE('',*,*,#623,.T.);
#955=ORIENTED_EDGE('',*,*,#618,.T.);
#956=ORIENTED_EDGE('',*,*,#616,.T.);
#957=ORIENTED_EDGE('',*,*,#651,.F.);
#958=ORIENTED_EDGE('',*,*,#720,.F.);
#959=ORIENTED_EDGE('',*,*,#721,.F.);
#960=ORIENTED_EDGE('',*,*,#674,.T.);
#961=ORIENTED_EDGE('',*,*,#722,.T.);
#962=ORIENTED_EDGE('',*,*,#624,.F.);
#963=ORIENTED_EDGE('',*,*,#719,.F.);
#964=ORIENTED_EDGE('',*,*,#648,.T.);
#965=ORIENTED_EDGE('',*,*,#580,.F.);
#966=ORIENTED_EDGE('',*,*,#710,.T.);
#967=ORIENTED_EDGE('',*,*,#630,.T.);
#968=ORIENTED_EDGE('',*,*,#717,.T.);
#969=ORIENTED_EDGE('',*,*,#714,.T.);
#970=ORIENTED_EDGE('',*,*,#723,.T.);
#971=ORIENTED_EDGE('',*,*,#724,.T.);
#972=ORIENTED_EDGE('',*,*,#662,.T.);
#973=ORIENTED_EDGE('',*,*,#656,.T.);
#974=ORIENTED_EDGE('',*,*,#725,.T.);
#975=ORIENTED_EDGE('',*,*,#718,.T.);
#976=ORIENTED_EDGE('',*,*,#650,.T.);
#977=ORIENTED_EDGE('',*,*,#614,.F.);
#978=ORIENTED_EDGE('',*,*,#713,.T.);
#979=ORIENTED_EDGE('',*,*,#647,.T.);
#980=ORIENTED_EDGE('',*,*,#726,.T.);
#981=ORIENTED_EDGE('',*,*,#727,.T.);
#982=ORIENTED_EDGE('',*,*,#728,.T.);
#983=ORIENTED_EDGE('',*,*,#729,.T.);
#984=ORIENTED_EDGE('',*,*,#720,.T.);
#985=ORIENTED_EDGE('',*,*,#730,.T.);
#986=ORIENTED_EDGE('',*,*,#727,.F.);
#987=ORIENTED_EDGE('',*,*,#731,.T.);
#988=ORIENTED_EDGE('',*,*,#645,.F.);
#989=ORIENTED_EDGE('',*,*,#637,.T.);
#990=ORIENTED_EDGE('',*,*,#644,.F.);
#991=ORIENTED_EDGE('',*,*,#732,.F.);
#992=ORIENTED_EDGE('',*,*,#646,.F.);
#993=ORIENTED_EDGE('',*,*,#731,.F.);
#994=ORIENTED_EDGE('',*,*,#726,.F.);
#995=ORIENTED_EDGE('',*,*,#704,.F.);
#996=ORIENTED_EDGE('',*,*,#733,.T.);
#997=ORIENTED_EDGE('',*,*,#640,.T.);
#998=ORIENTED_EDGE('',*,*,#635,.T.);
#999=ORIENTED_EDGE('',*,*,#633,.T.);
#1000=ORIENTED_EDGE('',*,*,#653,.F.);
#1001=ORIENTED_EDGE('',*,*,#676,.F.);
#1002=ORIENTED_EDGE('',*,*,#734,.T.);
#1003=ORIENTED_EDGE('',*,*,#728,.F.);
#1004=ORIENTED_EDGE('',*,*,#732,.T.);
#1005=ORIENTED_EDGE('',*,*,#643,.F.);
#1006=ORIENTED_EDGE('',*,*,#735,.F.);
#1007=ORIENTED_EDGE('',*,*,#703,.F.);
#1008=ORIENTED_EDGE('',*,*,#736,.F.);
#1009=ORIENTED_EDGE('',*,*,#678,.F.);
#1010=ORIENTED_EDGE('',*,*,#737,.T.);
#1011=ORIENTED_EDGE('',*,*,#641,.F.);
#1012=ORIENTED_EDGE('',*,*,#733,.F.);
#1013=ORIENTED_EDGE('',*,*,#725,.F.);
#1014=ORIENTED_EDGE('',*,*,#738,.T.);
#1015=ORIENTED_EDGE('',*,*,#687,.T.);
#1016=ORIENTED_EDGE('',*,*,#738,.F.);
#1017=ORIENTED_EDGE('',*,*,#706,.F.);
#1018=ORIENTED_EDGE('',*,*,#739,.T.);
#1019=ORIENTED_EDGE('',*,*,#686,.T.);
#1020=ORIENTED_EDGE('',*,*,#739,.F.);
#1021=ORIENTED_EDGE('',*,*,#730,.F.);
#1022=ORIENTED_EDGE('',*,*,#740,.T.);
#1023=ORIENTED_EDGE('',*,*,#685,.T.);
#1024=ORIENTED_EDGE('',*,*,#740,.F.);
#1025=ORIENTED_EDGE('',*,*,#683,.F.);
#1026=ORIENTED_EDGE('',*,*,#699,.T.);
#1027=ORIENTED_EDGE('',*,*,#709,.F.);
#1028=ORIENTED_EDGE('',*,*,#741,.F.);
#1029=ORIENTED_EDGE('',*,*,#684,.F.);
#1030=ORIENTED_EDGE('',*,*,#741,.T.);
#1031=ORIENTED_EDGE('',*,*,#708,.F.);
#1032=ORIENTED_EDGE('',*,*,#712,.F.);
#1033=ORIENTED_EDGE('',*,*,#667,.F.);
#1034=ORIENTED_EDGE('',*,*,#711,.T.);
#1035=ORIENTED_EDGE('',*,*,#690,.F.);
#1036=ORIENTED_EDGE('',*,*,#742,.F.);
#1037=ORIENTED_EDGE('',*,*,#668,.F.);
#1038=ORIENTED_EDGE('',*,*,#742,.T.);
#1039=ORIENTED_EDGE('',*,*,#689,.F.);
#1040=ORIENTED_EDGE('',*,*,#743,.F.);
#1041=ORIENTED_EDGE('',*,*,#669,.F.);
#1042=ORIENTED_EDGE('',*,*,#743,.T.);
#1043=ORIENTED_EDGE('',*,*,#688,.F.);
#1044=ORIENTED_EDGE('',*,*,#661,.T.);
#1045=ORIENTED_EDGE('',*,*,#592,.F.);
#1046=ORIENTED_EDGE('',*,*,#744,.F.);
#1047=ORIENTED_EDGE('',*,*,#670,.F.);
#1048=ORIENTED_EDGE('',*,*,#744,.T.);
#1049=ORIENTED_EDGE('',*,*,#591,.F.);
#1050=ORIENTED_EDGE('',*,*,#665,.F.);
#1051=ORIENTED_EDGE('',*,*,#671,.F.);
#1052=ORIENTED_EDGE('',*,*,#663,.T.);
#1053=ORIENTED_EDGE('',*,*,#724,.F.);
#1054=ORIENTED_EDGE('',*,*,#745,.F.);
#1055=ORIENTED_EDGE('',*,*,#672,.T.);
#1056=ORIENTED_EDGE('',*,*,#745,.T.);
#1057=ORIENTED_EDGE('',*,*,#723,.F.);
#1058=ORIENTED_EDGE('',*,*,#716,.T.);
#1059=ORIENTED_EDGE('',*,*,#626,.F.);
#1060=ORIENTED_EDGE('',*,*,#746,.F.);
#1061=ORIENTED_EDGE('',*,*,#673,.F.);
#1062=ORIENTED_EDGE('',*,*,#746,.T.);
#1063=ORIENTED_EDGE('',*,*,#625,.F.);
#1064=ORIENTED_EDGE('',*,*,#722,.F.);
#1065=ORIENTED_EDGE('',*,*,#675,.F.);
#1066=ORIENTED_EDGE('',*,*,#721,.T.);
#1067=ORIENTED_EDGE('',*,*,#729,.F.);
#1068=ORIENTED_EDGE('',*,*,#734,.F.);
#1069=ORIENTED_EDGE('',*,*,#677,.F.);
#1070=ORIENTED_EDGE('',*,*,#735,.T.);
#1071=ORIENTED_EDGE('',*,*,#642,.F.);
#1072=ORIENTED_EDGE('',*,*,#737,.F.);
#1073=ORIENTED_EDGE('',*,*,#679,.F.);
#1074=ORIENTED_EDGE('',*,*,#736,.T.);
#1075=ORIENTED_EDGE('',*,*,#702,.F.);
#1076=ORIENTED_EDGE('',*,*,#747,.F.);
#1077=ORIENTED_EDGE('',*,*,#680,.T.);
#1078=ORIENTED_EDGE('',*,*,#747,.T.);
#1079=ORIENTED_EDGE('',*,*,#701,.F.);
#1080=ORIENTED_EDGE('',*,*,#693,.T.);
#1081=ORIENTED_EDGE('',*,*,#609,.F.);
#1082=ORIENTED_EDGE('',*,*,#748,.F.);
#1083=ORIENTED_EDGE('',*,*,#681,.F.);
#1084=ORIENTED_EDGE('',*,*,#748,.T.);
#1085=ORIENTED_EDGE('',*,*,#608,.F.);
#1086=ORIENTED_EDGE('',*,*,#700,.F.);
#1087=TOROIDAL_SURFACE('',#1170,121.125,5.);
#1088=TOROIDAL_SURFACE('',#1179,121.125,5.);
#1089=TOROIDAL_SURFACE('',#1181,121.125,5.);
#1090=TOROIDAL_SURFACE('',#1190,121.125,5.);
#1091=TOROIDAL_SURFACE('',#1192,121.125,5.);
#1092=TOROIDAL_SURFACE('',#1201,121.125,5.);
#1093=TOROIDAL_SURFACE('',#1203,121.125,5.);
#1094=TOROIDAL_SURFACE('',#1212,121.125,5.);
#1095=ADVANCED_FACE('',(#272),#1087,.T.);
#1096=ADVANCED_FACE('',(#273),#253,.F.);
#1097=ADVANCED_FACE('',(#274),#21,.T.);
#1098=ADVANCED_FACE('',(#275),#1088,.T.);
#1099=ADVANCED_FACE('',(#276),#1089,.T.);
#1100=ADVANCED_FACE('',(#277),#254,.F.);
#1101=ADVANCED_FACE('',(#278),#22,.T.);
#1102=ADVANCED_FACE('',(#279),#1090,.T.);
#1103=ADVANCED_FACE('',(#280),#1091,.T.);
#1104=ADVANCED_FACE('',(#281),#255,.F.);
#1105=ADVANCED_FACE('',(#282),#23,.T.);
#1106=ADVANCED_FACE('',(#283),#1092,.T.);
#1107=ADVANCED_FACE('',(#284),#1093,.T.);
#1108=ADVANCED_FACE('',(#285),#256,.F.);
#1109=ADVANCED_FACE('',(#286),#24,.T.);
#1110=ADVANCED_FACE('',(#287),#1094,.T.);
#1111=ADVANCED_FACE('',(#288),#25,.T.);
#1112=ADVANCED_FACE('',(#289),#26,.T.);
#1113=ADVANCED_FACE('',(#290),#27,.T.);
#1114=ADVANCED_FACE('',(#291),#28,.T.);
#1115=ADVANCED_FACE('',(#292),#257,.T.);
#1116=ADVANCED_FACE('',(#293),#29,.T.);
#1117=ADVANCED_FACE('',(#294),#258,.T.);
#1118=ADVANCED_FACE('',(#295),#30,.T.);
#1119=ADVANCED_FACE('',(#296,#15,#16,#17),#31,.F.);
#1120=ADVANCED_FACE('',(#297),#32,.T.);
#1121=ADVANCED_FACE('',(#298),#259,.T.);
#1122=ADVANCED_FACE('',(#299),#260,.T.);
#1123=ADVANCED_FACE('',(#300),#33,.T.);
#1124=ADVANCED_FACE('',(#301),#34,.T.);
#1125=ADVANCED_FACE('',(#302,#18),#35,.T.);
#1126=ADVANCED_FACE('',(#303),#36,.T.);
#1127=ADVANCED_FACE('',(#304),#37,.T.);
#1128=ADVANCED_FACE('',(#305),#261,.T.);
#1129=ADVANCED_FACE('',(#306),#38,.T.);
#1130=ADVANCED_FACE('',(#307),#262,.T.);
#1131=ADVANCED_FACE('',(#308),#39,.T.);
#1132=ADVANCED_FACE('',(#309,#19),#40,.T.);
#1133=ADVANCED_FACE('',(#310,#20),#41,.T.);
#1134=ADVANCED_FACE('',(#311),#263,.T.);
#1135=ADVANCED_FACE('',(#312),#42,.T.);
#1136=ADVANCED_FACE('',(#313),#264,.T.);
#1137=ADVANCED_FACE('',(#314),#43,.T.);
#1138=ADVANCED_FACE('',(#315),#44,.T.);
#1139=ADVANCED_FACE('',(#316),#265,.F.);
#1140=ADVANCED_FACE('',(#317),#266,.F.);
#1141=ADVANCED_FACE('',(#318),#267,.F.);
#1142=ADVANCED_FACE('',(#319),#45,.T.);
#1143=ADVANCED_FACE('',(#320),#46,.T.);
#1144=ADVANCED_FACE('',(#321),#47,.T.);
#1145=ADVANCED_FACE('',(#322),#48,.T.);
#1146=ADVANCED_FACE('',(#323),#49,.T.);
#1147=ADVANCED_FACE('',(#324),#268,.F.);
#1148=ADVANCED_FACE('',(#325),#50,.T.);
#1149=ADVANCED_FACE('',(#326),#51,.T.);
#1150=ADVANCED_FACE('',(#327),#269,.F.);
#1151=ADVANCED_FACE('',(#328),#52,.T.);
#1152=ADVANCED_FACE('',(#329),#270,.F.);
#1153=ADVANCED_FACE('',(#330),#53,.T.);
#1154=ADVANCED_FACE('',(#331),#54,.T.);
#1155=ADVANCED_FACE('',(#332),#271,.F.);
#1156=CLOSED_SHELL('',(#1095,#1096,#1097,#1098,#1099,#1100,#1101,#1102,
#1103,#1104,#1105,#1106,#1107,#1108,#1109,#1110,#1111,#1112,#1113,#1114,
#1115,#1116,#1117,#1118,#1119,#1120,#1121,#1122,#1123,#1124,#1125,#1126,
#1127,#1128,#1129,#1130,#1131,#1132,#1133,#1134,#1135,#1136,#1137,#1138,
#1139,#1140,#1141,#1142,#1143,#1144,#1145,#1146,#1147,#1148,#1149,#1150,
#1151,#1152,#1153,#1154,#1155));
#1157=DERIVED_UNIT_ELEMENT(#1159,1.);
#1158=DERIVED_UNIT_ELEMENT(#2106,-3.);
#1159=(
MASS_UNIT()
NAMED_UNIT(*)
SI_UNIT(.KILO.,.GRAM.)
);
#1160=DERIVED_UNIT((#1157,#1158));
#1161=MEASURE_REPRESENTATION_ITEM('density measure',
POSITIVE_RATIO_MEASURE(7850.),#1160);
#1162=PROPERTY_DEFINITION_REPRESENTATION(#1167,#1164);
#1163=PROPERTY_DEFINITION_REPRESENTATION(#1168,#1165);
#1164=REPRESENTATION('material name',(#1166),#2103);
#1165=REPRESENTATION('density',(#1161),#2103);
#1166=DESCRIPTIVE_REPRESENTATION_ITEM('Acier','Acier');
#1167=PROPERTY_DEFINITION('material property','material name',#2113);
#1168=PROPERTY_DEFINITION('material property','density of part',#2113);
#1169=AXIS2_PLACEMENT_3D('',#1592,#1277,#1278);
#1170=AXIS2_PLACEMENT_3D('',#1593,#1279,#1280);
#1171=AXIS2_PLACEMENT_3D('',#1603,#1281,#1282);
#1172=AXIS2_PLACEMENT_3D('',#1619,#1283,#1284);
#1173=AXIS2_PLACEMENT_3D('',#1620,#1285,#1286);
#1174=AXIS2_PLACEMENT_3D('',#1634,#1288,#1289);
#1175=AXIS2_PLACEMENT_3D('',#1636,#1291,#1292);
#1176=AXIS2_PLACEMENT_3D('',#1638,#1293,#1294);
#1177=AXIS2_PLACEMENT_3D('',#1642,#1296,#1297);
#1178=AXIS2_PLACEMENT_3D('',#1645,#1299,#1300);
#1179=AXIS2_PLACEMENT_3D('',#1646,#1301,#1302);
#1180=AXIS2_PLACEMENT_3D('',#1663,#1303,#1304);
#1181=AXIS2_PLACEMENT_3D('',#1670,#1305,#1306);
#1182=AXIS2_PLACEMENT_3D('',#1680,#1307,#1308);
#1183=AXIS2_PLACEMENT_3D('',#1696,#1309,#1310);
#1184=AXIS2_PLACEMENT_3D('',#1697,#1311,#1312);
#1185=AXIS2_PLACEMENT_3D('',#1711,#1314,#1315);
#1186=AXIS2_PLACEMENT_3D('',#1713,#1317,#1318);
#1187=AXIS2_PLACEMENT_3D('',#1715,#1319,#1320);
#1188=AXIS2_PLACEMENT_3D('',#1719,#1322,#1323);
#1189=AXIS2_PLACEMENT_3D('',#1722,#1325,#1326);
#1190=AXIS2_PLACEMENT_3D('',#1723,#1327,#1328);
#1191=AXIS2_PLACEMENT_3D('',#1740,#1329,#1330);
#1192=AXIS2_PLACEMENT_3D('',#1747,#1331,#1332);
#1193=AXIS2_PLACEMENT_3D('',#1757,#1333,#1334);
#1194=AXIS2_PLACEMENT_3D('',#1773,#1335,#1336);
#1195=AXIS2_PLACEMENT_3D('',#1774,#1337,#1338);
#1196=AXIS2_PLACEMENT_3D('',#1788,#1340,#1341);
#1197=AXIS2_PLACEMENT_3D('',#1790,#1343,#1344);
#1198=AXIS2_PLACEMENT_3D('',#1792,#1345,#1346);
#1199=AXIS2_PLACEMENT_3D('',#1796,#1348,#1349);
#1200=AXIS2_PLACEMENT_3D('',#1799,#1351,#1352);
#1201=AXIS2_PLACEMENT_3D('',#1800,#1353,#1354);
#1202=AXIS2_PLACEMENT_3D('',#1817,#1355,#1356);
#1203=AXIS2_PLACEMENT_3D('',#1824,#1357,#1358);
#1204=AXIS2_PLACEMENT_3D('',#1834,#1359,#1360);
#1205=AXIS2_PLACEMENT_3D('',#1850,#1361,#1362);
#1206=AXIS2_PLACEMENT_3D('',#1851,#1363,#1364);
#1207=AXIS2_PLACEMENT_3D('',#1865,#1366,#1367);
#1208=AXIS2_PLACEMENT_3D('',#1867,#1369,#1370);
#1209=AXIS2_PLACEMENT_3D('',#1869,#1371,#1372);
#1210=AXIS2_PLACEMENT_3D('',#1873,#1374,#1375);
#1211=AXIS2_PLACEMENT_3D('',#1876,#1377,#1378);
#1212=AXIS2_PLACEMENT_3D('',#1877,#1379,#1380);
#1213=AXIS2_PLACEMENT_3D('',#1894,#1381,#1382);
#1214=AXIS2_PLACEMENT_3D('',#1901,#1383,#1384);
#1215=AXIS2_PLACEMENT_3D('',#1905,#1387,#1388);
#1216=AXIS2_PLACEMENT_3D('',#1909,#1391,#1392);
#1217=AXIS2_PLACEMENT_3D('',#1913,#1395,#1396);
#1218=AXIS2_PLACEMENT_3D('',#1917,#1399,#1400);
#1219=AXIS2_PLACEMENT_3D('',#1919,#1401,#1402);
#1220=AXIS2_PLACEMENT_3D('',#1921,#1404,#1405);
#1221=AXIS2_PLACEMENT_3D('',#1925,#1408,#1409);
#1222=AXIS2_PLACEMENT_3D('',#1927,#1410,#1411);
#1223=AXIS2_PLACEMENT_3D('',#1929,#1413,#1414);
#1224=AXIS2_PLACEMENT_3D('',#1937,#1419,#1420);
#1225=AXIS2_PLACEMENT_3D('',#1947,#1425,#1426);
#1226=AXIS2_PLACEMENT_3D('',#1953,#1429,#1430);
#1227=AXIS2_PLACEMENT_3D('',#1961,#1434,#1435);
#1228=AXIS2_PLACEMENT_3D('',#1969,#1439,#1440);
#1229=AXIS2_PLACEMENT_3D('',#1976,#1444,#1445);
#1230=AXIS2_PLACEMENT_3D('',#1978,#1446,#1447);
#1231=AXIS2_PLACEMENT_3D('',#1980,#1448,#1449);
#1232=AXIS2_PLACEMENT_3D('',#1981,#1450,#1451);
#1233=AXIS2_PLACEMENT_3D('',#1989,#1456,#1457);
#1234=AXIS2_PLACEMENT_3D('',#1991,#1458,#1459);
#1235=AXIS2_PLACEMENT_3D('',#1993,#1461,#1462);
#1236=AXIS2_PLACEMENT_3D('',#1996,#1463,#1464);
#1237=AXIS2_PLACEMENT_3D('',#1999,#1467,#1468);
#1238=AXIS2_PLACEMENT_3D('',#2001,#1470,#1471);
#1239=AXIS2_PLACEMENT_3D('',#2006,#1475,#1476);
#1240=AXIS2_PLACEMENT_3D('',#2013,#1480,#1481);
#1241=AXIS2_PLACEMENT_3D('',#2016,#1483,#1484);
#1242=AXIS2_PLACEMENT_3D('',#2017,#1485,#1486);
#1243=AXIS2_PLACEMENT_3D('',#2023,#1490,#1491);
#1244=AXIS2_PLACEMENT_3D('',#2028,#1496,#1497);
#1245=AXIS2_PLACEMENT_3D('',#2031,#1498,#1499);
#1246=AXIS2_PLACEMENT_3D('',#2034,#1502,#1503);
#1247=AXIS2_PLACEMENT_3D('',#2036,#1505,#1506);
#1248=AXIS2_PLACEMENT_3D('',#2038,#1507,#1508);
#1249=AXIS2_PLACEMENT_3D('',#2040,#1510,#1511);
#1250=AXIS2_PLACEMENT_3D('',#2045,#1515,#1516);
#1251=AXIS2_PLACEMENT_3D('',#2050,#1519,#1520);
#1252=AXIS2_PLACEMENT_3D('',#2051,#1521,#1522);
#1253=AXIS2_PLACEMENT_3D('',#2055,#1524,#1525);
#1254=AXIS2_PLACEMENT_3D('',#2060,#1528,#1529);
#1255=AXIS2_PLACEMENT_3D('',#2061,#1530,#1531);
#1256=AXIS2_PLACEMENT_3D('',#2064,#1534,#1535);
#1257=AXIS2_PLACEMENT_3D('',#2065,#1536,#1537);
#1258=AXIS2_PLACEMENT_3D('',#2067,#1539,#1540);
#1259=AXIS2_PLACEMENT_3D('',#2070,#1543,#1544);
#1260=AXIS2_PLACEMENT_3D('',#2073,#1547,#1548);
#1261=AXIS2_PLACEMENT_3D('',#2075,#1550,#1551);
#1262=AXIS2_PLACEMENT_3D('',#2077,#1553,#1554);
#1263=AXIS2_PLACEMENT_3D('',#2079,#1556,#1557);
#1264=AXIS2_PLACEMENT_3D('',#2081,#1559,#1560);
#1265=AXIS2_PLACEMENT_3D('',#2082,#1561,#1562);
#1266=AXIS2_PLACEMENT_3D('',#2084,#1564,#1565);
#1267=AXIS2_PLACEMENT_3D('',#2086,#1567,#1568);
#1268=AXIS2_PLACEMENT_3D('',#2088,#1570,#1571);
#1269=AXIS2_PLACEMENT_3D('',#2089,#1572,#1573);
#1270=AXIS2_PLACEMENT_3D('',#2091,#1575,#1576);
#1271=AXIS2_PLACEMENT_3D('',#2093,#1578,#1579);
#1272=AXIS2_PLACEMENT_3D('',#2094,#1580,#1581);
#1273=AXIS2_PLACEMENT_3D('',#2095,#1582,#1583);
#1274=AXIS2_PLACEMENT_3D('',#2096,#1584,#1585);
#1275=AXIS2_PLACEMENT_3D('',#2098,#1587,#1588);
#1276=AXIS2_PLACEMENT_3D('',#2100,#1590,#1591);
#1277=DIRECTION('axis',(0.,0.,1.));
#1278=DIRECTION('refdir',(1.,0.,0.));
#1279=DIRECTION('center_axis',(-1.,0.,-4.13106241720988E-16));
#1280=DIRECTION('ref_axis',(-4.50691130710074E-16,0.,1.));
#1281=DIRECTION('center_axis',(1.,0.,4.13106241720988E-16));
#1282=DIRECTION('ref_axis',(6.06134351789653E-17,-0.989177170533157,-0.146726021196028));
#1283=DIRECTION('center_axis',(-1.,0.,-4.13106241720988E-16));
#1284=DIRECTION('ref_axis',(6.2143807621645E-17,-0.989177170533157,-0.146726021196028));
#1285=DIRECTION('center_axis',(1.,0.,4.35026164751082E-16));
#1286=DIRECTION('ref_axis',(-4.35026164751082E-16,0.,1.));
#1287=DIRECTION('',(1.,0.,4.35026164751082E-16));
#1288=DIRECTION('center_axis',(1.,0.,4.13106241720988E-16));
#1289=DIRECTION('ref_axis',(5.73635147276723E-17,-0.989177170533157,-0.146726021196029));
#1290=DIRECTION('',(-1.,0.,-4.35026164751082E-16));
#1291=DIRECTION('center_axis',(0.,1.,0.));
#1292=DIRECTION('ref_axis',(1.,0.,0.));
#1293=DIRECTION('center_axis',(0.,-1.,0.));
#1294=DIRECTION('ref_axis',(1.,0.,0.));
#1295=DIRECTION('',(-4.13106241720989E-16,0.,1.));
#1296=DIRECTION('center_axis',(0.,-1.,0.));
#1297=DIRECTION('ref_axis',(1.,0.,0.));
#1298=DIRECTION('',(4.13106241720989E-16,0.,-1.));
#1299=DIRECTION('center_axis',(0.,1.,0.));
#1300=DIRECTION('ref_axis',(1.,0.,0.));
#1301=DIRECTION('center_axis',(1.,0.,4.13106241720988E-16));
#1302=DIRECTION('ref_axis',(4.50691130710074E-16,0.,-1.));
#1303=DIRECTION('center_axis',(-1.,0.,-4.13106241720988E-16));
#1304=DIRECTION('ref_axis',(6.06134351789655E-17,-0.989177170533157,-0.146726021196029));
#1305=DIRECTION('center_axis',(-1.,0.,4.13106241720988E-16));
#1306=DIRECTION('ref_axis',(4.50691130710074E-16,0.,1.));
#1307=DIRECTION('center_axis',(1.,0.,-4.13106241720988E-16));
#1308=DIRECTION('ref_axis',(-6.06134351789652E-17,-0.989177170533157,-0.146726021196028));
#1309=DIRECTION('center_axis',(-1.,0.,4.13106241720988E-16));
#1310=DIRECTION('ref_axis',(-5.73635147276723E-17,-0.989177170533157,-0.146726021196028));
#1311=DIRECTION('center_axis',(1.,0.,4.35026164751082E-16));
#1312=DIRECTION('ref_axis',(-4.35026164751082E-16,0.,1.));
#1313=DIRECTION('',(1.,0.,4.35026164751082E-16));
#1314=DIRECTION('center_axis',(1.,0.,0.));
#1315=DIRECTION('ref_axis',(0.,-0.989177170533157,-0.146726021196028));
#1316=DIRECTION('',(-1.,0.,-4.35026164751082E-16));
#1317=DIRECTION('center_axis',(0.,1.,0.));
#1318=DIRECTION('ref_axis',(1.,0.,0.));
#1319=DIRECTION('center_axis',(0.,-1.,0.));
#1320=DIRECTION('ref_axis',(1.,0.,0.));
#1321=DIRECTION('',(4.13106241720989E-16,0.,1.));
#1322=DIRECTION('center_axis',(0.,-1.,0.));
#1323=DIRECTION('ref_axis',(1.,0.,0.));
#1324=DIRECTION('',(0.,0.,-1.));
#1325=DIRECTION('center_axis',(0.,1.,0.));
#1326=DIRECTION('ref_axis',(1.,0.,0.));
#1327=DIRECTION('center_axis',(1.,0.,0.));
#1328=DIRECTION('ref_axis',(0.,0.,-1.));
#1329=DIRECTION('center_axis',(-1.,0.,0.));
#1330=DIRECTION('ref_axis',(0.,-0.989177170533157,-0.146726021196028));
#1331=DIRECTION('center_axis',(-1.,0.,2.06553120860494E-16));
#1332=DIRECTION('ref_axis',(2.25345565355037E-16,0.,1.));
#1333=DIRECTION('center_axis',(1.,0.,-2.06553120860494E-16));
#1334=DIRECTION('ref_axis',(-3.03067175894826E-17,-0.989177170533157,-0.146726021196028));
#1335=DIRECTION('center_axis',(-1.,0.,2.06553120860494E-16));
#1336=DIRECTION('ref_axis',(-2.86817573638361E-17,-0.989177170533157,-0.146726021196028));
#1337=DIRECTION('center_axis',(1.,0.,4.35026164751082E-16));
#1338=DIRECTION('ref_axis',(-4.35026164751082E-16,0.,1.));
#1339=DIRECTION('',(1.,0.,4.35026164751082E-16));
#1340=DIRECTION('center_axis',(1.,0.,0.));
#1341=DIRECTION('ref_axis',(0.,-0.989177170533157,-0.146726021196028));
#1342=DIRECTION('',(-1.,0.,-4.35026164751082E-16));
#1343=DIRECTION('center_axis',(0.,1.,0.));
#1344=DIRECTION('ref_axis',(1.,0.,0.));
#1345=DIRECTION('center_axis',(0.,-1.,0.));
#1346=DIRECTION('ref_axis',(1.,0.,0.));
#1347=DIRECTION('',(2.06553120860494E-16,0.,1.));
#1348=DIRECTION('center_axis',(0.,-1.,0.));
#1349=DIRECTION('ref_axis',(1.,0.,0.));
#1350=DIRECTION('',(0.,0.,-1.));
#1351=DIRECTION('center_axis',(0.,1.,0.));
#1352=DIRECTION('ref_axis',(1.,0.,0.));
#1353=DIRECTION('center_axis',(1.,0.,0.));
#1354=DIRECTION('ref_axis',(0.,0.,-1.));
#1355=DIRECTION('center_axis',(-1.,0.,0.));
#1356=DIRECTION('ref_axis',(0.,-0.989177170533157,-0.146726021196028));
#1357=DIRECTION('center_axis',(-1.,0.,0.));
#1358=DIRECTION('ref_axis',(0.,0.,1.));
#1359=DIRECTION('center_axis',(1.,0.,0.));
#1360=DIRECTION('ref_axis',(0.,-0.989177170533157,-0.146726021196029));
#1361=DIRECTION('center_axis',(-1.,0.,0.));
#1362=DIRECTION('ref_axis',(0.,-0.989177170533157,-0.146726021196029));
#1363=DIRECTION('center_axis',(1.,0.,4.35026164751082E-16));
#1364=DIRECTION('ref_axis',(-4.35026164751082E-16,0.,1.));
#1365=DIRECTION('',(1.,0.,4.35026164751082E-16));
#1366=DIRECTION('center_axis',(1.,0.,3.09829681290741E-16));
#1367=DIRECTION('ref_axis',(4.78029289397269E-17,-0.989177170533157,-0.146726021196028));
#1368=DIRECTION('',(-1.,0.,-4.35026164751082E-16));
#1369=DIRECTION('center_axis',(0.,1.,0.));
#1370=DIRECTION('ref_axis',(1.,0.,0.));
#1371=DIRECTION('center_axis',(0.,-1.,0.));
#1372=DIRECTION('ref_axis',(1.,0.,0.));
#1373=DIRECTION('',(0.,0.,1.));
#1374=DIRECTION('center_axis',(0.,-1.,0.));
#1375=DIRECTION('ref_axis',(1.,0.,0.));
#1376=DIRECTION('',(3.09829681290741E-16,0.,-1.));
#1377=DIRECTION('center_axis',(0.,1.,0.));
#1378=DIRECTION('ref_axis',(1.,0.,0.));
#1379=DIRECTION('center_axis',(1.,0.,3.09829681290741E-16));
#1380=DIRECTION('ref_axis',(3.09850152363176E-16,0.,-1.));
#1381=DIRECTION('center_axis',(-1.,0.,-3.09829681290741E-16));
#1382=DIRECTION('ref_axis',(4.5460076384224E-17,-0.989177170533157,-0.146726021196028));
#1383=DIRECTION('center_axis',(1.,0.,4.13106241720988E-16));
#1384=DIRECTION('ref_axis',(4.13106241720989E-16,0.,-1.));
#1385=DIRECTION('',(-4.13106241720989E-16,0.,1.));
#1386=DIRECTION('',(0.,1.,0.));
#1387=DIRECTION('center_axis',(1.,0.,-2.06553120860494E-16));
#1388=DIRECTION('ref_axis',(-2.06553120860494E-16,0.,-1.));
#1389=DIRECTION('',(2.06553120860494E-16,0.,1.));
#1390=DIRECTION('',(0.,1.,0.));
#1391=DIRECTION('center_axis',(1.,0.,0.));
#1392=DIRECTION('ref_axis',(0.,0.,-1.));
#1393=DIRECTION('',(0.,0.,1.));
#1394=DIRECTION('',(0.,1.,0.));
#1395=DIRECTION('center_axis',(-1.,0.,0.));
#1396=DIRECTION('ref_axis',(0.,0.,1.));
#1397=DIRECTION('',(0.,1.,0.));
#1398=DIRECTION('',(0.,0.,-1.));
#1399=DIRECTION('center_axis',(0.,1.,0.));
#1400=DIRECTION('ref_axis',(1.,0.,0.));
#1401=DIRECTION('center_axis',(0.,-1.,0.));
#1402=DIRECTION('ref_axis',(1.,0.,0.));
#1403=DIRECTION('',(0.,1.,0.));
#1404=DIRECTION('center_axis',(-1.,0.,-4.13106241720988E-16));
#1405=DIRECTION('ref_axis',(-4.13106241720989E-16,0.,1.));
#1406=DIRECTION('',(0.,1.,0.));
#1407=DIRECTION('',(4.13106241720989E-16,0.,-1.));
#1408=DIRECTION('center_axis',(0.,1.,0.));
#1409=DIRECTION('ref_axis',(-0.951935796377615,0.,0.306297632336452));
#1410=DIRECTION('center_axis',(0.,-1.,0.));
#1411=DIRECTION('ref_axis',(1.,0.,0.));
#1412=DIRECTION('',(0.,1.,0.));
#1413=DIRECTION('center_axis',(-1.,0.,-4.13106241720988E-16));
#1414=DIRECTION('ref_axis',(-4.13106241720989E-16,0.,1.));
#1415=DIRECTION('',(-4.13106241720989E-16,0.,1.));
#1416=DIRECTION('',(0.,1.,0.));
#1417=DIRECTION('',(4.13106241720989E-16,0.,-1.));
#1418=DIRECTION('',(0.,1.,0.));
#1419=DIRECTION('center_axis',(0.,1.,0.));
#1420=DIRECTION('ref_axis',(1.,0.,0.));
#1421=DIRECTION('',(-1.,0.,0.));
#1422=DIRECTION('',(0.,0.,-1.));
#1423=DIRECTION('',(1.,0.,0.));
#1424=DIRECTION('',(-4.13106241720989E-16,0.,1.));
#1425=DIRECTION('center_axis',(0.,1.,0.));
#1426=DIRECTION('ref_axis',(1.,0.,0.));
#1427=DIRECTION('',(1.,0.,0.));
#1428=DIRECTION('',(0.,0.,-1.));
#1429=DIRECTION('center_axis',(0.,1.,0.));
#1430=DIRECTION('ref_axis',(1.,0.,0.));
#1431=DIRECTION('',(2.06553120860494E-16,0.,1.));
#1432=DIRECTION('',(1.,0.,0.));
#1433=DIRECTION('',(-3.09829681290741E-16,0.,1.));
#1434=DIRECTION('center_axis',(0.,1.,0.));
#1435=DIRECTION('ref_axis',(1.,0.,0.));
#1436=DIRECTION('',(0.,0.,-1.));
#1437=DIRECTION('',(1.,0.,0.));
#1438=DIRECTION('',(0.,0.,-1.));
#1439=DIRECTION('center_axis',(0.,1.,0.));
#1440=DIRECTION('ref_axis',(1.,0.,0.));
#1441=DIRECTION('',(4.13106241720989E-16,0.,1.));
#1442=DIRECTION('',(1.,0.,0.));
#1443=DIRECTION('',(0.,0.,1.));
#1444=DIRECTION('center_axis',(0.,-1.,0.));
#1445=DIRECTION('ref_axis',(1.,0.,0.));
#1446=DIRECTION('center_axis',(0.,-1.,0.));
#1447=DIRECTION('ref_axis',(1.,0.,0.));
#1448=DIRECTION('center_axis',(0.,-1.,0.));
#1449=DIRECTION('ref_axis',(1.,0.,0.));
#1450=DIRECTION('center_axis',(0.,1.,0.));
#1451=DIRECTION('ref_axis',(1.,0.,0.));
#1452=DIRECTION('',(4.13106241720989E-16,0.,-1.));
#1453=DIRECTION('',(-1.,0.,0.));
#1454=DIRECTION('',(0.,0.,1.));
#1455=DIRECTION('',(1.,0.,0.));
#1456=DIRECTION('center_axis',(0.,1.,0.));
#1457=DIRECTION('ref_axis',(-0.951935796377619,0.,0.306297632336439));
#1458=DIRECTION('center_axis',(0.,-1.,0.));
#1459=DIRECTION('ref_axis',(1.,0.,0.));
#1460=DIRECTION('',(0.,1.,0.));
#1461=DIRECTION('center_axis',(0.,1.,0.));
#1462=DIRECTION('ref_axis',(1.,0.,0.));
#1463=DIRECTION('center_axis',(0.,-1.,0.));
#1464=DIRECTION('ref_axis',(1.,0.,0.));
#1465=DIRECTION('',(0.,1.,0.));
#1466=DIRECTION('',(0.,1.,0.));
#1467=DIRECTION('center_axis',(1.,0.,-4.13106241720988E-16));
#1468=DIRECTION('ref_axis',(-4.13106241720989E-16,0.,-1.));
#1469=DIRECTION('',(4.13106241720989E-16,0.,1.));
#1470=DIRECTION('center_axis',(-1.,0.,4.13106241720988E-16));
#1471=DIRECTION('ref_axis',(4.13106241720989E-16,0.,1.));
#1472=DIRECTION('',(4.13106241720989E-16,0.,1.));
#1473=DIRECTION('',(0.,1.,0.));
#1474=DIRECTION('',(0.,1.,0.));
#1475=DIRECTION('center_axis',(0.,1.,0.));
#1476=DIRECTION('ref_axis',(1.,0.,0.));
#1477=DIRECTION('',(0.,0.,-1.));
#1478=DIRECTION('',(-1.,0.,0.));
#1479=DIRECTION('',(0.,0.,1.));
#1480=DIRECTION('center_axis',(0.,-1.,0.));
#1481=DIRECTION('ref_axis',(1.,0.,0.));
#1482=DIRECTION('',(1.,0.,0.));
#1483=DIRECTION('center_axis',(0.,-1.,0.));
#1484=DIRECTION('ref_axis',(1.,0.,0.));
#1485=DIRECTION('center_axis',(0.,1.,0.));
#1486=DIRECTION('ref_axis',(1.,0.,0.));
#1487=DIRECTION('',(1.,0.,0.));
#1488=DIRECTION('',(0.,0.,-1.));
#1489=DIRECTION('',(-1.,0.,0.));
#1490=DIRECTION('center_axis',(0.,0.,1.));
#1491=DIRECTION('ref_axis',(1.,0.,0.));
#1492=DIRECTION('',(1.,0.,0.));
#1493=DIRECTION('',(0.,1.,0.));
#1494=DIRECTION('',(0.,1.,0.));
#1495=DIRECTION('',(1.,0.,0.));
#1496=DIRECTION('center_axis',(0.,1.,0.));
#1497=DIRECTION('ref_axis',(-0.951935796377615,0.,0.30629763233645));
#1498=DIRECTION('center_axis',(0.,-1.,0.));
#1499=DIRECTION('ref_axis',(1.,0.,0.));
#1500=DIRECTION('',(0.,1.,0.));
#1501=DIRECTION('',(0.,1.,0.));
#1502=DIRECTION('center_axis',(-1.,0.,0.));
#1503=DIRECTION('ref_axis',(0.,0.,1.));
#1504=DIRECTION('',(0.,0.,-1.));
#1505=DIRECTION('center_axis',(0.,1.,0.));
#1506=DIRECTION('ref_axis',(1.,0.,0.));
#1507=DIRECTION('center_axis',(0.,-1.,0.));
#1508=DIRECTION('ref_axis',(1.,0.,0.));
#1509=DIRECTION('',(0.,1.,0.));
#1510=DIRECTION('center_axis',(-1.,0.,2.06553120860494E-16));
#1511=DIRECTION('ref_axis',(2.06553120860494E-16,0.,1.));
#1512=DIRECTION('',(2.06553120860494E-16,0.,1.));
#1513=DIRECTION('',(0.,1.,0.));
#1514=DIRECTION('',(0.,1.,0.));
#1515=DIRECTION('center_axis',(0.,1.,0.));
#1516=DIRECTION('ref_axis',(1.,0.,0.));
#1517=DIRECTION('',(0.,0.,-1.));
#1518=DIRECTION('',(-1.,0.,0.));
#1519=DIRECTION('center_axis',(0.,-1.,0.));
#1520=DIRECTION('ref_axis',(1.,0.,0.));
#1521=DIRECTION('center_axis',(0.,1.,0.));
#1522=DIRECTION('ref_axis',(1.,0.,0.));
#1523=DIRECTION('',(3.09829681290741E-16,0.,-1.));
#1524=DIRECTION('center_axis',(0.,-1.,0.));
#1525=DIRECTION('ref_axis',(1.,0.,0.));
#1526=DIRECTION('',(3.09829681290741E-16,0.,-1.));
#1527=DIRECTION('',(-1.,0.,0.));
#1528=DIRECTION('center_axis',(0.,-1.,0.));
#1529=DIRECTION('ref_axis',(1.,0.,0.));
#1530=DIRECTION('center_axis',(0.,1.,0.));
#1531=DIRECTION('ref_axis',(-0.951935796377615,0.,0.306297632336452));
#1532=DIRECTION('',(0.,1.,0.));
#1533=DIRECTION('',(0.,1.,0.));
#1534=DIRECTION('center_axis',(-1.,0.,-3.09829681290741E-16));
#1535=DIRECTION('ref_axis',(-3.09829681290741E-16,0.,1.));
#1536=DIRECTION('center_axis',(0.,1.,0.));
#1537=DIRECTION('ref_axis',(1.,0.,0.));
#1538=DIRECTION('',(0.,1.,0.));
#1539=DIRECTION('center_axis',(1.,0.,3.09829681290741E-16));
#1540=DIRECTION('ref_axis',(3.09829681290741E-16,0.,-1.));
#1541=DIRECTION('',(0.,1.,0.));
#1542=DIRECTION('',(0.,1.,0.));
#1543=DIRECTION('center_axis',(-1.,0.,0.));
#1544=DIRECTION('ref_axis',(0.,0.,1.));
#1545=DIRECTION('',(0.,1.,0.));
#1546=DIRECTION('',(0.,1.,0.));
#1547=DIRECTION('center_axis',(0.,1.,0.));
#1548=DIRECTION('ref_axis',(1.,0.,0.));
#1549=DIRECTION('',(0.,-1.,0.));
#1550=DIRECTION('center_axis',(0.,1.,0.));
#1551=DIRECTION('ref_axis',(1.,0.,0.));
#1552=DIRECTION('',(0.,-1.,0.));
#1553=DIRECTION('center_axis',(0.,1.,0.));
#1554=DIRECTION('ref_axis',(1.,0.,0.));
#1555=DIRECTION('',(0.,-1.,0.));
#1556=DIRECTION('center_axis',(0.,0.,-1.));
#1557=DIRECTION('ref_axis',(-1.,0.,0.));
#1558=DIRECTION('',(0.,1.,0.));
#1559=DIRECTION('center_axis',(1.,0.,0.));
#1560=DIRECTION('ref_axis',(0.,0.,-1.));
#1561=DIRECTION('center_axis',(-1.,0.,0.));
#1562=DIRECTION('ref_axis',(0.,0.,1.));
#1563=DIRECTION('',(0.,1.,0.));
#1564=DIRECTION('center_axis',(0.,0.,-1.));
#1565=DIRECTION('ref_axis',(-1.,0.,0.));
#1566=DIRECTION('',(0.,1.,0.));
#1567=DIRECTION('center_axis',(1.,0.,4.13106241720988E-16));
#1568=DIRECTION('ref_axis',(4.13106241720989E-16,0.,-1.));
#1569=DIRECTION('',(0.,1.,0.));
#1570=DIRECTION('center_axis',(0.,1.,0.));
#1571=DIRECTION('ref_axis',(1.,0.,0.));
#1572=DIRECTION('center_axis',(0.,0.,-1.));
#1573=DIRECTION('ref_axis',(-1.,0.,0.));
#1574=DIRECTION('',(0.,1.,0.));
#1575=DIRECTION('center_axis',(1.,0.,0.));
#1576=DIRECTION('ref_axis',(0.,0.,-1.));
#1577=DIRECTION('',(0.,1.,0.));
#1578=DIRECTION('center_axis',(0.,1.,0.));
#1579=DIRECTION('ref_axis',(1.,0.,0.));
#1580=DIRECTION('center_axis',(0.,0.,-1.));
#1581=DIRECTION('ref_axis',(-1.,0.,0.));
#1582=DIRECTION('center_axis',(0.,1.,0.));
#1583=DIRECTION('ref_axis',(-2.03734995157352E-8,0.,1.));
#1584=DIRECTION('center_axis',(0.,0.,-1.));
#1585=DIRECTION('ref_axis',(-1.,0.,0.));
#1586=DIRECTION('',(0.,1.,0.));
#1587=DIRECTION('center_axis',(1.,0.,0.));
#1588=DIRECTION('ref_axis',(0.,0.,-1.));
#1589=DIRECTION('',(0.,1.,0.));
#1590=DIRECTION('center_axis',(0.,1.,0.));
#1591=DIRECTION('ref_axis',(1.,0.,0.));
#1592=CARTESIAN_POINT('',(0.,0.,0.));
#1593=CARTESIAN_POINT('Origin',(-123.798831576869,119.125,82.9390053621291));
#1594=CARTESIAN_POINT('',(-123.798831576869,2.99999999999999,82.9390053621291));
#1595=CARTESIAN_POINT('',(-118.798831576869,2.99999999999999,48.4970251635401));
#1596=CARTESIAN_POINT('Ctrl Pts',(-118.798831576869,2.99999999999999,48.4970251635401));
#1597=CARTESIAN_POINT('Ctrl Pts',(-118.798831576869,2.99999999999999,53.960764618897));
#1598=CARTESIAN_POINT('Ctrl Pts',(-119.50951558567,3.,59.8937914898047));
#1599=CARTESIAN_POINT('Ctrl Pts',(-121.456000990288,3.,71.7077696670881));
#1600=CARTESIAN_POINT('Ctrl Pts',(-122.688741837453,3.00000000000001,77.5892250295858));
#1601=CARTESIAN_POINT('Ctrl Pts',(-123.798831576869,3.00000000000001,82.9390053621291));
#1602=CARTESIAN_POINT('',(-118.798831576869,3.78955174145288,45.9390053621291));
#1603=CARTESIAN_POINT('Origin',(-118.798831576869,119.125,82.9390053621291));
#1604=CARTESIAN_POINT('',(-123.798831576869,7.92516484626166,49.4783973762986));
#1605=CARTESIAN_POINT('Ctrl Pts',(-123.798831576869,7.92516484626169,49.4783973762986));
#1606=CARTESIAN_POINT('Ctrl Pts',(-123.491363942284,7.9542606025135,49.3817032785629));
#1607=CARTESIAN_POINT('Ctrl Pts',(-123.186021017643,7.95864247325096,49.2692656482952));
#1608=CARTESIAN_POINT('Ctrl Pts',(-122.213340164371,7.89561201803961,48.8557206804925));
#1609=CARTESIAN_POINT('Ctrl Pts',(-121.580956422102,7.73372108444203,48.4969871931693));
#1610=CARTESIAN_POINT('Ctrl Pts',(-120.431192413448,7.18397972323316,47.6837166464201));
#1611=CARTESIAN_POINT('Ctrl Pts',(-119.953315599835,6.79631336530105,47.2466438626702));
#1612=CARTESIAN_POINT('Ctrl Pts',(-119.341134146291,6.00353610034441,46.6112974922658));
#1613=CARTESIAN_POINT('Ctrl Pts',(-119.134765054558,5.61557739112215,46.3663737496483));
#1614=CARTESIAN_POINT('Ctrl Pts',(-118.881858940842,4.80014882794798,46.0508827364634));
#1615=CARTESIAN_POINT('Ctrl Pts',(-118.818700251902,4.40950713765211,45.9654641598318));
#1616=CARTESIAN_POINT('Ctrl Pts',(-118.800127313315,3.92770526103149,45.940734264428));
#1617=CARTESIAN_POINT('Ctrl Pts',(-118.798831576869,3.8585817564279,45.9390053621291));
#1618=CARTESIAN_POINT('Ctrl Pts',(-118.798831576869,3.78955174145288,45.9390053621291));
#1619=CARTESIAN_POINT('Origin',(-123.798831576869,119.125,82.9390053621291));
#1620=CARTESIAN_POINT('Origin',(-134.798831576869,119.125,82.9390053621291));
#1621=CARTESIAN_POINT('',(-123.102285621858,7.99999999999999,49.2306977807628));
#1622=CARTESIAN_POINT('Ctrl Pts',(-123.102285621858,7.99999999999999,49.2306977807628));
#1623=CARTESIAN_POINT('Ctrl Pts',(-123.331242901338,7.97236999809393,49.3217846427893));
#1624=CARTESIAN_POINT('Ctrl Pts',(-123.563812814656,7.9474047435737,49.4044873948667));
#1625=CARTESIAN_POINT('Ctrl Pts',(-123.798831576869,7.92516484626168,49.4783973762986));
#1626=CARTESIAN_POINT('',(-130.49537753188,7.99999999999999,49.2306977807628));
#1627=CARTESIAN_POINT('',(-134.798831576869,7.99999999999999,49.2306977807628));
#1628=CARTESIAN_POINT('',(-129.798831576869,7.92516484626167,49.4783973762986));
#1629=CARTESIAN_POINT('Ctrl Pts',(-129.798831576869,7.92516484626168,49.4783973762986));
#1630=CARTESIAN_POINT('Ctrl Pts',(-130.033853750038,7.94740506635351,49.4044863221706));
#1631=CARTESIAN_POINT('Ctrl Pts',(-130.266410305946,7.97236879778019,49.3217885998216));
#1632=CARTESIAN_POINT('Ctrl Pts',(-130.49537753188,7.99999999999999,49.2306977807628));
#1633=CARTESIAN_POINT('',(-129.798831576869,2.99999999999999,82.9390053621291));
#1634=CARTESIAN_POINT('Origin',(-129.798831576869,119.125,82.9390053621291));
#1635=CARTESIAN_POINT('',(-134.798831576869,2.99999999999999,82.9390053621291));
#1636=CARTESIAN_POINT('Origin',(-126.798831576869,8.,58.4390053621291));
#1637=CARTESIAN_POINT('',(-118.798831576869,8.,33.9390053621291));
#1638=CARTESIAN_POINT('Origin',(-126.798831576869,8.,39.9390053621291));
#1639=CARTESIAN_POINT('',(-118.798831576869,8.,39.9390053621291));
#1640=CARTESIAN_POINT('',(-118.798831576869,8.,82.9390053621291));
#1641=CARTESIAN_POINT('',(-134.798831576869,8.,39.9390057376788));
#1642=CARTESIAN_POINT('Origin',(-126.798831576869,8.,39.9390053621291));
#1643=CARTESIAN_POINT('',(-134.798831576869,8.,33.9390053621291));
#1644=CARTESIAN_POINT('',(-134.798831576869,8.,-3.06099463787094));
#1645=CARTESIAN_POINT('Origin',(-126.798831576869,8.,39.9390053621291));
#1646=CARTESIAN_POINT('Origin',(-129.798831576869,119.125,82.9390053621291));
#1647=CARTESIAN_POINT('',(-134.798831576869,3.78955174145286,45.9390053621291));
#1648=CARTESIAN_POINT('Ctrl Pts',(-134.798831576869,3.78955174145286,45.9390053621291));
#1649=CARTESIAN_POINT('Ctrl Pts',(-134.798831576869,4.03198595302307,45.9390053621291));
#1650=CARTESIAN_POINT('Ctrl Pts',(-134.782936142378,4.27354380955494,45.9604119634894));
#1651=CARTESIAN_POINT('Ctrl Pts',(-134.692615112604,4.89767176650297,46.0787610652448));
#1652=CARTESIAN_POINT('Ctrl Pts',(-134.592126149309,5.25226574006984,46.2090921560207));
#1653=CARTESIAN_POINT('Ctrl Pts',(-134.275102215969,5.97385341534875,46.5856768638873));
#1654=CARTESIAN_POINT('Ctrl Pts',(-134.042708214149,6.31580101749036,46.8435056353172));
#1655=CARTESIAN_POINT('Ctrl Pts',(-133.4016260385,6.9961193078096,47.466644291657));
#1656=CARTESIAN_POINT('Ctrl Pts',(-132.932408464665,7.32334204662423,47.8663187068191));
#1657=CARTESIAN_POINT('Ctrl Pts',(-131.768429406478,7.81046759985216,48.6466293485352));
#1658=CARTESIAN_POINT('Ctrl Pts',(-131.09264957278,7.94663685069548,49.0024902745466));
#1659=CARTESIAN_POINT('Ctrl Pts',(-130.186963090147,7.95208833643147,49.3497978993777));
#1660=CARTESIAN_POINT('Ctrl Pts',(-129.993171851738,7.94355532588117,49.4172801873057));
#1661=CARTESIAN_POINT('Ctrl Pts',(-129.798831576869,7.92516484626168,49.4783973762986));
#1662=CARTESIAN_POINT('',(-134.798831576869,2.99999999999999,48.4970251635401));
#1663=CARTESIAN_POINT('Origin',(-134.798831576869,119.125,82.9390053621291));
#1664=CARTESIAN_POINT('Ctrl Pts',(-129.798831576869,3.00000000000001,82.9390053621291));
#1665=CARTESIAN_POINT('Ctrl Pts',(-130.908921316285,3.00000000000001,77.5892250295858));
#1666=CARTESIAN_POINT('Ctrl Pts',(-132.14166216345,3.,71.7077696670882));
#1667=CARTESIAN_POINT('Ctrl Pts',(-134.088147568068,3.,59.8937914898047));
#1668=CARTESIAN_POINT('Ctrl Pts',(-134.798831576869,2.99999999999999,53.960764618897));
#1669=CARTESIAN_POINT('Ctrl Pts',(-134.798831576869,2.99999999999999,48.4970251635401));
#1670=CARTESIAN_POINT('Origin',(85.2011684231313,119.125,82.9390053621292));
#1671=CARTESIAN_POINT('',(85.2011684231313,2.99999999999999,82.9390053621292));
#1672=CARTESIAN_POINT('',(90.2011684231313,2.99999999999999,48.4970251635402));
#1673=CARTESIAN_POINT('Ctrl Pts',(90.2011684231313,2.99999999999999,48.4970251635402));
#1674=CARTESIAN_POINT('Ctrl Pts',(90.2011684231313,2.99999999999999,53.9607646188971));
#1675=CARTESIAN_POINT('Ctrl Pts',(89.4904844143302,3.,59.8937914898048));
#1676=CARTESIAN_POINT('Ctrl Pts',(87.5439990097123,3.,71.7077696670883));
#1677=CARTESIAN_POINT('Ctrl Pts',(86.3112581625476,3.00000000000001,77.5892250295859));
#1678=CARTESIAN_POINT('Ctrl Pts',(85.2011684231313,3.00000000000001,82.9390053621292));
#1679=CARTESIAN_POINT('',(90.2011684231313,3.78955174145307,45.9390053621286));
#1680=CARTESIAN_POINT('Origin',(90.2011684231313,119.125,82.9390053621292));
#1681=CARTESIAN_POINT('',(85.2011684231313,7.92516484626175,49.4783973762984));
#1682=CARTESIAN_POINT('Ctrl Pts',(85.2011684231313,7.92516484626175,49.4783973762985));
#1683=CARTESIAN_POINT('Ctrl Pts',(85.5086360577168,7.95426060251356,49.3817032785628));
#1684=CARTESIAN_POINT('Ctrl Pts',(85.8139789823575,7.95864247325102,49.2692656482951));
#1685=CARTESIAN_POINT('Ctrl Pts',(86.7866598356294,7.8956120180397,48.8557206804923));
#1686=CARTESIAN_POINT('Ctrl Pts',(87.4190435778983,7.73372108444214,48.496987193169));
#1687=CARTESIAN_POINT('Ctrl Pts',(88.568807586553,7.1839797232332,47.6837166464197));
#1688=CARTESIAN_POINT('Ctrl Pts',(89.0466844001657,6.79631336530102,47.2466438626697));
#1689=CARTESIAN_POINT('Ctrl Pts',(89.6588658537094,6.0035361003445,46.6112974922653));
#1690=CARTESIAN_POINT('Ctrl Pts',(89.8652349454422,5.6155773911223,46.3663737496479));
#1691=CARTESIAN_POINT('Ctrl Pts',(90.1181410591581,4.80014882794812,46.0508827364628));
#1692=CARTESIAN_POINT('Ctrl Pts',(90.1812997480982,4.40950713765233,45.9654641598313));
#1693=CARTESIAN_POINT('Ctrl Pts',(90.1998726866857,3.92770526103174,45.9407342644275));
#1694=CARTESIAN_POINT('Ctrl Pts',(90.2011684231313,3.85858175642813,45.9390053621286));
#1695=CARTESIAN_POINT('Ctrl Pts',(90.2011684231313,3.78955174145307,45.9390053621286));
#1696=CARTESIAN_POINT('Origin',(85.2011684231313,119.125,82.9390053621292));
#1697=CARTESIAN_POINT('Origin',(-134.798831576869,119.125,82.9390053621291));
#1698=CARTESIAN_POINT('',(85.8977143781414,7.99999999999999,49.2306977807629));
#1699=CARTESIAN_POINT('Ctrl Pts',(85.8977143781414,7.99999999999999,49.2306977807629));
#1700=CARTESIAN_POINT('Ctrl Pts',(85.668741272281,7.97236808820513,49.3217909390531));
#1701=CARTESIAN_POINT('Ctrl Pts',(85.4361692576512,7.94740304707069,49.4044930328652));
#1702=CARTESIAN_POINT('Ctrl Pts',(85.2011684231313,7.92516484626175,49.4783973762985));
#1703=CARTESIAN_POINT('',(78.5046224681204,7.99999999999999,49.2306977807629));
#1704=CARTESIAN_POINT('',(-134.798831576869,7.99999999999999,49.2306977807628));
#1705=CARTESIAN_POINT('',(79.2011684231313,7.92516484626166,49.4783973762987));
#1706=CARTESIAN_POINT('Ctrl Pts',(79.2011684231313,7.92516484626167,49.4783973762987));
#1707=CARTESIAN_POINT('Ctrl Pts',(78.9661462499623,7.94740506635351,49.4044863221708));
#1708=CARTESIAN_POINT('Ctrl Pts',(78.7335896940545,7.97236879778019,49.3217885998217));
#1709=CARTESIAN_POINT('Ctrl Pts',(78.5046224681204,7.99999999999999,49.2306977807629));
#1710=CARTESIAN_POINT('',(79.2011684231313,2.99999999999999,82.9390053621292));
#1711=CARTESIAN_POINT('Origin',(79.2011684231313,119.125,82.9390053621292));
#1712=CARTESIAN_POINT('',(-134.798831576869,2.99999999999999,82.9390053621291));
#1713=CARTESIAN_POINT('Origin',(82.2011684231309,8.,58.4390053621289));
#1714=CARTESIAN_POINT('',(90.2011684231313,8.,33.9390053621297));
#1715=CARTESIAN_POINT('Origin',(82.2011684231309,8.,39.9390053621291));
#1716=CARTESIAN_POINT('',(90.2011684231313,8.,39.9390053621291));
#1717=CARTESIAN_POINT('',(90.2011684231313,8.,-3.06099463787077));
#1718=CARTESIAN_POINT('',(74.2011684231313,8.,39.9390068698935));
#1719=CARTESIAN_POINT('Origin',(82.2011684231309,8.,39.9390053621291));
#1720=CARTESIAN_POINT('',(74.2011684231313,8.,33.9390053621286));
#1721=CARTESIAN_POINT('',(74.2011684231313,8.,82.9390053621292));
#1722=CARTESIAN_POINT('Origin',(82.2011684231309,8.,39.9390053621291));
#1723=CARTESIAN_POINT('Origin',(79.2011684231313,119.125,82.9390053621292));
#1724=CARTESIAN_POINT('',(74.2011684231313,3.78955174145272,45.9390053621297));
#1725=CARTESIAN_POINT('Ctrl Pts',(74.2011684231313,3.78955174145272,45.9390053621297));
#1726=CARTESIAN_POINT('Ctrl Pts',(74.2011684231313,4.03198595302298,45.9390053621297));
#1727=CARTESIAN_POINT('Ctrl Pts',(74.2170638576226,4.27354380955486,45.96041196349));
#1728=CARTESIAN_POINT('Ctrl Pts',(74.3073848873964,4.89767176650293,46.0787610652454));
#1729=CARTESIAN_POINT('Ctrl Pts',(74.4078738506911,5.2522657400698,46.2090921560212));
#1730=CARTESIAN_POINT('Ctrl Pts',(74.7248977840315,5.97385341534885,46.5856768638878));
#1731=CARTESIAN_POINT('Ctrl Pts',(74.9572917858513,6.31580101749048,46.8435056353178));
#1732=CARTESIAN_POINT('Ctrl Pts',(75.598373961501,6.99611930780987,47.4666442916577));
#1733=CARTESIAN_POINT('Ctrl Pts',(76.0675915353361,7.32334204662442,47.8663187068198));
#1734=CARTESIAN_POINT('Ctrl Pts',(77.2315705935223,7.81046759985218,48.6466293485356));
#1735=CARTESIAN_POINT('Ctrl Pts',(77.9073504272202,7.94663685069549,49.002490274547));
#1736=CARTESIAN_POINT('Ctrl Pts',(78.813036909854,7.95208833643144,49.349797899378));
#1737=CARTESIAN_POINT('Ctrl Pts',(79.0068281482625,7.94355532588115,49.4172801873059));
#1738=CARTESIAN_POINT('Ctrl Pts',(79.2011684231313,7.92516484626167,49.4783973762987));
#1739=CARTESIAN_POINT('',(74.2011684231313,2.99999999999999,48.4970251635402));
#1740=CARTESIAN_POINT('Origin',(74.2011684231313,119.125,82.9390053621292));
#1741=CARTESIAN_POINT('Ctrl Pts',(79.2011684231313,3.00000000000001,82.9390053621292));
#1742=CARTESIAN_POINT('Ctrl Pts',(78.0910786837151,3.00000000000001,77.5892250295859));
#1743=CARTESIAN_POINT('Ctrl Pts',(76.8583378365504,3.,71.7077696670883));
#1744=CARTESIAN_POINT('Ctrl Pts',(74.9118524319325,3.,59.8937914898048));
#1745=CARTESIAN_POINT('Ctrl Pts',(74.2011684231313,2.99999999999999,53.9607646188971));
#1746=CARTESIAN_POINT('Ctrl Pts',(74.2011684231313,2.99999999999999,48.4970251635402));
#1747=CARTESIAN_POINT('Origin',(-54.1321649102024,119.125,82.9390053621292));
#1748=CARTESIAN_POINT('',(-54.1321649102024,2.99999999999999,82.9390053621292));
#1749=CARTESIAN_POINT('',(-49.1321649102024,2.99999999999999,48.4970251635401));
#1750=CARTESIAN_POINT('Ctrl Pts',(-49.1321649102024,2.99999999999999,48.4970251635401));
#1751=CARTESIAN_POINT('Ctrl Pts',(-49.1321649102024,2.99999999999999,53.9607646188971));
#1752=CARTESIAN_POINT('Ctrl Pts',(-49.8428489190035,3.,59.8937914898047));
#1753=CARTESIAN_POINT('Ctrl Pts',(-51.7893343236215,3.,71.7077696670882));
#1754=CARTESIAN_POINT('Ctrl Pts',(-53.0220751707861,3.00000000000001,77.5892250295858));
#1755=CARTESIAN_POINT('Ctrl Pts',(-54.1321649102024,3.00000000000001,82.9390053621292));
#1756=CARTESIAN_POINT('',(-49.1321649102024,3.78955174145288,45.9390053621291));
#1757=CARTESIAN_POINT('Origin',(-49.1321649102024,119.125,82.9390053621292));
#1758=CARTESIAN_POINT('',(-54.1321649102024,7.92516484626169,49.4783973762986));
#1759=CARTESIAN_POINT('Ctrl Pts',(-54.1321649102024,7.92516484626169,49.4783973762986));
#1760=CARTESIAN_POINT('Ctrl Pts',(-53.8246972756169,7.95426060251351,49.381703278563));
#1761=CARTESIAN_POINT('Ctrl Pts',(-53.5193543509763,7.95864247325096,49.2692656482952));
#1762=CARTESIAN_POINT('Ctrl Pts',(-52.5466734977043,7.89561201803962,48.8557206804925));
#1763=CARTESIAN_POINT('Ctrl Pts',(-51.9142897554355,7.73372108444207,48.4969871931693));
#1764=CARTESIAN_POINT('Ctrl Pts',(-50.7645257467807,7.18397972323306,47.6837166464199));
#1765=CARTESIAN_POINT('Ctrl Pts',(-50.286648933168,6.79631336530083,47.24664386267));
#1766=CARTESIAN_POINT('Ctrl Pts',(-49.6744674796244,6.00353610034448,46.6112974922659));
#1767=CARTESIAN_POINT('Ctrl Pts',(-49.4680983878916,5.61557739112223,46.3663737496484));
#1768=CARTESIAN_POINT('Ctrl Pts',(-49.2151922741756,4.80014882794786,46.0508827364633));
#1769=CARTESIAN_POINT('Ctrl Pts',(-49.1520335852356,4.40950713765204,45.9654641598318));
#1770=CARTESIAN_POINT('Ctrl Pts',(-49.1334606466481,3.92770526103149,45.9407342644281));
#1771=CARTESIAN_POINT('Ctrl Pts',(-49.1321649102024,3.8585817564279,45.9390053621291));
#1772=CARTESIAN_POINT('Ctrl Pts',(-49.1321649102024,3.78955174145288,45.9390053621291));
#1773=CARTESIAN_POINT('Origin',(-54.1321649102024,119.125,82.9390053621292));
#1774=CARTESIAN_POINT('Origin',(-134.798831576869,119.125,82.9390053621291));
#1775=CARTESIAN_POINT('',(-53.4356189551918,7.99999999999999,49.2306977807628));
#1776=CARTESIAN_POINT('Ctrl Pts',(-53.4356189551918,7.99999999999999,49.2306977807628));
#1777=CARTESIAN_POINT('Ctrl Pts',(-53.6645762346709,7.97236999809393,49.3217846427893));
#1778=CARTESIAN_POINT('Ctrl Pts',(-53.8971461479895,7.94740474357371,49.4044873948667));
#1779=CARTESIAN_POINT('Ctrl Pts',(-54.1321649102024,7.92516484626169,49.4783973762986));
#1780=CARTESIAN_POINT('',(-60.828710865213,7.99999999999999,49.2306977807628));
#1781=CARTESIAN_POINT('',(-134.798831576869,7.99999999999999,49.2306977807628));
#1782=CARTESIAN_POINT('',(-60.1321649102024,7.92516484626172,49.4783973762985));
#1783=CARTESIAN_POINT('Ctrl Pts',(-60.1321649102024,7.9251648462617,49.4783973762986));
#1784=CARTESIAN_POINT('Ctrl Pts',(-60.3671705533677,7.94740350211423,49.4044915206163));
#1785=CARTESIAN_POINT('Ctrl Pts',(-60.5997233989036,7.97236635522142,49.3217966521198));
#1786=CARTESIAN_POINT('Ctrl Pts',(-60.828710865213,7.99999999999998,49.2306977807628));
#1787=CARTESIAN_POINT('',(-60.1321649102024,2.99999999999999,82.9390053621292));
#1788=CARTESIAN_POINT('Origin',(-60.1321649102024,119.125,82.9390053621292));
#1789=CARTESIAN_POINT('',(-134.798831576869,2.99999999999999,82.9390053621291));
#1790=CARTESIAN_POINT('Origin',(-57.1321649102024,8.,58.4390053621292));
#1791=CARTESIAN_POINT('',(-49.1321649102024,8.,33.9390053621291));
#1792=CARTESIAN_POINT('Origin',(-57.1321649102024,8.,39.9390053621291));
#1793=CARTESIAN_POINT('',(-49.1321649102024,8.,39.9390053621291));
#1794=CARTESIAN_POINT('',(-49.1321649102024,8.,-3.06099463787078));
#1795=CARTESIAN_POINT('',(-65.1321649102024,8.,39.9390053621291));
#1796=CARTESIAN_POINT('Origin',(-57.1321649102024,8.,39.9390053621291));
#1797=CARTESIAN_POINT('',(-65.1321649102024,8.,33.9390053621291));
#1798=CARTESIAN_POINT('',(-65.1321649102024,8.,82.9390053621293));
#1799=CARTESIAN_POINT('Origin',(-57.1321649102024,8.,39.9390053621291));
#1800=CARTESIAN_POINT('Origin',(-60.1321649102024,119.125,82.9390053621292));
#1801=CARTESIAN_POINT('',(-65.1321649102024,3.78955174145288,45.9390053621291));
#1802=CARTESIAN_POINT('Ctrl Pts',(-65.1321649102024,3.78955174145288,45.9390053621291));
#1803=CARTESIAN_POINT('Ctrl Pts',(-65.1321649102024,4.03198595302311,45.9390053621291));
#1804=CARTESIAN_POINT('Ctrl Pts',(-65.1162694757112,4.27354380955494,45.9604119634894));
#1805=CARTESIAN_POINT('Ctrl Pts',(-65.0259484459374,4.89767176650287,46.0787610652448));
#1806=CARTESIAN_POINT('Ctrl Pts',(-64.9254594826428,5.25226574006966,46.2090921560205));
#1807=CARTESIAN_POINT('Ctrl Pts',(-64.6084355493024,5.97385341534883,46.5856768638872));
#1808=CARTESIAN_POINT('Ctrl Pts',(-64.3760415474825,6.31580101749047,46.8435056353173));
#1809=CARTESIAN_POINT('Ctrl Pts',(-63.734959371833,6.99611930780973,47.4666442916571));
#1810=CARTESIAN_POINT('Ctrl Pts',(-63.265741797998,7.3233420466243,47.8663187068192));
#1811=CARTESIAN_POINT('Ctrl Pts',(-62.1017627398118,7.81046759985213,48.6466293485351));
#1812=CARTESIAN_POINT('Ctrl Pts',(-61.4259829061139,7.94663685069548,49.0024902745466));
#1813=CARTESIAN_POINT('Ctrl Pts',(-60.52029642348,7.95208833643148,49.3497978993777));
#1814=CARTESIAN_POINT('Ctrl Pts',(-60.3265051850714,7.94355532588119,49.4172801873057));
#1815=CARTESIAN_POINT('Ctrl Pts',(-60.1321649102024,7.9251648462617,49.4783973762986));
#1816=CARTESIAN_POINT('',(-65.1321649102024,2.99999999999999,48.4970251635401));
#1817=CARTESIAN_POINT('Origin',(-65.1321649102024,119.125,82.9390053621292));
#1818=CARTESIAN_POINT('Ctrl Pts',(-60.1321649102024,3.00000000000001,82.9390053621292));
#1819=CARTESIAN_POINT('Ctrl Pts',(-61.2422546496187,3.00000000000001,77.5892250295858));
#1820=CARTESIAN_POINT('Ctrl Pts',(-62.4749954967834,3.,71.7077696670882));
#1821=CARTESIAN_POINT('Ctrl Pts',(-64.4214809014013,3.,59.8937914898048));
#1822=CARTESIAN_POINT('Ctrl Pts',(-65.1321649102024,2.99999999999999,53.9607646188971));
#1823=CARTESIAN_POINT('Ctrl Pts',(-65.1321649102024,2.99999999999999,48.4970251635401));
#1824=CARTESIAN_POINT('Origin',(15.5345017564642,119.125,82.9390053621292));
#1825=CARTESIAN_POINT('',(15.5345017564642,2.99999999999999,82.9390053621292));
#1826=CARTESIAN_POINT('',(20.5345017564642,2.99999999999999,48.4970251635402));
#1827=CARTESIAN_POINT('Ctrl Pts',(20.5345017564642,2.99999999999999,48.4970251635402));
#1828=CARTESIAN_POINT('Ctrl Pts',(20.5345017564642,2.99999999999999,53.9607646188971));
#1829=CARTESIAN_POINT('Ctrl Pts',(19.8238177476631,3.,59.8937914898048));
#1830=CARTESIAN_POINT('Ctrl Pts',(17.8773323430452,3.,71.7077696670883));
#1831=CARTESIAN_POINT('Ctrl Pts',(16.6445914958805,3.00000000000001,77.5892250295859));
#1832=CARTESIAN_POINT('Ctrl Pts',(15.5345017564642,3.00000000000001,82.9390053621292));
#1833=CARTESIAN_POINT('',(20.5345017564642,3.78955174145288,45.9390053621291));
#1834=CARTESIAN_POINT('Origin',(20.5345017564642,119.125,82.9390053621292));
#1835=CARTESIAN_POINT('',(15.5345017564642,7.9251648462617,49.4783973762986));
#1836=CARTESIAN_POINT('Ctrl Pts',(15.5345017564642,7.9251648462617,49.4783973762986));
#1837=CARTESIAN_POINT('Ctrl Pts',(15.8419693910497,7.95426060251352,49.381703278563));
#1838=CARTESIAN_POINT('Ctrl Pts',(16.1473123156904,7.95864247325098,49.2692656482953));
#1839=CARTESIAN_POINT('Ctrl Pts',(17.1199931689623,7.89561201803964,48.8557206804925));
#1840=CARTESIAN_POINT('Ctrl Pts',(17.7523769112312,7.73372108444205,48.4969871931693));
#1841=CARTESIAN_POINT('Ctrl Pts',(18.902140919886,7.18397972323306,47.68371664642));
#1842=CARTESIAN_POINT('Ctrl Pts',(19.3800177334987,6.79631336530083,47.24664386267));
#1843=CARTESIAN_POINT('Ctrl Pts',(19.9921991870422,6.00353610034443,46.6112974922658));
#1844=CARTESIAN_POINT('Ctrl Pts',(20.1985682787751,5.61557739112219,46.3663737496484));
#1845=CARTESIAN_POINT('Ctrl Pts',(20.451474392491,4.80014882794797,46.0508827364634));
#1846=CARTESIAN_POINT('Ctrl Pts',(20.5146330814311,4.4095071376521,45.9654641598319));
#1847=CARTESIAN_POINT('Ctrl Pts',(20.5332060200186,3.92770526103149,45.9407342644281));
#1848=CARTESIAN_POINT('Ctrl Pts',(20.5345017564642,3.8585817564279,45.9390053621291));
#1849=CARTESIAN_POINT('Ctrl Pts',(20.5345017564642,3.78955174145288,45.9390053621291));
#1850=CARTESIAN_POINT('Origin',(15.5345017564642,119.125,82.9390053621292));
#1851=CARTESIAN_POINT('Origin',(-134.798831576869,119.125,82.9390053621291));
#1852=CARTESIAN_POINT('',(16.2310477114748,7.99999999999999,49.2306977807628));
#1853=CARTESIAN_POINT('Ctrl Pts',(16.2310477114748,7.99999999999999,49.2306977807628));
#1854=CARTESIAN_POINT('Ctrl Pts',(16.0020904319957,7.97236999809394,49.3217846427893));
#1855=CARTESIAN_POINT('Ctrl Pts',(15.7695205186771,7.94740474357372,49.4044873948667));
#1856=CARTESIAN_POINT('Ctrl Pts',(15.5345017564642,7.9251648462617,49.4783973762986));
#1857=CARTESIAN_POINT('',(8.83795580145372,7.99999999999999,49.2306977807628));
#1858=CARTESIAN_POINT('',(-134.798831576869,7.99999999999999,49.2306977807628));
#1859=CARTESIAN_POINT('',(9.53450175646425,7.92516484626168,49.4783973762986));
#1860=CARTESIAN_POINT('Ctrl Pts',(9.53450175646426,7.9251648462617,49.4783973762986));
#1861=CARTESIAN_POINT('Ctrl Pts',(9.29947958329531,7.94740506635353,49.4044863221706));
#1862=CARTESIAN_POINT('Ctrl Pts',(9.06692302738769,7.9723687977802,49.3217885998217));
#1863=CARTESIAN_POINT('Ctrl Pts',(8.83795580145372,7.99999999999999,49.2306977807628));
#1864=CARTESIAN_POINT('',(9.53450175646424,2.99999999999999,82.9390053621292));
#1865=CARTESIAN_POINT('Origin',(9.53450175646424,119.125,82.9390053621292));
#1866=CARTESIAN_POINT('',(-134.798831576869,2.99999999999999,82.9390053621291));
#1867=CARTESIAN_POINT('Origin',(12.5345017564643,8.,58.4390053621291));
#1868=CARTESIAN_POINT('',(20.5345017564642,8.,33.9390053621291));
#1869=CARTESIAN_POINT('Origin',(12.5345017564643,8.,39.9390053621291));
#1870=CARTESIAN_POINT('',(20.5345017564642,8.,39.9390055938666));
#1871=CARTESIAN_POINT('',(20.5345017564642,8.,82.9390053621291));
#1872=CARTESIAN_POINT('',(4.53450175646426,8.,39.9390052678906));
#1873=CARTESIAN_POINT('Origin',(12.5345017564643,8.,39.9390053621291));
#1874=CARTESIAN_POINT('',(4.53450175646426,8.,33.9390053621291));
#1875=CARTESIAN_POINT('',(4.53450175646427,8.,-3.06099463787083));
#1876=CARTESIAN_POINT('Origin',(12.5345017564643,8.,39.9390053621291));
#1877=CARTESIAN_POINT('Origin',(9.53450175646424,119.125,82.9390053621292));
#1878=CARTESIAN_POINT('',(4.53450175646425,3.78955174145288,45.9390053621291));
#1879=CARTESIAN_POINT('Ctrl Pts',(4.53450175646425,3.78955174145288,45.9390053621291));
#1880=CARTESIAN_POINT('Ctrl Pts',(4.53450175646425,4.03198595302311,45.9390053621291));
#1881=CARTESIAN_POINT('Ctrl Pts',(4.55039719095547,4.27354380955494,45.9604119634894));
#1882=CARTESIAN_POINT('Ctrl Pts',(4.64071822072929,4.89767176650292,46.0787610652448));
#1883=CARTESIAN_POINT('Ctrl Pts',(4.74120718402391,5.25226574006974,46.2090921560206));
#1884=CARTESIAN_POINT('Ctrl Pts',(5.05823111736423,5.97385341534876,46.5856768638872));
#1885=CARTESIAN_POINT('Ctrl Pts',(5.29062511918406,6.31580101749037,46.8435056353172));
#1886=CARTESIAN_POINT('Ctrl Pts',(5.93170729483387,6.99611930780994,47.4666442916573));
#1887=CARTESIAN_POINT('Ctrl Pts',(6.40092486866892,7.32334204662441,47.8663187068194));
#1888=CARTESIAN_POINT('Ctrl Pts',(7.5649039268549,7.81046759985213,48.6466293485352));
#1889=CARTESIAN_POINT('Ctrl Pts',(8.24068376055279,7.94663685069551,49.0024902745466));
#1890=CARTESIAN_POINT('Ctrl Pts',(9.14637024318672,7.9520883364315,49.3497978993777));
#1891=CARTESIAN_POINT('Ctrl Pts',(9.34016148159532,7.94355532588119,49.4172801873057));
#1892=CARTESIAN_POINT('Ctrl Pts',(9.53450175646426,7.9251648462617,49.4783973762986));
#1893=CARTESIAN_POINT('',(4.53450175646425,2.99999999999999,48.4970251635402));
#1894=CARTESIAN_POINT('Origin',(4.53450175646424,119.125,82.9390053621292));
#1895=CARTESIAN_POINT('Ctrl Pts',(9.53450175646424,3.00000000000001,82.9390053621292));
#1896=CARTESIAN_POINT('Ctrl Pts',(8.42441201704799,3.00000000000001,77.5892250295859));
#1897=CARTESIAN_POINT('Ctrl Pts',(7.19167116988331,3.,71.7077696670883));
#1898=CARTESIAN_POINT('Ctrl Pts',(5.24518576526538,3.,59.8937914898048));
#1899=CARTESIAN_POINT('Ctrl Pts',(4.53450175646425,2.99999999999999,53.9607646188971));
#1900=CARTESIAN_POINT('Ctrl Pts',(4.53450175646425,2.99999999999999,48.4970251635402));
#1901=CARTESIAN_POINT('Origin',(-118.798831576869,0.,82.9390053621291));
#1902=CARTESIAN_POINT('',(-118.798831576869,3.,45.9390053621291));
#1903=CARTESIAN_POINT('',(-118.798831576869,3.,70.4390053621291));
#1904=CARTESIAN_POINT('',(-118.798831576869,0.,45.9390053621291));
#1905=CARTESIAN_POINT('Origin',(-49.1321649102024,0.,82.9390053621292));
#1906=CARTESIAN_POINT('',(-49.1321649102024,3.,45.9390053621291));
#1907=CARTESIAN_POINT('',(-49.1321649102024,3.,70.4390053621292));
#1908=CARTESIAN_POINT('',(-49.1321649102024,0.,45.9390053621291));
#1909=CARTESIAN_POINT('Origin',(20.5345017564642,0.,82.9390053621291));
#1910=CARTESIAN_POINT('',(20.5345017564642,3.,45.9390053621291));
#1911=CARTESIAN_POINT('',(20.5345017564642,3.,70.4390053621292));
#1912=CARTESIAN_POINT('',(20.5345017564642,0.,45.9390053621291));
#1913=CARTESIAN_POINT('Origin',(74.2011684231313,0.,45.9390053621297));
#1914=CARTESIAN_POINT('',(74.2011684231313,3.,45.9390053621297));
#1915=CARTESIAN_POINT('',(74.2011684231313,0.,45.9390053621297));
#1916=CARTESIAN_POINT('',(74.2011684231313,3.,51.9390053621294));
#1917=CARTESIAN_POINT('Origin',(-126.798831576869,0.,39.9390053621291));
#1918=CARTESIAN_POINT('',(-118.798831576869,3.,33.9390053621291));
#1919=CARTESIAN_POINT('Origin',(-126.798831576869,3.,39.9390053621291));
#1920=CARTESIAN_POINT('',(-118.798831576869,0.,33.9390053621291));
#1921=CARTESIAN_POINT('Origin',(-134.798831576869,0.,45.9390053621291));
#1922=CARTESIAN_POINT('',(-134.798831576869,3.,45.9390053621291));
#1923=CARTESIAN_POINT('',(-134.798831576869,0.,45.9390053621291));
#1924=CARTESIAN_POINT('',(-134.798831576869,3.,51.9390053621291));
#1925=CARTESIAN_POINT('Origin',(-126.798831576869,0.,39.9390053621291));
#1926=CARTESIAN_POINT('',(-134.798831576869,3.,33.9390053621291));
#1927=CARTESIAN_POINT('Origin',(-126.798831576869,3.,39.9390053621291));
#1928=CARTESIAN_POINT('',(-134.798831576869,0.,33.9390053621291));
#1929=CARTESIAN_POINT('Origin',(-118.798831576869,0.,32.9390053621291));
#1930=CARTESIAN_POINT('',(-118.798831576869,3.,32.9390053621291));
#1931=CARTESIAN_POINT('',(-118.798831576869,3.,82.9390053621291));
#1932=CARTESIAN_POINT('',(-118.798831576869,0.,32.9390053621291));
#1933=CARTESIAN_POINT('',(-118.798831576869,0.,32.9390053621291));
#1934=CARTESIAN_POINT('',(-118.798831576869,0.,39.9390053621291));
#1935=CARTESIAN_POINT('',(-118.798831576869,0.,82.9390053621291));
#1936=CARTESIAN_POINT('',(-118.798831576869,0.,39.9390053621291));
#1937=CARTESIAN_POINT('Origin',(-22.2988315768691,0.,57.9390053621292));
#1938=CARTESIAN_POINT('',(100.201168423131,0.,82.9390053621291));
#1939=CARTESIAN_POINT('',(-144.798831576869,0.,82.9390053621291));
#1940=CARTESIAN_POINT('',(100.201168423131,0.,82.9390053621291));
#1941=CARTESIAN_POINT('',(-144.798831576869,0.,32.9390053621291));
#1942=CARTESIAN_POINT('',(-144.798831576869,0.,82.9390053621291));
#1943=CARTESIAN_POINT('',(-134.798831576869,0.,32.9390053621291));
#1944=CARTESIAN_POINT('',(-144.798831576869,0.,32.9390053621291));
#1945=CARTESIAN_POINT('',(-134.798831576869,0.,39.9390057376788));
#1946=CARTESIAN_POINT('',(-134.798831576869,0.,-3.06099463787094));
#1947=CARTESIAN_POINT('Origin',(-126.798831576869,0.,39.9390053621291));
#1948=CARTESIAN_POINT('',(-65.1321649102024,0.,32.9390053621291));
#1949=CARTESIAN_POINT('',(-144.798831576869,0.,32.9390053621291));
#1950=CARTESIAN_POINT('',(-65.1321649102024,0.,39.9390053621291));
#1951=CARTESIAN_POINT('',(-65.1321649102024,0.,82.9390053621293));
#1952=CARTESIAN_POINT('',(-49.1321649102024,0.,39.9390053621291));
#1953=CARTESIAN_POINT('Origin',(-57.1321649102024,0.,39.9390053621291));
#1954=CARTESIAN_POINT('',(-49.1321649102024,0.,32.9390053621291));
#1955=CARTESIAN_POINT('',(-49.1321649102024,0.,-3.06099463787078));
#1956=CARTESIAN_POINT('',(4.53450175646426,0.,32.9390053621291));
#1957=CARTESIAN_POINT('',(-144.798831576869,0.,32.9390053621291));
#1958=CARTESIAN_POINT('',(4.53450175646426,0.,39.9390052678906));
#1959=CARTESIAN_POINT('',(4.53450175646427,0.,-3.06099463787083));
#1960=CARTESIAN_POINT('',(20.5345017564642,0.,39.9390055938666));
#1961=CARTESIAN_POINT('Origin',(12.5345017564643,0.,39.9390053621291));
#1962=CARTESIAN_POINT('',(20.5345017564642,0.,32.9390053621291));
#1963=CARTESIAN_POINT('',(20.5345017564642,0.,82.9390053621291));
#1964=CARTESIAN_POINT('',(74.2011684231313,0.,32.9390053621291));
#1965=CARTESIAN_POINT('',(-144.798831576869,0.,32.9390053621291));
#1966=CARTESIAN_POINT('',(74.2011684231313,0.,39.9390068698935));
#1967=CARTESIAN_POINT('',(74.2011684231313,0.,82.9390053621292));
#1968=CARTESIAN_POINT('',(90.2011684231313,0.,39.9390053621291));
#1969=CARTESIAN_POINT('Origin',(82.2011684231309,0.,39.9390053621291));
#1970=CARTESIAN_POINT('',(90.2011684231313,0.,32.9390053621291));
#1971=CARTESIAN_POINT('',(90.2011684231313,0.,-3.06099463787077));
#1972=CARTESIAN_POINT('',(100.201168423131,0.,32.9390053621291));
#1973=CARTESIAN_POINT('',(-144.798831576869,0.,32.9390053621291));
#1974=CARTESIAN_POINT('',(100.201168423131,0.,32.9390053621291));
#1975=CARTESIAN_POINT('',(-23.7988315768691,0.,48.9390053621291));
#1976=CARTESIAN_POINT('Origin',(-22.2988315768691,0.,48.9390053621291));
#1977=CARTESIAN_POINT('',(45.8678350897976,0.,48.9390053621291));
#1978=CARTESIAN_POINT('Origin',(47.3678350897976,0.,48.9390053621291));
#1979=CARTESIAN_POINT('',(-93.4654982435357,0.,48.9390053621291));
#1980=CARTESIAN_POINT('Origin',(-91.9654982435357,0.,48.9390053621291));
#1981=CARTESIAN_POINT('Origin',(-22.2988315768691,3.,57.9390053621292));
#1982=CARTESIAN_POINT('',(-134.798831576869,3.,32.9390053621291));
#1983=CARTESIAN_POINT('',(-134.798831576869,3.,-3.06099463787094));
#1984=CARTESIAN_POINT('',(-144.798831576869,3.,32.9390053621291));
#1985=CARTESIAN_POINT('',(-144.798831576869,3.,32.9390053621291));
#1986=CARTESIAN_POINT('',(-144.798831576869,3.,82.9390053621291));
#1987=CARTESIAN_POINT('',(-144.798831576869,3.,82.9390053621291));
#1988=CARTESIAN_POINT('',(100.201168423131,3.,82.9390053621291));
#1989=CARTESIAN_POINT('Origin',(82.2011684231309,0.,39.9390053621291));
#1990=CARTESIAN_POINT('',(74.2011684231313,3.,33.9390053621286));
#1991=CARTESIAN_POINT('Origin',(82.2011684231309,3.,39.9390053621291));
#1992=CARTESIAN_POINT('',(74.2011684231313,0.,33.9390053621286));
#1993=CARTESIAN_POINT('Origin',(82.2011684231309,0.,39.9390053621291));
#1994=CARTESIAN_POINT('',(90.2011684231313,3.,33.9390053621297));
#1995=CARTESIAN_POINT('',(90.2011684231313,3.,45.9390053621286));
#1996=CARTESIAN_POINT('Origin',(82.2011684231309,3.,39.9390053621291));
#1997=CARTESIAN_POINT('',(90.2011684231313,0.,33.9390053621297));
#1998=CARTESIAN_POINT('',(90.2011684231313,0.,45.9390053621286));
#1999=CARTESIAN_POINT('Origin',(90.2011684231313,0.,82.9390053621292));
#2000=CARTESIAN_POINT('',(90.2011684231313,3.,70.4390053621292));
#2001=CARTESIAN_POINT('Origin',(90.2011684231313,0.,32.9390053621291));
#2002=CARTESIAN_POINT('',(90.2011684231313,3.,32.9390053621291));
#2003=CARTESIAN_POINT('',(90.2011684231313,3.,-3.06099463787077));
#2004=CARTESIAN_POINT('',(90.2011684231313,0.,32.9390053621291));
#2005=CARTESIAN_POINT('',(90.2011684231313,0.,39.9390053621291));
#2006=CARTESIAN_POINT('Origin',(-22.2988315768691,3.,57.9390053621292));
#2007=CARTESIAN_POINT('',(74.2011684231313,3.,32.9390053621291));
#2008=CARTESIAN_POINT('',(74.2011684231313,3.,82.9390053621292));
#2009=CARTESIAN_POINT('',(20.5345017564642,3.,32.9390053621291));
#2010=CARTESIAN_POINT('',(-144.798831576869,3.,32.9390053621291));
#2011=CARTESIAN_POINT('',(20.5345017564642,3.,33.9390053621291));
#2012=CARTESIAN_POINT('',(20.5345017564642,3.,82.9390053621291));
#2013=CARTESIAN_POINT('Origin',(12.5345017564643,3.,39.9390053621291));
#2014=CARTESIAN_POINT('',(100.201168423131,3.,82.9390053621291));
#2015=CARTESIAN_POINT('',(45.8678350897976,3.,48.9390053621291));
#2016=CARTESIAN_POINT('Origin',(47.3678350897976,3.,48.9390053621291));
#2017=CARTESIAN_POINT('Origin',(-22.2988315768691,3.,57.9390053621292));
#2018=CARTESIAN_POINT('',(100.201168423131,3.,82.9390053621291));
#2019=CARTESIAN_POINT('',(100.201168423131,3.,82.9390053621291));
#2020=CARTESIAN_POINT('',(100.201168423131,3.,32.9390053621291));
#2021=CARTESIAN_POINT('',(100.201168423131,3.,32.9390053621291));
#2022=CARTESIAN_POINT('',(-144.798831576869,3.,32.9390053621291));
#2023=CARTESIAN_POINT('Origin',(-144.798831576869,0.,82.9390053621291));
#2024=CARTESIAN_POINT('',(100.201168423131,3.,82.9390053621291));
#2025=CARTESIAN_POINT('',(-144.798831576869,0.,82.9390053621291));
#2026=CARTESIAN_POINT('',(100.201168423131,0.,82.9390053621291));
#2027=CARTESIAN_POINT('',(100.201168423131,3.,82.9390053621291));
#2028=CARTESIAN_POINT('Origin',(-57.1321649102024,0.,39.9390053621291));
#2029=CARTESIAN_POINT('',(-65.1321649102024,3.,45.9390053621291));
#2030=CARTESIAN_POINT('',(-65.1321649102024,3.,33.9390053621291));
#2031=CARTESIAN_POINT('Origin',(-57.1321649102024,3.,39.9390053621291));
#2032=CARTESIAN_POINT('',(-65.1321649102024,0.,45.9390053621291));
#2033=CARTESIAN_POINT('',(-65.1321649102024,0.,33.9390053621291));
#2034=CARTESIAN_POINT('Origin',(-65.1321649102024,0.,45.9390053621291));
#2035=CARTESIAN_POINT('',(-65.1321649102024,3.,51.9390053621292));
#2036=CARTESIAN_POINT('Origin',(-57.1321649102024,0.,39.9390053621291));
#2037=CARTESIAN_POINT('',(-49.1321649102024,3.,33.9390053621291));
#2038=CARTESIAN_POINT('Origin',(-57.1321649102024,3.,39.9390053621291));
#2039=CARTESIAN_POINT('',(-49.1321649102024,0.,33.9390053621291));
#2040=CARTESIAN_POINT('Origin',(-49.1321649102024,0.,32.9390053621291));
#2041=CARTESIAN_POINT('',(-49.1321649102024,3.,32.9390053621291));
#2042=CARTESIAN_POINT('',(-49.1321649102024,3.,-3.06099463787078));
#2043=CARTESIAN_POINT('',(-49.1321649102024,0.,32.9390053621291));
#2044=CARTESIAN_POINT('',(-49.1321649102024,0.,39.9390053621291));
#2045=CARTESIAN_POINT('Origin',(-22.2988315768691,3.,57.9390053621292));
#2046=CARTESIAN_POINT('',(-65.1321649102024,3.,32.9390053621291));
#2047=CARTESIAN_POINT('',(-65.1321649102024,3.,82.9390053621293));
#2048=CARTESIAN_POINT('',(-144.798831576869,3.,32.9390053621291));
#2049=CARTESIAN_POINT('',(-93.4654982435357,3.,48.9390053621291));
#2050=CARTESIAN_POINT('Origin',(-91.9654982435357,3.,48.9390053621291));
#2051=CARTESIAN_POINT('Origin',(-22.2988315768691,3.,57.9390053621292));
#2052=CARTESIAN_POINT('',(4.53450175646425,3.,45.9390053621291));
#2053=CARTESIAN_POINT('',(4.53450175646425,3.,51.9390053621292));
#2054=CARTESIAN_POINT('',(4.53450175646426,3.,33.9390053621291));
#2055=CARTESIAN_POINT('Origin',(12.5345017564643,3.,39.9390053621291));
#2056=CARTESIAN_POINT('',(4.53450175646426,3.,32.9390053621291));
#2057=CARTESIAN_POINT('',(4.53450175646427,3.,-3.06099463787083));
#2058=CARTESIAN_POINT('',(-144.798831576869,3.,32.9390053621291));
#2059=CARTESIAN_POINT('',(-23.7988315768691,3.,48.9390053621291));
#2060=CARTESIAN_POINT('Origin',(-22.2988315768691,3.,48.9390053621291));
#2061=CARTESIAN_POINT('Origin',(12.5345017564643,0.,39.9390053621291));
#2062=CARTESIAN_POINT('',(4.53450175646425,0.,45.9390053621291));
#2063=CARTESIAN_POINT('',(4.53450175646426,0.,33.9390053621291));
#2064=CARTESIAN_POINT('Origin',(4.53450175646426,0.,45.9390053621291));
#2065=CARTESIAN_POINT('Origin',(12.5345017564643,0.,39.9390053621291));
#2066=CARTESIAN_POINT('',(20.5345017564642,0.,33.9390053621291));
#2067=CARTESIAN_POINT('Origin',(4.53450175646426,0.,39.9390052678906));
#2068=CARTESIAN_POINT('',(4.53450175646426,0.,32.9390053621291));
#2069=CARTESIAN_POINT('',(4.53450175646426,0.,39.9390052678906));
#2070=CARTESIAN_POINT('Origin',(20.5345017564642,0.,32.9390053621291));
#2071=CARTESIAN_POINT('',(20.5345017564642,0.,32.9390053621291));
#2072=CARTESIAN_POINT('',(20.5345017564642,0.,39.9390055938666));
#2073=CARTESIAN_POINT('Origin',(-91.9654982435357,0.,48.9390053621291));
#2074=CARTESIAN_POINT('',(-93.4654982435357,0.,48.9390053621291));
#2075=CARTESIAN_POINT('Origin',(47.3678350897976,0.,48.9390053621291));
#2076=CARTESIAN_POINT('',(45.8678350897976,0.,48.9390053621291));
#2077=CARTESIAN_POINT('Origin',(-22.2988315768691,0.,48.9390053621291));
#2078=CARTESIAN_POINT('',(-23.7988315768691,0.,48.9390053621291));
#2079=CARTESIAN_POINT('Origin',(100.201168423131,0.,32.9390053621291));
#2080=CARTESIAN_POINT('',(100.201168423131,0.,32.9390053621291));
#2081=CARTESIAN_POINT('Origin',(100.201168423131,0.,82.9390053621291));
#2082=CARTESIAN_POINT('Origin',(-144.798831576869,0.,32.9390053621291));
#2083=CARTESIAN_POINT('',(-144.798831576869,0.,32.9390053621291));
#2084=CARTESIAN_POINT('Origin',(-134.798831576869,0.,32.9390053621291));
#2085=CARTESIAN_POINT('',(-134.798831576869,0.,32.9390053621291));
#2086=CARTESIAN_POINT('Origin',(-134.798831576869,0.,39.9390057376788));
#2087=CARTESIAN_POINT('',(-134.798831576869,0.,39.9390057376788));
#2088=CARTESIAN_POINT('Origin',(-126.798831576869,0.,39.9390053621291));
#2089=CARTESIAN_POINT('Origin',(-65.1321649102024,0.,32.9390053621291));
#2090=CARTESIAN_POINT('',(-65.1321649102024,0.,32.9390053621291));
#2091=CARTESIAN_POINT('Origin',(-65.1321649102024,0.,39.9390053621291));
#2092=CARTESIAN_POINT('',(-65.1321649102024,0.,39.9390053621291));
#2093=CARTESIAN_POINT('Origin',(-57.1321649102024,0.,39.9390053621291));
#2094=CARTESIAN_POINT('Origin',(4.53450175646426,0.,32.9390053621291));
#2095=CARTESIAN_POINT('Origin',(12.5345017564643,0.,39.9390053621291));
#2096=CARTESIAN_POINT('Origin',(74.2011684231313,0.,32.9390053621291));
#2097=CARTESIAN_POINT('',(74.2011684231313,0.,32.9390053621291));
#2098=CARTESIAN_POINT('Origin',(74.2011684231313,0.,39.9390068698935));
#2099=CARTESIAN_POINT('',(74.2011684231313,0.,39.9390068698935));
#2100=CARTESIAN_POINT('Origin',(82.2011684231309,0.,39.9390053621291));
#2101=UNCERTAINTY_MEASURE_WITH_UNIT(LENGTH_MEASURE(0.01),#2105,
'DISTANCE_ACCURACY_VALUE',
'Maximum model space distance between geometric entities at asserted c
onnectivities');
#2102=UNCERTAINTY_MEASURE_WITH_UNIT(LENGTH_MEASURE(0.01),#2105,
'DISTANCE_ACCURACY_VALUE',
'Maximum model space distance between geometric entities at asserted c
onnectivities');
#2103=(
GEOMETRIC_REPRESENTATION_CONTEXT(3)
GLOBAL_UNCERTAINTY_ASSIGNED_CONTEXT((#2101))
GLOBAL_UNIT_ASSIGNED_CONTEXT((#2105,#2107,#2108))
REPRESENTATION_CONTEXT('','3D')
);
#2104=(
GEOMETRIC_REPRESENTATION_CONTEXT(3)
GLOBAL_UNCERTAINTY_ASSIGNED_CONTEXT((#2102))
GLOBAL_UNIT_ASSIGNED_CONTEXT((#2105,#2107,#2108))
REPRESENTATION_CONTEXT('','3D')
);
#2105=(
LENGTH_UNIT()
NAMED_UNIT(*)
SI_UNIT(.MILLI.,.METRE.)
);
#2106=(
LENGTH_UNIT()
NAMED_UNIT(*)
SI_UNIT($,.METRE.)
);
#2107=(
NAMED_UNIT(*)
PLANE_ANGLE_UNIT()
SI_UNIT($,.RADIAN.)
);
#2108=(
NAMED_UNIT(*)
SI_UNIT($,.STERADIAN.)
SOLID_ANGLE_UNIT()
);
#2109=SHAPE_DEFINITION_REPRESENTATION(#2110,#2111);
#2110=PRODUCT_DEFINITION_SHAPE('',$,#2113);
#2111=SHAPE_REPRESENTATION('',(#1169),#2103);
#2112=PRODUCT_DEFINITION_CONTEXT('part definition',#2117,'design');
#2113=PRODUCT_DEFINITION('support_\X\E9tag\X\E8res_tubes',
'support_\X\E9tag\X\E8res_tubes v2',#2114,#2112);
#2114=PRODUCT_DEFINITION_FORMATION('',$,#2119);
#2115=PRODUCT_RELATED_PRODUCT_CATEGORY('support_\X\E9tag\X\E8res_tubes
 v2','support_\X\E9tag\X\E8res_tubes v2',(#2119));
#2116=APPLICATION_PROTOCOL_DEFINITION('international standard',
'automotive_design',2009,#2117);
#2117=APPLICATION_CONTEXT(
'Core Data for Automotive Mechanical Design Process');
#2118=PRODUCT_CONTEXT('part definition',#2117,'mechanical');
#2119=PRODUCT('support_\X\E9tag\X\E8res_tubes',
'support_\X\E9tag\X\E8res_tubes v2',$,(#2118));
#2120=PRESENTATION_STYLE_ASSIGNMENT((#2121));
#2121=SURFACE_STYLE_USAGE(.BOTH.,#2122);
#2122=SURFACE_SIDE_STYLE('',(#2123));
#2123=SURFACE_STYLE_FILL_AREA(#2124);
#2124=FILL_AREA_STYLE('Acier - Satin\X\E9',(#2125));
#2125=FILL_AREA_STYLE_COLOUR('Acier - Satin\X\E9',#2126);
#2126=COLOUR_RGB('Acier - Satin\X\E9',0.627450980392157,0.627450980392157,
0.627450980392157);
ENDSEC;
END-ISO-10303-21;
