ISO-10303-21;
HEADER;
/* Generated by software containing ST-Developer
 * from STEP Tools, Inc. (www.steptools.com) 
 */

FILE_DESCRIPTION(
/* description */ (''),
/* implementation_level */ '2;1');

FILE_NAME(
/* name */ 'support_tagres_rallonge_central_70.step',
/* time_stamp */ '2025-11-10T18:59:31+01:00',
/* author */ (''),
/* organization */ (''),
/* preprocessor_version */ 'ST-DEVELOPER v20.1',
/* originating_system */ 'Autodesk Translation Framework v14.17.0.0',
/* authorisation */ '');

FILE_SCHEMA (('AUTOMOTIVE_DESIGN { 1 0 10303 214 3 1 1 }'));
ENDSEC;

DATA;
#10=MECHANICAL_DESIGN_GEOMETRIC_PRESENTATION_REPRESENTATION('',(#13,#14),
#2779);
#11=SHAPE_REPRESENTATION_RELATIONSHIP('SRR','None',#2786,#12);
#12=ADVANCED_BREP_SHAPE_REPRESENTATION('',(#15,#16),#2778);
#13=STYLED_ITEM('',(#2795),#15);
#14=STYLED_ITEM('',(#2795),#16);
#15=MANIFOLD_SOLID_BREP('Corps1',#1201);
#16=MANIFOLD_SOLID_BREP('Corps4',#1202);
#17=ELLIPSE('',#1249,17.2826158204155,15.);
#18=ELLIPSE('',#1250,17.2649323802321,15.);
#19=ELLIPSE('',#1251,17.1342208271453,15.);
#20=ELLIPSE('',#1252,17.1342208271453,15.);
#21=ELLIPSE('',#1256,17.1342208271453,15.);
#22=ELLIPSE('',#1257,17.1342208271453,15.);
#23=ELLIPSE('',#1258,17.2649323802321,15.);
#24=ELLIPSE('',#1259,17.2826158204155,15.);
#25=ELLIPSE('',#1292,17.2826158204155,15.);
#26=ELLIPSE('',#1293,17.2649323802321,15.);
#27=ELLIPSE('',#1294,17.1342208271453,15.);
#28=ELLIPSE('',#1295,17.1342208271453,15.);
#29=ELLIPSE('',#1301,17.1342208271453,15.);
#30=ELLIPSE('',#1302,17.1342208271453,15.);
#31=ELLIPSE('',#1303,17.2649323802321,15.);
#32=ELLIPSE('',#1304,17.2826158204155,15.);
#33=PLANE('',#1225);
#34=PLANE('',#1226);
#35=PLANE('',#1232);
#36=PLANE('',#1238);
#37=PLANE('',#1246);
#38=PLANE('',#1247);
#39=PLANE('',#1254);
#40=PLANE('',#1261);
#41=PLANE('',#1262);
#42=PLANE('',#1264);
#43=PLANE('',#1265);
#44=PLANE('',#1266);
#45=PLANE('',#1267);
#46=PLANE('',#1268);
#47=PLANE('',#1269);
#48=PLANE('',#1271);
#49=PLANE('',#1272);
#50=PLANE('',#1273);
#51=PLANE('',#1283);
#52=PLANE('',#1284);
#53=PLANE('',#1290);
#54=PLANE('',#1297);
#55=PLANE('',#1298);
#56=PLANE('',#1299);
#57=PLANE('',#1305);
#58=PLANE('',#1307);
#59=PLANE('',#1308);
#60=PLANE('',#1310);
#61=PLANE('',#1311);
#62=PLANE('',#1312);
#63=PLANE('',#1313);
#64=PLANE('',#1314);
#65=PLANE('',#1315);
#66=PLANE('',#1317);
#67=PLANE('',#1318);
#68=PLANE('',#1319);
#69=LINE('',#1782,#156);
#70=LINE('',#1786,#157);
#71=LINE('',#1805,#158);
#72=LINE('',#1808,#159);
#73=LINE('',#1811,#160);
#74=LINE('',#1813,#161);
#75=LINE('',#1814,#162);
#76=LINE('',#1817,#163);
#77=LINE('',#1954,#164);
#78=LINE('',#1956,#165);
#79=LINE('',#1968,#166);
#80=LINE('',#2107,#167);
#81=LINE('',#2120,#168);
#82=LINE('',#2122,#169);
#83=LINE('',#2123,#170);
#84=LINE('',#2155,#171);
#85=LINE('',#2196,#172);
#86=LINE('',#2198,#173);
#87=LINE('',#2199,#174);
#88=LINE('',#2202,#175);
#89=LINE('',#2204,#176);
#90=LINE('',#2205,#177);
#91=LINE('',#2208,#178);
#92=LINE('',#2234,#179);
#93=LINE('',#2254,#180);
#94=LINE('',#2258,#181);
#95=LINE('',#2280,#182);
#96=LINE('',#2305,#183);
#97=LINE('',#2308,#184);
#98=LINE('',#2309,#185);
#99=LINE('',#2311,#186);
#100=LINE('',#2312,#187);
#101=LINE('',#2314,#188);
#102=LINE('',#2317,#189);
#103=LINE('',#2319,#190);
#104=LINE('',#2320,#191);
#105=LINE('',#2323,#192);
#106=LINE('',#2324,#193);
#107=LINE('',#2328,#194);
#108=LINE('',#2329,#195);
#109=LINE('',#2331,#196);
#110=LINE('',#2333,#197);
#111=LINE('',#2334,#198);
#112=LINE('',#2336,#199);
#113=LINE('',#2515,#200);
#114=LINE('',#2543,#201);
#115=LINE('',#2546,#202);
#116=LINE('',#2549,#203);
#117=LINE('',#2551,#204);
#118=LINE('',#2552,#205);
#119=LINE('',#2555,#206);
#120=LINE('',#2556,#207);
#121=LINE('',#2560,#208);
#122=LINE('',#2588,#209);
#123=LINE('',#2592,#210);
#124=LINE('',#2624,#211);
#125=LINE('',#2628,#212);
#126=LINE('',#2630,#213);
#127=LINE('',#2631,#214);
#128=LINE('',#2633,#215);
#129=LINE('',#2635,#216);
#130=LINE('',#2661,#217);
#131=LINE('',#2682,#218);
#132=LINE('',#2684,#219);
#133=LINE('',#2686,#220);
#134=LINE('',#2688,#221);
#135=LINE('',#2691,#222);
#136=LINE('',#2713,#223);
#137=LINE('',#2737,#224);
#138=LINE('',#2739,#225);
#139=LINE('',#2741,#226);
#140=LINE('',#2744,#227);
#141=LINE('',#2745,#228);
#142=LINE('',#2747,#229);
#143=LINE('',#2749,#230);
#144=LINE('',#2752,#231);
#145=LINE('',#2754,#232);
#146=LINE('',#2755,#233);
#147=LINE('',#2757,#234);
#148=LINE('',#2760,#235);
#149=LINE('',#2761,#236);
#150=LINE('',#2764,#237);
#151=LINE('',#2765,#238);
#152=LINE('',#2767,#239);
#153=LINE('',#2769,#240);
#154=LINE('',#2770,#241);
#155=LINE('',#2772,#242);
#156=VECTOR('',#1334,10.);
#157=VECTOR('',#1337,10.);
#158=VECTOR('',#1340,10.);
#159=VECTOR('',#1343,10.);
#160=VECTOR('',#1346,10.);
#161=VECTOR('',#1347,10.);
#162=VECTOR('',#1348,10.);
#163=VECTOR('',#1351,10.);
#164=VECTOR('',#1364,10.);
#165=VECTOR('',#1365,10.);
#166=VECTOR('',#1366,10.);
#167=VECTOR('',#1379,10.);
#168=VECTOR('',#1380,10.);
#169=VECTOR('',#1381,10.);
#170=VECTOR('',#1382,10.);
#171=VECTOR('',#1387,10.);
#172=VECTOR('',#1400,10.);
#173=VECTOR('',#1401,10.);
#174=VECTOR('',#1402,10.);
#175=VECTOR('',#1405,10.);
#176=VECTOR('',#1406,10.);
#177=VECTOR('',#1407,10.);
#178=VECTOR('',#1410,10.);
#179=VECTOR('',#1415,10.);
#180=VECTOR('',#1420,10.);
#181=VECTOR('',#1427,10.);
#182=VECTOR('',#1432,10.);
#183=VECTOR('',#1439,10.);
#184=VECTOR('',#1442,10.);
#185=VECTOR('',#1443,10.);
#186=VECTOR('',#1446,10.);
#187=VECTOR('',#1447,10.);
#188=VECTOR('',#1450,10.);
#189=VECTOR('',#1453,10.);
#190=VECTOR('',#1454,10.);
#191=VECTOR('',#1455,10.);
#192=VECTOR('',#1458,10.);
#193=VECTOR('',#1459,10.);
#194=VECTOR('',#1464,10.);
#195=VECTOR('',#1465,10.);
#196=VECTOR('',#1468,10.);
#197=VECTOR('',#1471,10.);
#198=VECTOR('',#1472,10.);
#199=VECTOR('',#1475,10.);
#200=VECTOR('',#1496,10.);
#201=VECTOR('',#1499,10.);
#202=VECTOR('',#1502,10.);
#203=VECTOR('',#1505,10.);
#204=VECTOR('',#1506,10.);
#205=VECTOR('',#1507,10.);
#206=VECTOR('',#1510,10.);
#207=VECTOR('',#1511,10.);
#208=VECTOR('',#1514,10.);
#209=VECTOR('',#1517,10.);
#210=VECTOR('',#1520,10.);
#211=VECTOR('',#1523,10.);
#212=VECTOR('',#1528,10.);
#213=VECTOR('',#1529,10.);
#214=VECTOR('',#1530,10.);
#215=VECTOR('',#1533,10.);
#216=VECTOR('',#1534,10.);
#217=VECTOR('',#1539,10.);
#218=VECTOR('',#1546,10.);
#219=VECTOR('',#1549,10.);
#220=VECTOR('',#1552,10.);
#221=VECTOR('',#1555,10.);
#222=VECTOR('',#1558,10.);
#223=VECTOR('',#1563,10.);
#224=VECTOR('',#1568,10.);
#225=VECTOR('',#1571,10.);
#226=VECTOR('',#1574,10.);
#227=VECTOR('',#1577,10.);
#228=VECTOR('',#1578,10.);
#229=VECTOR('',#1581,10.);
#230=VECTOR('',#1584,10.);
#231=VECTOR('',#1587,10.);
#232=VECTOR('',#1588,10.);
#233=VECTOR('',#1589,10.);
#234=VECTOR('',#1592,10.);
#235=VECTOR('',#1595,10.);
#236=VECTOR('',#1596,10.);
#237=VECTOR('',#1599,10.);
#238=VECTOR('',#1600,10.);
#239=VECTOR('',#1603,10.);
#240=VECTOR('',#1606,10.);
#241=VECTOR('',#1607,10.);
#242=VECTOR('',#1610,10.);
#243=CYLINDRICAL_SURFACE('',#1221,289.5);
#244=CYLINDRICAL_SURFACE('',#1239,289.5);
#245=CYLINDRICAL_SURFACE('',#1248,15.);
#246=CYLINDRICAL_SURFACE('',#1253,1.);
#247=CYLINDRICAL_SURFACE('',#1255,15.);
#248=CYLINDRICAL_SURFACE('',#1260,1.);
#249=CYLINDRICAL_SURFACE('',#1263,3.08333333333333);
#250=CYLINDRICAL_SURFACE('',#1270,3.08333333333333);
#251=CYLINDRICAL_SURFACE('',#1279,289.5);
#252=CYLINDRICAL_SURFACE('',#1285,289.5);
#253=CYLINDRICAL_SURFACE('',#1291,15.);
#254=CYLINDRICAL_SURFACE('',#1296,1.);
#255=CYLINDRICAL_SURFACE('',#1300,15.);
#256=CYLINDRICAL_SURFACE('',#1306,1.);
#257=CYLINDRICAL_SURFACE('',#1309,3.08333333333333);
#258=CYLINDRICAL_SURFACE('',#1316,3.08333333333333);
#259=B_SPLINE_SURFACE_WITH_KNOTS('',3,3,((#1636,#1637,#1638,#1639,#1640,
#1641),(#1642,#1643,#1644,#1645,#1646,#1647),(#1648,#1649,#1650,#1651,#1652,
#1653),(#1654,#1655,#1656,#1657,#1658,#1659),(#1660,#1661,#1662,#1663,#1664,
#1665),(#1666,#1667,#1668,#1669,#1670,#1671)),.UNSPECIFIED.,.F.,.F.,.F.,
(4,1,1,4),(4,1,1,4),(0.,0.285714285714286,0.571428571428571,1.),(5.45643936864996E-16,
0.0339225120569966,0.0565375200949939,0.0791525281329912),.UNSPECIFIED.);
#260=B_SPLINE_SURFACE_WITH_KNOTS('',3,3,((#1687,#1688,#1689,#1690,#1691,
#1692),(#1693,#1694,#1695,#1696,#1697,#1698),(#1699,#1700,#1701,#1702,#1703,
#1704),(#1705,#1706,#1707,#1708,#1709,#1710),(#1711,#1712,#1713,#1714,#1715,
#1716),(#1717,#1718,#1719,#1720,#1721,#1722)),.UNSPECIFIED.,.F.,.F.,.F.,
(4,1,1,4),(4,1,1,4),(0.,0.285714285714286,0.571428571428571,1.),(0.,0.902623859137541,
1.50437309856257,2.1061223379876),.UNSPECIFIED.);
#261=B_SPLINE_SURFACE_WITH_KNOTS('',3,3,((#1819,#1820,#1821,#1822,#1823,
#1824,#1825),(#1826,#1827,#1828,#1829,#1830,#1831,#1832),(#1833,#1834,#1835,
#1836,#1837,#1838,#1839),(#1840,#1841,#1842,#1843,#1844,#1845,#1846),(#1847,
#1848,#1849,#1850,#1851,#1852,#1853)),.UNSPECIFIED.,.F.,.F.,.F.,(4,1,4),
(4,1,1,1,4),(0.,0.5,1.),(3.17890403237155,3.8076778120428,4.43645159171405,
4.75083848154967,5.37961226122092),.UNSPECIFIED.);
#262=B_SPLINE_SURFACE_WITH_KNOTS('',3,3,((#1901,#1902,#1903,#1904,#1905,
#1906),(#1907,#1908,#1909,#1910,#1911,#1912),(#1913,#1914,#1915,#1916,#1917,
#1918),(#1919,#1920,#1921,#1922,#1923,#1924),(#1925,#1926,#1927,#1928,#1929,
#1930)),.UNSPECIFIED.,.F.,.F.,.F.,(4,1,4),(4,1,1,4),(0.,0.5,1.),(0.,0.018637797976766,
0.037275595953532,0.0869763905582414),.UNSPECIFIED.);
#263=B_SPLINE_SURFACE_WITH_KNOTS('',3,3,((#1975,#1976,#1977,#1978,#1979,
#1980),(#1981,#1982,#1983,#1984,#1985,#1986),(#1987,#1988,#1989,#1990,#1991,
#1992),(#1993,#1994,#1995,#1996,#1997,#1998),(#1999,#2000,#2001,#2002,#2003,
#2004)),.UNSPECIFIED.,.F.,.F.,.F.,(4,1,4),(4,1,1,4),(0.,0.5,1.),(2.12467682865311E-15,
0.0372757074247184,0.062126179041196,0.0869766506576735),.UNSPECIFIED.);
#264=B_SPLINE_SURFACE_WITH_KNOTS('',3,3,((#2020,#2021,#2022,#2023,#2024,
#2025,#2026),(#2027,#2028,#2029,#2030,#2031,#2032,#2033),(#2034,#2035,#2036,
#2037,#2038,#2039,#2040),(#2041,#2042,#2043,#2044,#2045,#2046,#2047),(#2048,
#2049,#2050,#2051,#2052,#2053,#2054)),.UNSPECIFIED.,.F.,.F.,.F.,(4,1,4),
(4,1,1,1,4),(0.,0.5,1.),(2.0231436717461E-16,0.628773778935133,0.943160668402699,
1.57193444733783,2.20070822627296),.UNSPECIFIED.);
#265=B_SPLINE_SURFACE_WITH_KNOTS('',3,3,((#2340,#2341,#2342,#2343,#2344,
#2345),(#2346,#2347,#2348,#2349,#2350,#2351),(#2352,#2353,#2354,#2355,#2356,
#2357),(#2358,#2359,#2360,#2361,#2362,#2363),(#2364,#2365,#2366,#2367,#2368,
#2369),(#2370,#2371,#2372,#2373,#2374,#2375)),.UNSPECIFIED.,.F.,.F.,.F.,
(4,1,1,4),(4,1,1,4),(0.,0.285714285714286,0.571428571428571,1.),(2.21597474906953,
3.46805084772386,4.30276824682675,5.13748564592964),.UNSPECIFIED.);
#266=B_SPLINE_SURFACE_WITH_KNOTS('',3,3,((#2445,#2446,#2447,#2448,#2449,
#2450),(#2451,#2452,#2453,#2454,#2455,#2456),(#2457,#2458,#2459,#2460,#2461,
#2462),(#2463,#2464,#2465,#2466,#2467,#2468),(#2469,#2470,#2471,#2472,#2473,
#2474),(#2475,#2476,#2477,#2478,#2479,#2480)),.UNSPECIFIED.,.F.,.F.,.F.,
(4,1,1,4),(4,1,1,4),(0.,0.285714285714286,0.571428571428571,1.),(0.,0.0226149930369634,
0.0452299860739268,0.079152475629372),.UNSPECIFIED.);
#267=FACE_OUTER_BOUND('',#333,.T.);
#268=FACE_OUTER_BOUND('',#334,.T.);
#269=FACE_OUTER_BOUND('',#335,.T.);
#270=FACE_OUTER_BOUND('',#336,.T.);
#271=FACE_OUTER_BOUND('',#337,.T.);
#272=FACE_OUTER_BOUND('',#338,.T.);
#273=FACE_OUTER_BOUND('',#339,.T.);
#274=FACE_OUTER_BOUND('',#340,.T.);
#275=FACE_OUTER_BOUND('',#341,.T.);
#276=FACE_OUTER_BOUND('',#342,.T.);
#277=FACE_OUTER_BOUND('',#343,.T.);
#278=FACE_OUTER_BOUND('',#344,.T.);
#279=FACE_OUTER_BOUND('',#345,.T.);
#280=FACE_OUTER_BOUND('',#346,.T.);
#281=FACE_OUTER_BOUND('',#347,.T.);
#282=FACE_OUTER_BOUND('',#348,.T.);
#283=FACE_OUTER_BOUND('',#349,.T.);
#284=FACE_OUTER_BOUND('',#350,.T.);
#285=FACE_OUTER_BOUND('',#351,.T.);
#286=FACE_OUTER_BOUND('',#352,.T.);
#287=FACE_OUTER_BOUND('',#353,.T.);
#288=FACE_OUTER_BOUND('',#354,.T.);
#289=FACE_OUTER_BOUND('',#355,.T.);
#290=FACE_OUTER_BOUND('',#356,.T.);
#291=FACE_OUTER_BOUND('',#357,.T.);
#292=FACE_OUTER_BOUND('',#358,.T.);
#293=FACE_OUTER_BOUND('',#359,.T.);
#294=FACE_OUTER_BOUND('',#360,.T.);
#295=FACE_OUTER_BOUND('',#361,.T.);
#296=FACE_OUTER_BOUND('',#362,.T.);
#297=FACE_OUTER_BOUND('',#363,.T.);
#298=FACE_OUTER_BOUND('',#364,.T.);
#299=FACE_OUTER_BOUND('',#365,.T.);
#300=FACE_OUTER_BOUND('',#366,.T.);
#301=FACE_OUTER_BOUND('',#367,.T.);
#302=FACE_OUTER_BOUND('',#368,.T.);
#303=FACE_OUTER_BOUND('',#369,.T.);
#304=FACE_OUTER_BOUND('',#370,.T.);
#305=FACE_OUTER_BOUND('',#371,.T.);
#306=FACE_OUTER_BOUND('',#372,.T.);
#307=FACE_OUTER_BOUND('',#373,.T.);
#308=FACE_OUTER_BOUND('',#374,.T.);
#309=FACE_OUTER_BOUND('',#375,.T.);
#310=FACE_OUTER_BOUND('',#376,.T.);
#311=FACE_OUTER_BOUND('',#377,.T.);
#312=FACE_OUTER_BOUND('',#378,.T.);
#313=FACE_OUTER_BOUND('',#379,.T.);
#314=FACE_OUTER_BOUND('',#380,.T.);
#315=FACE_OUTER_BOUND('',#381,.T.);
#316=FACE_OUTER_BOUND('',#382,.T.);
#317=FACE_OUTER_BOUND('',#383,.T.);
#318=FACE_OUTER_BOUND('',#384,.T.);
#319=FACE_OUTER_BOUND('',#385,.T.);
#320=FACE_OUTER_BOUND('',#386,.T.);
#321=FACE_OUTER_BOUND('',#387,.T.);
#322=FACE_OUTER_BOUND('',#388,.T.);
#323=FACE_OUTER_BOUND('',#389,.T.);
#324=FACE_OUTER_BOUND('',#390,.T.);
#325=FACE_OUTER_BOUND('',#391,.T.);
#326=FACE_OUTER_BOUND('',#392,.T.);
#327=FACE_OUTER_BOUND('',#393,.T.);
#328=FACE_OUTER_BOUND('',#394,.T.);
#329=FACE_OUTER_BOUND('',#395,.T.);
#330=FACE_OUTER_BOUND('',#396,.T.);
#331=FACE_OUTER_BOUND('',#397,.T.);
#332=FACE_OUTER_BOUND('',#398,.T.);
#333=EDGE_LOOP('',(#771,#772,#773,#774));
#334=EDGE_LOOP('',(#775,#776,#777,#778));
#335=EDGE_LOOP('',(#779,#780,#781,#782));
#336=EDGE_LOOP('',(#783,#784,#785,#786,#787,#788,#789,#790,#791,#792,#793,
#794));
#337=EDGE_LOOP('',(#795,#796,#797,#798,#799));
#338=EDGE_LOOP('',(#800,#801,#802,#803));
#339=EDGE_LOOP('',(#804,#805,#806,#807));
#340=EDGE_LOOP('',(#808,#809,#810,#811));
#341=EDGE_LOOP('',(#812,#813,#814,#815));
#342=EDGE_LOOP('',(#816,#817,#818,#819,#820,#821));
#343=EDGE_LOOP('',(#822,#823,#824,#825));
#344=EDGE_LOOP('',(#826,#827,#828,#829));
#345=EDGE_LOOP('',(#830,#831,#832,#833));
#346=EDGE_LOOP('',(#834,#835,#836,#837,#838,#839));
#347=EDGE_LOOP('',(#840,#841,#842,#843,#844,#845,#846,#847,#848,#849,#850,
#851));
#348=EDGE_LOOP('',(#852,#853,#854,#855));
#349=EDGE_LOOP('',(#856,#857,#858,#859));
#350=EDGE_LOOP('',(#860,#861,#862,#863,#864));
#351=EDGE_LOOP('',(#865,#866,#867,#868,#869,#870));
#352=EDGE_LOOP('',(#871,#872,#873,#874,#875,#876,#877,#878,#879,#880,#881,
#882));
#353=EDGE_LOOP('',(#883,#884,#885,#886));
#354=EDGE_LOOP('',(#887,#888,#889,#890));
#355=EDGE_LOOP('',(#891,#892,#893,#894,#895,#896,#897,#898,#899,#900,#901,
#902));
#356=EDGE_LOOP('',(#903,#904,#905,#906));
#357=EDGE_LOOP('',(#907,#908,#909,#910,#911,#912));
#358=EDGE_LOOP('',(#913,#914,#915,#916,#917,#918));
#359=EDGE_LOOP('',(#919,#920,#921,#922));
#360=EDGE_LOOP('',(#923,#924,#925,#926,#927,#928));
#361=EDGE_LOOP('',(#929,#930,#931,#932));
#362=EDGE_LOOP('',(#933,#934,#935,#936));
#363=EDGE_LOOP('',(#937,#938,#939,#940));
#364=EDGE_LOOP('',(#941,#942,#943,#944));
#365=EDGE_LOOP('',(#945,#946,#947,#948,#949,#950));
#366=EDGE_LOOP('',(#951,#952,#953,#954));
#367=EDGE_LOOP('',(#955,#956,#957,#958,#959,#960));
#368=EDGE_LOOP('',(#961,#962,#963,#964));
#369=EDGE_LOOP('',(#965,#966,#967,#968));
#370=EDGE_LOOP('',(#969,#970,#971,#972,#973,#974));
#371=EDGE_LOOP('',(#975,#976,#977,#978));
#372=EDGE_LOOP('',(#979,#980,#981,#982));
#373=EDGE_LOOP('',(#983,#984,#985,#986,#987,#988,#989,#990,#991,#992,#993));
#374=EDGE_LOOP('',(#994,#995,#996,#997,#998,#999));
#375=EDGE_LOOP('',(#1000,#1001,#1002,#1003));
#376=EDGE_LOOP('',(#1004,#1005,#1006,#1007,#1008,#1009,#1010,#1011,#1012,
#1013,#1014,#1015));
#377=EDGE_LOOP('',(#1016,#1017,#1018,#1019));
#378=EDGE_LOOP('',(#1020,#1021,#1022,#1023,#1024,#1025,#1026,#1027,#1028,
#1029,#1030,#1031));
#379=EDGE_LOOP('',(#1032,#1033,#1034,#1035));
#380=EDGE_LOOP('',(#1036,#1037,#1038,#1039));
#381=EDGE_LOOP('',(#1040,#1041,#1042,#1043,#1044));
#382=EDGE_LOOP('',(#1045,#1046,#1047,#1048));
#383=EDGE_LOOP('',(#1049,#1050,#1051,#1052,#1053,#1054,#1055,#1056,#1057,
#1058,#1059,#1060));
#384=EDGE_LOOP('',(#1061,#1062,#1063,#1064));
#385=EDGE_LOOP('',(#1065,#1066,#1067,#1068));
#386=EDGE_LOOP('',(#1069,#1070,#1071,#1072));
#387=EDGE_LOOP('',(#1073,#1074,#1075,#1076,#1077,#1078));
#388=EDGE_LOOP('',(#1079,#1080,#1081,#1082));
#389=EDGE_LOOP('',(#1083,#1084,#1085,#1086,#1087,#1088));
#390=EDGE_LOOP('',(#1089,#1090,#1091,#1092));
#391=EDGE_LOOP('',(#1093,#1094,#1095,#1096));
#392=EDGE_LOOP('',(#1097,#1098,#1099,#1100));
#393=EDGE_LOOP('',(#1101,#1102,#1103,#1104));
#394=EDGE_LOOP('',(#1105,#1106,#1107,#1108,#1109,#1110));
#395=EDGE_LOOP('',(#1111,#1112,#1113,#1114));
#396=EDGE_LOOP('',(#1115,#1116,#1117,#1118,#1119,#1120));
#397=EDGE_LOOP('',(#1121,#1122,#1123,#1124));
#398=EDGE_LOOP('',(#1125,#1126,#1127,#1128));
#399=CIRCLE('',#1217,289.5);
#400=CIRCLE('',#1218,0.500000000000005);
#401=CIRCLE('',#1219,290.);
#402=CIRCLE('',#1220,0.500000000000026);
#403=CIRCLE('',#1222,289.5);
#404=CIRCLE('',#1223,289.5);
#405=CIRCLE('',#1224,289.5);
#406=CIRCLE('',#1227,289.5);
#407=CIRCLE('',#1228,0.500000000000003);
#408=CIRCLE('',#1229,0.499999999999992);
#409=CIRCLE('',#1231,290.);
#410=CIRCLE('',#1234,289.5);
#411=CIRCLE('',#1235,0.499999999999989);
#412=CIRCLE('',#1236,290.);
#413=CIRCLE('',#1237,0.5);
#414=CIRCLE('',#1240,289.5);
#415=CIRCLE('',#1241,289.5);
#416=CIRCLE('',#1243,290.);
#417=CIRCLE('',#1245,290.);
#418=CIRCLE('',#1274,0.499999999999986);
#419=CIRCLE('',#1275,0.499999999999997);
#420=CIRCLE('',#1277,290.);
#421=CIRCLE('',#1278,289.5);
#422=CIRCLE('',#1280,289.5);
#423=CIRCLE('',#1281,289.5);
#424=CIRCLE('',#1282,289.5);
#425=CIRCLE('',#1286,289.5);
#426=CIRCLE('',#1287,289.5);
#427=CIRCLE('',#1288,289.5);
#428=CIRCLE('',#1289,289.5);
#429=B_SPLINE_CURVE_WITH_KNOTS('',3,(#1621,#1622,#1623,#1624,#1625,#1626,
#1627,#1628,#1629,#1630),.UNSPECIFIED.,.F.,.F.,(4,2,2,2,4),(0.0773837324735794,
0.0981029094123488,0.117948619265373,0.136772078949105,0.154778849455966),
 .UNSPECIFIED.);
#430=B_SPLINE_CURVE_WITH_KNOTS('',3,(#1675,#1676,#1677,#1678,#1679,#1680),
 .UNSPECIFIED.,.F.,.F.,(4,1,1,4),(-0.0791525281329912,-0.0565375200949939,
-0.0339225120569966,-5.45643936864996E-16),.UNSPECIFIED.);
#431=B_SPLINE_CURVE_WITH_KNOTS('',3,(#1681,#1682,#1683,#1684,#1685,#1686),
 .UNSPECIFIED.,.F.,.F.,(4,1,1,4),(5.45643936864996E-16,0.0339225120569966,
0.0565375200949939,0.0791525281329912),.UNSPECIFIED.);
#432=B_SPLINE_CURVE_WITH_KNOTS('',3,(#1725,#1726,#1727,#1728,#1729,#1730,
#1731,#1732,#1733,#1734,#1735,#1736,#1737,#1738,#1739,#1740,#1741,#1742,
#1743,#1744,#1745,#1746,#1747,#1748,#1749,#1750,#1751,#1752,#1753,#1754,
#1755,#1756,#1757,#1758,#1759,#1760,#1761,#1762,#1763,#1764,#1765,#1766,
#1767),.UNSPECIFIED.,.F.,.F.,(4,3,3,3,3,3,3,3,3,3,3,3,3,3,4),(0.,0.00743349898144365,
0.0153087494375205,0.0184882212741558,0.0250175932921033,0.0331374608033182,
0.0395850872868609,0.0483329753589509,0.0515266029360989,0.0603206843334145,
0.0636966322046209,0.0727096327892369,0.0780634881628497,0.0864392525856526,
0.0922670494156588),.UNSPECIFIED.);
#433=B_SPLINE_CURVE_WITH_KNOTS('',3,(#1768,#1769,#1770,#1771,#1772,#1773),
 .UNSPECIFIED.,.F.,.F.,(4,1,1,4),(-2.06716517625769,-1.50437309856257,-0.902623859137541,
0.),.UNSPECIFIED.);
#434=B_SPLINE_CURVE_WITH_KNOTS('',3,(#1774,#1775,#1776,#1777,#1778,#1779),
 .UNSPECIFIED.,.F.,.F.,(4,1,1,4),(0.,0.902623859137541,1.50437309856257,
2.1061223379876),.UNSPECIFIED.);
#435=B_SPLINE_CURVE_WITH_KNOTS('',3,(#1790,#1791,#1792,#1793,#1794,#1795),
 .UNSPECIFIED.,.F.,.F.,(4,1,1,4),(0.,0.018637797976766,0.037275595953532,
0.0869763905582414),.UNSPECIFIED.);
#436=B_SPLINE_CURVE_WITH_KNOTS('',3,(#1797,#1798,#1799,#1800,#1801,#1802,
#1803),.UNSPECIFIED.,.F.,.F.,(4,1,1,1,4),(3.20118843311359,3.8076778120428,
4.43645159171405,4.75083848154967,5.37961226122092),.UNSPECIFIED.);
#437=B_SPLINE_CURVE_WITH_KNOTS('',3,(#1855,#1856,#1857,#1858,#1859,#1860,
#1861,#1862,#1863,#1864,#1865,#1866,#1867,#1868,#1869,#1870,#1871,#1872,
#1873,#1874,#1875,#1876,#1877,#1878,#1879,#1880,#1881,#1882,#1883,#1884,
#1885,#1886,#1887,#1888,#1889,#1890,#1891),.UNSPECIFIED.,.F.,.F.,(4,3,3,
3,3,3,3,3,3,3,3,3,4),(0.,0.00938464068805568,0.0189621406309079,0.0267366156483036,
0.0351771612121305,0.0429814806482808,0.0436177067759573,0.0481472827730683,
0.057134090448662,0.0653253284767544,0.0661208981242557,0.0748203653542192,
0.0833300706163408),.UNSPECIFIED.);
#438=B_SPLINE_CURVE_WITH_KNOTS('',3,(#1894,#1895,#1896,#1897,#1898,#1899,
#1900),.UNSPECIFIED.,.F.,.F.,(4,1,1,1,4),(-5.37961226122092,-4.75083848154967,
-4.43645159171405,-3.8076778120428,-3.17890403237155),.UNSPECIFIED.);
#439=B_SPLINE_CURVE_WITH_KNOTS('',3,(#1933,#1934,#1935,#1936,#1937,#1938),
 .UNSPECIFIED.,.F.,.F.,(4,1,1,4),(-0.0869763905582414,-0.037275595953532,
-0.018637797976766,0.),.UNSPECIFIED.);
#440=B_SPLINE_CURVE_WITH_KNOTS('',3,(#1941,#1942,#1943,#1944,#1945,#1946,
#1947,#1948,#1949,#1950),.UNSPECIFIED.,.F.,.F.,(4,2,2,2,4),(0.170907901632181,
0.187893487049506,0.207408024552668,0.230330030052639,0.256388386555068),
 .UNSPECIFIED.);
#441=B_SPLINE_CURVE_WITH_KNOTS('',3,(#1958,#1959,#1960,#1961,#1962,#1963,
#1964,#1965,#1966,#1967),.UNSPECIFIED.,.F.,.F.,(4,2,2,2,4),(0.427243219973657,
0.45330157647608,0.476223581976056,0.495738119479218,0.512723704896543),
 .UNSPECIFIED.);
#442=B_SPLINE_CURVE_WITH_KNOTS('',3,(#2008,#2009,#2010,#2011,#2012,#2013),
 .UNSPECIFIED.,.F.,.F.,(4,1,1,4),(-0.0869766506576735,-0.062126179041196,
-0.0372757074247184,-2.12467682865311E-15),.UNSPECIFIED.);
#443=B_SPLINE_CURVE_WITH_KNOTS('',3,(#2014,#2015,#2016,#2017,#2018,#2019),
 .UNSPECIFIED.,.F.,.F.,(4,1,1,4),(2.12467682865311E-15,0.0372757074247184,
0.062126179041196,0.0869766506576735),.UNSPECIFIED.);
#444=B_SPLINE_CURVE_WITH_KNOTS('',3,(#2057,#2058,#2059,#2060,#2061,#2062,
#2063,#2064,#2065,#2066,#2067,#2068,#2069,#2070,#2071,#2072,#2073,#2074,
#2075,#2076,#2077,#2078,#2079,#2080,#2081,#2082,#2083,#2084,#2085,#2086,
#2087,#2088,#2089,#2090),.UNSPECIFIED.,.F.,.F.,(4,3,3,3,3,3,3,3,3,3,3,4),
(0.,0.00804605416982784,0.0160921083396557,0.0239839715503551,0.0318758347610544,
0.0363963017270572,0.0437295712628811,0.0497264992383417,0.0576793985498468,
0.0632109754080299,0.0721337136024927,0.077399731698899),.UNSPECIFIED.);
#445=B_SPLINE_CURVE_WITH_KNOTS('',3,(#2091,#2092,#2093,#2094,#2095,#2096,
#2097),.UNSPECIFIED.,.F.,.F.,(4,1,1,1,4),(-2.20070822627296,-1.57193444733783,
-0.943160668402699,-0.628773778935133,-2.0231436717461E-16),
 .UNSPECIFIED.);
#446=B_SPLINE_CURVE_WITH_KNOTS('',3,(#2098,#2099,#2100,#2101,#2102,#2103,
#2104),.UNSPECIFIED.,.F.,.F.,(4,1,1,1,4),(2.0231436717461E-16,0.628773778935133,
0.943160668402699,1.57193444733783,2.17842378380864),.UNSPECIFIED.);
#447=B_SPLINE_CURVE_WITH_KNOTS('',3,(#2109,#2110,#2111,#2112,#2113,#2114,
#2115,#2116,#2117,#2118),.UNSPECIFIED.,.F.,.F.,(4,2,2,2,4),(0.165894023785542,
0.183171494545904,0.202478486612156,0.224463054603047,0.248859956269399),
 .UNSPECIFIED.);
#448=B_SPLINE_CURVE_WITH_KNOTS('',3,(#2127,#2128,#2129,#2130,#2131,#2132,
#2133,#2134,#2135,#2136),.UNSPECIFIED.,.F.,.F.,(4,2,2,2,4),(0.321914853750029,
0.353225178110611,0.39073254960123,0.432185216703567,0.473637883805903),
 .UNSPECIFIED.);
#449=B_SPLINE_CURVE_WITH_KNOTS('',3,(#2138,#2139,#2140,#2141,#2142,#2143,
#2144,#2145,#2146,#2147,#2148,#2149,#2150,#2151,#2152,#2153),
 .UNSPECIFIED.,.F.,.F.,(4,2,2,2,2,2,2,4),(2.80730185014495,3.05822319171494,
3.37511019820973,3.69199720470451,3.972551694552,4.25310618439948,4.53366067424697,
4.72128097626894),.UNSPECIFIED.);
#450=B_SPLINE_CURVE_WITH_KNOTS('',3,(#2159,#2160,#2161,#2162,#2163,#2164,
#2165,#2166,#2167,#2168),.UNSPECIFIED.,.F.,.F.,(4,2,2,2,4),(0.157006538903049,
0.174856933341778,0.193780360668575,0.214062143354363,0.235517764897294),
 .UNSPECIFIED.);
#451=B_SPLINE_CURVE_WITH_KNOTS('',3,(#2170,#2171,#2172,#2173,#2174,#2175,
#2176,#2177,#2178,#2179),.UNSPECIFIED.,.F.,.F.,(4,2,2,2,4),(0.0829280913016865,
0.107324992968038,0.129309560958929,0.148616553025181,0.165894023785543),
 .UNSPECIFIED.);
#452=B_SPLINE_CURVE_WITH_KNOTS('',3,(#2183,#2184,#2185,#2186,#2187,#2188,
#2189,#2190,#2191,#2192),.UNSPECIFIED.,.F.,.F.,(4,2,2,2,4),(0.0784953129088034,
0.0999509344517347,0.120232717137523,0.13915614446432,0.157006538903049),
 .UNSPECIFIED.);
#453=B_SPLINE_CURVE_WITH_KNOTS('',3,(#2212,#2213,#2214,#2215,#2216,#2217,
#2218,#2219,#2220,#2221,#2222,#2223,#2224,#2225,#2226,#2227,#2228,#2229,
#2230),.UNSPECIFIED.,.F.,.F.,(4,2,2,2,3,2,2,2,4),(-0.441453557991165,-0.365341576515212,
-0.236245883552685,-0.118122941776343,0.,0.114891012053024,0.229782024106047,
0.362112053155149,0.434342919797146),.UNSPECIFIED.);
#454=B_SPLINE_CURVE_WITH_KNOTS('',3,(#2238,#2239,#2240,#2241,#2242,#2243,
#2244,#2245,#2246,#2247,#2248,#2249,#2250,#2251,#2252),.UNSPECIFIED.,.F.,
 .F.,(4,2,2,3,2,2,4),(-0.325451829424192,-0.229782024106047,-0.114891012053024,
0.,0.114891012053023,0.229782024106047,0.325451829147891),.UNSPECIFIED.);
#455=B_SPLINE_CURVE_WITH_KNOTS('',3,(#2262,#2263,#2264,#2265,#2266,#2267,
#2268,#2269,#2270,#2271,#2272,#2273,#2274,#2275,#2276),.UNSPECIFIED.,.F.,
 .F.,(4,2,2,3,2,2,4),(-0.325451829424193,-0.229782024106047,-0.114891012053024,
0.,0.114891012053023,0.229782024106047,0.32545182914789),.UNSPECIFIED.);
#456=B_SPLINE_CURVE_WITH_KNOTS('',3,(#2284,#2285,#2286,#2287,#2288,#2289,
#2290,#2291,#2292,#2293,#2294,#2295,#2296,#2297,#2298,#2299,#2300,#2301,
#2302),.UNSPECIFIED.,.F.,.F.,(4,2,2,2,3,2,2,2,4),(-0.434342919797146,-0.362112053155149,
-0.229782024106047,-0.114891012053024,0.,0.118122941776343,0.236245883552687,
0.365341576515213,0.441453557991165),.UNSPECIFIED.);
#457=B_SPLINE_CURVE_WITH_KNOTS('',3,(#2378,#2379,#2380,#2381,#2382,#2383,
#2384,#2385),.UNSPECIFIED.,.F.,.F.,(4,2,2,4),(-0.00214432409021169,0.,0.267339897748613,
0.472043143053609),.UNSPECIFIED.);
#458=B_SPLINE_CURVE_WITH_KNOTS('',3,(#2387,#2388,#2389,#2390,#2391,#2392),
 .UNSPECIFIED.,.F.,.F.,(4,1,1,4),(2.21597474906953,3.46805084772386,4.30276824682675,
5.13748564592964),.UNSPECIFIED.);
#459=B_SPLINE_CURVE_WITH_KNOTS('',3,(#2396,#2397,#2398,#2399,#2400,#2401),
 .UNSPECIFIED.,.F.,.F.,(4,1,1,4),(-5.13748564592964,-4.30276824682675,-3.46805084772386,
-3.07005409057573),.UNSPECIFIED.);
#460=B_SPLINE_CURVE_WITH_KNOTS('',3,(#2403,#2404,#2405,#2406,#2407,#2408,
#2409,#2410,#2411,#2412,#2413,#2414,#2415,#2416,#2417,#2418,#2419,#2420,
#2421,#2422,#2423,#2424,#2425,#2426,#2427,#2428,#2429,#2430,#2431,#2432,
#2433,#2434,#2435,#2436),.UNSPECIFIED.,.F.,.F.,(4,3,3,3,3,3,3,3,3,3,3,4),
(0.,0.00833678628217593,0.0171250541482593,0.0239341450117626,0.032862308868633,
0.0408893481788547,0.0493283695694609,0.057767491006317,0.0657540037264061,
0.0674855805936809,0.0715014345985551,0.0772258174131586),.UNSPECIFIED.);
#461=B_SPLINE_CURVE_WITH_KNOTS('',3,(#2437,#2438,#2439,#2440,#2441,#2442,
#2443,#2444),.UNSPECIFIED.,.F.,.F.,(4,2,2,4),(0.0542033697284816,0.135497971309418,
0.409333138032471,0.411017824087068),.UNSPECIFIED.);
#462=B_SPLINE_CURVE_WITH_KNOTS('',3,(#2484,#2485,#2486,#2487,#2488,#2489),
 .UNSPECIFIED.,.F.,.F.,(4,1,1,4),(-0.079152475629372,-0.0452299860739268,
-0.0226149930369634,0.),.UNSPECIFIED.);
#463=B_SPLINE_CURVE_WITH_KNOTS('',3,(#2490,#2491,#2492,#2493,#2494,#2495),
 .UNSPECIFIED.,.F.,.F.,(4,1,1,4),(0.,0.0226149930369634,0.0452299860739268,
0.079152475629372),.UNSPECIFIED.);
#464=B_SPLINE_CURVE_WITH_KNOTS('',3,(#2499,#2500,#2501,#2502,#2503,#2504,
#2505,#2506,#2507,#2508),.UNSPECIFIED.,.F.,.F.,(4,2,2,2,4),(0.154778849455964,
0.172785619962825,0.191609079646557,0.211454789499581,0.232173966438351),
 .UNSPECIFIED.);
#465=B_SPLINE_CURVE_WITH_KNOTS('',3,(#2517,#2518,#2519,#2520,#2521,#2522,
#2523,#2524,#2525,#2526,#2527,#2528),.UNSPECIFIED.,.F.,.F.,(4,2,2,2,2,4),
(0.0931840198532008,0.281209101435374,0.562418202870748,1.1248364057415,
1.83683810036269,2.13075174536901),.UNSPECIFIED.);
#466=B_SPLINE_CURVE_WITH_KNOTS('',3,(#2530,#2531,#2532,#2533,#2534,#2535,
#2536,#2537,#2538,#2539),.UNSPECIFIED.,.F.,.F.,(4,2,2,2,4),(0.17326637502216,
0.222456745820129,0.271647116618097,0.308925636810536,0.339991346221707),
 .UNSPECIFIED.);
#467=B_SPLINE_CURVE_WITH_KNOTS('',3,(#2564,#2565,#2566,#2567,#2568,#2569,
#2570,#2571,#2572,#2573),.UNSPECIFIED.,.F.,.F.,(4,2,2,2,4),(0.352416967784244,
0.383482677195415,0.420761197387853,0.469951568185822,0.51914193898379),
 .UNSPECIFIED.);
#468=B_SPLINE_CURVE_WITH_KNOTS('',3,(#2575,#2576,#2577,#2578,#2579,#2580,
#2581,#2582,#2583,#2584,#2585,#2586),.UNSPECIFIED.,.F.,.F.,(4,2,2,2,2,4),
(7.95066172722266,8.24457537222898,8.95657706685018,9.51899526972093,9.8002043711563,
9.98822945273847),.UNSPECIFIED.);
#469=B_SPLINE_CURVE_WITH_KNOTS('',3,(#2594,#2595,#2596,#2597,#2598,#2599,
#2600,#2601,#2602,#2603,#2604,#2605,#2606,#2607,#2608,#2609),
 .UNSPECIFIED.,.F.,.F.,(4,2,2,2,2,2,2,4),(4.90714935191998,5.09476965394194,
5.37532414378943,5.65587863363691,5.9364331234844,6.25332012997919,6.57020713647397,
6.82112847804396),.UNSPECIFIED.);
#470=B_SPLINE_CURVE_WITH_KNOTS('',3,(#2611,#2612,#2613,#2614,#2615,#2616,
#2617,#2618,#2619,#2620),.UNSPECIFIED.,.F.,.F.,(4,2,2,2,4),(0.157804328452977,
0.199256995555313,0.24070966265765,0.278217034148269,0.309527358508851),
 .UNSPECIFIED.);
#471=B_SPLINE_CURVE_WITH_KNOTS('',3,(#2639,#2640,#2641,#2642,#2643,#2644,
#2645,#2646,#2647,#2648,#2649,#2650,#2651,#2652,#2653,#2654,#2655,#2656,
#2657),.UNSPECIFIED.,.F.,.F.,(4,2,2,2,3,2,2,2,4),(-0.441453557991165,-0.365341576515212,
-0.236245883552685,-0.118122941776343,0.,0.114891012053024,0.229782024106047,
0.362112053155149,0.434342919797146),.UNSPECIFIED.);
#472=B_SPLINE_CURVE_WITH_KNOTS('',3,(#2665,#2666,#2667,#2668,#2669,#2670,
#2671,#2672,#2673,#2674,#2675,#2676,#2677,#2678,#2679),.UNSPECIFIED.,.F.,
 .F.,(4,2,2,3,2,2,4),(-0.325451829424192,-0.229782024106047,-0.114891012053024,
0.,0.114891012053023,0.229782024106047,0.325451829147891),.UNSPECIFIED.);
#473=B_SPLINE_CURVE_WITH_KNOTS('',3,(#2695,#2696,#2697,#2698,#2699,#2700,
#2701,#2702,#2703,#2704,#2705,#2706,#2707,#2708,#2709),.UNSPECIFIED.,.F.,
 .F.,(4,2,2,3,2,2,4),(-0.325451829424193,-0.229782024106047,-0.114891012053024,
0.,0.114891012053023,0.229782024106047,0.32545182914789),.UNSPECIFIED.);
#474=B_SPLINE_CURVE_WITH_KNOTS('',3,(#2717,#2718,#2719,#2720,#2721,#2722,
#2723,#2724,#2725,#2726,#2727,#2728,#2729,#2730,#2731,#2732,#2733,#2734,
#2735),.UNSPECIFIED.,.F.,.F.,(4,2,2,2,3,2,2,2,4),(-0.434342919797146,-0.362112053155149,
-0.229782024106047,-0.114891012053024,0.,0.118122941776343,0.236245883552687,
0.365341576515213,0.441453557991165),.UNSPECIFIED.);
#475=VERTEX_POINT('',#1619);
#476=VERTEX_POINT('',#1620);
#477=VERTEX_POINT('',#1631);
#478=VERTEX_POINT('',#1633);
#479=VERTEX_POINT('',#1672);
#480=VERTEX_POINT('',#1673);
#481=VERTEX_POINT('',#1723);
#482=VERTEX_POINT('',#1724);
#483=VERTEX_POINT('',#1781);
#484=VERTEX_POINT('',#1783);
#485=VERTEX_POINT('',#1785);
#486=VERTEX_POINT('',#1787);
#487=VERTEX_POINT('',#1789);
#488=VERTEX_POINT('',#1796);
#489=VERTEX_POINT('',#1804);
#490=VERTEX_POINT('',#1806);
#491=VERTEX_POINT('',#1810);
#492=VERTEX_POINT('',#1812);
#493=VERTEX_POINT('',#1816);
#494=VERTEX_POINT('',#1854);
#495=VERTEX_POINT('',#1892);
#496=VERTEX_POINT('',#1931);
#497=VERTEX_POINT('',#1940);
#498=VERTEX_POINT('',#1953);
#499=VERTEX_POINT('',#1955);
#500=VERTEX_POINT('',#1957);
#501=VERTEX_POINT('',#1970);
#502=VERTEX_POINT('',#1972);
#503=VERTEX_POINT('',#2005);
#504=VERTEX_POINT('',#2006);
#505=VERTEX_POINT('',#2055);
#506=VERTEX_POINT('',#2056);
#507=VERTEX_POINT('',#2106);
#508=VERTEX_POINT('',#2108);
#509=VERTEX_POINT('',#2119);
#510=VERTEX_POINT('',#2121);
#511=VERTEX_POINT('',#2126);
#512=VERTEX_POINT('',#2137);
#513=VERTEX_POINT('',#2154);
#514=VERTEX_POINT('',#2158);
#515=VERTEX_POINT('',#2169);
#516=VERTEX_POINT('',#2182);
#517=VERTEX_POINT('',#2195);
#518=VERTEX_POINT('',#2197);
#519=VERTEX_POINT('',#2201);
#520=VERTEX_POINT('',#2203);
#521=VERTEX_POINT('',#2207);
#522=VERTEX_POINT('',#2209);
#523=VERTEX_POINT('',#2211);
#524=VERTEX_POINT('',#2231);
#525=VERTEX_POINT('',#2233);
#526=VERTEX_POINT('',#2235);
#527=VERTEX_POINT('',#2237);
#528=VERTEX_POINT('',#2259);
#529=VERTEX_POINT('',#2261);
#530=VERTEX_POINT('',#2277);
#531=VERTEX_POINT('',#2279);
#532=VERTEX_POINT('',#2281);
#533=VERTEX_POINT('',#2283);
#534=VERTEX_POINT('',#2307);
#535=VERTEX_POINT('',#2316);
#536=VERTEX_POINT('',#2318);
#537=VERTEX_POINT('',#2322);
#538=VERTEX_POINT('',#2327);
#539=VERTEX_POINT('',#2376);
#540=VERTEX_POINT('',#2377);
#541=VERTEX_POINT('',#2386);
#542=VERTEX_POINT('',#2393);
#543=VERTEX_POINT('',#2395);
#544=VERTEX_POINT('',#2402);
#545=VERTEX_POINT('',#2481);
#546=VERTEX_POINT('',#2482);
#547=VERTEX_POINT('',#2497);
#548=VERTEX_POINT('',#2498);
#549=VERTEX_POINT('',#2512);
#550=VERTEX_POINT('',#2514);
#551=VERTEX_POINT('',#2516);
#552=VERTEX_POINT('',#2529);
#553=VERTEX_POINT('',#2540);
#554=VERTEX_POINT('',#2542);
#555=VERTEX_POINT('',#2544);
#556=VERTEX_POINT('',#2548);
#557=VERTEX_POINT('',#2550);
#558=VERTEX_POINT('',#2554);
#559=VERTEX_POINT('',#2558);
#560=VERTEX_POINT('',#2559);
#561=VERTEX_POINT('',#2561);
#562=VERTEX_POINT('',#2563);
#563=VERTEX_POINT('',#2574);
#564=VERTEX_POINT('',#2587);
#565=VERTEX_POINT('',#2589);
#566=VERTEX_POINT('',#2591);
#567=VERTEX_POINT('',#2593);
#568=VERTEX_POINT('',#2610);
#569=VERTEX_POINT('',#2621);
#570=VERTEX_POINT('',#2623);
#571=VERTEX_POINT('',#2627);
#572=VERTEX_POINT('',#2629);
#573=VERTEX_POINT('',#2634);
#574=VERTEX_POINT('',#2636);
#575=VERTEX_POINT('',#2638);
#576=VERTEX_POINT('',#2658);
#577=VERTEX_POINT('',#2660);
#578=VERTEX_POINT('',#2662);
#579=VERTEX_POINT('',#2664);
#580=VERTEX_POINT('',#2690);
#581=VERTEX_POINT('',#2692);
#582=VERTEX_POINT('',#2694);
#583=VERTEX_POINT('',#2710);
#584=VERTEX_POINT('',#2712);
#585=VERTEX_POINT('',#2714);
#586=VERTEX_POINT('',#2716);
#587=VERTEX_POINT('',#2743);
#588=VERTEX_POINT('',#2751);
#589=VERTEX_POINT('',#2753);
#590=VERTEX_POINT('',#2759);
#591=VERTEX_POINT('',#2763);
#592=EDGE_CURVE('',#475,#476,#429,.T.);
#593=EDGE_CURVE('',#476,#477,#399,.T.);
#594=EDGE_CURVE('',#477,#478,#400,.T.);
#595=EDGE_CURVE('',#478,#475,#401,.T.);
#596=EDGE_CURVE('',#479,#480,#402,.T.);
#597=EDGE_CURVE('',#480,#478,#430,.T.);
#598=EDGE_CURVE('',#477,#479,#431,.T.);
#599=EDGE_CURVE('',#481,#482,#432,.T.);
#600=EDGE_CURVE('',#482,#480,#433,.T.);
#601=EDGE_CURVE('',#479,#481,#434,.T.);
#602=EDGE_CURVE('',#483,#476,#69,.T.);
#603=EDGE_CURVE('',#484,#483,#403,.T.);
#604=EDGE_CURVE('',#485,#484,#70,.T.);
#605=EDGE_CURVE('',#486,#485,#404,.T.);
#606=EDGE_CURVE('',#487,#486,#435,.T.);
#607=EDGE_CURVE('',#488,#487,#436,.T.);
#608=EDGE_CURVE('',#489,#488,#71,.T.);
#609=EDGE_CURVE('',#490,#489,#405,.T.);
#610=EDGE_CURVE('',#481,#490,#72,.T.);
#611=EDGE_CURVE('',#491,#475,#73,.T.);
#612=EDGE_CURVE('',#491,#492,#74,.T.);
#613=EDGE_CURVE('',#483,#492,#75,.T.);
#614=EDGE_CURVE('',#493,#478,#76,.T.);
#615=EDGE_CURVE('',#493,#491,#406,.T.);
#616=EDGE_CURVE('',#494,#488,#437,.T.);
#617=EDGE_CURVE('',#487,#495,#407,.T.);
#618=EDGE_CURVE('',#495,#494,#438,.T.);
#619=EDGE_CURVE('',#486,#496,#408,.T.);
#620=EDGE_CURVE('',#496,#495,#439,.T.);
#621=EDGE_CURVE('',#485,#497,#440,.T.);
#622=EDGE_CURVE('',#497,#496,#409,.T.);
#623=EDGE_CURVE('',#484,#498,#77,.T.);
#624=EDGE_CURVE('',#498,#499,#78,.T.);
#625=EDGE_CURVE('',#500,#499,#441,.T.);
#626=EDGE_CURVE('',#497,#500,#79,.T.);
#627=EDGE_CURVE('',#499,#501,#410,.T.);
#628=EDGE_CURVE('',#501,#502,#411,.T.);
#629=EDGE_CURVE('',#502,#500,#412,.T.);
#630=EDGE_CURVE('',#503,#504,#413,.T.);
#631=EDGE_CURVE('',#504,#502,#442,.T.);
#632=EDGE_CURVE('',#501,#503,#443,.T.);
#633=EDGE_CURVE('',#505,#506,#444,.T.);
#634=EDGE_CURVE('',#506,#504,#445,.T.);
#635=EDGE_CURVE('',#503,#505,#446,.T.);
#636=EDGE_CURVE('',#505,#507,#80,.T.);
#637=EDGE_CURVE('',#508,#507,#447,.F.);
#638=EDGE_CURVE('',#509,#508,#81,.T.);
#639=EDGE_CURVE('',#509,#510,#82,.T.);
#640=EDGE_CURVE('',#510,#506,#83,.T.);
#641=EDGE_CURVE('',#492,#498,#414,.T.);
#642=EDGE_CURVE('',#511,#493,#448,.T.);
#643=EDGE_CURVE('',#512,#511,#449,.T.);
#644=EDGE_CURVE('',#513,#512,#84,.T.);
#645=EDGE_CURVE('',#507,#513,#415,.T.);
#646=EDGE_CURVE('',#514,#490,#450,.F.);
#647=EDGE_CURVE('',#489,#515,#451,.F.);
#648=EDGE_CURVE('',#515,#514,#416,.T.);
#649=EDGE_CURVE('',#513,#516,#452,.F.);
#650=EDGE_CURVE('',#516,#508,#417,.T.);
#651=EDGE_CURVE('',#512,#517,#85,.T.);
#652=EDGE_CURVE('',#517,#518,#86,.T.);
#653=EDGE_CURVE('',#516,#518,#87,.T.);
#654=EDGE_CURVE('',#494,#519,#88,.T.);
#655=EDGE_CURVE('',#519,#520,#89,.T.);
#656=EDGE_CURVE('',#515,#520,#90,.T.);
#657=EDGE_CURVE('',#521,#482,#91,.T.);
#658=EDGE_CURVE('',#521,#522,#17,.T.);
#659=EDGE_CURVE('',#522,#523,#453,.T.);
#660=EDGE_CURVE('',#523,#524,#18,.T.);
#661=EDGE_CURVE('',#525,#524,#92,.T.);
#662=EDGE_CURVE('',#525,#526,#19,.T.);
#663=EDGE_CURVE('',#526,#527,#454,.T.);
#664=EDGE_CURVE('',#527,#517,#20,.T.);
#665=EDGE_CURVE('',#480,#511,#93,.T.);
#666=EDGE_CURVE('',#504,#495,#94,.T.);
#667=EDGE_CURVE('',#510,#528,#21,.T.);
#668=EDGE_CURVE('',#528,#529,#455,.T.);
#669=EDGE_CURVE('',#529,#530,#22,.T.);
#670=EDGE_CURVE('',#531,#530,#95,.T.);
#671=EDGE_CURVE('',#531,#532,#23,.T.);
#672=EDGE_CURVE('',#532,#533,#456,.T.);
#673=EDGE_CURVE('',#533,#519,#24,.T.);
#674=EDGE_CURVE('',#496,#502,#96,.T.);
#675=EDGE_CURVE('',#534,#514,#97,.T.);
#676=EDGE_CURVE('',#534,#521,#98,.T.);
#677=EDGE_CURVE('',#518,#509,#99,.T.);
#678=EDGE_CURVE('',#527,#528,#100,.T.);
#679=EDGE_CURVE('',#526,#529,#101,.T.);
#680=EDGE_CURVE('',#535,#525,#102,.T.);
#681=EDGE_CURVE('',#536,#535,#103,.T.);
#682=EDGE_CURVE('',#530,#536,#104,.T.);
#683=EDGE_CURVE('',#537,#536,#105,.T.);
#684=EDGE_CURVE('',#537,#531,#106,.T.);
#685=EDGE_CURVE('',#535,#538,#107,.T.);
#686=EDGE_CURVE('',#538,#537,#108,.T.);
#687=EDGE_CURVE('',#524,#538,#109,.T.);
#688=EDGE_CURVE('',#520,#534,#110,.T.);
#689=EDGE_CURVE('',#522,#533,#111,.T.);
#690=EDGE_CURVE('',#523,#532,#112,.T.);
#691=EDGE_CURVE('',#539,#540,#457,.T.);
#692=EDGE_CURVE('',#540,#541,#458,.T.);
#693=EDGE_CURVE('',#541,#542,#418,.T.);
#694=EDGE_CURVE('',#542,#543,#459,.T.);
#695=EDGE_CURVE('',#543,#544,#460,.T.);
#696=EDGE_CURVE('',#544,#539,#461,.T.);
#697=EDGE_CURVE('',#545,#546,#419,.T.);
#698=EDGE_CURVE('',#546,#542,#462,.T.);
#699=EDGE_CURVE('',#541,#545,#463,.T.);
#700=EDGE_CURVE('',#547,#548,#464,.T.);
#701=EDGE_CURVE('',#548,#546,#420,.T.);
#702=EDGE_CURVE('',#545,#547,#421,.T.);
#703=EDGE_CURVE('',#549,#540,#422,.T.);
#704=EDGE_CURVE('',#550,#549,#113,.T.);
#705=EDGE_CURVE('',#551,#550,#465,.T.);
#706=EDGE_CURVE('',#552,#551,#466,.T.);
#707=EDGE_CURVE('',#553,#552,#423,.T.);
#708=EDGE_CURVE('',#554,#553,#114,.T.);
#709=EDGE_CURVE('',#555,#554,#424,.T.);
#710=EDGE_CURVE('',#547,#555,#115,.T.);
#711=EDGE_CURVE('',#544,#556,#116,.T.);
#712=EDGE_CURVE('',#556,#557,#117,.T.);
#713=EDGE_CURVE('',#557,#549,#118,.T.);
#714=EDGE_CURVE('',#543,#558,#119,.T.);
#715=EDGE_CURVE('',#558,#556,#120,.T.);
#716=EDGE_CURVE('',#559,#560,#121,.T.);
#717=EDGE_CURVE('',#561,#559,#425,.T.);
#718=EDGE_CURVE('',#562,#561,#467,.T.);
#719=EDGE_CURVE('',#563,#562,#468,.T.);
#720=EDGE_CURVE('',#564,#563,#122,.T.);
#721=EDGE_CURVE('',#565,#564,#426,.T.);
#722=EDGE_CURVE('',#566,#565,#123,.T.);
#723=EDGE_CURVE('',#567,#566,#469,.T.);
#724=EDGE_CURVE('',#568,#567,#470,.T.);
#725=EDGE_CURVE('',#569,#568,#427,.T.);
#726=EDGE_CURVE('',#570,#569,#124,.T.);
#727=EDGE_CURVE('',#560,#570,#428,.T.);
#728=EDGE_CURVE('',#563,#571,#125,.T.);
#729=EDGE_CURVE('',#571,#572,#126,.T.);
#730=EDGE_CURVE('',#564,#572,#127,.T.);
#731=EDGE_CURVE('',#567,#542,#128,.T.);
#732=EDGE_CURVE('',#573,#566,#129,.T.);
#733=EDGE_CURVE('',#573,#574,#25,.T.);
#734=EDGE_CURVE('',#574,#575,#471,.T.);
#735=EDGE_CURVE('',#575,#576,#26,.T.);
#736=EDGE_CURVE('',#577,#576,#130,.T.);
#737=EDGE_CURVE('',#577,#578,#27,.T.);
#738=EDGE_CURVE('',#578,#579,#472,.T.);
#739=EDGE_CURVE('',#579,#558,#28,.T.);
#740=EDGE_CURVE('',#546,#568,#131,.T.);
#741=EDGE_CURVE('',#548,#569,#132,.T.);
#742=EDGE_CURVE('',#570,#555,#133,.T.);
#743=EDGE_CURVE('',#560,#554,#134,.T.);
#744=EDGE_CURVE('',#580,#550,#135,.T.);
#745=EDGE_CURVE('',#580,#581,#29,.T.);
#746=EDGE_CURVE('',#581,#582,#473,.T.);
#747=EDGE_CURVE('',#582,#583,#30,.T.);
#748=EDGE_CURVE('',#584,#583,#136,.T.);
#749=EDGE_CURVE('',#584,#585,#31,.T.);
#750=EDGE_CURVE('',#585,#586,#474,.T.);
#751=EDGE_CURVE('',#586,#571,#32,.T.);
#752=EDGE_CURVE('',#551,#562,#137,.T.);
#753=EDGE_CURVE('',#557,#580,#138,.T.);
#754=EDGE_CURVE('',#561,#552,#139,.T.);
#755=EDGE_CURVE('',#587,#565,#140,.T.);
#756=EDGE_CURVE('',#587,#573,#141,.T.);
#757=EDGE_CURVE('',#579,#581,#142,.T.);
#758=EDGE_CURVE('',#578,#582,#143,.T.);
#759=EDGE_CURVE('',#588,#577,#144,.T.);
#760=EDGE_CURVE('',#589,#588,#145,.T.);
#761=EDGE_CURVE('',#583,#589,#146,.T.);
#762=EDGE_CURVE('',#559,#553,#147,.T.);
#763=EDGE_CURVE('',#590,#589,#148,.T.);
#764=EDGE_CURVE('',#590,#584,#149,.T.);
#765=EDGE_CURVE('',#588,#591,#150,.T.);
#766=EDGE_CURVE('',#591,#590,#151,.T.);
#767=EDGE_CURVE('',#576,#591,#152,.T.);
#768=EDGE_CURVE('',#572,#587,#153,.T.);
#769=EDGE_CURVE('',#574,#586,#154,.T.);
#770=EDGE_CURVE('',#575,#585,#155,.T.);
#771=ORIENTED_EDGE('',*,*,#592,.T.);
#772=ORIENTED_EDGE('',*,*,#593,.T.);
#773=ORIENTED_EDGE('',*,*,#594,.T.);
#774=ORIENTED_EDGE('',*,*,#595,.T.);
#775=ORIENTED_EDGE('',*,*,#596,.T.);
#776=ORIENTED_EDGE('',*,*,#597,.T.);
#777=ORIENTED_EDGE('',*,*,#594,.F.);
#778=ORIENTED_EDGE('',*,*,#598,.T.);
#779=ORIENTED_EDGE('',*,*,#599,.T.);
#780=ORIENTED_EDGE('',*,*,#600,.T.);
#781=ORIENTED_EDGE('',*,*,#596,.F.);
#782=ORIENTED_EDGE('',*,*,#601,.T.);
#783=ORIENTED_EDGE('',*,*,#601,.F.);
#784=ORIENTED_EDGE('',*,*,#598,.F.);
#785=ORIENTED_EDGE('',*,*,#593,.F.);
#786=ORIENTED_EDGE('',*,*,#602,.F.);
#787=ORIENTED_EDGE('',*,*,#603,.F.);
#788=ORIENTED_EDGE('',*,*,#604,.F.);
#789=ORIENTED_EDGE('',*,*,#605,.F.);
#790=ORIENTED_EDGE('',*,*,#606,.F.);
#791=ORIENTED_EDGE('',*,*,#607,.F.);
#792=ORIENTED_EDGE('',*,*,#608,.F.);
#793=ORIENTED_EDGE('',*,*,#609,.F.);
#794=ORIENTED_EDGE('',*,*,#610,.F.);
#795=ORIENTED_EDGE('',*,*,#592,.F.);
#796=ORIENTED_EDGE('',*,*,#611,.F.);
#797=ORIENTED_EDGE('',*,*,#612,.T.);
#798=ORIENTED_EDGE('',*,*,#613,.F.);
#799=ORIENTED_EDGE('',*,*,#602,.T.);
#800=ORIENTED_EDGE('',*,*,#595,.F.);
#801=ORIENTED_EDGE('',*,*,#614,.F.);
#802=ORIENTED_EDGE('',*,*,#615,.T.);
#803=ORIENTED_EDGE('',*,*,#611,.T.);
#804=ORIENTED_EDGE('',*,*,#616,.T.);
#805=ORIENTED_EDGE('',*,*,#607,.T.);
#806=ORIENTED_EDGE('',*,*,#617,.T.);
#807=ORIENTED_EDGE('',*,*,#618,.T.);
#808=ORIENTED_EDGE('',*,*,#619,.T.);
#809=ORIENTED_EDGE('',*,*,#620,.T.);
#810=ORIENTED_EDGE('',*,*,#617,.F.);
#811=ORIENTED_EDGE('',*,*,#606,.T.);
#812=ORIENTED_EDGE('',*,*,#621,.T.);
#813=ORIENTED_EDGE('',*,*,#622,.T.);
#814=ORIENTED_EDGE('',*,*,#619,.F.);
#815=ORIENTED_EDGE('',*,*,#605,.T.);
#816=ORIENTED_EDGE('',*,*,#621,.F.);
#817=ORIENTED_EDGE('',*,*,#604,.T.);
#818=ORIENTED_EDGE('',*,*,#623,.T.);
#819=ORIENTED_EDGE('',*,*,#624,.T.);
#820=ORIENTED_EDGE('',*,*,#625,.F.);
#821=ORIENTED_EDGE('',*,*,#626,.F.);
#822=ORIENTED_EDGE('',*,*,#625,.T.);
#823=ORIENTED_EDGE('',*,*,#627,.T.);
#824=ORIENTED_EDGE('',*,*,#628,.T.);
#825=ORIENTED_EDGE('',*,*,#629,.T.);
#826=ORIENTED_EDGE('',*,*,#630,.T.);
#827=ORIENTED_EDGE('',*,*,#631,.T.);
#828=ORIENTED_EDGE('',*,*,#628,.F.);
#829=ORIENTED_EDGE('',*,*,#632,.T.);
#830=ORIENTED_EDGE('',*,*,#633,.T.);
#831=ORIENTED_EDGE('',*,*,#634,.T.);
#832=ORIENTED_EDGE('',*,*,#630,.F.);
#833=ORIENTED_EDGE('',*,*,#635,.T.);
#834=ORIENTED_EDGE('',*,*,#633,.F.);
#835=ORIENTED_EDGE('',*,*,#636,.T.);
#836=ORIENTED_EDGE('',*,*,#637,.F.);
#837=ORIENTED_EDGE('',*,*,#638,.F.);
#838=ORIENTED_EDGE('',*,*,#639,.T.);
#839=ORIENTED_EDGE('',*,*,#640,.T.);
#840=ORIENTED_EDGE('',*,*,#635,.F.);
#841=ORIENTED_EDGE('',*,*,#632,.F.);
#842=ORIENTED_EDGE('',*,*,#627,.F.);
#843=ORIENTED_EDGE('',*,*,#624,.F.);
#844=ORIENTED_EDGE('',*,*,#641,.F.);
#845=ORIENTED_EDGE('',*,*,#612,.F.);
#846=ORIENTED_EDGE('',*,*,#615,.F.);
#847=ORIENTED_EDGE('',*,*,#642,.F.);
#848=ORIENTED_EDGE('',*,*,#643,.F.);
#849=ORIENTED_EDGE('',*,*,#644,.F.);
#850=ORIENTED_EDGE('',*,*,#645,.F.);
#851=ORIENTED_EDGE('',*,*,#636,.F.);
#852=ORIENTED_EDGE('',*,*,#646,.T.);
#853=ORIENTED_EDGE('',*,*,#609,.T.);
#854=ORIENTED_EDGE('',*,*,#647,.T.);
#855=ORIENTED_EDGE('',*,*,#648,.T.);
#856=ORIENTED_EDGE('',*,*,#637,.T.);
#857=ORIENTED_EDGE('',*,*,#645,.T.);
#858=ORIENTED_EDGE('',*,*,#649,.T.);
#859=ORIENTED_EDGE('',*,*,#650,.T.);
#860=ORIENTED_EDGE('',*,*,#644,.T.);
#861=ORIENTED_EDGE('',*,*,#651,.T.);
#862=ORIENTED_EDGE('',*,*,#652,.T.);
#863=ORIENTED_EDGE('',*,*,#653,.F.);
#864=ORIENTED_EDGE('',*,*,#649,.F.);
#865=ORIENTED_EDGE('',*,*,#616,.F.);
#866=ORIENTED_EDGE('',*,*,#654,.T.);
#867=ORIENTED_EDGE('',*,*,#655,.T.);
#868=ORIENTED_EDGE('',*,*,#656,.F.);
#869=ORIENTED_EDGE('',*,*,#647,.F.);
#870=ORIENTED_EDGE('',*,*,#608,.T.);
#871=ORIENTED_EDGE('',*,*,#600,.F.);
#872=ORIENTED_EDGE('',*,*,#657,.F.);
#873=ORIENTED_EDGE('',*,*,#658,.T.);
#874=ORIENTED_EDGE('',*,*,#659,.T.);
#875=ORIENTED_EDGE('',*,*,#660,.T.);
#876=ORIENTED_EDGE('',*,*,#661,.F.);
#877=ORIENTED_EDGE('',*,*,#662,.T.);
#878=ORIENTED_EDGE('',*,*,#663,.T.);
#879=ORIENTED_EDGE('',*,*,#664,.T.);
#880=ORIENTED_EDGE('',*,*,#651,.F.);
#881=ORIENTED_EDGE('',*,*,#643,.T.);
#882=ORIENTED_EDGE('',*,*,#665,.F.);
#883=ORIENTED_EDGE('',*,*,#597,.F.);
#884=ORIENTED_EDGE('',*,*,#665,.T.);
#885=ORIENTED_EDGE('',*,*,#642,.T.);
#886=ORIENTED_EDGE('',*,*,#614,.T.);
#887=ORIENTED_EDGE('',*,*,#641,.T.);
#888=ORIENTED_EDGE('',*,*,#623,.F.);
#889=ORIENTED_EDGE('',*,*,#603,.T.);
#890=ORIENTED_EDGE('',*,*,#613,.T.);
#891=ORIENTED_EDGE('',*,*,#618,.F.);
#892=ORIENTED_EDGE('',*,*,#666,.F.);
#893=ORIENTED_EDGE('',*,*,#634,.F.);
#894=ORIENTED_EDGE('',*,*,#640,.F.);
#895=ORIENTED_EDGE('',*,*,#667,.T.);
#896=ORIENTED_EDGE('',*,*,#668,.T.);
#897=ORIENTED_EDGE('',*,*,#669,.T.);
#898=ORIENTED_EDGE('',*,*,#670,.F.);
#899=ORIENTED_EDGE('',*,*,#671,.T.);
#900=ORIENTED_EDGE('',*,*,#672,.T.);
#901=ORIENTED_EDGE('',*,*,#673,.T.);
#902=ORIENTED_EDGE('',*,*,#654,.F.);
#903=ORIENTED_EDGE('',*,*,#620,.F.);
#904=ORIENTED_EDGE('',*,*,#674,.T.);
#905=ORIENTED_EDGE('',*,*,#631,.F.);
#906=ORIENTED_EDGE('',*,*,#666,.T.);
#907=ORIENTED_EDGE('',*,*,#599,.F.);
#908=ORIENTED_EDGE('',*,*,#610,.T.);
#909=ORIENTED_EDGE('',*,*,#646,.F.);
#910=ORIENTED_EDGE('',*,*,#675,.F.);
#911=ORIENTED_EDGE('',*,*,#676,.T.);
#912=ORIENTED_EDGE('',*,*,#657,.T.);
#913=ORIENTED_EDGE('',*,*,#667,.F.);
#914=ORIENTED_EDGE('',*,*,#639,.F.);
#915=ORIENTED_EDGE('',*,*,#677,.F.);
#916=ORIENTED_EDGE('',*,*,#652,.F.);
#917=ORIENTED_EDGE('',*,*,#664,.F.);
#918=ORIENTED_EDGE('',*,*,#678,.T.);
#919=ORIENTED_EDGE('',*,*,#668,.F.);
#920=ORIENTED_EDGE('',*,*,#678,.F.);
#921=ORIENTED_EDGE('',*,*,#663,.F.);
#922=ORIENTED_EDGE('',*,*,#679,.T.);
#923=ORIENTED_EDGE('',*,*,#669,.F.);
#924=ORIENTED_EDGE('',*,*,#679,.F.);
#925=ORIENTED_EDGE('',*,*,#662,.F.);
#926=ORIENTED_EDGE('',*,*,#680,.F.);
#927=ORIENTED_EDGE('',*,*,#681,.F.);
#928=ORIENTED_EDGE('',*,*,#682,.F.);
#929=ORIENTED_EDGE('',*,*,#682,.T.);
#930=ORIENTED_EDGE('',*,*,#683,.F.);
#931=ORIENTED_EDGE('',*,*,#684,.T.);
#932=ORIENTED_EDGE('',*,*,#670,.T.);
#933=ORIENTED_EDGE('',*,*,#650,.F.);
#934=ORIENTED_EDGE('',*,*,#653,.T.);
#935=ORIENTED_EDGE('',*,*,#677,.T.);
#936=ORIENTED_EDGE('',*,*,#638,.T.);
#937=ORIENTED_EDGE('',*,*,#681,.T.);
#938=ORIENTED_EDGE('',*,*,#685,.T.);
#939=ORIENTED_EDGE('',*,*,#686,.T.);
#940=ORIENTED_EDGE('',*,*,#683,.T.);
#941=ORIENTED_EDGE('',*,*,#680,.T.);
#942=ORIENTED_EDGE('',*,*,#661,.T.);
#943=ORIENTED_EDGE('',*,*,#687,.T.);
#944=ORIENTED_EDGE('',*,*,#685,.F.);
#945=ORIENTED_EDGE('',*,*,#658,.F.);
#946=ORIENTED_EDGE('',*,*,#676,.F.);
#947=ORIENTED_EDGE('',*,*,#688,.F.);
#948=ORIENTED_EDGE('',*,*,#655,.F.);
#949=ORIENTED_EDGE('',*,*,#673,.F.);
#950=ORIENTED_EDGE('',*,*,#689,.F.);
#951=ORIENTED_EDGE('',*,*,#659,.F.);
#952=ORIENTED_EDGE('',*,*,#689,.T.);
#953=ORIENTED_EDGE('',*,*,#672,.F.);
#954=ORIENTED_EDGE('',*,*,#690,.F.);
#955=ORIENTED_EDGE('',*,*,#660,.F.);
#956=ORIENTED_EDGE('',*,*,#690,.T.);
#957=ORIENTED_EDGE('',*,*,#671,.F.);
#958=ORIENTED_EDGE('',*,*,#684,.F.);
#959=ORIENTED_EDGE('',*,*,#686,.F.);
#960=ORIENTED_EDGE('',*,*,#687,.F.);
#961=ORIENTED_EDGE('',*,*,#648,.F.);
#962=ORIENTED_EDGE('',*,*,#656,.T.);
#963=ORIENTED_EDGE('',*,*,#688,.T.);
#964=ORIENTED_EDGE('',*,*,#675,.T.);
#965=ORIENTED_EDGE('',*,*,#622,.F.);
#966=ORIENTED_EDGE('',*,*,#626,.T.);
#967=ORIENTED_EDGE('',*,*,#629,.F.);
#968=ORIENTED_EDGE('',*,*,#674,.F.);
#969=ORIENTED_EDGE('',*,*,#691,.T.);
#970=ORIENTED_EDGE('',*,*,#692,.T.);
#971=ORIENTED_EDGE('',*,*,#693,.T.);
#972=ORIENTED_EDGE('',*,*,#694,.T.);
#973=ORIENTED_EDGE('',*,*,#695,.T.);
#974=ORIENTED_EDGE('',*,*,#696,.T.);
#975=ORIENTED_EDGE('',*,*,#697,.T.);
#976=ORIENTED_EDGE('',*,*,#698,.T.);
#977=ORIENTED_EDGE('',*,*,#693,.F.);
#978=ORIENTED_EDGE('',*,*,#699,.T.);
#979=ORIENTED_EDGE('',*,*,#700,.T.);
#980=ORIENTED_EDGE('',*,*,#701,.T.);
#981=ORIENTED_EDGE('',*,*,#697,.F.);
#982=ORIENTED_EDGE('',*,*,#702,.T.);
#983=ORIENTED_EDGE('',*,*,#702,.F.);
#984=ORIENTED_EDGE('',*,*,#699,.F.);
#985=ORIENTED_EDGE('',*,*,#692,.F.);
#986=ORIENTED_EDGE('',*,*,#703,.F.);
#987=ORIENTED_EDGE('',*,*,#704,.F.);
#988=ORIENTED_EDGE('',*,*,#705,.F.);
#989=ORIENTED_EDGE('',*,*,#706,.F.);
#990=ORIENTED_EDGE('',*,*,#707,.F.);
#991=ORIENTED_EDGE('',*,*,#708,.F.);
#992=ORIENTED_EDGE('',*,*,#709,.F.);
#993=ORIENTED_EDGE('',*,*,#710,.F.);
#994=ORIENTED_EDGE('',*,*,#691,.F.);
#995=ORIENTED_EDGE('',*,*,#696,.F.);
#996=ORIENTED_EDGE('',*,*,#711,.T.);
#997=ORIENTED_EDGE('',*,*,#712,.T.);
#998=ORIENTED_EDGE('',*,*,#713,.T.);
#999=ORIENTED_EDGE('',*,*,#703,.T.);
#1000=ORIENTED_EDGE('',*,*,#695,.F.);
#1001=ORIENTED_EDGE('',*,*,#714,.T.);
#1002=ORIENTED_EDGE('',*,*,#715,.T.);
#1003=ORIENTED_EDGE('',*,*,#711,.F.);
#1004=ORIENTED_EDGE('',*,*,#716,.F.);
#1005=ORIENTED_EDGE('',*,*,#717,.F.);
#1006=ORIENTED_EDGE('',*,*,#718,.F.);
#1007=ORIENTED_EDGE('',*,*,#719,.F.);
#1008=ORIENTED_EDGE('',*,*,#720,.F.);
#1009=ORIENTED_EDGE('',*,*,#721,.F.);
#1010=ORIENTED_EDGE('',*,*,#722,.F.);
#1011=ORIENTED_EDGE('',*,*,#723,.F.);
#1012=ORIENTED_EDGE('',*,*,#724,.F.);
#1013=ORIENTED_EDGE('',*,*,#725,.F.);
#1014=ORIENTED_EDGE('',*,*,#726,.F.);
#1015=ORIENTED_EDGE('',*,*,#727,.F.);
#1016=ORIENTED_EDGE('',*,*,#720,.T.);
#1017=ORIENTED_EDGE('',*,*,#728,.T.);
#1018=ORIENTED_EDGE('',*,*,#729,.T.);
#1019=ORIENTED_EDGE('',*,*,#730,.F.);
#1020=ORIENTED_EDGE('',*,*,#694,.F.);
#1021=ORIENTED_EDGE('',*,*,#731,.F.);
#1022=ORIENTED_EDGE('',*,*,#723,.T.);
#1023=ORIENTED_EDGE('',*,*,#732,.F.);
#1024=ORIENTED_EDGE('',*,*,#733,.T.);
#1025=ORIENTED_EDGE('',*,*,#734,.T.);
#1026=ORIENTED_EDGE('',*,*,#735,.T.);
#1027=ORIENTED_EDGE('',*,*,#736,.F.);
#1028=ORIENTED_EDGE('',*,*,#737,.T.);
#1029=ORIENTED_EDGE('',*,*,#738,.T.);
#1030=ORIENTED_EDGE('',*,*,#739,.T.);
#1031=ORIENTED_EDGE('',*,*,#714,.F.);
#1032=ORIENTED_EDGE('',*,*,#698,.F.);
#1033=ORIENTED_EDGE('',*,*,#740,.T.);
#1034=ORIENTED_EDGE('',*,*,#724,.T.);
#1035=ORIENTED_EDGE('',*,*,#731,.T.);
#1036=ORIENTED_EDGE('',*,*,#701,.F.);
#1037=ORIENTED_EDGE('',*,*,#741,.T.);
#1038=ORIENTED_EDGE('',*,*,#725,.T.);
#1039=ORIENTED_EDGE('',*,*,#740,.F.);
#1040=ORIENTED_EDGE('',*,*,#700,.F.);
#1041=ORIENTED_EDGE('',*,*,#710,.T.);
#1042=ORIENTED_EDGE('',*,*,#742,.F.);
#1043=ORIENTED_EDGE('',*,*,#726,.T.);
#1044=ORIENTED_EDGE('',*,*,#741,.F.);
#1045=ORIENTED_EDGE('',*,*,#709,.T.);
#1046=ORIENTED_EDGE('',*,*,#743,.F.);
#1047=ORIENTED_EDGE('',*,*,#727,.T.);
#1048=ORIENTED_EDGE('',*,*,#742,.T.);
#1049=ORIENTED_EDGE('',*,*,#705,.T.);
#1050=ORIENTED_EDGE('',*,*,#744,.F.);
#1051=ORIENTED_EDGE('',*,*,#745,.T.);
#1052=ORIENTED_EDGE('',*,*,#746,.T.);
#1053=ORIENTED_EDGE('',*,*,#747,.T.);
#1054=ORIENTED_EDGE('',*,*,#748,.F.);
#1055=ORIENTED_EDGE('',*,*,#749,.T.);
#1056=ORIENTED_EDGE('',*,*,#750,.T.);
#1057=ORIENTED_EDGE('',*,*,#751,.T.);
#1058=ORIENTED_EDGE('',*,*,#728,.F.);
#1059=ORIENTED_EDGE('',*,*,#719,.T.);
#1060=ORIENTED_EDGE('',*,*,#752,.F.);
#1061=ORIENTED_EDGE('',*,*,#704,.T.);
#1062=ORIENTED_EDGE('',*,*,#713,.F.);
#1063=ORIENTED_EDGE('',*,*,#753,.T.);
#1064=ORIENTED_EDGE('',*,*,#744,.T.);
#1065=ORIENTED_EDGE('',*,*,#706,.T.);
#1066=ORIENTED_EDGE('',*,*,#752,.T.);
#1067=ORIENTED_EDGE('',*,*,#718,.T.);
#1068=ORIENTED_EDGE('',*,*,#754,.T.);
#1069=ORIENTED_EDGE('',*,*,#722,.T.);
#1070=ORIENTED_EDGE('',*,*,#755,.F.);
#1071=ORIENTED_EDGE('',*,*,#756,.T.);
#1072=ORIENTED_EDGE('',*,*,#732,.T.);
#1073=ORIENTED_EDGE('',*,*,#745,.F.);
#1074=ORIENTED_EDGE('',*,*,#753,.F.);
#1075=ORIENTED_EDGE('',*,*,#712,.F.);
#1076=ORIENTED_EDGE('',*,*,#715,.F.);
#1077=ORIENTED_EDGE('',*,*,#739,.F.);
#1078=ORIENTED_EDGE('',*,*,#757,.T.);
#1079=ORIENTED_EDGE('',*,*,#746,.F.);
#1080=ORIENTED_EDGE('',*,*,#757,.F.);
#1081=ORIENTED_EDGE('',*,*,#738,.F.);
#1082=ORIENTED_EDGE('',*,*,#758,.T.);
#1083=ORIENTED_EDGE('',*,*,#747,.F.);
#1084=ORIENTED_EDGE('',*,*,#758,.F.);
#1085=ORIENTED_EDGE('',*,*,#737,.F.);
#1086=ORIENTED_EDGE('',*,*,#759,.F.);
#1087=ORIENTED_EDGE('',*,*,#760,.F.);
#1088=ORIENTED_EDGE('',*,*,#761,.F.);
#1089=ORIENTED_EDGE('',*,*,#708,.T.);
#1090=ORIENTED_EDGE('',*,*,#762,.F.);
#1091=ORIENTED_EDGE('',*,*,#716,.T.);
#1092=ORIENTED_EDGE('',*,*,#743,.T.);
#1093=ORIENTED_EDGE('',*,*,#761,.T.);
#1094=ORIENTED_EDGE('',*,*,#763,.F.);
#1095=ORIENTED_EDGE('',*,*,#764,.T.);
#1096=ORIENTED_EDGE('',*,*,#748,.T.);
#1097=ORIENTED_EDGE('',*,*,#760,.T.);
#1098=ORIENTED_EDGE('',*,*,#765,.T.);
#1099=ORIENTED_EDGE('',*,*,#766,.T.);
#1100=ORIENTED_EDGE('',*,*,#763,.T.);
#1101=ORIENTED_EDGE('',*,*,#759,.T.);
#1102=ORIENTED_EDGE('',*,*,#736,.T.);
#1103=ORIENTED_EDGE('',*,*,#767,.T.);
#1104=ORIENTED_EDGE('',*,*,#765,.F.);
#1105=ORIENTED_EDGE('',*,*,#733,.F.);
#1106=ORIENTED_EDGE('',*,*,#756,.F.);
#1107=ORIENTED_EDGE('',*,*,#768,.F.);
#1108=ORIENTED_EDGE('',*,*,#729,.F.);
#1109=ORIENTED_EDGE('',*,*,#751,.F.);
#1110=ORIENTED_EDGE('',*,*,#769,.F.);
#1111=ORIENTED_EDGE('',*,*,#734,.F.);
#1112=ORIENTED_EDGE('',*,*,#769,.T.);
#1113=ORIENTED_EDGE('',*,*,#750,.F.);
#1114=ORIENTED_EDGE('',*,*,#770,.F.);
#1115=ORIENTED_EDGE('',*,*,#735,.F.);
#1116=ORIENTED_EDGE('',*,*,#770,.T.);
#1117=ORIENTED_EDGE('',*,*,#749,.F.);
#1118=ORIENTED_EDGE('',*,*,#764,.F.);
#1119=ORIENTED_EDGE('',*,*,#766,.F.);
#1120=ORIENTED_EDGE('',*,*,#767,.F.);
#1121=ORIENTED_EDGE('',*,*,#721,.T.);
#1122=ORIENTED_EDGE('',*,*,#730,.T.);
#1123=ORIENTED_EDGE('',*,*,#768,.T.);
#1124=ORIENTED_EDGE('',*,*,#755,.T.);
#1125=ORIENTED_EDGE('',*,*,#707,.T.);
#1126=ORIENTED_EDGE('',*,*,#754,.F.);
#1127=ORIENTED_EDGE('',*,*,#717,.T.);
#1128=ORIENTED_EDGE('',*,*,#762,.T.);
#1129=TOROIDAL_SURFACE('',#1216,290.,0.5);
#1130=TOROIDAL_SURFACE('',#1230,290.,0.5);
#1131=TOROIDAL_SURFACE('',#1233,290.,0.5);
#1132=TOROIDAL_SURFACE('',#1242,290.,0.5);
#1133=TOROIDAL_SURFACE('',#1244,290.,0.5);
#1134=TOROIDAL_SURFACE('',#1276,290.,0.5);
#1135=ADVANCED_FACE('',(#267),#1129,.T.);
#1136=ADVANCED_FACE('',(#268),#259,.F.);
#1137=ADVANCED_FACE('',(#269),#260,.F.);
#1138=ADVANCED_FACE('',(#270),#243,.F.);
#1139=ADVANCED_FACE('',(#271),#33,.T.);
#1140=ADVANCED_FACE('',(#272),#34,.T.);
#1141=ADVANCED_FACE('',(#273),#261,.F.);
#1142=ADVANCED_FACE('',(#274),#262,.F.);
#1143=ADVANCED_FACE('',(#275),#1130,.T.);
#1144=ADVANCED_FACE('',(#276),#35,.T.);
#1145=ADVANCED_FACE('',(#277),#1131,.T.);
#1146=ADVANCED_FACE('',(#278),#263,.F.);
#1147=ADVANCED_FACE('',(#279),#264,.F.);
#1148=ADVANCED_FACE('',(#280),#36,.T.);
#1149=ADVANCED_FACE('',(#281),#244,.F.);
#1150=ADVANCED_FACE('',(#282),#1132,.T.);
#1151=ADVANCED_FACE('',(#283),#1133,.T.);
#1152=ADVANCED_FACE('',(#284),#37,.T.);
#1153=ADVANCED_FACE('',(#285),#38,.T.);
#1154=ADVANCED_FACE('',(#286),#245,.F.);
#1155=ADVANCED_FACE('',(#287),#246,.T.);
#1156=ADVANCED_FACE('',(#288),#39,.F.);
#1157=ADVANCED_FACE('',(#289),#247,.F.);
#1158=ADVANCED_FACE('',(#290),#248,.T.);
#1159=ADVANCED_FACE('',(#291),#40,.T.);
#1160=ADVANCED_FACE('',(#292),#41,.T.);
#1161=ADVANCED_FACE('',(#293),#249,.T.);
#1162=ADVANCED_FACE('',(#294),#42,.T.);
#1163=ADVANCED_FACE('',(#295),#43,.T.);
#1164=ADVANCED_FACE('',(#296),#44,.T.);
#1165=ADVANCED_FACE('',(#297),#45,.T.);
#1166=ADVANCED_FACE('',(#298),#46,.T.);
#1167=ADVANCED_FACE('',(#299),#47,.T.);
#1168=ADVANCED_FACE('',(#300),#250,.T.);
#1169=ADVANCED_FACE('',(#301),#48,.T.);
#1170=ADVANCED_FACE('',(#302),#49,.T.);
#1171=ADVANCED_FACE('',(#303),#50,.T.);
#1172=ADVANCED_FACE('',(#304),#265,.F.);
#1173=ADVANCED_FACE('',(#305),#266,.F.);
#1174=ADVANCED_FACE('',(#306),#1134,.T.);
#1175=ADVANCED_FACE('',(#307),#251,.F.);
#1176=ADVANCED_FACE('',(#308),#51,.T.);
#1177=ADVANCED_FACE('',(#309),#52,.T.);
#1178=ADVANCED_FACE('',(#310),#252,.F.);
#1179=ADVANCED_FACE('',(#311),#53,.T.);
#1180=ADVANCED_FACE('',(#312),#253,.F.);
#1181=ADVANCED_FACE('',(#313),#254,.T.);
#1182=ADVANCED_FACE('',(#314),#54,.T.);
#1183=ADVANCED_FACE('',(#315),#55,.T.);
#1184=ADVANCED_FACE('',(#316),#56,.F.);
#1185=ADVANCED_FACE('',(#317),#255,.F.);
#1186=ADVANCED_FACE('',(#318),#57,.T.);
#1187=ADVANCED_FACE('',(#319),#256,.T.);
#1188=ADVANCED_FACE('',(#320),#58,.T.);
#1189=ADVANCED_FACE('',(#321),#59,.T.);
#1190=ADVANCED_FACE('',(#322),#257,.T.);
#1191=ADVANCED_FACE('',(#323),#60,.T.);
#1192=ADVANCED_FACE('',(#324),#61,.T.);
#1193=ADVANCED_FACE('',(#325),#62,.T.);
#1194=ADVANCED_FACE('',(#326),#63,.T.);
#1195=ADVANCED_FACE('',(#327),#64,.T.);
#1196=ADVANCED_FACE('',(#328),#65,.T.);
#1197=ADVANCED_FACE('',(#329),#258,.T.);
#1198=ADVANCED_FACE('',(#330),#66,.T.);
#1199=ADVANCED_FACE('',(#331),#67,.T.);
#1200=ADVANCED_FACE('',(#332),#68,.T.);
#1201=CLOSED_SHELL('',(#1135,#1136,#1137,#1138,#1139,#1140,#1141,#1142,
#1143,#1144,#1145,#1146,#1147,#1148,#1149,#1150,#1151,#1152,#1153,#1154,
#1155,#1156,#1157,#1158,#1159,#1160,#1161,#1162,#1163,#1164,#1165,#1166,
#1167,#1168,#1169,#1170,#1171));
#1202=CLOSED_SHELL('',(#1172,#1173,#1174,#1175,#1176,#1177,#1178,#1179,
#1180,#1181,#1182,#1183,#1184,#1185,#1186,#1187,#1188,#1189,#1190,#1191,
#1192,#1193,#1194,#1195,#1196,#1197,#1198,#1199,#1200));
#1203=DERIVED_UNIT_ELEMENT(#1205,1.);
#1204=DERIVED_UNIT_ELEMENT(#2781,-3.);
#1205=(
MASS_UNIT()
NAMED_UNIT(*)
SI_UNIT(.KILO.,.GRAM.)
);
#1206=DERIVED_UNIT((#1203,#1204));
#1207=MEASURE_REPRESENTATION_ITEM('density measure',
POSITIVE_RATIO_MEASURE(7850.),#1206);
#1208=PROPERTY_DEFINITION_REPRESENTATION(#1213,#1210);
#1209=PROPERTY_DEFINITION_REPRESENTATION(#1214,#1211);
#1210=REPRESENTATION('material name',(#1212),#2778);
#1211=REPRESENTATION('density',(#1207),#2778);
#1212=DESCRIPTIVE_REPRESENTATION_ITEM('Acier','Acier');
#1213=PROPERTY_DEFINITION('material property','material name',#2788);
#1214=PROPERTY_DEFINITION('material property','density of part',#2788);
#1215=AXIS2_PLACEMENT_3D('',#1617,#1320,#1321);
#1216=AXIS2_PLACEMENT_3D('',#1618,#1322,#1323);
#1217=AXIS2_PLACEMENT_3D('',#1632,#1324,#1325);
#1218=AXIS2_PLACEMENT_3D('',#1634,#1326,#1327);
#1219=AXIS2_PLACEMENT_3D('',#1635,#1328,#1329);
#1220=AXIS2_PLACEMENT_3D('',#1674,#1330,#1331);
#1221=AXIS2_PLACEMENT_3D('',#1780,#1332,#1333);
#1222=AXIS2_PLACEMENT_3D('',#1784,#1335,#1336);
#1223=AXIS2_PLACEMENT_3D('',#1788,#1338,#1339);
#1224=AXIS2_PLACEMENT_3D('',#1807,#1341,#1342);
#1225=AXIS2_PLACEMENT_3D('',#1809,#1344,#1345);
#1226=AXIS2_PLACEMENT_3D('',#1815,#1349,#1350);
#1227=AXIS2_PLACEMENT_3D('',#1818,#1352,#1353);
#1228=AXIS2_PLACEMENT_3D('',#1893,#1354,#1355);
#1229=AXIS2_PLACEMENT_3D('',#1932,#1356,#1357);
#1230=AXIS2_PLACEMENT_3D('',#1939,#1358,#1359);
#1231=AXIS2_PLACEMENT_3D('',#1951,#1360,#1361);
#1232=AXIS2_PLACEMENT_3D('',#1952,#1362,#1363);
#1233=AXIS2_PLACEMENT_3D('',#1969,#1367,#1368);
#1234=AXIS2_PLACEMENT_3D('',#1971,#1369,#1370);
#1235=AXIS2_PLACEMENT_3D('',#1973,#1371,#1372);
#1236=AXIS2_PLACEMENT_3D('',#1974,#1373,#1374);
#1237=AXIS2_PLACEMENT_3D('',#2007,#1375,#1376);
#1238=AXIS2_PLACEMENT_3D('',#2105,#1377,#1378);
#1239=AXIS2_PLACEMENT_3D('',#2124,#1383,#1384);
#1240=AXIS2_PLACEMENT_3D('',#2125,#1385,#1386);
#1241=AXIS2_PLACEMENT_3D('',#2156,#1388,#1389);
#1242=AXIS2_PLACEMENT_3D('',#2157,#1390,#1391);
#1243=AXIS2_PLACEMENT_3D('',#2180,#1392,#1393);
#1244=AXIS2_PLACEMENT_3D('',#2181,#1394,#1395);
#1245=AXIS2_PLACEMENT_3D('',#2193,#1396,#1397);
#1246=AXIS2_PLACEMENT_3D('',#2194,#1398,#1399);
#1247=AXIS2_PLACEMENT_3D('',#2200,#1403,#1404);
#1248=AXIS2_PLACEMENT_3D('',#2206,#1408,#1409);
#1249=AXIS2_PLACEMENT_3D('',#2210,#1411,#1412);
#1250=AXIS2_PLACEMENT_3D('',#2232,#1413,#1414);
#1251=AXIS2_PLACEMENT_3D('',#2236,#1416,#1417);
#1252=AXIS2_PLACEMENT_3D('',#2253,#1418,#1419);
#1253=AXIS2_PLACEMENT_3D('',#2255,#1421,#1422);
#1254=AXIS2_PLACEMENT_3D('',#2256,#1423,#1424);
#1255=AXIS2_PLACEMENT_3D('',#2257,#1425,#1426);
#1256=AXIS2_PLACEMENT_3D('',#2260,#1428,#1429);
#1257=AXIS2_PLACEMENT_3D('',#2278,#1430,#1431);
#1258=AXIS2_PLACEMENT_3D('',#2282,#1433,#1434);
#1259=AXIS2_PLACEMENT_3D('',#2303,#1435,#1436);
#1260=AXIS2_PLACEMENT_3D('',#2304,#1437,#1438);
#1261=AXIS2_PLACEMENT_3D('',#2306,#1440,#1441);
#1262=AXIS2_PLACEMENT_3D('',#2310,#1444,#1445);
#1263=AXIS2_PLACEMENT_3D('',#2313,#1448,#1449);
#1264=AXIS2_PLACEMENT_3D('',#2315,#1451,#1452);
#1265=AXIS2_PLACEMENT_3D('',#2321,#1456,#1457);
#1266=AXIS2_PLACEMENT_3D('',#2325,#1460,#1461);
#1267=AXIS2_PLACEMENT_3D('',#2326,#1462,#1463);
#1268=AXIS2_PLACEMENT_3D('',#2330,#1466,#1467);
#1269=AXIS2_PLACEMENT_3D('',#2332,#1469,#1470);
#1270=AXIS2_PLACEMENT_3D('',#2335,#1473,#1474);
#1271=AXIS2_PLACEMENT_3D('',#2337,#1476,#1477);
#1272=AXIS2_PLACEMENT_3D('',#2338,#1478,#1479);
#1273=AXIS2_PLACEMENT_3D('',#2339,#1480,#1481);
#1274=AXIS2_PLACEMENT_3D('',#2394,#1482,#1483);
#1275=AXIS2_PLACEMENT_3D('',#2483,#1484,#1485);
#1276=AXIS2_PLACEMENT_3D('',#2496,#1486,#1487);
#1277=AXIS2_PLACEMENT_3D('',#2509,#1488,#1489);
#1278=AXIS2_PLACEMENT_3D('',#2510,#1490,#1491);
#1279=AXIS2_PLACEMENT_3D('',#2511,#1492,#1493);
#1280=AXIS2_PLACEMENT_3D('',#2513,#1494,#1495);
#1281=AXIS2_PLACEMENT_3D('',#2541,#1497,#1498);
#1282=AXIS2_PLACEMENT_3D('',#2545,#1500,#1501);
#1283=AXIS2_PLACEMENT_3D('',#2547,#1503,#1504);
#1284=AXIS2_PLACEMENT_3D('',#2553,#1508,#1509);
#1285=AXIS2_PLACEMENT_3D('',#2557,#1512,#1513);
#1286=AXIS2_PLACEMENT_3D('',#2562,#1515,#1516);
#1287=AXIS2_PLACEMENT_3D('',#2590,#1518,#1519);
#1288=AXIS2_PLACEMENT_3D('',#2622,#1521,#1522);
#1289=AXIS2_PLACEMENT_3D('',#2625,#1524,#1525);
#1290=AXIS2_PLACEMENT_3D('',#2626,#1526,#1527);
#1291=AXIS2_PLACEMENT_3D('',#2632,#1531,#1532);
#1292=AXIS2_PLACEMENT_3D('',#2637,#1535,#1536);
#1293=AXIS2_PLACEMENT_3D('',#2659,#1537,#1538);
#1294=AXIS2_PLACEMENT_3D('',#2663,#1540,#1541);
#1295=AXIS2_PLACEMENT_3D('',#2680,#1542,#1543);
#1296=AXIS2_PLACEMENT_3D('',#2681,#1544,#1545);
#1297=AXIS2_PLACEMENT_3D('',#2683,#1547,#1548);
#1298=AXIS2_PLACEMENT_3D('',#2685,#1550,#1551);
#1299=AXIS2_PLACEMENT_3D('',#2687,#1553,#1554);
#1300=AXIS2_PLACEMENT_3D('',#2689,#1556,#1557);
#1301=AXIS2_PLACEMENT_3D('',#2693,#1559,#1560);
#1302=AXIS2_PLACEMENT_3D('',#2711,#1561,#1562);
#1303=AXIS2_PLACEMENT_3D('',#2715,#1564,#1565);
#1304=AXIS2_PLACEMENT_3D('',#2736,#1566,#1567);
#1305=AXIS2_PLACEMENT_3D('',#2738,#1569,#1570);
#1306=AXIS2_PLACEMENT_3D('',#2740,#1572,#1573);
#1307=AXIS2_PLACEMENT_3D('',#2742,#1575,#1576);
#1308=AXIS2_PLACEMENT_3D('',#2746,#1579,#1580);
#1309=AXIS2_PLACEMENT_3D('',#2748,#1582,#1583);
#1310=AXIS2_PLACEMENT_3D('',#2750,#1585,#1586);
#1311=AXIS2_PLACEMENT_3D('',#2756,#1590,#1591);
#1312=AXIS2_PLACEMENT_3D('',#2758,#1593,#1594);
#1313=AXIS2_PLACEMENT_3D('',#2762,#1597,#1598);
#1314=AXIS2_PLACEMENT_3D('',#2766,#1601,#1602);
#1315=AXIS2_PLACEMENT_3D('',#2768,#1604,#1605);
#1316=AXIS2_PLACEMENT_3D('',#2771,#1608,#1609);
#1317=AXIS2_PLACEMENT_3D('',#2773,#1611,#1612);
#1318=AXIS2_PLACEMENT_3D('',#2774,#1613,#1614);
#1319=AXIS2_PLACEMENT_3D('',#2775,#1615,#1616);
#1320=DIRECTION('axis',(0.,0.,1.));
#1321=DIRECTION('refdir',(1.,0.,0.));
#1322=DIRECTION('center_axis',(0.,-1.,0.));
#1323=DIRECTION('ref_axis',(0.,0.,-1.));
#1324=DIRECTION('center_axis',(0.,-1.,0.));
#1325=DIRECTION('ref_axis',(-0.401613005399914,0.,0.915809474669076));
#1326=DIRECTION('center_axis',(0.914192483224143,1.79980598359481E-14,0.40528027785284));
#1327=DIRECTION('ref_axis',(0.40528027785284,0.,-0.914192483224143));
#1328=DIRECTION('center_axis',(0.,1.,0.));
#1329=DIRECTION('ref_axis',(-0.401613005399914,0.,0.915809474669076));
#1330=DIRECTION('center_axis',(0.0624757785444383,0.997658178289055,0.0278376792895809));
#1331=DIRECTION('ref_axis',(0.40700104503197,0.,-0.913427692454572));
#1332=DIRECTION('center_axis',(0.,1.,0.));
#1333=DIRECTION('ref_axis',(1.,0.,0.));
#1334=DIRECTION('',(0.,1.,0.));
#1335=DIRECTION('center_axis',(0.,1.,0.));
#1336=DIRECTION('ref_axis',(1.,0.,0.));
#1337=DIRECTION('',(0.,-1.,0.));
#1338=DIRECTION('center_axis',(0.,-1.,0.));
#1339=DIRECTION('ref_axis',(-0.634671156931905,0.,0.772782325469933));
#1340=DIRECTION('',(0.,1.,0.));
#1341=DIRECTION('center_axis',(0.,-1.,0.));
#1342=DIRECTION('ref_axis',(-0.519837370188778,0.,0.854265244848001));
#1343=DIRECTION('',(0.,-1.,0.));
#1344=DIRECTION('center_axis',(1.,0.,0.));
#1345=DIRECTION('ref_axis',(0.,0.,-1.));
#1346=DIRECTION('',(0.,0.,-1.));
#1347=DIRECTION('',(0.,-1.,0.));
#1348=DIRECTION('',(0.,0.,1.));
#1349=DIRECTION('center_axis',(0.,1.,0.));
#1350=DIRECTION('ref_axis',(0.,0.,1.));
#1351=DIRECTION('',(0.,0.,-1.));
#1352=DIRECTION('center_axis',(0.,-1.,0.));
#1353=DIRECTION('ref_axis',(1.,0.,0.));
#1354=DIRECTION('center_axis',(0.0624208732850472,-0.996781411602488,0.0503035988979257));
#1355=DIRECTION('ref_axis',(0.62748171358869,0.,-0.778631298569356));
#1356=DIRECTION('center_axis',(0.777241428512148,-4.99669251496461E-14,
0.629202480767834));
#1357=DIRECTION('ref_axis',(0.629202480767834,0.,-0.777241428512148));
#1358=DIRECTION('center_axis',(0.,-1.,0.));
#1359=DIRECTION('ref_axis',(0.,0.,-1.));
#1360=DIRECTION('center_axis',(0.,1.,0.));
#1361=DIRECTION('ref_axis',(-0.634671156931905,0.,0.772782325469933));
#1362=DIRECTION('center_axis',(-1.,0.,0.));
#1363=DIRECTION('ref_axis',(0.,0.,1.));
#1364=DIRECTION('',(0.,0.,1.));
#1365=DIRECTION('',(0.,1.,0.));
#1366=DIRECTION('',(0.,0.,1.));
#1367=DIRECTION('center_axis',(0.,-1.,0.));
#1368=DIRECTION('ref_axis',(0.,0.,-1.));
#1369=DIRECTION('center_axis',(0.,-1.,0.));
#1370=DIRECTION('ref_axis',(-0.634671156931905,0.,-0.772782325469933));
#1371=DIRECTION('center_axis',(-0.777241428512116,4.47075252031846E-14,
0.629202480767873));
#1372=DIRECTION('ref_axis',(0.629202480767873,0.,0.777241428512116));
#1373=DIRECTION('center_axis',(0.,1.,0.));
#1374=DIRECTION('ref_axis',(-0.634671156931905,0.,-0.772782325469933));
#1375=DIRECTION('center_axis',(-0.0624208732847612,0.996781411602517,0.0503035988977052));
#1376=DIRECTION('ref_axis',(0.627481713588765,0.,0.778631298569295));
#1377=DIRECTION('center_axis',(1.,0.,0.));
#1378=DIRECTION('ref_axis',(0.,0.,-1.));
#1379=DIRECTION('',(0.,-1.,0.));
#1380=DIRECTION('',(0.,0.,1.));
#1381=DIRECTION('',(0.,0.875441034134211,-0.483324938063435));
#1382=DIRECTION('',(0.,0.,1.));
#1383=DIRECTION('center_axis',(0.,1.,0.));
#1384=DIRECTION('ref_axis',(1.,0.,0.));
#1385=DIRECTION('center_axis',(0.,1.,0.));
#1386=DIRECTION('ref_axis',(1.,0.,0.));
#1387=DIRECTION('',(0.,1.,0.));
#1388=DIRECTION('center_axis',(0.,-1.,0.));
#1389=DIRECTION('ref_axis',(-0.519837370188778,0.,-0.854265244848001));
#1390=DIRECTION('center_axis',(0.,-1.,0.));
#1391=DIRECTION('ref_axis',(0.,0.,-1.));
#1392=DIRECTION('center_axis',(0.,1.,0.));
#1393=DIRECTION('ref_axis',(-0.519837370188778,0.,0.854265244848001));
#1394=DIRECTION('center_axis',(0.,-1.,0.));
#1395=DIRECTION('ref_axis',(0.,0.,-1.));
#1396=DIRECTION('center_axis',(0.,1.,0.));
#1397=DIRECTION('ref_axis',(-0.519837370188778,0.,-0.854265244848001));
#1398=DIRECTION('center_axis',(-1.,0.,3.86164530304402E-17));
#1399=DIRECTION('ref_axis',(3.86164530304402E-17,0.,1.));
#1400=DIRECTION('',(0.,0.,-1.));
#1401=DIRECTION('',(1.86642947691671E-17,-0.875441034134211,0.483324938063435));
#1402=DIRECTION('',(-3.86164530304402E-17,0.,-1.));
#1403=DIRECTION('center_axis',(1.,0.,0.));
#1404=DIRECTION('ref_axis',(0.,0.,-1.));
#1405=DIRECTION('',(0.,0.,1.));
#1406=DIRECTION('',(0.,-0.867924170499749,-0.496696722620879));
#1407=DIRECTION('',(0.,0.,1.));
#1408=DIRECTION('center_axis',(0.,0.,-1.));
#1409=DIRECTION('ref_axis',(-1.,0.,0.));
#1410=DIRECTION('',(0.,0.,-1.));
#1411=DIRECTION('center_axis',(0.,-0.496696722620879,0.867924170499749));
#1412=DIRECTION('ref_axis',(0.,0.867924170499749,0.496696722620879));
#1413=DIRECTION('center_axis',(0.,-0.495140120725461,-0.868813133445838));
#1414=DIRECTION('ref_axis',(0.,0.868813133445838,-0.495140120725461));
#1415=DIRECTION('',(0.,0.,-1.));
#1416=DIRECTION('center_axis',(0.,-0.483324938063433,0.875441034134212));
#1417=DIRECTION('ref_axis',(0.,0.875441034134212,0.483324938063433));
#1418=DIRECTION('center_axis',(0.,-0.483324938063435,-0.875441034134211));
#1419=DIRECTION('ref_axis',(0.,0.875441034134211,-0.483324938063434));
#1420=DIRECTION('',(0.,0.,1.));
#1421=DIRECTION('center_axis',(0.,0.,1.));
#1422=DIRECTION('ref_axis',(-0.684653196881455,0.728868986855665,0.));
#1423=DIRECTION('center_axis',(0.,1.,0.));
#1424=DIRECTION('ref_axis',(1.,0.,0.));
#1425=DIRECTION('center_axis',(0.,0.,-1.));
#1426=DIRECTION('ref_axis',(-1.,0.,0.));
#1427=DIRECTION('',(0.,0.,-1.));
#1428=DIRECTION('center_axis',(0.,-0.483324938063435,-0.875441034134211));
#1429=DIRECTION('ref_axis',(0.,0.875441034134211,-0.483324938063435));
#1430=DIRECTION('center_axis',(0.,-0.483324938063433,0.875441034134212));
#1431=DIRECTION('ref_axis',(0.,0.875441034134212,0.483324938063433));
#1432=DIRECTION('',(0.,0.,1.));
#1433=DIRECTION('center_axis',(0.,-0.495140120725461,-0.868813133445838));
#1434=DIRECTION('ref_axis',(0.,0.868813133445838,-0.495140120725461));
#1435=DIRECTION('center_axis',(0.,-0.496696722620879,0.867924170499749));
#1436=DIRECTION('ref_axis',(0.,0.867924170499749,0.496696722620879));
#1437=DIRECTION('center_axis',(0.,0.,-1.));
#1438=DIRECTION('ref_axis',(0.684653196881453,0.728868986855667,0.));
#1439=DIRECTION('',(0.,0.,1.));
#1440=DIRECTION('center_axis',(-1.,0.,3.86164530304402E-17));
#1441=DIRECTION('ref_axis',(3.86164530304402E-17,0.,1.));
#1442=DIRECTION('',(-3.86164530304402E-17,0.,-1.));
#1443=DIRECTION('',(1.91806656594628E-17,0.867924170499749,0.496696722620879));
#1444=DIRECTION('center_axis',(0.,0.483324938063435,0.875441034134211));
#1445=DIRECTION('ref_axis',(0.,0.875441034134211,-0.483324938063435));
#1446=DIRECTION('',(-1.,0.,0.));
#1447=DIRECTION('',(-1.,0.,0.));
#1448=DIRECTION('center_axis',(-1.,0.,0.));
#1449=DIRECTION('ref_axis',(0.,1.,0.));
#1450=DIRECTION('',(-1.,0.,0.));
#1451=DIRECTION('center_axis',(0.,0.483324938063433,-0.875441034134212));
#1452=DIRECTION('ref_axis',(0.,-0.875441034134212,-0.483324938063433));
#1453=DIRECTION('',(1.8664294769167E-17,0.875441034134212,0.483324938063433));
#1454=DIRECTION('',(1.,0.,0.));
#1455=DIRECTION('',(0.,-0.875441034134212,-0.483324938063433));
#1456=DIRECTION('center_axis',(1.,0.,0.));
#1457=DIRECTION('ref_axis',(0.,0.,-1.));
#1458=DIRECTION('',(0.,0.,1.));
#1459=DIRECTION('',(0.,0.868813133445838,-0.495140120725461));
#1460=DIRECTION('center_axis',(0.,1.,0.));
#1461=DIRECTION('ref_axis',(0.,0.,1.));
#1462=DIRECTION('center_axis',(0.,1.,0.));
#1463=DIRECTION('ref_axis',(0.,0.,1.));
#1464=DIRECTION('',(-3.86164530304402E-17,0.,-1.));
#1465=DIRECTION('',(-1.,0.,0.));
#1466=DIRECTION('center_axis',(-1.,0.,3.86164530304402E-17));
#1467=DIRECTION('ref_axis',(3.86164530304402E-17,0.,1.));
#1468=DIRECTION('',(1.91205552154813E-17,-0.868813133445838,0.495140120725461));
#1469=DIRECTION('center_axis',(0.,0.496696722620879,-0.867924170499749));
#1470=DIRECTION('ref_axis',(0.,-0.867924170499749,-0.496696722620879));
#1471=DIRECTION('',(1.,0.,0.));
#1472=DIRECTION('',(-1.,0.,0.));
#1473=DIRECTION('center_axis',(-1.,0.,0.));
#1474=DIRECTION('ref_axis',(0.,1.,0.));
#1475=DIRECTION('',(-1.,0.,0.));
#1476=DIRECTION('center_axis',(0.,0.495140120725461,0.868813133445838));
#1477=DIRECTION('ref_axis',(0.,0.868813133445838,-0.495140120725461));
#1478=DIRECTION('center_axis',(0.,1.,0.));
#1479=DIRECTION('ref_axis',(0.,0.,1.));
#1480=DIRECTION('center_axis',(0.,1.,0.));
#1481=DIRECTION('ref_axis',(0.,0.,1.));
#1482=DIRECTION('center_axis',(-0.0624757786304428,-0.9976581782826,0.0278376793279102));
#1483=DIRECTION('ref_axis',(0.407001045032065,0.,0.91342769245453));
#1484=DIRECTION('center_axis',(-0.914192483224105,0.,0.405280277852927));
#1485=DIRECTION('ref_axis',(0.405280277852927,0.,0.914192483224105));
#1486=DIRECTION('center_axis',(0.,-1.,0.));
#1487=DIRECTION('ref_axis',(0.,0.,-1.));
#1488=DIRECTION('center_axis',(0.,1.,0.));
#1489=DIRECTION('ref_axis',(-0.401613005399914,0.,-0.915809474669076));
#1490=DIRECTION('center_axis',(0.,-1.,0.));
#1491=DIRECTION('ref_axis',(-0.401613005399914,0.,-0.915809474669076));
#1492=DIRECTION('center_axis',(0.,1.,0.));
#1493=DIRECTION('ref_axis',(1.,0.,0.));
#1494=DIRECTION('center_axis',(0.,-1.,0.));
#1495=DIRECTION('ref_axis',(1.,0.,0.));
#1496=DIRECTION('',(0.,-1.,0.));
#1497=DIRECTION('center_axis',(0.,-1.,0.));
#1498=DIRECTION('ref_axis',(1.,0.,0.));
#1499=DIRECTION('',(0.,1.,0.));
#1500=DIRECTION('center_axis',(0.,1.,0.));
#1501=DIRECTION('ref_axis',(1.,0.,0.));
#1502=DIRECTION('',(0.,-1.,0.));
#1503=DIRECTION('center_axis',(0.,1.,0.));
#1504=DIRECTION('ref_axis',(0.,0.,1.));
#1505=DIRECTION('',(-3.86164530304402E-17,0.,-1.));
#1506=DIRECTION('',(-1.,0.,0.));
#1507=DIRECTION('',(0.,0.,1.));
#1508=DIRECTION('center_axis',(-1.,0.,3.86164530304402E-17));
#1509=DIRECTION('ref_axis',(3.86164530304402E-17,0.,1.));
#1510=DIRECTION('',(0.,0.,-1.));
#1511=DIRECTION('',(1.86642947691671E-17,-0.875441034134211,0.483324938063435));
#1512=DIRECTION('center_axis',(0.,1.,0.));
#1513=DIRECTION('ref_axis',(1.,0.,0.));
#1514=DIRECTION('',(0.,-1.,0.));
#1515=DIRECTION('center_axis',(0.,-1.,0.));
#1516=DIRECTION('ref_axis',(1.,0.,0.));
#1517=DIRECTION('',(0.,1.,0.));
#1518=DIRECTION('center_axis',(0.,-1.,0.));
#1519=DIRECTION('ref_axis',(1.,0.,0.));
#1520=DIRECTION('',(0.,-1.,0.));
#1521=DIRECTION('center_axis',(0.,-1.,0.));
#1522=DIRECTION('ref_axis',(1.,0.,0.));
#1523=DIRECTION('',(0.,1.,0.));
#1524=DIRECTION('center_axis',(0.,1.,0.));
#1525=DIRECTION('ref_axis',(1.,0.,0.));
#1526=DIRECTION('center_axis',(1.,0.,0.));
#1527=DIRECTION('ref_axis',(0.,0.,-1.));
#1528=DIRECTION('',(0.,0.,1.));
#1529=DIRECTION('',(0.,-0.867924170499749,-0.496696722620879));
#1530=DIRECTION('',(0.,0.,1.));
#1531=DIRECTION('center_axis',(0.,0.,-1.));
#1532=DIRECTION('ref_axis',(-1.,0.,0.));
#1533=DIRECTION('',(0.,0.,1.));
#1534=DIRECTION('',(0.,0.,-1.));
#1535=DIRECTION('center_axis',(0.,-0.496696722620879,0.867924170499749));
#1536=DIRECTION('ref_axis',(0.,0.867924170499749,0.496696722620879));
#1537=DIRECTION('center_axis',(0.,-0.495140120725461,-0.868813133445838));
#1538=DIRECTION('ref_axis',(0.,0.868813133445838,-0.495140120725461));
#1539=DIRECTION('',(0.,0.,-1.));
#1540=DIRECTION('center_axis',(0.,-0.483324938063433,0.875441034134212));
#1541=DIRECTION('ref_axis',(0.,0.875441034134212,0.483324938063433));
#1542=DIRECTION('center_axis',(0.,-0.483324938063435,-0.875441034134211));
#1543=DIRECTION('ref_axis',(0.,0.875441034134211,-0.483324938063434));
#1544=DIRECTION('center_axis',(0.,0.,1.));
#1545=DIRECTION('ref_axis',(-0.684653196881455,0.728868986855665,0.));
#1546=DIRECTION('',(0.,0.,-1.));
#1547=DIRECTION('center_axis',(0.,1.,0.));
#1548=DIRECTION('ref_axis',(0.,0.,1.));
#1549=DIRECTION('',(0.,0.,-1.));
#1550=DIRECTION('center_axis',(1.,0.,0.));
#1551=DIRECTION('ref_axis',(0.,0.,-1.));
#1552=DIRECTION('',(0.,0.,1.));
#1553=DIRECTION('center_axis',(0.,1.,0.));
#1554=DIRECTION('ref_axis',(1.,0.,0.));
#1555=DIRECTION('',(0.,0.,1.));
#1556=DIRECTION('center_axis',(0.,0.,-1.));
#1557=DIRECTION('ref_axis',(-1.,0.,0.));
#1558=DIRECTION('',(0.,0.,1.));
#1559=DIRECTION('center_axis',(0.,-0.483324938063435,-0.875441034134211));
#1560=DIRECTION('ref_axis',(0.,0.875441034134211,-0.483324938063435));
#1561=DIRECTION('center_axis',(0.,-0.483324938063433,0.875441034134212));
#1562=DIRECTION('ref_axis',(0.,0.875441034134212,0.483324938063433));
#1563=DIRECTION('',(0.,0.,1.));
#1564=DIRECTION('center_axis',(0.,-0.495140120725461,-0.868813133445838));
#1565=DIRECTION('ref_axis',(0.,0.868813133445838,-0.495140120725461));
#1566=DIRECTION('center_axis',(0.,-0.496696722620879,0.867924170499749));
#1567=DIRECTION('ref_axis',(0.,0.867924170499749,0.496696722620879));
#1568=DIRECTION('',(0.,0.,-1.));
#1569=DIRECTION('center_axis',(1.,0.,0.));
#1570=DIRECTION('ref_axis',(0.,0.,-1.));
#1571=DIRECTION('',(0.,0.875441034134211,-0.483324938063435));
#1572=DIRECTION('center_axis',(0.,0.,-1.));
#1573=DIRECTION('ref_axis',(0.684653196881453,0.728868986855667,0.));
#1574=DIRECTION('',(0.,0.,1.));
#1575=DIRECTION('center_axis',(-1.,0.,3.86164530304402E-17));
#1576=DIRECTION('ref_axis',(3.86164530304402E-17,0.,1.));
#1577=DIRECTION('',(-3.86164530304402E-17,0.,-1.));
#1578=DIRECTION('',(1.91806656594628E-17,0.867924170499749,0.496696722620879));
#1579=DIRECTION('center_axis',(0.,0.483324938063435,0.875441034134211));
#1580=DIRECTION('ref_axis',(0.,0.875441034134211,-0.483324938063435));
#1581=DIRECTION('',(-1.,0.,0.));
#1582=DIRECTION('center_axis',(-1.,0.,0.));
#1583=DIRECTION('ref_axis',(0.,1.,0.));
#1584=DIRECTION('',(-1.,0.,0.));
#1585=DIRECTION('center_axis',(0.,0.483324938063433,-0.875441034134212));
#1586=DIRECTION('ref_axis',(0.,-0.875441034134212,-0.483324938063433));
#1587=DIRECTION('',(1.8664294769167E-17,0.875441034134212,0.483324938063433));
#1588=DIRECTION('',(1.,0.,0.));
#1589=DIRECTION('',(0.,-0.875441034134212,-0.483324938063433));
#1590=DIRECTION('center_axis',(-1.,0.,0.));
#1591=DIRECTION('ref_axis',(0.,0.,1.));
#1592=DIRECTION('',(0.,0.,1.));
#1593=DIRECTION('center_axis',(1.,0.,0.));
#1594=DIRECTION('ref_axis',(0.,0.,-1.));
#1595=DIRECTION('',(0.,0.,1.));
#1596=DIRECTION('',(0.,0.868813133445838,-0.495140120725461));
#1597=DIRECTION('center_axis',(0.,1.,0.));
#1598=DIRECTION('ref_axis',(0.,0.,1.));
#1599=DIRECTION('',(-3.86164530304402E-17,0.,-1.));
#1600=DIRECTION('',(-1.,0.,0.));
#1601=DIRECTION('center_axis',(-1.,0.,3.86164530304402E-17));
#1602=DIRECTION('ref_axis',(3.86164530304402E-17,0.,1.));
#1603=DIRECTION('',(1.91205552154813E-17,-0.868813133445838,0.495140120725461));
#1604=DIRECTION('center_axis',(0.,0.496696722620879,-0.867924170499749));
#1605=DIRECTION('ref_axis',(0.,-0.867924170499749,-0.496696722620879));
#1606=DIRECTION('',(1.,0.,0.));
#1607=DIRECTION('',(-1.,0.,0.));
#1608=DIRECTION('center_axis',(-1.,0.,0.));
#1609=DIRECTION('ref_axis',(0.,1.,0.));
#1610=DIRECTION('',(-1.,0.,0.));
#1611=DIRECTION('center_axis',(0.,0.495140120725461,0.868813133445838));
#1612=DIRECTION('ref_axis',(0.,0.868813133445838,-0.495140120725461));
#1613=DIRECTION('center_axis',(0.,1.,0.));
#1614=DIRECTION('ref_axis',(0.,0.,1.));
#1615=DIRECTION('center_axis',(0.,1.,0.));
#1616=DIRECTION('ref_axis',(0.,0.,1.));
#1617=CARTESIAN_POINT('',(0.,0.,0.));
#1618=CARTESIAN_POINT('Origin',(85.,18.,-237.5));
#1619=CARTESIAN_POINT('',(-30.,18.5,28.7235902394828));
#1620=CARTESIAN_POINT('',(-30.,18.,28.1788474831973));
#1621=CARTESIAN_POINT('Ctrl Pts',(-30.,18.5,28.7235902394828));
#1622=CARTESIAN_POINT('Ctrl Pts',(-30.,18.5,28.6545263163535));
#1623=CARTESIAN_POINT('Ctrl Pts',(-30.,18.4847928195985,28.5730567493205));
#1624=CARTESIAN_POINT('Ctrl Pts',(-30.,18.435239158888,28.4472478481891));
#1625=CARTESIAN_POINT('Ctrl Pts',(-30.,18.3930998973719,28.3799729061081));
#1626=CARTESIAN_POINT('Ctrl Pts',(-30.,18.304361231618,28.2864852301121));
#1627=CARTESIAN_POINT('Ctrl Pts',(-30.,18.2430472141459,28.2427845045704));
#1628=CARTESIAN_POINT('Ctrl Pts',(-30.,18.1304851619111,28.1937781045808));
#1629=CARTESIAN_POINT('Ctrl Pts',(-30.,18.0600225683562,28.1788474831973));
#1630=CARTESIAN_POINT('Ctrl Pts',(-30.,18.,28.1788474831973));
#1631=CARTESIAN_POINT('',(-32.3286404384023,18.,27.1587238933872));
#1632=CARTESIAN_POINT('Origin',(85.,18.,-237.5));
#1633=CARTESIAN_POINT('',(-32.5312805773287,18.5,27.6158201349992));
#1634=CARTESIAN_POINT('Origin',(-32.5312805773287,18.,27.6158201349992));
#1635=CARTESIAN_POINT('Origin',(85.,18.5,-237.5));
#1636=CARTESIAN_POINT('Ctrl Pts',(-32.3286404384023,18.,27.1587238933872));
#1637=CARTESIAN_POINT('Ctrl Pts',(-32.4318345619915,18.,27.112975821894));
#1638=CARTESIAN_POINT('Ctrl Pts',(-32.6040908080921,17.9457021329277,27.0364764707514));
#1639=CARTESIAN_POINT('Ctrl Pts',(-32.7776991881593,17.7537756900676,26.9591990437468));
#1640=CARTESIAN_POINT('Ctrl Pts',(-32.8221010227258,17.6064568256955,26.9394118452909));
#1641=CARTESIAN_POINT('Ctrl Pts',(-32.8268025367738,17.5312499999577,26.9373169655904));
#1642=CARTESIAN_POINT('Ctrl Pts',(-32.3286404384023,18.0747998250855,27.1587238933872));
#1643=CARTESIAN_POINT('Ctrl Pts',(-32.4447588245461,18.0787968342773,27.1072304406412));
#1644=CARTESIAN_POINT('Ctrl Pts',(-32.6423990521716,18.0247712115438,27.0194856577564));
#1645=CARTESIAN_POINT('Ctrl Pts',(-32.8516140298153,17.8053997047861,26.9262649906333));
#1646=CARTESIAN_POINT('Ctrl Pts',(-32.9072586386718,17.6285132179093,26.901470742458));
#1647=CARTESIAN_POINT('Ctrl Pts',(-32.9131186585951,17.5377284852994,26.8988566122701));
#1648=CARTESIAN_POINT('Ctrl Pts',(-32.3425102944865,18.2241191816857,27.1900101880048));
#1649=CARTESIAN_POINT('Ctrl Pts',(-32.4859698803898,18.2360614935925,27.1304596235132));
#1650=CARTESIAN_POINT('Ctrl Pts',(-32.7368426548851,18.1825296302601,27.0264064126647));
#1651=CARTESIAN_POINT('Ctrl Pts',(-33.0204041294229,17.9083228813071,26.9089004885062));
#1652=CARTESIAN_POINT('Ctrl Pts',(-33.0992857718932,17.6724824928322,26.8761940750036));
#1653=CARTESIAN_POINT('Ctrl Pts',(-33.1075529581388,17.5506324068278,26.8727672024825));
#1654=CARTESIAN_POINT('Ctrl Pts',(-32.4103026340366,18.4344058546111,27.3429296628069));
#1655=CARTESIAN_POINT('Ctrl Pts',(-32.5969818892935,18.4521464718166,27.2827207197013));
#1656=CARTESIAN_POINT('Ctrl Pts',(-32.9267760628281,18.3873693559503,27.1768153549556));
#1657=CARTESIAN_POINT('Ctrl Pts',(-33.3042411657215,18.0336317391039,27.0553782844562));
#1658=CARTESIAN_POINT('Ctrl Pts',(-33.4102168653982,17.7255418016949,27.0211108875331));
#1659=CARTESIAN_POINT('Ctrl Pts',(-33.4212922868973,17.5662401853037,27.0175307411295));
#1660=CARTESIAN_POINT('Ctrl Pts',(-32.4858082364877,18.5,27.5132479782398));
#1661=CARTESIAN_POINT('Ctrl Pts',(-32.6901869672061,18.5095309797263,27.4619323281571));
#1662=CARTESIAN_POINT('Ctrl Pts',(-33.0404124001451,18.4203665619518,27.3743359720444));
#1663=CARTESIAN_POINT('Ctrl Pts',(-33.4178070215629,18.0381062764769,27.2799674797184));
#1664=CARTESIAN_POINT('Ctrl Pts',(-33.5184411739925,17.726551332923,27.2546778384282));
#1665=CARTESIAN_POINT('Ctrl Pts',(-33.5290783459103,17.566447392959,27.2520077416358));
#1666=CARTESIAN_POINT('Ctrl Pts',(-32.5312805773287,18.5,27.6158201349993));
#1667=CARTESIAN_POINT('Ctrl Pts',(-32.7380252808926,18.5,27.5699930512928));
#1668=CARTESIAN_POINT('Ctrl Pts',(-33.0831327860338,18.3914042658555,27.4933615769185));
#1669=CARTESIAN_POINT('Ctrl Pts',(-33.4309492296917,18.0075513801352,27.4159506828552));
#1670=CARTESIAN_POINT('Ctrl Pts',(-33.5199062730373,17.712913651391,27.3961293096178));
#1671=CARTESIAN_POINT('Ctrl Pts',(-33.529325541251,17.5624999999155,27.3940308118177));
#1672=CARTESIAN_POINT('',(-32.8268025367738,17.5312499999577,26.9373169655904));
#1673=CARTESIAN_POINT('',(-33.5293255412483,17.5624999999577,27.3940308118177));
#1674=CARTESIAN_POINT('Origin',(-33.0303030592898,17.5312499999577,27.3940308118177));
#1675=CARTESIAN_POINT('Ctrl Pts',(-33.529325541251,17.5624999999155,27.3940308118177));
#1676=CARTESIAN_POINT('Ctrl Pts',(-33.5199062730373,17.712913651391,27.3961293096178));
#1677=CARTESIAN_POINT('Ctrl Pts',(-33.4309492296917,18.0075513801352,27.4159506828552));
#1678=CARTESIAN_POINT('Ctrl Pts',(-33.0831327860338,18.3914042658555,27.4933615769185));
#1679=CARTESIAN_POINT('Ctrl Pts',(-32.7380252808926,18.5,27.5699930512928));
#1680=CARTESIAN_POINT('Ctrl Pts',(-32.5312805773287,18.5,27.6158201349993));
#1681=CARTESIAN_POINT('Ctrl Pts',(-32.3286404384023,18.,27.1587238933872));
#1682=CARTESIAN_POINT('Ctrl Pts',(-32.4318345619915,18.,27.112975821894));
#1683=CARTESIAN_POINT('Ctrl Pts',(-32.6040908080921,17.9457021329277,27.0364764707514));
#1684=CARTESIAN_POINT('Ctrl Pts',(-32.7776991881593,17.7537756900676,26.9591990437468));
#1685=CARTESIAN_POINT('Ctrl Pts',(-32.8221010227258,17.6064568256955,26.9394118452909));
#1686=CARTESIAN_POINT('Ctrl Pts',(-32.8268025367738,17.5312499999577,26.9373169655904));
#1687=CARTESIAN_POINT('Ctrl Pts',(-32.8268025367739,17.5312499999563,26.9373169655904));
#1688=CARTESIAN_POINT('Ctrl Pts',(-33.0144522051988,14.529549749999,26.8537048616661));
#1689=CARTESIAN_POINT('Ctrl Pts',(-34.8429485465811,9.67883407950767,26.0451028413873));
#1690=CARTESIAN_POINT('Ctrl Pts',(-39.819989529868,5.12062292264682,23.7278350330417));
#1691=CARTESIAN_POINT('Ctrl Pts',(-43.2432666749876,3.73050875843882,22.0530391766951));
#1692=CARTESIAN_POINT('Ctrl Pts',(-45.0000000000133,3.35004079849327,21.1701567633896));
#1693=CARTESIAN_POINT('Ctrl Pts',(-32.9131186585945,17.537728485307,26.8988566122703));
#1694=CARTESIAN_POINT('Ctrl Pts',(-33.0992800133717,14.5560893347589,26.8158355386339));
#1695=CARTESIAN_POINT('Ctrl Pts',(-34.9128970816571,9.73633019604399,26.0130608629641));
#1696=CARTESIAN_POINT('Ctrl Pts',(-39.8582933935194,5.19743429547754,23.7093233606342));
#1697=CARTESIAN_POINT('Ctrl Pts',(-43.2644924891774,3.80914691376708,22.0424753547529));
#1698=CARTESIAN_POINT('Ctrl Pts',(-45.0134435665537,3.42792621821855,21.1634004229129));
#1699=CARTESIAN_POINT('Ctrl Pts',(-33.1075531379904,17.550632422125,26.8727670588154));
#1700=CARTESIAN_POINT('Ctrl Pts',(-33.2906757441448,14.6089989389482,26.7906599075992));
#1701=CARTESIAN_POINT('Ctrl Pts',(-35.0740825254937,9.85089401875355,25.9969755127609));
#1702=CARTESIAN_POINT('Ctrl Pts',(-39.9543231815921,5.35062153811888,23.7134728266542));
#1703=CARTESIAN_POINT('Ctrl Pts',(-43.3249972468295,3.96603804473889,22.0580869562423));
#1704=CARTESIAN_POINT('Ctrl Pts',(-45.0575836394097,3.5833399568648,21.1843707546041));
#1705=CARTESIAN_POINT('Ctrl Pts',(-33.4212926902275,17.5662402165463,27.0175305283419));
#1706=CARTESIAN_POINT('Ctrl Pts',(-33.6009853263979,14.6728314187041,26.9355470332061));
#1707=CARTESIAN_POINT('Ctrl Pts',(-35.3502467826979,9.99110184218151,26.1431871212533));
#1708=CARTESIAN_POINT('Ctrl Pts',(-40.1491007321634,5.54941624645823,23.8615382435662));
#1709=CARTESIAN_POINT('Ctrl Pts',(-43.4697867217973,4.17696864211201,22.2066181886055));
#1710=CARTESIAN_POINT('Ctrl Pts',(-45.1781829486043,3.79577348802108,21.3329477601303));
#1711=CARTESIAN_POINT('Ctrl Pts',(-33.5290783459069,17.5664473930067,27.2520077416361));
#1712=CARTESIAN_POINT('Ctrl Pts',(-33.70942185197,14.6740618626247,27.1689343292517));
#1713=CARTESIAN_POINT('Ctrl Pts',(-35.4665622464647,9.99643726372611,26.3655993689157));
#1714=CARTESIAN_POINT('Ctrl Pts',(-40.2659239816014,5.58027724054008,24.0595097400595));
#1715=CARTESIAN_POINT('Ctrl Pts',(-43.5774853536199,4.22401920178545,22.3904178568679));
#1716=CARTESIAN_POINT('Ctrl Pts',(-45.2789086006948,3.84983541302805,21.5101114917187));
#1717=CARTESIAN_POINT('Ctrl Pts',(-33.5293255412483,17.5624999999577,27.3940308118176));
#1718=CARTESIAN_POINT('Ctrl Pts',(-33.7112356326513,14.6576287903216,27.3102743001145));
#1719=CARTESIAN_POINT('Ctrl Pts',(-35.4838043740882,9.96338781887839,26.5002757305779));
#1720=CARTESIAN_POINT('Ctrl Pts',(-40.3086142860161,5.55221573159369,24.1790057325807));
#1721=CARTESIAN_POINT('Ctrl Pts',(-43.6271848094481,4.2069439597795,22.5013173099882));
#1722=CARTESIAN_POINT('Ctrl Pts',(-45.3301855256689,3.8387491598322,21.6169100565906));
#1723=CARTESIAN_POINT('',(-45.0000000000128,3.35004079849059,21.1701567633899));
#1724=CARTESIAN_POINT('',(-44.9999999999826,3.91404785418937,21.788101775287));
#1725=CARTESIAN_POINT('Ctrl Pts',(-45.,3.35004079849616,21.1701567633963));
#1726=CARTESIAN_POINT('Ctrl Pts',(-45.,3.3748191284343,21.1701567633963));
#1727=CARTESIAN_POINT('Ctrl Pts',(-45.0000146335044,3.39946831381445,21.1721743801781));
#1728=CARTESIAN_POINT('Ctrl Pts',(-45.0000225798784,3.42381086147955,21.1760360639691));
#1729=CARTESIAN_POINT('Ctrl Pts',(-45.0000309984825,3.44960001677239,21.1801272365263));
#1730=CARTESIAN_POINT('Ctrl Pts',(-45.0000320681728,3.47504584825834,21.1862880175783));
#1731=CARTESIAN_POINT('Ctrl Pts',(-45.000025650351,3.49996079067771,21.1943594381077));
#1732=CARTESIAN_POINT('Ctrl Pts',(-45.0000230592863,3.51001969079468,21.1976181096125));
#1733=CARTESIAN_POINT('Ctrl Pts',(-45.0000195086381,3.51999223951074,21.2011887394573));
#1734=CARTESIAN_POINT('Ctrl Pts',(-45.000015961735,3.52986658896385,21.2050629513024));
#1735=CARTESIAN_POINT('Ctrl Pts',(-45.000008677805,3.55014457987785,21.2130190432927));
#1736=CARTESIAN_POINT('Ctrl Pts',(-45.0000023529092,3.56989871640452,21.2222107277085));
#1737=CARTESIAN_POINT('Ctrl Pts',(-45.0000022560593,3.5890388565218,21.2325413534294));
#1738=CARTESIAN_POINT('Ctrl Pts',(-45.0000021356176,3.61284136026507,21.2453884253885));
#1739=CARTESIAN_POINT('Ctrl Pts',(-45.000010930967,3.63569506463252,21.2599949627257));
#1740=CARTESIAN_POINT('Ctrl Pts',(-45.0000151018808,3.65747189305545,21.2761157516704));
#1741=CARTESIAN_POINT('Ctrl Pts',(-45.0000184138184,3.67476390619154,21.2889165548353));
#1742=CARTESIAN_POINT('Ctrl Pts',(-45.0000194068378,3.69137719422624,21.3026733666851));
#1743=CARTESIAN_POINT('Ctrl Pts',(-45.0000198128674,3.70724531516538,21.3172848611392));
#1744=CARTESIAN_POINT('Ctrl Pts',(-45.0000203637525,3.72877456259378,21.3371091667773));
#1745=CARTESIAN_POINT('Ctrl Pts',(-45.0000177302179,3.7488753429745,21.3584529422007));
#1746=CARTESIAN_POINT('Ctrl Pts',(-45.0000110710903,3.76738543877741,21.3810852231024));
#1747=CARTESIAN_POINT('Ctrl Pts',(-45.0000086400152,3.77414299579285,21.3893476832329));
#1748=CARTESIAN_POINT('Ctrl Pts',(-45.0000058281943,3.78068838826206,21.397782337706));
#1749=CARTESIAN_POINT('Ctrl Pts',(-45.0000030482164,3.78701303213209,21.4063794354566));
#1750=CARTESIAN_POINT('Ctrl Pts',(-44.9999953931749,3.80442878636719,21.430052695902));
#1751=CARTESIAN_POINT('Ctrl Pts',(-44.9999874670574,3.82017368812693,21.4549550362623));
#1752=CARTESIAN_POINT('Ctrl Pts',(-44.9999813075072,3.83420441455563,21.4808121457564));
#1753=CARTESIAN_POINT('Ctrl Pts',(-44.9999789429259,3.83959065092057,21.4907383961297));
#1754=CARTESIAN_POINT('Ctrl Pts',(-44.999976907508,3.84472385243472,21.5008057218477));
#1755=CARTESIAN_POINT('Ctrl Pts',(-44.9999754655873,3.84959995714952,21.510999789725));
#1756=CARTESIAN_POINT('Ctrl Pts',(-44.9999716159924,3.86261802979808,21.5382155949574));
#1757=CARTESIAN_POINT('Ctrl Pts',(-44.9999692416159,3.87379951615307,21.5663178955394));
#1758=CARTESIAN_POINT('Ctrl Pts',(-44.999971381748,3.88304001222739,21.5950420606496));
#1759=CARTESIAN_POINT('Ctrl Pts',(-44.999972653018,3.88852900327959,21.6121046386761));
#1760=CARTESIAN_POINT('Ctrl Pts',(-44.9999754698705,3.89333220931643,21.6293870256334));
#1761=CARTESIAN_POINT('Ctrl Pts',(-44.9999790524086,3.89741924343931,21.6468352915272));
#1762=CARTESIAN_POINT('Ctrl Pts',(-44.9999846570605,3.90381314701203,21.6741319879291));
#1763=CARTESIAN_POINT('Ctrl Pts',(-44.9999919933343,3.9084543821934,21.7018249814515));
#1764=CARTESIAN_POINT('Ctrl Pts',(-44.9999988989742,3.91119409957341,21.7297041511755));
#1765=CARTESIAN_POINT('Ctrl Pts',(-45.000003703869,3.91310037528227,21.7491022775719));
#1766=CARTESIAN_POINT('Ctrl Pts',(-45.0000080770025,3.91408518065617,21.7685905346703));
#1767=CARTESIAN_POINT('Ctrl Pts',(-45.0000061955517,3.91408468522641,21.7880944564698));
#1768=CARTESIAN_POINT('Ctrl Pts',(-45.0000053372878,3.91408489136391,21.7880949007057));
#1769=CARTESIAN_POINT('Ctrl Pts',(-43.4129294018528,4.29526826299557,22.6095625817415));
#1770=CARTESIAN_POINT('Ctrl Pts',(-40.2193692803178,5.63380963586185,24.2219425027292));
#1771=CARTESIAN_POINT('Ctrl Pts',(-35.4838043740882,9.96338781887839,26.5002757305779));
#1772=CARTESIAN_POINT('Ctrl Pts',(-33.7112356326513,14.6576287903216,27.3102743001145));
#1773=CARTESIAN_POINT('Ctrl Pts',(-33.5293255412483,17.5624999999577,27.3940308118176));
#1774=CARTESIAN_POINT('Ctrl Pts',(-32.8268025367739,17.5312499999563,26.9373169655904));
#1775=CARTESIAN_POINT('Ctrl Pts',(-33.0144522051988,14.529549749999,26.8537048616661));
#1776=CARTESIAN_POINT('Ctrl Pts',(-34.8429485465811,9.67883407950767,26.0451028413873));
#1777=CARTESIAN_POINT('Ctrl Pts',(-39.819989529868,5.12062292264682,23.7278350330417));
#1778=CARTESIAN_POINT('Ctrl Pts',(-43.2432666749876,3.73050875843882,22.0530391766951));
#1779=CARTESIAN_POINT('Ctrl Pts',(-45.0000000000133,3.35004079849327,21.1701567633896));
#1780=CARTESIAN_POINT('Origin',(85.,0.,-237.5));
#1781=CARTESIAN_POINT('',(-30.,0.,28.1788474831973));
#1782=CARTESIAN_POINT('',(-30.,0.,28.1788474831973));
#1783=CARTESIAN_POINT('',(-100.,0.,-14.8225426766328));
#1784=CARTESIAN_POINT('Origin',(85.,0.,-237.5));
#1785=CARTESIAN_POINT('',(-100.,18.,-14.8225426766328));
#1786=CARTESIAN_POINT('',(-100.,0.,-14.8225426766328));
#1787=CARTESIAN_POINT('',(-97.1541181822911,18.,-12.4886064457358));
#1788=CARTESIAN_POINT('Origin',(85.,18.,-237.5));
#1789=CARTESIAN_POINT('',(-96.6559560839185,17.5312499999997,-12.0862390641656));
#1790=CARTESIAN_POINT('Ctrl Pts',(-96.6559560839184,17.5312499999999,-12.0862390641656));
#1791=CARTESIAN_POINT('Ctrl Pts',(-96.6598273565354,17.5931760352547,-12.0893588370027));
#1792=CARTESIAN_POINT('Ctrl Pts',(-96.6910993425089,17.7138872422259,-12.1145602274257));
#1793=CARTESIAN_POINT('Ctrl Pts',(-96.8453357184772,17.9327488865265,-12.2389302513988));
#1794=CARTESIAN_POINT('Ctrl Pts',(-97.0255751356846,18.0000000000009,-12.3845466248832));
#1795=CARTESIAN_POINT('Ctrl Pts',(-97.1541181822911,18.,-12.4886064457358));
#1796=CARTESIAN_POINT('',(-84.9999999999981,3.47140972487141,-3.17063777665281));
#1797=CARTESIAN_POINT('Ctrl Pts',(-85.0000003620468,3.47140135241343,-3.17064019096038));
#1798=CARTESIAN_POINT('Ctrl Pts',(-86.600486604422,3.8759542413199,-4.33178979196122));
#1799=CARTESIAN_POINT('Ctrl Pts',(-89.7496610401242,5.22397102119984,-6.66839732635685));
#1800=CARTESIAN_POINT('Ctrl Pts',(-93.1104132824524,8.2773123002634,-9.26629719575503));
#1801=CARTESIAN_POINT('Ctrl Pts',(-95.67703715294,12.4017555433115,-11.2956496280722));
#1802=CARTESIAN_POINT('Ctrl Pts',(-96.5253529558814,15.4420832810685,-11.9809888966841));
#1803=CARTESIAN_POINT('Ctrl Pts',(-96.6559560839185,17.5312499999997,-12.0862390641656));
#1804=CARTESIAN_POINT('',(-85.,3.,-3.17063777665418));
#1805=CARTESIAN_POINT('',(-85.,0.,-3.17063777665417));
#1806=CARTESIAN_POINT('',(-45.,3.,21.1701567633963));
#1807=CARTESIAN_POINT('Origin',(85.,3.,-237.5));
#1808=CARTESIAN_POINT('',(-45.,0.,21.1701567633963));
#1809=CARTESIAN_POINT('Origin',(-30.,0.,190.));
#1810=CARTESIAN_POINT('',(-30.,18.5,121.821152516803));
#1811=CARTESIAN_POINT('',(-30.,18.5,-40.));
#1812=CARTESIAN_POINT('',(-30.,0.,121.821152516803));
#1813=CARTESIAN_POINT('',(-30.,0.,121.821152516803));
#1814=CARTESIAN_POINT('',(-30.,0.,-40.));
#1815=CARTESIAN_POINT('Origin',(-37.5,18.5,75.));
#1816=CARTESIAN_POINT('',(-32.5312805773287,18.5,122.931203491694));
#1817=CARTESIAN_POINT('',(-32.5312805773287,18.5,190.));
#1818=CARTESIAN_POINT('Origin',(85.,18.5,387.5));
#1819=CARTESIAN_POINT('Ctrl Pts',(-84.8233620689655,3.42784944932469,-3.04259300334942));
#1820=CARTESIAN_POINT('Ctrl Pts',(-86.4867100603457,3.82767063975058,-4.24739754249914));
#1821=CARTESIAN_POINT('Ctrl Pts',(-89.7013324837263,5.18006312035892,-6.63103880025879));
#1822=CARTESIAN_POINT('Ctrl Pts',(-93.1104132824524,8.2773123002634,-9.26629719575503));
#1823=CARTESIAN_POINT('Ctrl Pts',(-95.67703715294,12.4017555433115,-11.2956496280722));
#1824=CARTESIAN_POINT('Ctrl Pts',(-96.5253529558814,15.4420832810685,-11.9809888966841));
#1825=CARTESIAN_POINT('Ctrl Pts',(-96.6559560839185,17.5312499999997,-12.0862390641656));
#1826=CARTESIAN_POINT('Ctrl Pts',(-84.8049064866817,3.5451131816557,-3.02922516365299));
#1827=CARTESIAN_POINT('Ctrl Pts',(-86.4606818551594,3.93752139626675,-4.22817997336474));
#1828=CARTESIAN_POINT('Ctrl Pts',(-89.6626887353972,5.27279047896793,-6.60190270567167));
#1829=CARTESIAN_POINT('Ctrl Pts',(-93.0615445452993,8.3441286162157,-9.22811321965603));
#1830=CARTESIAN_POINT('Ctrl Pts',(-95.6214749430727,12.4396561546327,-11.251194180955));
#1831=CARTESIAN_POINT('Ctrl Pts',(-96.4678261982953,15.4609530475167,-11.9346892188964));
#1832=CARTESIAN_POINT('Ctrl Pts',(-96.5981311267071,17.5372228487295,-12.0396392122127));
#1833=CARTESIAN_POINT('Ctrl Pts',(-84.820639087609,3.77891829058725,-2.93004903140326));
#1834=CARTESIAN_POINT('Ctrl Pts',(-86.456610841353,4.15685411294962,-4.12495633475747));
#1835=CARTESIAN_POINT('Ctrl Pts',(-89.6250020467175,5.45804758197172,-6.49187635410734));
#1836=CARTESIAN_POINT('Ctrl Pts',(-92.9943270662924,8.47773776981219,-9.11294747581094));
#1837=CARTESIAN_POINT('Ctrl Pts',(-95.5340624721683,12.5155037505461,-11.1327654824891));
#1838=CARTESIAN_POINT('Ctrl Pts',(-96.3744414108951,15.4986647612016,-11.8152778464326));
#1839=CARTESIAN_POINT('Ctrl Pts',(-96.5037979808655,17.5491633848696,-11.9200901688494));
#1840=CARTESIAN_POINT('Ctrl Pts',(-84.9331107841297,3.89799732466157,-2.73532217134503));
#1841=CARTESIAN_POINT('Ctrl Pts',(-86.5508847577661,4.27822602095818,-3.93812506339276));
#1842=CARTESIAN_POINT('Ctrl Pts',(-89.6814642441927,5.57731973862381,-6.31889755598318));
#1843=CARTESIAN_POINT('Ctrl Pts',(-93.0075385057825,8.57445977573192,-8.95241557700859));
#1844=CARTESIAN_POINT('Ctrl Pts',(-95.51382818564,12.5754460090178,-10.9809062529045));
#1845=CARTESIAN_POINT('Ctrl Pts',(-96.3428182856199,15.5289575174611,-11.6661099198053));
#1846=CARTESIAN_POINT('Ctrl Pts',(-96.4704402179196,17.5587594738323,-11.7713337662825));
#1847=CARTESIAN_POINT('Ctrl Pts',(-85.,3.91404785418517,-2.63765793081635));
#1848=CARTESIAN_POINT('Ctrl Pts',(-86.6124717282308,4.30097158685539,-3.84454330682126));
#1849=CARTESIAN_POINT('Ctrl Pts',(-89.7287695814161,5.60973850357315,-6.23230138886027));
#1850=CARTESIAN_POINT('Ctrl Pts',(-93.0335779773064,8.60707641960975,-8.87211118054908));
#1851=CARTESIAN_POINT('Ctrl Pts',(-95.5216973904483,12.5984731064305,-10.904968539347));
#1852=CARTESIAN_POINT('Ctrl Pts',(-96.3440660444781,15.5407257558728,-11.591491468181));
#1853=CARTESIAN_POINT('Ctrl Pts',(-96.4706744587544,17.5624999999997,-11.6969234148809));
#1854=CARTESIAN_POINT('',(-85.0000000000031,3.91404785418591,-2.63765793082092));
#1855=CARTESIAN_POINT('Ctrl Pts',(-85.,3.91404785418517,-2.63765793081635));
#1856=CARTESIAN_POINT('Ctrl Pts',(-85.,3.91404785418517,-2.6689400664432));
#1857=CARTESIAN_POINT('Ctrl Pts',(-85.0000271835393,3.91197153775892,-2.69974238625569));
#1858=CARTESIAN_POINT('Ctrl Pts',(-85.0000556194525,3.90794557544408,-2.72982522418542));
#1859=CARTESIAN_POINT('Ctrl Pts',(-85.0000846397385,3.90383687750646,-2.7605262801054));
#1860=CARTESIAN_POINT('Ctrl Pts',(-85.0001143270767,3.89769711333607,-2.79047902973412));
#1861=CARTESIAN_POINT('Ctrl Pts',(-85.0001277159404,3.88960836216551,-2.81942414935057));
#1862=CARTESIAN_POINT('Ctrl Pts',(-85.0001385842657,3.88304236955024,-2.84292016717114));
#1863=CARTESIAN_POINT('Ctrl Pts',(-85.0001387656225,3.87519100645581,-2.86575239765979));
#1864=CARTESIAN_POINT('Ctrl Pts',(-85.0001286521179,3.86607679418318,-2.88777252845521));
#1865=CARTESIAN_POINT('Ctrl Pts',(-85.0001176721488,3.85618173068458,-2.91167921242864));
#1866=CARTESIAN_POINT('Ctrl Pts',(-85.000100475069,3.84471783782861,-2.93483372915707));
#1867=CARTESIAN_POINT('Ctrl Pts',(-85.0000799978665,3.8316190818322,-2.95695260630717));
#1868=CARTESIAN_POINT('Ctrl Pts',(-85.0000610641816,3.81950767561572,-2.97740422066586));
#1869=CARTESIAN_POINT('Ctrl Pts',(-85.0000392864584,3.80599821573512,-2.99697062459851));
#1870=CARTESIAN_POINT('Ctrl Pts',(-85.0000439186411,3.79103055080671,-3.01538885508718));
#1871=CARTESIAN_POINT('Ctrl Pts',(-85.0000442962673,3.78981035222621,-3.01689035173379));
#1872=CARTESIAN_POINT('Ctrl Pts',(-85.0000448655666,3.78858045958334,-3.01838419382272));
#1873=CARTESIAN_POINT('Ctrl Pts',(-85.0000456512199,3.78734083883399,-3.01987022574218));
#1874=CARTESIAN_POINT('Ctrl Pts',(-85.0000512446344,3.77851542889322,-3.03044994609712));
#1875=CARTESIAN_POINT('Ctrl Pts',(-85.0000676415125,3.7691967861649,-3.0406341290415));
#1876=CARTESIAN_POINT('Ctrl Pts',(-85.0000899682828,3.7593910623075,-3.05037889762376));
#1877=CARTESIAN_POINT('Ctrl Pts',(-85.0001342652306,3.7399362271347,-3.06971279579606));
#1878=CARTESIAN_POINT('Ctrl Pts',(-85.000192225704,3.7188314408161,-3.08704835572299));
#1879=CARTESIAN_POINT('Ctrl Pts',(-85.0002247075725,3.69623969129124,-3.10216886618226));
#1880=CARTESIAN_POINT('Ctrl Pts',(-85.0002543139384,3.67564790781158,-3.11595081242491));
#1881=CARTESIAN_POINT('Ctrl Pts',(-85.0002629585082,3.65381976021026,-3.1278924703498));
#1882=CARTESIAN_POINT('Ctrl Pts',(-85.0002453781692,3.63088273492696,-3.13778832805689));
#1883=CARTESIAN_POINT('Ctrl Pts',(-85.0002436706881,3.62865498851589,-3.1387494579863));
#1884=CARTESIAN_POINT('Ctrl Pts',(-85.0002417351898,3.62641679191412,-3.13969125479981));
#1885=CARTESIAN_POINT('Ctrl Pts',(-85.0002395795477,3.62416826941488,-3.14061350718638));
#1886=CARTESIAN_POINT('Ctrl Pts',(-85.000216007836,3.59958092139406,-3.15069823633604));
#1887=CARTESIAN_POINT('Ctrl Pts',(-85.0001639138426,3.57424309897362,-3.15825098983236));
#1888=CARTESIAN_POINT('Ctrl Pts',(-85.0001101258835,3.54841114305374,-3.1632633271691));
#1889=CARTESIAN_POINT('Ctrl Pts',(-85.0000575112042,3.52314266104081,-3.16816633010967));
#1890=CARTESIAN_POINT('Ctrl Pts',(-85.0000033097215,3.49740008263715,-3.17063883939994));
#1891=CARTESIAN_POINT('Ctrl Pts',(-85.0000017362182,3.47140169976107,-3.17064118791903));
#1892=CARTESIAN_POINT('',(-96.4706744587544,17.5624999999999,-11.6969234148809));
#1893=CARTESIAN_POINT('Origin',(-96.9696969407128,17.5312499999997,-11.6969234148809));
#1894=CARTESIAN_POINT('Ctrl Pts',(-96.4706744587544,17.5624999999997,-11.6969234148809));
#1895=CARTESIAN_POINT('Ctrl Pts',(-96.3440660444781,15.5407257558728,-11.591491468181));
#1896=CARTESIAN_POINT('Ctrl Pts',(-95.5216973904483,12.5984731064305,-10.904968539347));
#1897=CARTESIAN_POINT('Ctrl Pts',(-93.0335779773064,8.60707641960975,-8.87211118054908));
#1898=CARTESIAN_POINT('Ctrl Pts',(-89.7287695814161,5.60973850357315,-6.23230138886027));
#1899=CARTESIAN_POINT('Ctrl Pts',(-86.6124717282308,4.30097158685539,-3.84454330682126));
#1900=CARTESIAN_POINT('Ctrl Pts',(-85.,3.91404785418517,-2.63765793081635));
#1901=CARTESIAN_POINT('Ctrl Pts',(-96.6559560839184,17.5312499999999,-12.0862390641656));
#1902=CARTESIAN_POINT('Ctrl Pts',(-96.6598273565354,17.5931760352547,-12.0893588370027));
#1903=CARTESIAN_POINT('Ctrl Pts',(-96.6910993425089,17.7138872422259,-12.1145602274257));
#1904=CARTESIAN_POINT('Ctrl Pts',(-96.8453357184772,17.9327488865265,-12.2389302513988));
#1905=CARTESIAN_POINT('Ctrl Pts',(-97.0255751356846,18.0000000000009,-12.3845466248832));
#1906=CARTESIAN_POINT('Ctrl Pts',(-97.1541181822911,18.,-12.4886064457358));
#1907=CARTESIAN_POINT('Ctrl Pts',(-96.598131126707,17.5372228487297,-12.0396392122127));
#1908=CARTESIAN_POINT('Ctrl Pts',(-96.6023377717958,17.6109986534373,-12.0430314929482));
#1909=CARTESIAN_POINT('Ctrl Pts',(-96.6363902365006,17.7551010894692,-12.0702315792331));
#1910=CARTESIAN_POINT('Ctrl Pts',(-96.8048886180244,18.0220112188776,-12.2063261509774));
#1911=CARTESIAN_POINT('Ctrl Pts',(-97.0054503295246,18.1172638792088,-12.3676885164372));
#1912=CARTESIAN_POINT('Ctrl Pts',(-97.1541181822917,18.1308996939,-12.4886064457363));
#1913=CARTESIAN_POINT('Ctrl Pts',(-96.5037980974076,17.5491633803889,-11.9200901130254));
#1914=CARTESIAN_POINT('Ctrl Pts',(-96.5089861117826,17.6466179315092,-11.9236475060415));
#1915=CARTESIAN_POINT('Ctrl Pts',(-96.550688320013,17.8376904142887,-11.9523368564497));
#1916=CARTESIAN_POINT('Ctrl Pts',(-96.7608393695296,18.2003553574134,-12.0957903744339));
#1917=CARTESIAN_POINT('Ctrl Pts',(-97.0180304664191,18.3518287650471,-12.2693426672029));
#1918=CARTESIAN_POINT('Ctrl Pts',(-97.2223806620615,18.3915095190277,-12.404283149325));
#1919=CARTESIAN_POINT('Ctrl Pts',(-96.4704402179196,17.5587594738325,-11.7713337662824));
#1920=CARTESIAN_POINT('Ctrl Pts',(-96.4772649733014,17.675233067665,-11.7746043036418));
#1921=CARTESIAN_POINT('Ctrl Pts',(-96.5323225197542,17.9026893832931,-11.8009484774254));
#1922=CARTESIAN_POINT('Ctrl Pts',(-96.806853837037,18.3256956283153,-11.9319164525009));
#1923=CARTESIAN_POINT('Ctrl Pts',(-97.1371939679426,18.4783098457404,-12.0869356704855));
#1924=CARTESIAN_POINT('Ctrl Pts',(-97.3863570105451,18.5000000000006,-12.2017263965584));
#1925=CARTESIAN_POINT('Ctrl Pts',(-96.4706744587543,17.5624999999999,-11.6969234148809));
#1926=CARTESIAN_POINT('Ctrl Pts',(-96.4784303762597,17.6863520705095,-11.7000485759268));
#1927=CARTESIAN_POINT('Ctrl Pts',(-96.5410823688837,17.9277744844519,-11.7252934920672));
#1928=CARTESIAN_POINT('Ctrl Pts',(-96.8500878889583,18.3654977730529,-11.8498783174634));
#1929=CARTESIAN_POINT('Ctrl Pts',(-97.2111893120337,18.5000000000019,-11.995746187275));
#1930=CARTESIAN_POINT('Ctrl Pts',(-97.4687194226787,18.5,-12.0999857314798));
#1931=CARTESIAN_POINT('',(-97.468719422675,18.5,-12.0999857314798));
#1932=CARTESIAN_POINT('Origin',(-97.468719422675,18.,-12.0999857314798));
#1933=CARTESIAN_POINT('Ctrl Pts',(-97.4687194226787,18.5,-12.0999857314798));
#1934=CARTESIAN_POINT('Ctrl Pts',(-97.2111893120337,18.5000000000019,-11.995746187275));
#1935=CARTESIAN_POINT('Ctrl Pts',(-96.8500878889583,18.3654977730529,-11.8498783174634));
#1936=CARTESIAN_POINT('Ctrl Pts',(-96.5410823688837,17.9277744844519,-11.7252934920672));
#1937=CARTESIAN_POINT('Ctrl Pts',(-96.4784303762597,17.6863520705095,-11.7000485759268));
#1938=CARTESIAN_POINT('Ctrl Pts',(-96.4706744587543,17.5624999999999,-11.6969234148809));
#1939=CARTESIAN_POINT('Origin',(85.,18.,-237.5));
#1940=CARTESIAN_POINT('',(-100.,18.5,-14.172885658727));
#1941=CARTESIAN_POINT('Ctrl Pts',(-100.,18.,-14.8225426766328));
#1942=CARTESIAN_POINT('Ctrl Pts',(-100.,18.0566186180577,-14.8225426766328));
#1943=CARTESIAN_POINT('Ctrl Pts',(-100.,18.1226714495409,-14.8066308808647));
#1944=CARTESIAN_POINT('Ctrl Pts',(-100.,18.2322903084152,-14.7538427831607));
#1945=CARTESIAN_POINT('Ctrl Pts',(-100.,18.292828540484,-14.7045660417771));
#1946=CARTESIAN_POINT('Ctrl Pts',(-100.,18.3845912953983,-14.596913106894));
#1947=CARTESIAN_POINT('Ctrl Pts',(-100.,18.4286520986728,-14.5165057751819));
#1948=CARTESIAN_POINT('Ctrl Pts',(-100.,18.4831883933333,-14.3626155837138));
#1949=CARTESIAN_POINT('Ctrl Pts',(-100.,18.5,-14.2597468470684));
#1950=CARTESIAN_POINT('Ctrl Pts',(-100.,18.5,-14.172885658727));
#1951=CARTESIAN_POINT('Origin',(85.,18.5,-237.5));
#1952=CARTESIAN_POINT('Origin',(-100.,0.,-40.));
#1953=CARTESIAN_POINT('',(-100.,0.,164.822542676633));
#1954=CARTESIAN_POINT('',(-100.,0.,-40.));
#1955=CARTESIAN_POINT('',(-100.,18.,164.822542676633));
#1956=CARTESIAN_POINT('',(-100.,0.,164.822542676633));
#1957=CARTESIAN_POINT('',(-100.,18.5,164.172885658727));
#1958=CARTESIAN_POINT('Ctrl Pts',(-100.,18.5,164.172885658727));
#1959=CARTESIAN_POINT('Ctrl Pts',(-100.,18.5,164.259746847068));
#1960=CARTESIAN_POINT('Ctrl Pts',(-100.,18.4831883933333,164.362615583714));
#1961=CARTESIAN_POINT('Ctrl Pts',(-100.,18.4286520986728,164.516505775182));
#1962=CARTESIAN_POINT('Ctrl Pts',(-100.,18.3845912953983,164.596913106894));
#1963=CARTESIAN_POINT('Ctrl Pts',(-100.,18.292828540484,164.704566041777));
#1964=CARTESIAN_POINT('Ctrl Pts',(-100.,18.2322903084152,164.753842783161));
#1965=CARTESIAN_POINT('Ctrl Pts',(-100.,18.1226714495409,164.806630880865));
#1966=CARTESIAN_POINT('Ctrl Pts',(-100.,18.0566186180578,164.822542676633));
#1967=CARTESIAN_POINT('Ctrl Pts',(-100.,18.,164.822542676633));
#1968=CARTESIAN_POINT('',(-100.,18.5,-40.));
#1969=CARTESIAN_POINT('Origin',(85.,18.,387.5));
#1970=CARTESIAN_POINT('',(-97.1541181822874,18.,162.488606445733));
#1971=CARTESIAN_POINT('Origin',(85.,18.,387.5));
#1972=CARTESIAN_POINT('',(-97.4687194226713,18.5,162.099985731477));
#1973=CARTESIAN_POINT('Origin',(-97.4687194226713,18.,162.099985731477));
#1974=CARTESIAN_POINT('Origin',(85.,18.5,387.5));
#1975=CARTESIAN_POINT('Ctrl Pts',(-97.1541181822874,18.,162.488606445733));
#1976=CARTESIAN_POINT('Ctrl Pts',(-97.0577106090303,18.,162.410561346703));
#1977=CARTESIAN_POINT('Ctrl Pts',(-96.8964959476661,17.953940889944,162.280235962514));
#1978=CARTESIAN_POINT('Ctrl Pts',(-96.7144434974164,17.7720822869176,162.1333670996));
#1979=CARTESIAN_POINT('Ctrl Pts',(-96.6611177961769,17.6138182939229,162.090398773721));
#1980=CARTESIAN_POINT('Ctrl Pts',(-96.6559560839184,17.53125,162.086239064166));
#1981=CARTESIAN_POINT('Ctrl Pts',(-97.1541181822874,18.1308996938996,162.488606445733));
#1982=CARTESIAN_POINT('Ctrl Pts',(-97.0426169592726,18.1206728022973,162.397917727558));
#1983=CARTESIAN_POINT('Ctrl Pts',(-96.8613861856506,18.0510489288164,162.251876408807));
#1984=CARTESIAN_POINT('Ctrl Pts',(-96.6617723663535,17.8246848925267,162.090589000433));
#1985=CARTESIAN_POINT('Ctrl Pts',(-96.6037400035984,17.6355908825047,162.044162266719));
#1986=CARTESIAN_POINT('Ctrl Pts',(-96.598131126707,17.5372228487297,162.039639212213));
#1987=CARTESIAN_POINT('Ctrl Pts',(-97.2224013095062,18.3914767037545,162.404257643932));
#1988=CARTESIAN_POINT('Ctrl Pts',(-97.0691382044472,18.3617160492701,162.303051979689));
#1989=CARTESIAN_POINT('Ctrl Pts',(-96.8325306954873,18.2450562073531,162.144353251625));
#1990=CARTESIAN_POINT('Ctrl Pts',(-96.5818238414565,17.930111058808,161.973744739502));
#1991=CARTESIAN_POINT('Ctrl Pts',(-96.5107201831317,17.6791029892686,161.924831060581));
#1992=CARTESIAN_POINT('Ctrl Pts',(-96.5038028099457,17.5491631991962,161.920087855708));
#1993=CARTESIAN_POINT('Ctrl Pts',(-97.3863570105379,18.5,162.201726396555));
#1994=CARTESIAN_POINT('Ctrl Pts',(-97.1994841697501,18.4837323356558,162.115633094541));
#1995=CARTESIAN_POINT('Ctrl Pts',(-96.8995747778959,18.3722992661629,161.975694299316));
#1996=CARTESIAN_POINT('Ctrl Pts',(-96.573339857191,18.0125866028007,161.820632537419));
#1997=CARTESIAN_POINT('Ctrl Pts',(-96.4795399189743,17.7140580633554,161.775694495802));
#1998=CARTESIAN_POINT('Ctrl Pts',(-96.4704402179196,17.5587594738326,161.771333766282));
#1999=CARTESIAN_POINT('Ctrl Pts',(-97.4687194226713,18.5,162.099985731477));
#2000=CARTESIAN_POINT('Ctrl Pts',(-97.2755712620853,18.5,162.021805839529));
#2001=CARTESIAN_POINT('Ctrl Pts',(-96.9525850666082,18.407881779888,161.891255368322));
#2002=CARTESIAN_POINT('Ctrl Pts',(-96.5878513148119,18.0441645738353,161.744132845886));
#2003=CARTESIAN_POINT('Ctrl Pts',(-96.4810157130199,17.7276365878457,161.701090308736));
#2004=CARTESIAN_POINT('Ctrl Pts',(-96.4706744587543,17.5625,161.696923414881));
#2005=CARTESIAN_POINT('',(-96.6559560839184,17.53125,162.086239064166));
#2006=CARTESIAN_POINT('',(-96.4706744587543,17.5625,161.696923414881));
#2007=CARTESIAN_POINT('Origin',(-96.9696969407128,17.53125,161.696923414881));
#2008=CARTESIAN_POINT('Ctrl Pts',(-96.4706744587543,17.5625,161.696923414881));
#2009=CARTESIAN_POINT('Ctrl Pts',(-96.4810157130199,17.7276365878457,161.701090308736));
#2010=CARTESIAN_POINT('Ctrl Pts',(-96.5878513148119,18.0441645738353,161.744132845886));
#2011=CARTESIAN_POINT('Ctrl Pts',(-96.9525850666082,18.407881779888,161.891255368322));
#2012=CARTESIAN_POINT('Ctrl Pts',(-97.2755712620853,18.5,162.021805839529));
#2013=CARTESIAN_POINT('Ctrl Pts',(-97.4687194226713,18.5,162.099985731477));
#2014=CARTESIAN_POINT('Ctrl Pts',(-97.1541181822874,18.,162.488606445733));
#2015=CARTESIAN_POINT('Ctrl Pts',(-97.0577106090303,18.,162.410561346703));
#2016=CARTESIAN_POINT('Ctrl Pts',(-96.8964959476661,17.953940889944,162.280235962514));
#2017=CARTESIAN_POINT('Ctrl Pts',(-96.7144434974164,17.7720822869176,162.1333670996));
#2018=CARTESIAN_POINT('Ctrl Pts',(-96.6611177961769,17.6138182939229,162.090398773721));
#2019=CARTESIAN_POINT('Ctrl Pts',(-96.6559560839184,17.53125,162.086239064166));
#2020=CARTESIAN_POINT('Ctrl Pts',(-96.6559560839185,17.53125,162.086239064166));
#2021=CARTESIAN_POINT('Ctrl Pts',(-96.5253529560344,15.4420832835146,161.980988896807));
#2022=CARTESIAN_POINT('Ctrl Pts',(-95.6766119716215,12.4025443189571,161.295273397385));
#2023=CARTESIAN_POINT('Ctrl Pts',(-93.1101833696679,8.277788735,159.266097295892));
#2024=CARTESIAN_POINT('Ctrl Pts',(-89.7010923101323,5.18045089555301,156.630842524671));
#2025=CARTESIAN_POINT('Ctrl Pts',(-86.4867100667355,3.82767064128651,154.247397547127));
#2026=CARTESIAN_POINT('Ctrl Pts',(-84.8233620689655,3.42784944932469,153.042593003349));
#2027=CARTESIAN_POINT('Ctrl Pts',(-96.5981311267071,17.5372228487297,162.039639212213));
#2028=CARTESIAN_POINT('Ctrl Pts',(-96.4678261984479,15.4609530499478,161.934689219019));
#2029=CARTESIAN_POINT('Ctrl Pts',(-95.6210681117142,12.4404343999644,161.250790922296));
#2030=CARTESIAN_POINT('Ctrl Pts',(-93.0613287042544,8.34459698295911,159.227891487314));
#2031=CARTESIAN_POINT('Ctrl Pts',(-89.6624682183598,5.27316714710883,156.601673512493));
#2032=CARTESIAN_POINT('Ctrl Pts',(-86.4606818615202,3.93752139777421,154.228179977971));
#2033=CARTESIAN_POINT('Ctrl Pts',(-84.8049064866817,3.5451131816557,153.029225163653));
#2034=CARTESIAN_POINT('Ctrl Pts',(-96.5038027820144,17.5491632002702,161.920087869087));
#2035=CARTESIAN_POINT('Ctrl Pts',(-96.3744462121955,15.4986645790027,161.815275546793));
#2036=CARTESIAN_POINT('Ctrl Pts',(-95.5336406212066,12.5162940267383,161.132393741581));
#2037=CARTESIAN_POINT('Ctrl Pts',(-92.9941034872441,8.47821405705969,159.112748033107));
#2038=CARTESIAN_POINT('Ctrl Pts',(-89.6247718565644,5.45843927343815,156.491681304867));
#2039=CARTESIAN_POINT('Ctrl Pts',(-86.4566289995404,4.15683258746298,154.124938410428));
#2040=CARTESIAN_POINT('Ctrl Pts',(-84.8206572395118,3.77889676364875,152.930031102483));
#2041=CARTESIAN_POINT('Ctrl Pts',(-96.4704402179196,17.5587594738326,161.771333766282));
#2042=CARTESIAN_POINT('Ctrl Pts',(-96.3428182857694,15.5289575198377,161.666109919929));
#2043=CARTESIAN_POINT('Ctrl Pts',(-95.513410946685,12.5761816232986,160.980523195327));
#2044=CARTESIAN_POINT('Ctrl Pts',(-93.0073106672384,8.57489679685634,158.952210152039));
#2045=CARTESIAN_POINT('Ctrl Pts',(-89.6812202684045,5.57765591054341,156.318692767102));
#2046=CARTESIAN_POINT('Ctrl Pts',(-86.5508847639809,4.27822602241886,153.938125068013));
#2047=CARTESIAN_POINT('Ctrl Pts',(-84.9331107841297,3.89799732466158,152.735322171345));
#2048=CARTESIAN_POINT('Ctrl Pts',(-96.4706744587544,17.5625,161.696923414881));
#2049=CARTESIAN_POINT('Ctrl Pts',(-96.3440660446263,15.54072575824,161.591491468304));
#2050=CARTESIAN_POINT('Ctrl Pts',(-95.5212852140072,12.5992364377004,160.904591658866));
#2051=CARTESIAN_POINT('Ctrl Pts',(-93.0333550967865,8.60753748548387,158.871910935436));
#2052=CARTESIAN_POINT('Ctrl Pts',(-89.7285367539307,5.61011376989001,156.232104774282));
#2053=CARTESIAN_POINT('Ctrl Pts',(-86.6124717344252,4.30097158834179,153.844543311458));
#2054=CARTESIAN_POINT('Ctrl Pts',(-85.,3.91404785418518,152.637657930816));
#2055=CARTESIAN_POINT('',(-84.9999999999967,3.47140972487069,153.170637776652));
#2056=CARTESIAN_POINT('',(-85.0000000000032,3.91404785418596,152.637657930821));
#2057=CARTESIAN_POINT('Ctrl Pts',(-85.0000012917173,3.47140241819125,153.170640824563));
#2058=CARTESIAN_POINT('Ctrl Pts',(-85.0000029016574,3.49822143847137,153.170638371092));
#2059=CARTESIAN_POINT('Ctrl Pts',(-85.0000607871047,3.52476215765201,153.16800714288));
#2060=CARTESIAN_POINT('Ctrl Pts',(-85.000115761542,3.55078569506454,153.162793479319));
#2061=CARTESIAN_POINT('Ctrl Pts',(-85.0001707359794,3.57680923247707,153.157579815759));
#2062=CARTESIAN_POINT('Ctrl Pts',(-85.0002228858845,3.60231694616718,153.149783238751));
#2063=CARTESIAN_POINT('Ctrl Pts',(-85.0002455428046,3.62704600913203,153.139414403524));
#2064=CARTESIAN_POINT('Ctrl Pts',(-85.0002677655376,3.65130117546924,153.129244271987));
#2065=CARTESIAN_POINT('Ctrl Pts',(-85.0002612445218,3.67433742591312,153.116796824135));
#2066=CARTESIAN_POINT('Ctrl Pts',(-85.0002311310556,3.69600598103007,153.102313232206));
#2067=CARTESIAN_POINT('Ctrl Pts',(-85.0002010175894,3.71767453614703,153.087829640277));
#2068=CARTESIAN_POINT('Ctrl Pts',(-85.0001475251909,3.73797660675592,153.071309220087));
#2069=CARTESIAN_POINT('Ctrl Pts',(-85.0001042909389,3.75676881823004,153.052944542519));
#2070=CARTESIAN_POINT('Ctrl Pts',(-85.0000795263171,3.7675330153428,153.042425237246));
#2071=CARTESIAN_POINT('Ctrl Pts',(-85.0000604550025,3.7777230457781,153.031378392809));
#2072=CARTESIAN_POINT('Ctrl Pts',(-85.0000537504954,3.78733049309863,153.01986051435));
#2073=CARTESIAN_POINT('Ctrl Pts',(-85.0000428741947,3.80291605124618,153.001175783801));
#2074=CARTESIAN_POINT('Ctrl Pts',(-85.0000624613184,3.81696948316898,152.981254213447));
#2075=CARTESIAN_POINT('Ctrl Pts',(-85.0000809668113,3.82955374301878,152.960380951842));
#2076=CARTESIAN_POINT('Ctrl Pts',(-85.0000961000486,3.83984477344868,152.943311424281));
#2077=CARTESIAN_POINT('Ctrl Pts',(-85.0001112511898,3.84915327941602,152.925604315114));
#2078=CARTESIAN_POINT('Ctrl Pts',(-85.0001235476252,3.85750962740716,152.907394693008));
#2079=CARTESIAN_POINT('Ctrl Pts',(-85.0001398546934,3.86859150040238,152.883245780148));
#2080=CARTESIAN_POINT('Ctrl Pts',(-85.0001478965117,3.87795698139103,152.858303076505));
#2081=CARTESIAN_POINT('Ctrl Pts',(-85.0001392181164,3.88568781785837,152.832856219134));
#2082=CARTESIAN_POINT('Ctrl Pts',(-85.0001331819265,3.89106494064368,152.815156856696));
#2083=CARTESIAN_POINT('Ctrl Pts',(-85.0001197930566,3.8956511221239,152.797212519462));
#2084=CARTESIAN_POINT('Ctrl Pts',(-85.0001045801975,3.89947094218731,152.779109011822));
#2085=CARTESIAN_POINT('Ctrl Pts',(-85.0000800410178,3.90563252237494,152.749907056717));
#2086=CARTESIAN_POINT('Ctrl Pts',(-85.0000487847553,3.9098063375882,152.720267080119));
#2087=CARTESIAN_POINT('Ctrl Pts',(-85.000024933796,3.91205877763165,152.690484793092));
#2088=CARTESIAN_POINT('Ctrl Pts',(-85.0000108574463,3.91338812180509,152.672907894722));
#2089=CARTESIAN_POINT('Ctrl Pts',(-85.,3.91404785418518,152.655280597626));
#2090=CARTESIAN_POINT('Ctrl Pts',(-85.,3.91404785418518,152.637657930816));
#2091=CARTESIAN_POINT('Ctrl Pts',(-85.,3.91404785418518,152.637657930816));
#2092=CARTESIAN_POINT('Ctrl Pts',(-86.6124717344252,4.30097158834179,153.844543311458));
#2093=CARTESIAN_POINT('Ctrl Pts',(-89.7285367539307,5.61011376989001,156.232104774282));
#2094=CARTESIAN_POINT('Ctrl Pts',(-93.0333550967865,8.60753748548387,158.871910935436));
#2095=CARTESIAN_POINT('Ctrl Pts',(-95.5212852140072,12.5992364377004,160.904591658866));
#2096=CARTESIAN_POINT('Ctrl Pts',(-96.3440660446263,15.54072575824,161.591491468304));
#2097=CARTESIAN_POINT('Ctrl Pts',(-96.4706744587544,17.5625,161.696923414881));
#2098=CARTESIAN_POINT('Ctrl Pts',(-96.6559560839185,17.53125,162.086239064166));
#2099=CARTESIAN_POINT('Ctrl Pts',(-96.5253529560344,15.4420832835146,161.980988896807));
#2100=CARTESIAN_POINT('Ctrl Pts',(-95.6766119716215,12.4025443189571,161.295273397385));
#2101=CARTESIAN_POINT('Ctrl Pts',(-93.1101833696679,8.277788735,159.266097295892));
#2102=CARTESIAN_POINT('Ctrl Pts',(-89.7494211025324,5.22436013552966,156.668201069378));
#2103=CARTESIAN_POINT('Ctrl Pts',(-86.6004783894307,3.87596797760868,154.331783058867));
#2104=CARTESIAN_POINT('Ctrl Pts',(-85.0000002488013,3.47140215456489,153.17064006793));
#2105=CARTESIAN_POINT('Origin',(-85.,0.,190.));
#2106=CARTESIAN_POINT('',(-85.,3.,153.170637776654));
#2107=CARTESIAN_POINT('',(-85.,0.,153.170637776654));
#2108=CARTESIAN_POINT('',(-85.,3.5,152.553197510585));
#2109=CARTESIAN_POINT('Ctrl Pts',(-85.,3.,153.170637776654));
#2110=CARTESIAN_POINT('Ctrl Pts',(-85.,3.05759156920121,153.170637776654));
#2111=CARTESIAN_POINT('Ctrl Pts',(-85.,3.12491076113181,153.155007602893));
#2112=CARTESIAN_POINT('Ctrl Pts',(-85.,3.2353689219382,153.103332072005));
#2113=CARTESIAN_POINT('Ctrl Pts',(-85.,3.29616609170252,153.055709984367));
#2114=CARTESIAN_POINT('Ctrl Pts',(-85.,3.38705720608991,152.95235055695));
#2115=CARTESIAN_POINT('Ctrl Pts',(-85.,3.43058379822601,152.875939985345));
#2116=CARTESIAN_POINT('Ctrl Pts',(-85.,3.48365601090674,152.730729741244));
#2117=CARTESIAN_POINT('Ctrl Pts',(-85.,3.50000000000001,152.63452051614));
#2118=CARTESIAN_POINT('Ctrl Pts',(-85.,3.5,152.553197510585));
#2119=CARTESIAN_POINT('',(-85.,3.5,118.067674215323));
#2120=CARTESIAN_POINT('',(-85.,3.5,132.5));
#2121=CARTESIAN_POINT('',(-85.,3.91404785418518,117.839081259685));
#2122=CARTESIAN_POINT('',(-85.,-14.8092869260387,128.176104851391));
#2123=CARTESIAN_POINT('',(-85.,3.91404785418518,190.));
#2124=CARTESIAN_POINT('Origin',(85.,0.,387.5));
#2125=CARTESIAN_POINT('Origin',(85.,0.,387.5));
#2126=CARTESIAN_POINT('',(-33.5293255412456,17.5625,123.3768298942));
#2127=CARTESIAN_POINT('Ctrl Pts',(-33.5293255412457,17.5625,123.3768298942));
#2128=CARTESIAN_POINT('Ctrl Pts',(-33.5226874379048,17.6685020097481,123.373850943464));
#2129=CARTESIAN_POINT('Ctrl Pts',(-33.4981823455314,17.7774500213938,123.362852247567));
#2130=CARTESIAN_POINT('Ctrl Pts',(-33.4075568336622,17.9991837773114,123.322212487535));
#2131=CARTESIAN_POINT('Ctrl Pts',(-33.3337900918883,18.1084679316529,123.289151676009));
#2132=CARTESIAN_POINT('Ctrl Pts',(-33.1592600984851,18.2893370755488,123.211049551154));
#2133=CARTESIAN_POINT('Ctrl Pts',(-33.0437853635489,18.3693928071239,123.159436334881));
#2134=CARTESIAN_POINT('Ctrl Pts',(-32.7929272569171,18.4747030439605,123.047555976504));
#2135=CARTESIAN_POINT('Ctrl Pts',(-32.6575567114372,18.5,122.987300038014));
#2136=CARTESIAN_POINT('Ctrl Pts',(-32.5312805773287,18.5,122.931203491694));
#2137=CARTESIAN_POINT('',(-45.,3.91404785418519,128.829843236604));
#2138=CARTESIAN_POINT('Ctrl Pts',(-45.,3.91404785418519,128.829843236604));
#2139=CARTESIAN_POINT('Ctrl Pts',(-44.2271112342539,4.09950785385257,128.441412113338));
#2140=CARTESIAN_POINT('Ctrl Pts',(-43.4580315902812,4.34952379074458,128.059296224951));
#2141=CARTESIAN_POINT('Ctrl Pts',(-41.7654361933824,5.05774662508965,127.22729284384));
#2142=CARTESIAN_POINT('Ctrl Pts',(-40.8534065429092,5.55441747212188,126.785493520753));
#2143=CARTESIAN_POINT('Ctrl Pts',(-39.1574841170703,6.71968186010007,125.973609429424));
#2144=CARTESIAN_POINT('Ctrl Pts',(-38.3736878859524,7.38840330262113,125.603506572514));
#2145=CARTESIAN_POINT('Ctrl Pts',(-37.0618317719881,8.75526763954369,124.989768215167));
#2146=CARTESIAN_POINT('Ctrl Pts',(-36.4756932712888,9.48225638691341,124.718275143239));
#2147=CARTESIAN_POINT('Ctrl Pts',(-35.4334873962516,11.0723556509291,124.239000062701));
#2148=CARTESIAN_POINT('Ctrl Pts',(-34.9774353333199,11.9354592750127,124.031161892946));
#2149=CARTESIAN_POINT('Ctrl Pts',(-34.2406667309572,13.7434918738834,123.69689722193));
#2150=CARTESIAN_POINT('Ctrl Pts',(-33.9593137307028,14.6900935660213,123.570136376527));
#2151=CARTESIAN_POINT('Ctrl Pts',(-33.6502814242178,16.2842936750913,123.431109065276));
#2152=CARTESIAN_POINT('Ctrl Pts',(-33.5691189449127,16.9270503019676,123.394687794723));
#2153=CARTESIAN_POINT('Ctrl Pts',(-33.5293255412457,17.5625,123.3768298942));
#2154=CARTESIAN_POINT('',(-45.,3.,128.829843236604));
#2155=CARTESIAN_POINT('',(-45.,0.,128.829843236604));
#2156=CARTESIAN_POINT('Origin',(85.,3.,387.5));
#2157=CARTESIAN_POINT('Origin',(85.,3.,-237.5));
#2158=CARTESIAN_POINT('',(-45.,3.5,21.7296279363145));
#2159=CARTESIAN_POINT('Ctrl Pts',(-45.,3.,21.1701567633963));
#2160=CARTESIAN_POINT('Ctrl Pts',(-45.,3.05950131479576,21.1701567633963));
#2161=CARTESIAN_POINT('Ctrl Pts',(-45.,3.12929219096077,21.1852371781788));
#2162=CARTESIAN_POINT('Ctrl Pts',(-45.,3.24140283395285,21.2348044503959));
#2163=CARTESIAN_POINT('Ctrl Pts',(-45.,3.3026211973421,21.2793224199433));
#2164=CARTESIAN_POINT('Ctrl Pts',(-45.,3.39181851666643,21.3748323922215));
#2165=CARTESIAN_POINT('Ctrl Pts',(-45.,3.43426117091007,21.4439716172921));
#2166=CARTESIAN_POINT('Ctrl Pts',(-45.,3.48455286816573,21.573688316234));
#2167=CARTESIAN_POINT('Ctrl Pts',(-45.,3.5,21.658109197838));
#2168=CARTESIAN_POINT('Ctrl Pts',(-45.,3.5,21.7296279363145));
#2169=CARTESIAN_POINT('',(-85.,3.5,-2.55319751058533));
#2170=CARTESIAN_POINT('Ctrl Pts',(-85.,3.5,-2.55319751058533));
#2171=CARTESIAN_POINT('Ctrl Pts',(-85.,3.5,-2.63452051613983));
#2172=CARTESIAN_POINT('Ctrl Pts',(-85.,3.48365601090674,-2.7307297412443));
#2173=CARTESIAN_POINT('Ctrl Pts',(-85.,3.430583798226,-2.87593998534539));
#2174=CARTESIAN_POINT('Ctrl Pts',(-85.,3.3870572060899,-2.95235055695009));
#2175=CARTESIAN_POINT('Ctrl Pts',(-85.,3.29616609170251,-3.05570998436725));
#2176=CARTESIAN_POINT('Ctrl Pts',(-85.,3.2353689219382,-3.10333207200513));
#2177=CARTESIAN_POINT('Ctrl Pts',(-85.,3.12491076113181,-3.15500760289271));
#2178=CARTESIAN_POINT('Ctrl Pts',(-85.,3.05759156920121,-3.17063777665417));
#2179=CARTESIAN_POINT('Ctrl Pts',(-85.,3.,-3.17063777665417));
#2180=CARTESIAN_POINT('Origin',(85.,3.5,-237.5));
#2181=CARTESIAN_POINT('Origin',(85.,3.,387.5));
#2182=CARTESIAN_POINT('',(-45.,3.5,128.270372063686));
#2183=CARTESIAN_POINT('Ctrl Pts',(-45.,3.5,128.270372063686));
#2184=CARTESIAN_POINT('Ctrl Pts',(-45.,3.5,128.341890802162));
#2185=CARTESIAN_POINT('Ctrl Pts',(-45.,3.48455286816574,128.426311683766));
#2186=CARTESIAN_POINT('Ctrl Pts',(-45.,3.43426117091008,128.556028382708));
#2187=CARTESIAN_POINT('Ctrl Pts',(-45.,3.39181851666643,128.625167607779));
#2188=CARTESIAN_POINT('Ctrl Pts',(-45.,3.3026211973421,128.720677580057));
#2189=CARTESIAN_POINT('Ctrl Pts',(-45.,3.24140283395285,128.765195549604));
#2190=CARTESIAN_POINT('Ctrl Pts',(-45.,3.12929219096077,128.814762821821));
#2191=CARTESIAN_POINT('Ctrl Pts',(-45.,3.05950131479576,128.829843236604));
#2192=CARTESIAN_POINT('Ctrl Pts',(-45.,3.,128.829843236604));
#2193=CARTESIAN_POINT('Origin',(85.,3.5,387.5));
#2194=CARTESIAN_POINT('Origin',(-45.,0.,-40.));
#2195=CARTESIAN_POINT('',(-45.,3.91404785418519,117.839081259685));
#2196=CARTESIAN_POINT('',(-45.,3.91404785418519,190.));
#2197=CARTESIAN_POINT('',(-45.,3.5,118.067674215323));
#2198=CARTESIAN_POINT('',(-45.,33.8497986880885,101.311760339678));
#2199=CARTESIAN_POINT('',(-45.,3.5,17.5));
#2200=CARTESIAN_POINT('Origin',(-85.,0.,190.));
#2201=CARTESIAN_POINT('',(-85.,3.91404785418518,32.2399361688886));
#2202=CARTESIAN_POINT('',(-85.,3.91404785418518,190.));
#2203=CARTESIAN_POINT('',(-85.,3.5,32.0029843484738));
#2204=CARTESIAN_POINT('',(-85.,39.9057079465795,52.8372881233611));
#2205=CARTESIAN_POINT('',(-85.,3.5,132.5));
#2206=CARTESIAN_POINT('Origin',(-48.5,18.5,190.));
#2207=CARTESIAN_POINT('',(-45.,3.91404785418519,32.2399361688886));
#2208=CARTESIAN_POINT('',(-45.,3.91404785418519,190.));
#2209=CARTESIAN_POINT('',(-35.6055752332237,10.8362013378517,36.2013547647507));
#2210=CARTESIAN_POINT('Origin',(-48.5,18.5,40.5872029847899));
#2211=CARTESIAN_POINT('',(-35.5682582423559,10.8993385081557,42.2884228759851));
#2212=CARTESIAN_POINT('Ctrl Pts',(-35.6055752332237,10.8362013378517,36.2013547647507));
#2213=CARTESIAN_POINT('Ctrl Pts',(-35.4709323157268,11.0627395138372,36.2356256299307));
#2214=CARTESIAN_POINT('Ctrl Pts',(-35.3413649803944,11.2947877451363,36.2970713400597));
#2215=CARTESIAN_POINT('Ctrl Pts',(-35.0220991931292,11.9020843256946,36.5399687494979));
#2216=CARTESIAN_POINT('Ctrl Pts',(-34.8539192061003,12.2642196093019,36.7787277919849));
#2217=CARTESIAN_POINT('Ctrl Pts',(-34.613345684962,12.8215358353431,37.3360440180261));
#2218=CARTESIAN_POINT('Ctrl Pts',(-34.5203432744573,13.0595823399998,37.6784470609268));
#2219=CARTESIAN_POINT('Ctrl Pts',(-34.4005416780389,13.3780647900635,38.438603526756));
#2220=CARTESIAN_POINT('Ctrl Pts',(-34.3726648931151,13.4583333333333,38.8562568607455));
#2221=CARTESIAN_POINT('Ctrl Pts',(-34.3726648931151,13.4583333333333,39.25));
#2222=CARTESIAN_POINT('Ctrl Pts',(-34.3726648931151,13.4583333333333,39.6329700401768));
#2223=CARTESIAN_POINT('Ctrl Pts',(-34.3990781760697,13.3823665506135,40.0400315889371));
#2224=CARTESIAN_POINT('Ctrl Pts',(-34.5127276701309,13.0794481607099,40.7843931745881));
#2225=CARTESIAN_POINT('Ctrl Pts',(-34.6009291618386,12.8526640230406,41.1216136592924));
#2226=CARTESIAN_POINT('Ctrl Pts',(-34.8352053177503,12.3052465586992,41.6912981274081));
#2227=CARTESIAN_POINT('Ctrl Pts',(-35.0047393548839,11.9370954758263,41.9415869161785));
#2228=CARTESIAN_POINT('Ctrl Pts',(-35.3201618931941,11.3341363773406,42.1893854050627));
#2229=CARTESIAN_POINT('Ctrl Pts',(-35.4416059045452,11.1148244007096,42.2512366263938));
#2230=CARTESIAN_POINT('Ctrl Pts',(-35.5682582423559,10.8993385081557,42.2884228759851));
#2231=CARTESIAN_POINT('',(-45.,3.91404785418519,46.2693682882531));
#2232=CARTESIAN_POINT('Origin',(-48.5,18.5,37.9567751328864));
#2233=CARTESIAN_POINT('',(-45.,3.91404785418519,103.660918740315));
#2234=CARTESIAN_POINT('',(-45.,3.91404785418519,190.));
#2235=CARTESIAN_POINT('',(-35.0471148987216,11.8652518923623,108.050723478086));
#2236=CARTESIAN_POINT('Origin',(-48.5,18.5,111.713722004722));
#2237=CARTESIAN_POINT('',(-35.0471148987216,11.8652518923623,113.449276521914));
#2238=CARTESIAN_POINT('Ctrl Pts',(-35.0471148987216,11.8652518923623,108.050723478086));
#2239=CARTESIAN_POINT('Ctrl Pts',(-34.913709395161,12.1357503170445,108.200063786866));
#2240=CARTESIAN_POINT('Ctrl Pts',(-34.8004646813859,12.3864226860528,108.393179957322));
#2241=CARTESIAN_POINT('Ctrl Pts',(-34.6009291618386,12.8526640230406,108.878386340708));
#2242=CARTESIAN_POINT('Ctrl Pts',(-34.5127276701309,13.0794481607099,109.215606825412));
#2243=CARTESIAN_POINT('Ctrl Pts',(-34.3990781760697,13.3823665506135,109.959968411063));
#2244=CARTESIAN_POINT('Ctrl Pts',(-34.3726648931151,13.4583333333333,110.367029959823));
#2245=CARTESIAN_POINT('Ctrl Pts',(-34.3726648931151,13.4583333333333,110.75));
#2246=CARTESIAN_POINT('Ctrl Pts',(-34.3726648931151,13.4583333333333,111.132970040177));
#2247=CARTESIAN_POINT('Ctrl Pts',(-34.3990781760697,13.3823665506135,111.540031588937));
#2248=CARTESIAN_POINT('Ctrl Pts',(-34.5127276701309,13.0794481607099,112.284393174588));
#2249=CARTESIAN_POINT('Ctrl Pts',(-34.6009291618386,12.8526640230406,112.621613659292));
#2250=CARTESIAN_POINT('Ctrl Pts',(-34.8004646811241,12.3864226866646,113.106820042042));
#2251=CARTESIAN_POINT('Ctrl Pts',(-34.9137093957905,12.1357503157682,113.299936213839));
#2252=CARTESIAN_POINT('Ctrl Pts',(-35.0471148987216,11.8652518923623,113.449276521914));
#2253=CARTESIAN_POINT('Origin',(-48.5,18.5,109.786277995278));
#2254=CARTESIAN_POINT('',(-33.5293255412456,17.5625,190.));
#2255=CARTESIAN_POINT('Origin',(-32.5312805773287,17.5,190.));
#2256=CARTESIAN_POINT('Origin',(-65.,0.,75.));
#2257=CARTESIAN_POINT('Origin',(-81.5,18.5,190.));
#2258=CARTESIAN_POINT('',(-96.4706744587544,17.5625,190.));
#2259=CARTESIAN_POINT('',(-94.9528851012784,11.8652518923623,113.449276521914));
#2260=CARTESIAN_POINT('Origin',(-81.5,18.5,109.786277995278));
#2261=CARTESIAN_POINT('',(-94.9528851012784,11.8652518923623,108.050723478086));
#2262=CARTESIAN_POINT('Ctrl Pts',(-94.9528851012784,11.8652518923623,113.449276521914));
#2263=CARTESIAN_POINT('Ctrl Pts',(-95.086290604839,12.1357503170445,113.299936213134));
#2264=CARTESIAN_POINT('Ctrl Pts',(-95.1995353186142,12.3864226860528,113.106820042678));
#2265=CARTESIAN_POINT('Ctrl Pts',(-95.3990708381614,12.8526640230406,112.621613659292));
#2266=CARTESIAN_POINT('Ctrl Pts',(-95.4872723298691,13.0794481607099,112.284393174588));
#2267=CARTESIAN_POINT('Ctrl Pts',(-95.6009218239303,13.3823665506135,111.540031588937));
#2268=CARTESIAN_POINT('Ctrl Pts',(-95.6273351068849,13.4583333333333,111.132970040177));
#2269=CARTESIAN_POINT('Ctrl Pts',(-95.6273351068849,13.4583333333333,110.75));
#2270=CARTESIAN_POINT('Ctrl Pts',(-95.6273351068849,13.4583333333333,110.367029959823));
#2271=CARTESIAN_POINT('Ctrl Pts',(-95.6009218239303,13.3823665506135,109.959968411063));
#2272=CARTESIAN_POINT('Ctrl Pts',(-95.4872723298691,13.0794481607099,109.215606825412));
#2273=CARTESIAN_POINT('Ctrl Pts',(-95.3990708381614,12.8526640230406,108.878386340708));
#2274=CARTESIAN_POINT('Ctrl Pts',(-95.199535318876,12.3864226866646,108.393179957958));
#2275=CARTESIAN_POINT('Ctrl Pts',(-95.0862906042095,12.1357503157682,108.200063786161));
#2276=CARTESIAN_POINT('Ctrl Pts',(-94.9528851012784,11.8652518923623,108.050723478086));
#2277=CARTESIAN_POINT('',(-85.,3.91404785418518,103.660918740315));
#2278=CARTESIAN_POINT('Origin',(-81.5,18.5,111.713722004722));
#2279=CARTESIAN_POINT('',(-85.,3.91404785418518,46.2693682882531));
#2280=CARTESIAN_POINT('',(-85.,3.91404785418518,190.));
#2281=CARTESIAN_POINT('',(-94.4317417576441,10.8993385081557,42.2884228759851));
#2282=CARTESIAN_POINT('Origin',(-81.5,18.5,37.9567751328864));
#2283=CARTESIAN_POINT('',(-94.3944247667763,10.8362013378517,36.2013547647507));
#2284=CARTESIAN_POINT('Ctrl Pts',(-94.431741757644,10.8993385081557,42.2884228759851));
#2285=CARTESIAN_POINT('Ctrl Pts',(-94.5583940954548,11.1148244007096,42.2512366263938));
#2286=CARTESIAN_POINT('Ctrl Pts',(-94.6798381068059,11.3341363773406,42.1893854050627));
#2287=CARTESIAN_POINT('Ctrl Pts',(-94.9952606451161,11.9370954758263,41.9415869161785));
#2288=CARTESIAN_POINT('Ctrl Pts',(-95.1647946822497,12.3052465586992,41.6912981274081));
#2289=CARTESIAN_POINT('Ctrl Pts',(-95.3990708381614,12.8526640230406,41.1216136592924));
#2290=CARTESIAN_POINT('Ctrl Pts',(-95.4872723298691,13.0794481607099,40.7843931745881));
#2291=CARTESIAN_POINT('Ctrl Pts',(-95.6009218239303,13.3823665506135,40.0400315889371));
#2292=CARTESIAN_POINT('Ctrl Pts',(-95.6273351068849,13.4583333333333,39.6329700401768));
#2293=CARTESIAN_POINT('Ctrl Pts',(-95.6273351068849,13.4583333333333,39.25));
#2294=CARTESIAN_POINT('Ctrl Pts',(-95.6273351068849,13.4583333333333,38.8562568607455));
#2295=CARTESIAN_POINT('Ctrl Pts',(-95.5994583219611,13.3780647900635,38.438603526756));
#2296=CARTESIAN_POINT('Ctrl Pts',(-95.4796567255427,13.0595823399998,37.6784470609268));
#2297=CARTESIAN_POINT('Ctrl Pts',(-95.386654315038,12.8215358353431,37.3360440180261));
#2298=CARTESIAN_POINT('Ctrl Pts',(-95.1460807938998,12.2642196093019,36.7787277919848));
#2299=CARTESIAN_POINT('Ctrl Pts',(-94.9779008068707,11.9020843256946,36.5399687494979));
#2300=CARTESIAN_POINT('Ctrl Pts',(-94.6586350196056,11.2947877451363,36.2970713400597));
#2301=CARTESIAN_POINT('Ctrl Pts',(-94.5290676842732,11.0627395138372,36.2356256299307));
#2302=CARTESIAN_POINT('Ctrl Pts',(-94.3944247667763,10.8362013378517,36.2013547647507));
#2303=CARTESIAN_POINT('Origin',(-81.5,18.5,40.5872029847899));
#2304=CARTESIAN_POINT('Origin',(-97.4687194226713,17.5,190.));
#2305=CARTESIAN_POINT('',(-97.4687194226713,18.5,190.));
#2306=CARTESIAN_POINT('Origin',(-45.,0.,-40.));
#2307=CARTESIAN_POINT('',(-45.,3.5,32.0029843484738));
#2308=CARTESIAN_POINT('',(-45.,3.5,17.5));
#2309=CARTESIAN_POINT('',(-45.,-9.67022751504762,24.4659101831941));
#2310=CARTESIAN_POINT('Origin',(-30.,1.11022302462516E-15,120.));
#2311=CARTESIAN_POINT('',(-47.5,3.5,118.067674215323));
#2312=CARTESIAN_POINT('',(-30.,11.8652518923623,113.449276521914));
#2313=CARTESIAN_POINT('Origin',(-30.,10.375,110.75));
#2314=CARTESIAN_POINT('',(-30.,11.8652518923623,108.050723478086));
#2315=CARTESIAN_POINT('Origin',(-30.,11.8652518923623,108.050723478086));
#2316=CARTESIAN_POINT('',(-45.,3.5,103.432325784677));
#2317=CARTESIAN_POINT('',(-45.,-24.0032897685971,88.2479497894461));
#2318=CARTESIAN_POINT('',(-85.,3.5,103.432325784677));
#2319=CARTESIAN_POINT('',(-47.5,3.5,103.432325784677));
#2320=CARTESIAN_POINT('',(-85.,24.6557958455301,115.112294301159));
#2321=CARTESIAN_POINT('Origin',(-85.,0.,190.));
#2322=CARTESIAN_POINT('',(-85.,3.5,46.5053358359515));
#2323=CARTESIAN_POINT('',(-85.,3.5,132.5));
#2324=CARTESIAN_POINT('',(-85.,-30.4355349645934,65.8453345450057));
#2325=CARTESIAN_POINT('Origin',(-65.,3.5,75.));
#2326=CARTESIAN_POINT('Origin',(-65.,3.5,75.));
#2327=CARTESIAN_POINT('',(-45.,3.5,46.5053358359515));
#2328=CARTESIAN_POINT('',(-45.,3.5,17.5));
#2329=CARTESIAN_POINT('',(-47.5,3.5,46.5053358359515));
#2330=CARTESIAN_POINT('Origin',(-45.,0.,-40.));
#2331=CARTESIAN_POINT('',(-45.,19.0356526103641,37.6515045425229));
#2332=CARTESIAN_POINT('Origin',(-30.,10.8362013378517,36.2013547647507));
#2333=CARTESIAN_POINT('',(-47.5,3.5,32.0029843484738));
#2334=CARTESIAN_POINT('',(-30.,10.8362013378517,36.2013547647507));
#2335=CARTESIAN_POINT('Origin',(-30.,10.375,39.25));
#2336=CARTESIAN_POINT('',(-30.,10.8993385081557,42.2884228759851));
#2337=CARTESIAN_POINT('Origin',(-30.,2.22044604925031E-15,48.5));
#2338=CARTESIAN_POINT('Origin',(-65.,3.5,75.));
#2339=CARTESIAN_POINT('Origin',(-92.5,18.5,75.));
#2340=CARTESIAN_POINT('Ctrl Pts',(-52.1682194902522,3.50000001041874,132.558576214312));
#2341=CARTESIAN_POINT('Ctrl Pts',(-48.591834021884,2.5673097988173,130.634344288317));
#2342=CARTESIAN_POINT('Ctrl Pts',(-42.0968164955569,3.18279160597316,127.327280981579));
#2343=CARTESIAN_POINT('Ctrl Pts',(-34.8995656667803,9.34661072776818,123.980941399234));
#2344=CARTESIAN_POINT('Ctrl Pts',(-33.0003348909136,14.7553745340005,123.140004808279));
#2345=CARTESIAN_POINT('Ctrl Pts',(-32.8268025367764,17.5312499999166,123.062683034411));
#2346=CARTESIAN_POINT('Ctrl Pts',(-52.1546209350456,3.56735432539116,132.551259672427));
#2347=CARTESIAN_POINT('Ctrl Pts',(-48.589623656035,2.64320744918184,130.633419983481));
#2348=CARTESIAN_POINT('Ctrl Pts',(-42.1206041338347,3.26710576154537,127.339579508872));
#2349=CARTESIAN_POINT('Ctrl Pts',(-34.9689526474273,9.40650730088375,124.012782398453));
#2350=CARTESIAN_POINT('Ctrl Pts',(-33.0852746683306,14.7804048763099,123.177918595873));
#2351=CARTESIAN_POINT('Ctrl Pts',(-32.913118658597,17.5377284852676,123.101143387731));
#2352=CARTESIAN_POINT('Ctrl Pts',(-52.1412737872591,3.70186524652228,132.510980656238));
#2353=CARTESIAN_POINT('Ctrl Pts',(-48.6008814946502,2.79474709832072,130.601618829436));
#2354=CARTESIAN_POINT('Ctrl Pts',(-42.1867302270414,3.43530132211547,127.326130068798));
#2355=CARTESIAN_POINT('Ctrl Pts',(-35.1289779177738,9.52588025289708,124.02852649877));
#2356=CARTESIAN_POINT('Ctrl Pts',(-33.276877663467,14.8303029583523,123.203146234961));
#2357=CARTESIAN_POINT('Ctrl Pts',(-33.1075317903383,17.5506306179125,123.127216192763));
#2358=CARTESIAN_POINT('Ctrl Pts',(-52.1698575983682,3.89788540293399,132.363005983011));
#2359=CARTESIAN_POINT('Ctrl Pts',(-48.6722446728152,3.00946625204756,130.452970137037));
#2360=CARTESIAN_POINT('Ctrl Pts',(-42.3441754313919,3.65806590830169,127.177213576463));
#2361=CARTESIAN_POINT('Ctrl Pts',(-35.4040141442651,9.67156045113184,123.882251985037));
#2362=CARTESIAN_POINT('Ctrl Pts',(-33.5874199884599,14.8905055751553,123.058260349426));
#2363=CARTESIAN_POINT('Ctrl Pts',(-33.4212460408185,17.5662366028987,122.982444660378));
#2364=CARTESIAN_POINT('Ctrl Pts',(-52.2328274945449,3.97181049085087,132.210199584983));
#2365=CARTESIAN_POINT('Ctrl Pts',(-48.7583308819953,3.07920985345167,130.289303771462));
#2366=CARTESIAN_POINT('Ctrl Pts',(-42.4611989872097,3.70139252237974,126.990453570603));
#2367=CARTESIAN_POINT('Ctrl Pts',(-35.5207465092668,9.67689972081934,123.660241510668));
#2368=CARTESIAN_POINT('Ctrl Pts',(-33.6958541970109,14.8916626499308,122.824815867691));
#2369=CARTESIAN_POINT('Ctrl Pts',(-33.5290783459093,17.5664473929684,122.747992258365));
#2370=CARTESIAN_POINT('Ctrl Pts',(-52.2791531077156,3.98387097782458,132.11826287444));
#2371=CARTESIAN_POINT('Ctrl Pts',(-48.8121573335997,3.08126754724253,130.190707577243));
#2372=CARTESIAN_POINT('Ctrl Pts',(-42.5158007143959,3.67689510255466,126.877932589492));
#2373=CARTESIAN_POINT('Ctrl Pts',(-35.5386897655567,9.64188134945307,123.52581349146));
#2374=CARTESIAN_POINT('Ctrl Pts',(-33.6975501198895,14.8761689038714,122.683424505702));
#2375=CARTESIAN_POINT('Ctrl Pts',(-33.5293255412507,17.5624999999193,122.605969188183));
#2376=CARTESIAN_POINT('',(-48.5,3.50000000000004,130.055345753694));
#2377=CARTESIAN_POINT('',(-52.1682194912769,3.500000005343,132.558576214863));
#2378=CARTESIAN_POINT('Ctrl Pts',(-48.5,3.50000000000004,130.055345753694));
#2379=CARTESIAN_POINT('Ctrl Pts',(-48.5057395320356,3.50000000000004,130.059605807534));
#2380=CARTESIAN_POINT('Ctrl Pts',(-48.511479106568,3.50000000000001,130.06386619838));
#2381=CARTESIAN_POINT('Ctrl Pts',(-49.2327496320209,3.50000000000001,130.599288569974));
#2382=CARTESIAN_POINT('Ctrl Pts',(-49.8595722286296,3.49999999998434,131.068958000255));
#2383=CARTESIAN_POINT('Ctrl Pts',(-51.0431549173393,3.49999999998434,131.887969263615));
#2384=CARTESIAN_POINT('Ctrl Pts',(-51.6156308882112,3.5,132.261262449061));
#2385=CARTESIAN_POINT('Ctrl Pts',(-52.1682194503017,3.5,132.558576192817));
#2386=CARTESIAN_POINT('',(-32.8268025367764,17.5312499999166,123.062683034411));
#2387=CARTESIAN_POINT('Ctrl Pts',(-52.1682194902522,3.50000001041874,132.558576214312));
#2388=CARTESIAN_POINT('Ctrl Pts',(-48.591834021884,2.5673097988173,130.634344288317));
#2389=CARTESIAN_POINT('Ctrl Pts',(-42.0968164955569,3.18279160597316,127.327280981579));
#2390=CARTESIAN_POINT('Ctrl Pts',(-34.8995656667803,9.34661072776818,123.980941399234));
#2391=CARTESIAN_POINT('Ctrl Pts',(-33.0003348909136,14.7553745340005,123.140004808279));
#2392=CARTESIAN_POINT('Ctrl Pts',(-32.8268025367764,17.5312499999166,123.062683034411));
#2393=CARTESIAN_POINT('',(-33.5293255412482,17.5624999999596,122.605969188183));
#2394=CARTESIAN_POINT('Origin',(-33.0303030592924,17.5312499999166,122.605969188183));
#2395=CARTESIAN_POINT('',(-44.9999999999799,3.91404785419002,128.21189822471));
#2396=CARTESIAN_POINT('Ctrl Pts',(-33.5293255412507,17.5624999999193,122.605969188183));
#2397=CARTESIAN_POINT('Ctrl Pts',(-33.6975501198895,14.8761689038714,122.683424505702));
#2398=CARTESIAN_POINT('Ctrl Pts',(-35.5386897655567,9.64188134945307,123.52581349146));
#2399=CARTESIAN_POINT('Ctrl Pts',(-40.4761005266592,5.42070907611194,125.897968532205));
#2400=CARTESIAN_POINT('Ctrl Pts',(-43.878122512463,4.1827548732265,127.632854335255));
#2401=CARTESIAN_POINT('Ctrl Pts',(-44.9990951709462,3.91447325739498,128.21384047315));
#2402=CARTESIAN_POINT('',(-45.,3.5,128.805749493453));
#2403=CARTESIAN_POINT('Ctrl Pts',(-44.9968452585636,3.91501191110248,128.212674383931));
#2404=CARTESIAN_POINT('Ctrl Pts',(-44.9968225771599,3.91510486658451,128.240464036934));
#2405=CARTESIAN_POINT('Ctrl Pts',(-44.9967940709722,3.91318311251562,128.268220034099));
#2406=CARTESIAN_POINT('Ctrl Pts',(-44.9967743135644,3.90942764977076,128.295730762457));
#2407=CARTESIAN_POINT('Ctrl Pts',(-44.9967534861873,3.90546880862432,128.324731343956));
#2408=CARTESIAN_POINT('Ctrl Pts',(-44.9967419769491,3.89947232643523,128.353460298871));
#2409=CARTESIAN_POINT('Ctrl Pts',(-44.9967384528097,3.8915953140604,128.381681531873));
#2410=CARTESIAN_POINT('Ctrl Pts',(-44.9967357223302,3.8854922578256,128.403547153485));
#2411=CARTESIAN_POINT('Ctrl Pts',(-44.9967373266605,3.8782591347832,128.425108379483));
#2412=CARTESIAN_POINT('Ctrl Pts',(-44.9967382208227,3.86994813620415,128.446254208262));
#2413=CARTESIAN_POINT('Ctrl Pts',(-44.9967393932592,3.85905065244084,128.473980879563));
#2414=CARTESIAN_POINT('Ctrl Pts',(-44.996744791346,3.84631091290504,128.500969636868));
#2415=CARTESIAN_POINT('Ctrl Pts',(-44.9967479042371,3.83181502423008,128.526960463779));
#2416=CARTESIAN_POINT('Ctrl Pts',(-44.9967507029423,3.81878221366612,128.550328022066));
#2417=CARTESIAN_POINT('Ctrl Pts',(-44.9967512790338,3.80432907655468,128.572889329614));
#2418=CARTESIAN_POINT('Ctrl Pts',(-44.9967471638392,3.78848870915866,128.59443481807));
#2419=CARTESIAN_POINT('Ctrl Pts',(-44.9967428374353,3.77183534617838,128.617086113388));
#2420=CARTESIAN_POINT('Ctrl Pts',(-44.9967329596628,3.75364789658699,128.638615288221));
#2421=CARTESIAN_POINT('Ctrl Pts',(-44.9967168127128,3.73407509347651,128.658831373968));
#2422=CARTESIAN_POINT('Ctrl Pts',(-44.9967006655713,3.71450205832661,128.679047699381));
#2423=CARTESIAN_POINT('Ctrl Pts',(-44.9966804568716,3.69358630336177,128.697908066782));
#2424=CARTESIAN_POINT('Ctrl Pts',(-44.996652170528,3.671473488208,128.715197490718));
#2425=CARTESIAN_POINT('Ctrl Pts',(-44.9966254012434,3.6505466321574,128.731559644673));
#2426=CARTESIAN_POINT('Ctrl Pts',(-44.9965910705194,3.62854683971124,128.74651507862));
#2427=CARTESIAN_POINT('Ctrl Pts',(-44.9965626004528,3.60559093947832,128.759838294139));
#2428=CARTESIAN_POINT('Ctrl Pts',(-44.9965564277826,3.60061381026011,128.762726935602));
#2429=CARTESIAN_POINT('Ctrl Pts',(-44.9965506068575,3.5955917364725,128.765538672849));
#2430=CARTESIAN_POINT('Ctrl Pts',(-44.9965454096842,3.59052592190113,128.768270901488));
#2431=CARTESIAN_POINT('Ctrl Pts',(-44.996533356457,3.57877734052491,128.774607456065));
#2432=CARTESIAN_POINT('Ctrl Pts',(-44.9965245737477,3.56679341908424,128.780516536925));
#2433=CARTESIAN_POINT('Ctrl Pts',(-44.9965177646982,3.55459468860693,128.785976163427));
#2434=CARTESIAN_POINT('Ctrl Pts',(-44.9965080584666,3.53720552084432,128.793758806166));
#2435=CARTESIAN_POINT('Ctrl Pts',(-44.9964997114291,3.51942550025132,128.800607192639));
#2436=CARTESIAN_POINT('Ctrl Pts',(-44.9964877450919,3.50132152567248,128.806460869145));
#2437=CARTESIAN_POINT('Ctrl Pts',(-45.,3.5,128.805749493453));
#2438=CARTESIAN_POINT('Ctrl Pts',(-45.2543643150005,3.5,128.915544365311));
#2439=CARTESIAN_POINT('Ctrl Pts',(-45.5130315199574,3.50000000016695,129.019069322913));
#2440=CARTESIAN_POINT('Ctrl Pts',(-46.6167115216028,3.50000000016695,129.440435478696));
#2441=CARTESIAN_POINT('Ctrl Pts',(-47.5477268196285,3.50000000000001,129.741683022214));
#2442=CARTESIAN_POINT('Ctrl Pts',(-48.4884952061472,3.50000000000001,130.051555644077));
#2443=CARTESIAN_POINT('Ctrl Pts',(-48.4942477302088,3.50000000000004,130.053450631118));
#2444=CARTESIAN_POINT('Ctrl Pts',(-48.5,3.50000000000004,130.055345753694));
#2445=CARTESIAN_POINT('Ctrl Pts',(-32.8268025367724,17.5312499999798,123.062683034409));
#2446=CARTESIAN_POINT('Ctrl Pts',(-32.8221010258397,17.606456775831,123.060588156097));
#2447=CARTESIAN_POINT('Ctrl Pts',(-32.7776980136482,17.753776879062,123.040800432582));
#2448=CARTESIAN_POINT('Ctrl Pts',(-32.6040880680095,17.9457020943519,122.9635223125));
#2449=CARTESIAN_POINT('Ctrl Pts',(-32.4318344935673,17.9999999999945,122.887024147772));
#2450=CARTESIAN_POINT('Ctrl Pts',(-32.328640438429,18.,122.841276106625));
#2451=CARTESIAN_POINT('Ctrl Pts',(-32.9131186585933,17.537728485326,123.101143387729));
#2452=CARTESIAN_POINT('Ctrl Pts',(-32.907258642553,17.628513157716,123.098529259273));
#2453=CARTESIAN_POINT('Ctrl Pts',(-32.851612450019,17.8054010995464,123.073734312805));
#2454=CARTESIAN_POINT('Ctrl Pts',(-32.6423957902955,18.0247710356371,122.980512887941));
#2455=CARTESIAN_POINT('Ctrl Pts',(-32.4447587475526,18.0787968316208,122.892769525216));
#2456=CARTESIAN_POINT('Ctrl Pts',(-32.3286404384324,18.0747998250865,122.841276106626));
#2457=CARTESIAN_POINT('Ctrl Pts',(-33.1075331567194,17.5506307329711,123.127217247962));
#2458=CARTESIAN_POINT('Ctrl Pts',(-33.0992659759517,17.672480738149,123.123790377711));
#2459=CARTESIAN_POINT('Ctrl Pts',(-33.0203891812425,17.9083207207147,123.091086433018));
#2460=CARTESIAN_POINT('Ctrl Pts',(-32.7368243259166,18.1825256900417,122.973579034705));
#2461=CARTESIAN_POINT('Ctrl Pts',(-32.4859720392764,18.2360523460432,122.869535252625));
#2462=CARTESIAN_POINT('Ctrl Pts',(-32.342512548532,18.2241100420657,122.809984727634));
#2463=CARTESIAN_POINT('Ctrl Pts',(-33.421248959045,17.5662368293083,122.98244622384));
#2464=CARTESIAN_POINT('Ctrl Pts',(-33.4101735448846,17.7255383400305,122.978866079808));
#2465=CARTESIAN_POINT('Ctrl Pts',(-33.3042100560714,18.0336254049949,122.944602903111));
#2466=CARTESIAN_POINT('Ctrl Pts',(-32.9267396231493,18.3873609223133,122.823164052215));
#2467=CARTESIAN_POINT('Ctrl Pts',(-32.5969849277033,18.452128103395,122.717272107415));
#2468=CARTESIAN_POINT('Ctrl Pts',(-32.4103057962733,18.434387497967,122.657063204247));
#2469=CARTESIAN_POINT('Ctrl Pts',(-33.5290783459071,17.5664473930059,122.747992258363));
#2470=CARTESIAN_POINT('Ctrl Pts',(-33.5184411810377,17.7265512267688,122.74532216334));
#2471=CARTESIAN_POINT('Ctrl Pts',(-33.4178038913386,18.0381099511897,122.72003175905));
#2472=CARTESIAN_POINT('Ctrl Pts',(-33.0404060312455,18.4203674894988,122.625662475126));
#2473=CARTESIAN_POINT('Ctrl Pts',(-32.690186831691,18.5095309733958,122.538067637818));
#2474=CARTESIAN_POINT('Ctrl Pts',(-32.4858082365406,18.5000000000024,122.486752021773));
#2475=CARTESIAN_POINT('Ctrl Pts',(-33.5293255412482,17.5624999999596,122.605969188182));
#2476=CARTESIAN_POINT('Ctrl Pts',(-33.5199062792758,17.7129135516619,122.603870691772));
#2477=CARTESIAN_POINT('Ctrl Pts',(-33.4309468766124,18.007553758124,122.58404879257));
#2478=CARTESIAN_POINT('Ctrl Pts',(-33.0831272964037,18.3914041887039,122.506637204232));
#2479=CARTESIAN_POINT('Ctrl Pts',(-32.7380251438078,18.4999999999889,122.430006918321));
#2480=CARTESIAN_POINT('Ctrl Pts',(-32.5312805773822,18.5,122.384179865013));
#2481=CARTESIAN_POINT('',(-32.328640438429,18.,122.841276106625));
#2482=CARTESIAN_POINT('',(-32.5312805773555,18.5,122.384179865013));
#2483=CARTESIAN_POINT('Origin',(-32.5312805773555,18.,122.384179865013));
#2484=CARTESIAN_POINT('Ctrl Pts',(-32.5312805773822,18.5,122.384179865013));
#2485=CARTESIAN_POINT('Ctrl Pts',(-32.7380251438078,18.4999999999889,122.430006918321));
#2486=CARTESIAN_POINT('Ctrl Pts',(-33.0831272964037,18.3914041887039,122.506637204232));
#2487=CARTESIAN_POINT('Ctrl Pts',(-33.4309468766124,18.007553758124,122.58404879257));
#2488=CARTESIAN_POINT('Ctrl Pts',(-33.5199062792758,17.7129135516619,122.603870691772));
#2489=CARTESIAN_POINT('Ctrl Pts',(-33.5293255412482,17.5624999999596,122.605969188182));
#2490=CARTESIAN_POINT('Ctrl Pts',(-32.8268025367724,17.5312499999798,123.062683034409));
#2491=CARTESIAN_POINT('Ctrl Pts',(-32.8221010258397,17.606456775831,123.060588156097));
#2492=CARTESIAN_POINT('Ctrl Pts',(-32.7776980136482,17.753776879062,123.040800432582));
#2493=CARTESIAN_POINT('Ctrl Pts',(-32.6040880680095,17.9457020943519,122.9635223125));
#2494=CARTESIAN_POINT('Ctrl Pts',(-32.4318344935673,17.9999999999945,122.887024147772));
#2495=CARTESIAN_POINT('Ctrl Pts',(-32.328640438429,18.,122.841276106625));
#2496=CARTESIAN_POINT('Origin',(85.,18.,387.5));
#2497=CARTESIAN_POINT('',(-30.,18.,121.821152516803));
#2498=CARTESIAN_POINT('',(-30.,18.5,121.276409760517));
#2499=CARTESIAN_POINT('Ctrl Pts',(-30.,18.,121.821152516803));
#2500=CARTESIAN_POINT('Ctrl Pts',(-30.,18.0600225683562,121.821152516803));
#2501=CARTESIAN_POINT('Ctrl Pts',(-30.,18.1304851619111,121.806221895419));
#2502=CARTESIAN_POINT('Ctrl Pts',(-30.,18.2430472141459,121.75721549543));
#2503=CARTESIAN_POINT('Ctrl Pts',(-30.,18.304361231618,121.713514769888));
#2504=CARTESIAN_POINT('Ctrl Pts',(-30.,18.3930998973719,121.620027093892));
#2505=CARTESIAN_POINT('Ctrl Pts',(-30.,18.435239158888,121.552752151811));
#2506=CARTESIAN_POINT('Ctrl Pts',(-30.,18.4847928195985,121.42694325068));
#2507=CARTESIAN_POINT('Ctrl Pts',(-30.,18.5,121.345473683646));
#2508=CARTESIAN_POINT('Ctrl Pts',(-30.,18.5,121.276409760517));
#2509=CARTESIAN_POINT('Origin',(85.,18.5,387.5));
#2510=CARTESIAN_POINT('Origin',(85.,18.,387.5));
#2511=CARTESIAN_POINT('Origin',(85.,0.,387.5));
#2512=CARTESIAN_POINT('',(-85.,3.5,153.170637776654));
#2513=CARTESIAN_POINT('Origin',(85.,3.5,387.5));
#2514=CARTESIAN_POINT('',(-85.,3.91404785418518,153.170637776654));
#2515=CARTESIAN_POINT('',(-85.,0.,153.170637776654));
#2516=CARTESIAN_POINT('',(-96.4706744587544,17.5625,161.937050224367));
#2517=CARTESIAN_POINT('Ctrl Pts',(-96.4706744587544,17.5625,161.937050224367));
#2518=CARTESIAN_POINT('Ctrl Pts',(-96.4310070521613,16.9290623138896,161.905136866984));
#2519=CARTESIAN_POINT('Ctrl Pts',(-96.3504344452262,16.2917042272791,161.840313332883));
#2520=CARTESIAN_POINT('Ctrl Pts',(-96.0473150237335,14.7188456982174,161.596981012147));
#2521=CARTESIAN_POINT('Ctrl Pts',(-95.7735086024628,13.7921696423062,161.377484609942));
#2522=CARTESIAN_POINT('Ctrl Pts',(-94.7154507857792,11.1557004730311,160.534319185687));
#2523=CARTESIAN_POINT('Ctrl Pts',(-93.6819233776823,9.59174786759002,159.717129074624));
#2524=CARTESIAN_POINT('Ctrl Pts',(-91.1407676911975,6.81783878911884,157.743800996783));
#2525=CARTESIAN_POINT('Ctrl Pts',(-89.3631377182582,5.55536941920424,156.386419995242));
#2526=CARTESIAN_POINT('Ctrl Pts',(-86.6441222553636,4.38311349777051,154.370157377835));
#2527=CARTESIAN_POINT('Ctrl Pts',(-85.8250890066124,4.11203366232949,153.769218892538));
#2528=CARTESIAN_POINT('Ctrl Pts',(-85.,3.91404785418518,153.170637776654));
#2529=CARTESIAN_POINT('',(-97.4687194226713,18.5,162.743650963426));
#2530=CARTESIAN_POINT('Ctrl Pts',(-97.4687194226713,18.5,162.743650963426));
#2531=CARTESIAN_POINT('Ctrl Pts',(-97.3414212286781,18.5,162.640303767485));
#2532=CARTESIAN_POINT('Ctrl Pts',(-97.2037987944844,18.4744647336456,162.528772230946));
#2533=CARTESIAN_POINT('Ctrl Pts',(-96.9453857459744,18.3636471102943,162.319729494841));
#2534=CARTESIAN_POINT('Ctrl Pts',(-96.8245923284349,18.2783887377311,162.222209046729));
#2535=CARTESIAN_POINT('Ctrl Pts',(-96.6543859002931,18.0905932539918,162.084953986564));
#2536=CARTESIAN_POINT('Ctrl Pts',(-96.5863438933597,17.9869865367745,162.030149971549));
#2537=CARTESIAN_POINT('Ctrl Pts',(-96.5011315623321,17.7733243883267,161.961551583602));
#2538=CARTESIAN_POINT('Ctrl Pts',(-96.477227453207,17.6671429297937,161.942322261837));
#2539=CARTESIAN_POINT('Ctrl Pts',(-96.4706744587543,17.5625,161.937050224367));
#2540=CARTESIAN_POINT('',(-100.,18.5,164.822542676633));
#2541=CARTESIAN_POINT('Origin',(85.,18.5,387.5));
#2542=CARTESIAN_POINT('',(-100.,0.,164.822542676633));
#2543=CARTESIAN_POINT('',(-100.,0.,164.822542676633));
#2544=CARTESIAN_POINT('',(-30.,0.,121.821152516803));
#2545=CARTESIAN_POINT('Origin',(85.,0.,387.5));
#2546=CARTESIAN_POINT('',(-30.,0.,121.821152516803));
#2547=CARTESIAN_POINT('Origin',(-65.,3.5,75.));
#2548=CARTESIAN_POINT('',(-45.,3.5,118.067674215323));
#2549=CARTESIAN_POINT('',(-45.,3.5,17.5));
#2550=CARTESIAN_POINT('',(-85.,3.5,118.067674215323));
#2551=CARTESIAN_POINT('',(-47.5,3.5,118.067674215323));
#2552=CARTESIAN_POINT('',(-85.,3.5,132.5));
#2553=CARTESIAN_POINT('Origin',(-45.,0.,-40.));
#2554=CARTESIAN_POINT('',(-45.,3.91404785418519,117.839081259685));
#2555=CARTESIAN_POINT('',(-45.,3.91404785418519,190.));
#2556=CARTESIAN_POINT('',(-45.,33.8497986880885,101.311760339678));
#2557=CARTESIAN_POINT('Origin',(85.,0.,-237.5));
#2558=CARTESIAN_POINT('',(-100.,18.5,-14.8225426766328));
#2559=CARTESIAN_POINT('',(-100.,0.,-14.8225426766328));
#2560=CARTESIAN_POINT('',(-100.,0.,-14.8225426766328));
#2561=CARTESIAN_POINT('',(-97.4687194226713,18.5,-12.7436509634256));
#2562=CARTESIAN_POINT('Origin',(85.,18.5,-237.5));
#2563=CARTESIAN_POINT('',(-96.4706744587544,17.5625,-11.9370502243668));
#2564=CARTESIAN_POINT('Ctrl Pts',(-96.4706744587543,17.5625,-11.9370502243668));
#2565=CARTESIAN_POINT('Ctrl Pts',(-96.477227453207,17.6671429297937,-11.9423222618368));
#2566=CARTESIAN_POINT('Ctrl Pts',(-96.5011315623321,17.7733243883267,-11.9615515836025));
#2567=CARTESIAN_POINT('Ctrl Pts',(-96.5863438933597,17.9869865367745,-12.0301499715491));
#2568=CARTESIAN_POINT('Ctrl Pts',(-96.6543859002931,18.0905932539918,-12.0849539865645));
#2569=CARTESIAN_POINT('Ctrl Pts',(-96.8245923284349,18.2783887377311,-12.2222090467294));
#2570=CARTESIAN_POINT('Ctrl Pts',(-96.9453857459744,18.3636471102943,-12.319729494841));
#2571=CARTESIAN_POINT('Ctrl Pts',(-97.2037987944844,18.4744647336456,-12.5287722309459));
#2572=CARTESIAN_POINT('Ctrl Pts',(-97.3414212286781,18.5,-12.6403037674851));
#2573=CARTESIAN_POINT('Ctrl Pts',(-97.4687194226713,18.5,-12.7436509634256));
#2574=CARTESIAN_POINT('',(-85.,3.91404785418518,-3.17063777665417));
#2575=CARTESIAN_POINT('Ctrl Pts',(-85.,3.91404785418518,-3.17063777665418));
#2576=CARTESIAN_POINT('Ctrl Pts',(-85.8250890066124,4.11203366232949,-3.76921889253848));
#2577=CARTESIAN_POINT('Ctrl Pts',(-86.6441222553636,4.38311349777051,-4.37015737783512));
#2578=CARTESIAN_POINT('Ctrl Pts',(-89.3631377182582,5.55536941920425,-6.38641999524212));
#2579=CARTESIAN_POINT('Ctrl Pts',(-91.1407676911975,6.81783878911884,-7.74380099678341));
#2580=CARTESIAN_POINT('Ctrl Pts',(-93.6819233776823,9.59174786759002,-9.7171290746235));
#2581=CARTESIAN_POINT('Ctrl Pts',(-94.7154507857792,11.1557004730311,-10.5343191856867));
#2582=CARTESIAN_POINT('Ctrl Pts',(-95.7735086024628,13.7921696423062,-11.3774846099419));
#2583=CARTESIAN_POINT('Ctrl Pts',(-96.0473150237335,14.7188456982174,-11.5969810121473));
#2584=CARTESIAN_POINT('Ctrl Pts',(-96.3504344452262,16.2917042272791,-11.8403133328829));
#2585=CARTESIAN_POINT('Ctrl Pts',(-96.4310070521613,16.9290623138896,-11.9051368669841));
#2586=CARTESIAN_POINT('Ctrl Pts',(-96.4706744587544,17.5625,-11.9370502243668));
#2587=CARTESIAN_POINT('',(-85.,3.5,-3.17063777665417));
#2588=CARTESIAN_POINT('',(-85.,0.,-3.17063777665417));
#2589=CARTESIAN_POINT('',(-45.,3.5,21.1701567633963));
#2590=CARTESIAN_POINT('Origin',(85.,3.5,-237.5));
#2591=CARTESIAN_POINT('',(-45.,3.91404785418519,21.1701567633963));
#2592=CARTESIAN_POINT('',(-45.,0.,21.1701567633963));
#2593=CARTESIAN_POINT('',(-33.5293255412456,17.5625,26.6231701058001));
#2594=CARTESIAN_POINT('Ctrl Pts',(-33.5293255412457,17.5625,26.6231701058001));
#2595=CARTESIAN_POINT('Ctrl Pts',(-33.5691189449127,16.9270503019676,26.6053122052768));
#2596=CARTESIAN_POINT('Ctrl Pts',(-33.6502814242178,16.2842936750913,26.5688909347237));
#2597=CARTESIAN_POINT('Ctrl Pts',(-33.9593137307028,14.6900935660213,26.4298636234733));
#2598=CARTESIAN_POINT('Ctrl Pts',(-34.2406667309572,13.7434918738834,26.3031027780698));
#2599=CARTESIAN_POINT('Ctrl Pts',(-34.9774353333199,11.9354592750127,25.9688381070537));
#2600=CARTESIAN_POINT('Ctrl Pts',(-35.4334873962516,11.0723556509292,25.7609999372993));
#2601=CARTESIAN_POINT('Ctrl Pts',(-36.4756932712888,9.48225638691341,25.2817248567609));
#2602=CARTESIAN_POINT('Ctrl Pts',(-37.0618317719881,8.7552676395437,25.0102317848327));
#2603=CARTESIAN_POINT('Ctrl Pts',(-38.3736878859524,7.38840330262114,24.3964934274863));
#2604=CARTESIAN_POINT('Ctrl Pts',(-39.1574841170703,6.71968186010007,24.0263905705758));
#2605=CARTESIAN_POINT('Ctrl Pts',(-40.8534065429092,5.55441747212188,23.2145064792472));
#2606=CARTESIAN_POINT('Ctrl Pts',(-41.7654361933824,5.05774662508964,22.7727071561602));
#2607=CARTESIAN_POINT('Ctrl Pts',(-43.4580315902812,4.34952379074458,21.9407037750494));
#2608=CARTESIAN_POINT('Ctrl Pts',(-44.2271112342539,4.09950785385257,21.5585878866623));
#2609=CARTESIAN_POINT('Ctrl Pts',(-45.,3.91404785418519,21.1701567633963));
#2610=CARTESIAN_POINT('',(-32.5312805773287,18.5,27.0687965083057));
#2611=CARTESIAN_POINT('Ctrl Pts',(-32.5312805773287,18.5,27.0687965083057));
#2612=CARTESIAN_POINT('Ctrl Pts',(-32.6575567114372,18.5,27.0126999619858));
#2613=CARTESIAN_POINT('Ctrl Pts',(-32.7929272569171,18.4747030439605,26.9524440234958));
#2614=CARTESIAN_POINT('Ctrl Pts',(-33.0437853635489,18.3693928071239,26.8405636651193));
#2615=CARTESIAN_POINT('Ctrl Pts',(-33.1592600984851,18.2893370755488,26.7889504488464));
#2616=CARTESIAN_POINT('Ctrl Pts',(-33.3337900918883,18.1084679316529,26.7108483239915));
#2617=CARTESIAN_POINT('Ctrl Pts',(-33.4075568336622,17.9991837773114,26.6777875124647));
#2618=CARTESIAN_POINT('Ctrl Pts',(-33.4981823455314,17.7774500213938,26.6371477524331));
#2619=CARTESIAN_POINT('Ctrl Pts',(-33.5226874379048,17.6685020097481,26.6261490565357));
#2620=CARTESIAN_POINT('Ctrl Pts',(-33.5293255412457,17.5625,26.6231701058001));
#2621=CARTESIAN_POINT('',(-30.,18.5,28.1788474831973));
#2622=CARTESIAN_POINT('Origin',(85.,18.5,-237.5));
#2623=CARTESIAN_POINT('',(-30.,0.,28.1788474831973));
#2624=CARTESIAN_POINT('',(-30.,0.,28.1788474831973));
#2625=CARTESIAN_POINT('Origin',(85.,0.,-237.5));
#2626=CARTESIAN_POINT('Origin',(-85.,0.,190.));
#2627=CARTESIAN_POINT('',(-85.,3.91404785418518,32.2399361688886));
#2628=CARTESIAN_POINT('',(-85.,3.91404785418518,190.));
#2629=CARTESIAN_POINT('',(-85.,3.5,32.0029843484738));
#2630=CARTESIAN_POINT('',(-85.,39.9057079465795,52.8372881233611));
#2631=CARTESIAN_POINT('',(-85.,3.5,132.5));
#2632=CARTESIAN_POINT('Origin',(-48.5,18.5,190.));
#2633=CARTESIAN_POINT('',(-33.5293255412456,17.5625,190.));
#2634=CARTESIAN_POINT('',(-45.,3.91404785418519,32.2399361688886));
#2635=CARTESIAN_POINT('',(-45.,3.91404785418519,190.));
#2636=CARTESIAN_POINT('',(-35.6055752332237,10.8362013378517,36.2013547647507));
#2637=CARTESIAN_POINT('Origin',(-48.5,18.5,40.5872029847899));
#2638=CARTESIAN_POINT('',(-35.5682582423559,10.8993385081557,42.2884228759851));
#2639=CARTESIAN_POINT('Ctrl Pts',(-35.6055752332237,10.8362013378517,36.2013547647507));
#2640=CARTESIAN_POINT('Ctrl Pts',(-35.4709323157268,11.0627395138372,36.2356256299307));
#2641=CARTESIAN_POINT('Ctrl Pts',(-35.3413649803944,11.2947877451363,36.2970713400597));
#2642=CARTESIAN_POINT('Ctrl Pts',(-35.0220991931292,11.9020843256946,36.5399687494979));
#2643=CARTESIAN_POINT('Ctrl Pts',(-34.8539192061003,12.2642196093019,36.7787277919849));
#2644=CARTESIAN_POINT('Ctrl Pts',(-34.613345684962,12.8215358353431,37.3360440180261));
#2645=CARTESIAN_POINT('Ctrl Pts',(-34.5203432744573,13.0595823399998,37.6784470609268));
#2646=CARTESIAN_POINT('Ctrl Pts',(-34.4005416780389,13.3780647900635,38.438603526756));
#2647=CARTESIAN_POINT('Ctrl Pts',(-34.3726648931151,13.4583333333333,38.8562568607455));
#2648=CARTESIAN_POINT('Ctrl Pts',(-34.3726648931151,13.4583333333333,39.25));
#2649=CARTESIAN_POINT('Ctrl Pts',(-34.3726648931151,13.4583333333333,39.6329700401768));
#2650=CARTESIAN_POINT('Ctrl Pts',(-34.3990781760697,13.3823665506135,40.0400315889371));
#2651=CARTESIAN_POINT('Ctrl Pts',(-34.5127276701309,13.0794481607099,40.7843931745881));
#2652=CARTESIAN_POINT('Ctrl Pts',(-34.6009291618386,12.8526640230406,41.1216136592924));
#2653=CARTESIAN_POINT('Ctrl Pts',(-34.8352053177503,12.3052465586992,41.6912981274081));
#2654=CARTESIAN_POINT('Ctrl Pts',(-35.0047393548839,11.9370954758263,41.9415869161785));
#2655=CARTESIAN_POINT('Ctrl Pts',(-35.3201618931941,11.3341363773406,42.1893854050627));
#2656=CARTESIAN_POINT('Ctrl Pts',(-35.4416059045452,11.1148244007096,42.2512366263938));
#2657=CARTESIAN_POINT('Ctrl Pts',(-35.5682582423559,10.8993385081557,42.2884228759851));
#2658=CARTESIAN_POINT('',(-45.,3.91404785418519,46.2693682882531));
#2659=CARTESIAN_POINT('Origin',(-48.5,18.5,37.9567751328864));
#2660=CARTESIAN_POINT('',(-45.,3.91404785418519,103.660918740315));
#2661=CARTESIAN_POINT('',(-45.,3.91404785418519,190.));
#2662=CARTESIAN_POINT('',(-35.0471148987216,11.8652518923623,108.050723478086));
#2663=CARTESIAN_POINT('Origin',(-48.5,18.5,111.713722004722));
#2664=CARTESIAN_POINT('',(-35.0471148987216,11.8652518923623,113.449276521914));
#2665=CARTESIAN_POINT('Ctrl Pts',(-35.0471148987216,11.8652518923623,108.050723478086));
#2666=CARTESIAN_POINT('Ctrl Pts',(-34.913709395161,12.1357503170445,108.200063786866));
#2667=CARTESIAN_POINT('Ctrl Pts',(-34.8004646813859,12.3864226860528,108.393179957322));
#2668=CARTESIAN_POINT('Ctrl Pts',(-34.6009291618386,12.8526640230406,108.878386340708));
#2669=CARTESIAN_POINT('Ctrl Pts',(-34.5127276701309,13.0794481607099,109.215606825412));
#2670=CARTESIAN_POINT('Ctrl Pts',(-34.3990781760697,13.3823665506135,109.959968411063));
#2671=CARTESIAN_POINT('Ctrl Pts',(-34.3726648931151,13.4583333333333,110.367029959823));
#2672=CARTESIAN_POINT('Ctrl Pts',(-34.3726648931151,13.4583333333333,110.75));
#2673=CARTESIAN_POINT('Ctrl Pts',(-34.3726648931151,13.4583333333333,111.132970040177));
#2674=CARTESIAN_POINT('Ctrl Pts',(-34.3990781760697,13.3823665506135,111.540031588937));
#2675=CARTESIAN_POINT('Ctrl Pts',(-34.5127276701309,13.0794481607099,112.284393174588));
#2676=CARTESIAN_POINT('Ctrl Pts',(-34.6009291618386,12.8526640230406,112.621613659292));
#2677=CARTESIAN_POINT('Ctrl Pts',(-34.8004646811241,12.3864226866646,113.106820042042));
#2678=CARTESIAN_POINT('Ctrl Pts',(-34.9137093957905,12.1357503157682,113.299936213839));
#2679=CARTESIAN_POINT('Ctrl Pts',(-35.0471148987216,11.8652518923623,113.449276521914));
#2680=CARTESIAN_POINT('Origin',(-48.5,18.5,109.786277995278));
#2681=CARTESIAN_POINT('Origin',(-32.5312805773287,17.5,190.));
#2682=CARTESIAN_POINT('',(-32.5312805773287,18.5,190.));
#2683=CARTESIAN_POINT('Origin',(-37.5,18.5,75.));
#2684=CARTESIAN_POINT('',(-30.,18.5,-40.));
#2685=CARTESIAN_POINT('Origin',(-30.,0.,190.));
#2686=CARTESIAN_POINT('',(-30.,0.,-40.));
#2687=CARTESIAN_POINT('Origin',(-65.,0.,75.));
#2688=CARTESIAN_POINT('',(-100.,0.,-40.));
#2689=CARTESIAN_POINT('Origin',(-81.5,18.5,190.));
#2690=CARTESIAN_POINT('',(-85.,3.91404785418518,117.839081259685));
#2691=CARTESIAN_POINT('',(-85.,3.91404785418518,190.));
#2692=CARTESIAN_POINT('',(-94.9528851012784,11.8652518923623,113.449276521914));
#2693=CARTESIAN_POINT('Origin',(-81.5,18.5,109.786277995278));
#2694=CARTESIAN_POINT('',(-94.9528851012784,11.8652518923623,108.050723478086));
#2695=CARTESIAN_POINT('Ctrl Pts',(-94.9528851012784,11.8652518923623,113.449276521914));
#2696=CARTESIAN_POINT('Ctrl Pts',(-95.086290604839,12.1357503170445,113.299936213134));
#2697=CARTESIAN_POINT('Ctrl Pts',(-95.1995353186142,12.3864226860528,113.106820042678));
#2698=CARTESIAN_POINT('Ctrl Pts',(-95.3990708381614,12.8526640230406,112.621613659292));
#2699=CARTESIAN_POINT('Ctrl Pts',(-95.4872723298691,13.0794481607099,112.284393174588));
#2700=CARTESIAN_POINT('Ctrl Pts',(-95.6009218239303,13.3823665506135,111.540031588937));
#2701=CARTESIAN_POINT('Ctrl Pts',(-95.6273351068849,13.4583333333333,111.132970040177));
#2702=CARTESIAN_POINT('Ctrl Pts',(-95.6273351068849,13.4583333333333,110.75));
#2703=CARTESIAN_POINT('Ctrl Pts',(-95.6273351068849,13.4583333333333,110.367029959823));
#2704=CARTESIAN_POINT('Ctrl Pts',(-95.6009218239303,13.3823665506135,109.959968411063));
#2705=CARTESIAN_POINT('Ctrl Pts',(-95.4872723298691,13.0794481607099,109.215606825412));
#2706=CARTESIAN_POINT('Ctrl Pts',(-95.3990708381614,12.8526640230406,108.878386340708));
#2707=CARTESIAN_POINT('Ctrl Pts',(-95.199535318876,12.3864226866646,108.393179957958));
#2708=CARTESIAN_POINT('Ctrl Pts',(-95.0862906042095,12.1357503157682,108.200063786161));
#2709=CARTESIAN_POINT('Ctrl Pts',(-94.9528851012784,11.8652518923623,108.050723478086));
#2710=CARTESIAN_POINT('',(-85.,3.91404785418518,103.660918740315));
#2711=CARTESIAN_POINT('Origin',(-81.5,18.5,111.713722004722));
#2712=CARTESIAN_POINT('',(-85.,3.91404785418518,46.2693682882531));
#2713=CARTESIAN_POINT('',(-85.,3.91404785418518,190.));
#2714=CARTESIAN_POINT('',(-94.4317417576441,10.8993385081557,42.2884228759851));
#2715=CARTESIAN_POINT('Origin',(-81.5,18.5,37.9567751328864));
#2716=CARTESIAN_POINT('',(-94.3944247667763,10.8362013378517,36.2013547647507));
#2717=CARTESIAN_POINT('Ctrl Pts',(-94.431741757644,10.8993385081557,42.2884228759851));
#2718=CARTESIAN_POINT('Ctrl Pts',(-94.5583940954548,11.1148244007096,42.2512366263938));
#2719=CARTESIAN_POINT('Ctrl Pts',(-94.6798381068059,11.3341363773406,42.1893854050627));
#2720=CARTESIAN_POINT('Ctrl Pts',(-94.9952606451161,11.9370954758263,41.9415869161785));
#2721=CARTESIAN_POINT('Ctrl Pts',(-95.1647946822497,12.3052465586992,41.6912981274081));
#2722=CARTESIAN_POINT('Ctrl Pts',(-95.3990708381614,12.8526640230406,41.1216136592924));
#2723=CARTESIAN_POINT('Ctrl Pts',(-95.4872723298691,13.0794481607099,40.7843931745881));
#2724=CARTESIAN_POINT('Ctrl Pts',(-95.6009218239303,13.3823665506135,40.0400315889371));
#2725=CARTESIAN_POINT('Ctrl Pts',(-95.6273351068849,13.4583333333333,39.6329700401768));
#2726=CARTESIAN_POINT('Ctrl Pts',(-95.6273351068849,13.4583333333333,39.25));
#2727=CARTESIAN_POINT('Ctrl Pts',(-95.6273351068849,13.4583333333333,38.8562568607455));
#2728=CARTESIAN_POINT('Ctrl Pts',(-95.5994583219611,13.3780647900635,38.438603526756));
#2729=CARTESIAN_POINT('Ctrl Pts',(-95.4796567255427,13.0595823399998,37.6784470609268));
#2730=CARTESIAN_POINT('Ctrl Pts',(-95.386654315038,12.8215358353431,37.3360440180261));
#2731=CARTESIAN_POINT('Ctrl Pts',(-95.1460807938998,12.2642196093019,36.7787277919848));
#2732=CARTESIAN_POINT('Ctrl Pts',(-94.9779008068707,11.9020843256946,36.5399687494979));
#2733=CARTESIAN_POINT('Ctrl Pts',(-94.6586350196056,11.2947877451363,36.2970713400597));
#2734=CARTESIAN_POINT('Ctrl Pts',(-94.5290676842732,11.0627395138372,36.2356256299307));
#2735=CARTESIAN_POINT('Ctrl Pts',(-94.3944247667763,10.8362013378517,36.2013547647507));
#2736=CARTESIAN_POINT('Origin',(-81.5,18.5,40.5872029847899));
#2737=CARTESIAN_POINT('',(-96.4706744587544,17.5625,190.));
#2738=CARTESIAN_POINT('Origin',(-85.,0.,190.));
#2739=CARTESIAN_POINT('',(-85.,-14.8092869260387,128.176104851391));
#2740=CARTESIAN_POINT('Origin',(-97.4687194226713,17.5,190.));
#2741=CARTESIAN_POINT('',(-97.4687194226713,18.5,190.));
#2742=CARTESIAN_POINT('Origin',(-45.,0.,-40.));
#2743=CARTESIAN_POINT('',(-45.,3.5,32.0029843484738));
#2744=CARTESIAN_POINT('',(-45.,3.5,17.5));
#2745=CARTESIAN_POINT('',(-45.,-9.67022751504762,24.4659101831941));
#2746=CARTESIAN_POINT('Origin',(-30.,1.11022302462516E-15,120.));
#2747=CARTESIAN_POINT('',(-30.,11.8652518923623,113.449276521914));
#2748=CARTESIAN_POINT('Origin',(-30.,10.375,110.75));
#2749=CARTESIAN_POINT('',(-30.,11.8652518923623,108.050723478086));
#2750=CARTESIAN_POINT('Origin',(-30.,11.8652518923623,108.050723478086));
#2751=CARTESIAN_POINT('',(-45.,3.5,103.432325784677));
#2752=CARTESIAN_POINT('',(-45.,-24.0032897685971,88.2479497894461));
#2753=CARTESIAN_POINT('',(-85.,3.5,103.432325784677));
#2754=CARTESIAN_POINT('',(-47.5,3.5,103.432325784677));
#2755=CARTESIAN_POINT('',(-85.,24.6557958455301,115.112294301159));
#2756=CARTESIAN_POINT('Origin',(-100.,0.,-40.));
#2757=CARTESIAN_POINT('',(-100.,18.5,-40.));
#2758=CARTESIAN_POINT('Origin',(-85.,0.,190.));
#2759=CARTESIAN_POINT('',(-85.,3.5,46.5053358359515));
#2760=CARTESIAN_POINT('',(-85.,3.5,132.5));
#2761=CARTESIAN_POINT('',(-85.,-30.4355349645934,65.8453345450057));
#2762=CARTESIAN_POINT('Origin',(-65.,3.5,75.));
#2763=CARTESIAN_POINT('',(-45.,3.5,46.5053358359515));
#2764=CARTESIAN_POINT('',(-45.,3.5,17.5));
#2765=CARTESIAN_POINT('',(-47.5,3.5,46.5053358359515));
#2766=CARTESIAN_POINT('Origin',(-45.,0.,-40.));
#2767=CARTESIAN_POINT('',(-45.,19.0356526103641,37.6515045425229));
#2768=CARTESIAN_POINT('Origin',(-30.,10.8362013378517,36.2013547647507));
#2769=CARTESIAN_POINT('',(-47.5,3.5,32.0029843484738));
#2770=CARTESIAN_POINT('',(-30.,10.8362013378517,36.2013547647507));
#2771=CARTESIAN_POINT('Origin',(-30.,10.375,39.25));
#2772=CARTESIAN_POINT('',(-30.,10.8993385081557,42.2884228759851));
#2773=CARTESIAN_POINT('Origin',(-30.,2.22044604925031E-15,48.5));
#2774=CARTESIAN_POINT('Origin',(-65.,3.5,75.));
#2775=CARTESIAN_POINT('Origin',(-92.5,18.5,75.));
#2776=UNCERTAINTY_MEASURE_WITH_UNIT(LENGTH_MEASURE(0.01),#2780,
'DISTANCE_ACCURACY_VALUE',
'Maximum model space distance between geometric entities at asserted c
onnectivities');
#2777=UNCERTAINTY_MEASURE_WITH_UNIT(LENGTH_MEASURE(0.01),#2780,
'DISTANCE_ACCURACY_VALUE',
'Maximum model space distance between geometric entities at asserted c
onnectivities');
#2778=(
GEOMETRIC_REPRESENTATION_CONTEXT(3)
GLOBAL_UNCERTAINTY_ASSIGNED_CONTEXT((#2776))
GLOBAL_UNIT_ASSIGNED_CONTEXT((#2780,#2782,#2783))
REPRESENTATION_CONTEXT('','3D')
);
#2779=(
GEOMETRIC_REPRESENTATION_CONTEXT(3)
GLOBAL_UNCERTAINTY_ASSIGNED_CONTEXT((#2777))
GLOBAL_UNIT_ASSIGNED_CONTEXT((#2780,#2782,#2783))
REPRESENTATION_CONTEXT('','3D')
);
#2780=(
LENGTH_UNIT()
NAMED_UNIT(*)
SI_UNIT(.MILLI.,.METRE.)
);
#2781=(
LENGTH_UNIT()
NAMED_UNIT(*)
SI_UNIT($,.METRE.)
);
#2782=(
NAMED_UNIT(*)
PLANE_ANGLE_UNIT()
SI_UNIT($,.RADIAN.)
);
#2783=(
NAMED_UNIT(*)
SI_UNIT($,.STERADIAN.)
SOLID_ANGLE_UNIT()
);
#2784=SHAPE_DEFINITION_REPRESENTATION(#2785,#2786);
#2785=PRODUCT_DEFINITION_SHAPE('',$,#2788);
#2786=SHAPE_REPRESENTATION('',(#1215),#2778);
#2787=PRODUCT_DEFINITION_CONTEXT('part definition',#2792,'design');
#2788=PRODUCT_DEFINITION('support_\X\E9tag\X\E8res',
'support_\X\E9tag\X\E8res v6',#2789,#2787);
#2789=PRODUCT_DEFINITION_FORMATION('',$,#2794);
#2790=PRODUCT_RELATED_PRODUCT_CATEGORY('support_\X\E9tag\X\E8res v6',
'support_\X\E9tag\X\E8res v6',(#2794));
#2791=APPLICATION_PROTOCOL_DEFINITION('international standard',
'automotive_design',2009,#2792);
#2792=APPLICATION_CONTEXT(
'Core Data for Automotive Mechanical Design Process');
#2793=PRODUCT_CONTEXT('part definition',#2792,'mechanical');
#2794=PRODUCT('support_\X\E9tag\X\E8res','support_\X\E9tag\X\E8res v6',
$,(#2793));
#2795=PRESENTATION_STYLE_ASSIGNMENT((#2796));
#2796=SURFACE_STYLE_USAGE(.BOTH.,#2797);
#2797=SURFACE_SIDE_STYLE('',(#2798));
#2798=SURFACE_STYLE_FILL_AREA(#2799);
#2799=FILL_AREA_STYLE('Acier - Satin\X\E9',(#2800));
#2800=FILL_AREA_STYLE_COLOUR('Acier - Satin\X\E9',#2801);
#2801=COLOUR_RGB('Acier - Satin\X\E9',0.627450980392157,0.627450980392157,
0.627450980392157);
ENDSEC;
END-ISO-10303-21;
