ISO-10303-21;
HEADER;
/* Generated by software containing ST-Developer
 * from STEP Tools, Inc. (www.steptools.com) 
 */

FILE_DESCRIPTION(
/* description */ (''),
/* implementation_level */ '2;1');

FILE_NAME(
/* name */ 'support_tagre_bas.step',
/* time_stamp */ '2025-11-07T13:22:43+01:00',
/* author */ (''),
/* organization */ (''),
/* preprocessor_version */ 'ST-DEVELOPER v20.1',
/* originating_system */ 'Autodesk Translation Framework v14.17.0.0',
/* authorisation */ '');

FILE_SCHEMA (('AUTOMOTIVE_DESIGN { 1 0 10303 214 3 1 1 }'));
ENDSEC;

DATA;
#10=MECHANICAL_DESIGN_GEOMETRIC_PRESENTATION_REPRESENTATION('',(#15,#16,
#17,#18,#19),#2037);
#11=SHAPE_REPRESENTATION_RELATIONSHIP('SRR','None',#2044,#12);
#12=ADVANCED_BREP_SHAPE_REPRESENTATION('',(#20,#21,#22,#23,#24),#2036);
#13=ELLIPSE('',#908,0.707106781186548,0.5);
#14=ELLIPSE('',#915,0.707106781186532,0.5);
#15=STYLED_ITEM('',(#2053),#20);
#16=STYLED_ITEM('',(#2053),#21);
#17=STYLED_ITEM('',(#2053),#22);
#18=STYLED_ITEM('',(#2053),#23);
#19=STYLED_ITEM('',(#2053),#24);
#20=MANIFOLD_SOLID_BREP('Corps1',#859);
#21=MANIFOLD_SOLID_BREP('Corps2',#860);
#22=MANIFOLD_SOLID_BREP('Corps3',#861);
#23=MANIFOLD_SOLID_BREP('Corps4',#862);
#24=MANIFOLD_SOLID_BREP('Corps5',#863);
#25=TOROIDAL_SURFACE('',#888,19.5,0.5);
#26=TOROIDAL_SURFACE('',#893,19.5,0.5);
#27=TOROIDAL_SURFACE('',#932,194.25,9.25);
#28=TOROIDAL_SURFACE('',#943,194.25,9.25);
#29=FACE_BOUND('',#292,.T.);
#30=FACE_BOUND('',#293,.T.);
#31=FACE_BOUND('',#306,.T.);
#32=FACE_BOUND('',#307,.T.);
#33=FACE_BOUND('',#317,.T.);
#34=FACE_BOUND('',#322,.T.);
#35=PLANE('',#879);
#36=PLANE('',#900);
#37=PLANE('',#901);
#38=PLANE('',#904);
#39=PLANE('',#905);
#40=PLANE('',#906);
#41=PLANE('',#910);
#42=PLANE('',#918);
#43=PLANE('',#922);
#44=PLANE('',#926);
#45=PLANE('',#927);
#46=PLANE('',#928);
#47=PLANE('',#929);
#48=PLANE('',#930);
#49=PLANE('',#931);
#50=PLANE('',#935);
#51=PLANE('',#936);
#52=PLANE('',#937);
#53=PLANE('',#938);
#54=PLANE('',#939);
#55=PLANE('',#940);
#56=PLANE('',#941);
#57=PLANE('',#942);
#58=PLANE('',#946);
#59=PLANE('',#947);
#60=PLANE('',#948);
#61=PLANE('',#949);
#62=PLANE('',#950);
#63=PLANE('',#951);
#64=PLANE('',#952);
#65=PLANE('',#953);
#66=LINE('',#1416,#132);
#67=LINE('',#1420,#133);
#68=LINE('',#1424,#134);
#69=LINE('',#1428,#135);
#70=LINE('',#1429,#136);
#71=LINE('',#1434,#137);
#72=LINE('',#1440,#138);
#73=LINE('',#1449,#139);
#74=LINE('',#1457,#140);
#75=LINE('',#1460,#141);
#76=LINE('',#1463,#142);
#77=LINE('',#1466,#143);
#78=LINE('',#1467,#144);
#79=LINE('',#1470,#145);
#80=LINE('',#1471,#146);
#81=LINE('',#1474,#147);
#82=LINE('',#1477,#148);
#83=LINE('',#1479,#149);
#84=LINE('',#1481,#150);
#85=LINE('',#1488,#151);
#86=LINE('',#1491,#152);
#87=LINE('',#1494,#153);
#88=LINE('',#1496,#154);
#89=LINE('',#1498,#155);
#90=LINE('',#1500,#156);
#91=LINE('',#1501,#157);
#92=LINE('',#1504,#158);
#93=LINE('',#1507,#159);
#94=LINE('',#1511,#160);
#95=LINE('',#1515,#161);
#96=LINE('',#1520,#162);
#97=LINE('',#1523,#163);
#98=LINE('',#1533,#164);
#99=LINE('',#1534,#165);
#100=LINE('',#1538,#166);
#101=LINE('',#1539,#167);
#102=LINE('',#1544,#168);
#103=LINE('',#1549,#169);
#104=LINE('',#1550,#170);
#105=LINE('',#1552,#171);
#106=LINE('',#1691,#172);
#107=LINE('',#1705,#173);
#108=LINE('',#1707,#174);
#109=LINE('',#1709,#175);
#110=LINE('',#1775,#176);
#111=LINE('',#1777,#177);
#112=LINE('',#1779,#178);
#113=LINE('',#1918,#179);
#114=LINE('',#1932,#180);
#115=LINE('',#1934,#181);
#116=LINE('',#1936,#182);
#117=LINE('',#1965,#183);
#118=LINE('',#1979,#184);
#119=LINE('',#1980,#185);
#120=LINE('',#2011,#186);
#121=LINE('',#2013,#187);
#122=LINE('',#2015,#188);
#123=LINE('',#2016,#189);
#124=LINE('',#2019,#190);
#125=LINE('',#2021,#191);
#126=LINE('',#2022,#192);
#127=LINE('',#2025,#193);
#128=LINE('',#2027,#194);
#129=LINE('',#2028,#195);
#130=LINE('',#2030,#196);
#131=LINE('',#2031,#197);
#132=VECTOR('',#960,12.5);
#133=VECTOR('',#963,10.);
#134=VECTOR('',#966,10.);
#135=VECTOR('',#969,10.);
#136=VECTOR('',#970,10.);
#137=VECTOR('',#975,1.5);
#138=VECTOR('',#982,10.);
#139=VECTOR('',#995,10.);
#140=VECTOR('',#1006,10.);
#141=VECTOR('',#1009,10.);
#142=VECTOR('',#1012,10.);
#143=VECTOR('',#1015,10.);
#144=VECTOR('',#1016,10.);
#145=VECTOR('',#1019,10.);
#146=VECTOR('',#1020,10.);
#147=VECTOR('',#1023,10.);
#148=VECTOR('',#1026,10.);
#149=VECTOR('',#1029,10.);
#150=VECTOR('',#1032,10.);
#151=VECTOR('',#1039,10.);
#152=VECTOR('',#1042,10.);
#153=VECTOR('',#1045,10.);
#154=VECTOR('',#1046,10.);
#155=VECTOR('',#1047,10.);
#156=VECTOR('',#1048,10.);
#157=VECTOR('',#1049,10.);
#158=VECTOR('',#1052,10.);
#159=VECTOR('',#1055,10.);
#160=VECTOR('',#1058,10.);
#161=VECTOR('',#1061,10.);
#162=VECTOR('',#1066,10.);
#163=VECTOR('',#1069,10.);
#164=VECTOR('',#1074,10.);
#165=VECTOR('',#1075,10.);
#166=VECTOR('',#1082,10.);
#167=VECTOR('',#1083,10.);
#168=VECTOR('',#1088,1.5);
#169=VECTOR('',#1095,10.);
#170=VECTOR('',#1096,10.);
#171=VECTOR('',#1099,10.);
#172=VECTOR('',#1104,10.);
#173=VECTOR('',#1105,10.);
#174=VECTOR('',#1106,10.);
#175=VECTOR('',#1107,10.);
#176=VECTOR('',#1118,10.);
#177=VECTOR('',#1121,10.);
#178=VECTOR('',#1124,10.);
#179=VECTOR('',#1129,10.);
#180=VECTOR('',#1130,10.);
#181=VECTOR('',#1131,10.);
#182=VECTOR('',#1132,10.);
#183=VECTOR('',#1137,10.);
#184=VECTOR('',#1138,10.);
#185=VECTOR('',#1139,10.);
#186=VECTOR('',#1154,10.);
#187=VECTOR('',#1155,10.);
#188=VECTOR('',#1156,10.);
#189=VECTOR('',#1157,10.);
#190=VECTOR('',#1160,10.);
#191=VECTOR('',#1161,10.);
#192=VECTOR('',#1162,10.);
#193=VECTOR('',#1165,10.);
#194=VECTOR('',#1166,10.);
#195=VECTOR('',#1167,10.);
#196=VECTOR('',#1170,10.);
#197=VECTOR('',#1171,10.);
#198=CIRCLE('',#878,12.5);
#199=CIRCLE('',#880,19.5);
#200=CIRCLE('',#881,19.5);
#201=CIRCLE('',#882,1.5);
#202=CIRCLE('',#884,1.5);
#203=CIRCLE('',#886,0.5);
#204=CIRCLE('',#887,0.499999999999998);
#205=CIRCLE('',#889,0.499999999999998);
#206=CIRCLE('',#890,20.);
#207=CIRCLE('',#892,0.5);
#208=CIRCLE('',#894,0.5);
#209=CIRCLE('',#895,20.);
#210=CIRCLE('',#897,0.5);
#211=CIRCLE('',#899,20.);
#212=CIRCLE('',#903,20.);
#213=CIRCLE('',#909,0.5);
#214=CIRCLE('',#912,0.5);
#215=CIRCLE('',#914,0.5);
#216=CIRCLE('',#917,0.5);
#217=CIRCLE('',#919,185.);
#218=CIRCLE('',#921,185.);
#219=CIRCLE('',#923,1.5);
#220=CIRCLE('',#925,1.5);
#221=CIRCLE('',#933,194.25);
#222=CIRCLE('',#934,194.25);
#223=CIRCLE('',#944,194.25);
#224=CIRCLE('',#945,194.25);
#225=CYLINDRICAL_SURFACE('',#877,12.5);
#226=CYLINDRICAL_SURFACE('',#883,1.5);
#227=CYLINDRICAL_SURFACE('',#885,0.5);
#228=CYLINDRICAL_SURFACE('',#891,0.5);
#229=CYLINDRICAL_SURFACE('',#896,0.5);
#230=CYLINDRICAL_SURFACE('',#898,20.);
#231=CYLINDRICAL_SURFACE('',#902,20.);
#232=CYLINDRICAL_SURFACE('',#907,0.5);
#233=CYLINDRICAL_SURFACE('',#911,0.5);
#234=CYLINDRICAL_SURFACE('',#913,0.5);
#235=CYLINDRICAL_SURFACE('',#916,0.5);
#236=CYLINDRICAL_SURFACE('',#920,185.);
#237=CYLINDRICAL_SURFACE('',#924,1.5);
#238=FACE_OUTER_BOUND('',#289,.T.);
#239=FACE_OUTER_BOUND('',#290,.T.);
#240=FACE_OUTER_BOUND('',#291,.T.);
#241=FACE_OUTER_BOUND('',#294,.T.);
#242=FACE_OUTER_BOUND('',#295,.T.);
#243=FACE_OUTER_BOUND('',#296,.T.);
#244=FACE_OUTER_BOUND('',#297,.T.);
#245=FACE_OUTER_BOUND('',#298,.T.);
#246=FACE_OUTER_BOUND('',#299,.T.);
#247=FACE_OUTER_BOUND('',#300,.T.);
#248=FACE_OUTER_BOUND('',#301,.T.);
#249=FACE_OUTER_BOUND('',#302,.T.);
#250=FACE_OUTER_BOUND('',#303,.T.);
#251=FACE_OUTER_BOUND('',#304,.T.);
#252=FACE_OUTER_BOUND('',#305,.T.);
#253=FACE_OUTER_BOUND('',#308,.T.);
#254=FACE_OUTER_BOUND('',#309,.T.);
#255=FACE_OUTER_BOUND('',#310,.T.);
#256=FACE_OUTER_BOUND('',#311,.T.);
#257=FACE_OUTER_BOUND('',#312,.T.);
#258=FACE_OUTER_BOUND('',#313,.T.);
#259=FACE_OUTER_BOUND('',#314,.T.);
#260=FACE_OUTER_BOUND('',#315,.T.);
#261=FACE_OUTER_BOUND('',#316,.T.);
#262=FACE_OUTER_BOUND('',#318,.T.);
#263=FACE_OUTER_BOUND('',#319,.T.);
#264=FACE_OUTER_BOUND('',#320,.T.);
#265=FACE_OUTER_BOUND('',#321,.T.);
#266=FACE_OUTER_BOUND('',#323,.T.);
#267=FACE_OUTER_BOUND('',#324,.T.);
#268=FACE_OUTER_BOUND('',#325,.T.);
#269=FACE_OUTER_BOUND('',#326,.T.);
#270=FACE_OUTER_BOUND('',#327,.T.);
#271=FACE_OUTER_BOUND('',#328,.T.);
#272=FACE_OUTER_BOUND('',#329,.T.);
#273=FACE_OUTER_BOUND('',#330,.T.);
#274=FACE_OUTER_BOUND('',#331,.T.);
#275=FACE_OUTER_BOUND('',#332,.T.);
#276=FACE_OUTER_BOUND('',#333,.T.);
#277=FACE_OUTER_BOUND('',#334,.T.);
#278=FACE_OUTER_BOUND('',#335,.T.);
#279=FACE_OUTER_BOUND('',#336,.T.);
#280=FACE_OUTER_BOUND('',#337,.T.);
#281=FACE_OUTER_BOUND('',#338,.T.);
#282=FACE_OUTER_BOUND('',#339,.T.);
#283=FACE_OUTER_BOUND('',#340,.T.);
#284=FACE_OUTER_BOUND('',#341,.T.);
#285=FACE_OUTER_BOUND('',#342,.T.);
#286=FACE_OUTER_BOUND('',#343,.T.);
#287=FACE_OUTER_BOUND('',#344,.T.);
#288=FACE_OUTER_BOUND('',#345,.T.);
#289=EDGE_LOOP('',(#567,#568,#569,#570));
#290=EDGE_LOOP('',(#571,#572,#573,#574));
#291=EDGE_LOOP('',(#575,#576,#577,#578,#579,#580));
#292=EDGE_LOOP('',(#581));
#293=EDGE_LOOP('',(#582));
#294=EDGE_LOOP('',(#583,#584,#585,#586));
#295=EDGE_LOOP('',(#587,#588,#589,#590));
#296=EDGE_LOOP('',(#591,#592,#593,#594));
#297=EDGE_LOOP('',(#595,#596,#597,#598));
#298=EDGE_LOOP('',(#599,#600,#601,#602));
#299=EDGE_LOOP('',(#603,#604,#605,#606));
#300=EDGE_LOOP('',(#607,#608,#609,#610));
#301=EDGE_LOOP('',(#611,#612,#613,#614));
#302=EDGE_LOOP('',(#615,#616,#617,#618,#619,#620));
#303=EDGE_LOOP('',(#621,#622,#623,#624));
#304=EDGE_LOOP('',(#625,#626,#627,#628));
#305=EDGE_LOOP('',(#629,#630,#631,#632,#633,#634));
#306=EDGE_LOOP('',(#635));
#307=EDGE_LOOP('',(#636));
#308=EDGE_LOOP('',(#637,#638,#639,#640));
#309=EDGE_LOOP('',(#641,#642,#643,#644));
#310=EDGE_LOOP('',(#645,#646,#647,#648,#649,#650));
#311=EDGE_LOOP('',(#651,#652,#653,#654));
#312=EDGE_LOOP('',(#655,#656,#657,#658));
#313=EDGE_LOOP('',(#659,#660,#661,#662,#663));
#314=EDGE_LOOP('',(#664,#665,#666,#667,#668));
#315=EDGE_LOOP('',(#669,#670,#671,#672,#673));
#316=EDGE_LOOP('',(#674,#675,#676,#677,#678,#679));
#317=EDGE_LOOP('',(#680));
#318=EDGE_LOOP('',(#681,#682,#683,#684));
#319=EDGE_LOOP('',(#685,#686,#687,#688,#689));
#320=EDGE_LOOP('',(#690,#691,#692,#693));
#321=EDGE_LOOP('',(#694,#695,#696,#697));
#322=EDGE_LOOP('',(#698));
#323=EDGE_LOOP('',(#699,#700,#701,#702,#703,#704));
#324=EDGE_LOOP('',(#705,#706,#707,#708));
#325=EDGE_LOOP('',(#709,#710,#711,#712,#713,#714,#715,#716));
#326=EDGE_LOOP('',(#717,#718));
#327=EDGE_LOOP('',(#719,#720,#721,#722,#723,#724,#725,#726,#727));
#328=EDGE_LOOP('',(#728,#729,#730));
#329=EDGE_LOOP('',(#731,#732,#733));
#330=EDGE_LOOP('',(#734,#735,#736,#737,#738,#739));
#331=EDGE_LOOP('',(#740,#741,#742));
#332=EDGE_LOOP('',(#743,#744,#745,#746));
#333=EDGE_LOOP('',(#747,#748,#749,#750,#751,#752,#753,#754));
#334=EDGE_LOOP('',(#755,#756));
#335=EDGE_LOOP('',(#757,#758,#759,#760,#761,#762));
#336=EDGE_LOOP('',(#763,#764,#765));
#337=EDGE_LOOP('',(#766,#767,#768,#769,#770,#771,#772,#773,#774));
#338=EDGE_LOOP('',(#775,#776,#777));
#339=EDGE_LOOP('',(#778,#779,#780));
#340=EDGE_LOOP('',(#781,#782,#783,#784));
#341=EDGE_LOOP('',(#785,#786,#787,#788));
#342=EDGE_LOOP('',(#789,#790,#791,#792));
#343=EDGE_LOOP('',(#793,#794,#795,#796));
#344=EDGE_LOOP('',(#797,#798,#799,#800));
#345=EDGE_LOOP('',(#801,#802,#803,#804));
#346=B_SPLINE_CURVE_WITH_KNOTS('',3,(#1353,#1354,#1355,#1356,#1357,#1358,
#1359,#1360,#1361,#1362,#1363,#1364,#1365,#1366,#1367,#1368,#1369),
 .UNSPECIFIED.,.T.,.F.,(4,1,1,1,1,1,1,1,1,1,1,1,1,1,4),(0.,0.603121605814404,
1.20624321162881,1.80936481744321,2.41248642325761,2.81456749380055,3.61872963488642,
4.02081070542936,4.82497284651523,5.22705391705816,6.03121605814404,6.43329712868697,
7.23745926977284,7.84058087558725,8.44370248140165),.UNSPECIFIED.);
#347=B_SPLINE_CURVE_WITH_KNOTS('',3,(#1370,#1371,#1372,#1373,#1374,#1375,
#1376,#1377,#1378,#1379,#1380,#1381,#1382,#1383,#1384,#1385,#1386,#1387,
#1388,#1389,#1390,#1391,#1392,#1393,#1394,#1395,#1396,#1397,#1398,#1399,
#1400,#1401,#1402,#1403,#1404,#1405,#1406,#1407,#1408,#1409,#1410,#1411,
#1412),.UNSPECIFIED.,.T.,.F.,(4,3,3,3,3,3,3,3,3,3,3,3,3,3,4),(-8.44370248140167,
-7.84058087558726,-7.23745926977286,-6.43329712868699,-6.03121605814405,
-5.22705391705817,-4.82497284651524,-4.02081070542937,-3.61872963488643,
-2.81456749380056,-2.41248642325762,-1.80936481744321,-1.20624321162881,
-0.603121605814405,-1.77635683940025E-14),.UNSPECIFIED.);
#348=B_SPLINE_CURVE_WITH_KNOTS('',3,(#1524,#1525,#1526,#1527,#1528,#1529),
 .UNSPECIFIED.,.F.,.F.,(4,2,4),(0.216677117888171,0.227452053908466,0.250514064852694),
 .UNSPECIFIED.);
#349=B_SPLINE_CURVE_WITH_KNOTS('',3,(#1591,#1592,#1593,#1594,#1595,#1596,
#1597,#1598,#1599,#1600,#1601,#1602,#1603,#1604,#1605,#1606,#1607,#1608,
#1609,#1610,#1611,#1612,#1613,#1614,#1615,#1616,#1617,#1618,#1619,#1620,
#1621,#1622,#1623,#1624,#1625,#1626,#1627,#1628,#1629,#1630,#1631,#1632,
#1633),.UNSPECIFIED.,.F.,.F.,(4,3,3,3,3,3,3,3,3,3,3,3,3,3,4),(0.,0.00906198703771352,
0.0179160518548788,0.0261367801680597,0.0343558904759233,0.0420767516177912,
0.0450178868172158,0.0487328896223276,0.0568432674029533,0.0645002631618637,
0.0677494775315432,0.0754760033471738,0.0769714739717957,0.0847626468730759,
0.0861155348406258),.UNSPECIFIED.);
#350=B_SPLINE_CURVE_WITH_KNOTS('',3,(#1635,#1636,#1637,#1638,#1639,#1640,
#1641),.UNSPECIFIED.,.F.,.F.,(4,1,1,1,4),(-1.89060897434715,-1.35892217918748,
-0.827206853165752,-0.295491527144021,-0.0296878022510654),
 .UNSPECIFIED.);
#351=B_SPLINE_CURVE_WITH_KNOTS('',3,(#1643,#1644,#1645,#1646,#1647,#1648,
#1649,#1650,#1651,#1652,#1653,#1654,#1655,#1656,#1657,#1658,#1659,#1660,
#1661,#1662,#1663,#1664,#1665,#1666,#1667,#1668,#1669,#1670,#1671,#1672,
#1673,#1674,#1675,#1676,#1677,#1678,#1679,#1680,#1681,#1682),
 .UNSPECIFIED.,.F.,.F.,(4,3,3,3,3,3,3,3,3,3,3,3,3,4),(0.,0.00752374776603055,
0.0153973192188263,0.0171855078087502,0.024735786559086,0.0327250012026093,
0.0353705533811621,0.040905569397354,0.0487393939316787,0.0560040570615275,
0.0645691394458781,0.0706750080054648,0.0798066426848403,0.0856520553486462),
 .UNSPECIFIED.);
#352=B_SPLINE_CURVE_WITH_KNOTS('',3,(#1683,#1684,#1685,#1686,#1687,#1688,
#1689),.UNSPECIFIED.,.F.,.F.,(4,1,1,1,4),(0.0577263515904123,0.295491527144021,
0.827206853165752,1.35892217918748,1.86256723644108),.UNSPECIFIED.);
#353=B_SPLINE_CURVE_WITH_KNOTS('',3,(#1693,#1694,#1695,#1696,#1697,#1698,
#1699,#1700,#1701,#1702,#1703),.UNSPECIFIED.,.F.,.F.,(4,2,2,3,4),(-3.95277722466505,
-2.7369719120038,-1.3684859560019,0.,0.671696448596352),.UNSPECIFIED.);
#354=B_SPLINE_CURVE_WITH_KNOTS('',3,(#1710,#1711,#1712,#1713,#1714,#1715,
#1716,#1717,#1718,#1719,#1720),.UNSPECIFIED.,.F.,.F.,(4,3,2,2,4),(-0.67169644859635,
0.,1.3684859560019,2.7369719120038,3.95277722466505),.UNSPECIFIED.);
#355=B_SPLINE_CURVE_WITH_KNOTS('',3,(#1726,#1727,#1728,#1729,#1730,#1731,
#1732,#1733,#1734,#1735,#1736,#1737),.UNSPECIFIED.,.F.,.F.,(4,2,2,2,2,4),
(1.50299119873083,1.72175286243689,1.94051452614295,2.14185501374382,2.3431955013447,
2.47276563050013),.UNSPECIFIED.);
#356=B_SPLINE_CURVE_WITH_KNOTS('',3,(#1739,#1740,#1741,#1742,#1743,#1744,
#1745,#1746,#1747,#1748),.UNSPECIFIED.,.F.,.F.,(4,2,2,2,4),(3.05125065817115,
3.16232712021642,3.35820193101456,3.50115496091521,3.64410799081587),
 .UNSPECIFIED.);
#357=B_SPLINE_CURVE_WITH_KNOTS('',3,(#1750,#1751,#1752,#1753,#1754,#1755,
#1756,#1757,#1758,#1759),.UNSPECIFIED.,.F.,.F.,(4,2,2,2,4),(3.64410799081587,
3.78706102071653,3.93001405061718,4.12588886141532,4.23696532346059),
 .UNSPECIFIED.);
#358=B_SPLINE_CURVE_WITH_KNOTS('',3,(#1761,#1762,#1763,#1764,#1765,#1766,
#1767,#1768,#1769,#1770,#1771,#1772),.UNSPECIFIED.,.F.,.F.,(4,2,2,2,2,4),
(-2.47276563049487,-2.3431955013447,-2.14185501374382,-1.94051452614295,
-1.72175286243689,-1.50299119873083),.UNSPECIFIED.);
#359=B_SPLINE_CURVE_WITH_KNOTS('',3,(#1818,#1819,#1820,#1821,#1822,#1823,
#1824,#1825,#1826,#1827,#1828,#1829,#1830,#1831,#1832,#1833,#1834,#1835,
#1836,#1837,#1838,#1839,#1840,#1841,#1842,#1843,#1844,#1845,#1846,#1847,
#1848,#1849,#1850,#1851,#1852,#1853,#1854,#1855,#1856,#1857,#1858,#1859,
#1860),.UNSPECIFIED.,.F.,.F.,(4,3,3,3,3,3,3,3,3,3,3,3,3,3,4),(0.,0.00906091891133098,
0.0179124309217984,0.0261367801680601,0.0343538869153886,0.0420735296919042,
0.0450178868172215,0.0487328896223335,0.0568432897828209,0.0645011855029452,
0.0677494775315526,0.0754785794056933,0.0769714739718071,0.0847662481400374,
0.0861155348406414),.UNSPECIFIED.);
#360=B_SPLINE_CURVE_WITH_KNOTS('',3,(#1862,#1863,#1864,#1865,#1866,#1867,
#1868),.UNSPECIFIED.,.F.,.F.,(4,1,1,1,4),(-1.89060897434698,-1.62477984219821,
-1.09306451617652,-0.56134919015484,-0.0296878022510657),.UNSPECIFIED.);
#361=B_SPLINE_CURVE_WITH_KNOTS('',3,(#1870,#1871,#1872,#1873,#1874,#1875,
#1876,#1877,#1878,#1879,#1880,#1881,#1882,#1883,#1884,#1885,#1886,#1887,
#1888,#1889,#1890,#1891,#1892,#1893,#1894,#1895,#1896,#1897,#1898,#1899,
#1900,#1901,#1902,#1903,#1904,#1905,#1906,#1907,#1908,#1909),
 .UNSPECIFIED.,.F.,.F.,(4,3,3,3,3,3,3,3,3,3,3,3,3,4),(0.,0.00752081753808482,
0.0153910986355894,0.0171855078087486,0.0247346860577298,0.0327234968879513,
0.035370553381157,0.0409055693973485,0.0487408842960691,0.056004057061521,
0.0645717040293089,0.0706750080054554,0.079808183279129,0.0856520553486336),
 .UNSPECIFIED.);
#362=B_SPLINE_CURVE_WITH_KNOTS('',3,(#1910,#1911,#1912,#1913,#1914,#1915,
#1916),.UNSPECIFIED.,.F.,.F.,(4,1,1,1,4),(0.0577295417759433,0.56134919015484,
1.09306451617652,1.62477984219821,1.86257042162995),.UNSPECIFIED.);
#363=B_SPLINE_CURVE_WITH_KNOTS('',3,(#1920,#1921,#1922,#1923,#1924,#1925,
#1926,#1927,#1928,#1929,#1930),.UNSPECIFIED.,.F.,.F.,(4,2,2,3,4),(-3.95277722466505,
-2.7369719120038,-1.3684859560019,0.,0.671696448596352),.UNSPECIFIED.);
#364=B_SPLINE_CURVE_WITH_KNOTS('',3,(#1937,#1938,#1939,#1940,#1941,#1942,
#1943,#1944,#1945,#1946,#1947),.UNSPECIFIED.,.F.,.F.,(4,3,2,2,4),(-0.671696448596352,
0.,1.3684859560019,2.7369719120038,3.95277722466505),.UNSPECIFIED.);
#365=B_SPLINE_CURVE_WITH_KNOTS('',3,(#1952,#1953,#1954,#1955,#1956,#1957,
#1958,#1959,#1960,#1961,#1962,#1963),.UNSPECIFIED.,.F.,.F.,(4,2,2,2,2,4),
(-2.47276563049487,-2.3431955013447,-2.14185501374382,-1.94051452614295,
-1.72175286243689,-1.50299119873083),.UNSPECIFIED.);
#366=B_SPLINE_CURVE_WITH_KNOTS('',3,(#1967,#1968,#1969,#1970,#1971,#1972,
#1973,#1974,#1975,#1976,#1977,#1978),.UNSPECIFIED.,.F.,.F.,(4,2,2,2,2,4),
(1.50299119873083,1.72175286243689,1.94051452614295,2.14185501374382,2.3431955013447,
2.47276563050013),.UNSPECIFIED.);
#367=B_SPLINE_CURVE_WITH_KNOTS('',3,(#1983,#1984,#1985,#1986,#1987,#1988,
#1989,#1990,#1991,#1992),.UNSPECIFIED.,.F.,.F.,(4,2,2,2,4),(3.64410799081587,
3.78706102071653,3.93001405061718,4.12588886141532,4.23696532346059),
 .UNSPECIFIED.);
#368=B_SPLINE_CURVE_WITH_KNOTS('',3,(#1993,#1994,#1995,#1996,#1997,#1998,
#1999,#2000,#2001,#2002),.UNSPECIFIED.,.F.,.F.,(4,2,2,2,4),(3.05125065817115,
3.16232712021642,3.35820193101456,3.50115496091521,3.64410799081587),
 .UNSPECIFIED.);
#369=(
BOUNDED_CURVE()
B_SPLINE_CURVE(3,(#1349,#1350,#1351,#1352),.UNSPECIFIED.,.F.,.F.)
B_SPLINE_CURVE_WITH_KNOTS((4,4),(0.,1.),.UNSPECIFIED.)
CURVE()
GEOMETRIC_REPRESENTATION_ITEM()
RATIONAL_B_SPLINE_CURVE((1.,0.569035593728849,0.569035593728849,1.))
REPRESENTATION_ITEM('')
);
#370=VERTEX_POINT('',#1347);
#371=VERTEX_POINT('',#1348);
#372=VERTEX_POINT('',#1414);
#373=VERTEX_POINT('',#1418);
#374=VERTEX_POINT('',#1419);
#375=VERTEX_POINT('',#1421);
#376=VERTEX_POINT('',#1423);
#377=VERTEX_POINT('',#1425);
#378=VERTEX_POINT('',#1427);
#379=VERTEX_POINT('',#1430);
#380=VERTEX_POINT('',#1433);
#381=VERTEX_POINT('',#1437);
#382=VERTEX_POINT('',#1439);
#383=VERTEX_POINT('',#1443);
#384=VERTEX_POINT('',#1447);
#385=VERTEX_POINT('',#1451);
#386=VERTEX_POINT('',#1455);
#387=VERTEX_POINT('',#1459);
#388=VERTEX_POINT('',#1461);
#389=VERTEX_POINT('',#1465);
#390=VERTEX_POINT('',#1469);
#391=VERTEX_POINT('',#1473);
#392=VERTEX_POINT('',#1475);
#393=VERTEX_POINT('',#1484);
#394=VERTEX_POINT('',#1485);
#395=VERTEX_POINT('',#1487);
#396=VERTEX_POINT('',#1489);
#397=VERTEX_POINT('',#1493);
#398=VERTEX_POINT('',#1495);
#399=VERTEX_POINT('',#1497);
#400=VERTEX_POINT('',#1499);
#401=VERTEX_POINT('',#1503);
#402=VERTEX_POINT('',#1505);
#403=VERTEX_POINT('',#1509);
#404=VERTEX_POINT('',#1510);
#405=VERTEX_POINT('',#1512);
#406=VERTEX_POINT('',#1514);
#407=VERTEX_POINT('',#1518);
#408=VERTEX_POINT('',#1519);
#409=VERTEX_POINT('',#1521);
#410=VERTEX_POINT('',#1532);
#411=VERTEX_POINT('',#1540);
#412=VERTEX_POINT('',#1543);
#413=VERTEX_POINT('',#1548);
#414=VERTEX_POINT('',#1589);
#415=VERTEX_POINT('',#1590);
#416=VERTEX_POINT('',#1634);
#417=VERTEX_POINT('',#1642);
#418=VERTEX_POINT('',#1692);
#419=VERTEX_POINT('',#1704);
#420=VERTEX_POINT('',#1706);
#421=VERTEX_POINT('',#1708);
#422=VERTEX_POINT('',#1723);
#423=VERTEX_POINT('',#1725);
#424=VERTEX_POINT('',#1738);
#425=VERTEX_POINT('',#1749);
#426=VERTEX_POINT('',#1760);
#427=VERTEX_POINT('',#1816);
#428=VERTEX_POINT('',#1817);
#429=VERTEX_POINT('',#1861);
#430=VERTEX_POINT('',#1869);
#431=VERTEX_POINT('',#1919);
#432=VERTEX_POINT('',#1931);
#433=VERTEX_POINT('',#1933);
#434=VERTEX_POINT('',#1935);
#435=VERTEX_POINT('',#1950);
#436=VERTEX_POINT('',#1951);
#437=VERTEX_POINT('',#1964);
#438=VERTEX_POINT('',#1966);
#439=VERTEX_POINT('',#1982);
#440=VERTEX_POINT('',#2009);
#441=VERTEX_POINT('',#2010);
#442=VERTEX_POINT('',#2012);
#443=VERTEX_POINT('',#2014);
#444=VERTEX_POINT('',#2018);
#445=VERTEX_POINT('',#2020);
#446=VERTEX_POINT('',#2024);
#447=VERTEX_POINT('',#2026);
#448=EDGE_CURVE('',#370,#371,#369,.T.);
#449=EDGE_CURVE('',#371,#371,#346,.T.);
#450=EDGE_CURVE('',#370,#370,#347,.T.);
#451=EDGE_CURVE('',#372,#372,#198,.T.);
#452=EDGE_CURVE('',#372,#371,#66,.T.);
#453=EDGE_CURVE('',#373,#374,#67,.T.);
#454=EDGE_CURVE('',#375,#373,#199,.T.);
#455=EDGE_CURVE('',#376,#375,#68,.T.);
#456=EDGE_CURVE('',#377,#376,#200,.T.);
#457=EDGE_CURVE('',#378,#377,#69,.T.);
#458=EDGE_CURVE('',#378,#374,#70,.T.);
#459=EDGE_CURVE('',#379,#379,#201,.T.);
#460=EDGE_CURVE('',#379,#380,#71,.T.);
#461=EDGE_CURVE('',#380,#380,#202,.T.);
#462=EDGE_CURVE('',#375,#381,#203,.T.);
#463=EDGE_CURVE('',#381,#382,#72,.T.);
#464=EDGE_CURVE('',#382,#376,#204,.T.);
#465=EDGE_CURVE('',#383,#377,#205,.T.);
#466=EDGE_CURVE('',#382,#383,#206,.T.);
#467=EDGE_CURVE('',#384,#378,#207,.T.);
#468=EDGE_CURVE('',#383,#384,#73,.T.);
#469=EDGE_CURVE('',#373,#385,#208,.T.);
#470=EDGE_CURVE('',#385,#381,#209,.T.);
#471=EDGE_CURVE('',#374,#386,#210,.T.);
#472=EDGE_CURVE('',#386,#385,#74,.T.);
#473=EDGE_CURVE('',#385,#387,#75,.T.);
#474=EDGE_CURVE('',#387,#388,#211,.T.);
#475=EDGE_CURVE('',#388,#381,#76,.T.);
#476=EDGE_CURVE('',#389,#386,#77,.T.);
#477=EDGE_CURVE('',#387,#389,#78,.T.);
#478=EDGE_CURVE('',#390,#384,#79,.T.);
#479=EDGE_CURVE('',#389,#390,#80,.T.);
#480=EDGE_CURVE('',#382,#391,#81,.T.);
#481=EDGE_CURVE('',#391,#392,#212,.T.);
#482=EDGE_CURVE('',#392,#383,#82,.T.);
#483=EDGE_CURVE('',#390,#392,#83,.T.);
#484=EDGE_CURVE('',#391,#388,#84,.T.);
#485=EDGE_CURVE('',#393,#394,#13,.T.);
#486=EDGE_CURVE('',#394,#395,#85,.T.);
#487=EDGE_CURVE('',#395,#396,#213,.T.);
#488=EDGE_CURVE('',#396,#393,#86,.T.);
#489=EDGE_CURVE('',#394,#397,#87,.T.);
#490=EDGE_CURVE('',#397,#398,#88,.T.);
#491=EDGE_CURVE('',#398,#399,#89,.T.);
#492=EDGE_CURVE('',#399,#400,#90,.T.);
#493=EDGE_CURVE('',#400,#395,#91,.T.);
#494=EDGE_CURVE('',#393,#401,#92,.T.);
#495=EDGE_CURVE('',#401,#402,#214,.T.);
#496=EDGE_CURVE('',#402,#394,#93,.T.);
#497=EDGE_CURVE('',#403,#404,#94,.T.);
#498=EDGE_CURVE('',#404,#405,#215,.F.);
#499=EDGE_CURVE('',#405,#406,#95,.T.);
#500=EDGE_CURVE('',#406,#403,#14,.T.);
#501=EDGE_CURVE('',#407,#408,#96,.T.);
#502=EDGE_CURVE('',#408,#409,#216,.T.);
#503=EDGE_CURVE('',#409,#403,#97,.T.);
#504=EDGE_CURVE('',#406,#407,#348,.T.);
#505=EDGE_CURVE('',#407,#399,#217,.T.);
#506=EDGE_CURVE('',#410,#398,#98,.T.);
#507=EDGE_CURVE('',#408,#410,#99,.T.);
#508=EDGE_CURVE('',#405,#400,#218,.T.);
#509=EDGE_CURVE('',#396,#404,#100,.T.);
#510=EDGE_CURVE('',#401,#409,#101,.T.);
#511=EDGE_CURVE('',#411,#411,#219,.T.);
#512=EDGE_CURVE('',#411,#412,#102,.T.);
#513=EDGE_CURVE('',#412,#412,#220,.T.);
#514=EDGE_CURVE('',#413,#402,#103,.T.);
#515=EDGE_CURVE('',#413,#397,#104,.T.);
#516=EDGE_CURVE('',#410,#413,#105,.T.);
#517=EDGE_CURVE('',#414,#415,#349,.T.);
#518=EDGE_CURVE('',#415,#416,#350,.T.);
#519=EDGE_CURVE('',#416,#417,#351,.T.);
#520=EDGE_CURVE('',#417,#414,#352,.T.);
#521=EDGE_CURVE('',#414,#417,#106,.T.);
#522=EDGE_CURVE('',#418,#416,#353,.T.);
#523=EDGE_CURVE('',#418,#419,#107,.T.);
#524=EDGE_CURVE('',#419,#420,#108,.T.);
#525=EDGE_CURVE('',#420,#421,#109,.T.);
#526=EDGE_CURVE('',#415,#421,#354,.T.);
#527=EDGE_CURVE('',#421,#422,#221,.T.);
#528=EDGE_CURVE('',#422,#423,#355,.T.);
#529=EDGE_CURVE('',#423,#424,#356,.T.);
#530=EDGE_CURVE('',#424,#425,#357,.T.);
#531=EDGE_CURVE('',#425,#426,#358,.T.);
#532=EDGE_CURVE('',#426,#418,#222,.T.);
#533=EDGE_CURVE('',#419,#426,#110,.T.);
#534=EDGE_CURVE('',#423,#425,#111,.T.);
#535=EDGE_CURVE('',#420,#422,#112,.T.);
#536=EDGE_CURVE('',#427,#428,#359,.T.);
#537=EDGE_CURVE('',#428,#429,#360,.T.);
#538=EDGE_CURVE('',#429,#430,#361,.T.);
#539=EDGE_CURVE('',#430,#427,#362,.T.);
#540=EDGE_CURVE('',#430,#427,#113,.T.);
#541=EDGE_CURVE('',#431,#429,#363,.T.);
#542=EDGE_CURVE('',#432,#431,#114,.T.);
#543=EDGE_CURVE('',#433,#432,#115,.T.);
#544=EDGE_CURVE('',#434,#433,#116,.T.);
#545=EDGE_CURVE('',#428,#434,#364,.T.);
#546=EDGE_CURVE('',#435,#436,#365,.T.);
#547=EDGE_CURVE('',#437,#435,#117,.T.);
#548=EDGE_CURVE('',#438,#437,#366,.T.);
#549=EDGE_CURVE('',#433,#438,#118,.T.);
#550=EDGE_CURVE('',#432,#436,#119,.T.);
#551=EDGE_CURVE('',#439,#435,#367,.T.);
#552=EDGE_CURVE('',#437,#439,#368,.T.);
#553=EDGE_CURVE('',#434,#438,#223,.T.);
#554=EDGE_CURVE('',#436,#431,#224,.T.);
#555=EDGE_CURVE('',#440,#441,#120,.T.);
#556=EDGE_CURVE('',#441,#442,#121,.T.);
#557=EDGE_CURVE('',#443,#442,#122,.T.);
#558=EDGE_CURVE('',#440,#443,#123,.T.);
#559=EDGE_CURVE('',#444,#440,#124,.T.);
#560=EDGE_CURVE('',#445,#443,#125,.T.);
#561=EDGE_CURVE('',#444,#445,#126,.T.);
#562=EDGE_CURVE('',#446,#444,#127,.T.);
#563=EDGE_CURVE('',#447,#445,#128,.T.);
#564=EDGE_CURVE('',#446,#447,#129,.T.);
#565=EDGE_CURVE('',#441,#446,#130,.T.);
#566=EDGE_CURVE('',#442,#447,#131,.T.);
#567=ORIENTED_EDGE('',*,*,#448,.T.);
#568=ORIENTED_EDGE('',*,*,#449,.T.);
#569=ORIENTED_EDGE('',*,*,#448,.F.);
#570=ORIENTED_EDGE('',*,*,#450,.T.);
#571=ORIENTED_EDGE('',*,*,#451,.F.);
#572=ORIENTED_EDGE('',*,*,#452,.T.);
#573=ORIENTED_EDGE('',*,*,#449,.F.);
#574=ORIENTED_EDGE('',*,*,#452,.F.);
#575=ORIENTED_EDGE('',*,*,#453,.F.);
#576=ORIENTED_EDGE('',*,*,#454,.F.);
#577=ORIENTED_EDGE('',*,*,#455,.F.);
#578=ORIENTED_EDGE('',*,*,#456,.F.);
#579=ORIENTED_EDGE('',*,*,#457,.F.);
#580=ORIENTED_EDGE('',*,*,#458,.T.);
#581=ORIENTED_EDGE('',*,*,#459,.T.);
#582=ORIENTED_EDGE('',*,*,#450,.F.);
#583=ORIENTED_EDGE('',*,*,#459,.F.);
#584=ORIENTED_EDGE('',*,*,#460,.T.);
#585=ORIENTED_EDGE('',*,*,#461,.F.);
#586=ORIENTED_EDGE('',*,*,#460,.F.);
#587=ORIENTED_EDGE('',*,*,#462,.T.);
#588=ORIENTED_EDGE('',*,*,#463,.T.);
#589=ORIENTED_EDGE('',*,*,#464,.T.);
#590=ORIENTED_EDGE('',*,*,#455,.T.);
#591=ORIENTED_EDGE('',*,*,#465,.T.);
#592=ORIENTED_EDGE('',*,*,#456,.T.);
#593=ORIENTED_EDGE('',*,*,#464,.F.);
#594=ORIENTED_EDGE('',*,*,#466,.T.);
#595=ORIENTED_EDGE('',*,*,#467,.T.);
#596=ORIENTED_EDGE('',*,*,#457,.T.);
#597=ORIENTED_EDGE('',*,*,#465,.F.);
#598=ORIENTED_EDGE('',*,*,#468,.T.);
#599=ORIENTED_EDGE('',*,*,#469,.T.);
#600=ORIENTED_EDGE('',*,*,#470,.T.);
#601=ORIENTED_EDGE('',*,*,#462,.F.);
#602=ORIENTED_EDGE('',*,*,#454,.T.);
#603=ORIENTED_EDGE('',*,*,#471,.T.);
#604=ORIENTED_EDGE('',*,*,#472,.T.);
#605=ORIENTED_EDGE('',*,*,#469,.F.);
#606=ORIENTED_EDGE('',*,*,#453,.T.);
#607=ORIENTED_EDGE('',*,*,#470,.F.);
#608=ORIENTED_EDGE('',*,*,#473,.T.);
#609=ORIENTED_EDGE('',*,*,#474,.T.);
#610=ORIENTED_EDGE('',*,*,#475,.T.);
#611=ORIENTED_EDGE('',*,*,#472,.F.);
#612=ORIENTED_EDGE('',*,*,#476,.F.);
#613=ORIENTED_EDGE('',*,*,#477,.F.);
#614=ORIENTED_EDGE('',*,*,#473,.F.);
#615=ORIENTED_EDGE('',*,*,#471,.F.);
#616=ORIENTED_EDGE('',*,*,#458,.F.);
#617=ORIENTED_EDGE('',*,*,#467,.F.);
#618=ORIENTED_EDGE('',*,*,#478,.F.);
#619=ORIENTED_EDGE('',*,*,#479,.F.);
#620=ORIENTED_EDGE('',*,*,#476,.T.);
#621=ORIENTED_EDGE('',*,*,#466,.F.);
#622=ORIENTED_EDGE('',*,*,#480,.T.);
#623=ORIENTED_EDGE('',*,*,#481,.T.);
#624=ORIENTED_EDGE('',*,*,#482,.T.);
#625=ORIENTED_EDGE('',*,*,#468,.F.);
#626=ORIENTED_EDGE('',*,*,#482,.F.);
#627=ORIENTED_EDGE('',*,*,#483,.F.);
#628=ORIENTED_EDGE('',*,*,#478,.T.);
#629=ORIENTED_EDGE('',*,*,#481,.F.);
#630=ORIENTED_EDGE('',*,*,#484,.T.);
#631=ORIENTED_EDGE('',*,*,#474,.F.);
#632=ORIENTED_EDGE('',*,*,#477,.T.);
#633=ORIENTED_EDGE('',*,*,#479,.T.);
#634=ORIENTED_EDGE('',*,*,#483,.T.);
#635=ORIENTED_EDGE('',*,*,#451,.T.);
#636=ORIENTED_EDGE('',*,*,#461,.T.);
#637=ORIENTED_EDGE('',*,*,#463,.F.);
#638=ORIENTED_EDGE('',*,*,#475,.F.);
#639=ORIENTED_EDGE('',*,*,#484,.F.);
#640=ORIENTED_EDGE('',*,*,#480,.F.);
#641=ORIENTED_EDGE('',*,*,#485,.T.);
#642=ORIENTED_EDGE('',*,*,#486,.T.);
#643=ORIENTED_EDGE('',*,*,#487,.T.);
#644=ORIENTED_EDGE('',*,*,#488,.T.);
#645=ORIENTED_EDGE('',*,*,#486,.F.);
#646=ORIENTED_EDGE('',*,*,#489,.T.);
#647=ORIENTED_EDGE('',*,*,#490,.T.);
#648=ORIENTED_EDGE('',*,*,#491,.T.);
#649=ORIENTED_EDGE('',*,*,#492,.T.);
#650=ORIENTED_EDGE('',*,*,#493,.T.);
#651=ORIENTED_EDGE('',*,*,#485,.F.);
#652=ORIENTED_EDGE('',*,*,#494,.T.);
#653=ORIENTED_EDGE('',*,*,#495,.T.);
#654=ORIENTED_EDGE('',*,*,#496,.T.);
#655=ORIENTED_EDGE('',*,*,#497,.T.);
#656=ORIENTED_EDGE('',*,*,#498,.T.);
#657=ORIENTED_EDGE('',*,*,#499,.T.);
#658=ORIENTED_EDGE('',*,*,#500,.T.);
#659=ORIENTED_EDGE('',*,*,#501,.T.);
#660=ORIENTED_EDGE('',*,*,#502,.T.);
#661=ORIENTED_EDGE('',*,*,#503,.T.);
#662=ORIENTED_EDGE('',*,*,#500,.F.);
#663=ORIENTED_EDGE('',*,*,#504,.T.);
#664=ORIENTED_EDGE('',*,*,#501,.F.);
#665=ORIENTED_EDGE('',*,*,#505,.T.);
#666=ORIENTED_EDGE('',*,*,#491,.F.);
#667=ORIENTED_EDGE('',*,*,#506,.F.);
#668=ORIENTED_EDGE('',*,*,#507,.F.);
#669=ORIENTED_EDGE('',*,*,#504,.F.);
#670=ORIENTED_EDGE('',*,*,#499,.F.);
#671=ORIENTED_EDGE('',*,*,#508,.T.);
#672=ORIENTED_EDGE('',*,*,#492,.F.);
#673=ORIENTED_EDGE('',*,*,#505,.F.);
#674=ORIENTED_EDGE('',*,*,#488,.F.);
#675=ORIENTED_EDGE('',*,*,#509,.T.);
#676=ORIENTED_EDGE('',*,*,#497,.F.);
#677=ORIENTED_EDGE('',*,*,#503,.F.);
#678=ORIENTED_EDGE('',*,*,#510,.F.);
#679=ORIENTED_EDGE('',*,*,#494,.F.);
#680=ORIENTED_EDGE('',*,*,#511,.T.);
#681=ORIENTED_EDGE('',*,*,#511,.F.);
#682=ORIENTED_EDGE('',*,*,#512,.T.);
#683=ORIENTED_EDGE('',*,*,#513,.F.);
#684=ORIENTED_EDGE('',*,*,#512,.F.);
#685=ORIENTED_EDGE('',*,*,#487,.F.);
#686=ORIENTED_EDGE('',*,*,#493,.F.);
#687=ORIENTED_EDGE('',*,*,#508,.F.);
#688=ORIENTED_EDGE('',*,*,#498,.F.);
#689=ORIENTED_EDGE('',*,*,#509,.F.);
#690=ORIENTED_EDGE('',*,*,#496,.F.);
#691=ORIENTED_EDGE('',*,*,#514,.F.);
#692=ORIENTED_EDGE('',*,*,#515,.T.);
#693=ORIENTED_EDGE('',*,*,#489,.F.);
#694=ORIENTED_EDGE('',*,*,#516,.F.);
#695=ORIENTED_EDGE('',*,*,#506,.T.);
#696=ORIENTED_EDGE('',*,*,#490,.F.);
#697=ORIENTED_EDGE('',*,*,#515,.F.);
#698=ORIENTED_EDGE('',*,*,#513,.T.);
#699=ORIENTED_EDGE('',*,*,#502,.F.);
#700=ORIENTED_EDGE('',*,*,#507,.T.);
#701=ORIENTED_EDGE('',*,*,#516,.T.);
#702=ORIENTED_EDGE('',*,*,#514,.T.);
#703=ORIENTED_EDGE('',*,*,#495,.F.);
#704=ORIENTED_EDGE('',*,*,#510,.T.);
#705=ORIENTED_EDGE('',*,*,#517,.T.);
#706=ORIENTED_EDGE('',*,*,#518,.T.);
#707=ORIENTED_EDGE('',*,*,#519,.T.);
#708=ORIENTED_EDGE('',*,*,#520,.T.);
#709=ORIENTED_EDGE('',*,*,#517,.F.);
#710=ORIENTED_EDGE('',*,*,#521,.T.);
#711=ORIENTED_EDGE('',*,*,#519,.F.);
#712=ORIENTED_EDGE('',*,*,#522,.F.);
#713=ORIENTED_EDGE('',*,*,#523,.T.);
#714=ORIENTED_EDGE('',*,*,#524,.T.);
#715=ORIENTED_EDGE('',*,*,#525,.T.);
#716=ORIENTED_EDGE('',*,*,#526,.F.);
#717=ORIENTED_EDGE('',*,*,#520,.F.);
#718=ORIENTED_EDGE('',*,*,#521,.F.);
#719=ORIENTED_EDGE('',*,*,#518,.F.);
#720=ORIENTED_EDGE('',*,*,#526,.T.);
#721=ORIENTED_EDGE('',*,*,#527,.T.);
#722=ORIENTED_EDGE('',*,*,#528,.T.);
#723=ORIENTED_EDGE('',*,*,#529,.T.);
#724=ORIENTED_EDGE('',*,*,#530,.T.);
#725=ORIENTED_EDGE('',*,*,#531,.T.);
#726=ORIENTED_EDGE('',*,*,#532,.T.);
#727=ORIENTED_EDGE('',*,*,#522,.T.);
#728=ORIENTED_EDGE('',*,*,#532,.F.);
#729=ORIENTED_EDGE('',*,*,#533,.F.);
#730=ORIENTED_EDGE('',*,*,#523,.F.);
#731=ORIENTED_EDGE('',*,*,#530,.F.);
#732=ORIENTED_EDGE('',*,*,#529,.F.);
#733=ORIENTED_EDGE('',*,*,#534,.T.);
#734=ORIENTED_EDGE('',*,*,#531,.F.);
#735=ORIENTED_EDGE('',*,*,#534,.F.);
#736=ORIENTED_EDGE('',*,*,#528,.F.);
#737=ORIENTED_EDGE('',*,*,#535,.F.);
#738=ORIENTED_EDGE('',*,*,#524,.F.);
#739=ORIENTED_EDGE('',*,*,#533,.T.);
#740=ORIENTED_EDGE('',*,*,#527,.F.);
#741=ORIENTED_EDGE('',*,*,#525,.F.);
#742=ORIENTED_EDGE('',*,*,#535,.T.);
#743=ORIENTED_EDGE('',*,*,#536,.T.);
#744=ORIENTED_EDGE('',*,*,#537,.T.);
#745=ORIENTED_EDGE('',*,*,#538,.T.);
#746=ORIENTED_EDGE('',*,*,#539,.T.);
#747=ORIENTED_EDGE('',*,*,#536,.F.);
#748=ORIENTED_EDGE('',*,*,#540,.F.);
#749=ORIENTED_EDGE('',*,*,#538,.F.);
#750=ORIENTED_EDGE('',*,*,#541,.F.);
#751=ORIENTED_EDGE('',*,*,#542,.F.);
#752=ORIENTED_EDGE('',*,*,#543,.F.);
#753=ORIENTED_EDGE('',*,*,#544,.F.);
#754=ORIENTED_EDGE('',*,*,#545,.F.);
#755=ORIENTED_EDGE('',*,*,#539,.F.);
#756=ORIENTED_EDGE('',*,*,#540,.T.);
#757=ORIENTED_EDGE('',*,*,#546,.F.);
#758=ORIENTED_EDGE('',*,*,#547,.F.);
#759=ORIENTED_EDGE('',*,*,#548,.F.);
#760=ORIENTED_EDGE('',*,*,#549,.F.);
#761=ORIENTED_EDGE('',*,*,#543,.T.);
#762=ORIENTED_EDGE('',*,*,#550,.T.);
#763=ORIENTED_EDGE('',*,*,#551,.F.);
#764=ORIENTED_EDGE('',*,*,#552,.F.);
#765=ORIENTED_EDGE('',*,*,#547,.T.);
#766=ORIENTED_EDGE('',*,*,#537,.F.);
#767=ORIENTED_EDGE('',*,*,#545,.T.);
#768=ORIENTED_EDGE('',*,*,#553,.T.);
#769=ORIENTED_EDGE('',*,*,#548,.T.);
#770=ORIENTED_EDGE('',*,*,#552,.T.);
#771=ORIENTED_EDGE('',*,*,#551,.T.);
#772=ORIENTED_EDGE('',*,*,#546,.T.);
#773=ORIENTED_EDGE('',*,*,#554,.T.);
#774=ORIENTED_EDGE('',*,*,#541,.T.);
#775=ORIENTED_EDGE('',*,*,#553,.F.);
#776=ORIENTED_EDGE('',*,*,#544,.T.);
#777=ORIENTED_EDGE('',*,*,#549,.T.);
#778=ORIENTED_EDGE('',*,*,#554,.F.);
#779=ORIENTED_EDGE('',*,*,#550,.F.);
#780=ORIENTED_EDGE('',*,*,#542,.T.);
#781=ORIENTED_EDGE('',*,*,#555,.T.);
#782=ORIENTED_EDGE('',*,*,#556,.T.);
#783=ORIENTED_EDGE('',*,*,#557,.F.);
#784=ORIENTED_EDGE('',*,*,#558,.F.);
#785=ORIENTED_EDGE('',*,*,#559,.T.);
#786=ORIENTED_EDGE('',*,*,#558,.T.);
#787=ORIENTED_EDGE('',*,*,#560,.F.);
#788=ORIENTED_EDGE('',*,*,#561,.F.);
#789=ORIENTED_EDGE('',*,*,#562,.T.);
#790=ORIENTED_EDGE('',*,*,#561,.T.);
#791=ORIENTED_EDGE('',*,*,#563,.F.);
#792=ORIENTED_EDGE('',*,*,#564,.F.);
#793=ORIENTED_EDGE('',*,*,#565,.T.);
#794=ORIENTED_EDGE('',*,*,#564,.T.);
#795=ORIENTED_EDGE('',*,*,#566,.F.);
#796=ORIENTED_EDGE('',*,*,#556,.F.);
#797=ORIENTED_EDGE('',*,*,#565,.F.);
#798=ORIENTED_EDGE('',*,*,#555,.F.);
#799=ORIENTED_EDGE('',*,*,#559,.F.);
#800=ORIENTED_EDGE('',*,*,#562,.F.);
#801=ORIENTED_EDGE('',*,*,#566,.T.);
#802=ORIENTED_EDGE('',*,*,#563,.T.);
#803=ORIENTED_EDGE('',*,*,#560,.T.);
#804=ORIENTED_EDGE('',*,*,#557,.T.);
#805=B_SPLINE_SURFACE_WITH_KNOTS('',3,3,((#1177,#1178,#1179,#1180,#1181,
#1182,#1183,#1184,#1185,#1186,#1187,#1188,#1189,#1190,#1191,#1192,#1193),
(#1194,#1195,#1196,#1197,#1198,#1199,#1200,#1201,#1202,#1203,#1204,#1205,
#1206,#1207,#1208,#1209,#1210),(#1211,#1212,#1213,#1214,#1215,#1216,#1217,
#1218,#1219,#1220,#1221,#1222,#1223,#1224,#1225,#1226,#1227),(#1228,#1229,
#1230,#1231,#1232,#1233,#1234,#1235,#1236,#1237,#1238,#1239,#1240,#1241,
#1242,#1243,#1244),(#1245,#1246,#1247,#1248,#1249,#1250,#1251,#1252,#1253,
#1254,#1255,#1256,#1257,#1258,#1259,#1260,#1261),(#1262,#1263,#1264,#1265,
#1266,#1267,#1268,#1269,#1270,#1271,#1272,#1273,#1274,#1275,#1276,#1277,
#1278),(#1279,#1280,#1281,#1282,#1283,#1284,#1285,#1286,#1287,#1288,#1289,
#1290,#1291,#1292,#1293,#1294,#1295),(#1296,#1297,#1298,#1299,#1300,#1301,
#1302,#1303,#1304,#1305,#1306,#1307,#1308,#1309,#1310,#1311,#1312),(#1313,
#1314,#1315,#1316,#1317,#1318,#1319,#1320,#1321,#1322,#1323,#1324,#1325,
#1326,#1327,#1328,#1329),(#1330,#1331,#1332,#1333,#1334,#1335,#1336,#1337,
#1338,#1339,#1340,#1341,#1342,#1343,#1344,#1345,#1346)),.UNSPECIFIED.,.F.,
 .T.,.F.,(4,1,1,1,1,1,1,4),(4,1,1,1,1,1,1,1,1,1,1,1,1,1,4),(0.,0.142857142857143,
0.285714285714286,0.428571428571429,0.571428571428571,0.714285714285714,
0.857142857142857,1.),(0.,0.603121605814404,1.20624321162881,1.80936481744321,
2.41248642325761,2.81456749380055,3.61872963488642,4.02081070542936,4.82497284651523,
5.22705391705816,6.03121605814404,6.43329712868697,7.23745926977284,7.84058087558725,
8.44370248140165),.UNSPECIFIED.);
#806=B_SPLINE_SURFACE_WITH_KNOTS('',3,3,((#1554,#1555,#1556,#1557,#1558,
#1559,#1560),(#1561,#1562,#1563,#1564,#1565,#1566,#1567),(#1568,#1569,#1570,
#1571,#1572,#1573,#1574),(#1575,#1576,#1577,#1578,#1579,#1580,#1581),(#1582,
#1583,#1584,#1585,#1586,#1587,#1588)),.UNSPECIFIED.,.F.,.F.,.F.,(4,1,4),
(4,1,1,1,4),(0.,0.5,1.),(0.0296338641331562,0.295491527144021,0.827206853165752,
1.35892217918748,1.89063750520921),.UNSPECIFIED.);
#807=B_SPLINE_SURFACE_WITH_KNOTS('',3,3,((#1781,#1782,#1783,#1784,#1785,
#1786,#1787),(#1788,#1789,#1790,#1791,#1792,#1793,#1794),(#1795,#1796,#1797,
#1798,#1799,#1800,#1801),(#1802,#1803,#1804,#1805,#1806,#1807,#1808),(#1809,
#1810,#1811,#1812,#1813,#1814,#1815)),.UNSPECIFIED.,.F.,.F.,.F.,(4,1,4),
(4,1,1,1,4),(0.,0.5,1.),(0.029633864133157,0.56134919015484,1.09306451617652,
1.62477984219821,1.89063750520905),.UNSPECIFIED.);
#808=ADVANCED_FACE('',(#238),#805,.T.);
#809=ADVANCED_FACE('',(#239),#225,.F.);
#810=ADVANCED_FACE('',(#240,#29,#30),#35,.T.);
#811=ADVANCED_FACE('',(#241),#226,.F.);
#812=ADVANCED_FACE('',(#242),#227,.T.);
#813=ADVANCED_FACE('',(#243),#25,.T.);
#814=ADVANCED_FACE('',(#244),#228,.T.);
#815=ADVANCED_FACE('',(#245),#26,.T.);
#816=ADVANCED_FACE('',(#246),#229,.T.);
#817=ADVANCED_FACE('',(#247),#230,.T.);
#818=ADVANCED_FACE('',(#248),#36,.T.);
#819=ADVANCED_FACE('',(#249),#37,.T.);
#820=ADVANCED_FACE('',(#250),#231,.T.);
#821=ADVANCED_FACE('',(#251),#38,.T.);
#822=ADVANCED_FACE('',(#252,#31,#32),#39,.F.);
#823=ADVANCED_FACE('',(#253),#40,.T.);
#824=ADVANCED_FACE('',(#254),#232,.T.);
#825=ADVANCED_FACE('',(#255),#41,.T.);
#826=ADVANCED_FACE('',(#256),#233,.T.);
#827=ADVANCED_FACE('',(#257),#234,.T.);
#828=ADVANCED_FACE('',(#258),#235,.T.);
#829=ADVANCED_FACE('',(#259),#42,.T.);
#830=ADVANCED_FACE('',(#260),#236,.F.);
#831=ADVANCED_FACE('',(#261,#33),#43,.T.);
#832=ADVANCED_FACE('',(#262),#237,.F.);
#833=ADVANCED_FACE('',(#263),#44,.F.);
#834=ADVANCED_FACE('',(#264),#45,.T.);
#835=ADVANCED_FACE('',(#265,#34),#46,.T.);
#836=ADVANCED_FACE('',(#266),#47,.F.);
#837=ADVANCED_FACE('',(#267),#806,.F.);
#838=ADVANCED_FACE('',(#268),#48,.F.);
#839=ADVANCED_FACE('',(#269),#49,.T.);
#840=ADVANCED_FACE('',(#270),#27,.T.);
#841=ADVANCED_FACE('',(#271),#50,.T.);
#842=ADVANCED_FACE('',(#272),#51,.T.);
#843=ADVANCED_FACE('',(#273),#52,.T.);
#844=ADVANCED_FACE('',(#274),#53,.T.);
#845=ADVANCED_FACE('',(#275),#807,.F.);
#846=ADVANCED_FACE('',(#276),#54,.F.);
#847=ADVANCED_FACE('',(#277),#55,.T.);
#848=ADVANCED_FACE('',(#278),#56,.T.);
#849=ADVANCED_FACE('',(#279),#57,.T.);
#850=ADVANCED_FACE('',(#280),#28,.T.);
#851=ADVANCED_FACE('',(#281),#58,.T.);
#852=ADVANCED_FACE('',(#282),#59,.T.);
#853=ADVANCED_FACE('',(#283),#60,.T.);
#854=ADVANCED_FACE('',(#284),#61,.T.);
#855=ADVANCED_FACE('',(#285),#62,.T.);
#856=ADVANCED_FACE('',(#286),#63,.T.);
#857=ADVANCED_FACE('',(#287),#64,.T.);
#858=ADVANCED_FACE('',(#288),#65,.T.);
#859=CLOSED_SHELL('',(#808,#809,#810,#811,#812,#813,#814,#815,#816,#817,
#818,#819,#820,#821,#822,#823));
#860=CLOSED_SHELL('',(#824,#825,#826,#827,#828,#829,#830,#831,#832,#833,
#834,#835,#836));
#861=CLOSED_SHELL('',(#837,#838,#839,#840,#841,#842,#843,#844));
#862=CLOSED_SHELL('',(#845,#846,#847,#848,#849,#850,#851,#852));
#863=CLOSED_SHELL('',(#853,#854,#855,#856,#857,#858));
#864=DERIVED_UNIT_ELEMENT(#866,1.);
#865=DERIVED_UNIT_ELEMENT(#2039,-3.);
#866=(
MASS_UNIT()
NAMED_UNIT(*)
SI_UNIT(.KILO.,.GRAM.)
);
#867=DERIVED_UNIT((#864,#865));
#868=MEASURE_REPRESENTATION_ITEM('density measure',
POSITIVE_RATIO_MEASURE(7850.),#867);
#869=PROPERTY_DEFINITION_REPRESENTATION(#874,#871);
#870=PROPERTY_DEFINITION_REPRESENTATION(#875,#872);
#871=REPRESENTATION('material name',(#873),#2036);
#872=REPRESENTATION('density',(#868),#2036);
#873=DESCRIPTIVE_REPRESENTATION_ITEM('Acier','Acier');
#874=PROPERTY_DEFINITION('material property','material name',#2046);
#875=PROPERTY_DEFINITION('material property','density of part',#2046);
#876=AXIS2_PLACEMENT_3D('',#1176,#954,#955);
#877=AXIS2_PLACEMENT_3D('',#1413,#956,#957);
#878=AXIS2_PLACEMENT_3D('',#1415,#958,#959);
#879=AXIS2_PLACEMENT_3D('',#1417,#961,#962);
#880=AXIS2_PLACEMENT_3D('',#1422,#964,#965);
#881=AXIS2_PLACEMENT_3D('',#1426,#967,#968);
#882=AXIS2_PLACEMENT_3D('',#1431,#971,#972);
#883=AXIS2_PLACEMENT_3D('',#1432,#973,#974);
#884=AXIS2_PLACEMENT_3D('',#1435,#976,#977);
#885=AXIS2_PLACEMENT_3D('',#1436,#978,#979);
#886=AXIS2_PLACEMENT_3D('',#1438,#980,#981);
#887=AXIS2_PLACEMENT_3D('',#1441,#983,#984);
#888=AXIS2_PLACEMENT_3D('',#1442,#985,#986);
#889=AXIS2_PLACEMENT_3D('',#1444,#987,#988);
#890=AXIS2_PLACEMENT_3D('',#1445,#989,#990);
#891=AXIS2_PLACEMENT_3D('',#1446,#991,#992);
#892=AXIS2_PLACEMENT_3D('',#1448,#993,#994);
#893=AXIS2_PLACEMENT_3D('',#1450,#996,#997);
#894=AXIS2_PLACEMENT_3D('',#1452,#998,#999);
#895=AXIS2_PLACEMENT_3D('',#1453,#1000,#1001);
#896=AXIS2_PLACEMENT_3D('',#1454,#1002,#1003);
#897=AXIS2_PLACEMENT_3D('',#1456,#1004,#1005);
#898=AXIS2_PLACEMENT_3D('',#1458,#1007,#1008);
#899=AXIS2_PLACEMENT_3D('',#1462,#1010,#1011);
#900=AXIS2_PLACEMENT_3D('',#1464,#1013,#1014);
#901=AXIS2_PLACEMENT_3D('',#1468,#1017,#1018);
#902=AXIS2_PLACEMENT_3D('',#1472,#1021,#1022);
#903=AXIS2_PLACEMENT_3D('',#1476,#1024,#1025);
#904=AXIS2_PLACEMENT_3D('',#1478,#1027,#1028);
#905=AXIS2_PLACEMENT_3D('',#1480,#1030,#1031);
#906=AXIS2_PLACEMENT_3D('',#1482,#1033,#1034);
#907=AXIS2_PLACEMENT_3D('',#1483,#1035,#1036);
#908=AXIS2_PLACEMENT_3D('',#1486,#1037,#1038);
#909=AXIS2_PLACEMENT_3D('',#1490,#1040,#1041);
#910=AXIS2_PLACEMENT_3D('',#1492,#1043,#1044);
#911=AXIS2_PLACEMENT_3D('',#1502,#1050,#1051);
#912=AXIS2_PLACEMENT_3D('',#1506,#1053,#1054);
#913=AXIS2_PLACEMENT_3D('',#1508,#1056,#1057);
#914=AXIS2_PLACEMENT_3D('',#1513,#1059,#1060);
#915=AXIS2_PLACEMENT_3D('',#1516,#1062,#1063);
#916=AXIS2_PLACEMENT_3D('',#1517,#1064,#1065);
#917=AXIS2_PLACEMENT_3D('',#1522,#1067,#1068);
#918=AXIS2_PLACEMENT_3D('',#1530,#1070,#1071);
#919=AXIS2_PLACEMENT_3D('',#1531,#1072,#1073);
#920=AXIS2_PLACEMENT_3D('',#1535,#1076,#1077);
#921=AXIS2_PLACEMENT_3D('',#1536,#1078,#1079);
#922=AXIS2_PLACEMENT_3D('',#1537,#1080,#1081);
#923=AXIS2_PLACEMENT_3D('',#1541,#1084,#1085);
#924=AXIS2_PLACEMENT_3D('',#1542,#1086,#1087);
#925=AXIS2_PLACEMENT_3D('',#1545,#1089,#1090);
#926=AXIS2_PLACEMENT_3D('',#1546,#1091,#1092);
#927=AXIS2_PLACEMENT_3D('',#1547,#1093,#1094);
#928=AXIS2_PLACEMENT_3D('',#1551,#1097,#1098);
#929=AXIS2_PLACEMENT_3D('',#1553,#1100,#1101);
#930=AXIS2_PLACEMENT_3D('',#1690,#1102,#1103);
#931=AXIS2_PLACEMENT_3D('',#1721,#1108,#1109);
#932=AXIS2_PLACEMENT_3D('',#1722,#1110,#1111);
#933=AXIS2_PLACEMENT_3D('',#1724,#1112,#1113);
#934=AXIS2_PLACEMENT_3D('',#1773,#1114,#1115);
#935=AXIS2_PLACEMENT_3D('',#1774,#1116,#1117);
#936=AXIS2_PLACEMENT_3D('',#1776,#1119,#1120);
#937=AXIS2_PLACEMENT_3D('',#1778,#1122,#1123);
#938=AXIS2_PLACEMENT_3D('',#1780,#1125,#1126);
#939=AXIS2_PLACEMENT_3D('',#1917,#1127,#1128);
#940=AXIS2_PLACEMENT_3D('',#1948,#1133,#1134);
#941=AXIS2_PLACEMENT_3D('',#1949,#1135,#1136);
#942=AXIS2_PLACEMENT_3D('',#1981,#1140,#1141);
#943=AXIS2_PLACEMENT_3D('',#2003,#1142,#1143);
#944=AXIS2_PLACEMENT_3D('',#2004,#1144,#1145);
#945=AXIS2_PLACEMENT_3D('',#2005,#1146,#1147);
#946=AXIS2_PLACEMENT_3D('',#2006,#1148,#1149);
#947=AXIS2_PLACEMENT_3D('',#2007,#1150,#1151);
#948=AXIS2_PLACEMENT_3D('',#2008,#1152,#1153);
#949=AXIS2_PLACEMENT_3D('',#2017,#1158,#1159);
#950=AXIS2_PLACEMENT_3D('',#2023,#1163,#1164);
#951=AXIS2_PLACEMENT_3D('',#2029,#1168,#1169);
#952=AXIS2_PLACEMENT_3D('',#2032,#1172,#1173);
#953=AXIS2_PLACEMENT_3D('',#2033,#1174,#1175);
#954=DIRECTION('axis',(0.,0.,1.));
#955=DIRECTION('refdir',(1.,0.,0.));
#956=DIRECTION('center_axis',(1.,0.,0.));
#957=DIRECTION('ref_axis',(0.,0.,-1.));
#958=DIRECTION('center_axis',(1.,0.,0.));
#959=DIRECTION('ref_axis',(0.,0.,-1.));
#960=DIRECTION('',(1.,0.,0.));
#961=DIRECTION('center_axis',(1.,0.,0.));
#962=DIRECTION('ref_axis',(0.,0.,-1.));
#963=DIRECTION('',(0.,0.,1.));
#964=DIRECTION('center_axis',(-1.,0.,0.));
#965=DIRECTION('ref_axis',(0.,-0.707106781186548,-0.707106781186548));
#966=DIRECTION('',(0.,-1.,0.));
#967=DIRECTION('center_axis',(-1.,0.,0.));
#968=DIRECTION('ref_axis',(0.,0.707106781186548,-0.707106781186548));
#969=DIRECTION('',(0.,0.,-1.));
#970=DIRECTION('',(0.,-1.,0.));
#971=DIRECTION('center_axis',(-1.,0.,0.));
#972=DIRECTION('ref_axis',(0.,0.,-1.));
#973=DIRECTION('center_axis',(-1.,0.,0.));
#974=DIRECTION('ref_axis',(0.,0.,-1.));
#975=DIRECTION('',(-1.,0.,0.));
#976=DIRECTION('center_axis',(1.,0.,0.));
#977=DIRECTION('ref_axis',(0.,0.,-1.));
#978=DIRECTION('center_axis',(0.,1.,0.));
#979=DIRECTION('ref_axis',(0.707106781186543,0.,-0.707106781186552));
#980=DIRECTION('center_axis',(0.,1.,0.));
#981=DIRECTION('ref_axis',(1.,0.,0.));
#982=DIRECTION('',(0.,1.,0.));
#983=DIRECTION('center_axis',(0.,-1.,8.88178419700128E-15));
#984=DIRECTION('ref_axis',(0.,-8.88178419700128E-15,-1.));
#985=DIRECTION('center_axis',(-1.,0.,0.));
#986=DIRECTION('ref_axis',(0.,0.,1.));
#987=DIRECTION('center_axis',(0.,8.88178419700128E-15,-1.));
#988=DIRECTION('ref_axis',(0.,1.,8.88178419700128E-15));
#989=DIRECTION('center_axis',(1.,0.,0.));
#990=DIRECTION('ref_axis',(0.,0.707106781186547,-0.707106781186547));
#991=DIRECTION('center_axis',(0.,0.,1.));
#992=DIRECTION('ref_axis',(0.707106781186543,0.707106781186552,0.));
#993=DIRECTION('center_axis',(0.,0.,-1.));
#994=DIRECTION('ref_axis',(0.707106781186543,0.707106781186552,0.));
#995=DIRECTION('',(0.,0.,1.));
#996=DIRECTION('center_axis',(-1.,0.,0.));
#997=DIRECTION('ref_axis',(0.,0.,1.));
#998=DIRECTION('center_axis',(0.,-8.88178419700128E-15,-1.));
#999=DIRECTION('ref_axis',(1.,0.,0.));
#1000=DIRECTION('center_axis',(1.,0.,0.));
#1001=DIRECTION('ref_axis',(0.,-0.707106781186547,-0.707106781186547));
#1002=DIRECTION('center_axis',(0.,0.,-1.));
#1003=DIRECTION('ref_axis',(0.707106781186543,-0.707106781186552,0.));
#1004=DIRECTION('center_axis',(0.,0.,-1.));
#1005=DIRECTION('ref_axis',(0.707106781186543,-0.707106781186552,0.));
#1006=DIRECTION('',(0.,0.,-1.));
#1007=DIRECTION('center_axis',(1.,0.,0.));
#1008=DIRECTION('ref_axis',(0.,-0.707106781186547,-0.707106781186547));
#1009=DIRECTION('',(-1.,0.,0.));
#1010=DIRECTION('center_axis',(1.,0.,0.));
#1011=DIRECTION('ref_axis',(0.,-0.707106781186547,-0.707106781186547));
#1012=DIRECTION('',(1.,0.,0.));
#1013=DIRECTION('center_axis',(0.,-1.,0.));
#1014=DIRECTION('ref_axis',(0.,0.,-1.));
#1015=DIRECTION('',(1.,0.,0.));
#1016=DIRECTION('',(0.,0.,1.));
#1017=DIRECTION('center_axis',(0.,0.,1.));
#1018=DIRECTION('ref_axis',(0.,-1.,0.));
#1019=DIRECTION('',(1.,0.,0.));
#1020=DIRECTION('',(0.,1.,0.));
#1021=DIRECTION('center_axis',(1.,0.,0.));
#1022=DIRECTION('ref_axis',(0.,0.707106781186547,-0.707106781186547));
#1023=DIRECTION('',(-1.,0.,0.));
#1024=DIRECTION('center_axis',(1.,0.,0.));
#1025=DIRECTION('ref_axis',(0.,0.707106781186547,-0.707106781186547));
#1026=DIRECTION('',(1.,0.,0.));
#1027=DIRECTION('center_axis',(0.,1.,0.));
#1028=DIRECTION('ref_axis',(0.,0.,1.));
#1029=DIRECTION('',(0.,0.,-1.));
#1030=DIRECTION('center_axis',(1.,0.,0.));
#1031=DIRECTION('ref_axis',(0.,0.,-1.));
#1032=DIRECTION('',(0.,-1.,0.));
#1033=DIRECTION('center_axis',(0.,0.,-1.));
#1034=DIRECTION('ref_axis',(0.,1.,0.));
#1035=DIRECTION('center_axis',(0.,1.,0.));
#1036=DIRECTION('ref_axis',(0.707106781186554,0.,-0.707106781186541));
#1037=DIRECTION('center_axis',(0.707106781186548,-0.707106781186548,0.));
#1038=DIRECTION('ref_axis',(0.707106781186547,0.707106781186547,-4.9065389333868E-17));
#1039=DIRECTION('',(0.,-1.,0.));
#1040=DIRECTION('center_axis',(0.,1.,0.));
#1041=DIRECTION('ref_axis',(0.707106781186554,0.,-0.707106781186541));
#1042=DIRECTION('',(0.,1.,0.));
#1043=DIRECTION('center_axis',(1.,0.,0.));
#1044=DIRECTION('ref_axis',(0.,0.,-1.));
#1045=DIRECTION('',(0.,2.53765262771465E-15,1.));
#1046=DIRECTION('',(0.,-1.,0.));
#1047=DIRECTION('',(0.,0.,-1.));
#1048=DIRECTION('',(0.,1.,0.));
#1049=DIRECTION('',(0.,0.,-1.));
#1050=DIRECTION('center_axis',(1.,0.,0.));
#1051=DIRECTION('ref_axis',(0.,0.707106781186548,-0.707106781186548));
#1052=DIRECTION('',(-1.,0.,0.));
#1053=DIRECTION('center_axis',(1.,0.,0.));
#1054=DIRECTION('ref_axis',(0.,0.707106781186548,-0.707106781186548));
#1055=DIRECTION('',(1.,0.,0.));
#1056=DIRECTION('center_axis',(0.,-1.,0.));
#1057=DIRECTION('ref_axis',(0.467256718486064,0.,-0.884121687908195));
#1058=DIRECTION('',(0.,1.,0.));
#1059=DIRECTION('center_axis',(0.,1.,0.));
#1060=DIRECTION('ref_axis',(0.467256718486064,0.,-0.884121687908195));
#1061=DIRECTION('',(0.,-1.,0.));
#1062=DIRECTION('center_axis',(0.707106781186532,0.707106781186563,0.));
#1063=DIRECTION('ref_axis',(-0.707106781186563,0.707106781186532,0.));
#1064=DIRECTION('center_axis',(1.,0.,0.));
#1065=DIRECTION('ref_axis',(0.,-0.70710678118656,-0.707106781186535));
#1066=DIRECTION('',(-1.,0.,0.));
#1067=DIRECTION('center_axis',(1.,0.,0.));
#1068=DIRECTION('ref_axis',(0.,-0.70710678118656,-0.707106781186535));
#1069=DIRECTION('',(1.,0.,0.));
#1070=DIRECTION('center_axis',(0.,-1.,0.));
#1071=DIRECTION('ref_axis',(0.,0.,-1.));
#1072=DIRECTION('center_axis',(0.,1.,0.));
#1073=DIRECTION('ref_axis',(-1.,0.,0.));
#1074=DIRECTION('',(1.,0.,0.));
#1075=DIRECTION('',(0.,0.,1.));
#1076=DIRECTION('center_axis',(0.,-1.,0.));
#1077=DIRECTION('ref_axis',(-1.,0.,0.));
#1078=DIRECTION('center_axis',(0.,1.,0.));
#1079=DIRECTION('ref_axis',(-1.,0.,0.));
#1080=DIRECTION('center_axis',(0.,0.,-1.));
#1081=DIRECTION('ref_axis',(0.,1.,0.));
#1082=DIRECTION('',(-1.,0.,0.));
#1083=DIRECTION('',(0.,-1.,0.));
#1084=DIRECTION('center_axis',(0.,0.,1.));
#1085=DIRECTION('ref_axis',(-1.,0.,0.));
#1086=DIRECTION('center_axis',(0.,0.,1.));
#1087=DIRECTION('ref_axis',(-1.,0.,0.));
#1088=DIRECTION('',(0.,0.,1.));
#1089=DIRECTION('center_axis',(0.,0.,-1.));
#1090=DIRECTION('ref_axis',(-1.,0.,0.));
#1091=DIRECTION('center_axis',(0.,1.,0.));
#1092=DIRECTION('ref_axis',(-1.,0.,0.));
#1093=DIRECTION('center_axis',(0.,1.,-2.53765262771465E-15));
#1094=DIRECTION('ref_axis',(0.,2.53765262771465E-15,1.));
#1095=DIRECTION('',(0.,-2.53765262771465E-15,-1.));
#1096=DIRECTION('',(1.,0.,0.));
#1097=DIRECTION('center_axis',(0.,0.,1.));
#1098=DIRECTION('ref_axis',(0.,-1.,0.));
#1099=DIRECTION('',(0.,1.,0.));
#1100=DIRECTION('center_axis',(1.,0.,0.));
#1101=DIRECTION('ref_axis',(0.,0.,-1.));
#1102=DIRECTION('center_axis',(1.,0.,0.));
#1103=DIRECTION('ref_axis',(0.,0.,-1.));
#1104=DIRECTION('',(0.,-1.,0.));
#1105=DIRECTION('',(0.,0.,1.));
#1106=DIRECTION('',(0.,1.,0.));
#1107=DIRECTION('',(0.,0.,-1.));
#1108=DIRECTION('center_axis',(0.,0.,-1.));
#1109=DIRECTION('ref_axis',(0.,1.,0.));
#1110=DIRECTION('center_axis',(0.,-1.,0.));
#1111=DIRECTION('ref_axis',(0.,0.,-1.));
#1112=DIRECTION('center_axis',(0.,1.,0.));
#1113=DIRECTION('ref_axis',(-0.961049569248641,0.,0.276376058020592));
#1114=DIRECTION('center_axis',(0.,-1.,0.));
#1115=DIRECTION('ref_axis',(-0.961049569248641,0.,0.276376058020592));
#1116=DIRECTION('center_axis',(0.,-1.,0.));
#1117=DIRECTION('ref_axis',(0.,0.,-1.));
#1118=DIRECTION('',(1.,0.,0.));
#1119=DIRECTION('center_axis',(1.,0.,0.));
#1120=DIRECTION('ref_axis',(0.,0.,-1.));
#1121=DIRECTION('',(0.,-1.,0.));
#1122=DIRECTION('center_axis',(0.,0.,1.));
#1123=DIRECTION('ref_axis',(0.,-1.,0.));
#1124=DIRECTION('',(1.,0.,0.));
#1125=DIRECTION('center_axis',(0.,1.,0.));
#1126=DIRECTION('ref_axis',(0.,0.,1.));
#1127=DIRECTION('center_axis',(1.,0.,0.));
#1128=DIRECTION('ref_axis',(0.,0.,-1.));
#1129=DIRECTION('',(0.,1.,0.));
#1130=DIRECTION('',(0.,0.,-1.));
#1131=DIRECTION('',(0.,-1.,0.));
#1132=DIRECTION('',(0.,0.,1.));
#1133=DIRECTION('center_axis',(0.,0.,-1.));
#1134=DIRECTION('ref_axis',(0.,1.,0.));
#1135=DIRECTION('center_axis',(0.,0.,1.));
#1136=DIRECTION('ref_axis',(0.,-1.,0.));
#1137=DIRECTION('',(0.,-1.,0.));
#1138=DIRECTION('',(1.,0.,0.));
#1139=DIRECTION('',(1.,0.,0.));
#1140=DIRECTION('center_axis',(1.,0.,0.));
#1141=DIRECTION('ref_axis',(0.,0.,-1.));
#1142=DIRECTION('center_axis',(0.,-1.,0.));
#1143=DIRECTION('ref_axis',(0.,0.,-1.));
#1144=DIRECTION('center_axis',(0.,1.,0.));
#1145=DIRECTION('ref_axis',(-0.961049569248641,0.,0.276376058020592));
#1146=DIRECTION('center_axis',(0.,-1.,0.));
#1147=DIRECTION('ref_axis',(-0.961049569248641,0.,0.276376058020592));
#1148=DIRECTION('center_axis',(0.,1.,0.));
#1149=DIRECTION('ref_axis',(0.,0.,1.));
#1150=DIRECTION('center_axis',(0.,-1.,0.));
#1151=DIRECTION('ref_axis',(0.,0.,-1.));
#1152=DIRECTION('center_axis',(0.,4.44089209850063E-17,-1.));
#1153=DIRECTION('ref_axis',(0.,-1.,-4.44089209850063E-17));
#1154=DIRECTION('',(0.,-1.,-4.44089209850063E-17));
#1155=DIRECTION('',(-1.,0.,0.));
#1156=DIRECTION('',(0.,-1.,-4.44089209850063E-17));
#1157=DIRECTION('',(-1.,0.,0.));
#1158=DIRECTION('center_axis',(0.,1.,0.));
#1159=DIRECTION('ref_axis',(0.,0.,-1.));
#1160=DIRECTION('',(0.,0.,-1.));
#1161=DIRECTION('',(0.,0.,-1.));
#1162=DIRECTION('',(-1.,0.,0.));
#1163=DIRECTION('center_axis',(0.,0.,1.));
#1164=DIRECTION('ref_axis',(0.,1.,0.));
#1165=DIRECTION('',(0.,1.,0.));
#1166=DIRECTION('',(0.,1.,0.));
#1167=DIRECTION('',(-1.,0.,0.));
#1168=DIRECTION('center_axis',(0.,-1.,0.));
#1169=DIRECTION('ref_axis',(0.,0.,1.));
#1170=DIRECTION('',(0.,0.,1.));
#1171=DIRECTION('',(0.,0.,1.));
#1172=DIRECTION('center_axis',(1.,0.,0.));
#1173=DIRECTION('ref_axis',(0.,0.,-1.));
#1174=DIRECTION('center_axis',(-1.,0.,0.));
#1175=DIRECTION('ref_axis',(0.,0.,1.));
#1176=CARTESIAN_POINT('',(0.,0.,0.));
#1177=CARTESIAN_POINT('Ctrl Pts',(3.5,-1.26842980563424E-13,-14.0732366189064));
#1178=CARTESIAN_POINT('Ctrl Pts',(3.5,2.01958632846639,-14.0732366189064));
#1179=CARTESIAN_POINT('Ctrl Pts',(3.5,6.05798260591028,-14.9946715915555));
#1180=CARTESIAN_POINT('Ctrl Pts',(3.5,10.9147482132798,-18.8672914247985));
#1181=CARTESIAN_POINT('Ctrl Pts',(3.5,13.6127658053981,-24.4684503104957));
#1182=CARTESIAN_POINT('Ctrl Pts',(3.5,13.608652099599,-29.9858137778732));
#1183=CARTESIAN_POINT('Ctrl Pts',(3.5,11.3728575889157,-35.6990326317884));
#1184=CARTESIAN_POINT('Ctrl Pts',(3.5,7.25533826284513,-39.5197970874305));
#1185=CARTESIAN_POINT('Ctrl Pts',(3.5,0.735300135026047,-41.5317478676234));
#1186=CARTESIAN_POINT('Ctrl Pts',(3.5,-4.81670933408658,-40.693954274409));
#1187=CARTESIAN_POINT('Ctrl Pts',(3.5,-10.4526153519267,-36.849665688029));
#1188=CARTESIAN_POINT('Ctrl Pts',(3.5,-13.2619215543502,-31.9888657186889));
#1189=CARTESIAN_POINT('Ctrl Pts',(3.5,-13.7714716871785,-25.1856303674143));
#1190=CARTESIAN_POINT('Ctrl Pts',(3.5,-11.4661293815526,-19.2982979991311));
#1191=CARTESIAN_POINT('Ctrl Pts',(3.5,-6.05191724270372,-14.9944544983436));
#1192=CARTESIAN_POINT('Ctrl Pts',(3.5,-2.01958632846639,-14.0732366189091));
#1193=CARTESIAN_POINT('Ctrl Pts',(3.5,4.8017145815038E-14,-14.0732366189091));
#1194=CARTESIAN_POINT('Ctrl Pts',(3.50000000000005,-1.34160732915496E-13,
-14.1069083703916));
#1195=CARTESIAN_POINT('Ctrl Pts',(3.50000000000005,2.01454952863252,-14.1069083703916));
#1196=CARTESIAN_POINT('Ctrl Pts',(3.50000000000001,6.04287259629388,-15.0260449547848));
#1197=CARTESIAN_POINT('Ctrl Pts',(3.50000000000001,10.8875248856503,-18.8890056794184));
#1198=CARTESIAN_POINT('Ctrl Pts',(3.50000000000001,13.5788127692573,-24.4761941954136));
#1199=CARTESIAN_POINT('Ctrl Pts',(3.50000000000001,13.5747096592976,-29.9797962052489));
#1200=CARTESIAN_POINT('Ctrl Pts',(3.50000000000001,11.344491233401,-35.6787654844561));
#1201=CARTESIAN_POINT('Ctrl Pts',(3.5,7.23724224835201,-39.4900000978664));
#1202=CARTESIAN_POINT('Ctrl Pts',(3.5,0.733466087850315,-41.4969325623836));
#1203=CARTESIAN_POINT('Ctrl Pts',(3.5,-4.8046953594862,-40.6612288420359));
#1204=CARTESIAN_POINT('Ctrl Pts',(3.50000000000002,-10.4265446630153,-36.8265282309565));
#1205=CARTESIAN_POINT('Ctrl Pts',(3.5,-13.228843788001,-31.9778524218855));
#1206=CARTESIAN_POINT('Ctrl Pts',(3.5,-13.7371229490993,-25.1915855408957));
#1207=CARTESIAN_POINT('Ctrl Pts',(3.5,-11.4375306522538,-19.3189371898296));
#1208=CARTESIAN_POINT('Ctrl Pts',(3.50000000000001,-6.03682241525768,-15.0258283868253));
#1209=CARTESIAN_POINT('Ctrl Pts',(3.50000000000001,-2.01454952863254,-14.1069083703942));
#1210=CARTESIAN_POINT('Ctrl Pts',(3.50000000000001,4.82975194683743E-14,
-14.1069083703942));
#1211=CARTESIAN_POINT('Ctrl Pts',(3.48644348728504,-1.56037775414492E-13,
-14.1909519210312));
#1212=CARTESIAN_POINT('Ctrl Pts',(3.48644348728505,2.00198131628293,-14.1909519210312));
#1213=CARTESIAN_POINT('Ctrl Pts',(3.48644348728491,6.00515727035559,-15.1043507382269));
#1214=CARTESIAN_POINT('Ctrl Pts',(3.48644348728492,10.8195784861822,-18.9432026139865));
#1215=CARTESIAN_POINT('Ctrl Pts',(3.48644348728492,13.4940669625309,-24.4955220292952));
#1216=CARTESIAN_POINT('Ctrl Pts',(3.48644348728491,13.4899928286885,-29.9647756922421));
#1217=CARTESIAN_POINT('Ctrl Pts',(3.48644348728491,11.2736887854281,-35.6281812119817));
#1218=CARTESIAN_POINT('Ctrl Pts',(3.48644348728489,7.19207730473694,-39.4156290818395));
#1219=CARTESIAN_POINT('Ctrl Pts',(3.48644348728489,0.728887925054601,-41.410035243665));
#1220=CARTESIAN_POINT('Ctrl Pts',(3.48644348728489,-4.77470798257426,-40.5795496217991));
#1221=CARTESIAN_POINT('Ctrl Pts',(3.48644348728493,-10.3614750989224,-36.7687767736699));
#1222=CARTESIAN_POINT('Ctrl Pts',(3.48644348728489,-13.1462840782588,-31.9503649797081));
#1223=CARTESIAN_POINT('Ctrl Pts',(3.48644348728489,-13.6513905611251,-25.206449428444));
#1224=CARTESIAN_POINT('Ctrl Pts',(3.48644348728488,-11.3661502060308,-19.3704504568256));
#1225=CARTESIAN_POINT('Ctrl Pts',(3.4864434872849,-5.99914539007919,-15.1041353589537));
#1226=CARTESIAN_POINT('Ctrl Pts',(3.48644348728491,-2.00198131628296,-14.1909519210337));
#1227=CARTESIAN_POINT('Ctrl Pts',(3.48644348728491,4.91854570126824E-14,
-14.1909519210337));
#1228=CARTESIAN_POINT('Ctrl Pts',(3.40205361069816,-2.18146338154856E-13,
-14.3732704376189));
#1229=CARTESIAN_POINT('Ctrl Pts',(3.40205361069817,1.97469025926344,-14.3732704376189));
#1230=CARTESIAN_POINT('Ctrl Pts',(3.40205361069791,5.92334968375327,-15.2742302520764));
#1231=CARTESIAN_POINT('Ctrl Pts',(3.40205361069792,10.6721640500901,-19.0607822996143));
#1232=CARTESIAN_POINT('Ctrl Pts',(3.40205361069793,13.3102263815277,-24.5374554281071));
#1233=CARTESIAN_POINT('Ctrl Pts',(3.40205361069791,13.306195853635,-29.9321976987577));
#1234=CARTESIAN_POINT('Ctrl Pts',(3.40205361069791,11.1201021452833,-35.5184330293683));
#1235=CARTESIAN_POINT('Ctrl Pts',(3.40205361069787,7.09408351541555,-39.2542839292208));
#1236=CARTESIAN_POINT('Ctrl Pts',(3.40205361069787,0.718959735327284,-41.2215221200167));
#1237=CARTESIAN_POINT('Ctrl Pts',(3.40205361069787,-4.70966222876678,-40.4023422389802));
#1238=CARTESIAN_POINT('Ctrl Pts',(3.40205361069795,-10.2203023301652,-36.6435033269203));
#1239=CARTESIAN_POINT('Ctrl Pts',(3.40205361069788,-12.9671748091614,-31.8907250872064));
#1240=CARTESIAN_POINT('Ctrl Pts',(3.40205361069787,-13.4654015549546,-25.2386943424147));
#1241=CARTESIAN_POINT('Ctrl Pts',(3.40205361069786,-11.211294479416,-19.4822109936546));
#1242=CARTESIAN_POINT('Ctrl Pts',(3.4020536106979,-5.91741779571617,-15.2740183826149));
#1243=CARTESIAN_POINT('Ctrl Pts',(3.40205361069791,-1.97469025926356,-14.3732704376209));
#1244=CARTESIAN_POINT('Ctrl Pts',(3.40205361069791,5.18747084250636E-14,
-14.3732704376209));
#1245=CARTESIAN_POINT('Ctrl Pts',(3.24057876517197,-3.09641045486132E-13,
-14.5962954340047));
#1246=CARTESIAN_POINT('Ctrl Pts',(3.24057876517198,1.94133849000675,-14.5962954340047));
#1247=CARTESIAN_POINT('Ctrl Pts',(3.24057876517167,5.8232650349219,-15.4820289400582));
#1248=CARTESIAN_POINT('Ctrl Pts',(3.24057876517168,10.4918559766991,-19.2046037260299));
#1249=CARTESIAN_POINT('Ctrl Pts',(3.24057876517169,13.0853378046527,-24.5887453313002));
#1250=CARTESIAN_POINT('Ctrl Pts',(3.24057876517167,13.0813843819118,-29.8923379373274));
#1251=CARTESIAN_POINT('Ctrl Pts',(3.24057876517167,10.932214764058,-35.3841985265055));
#1252=CARTESIAN_POINT('Ctrl Pts',(3.24057876517163,6.97423021828403,-39.0569268852878));
#1253=CARTESIAN_POINT('Ctrl Pts',(3.24057876517162,0.706810702463958,-40.9909241680634));
#1254=CARTESIAN_POINT('Ctrl Pts',(3.24057876517163,-4.630085141271,-40.1855916242286));
#1255=CARTESIAN_POINT('Ctrl Pts',(3.24057876517172,-10.0476284584203,-36.4902491327092));
#1256=CARTESIAN_POINT('Ctrl Pts',(3.24057876517163,-12.7480875637538,-31.8177822262238));
#1257=CARTESIAN_POINT('Ctrl Pts',(3.24057876517162,-13.2378949937294,-25.2781383958266));
#1258=CARTESIAN_POINT('Ctrl Pts',(3.24057876517162,-11.0218734409898,-19.6189107864755));
#1259=CARTESIAN_POINT('Ctrl Pts',(3.24057876517166,-5.81743481901606,-15.4818202147551));
#1260=CARTESIAN_POINT('Ctrl Pts',(3.24057876517167,-1.94133849000696,-14.5962954340061));
#1261=CARTESIAN_POINT('Ctrl Pts',(3.24057876517167,5.59726782129795E-14,
-14.5962954340061));
#1262=CARTESIAN_POINT('Ctrl Pts',(3.02304891005899,-4.14911013240637E-13,
-14.8139791749167));
#1263=CARTESIAN_POINT('Ctrl Pts',(3.023048910059,1.908780112565,-14.8139791749167));
#1264=CARTESIAN_POINT('Ctrl Pts',(3.02304891005873,5.72557926197876,-15.6848526776813));
#1265=CARTESIAN_POINT('Ctrl Pts',(3.02304891005875,10.315862878805,-19.3449824655312));
#1266=CARTESIAN_POINT('Ctrl Pts',(3.02304891005875,12.8658353908194,-24.6388078741308));
#1267=CARTESIAN_POINT('Ctrl Pts',(3.02304891005873,12.8619533232764,-29.8534341031765));
#1268=CARTESIAN_POINT('Ctrl Pts',(3.02304891005873,10.7488286443573,-35.2531759833765));
#1269=CARTESIAN_POINT('Ctrl Pts',(3.0230489100587,6.85724407013445,-38.8642944268163));
#1270=CARTESIAN_POINT('Ctrl Pts',(3.02304891005869,0.694953312390318,-40.7658480605173));
#1271=CARTESIAN_POINT('Ctrl Pts',(3.0230489100587,-4.55241525034582,-39.9740283722922));
#1272=CARTESIAN_POINT('Ctrl Pts',(3.02304891005878,-9.8790869022019,-36.3406670161748));
#1273=CARTESIAN_POINT('Ctrl Pts',(3.0230489100587,-12.5342453017632,-31.7465841639998));
#1274=CARTESIAN_POINT('Ctrl Pts',(3.02304891005869,-13.0158356313055,-25.3166378348291));
#1275=CARTESIAN_POINT('Ctrl Pts',(3.02304891005869,-10.8369873090837,-19.7523389809285));
#1276=CARTESIAN_POINT('Ctrl Pts',(3.02304891005872,-5.71984765578344,-15.6846472100197));
#1277=CARTESIAN_POINT('Ctrl Pts',(3.02304891005874,-1.90878011256532,-14.8139791749175));
#1278=CARTESIAN_POINT('Ctrl Pts',(3.02304891005874,6.0804092643448E-14,
-14.8139791749175));
#1279=CARTESIAN_POINT('Ctrl Pts',(2.80021741878044,-5.09299826705337E-13,
-14.9750945114315));
#1280=CARTESIAN_POINT('Ctrl Pts',(2.80021741878045,1.88465625668921,-14.9750945114315));
#1281=CARTESIAN_POINT('Ctrl Pts',(2.80021741878028,5.6532881040166,-15.8349776920415));
#1282=CARTESIAN_POINT('Ctrl Pts',(2.80021741878028,10.1855883166581,-19.4488900679124));
#1283=CARTESIAN_POINT('Ctrl Pts',(2.80021741878029,12.7033753469626,-24.6758657582794));
#1284=CARTESIAN_POINT('Ctrl Pts',(2.80021741878027,12.6995269446064,-29.8246464949026));
#1285=CARTESIAN_POINT('Ctrl Pts',(2.80021741878027,10.6131056381782,-35.1561876920842));
#1286=CARTESIAN_POINT('Ctrl Pts',(2.80021741878025,6.77064267538217,-38.7217108791954));
#1287=CARTESIAN_POINT('Ctrl Pts',(2.80021741878025,0.686180599166151,-40.5992575649351));
#1288=CARTESIAN_POINT('Ctrl Pts',(2.80021741878025,-4.49493589173674,-39.8174252333648));
#1289=CARTESIAN_POINT('Ctrl Pts',(2.8002174187803,-9.75432833259763,-36.2299647640671));
#1290=CARTESIAN_POINT('Ctrl Pts',(2.80021741878026,-12.3759635323785,-31.6938775951969));
#1291=CARTESIAN_POINT('Ctrl Pts',(2.80021741878025,-12.8514749444223,-25.3451327928007));
#1292=CARTESIAN_POINT('Ctrl Pts',(2.80021741878024,-10.7001389596652,-19.8511048498942));
#1293=CARTESIAN_POINT('Ctrl Pts',(2.80021741878027,-5.64762640439733,-15.8347755615194));
#1294=CARTESIAN_POINT('Ctrl Pts',(2.80021741878028,-1.88465625668962,-14.9750945114319));
#1295=CARTESIAN_POINT('Ctrl Pts',(2.80021741878028,6.52380554679472E-14,
-14.9750945114319));
#1296=CARTESIAN_POINT('Ctrl Pts',(2.61763332533419,-5.76351346579585E-13,
-15.0597660698327));
#1297=CARTESIAN_POINT('Ctrl Pts',(2.61763332533419,1.87201039902733,-15.0597660698327));
#1298=CARTESIAN_POINT('Ctrl Pts',(2.61763332533411,5.61528507319443,-15.9138635999254));
#1299=CARTESIAN_POINT('Ctrl Pts',(2.61763332533412,10.1171440594642,-19.5034867829509));
#1300=CARTESIAN_POINT('Ctrl Pts',(2.61763332533412,12.6179954449548,-24.6953350142514));
#1301=CARTESIAN_POINT('Ctrl Pts',(2.61763332533411,12.6141880962046,-29.8095097298678));
#1302=CARTESIAN_POINT('Ctrl Pts',(2.61763332533412,10.5417695020613,-35.1052340640606));
#1303=CARTESIAN_POINT('Ctrl Pts',(2.6176333253341,6.72515006686101,-38.6467900420838));
#1304=CARTESIAN_POINT('Ctrl Pts',(2.6176333253341,0.681566148093924,-40.5117132743441));
#1305=CARTESIAN_POINT('Ctrl Pts',(2.61763332533411,-4.46472020021357,-39.7351466927836));
#1306=CARTESIAN_POINT('Ctrl Pts',(2.61763332533413,-9.68878188335991,-36.1717763783269));
#1307=CARTESIAN_POINT('Ctrl Pts',(2.61763332533411,-12.2927928777582,-31.6661911962941));
#1308=CARTESIAN_POINT('Ctrl Pts',(2.6176333253341,-12.7651061414047,-25.3601076384734));
#1309=CARTESIAN_POINT('Ctrl Pts',(2.6176333253341,-10.6282298798187,-19.9029962285754));
#1310=CARTESIAN_POINT('Ctrl Pts',(2.61763332533411,-5.60966386717641,-15.9136620933243));
#1311=CARTESIAN_POINT('Ctrl Pts',(2.61763332533411,-1.87201039902778,-15.0597660698328));
#1312=CARTESIAN_POINT('Ctrl Pts',(2.61763332533411,6.84769511263821E-14,
-15.0597660698328));
#1313=CARTESIAN_POINT('Ctrl Pts',(2.5336717514851,-6.01650706637076E-13,
-15.0732366189094));
#1314=CARTESIAN_POINT('Ctrl Pts',(2.5336717514851,1.86999187132333,-15.0732366189095));
#1315=CARTESIAN_POINT('Ctrl Pts',(2.53367175148508,5.60924151621412,-15.9264157545835));
#1316=CARTESIAN_POINT('Ctrl Pts',(2.53367175148508,10.1062510926331,-19.5121748057544));
#1317=CARTESIAN_POINT('Ctrl Pts',(2.53367175148508,12.6044125488891,-24.6984336452143));
#1318=CARTESIAN_POINT('Ctrl Pts',(2.53367175148508,12.6006068646568,-29.8071032414008));
#1319=CARTESIAN_POINT('Ctrl Pts',(2.53367175148508,10.5304224061049,-35.097124219219));
#1320=CARTESIAN_POINT('Ctrl Pts',(2.53367175148508,6.71790853492766,-38.6348683278337));
#1321=CARTESIAN_POINT('Ctrl Pts',(2.53367175148507,0.680832879646441,-40.4977847286652));
#1322=CARTESIAN_POINT('Ctrl Pts',(2.53367175148508,-4.45991487040243,-39.7220523313948));
#1323=CARTESIAN_POINT('Ctrl Pts',(2.53367175148508,-9.6783501490928,-36.1625212943298));
#1324=CARTESIAN_POINT('Ctrl Pts',(2.53367175148507,-12.2795586584781,-31.6617838750379));
#1325=CARTESIAN_POINT('Ctrl Pts',(2.53367175148507,-12.7513638462324,-25.3624900588626));
#1326=CARTESIAN_POINT('Ctrl Pts',(2.53367175148507,-10.6167877870794,-19.9112545173953));
#1327=CARTESIAN_POINT('Ctrl Pts',(2.53367175148508,-5.60362597006469,-15.9262145826213));
#1328=CARTESIAN_POINT('Ctrl Pts',(2.53367175148508,-1.8699918713238,-15.0732366189095));
#1329=CARTESIAN_POINT('Ctrl Pts',(2.53367175148508,6.97543168853138E-14,
-15.0732366189095));
#1330=CARTESIAN_POINT('Ctrl Pts',(2.5,-6.10622663543836E-13,-15.0732366189094));
#1331=CARTESIAN_POINT('Ctrl Pts',(2.5,1.86998734117209,-15.0732366189094));
#1332=CARTESIAN_POINT('Ctrl Pts',(2.5,5.6092431536205,-15.9264171491377));
#1333=CARTESIAN_POINT('Ctrl Pts',(2.5,10.1062483456291,-19.5121762539922));
#1334=CARTESIAN_POINT('Ctrl Pts',(2.5,12.6044127827754,-24.6984344814894));
#1335=CARTESIAN_POINT('Ctrl Pts',(2.5,12.6006037959246,-29.8071043586907));
#1336=CARTESIAN_POINT('Ctrl Pts',(2.5,10.5304236934401,-35.0971218160194));
#1337=CARTESIAN_POINT('Ctrl Pts',(2.5,6.71790579893062,-38.6348666823548));
#1338=CARTESIAN_POINT('Ctrl Pts',(2.5,0.680833458357467,-40.4977840714224));
#1339=CARTESIAN_POINT('Ctrl Pts',(2.5,-4.45991605008011,-39.7220492628905));
#1340=CARTESIAN_POINT('Ctrl Pts',(2.5,-9.67834754807965,-36.1625227940196));
#1341=CARTESIAN_POINT('Ctrl Pts',(2.5,-12.2795569947686,-31.6617820816681));
#1342=CARTESIAN_POINT('Ctrl Pts',(2.5,-12.7513626733135,-25.3624900897473));
#1343=CARTESIAN_POINT('Ctrl Pts',(2.5,-10.6167864644006,-19.911256415411));
#1344=CARTESIAN_POINT('Ctrl Pts',(2.5,-5.60362707657735,-15.9262161369043));
#1345=CARTESIAN_POINT('Ctrl Pts',(2.5,-1.86998734117256,-15.0732366189095));
#1346=CARTESIAN_POINT('Ctrl Pts',(2.5,7.02216063075412E-14,-15.0732366189095));
#1347=CARTESIAN_POINT('',(3.5,4.8017145815038E-14,-14.0732366189091));
#1348=CARTESIAN_POINT('',(2.5,-6.10622663543836E-13,-15.0732366189094));
#1349=CARTESIAN_POINT('Ctrl Pts',(3.5,7.63278329429795E-16,-14.0732366189095));
#1350=CARTESIAN_POINT('Ctrl Pts',(3.5,3.13520656311056E-16,-14.4874501812826));
#1351=CARTESIAN_POINT('Ctrl Pts',(2.91421356237309,-1.03032429448309E-15,
-15.0732366189095));
#1352=CARTESIAN_POINT('Ctrl Pts',(2.5,-1.53080849893419E-15,-15.0732366189095));
#1353=CARTESIAN_POINT('Ctrl Pts',(2.5,-6.10622663543836E-13,-15.0732366189094));
#1354=CARTESIAN_POINT('Ctrl Pts',(2.5,1.86998734117209,-15.0732366189094));
#1355=CARTESIAN_POINT('Ctrl Pts',(2.5,5.6092431536205,-15.9264171491377));
#1356=CARTESIAN_POINT('Ctrl Pts',(2.5,10.1062483456291,-19.5121762539922));
#1357=CARTESIAN_POINT('Ctrl Pts',(2.5,12.6044127827754,-24.6984344814894));
#1358=CARTESIAN_POINT('Ctrl Pts',(2.5,12.6006037959246,-29.8071043586907));
#1359=CARTESIAN_POINT('Ctrl Pts',(2.5,10.5304236934401,-35.0971218160194));
#1360=CARTESIAN_POINT('Ctrl Pts',(2.5,6.71790579893062,-38.6348666823548));
#1361=CARTESIAN_POINT('Ctrl Pts',(2.5,0.680833458357467,-40.4977840714224));
#1362=CARTESIAN_POINT('Ctrl Pts',(2.5,-4.45991605008011,-39.7220492628905));
#1363=CARTESIAN_POINT('Ctrl Pts',(2.5,-9.67834754807965,-36.1625227940196));
#1364=CARTESIAN_POINT('Ctrl Pts',(2.5,-12.2795569947686,-31.6617820816681));
#1365=CARTESIAN_POINT('Ctrl Pts',(2.5,-12.7513626733135,-25.3624900897473));
#1366=CARTESIAN_POINT('Ctrl Pts',(2.5,-10.6167864644006,-19.911256415411));
#1367=CARTESIAN_POINT('Ctrl Pts',(2.5,-5.60362707657735,-15.9262161369043));
#1368=CARTESIAN_POINT('Ctrl Pts',(2.5,-1.86998734117256,-15.0732366189095));
#1369=CARTESIAN_POINT('Ctrl Pts',(2.5,7.02216063075412E-14,-15.0732366189095));
#1370=CARTESIAN_POINT('Ctrl Pts',(3.5,4.77395900589078E-14,-14.0732366189122));
#1371=CARTESIAN_POINT('Ctrl Pts',(3.5,-2.01958632846592,-14.0732366189121));
#1372=CARTESIAN_POINT('Ctrl Pts',(3.5,-4.03575178558414,-14.5338455586292));
#1373=CARTESIAN_POINT('Ctrl Pts',(3.5,-5.85596633497044,-15.4097265536057));
#1374=CARTESIAN_POINT('Ctrl Pts',(3.5,-7.67618088435675,-16.2856075485822));
#1375=CARTESIAN_POINT('Ctrl Pts',(3.5,-9.30044452601113,-17.5767605988182));
#1376=CARTESIAN_POINT('Ctrl Pts',(3.5,-10.5579297934745,-19.1556098229933));
#1377=CARTESIAN_POINT('Ctrl Pts',(3.5,-12.2345768167589,-21.2607421218934));
#1378=CARTESIAN_POINT('Ctrl Pts',(3.5,-13.259173397037,-23.8773342855742));
#1379=CARTESIAN_POINT('Ctrl Pts',(3.5,-13.4648255550422,-26.5637277671408));
#1380=CARTESIAN_POINT('Ctrl Pts',(3.5,-13.5676516340449,-27.9069245079241));
#1381=CARTESIAN_POINT('Ctrl Pts',(3.5,-13.4657416074793,-29.2675715781787));
#1382=CARTESIAN_POINT('Ctrl Pts',(3.5,-13.163692739567,-30.5797362891268));
#1383=CARTESIAN_POINT('Ctrl Pts',(3.5,-12.5595950037423,-33.204065711023));
#1384=CARTESIAN_POINT('Ctrl Pts',(3.5,-11.1549419025309,-35.6344656956927));
#1385=CARTESIAN_POINT('Ctrl Pts',(3.5,-9.18381593070328,-37.4697426469506));
#1386=CARTESIAN_POINT('Ctrl Pts',(3.5,-8.19825294478948,-38.3873811225795));
#1387=CARTESIAN_POINT('Ctrl Pts',(3.5,-7.07107174122166,-39.1562388398554));
#1388=CARTESIAN_POINT('Ctrl Pts',(3.5,-5.85695014975044,-39.7386267841406));
#1389=CARTESIAN_POINT('Ctrl Pts',(3.5,-3.42870696680802,-40.9034026727109));
#1390=CARTESIAN_POINT('Ctrl Pts',(3.5,-0.652702232252049,-41.3222994693182));
#1391=CARTESIAN_POINT('Ctrl Pts',(3.5,2.01130951335153,-40.9254115268026));
#1392=CARTESIAN_POINT('Ctrl Pts',(3.5,3.34331538615332,-40.7269675555448));
#1393=CARTESIAN_POINT('Ctrl Pts',(3.5,4.64732301171701,-40.3245773995063));
#1394=CARTESIAN_POINT('Ctrl Pts',(3.5,5.85978803926534,-39.7379202575105));
#1395=CARTESIAN_POINT('Ctrl Pts',(3.5,8.28471809436199,-38.564605973519));
#1396=CARTESIAN_POINT('Ctrl Pts',(3.5,10.3434777573972,-36.6542237456981));
#1397=CARTESIAN_POINT('Ctrl Pts',(3.5,11.692188611204,-34.3246240834128));
#1398=CARTESIAN_POINT('Ctrl Pts',(3.5,12.3665440381074,-33.1598242522701));
#1399=CARTESIAN_POINT('Ctrl Pts',(3.5,12.8633872627037,-31.8902200625113));
#1400=CARTESIAN_POINT('Ctrl Pts',(3.5,13.1619045680414,-30.5767212019183));
#1401=CARTESIAN_POINT('Ctrl Pts',(3.5,13.6096805260479,-28.6064729110288));
#1402=CARTESIAN_POINT('Ctrl Pts',(3.5,13.6112231657227,-26.5374616107623));
#1403=CARTESIAN_POINT('Ctrl Pts',(3.5,13.1623248868737,-24.5694294796796));
#1404=CARTESIAN_POINT('Ctrl Pts',(3.5,12.7134266080248,-22.6013973485968));
#1405=CARTESIAN_POINT('Ctrl Pts',(3.5,11.8140874106521,-20.7343443866978));
#1406=CARTESIAN_POINT('Ctrl Pts',(3.5,10.5549568774043,-19.1553812668745));
#1407=CARTESIAN_POINT('Ctrl Pts',(3.5,9.29582634415641,-17.5764181470511));
#1408=CARTESIAN_POINT('Ctrl Pts',(3.5,7.67690447503331,-16.2855448693034));
#1409=CARTESIAN_POINT('Ctrl Pts',(3.5,5.85784447111081,-15.4097494872672));
#1410=CARTESIAN_POINT('Ctrl Pts',(3.5,4.03878446718836,-14.5339541052311));
#1411=CARTESIAN_POINT('Ctrl Pts',(3.5,2.01958632846651,-14.0732366189065));
#1412=CARTESIAN_POINT('Ctrl Pts',(3.5,5.13301326315382E-14,-14.0732366189064));
#1413=CARTESIAN_POINT('Origin',(0.,0.,-27.5732366189095));
#1414=CARTESIAN_POINT('',(0.,-1.53080849893419E-15,-15.0732366189095));
#1415=CARTESIAN_POINT('Origin',(0.,0.,-27.5732366189095));
#1416=CARTESIAN_POINT('',(0.,-1.53080849893419E-15,-15.0732366189095));
#1417=CARTESIAN_POINT('Origin',(3.5,0.,0.));
#1418=CARTESIAN_POINT('',(3.5,-49.5,-37.5));
#1419=CARTESIAN_POINT('',(3.5,-49.5,57.5));
#1420=CARTESIAN_POINT('',(3.5,-49.5,28.75));
#1421=CARTESIAN_POINT('',(3.5,-30.,-57.));
#1422=CARTESIAN_POINT('Origin',(3.5,-30.,-37.5));
#1423=CARTESIAN_POINT('',(3.5,30.,-57.));
#1424=CARTESIAN_POINT('',(3.5,-25.,-57.));
#1425=CARTESIAN_POINT('',(3.5,49.5,-37.5));
#1426=CARTESIAN_POINT('Origin',(3.5,30.,-37.5));
#1427=CARTESIAN_POINT('',(3.5,49.5,57.5));
#1428=CARTESIAN_POINT('',(3.5,49.5,-28.75));
#1429=CARTESIAN_POINT('',(3.5,-50.,57.5));
#1430=CARTESIAN_POINT('',(3.5,-1.83697019872103E-16,19.));
#1431=CARTESIAN_POINT('Origin',(3.5,0.,17.5));
#1432=CARTESIAN_POINT('Origin',(3.5,0.,17.5));
#1433=CARTESIAN_POINT('',(0.,-1.83697019872103E-16,19.));
#1434=CARTESIAN_POINT('',(3.5,1.83697019872103E-16,19.));
#1435=CARTESIAN_POINT('Origin',(0.,0.,17.5));
#1436=CARTESIAN_POINT('Origin',(3.,-25.,-57.));
#1437=CARTESIAN_POINT('',(3.,-30.,-57.5));
#1438=CARTESIAN_POINT('Origin',(3.,-30.,-57.));
#1439=CARTESIAN_POINT('',(3.,30.,-57.5));
#1440=CARTESIAN_POINT('',(3.,-25.,-57.5));
#1441=CARTESIAN_POINT('Origin',(3.,30.,-57.));
#1442=CARTESIAN_POINT('Origin',(3.,30.,-37.5));
#1443=CARTESIAN_POINT('',(3.,50.,-37.5));
#1444=CARTESIAN_POINT('Origin',(3.,49.5,-37.5));
#1445=CARTESIAN_POINT('Origin',(3.,30.,-37.5));
#1446=CARTESIAN_POINT('Origin',(3.,49.5,-28.75));
#1447=CARTESIAN_POINT('',(3.,50.,57.5));
#1448=CARTESIAN_POINT('Origin',(3.,49.5,57.5));
#1449=CARTESIAN_POINT('',(3.,50.,-28.75));
#1450=CARTESIAN_POINT('Origin',(3.,-30.,-37.5));
#1451=CARTESIAN_POINT('',(3.,-50.,-37.5));
#1452=CARTESIAN_POINT('Origin',(3.,-49.5,-37.5));
#1453=CARTESIAN_POINT('Origin',(3.,-30.,-37.5));
#1454=CARTESIAN_POINT('Origin',(3.,-49.5,28.75));
#1455=CARTESIAN_POINT('',(3.,-50.,57.5));
#1456=CARTESIAN_POINT('Origin',(3.,-49.5,57.5));
#1457=CARTESIAN_POINT('',(3.,-50.,28.75));
#1458=CARTESIAN_POINT('Origin',(0.,-30.,-37.5));
#1459=CARTESIAN_POINT('',(0.,-50.,-37.5));
#1460=CARTESIAN_POINT('',(0.,-50.,-37.5));
#1461=CARTESIAN_POINT('',(0.,-30.,-57.5));
#1462=CARTESIAN_POINT('Origin',(0.,-30.,-37.5));
#1463=CARTESIAN_POINT('',(0.,-30.,-57.5));
#1464=CARTESIAN_POINT('Origin',(0.,-50.,57.5));
#1465=CARTESIAN_POINT('',(0.,-50.,57.5));
#1466=CARTESIAN_POINT('',(0.,-50.,57.5));
#1467=CARTESIAN_POINT('',(0.,-50.,54.));
#1468=CARTESIAN_POINT('Origin',(0.,50.,57.5));
#1469=CARTESIAN_POINT('',(0.,50.,57.5));
#1470=CARTESIAN_POINT('',(0.,50.,57.5));
#1471=CARTESIAN_POINT('',(0.,-50.,57.5));
#1472=CARTESIAN_POINT('Origin',(0.,30.,-37.5));
#1473=CARTESIAN_POINT('',(0.,30.,-57.5));
#1474=CARTESIAN_POINT('',(0.,30.,-57.5));
#1475=CARTESIAN_POINT('',(0.,50.,-37.5));
#1476=CARTESIAN_POINT('Origin',(0.,30.,-37.5));
#1477=CARTESIAN_POINT('',(0.,50.,-37.5));
#1478=CARTESIAN_POINT('Origin',(0.,50.,-57.5));
#1479=CARTESIAN_POINT('',(0.,50.,57.5));
#1480=CARTESIAN_POINT('Origin',(0.,0.,0.));
#1481=CARTESIAN_POINT('',(0.,50.,-57.5));
#1482=CARTESIAN_POINT('Origin',(0.,-50.,-57.5));
#1483=CARTESIAN_POINT('Origin',(36.5,-25.,54.5));
#1484=CARTESIAN_POINT('',(36.5,49.5,54.));
#1485=CARTESIAN_POINT('',(37.,50.,54.5));
#1486=CARTESIAN_POINT('Origin',(36.5,49.5,54.5));
#1487=CARTESIAN_POINT('',(37.,34.25,54.5));
#1488=CARTESIAN_POINT('',(37.,-25.,54.5));
#1489=CARTESIAN_POINT('',(36.5,34.25,54.));
#1490=CARTESIAN_POINT('Origin',(36.5,34.25,54.5));
#1491=CARTESIAN_POINT('',(36.5,-25.,54.));
#1492=CARTESIAN_POINT('Origin',(37.,0.,55.75));
#1493=CARTESIAN_POINT('',(37.,50.,57.5));
#1494=CARTESIAN_POINT('',(37.,50.,57.5));
#1495=CARTESIAN_POINT('',(37.,-50.,57.5));
#1496=CARTESIAN_POINT('',(37.,-50.,57.5));
#1497=CARTESIAN_POINT('',(37.,-50.,54.5495546379801));
#1498=CARTESIAN_POINT('',(37.,-50.,54.));
#1499=CARTESIAN_POINT('',(37.,34.25,54.5495546379801));
#1500=CARTESIAN_POINT('',(37.,34.25,54.5495546379801));
#1501=CARTESIAN_POINT('',(37.,34.25,2.87500000000001));
#1502=CARTESIAN_POINT('Origin',(0.,49.5,54.5));
#1503=CARTESIAN_POINT('',(0.,49.5,54.));
#1504=CARTESIAN_POINT('',(0.,49.5,54.));
#1505=CARTESIAN_POINT('',(0.,50.,54.5));
#1506=CARTESIAN_POINT('Origin',(0.,49.5,54.5));
#1507=CARTESIAN_POINT('',(0.,50.,54.5));
#1508=CARTESIAN_POINT('Origin',(36.3605227066624,34.25,54.5));
#1509=CARTESIAN_POINT('',(36.3605227066624,-49.5,54.));
#1510=CARTESIAN_POINT('',(36.3605227066624,34.25,54.));
#1511=CARTESIAN_POINT('',(36.3605227066624,34.25,54.));
#1512=CARTESIAN_POINT('',(36.7736345052968,34.25,54.2183288409704));
#1513=CARTESIAN_POINT('Origin',(36.3605227066624,34.25,54.5));
#1514=CARTESIAN_POINT('',(36.7736345052968,-49.9131117986343,54.2183288409704));
#1515=CARTESIAN_POINT('',(36.7736345052968,34.25,54.2183288409704));
#1516=CARTESIAN_POINT('Origin',(36.3605227066624,-49.5,54.5));
#1517=CARTESIAN_POINT('Origin',(0.,-49.5,54.5));
#1518=CARTESIAN_POINT('',(36.9660664258394,-50.,54.5));
#1519=CARTESIAN_POINT('',(0.,-50.,54.5));
#1520=CARTESIAN_POINT('',(0.,-50.,54.5));
#1521=CARTESIAN_POINT('',(0.,-49.5,54.));
#1522=CARTESIAN_POINT('Origin',(0.,-49.5,54.5));
#1523=CARTESIAN_POINT('',(0.,-49.5,54.));
#1524=CARTESIAN_POINT('Ctrl Pts',(36.7736345052968,-49.9131117986343,54.2183288409704));
#1525=CARTESIAN_POINT('Ctrl Pts',(36.7921408586626,-49.9316181520002,54.2454711048481));
#1526=CARTESIAN_POINT('Ctrl Pts',(36.8118743520977,-49.9473885387875,54.2743973223119));
#1527=CARTESIAN_POINT('Ctrl Pts',(36.8758891159185,-49.9872835761481,54.3681709743788));
#1528=CARTESIAN_POINT('Ctrl Pts',(36.9226433601876,-50.,54.4365653694267));
#1529=CARTESIAN_POINT('Ctrl Pts',(36.9660664258394,-50.,54.5));
#1530=CARTESIAN_POINT('Origin',(0.,-50.,57.5));
#1531=CARTESIAN_POINT('Origin',(189.625,-50.,-50.));
#1532=CARTESIAN_POINT('',(0.,-50.,57.5));
#1533=CARTESIAN_POINT('',(0.,-50.,57.5));
#1534=CARTESIAN_POINT('',(0.,-50.,54.));
#1535=CARTESIAN_POINT('Origin',(189.625,34.25,-50.));
#1536=CARTESIAN_POINT('Origin',(189.625,34.25,-50.));
#1537=CARTESIAN_POINT('Origin',(0.,-50.,54.));
#1538=CARTESIAN_POINT('',(94.8125,34.25,54.));
#1539=CARTESIAN_POINT('',(0.,50.,54.));
#1540=CARTESIAN_POINT('',(21.5,-1.83697019872103E-16,54.));
#1541=CARTESIAN_POINT('Origin',(20.,0.,54.));
#1542=CARTESIAN_POINT('Origin',(20.,0.,54.));
#1543=CARTESIAN_POINT('',(21.5,-1.83697019872103E-16,57.5));
#1544=CARTESIAN_POINT('',(21.5,1.83697019872103E-16,54.));
#1545=CARTESIAN_POINT('Origin',(20.,0.,57.5));
#1546=CARTESIAN_POINT('Origin',(189.625,34.25,-50.));
#1547=CARTESIAN_POINT('Origin',(0.,50.,54.));
#1548=CARTESIAN_POINT('',(0.,50.,57.5));
#1549=CARTESIAN_POINT('',(0.,50.,57.5));
#1550=CARTESIAN_POINT('',(0.,50.,57.5));
#1551=CARTESIAN_POINT('Origin',(0.,50.,57.5));
#1552=CARTESIAN_POINT('',(0.,-50.,57.5));
#1553=CARTESIAN_POINT('Origin',(0.,0.,55.75));
#1554=CARTESIAN_POINT('Ctrl Pts',(-0.243342768283621,17.3529517700781,-57.5));
#1555=CARTESIAN_POINT('Ctrl Pts',(0.531273167067891,17.7834374849346,-57.5));
#1556=CARTESIAN_POINT('Ctrl Pts',(2.66277014340419,19.4255521125002,-57.5));
#1557=CARTESIAN_POINT('Ctrl Pts',(4.70811565047832,23.5896556588432,-57.5));
#1558=CARTESIAN_POINT('Ctrl Pts',(3.86190881773743,29.0956213524365,-57.5));
#1559=CARTESIAN_POINT('Ctrl Pts',(1.30608621964779,31.7859084241678,-57.5));
#1560=CARTESIAN_POINT('Ctrl Pts',(-0.243120686590064,32.6469248058374,-57.5));
#1561=CARTESIAN_POINT('Ctrl Pts',(-0.179031165574605,17.2372294811213,-57.5));
#1562=CARTESIAN_POINT('Ctrl Pts',(0.607453540216019,17.673990130141,-57.5000093745505));
#1563=CARTESIAN_POINT('Ctrl Pts',(2.77181078699303,19.3403224484302,-57.5000186311911));
#1564=CARTESIAN_POINT('Ctrl Pts',(4.84937676913508,23.567907093302,-57.5000382616586));
#1565=CARTESIAN_POINT('Ctrl Pts',(3.98974741813788,29.1585832007838,-57.5000236729062));
#1566=CARTESIAN_POINT('Ctrl Pts',(1.39413840682091,31.8890783445831,-57.5000187488774));
#1567=CARTESIAN_POINT('Ctrl Pts',(-0.178805688013986,32.7626452986061,-57.5));
#1568=CARTESIAN_POINT('Ctrl Pts',(-0.0510098537256898,17.0068679504121,
-57.3889094408058));
#1569=CARTESIAN_POINT('Ctrl Pts',(0.758983836939697,17.4560817294022,-57.3884153395472));
#1570=CARTESIAN_POINT('Ctrl Pts',(2.98861856179624,19.1708120261901,-57.3870357975));
#1571=CARTESIAN_POINT('Ctrl Pts',(5.13002777669984,23.5247056741017,-57.3856435428237));
#1572=CARTESIAN_POINT('Ctrl Pts',(4.24388417276107,29.2836482919968,-57.3862287812408));
#1573=CARTESIAN_POINT('Ctrl Pts',(1.56918374679617,32.0945286434868,-57.3879211102772));
#1574=CARTESIAN_POINT('Ctrl Pts',(-0.0507776177609873,32.9930032509643,
-57.3889092999122));
#1575=CARTESIAN_POINT('Ctrl Pts',(0.00065321131269026,16.9139054383781,
-57.1234176282627));
#1576=CARTESIAN_POINT('Ctrl Pts',(0.820000640427187,17.3687623116593,-57.1220202719628));
#1577=CARTESIAN_POINT('Ctrl Pts',(3.07478096358051,19.1040768939636,-57.1181168314535));
#1578=CARTESIAN_POINT('Ctrl Pts',(5.23956421633416,23.5080074383701,-57.1142112929902));
#1579=CARTESIAN_POINT('Ctrl Pts',(4.3437559382097,29.3324299369874,-57.1158457157103));
#1580=CARTESIAN_POINT('Ctrl Pts',(1.63955658763539,32.1762028423072,-57.1206225529585));
#1581=CARTESIAN_POINT('Ctrl Pts',(0.000888088029589873,33.0859641631262,
-57.1234172279241));
#1582=CARTESIAN_POINT('Ctrl Pts',(-0.000498365487057867,16.9159775855111,
-56.9910468970509));
#1583=CARTESIAN_POINT('Ctrl Pts',(0.818319910082968,17.3710624840737,-56.9893807341028));
#1584=CARTESIAN_POINT('Ctrl Pts',(3.07144417730368,19.1070122332145,-56.9847325643864));
#1585=CARTESIAN_POINT('Ctrl Pts',(5.23349168825827,23.5090645536342,-56.9801065531932));
#1586=CARTESIAN_POINT('Ctrl Pts',(4.33900358642297,29.32965685829,-56.9820390443003));
#1587=CARTESIAN_POINT('Ctrl Pts',(1.63734655066094,32.1736746198345,-56.9877141393847));
#1588=CARTESIAN_POINT('Ctrl Pts',(-0.000263611022255188,33.0838919375995,
-56.991046419363));
#1589=CARTESIAN_POINT('',(-2.82551759767102E-12,32.5066575909061,-57.5));
#1590=CARTESIAN_POINT('',(6.2362521315018E-16,33.0837454115655,-56.9910458829551));
#1591=CARTESIAN_POINT('Ctrl Pts',(-7.57294739002212E-5,32.5065542176782,
-57.5));
#1592=CARTESIAN_POINT('Ctrl Pts',(-6.65685015522627E-5,32.5367707244205,
-57.5000005547836));
#1593=CARTESIAN_POINT('Ctrl Pts',(-7.12657028463043E-5,32.56694455638,-57.4978760711901));
#1594=CARTESIAN_POINT('Ctrl Pts',(-7.80032679005213E-5,32.5968274402132,
-57.4937170549509));
#1595=CARTESIAN_POINT('Ctrl Pts',(-8.45862432956128E-5,32.6260246780025,
-57.4896534650115));
#1596=CARTESIAN_POINT('Ctrl Pts',(-9.25027188497834E-5,32.6549451380442,
-57.4836470035925));
#1597=CARTESIAN_POINT('Ctrl Pts',(-9.33177601889074E-5,32.6833372677277,
-57.4757385538557));
#1598=CARTESIAN_POINT('Ctrl Pts',(-9.40745011379864E-5,32.7096984915476,
-57.4683958002157));
#1599=CARTESIAN_POINT('Ctrl Pts',(-8.832609999263E-5,32.7356047655478,-57.4594127330082));
#1600=CARTESIAN_POINT('Ctrl Pts',(-7.83987665615438E-5,32.7608274789208,
-57.4487938310048));
#1601=CARTESIAN_POINT('Ctrl Pts',(-6.84733870297551E-5,32.7860452279546,
-57.4381770190157));
#1602=CARTESIAN_POINT('Ctrl Pts',(-5.80014742110993E-5,32.8105014657889,
-57.4259594166974));
#1603=CARTESIAN_POINT('Ctrl Pts',(-4.65216520100786E-5,32.8339506880246,
-57.4121437469329));
#1604=CARTESIAN_POINT('Ctrl Pts',(-3.57377459877185E-5,32.8559783992957,
-57.3991655943302));
#1605=CARTESIAN_POINT('Ctrl Pts',(-2.37547875853278E-5,32.8771178959997,
-57.3847767357596));
#1606=CARTESIAN_POINT('Ctrl Pts',(-2.74352515733933E-5,32.8971284649581,
-57.3689587143893));
#1607=CARTESIAN_POINT('Ctrl Pts',(-2.88372638601854E-5,32.9047511624322,
-57.362933099036));
#1608=CARTESIAN_POINT('Ctrl Pts',(-3.27220771289449E-5,32.9122096074781,
-57.3566999118034));
#1609=CARTESIAN_POINT('Ctrl Pts',(-4.08854429549133E-5,32.9194887520513,
-57.350257496648));
#1610=CARTESIAN_POINT('Ctrl Pts',(-5.11967428058899E-5,32.928683175522,
-57.3421199617334));
#1611=CARTESIAN_POINT('Ctrl Pts',(-6.8316491422886E-5,32.937591556151,-57.3336485420139));
#1612=CARTESIAN_POINT('Ctrl Pts',(-8.9818183800678E-5,32.9461941014486,
-57.3248539651055));
#1613=CARTESIAN_POINT('Ctrl Pts',(-0.000136759426447026,32.9649746773724,
-57.3056541569521));
#1614=CARTESIAN_POINT('Ctrl Pts',(-0.000200805975405406,32.9821588025376,
-57.2850586454408));
#1615=CARTESIAN_POINT('Ctrl Pts',(-0.0002446413076286,32.9975752429144,
-57.2632277757082));
#1616=CARTESIAN_POINT('Ctrl Pts',(-0.000286026180442445,33.012129881647,
-57.2426172836354));
#1617=CARTESIAN_POINT('Ctrl Pts',(-0.000309291773416252,33.0251090219603,
-57.2209047347541));
#1618=CARTESIAN_POINT('Ctrl Pts',(-0.000307002485267653,33.0363294643813,
-57.1982275527584));
#1619=CARTESIAN_POINT('Ctrl Pts',(-0.000306031035343561,33.0410908125518,
-57.188604584701));
#1620=CARTESIAN_POINT('Ctrl Pts',(-0.000300773004679342,33.0455349668267,
-57.178808027372));
#1621=CARTESIAN_POINT('Ctrl Pts',(-0.000292159281400146,33.049645554772,
-57.168849154093));
#1622=CARTESIAN_POINT('Ctrl Pts',(-0.00027167612833183,33.0594203988617,
-57.1451672781901));
#1623=CARTESIAN_POINT('Ctrl Pts',(-0.000225952345896862,33.067228365788,
-57.1207633352185));
#1624=CARTESIAN_POINT('Ctrl Pts',(-0.000170909660576896,33.0729089862631,
-57.0958245307619));
#1625=CARTESIAN_POINT('Ctrl Pts',(-0.000160256137769815,33.0740084714978,
-57.0909976201468));
#1626=CARTESIAN_POINT('Ctrl Pts',(-0.000149344193110966,33.0750281374841,
-57.0861506938816));
#1627=CARTESIAN_POINT('Ctrl Pts',(-0.000138423969339135,33.0759666353408,
-57.0812851517972));
#1628=CARTESIAN_POINT('Ctrl Pts',(-8.15312760769861E-5,33.0808560654295,
-57.0559364227659));
#1629=CARTESIAN_POINT('Ctrl Pts',(-2.2123840255487E-5,33.0835101139943,
-57.0302657183328));
#1630=CARTESIAN_POINT('Ctrl Pts',(-4.70349353912103E-6,33.0838057857985,
-57.0044847952679));
#1631=CARTESIAN_POINT('Ctrl Pts',(-1.67856035361218E-6,33.0838571273399,
-57.0000081008025));
#1632=CARTESIAN_POINT('Ctrl Pts',(1.05538691829877E-9,33.0838372598164,
-56.9955280886257));
#1633=CARTESIAN_POINT('Ctrl Pts',(-9.18889964118819E-11,33.0837454114399,
-56.9910458829553));
#1634=CARTESIAN_POINT('',(8.30440091244467E-16,16.9162545884345,-56.9910458829551));
#1635=CARTESIAN_POINT('Ctrl Pts',(-9.18823164390093E-11,33.0837454114399,
-56.9910458829553));
#1636=CARTESIAN_POINT('Ctrl Pts',(1.63749151507083,32.1735220143497,-56.9877138348727));
#1637=CARTESIAN_POINT('Ctrl Pts',(4.33901958528264,29.3295527508801,-56.9820390097357));
#1638=CARTESIAN_POINT('Ctrl Pts',(5.23349168825827,23.5090645536342,-56.9801065531932));
#1639=CARTESIAN_POINT('Ctrl Pts',(3.07153190603209,19.1071908539204,-56.9847323766782));
#1640=CARTESIAN_POINT('Ctrl Pts',(0.818624653449762,17.3712972851882,-56.9893801054202));
#1641=CARTESIAN_POINT('Ctrl Pts',(1.54988112106716E-10,16.9162545883421,
-56.9910458829547));
#1642=CARTESIAN_POINT('',(-2.82489309721967E-12,17.4933424090939,-57.5));
#1643=CARTESIAN_POINT('Ctrl Pts',(1.54979279409773E-10,16.916254588342,
-56.9910458829547));
#1644=CARTESIAN_POINT('Ctrl Pts',(1.18640863659939E-8,16.9157407823277,
-57.0161197781332));
#1645=CARTESIAN_POINT('Ctrl Pts',(-5.23946839790585E-5,16.9174764424671,
-57.0410479097689));
#1646=CARTESIAN_POINT('Ctrl Pts',(-0.000106624434441302,16.9213053009538,
-57.0656405093046));
#1647=CARTESIAN_POINT('Ctrl Pts',(-0.000163375647853793,16.9253121857957,
-57.0913765647487));
#1648=CARTESIAN_POINT('Ctrl Pts',(-0.000222217169897675,16.9316115390226,
-57.116746218464));
#1649=CARTESIAN_POINT('Ctrl Pts',(-0.000259147985935085,16.9400685401761,
-57.1415386325411));
#1650=CARTESIAN_POINT('Ctrl Pts',(-0.000267535445711198,16.941989233099,
-57.1471693062748));
#1651=CARTESIAN_POINT('Ctrl Pts',(-0.000274922242407512,16.9440213873205,
-57.1527701933332));
#1652=CARTESIAN_POINT('Ctrl Pts',(-0.000281248764707351,16.9461637131428,
-57.1583387773549));
#1653=CARTESIAN_POINT('Ctrl Pts',(-0.000307961275430854,16.9552092675233,
-57.1818510410196));
#1654=CARTESIAN_POINT('Ctrl Pts',(-0.000314911198028496,16.9661103560479,
-57.2045152238403));
#1655=CARTESIAN_POINT('Ctrl Pts',(-0.000295944357585703,16.9786706663388,
-57.2261873945042));
#1656=CARTESIAN_POINT('Ctrl Pts',(-0.000275874878773389,16.9919611709972,
-57.2491194780669));
#1657=CARTESIAN_POINT('Ctrl Pts',(-0.000226908170922939,17.007109502177,
-57.2709418682321));
#1658=CARTESIAN_POINT('Ctrl Pts',(-0.000172232146597076,17.0239314070731,
-57.2914939221653));
#1659=CARTESIAN_POINT('Ctrl Pts',(-0.000154126702980393,17.0295018203278,
-57.2982995386724));
#1660=CARTESIAN_POINT('Ctrl Pts',(-0.000135623527248751,17.0352561166908,
-57.3049658655964));
#1661=CARTESIAN_POINT('Ctrl Pts',(-0.000118206968373977,17.0411886523624,
-57.3114869850831));
#1662=CARTESIAN_POINT('Ctrl Pts',(-8.17680982203989E-5,17.0536006849903,
-57.3251304509332));
#1663=CARTESIAN_POINT('Ctrl Pts',(-5.05378450381136E-5,17.0667266808847,
-57.338066431903));
#1664=CARTESIAN_POINT('Ctrl Pts',(-3.29892290608369E-5,17.0804995926131,
-57.3502574918237));
#1665=CARTESIAN_POINT('Ctrl Pts',(-8.15230393109385E-6,17.0999926841401,
-57.3675117552309));
#1666=CARTESIAN_POINT('Ctrl Pts',(-9.5398143558077E-6,17.1207791363661,
-57.3832756090979));
#1667=CARTESIAN_POINT('Ctrl Pts',(-1.39478249653047E-5,17.142588747103,
-57.3975715426212));
#1668=CARTESIAN_POINT('Ctrl Pts',(-1.80355744432875E-5,17.1628137948179,
-57.4108288144324));
#1669=CARTESIAN_POINT('Ctrl Pts',(-2.53325443725142E-5,17.1839198121332,
-57.4228237457399));
#1670=CARTESIAN_POINT('Ctrl Pts',(-3.31350777276057E-5,17.2057242421204,
-57.4335582211948));
#1671=CARTESIAN_POINT('Ctrl Pts',(-4.23343124062612E-5,17.2314317988021,
-57.4462142335909));
#1672=CARTESIAN_POINT('Ctrl Pts',(-4.77312979613006E-5,17.2580223405652,
-57.457074437109));
#1673=CARTESIAN_POINT('Ctrl Pts',(-4.38089986240647E-5,17.2852178857855,
-57.4661426328662));
#1674=CARTESIAN_POINT('Ctrl Pts',(-4.10128732478192E-5,17.3046050226594,
-57.4726071604541));
#1675=CARTESIAN_POINT('Ctrl Pts',(-3.39734519745039E-5,17.3243007413145,
-57.4781604630874));
#1676=CARTESIAN_POINT('Ctrl Pts',(-2.51539458112904E-5,17.3442161609659,
-57.4827941497852));
#1677=CARTESIAN_POINT('Ctrl Pts',(-1.19639291004791E-5,17.3740006764641,
-57.4897240621689));
#1678=CARTESIAN_POINT('Ctrl Pts',(6.96302743882628E-6,17.4042518525729,
-57.4945933581458));
#1679=CARTESIAN_POINT('Ctrl Pts',(2.10757225481105E-5,17.4346924730397,
-57.4973454231506));
#1680=CARTESIAN_POINT('Ctrl Pts',(3.01096501644401E-5,17.4541783586032,
-57.4991070963006));
#1681=CARTESIAN_POINT('Ctrl Pts',(3.69956244223791E-5,17.4737425352907,
-57.5000003510947));
#1682=CARTESIAN_POINT('Ctrl Pts',(3.87384378484346E-5,17.4933166091039,
-57.5));
#1683=CARTESIAN_POINT('Ctrl Pts',(2.15716225499818E-5,17.4933063417311,
-57.5));
#1684=CARTESIAN_POINT('Ctrl Pts',(0.680304444696397,17.9001785417213,-57.5));
#1685=CARTESIAN_POINT('Ctrl Pts',(2.70599541090448,19.5135541097506,-57.5));
#1686=CARTESIAN_POINT('Ctrl Pts',(4.70811565047832,23.5896556588432,-57.5));
#1687=CARTESIAN_POINT('Ctrl Pts',(3.87679977665599,28.9987312000789,-57.5));
#1688=CARTESIAN_POINT('Ctrl Pts',(1.4396252823158,31.6431999653667,-57.5));
#1689=CARTESIAN_POINT('Ctrl Pts',(-6.5536664714122E-5,32.506548105304,-57.5));
#1690=CARTESIAN_POINT('Origin',(0.,25.,0.));
#1691=CARTESIAN_POINT('',(0.,34.25,-57.5));
#1692=CARTESIAN_POINT('',(0.,15.75,-7.86424469645755));
#1693=CARTESIAN_POINT('Ctrl Pts',(1.77677472360607E-17,15.75,-7.86424469645754));
#1694=CARTESIAN_POINT('Ctrl Pts',(6.34305052988769E-18,15.75,-11.916929071995));
#1695=CARTESIAN_POINT('Ctrl Pts',(0.,15.9002033194068,-16.7778302122739));
#1696=CARTESIAN_POINT('Ctrl Pts',(0.,16.2508874072022,-25.384993392917));
#1697=CARTESIAN_POINT('Ctrl Pts',(0.,16.5027143668826,-30.3966153555023));
#1698=CARTESIAN_POINT('Ctrl Pts',(0.,16.8789692191809,-40.4230460630296));
#1699=CARTESIAN_POINT('Ctrl Pts',(0.,16.9892650149939,-45.4383801466603));
#1700=CARTESIAN_POINT('Ctrl Pts',(0.,16.9892650149939,-50.));
#1701=CARTESIAN_POINT('Ctrl Pts',(0.,16.9892650149939,-52.2389881619878));
#1702=CARTESIAN_POINT('Ctrl Pts',(-2.73812659505861E-19,16.9655109567331,
-54.5873444635833));
#1703=CARTESIAN_POINT('Ctrl Pts',(-1.7615633950779E-19,16.9162545884345,
-56.9910458829551));
#1704=CARTESIAN_POINT('',(0.,15.75,57.5));
#1705=CARTESIAN_POINT('',(0.,15.75,-57.5));
#1706=CARTESIAN_POINT('',(0.,34.25,57.5));
#1707=CARTESIAN_POINT('',(0.,15.75,57.5));
#1708=CARTESIAN_POINT('',(0.,34.25,-7.86424469645755));
#1709=CARTESIAN_POINT('',(0.,34.25,57.5));
#1710=CARTESIAN_POINT('Ctrl Pts',(3.31632201648871E-18,33.0837454115655,
-56.9910458829551));
#1711=CARTESIAN_POINT('Ctrl Pts',(3.69921302611744E-18,33.0344890432669,
-54.5873444635833));
#1712=CARTESIAN_POINT('Ctrl Pts',(0.,33.010734985006,-52.2389881619878));
#1713=CARTESIAN_POINT('Ctrl Pts',(0.,33.010734985006,-50.));
#1714=CARTESIAN_POINT('Ctrl Pts',(0.,33.010734985006,-45.4383801466603));
#1715=CARTESIAN_POINT('Ctrl Pts',(2.64697796016969E-22,33.1210307808191,
-40.4230460630296));
#1716=CARTESIAN_POINT('Ctrl Pts',(2.64697796016969E-22,33.4972856331174,
-30.3966153555023));
#1717=CARTESIAN_POINT('Ctrl Pts',(0.,33.7491125927978,-25.384993392917));
#1718=CARTESIAN_POINT('Ctrl Pts',(0.,34.0997966805932,-16.7778302122739));
#1719=CARTESIAN_POINT('Ctrl Pts',(1.8551485432026E-18,34.25,-11.916929071995));
#1720=CARTESIAN_POINT('Ctrl Pts',(2.09156287005333E-18,34.25,-7.86424469645755));
#1721=CARTESIAN_POINT('Origin',(0.,15.75,-57.5));
#1722=CARTESIAN_POINT('Origin',(189.625,25.,-50.));
#1723=CARTESIAN_POINT('',(27.8325017190228,34.25,57.5));
#1724=CARTESIAN_POINT('Origin',(189.625,34.25,-50.));
#1725=CARTESIAN_POINT('',(37.,30.3204312577227,57.5));
#1726=CARTESIAN_POINT('Ctrl Pts',(27.8325017190228,34.25,57.5));
#1727=CARTESIAN_POINT('Ctrl Pts',(28.5617072647097,34.25,57.5));
#1728=CARTESIAN_POINT('Ctrl Pts',(29.3593721705807,34.1864420543224,57.5));
#1729=CARTESIAN_POINT('Ctrl Pts',(30.928146740983,33.9102953924733,57.5));
#1730=CARTESIAN_POINT('Ctrl Pts',(31.6992276074083,33.6975431007602,57.5));
#1731=CARTESIAN_POINT('Ctrl Pts',(33.0130271283607,33.2128944167772,57.5));
#1732=CARTESIAN_POINT('Ctrl Pts',(33.6824031970298,32.905349798466,57.5));
#1733=CARTESIAN_POINT('Ctrl Pts',(34.9466658814097,32.1652338557653,57.5));
#1734=CARTESIAN_POINT('Ctrl Pts',(35.541241139341,31.7321307996848,57.5));
#1735=CARTESIAN_POINT('Ctrl Pts',(36.3676733226104,31.0015851705439,57.5));
#1736=CARTESIAN_POINT('Ctrl Pts',(36.6948458437326,30.6752457872557,57.5));
#1737=CARTESIAN_POINT('Ctrl Pts',(37.,30.3204312577227,57.5));
#1738=CARTESIAN_POINT('',(37.,25.,54.5495546379801));
#1739=CARTESIAN_POINT('Ctrl Pts',(37.,30.3204312577227,57.5));
#1740=CARTESIAN_POINT('Ctrl Pts',(37.,30.0711278772347,57.195586944732));
#1741=CARTESIAN_POINT('Ctrl Pts',(37.,29.7997452420668,56.8957714774465));
#1742=CARTESIAN_POINT('Ctrl Pts',(37.,29.0030408901366,56.118519113469));
#1743=CARTESIAN_POINT('Ctrl Pts',(37.,28.4393152432624,55.6827285529444));
#1744=CARTESIAN_POINT('Ctrl Pts',(37.,27.4603182071537,55.1195516720196));
#1745=CARTESIAN_POINT('Ctrl Pts',(37.,26.9837691109439,54.9053499812998));
#1746=CARTESIAN_POINT('Ctrl Pts',(37.,25.992039796876,54.6197440042044));
#1747=CARTESIAN_POINT('Ctrl Pts',(37.,25.4765100996688,54.5495546379802));
#1748=CARTESIAN_POINT('Ctrl Pts',(37.,25.,54.5495546379802));
#1749=CARTESIAN_POINT('',(37.,19.6795687422773,57.5));
#1750=CARTESIAN_POINT('Ctrl Pts',(37.,25.,54.5495546379802));
#1751=CARTESIAN_POINT('Ctrl Pts',(37.,24.5234899003311,54.5495546379802));
#1752=CARTESIAN_POINT('Ctrl Pts',(37.,24.007960203124,54.6197440042044));
#1753=CARTESIAN_POINT('Ctrl Pts',(37.,23.0162308890561,54.9053499812998));
#1754=CARTESIAN_POINT('Ctrl Pts',(37.,22.5396817928463,55.1195516720196));
#1755=CARTESIAN_POINT('Ctrl Pts',(37.,21.5606847567375,55.6827285529444));
#1756=CARTESIAN_POINT('Ctrl Pts',(37.,20.9969591098634,56.118519113469));
#1757=CARTESIAN_POINT('Ctrl Pts',(37.,20.2002547579332,56.8957714774465));
#1758=CARTESIAN_POINT('Ctrl Pts',(37.,19.9288721227653,57.195586944732));
#1759=CARTESIAN_POINT('Ctrl Pts',(37.,19.6795687422773,57.5));
#1760=CARTESIAN_POINT('',(27.8325017190228,15.75,57.5));
#1761=CARTESIAN_POINT('Ctrl Pts',(37.,19.6795687422773,57.5));
#1762=CARTESIAN_POINT('Ctrl Pts',(36.6948458437532,19.3247542127683,57.5));
#1763=CARTESIAN_POINT('Ctrl Pts',(36.3676733225973,18.9984148294445,57.5));
#1764=CARTESIAN_POINT('Ctrl Pts',(35.541241139341,18.2678692003151,57.5));
#1765=CARTESIAN_POINT('Ctrl Pts',(34.9466658814097,17.8347661442346,57.5));
#1766=CARTESIAN_POINT('Ctrl Pts',(33.6824031970297,17.094650201534,57.5));
#1767=CARTESIAN_POINT('Ctrl Pts',(33.0130271283607,16.7871055832227,57.5));
#1768=CARTESIAN_POINT('Ctrl Pts',(31.6992276074083,16.3024568992397,57.5));
#1769=CARTESIAN_POINT('Ctrl Pts',(30.928146740983,16.0897046075267,57.5));
#1770=CARTESIAN_POINT('Ctrl Pts',(29.3593721705807,15.8135579456776,57.5));
#1771=CARTESIAN_POINT('Ctrl Pts',(28.5617072647097,15.75,57.5));
#1772=CARTESIAN_POINT('Ctrl Pts',(27.8325017190228,15.75,57.5));
#1773=CARTESIAN_POINT('Origin',(189.625,15.75,-50.));
#1774=CARTESIAN_POINT('Origin',(0.,15.75,57.5));
#1775=CARTESIAN_POINT('',(0.,15.75,57.5));
#1776=CARTESIAN_POINT('Origin',(37.,25.,0.));
#1777=CARTESIAN_POINT('',(37.,15.75,57.5));
#1778=CARTESIAN_POINT('Origin',(0.,34.25,57.5));
#1779=CARTESIAN_POINT('',(0.,34.25,57.5));
#1780=CARTESIAN_POINT('Origin',(0.,34.25,-57.5));
#1781=CARTESIAN_POINT('Ctrl Pts',(-0.243342768283615,-32.6470482299219,
-57.5));
#1782=CARTESIAN_POINT('Ctrl Pts',(1.30588910241924,-31.786076800209,-57.5));
#1783=CARTESIAN_POINT('Ctrl Pts',(3.86178977937752,-29.0958639472363,-57.5));
#1784=CARTESIAN_POINT('Ctrl Pts',(4.70815664296628,-23.589922854544,-57.5));
#1785=CARTESIAN_POINT('Ctrl Pts',(2.66293209670202,-19.4257598716849,-57.5));
#1786=CARTESIAN_POINT('Ctrl Pts',(0.531482766528767,-17.7835833849974,-57.5));
#1787=CARTESIAN_POINT('Ctrl Pts',(-0.24312068659007,-17.3530751941626,-57.5));
#1788=CARTESIAN_POINT('Ctrl Pts',(-0.179031165574598,-32.7627705188787,
-57.5));
#1789=CARTESIAN_POINT('Ctrl Pts',(1.39393824600647,-31.8892492208393,-57.5000187491009));
#1790=CARTESIAN_POINT('Ctrl Pts',(3.98962650060417,-29.1588294990466,-57.5000236722778));
#1791=CARTESIAN_POINT('Ctrl Pts',(4.84941841302383,-23.5681784063763,-57.5000382618709));
#1792=CARTESIAN_POINT('Ctrl Pts',(2.77197526910205,-19.3405333381318,-57.5000186315263));
#1793=CARTESIAN_POINT('Ctrl Pts',(0.607666359403365,-17.6741381784053,-57.5000093744387));
#1794=CARTESIAN_POINT('Ctrl Pts',(-0.178805688013992,-17.2373547013939,
-57.5));
#1795=CARTESIAN_POINT('Ctrl Pts',(-0.05100985372964,-32.9931320495808,-57.3889094407978));
#1796=CARTESIAN_POINT('Ctrl Pts',(1.56897752760095,-32.0947044916007,-57.3879212382805));
#1797=CARTESIAN_POINT('Ctrl Pts',(4.24375952581742,-29.2839019517593,-57.3862288626333));
#1798=CARTESIAN_POINT('Ctrl Pts',(5.13007071318882,-23.5249851645647,-57.3856435143646));
#1799=CARTESIAN_POINT('Ctrl Pts',(2.9887880700207,-19.1710291411522,-57.3870356895012));
#1800=CARTESIAN_POINT('Ctrl Pts',(0.759203064513534,-17.4562340527815,-57.3884152050867));
#1801=CARTESIAN_POINT('Ctrl Pts',(-0.0507776177649483,-17.0069967490428,
-57.3889092999042));
#1802=CARTESIAN_POINT('Ctrl Pts',(0.000653211312696128,-33.0860945616219,
-57.1234176282627));
#1803=CARTESIAN_POINT('Ctrl Pts',(1.63934806954149,-32.1763808150597,-57.120622915663));
#1804=CARTESIAN_POINT('Ctrl Pts',(4.34362994615334,-29.3326865159027,-57.1158459442033));
#1805=CARTESIAN_POINT('Ctrl Pts',(5.23960760996948,-23.5082900986996,-57.1142112132934));
#1806=CARTESIAN_POINT('Ctrl Pts',(3.07495233103993,-19.1042965646873,-57.1181165269291));
#1807=CARTESIAN_POINT('Ctrl Pts',(0.820222337832388,-17.3689164972832,-57.1220198904413));
#1808=CARTESIAN_POINT('Ctrl Pts',(0.000888088029584043,-16.9140358368737,
-57.1234172279241));
#1809=CARTESIAN_POINT('Ctrl Pts',(-0.000498365487053148,-33.0840224144888,
-56.9910468970509));
#1810=CARTESIAN_POINT('Ctrl Pts',(1.63713818565281,-32.1738526173638,-56.9877145711546));
#1811=CARTESIAN_POINT('Ctrl Pts',(4.33887775612286,-29.3299133156498,-56.9820393148282));
#1812=CARTESIAN_POINT('Ctrl Pts',(5.23353501958392,-23.5093470176608,-56.9801064589819));
#1813=CARTESIAN_POINT('Ctrl Pts',(3.0716153714991,-19.1072318643526,-56.9847322028746));
#1814=CARTESIAN_POINT('Ctrl Pts',(0.818541469819237,-17.3712167212829,-56.9893802793738));
#1815=CARTESIAN_POINT('Ctrl Pts',(-0.000263611022263306,-16.9161080624005,
-56.9910464193629));
#1816=CARTESIAN_POINT('',(-2.82419920782928E-12,-17.4933424090939,-57.5));
#1817=CARTESIAN_POINT('',(-4.86504813279428E-16,-16.9162545884345,-56.9910458829551));
#1818=CARTESIAN_POINT('Ctrl Pts',(3.86697682683845E-5,-17.4933166581234,
-57.5));
#1819=CARTESIAN_POINT('Ctrl Pts',(3.59830416228402E-5,-17.4631169014516,
-57.5000005412238));
#1820=CARTESIAN_POINT('Ctrl Pts',(2.03662807300306E-5,-17.4329588630123,
-57.4978765513665));
#1821=CARTESIAN_POINT('Ctrl Pts',(3.70026523099226E-6,-17.4030905991595,
-57.4937185030333));
#1822=CARTESIAN_POINT('Ctrl Pts',(-1.25805819766674E-5,-17.3739126207656,
-57.4896565513569));
#1823=CARTESIAN_POINT('Ctrl Pts',(-2.92489798114669E-5,-17.3450102073822,
-57.4836528423316));
#1824=CARTESIAN_POINT('Ctrl Pts',(-3.78609849645412E-5,-17.3166346415868,
-57.4757482319752));
#1825=CARTESIAN_POINT('Ctrl Pts',(-4.58627973109211E-5,-17.2902695908604,
-57.4684036928558));
#1826=CARTESIAN_POINT('Ctrl Pts',(-4.65249189881167E-5,-17.2643588709745,
-57.4594173900233));
#1827=CARTESIAN_POINT('Ctrl Pts',(-4.22031918831667E-5,-17.2391314091362,
-57.4487938128906));
#1828=CARTESIAN_POINT('Ctrl Pts',(-3.78852705631488E-5,-17.2139261630209,
-57.4381795910568));
#1829=CARTESIAN_POINT('Ctrl Pts',(-3.22069146163278E-5,-17.1894811396982,
-57.4259653581287));
#1830=CARTESIAN_POINT('Ctrl Pts',(-2.47819691364115E-5,-17.1660417415942,
-57.4121538380944));
#1831=CARTESIAN_POINT('Ctrl Pts',(-1.78065301525267E-5,-17.144021365588,
-57.3991784680349));
#1832=CARTESIAN_POINT('Ctrl Pts',(-8.98066873260341E-6,-17.1228881307073,
-57.3847928389424));
#1833=CARTESIAN_POINT('Ctrl Pts',(-1.52449697837231E-5,-17.1028827264503,
-57.3689785087577));
#1834=CARTESIAN_POINT('Ctrl Pts',(-1.76342434805718E-5,-17.0952524440299,
-57.3629467483371));
#1835=CARTESIAN_POINT('Ctrl Pts',(-2.24291436041899E-5,-17.0877866662432,
-57.3567069626775));
#1836=CARTESIAN_POINT('Ctrl Pts',(-3.14370877665393E-5,-17.0805004969246,
-57.3502574904668));
#1837=CARTESIAN_POINT('Ctrl Pts',(-4.28027395562144E-5,-17.0713072712712,
-57.3421199560801));
#1838=CARTESIAN_POINT('Ctrl Pts',(-6.08577451294864E-5,-17.0623999533487,
-57.3336485368411));
#1839=CARTESIAN_POINT('Ctrl Pts',(-8.31885650904498E-5,-17.0537983504984,
-57.3248539603777));
#1840=CARTESIAN_POINT('Ctrl Pts',(-0.000131940045317326,-17.0350197802529,
-57.3056541002156));
#1841=CARTESIAN_POINT('Ctrl Pts',(-0.000197277199040999,-17.0178370806599,
-57.2850585288219));
#1842=CARTESIAN_POINT('Ctrl Pts',(-0.0002420441825901,-17.0024216686928,
-57.2632275926819));
#1843=CARTESIAN_POINT('Ctrl Pts',(-0.000284313476945475,-16.9878663304863,
-57.2426146723419));
#1844=CARTESIAN_POINT('Ctrl Pts',(-0.000308139867795209,-16.9748864985239,
-57.2208994361572));
#1845=CARTESIAN_POINT('Ctrl Pts',(-0.000306215785357201,-16.9636655851986,
-57.1982193569573));
#1846=CARTESIAN_POINT('Ctrl Pts',(-0.00030539963665602,-16.9589059482644,
-57.1885990221857));
#1847=CARTESIAN_POINT('Ctrl Pts',(-0.000300265201371393,-16.9544632905468,
-57.1788051997968));
#1848=CARTESIAN_POINT('Ctrl Pts',(-0.000291751501141038,-16.9503539807451,
-57.168849153605));
#1849=CARTESIAN_POINT('Ctrl Pts',(-0.000271493699246914,-16.9405761424813,
-57.1451593823029));
#1850=CARTESIAN_POINT('Ctrl Pts',(-0.000225833365287837,-16.9327663270973,
-57.1207470618391));
#1851=CARTESIAN_POINT('Ctrl Pts',(-0.000170811224483453,-16.927085283396,
-57.0957995863916));
#1852=CARTESIAN_POINT('Ctrl Pts',(-0.000160183566010269,-16.9259879761785,
-57.0909809216696));
#1853=CARTESIAN_POINT('Ctrl Pts',(-0.000149296946500964,-16.924970213649,
-57.0861423125839));
#1854=CARTESIAN_POINT('Ctrl Pts',(-0.000138400755061677,-16.9240333383527,
-57.0812851517622));
#1855=CARTESIAN_POINT('Ctrl Pts',(-8.15090270781787E-5,-16.9191416792062,
-57.0559247059793));
#1856=CARTESIAN_POINT('Ctrl Pts',(-2.20661968315316E-5,-16.9164874295801,
-57.0302419868367));
#1857=CARTESIAN_POINT('Ctrl Pts',(-4.67925921619761E-6,-16.9161938055957,
-57.0044490455146));
#1858=CARTESIAN_POINT('Ctrl Pts',(-1.66955512698635E-6,-16.9161429788587,
-56.9999842500062));
#1859=CARTESIAN_POINT('Ctrl Pts',(1.14762928507347E-9,-16.9161629845689,
-56.9955161573943));
#1860=CARTESIAN_POINT('Ctrl Pts',(4.33566238466909E-11,-16.9162545884086,
-56.991045882955));
#1861=CARTESIAN_POINT('',(2.08683756885223E-16,-33.0837454115655,-56.9910458829551));
#1862=CARTESIAN_POINT('Ctrl Pts',(4.33645635134101E-11,-16.9162545884086,
-56.991045882955));
#1863=CARTESIAN_POINT('Ctrl Pts',(0.818702662973431,-17.3713409242618,-56.9893799468333));
#1864=CARTESIAN_POINT('Ctrl Pts',(3.07166177334479,-19.1073263480992,-56.984732103591));
#1865=CARTESIAN_POINT('Ctrl Pts',(5.23353501958392,-23.5093470176608,-56.9801064589819));
#1866=CARTESIAN_POINT('Ctrl Pts',(4.33890800798045,-29.3297164995617,-56.9820392494708));
#1867=CARTESIAN_POINT('Ctrl Pts',(1.6374122493492,-32.1735641205994,-56.9877139954582));
#1868=CARTESIAN_POINT('Ctrl Pts',(-3.28364781979756E-10,-33.0837454111165,
-56.9910458829556));
#1869=CARTESIAN_POINT('',(-2.82496248615871E-12,-32.5066575909061,-57.5));
#1870=CARTESIAN_POINT('Ctrl Pts',(-3.28369248459026E-10,-33.0837454111165,
-56.9910458829556));
#1871=CARTESIAN_POINT('Ctrl Pts',(1.17999116450804E-8,-33.0842590174943,
-57.016110012757));
#1872=CARTESIAN_POINT('Ctrl Pts',(-5.2352872800502E-5,-33.0825249099799,
-57.0410284932786));
#1873=CARTESIAN_POINT('Ctrl Pts',(-0.000106573778312372,-33.0786991573232,
-57.0656117753842));
#1874=CARTESIAN_POINT('Ctrl Pts',(-0.00016331412144378,-33.0746956366069,
-57.0913373483676));
#1875=CARTESIAN_POINT('Ctrl Pts',(-0.000222180806395177,-33.0684014788491,
-57.1166969037602));
#1876=CARTESIAN_POINT('Ctrl Pts',(-0.000259269830515413,-33.059951262062,
-57.1414798693437));
#1877=CARTESIAN_POINT('Ctrl Pts',(-0.000267726057717511,-33.0580246286508,
-57.1471303385239));
#1878=CARTESIAN_POINT('Ctrl Pts',(-0.000275180700028785,-33.0559857459052,
-57.1527508222127));
#1879=CARTESIAN_POINT('Ctrl Pts',(-0.000281574800792078,-33.0538359155918,
-57.1583387777535));
#1880=CARTESIAN_POINT('Ctrl Pts',(-0.000308475134966731,-33.0447914610251,
-57.1818476145649));
#1881=CARTESIAN_POINT('Ctrl Pts',(-0.000315742014295566,-33.0338918719456,
-57.2045086181884));
#1882=CARTESIAN_POINT('Ctrl Pts',(-0.000297337746157721,-33.0213332465726,
-57.2261779192559));
#1883=CARTESIAN_POINT('Ctrl Pts',(-0.000277861690384132,-33.0080432593603,
-57.2491091498272));
#1884=CARTESIAN_POINT('Ctrl Pts',(-0.00022975843593961,-32.9928952991778,
-57.270930821599));
#1885=CARTESIAN_POINT('Ctrl Pts',(-0.000176363938744695,-32.9760734223962,
-57.2914823158821));
#1886=CARTESIAN_POINT('Ctrl Pts',(-0.000158671912546432,-32.9704995692772,
-57.2982919609649));
#1887=CARTESIAN_POINT('Ctrl Pts',(-0.000140627568454317,-32.9647415676493,
-57.3049621613785));
#1888=CARTESIAN_POINT('Ctrl Pts',(-0.000123723484043485,-32.958805064565,
-57.3114869892004));
#1889=CARTESIAN_POINT('Ctrl Pts',(-8.83769101440634E-5,-32.9463917897688,
-57.3251304556658));
#1890=CARTESIAN_POINT('Ctrl Pts',(-5.84626912304566E-5,-32.9332642982002,
-57.3380664373233));
#1891=CARTESIAN_POINT('Ctrl Pts',(-4.24986922859038E-5,-32.9194895861292,
-57.3502574980365));
#1892=CARTESIAN_POINT('Ctrl Pts',(-1.99002104734934E-5,-32.8999902375457,
-57.3675150451435));
#1893=CARTESIAN_POINT('Ctrl Pts',(-2.40748029625359E-5,-32.8791964254192,
-57.383281616394));
#1894=CARTESIAN_POINT('Ctrl Pts',(-3.19172424845249E-5,-32.8573783776419,
-57.3975797120375));
#1895=CARTESIAN_POINT('Ctrl Pts',(-3.91870196264894E-5,-32.8371535044288,
-57.4108337471617));
#1896=CARTESIAN_POINT('Ctrl Pts',(-5.02211120041507E-5,-32.8160474296184,
-57.422825961438));
#1897=CARTESIAN_POINT('Ctrl Pts',(-6.23843323410006E-5,-32.7942425228273,
-57.4335582365314));
#1898=CARTESIAN_POINT('Ctrl Pts',(-7.67320810732478E-5,-32.7685214296377,
-57.4462180406049));
#1899=CARTESIAN_POINT('Ctrl Pts',(-8.81271273309752E-5,-32.7419158600877,
-57.4570809619052));
#1900=CARTESIAN_POINT('Ctrl Pts',(-9.11038698079569E-5,-32.7147039879919,
-57.4661507998391));
#1901=CARTESIAN_POINT('Ctrl Pts',(-9.32244011818609E-5,-32.6953191641557,
-57.4726118477946));
#1902=CARTESIAN_POINT('Ctrl Pts',(-9.15648341364318E-5,-32.6756255420106,
-57.4781624335371));
#1903=CARTESIAN_POINT('Ctrl Pts',(-8.85902743998357E-5,-32.6557118905509,
-57.4827941743193));
#1904=CARTESIAN_POINT('Ctrl Pts',(-8.41390500232703E-5,-32.6259124786535,
-57.4897252563286));
#1905=CARTESIAN_POINT('Ctrl Pts',(-7.49829862095011E-5,-32.5956451051643,
-57.4945950262404));
#1906=CARTESIAN_POINT('Ctrl Pts',(-7.16400768808884E-5,-32.5651872075693,
-57.4973468339566));
#1907=CARTESIAN_POINT('Ctrl Pts',(-6.9501112734139E-5,-32.5456986888759,
-57.4991075810977));
#1908=CARTESIAN_POINT('Ctrl Pts',(-6.99160338900703E-5,-32.5261315058706,
-57.5000003597619));
#1909=CARTESIAN_POINT('Ctrl Pts',(-7.58557225905565E-5,-32.5065540382958,
-57.5));
#1910=CARTESIAN_POINT('Ctrl Pts',(-6.56490354040418E-5,-32.5065479175903,
-57.5));
#1911=CARTESIAN_POINT('Ctrl Pts',(1.43955193143107,-31.6432424258838,-57.5));
#1912=CARTESIAN_POINT('Ctrl Pts',(3.87669703607623,-28.9988865243624,-57.5));
#1913=CARTESIAN_POINT('Ctrl Pts',(4.70815664296628,-23.589922854544,-57.5));
#1914=CARTESIAN_POINT('Ctrl Pts',(2.70611572182526,-19.5136835441894,-57.5));
#1915=CARTESIAN_POINT('Ctrl Pts',(0.680376905337644,-17.9002222349261,-57.5));
#1916=CARTESIAN_POINT('Ctrl Pts',(2.15319497407218E-5,-17.4933064080868,
-57.5));
#1917=CARTESIAN_POINT('Origin',(0.,-25.,0.));
#1918=CARTESIAN_POINT('',(0.,-34.25,-57.5));
#1919=CARTESIAN_POINT('',(0.,-34.25,-7.86424469645755));
#1920=CARTESIAN_POINT('Ctrl Pts',(-1.4867828190557E-18,-34.25,-7.86424469645755));
#1921=CARTESIAN_POINT('Ctrl Pts',(-4.75568960496038E-18,-34.25,-11.916929071995));
#1922=CARTESIAN_POINT('Ctrl Pts',(0.,-34.0997966805932,-16.7778302122739));
#1923=CARTESIAN_POINT('Ctrl Pts',(0.,-33.7491125927978,-25.384993392917));
#1924=CARTESIAN_POINT('Ctrl Pts',(-2.64697796016969E-22,-33.4972856331174,
-30.3966153555023));
#1925=CARTESIAN_POINT('Ctrl Pts',(-2.64697796016969E-22,-33.1210307808191,
-40.4230460630296));
#1926=CARTESIAN_POINT('Ctrl Pts',(0.,-33.010734985006,-45.4383801466603));
#1927=CARTESIAN_POINT('Ctrl Pts',(0.,-33.010734985006,-50.));
#1928=CARTESIAN_POINT('Ctrl Pts',(0.,-33.010734985006,-52.2389881619878));
#1929=CARTESIAN_POINT('Ctrl Pts',(1.50361319513179E-17,-33.0344890432669,
-54.5873444635833));
#1930=CARTESIAN_POINT('Ctrl Pts',(1.00202412500891E-19,-33.0837454115655,
-56.9910458829551));
#1931=CARTESIAN_POINT('',(0.,-34.25,57.5));
#1932=CARTESIAN_POINT('',(0.,-34.25,57.5));
#1933=CARTESIAN_POINT('',(0.,-15.75,57.5));
#1934=CARTESIAN_POINT('',(0.,-15.75,57.5));
#1935=CARTESIAN_POINT('',(0.,-15.75,-7.86424469645755));
#1936=CARTESIAN_POINT('',(0.,-15.75,-57.5));
#1937=CARTESIAN_POINT('Ctrl Pts',(1.29998537276912E-18,-16.9162545884345,
-56.9910458829551));
#1938=CARTESIAN_POINT('Ctrl Pts',(1.14586165858683E-18,-16.9655109567331,
-54.5873444635833));
#1939=CARTESIAN_POINT('Ctrl Pts',(0.,-16.989265014994,-52.2389881619878));
#1940=CARTESIAN_POINT('Ctrl Pts',(0.,-16.989265014994,-50.));
#1941=CARTESIAN_POINT('Ctrl Pts',(0.,-16.989265014994,-45.4383801466603));
#1942=CARTESIAN_POINT('Ctrl Pts',(0.,-16.8789692191809,-40.4230460630296));
#1943=CARTESIAN_POINT('Ctrl Pts',(0.,-16.5027143668826,-30.3966153555023));
#1944=CARTESIAN_POINT('Ctrl Pts',(0.,-16.2508874072022,-25.384993392917));
#1945=CARTESIAN_POINT('Ctrl Pts',(0.,-15.9002033194068,-16.7778302122739));
#1946=CARTESIAN_POINT('Ctrl Pts',(-1.02605820820346E-19,-15.75,-11.916929071995));
#1947=CARTESIAN_POINT('Ctrl Pts',(1.80593749462877E-18,-15.75,-7.86424469645755));
#1948=CARTESIAN_POINT('Origin',(0.,-34.25,-57.5));
#1949=CARTESIAN_POINT('Origin',(0.,-15.75,57.5));
#1950=CARTESIAN_POINT('',(37.,-30.3204312577227,57.5));
#1951=CARTESIAN_POINT('',(27.8325017190228,-34.25,57.5));
#1952=CARTESIAN_POINT('Ctrl Pts',(37.,-30.3204312577227,57.5));
#1953=CARTESIAN_POINT('Ctrl Pts',(36.6948458437532,-30.6752457872317,57.5));
#1954=CARTESIAN_POINT('Ctrl Pts',(36.3676733225973,-31.0015851705555,57.5));
#1955=CARTESIAN_POINT('Ctrl Pts',(35.541241139341,-31.7321307996849,57.5));
#1956=CARTESIAN_POINT('Ctrl Pts',(34.9466658814097,-32.1652338557653,57.5));
#1957=CARTESIAN_POINT('Ctrl Pts',(33.6824031970297,-32.905349798466,57.5));
#1958=CARTESIAN_POINT('Ctrl Pts',(33.0130271283607,-33.2128944167773,57.5));
#1959=CARTESIAN_POINT('Ctrl Pts',(31.6992276074083,-33.6975431007602,57.5));
#1960=CARTESIAN_POINT('Ctrl Pts',(30.928146740983,-33.9102953924733,57.5));
#1961=CARTESIAN_POINT('Ctrl Pts',(29.3593721705807,-34.1864420543224,57.5));
#1962=CARTESIAN_POINT('Ctrl Pts',(28.5617072647097,-34.25,57.5));
#1963=CARTESIAN_POINT('Ctrl Pts',(27.8325017190228,-34.25,57.5));
#1964=CARTESIAN_POINT('',(37.,-19.6795687422773,57.5));
#1965=CARTESIAN_POINT('',(37.,-15.75,57.5));
#1966=CARTESIAN_POINT('',(27.8325017190228,-15.75,57.5));
#1967=CARTESIAN_POINT('Ctrl Pts',(27.8325017190228,-15.75,57.5));
#1968=CARTESIAN_POINT('Ctrl Pts',(28.5617072647097,-15.75,57.5));
#1969=CARTESIAN_POINT('Ctrl Pts',(29.3593721705807,-15.8135579456776,57.5));
#1970=CARTESIAN_POINT('Ctrl Pts',(30.928146740983,-16.0897046075267,57.5));
#1971=CARTESIAN_POINT('Ctrl Pts',(31.6992276074083,-16.3024568992398,57.5));
#1972=CARTESIAN_POINT('Ctrl Pts',(33.0130271283607,-16.7871055832227,57.5));
#1973=CARTESIAN_POINT('Ctrl Pts',(33.6824031970297,-17.094650201534,57.5));
#1974=CARTESIAN_POINT('Ctrl Pts',(34.9466658814097,-17.8347661442346,57.5));
#1975=CARTESIAN_POINT('Ctrl Pts',(35.541241139341,-18.2678692003151,57.5));
#1976=CARTESIAN_POINT('Ctrl Pts',(36.3676733226104,-18.9984148294561,57.5));
#1977=CARTESIAN_POINT('Ctrl Pts',(36.6948458437326,-19.3247542127443,57.5));
#1978=CARTESIAN_POINT('Ctrl Pts',(37.,-19.6795687422773,57.5));
#1979=CARTESIAN_POINT('',(0.,-15.75,57.5));
#1980=CARTESIAN_POINT('',(0.,-34.25,57.5));
#1981=CARTESIAN_POINT('Origin',(37.,-25.,0.));
#1982=CARTESIAN_POINT('',(37.,-25.,54.5495546379801));
#1983=CARTESIAN_POINT('Ctrl Pts',(37.,-25.,54.5495546379802));
#1984=CARTESIAN_POINT('Ctrl Pts',(37.,-25.4765100996688,54.5495546379802));
#1985=CARTESIAN_POINT('Ctrl Pts',(37.,-25.992039796876,54.6197440042044));
#1986=CARTESIAN_POINT('Ctrl Pts',(37.,-26.9837691109439,54.9053499812998));
#1987=CARTESIAN_POINT('Ctrl Pts',(37.,-27.4603182071537,55.1195516720196));
#1988=CARTESIAN_POINT('Ctrl Pts',(37.,-28.4393152432624,55.6827285529444));
#1989=CARTESIAN_POINT('Ctrl Pts',(37.,-29.0030408901366,56.118519113469));
#1990=CARTESIAN_POINT('Ctrl Pts',(37.,-29.7997452420668,56.8957714774465));
#1991=CARTESIAN_POINT('Ctrl Pts',(37.,-30.0711278772347,57.195586944732));
#1992=CARTESIAN_POINT('Ctrl Pts',(37.,-30.3204312577227,57.5));
#1993=CARTESIAN_POINT('Ctrl Pts',(37.,-19.6795687422773,57.5));
#1994=CARTESIAN_POINT('Ctrl Pts',(37.,-19.9288721227653,57.195586944732));
#1995=CARTESIAN_POINT('Ctrl Pts',(37.,-20.2002547579332,56.8957714774465));
#1996=CARTESIAN_POINT('Ctrl Pts',(37.,-20.9969591098634,56.118519113469));
#1997=CARTESIAN_POINT('Ctrl Pts',(37.,-21.5606847567375,55.6827285529444));
#1998=CARTESIAN_POINT('Ctrl Pts',(37.,-22.5396817928463,55.1195516720196));
#1999=CARTESIAN_POINT('Ctrl Pts',(37.,-23.0162308890561,54.9053499812998));
#2000=CARTESIAN_POINT('Ctrl Pts',(37.,-24.0079602031239,54.6197440042044));
#2001=CARTESIAN_POINT('Ctrl Pts',(37.,-24.5234899003311,54.5495546379802));
#2002=CARTESIAN_POINT('Ctrl Pts',(37.,-25.,54.5495546379802));
#2003=CARTESIAN_POINT('Origin',(189.625,-25.,-50.));
#2004=CARTESIAN_POINT('Origin',(189.625,-15.75,-50.));
#2005=CARTESIAN_POINT('Origin',(189.625,-34.25,-50.));
#2006=CARTESIAN_POINT('Origin',(0.,-15.75,-57.5));
#2007=CARTESIAN_POINT('Origin',(0.,-34.25,57.5));
#2008=CARTESIAN_POINT('Origin',(0.,99.9999999999999,37.5));
#2009=CARTESIAN_POINT('',(0.,99.9999999999999,37.5));
#2010=CARTESIAN_POINT('',(0.,-100.,37.5));
#2011=CARTESIAN_POINT('',(0.,99.9999999999999,37.5));
#2012=CARTESIAN_POINT('',(-10.,-100.,37.5));
#2013=CARTESIAN_POINT('',(0.,-100.,37.5));
#2014=CARTESIAN_POINT('',(-10.,99.9999999999999,37.5));
#2015=CARTESIAN_POINT('',(-10.,99.9999999999999,37.5));
#2016=CARTESIAN_POINT('',(0.,99.9999999999999,37.5));
#2017=CARTESIAN_POINT('Origin',(0.,99.9999999999999,57.5));
#2018=CARTESIAN_POINT('',(0.,99.9999999999999,57.5));
#2019=CARTESIAN_POINT('',(0.,99.9999999999999,57.5));
#2020=CARTESIAN_POINT('',(-10.,99.9999999999999,57.5));
#2021=CARTESIAN_POINT('',(-10.,99.9999999999999,57.5));
#2022=CARTESIAN_POINT('',(0.,99.9999999999999,57.5));
#2023=CARTESIAN_POINT('Origin',(0.,-100.,57.5));
#2024=CARTESIAN_POINT('',(0.,-100.,57.5));
#2025=CARTESIAN_POINT('',(0.,-100.,57.5));
#2026=CARTESIAN_POINT('',(-10.,-100.,57.5));
#2027=CARTESIAN_POINT('',(-10.,-100.,57.5));
#2028=CARTESIAN_POINT('',(0.,-100.,57.5));
#2029=CARTESIAN_POINT('Origin',(0.,-100.,37.5));
#2030=CARTESIAN_POINT('',(0.,-100.,37.5));
#2031=CARTESIAN_POINT('',(-10.,-100.,37.5));
#2032=CARTESIAN_POINT('Origin',(0.,-7.105427357601E-14,47.5));
#2033=CARTESIAN_POINT('Origin',(-10.,-7.105427357601E-14,47.5));
#2034=UNCERTAINTY_MEASURE_WITH_UNIT(LENGTH_MEASURE(0.01),#2038,
'DISTANCE_ACCURACY_VALUE',
'Maximum model space distance between geometric entities at asserted c
onnectivities');
#2035=UNCERTAINTY_MEASURE_WITH_UNIT(LENGTH_MEASURE(0.01),#2038,
'DISTANCE_ACCURACY_VALUE',
'Maximum model space distance between geometric entities at asserted c
onnectivities');
#2036=(
GEOMETRIC_REPRESENTATION_CONTEXT(3)
GLOBAL_UNCERTAINTY_ASSIGNED_CONTEXT((#2034))
GLOBAL_UNIT_ASSIGNED_CONTEXT((#2038,#2040,#2041))
REPRESENTATION_CONTEXT('','3D')
);
#2037=(
GEOMETRIC_REPRESENTATION_CONTEXT(3)
GLOBAL_UNCERTAINTY_ASSIGNED_CONTEXT((#2035))
GLOBAL_UNIT_ASSIGNED_CONTEXT((#2038,#2040,#2041))
REPRESENTATION_CONTEXT('','3D')
);
#2038=(
LENGTH_UNIT()
NAMED_UNIT(*)
SI_UNIT(.MILLI.,.METRE.)
);
#2039=(
LENGTH_UNIT()
NAMED_UNIT(*)
SI_UNIT($,.METRE.)
);
#2040=(
NAMED_UNIT(*)
PLANE_ANGLE_UNIT()
SI_UNIT($,.RADIAN.)
);
#2041=(
NAMED_UNIT(*)
SI_UNIT($,.STERADIAN.)
SOLID_ANGLE_UNIT()
);
#2042=SHAPE_DEFINITION_REPRESENTATION(#2043,#2044);
#2043=PRODUCT_DEFINITION_SHAPE('',$,#2046);
#2044=SHAPE_REPRESENTATION('',(#876),#2036);
#2045=PRODUCT_DEFINITION_CONTEXT('part definition',#2050,'design');
#2046=PRODUCT_DEFINITION('support_\X\E9tag\X\E8re_bas',
'support_\X\E9tag\X\E8re_bas v4',#2047,#2045);
#2047=PRODUCT_DEFINITION_FORMATION('',$,#2052);
#2048=PRODUCT_RELATED_PRODUCT_CATEGORY('support_\X\E9tag\X\E8re_bas v4',
'support_\X\E9tag\X\E8re_bas v4',(#2052));
#2049=APPLICATION_PROTOCOL_DEFINITION('international standard',
'automotive_design',2009,#2050);
#2050=APPLICATION_CONTEXT(
'Core Data for Automotive Mechanical Design Process');
#2051=PRODUCT_CONTEXT('part definition',#2050,'mechanical');
#2052=PRODUCT('support_\X\E9tag\X\E8re_bas','support_\X\E9tag\X\E8re_b
as v4',$,(#2051));
#2053=PRESENTATION_STYLE_ASSIGNMENT((#2054));
#2054=SURFACE_STYLE_USAGE(.BOTH.,#2055);
#2055=SURFACE_SIDE_STYLE('',(#2056));
#2056=SURFACE_STYLE_FILL_AREA(#2057);
#2057=FILL_AREA_STYLE('Acier - Satin\X\E9',(#2058));
#2058=FILL_AREA_STYLE_COLOUR('Acier - Satin\X\E9',#2059);
#2059=COLOUR_RGB('Acier - Satin\X\E9',0.627450980392157,0.627450980392157,
0.627450980392157);
ENDSEC;
END-ISO-10303-21;
