ISO-10303-21;
HEADER;
/* Generated by software containing ST-Developer
 * from STEP Tools, Inc. (www.steptools.com) 
 */

FILE_DESCRIPTION(
/* description */ (''),
/* implementation_level */ '2;1');

FILE_NAME(
/* name */ 'support_etagre_bureau.step',
/* time_stamp */ '2025-11-26T05:34:53+01:00',
/* author */ (''),
/* organization */ (''),
/* preprocessor_version */ 'ST-DEVELOPER v20.1',
/* originating_system */ 'Autodesk Translation Framework v14.21.0.0',
/* authorisation */ '');

FILE_SCHEMA (('AUTOMOTIVE_DESIGN { 1 0 10303 214 3 1 1 }'));
ENDSEC;

DATA;
#10=MECHANICAL_DESIGN_GEOMETRIC_PRESENTATION_REPRESENTATION('',(#13),#3151);
#11=SHAPE_REPRESENTATION_RELATIONSHIP('SRR','None',#3158,#12);
#12=ADVANCED_BREP_SHAPE_REPRESENTATION('',(#14),#3150);
#13=STYLED_ITEM('',(#3167),#14);
#14=MANIFOLD_SOLID_BREP('Corps1',#1618);
#15=SPHERICAL_SURFACE('',#1799,4.35);
#16=SPHERICAL_SURFACE('',#1802,4.35);
#17=CONICAL_SURFACE('',#1790,2.,0.785398163397447);
#18=B_SPLINE_SURFACE_WITH_KNOTS('',3,3,((#2816,#2817,#2818,#2819,#2820,
#2821,#2822,#2823),(#2824,#2825,#2826,#2827,#2828,#2829,#2830,#2831),(#2832,
#2833,#2834,#2835,#2836,#2837,#2838,#2839),(#2840,#2841,#2842,#2843,#2844,
#2845,#2846,#2847),(#2848,#2849,#2850,#2851,#2852,#2853,#2854,#2855)),
 .UNSPECIFIED.,.F.,.F.,.F.,(4,1,4),(4,1,1,2,4),(0.,0.5,1.),(-0.312793246477452,
-0.187675947886471,-0.125117298590981,0.,0.000877496133009985),
 .UNSPECIFIED.);
#19=B_SPLINE_SURFACE_WITH_KNOTS('',3,3,((#2879,#2880,#2881,#2882,#2883),
(#2884,#2885,#2886,#2887,#2888),(#2889,#2890,#2891,#2892,#2893),(#2894,
#2895,#2896,#2897,#2898),(#2899,#2900,#2901,#2902,#2903)),.UNSPECIFIED.,
 .F.,.F.,.F.,(4,1,4),(4,1,4),(0.,0.5,1.),(0.663827803192623,0.756565906360644,
0.82611948373666),.UNSPECIFIED.);
#20=B_SPLINE_SURFACE_WITH_KNOTS('',3,3,((#2936,#2937,#2938,#2939,#2940,
#2941),(#2942,#2943,#2944,#2945,#2946,#2947),(#2948,#2949,#2950,#2951,#2952,
#2953),(#2954,#2955,#2956,#2957,#2958,#2959),(#2960,#2961,#2962,#2963,#2964,
#2965)),.UNSPECIFIED.,.F.,.F.,.F.,(4,1,4),(4,1,1,4),(0.,0.5,1.),(0.0527581315402412,
0.0991271831247312,0.145496234709221,0.215049812085956),.UNSPECIFIED.);
#21=B_SPLINE_SURFACE_WITH_KNOTS('',3,3,((#2986,#2987,#2988,#2989,#2990,
#2991,#2992,#2993),(#2994,#2995,#2996,#2997,#2998,#2999,#3000,#3001),(#3002,
#3003,#3004,#3005,#3006,#3007,#3008,#3009),(#3010,#3011,#3012,#3013,#3014,
#3015,#3016,#3017)),.UNSPECIFIED.,.F.,.F.,.F.,(4,4),(4,2,1,1,4),(0.,1.),
(-0.313670742610437,-0.312793246477239,-0.125117298590896,-0.0625586492954478,
0.),.UNSPECIFIED.);
#22=FACE_BOUND('',#421,.T.);
#23=FACE_BOUND('',#422,.T.);
#24=FACE_BOUND('',#423,.T.);
#25=FACE_BOUND('',#424,.T.);
#26=FACE_BOUND('',#430,.T.);
#27=FACE_BOUND('',#433,.T.);
#28=FACE_BOUND('',#434,.T.);
#29=FACE_BOUND('',#435,.T.);
#30=FACE_BOUND('',#499,.T.);
#31=FACE_BOUND('',#511,.T.);
#32=PLANE('',#1648);
#33=PLANE('',#1652);
#34=PLANE('',#1653);
#35=PLANE('',#1656);
#36=PLANE('',#1659);
#37=PLANE('',#1663);
#38=PLANE('',#1667);
#39=PLANE('',#1678);
#40=PLANE('',#1679);
#41=PLANE('',#1681);
#42=PLANE('',#1683);
#43=PLANE('',#1684);
#44=PLANE('',#1685);
#45=PLANE('',#1686);
#46=PLANE('',#1687);
#47=PLANE('',#1688);
#48=PLANE('',#1699);
#49=PLANE('',#1701);
#50=PLANE('',#1703);
#51=PLANE('',#1704);
#52=PLANE('',#1705);
#53=PLANE('',#1706);
#54=PLANE('',#1708);
#55=PLANE('',#1709);
#56=PLANE('',#1710);
#57=PLANE('',#1756);
#58=PLANE('',#1759);
#59=PLANE('',#1766);
#60=PLANE('',#1767);
#61=PLANE('',#1774);
#62=PLANE('',#1778);
#63=PLANE('',#1785);
#64=PLANE('',#1793);
#65=PLANE('',#1797);
#66=PLANE('',#1806);
#67=PLANE('',#1807);
#68=PLANE('',#1808);
#69=TOROIDAL_SURFACE('',#1639,144.42910196625,3.);
#70=TOROIDAL_SURFACE('',#1642,144.42910196625,3.);
#71=TOROIDAL_SURFACE('',#1672,144.42910196625,3.);
#72=TOROIDAL_SURFACE('',#1674,141.075,1.5);
#73=TOROIDAL_SURFACE('',#1691,7.,3.);
#74=TOROIDAL_SURFACE('',#1716,11.5,1.);
#75=TOROIDAL_SURFACE('',#1723,11.5,1.);
#76=TOROIDAL_SURFACE('',#1725,21.,1.);
#77=TOROIDAL_SURFACE('',#1732,11.5,1.);
#78=TOROIDAL_SURFACE('',#1739,11.5,1.);
#79=TOROIDAL_SURFACE('',#1741,21.,1.);
#80=TOROIDAL_SURFACE('',#1746,4.85,0.5);
#81=TOROIDAL_SURFACE('',#1752,4.85,0.5);
#82=TOROIDAL_SURFACE('',#1764,2.5,0.5);
#83=TOROIDAL_SURFACE('',#1770,2.5,0.5);
#84=TOROIDAL_SURFACE('',#1776,699.501960784314,3.);
#85=TOROIDAL_SURFACE('',#1780,7.,3.);
#86=TOROIDAL_SURFACE('',#1783,699.501960784314,3.);
#87=TOROIDAL_SURFACE('',#1805,141.075,1.5);
#88=LINE('',#2349,#207);
#89=LINE('',#2353,#208);
#90=LINE('',#2375,#209);
#91=LINE('',#2378,#210);
#92=LINE('',#2409,#211);
#93=LINE('',#2412,#212);
#94=LINE('',#2414,#213);
#95=LINE('',#2415,#214);
#96=LINE('',#2425,#215);
#97=LINE('',#2427,#216);
#98=LINE('',#2429,#217);
#99=LINE('',#2431,#218);
#100=LINE('',#2433,#219);
#101=LINE('',#2434,#220);
#102=LINE('',#2437,#221);
#103=LINE('',#2441,#222);
#104=LINE('',#2444,#223);
#105=LINE('',#2449,#224);
#106=LINE('',#2480,#225);
#107=LINE('',#2506,#226);
#108=LINE('',#2508,#227);
#109=LINE('',#2510,#228);
#110=LINE('',#2538,#229);
#111=LINE('',#2542,#230);
#112=LINE('',#2545,#231);
#113=LINE('',#2550,#232);
#114=LINE('',#2551,#233);
#115=LINE('',#2554,#234);
#116=LINE('',#2557,#235);
#117=LINE('',#2560,#236);
#118=LINE('',#2573,#237);
#119=LINE('',#2578,#238);
#120=LINE('',#2591,#239);
#121=LINE('',#2593,#240);
#122=LINE('',#2595,#241);
#123=LINE('',#2597,#242);
#124=LINE('',#2599,#243);
#125=LINE('',#2601,#244);
#126=LINE('',#2603,#245);
#127=LINE('',#2616,#246);
#128=LINE('',#2617,#247);
#129=LINE('',#2622,#248);
#130=LINE('',#2623,#249);
#131=LINE('',#2628,#250);
#132=LINE('',#2629,#251);
#133=LINE('',#2633,#252);
#134=LINE('',#2634,#253);
#135=LINE('',#2635,#254);
#136=LINE('',#2637,#255);
#137=LINE('',#2639,#256);
#138=LINE('',#2640,#257);
#139=LINE('',#2641,#258);
#140=LINE('',#2643,#259);
#141=LINE('',#2647,#260);
#142=LINE('',#2648,#261);
#143=LINE('',#2650,#262);
#144=LINE('',#2664,#263);
#145=LINE('',#2666,#264);
#146=LINE('',#2670,#265);
#147=LINE('',#2684,#266);
#148=LINE('',#2690,#267);
#149=LINE('',#2692,#268);
#150=LINE('',#2694,#269);
#151=LINE('',#2695,#270);
#152=LINE('',#2699,#271);
#153=LINE('',#2703,#272);
#154=LINE('',#2705,#273);
#155=LINE('',#2706,#274);
#156=LINE('',#2709,#275);
#157=LINE('',#2711,#276);
#158=LINE('',#2712,#277);
#159=LINE('',#2715,#278);
#160=LINE('',#2716,#279);
#161=LINE('',#2717,#280);
#162=LINE('',#2719,#281);
#163=LINE('',#2723,#282);
#164=LINE('',#2725,#283);
#165=LINE('',#2727,#284);
#166=LINE('',#2729,#285);
#167=LINE('',#2732,#286);
#168=LINE('',#2733,#287);
#169=LINE('',#2735,#288);
#170=LINE('',#2738,#289);
#171=LINE('',#2745,#290);
#172=LINE('',#2749,#291);
#173=LINE('',#2751,#292);
#174=LINE('',#2752,#293);
#175=LINE('',#2757,#294);
#176=LINE('',#2770,#295);
#177=LINE('',#2772,#296);
#178=LINE('',#2773,#297);
#179=LINE('',#2782,#298);
#180=LINE('',#2798,#299);
#181=LINE('',#2810,#300);
#182=LINE('',#2878,#301);
#183=LINE('',#2984,#302);
#184=LINE('',#2985,#303);
#185=LINE('',#3042,#304);
#186=LINE('',#3046,#305);
#187=LINE('',#3049,#306);
#188=LINE('',#3051,#307);
#189=LINE('',#3076,#308);
#190=LINE('',#3078,#309);
#191=LINE('',#3082,#310);
#192=LINE('',#3084,#311);
#193=LINE('',#3085,#312);
#194=LINE('',#3088,#313);
#195=LINE('',#3091,#314);
#196=LINE('',#3097,#315);
#197=LINE('',#3098,#316);
#198=LINE('',#3105,#317);
#199=LINE('',#3106,#318);
#200=LINE('',#3108,#319);
#201=LINE('',#3117,#320);
#202=LINE('',#3121,#321);
#203=LINE('',#3126,#322);
#204=LINE('',#3133,#323);
#205=LINE('',#3144,#324);
#206=LINE('',#3146,#325);
#207=VECTOR('',#1821,10.);
#208=VECTOR('',#1824,10.);
#209=VECTOR('',#1825,10.);
#210=VECTOR('',#1828,10.);
#211=VECTOR('',#1845,1.5);
#212=VECTOR('',#1850,10.);
#213=VECTOR('',#1851,10.);
#214=VECTOR('',#1852,10.);
#215=VECTOR('',#1861,10.);
#216=VECTOR('',#1862,10.);
#217=VECTOR('',#1863,10.);
#218=VECTOR('',#1864,10.);
#219=VECTOR('',#1865,10.);
#220=VECTOR('',#1866,10.);
#221=VECTOR('',#1869,10.);
#222=VECTOR('',#1872,10.);
#223=VECTOR('',#1875,10.);
#224=VECTOR('',#1880,10.);
#225=VECTOR('',#1881,10.);
#226=VECTOR('',#1888,10.);
#227=VECTOR('',#1889,10.);
#228=VECTOR('',#1890,10.);
#229=VECTOR('',#1891,10.);
#230=VECTOR('',#1894,10.);
#231=VECTOR('',#1897,10.);
#232=VECTOR('',#1902,10.);
#233=VECTOR('',#1903,10.);
#234=VECTOR('',#1906,10.);
#235=VECTOR('',#1909,10.);
#236=VECTOR('',#1914,10.);
#237=VECTOR('',#1931,10.);
#238=VECTOR('',#1936,10.);
#239=VECTOR('',#1937,10.);
#240=VECTOR('',#1938,10.);
#241=VECTOR('',#1939,10.);
#242=VECTOR('',#1940,10.);
#243=VECTOR('',#1941,10.);
#244=VECTOR('',#1942,10.);
#245=VECTOR('',#1943,10.);
#246=VECTOR('',#1944,10.);
#247=VECTOR('',#1945,10.);
#248=VECTOR('',#1950,10.);
#249=VECTOR('',#1951,10.);
#250=VECTOR('',#1956,10.);
#251=VECTOR('',#1957,10.);
#252=VECTOR('',#1960,10.);
#253=VECTOR('',#1961,10.);
#254=VECTOR('',#1962,10.);
#255=VECTOR('',#1965,10.);
#256=VECTOR('',#1968,10.);
#257=VECTOR('',#1969,10.);
#258=VECTOR('',#1970,10.);
#259=VECTOR('',#1973,10.);
#260=VECTOR('',#1978,10.);
#261=VECTOR('',#1979,10.);
#262=VECTOR('',#1980,10.);
#263=VECTOR('',#1997,10.);
#264=VECTOR('',#1998,10.);
#265=VECTOR('',#2001,10.);
#266=VECTOR('',#2004,10.);
#267=VECTOR('',#2009,10.);
#268=VECTOR('',#2010,10.);
#269=VECTOR('',#2011,10.);
#270=VECTOR('',#2012,10.);
#271=VECTOR('',#2015,10.);
#272=VECTOR('',#2018,10.);
#273=VECTOR('',#2019,10.);
#274=VECTOR('',#2020,10.);
#275=VECTOR('',#2023,10.);
#276=VECTOR('',#2024,10.);
#277=VECTOR('',#2025,10.);
#278=VECTOR('',#2028,10.);
#279=VECTOR('',#2029,10.);
#280=VECTOR('',#2030,10.);
#281=VECTOR('',#2033,10.);
#282=VECTOR('',#2036,10.);
#283=VECTOR('',#2037,10.);
#284=VECTOR('',#2038,10.);
#285=VECTOR('',#2039,10.);
#286=VECTOR('',#2044,10.);
#287=VECTOR('',#2045,10.);
#288=VECTOR('',#2048,10.);
#289=VECTOR('',#2051,10.);
#290=VECTOR('',#2052,10.);
#291=VECTOR('',#2055,10.);
#292=VECTOR('',#2056,10.);
#293=VECTOR('',#2057,10.);
#294=VECTOR('',#2062,10.);
#295=VECTOR('',#2065,10.);
#296=VECTOR('',#2068,10.);
#297=VECTOR('',#2069,10.);
#298=VECTOR('',#2080,10.5);
#299=VECTOR('',#2101,20.);
#300=VECTOR('',#2116,10.5);
#301=VECTOR('',#2133,10.);
#302=VECTOR('',#2146,10.);
#303=VECTOR('',#2147,10.);
#304=VECTOR('',#2158,10.);
#305=VECTOR('',#2163,10.);
#306=VECTOR('',#2166,10.);
#307=VECTOR('',#2169,10.);
#308=VECTOR('',#2174,10.);
#309=VECTOR('',#2177,10.);
#310=VECTOR('',#2184,10.);
#311=VECTOR('',#2185,10.);
#312=VECTOR('',#2186,10.);
#313=VECTOR('',#2189,10.);
#314=VECTOR('',#2194,10.);
#315=VECTOR('',#2203,10.);
#316=VECTOR('',#2204,10.);
#317=VECTOR('',#2215,10.);
#318=VECTOR('',#2216,10.);
#319=VECTOR('',#2219,10.);
#320=VECTOR('',#2234,10.);
#321=VECTOR('',#2241,10.);
#322=VECTOR('',#2246,2.);
#323=VECTOR('',#2257,1.25);
#324=VECTOR('',#2278,10.);
#325=VECTOR('',#2281,10.);
#326=FACE_OUTER_BOUND('',#414,.T.);
#327=FACE_OUTER_BOUND('',#415,.T.);
#328=FACE_OUTER_BOUND('',#416,.T.);
#329=FACE_OUTER_BOUND('',#417,.T.);
#330=FACE_OUTER_BOUND('',#418,.T.);
#331=FACE_OUTER_BOUND('',#419,.T.);
#332=FACE_OUTER_BOUND('',#420,.T.);
#333=FACE_OUTER_BOUND('',#425,.T.);
#334=FACE_OUTER_BOUND('',#426,.T.);
#335=FACE_OUTER_BOUND('',#427,.T.);
#336=FACE_OUTER_BOUND('',#428,.T.);
#337=FACE_OUTER_BOUND('',#429,.T.);
#338=FACE_OUTER_BOUND('',#431,.T.);
#339=FACE_OUTER_BOUND('',#432,.T.);
#340=FACE_OUTER_BOUND('',#436,.T.);
#341=FACE_OUTER_BOUND('',#437,.T.);
#342=FACE_OUTER_BOUND('',#438,.T.);
#343=FACE_OUTER_BOUND('',#439,.T.);
#344=FACE_OUTER_BOUND('',#440,.T.);
#345=FACE_OUTER_BOUND('',#441,.T.);
#346=FACE_OUTER_BOUND('',#442,.T.);
#347=FACE_OUTER_BOUND('',#443,.T.);
#348=FACE_OUTER_BOUND('',#444,.T.);
#349=FACE_OUTER_BOUND('',#445,.T.);
#350=FACE_OUTER_BOUND('',#446,.T.);
#351=FACE_OUTER_BOUND('',#447,.T.);
#352=FACE_OUTER_BOUND('',#448,.T.);
#353=FACE_OUTER_BOUND('',#449,.T.);
#354=FACE_OUTER_BOUND('',#450,.T.);
#355=FACE_OUTER_BOUND('',#451,.T.);
#356=FACE_OUTER_BOUND('',#452,.T.);
#357=FACE_OUTER_BOUND('',#453,.T.);
#358=FACE_OUTER_BOUND('',#454,.T.);
#359=FACE_OUTER_BOUND('',#455,.T.);
#360=FACE_OUTER_BOUND('',#456,.T.);
#361=FACE_OUTER_BOUND('',#457,.T.);
#362=FACE_OUTER_BOUND('',#458,.T.);
#363=FACE_OUTER_BOUND('',#459,.T.);
#364=FACE_OUTER_BOUND('',#460,.T.);
#365=FACE_OUTER_BOUND('',#461,.T.);
#366=FACE_OUTER_BOUND('',#462,.T.);
#367=FACE_OUTER_BOUND('',#463,.T.);
#368=FACE_OUTER_BOUND('',#464,.T.);
#369=FACE_OUTER_BOUND('',#465,.T.);
#370=FACE_OUTER_BOUND('',#466,.T.);
#371=FACE_OUTER_BOUND('',#467,.T.);
#372=FACE_OUTER_BOUND('',#468,.T.);
#373=FACE_OUTER_BOUND('',#469,.T.);
#374=FACE_OUTER_BOUND('',#470,.T.);
#375=FACE_OUTER_BOUND('',#471,.T.);
#376=FACE_OUTER_BOUND('',#472,.T.);
#377=FACE_OUTER_BOUND('',#473,.T.);
#378=FACE_OUTER_BOUND('',#474,.T.);
#379=FACE_OUTER_BOUND('',#475,.T.);
#380=FACE_OUTER_BOUND('',#476,.T.);
#381=FACE_OUTER_BOUND('',#477,.T.);
#382=FACE_OUTER_BOUND('',#478,.T.);
#383=FACE_OUTER_BOUND('',#479,.T.);
#384=FACE_OUTER_BOUND('',#480,.T.);
#385=FACE_OUTER_BOUND('',#481,.T.);
#386=FACE_OUTER_BOUND('',#482,.T.);
#387=FACE_OUTER_BOUND('',#483,.T.);
#388=FACE_OUTER_BOUND('',#484,.T.);
#389=FACE_OUTER_BOUND('',#485,.T.);
#390=FACE_OUTER_BOUND('',#486,.T.);
#391=FACE_OUTER_BOUND('',#487,.T.);
#392=FACE_OUTER_BOUND('',#488,.T.);
#393=FACE_OUTER_BOUND('',#489,.T.);
#394=FACE_OUTER_BOUND('',#490,.T.);
#395=FACE_OUTER_BOUND('',#491,.T.);
#396=FACE_OUTER_BOUND('',#492,.T.);
#397=FACE_OUTER_BOUND('',#493,.T.);
#398=FACE_OUTER_BOUND('',#494,.T.);
#399=FACE_OUTER_BOUND('',#495,.T.);
#400=FACE_OUTER_BOUND('',#496,.T.);
#401=FACE_OUTER_BOUND('',#497,.T.);
#402=FACE_OUTER_BOUND('',#498,.T.);
#403=FACE_OUTER_BOUND('',#500,.T.);
#404=FACE_OUTER_BOUND('',#501,.T.);
#405=FACE_OUTER_BOUND('',#502,.T.);
#406=FACE_OUTER_BOUND('',#503,.T.);
#407=FACE_OUTER_BOUND('',#504,.T.);
#408=FACE_OUTER_BOUND('',#505,.T.);
#409=FACE_OUTER_BOUND('',#506,.T.);
#410=FACE_OUTER_BOUND('',#507,.T.);
#411=FACE_OUTER_BOUND('',#508,.T.);
#412=FACE_OUTER_BOUND('',#509,.T.);
#413=FACE_OUTER_BOUND('',#510,.T.);
#414=EDGE_LOOP('',(#1025,#1026,#1027,#1028));
#415=EDGE_LOOP('',(#1029,#1030));
#416=EDGE_LOOP('',(#1031,#1032,#1033,#1034,#1035,#1036,#1037,#1038));
#417=EDGE_LOOP('',(#1039,#1040,#1041,#1042));
#418=EDGE_LOOP('',(#1043,#1044,#1045,#1046));
#419=EDGE_LOOP('',(#1047,#1048,#1049,#1050));
#420=EDGE_LOOP('',(#1051,#1052,#1053,#1054,#1055,#1056,#1057,#1058,#1059));
#421=EDGE_LOOP('',(#1060));
#422=EDGE_LOOP('',(#1061));
#423=EDGE_LOOP('',(#1062));
#424=EDGE_LOOP('',(#1063));
#425=EDGE_LOOP('',(#1064,#1065,#1066,#1067,#1068,#1069));
#426=EDGE_LOOP('',(#1070,#1071,#1072,#1073,#1074));
#427=EDGE_LOOP('',(#1075,#1076,#1077,#1078,#1079,#1080,#1081,#1082,#1083,
#1084,#1085,#1086));
#428=EDGE_LOOP('',(#1087,#1088,#1089,#1090,#1091,#1092,#1093,#1094,#1095,
#1096,#1097));
#429=EDGE_LOOP('',(#1098,#1099,#1100,#1101));
#430=EDGE_LOOP('',(#1102));
#431=EDGE_LOOP('',(#1103,#1104,#1105,#1106));
#432=EDGE_LOOP('',(#1107,#1108,#1109,#1110,#1111));
#433=EDGE_LOOP('',(#1112));
#434=EDGE_LOOP('',(#1113));
#435=EDGE_LOOP('',(#1114));
#436=EDGE_LOOP('',(#1115,#1116,#1117,#1118));
#437=EDGE_LOOP('',(#1119,#1120,#1121,#1122,#1123));
#438=EDGE_LOOP('',(#1124,#1125,#1126,#1127,#1128,#1129));
#439=EDGE_LOOP('',(#1130,#1131,#1132,#1133,#1134,#1135,#1136,#1137,#1138,
#1139,#1140,#1141));
#440=EDGE_LOOP('',(#1142,#1143,#1144,#1145));
#441=EDGE_LOOP('',(#1146,#1147,#1148,#1149));
#442=EDGE_LOOP('',(#1150,#1151,#1152,#1153));
#443=EDGE_LOOP('',(#1154,#1155,#1156,#1157));
#444=EDGE_LOOP('',(#1158,#1159,#1160,#1161));
#445=EDGE_LOOP('',(#1162,#1163,#1164,#1165));
#446=EDGE_LOOP('',(#1166,#1167,#1168,#1169,#1170,#1171));
#447=EDGE_LOOP('',(#1172,#1173,#1174,#1175,#1176,#1177,#1178,#1179));
#448=EDGE_LOOP('',(#1180,#1181,#1182,#1183,#1184));
#449=EDGE_LOOP('',(#1185,#1186,#1187,#1188,#1189,#1190,#1191,#1192,#1193,
#1194));
#450=EDGE_LOOP('',(#1195,#1196,#1197,#1198,#1199));
#451=EDGE_LOOP('',(#1200,#1201,#1202,#1203,#1204));
#452=EDGE_LOOP('',(#1205,#1206,#1207,#1208));
#453=EDGE_LOOP('',(#1209,#1210,#1211,#1212,#1213));
#454=EDGE_LOOP('',(#1214,#1215,#1216,#1217));
#455=EDGE_LOOP('',(#1218,#1219,#1220,#1221,#1222));
#456=EDGE_LOOP('',(#1223,#1224,#1225,#1226));
#457=EDGE_LOOP('',(#1227,#1228,#1229,#1230));
#458=EDGE_LOOP('',(#1231,#1232,#1233,#1234,#1235,#1236,#1237,#1238,#1239,
#1240));
#459=EDGE_LOOP('',(#1241,#1242,#1243,#1244,#1245,#1246,#1247,#1248,#1249,
#1250));
#460=EDGE_LOOP('',(#1251,#1252,#1253,#1254));
#461=EDGE_LOOP('',(#1255,#1256,#1257,#1258,#1259));
#462=EDGE_LOOP('',(#1260,#1261,#1262,#1263,#1264,#1265));
#463=EDGE_LOOP('',(#1266,#1267,#1268,#1269,#1270));
#464=EDGE_LOOP('',(#1271,#1272,#1273,#1274,#1275));
#465=EDGE_LOOP('',(#1276,#1277,#1278,#1279,#1280,#1281));
#466=EDGE_LOOP('',(#1282,#1283,#1284,#1285,#1286));
#467=EDGE_LOOP('',(#1287,#1288,#1289,#1290,#1291,#1292));
#468=EDGE_LOOP('',(#1293,#1294,#1295,#1296,#1297));
#469=EDGE_LOOP('',(#1298,#1299,#1300,#1301,#1302));
#470=EDGE_LOOP('',(#1303,#1304,#1305));
#471=EDGE_LOOP('',(#1306,#1307,#1308,#1309));
#472=EDGE_LOOP('',(#1310,#1311,#1312,#1313));
#473=EDGE_LOOP('',(#1314,#1315,#1316,#1317));
#474=EDGE_LOOP('',(#1318,#1319,#1320,#1321));
#475=EDGE_LOOP('',(#1322,#1323,#1324,#1325));
#476=EDGE_LOOP('',(#1326,#1327,#1328));
#477=EDGE_LOOP('',(#1329,#1330,#1331,#1332));
#478=EDGE_LOOP('',(#1333,#1334,#1335,#1336,#1337,#1338,#1339,#1340,#1341,
#1342));
#479=EDGE_LOOP('',(#1343,#1344,#1345,#1346));
#480=EDGE_LOOP('',(#1347,#1348,#1349,#1350,#1351,#1352,#1353,#1354,#1355,
#1356,#1357,#1358));
#481=EDGE_LOOP('',(#1359,#1360,#1361,#1362));
#482=EDGE_LOOP('',(#1363,#1364,#1365,#1366));
#483=EDGE_LOOP('',(#1367,#1368,#1369,#1370,#1371,#1372,#1373,#1374));
#484=EDGE_LOOP('',(#1375,#1376,#1377,#1378,#1379));
#485=EDGE_LOOP('',(#1380,#1381,#1382,#1383));
#486=EDGE_LOOP('',(#1384,#1385,#1386,#1387));
#487=EDGE_LOOP('',(#1388,#1389,#1390,#1391));
#488=EDGE_LOOP('',(#1392,#1393,#1394,#1395,#1396));
#489=EDGE_LOOP('',(#1397,#1398,#1399,#1400));
#490=EDGE_LOOP('',(#1401,#1402,#1403,#1404,#1405,#1406,#1407,#1408));
#491=EDGE_LOOP('',(#1409,#1410,#1411,#1412));
#492=EDGE_LOOP('',(#1413,#1414,#1415,#1416,#1417));
#493=EDGE_LOOP('',(#1418,#1419,#1420,#1421));
#494=EDGE_LOOP('',(#1422,#1423,#1424,#1425,#1426));
#495=EDGE_LOOP('',(#1427,#1428,#1429,#1430));
#496=EDGE_LOOP('',(#1431,#1432,#1433,#1434));
#497=EDGE_LOOP('',(#1435,#1436,#1437,#1438));
#498=EDGE_LOOP('',(#1439,#1440,#1441,#1442,#1443,#1444));
#499=EDGE_LOOP('',(#1445));
#500=EDGE_LOOP('',(#1446,#1447,#1448,#1449));
#501=EDGE_LOOP('',(#1450,#1451,#1452,#1453));
#502=EDGE_LOOP('',(#1454,#1455));
#503=EDGE_LOOP('',(#1456,#1457,#1458));
#504=EDGE_LOOP('',(#1459,#1460,#1461,#1462));
#505=EDGE_LOOP('',(#1463,#1464,#1465));
#506=EDGE_LOOP('',(#1466,#1467,#1468,#1469));
#507=EDGE_LOOP('',(#1470,#1471,#1472,#1473,#1474,#1475,#1476,#1477));
#508=EDGE_LOOP('',(#1478,#1479,#1480,#1481,#1482,#1483,#1484,#1485));
#509=EDGE_LOOP('',(#1486,#1487,#1488,#1489));
#510=EDGE_LOOP('',(#1490,#1491,#1492,#1493,#1494,#1495,#1496,#1497,#1498,
#1499,#1500,#1501,#1502,#1503));
#511=EDGE_LOOP('',(#1504));
#512=CIRCLE('',#1633,4.);
#513=CIRCLE('',#1635,4.);
#514=CIRCLE('',#1637,4.35);
#515=CIRCLE('',#1638,4.35);
#516=CIRCLE('',#1640,142.19303398875);
#517=CIRCLE('',#1641,144.42910196625);
#518=CIRCLE('',#1643,144.42910196625);
#519=CIRCLE('',#1644,142.19303398875);
#520=CIRCLE('',#1646,1.5);
#521=CIRCLE('',#1647,1.5);
#522=CIRCLE('',#1649,21.);
#523=CIRCLE('',#1650,11.5);
#524=CIRCLE('',#1651,11.5);
#525=CIRCLE('',#1654,3.);
#526=CIRCLE('',#1655,0.5);
#527=CIRCLE('',#1657,4.35);
#528=CIRCLE('',#1658,4.35);
#529=CIRCLE('',#1660,3.);
#530=CIRCLE('',#1661,4.35);
#531=CIRCLE('',#1662,0.5);
#532=CIRCLE('',#1664,139.575);
#533=CIRCLE('',#1666,4.35);
#534=CIRCLE('',#1668,144.42910196625);
#535=CIRCLE('',#1669,11.5);
#536=CIRCLE('',#1670,21.);
#537=CIRCLE('',#1671,11.5);
#538=CIRCLE('',#1673,142.19303398875);
#539=CIRCLE('',#1675,139.575);
#540=CIRCLE('',#1677,139.575);
#541=CIRCLE('',#1680,3.);
#542=CIRCLE('',#1682,3.);
#543=CIRCLE('',#1689,696.501960784314);
#544=CIRCLE('',#1690,10.);
#545=CIRCLE('',#1692,3.00000000000002);
#546=CIRCLE('',#1693,7.);
#547=CIRCLE('',#1694,2.99999999999999);
#548=CIRCLE('',#1695,10.);
#549=CIRCLE('',#1697,3.);
#550=CIRCLE('',#1698,3.);
#551=CIRCLE('',#1700,3.);
#552=CIRCLE('',#1702,3.);
#553=CIRCLE('',#1707,3.);
#554=CIRCLE('',#1711,4.85);
#555=CIRCLE('',#1713,3.00000000000001);
#556=CIRCLE('',#1714,3.);
#557=CIRCLE('',#1717,10.5);
#558=CIRCLE('',#1718,1.);
#559=CIRCLE('',#1719,10.5);
#560=CIRCLE('',#1721,10.5);
#561=CIRCLE('',#1722,10.5);
#562=CIRCLE('',#1724,1.);
#563=CIRCLE('',#1726,20.);
#564=CIRCLE('',#1727,1.);
#565=CIRCLE('',#1728,20.);
#566=CIRCLE('',#1730,20.);
#567=CIRCLE('',#1731,20.);
#568=CIRCLE('',#1733,10.5);
#569=CIRCLE('',#1734,1.);
#570=CIRCLE('',#1735,10.5);
#571=CIRCLE('',#1737,10.5);
#572=CIRCLE('',#1738,10.5);
#573=CIRCLE('',#1740,1.);
#574=CIRCLE('',#1742,1.);
#575=CIRCLE('',#1743,0.5);
#576=CIRCLE('',#1745,0.5);
#577=CIRCLE('',#1747,4.35);
#578=CIRCLE('',#1748,0.5);
#579=CIRCLE('',#1749,0.5);
#580=CIRCLE('',#1751,0.5);
#581=CIRCLE('',#1753,4.85);
#582=CIRCLE('',#1754,0.500000000000005);
#583=CIRCLE('',#1755,4.35);
#584=CIRCLE('',#1758,0.5);
#585=CIRCLE('',#1760,3.);
#586=CIRCLE('',#1762,0.5);
#587=CIRCLE('',#1763,0.499999999999998);
#588=CIRCLE('',#1765,2.5);
#589=CIRCLE('',#1768,3.);
#590=CIRCLE('',#1771,2.5);
#591=CIRCLE('',#1772,0.499999999999998);
#592=CIRCLE('',#1775,699.501960784314);
#593=CIRCLE('',#1777,696.501960784314);
#594=CIRCLE('',#1781,3.00000000000003);
#595=CIRCLE('',#1782,7.);
#596=CIRCLE('',#1784,699.501960784314);
#597=CIRCLE('',#1787,4.35);
#598=CIRCLE('',#1789,4.35);
#599=CIRCLE('',#1791,2.75);
#600=CIRCLE('',#1792,1.25);
#601=CIRCLE('',#1794,3.125);
#602=CIRCLE('',#1796,1.25);
#603=CIRCLE('',#1800,4.35);
#604=CIRCLE('',#1803,4.35);
#605=B_SPLINE_CURVE_WITH_KNOTS('',3,(#2288,#2289,#2290,#2291,#2292,#2293,
#2294,#2295),.UNSPECIFIED.,.F.,.F.,(4,2,2,4),(-0.282260393096067,-0.188120836868894,
-0.0961016262040042,-0.00541468029058753),.UNSPECIFIED.);
#606=B_SPLINE_CURVE_WITH_KNOTS('',3,(#2297,#2298,#2299,#2300,#2301,#2302,
#2303,#2304,#2305,#2306,#2307,#2308,#2309,#2310,#2311,#2312,#2313,#2314),
 .UNSPECIFIED.,.F.,.F.,(4,2,2,2,2,2,2,2,4),(-0.601105492907556,-0.565708646224629,
-0.493191556830239,-0.416399498585575,-0.353566698684276,-0.289887135093162,
-0.2138968386319,-0.151245803661931,-0.115800774387592),.UNSPECIFIED.);
#607=B_SPLINE_CURVE_WITH_KNOTS('',3,(#2316,#2317,#2318,#2319,#2320,#2321,
#2322,#2323),.UNSPECIFIED.,.F.,.F.,(4,2,2,4),(-0.277375949387929,-0.214106418578257,
-0.143992465596852,-0.000741237692425704),.UNSPECIFIED.);
#608=B_SPLINE_CURVE_WITH_KNOTS('',3,(#2328,#2329,#2330,#2331,#2332,#2333,
#2334,#2335,#2336,#2337,#2338,#2339,#2340,#2341,#2342,#2343,#2344,#2345),
 .UNSPECIFIED.,.F.,.F.,(4,2,2,2,2,2,2,2,4),(0.688403181685764,0.795714251111986,
0.907127269040538,1.01865992219911,1.13019257535768,1.24172522851625,1.35325788167482,
1.46467089960337,1.57198196902959),.UNSPECIFIED.);
#609=B_SPLINE_CURVE_WITH_KNOTS('',3,(#2355,#2356,#2357,#2358,#2359,#2360,
#2361,#2362,#2363,#2364,#2365,#2366,#2367,#2368,#2369,#2370,#2371,#2372,
#2373),.UNSPECIFIED.,.F.,.F.,(4,2,2,2,3,2,2,2,4),(-0.36265693189018,-0.360301549950061,
-0.242657683972958,-0.121328841986479,0.,0.121328841986479,0.242657683972958,
0.360301549950061,0.362656931890244),.UNSPECIFIED.);
#610=B_SPLINE_CURVE_WITH_KNOTS('',3,(#2383,#2384,#2385,#2386,#2387,#2388,
#2389,#2390),.UNSPECIFIED.,.F.,.F.,(4,2,2,4),(1.09556406516928,1.11175791854394,
1.22305246088052,1.33447997898089),.UNSPECIFIED.);
#611=B_SPLINE_CURVE_WITH_KNOTS('',3,(#2396,#2397,#2398,#2399,#2400,#2401,
#2402,#2403),.UNSPECIFIED.,.F.,.F.,(4,2,2,4),(0.444477406027956,0.555677193960533,
0.666829250239193,0.683099767030576),.UNSPECIFIED.);
#612=B_SPLINE_CURVE_WITH_KNOTS('',3,(#2451,#2452,#2453,#2454,#2455,#2456,
#2457,#2458),.UNSPECIFIED.,.F.,.F.,(4,2,2,4),(1.09482342464043,1.11109394143232,
1.22224599771098,1.33344578564356),.UNSPECIFIED.);
#613=B_SPLINE_CURVE_WITH_KNOTS('',3,(#2460,#2461,#2462,#2463,#2464,#2465,
#2466,#2467),.UNSPECIFIED.,.F.,.F.,(4,2,2,4),(0.666735913555448,0.722338123385036,
0.7779143082276,0.786049190711174),.UNSPECIFIED.);
#614=B_SPLINE_CURVE_WITH_KNOTS('',3,(#2469,#2470,#2471,#2472,#2473,#2474,
#2475,#2476,#2477,#2478),.UNSPECIFIED.,.F.,.F.,(4,2,2,2,4),(0.444490002503677,
0.500009802646696,0.555555822370714,0.611133191763147,0.666735913555447),
 .UNSPECIFIED.);
#615=B_SPLINE_CURVE_WITH_KNOTS('',3,(#2482,#2483,#2484,#2485,#2486,#2487,
#2488,#2489,#2490,#2491),.UNSPECIFIED.,.F.,.F.,(4,2,2,2,4),(0.222244091451907,
0.277833951905408,0.333398475412407,0.388957356741173,0.444490002797356),
 .UNSPECIFIED.);
#616=B_SPLINE_CURVE_WITH_KNOTS('',3,(#2492,#2493,#2494,#2495,#2496,#2497,
#2498,#2499),.UNSPECIFIED.,.F.,.F.,(4,2,2,4),(0.991910819303535,1.00004570178711,
1.05562188662967,1.11122409645926),.UNSPECIFIED.);
#617=B_SPLINE_CURVE_WITH_KNOTS('',3,(#2512,#2513,#2514,#2515,#2516,#2517,
#2518,#2519,#2520,#2521,#2522,#2523,#2524,#2525,#2526,#2527),
 .UNSPECIFIED.,.F.,.F.,(4,2,2,2,2,2,2,4),(0.102958269475124,0.111054128494659,
0.166701834895931,0.222422059646309,0.278143714328955,0.333794727917922,
0.389358445279366,0.444849201497771),.UNSPECIFIED.);
#618=B_SPLINE_CURVE_WITH_KNOTS('',3,(#2529,#2530,#2531,#2532,#2533,#2534,
#2535,#2536),.UNSPECIFIED.,.F.,.F.,(4,2,2,4),(0.444814031264452,0.556241549364824,
0.667536091701404,0.683729950174855),.UNSPECIFIED.);
#619=B_SPLINE_CURVE_WITH_KNOTS('',3,(#2580,#2581,#2582,#2583,#2584,#2585,
#2586,#2587,#2588,#2589),.UNSPECIFIED.,.F.,.F.,(4,2,2,2,4),(0.,0.142560610631477,
0.184558236895992,0.211589715483046,0.233198404862757),.UNSPECIFIED.);
#620=B_SPLINE_CURVE_WITH_KNOTS('',3,(#2605,#2606,#2607,#2608,#2609,#2610,
#2611,#2612,#2613,#2614),.UNSPECIFIED.,.F.,.F.,(4,2,2,2,4),(-0.233198404862758,
-0.211589715483046,-0.184558236895992,-0.142560610631479,0.),
 .UNSPECIFIED.);
#621=B_SPLINE_CURVE_WITH_KNOTS('',3,(#2672,#2673,#2674,#2675,#2676,#2677,
#2678,#2679,#2680,#2681),.UNSPECIFIED.,.F.,.F.,(4,2,2,2,4),(-0.000421577133270735,
0.,0.0307267892390191,0.0599091575655941,0.0890291168830154),
 .UNSPECIFIED.);
#622=B_SPLINE_CURVE_WITH_KNOTS('',3,(#2740,#2741,#2742,#2743),
 .UNSPECIFIED.,.F.,.F.,(4,4),(0.663827803192623,0.735102074917841),
 .UNSPECIFIED.);
#623=B_SPLINE_CURVE_WITH_KNOTS('',3,(#2760,#2761,#2762,#2763,#2764,#2765,
#2766,#2767,#2768,#2769),.UNSPECIFIED.,.F.,.F.,(4,2,2,2,4),(0.,0.0236605127437521,
0.0524945809111518,0.0879328378193341,0.0883481555861809),.UNSPECIFIED.);
#624=B_SPLINE_CURVE_WITH_KNOTS('',3,(#2858,#2859,#2860,#2861,#2862,#2863,
#2864,#2865),.UNSPECIFIED.,.F.,.F.,(4,1,1,2,4),(-0.312793246477452,-0.187675947886471,
-0.125117298590981,0.,0.000877496133009985),.UNSPECIFIED.);
#625=B_SPLINE_CURVE_WITH_KNOTS('',3,(#2866,#2867,#2868,#2869,#2870,#2871,
#2872,#2873),.UNSPECIFIED.,.F.,.F.,(4,2,1,1,4),(-0.000877496133009985,0.,
0.125117298590981,0.187675947886471,0.312793246477452),.UNSPECIFIED.);
#626=B_SPLINE_CURVE_WITH_KNOTS('',3,(#2904,#2905,#2906,#2907,#2908,#2909,
#2910,#2911,#2912,#2913,#2914,#2915,#2916,#2917,#2918,#2919,#2920,#2921,
#2922,#2923,#2924,#2925,#2926,#2927,#2928,#2929,#2930,#2931),
 .UNSPECIFIED.,.F.,.F.,(4,3,3,3,3,3,3,3,3,4),(-0.826119483736521,-0.789439617081805,
-0.767847376336083,-0.756530226867814,-0.750426777717552,-0.729072865066523,
-0.708741384168742,-0.689402677978183,-0.670602639070316,-0.663827803192623),
 .UNSPECIFIED.);
#627=B_SPLINE_CURVE_WITH_KNOTS('',3,(#2969,#2970,#2971,#2972,#2973,#2974),
 .UNSPECIFIED.,.F.,.F.,(4,1,1,4),(-0.215049812085956,-0.145496234709221,
-0.0991271831247312,-0.0527581315402412),.UNSPECIFIED.);
#628=B_SPLINE_CURVE_WITH_KNOTS('',3,(#2975,#2976,#2977,#2978,#2979),
 .UNSPECIFIED.,.F.,.F.,(4,1,4),(0.143689717209632,0.145496234709221,0.215049812085956),
 .UNSPECIFIED.);
#629=B_SPLINE_CURVE_WITH_KNOTS('',3,(#3019,#3020,#3021,#3022,#3023,#3024,
#3025,#3026),.UNSPECIFIED.,.F.,.F.,(4,1,1,2,4),(0.,0.0625586492954478,0.125117298590896,
0.312793246477239,0.313670742610437),.UNSPECIFIED.);
#630=B_SPLINE_CURVE_WITH_KNOTS('',3,(#3027,#3028,#3029,#3030,#3031,#3032,
#3033,#3034),.UNSPECIFIED.,.F.,.F.,(4,2,1,1,4),(-0.313670742610437,-0.312793246477239,
-0.125117298590896,-0.0625586492954478,0.),.UNSPECIFIED.);
#631=B_SPLINE_CURVE_WITH_KNOTS('',3,(#3053,#3054,#3055,#3056,#3057,#3058,
#3059,#3060),.UNSPECIFIED.,.F.,.F.,(4,2,2,4),(0.667276343349237,0.722996568099616,
0.778644274500888,0.786740138634529),.UNSPECIFIED.);
#632=B_SPLINE_CURVE_WITH_KNOTS('',3,(#3061,#3062,#3063,#3064,#3065,#3066,
#3067,#3068,#3069,#3070),.UNSPECIFIED.,.F.,.F.,(4,2,2,2,4),(0.444849201497772,
0.500339957716177,0.555903675077622,0.611554688666591,0.667276343349235),
 .UNSPECIFIED.);
#633=VERTEX_POINT('',#2286);
#634=VERTEX_POINT('',#2287);
#635=VERTEX_POINT('',#2296);
#636=VERTEX_POINT('',#2315);
#637=VERTEX_POINT('',#2326);
#638=VERTEX_POINT('',#2327);
#639=VERTEX_POINT('',#2348);
#640=VERTEX_POINT('',#2350);
#641=VERTEX_POINT('',#2352);
#642=VERTEX_POINT('',#2354);
#643=VERTEX_POINT('',#2374);
#644=VERTEX_POINT('',#2376);
#645=VERTEX_POINT('',#2380);
#646=VERTEX_POINT('',#2382);
#647=VERTEX_POINT('',#2393);
#648=VERTEX_POINT('',#2395);
#649=VERTEX_POINT('',#2406);
#650=VERTEX_POINT('',#2408);
#651=VERTEX_POINT('',#2413);
#652=VERTEX_POINT('',#2416);
#653=VERTEX_POINT('',#2418);
#654=VERTEX_POINT('',#2420);
#655=VERTEX_POINT('',#2423);
#656=VERTEX_POINT('',#2424);
#657=VERTEX_POINT('',#2426);
#658=VERTEX_POINT('',#2428);
#659=VERTEX_POINT('',#2430);
#660=VERTEX_POINT('',#2432);
#661=VERTEX_POINT('',#2436);
#662=VERTEX_POINT('',#2438);
#663=VERTEX_POINT('',#2440);
#664=VERTEX_POINT('',#2442);
#665=VERTEX_POINT('',#2446);
#666=VERTEX_POINT('',#2448);
#667=VERTEX_POINT('',#2450);
#668=VERTEX_POINT('',#2459);
#669=VERTEX_POINT('',#2468);
#670=VERTEX_POINT('',#2479);
#671=VERTEX_POINT('',#2481);
#672=VERTEX_POINT('',#2502);
#673=VERTEX_POINT('',#2503);
#674=VERTEX_POINT('',#2505);
#675=VERTEX_POINT('',#2507);
#676=VERTEX_POINT('',#2509);
#677=VERTEX_POINT('',#2511);
#678=VERTEX_POINT('',#2528);
#679=VERTEX_POINT('',#2537);
#680=VERTEX_POINT('',#2539);
#681=VERTEX_POINT('',#2541);
#682=VERTEX_POINT('',#2543);
#683=VERTEX_POINT('',#2547);
#684=VERTEX_POINT('',#2549);
#685=VERTEX_POINT('',#2553);
#686=VERTEX_POINT('',#2555);
#687=VERTEX_POINT('',#2561);
#688=VERTEX_POINT('',#2563);
#689=VERTEX_POINT('',#2565);
#690=VERTEX_POINT('',#2572);
#691=VERTEX_POINT('',#2576);
#692=VERTEX_POINT('',#2577);
#693=VERTEX_POINT('',#2579);
#694=VERTEX_POINT('',#2590);
#695=VERTEX_POINT('',#2592);
#696=VERTEX_POINT('',#2594);
#697=VERTEX_POINT('',#2596);
#698=VERTEX_POINT('',#2598);
#699=VERTEX_POINT('',#2600);
#700=VERTEX_POINT('',#2602);
#701=VERTEX_POINT('',#2604);
#702=VERTEX_POINT('',#2615);
#703=VERTEX_POINT('',#2619);
#704=VERTEX_POINT('',#2621);
#705=VERTEX_POINT('',#2625);
#706=VERTEX_POINT('',#2627);
#707=VERTEX_POINT('',#2631);
#708=VERTEX_POINT('',#2632);
#709=VERTEX_POINT('',#2646);
#710=VERTEX_POINT('',#2649);
#711=VERTEX_POINT('',#2651);
#712=VERTEX_POINT('',#2655);
#713=VERTEX_POINT('',#2657);
#714=VERTEX_POINT('',#2659);
#715=VERTEX_POINT('',#2663);
#716=VERTEX_POINT('',#2665);
#717=VERTEX_POINT('',#2667);
#718=VERTEX_POINT('',#2669);
#719=VERTEX_POINT('',#2671);
#720=VERTEX_POINT('',#2682);
#721=VERTEX_POINT('',#2686);
#722=VERTEX_POINT('',#2687);
#723=VERTEX_POINT('',#2689);
#724=VERTEX_POINT('',#2691);
#725=VERTEX_POINT('',#2693);
#726=VERTEX_POINT('',#2697);
#727=VERTEX_POINT('',#2698);
#728=VERTEX_POINT('',#2700);
#729=VERTEX_POINT('',#2702);
#730=VERTEX_POINT('',#2704);
#731=VERTEX_POINT('',#2708);
#732=VERTEX_POINT('',#2710);
#733=VERTEX_POINT('',#2714);
#734=VERTEX_POINT('',#2721);
#735=VERTEX_POINT('',#2722);
#736=VERTEX_POINT('',#2724);
#737=VERTEX_POINT('',#2726);
#738=VERTEX_POINT('',#2728);
#739=VERTEX_POINT('',#2737);
#740=VERTEX_POINT('',#2739);
#741=VERTEX_POINT('',#2744);
#742=VERTEX_POINT('',#2746);
#743=VERTEX_POINT('',#2748);
#744=VERTEX_POINT('',#2750);
#745=VERTEX_POINT('',#2754);
#746=VERTEX_POINT('',#2756);
#747=VERTEX_POINT('',#2758);
#748=VERTEX_POINT('',#2775);
#749=VERTEX_POINT('',#2776);
#750=VERTEX_POINT('',#2781);
#751=VERTEX_POINT('',#2783);
#752=VERTEX_POINT('',#2789);
#753=VERTEX_POINT('',#2790);
#754=VERTEX_POINT('',#2795);
#755=VERTEX_POINT('',#2796);
#756=VERTEX_POINT('',#2801);
#757=VERTEX_POINT('',#2802);
#758=VERTEX_POINT('',#2807);
#759=VERTEX_POINT('',#2808);
#760=VERTEX_POINT('',#2856);
#761=VERTEX_POINT('',#2857);
#762=VERTEX_POINT('',#2876);
#763=VERTEX_POINT('',#2933);
#764=VERTEX_POINT('',#2966);
#765=VERTEX_POINT('',#2967);
#766=VERTEX_POINT('',#2981);
#767=VERTEX_POINT('',#2982);
#768=VERTEX_POINT('',#3018);
#769=VERTEX_POINT('',#3036);
#770=VERTEX_POINT('',#3038);
#771=VERTEX_POINT('',#3044);
#772=VERTEX_POINT('',#3048);
#773=VERTEX_POINT('',#3052);
#774=VERTEX_POINT('',#3072);
#775=VERTEX_POINT('',#3073);
#776=VERTEX_POINT('',#3075);
#777=VERTEX_POINT('',#3083);
#778=VERTEX_POINT('',#3087);
#779=VERTEX_POINT('',#3093);
#780=VERTEX_POINT('',#3104);
#781=VERTEX_POINT('',#3110);
#782=VERTEX_POINT('',#3123);
#783=VERTEX_POINT('',#3125);
#784=VERTEX_POINT('',#3131);
#785=EDGE_CURVE('',#633,#634,#605,.T.);
#786=EDGE_CURVE('',#635,#633,#606,.T.);
#787=EDGE_CURVE('',#636,#635,#607,.T.);
#788=EDGE_CURVE('',#634,#636,#512,.T.);
#789=EDGE_CURVE('',#637,#638,#608,.T.);
#790=EDGE_CURVE('',#638,#637,#513,.T.);
#791=EDGE_CURVE('',#638,#639,#88,.T.);
#792=EDGE_CURVE('',#639,#640,#514,.T.);
#793=EDGE_CURVE('',#640,#641,#89,.T.);
#794=EDGE_CURVE('',#641,#642,#609,.T.);
#795=EDGE_CURVE('',#642,#643,#90,.T.);
#796=EDGE_CURVE('',#643,#644,#515,.F.);
#797=EDGE_CURVE('',#644,#637,#91,.T.);
#798=EDGE_CURVE('',#635,#645,#516,.T.);
#799=EDGE_CURVE('',#645,#646,#610,.T.);
#800=EDGE_CURVE('',#646,#636,#517,.T.);
#801=EDGE_CURVE('',#634,#647,#518,.T.);
#802=EDGE_CURVE('',#647,#648,#611,.T.);
#803=EDGE_CURVE('',#648,#633,#519,.T.);
#804=EDGE_CURVE('',#649,#649,#520,.T.);
#805=EDGE_CURVE('',#649,#650,#92,.T.);
#806=EDGE_CURVE('',#650,#650,#521,.T.);
#807=EDGE_CURVE('',#639,#646,#93,.T.);
#808=EDGE_CURVE('',#651,#644,#94,.T.);
#809=EDGE_CURVE('',#647,#651,#95,.T.);
#810=EDGE_CURVE('',#652,#652,#522,.T.);
#811=EDGE_CURVE('',#653,#653,#523,.T.);
#812=EDGE_CURVE('',#654,#654,#524,.T.);
#813=EDGE_CURVE('',#655,#656,#96,.F.);
#814=EDGE_CURVE('',#656,#657,#97,.T.);
#815=EDGE_CURVE('',#657,#658,#98,.T.);
#816=EDGE_CURVE('',#658,#659,#99,.T.);
#817=EDGE_CURVE('',#659,#660,#100,.F.);
#818=EDGE_CURVE('',#660,#655,#101,.T.);
#819=EDGE_CURVE('',#661,#656,#102,.T.);
#820=EDGE_CURVE('',#662,#661,#525,.T.);
#821=EDGE_CURVE('',#662,#663,#103,.T.);
#822=EDGE_CURVE('',#664,#663,#526,.T.);
#823=EDGE_CURVE('',#664,#656,#104,.T.);
#824=EDGE_CURVE('',#665,#657,#527,.T.);
#825=EDGE_CURVE('',#665,#666,#105,.T.);
#826=EDGE_CURVE('',#667,#666,#612,.T.);
#827=EDGE_CURVE('',#668,#667,#613,.T.);
#828=EDGE_CURVE('',#669,#668,#614,.T.);
#829=EDGE_CURVE('',#669,#670,#106,.T.);
#830=EDGE_CURVE('',#671,#670,#615,.T.);
#831=EDGE_CURVE('',#648,#671,#616,.T.);
#832=EDGE_CURVE('',#658,#651,#528,.T.);
#833=EDGE_CURVE('',#672,#673,#529,.T.);
#834=EDGE_CURVE('',#674,#672,#107,.T.);
#835=EDGE_CURVE('',#674,#675,#108,.T.);
#836=EDGE_CURVE('',#676,#675,#109,.T.);
#837=EDGE_CURVE('',#677,#676,#617,.T.);
#838=EDGE_CURVE('',#678,#677,#618,.T.);
#839=EDGE_CURVE('',#679,#678,#110,.T.);
#840=EDGE_CURVE('',#680,#679,#530,.T.);
#841=EDGE_CURVE('',#681,#680,#111,.T.);
#842=EDGE_CURVE('',#682,#681,#531,.T.);
#843=EDGE_CURVE('',#673,#682,#112,.T.);
#844=EDGE_CURVE('',#675,#683,#532,.T.);
#845=EDGE_CURVE('',#684,#674,#113,.T.);
#846=EDGE_CURVE('',#683,#684,#114,.T.);
#847=EDGE_CURVE('',#679,#685,#115,.T.);
#848=EDGE_CURVE('',#685,#686,#533,.F.);
#849=EDGE_CURVE('',#686,#680,#116,.T.);
#850=EDGE_CURVE('',#666,#678,#534,.T.);
#851=EDGE_CURVE('',#685,#665,#117,.T.);
#852=EDGE_CURVE('',#687,#687,#535,.T.);
#853=EDGE_CURVE('',#688,#688,#536,.T.);
#854=EDGE_CURVE('',#689,#689,#537,.T.);
#855=EDGE_CURVE('',#677,#667,#538,.T.);
#856=EDGE_CURVE('',#676,#669,#539,.T.);
#857=EDGE_CURVE('',#690,#683,#118,.T.);
#858=EDGE_CURVE('',#670,#690,#540,.T.);
#859=EDGE_CURVE('',#691,#692,#119,.T.);
#860=EDGE_CURVE('',#693,#691,#619,.T.);
#861=EDGE_CURVE('',#694,#693,#120,.T.);
#862=EDGE_CURVE('',#694,#695,#121,.T.);
#863=EDGE_CURVE('',#695,#696,#122,.T.);
#864=EDGE_CURVE('',#696,#697,#123,.T.);
#865=EDGE_CURVE('',#697,#698,#124,.T.);
#866=EDGE_CURVE('',#698,#699,#125,.T.);
#867=EDGE_CURVE('',#700,#699,#126,.T.);
#868=EDGE_CURVE('',#701,#700,#620,.T.);
#869=EDGE_CURVE('',#702,#701,#127,.T.);
#870=EDGE_CURVE('',#702,#692,#128,.T.);
#871=EDGE_CURVE('',#699,#703,#541,.T.);
#872=EDGE_CURVE('',#704,#698,#129,.T.);
#873=EDGE_CURVE('',#704,#703,#130,.T.);
#874=EDGE_CURVE('',#705,#694,#542,.T.);
#875=EDGE_CURVE('',#705,#706,#131,.T.);
#876=EDGE_CURVE('',#706,#695,#132,.T.);
#877=EDGE_CURVE('',#707,#708,#133,.T.);
#878=EDGE_CURVE('',#708,#697,#134,.T.);
#879=EDGE_CURVE('',#707,#696,#135,.T.);
#880=EDGE_CURVE('',#706,#707,#136,.T.);
#881=EDGE_CURVE('',#692,#705,#137,.T.);
#882=EDGE_CURVE('',#703,#702,#138,.T.);
#883=EDGE_CURVE('',#703,#705,#139,.T.);
#884=EDGE_CURVE('',#708,#704,#140,.T.);
#885=EDGE_CURVE('',#709,#705,#141,.T.);
#886=EDGE_CURVE('',#660,#709,#142,.T.);
#887=EDGE_CURVE('',#659,#710,#143,.T.);
#888=EDGE_CURVE('',#710,#711,#543,.T.);
#889=EDGE_CURVE('',#691,#711,#544,.T.);
#890=EDGE_CURVE('',#700,#712,#545,.T.);
#891=EDGE_CURVE('',#712,#713,#546,.T.);
#892=EDGE_CURVE('',#714,#713,#547,.T.);
#893=EDGE_CURVE('',#714,#701,#548,.T.);
#894=EDGE_CURVE('',#703,#715,#144,.T.);
#895=EDGE_CURVE('',#715,#716,#145,.T.);
#896=EDGE_CURVE('',#716,#717,#549,.T.);
#897=EDGE_CURVE('',#717,#718,#146,.T.);
#898=EDGE_CURVE('',#719,#718,#621,.T.);
#899=EDGE_CURVE('',#720,#719,#550,.T.);
#900=EDGE_CURVE('',#720,#712,#147,.T.);
#901=EDGE_CURVE('',#721,#722,#551,.T.);
#902=EDGE_CURVE('',#723,#721,#148,.T.);
#903=EDGE_CURVE('',#724,#723,#149,.T.);
#904=EDGE_CURVE('',#725,#724,#150,.T.);
#905=EDGE_CURVE('',#725,#722,#151,.T.);
#906=EDGE_CURVE('',#726,#727,#152,.T.);
#907=EDGE_CURVE('',#728,#726,#552,.T.);
#908=EDGE_CURVE('',#728,#729,#153,.T.);
#909=EDGE_CURVE('',#729,#730,#154,.T.);
#910=EDGE_CURVE('',#727,#730,#155,.T.);
#911=EDGE_CURVE('',#731,#723,#156,.T.);
#912=EDGE_CURVE('',#731,#732,#157,.T.);
#913=EDGE_CURVE('',#732,#724,#158,.T.);
#914=EDGE_CURVE('',#716,#733,#159,.T.);
#915=EDGE_CURVE('',#733,#732,#160,.T.);
#916=EDGE_CURVE('',#717,#731,#161,.T.);
#917=EDGE_CURVE('',#733,#725,#162,.T.);
#918=EDGE_CURVE('',#734,#735,#163,.T.);
#919=EDGE_CURVE('',#736,#734,#164,.T.);
#920=EDGE_CURVE('',#737,#736,#165,.T.);
#921=EDGE_CURVE('',#737,#738,#166,.T.);
#922=EDGE_CURVE('',#735,#738,#553,.T.);
#923=EDGE_CURVE('',#729,#737,#167,.T.);
#924=EDGE_CURVE('',#730,#736,#168,.T.);
#925=EDGE_CURVE('',#727,#734,#169,.T.);
#926=EDGE_CURVE('',#739,#735,#170,.T.);
#927=EDGE_CURVE('',#740,#739,#622,.T.);
#928=EDGE_CURVE('',#741,#740,#171,.T.);
#929=EDGE_CURVE('',#742,#741,#554,.T.);
#930=EDGE_CURVE('',#743,#742,#172,.T.);
#931=EDGE_CURVE('',#744,#743,#173,.T.);
#932=EDGE_CURVE('',#726,#744,#174,.T.);
#933=EDGE_CURVE('',#693,#745,#555,.T.);
#934=EDGE_CURVE('',#745,#746,#175,.T.);
#935=EDGE_CURVE('',#747,#746,#556,.T.);
#936=EDGE_CURVE('',#739,#747,#623,.T.);
#937=EDGE_CURVE('',#738,#709,#176,.T.);
#938=EDGE_CURVE('',#673,#721,#177,.T.);
#939=EDGE_CURVE('',#722,#672,#178,.T.);
#940=EDGE_CURVE('',#748,#749,#557,.T.);
#941=EDGE_CURVE('',#749,#689,#558,.T.);
#942=EDGE_CURVE('',#749,#748,#559,.T.);
#943=EDGE_CURVE('',#748,#750,#179,.T.);
#944=EDGE_CURVE('',#751,#750,#560,.T.);
#945=EDGE_CURVE('',#750,#751,#561,.T.);
#946=EDGE_CURVE('',#751,#654,#562,.T.);
#947=EDGE_CURVE('',#752,#753,#563,.T.);
#948=EDGE_CURVE('',#753,#652,#564,.T.);
#949=EDGE_CURVE('',#753,#752,#565,.T.);
#950=EDGE_CURVE('',#754,#755,#566,.T.);
#951=EDGE_CURVE('',#754,#752,#180,.T.);
#952=EDGE_CURVE('',#755,#754,#567,.T.);
#953=EDGE_CURVE('',#756,#757,#568,.T.);
#954=EDGE_CURVE('',#757,#653,#569,.T.);
#955=EDGE_CURVE('',#757,#756,#570,.T.);
#956=EDGE_CURVE('',#758,#759,#571,.T.);
#957=EDGE_CURVE('',#758,#756,#181,.T.);
#958=EDGE_CURVE('',#759,#758,#572,.T.);
#959=EDGE_CURVE('',#759,#687,#573,.T.);
#960=EDGE_CURVE('',#755,#688,#574,.T.);
#961=EDGE_CURVE('',#760,#761,#624,.T.);
#962=EDGE_CURVE('',#761,#741,#625,.T.);
#963=EDGE_CURVE('',#741,#760,#575,.T.);
#964=EDGE_CURVE('',#740,#762,#576,.T.);
#965=EDGE_CURVE('',#762,#760,#182,.T.);
#966=EDGE_CURVE('',#747,#762,#626,.T.);
#967=EDGE_CURVE('',#761,#763,#577,.T.);
#968=EDGE_CURVE('',#742,#763,#578,.T.);
#969=EDGE_CURVE('',#764,#765,#579,.T.);
#970=EDGE_CURVE('',#765,#719,#627,.T.);
#971=EDGE_CURVE('',#718,#764,#628,.T.);
#972=EDGE_CURVE('',#766,#767,#580,.T.);
#973=EDGE_CURVE('',#767,#765,#183,.T.);
#974=EDGE_CURVE('',#764,#766,#184,.T.);
#975=EDGE_CURVE('',#766,#768,#629,.T.);
#976=EDGE_CURVE('',#768,#767,#630,.T.);
#977=EDGE_CURVE('',#766,#769,#581,.T.);
#978=EDGE_CURVE('',#769,#770,#582,.T.);
#979=EDGE_CURVE('',#770,#768,#583,.T.);
#980=EDGE_CURVE('',#769,#682,#185,.T.);
#981=EDGE_CURVE('',#771,#743,#584,.T.);
#982=EDGE_CURVE('',#763,#771,#186,.T.);
#983=EDGE_CURVE('',#772,#684,#187,.T.);
#984=EDGE_CURVE('',#744,#772,#585,.T.);
#985=EDGE_CURVE('',#771,#640,#188,.T.);
#986=EDGE_CURVE('',#773,#645,#631,.T.);
#987=EDGE_CURVE('',#690,#773,#632,.T.);
#988=EDGE_CURVE('',#774,#775,#586,.T.);
#989=EDGE_CURVE('',#775,#776,#189,.T.);
#990=EDGE_CURVE('',#776,#746,#587,.T.);
#991=EDGE_CURVE('',#746,#774,#190,.T.);
#992=EDGE_CURVE('',#776,#762,#588,.T.);
#993=EDGE_CURVE('',#659,#775,#191,.T.);
#994=EDGE_CURVE('',#777,#658,#192,.T.);
#995=EDGE_CURVE('',#761,#777,#193,.T.);
#996=EDGE_CURVE('',#774,#778,#194,.T.);
#997=EDGE_CURVE('',#710,#778,#589,.T.);
#998=EDGE_CURVE('',#681,#770,#195,.T.);
#999=EDGE_CURVE('',#765,#779,#590,.T.);
#1000=EDGE_CURVE('',#779,#720,#591,.T.);
#1001=EDGE_CURVE('',#663,#720,#196,.T.);
#1002=EDGE_CURVE('',#779,#664,#197,.T.);
#1003=EDGE_CURVE('',#713,#662,#592,.T.);
#1004=EDGE_CURVE('',#714,#661,#593,.T.);
#1005=EDGE_CURVE('',#780,#768,#198,.T.);
#1006=EDGE_CURVE('',#657,#780,#199,.T.);
#1007=EDGE_CURVE('',#772,#728,#200,.T.);
#1008=EDGE_CURVE('',#711,#781,#594,.T.);
#1009=EDGE_CURVE('',#781,#745,#595,.T.);
#1010=EDGE_CURVE('',#778,#781,#596,.T.);
#1011=EDGE_CURVE('',#770,#686,#201,.T.);
#1012=EDGE_CURVE('',#686,#780,#597,.F.);
#1013=EDGE_CURVE('',#777,#643,#598,.F.);
#1014=EDGE_CURVE('',#643,#763,#202,.T.);
#1015=EDGE_CURVE('',#782,#782,#599,.T.);
#1016=EDGE_CURVE('',#782,#783,#203,.T.);
#1017=EDGE_CURVE('',#783,#783,#600,.T.);
#1018=EDGE_CURVE('',#642,#641,#601,.T.);
#1019=EDGE_CURVE('',#784,#784,#602,.T.);
#1020=EDGE_CURVE('',#784,#783,#204,.T.);
#1021=EDGE_CURVE('',#644,#777,#603,.F.);
#1022=EDGE_CURVE('',#780,#685,#604,.F.);
#1023=EDGE_CURVE('',#655,#715,#205,.T.);
#1024=EDGE_CURVE('',#715,#709,#206,.T.);
#1025=ORIENTED_EDGE('',*,*,#785,.F.);
#1026=ORIENTED_EDGE('',*,*,#786,.F.);
#1027=ORIENTED_EDGE('',*,*,#787,.F.);
#1028=ORIENTED_EDGE('',*,*,#788,.F.);
#1029=ORIENTED_EDGE('',*,*,#789,.F.);
#1030=ORIENTED_EDGE('',*,*,#790,.F.);
#1031=ORIENTED_EDGE('',*,*,#789,.T.);
#1032=ORIENTED_EDGE('',*,*,#791,.T.);
#1033=ORIENTED_EDGE('',*,*,#792,.T.);
#1034=ORIENTED_EDGE('',*,*,#793,.T.);
#1035=ORIENTED_EDGE('',*,*,#794,.T.);
#1036=ORIENTED_EDGE('',*,*,#795,.T.);
#1037=ORIENTED_EDGE('',*,*,#796,.T.);
#1038=ORIENTED_EDGE('',*,*,#797,.T.);
#1039=ORIENTED_EDGE('',*,*,#787,.T.);
#1040=ORIENTED_EDGE('',*,*,#798,.T.);
#1041=ORIENTED_EDGE('',*,*,#799,.T.);
#1042=ORIENTED_EDGE('',*,*,#800,.T.);
#1043=ORIENTED_EDGE('',*,*,#785,.T.);
#1044=ORIENTED_EDGE('',*,*,#801,.T.);
#1045=ORIENTED_EDGE('',*,*,#802,.T.);
#1046=ORIENTED_EDGE('',*,*,#803,.T.);
#1047=ORIENTED_EDGE('',*,*,#804,.F.);
#1048=ORIENTED_EDGE('',*,*,#805,.T.);
#1049=ORIENTED_EDGE('',*,*,#806,.F.);
#1050=ORIENTED_EDGE('',*,*,#805,.F.);
#1051=ORIENTED_EDGE('',*,*,#800,.F.);
#1052=ORIENTED_EDGE('',*,*,#807,.F.);
#1053=ORIENTED_EDGE('',*,*,#791,.F.);
#1054=ORIENTED_EDGE('',*,*,#790,.T.);
#1055=ORIENTED_EDGE('',*,*,#797,.F.);
#1056=ORIENTED_EDGE('',*,*,#808,.F.);
#1057=ORIENTED_EDGE('',*,*,#809,.F.);
#1058=ORIENTED_EDGE('',*,*,#801,.F.);
#1059=ORIENTED_EDGE('',*,*,#788,.T.);
#1060=ORIENTED_EDGE('',*,*,#806,.T.);
#1061=ORIENTED_EDGE('',*,*,#810,.F.);
#1062=ORIENTED_EDGE('',*,*,#811,.F.);
#1063=ORIENTED_EDGE('',*,*,#812,.F.);
#1064=ORIENTED_EDGE('',*,*,#813,.T.);
#1065=ORIENTED_EDGE('',*,*,#814,.T.);
#1066=ORIENTED_EDGE('',*,*,#815,.T.);
#1067=ORIENTED_EDGE('',*,*,#816,.T.);
#1068=ORIENTED_EDGE('',*,*,#817,.T.);
#1069=ORIENTED_EDGE('',*,*,#818,.T.);
#1070=ORIENTED_EDGE('',*,*,#819,.F.);
#1071=ORIENTED_EDGE('',*,*,#820,.F.);
#1072=ORIENTED_EDGE('',*,*,#821,.T.);
#1073=ORIENTED_EDGE('',*,*,#822,.F.);
#1074=ORIENTED_EDGE('',*,*,#823,.T.);
#1075=ORIENTED_EDGE('',*,*,#815,.F.);
#1076=ORIENTED_EDGE('',*,*,#824,.F.);
#1077=ORIENTED_EDGE('',*,*,#825,.T.);
#1078=ORIENTED_EDGE('',*,*,#826,.F.);
#1079=ORIENTED_EDGE('',*,*,#827,.F.);
#1080=ORIENTED_EDGE('',*,*,#828,.F.);
#1081=ORIENTED_EDGE('',*,*,#829,.T.);
#1082=ORIENTED_EDGE('',*,*,#830,.F.);
#1083=ORIENTED_EDGE('',*,*,#831,.F.);
#1084=ORIENTED_EDGE('',*,*,#802,.F.);
#1085=ORIENTED_EDGE('',*,*,#809,.T.);
#1086=ORIENTED_EDGE('',*,*,#832,.F.);
#1087=ORIENTED_EDGE('',*,*,#833,.F.);
#1088=ORIENTED_EDGE('',*,*,#834,.F.);
#1089=ORIENTED_EDGE('',*,*,#835,.T.);
#1090=ORIENTED_EDGE('',*,*,#836,.F.);
#1091=ORIENTED_EDGE('',*,*,#837,.F.);
#1092=ORIENTED_EDGE('',*,*,#838,.F.);
#1093=ORIENTED_EDGE('',*,*,#839,.F.);
#1094=ORIENTED_EDGE('',*,*,#840,.F.);
#1095=ORIENTED_EDGE('',*,*,#841,.F.);
#1096=ORIENTED_EDGE('',*,*,#842,.F.);
#1097=ORIENTED_EDGE('',*,*,#843,.F.);
#1098=ORIENTED_EDGE('',*,*,#844,.F.);
#1099=ORIENTED_EDGE('',*,*,#835,.F.);
#1100=ORIENTED_EDGE('',*,*,#845,.F.);
#1101=ORIENTED_EDGE('',*,*,#846,.F.);
#1102=ORIENTED_EDGE('',*,*,#804,.T.);
#1103=ORIENTED_EDGE('',*,*,#840,.T.);
#1104=ORIENTED_EDGE('',*,*,#847,.T.);
#1105=ORIENTED_EDGE('',*,*,#848,.T.);
#1106=ORIENTED_EDGE('',*,*,#849,.T.);
#1107=ORIENTED_EDGE('',*,*,#839,.T.);
#1108=ORIENTED_EDGE('',*,*,#850,.F.);
#1109=ORIENTED_EDGE('',*,*,#825,.F.);
#1110=ORIENTED_EDGE('',*,*,#851,.F.);
#1111=ORIENTED_EDGE('',*,*,#847,.F.);
#1112=ORIENTED_EDGE('',*,*,#852,.F.);
#1113=ORIENTED_EDGE('',*,*,#853,.F.);
#1114=ORIENTED_EDGE('',*,*,#854,.F.);
#1115=ORIENTED_EDGE('',*,*,#838,.T.);
#1116=ORIENTED_EDGE('',*,*,#855,.T.);
#1117=ORIENTED_EDGE('',*,*,#826,.T.);
#1118=ORIENTED_EDGE('',*,*,#850,.T.);
#1119=ORIENTED_EDGE('',*,*,#837,.T.);
#1120=ORIENTED_EDGE('',*,*,#856,.T.);
#1121=ORIENTED_EDGE('',*,*,#828,.T.);
#1122=ORIENTED_EDGE('',*,*,#827,.T.);
#1123=ORIENTED_EDGE('',*,*,#855,.F.);
#1124=ORIENTED_EDGE('',*,*,#836,.T.);
#1125=ORIENTED_EDGE('',*,*,#844,.T.);
#1126=ORIENTED_EDGE('',*,*,#857,.F.);
#1127=ORIENTED_EDGE('',*,*,#858,.F.);
#1128=ORIENTED_EDGE('',*,*,#829,.F.);
#1129=ORIENTED_EDGE('',*,*,#856,.F.);
#1130=ORIENTED_EDGE('',*,*,#859,.F.);
#1131=ORIENTED_EDGE('',*,*,#860,.F.);
#1132=ORIENTED_EDGE('',*,*,#861,.F.);
#1133=ORIENTED_EDGE('',*,*,#862,.T.);
#1134=ORIENTED_EDGE('',*,*,#863,.T.);
#1135=ORIENTED_EDGE('',*,*,#864,.T.);
#1136=ORIENTED_EDGE('',*,*,#865,.T.);
#1137=ORIENTED_EDGE('',*,*,#866,.T.);
#1138=ORIENTED_EDGE('',*,*,#867,.F.);
#1139=ORIENTED_EDGE('',*,*,#868,.F.);
#1140=ORIENTED_EDGE('',*,*,#869,.F.);
#1141=ORIENTED_EDGE('',*,*,#870,.T.);
#1142=ORIENTED_EDGE('',*,*,#871,.F.);
#1143=ORIENTED_EDGE('',*,*,#866,.F.);
#1144=ORIENTED_EDGE('',*,*,#872,.F.);
#1145=ORIENTED_EDGE('',*,*,#873,.T.);
#1146=ORIENTED_EDGE('',*,*,#874,.F.);
#1147=ORIENTED_EDGE('',*,*,#875,.T.);
#1148=ORIENTED_EDGE('',*,*,#876,.T.);
#1149=ORIENTED_EDGE('',*,*,#862,.F.);
#1150=ORIENTED_EDGE('',*,*,#877,.T.);
#1151=ORIENTED_EDGE('',*,*,#878,.T.);
#1152=ORIENTED_EDGE('',*,*,#864,.F.);
#1153=ORIENTED_EDGE('',*,*,#879,.F.);
#1154=ORIENTED_EDGE('',*,*,#880,.T.);
#1155=ORIENTED_EDGE('',*,*,#879,.T.);
#1156=ORIENTED_EDGE('',*,*,#863,.F.);
#1157=ORIENTED_EDGE('',*,*,#876,.F.);
#1158=ORIENTED_EDGE('',*,*,#881,.F.);
#1159=ORIENTED_EDGE('',*,*,#870,.F.);
#1160=ORIENTED_EDGE('',*,*,#882,.F.);
#1161=ORIENTED_EDGE('',*,*,#883,.T.);
#1162=ORIENTED_EDGE('',*,*,#884,.T.);
#1163=ORIENTED_EDGE('',*,*,#872,.T.);
#1164=ORIENTED_EDGE('',*,*,#865,.F.);
#1165=ORIENTED_EDGE('',*,*,#878,.F.);
#1166=ORIENTED_EDGE('',*,*,#884,.F.);
#1167=ORIENTED_EDGE('',*,*,#877,.F.);
#1168=ORIENTED_EDGE('',*,*,#880,.F.);
#1169=ORIENTED_EDGE('',*,*,#875,.F.);
#1170=ORIENTED_EDGE('',*,*,#883,.F.);
#1171=ORIENTED_EDGE('',*,*,#873,.F.);
#1172=ORIENTED_EDGE('',*,*,#859,.T.);
#1173=ORIENTED_EDGE('',*,*,#881,.T.);
#1174=ORIENTED_EDGE('',*,*,#885,.F.);
#1175=ORIENTED_EDGE('',*,*,#886,.F.);
#1176=ORIENTED_EDGE('',*,*,#817,.F.);
#1177=ORIENTED_EDGE('',*,*,#887,.T.);
#1178=ORIENTED_EDGE('',*,*,#888,.T.);
#1179=ORIENTED_EDGE('',*,*,#889,.F.);
#1180=ORIENTED_EDGE('',*,*,#868,.T.);
#1181=ORIENTED_EDGE('',*,*,#890,.T.);
#1182=ORIENTED_EDGE('',*,*,#891,.T.);
#1183=ORIENTED_EDGE('',*,*,#892,.F.);
#1184=ORIENTED_EDGE('',*,*,#893,.T.);
#1185=ORIENTED_EDGE('',*,*,#867,.T.);
#1186=ORIENTED_EDGE('',*,*,#871,.T.);
#1187=ORIENTED_EDGE('',*,*,#894,.T.);
#1188=ORIENTED_EDGE('',*,*,#895,.T.);
#1189=ORIENTED_EDGE('',*,*,#896,.T.);
#1190=ORIENTED_EDGE('',*,*,#897,.T.);
#1191=ORIENTED_EDGE('',*,*,#898,.F.);
#1192=ORIENTED_EDGE('',*,*,#899,.F.);
#1193=ORIENTED_EDGE('',*,*,#900,.T.);
#1194=ORIENTED_EDGE('',*,*,#890,.F.);
#1195=ORIENTED_EDGE('',*,*,#901,.F.);
#1196=ORIENTED_EDGE('',*,*,#902,.F.);
#1197=ORIENTED_EDGE('',*,*,#903,.F.);
#1198=ORIENTED_EDGE('',*,*,#904,.F.);
#1199=ORIENTED_EDGE('',*,*,#905,.T.);
#1200=ORIENTED_EDGE('',*,*,#906,.F.);
#1201=ORIENTED_EDGE('',*,*,#907,.F.);
#1202=ORIENTED_EDGE('',*,*,#908,.T.);
#1203=ORIENTED_EDGE('',*,*,#909,.T.);
#1204=ORIENTED_EDGE('',*,*,#910,.F.);
#1205=ORIENTED_EDGE('',*,*,#911,.F.);
#1206=ORIENTED_EDGE('',*,*,#912,.T.);
#1207=ORIENTED_EDGE('',*,*,#913,.T.);
#1208=ORIENTED_EDGE('',*,*,#903,.T.);
#1209=ORIENTED_EDGE('',*,*,#896,.F.);
#1210=ORIENTED_EDGE('',*,*,#914,.T.);
#1211=ORIENTED_EDGE('',*,*,#915,.T.);
#1212=ORIENTED_EDGE('',*,*,#912,.F.);
#1213=ORIENTED_EDGE('',*,*,#916,.F.);
#1214=ORIENTED_EDGE('',*,*,#917,.T.);
#1215=ORIENTED_EDGE('',*,*,#904,.T.);
#1216=ORIENTED_EDGE('',*,*,#913,.F.);
#1217=ORIENTED_EDGE('',*,*,#915,.F.);
#1218=ORIENTED_EDGE('',*,*,#918,.F.);
#1219=ORIENTED_EDGE('',*,*,#919,.F.);
#1220=ORIENTED_EDGE('',*,*,#920,.F.);
#1221=ORIENTED_EDGE('',*,*,#921,.T.);
#1222=ORIENTED_EDGE('',*,*,#922,.F.);
#1223=ORIENTED_EDGE('',*,*,#923,.T.);
#1224=ORIENTED_EDGE('',*,*,#920,.T.);
#1225=ORIENTED_EDGE('',*,*,#924,.F.);
#1226=ORIENTED_EDGE('',*,*,#909,.F.);
#1227=ORIENTED_EDGE('',*,*,#925,.F.);
#1228=ORIENTED_EDGE('',*,*,#910,.T.);
#1229=ORIENTED_EDGE('',*,*,#924,.T.);
#1230=ORIENTED_EDGE('',*,*,#919,.T.);
#1231=ORIENTED_EDGE('',*,*,#906,.T.);
#1232=ORIENTED_EDGE('',*,*,#925,.T.);
#1233=ORIENTED_EDGE('',*,*,#918,.T.);
#1234=ORIENTED_EDGE('',*,*,#926,.F.);
#1235=ORIENTED_EDGE('',*,*,#927,.F.);
#1236=ORIENTED_EDGE('',*,*,#928,.F.);
#1237=ORIENTED_EDGE('',*,*,#929,.F.);
#1238=ORIENTED_EDGE('',*,*,#930,.F.);
#1239=ORIENTED_EDGE('',*,*,#931,.F.);
#1240=ORIENTED_EDGE('',*,*,#932,.F.);
#1241=ORIENTED_EDGE('',*,*,#861,.T.);
#1242=ORIENTED_EDGE('',*,*,#933,.T.);
#1243=ORIENTED_EDGE('',*,*,#934,.T.);
#1244=ORIENTED_EDGE('',*,*,#935,.F.);
#1245=ORIENTED_EDGE('',*,*,#936,.F.);
#1246=ORIENTED_EDGE('',*,*,#926,.T.);
#1247=ORIENTED_EDGE('',*,*,#922,.T.);
#1248=ORIENTED_EDGE('',*,*,#937,.T.);
#1249=ORIENTED_EDGE('',*,*,#885,.T.);
#1250=ORIENTED_EDGE('',*,*,#874,.T.);
#1251=ORIENTED_EDGE('',*,*,#833,.T.);
#1252=ORIENTED_EDGE('',*,*,#938,.T.);
#1253=ORIENTED_EDGE('',*,*,#901,.T.);
#1254=ORIENTED_EDGE('',*,*,#939,.T.);
#1255=ORIENTED_EDGE('',*,*,#940,.T.);
#1256=ORIENTED_EDGE('',*,*,#941,.T.);
#1257=ORIENTED_EDGE('',*,*,#854,.T.);
#1258=ORIENTED_EDGE('',*,*,#941,.F.);
#1259=ORIENTED_EDGE('',*,*,#942,.T.);
#1260=ORIENTED_EDGE('',*,*,#940,.F.);
#1261=ORIENTED_EDGE('',*,*,#943,.T.);
#1262=ORIENTED_EDGE('',*,*,#944,.F.);
#1263=ORIENTED_EDGE('',*,*,#945,.F.);
#1264=ORIENTED_EDGE('',*,*,#943,.F.);
#1265=ORIENTED_EDGE('',*,*,#942,.F.);
#1266=ORIENTED_EDGE('',*,*,#945,.T.);
#1267=ORIENTED_EDGE('',*,*,#946,.T.);
#1268=ORIENTED_EDGE('',*,*,#812,.T.);
#1269=ORIENTED_EDGE('',*,*,#946,.F.);
#1270=ORIENTED_EDGE('',*,*,#944,.T.);
#1271=ORIENTED_EDGE('',*,*,#947,.T.);
#1272=ORIENTED_EDGE('',*,*,#948,.T.);
#1273=ORIENTED_EDGE('',*,*,#810,.T.);
#1274=ORIENTED_EDGE('',*,*,#948,.F.);
#1275=ORIENTED_EDGE('',*,*,#949,.T.);
#1276=ORIENTED_EDGE('',*,*,#950,.F.);
#1277=ORIENTED_EDGE('',*,*,#951,.T.);
#1278=ORIENTED_EDGE('',*,*,#949,.F.);
#1279=ORIENTED_EDGE('',*,*,#947,.F.);
#1280=ORIENTED_EDGE('',*,*,#951,.F.);
#1281=ORIENTED_EDGE('',*,*,#952,.F.);
#1282=ORIENTED_EDGE('',*,*,#953,.T.);
#1283=ORIENTED_EDGE('',*,*,#954,.T.);
#1284=ORIENTED_EDGE('',*,*,#811,.T.);
#1285=ORIENTED_EDGE('',*,*,#954,.F.);
#1286=ORIENTED_EDGE('',*,*,#955,.T.);
#1287=ORIENTED_EDGE('',*,*,#956,.F.);
#1288=ORIENTED_EDGE('',*,*,#957,.T.);
#1289=ORIENTED_EDGE('',*,*,#955,.F.);
#1290=ORIENTED_EDGE('',*,*,#953,.F.);
#1291=ORIENTED_EDGE('',*,*,#957,.F.);
#1292=ORIENTED_EDGE('',*,*,#958,.F.);
#1293=ORIENTED_EDGE('',*,*,#956,.T.);
#1294=ORIENTED_EDGE('',*,*,#959,.T.);
#1295=ORIENTED_EDGE('',*,*,#852,.T.);
#1296=ORIENTED_EDGE('',*,*,#959,.F.);
#1297=ORIENTED_EDGE('',*,*,#958,.T.);
#1298=ORIENTED_EDGE('',*,*,#950,.T.);
#1299=ORIENTED_EDGE('',*,*,#960,.T.);
#1300=ORIENTED_EDGE('',*,*,#853,.T.);
#1301=ORIENTED_EDGE('',*,*,#960,.F.);
#1302=ORIENTED_EDGE('',*,*,#952,.T.);
#1303=ORIENTED_EDGE('',*,*,#961,.T.);
#1304=ORIENTED_EDGE('',*,*,#962,.T.);
#1305=ORIENTED_EDGE('',*,*,#963,.T.);
#1306=ORIENTED_EDGE('',*,*,#964,.T.);
#1307=ORIENTED_EDGE('',*,*,#965,.T.);
#1308=ORIENTED_EDGE('',*,*,#963,.F.);
#1309=ORIENTED_EDGE('',*,*,#928,.T.);
#1310=ORIENTED_EDGE('',*,*,#936,.T.);
#1311=ORIENTED_EDGE('',*,*,#966,.T.);
#1312=ORIENTED_EDGE('',*,*,#964,.F.);
#1313=ORIENTED_EDGE('',*,*,#927,.T.);
#1314=ORIENTED_EDGE('',*,*,#962,.F.);
#1315=ORIENTED_EDGE('',*,*,#967,.T.);
#1316=ORIENTED_EDGE('',*,*,#968,.F.);
#1317=ORIENTED_EDGE('',*,*,#929,.T.);
#1318=ORIENTED_EDGE('',*,*,#969,.T.);
#1319=ORIENTED_EDGE('',*,*,#970,.T.);
#1320=ORIENTED_EDGE('',*,*,#898,.T.);
#1321=ORIENTED_EDGE('',*,*,#971,.T.);
#1322=ORIENTED_EDGE('',*,*,#972,.T.);
#1323=ORIENTED_EDGE('',*,*,#973,.T.);
#1324=ORIENTED_EDGE('',*,*,#969,.F.);
#1325=ORIENTED_EDGE('',*,*,#974,.T.);
#1326=ORIENTED_EDGE('',*,*,#972,.F.);
#1327=ORIENTED_EDGE('',*,*,#975,.T.);
#1328=ORIENTED_EDGE('',*,*,#976,.T.);
#1329=ORIENTED_EDGE('',*,*,#975,.F.);
#1330=ORIENTED_EDGE('',*,*,#977,.T.);
#1331=ORIENTED_EDGE('',*,*,#978,.T.);
#1332=ORIENTED_EDGE('',*,*,#979,.T.);
#1333=ORIENTED_EDGE('',*,*,#843,.T.);
#1334=ORIENTED_EDGE('',*,*,#980,.F.);
#1335=ORIENTED_EDGE('',*,*,#977,.F.);
#1336=ORIENTED_EDGE('',*,*,#974,.F.);
#1337=ORIENTED_EDGE('',*,*,#971,.F.);
#1338=ORIENTED_EDGE('',*,*,#897,.F.);
#1339=ORIENTED_EDGE('',*,*,#916,.T.);
#1340=ORIENTED_EDGE('',*,*,#911,.T.);
#1341=ORIENTED_EDGE('',*,*,#902,.T.);
#1342=ORIENTED_EDGE('',*,*,#938,.F.);
#1343=ORIENTED_EDGE('',*,*,#981,.T.);
#1344=ORIENTED_EDGE('',*,*,#930,.T.);
#1345=ORIENTED_EDGE('',*,*,#968,.T.);
#1346=ORIENTED_EDGE('',*,*,#982,.T.);
#1347=ORIENTED_EDGE('',*,*,#846,.T.);
#1348=ORIENTED_EDGE('',*,*,#983,.F.);
#1349=ORIENTED_EDGE('',*,*,#984,.F.);
#1350=ORIENTED_EDGE('',*,*,#931,.T.);
#1351=ORIENTED_EDGE('',*,*,#981,.F.);
#1352=ORIENTED_EDGE('',*,*,#985,.T.);
#1353=ORIENTED_EDGE('',*,*,#792,.F.);
#1354=ORIENTED_EDGE('',*,*,#807,.T.);
#1355=ORIENTED_EDGE('',*,*,#799,.F.);
#1356=ORIENTED_EDGE('',*,*,#986,.F.);
#1357=ORIENTED_EDGE('',*,*,#987,.F.);
#1358=ORIENTED_EDGE('',*,*,#857,.T.);
#1359=ORIENTED_EDGE('',*,*,#988,.T.);
#1360=ORIENTED_EDGE('',*,*,#989,.T.);
#1361=ORIENTED_EDGE('',*,*,#990,.T.);
#1362=ORIENTED_EDGE('',*,*,#991,.T.);
#1363=ORIENTED_EDGE('',*,*,#966,.F.);
#1364=ORIENTED_EDGE('',*,*,#935,.T.);
#1365=ORIENTED_EDGE('',*,*,#990,.F.);
#1366=ORIENTED_EDGE('',*,*,#992,.T.);
#1367=ORIENTED_EDGE('',*,*,#965,.F.);
#1368=ORIENTED_EDGE('',*,*,#992,.F.);
#1369=ORIENTED_EDGE('',*,*,#989,.F.);
#1370=ORIENTED_EDGE('',*,*,#993,.F.);
#1371=ORIENTED_EDGE('',*,*,#816,.F.);
#1372=ORIENTED_EDGE('',*,*,#994,.F.);
#1373=ORIENTED_EDGE('',*,*,#995,.F.);
#1374=ORIENTED_EDGE('',*,*,#961,.F.);
#1375=ORIENTED_EDGE('',*,*,#887,.F.);
#1376=ORIENTED_EDGE('',*,*,#993,.T.);
#1377=ORIENTED_EDGE('',*,*,#988,.F.);
#1378=ORIENTED_EDGE('',*,*,#996,.T.);
#1379=ORIENTED_EDGE('',*,*,#997,.F.);
#1380=ORIENTED_EDGE('',*,*,#842,.T.);
#1381=ORIENTED_EDGE('',*,*,#998,.T.);
#1382=ORIENTED_EDGE('',*,*,#978,.F.);
#1383=ORIENTED_EDGE('',*,*,#980,.T.);
#1384=ORIENTED_EDGE('',*,*,#970,.F.);
#1385=ORIENTED_EDGE('',*,*,#999,.T.);
#1386=ORIENTED_EDGE('',*,*,#1000,.T.);
#1387=ORIENTED_EDGE('',*,*,#899,.T.);
#1388=ORIENTED_EDGE('',*,*,#822,.T.);
#1389=ORIENTED_EDGE('',*,*,#1001,.T.);
#1390=ORIENTED_EDGE('',*,*,#1000,.F.);
#1391=ORIENTED_EDGE('',*,*,#1002,.T.);
#1392=ORIENTED_EDGE('',*,*,#1001,.F.);
#1393=ORIENTED_EDGE('',*,*,#821,.F.);
#1394=ORIENTED_EDGE('',*,*,#1003,.F.);
#1395=ORIENTED_EDGE('',*,*,#891,.F.);
#1396=ORIENTED_EDGE('',*,*,#900,.F.);
#1397=ORIENTED_EDGE('',*,*,#820,.T.);
#1398=ORIENTED_EDGE('',*,*,#1004,.F.);
#1399=ORIENTED_EDGE('',*,*,#892,.T.);
#1400=ORIENTED_EDGE('',*,*,#1003,.T.);
#1401=ORIENTED_EDGE('',*,*,#976,.F.);
#1402=ORIENTED_EDGE('',*,*,#1005,.F.);
#1403=ORIENTED_EDGE('',*,*,#1006,.F.);
#1404=ORIENTED_EDGE('',*,*,#814,.F.);
#1405=ORIENTED_EDGE('',*,*,#823,.F.);
#1406=ORIENTED_EDGE('',*,*,#1002,.F.);
#1407=ORIENTED_EDGE('',*,*,#999,.F.);
#1408=ORIENTED_EDGE('',*,*,#973,.F.);
#1409=ORIENTED_EDGE('',*,*,#907,.T.);
#1410=ORIENTED_EDGE('',*,*,#932,.T.);
#1411=ORIENTED_EDGE('',*,*,#984,.T.);
#1412=ORIENTED_EDGE('',*,*,#1007,.T.);
#1413=ORIENTED_EDGE('',*,*,#860,.T.);
#1414=ORIENTED_EDGE('',*,*,#889,.T.);
#1415=ORIENTED_EDGE('',*,*,#1008,.T.);
#1416=ORIENTED_EDGE('',*,*,#1009,.T.);
#1417=ORIENTED_EDGE('',*,*,#933,.F.);
#1418=ORIENTED_EDGE('',*,*,#997,.T.);
#1419=ORIENTED_EDGE('',*,*,#1010,.T.);
#1420=ORIENTED_EDGE('',*,*,#1008,.F.);
#1421=ORIENTED_EDGE('',*,*,#888,.F.);
#1422=ORIENTED_EDGE('',*,*,#991,.F.);
#1423=ORIENTED_EDGE('',*,*,#934,.F.);
#1424=ORIENTED_EDGE('',*,*,#1009,.F.);
#1425=ORIENTED_EDGE('',*,*,#1010,.F.);
#1426=ORIENTED_EDGE('',*,*,#996,.F.);
#1427=ORIENTED_EDGE('',*,*,#979,.F.);
#1428=ORIENTED_EDGE('',*,*,#1011,.T.);
#1429=ORIENTED_EDGE('',*,*,#1012,.T.);
#1430=ORIENTED_EDGE('',*,*,#1005,.T.);
#1431=ORIENTED_EDGE('',*,*,#967,.F.);
#1432=ORIENTED_EDGE('',*,*,#995,.T.);
#1433=ORIENTED_EDGE('',*,*,#1013,.T.);
#1434=ORIENTED_EDGE('',*,*,#1014,.T.);
#1435=ORIENTED_EDGE('',*,*,#1015,.T.);
#1436=ORIENTED_EDGE('',*,*,#1016,.T.);
#1437=ORIENTED_EDGE('',*,*,#1017,.T.);
#1438=ORIENTED_EDGE('',*,*,#1016,.F.);
#1439=ORIENTED_EDGE('',*,*,#982,.F.);
#1440=ORIENTED_EDGE('',*,*,#1014,.F.);
#1441=ORIENTED_EDGE('',*,*,#795,.F.);
#1442=ORIENTED_EDGE('',*,*,#1018,.T.);
#1443=ORIENTED_EDGE('',*,*,#793,.F.);
#1444=ORIENTED_EDGE('',*,*,#985,.F.);
#1445=ORIENTED_EDGE('',*,*,#1015,.F.);
#1446=ORIENTED_EDGE('',*,*,#1019,.F.);
#1447=ORIENTED_EDGE('',*,*,#1020,.T.);
#1448=ORIENTED_EDGE('',*,*,#1017,.F.);
#1449=ORIENTED_EDGE('',*,*,#1020,.F.);
#1450=ORIENTED_EDGE('',*,*,#841,.T.);
#1451=ORIENTED_EDGE('',*,*,#849,.F.);
#1452=ORIENTED_EDGE('',*,*,#1011,.F.);
#1453=ORIENTED_EDGE('',*,*,#998,.F.);
#1454=ORIENTED_EDGE('',*,*,#794,.F.);
#1455=ORIENTED_EDGE('',*,*,#1018,.F.);
#1456=ORIENTED_EDGE('',*,*,#796,.F.);
#1457=ORIENTED_EDGE('',*,*,#1013,.F.);
#1458=ORIENTED_EDGE('',*,*,#1021,.F.);
#1459=ORIENTED_EDGE('',*,*,#832,.T.);
#1460=ORIENTED_EDGE('',*,*,#808,.T.);
#1461=ORIENTED_EDGE('',*,*,#1021,.T.);
#1462=ORIENTED_EDGE('',*,*,#994,.T.);
#1463=ORIENTED_EDGE('',*,*,#1022,.F.);
#1464=ORIENTED_EDGE('',*,*,#1012,.F.);
#1465=ORIENTED_EDGE('',*,*,#848,.F.);
#1466=ORIENTED_EDGE('',*,*,#824,.T.);
#1467=ORIENTED_EDGE('',*,*,#1006,.T.);
#1468=ORIENTED_EDGE('',*,*,#1022,.T.);
#1469=ORIENTED_EDGE('',*,*,#851,.T.);
#1470=ORIENTED_EDGE('',*,*,#786,.T.);
#1471=ORIENTED_EDGE('',*,*,#803,.F.);
#1472=ORIENTED_EDGE('',*,*,#831,.T.);
#1473=ORIENTED_EDGE('',*,*,#830,.T.);
#1474=ORIENTED_EDGE('',*,*,#858,.T.);
#1475=ORIENTED_EDGE('',*,*,#987,.T.);
#1476=ORIENTED_EDGE('',*,*,#986,.T.);
#1477=ORIENTED_EDGE('',*,*,#798,.F.);
#1478=ORIENTED_EDGE('',*,*,#869,.T.);
#1479=ORIENTED_EDGE('',*,*,#893,.F.);
#1480=ORIENTED_EDGE('',*,*,#1004,.T.);
#1481=ORIENTED_EDGE('',*,*,#819,.T.);
#1482=ORIENTED_EDGE('',*,*,#813,.F.);
#1483=ORIENTED_EDGE('',*,*,#1023,.T.);
#1484=ORIENTED_EDGE('',*,*,#894,.F.);
#1485=ORIENTED_EDGE('',*,*,#882,.T.);
#1486=ORIENTED_EDGE('',*,*,#818,.F.);
#1487=ORIENTED_EDGE('',*,*,#886,.T.);
#1488=ORIENTED_EDGE('',*,*,#1024,.F.);
#1489=ORIENTED_EDGE('',*,*,#1023,.F.);
#1490=ORIENTED_EDGE('',*,*,#834,.T.);
#1491=ORIENTED_EDGE('',*,*,#939,.F.);
#1492=ORIENTED_EDGE('',*,*,#905,.F.);
#1493=ORIENTED_EDGE('',*,*,#917,.F.);
#1494=ORIENTED_EDGE('',*,*,#914,.F.);
#1495=ORIENTED_EDGE('',*,*,#895,.F.);
#1496=ORIENTED_EDGE('',*,*,#1024,.T.);
#1497=ORIENTED_EDGE('',*,*,#937,.F.);
#1498=ORIENTED_EDGE('',*,*,#921,.F.);
#1499=ORIENTED_EDGE('',*,*,#923,.F.);
#1500=ORIENTED_EDGE('',*,*,#908,.F.);
#1501=ORIENTED_EDGE('',*,*,#1007,.F.);
#1502=ORIENTED_EDGE('',*,*,#983,.T.);
#1503=ORIENTED_EDGE('',*,*,#845,.T.);
#1504=ORIENTED_EDGE('',*,*,#1019,.T.);
#1505=CYLINDRICAL_SURFACE('',#1632,4.);
#1506=CYLINDRICAL_SURFACE('',#1634,4.);
#1507=CYLINDRICAL_SURFACE('',#1636,4.35);
#1508=CYLINDRICAL_SURFACE('',#1645,1.5);
#1509=CYLINDRICAL_SURFACE('',#1665,4.35);
#1510=CYLINDRICAL_SURFACE('',#1676,139.575);
#1511=CYLINDRICAL_SURFACE('',#1696,3.);
#1512=CYLINDRICAL_SURFACE('',#1712,3.);
#1513=CYLINDRICAL_SURFACE('',#1715,3.);
#1514=CYLINDRICAL_SURFACE('',#1720,10.5);
#1515=CYLINDRICAL_SURFACE('',#1729,20.);
#1516=CYLINDRICAL_SURFACE('',#1736,10.5);
#1517=CYLINDRICAL_SURFACE('',#1744,0.5);
#1518=CYLINDRICAL_SURFACE('',#1750,0.5);
#1519=CYLINDRICAL_SURFACE('',#1757,0.5);
#1520=CYLINDRICAL_SURFACE('',#1761,0.5);
#1521=CYLINDRICAL_SURFACE('',#1769,0.5);
#1522=CYLINDRICAL_SURFACE('',#1773,0.5);
#1523=CYLINDRICAL_SURFACE('',#1779,3.);
#1524=CYLINDRICAL_SURFACE('',#1786,4.35);
#1525=CYLINDRICAL_SURFACE('',#1788,4.35);
#1526=CYLINDRICAL_SURFACE('',#1795,1.25);
#1527=CYLINDRICAL_SURFACE('',#1798,3.125);
#1528=CYLINDRICAL_SURFACE('',#1801,4.35);
#1529=CYLINDRICAL_SURFACE('',#1804,4.35);
#1530=ADVANCED_FACE('',(#326),#1505,.F.);
#1531=ADVANCED_FACE('',(#327),#1506,.F.);
#1532=ADVANCED_FACE('',(#328),#1507,.F.);
#1533=ADVANCED_FACE('',(#329),#69,.F.);
#1534=ADVANCED_FACE('',(#330),#70,.F.);
#1535=ADVANCED_FACE('',(#331),#1508,.F.);
#1536=ADVANCED_FACE('',(#332,#22,#23,#24,#25),#32,.T.);
#1537=ADVANCED_FACE('',(#333),#33,.T.);
#1538=ADVANCED_FACE('',(#334),#34,.F.);
#1539=ADVANCED_FACE('',(#335),#35,.F.);
#1540=ADVANCED_FACE('',(#336),#36,.F.);
#1541=ADVANCED_FACE('',(#337,#26),#37,.F.);
#1542=ADVANCED_FACE('',(#338),#1509,.F.);
#1543=ADVANCED_FACE('',(#339,#27,#28,#29),#38,.T.);
#1544=ADVANCED_FACE('',(#340),#71,.F.);
#1545=ADVANCED_FACE('',(#341),#72,.T.);
#1546=ADVANCED_FACE('',(#342),#1510,.F.);
#1547=ADVANCED_FACE('',(#343),#39,.T.);
#1548=ADVANCED_FACE('',(#344),#40,.T.);
#1549=ADVANCED_FACE('',(#345),#41,.T.);
#1550=ADVANCED_FACE('',(#346),#42,.T.);
#1551=ADVANCED_FACE('',(#347),#43,.T.);
#1552=ADVANCED_FACE('',(#348),#44,.T.);
#1553=ADVANCED_FACE('',(#349),#45,.T.);
#1554=ADVANCED_FACE('',(#350),#46,.T.);
#1555=ADVANCED_FACE('',(#351),#47,.T.);
#1556=ADVANCED_FACE('',(#352),#73,.T.);
#1557=ADVANCED_FACE('',(#353),#1511,.T.);
#1558=ADVANCED_FACE('',(#354),#48,.T.);
#1559=ADVANCED_FACE('',(#355),#49,.T.);
#1560=ADVANCED_FACE('',(#356),#50,.T.);
#1561=ADVANCED_FACE('',(#357),#51,.T.);
#1562=ADVANCED_FACE('',(#358),#52,.T.);
#1563=ADVANCED_FACE('',(#359),#53,.T.);
#1564=ADVANCED_FACE('',(#360),#54,.T.);
#1565=ADVANCED_FACE('',(#361),#55,.T.);
#1566=ADVANCED_FACE('',(#362),#56,.F.);
#1567=ADVANCED_FACE('',(#363),#1512,.T.);
#1568=ADVANCED_FACE('',(#364),#1513,.T.);
#1569=ADVANCED_FACE('',(#365),#74,.T.);
#1570=ADVANCED_FACE('',(#366),#1514,.F.);
#1571=ADVANCED_FACE('',(#367),#75,.T.);
#1572=ADVANCED_FACE('',(#368),#76,.T.);
#1573=ADVANCED_FACE('',(#369),#1515,.F.);
#1574=ADVANCED_FACE('',(#370),#77,.T.);
#1575=ADVANCED_FACE('',(#371),#1516,.F.);
#1576=ADVANCED_FACE('',(#372),#78,.T.);
#1577=ADVANCED_FACE('',(#373),#79,.T.);
#1578=ADVANCED_FACE('',(#374),#18,.T.);
#1579=ADVANCED_FACE('',(#375),#1517,.F.);
#1580=ADVANCED_FACE('',(#376),#19,.T.);
#1581=ADVANCED_FACE('',(#377),#80,.T.);
#1582=ADVANCED_FACE('',(#378),#20,.T.);
#1583=ADVANCED_FACE('',(#379),#1518,.F.);
#1584=ADVANCED_FACE('',(#380),#21,.T.);
#1585=ADVANCED_FACE('',(#381),#81,.T.);
#1586=ADVANCED_FACE('',(#382),#57,.F.);
#1587=ADVANCED_FACE('',(#383),#1519,.T.);
#1588=ADVANCED_FACE('',(#384),#58,.T.);
#1589=ADVANCED_FACE('',(#385),#1520,.T.);
#1590=ADVANCED_FACE('',(#386),#82,.T.);
#1591=ADVANCED_FACE('',(#387),#59,.F.);
#1592=ADVANCED_FACE('',(#388),#60,.F.);
#1593=ADVANCED_FACE('',(#389),#1521,.T.);
#1594=ADVANCED_FACE('',(#390),#83,.T.);
#1595=ADVANCED_FACE('',(#391),#1522,.T.);
#1596=ADVANCED_FACE('',(#392),#61,.T.);
#1597=ADVANCED_FACE('',(#393),#84,.T.);
#1598=ADVANCED_FACE('',(#394),#62,.F.);
#1599=ADVANCED_FACE('',(#395),#1523,.T.);
#1600=ADVANCED_FACE('',(#396),#85,.T.);
#1601=ADVANCED_FACE('',(#397),#86,.T.);
#1602=ADVANCED_FACE('',(#398),#63,.T.);
#1603=ADVANCED_FACE('',(#399),#1524,.F.);
#1604=ADVANCED_FACE('',(#400),#1525,.F.);
#1605=ADVANCED_FACE('',(#401),#17,.F.);
#1606=ADVANCED_FACE('',(#402,#30),#64,.F.);
#1607=ADVANCED_FACE('',(#403),#1526,.F.);
#1608=ADVANCED_FACE('',(#404),#65,.F.);
#1609=ADVANCED_FACE('',(#405),#1527,.F.);
#1610=ADVANCED_FACE('',(#406),#15,.F.);
#1611=ADVANCED_FACE('',(#407),#1528,.F.);
#1612=ADVANCED_FACE('',(#408),#16,.F.);
#1613=ADVANCED_FACE('',(#409),#1529,.F.);
#1614=ADVANCED_FACE('',(#410),#87,.T.);
#1615=ADVANCED_FACE('',(#411),#66,.T.);
#1616=ADVANCED_FACE('',(#412),#67,.T.);
#1617=ADVANCED_FACE('',(#413,#31),#68,.T.);
#1618=CLOSED_SHELL('',(#1530,#1531,#1532,#1533,#1534,#1535,#1536,#1537,
#1538,#1539,#1540,#1541,#1542,#1543,#1544,#1545,#1546,#1547,#1548,#1549,
#1550,#1551,#1552,#1553,#1554,#1555,#1556,#1557,#1558,#1559,#1560,#1561,
#1562,#1563,#1564,#1565,#1566,#1567,#1568,#1569,#1570,#1571,#1572,#1573,
#1574,#1575,#1576,#1577,#1578,#1579,#1580,#1581,#1582,#1583,#1584,#1585,
#1586,#1587,#1588,#1589,#1590,#1591,#1592,#1593,#1594,#1595,#1596,#1597,
#1598,#1599,#1600,#1601,#1602,#1603,#1604,#1605,#1606,#1607,#1608,#1609,
#1610,#1611,#1612,#1613,#1614,#1615,#1616,#1617));
#1619=DERIVED_UNIT_ELEMENT(#1621,1.);
#1620=DERIVED_UNIT_ELEMENT(#3153,-3.);
#1621=(
MASS_UNIT()
NAMED_UNIT(*)
SI_UNIT(.KILO.,.GRAM.)
);
#1622=DERIVED_UNIT((#1619,#1620));
#1623=MEASURE_REPRESENTATION_ITEM('density measure',
POSITIVE_RATIO_MEASURE(7850.),#1622);
#1624=PROPERTY_DEFINITION_REPRESENTATION(#1629,#1626);
#1625=PROPERTY_DEFINITION_REPRESENTATION(#1630,#1627);
#1626=REPRESENTATION('material name',(#1628),#3150);
#1627=REPRESENTATION('density',(#1623),#3150);
#1628=DESCRIPTIVE_REPRESENTATION_ITEM('Acier','Acier');
#1629=PROPERTY_DEFINITION('material property','material name',#3160);
#1630=PROPERTY_DEFINITION('material property','density of part',#3160);
#1631=AXIS2_PLACEMENT_3D('',#2284,#1809,#1810);
#1632=AXIS2_PLACEMENT_3D('',#2285,#1811,#1812);
#1633=AXIS2_PLACEMENT_3D('',#2324,#1813,#1814);
#1634=AXIS2_PLACEMENT_3D('',#2325,#1815,#1816);
#1635=AXIS2_PLACEMENT_3D('',#2346,#1817,#1818);
#1636=AXIS2_PLACEMENT_3D('',#2347,#1819,#1820);
#1637=AXIS2_PLACEMENT_3D('',#2351,#1822,#1823);
#1638=AXIS2_PLACEMENT_3D('',#2377,#1826,#1827);
#1639=AXIS2_PLACEMENT_3D('',#2379,#1829,#1830);
#1640=AXIS2_PLACEMENT_3D('',#2381,#1831,#1832);
#1641=AXIS2_PLACEMENT_3D('',#2391,#1833,#1834);
#1642=AXIS2_PLACEMENT_3D('',#2392,#1835,#1836);
#1643=AXIS2_PLACEMENT_3D('',#2394,#1837,#1838);
#1644=AXIS2_PLACEMENT_3D('',#2404,#1839,#1840);
#1645=AXIS2_PLACEMENT_3D('',#2405,#1841,#1842);
#1646=AXIS2_PLACEMENT_3D('',#2407,#1843,#1844);
#1647=AXIS2_PLACEMENT_3D('',#2410,#1846,#1847);
#1648=AXIS2_PLACEMENT_3D('',#2411,#1848,#1849);
#1649=AXIS2_PLACEMENT_3D('',#2417,#1853,#1854);
#1650=AXIS2_PLACEMENT_3D('',#2419,#1855,#1856);
#1651=AXIS2_PLACEMENT_3D('',#2421,#1857,#1858);
#1652=AXIS2_PLACEMENT_3D('',#2422,#1859,#1860);
#1653=AXIS2_PLACEMENT_3D('',#2435,#1867,#1868);
#1654=AXIS2_PLACEMENT_3D('',#2439,#1870,#1871);
#1655=AXIS2_PLACEMENT_3D('',#2443,#1873,#1874);
#1656=AXIS2_PLACEMENT_3D('',#2445,#1876,#1877);
#1657=AXIS2_PLACEMENT_3D('',#2447,#1878,#1879);
#1658=AXIS2_PLACEMENT_3D('',#2500,#1882,#1883);
#1659=AXIS2_PLACEMENT_3D('',#2501,#1884,#1885);
#1660=AXIS2_PLACEMENT_3D('',#2504,#1886,#1887);
#1661=AXIS2_PLACEMENT_3D('',#2540,#1892,#1893);
#1662=AXIS2_PLACEMENT_3D('',#2544,#1895,#1896);
#1663=AXIS2_PLACEMENT_3D('',#2546,#1898,#1899);
#1664=AXIS2_PLACEMENT_3D('',#2548,#1900,#1901);
#1665=AXIS2_PLACEMENT_3D('',#2552,#1904,#1905);
#1666=AXIS2_PLACEMENT_3D('',#2556,#1907,#1908);
#1667=AXIS2_PLACEMENT_3D('',#2558,#1910,#1911);
#1668=AXIS2_PLACEMENT_3D('',#2559,#1912,#1913);
#1669=AXIS2_PLACEMENT_3D('',#2562,#1915,#1916);
#1670=AXIS2_PLACEMENT_3D('',#2564,#1917,#1918);
#1671=AXIS2_PLACEMENT_3D('',#2566,#1919,#1920);
#1672=AXIS2_PLACEMENT_3D('',#2567,#1921,#1922);
#1673=AXIS2_PLACEMENT_3D('',#2568,#1923,#1924);
#1674=AXIS2_PLACEMENT_3D('',#2569,#1925,#1926);
#1675=AXIS2_PLACEMENT_3D('',#2570,#1927,#1928);
#1676=AXIS2_PLACEMENT_3D('',#2571,#1929,#1930);
#1677=AXIS2_PLACEMENT_3D('',#2574,#1932,#1933);
#1678=AXIS2_PLACEMENT_3D('',#2575,#1934,#1935);
#1679=AXIS2_PLACEMENT_3D('',#2618,#1946,#1947);
#1680=AXIS2_PLACEMENT_3D('',#2620,#1948,#1949);
#1681=AXIS2_PLACEMENT_3D('',#2624,#1952,#1953);
#1682=AXIS2_PLACEMENT_3D('',#2626,#1954,#1955);
#1683=AXIS2_PLACEMENT_3D('',#2630,#1958,#1959);
#1684=AXIS2_PLACEMENT_3D('',#2636,#1963,#1964);
#1685=AXIS2_PLACEMENT_3D('',#2638,#1966,#1967);
#1686=AXIS2_PLACEMENT_3D('',#2642,#1971,#1972);
#1687=AXIS2_PLACEMENT_3D('',#2644,#1974,#1975);
#1688=AXIS2_PLACEMENT_3D('',#2645,#1976,#1977);
#1689=AXIS2_PLACEMENT_3D('',#2652,#1981,#1982);
#1690=AXIS2_PLACEMENT_3D('',#2653,#1983,#1984);
#1691=AXIS2_PLACEMENT_3D('',#2654,#1985,#1986);
#1692=AXIS2_PLACEMENT_3D('',#2656,#1987,#1988);
#1693=AXIS2_PLACEMENT_3D('',#2658,#1989,#1990);
#1694=AXIS2_PLACEMENT_3D('',#2660,#1991,#1992);
#1695=AXIS2_PLACEMENT_3D('',#2661,#1993,#1994);
#1696=AXIS2_PLACEMENT_3D('',#2662,#1995,#1996);
#1697=AXIS2_PLACEMENT_3D('',#2668,#1999,#2000);
#1698=AXIS2_PLACEMENT_3D('',#2683,#2002,#2003);
#1699=AXIS2_PLACEMENT_3D('',#2685,#2005,#2006);
#1700=AXIS2_PLACEMENT_3D('',#2688,#2007,#2008);
#1701=AXIS2_PLACEMENT_3D('',#2696,#2013,#2014);
#1702=AXIS2_PLACEMENT_3D('',#2701,#2016,#2017);
#1703=AXIS2_PLACEMENT_3D('',#2707,#2021,#2022);
#1704=AXIS2_PLACEMENT_3D('',#2713,#2026,#2027);
#1705=AXIS2_PLACEMENT_3D('',#2718,#2031,#2032);
#1706=AXIS2_PLACEMENT_3D('',#2720,#2034,#2035);
#1707=AXIS2_PLACEMENT_3D('',#2730,#2040,#2041);
#1708=AXIS2_PLACEMENT_3D('',#2731,#2042,#2043);
#1709=AXIS2_PLACEMENT_3D('',#2734,#2046,#2047);
#1710=AXIS2_PLACEMENT_3D('',#2736,#2049,#2050);
#1711=AXIS2_PLACEMENT_3D('',#2747,#2053,#2054);
#1712=AXIS2_PLACEMENT_3D('',#2753,#2058,#2059);
#1713=AXIS2_PLACEMENT_3D('',#2755,#2060,#2061);
#1714=AXIS2_PLACEMENT_3D('',#2759,#2063,#2064);
#1715=AXIS2_PLACEMENT_3D('',#2771,#2066,#2067);
#1716=AXIS2_PLACEMENT_3D('',#2774,#2070,#2071);
#1717=AXIS2_PLACEMENT_3D('',#2777,#2072,#2073);
#1718=AXIS2_PLACEMENT_3D('',#2778,#2074,#2075);
#1719=AXIS2_PLACEMENT_3D('',#2779,#2076,#2077);
#1720=AXIS2_PLACEMENT_3D('',#2780,#2078,#2079);
#1721=AXIS2_PLACEMENT_3D('',#2784,#2081,#2082);
#1722=AXIS2_PLACEMENT_3D('',#2785,#2083,#2084);
#1723=AXIS2_PLACEMENT_3D('',#2786,#2085,#2086);
#1724=AXIS2_PLACEMENT_3D('',#2787,#2087,#2088);
#1725=AXIS2_PLACEMENT_3D('',#2788,#2089,#2090);
#1726=AXIS2_PLACEMENT_3D('',#2791,#2091,#2092);
#1727=AXIS2_PLACEMENT_3D('',#2792,#2093,#2094);
#1728=AXIS2_PLACEMENT_3D('',#2793,#2095,#2096);
#1729=AXIS2_PLACEMENT_3D('',#2794,#2097,#2098);
#1730=AXIS2_PLACEMENT_3D('',#2797,#2099,#2100);
#1731=AXIS2_PLACEMENT_3D('',#2799,#2102,#2103);
#1732=AXIS2_PLACEMENT_3D('',#2800,#2104,#2105);
#1733=AXIS2_PLACEMENT_3D('',#2803,#2106,#2107);
#1734=AXIS2_PLACEMENT_3D('',#2804,#2108,#2109);
#1735=AXIS2_PLACEMENT_3D('',#2805,#2110,#2111);
#1736=AXIS2_PLACEMENT_3D('',#2806,#2112,#2113);
#1737=AXIS2_PLACEMENT_3D('',#2809,#2114,#2115);
#1738=AXIS2_PLACEMENT_3D('',#2811,#2117,#2118);
#1739=AXIS2_PLACEMENT_3D('',#2812,#2119,#2120);
#1740=AXIS2_PLACEMENT_3D('',#2813,#2121,#2122);
#1741=AXIS2_PLACEMENT_3D('',#2814,#2123,#2124);
#1742=AXIS2_PLACEMENT_3D('',#2815,#2125,#2126);
#1743=AXIS2_PLACEMENT_3D('',#2874,#2127,#2128);
#1744=AXIS2_PLACEMENT_3D('',#2875,#2129,#2130);
#1745=AXIS2_PLACEMENT_3D('',#2877,#2131,#2132);
#1746=AXIS2_PLACEMENT_3D('',#2932,#2134,#2135);
#1747=AXIS2_PLACEMENT_3D('',#2934,#2136,#2137);
#1748=AXIS2_PLACEMENT_3D('',#2935,#2138,#2139);
#1749=AXIS2_PLACEMENT_3D('',#2968,#2140,#2141);
#1750=AXIS2_PLACEMENT_3D('',#2980,#2142,#2143);
#1751=AXIS2_PLACEMENT_3D('',#2983,#2144,#2145);
#1752=AXIS2_PLACEMENT_3D('',#3035,#2148,#2149);
#1753=AXIS2_PLACEMENT_3D('',#3037,#2150,#2151);
#1754=AXIS2_PLACEMENT_3D('',#3039,#2152,#2153);
#1755=AXIS2_PLACEMENT_3D('',#3040,#2154,#2155);
#1756=AXIS2_PLACEMENT_3D('',#3041,#2156,#2157);
#1757=AXIS2_PLACEMENT_3D('',#3043,#2159,#2160);
#1758=AXIS2_PLACEMENT_3D('',#3045,#2161,#2162);
#1759=AXIS2_PLACEMENT_3D('',#3047,#2164,#2165);
#1760=AXIS2_PLACEMENT_3D('',#3050,#2167,#2168);
#1761=AXIS2_PLACEMENT_3D('',#3071,#2170,#2171);
#1762=AXIS2_PLACEMENT_3D('',#3074,#2172,#2173);
#1763=AXIS2_PLACEMENT_3D('',#3077,#2175,#2176);
#1764=AXIS2_PLACEMENT_3D('',#3079,#2178,#2179);
#1765=AXIS2_PLACEMENT_3D('',#3080,#2180,#2181);
#1766=AXIS2_PLACEMENT_3D('',#3081,#2182,#2183);
#1767=AXIS2_PLACEMENT_3D('',#3086,#2187,#2188);
#1768=AXIS2_PLACEMENT_3D('',#3089,#2190,#2191);
#1769=AXIS2_PLACEMENT_3D('',#3090,#2192,#2193);
#1770=AXIS2_PLACEMENT_3D('',#3092,#2195,#2196);
#1771=AXIS2_PLACEMENT_3D('',#3094,#2197,#2198);
#1772=AXIS2_PLACEMENT_3D('',#3095,#2199,#2200);
#1773=AXIS2_PLACEMENT_3D('',#3096,#2201,#2202);
#1774=AXIS2_PLACEMENT_3D('',#3099,#2205,#2206);
#1775=AXIS2_PLACEMENT_3D('',#3100,#2207,#2208);
#1776=AXIS2_PLACEMENT_3D('',#3101,#2209,#2210);
#1777=AXIS2_PLACEMENT_3D('',#3102,#2211,#2212);
#1778=AXIS2_PLACEMENT_3D('',#3103,#2213,#2214);
#1779=AXIS2_PLACEMENT_3D('',#3107,#2217,#2218);
#1780=AXIS2_PLACEMENT_3D('',#3109,#2220,#2221);
#1781=AXIS2_PLACEMENT_3D('',#3111,#2222,#2223);
#1782=AXIS2_PLACEMENT_3D('',#3112,#2224,#2225);
#1783=AXIS2_PLACEMENT_3D('',#3113,#2226,#2227);
#1784=AXIS2_PLACEMENT_3D('',#3114,#2228,#2229);
#1785=AXIS2_PLACEMENT_3D('',#3115,#2230,#2231);
#1786=AXIS2_PLACEMENT_3D('',#3116,#2232,#2233);
#1787=AXIS2_PLACEMENT_3D('',#3118,#2235,#2236);
#1788=AXIS2_PLACEMENT_3D('',#3119,#2237,#2238);
#1789=AXIS2_PLACEMENT_3D('',#3120,#2239,#2240);
#1790=AXIS2_PLACEMENT_3D('',#3122,#2242,#2243);
#1791=AXIS2_PLACEMENT_3D('',#3124,#2244,#2245);
#1792=AXIS2_PLACEMENT_3D('',#3127,#2247,#2248);
#1793=AXIS2_PLACEMENT_3D('',#3128,#2249,#2250);
#1794=AXIS2_PLACEMENT_3D('',#3129,#2251,#2252);
#1795=AXIS2_PLACEMENT_3D('',#3130,#2253,#2254);
#1796=AXIS2_PLACEMENT_3D('',#3132,#2255,#2256);
#1797=AXIS2_PLACEMENT_3D('',#3134,#2258,#2259);
#1798=AXIS2_PLACEMENT_3D('',#3135,#2260,#2261);
#1799=AXIS2_PLACEMENT_3D('',#3136,#2262,#2263);
#1800=AXIS2_PLACEMENT_3D('',#3137,#2264,#2265);
#1801=AXIS2_PLACEMENT_3D('',#3138,#2266,#2267);
#1802=AXIS2_PLACEMENT_3D('',#3139,#2268,#2269);
#1803=AXIS2_PLACEMENT_3D('',#3140,#2270,#2271);
#1804=AXIS2_PLACEMENT_3D('',#3141,#2272,#2273);
#1805=AXIS2_PLACEMENT_3D('',#3142,#2274,#2275);
#1806=AXIS2_PLACEMENT_3D('',#3143,#2276,#2277);
#1807=AXIS2_PLACEMENT_3D('',#3145,#2279,#2280);
#1808=AXIS2_PLACEMENT_3D('',#3147,#2282,#2283);
#1809=DIRECTION('axis',(0.,0.,1.));
#1810=DIRECTION('refdir',(1.,0.,0.));
#1811=DIRECTION('center_axis',(0.,-1.,0.));
#1812=DIRECTION('ref_axis',(-1.,0.,2.78699993901511E-15));
#1813=DIRECTION('center_axis',(-1.43258789924321E-32,-1.,3.61243934259813E-17));
#1814=DIRECTION('ref_axis',(1.,-1.43258789924321E-32,0.));
#1815=DIRECTION('center_axis',(0.,-1.,0.));
#1816=DIRECTION('ref_axis',(1.,0.,0.));
#1817=DIRECTION('center_axis',(-1.43258789924321E-32,-1.,3.61243934259813E-17));
#1818=DIRECTION('ref_axis',(1.,-1.43258789924321E-32,0.));
#1819=DIRECTION('center_axis',(0.,-3.61243934259813E-17,-1.));
#1820=DIRECTION('ref_axis',(0.707106781186546,0.707106781186549,0.));
#1821=DIRECTION('',(0.,-3.61243934259813E-17,-1.));
#1822=DIRECTION('center_axis',(0.,1.07657990266682E-14,-1.));
#1823=DIRECTION('ref_axis',(0.707106781186546,0.707106781186549,0.));
#1824=DIRECTION('',(0.,3.61243934259813E-17,1.));
#1825=DIRECTION('',(0.,3.61243934259813E-17,1.));
#1826=DIRECTION('center_axis',(0.,0.,-1.));
#1827=DIRECTION('ref_axis',(1.,0.,0.));
#1828=DIRECTION('',(0.,-3.61243934259813E-17,-1.));
#1829=DIRECTION('center_axis',(-7.16293949621606E-33,-1.,3.61243934259813E-17));
#1830=DIRECTION('ref_axis',(0.,-3.61466660728946E-17,-1.));
#1831=DIRECTION('center_axis',(7.16293949621606E-33,1.,-3.61243934259813E-17));
#1832=DIRECTION('ref_axis',(0.716971726907589,2.53755386520358E-17,0.697102247030628));
#1833=DIRECTION('center_axis',(-1.43258789924321E-32,-1.,3.61243934259813E-17));
#1834=DIRECTION('ref_axis',(0.716971726907589,2.518239582987E-17,0.697102247030628));
#1835=DIRECTION('center_axis',(-7.16293949621606E-33,-1.,3.61243934259813E-17));
#1836=DIRECTION('ref_axis',(0.684830081274048,2.40977773819297E-17,0.728702792489627));
#1837=DIRECTION('center_axis',(-1.43258789924321E-32,-1.,3.61243934259813E-17));
#1838=DIRECTION('ref_axis',(0.716971726907589,2.518239582987E-17,0.697102247030628));
#1839=DIRECTION('center_axis',(7.16293949621606E-33,1.,-3.61243934259813E-17));
#1840=DIRECTION('ref_axis',(0.716971726907589,2.53755386520358E-17,0.697102247030628));
#1841=DIRECTION('center_axis',(0.,-1.,0.));
#1842=DIRECTION('ref_axis',(-1.,0.,0.));
#1843=DIRECTION('center_axis',(0.,-1.,0.));
#1844=DIRECTION('ref_axis',(-1.,0.,0.));
#1845=DIRECTION('',(0.,-1.,0.));
#1846=DIRECTION('center_axis',(1.43258789924321E-32,1.,-3.61243934259813E-17));
#1847=DIRECTION('ref_axis',(-1.,0.,0.));
#1848=DIRECTION('center_axis',(-1.43258789924321E-32,-1.,3.61243934259813E-17));
#1849=DIRECTION('ref_axis',(1.,-1.43258789924321E-32,5.17513688895618E-49));
#1850=DIRECTION('',(-1.,1.43258789924321E-32,1.54229534112892E-46));
#1851=DIRECTION('',(1.,-1.43258789924321E-32,0.));
#1852=DIRECTION('',(0.,3.61243934259813E-17,1.));
#1853=DIRECTION('center_axis',(-1.43258789924321E-32,-1.,3.61243934259813E-17));
#1854=DIRECTION('ref_axis',(-1.,1.42606304024124E-32,-1.80621967129906E-18));
#1855=DIRECTION('center_axis',(-1.43258789924321E-32,-1.,3.61243934259813E-17));
#1856=DIRECTION('ref_axis',(-1.,1.42015959638231E-32,-3.44041842152203E-18));
#1857=DIRECTION('center_axis',(-1.43258789924321E-32,-1.,3.61243934259813E-17));
#1858=DIRECTION('ref_axis',(-1.,1.42015959638231E-32,-3.44041842152203E-18));
#1859=DIRECTION('center_axis',(-0.707106781186547,0.,0.707106781186548));
#1860=DIRECTION('ref_axis',(0.707106781186548,0.,0.707106781186547));
#1861=DIRECTION('',(0.707106781186548,3.84826583010729E-17,0.707106781186547));
#1862=DIRECTION('',(0.,-1.,0.));
#1863=DIRECTION('',(0.,-1.,0.));
#1864=DIRECTION('',(0.,-1.,0.));
#1865=DIRECTION('',(-0.707106781186548,-7.69653166021458E-17,-0.707106781186547));
#1866=DIRECTION('',(0.,1.,0.));
#1867=DIRECTION('center_axis',(1.,0.,0.));
#1868=DIRECTION('ref_axis',(0.,0.,-1.));
#1869=DIRECTION('',(0.,-5.44226972855469E-17,-1.));
#1870=DIRECTION('center_axis',(1.,0.,0.));
#1871=DIRECTION('ref_axis',(0.,9.63317158026168E-17,-1.));
#1872=DIRECTION('',(0.,9.63317158026168E-17,-1.));
#1873=DIRECTION('center_axis',(1.,0.,0.));
#1874=DIRECTION('ref_axis',(0.,0.707106781186541,-0.707106781186554));
#1875=DIRECTION('',(0.,-1.,0.));
#1876=DIRECTION('center_axis',(1.,0.,0.));
#1877=DIRECTION('ref_axis',(0.,0.,-1.));
#1878=DIRECTION('center_axis',(-1.,0.,0.));
#1879=DIRECTION('ref_axis',(0.,-0.707106781186547,0.707106781186548));
#1880=DIRECTION('',(0.,8.42902513272897E-17,-1.));
#1881=DIRECTION('',(0.,-1.,0.));
#1882=DIRECTION('center_axis',(-1.,0.,0.));
#1883=DIRECTION('ref_axis',(0.,0.707106781186547,0.707106781186548));
#1884=DIRECTION('center_axis',(0.,0.,1.));
#1885=DIRECTION('ref_axis',(0.,1.,0.));
#1886=DIRECTION('center_axis',(0.,0.,1.));
#1887=DIRECTION('ref_axis',(0.707106781186548,0.707106781186547,0.));
#1888=DIRECTION('',(0.,1.,0.));
#1889=DIRECTION('',(-1.,0.,0.));
#1890=DIRECTION('',(0.,-1.,0.));
#1891=DIRECTION('',(-1.,0.,0.));
#1892=DIRECTION('center_axis',(0.,0.,-1.));
#1893=DIRECTION('ref_axis',(0.707106781186546,-0.707106781186549,0.));
#1894=DIRECTION('',(0.,-1.,0.));
#1895=DIRECTION('center_axis',(0.,0.,1.));
#1896=DIRECTION('ref_axis',(-0.707106781186551,0.707106781186544,0.));
#1897=DIRECTION('',(-1.,0.,0.));
#1898=DIRECTION('center_axis',(0.,-1.,0.));
#1899=DIRECTION('ref_axis',(0.,0.,1.));
#1900=DIRECTION('center_axis',(0.,1.,0.));
#1901=DIRECTION('ref_axis',(-1.,0.,0.));
#1902=DIRECTION('',(0.,0.,1.));
#1903=DIRECTION('',(1.,0.,0.));
#1904=DIRECTION('center_axis',(0.,-8.42902513272897E-17,1.));
#1905=DIRECTION('ref_axis',(0.707106781186546,-0.707106781186549,0.));
#1906=DIRECTION('',(0.,-8.42902513272897E-17,1.));
#1907=DIRECTION('center_axis',(4.08357894115E-15,0.,-1.));
#1908=DIRECTION('ref_axis',(0.,-1.,0.));
#1909=DIRECTION('',(0.,8.42902513272897E-17,-1.));
#1910=DIRECTION('center_axis',(0.,1.,8.42902513272897E-17));
#1911=DIRECTION('ref_axis',(-1.,0.,0.));
#1912=DIRECTION('center_axis',(0.,1.,8.42902513272897E-17));
#1913=DIRECTION('ref_axis',(0.716971726907588,-5.875892360303E-17,0.697102247030628));
#1914=DIRECTION('',(-1.,0.,0.));
#1915=DIRECTION('center_axis',(0.,1.,8.42902513272897E-17));
#1916=DIRECTION('ref_axis',(-1.,6.76652044649301E-34,-8.0276429835514E-18));
#1917=DIRECTION('center_axis',(0.,1.,8.42902513272897E-17));
#1918=DIRECTION('ref_axis',(-1.,3.55242323440883E-34,-4.21451256636449E-18));
#1919=DIRECTION('center_axis',(0.,1.,8.42902513272897E-17));
#1920=DIRECTION('ref_axis',(-1.,6.76652044649301E-34,-8.0276429835514E-18));
#1921=DIRECTION('center_axis',(0.,1.,8.42902513272897E-17));
#1922=DIRECTION('ref_axis',(0.,-8.4342220836754E-17,1.));
#1923=DIRECTION('center_axis',(0.,-1.,-8.42902513272897E-17));
#1924=DIRECTION('ref_axis',(0.716971726907588,-5.85589353508518E-17,0.697102247030628));
#1925=DIRECTION('center_axis',(0.,1.,8.42902513272897E-17));
#1926=DIRECTION('ref_axis',(0.,-8.56563441758844E-17,1.));
#1927=DIRECTION('center_axis',(0.,-1.,-8.42902513272897E-17));
#1928=DIRECTION('ref_axis',(0.717182916413083,-5.96573360894764E-17,0.696884972147646));
#1929=DIRECTION('center_axis',(0.,-1.,0.));
#1930=DIRECTION('ref_axis',(0.717182916413083,0.,0.696884972147646));
#1931=DIRECTION('',(0.,1.,0.));
#1932=DIRECTION('center_axis',(0.,1.,-3.61243934259812E-17));
#1933=DIRECTION('ref_axis',(0.717182916413083,2.58515123054398E-17,0.696884972147646));
#1934=DIRECTION('center_axis',(-1.,0.,0.));
#1935=DIRECTION('ref_axis',(0.,0.,1.));
#1936=DIRECTION('',(0.,-1.08845394571094E-16,-1.));
#1937=DIRECTION('',(0.,2.40829289506542E-17,1.));
#1938=DIRECTION('',(0.,-1.,0.));
#1939=DIRECTION('',(0.,0.,1.));
#1940=DIRECTION('',(0.,1.,0.));
#1941=DIRECTION('',(0.,0.,-1.));
#1942=DIRECTION('',(0.,-1.,0.));
#1943=DIRECTION('',(0.,9.63317158026168E-17,-1.));
#1944=DIRECTION('',(0.,5.44226972855469E-17,1.));
#1945=DIRECTION('',(0.,-1.,0.));
#1946=DIRECTION('center_axis',(0.,0.,-1.));
#1947=DIRECTION('ref_axis',(0.,-1.,0.));
#1948=DIRECTION('center_axis',(0.,0.,-1.));
#1949=DIRECTION('ref_axis',(0.707106781186548,0.707106781186547,0.));
#1950=DIRECTION('',(-1.,0.,0.));
#1951=DIRECTION('',(0.,-1.,0.));
#1952=DIRECTION('center_axis',(0.,0.,-1.));
#1953=DIRECTION('ref_axis',(0.,-1.,0.));
#1954=DIRECTION('center_axis',(0.,0.,-1.));
#1955=DIRECTION('ref_axis',(0.707106781186549,-0.707106781186546,0.));
#1956=DIRECTION('',(0.,-1.,0.));
#1957=DIRECTION('',(-1.,0.,0.));
#1958=DIRECTION('center_axis',(0.,0.,1.));
#1959=DIRECTION('ref_axis',(0.,1.,0.));
#1960=DIRECTION('',(0.,1.,0.));
#1961=DIRECTION('',(-1.,0.,0.));
#1962=DIRECTION('',(-1.,0.,0.));
#1963=DIRECTION('center_axis',(0.,-1.,0.));
#1964=DIRECTION('ref_axis',(0.,0.,1.));
#1965=DIRECTION('',(0.,0.,1.));
#1966=DIRECTION('center_axis',(0.,0.,-1.));
#1967=DIRECTION('ref_axis',(0.,-1.,0.));
#1968=DIRECTION('',(1.,0.,0.));
#1969=DIRECTION('',(-1.,0.,0.));
#1970=DIRECTION('',(0.,-1.,0.));
#1971=DIRECTION('center_axis',(0.,1.,0.));
#1972=DIRECTION('ref_axis',(0.,0.,-1.));
#1973=DIRECTION('',(0.,0.,-1.));
#1974=DIRECTION('center_axis',(1.,0.,0.));
#1975=DIRECTION('ref_axis',(0.,0.,-1.));
#1976=DIRECTION('center_axis',(0.,1.,-1.08845394571094E-16));
#1977=DIRECTION('ref_axis',(0.,1.08845394571094E-16,1.));
#1978=DIRECTION('',(0.,1.08845394571094E-16,1.));
#1979=DIRECTION('',(1.,0.,0.));
#1980=DIRECTION('',(0.,1.08845394571094E-16,1.));
#1981=DIRECTION('center_axis',(0.,-1.,1.08845394571094E-16));
#1982=DIRECTION('ref_axis',(-1.,0.,0.));
#1983=DIRECTION('center_axis',(0.,-1.,1.08845394571094E-16));
#1984=DIRECTION('ref_axis',(0.627569264779367,0.,0.778560734884752));
#1985=DIRECTION('center_axis',(0.,-1.,-9.63317158026168E-17));
#1986=DIRECTION('ref_axis',(0.627569264779368,0.,0.778560734884751));
#1987=DIRECTION('center_axis',(0.,0.,1.));
#1988=DIRECTION('ref_axis',(1.,6.66133814775088E-15,0.));
#1989=DIRECTION('center_axis',(0.,-1.,-9.63317158026168E-17));
#1990=DIRECTION('ref_axis',(0.627569264779368,-7.50000914479943E-17,0.778560734884751));
#1991=DIRECTION('center_axis',(-0.977201575955411,0.,-0.212313635808587));
#1992=DIRECTION('ref_axis',(-0.212313635808587,-2.73855012740873E-14,0.977201575955411));
#1993=DIRECTION('center_axis',(0.,1.,-5.44226972855469E-17));
#1994=DIRECTION('ref_axis',(0.627569264779367,0.,0.778560734884752));
#1995=DIRECTION('center_axis',(0.,-9.63317158026168E-17,1.));
#1996=DIRECTION('ref_axis',(0.707106781186548,0.707106781186547,0.));
#1997=DIRECTION('',(0.,-5.44226972855469E-17,-1.));
#1998=DIRECTION('',(0.,9.63317158026168E-17,-1.));
#1999=DIRECTION('center_axis',(0.,-8.88178419700125E-17,1.));
#2000=DIRECTION('ref_axis',(0.707106781186548,0.707106781186547,0.));
#2001=DIRECTION('',(0.,-9.63317158026168E-17,1.));
#2002=DIRECTION('center_axis',(0.,0.,-1.));
#2003=DIRECTION('ref_axis',(0.645497224367898,0.763762615825978,0.));
#2004=DIRECTION('',(0.,-9.63317158026168E-17,1.));
#2005=DIRECTION('center_axis',(0.,0.,-1.));
#2006=DIRECTION('ref_axis',(0.,-1.,0.));
#2007=DIRECTION('center_axis',(0.,0.,-1.));
#2008=DIRECTION('ref_axis',(0.707106781186548,0.707106781186547,0.));
#2009=DIRECTION('',(1.,0.,0.));
#2010=DIRECTION('',(0.,-1.,0.));
#2011=DIRECTION('',(-1.,0.,0.));
#2012=DIRECTION('',(0.,-1.,0.));
#2013=DIRECTION('center_axis',(0.,0.,-1.));
#2014=DIRECTION('ref_axis',(0.,-1.,0.));
#2015=DIRECTION('',(-1.,0.,0.));
#2016=DIRECTION('center_axis',(0.,0.,-1.));
#2017=DIRECTION('ref_axis',(0.707106781186549,-0.707106781186546,0.));
#2018=DIRECTION('',(0.,-1.,0.));
#2019=DIRECTION('',(-1.,0.,0.));
#2020=DIRECTION('',(0.,-1.,0.));
#2021=DIRECTION('center_axis',(-1.,0.,0.));
#2022=DIRECTION('ref_axis',(0.,0.,1.));
#2023=DIRECTION('',(0.,-2.75831807360287E-17,-1.));
#2024=DIRECTION('',(0.,1.,8.88178419700125E-17));
#2025=DIRECTION('',(0.,0.,-1.));
#2026=DIRECTION('center_axis',(0.,-8.88178419700125E-17,1.));
#2027=DIRECTION('ref_axis',(0.,1.,8.88178419700125E-17));
#2028=DIRECTION('',(0.,1.,8.88178419700125E-17));
#2029=DIRECTION('',(-1.,0.,0.));
#2030=DIRECTION('',(-1.,0.,0.));
#2031=DIRECTION('center_axis',(0.,1.,0.));
#2032=DIRECTION('ref_axis',(0.,0.,-1.));
#2033=DIRECTION('',(0.,0.,-1.));
#2034=DIRECTION('center_axis',(0.,-8.88178419700125E-17,1.));
#2035=DIRECTION('ref_axis',(0.,1.,8.88178419700125E-17));
#2036=DIRECTION('',(1.,0.,0.));
#2037=DIRECTION('',(0.,1.,8.88178419700125E-17));
#2038=DIRECTION('',(-1.,0.,0.));
#2039=DIRECTION('',(0.,1.,8.88178419700125E-17));
#2040=DIRECTION('center_axis',(0.,-8.88178419700125E-17,1.));
#2041=DIRECTION('ref_axis',(0.707106781186549,-0.707106781186546,0.));
#2042=DIRECTION('center_axis',(0.,-1.,0.));
#2043=DIRECTION('ref_axis',(0.,0.,1.));
#2044=DIRECTION('',(0.,0.,1.));
#2045=DIRECTION('',(0.,0.,1.));
#2046=DIRECTION('center_axis',(-1.,0.,0.));
#2047=DIRECTION('ref_axis',(0.,0.,1.));
#2048=DIRECTION('',(0.,4.13747711040431E-17,1.));
#2049=DIRECTION('center_axis',(0.,1.,-4.13747711040431E-17));
#2050=DIRECTION('ref_axis',(0.,-4.13747711040431E-17,-1.));
#2051=DIRECTION('',(0.,-2.40829289506542E-17,-1.));
#2052=DIRECTION('',(1.,0.,0.));
#2053=DIRECTION('center_axis',(0.,-1.,4.13747711040431E-17));
#2054=DIRECTION('ref_axis',(0.707106781186549,2.92563812177101E-17,0.707106781186546));
#2055=DIRECTION('',(0.,4.13747711040431E-17,1.));
#2056=DIRECTION('',(-1.,0.,0.));
#2057=DIRECTION('',(0.,-2.40829289506542E-17,-1.));
#2058=DIRECTION('center_axis',(0.,-2.40829289506542E-17,-1.));
#2059=DIRECTION('ref_axis',(0.707106781186549,-0.707106781186546,0.));
#2060=DIRECTION('center_axis',(0.,0.,-1.));
#2061=DIRECTION('ref_axis',(1.,5.18104078158405E-15,0.));
#2062=DIRECTION('',(0.,-2.40829289506542E-17,-1.));
#2063=DIRECTION('center_axis',(0.,0.,-1.));
#2064=DIRECTION('ref_axis',(0.645497224367903,-0.763762615825973,0.));
#2065=DIRECTION('',(0.,2.40829289506542E-17,1.));
#2066=DIRECTION('center_axis',(0.,-9.63317158026168E-17,1.));
#2067=DIRECTION('ref_axis',(0.707106781186548,0.707106781186547,0.));
#2068=DIRECTION('',(0.,-9.63317158026168E-17,1.));
#2069=DIRECTION('',(0.,9.63317158026168E-17,-1.));
#2070=DIRECTION('center_axis',(0.,1.,8.42902513272897E-17));
#2071=DIRECTION('ref_axis',(0.,-8.43769498715118E-17,1.));
#2072=DIRECTION('center_axis',(0.,-1.,-8.42902513272897E-17));
#2073=DIRECTION('ref_axis',(-1.,0.,-8.0276429835514E-18));
#2074=DIRECTION('center_axis',(-1.,0.,0.));
#2075=DIRECTION('ref_axis',(0.,8.32667268468867E-17,-1.));
#2076=DIRECTION('center_axis',(0.,-1.,-8.42902513272897E-17));
#2077=DIRECTION('ref_axis',(-1.,0.,-8.0276429835514E-18));
#2078=DIRECTION('center_axis',(0.,-1.,-8.41078048958452E-17));
#2079=DIRECTION('ref_axis',(-1.,0.,0.));
#2080=DIRECTION('',(0.,-1.,-8.41078048958452E-17));
#2081=DIRECTION('center_axis',(1.43258789924321E-32,1.,-3.61243934259813E-17));
#2082=DIRECTION('ref_axis',(-1.,0.,-3.44041842152203E-18));
#2083=DIRECTION('center_axis',(1.43258789924321E-32,1.,-3.61243934259813E-17));
#2084=DIRECTION('ref_axis',(-1.,0.,-3.44041842152203E-18));
#2085=DIRECTION('center_axis',(-1.43258789924321E-32,-1.,3.61243934259813E-17));
#2086=DIRECTION('ref_axis',(0.,-3.5527136788005E-17,-1.));
#2087=DIRECTION('center_axis',(-1.,1.43258789924321E-32,-5.56672224688719E-49));
#2088=DIRECTION('ref_axis',(0.,3.88578058618805E-17,1.));
#2089=DIRECTION('center_axis',(-1.43258789924321E-32,-1.,3.61243934259813E-17));
#2090=DIRECTION('ref_axis',(0.,-3.5325278056255E-17,-1.));
#2091=DIRECTION('center_axis',(1.43258789924321E-32,1.,-3.61243934259813E-17));
#2092=DIRECTION('ref_axis',(-1.,0.,-1.80621967129906E-18));
#2093=DIRECTION('center_axis',(-1.,1.43258789924321E-32,-4.97028772043499E-49));
#2094=DIRECTION('ref_axis',(0.,3.46944695195361E-17,1.));
#2095=DIRECTION('center_axis',(1.43258789924321E-32,1.,-3.61243934259813E-17));
#2096=DIRECTION('ref_axis',(-1.,0.,-1.80621967129906E-18));
#2097=DIRECTION('center_axis',(0.,-1.,-1.6821560979169E-16));
#2098=DIRECTION('ref_axis',(-1.,0.,0.));
#2099=DIRECTION('center_axis',(0.,-1.,-8.42902513272897E-17));
#2100=DIRECTION('ref_axis',(-1.,0.,-4.21451256636449E-18));
#2101=DIRECTION('',(0.,-1.,-1.6821560979169E-16));
#2102=DIRECTION('center_axis',(0.,-1.,-8.42902513272897E-17));
#2103=DIRECTION('ref_axis',(-1.,0.,-4.21451256636449E-18));
#2104=DIRECTION('center_axis',(-1.43258789924321E-32,-1.,3.61243934259813E-17));
#2105=DIRECTION('ref_axis',(0.,-3.5527136788005E-17,-1.));
#2106=DIRECTION('center_axis',(1.43258789924321E-32,1.,-3.61243934259813E-17));
#2107=DIRECTION('ref_axis',(-1.,0.,-3.44041842152203E-18));
#2108=DIRECTION('center_axis',(-1.,1.43258789924321E-32,-5.56672224688719E-49));
#2109=DIRECTION('ref_axis',(0.,3.88578058618805E-17,1.));
#2110=DIRECTION('center_axis',(1.43258789924321E-32,1.,-3.61243934259813E-17));
#2111=DIRECTION('ref_axis',(-1.,0.,-3.44041842152203E-18));
#2112=DIRECTION('center_axis',(0.,-1.,0.));
#2113=DIRECTION('ref_axis',(-1.,0.,0.));
#2114=DIRECTION('center_axis',(0.,-1.,-8.42902513272897E-17));
#2115=DIRECTION('ref_axis',(-1.,0.,-8.0276429835514E-18));
#2116=DIRECTION('',(0.,-1.,0.));
#2117=DIRECTION('center_axis',(0.,-1.,-8.42902513272897E-17));
#2118=DIRECTION('ref_axis',(-1.,0.,-8.0276429835514E-18));
#2119=DIRECTION('center_axis',(0.,1.,8.42902513272897E-17));
#2120=DIRECTION('ref_axis',(0.,-8.43769498715119E-17,1.));
#2121=DIRECTION('center_axis',(-1.,0.,0.));
#2122=DIRECTION('ref_axis',(0.,8.32667268468867E-17,-1.));
#2123=DIRECTION('center_axis',(0.,1.,8.42902513272897E-17));
#2124=DIRECTION('ref_axis',(0.,-8.57899609937621E-17,1.));
#2125=DIRECTION('center_axis',(-1.,0.,0.));
#2126=DIRECTION('ref_axis',(0.,8.51591524570433E-17,-1.));
#2127=DIRECTION('center_axis',(1.,0.,0.));
#2128=DIRECTION('ref_axis',(0.,1.,-3.5527136788005E-14));
#2129=DIRECTION('center_axis',(-1.,0.,0.));
#2130=DIRECTION('ref_axis',(0.,0.707106781186554,0.707106781186541));
#2131=DIRECTION('center_axis',(1.,0.,0.));
#2132=DIRECTION('ref_axis',(0.,1.,0.));
#2133=DIRECTION('',(-1.,0.,0.));
#2134=DIRECTION('center_axis',(0.,-1.,4.13747711040431E-17));
#2135=DIRECTION('ref_axis',(0.,0.,-1.));
#2136=DIRECTION('center_axis',(0.,1.,-4.13747711040431E-17));
#2137=DIRECTION('ref_axis',(0.707106781186549,3.19029604777343E-17,0.707106781186546));
#2138=DIRECTION('center_axis',(0.,0.,-1.));
#2139=DIRECTION('ref_axis',(0.,-1.,0.));
#2140=DIRECTION('center_axis',(-1.,0.,-1.74082970261225E-12));
#2141=DIRECTION('ref_axis',(0.,-1.,0.));
#2142=DIRECTION('center_axis',(-1.,0.,0.));
#2143=DIRECTION('ref_axis',(0.,-0.707106781186544,0.707106781186551));
#2144=DIRECTION('center_axis',(-1.,0.,0.));
#2145=DIRECTION('ref_axis',(0.,-1.,0.));
#2146=DIRECTION('',(1.,0.,0.));
#2147=DIRECTION('',(-1.,0.,0.));
#2148=DIRECTION('center_axis',(0.,1.,-2.75831807360287E-17));
#2149=DIRECTION('ref_axis',(0.,0.,1.));
#2150=DIRECTION('center_axis',(0.,1.,-2.75831807360287E-17));
#2151=DIRECTION('ref_axis',(0.707106781186547,1.95042541451401E-17,0.707106781186547));
#2152=DIRECTION('center_axis',(0.,0.,1.));
#2153=DIRECTION('ref_axis',(0.,1.,0.));
#2154=DIRECTION('center_axis',(0.,-1.,2.75831807360287E-17));
#2155=DIRECTION('ref_axis',(0.707106781186547,1.59514802388672E-17,0.707106781186547));
#2156=DIRECTION('center_axis',(0.,-1.,2.75831807360287E-17));
#2157=DIRECTION('ref_axis',(0.,2.75831807360287E-17,1.));
#2158=DIRECTION('',(0.,-2.75831807360287E-17,-1.));
#2159=DIRECTION('center_axis',(0.,4.13747711040431E-17,1.));
#2160=DIRECTION('ref_axis',(-0.707106781186554,-0.707106781186541,0.));
#2161=DIRECTION('center_axis',(0.,-1.07657990266682E-14,1.));
#2162=DIRECTION('ref_axis',(-0.707106781186554,-0.707106781186541,0.));
#2163=DIRECTION('',(0.,-4.13747711040431E-17,-1.));
#2164=DIRECTION('center_axis',(0.,1.07657990266682E-14,-1.));
#2165=DIRECTION('ref_axis',(0.,1.,1.07657990266682E-14));
#2166=DIRECTION('',(0.,1.,1.07657990266682E-14));
#2167=DIRECTION('center_axis',(0.,-1.07657990266682E-14,1.));
#2168=DIRECTION('ref_axis',(0.707106781186549,-0.707106781186546,0.));
#2169=DIRECTION('',(0.,1.,1.07657990266682E-14));
#2170=DIRECTION('center_axis',(1.,0.,0.));
#2171=DIRECTION('ref_axis',(0.,-0.707106781186554,-0.707106781186541));
#2172=DIRECTION('center_axis',(1.,0.,0.));
#2173=DIRECTION('ref_axis',(0.,-0.707106781186554,-0.707106781186541));
#2174=DIRECTION('',(1.,0.,0.));
#2175=DIRECTION('center_axis',(-1.,0.,0.));
#2176=DIRECTION('ref_axis',(0.,0.,-1.));
#2177=DIRECTION('',(-1.,0.,0.));
#2178=DIRECTION('center_axis',(0.,0.,1.));
#2179=DIRECTION('ref_axis',(1.,0.,0.));
#2180=DIRECTION('center_axis',(0.,0.,1.));
#2181=DIRECTION('ref_axis',(0.645497224367903,-0.763762615825974,0.));
#2182=DIRECTION('center_axis',(0.,0.,1.));
#2183=DIRECTION('ref_axis',(1.,0.,0.));
#2184=DIRECTION('',(0.,-1.,0.));
#2185=DIRECTION('',(-1.,1.43258789924321E-32,0.));
#2186=DIRECTION('',(0.,1.,0.));
#2187=DIRECTION('center_axis',(1.,0.,0.));
#2188=DIRECTION('ref_axis',(0.,0.,-1.));
#2189=DIRECTION('',(0.,2.40829289506542E-17,1.));
#2190=DIRECTION('center_axis',(1.,0.,0.));
#2191=DIRECTION('ref_axis',(0.,-2.40829289506542E-17,-1.));
#2192=DIRECTION('center_axis',(0.,-2.75831807360287E-17,-1.));
#2193=DIRECTION('ref_axis',(-0.707106781186551,0.707106781186544,0.));
#2194=DIRECTION('',(0.,2.75831807360287E-17,1.));
#2195=DIRECTION('center_axis',(0.,0.,1.));
#2196=DIRECTION('ref_axis',(1.,0.,0.));
#2197=DIRECTION('center_axis',(0.,0.,1.));
#2198=DIRECTION('ref_axis',(0.645497224367898,0.763762615825978,0.));
#2199=DIRECTION('center_axis',(1.,0.,0.));
#2200=DIRECTION('ref_axis',(0.,0.,-1.));
#2201=DIRECTION('center_axis',(-1.,0.,0.));
#2202=DIRECTION('ref_axis',(0.,0.707106781186541,-0.707106781186554));
#2203=DIRECTION('',(1.,0.,0.));
#2204=DIRECTION('',(-1.,0.,0.));
#2205=DIRECTION('center_axis',(0.,1.,9.63317158026168E-17));
#2206=DIRECTION('ref_axis',(0.,-9.63317158026168E-17,1.));
#2207=DIRECTION('center_axis',(0.,1.,9.63317158026168E-17));
#2208=DIRECTION('ref_axis',(0.106767092412843,9.57810893015903E-17,-0.994284057992336));
#2209=DIRECTION('center_axis',(0.,-1.,-9.63317158026168E-17));
#2210=DIRECTION('ref_axis',(0.,9.60873615524815E-17,-1.));
#2211=DIRECTION('center_axis',(0.,1.,-5.44226972855469E-17));
#2212=DIRECTION('ref_axis',(-1.,0.,0.));
#2213=DIRECTION('center_axis',(0.,0.,1.));
#2214=DIRECTION('ref_axis',(-1.,0.,0.));
#2215=DIRECTION('',(0.,1.,0.));
#2216=DIRECTION('',(1.,0.,0.));
#2217=DIRECTION('center_axis',(0.,-2.40829289506542E-17,-1.));
#2218=DIRECTION('ref_axis',(0.707106781186549,-0.707106781186546,0.));
#2219=DIRECTION('',(0.,2.40829289506542E-17,1.));
#2220=DIRECTION('center_axis',(0.,1.,-2.40829289506542E-17));
#2221=DIRECTION('ref_axis',(0.,0.,1.));
#2222=DIRECTION('center_axis',(0.977201575955415,0.,0.212313635808567));
#2223=DIRECTION('ref_axis',(-0.212313635808567,-1.99840144432526E-14,0.977201575955415));
#2224=DIRECTION('center_axis',(0.,1.,-2.40829289506542E-17));
#2225=DIRECTION('ref_axis',(0.627569264779368,1.87500228619985E-17,0.778560734884751));
#2226=DIRECTION('center_axis',(0.,1.,-2.40829289506542E-17));
#2227=DIRECTION('ref_axis',(0.,2.27575329992719E-17,1.));
#2228=DIRECTION('center_axis',(0.,-1.,2.40829289506542E-17));
#2229=DIRECTION('ref_axis',(0.106767092412843,-2.39452723253975E-17,-0.994284057992336));
#2230=DIRECTION('center_axis',(0.,-1.,2.40829289506542E-17));
#2231=DIRECTION('ref_axis',(0.,-2.40829289506542E-17,-1.));
#2232=DIRECTION('center_axis',(0.,-1.,0.));
#2233=DIRECTION('ref_axis',(0.707106781186547,0.,0.707106781186547));
#2234=DIRECTION('',(0.,-1.,0.));
#2235=DIRECTION('center_axis',(0.,1.,0.));
#2236=DIRECTION('ref_axis',(1.,0.,0.));
#2237=DIRECTION('center_axis',(0.,1.,0.));
#2238=DIRECTION('ref_axis',(0.707106781186546,0.,0.707106781186549));
#2239=DIRECTION('center_axis',(2.55223683821875E-16,-1.,0.));
#2240=DIRECTION('ref_axis',(0.,0.,1.));
#2241=DIRECTION('',(0.,-1.,0.));
#2242=DIRECTION('center_axis',(-1.,0.,0.));
#2243=DIRECTION('ref_axis',(0.,0.,-1.));
#2244=DIRECTION('center_axis',(-1.,0.,0.));
#2245=DIRECTION('ref_axis',(0.,0.,-1.));
#2246=DIRECTION('',(0.707106781186548,-8.65956056235492E-17,-0.707106781186547));
#2247=DIRECTION('center_axis',(1.,0.,0.));
#2248=DIRECTION('ref_axis',(0.,0.,-1.));
#2249=DIRECTION('center_axis',(1.,0.,0.));
#2250=DIRECTION('ref_axis',(0.,-3.61243934259812E-17,-1.));
#2251=DIRECTION('center_axis',(-1.,0.,0.));
#2252=DIRECTION('ref_axis',(0.,0.,1.));
#2253=DIRECTION('center_axis',(-1.,0.,0.));
#2254=DIRECTION('ref_axis',(0.,0.,-1.));
#2255=DIRECTION('center_axis',(-1.,0.,0.));
#2256=DIRECTION('ref_axis',(0.,0.,-1.));
#2257=DIRECTION('',(-1.,0.,0.));
#2258=DIRECTION('center_axis',(1.,0.,0.));
#2259=DIRECTION('ref_axis',(0.,-8.42902513272897E-17,1.));
#2260=DIRECTION('center_axis',(-1.,0.,0.));
#2261=DIRECTION('ref_axis',(0.,0.,1.));
#2262=DIRECTION('center_axis',(0.408248290463863,0.408248290463862,-0.816496580927726));
#2263=DIRECTION('ref_axis',(0.577350269189628,0.577350269189626,0.577350269189624));
#2264=DIRECTION('center_axis',(-1.,0.,0.));
#2265=DIRECTION('ref_axis',(0.,1.,0.));
#2266=DIRECTION('center_axis',(1.,-1.43258789924321E-32,0.));
#2267=DIRECTION('ref_axis',(0.,0.707106781186547,0.707106781186548));
#2268=DIRECTION('center_axis',(0.408248290463863,-0.408248290463862,-0.816496580927727));
#2269=DIRECTION('ref_axis',(0.577350269189627,-0.577350269189626,0.577350269189624));
#2270=DIRECTION('center_axis',(-1.,0.,0.));
#2271=DIRECTION('ref_axis',(0.,0.,1.));
#2272=DIRECTION('center_axis',(-1.,0.,0.));
#2273=DIRECTION('ref_axis',(0.,-0.707106781186547,0.707106781186548));
#2274=DIRECTION('center_axis',(0.,-1.,3.61243934259812E-17));
#2275=DIRECTION('ref_axis',(0.717182916413084,2.49182092148027E-17,0.696884972147645));
#2276=DIRECTION('center_axis',(0.,-1.,5.44226972855469E-17));
#2277=DIRECTION('ref_axis',(0.,-5.44226972855469E-17,-1.));
#2278=DIRECTION('',(1.,0.,0.));
#2279=DIRECTION('center_axis',(0.,0.,1.));
#2280=DIRECTION('ref_axis',(0.,-1.,0.));
#2281=DIRECTION('',(0.,-1.,0.));
#2282=DIRECTION('center_axis',(1.,0.,0.));
#2283=DIRECTION('ref_axis',(0.,0.,-1.));
#2284=CARTESIAN_POINT('',(0.,0.,0.));
#2285=CARTESIAN_POINT('Origin',(151.,-1.5,-82.2));
#2286=CARTESIAN_POINT('',(148.165030741123,-2.5,-79.3781301764211));
#2287=CARTESIAN_POINT('',(150.375053430267,-1.5,-78.2491213907562));
#2288=CARTESIAN_POINT('Ctrl Pts',(148.165030741123,-2.50000000000002,-79.3781301764211));
#2289=CARTESIAN_POINT('Ctrl Pts',(148.337749506897,-2.30308254521443,-79.2046096308213));
#2290=CARTESIAN_POINT('Ctrl Pts',(148.53959569993,-2.12559442604438,-79.0341085989253));
#2291=CARTESIAN_POINT('Ctrl Pts',(148.993447493765,-1.82957975430274,-78.7291500562607));
#2292=CARTESIAN_POINT('Ctrl Pts',(149.244362562816,-1.70972908175684,-78.5937418224401));
#2293=CARTESIAN_POINT('Ctrl Pts',(149.78950946297,-1.54454361429515,-78.3764463930807));
#2294=CARTESIAN_POINT('Ctrl Pts',(150.0771177384,-1.5,-78.2962486014476));
#2295=CARTESIAN_POINT('Ctrl Pts',(150.375053430267,-1.50000000000001,-78.2491213907563));
#2296=CARTESIAN_POINT('',(148.165030741123,-2.5,-85.0218698235788));
#2297=CARTESIAN_POINT('Ctrl Pts',(148.165030741123,-2.50000000000001,-85.0218698235788));
#2298=CARTESIAN_POINT('Ctrl Pts',(148.098577461651,-2.57576368784967,-84.9551080605516));
#2299=CARTESIAN_POINT('Ctrl Pts',(148.02567514845,-2.64337631765873,-84.8772375280605));
#2300=CARTESIAN_POINT('Ctrl Pts',(147.790703235442,-2.82247900605629,-84.600010753929));
#2301=CARTESIAN_POINT('Ctrl Pts',(147.624848694674,-2.89826343765591,-84.3702187075752));
#2302=CARTESIAN_POINT('Ctrl Pts',(147.3150088663,-2.9889630546858,-83.7920600518788));
#2303=CARTESIAN_POINT('Ctrl Pts',(147.182191129231,-2.99830400440339,-83.4536450918582));
#2304=CARTESIAN_POINT('Ctrl Pts',(147.028805437591,-3.00099139529931,-82.7729070103657));
#2305=CARTESIAN_POINT('Ctrl Pts',(146.99592398957,-2.99791520001741,-82.4590535418061));
#2306=CARTESIAN_POINT('Ctrl Pts',(147.004940710799,-2.99837683881598,-81.8232495111012));
#2307=CARTESIAN_POINT('Ctrl Pts',(147.04777736989,-3.00200372599851,-81.5065413045885));
#2308=CARTESIAN_POINT('Ctrl Pts',(147.22218207683,-2.99532811764808,-80.831846247857));
#2309=CARTESIAN_POINT('Ctrl Pts',(147.362978306999,-2.98078962980353,-80.5023497972746));
#2310=CARTESIAN_POINT('Ctrl Pts',(147.66325881503,-2.88013093143865,-79.9771886100651));
#2311=CARTESIAN_POINT('Ctrl Pts',(147.807498176377,-2.80911758349763,-79.780560739959));
#2312=CARTESIAN_POINT('Ctrl Pts',(148.023752811155,-2.64514890627425,-79.5248182235911));
#2313=CARTESIAN_POINT('Ctrl Pts',(148.097675501651,-2.57679201657051,-79.4457980864473));
#2314=CARTESIAN_POINT('Ctrl Pts',(148.165030741123,-2.50000000000001,-79.3781301764211));
#2315=CARTESIAN_POINT('',(150.375053430267,-1.5,-86.1508786092437));
#2316=CARTESIAN_POINT('Ctrl Pts',(150.375053430267,-1.5,-86.1508786092436));
#2317=CARTESIAN_POINT('Ctrl Pts',(150.167164683387,-1.5,-86.1179949466211));
#2318=CARTESIAN_POINT('Ctrl Pts',(149.963614195531,-1.52173762220671,-86.0689363748405));
#2319=CARTESIAN_POINT('Ctrl Pts',(149.548885989195,-1.60884989170374,-85.9345394833027));
#2320=CARTESIAN_POINT('Ctrl Pts',(149.342816582274,-1.67792379615297,-85.8470117206617));
#2321=CARTESIAN_POINT('Ctrl Pts',(148.758128857154,-1.94523415500091,-85.5421557047472));
#2322=CARTESIAN_POINT('Ctrl Pts',(148.427558755545,-2.20069061008924,-85.2856165224024));
#2323=CARTESIAN_POINT('Ctrl Pts',(148.165030741123,-2.50000000000001,-85.0218698235788));
#2324=CARTESIAN_POINT('Origin',(151.,-1.5,-82.2));
#2325=CARTESIAN_POINT('Origin',(151.,-1.5,-82.2));
#2326=CARTESIAN_POINT('',(152.65,-1.5,-78.5561695977996));
#2327=CARTESIAN_POINT('',(152.65,-1.5,-85.8438304022003));
#2328=CARTESIAN_POINT('Ctrl Pts',(152.65,-1.5,-78.5561695977996));
#2329=CARTESIAN_POINT('Ctrl Pts',(152.97750512125,-1.5,-78.7044705312724));
#2330=CARTESIAN_POINT('Ctrl Pts',(153.305115229862,-1.53945963004188,-78.9090707431846));
#2331=CARTESIAN_POINT('Ctrl Pts',(153.893448796183,-1.67021750187054,-79.410210376207));
#2332=CARTESIAN_POINT('Ctrl Pts',(154.151463368303,-1.76169081106754,-79.7101897790824));
#2333=CARTESIAN_POINT('Ctrl Pts',(154.547250755033,-1.9296424858497,-80.3163414323327));
#2334=CARTESIAN_POINT('Ctrl Pts',(154.718345489827,-2.02095579000138,-80.6737334967193));
#2335=CARTESIAN_POINT('Ctrl Pts',(154.944838017137,-2.15225009266609,-81.4293950356945));
#2336=CARTESIAN_POINT('Ctrl Pts',(155.,-2.18939895645535,-81.8282244894714));
#2337=CARTESIAN_POINT('Ctrl Pts',(155.,-2.18939895645535,-82.5717755105285));
#2338=CARTESIAN_POINT('Ctrl Pts',(154.944838017137,-2.15225009266609,-82.9706049643054));
#2339=CARTESIAN_POINT('Ctrl Pts',(154.718345489827,-2.02095579000138,-83.7262665032806));
#2340=CARTESIAN_POINT('Ctrl Pts',(154.547250755033,-1.9296424858497,-84.0836585676672));
#2341=CARTESIAN_POINT('Ctrl Pts',(154.151463368303,-1.76169081106754,-84.6898102209175));
#2342=CARTESIAN_POINT('Ctrl Pts',(153.893448796183,-1.67021750187053,-84.989789623793));
#2343=CARTESIAN_POINT('Ctrl Pts',(153.305115229862,-1.53945963004189,-85.4909292568153));
#2344=CARTESIAN_POINT('Ctrl Pts',(152.97750512125,-1.5,-85.6955294687275));
#2345=CARTESIAN_POINT('Ctrl Pts',(152.65,-1.5,-85.8438304022004));
#2346=CARTESIAN_POINT('Origin',(151.,-1.5,-82.2));
#2347=CARTESIAN_POINT('Origin',(152.65,-5.85,28.5500000000001));
#2348=CARTESIAN_POINT('',(152.65,-1.5,-92.2));
#2349=CARTESIAN_POINT('',(152.65,-1.5,28.5500000000001));
#2350=CARTESIAN_POINT('',(157.,-5.85,-92.2000000000001));
#2351=CARTESIAN_POINT('Origin',(152.65,-5.85,-92.2000000000002));
#2352=CARTESIAN_POINT('',(157.,-5.84999999999978,-85.1057055941716));
#2353=CARTESIAN_POINT('',(157.,-5.85,28.5500000000001));
#2354=CARTESIAN_POINT('',(157.,-5.85000000000039,-79.2942944058284));
#2355=CARTESIAN_POINT('Ctrl Pts',(157.,-5.84999999999978,-85.1057055941716));
#2356=CARTESIAN_POINT('Ctrl Pts',(157.,-5.84233028778111,-85.1026701286829));
#2357=CARTESIAN_POINT('Ctrl Pts',(156.999979715089,-5.83467177948327,-85.0996039734138));
#2358=CARTESIAN_POINT('Ctrl Pts',(156.997922053517,-5.44508860429303,-84.941837630373));
#2359=CARTESIAN_POINT('Ctrl Pts',(156.943249065133,-5.09401572958047,-84.7064047237427));
#2360=CARTESIAN_POINT('Ctrl Pts',(156.806033532209,-4.53241173435572,-84.1584031862557));
#2361=CARTESIAN_POINT('Ctrl Pts',(156.71333225723,-4.28669714338344,-83.806673729138));
#2362=CARTESIAN_POINT('Ctrl Pts',(156.571043568242,-3.95790958265509,-83.0301168367647));
#2363=CARTESIAN_POINT('Ctrl Pts',(156.525806367712,-3.87500000000001,-82.6044294732884));
#2364=CARTESIAN_POINT('Ctrl Pts',(156.525806367712,-3.87500000000001,-82.2000000000001));
#2365=CARTESIAN_POINT('Ctrl Pts',(156.525806367712,-3.87500000000001,-81.7955705267119));
#2366=CARTESIAN_POINT('Ctrl Pts',(156.571043568242,-3.95790958265509,-81.3698831632355));
#2367=CARTESIAN_POINT('Ctrl Pts',(156.71333225723,-4.28669714338344,-80.5933262708623));
#2368=CARTESIAN_POINT('Ctrl Pts',(156.806033532209,-4.53241173435572,-80.2415968137445));
#2369=CARTESIAN_POINT('Ctrl Pts',(156.943249065133,-5.09401572958047,-79.6935952762576));
#2370=CARTESIAN_POINT('Ctrl Pts',(156.997922053517,-5.44508860429303,-79.4581623696272));
#2371=CARTESIAN_POINT('Ctrl Pts',(156.999979715089,-5.83467177948348,-79.3003960265864));
#2372=CARTESIAN_POINT('Ctrl Pts',(157.,-5.84233028778151,-79.2973298713172));
#2373=CARTESIAN_POINT('Ctrl Pts',(157.,-5.8500000000004,-79.2942944058284));
#2374=CARTESIAN_POINT('',(157.,-5.85,64.4500000000001));
#2375=CARTESIAN_POINT('',(157.,-5.85,28.5500000000001));
#2376=CARTESIAN_POINT('',(152.65,-1.5,64.4500000000001));
#2377=CARTESIAN_POINT('Origin',(152.65,-5.85,64.4500000000001));
#2378=CARTESIAN_POINT('',(152.65,-1.5,28.5500000000001));
#2379=CARTESIAN_POINT('Origin',(6.00000000000003,-4.5,-82.1999999999998));
#2380=CARTESIAN_POINT('',(147.840963508171,-2.49999997247922,-92.2));
#2381=CARTESIAN_POINT('Origin',(6.00000000000003,-2.5,-82.1999999999998));
#2382=CARTESIAN_POINT('',(150.082495448883,-1.5,-92.2));
#2383=CARTESIAN_POINT('Ctrl Pts',(147.840963494385,-2.49999996033307,-92.2000000000001));
#2384=CARTESIAN_POINT('Ctrl Pts',(147.878604943205,-2.45801974385821,-92.2000000000001));
#2385=CARTESIAN_POINT('Ctrl Pts',(147.916773219686,-2.41784238747405,-92.2));
#2386=CARTESIAN_POINT('Ctrl Pts',(148.217493260739,-2.11757653928717,-92.2));
#2387=CARTESIAN_POINT('Ctrl Pts',(148.587856830215,-1.87056554992111,-92.2));
#2388=CARTESIAN_POINT('Ctrl Pts',(149.273895222491,-1.58680635243169,-92.2));
#2389=CARTESIAN_POINT('Ctrl Pts',(149.711070388548,-1.5,-92.2));
#2390=CARTESIAN_POINT('Ctrl Pts',(150.082495448883,-1.5,-92.2));
#2391=CARTESIAN_POINT('Origin',(6.00000000000003,-1.5,-82.1999999999998));
#2392=CARTESIAN_POINT('Origin',(6.00000000000003,-4.5,-82.1999999999998));
#2393=CARTESIAN_POINT('',(3.35750091495132E-48,-1.5,62.1044195261441));
#2394=CARTESIAN_POINT('Origin',(6.00000000000003,-1.5,-82.1999999999998));
#2395=CARTESIAN_POINT('',(9.98546600209535E-21,-2.49999997214936,59.8663891604702));
#2396=CARTESIAN_POINT('Ctrl Pts',(0.,-1.5,62.1044195261441));
#2397=CARTESIAN_POINT('Ctrl Pts',(-9.16148219748728E-20,-1.5,61.7337535663688));
#2398=CARTESIAN_POINT('Ctrl Pts',(0.,-1.5867231243471,61.2974905893888));
#2399=CARTESIAN_POINT('Ctrl Pts',(0.,-1.87023292906845,60.6126845358999));
#2400=CARTESIAN_POINT('Ctrl Pts',(0.,-2.11713031830949,60.2429303567138));
#2401=CARTESIAN_POINT('Ctrl Pts',(0.,-2.41738661098501,59.9425109015889));
#2402=CARTESIAN_POINT('Ctrl Pts',(-2.54166664510399E-19,-2.45778363205191,
59.9041822399907));
#2403=CARTESIAN_POINT('Ctrl Pts',(-3.99328104452262E-20,-2.49999995987551,
59.8663891465254));
#2404=CARTESIAN_POINT('Origin',(6.00000000000003,-2.5,-82.1999999999998));
#2405=CARTESIAN_POINT('Origin',(151.,-0.100000000000007,-82.2000000000001));
#2406=CARTESIAN_POINT('',(152.5,-0.100000000000007,-82.2000000000001));
#2407=CARTESIAN_POINT('Origin',(151.,-0.099999999999948,-82.2000000000001));
#2408=CARTESIAN_POINT('',(152.5,-1.5,-82.2000000000001));
#2409=CARTESIAN_POINT('',(152.5,-0.100000000000007,-82.2000000000001));
#2410=CARTESIAN_POINT('Origin',(151.,-1.5,-82.2000000000001));
#2411=CARTESIAN_POINT('Origin',(78.5,-1.5,-11.7));
#2412=CARTESIAN_POINT('',(39.25,-1.5,-92.2));
#2413=CARTESIAN_POINT('',(0.,-1.5,64.4500000000001));
#2414=CARTESIAN_POINT('',(39.25,-1.5,64.4500000000001));
#2415=CARTESIAN_POINT('',(0.,-1.5,-5.85000000000007));
#2416=CARTESIAN_POINT('',(128.,-1.5,60.8000000000001));
#2417=CARTESIAN_POINT('Origin',(128.,-1.5,39.8000000000001));
#2418=CARTESIAN_POINT('',(91.,-1.5,63.8000000000001));
#2419=CARTESIAN_POINT('Origin',(91.,-1.5,52.3000000000001));
#2420=CARTESIAN_POINT('',(140.5,-1.5,14.3000000000001));
#2421=CARTESIAN_POINT('Origin',(140.5,-1.5,2.80000000000013));
#2422=CARTESIAN_POINT('Origin',(1.5,5.1,70.2999999999998));
#2423=CARTESIAN_POINT('',(3.,10.2,71.7999999999998));
#2424=CARTESIAN_POINT('',(0.,10.2,68.7999999999998));
#2425=CARTESIAN_POINT('',(6.60000000000002,10.2,75.3999999999998));
#2426=CARTESIAN_POINT('',(0.,5.84999999999998,68.8000000000001));
#2427=CARTESIAN_POINT('',(0.,6.59999999999999,68.8000000000001));
#2428=CARTESIAN_POINT('',(0.,-5.85,68.8000000000001));
#2429=CARTESIAN_POINT('',(0.,5.1,68.7999999999998));
#2430=CARTESIAN_POINT('',(0.,-10.2,68.7999999999998));
#2431=CARTESIAN_POINT('',(0.,-6.6,68.8000000000001));
#2432=CARTESIAN_POINT('',(3.,-10.2,71.7999999999998));
#2433=CARTESIAN_POINT('',(1.5,-10.2,70.2999999999998));
#2434=CARTESIAN_POINT('',(3.,5.1,71.7999999999998));
#2435=CARTESIAN_POINT('Origin',(0.,-4.44089209850063E-15,-1.59872115546023E-13));
#2436=CARTESIAN_POINT('',(-4.26484448437183E-14,10.2,73.2999999999998));
#2437=CARTESIAN_POINT('',(0.,10.2,112.6));
#2438=CARTESIAN_POINT('',(0.,13.2,70.2999999999997));
#2439=CARTESIAN_POINT('Origin',(0.,10.2000000000001,70.2999999999997));
#2440=CARTESIAN_POINT('',(0.,13.2,69.3000000000001));
#2441=CARTESIAN_POINT('',(0.,13.2,92.1999999999998));
#2442=CARTESIAN_POINT('',(0.,12.7,68.8000000000001));
#2443=CARTESIAN_POINT('Origin',(0.,12.7,69.3000000000001));
#2444=CARTESIAN_POINT('',(0.,6.59999999999999,68.8000000000001));
#2445=CARTESIAN_POINT('Origin',(0.,-4.44089209850063E-15,-1.59872115546023E-13));
#2446=CARTESIAN_POINT('',(0.,1.49999999999998,64.4500000000001));
#2447=CARTESIAN_POINT('Origin',(0.,5.84999999999998,64.4500000000001));
#2448=CARTESIAN_POINT('',(0.,1.49999999999998,62.1044195261441));
#2449=CARTESIAN_POINT('',(0.,1.49999999999999,-5.85000000000001));
#2450=CARTESIAN_POINT('',(-3.03822116341417E-20,2.49999997214934,59.8663891604701));
#2451=CARTESIAN_POINT('Ctrl Pts',(5.42697324227155E-20,2.49999995987942,
59.8663891465219));
#2452=CARTESIAN_POINT('Ctrl Pts',(1.68020292079149E-19,2.4577836320544,
59.9041822399883));
#2453=CARTESIAN_POINT('Ctrl Pts',(0.,2.41738661098618,59.9425109015877));
#2454=CARTESIAN_POINT('Ctrl Pts',(0.,2.11713031830947,60.2429303567138));
#2455=CARTESIAN_POINT('Ctrl Pts',(0.,1.87023292906844,60.6126845358999));
#2456=CARTESIAN_POINT('Ctrl Pts',(0.,1.58672312434708,61.2974905893888));
#2457=CARTESIAN_POINT('Ctrl Pts',(0.,1.49999999999998,61.7337535663688));
#2458=CARTESIAN_POINT('Ctrl Pts',(0.,1.49999999999998,62.1044195261441));
#2459=CARTESIAN_POINT('',(0.,2.99999999999998,58.7473505426762));
#2460=CARTESIAN_POINT('Ctrl Pts',(8.06281012176406E-20,2.99999999999998,
58.7473505426762));
#2461=CARTESIAN_POINT('Ctrl Pts',(1.0972272403681E-19,2.99999999999998,
58.9326912421081));
#2462=CARTESIAN_POINT('Ctrl Pts',(0.,2.95663823606948,59.1508321351928));
#2463=CARTESIAN_POINT('Ctrl Pts',(0.,2.81488101115548,59.4932431206814));
#2464=CARTESIAN_POINT('Ctrl Pts',(0.,2.69143256352432,59.6781211289029));
#2465=CARTESIAN_POINT('Ctrl Pts',(0.,2.54130469048456,59.8283300965345));
#2466=CARTESIAN_POINT('Ctrl Pts',(9.40784774571231E-20,2.52110711786939,
59.8474935023662));
#2467=CARTESIAN_POINT('Ctrl Pts',(0.,2.49999995975903,59.8663891466297));
#2468=CARTESIAN_POINT('',(0.,1.49999999999998,57.2459774428794));
#2469=CARTESIAN_POINT('Ctrl Pts',(-9.01283496140919E-22,1.49999999999998,
57.2459774428794));
#2470=CARTESIAN_POINT('Ctrl Pts',(1.34850906405218E-21,1.68506600047671,
57.2459774428794));
#2471=CARTESIAN_POINT('Ctrl Pts',(0.,1.9028723186648,57.2893315555342));
#2472=CARTESIAN_POINT('Ctrl Pts',(0.,2.2448833725072,57.4310737258922));
#2473=CARTESIAN_POINT('Ctrl Pts',(0.,2.42958302140812,57.5545719226838));
#2474=CARTESIAN_POINT('Ctrl Pts',(0.,2.69143005094384,57.8165655525856));
#2475=CARTESIAN_POINT('Ctrl Pts',(0.,2.81487968866734,58.0014484635408));
#2476=CARTESIAN_POINT('Ctrl Pts',(0.,2.95663761495512,58.3438652791644));
#2477=CARTESIAN_POINT('Ctrl Pts',(1.47471439899392E-18,2.99999999999998,
58.5620081367018));
#2478=CARTESIAN_POINT('Ctrl Pts',(2.27480820937011E-19,2.99999999999998,
58.7473505426762));
#2479=CARTESIAN_POINT('',(0.,-1.5,57.2459774428794));
#2480=CARTESIAN_POINT('',(0.,13.2,57.2459774428794));
#2481=CARTESIAN_POINT('',(0.,-3.,58.7473505426762));
#2482=CARTESIAN_POINT('Ctrl Pts',(0.,-3.,58.7473505426762));
#2483=CARTESIAN_POINT('Ctrl Pts',(0.,-3.,58.5620510078312));
#2484=CARTESIAN_POINT('Ctrl Pts',(0.,-2.95665743204299,58.3439566631848));
#2485=CARTESIAN_POINT('Ctrl Pts',(0.,-2.81496302427425,58.0016062967427));
#2486=CARTESIAN_POINT('Ctrl Pts',(0.,-2.69156681505774,57.8167494983501));
#2487=CARTESIAN_POINT('Ctrl Pts',(0.,-2.4297668211312,57.5547087935287));
#2488=CARTESIAN_POINT('Ctrl Pts',(0.,-2.24504105895421,57.4311570978698));
#2489=CARTESIAN_POINT('Ctrl Pts',(0.,-1.90296358379325,57.28935138001));
#2490=CARTESIAN_POINT('Ctrl Pts',(-2.43524087719892E-20,-1.68510882018727,
57.2459774428794));
#2491=CARTESIAN_POINT('Ctrl Pts',(-1.5155040083721E-20,-1.5,57.2459774428794));
#2492=CARTESIAN_POINT('Ctrl Pts',(0.,-2.49999995975904,59.8663891466297));
#2493=CARTESIAN_POINT('Ctrl Pts',(0.,-2.52110711786941,59.8474935023663));
#2494=CARTESIAN_POINT('Ctrl Pts',(0.,-2.54130469048458,59.8283300965346));
#2495=CARTESIAN_POINT('Ctrl Pts',(0.,-2.69143256352434,59.678121128903));
#2496=CARTESIAN_POINT('Ctrl Pts',(0.,-2.8148810111555,59.4932431206815));
#2497=CARTESIAN_POINT('Ctrl Pts',(0.,-2.9566382360695,59.1508321351929));
#2498=CARTESIAN_POINT('Ctrl Pts',(9.5842897555719E-21,-3.,58.9326912421082));
#2499=CARTESIAN_POINT('Ctrl Pts',(-8.58813079520645E-20,-3.,58.7473505426762));
#2500=CARTESIAN_POINT('Origin',(0.,-5.85,64.4500000000001));
#2501=CARTESIAN_POINT('Origin',(160.,-0.099999999999948,-72.1999999999996));
#2502=CARTESIAN_POINT('',(160.,10.2,-72.1999999999996));
#2503=CARTESIAN_POINT('',(159.95803989155,10.7,-72.1999999999996));
#2504=CARTESIAN_POINT('Origin',(157.,10.2,-72.1999999999996));
#2505=CARTESIAN_POINT('',(160.,-0.099999999999948,-72.1999999999996));
#2506=CARTESIAN_POINT('',(160.,-0.0499999999999762,-72.1999999999996));
#2507=CARTESIAN_POINT('',(145.216308760863,-0.099999999999949,-72.1999999999996));
#2508=CARTESIAN_POINT('',(160.,-0.099999999999948,-72.1999999999996));
#2509=CARTESIAN_POINT('',(145.216308760863,1.49999999999999,-72.1999999999996));
#2510=CARTESIAN_POINT('',(145.216308760863,13.2,-72.1999999999996));
#2511=CARTESIAN_POINT('',(147.840963458818,2.49999999999999,-72.1999999999996));
#2512=CARTESIAN_POINT('Ctrl Pts',(147.840963458818,2.49999999999999,-72.1999999999996));
#2513=CARTESIAN_POINT('Ctrl Pts',(147.822145296503,2.52098725156997,-72.1999999999996));
#2514=CARTESIAN_POINT('Ctrl Pts',(147.803063784274,2.54107326585312,-72.1999999999996));
#2515=CARTESIAN_POINT('Ctrl Pts',(147.652705935567,2.69120538146618,-72.1999999999996));
#2516=CARTESIAN_POINT('Ctrl Pts',(147.467521597125,2.81471018477153,-72.1999999999996));
#2517=CARTESIAN_POINT('Ctrl Pts',(147.124480188094,2.95659626352984,-72.1999999999996));
#2518=CARTESIAN_POINT('Ctrl Pts',(146.905866348641,3.,-72.1999999999996));
#2519=CARTESIAN_POINT('Ctrl Pts',(146.534393417198,2.99999999999999,-72.1999999999996));
#2520=CARTESIAN_POINT('Ctrl Pts',(146.315774090492,2.95659453030389,-72.1999999999996));
#2521=CARTESIAN_POINT('Ctrl Pts',(145.972716401424,2.81470649872791,-72.1999999999996));
#2522=CARTESIAN_POINT('Ctrl Pts',(145.787518374234,2.69119837858801,-72.1999999999996));
#2523=CARTESIAN_POINT('Ctrl Pts',(145.525178703587,2.42926693868623,-72.1999999999996));
#2524=CARTESIAN_POINT('Ctrl Pts',(145.401535362008,2.24457922638413,-72.1999999999996));
#2525=CARTESIAN_POINT('Ctrl Pts',(145.259691195757,1.90265140704922,-72.1999999999996));
#2526=CARTESIAN_POINT('Ctrl Pts',(145.216308760863,1.68496918739468,-72.1999999999996));
#2527=CARTESIAN_POINT('Ctrl Pts',(145.216308760863,1.49999999999999,-72.1999999999996));
#2528=CARTESIAN_POINT('',(150.082495448883,1.49999999999999,-72.1999999999996));
#2529=CARTESIAN_POINT('Ctrl Pts',(150.082495448883,1.49999999999999,-72.1999999999996));
#2530=CARTESIAN_POINT('Ctrl Pts',(149.711070388548,1.49999999999999,-72.1999999999996));
#2531=CARTESIAN_POINT('Ctrl Pts',(149.27389522249,1.58680635243168,-72.1999999999996));
#2532=CARTESIAN_POINT('Ctrl Pts',(148.587856830214,1.87056554992109,-72.1999999999996));
#2533=CARTESIAN_POINT('Ctrl Pts',(148.217493260739,2.11757653928716,-72.1999999999996));
#2534=CARTESIAN_POINT('Ctrl Pts',(147.916773207659,2.41784239948291,-72.1999999999996));
#2535=CARTESIAN_POINT('Ctrl Pts',(147.878604919169,2.45801976916679,-72.1999999999996));
#2536=CARTESIAN_POINT('Ctrl Pts',(147.840963458818,2.49999999999999,-72.1999999999996));
#2537=CARTESIAN_POINT('',(152.65,1.49999999999999,-72.1999999999996));
#2538=CARTESIAN_POINT('',(119.25,1.49999999999999,-72.1999999999996));
#2539=CARTESIAN_POINT('',(157.,5.84999999999999,-72.1999999999996));
#2540=CARTESIAN_POINT('Origin',(152.65,5.84999999999999,-72.1999999999996));
#2541=CARTESIAN_POINT('',(157.,10.2,-72.1999999999996));
#2542=CARTESIAN_POINT('',(157.,6.55000000000002,-72.1999999999996));
#2543=CARTESIAN_POINT('',(157.5,10.7,-72.1999999999996));
#2544=CARTESIAN_POINT('Origin',(157.5,10.2,-72.1999999999996));
#2545=CARTESIAN_POINT('',(160.,10.7,-72.1999999999996));
#2546=CARTESIAN_POINT('Origin',(160.,-0.099999999999948,-92.1999999999996));
#2547=CARTESIAN_POINT('',(145.216308760863,-0.099999999999949,-92.1999999999999));
#2548=CARTESIAN_POINT('Origin',(6.00000000000003,-0.099999999999949,-82.1999999999998));
#2549=CARTESIAN_POINT('',(160.,-0.099999999999949,-92.1999999999996));
#2550=CARTESIAN_POINT('',(160.,-0.099999999999948,-46.0999999999999));
#2551=CARTESIAN_POINT('',(80.,-0.099999999999949,-92.2));
#2552=CARTESIAN_POINT('Origin',(152.65,5.84999999999999,-51.9499999999999));
#2553=CARTESIAN_POINT('',(152.65,1.49999999999998,64.4500000000001));
#2554=CARTESIAN_POINT('',(152.65,1.49999999999999,-51.9499999999999));
#2555=CARTESIAN_POINT('',(157.,5.84999999999998,64.4500000000002));
#2556=CARTESIAN_POINT('Origin',(152.65,5.84999999999998,64.4500000000001));
#2557=CARTESIAN_POINT('',(157.,5.84999999999999,-51.9499999999999));
#2558=CARTESIAN_POINT('Origin',(78.5,1.49999999999999,-11.6999999999999));
#2559=CARTESIAN_POINT('Origin',(6.00000000000003,1.49999999999999,-82.1999999999998));
#2560=CARTESIAN_POINT('',(117.75,1.49999999999998,64.4500000000001));
#2561=CARTESIAN_POINT('',(91.,1.49999999999998,40.8000000000001));
#2562=CARTESIAN_POINT('Origin',(91.,1.49999999999998,52.3000000000001));
#2563=CARTESIAN_POINT('',(128.,1.49999999999998,18.8000000000001));
#2564=CARTESIAN_POINT('Origin',(128.,1.49999999999998,39.8000000000001));
#2565=CARTESIAN_POINT('',(140.5,1.49999999999999,-8.69999999999988));
#2566=CARTESIAN_POINT('Origin',(140.5,1.49999999999998,2.80000000000013));
#2567=CARTESIAN_POINT('Origin',(6.00000000000003,4.49999999999999,-82.1999999999998));
#2568=CARTESIAN_POINT('Origin',(6.00000000000003,2.49999999999999,-82.1999999999998));
#2569=CARTESIAN_POINT('Origin',(6.00000000000003,1.49999999999999,-82.1999999999998));
#2570=CARTESIAN_POINT('Origin',(6.00000000000003,1.49999999999999,-82.1999999999998));
#2571=CARTESIAN_POINT('Origin',(6.00000000000003,13.2,-82.1999999999998));
#2572=CARTESIAN_POINT('',(145.216308760863,-1.5,-92.1999999999999));
#2573=CARTESIAN_POINT('',(145.216308760863,13.2,-92.1999999999999));
#2574=CARTESIAN_POINT('Origin',(6.00000000000003,-1.5,-82.1999999999998));
#2575=CARTESIAN_POINT('Origin',(159.8,0.,85.));
#2576=CARTESIAN_POINT('',(159.8,-10.2,81.3971061645045));
#2577=CARTESIAN_POINT('',(159.8,-10.2,76.2407251963113));
#2578=CARTESIAN_POINT('',(159.8,-10.2,78.3999999999999));
#2579=CARTESIAN_POINT('',(159.8,-11.2770329614269,79.4071312902913));
#2580=CARTESIAN_POINT('Ctrl Pts',(159.8,-11.2770329614268,79.4071312902913));
#2581=CARTESIAN_POINT('Ctrl Pts',(159.8,-11.2770329614268,79.8823333257296));
#2582=CARTESIAN_POINT('Ctrl Pts',(159.8,-11.1788757555463,80.4440642276672));
#2583=CARTESIAN_POINT('Ctrl Pts',(159.8,-10.8732264006354,80.9779577383974));
#2584=CARTESIAN_POINT('Ctrl Pts',(159.8,-10.7723615117747,81.1122971740997));
#2585=CARTESIAN_POINT('Ctrl Pts',(159.8,-10.5990650956411,81.2636675444053));
#2586=CARTESIAN_POINT('Ctrl Pts',(159.8,-10.5081773011624,81.3222390576897));
#2587=CARTESIAN_POINT('Ctrl Pts',(159.8,-10.356833410759,81.3803976870499));
#2588=CARTESIAN_POINT('Ctrl Pts',(159.8,-10.272028964599,81.3971061645045));
#2589=CARTESIAN_POINT('Ctrl Pts',(159.8,-10.2,81.3971061645045));
#2590=CARTESIAN_POINT('',(159.8,-11.2770329614269,76.2407251963113));
#2591=CARTESIAN_POINT('',(159.8,-11.2770329614269,46.0999999999999));
#2592=CARTESIAN_POINT('',(159.8,-24.7806358193144,76.2407251963113));
#2593=CARTESIAN_POINT('',(159.8,24.7806358193144,76.2407251963113));
#2594=CARTESIAN_POINT('',(159.8,-24.7806358193144,93.7592748036887));
#2595=CARTESIAN_POINT('',(159.8,-24.7806358193144,76.2407251963113));
#2596=CARTESIAN_POINT('',(159.8,24.7806358193144,93.7592748036887));
#2597=CARTESIAN_POINT('',(159.8,-24.7806358193144,93.7592748036887));
#2598=CARTESIAN_POINT('',(159.8,24.7806358193144,76.2407251963113));
#2599=CARTESIAN_POINT('',(159.8,24.7806358193144,93.7592748036887));
#2600=CARTESIAN_POINT('',(159.8,11.2770329614268,76.2407251963113));
#2601=CARTESIAN_POINT('',(159.8,24.7806358193144,76.2407251963113));
#2602=CARTESIAN_POINT('',(159.8,11.2770329614269,79.4071312902913));
#2603=CARTESIAN_POINT('',(159.8,11.2770329614269,-46.1));
#2604=CARTESIAN_POINT('',(159.8,10.2,81.3971061645045));
#2605=CARTESIAN_POINT('Ctrl Pts',(159.8,10.2,81.3971061645045));
#2606=CARTESIAN_POINT('Ctrl Pts',(159.8,10.272028964599,81.3971061645045));
#2607=CARTESIAN_POINT('Ctrl Pts',(159.8,10.356833410759,81.3803976870499));
#2608=CARTESIAN_POINT('Ctrl Pts',(159.8,10.5081773011624,81.3222390576897));
#2609=CARTESIAN_POINT('Ctrl Pts',(159.8,10.5990650956411,81.2636675444053));
#2610=CARTESIAN_POINT('Ctrl Pts',(159.8,10.7723615117747,81.1122971740997));
#2611=CARTESIAN_POINT('Ctrl Pts',(159.8,10.8732264006354,80.9779577383974));
#2612=CARTESIAN_POINT('Ctrl Pts',(159.8,11.1788757555463,80.4440642276672));
#2613=CARTESIAN_POINT('Ctrl Pts',(159.8,11.2770329614268,79.8823333257296));
#2614=CARTESIAN_POINT('Ctrl Pts',(159.8,11.2770329614268,79.4071312902913));
#2615=CARTESIAN_POINT('',(159.8,10.2,76.2407251963113));
#2616=CARTESIAN_POINT('',(159.8,10.2,88.5999999999999));
#2617=CARTESIAN_POINT('',(159.8,24.7806358193144,76.2407251963113));
#2618=CARTESIAN_POINT('Origin',(160.,24.7806358193144,76.2407251963113));
#2619=CARTESIAN_POINT('',(160.,10.2,76.2407251963113));
#2620=CARTESIAN_POINT('Origin',(157.,10.2,76.2407251963113));
#2621=CARTESIAN_POINT('',(160.,24.7806358193144,76.2407251963113));
#2622=CARTESIAN_POINT('',(160.,24.7806358193144,76.2407251963113));
#2623=CARTESIAN_POINT('',(160.,24.7806358193144,76.2407251963113));
#2624=CARTESIAN_POINT('Origin',(160.,24.7806358193144,76.2407251963113));
#2625=CARTESIAN_POINT('',(160.,-10.2,76.2407251963113));
#2626=CARTESIAN_POINT('Origin',(157.,-10.2,76.2407251963113));
#2627=CARTESIAN_POINT('',(160.,-24.7806358193144,76.2407251963113));
#2628=CARTESIAN_POINT('',(160.,24.7806358193144,76.2407251963113));
#2629=CARTESIAN_POINT('',(160.,-24.7806358193144,76.2407251963113));
#2630=CARTESIAN_POINT('Origin',(160.,-24.7806358193144,93.7592748036887));
#2631=CARTESIAN_POINT('',(160.,-24.7806358193144,93.7592748036887));
#2632=CARTESIAN_POINT('',(160.,24.7806358193144,93.7592748036887));
#2633=CARTESIAN_POINT('',(160.,-24.7806358193144,93.7592748036887));
#2634=CARTESIAN_POINT('',(160.,24.7806358193144,93.7592748036887));
#2635=CARTESIAN_POINT('',(160.,-24.7806358193144,93.7592748036887));
#2636=CARTESIAN_POINT('Origin',(160.,-24.7806358193144,76.2407251963113));
#2637=CARTESIAN_POINT('',(160.,-24.7806358193144,76.2407251963113));
#2638=CARTESIAN_POINT('Origin',(160.,24.7806358193144,76.2407251963113));
#2639=CARTESIAN_POINT('',(80.,-10.2,76.2407251963113));
#2640=CARTESIAN_POINT('',(80.,10.2,76.2407251963113));
#2641=CARTESIAN_POINT('',(160.,24.7806358193144,76.2407251963113));
#2642=CARTESIAN_POINT('Origin',(160.,24.7806358193144,93.7592748036887));
#2643=CARTESIAN_POINT('',(160.,24.7806358193144,93.7592748036887));
#2644=CARTESIAN_POINT('Origin',(160.,0.,85.));
#2645=CARTESIAN_POINT('Origin',(0.,-10.2,71.7999999999998));
#2646=CARTESIAN_POINT('',(160.,-10.2,71.7999999999998));
#2647=CARTESIAN_POINT('',(160.,-10.2,71.7999999999998));
#2648=CARTESIAN_POINT('',(0.,-10.2,71.7999999999998));
#2649=CARTESIAN_POINT('',(-4.26484448437183E-14,-10.2,73.2999999999998));
#2650=CARTESIAN_POINT('',(0.,-10.2,71.7999999999998));
#2651=CARTESIAN_POINT('',(147.876863641914,-10.2000000000001,89.1791470498455));
#2652=CARTESIAN_POINT('Origin',(0.,-10.2,769.801960784313));
#2653=CARTESIAN_POINT('Origin',(150.,-10.2,79.4071312902913));
#2654=CARTESIAN_POINT('Origin',(150.,10.2,79.4071312902913));
#2655=CARTESIAN_POINT('',(157.,13.2,79.4071312902913));
#2656=CARTESIAN_POINT('Origin',(157.,10.2,79.4071312902913));
#2657=CARTESIAN_POINT('',(148.51380454934,13.2,86.2475423219793));
#2658=CARTESIAN_POINT('Origin',(150.,13.2,79.4071312902913));
#2659=CARTESIAN_POINT('',(147.876863641914,10.2,89.1791470498455));
#2660=CARTESIAN_POINT('Origin',(148.51380454934,10.2000000000001,86.2475423219793));
#2661=CARTESIAN_POINT('Origin',(150.,10.2,79.4071312902913));
#2662=CARTESIAN_POINT('Origin',(157.,10.2,-46.1));
#2663=CARTESIAN_POINT('',(160.,10.2,71.7999999999998));
#2664=CARTESIAN_POINT('',(160.,10.2,112.6));
#2665=CARTESIAN_POINT('',(160.,10.2,30.6689191619557));
#2666=CARTESIAN_POINT('',(160.,10.2,-46.1));
#2667=CARTESIAN_POINT('',(159.95803989155,10.7,30.6689191619557));
#2668=CARTESIAN_POINT('Origin',(157.,10.2,30.6689191619557));
#2669=CARTESIAN_POINT('',(159.958039887115,10.7,68.5173793981397));
#2670=CARTESIAN_POINT('',(159.95803989155,10.7,-46.1));
#2671=CARTESIAN_POINT('',(159.8749445425,11.0571428571429,69.3000000000001));
#2672=CARTESIAN_POINT('Ctrl Pts',(159.8749445425,11.0571428571429,69.30000000001));
#2673=CARTESIAN_POINT('Ctrl Pts',(159.875217309418,11.0562279690876,69.2989688232052));
#2674=CARTESIAN_POINT('Ctrl Pts',(159.875489389466,11.0553137898568,69.2979368310156));
#2675=CARTESIAN_POINT('Ctrl Pts',(159.895541191083,10.9878229635749,69.2216273039103));
#2676=CARTESIAN_POINT('Ctrl Pts',(159.91131669389,10.9261388922947,69.1432088008231));
#2677=CARTESIAN_POINT('Ctrl Pts',(159.935420877584,10.8213281599928,68.9765201671955));
#2678=CARTESIAN_POINT('Ctrl Pts',(159.943885029204,10.7783601903597,68.8902623269473));
#2679=CARTESIAN_POINT('Ctrl Pts',(159.955187884856,10.7175133237765,68.7080743707634));
#2680=CARTESIAN_POINT('Ctrl Pts',(159.95803989155,10.7,68.6131874217923));
#2681=CARTESIAN_POINT('Ctrl Pts',(159.95803989155,10.7,68.5173794048226));
#2682=CARTESIAN_POINT('',(157.,13.2,69.3000000000001));
#2683=CARTESIAN_POINT('Origin',(157.,10.2,69.3000000000001));
#2684=CARTESIAN_POINT('',(157.,13.2,-46.1));
#2685=CARTESIAN_POINT('Origin',(160.,25.7,-49.3310808380443));
#2686=CARTESIAN_POINT('',(159.95803989155,10.7,-49.3310808380443));
#2687=CARTESIAN_POINT('',(160.,10.2,-49.3310808380443));
#2688=CARTESIAN_POINT('Origin',(157.,10.2,-49.3310808380443));
#2689=CARTESIAN_POINT('',(159.8,10.7,-49.3310808380443));
#2690=CARTESIAN_POINT('',(160.,10.7,-49.3310808380443));
#2691=CARTESIAN_POINT('',(159.8,25.7,-49.3310808380443));
#2692=CARTESIAN_POINT('',(159.8,25.7,-49.3310808380443));
#2693=CARTESIAN_POINT('',(160.,25.7,-49.3310808380443));
#2694=CARTESIAN_POINT('',(160.,25.7,-49.3310808380443));
#2695=CARTESIAN_POINT('',(160.,25.7,-49.3310808380443));
#2696=CARTESIAN_POINT('Origin',(160.,25.7,-49.3310808380443));
#2697=CARTESIAN_POINT('',(159.95803989155,-10.7,-49.3310808380443));
#2698=CARTESIAN_POINT('',(159.8,-10.7,-49.3310808380443));
#2699=CARTESIAN_POINT('',(160.,-10.7,-49.3310808380443));
#2700=CARTESIAN_POINT('',(160.,-10.2,-49.3310808380443));
#2701=CARTESIAN_POINT('Origin',(157.,-10.2,-49.3310808380443));
#2702=CARTESIAN_POINT('',(160.,-24.3,-49.3310808380443));
#2703=CARTESIAN_POINT('',(160.,25.7,-49.3310808380443));
#2704=CARTESIAN_POINT('',(159.8,-24.3,-49.3310808380443));
#2705=CARTESIAN_POINT('',(160.,-24.3,-49.3310808380443));
#2706=CARTESIAN_POINT('',(159.8,25.7,-49.3310808380443));
#2707=CARTESIAN_POINT('Origin',(159.8,0.699999999999976,-9.33108083804431));
#2708=CARTESIAN_POINT('',(159.8,10.7,30.6689191619557));
#2709=CARTESIAN_POINT('',(159.8,10.7,-50.7655404190221));
#2710=CARTESIAN_POINT('',(159.8,25.7,30.6689191619557));
#2711=CARTESIAN_POINT('',(159.8,-24.3,30.6689191619557));
#2712=CARTESIAN_POINT('',(159.8,25.7,30.6689191619557));
#2713=CARTESIAN_POINT('Origin',(160.,-24.3,30.6689191619557));
#2714=CARTESIAN_POINT('',(160.,25.7,30.6689191619557));
#2715=CARTESIAN_POINT('',(160.,-24.3,30.6689191619557));
#2716=CARTESIAN_POINT('',(160.,25.7,30.6689191619557));
#2717=CARTESIAN_POINT('',(160.,10.7,30.6689191619557));
#2718=CARTESIAN_POINT('Origin',(160.,25.7,30.6689191619557));
#2719=CARTESIAN_POINT('',(160.,25.7,30.6689191619557));
#2720=CARTESIAN_POINT('Origin',(160.,-24.3,30.6689191619557));
#2721=CARTESIAN_POINT('',(159.8,-10.7,30.6689191619557));
#2722=CARTESIAN_POINT('',(159.95803989155,-10.7,30.6689191619557));
#2723=CARTESIAN_POINT('',(160.,-10.7,30.6689191619557));
#2724=CARTESIAN_POINT('',(159.8,-24.3,30.6689191619557));
#2725=CARTESIAN_POINT('',(159.8,-24.3,30.6689191619557));
#2726=CARTESIAN_POINT('',(160.,-24.3,30.6689191619557));
#2727=CARTESIAN_POINT('',(160.,-24.3,30.6689191619557));
#2728=CARTESIAN_POINT('',(160.,-10.2,30.6689191619557));
#2729=CARTESIAN_POINT('',(160.,-24.3,30.6689191619557));
#2730=CARTESIAN_POINT('Origin',(157.,-10.2,30.6689191619557));
#2731=CARTESIAN_POINT('Origin',(160.,-24.3,-49.3310808380443));
#2732=CARTESIAN_POINT('',(160.,-24.3,-49.3310808380443));
#2733=CARTESIAN_POINT('',(159.8,-24.3,-49.3310808380443));
#2734=CARTESIAN_POINT('Origin',(159.8,0.699999999999976,-9.33108083804431));
#2735=CARTESIAN_POINT('',(159.8,-10.7,29.7344595809778));
#2736=CARTESIAN_POINT('Origin',(160.,-10.7,68.7999999999998));
#2737=CARTESIAN_POINT('',(159.958039890926,-10.7,68.5173794038824));
#2738=CARTESIAN_POINT('',(159.95803989155,-10.7,46.0999999999999));
#2739=CARTESIAN_POINT('',(159.291287847478,-10.7,68.3000000000001));
#2740=CARTESIAN_POINT('Ctrl Pts',(159.291287847478,-10.7,68.3000000000001));
#2741=CARTESIAN_POINT('Ctrl Pts',(159.528868753229,-10.7,68.3000000000001));
#2742=CARTESIAN_POINT('Ctrl Pts',(159.767935321773,-10.7,68.3771534432936));
#2743=CARTESIAN_POINT('Ctrl Pts',(159.957381921028,-10.7,68.5182627511422));
#2744=CARTESIAN_POINT('',(155.599576240751,-10.7,68.3000000000001));
#2745=CARTESIAN_POINT('',(80.0000000000001,-10.7,68.3000000000001));
#2746=CARTESIAN_POINT('',(157.5,-10.7,64.4500000000001));
#2747=CARTESIAN_POINT('Origin',(152.65,-10.7,64.4500000000001));
#2748=CARTESIAN_POINT('',(157.5,-10.7,-92.2000000000001));
#2749=CARTESIAN_POINT('',(157.5,-10.7,68.8));
#2750=CARTESIAN_POINT('',(159.95803989155,-10.7,-92.2000000000001));
#2751=CARTESIAN_POINT('',(80.,-10.7,-92.2000000000001));
#2752=CARTESIAN_POINT('',(159.95803989155,-10.7,46.0999999999999));
#2753=CARTESIAN_POINT('Origin',(157.,-10.2,46.0999999999998));
#2754=CARTESIAN_POINT('',(157.,-13.2,79.4071312902913));
#2755=CARTESIAN_POINT('Origin',(157.,-10.2,79.4071312902913));
#2756=CARTESIAN_POINT('',(157.,-13.2,69.3000000000001));
#2757=CARTESIAN_POINT('',(157.,-13.2,46.0999999999998));
#2758=CARTESIAN_POINT('',(159.8749445425,-11.0571428571429,69.3000000000001));
#2759=CARTESIAN_POINT('Origin',(157.,-10.2,69.3000000000001));
#2760=CARTESIAN_POINT('Ctrl Pts',(159.95803989155,-10.7,68.5173794048226));
#2761=CARTESIAN_POINT('Ctrl Pts',(159.95803989155,-10.7,68.5962477806351));
#2762=CARTESIAN_POINT('Ctrl Pts',(159.956084867074,-10.7118842519499,68.674606278568));
#2763=CARTESIAN_POINT('Ctrl Pts',(159.947599969959,-10.7588759884982,68.8432686047086));
#2764=CARTESIAN_POINT('Ctrl Pts',(159.940178416042,-10.7981473702844,68.9314442861521));
#2765=CARTESIAN_POINT('Ctrl Pts',(159.916510179667,-10.9054346710896,69.116595097181));
#2766=CARTESIAN_POINT('Ctrl Pts',(159.898918074538,-10.9764569696886,69.2087761703315));
#2767=CARTESIAN_POINT('Ctrl Pts',(159.875489388966,-11.0553137915402,69.2979368329228));
#2768=CARTESIAN_POINT('Ctrl Pts',(159.87521730992,-11.0562279674007,69.2989688212947));
#2769=CARTESIAN_POINT('Ctrl Pts',(159.8749445425,-11.0571428571429,69.3000000000008));
#2770=CARTESIAN_POINT('',(160.,-10.2,46.0999999999998));
#2771=CARTESIAN_POINT('Origin',(157.,10.2,-46.1));
#2772=CARTESIAN_POINT('',(159.95803989155,10.7,-46.1));
#2773=CARTESIAN_POINT('',(160.,10.2,-46.1));
#2774=CARTESIAN_POINT('Origin',(140.5,0.499999999999983,2.80000000000013));
#2775=CARTESIAN_POINT('',(151.,0.499999999999983,2.80000000000013));
#2776=CARTESIAN_POINT('',(140.5,0.499999999999984,-7.69999999999988));
#2777=CARTESIAN_POINT('Origin',(140.5,0.499999999999983,2.80000000000013));
#2778=CARTESIAN_POINT('Origin',(140.5,0.499999999999984,-8.69999999999988));
#2779=CARTESIAN_POINT('Origin',(140.5,0.499999999999983,2.80000000000013));
#2780=CARTESIAN_POINT('Origin',(140.5,13.2,2.80000000000013));
#2781=CARTESIAN_POINT('',(151.,-0.500000000000003,2.80000000000013));
#2782=CARTESIAN_POINT('',(151.,13.2,2.80000000000013));
#2783=CARTESIAN_POINT('',(140.5,-0.500000000000002,13.3000000000001));
#2784=CARTESIAN_POINT('Origin',(140.5,-0.500000000000003,2.80000000000013));
#2785=CARTESIAN_POINT('Origin',(140.5,-0.500000000000003,2.80000000000013));
#2786=CARTESIAN_POINT('Origin',(140.5,-0.500000000000003,2.80000000000013));
#2787=CARTESIAN_POINT('Origin',(140.5,-0.500000000000002,14.3000000000001));
#2788=CARTESIAN_POINT('Origin',(128.,-0.500000000000009,39.8000000000001));
#2789=CARTESIAN_POINT('',(148.,-0.500000000000009,39.8000000000001));
#2790=CARTESIAN_POINT('',(128.,-0.500000000000009,59.8000000000001));
#2791=CARTESIAN_POINT('Origin',(128.,-0.500000000000009,39.8000000000001));
#2792=CARTESIAN_POINT('Origin',(128.,-0.500000000000009,60.8000000000001));
#2793=CARTESIAN_POINT('Origin',(128.,-0.500000000000009,39.8000000000001));
#2794=CARTESIAN_POINT('Origin',(128.,13.2,39.8000000000001));
#2795=CARTESIAN_POINT('',(148.,0.499999999999976,39.8000000000001));
#2796=CARTESIAN_POINT('',(128.,0.499999999999978,19.8000000000001));
#2797=CARTESIAN_POINT('Origin',(128.,0.499999999999976,39.8000000000001));
#2798=CARTESIAN_POINT('',(148.,13.2,39.8000000000001));
#2799=CARTESIAN_POINT('Origin',(128.,0.499999999999976,39.8000000000001));
#2800=CARTESIAN_POINT('Origin',(91.,-0.5,52.3000000000001));
#2801=CARTESIAN_POINT('',(101.5,-0.5,52.3000000000001));
#2802=CARTESIAN_POINT('',(91.,-0.5,62.8000000000001));
#2803=CARTESIAN_POINT('Origin',(91.,-0.5,52.3000000000001));
#2804=CARTESIAN_POINT('Origin',(91.,-0.5,63.8000000000001));
#2805=CARTESIAN_POINT('Origin',(91.,-0.5,52.3000000000001));
#2806=CARTESIAN_POINT('Origin',(91.,13.2,52.3000000000001));
#2807=CARTESIAN_POINT('',(101.5,0.499999999999985,52.3000000000001));
#2808=CARTESIAN_POINT('',(91.,0.499999999999986,41.8000000000001));
#2809=CARTESIAN_POINT('Origin',(91.,0.499999999999985,52.3000000000001));
#2810=CARTESIAN_POINT('',(101.5,13.2,52.3000000000001));
#2811=CARTESIAN_POINT('Origin',(91.,0.499999999999985,52.3000000000001));
#2812=CARTESIAN_POINT('Origin',(91.,0.499999999999985,52.3000000000001));
#2813=CARTESIAN_POINT('Origin',(91.,0.499999999999986,40.8000000000001));
#2814=CARTESIAN_POINT('Origin',(128.,0.499999999999976,39.8000000000001));
#2815=CARTESIAN_POINT('Origin',(128.,0.499999999999978,18.8000000000001));
#2816=CARTESIAN_POINT('Ctrl Pts',(155.599576240751,-10.7,68.3000000000001));
#2817=CARTESIAN_POINT('Ctrl Pts',(155.259644769856,-10.7,68.4006706765324));
#2818=CARTESIAN_POINT('Ctrl Pts',(154.700788534941,-10.6300516326478,68.5556118761258));
#2819=CARTESIAN_POINT('Ctrl Pts',(153.711418308853,-10.4400200291294,68.7449595950272));
#2820=CARTESIAN_POINT('Ctrl Pts',(153.078658440062,-10.2966864989355,68.7995970663809));
#2821=CARTESIAN_POINT('Ctrl Pts',(152.65588907806,-10.2013281381034,68.7999979579629));
#2822=CARTESIAN_POINT('Ctrl Pts',(152.652944502854,-10.2006640841138,68.8000000000001));
#2823=CARTESIAN_POINT('Ctrl Pts',(152.65,-10.2,68.8000000000001));
#2824=CARTESIAN_POINT('Ctrl Pts',(155.599576240751,-10.7,68.4308996938997));
#2825=CARTESIAN_POINT('Ctrl Pts',(155.259807000014,-10.7269511426617,68.5148389173301));
#2826=CARTESIAN_POINT('Ctrl Pts',(154.686046207668,-10.6787114431799,68.6315003818293));
#2827=CARTESIAN_POINT('Ctrl Pts',(153.692543645961,-10.4797637186879,68.7637252515284));
#2828=CARTESIAN_POINT('Ctrl Pts',(153.07044956881,-10.3128658698496,68.7996935229328));
#2829=CARTESIAN_POINT('Ctrl Pts',(152.65577625188,-10.2015491806037,68.7999988199807));
#2830=CARTESIAN_POINT('Ctrl Pts',(152.652888094753,-10.2007747647995,68.8000000000001));
#2831=CARTESIAN_POINT('Ctrl Pts',(152.65,-10.2,68.8000000000001));
#2832=CARTESIAN_POINT('Ctrl Pts',(155.599576240751,-10.8085179646088,68.6914820353913));
#2833=CARTESIAN_POINT('Ctrl Pts',(155.242850284322,-10.8578233613605,68.7209259393438));
#2834=CARTESIAN_POINT('Ctrl Pts',(154.643688928474,-10.8083938587235,68.7558067392001));
#2835=CARTESIAN_POINT('Ctrl Pts',(153.653343630172,-10.5588937569639,68.7913923836257));
#2836=CARTESIAN_POINT('Ctrl Pts',(153.054049178159,-10.3449525800948,68.7999534698925));
#2837=CARTESIAN_POINT('Ctrl Pts',(152.655550512046,-10.201992570172,68.7999995617609));
#2838=CARTESIAN_POINT('Ctrl Pts',(152.652775278552,-10.2009961261709,68.8000000000001));
#2839=CARTESIAN_POINT('Ctrl Pts',(152.65,-10.2,68.8000000000001));
#2840=CARTESIAN_POINT('Ctrl Pts',(155.599576240751,-11.0691003061004,68.8000000000001));
#2841=CARTESIAN_POINT('Ctrl Pts',(155.202747399875,-11.0860435137254,68.7994529760514));
#2842=CARTESIAN_POINT('Ctrl Pts',(154.587334319521,-10.9763589394656,68.799538493047));
#2843=CARTESIAN_POINT('Ctrl Pts',(153.612201861502,-10.6398412526707,68.7994830027514));
#2844=CARTESIAN_POINT('Ctrl Pts',(153.037611079628,-10.3772636366127,68.7999101381648));
#2845=CARTESIAN_POINT('Ctrl Pts',(152.655324945693,-10.2024348939793,68.8000004289132));
#2846=CARTESIAN_POINT('Ctrl Pts',(152.652662462351,-10.2012174875423,68.8000000000001));
#2847=CARTESIAN_POINT('Ctrl Pts',(152.65,-10.2,68.8000000000001));
#2848=CARTESIAN_POINT('Ctrl Pts',(155.599576240751,-11.2,68.8000000000001));
#2849=CARTESIAN_POINT('Ctrl Pts',(155.182518578781,-11.2,68.8000000000001));
#2850=CARTESIAN_POINT('Ctrl Pts',(154.559127764646,-11.0601032652957,68.8000000000003));
#2851=CARTESIAN_POINT('Ctrl Pts',(153.591612224822,-10.6800400582588,68.8000000000003));
#2852=CARTESIAN_POINT('Ctrl Pts',(153.029390130666,-10.3933729978713,68.8000000000007));
#2853=CARTESIAN_POINT('Ctrl Pts',(152.655212171517,-10.2026562762068,68.8000000000001));
#2854=CARTESIAN_POINT('Ctrl Pts',(152.65260605425,-10.201328168228,68.8000000000001));
#2855=CARTESIAN_POINT('Ctrl Pts',(152.65,-10.2,68.8000000000001));
#2856=CARTESIAN_POINT('',(155.599576240751,-11.2,68.8000000000001));
#2857=CARTESIAN_POINT('',(152.65,-10.2,68.8000000000001));
#2858=CARTESIAN_POINT('Ctrl Pts',(155.599576240751,-11.2,68.8000000000001));
#2859=CARTESIAN_POINT('Ctrl Pts',(155.182518578781,-11.2,68.8000000000001));
#2860=CARTESIAN_POINT('Ctrl Pts',(154.559127764646,-11.0601032652957,68.8000000000003));
#2861=CARTESIAN_POINT('Ctrl Pts',(153.591612224822,-10.6800400582588,68.8000000000003));
#2862=CARTESIAN_POINT('Ctrl Pts',(153.029390130666,-10.3933729978713,68.8000000000007));
#2863=CARTESIAN_POINT('Ctrl Pts',(152.655212171517,-10.2026562762068,68.8000000000001));
#2864=CARTESIAN_POINT('Ctrl Pts',(152.65260605425,-10.201328168228,68.8000000000001));
#2865=CARTESIAN_POINT('Ctrl Pts',(152.65,-10.2,68.8000000000001));
#2866=CARTESIAN_POINT('Ctrl Pts',(152.65,-10.2,68.8000000000001));
#2867=CARTESIAN_POINT('Ctrl Pts',(152.652944502854,-10.2006640841138,68.8000000000001));
#2868=CARTESIAN_POINT('Ctrl Pts',(152.65588907806,-10.2013281381034,68.7999979579629));
#2869=CARTESIAN_POINT('Ctrl Pts',(153.078658440062,-10.2966864989355,68.7995970663809));
#2870=CARTESIAN_POINT('Ctrl Pts',(153.711418308853,-10.4400200291294,68.7449595950272));
#2871=CARTESIAN_POINT('Ctrl Pts',(154.700788534941,-10.6300516326478,68.5556118761258));
#2872=CARTESIAN_POINT('Ctrl Pts',(155.259644769856,-10.7,68.4006706765324));
#2873=CARTESIAN_POINT('Ctrl Pts',(155.599576240751,-10.7,68.3000000000001));
#2874=CARTESIAN_POINT('Origin',(155.599576240751,-11.2,68.3000000000001));
#2875=CARTESIAN_POINT('Origin',(80.0000000000001,-11.2,68.3000000000001));
#2876=CARTESIAN_POINT('',(159.291287847478,-11.2,68.8000000000001));
#2877=CARTESIAN_POINT('Origin',(159.291287847478,-11.2,68.3000000000001));
#2878=CARTESIAN_POINT('',(80.0000000000001,-11.2,68.8000000000001));
#2879=CARTESIAN_POINT('Ctrl Pts',(159.291287847478,-11.2,68.8000000000001));
#2880=CARTESIAN_POINT('Ctrl Pts',(159.470581513603,-11.1433360829901,68.8000000000001));
#2881=CARTESIAN_POINT('Ctrl Pts',(159.765288513449,-11.075878974995,68.9142915721419));
#2882=CARTESIAN_POINT('Ctrl Pts',(159.8749445425,-11.0571428571428,69.1840773452354));
#2883=CARTESIAN_POINT('Ctrl Pts',(159.8749445425,-11.0571428571429,69.3000000000008));
#2884=CARTESIAN_POINT('Ctrl Pts',(159.291287847478,-11.0691003061004,68.8000000000001));
#2885=CARTESIAN_POINT('Ctrl Pts',(159.470308417217,-11.0218539245902,68.7848301673964));
#2886=CARTESIAN_POINT('Ctrl Pts',(159.785099818513,-10.9692565195144,68.8896705931691));
#2887=CARTESIAN_POINT('Ctrl Pts',(159.905445605008,-10.9548391834102,69.1767991937839));
#2888=CARTESIAN_POINT('Ctrl Pts',(159.905445605008,-10.9548391834102,69.3000000000009));
#2889=CARTESIAN_POINT('Ctrl Pts',(159.291287847478,-10.8085186490216,68.6914813509786));
#2890=CARTESIAN_POINT('Ctrl Pts',(159.498853157704,-10.7919457303974,68.6637291096516));
#2891=CARTESIAN_POINT('Ctrl Pts',(159.884503660132,-10.7753415398275,68.7860042380236));
#2892=CARTESIAN_POINT('Ctrl Pts',(160.034261687364,-10.7708892366809,69.1455003831224));
#2893=CARTESIAN_POINT('Ctrl Pts',(160.034261687364,-10.7708892366809,69.300000000001));
#2894=CARTESIAN_POINT('Ctrl Pts',(159.291287847478,-10.7,68.4308996938997));
#2895=CARTESIAN_POINT('Ctrl Pts',(159.56636189289,-10.7003079001821,68.4213629693657));
#2896=CARTESIAN_POINT('Ctrl Pts',(160.058524420417,-10.7001486788819,68.614481175083));
#2897=CARTESIAN_POINT('Ctrl Pts',(160.24734824747,-10.7,69.094001522591));
#2898=CARTESIAN_POINT('Ctrl Pts',(160.24734824747,-10.7,69.3000000000014));
#2899=CARTESIAN_POINT('Ctrl Pts',(159.291287847478,-10.7,68.3000000000001));
#2900=CARTESIAN_POINT('Ctrl Pts',(159.600414858038,-10.7,68.3000000000001));
#2901=CARTESIAN_POINT('Ctrl Pts',(160.145788711959,-10.7,68.5285831442838));
#2902=CARTESIAN_POINT('Ctrl Pts',(160.35410196625,-10.7,69.0681546904707));
#2903=CARTESIAN_POINT('Ctrl Pts',(160.35410196625,-10.7,69.3000000000015));
#2904=CARTESIAN_POINT('Ctrl Pts',(159.8749445425,-11.0571428571429,69.3000000000001));
#2905=CARTESIAN_POINT('Ctrl Pts',(159.8749445425,-11.0571428571429,69.2388668753002));
#2906=CARTESIAN_POINT('Ctrl Pts',(159.861904326575,-11.05927148704,69.1778909995601));
#2907=CARTESIAN_POINT('Ctrl Pts',(159.8377595908,-11.0638826389715,69.1212162063891));
#2908=CARTESIAN_POINT('Ctrl Pts',(159.82354637262,-11.0665970736656,69.0878536047776));
#2909=CARTESIAN_POINT('Ctrl Pts',(159.805466699992,-11.0701349239586,69.0558958376048));
#2910=CARTESIAN_POINT('Ctrl Pts',(159.783846331134,-11.0745137939075,69.0261669738834));
#2911=CARTESIAN_POINT('Ctrl Pts',(159.772514438867,-11.0768088927023,69.0105851730773));
#2912=CARTESIAN_POINT('Ctrl Pts',(159.760209340934,-11.0793351352478,68.9956162086378));
#2913=CARTESIAN_POINT('Ctrl Pts',(159.746974791574,-11.082095651039,68.9813837006748));
#2914=CARTESIAN_POINT('Ctrl Pts',(159.73983726995,-11.0835844241445,68.9737079702379));
#2915=CARTESIAN_POINT('Ctrl Pts',(159.732429372627,-11.0851413429439,68.9662465276473));
#2916=CARTESIAN_POINT('Ctrl Pts',(159.724763180832,-11.0867669470841,68.9590040842672));
#2917=CARTESIAN_POINT('Ctrl Pts',(159.697941758071,-11.0924543883915,68.9336652144722));
#2918=CARTESIAN_POINT('Ctrl Pts',(159.668072277644,-11.0989607584416,68.9111213732848));
#2919=CARTESIAN_POINT('Ctrl Pts',(159.635828875428,-11.1063538030188,68.8915720180819));
#2920=CARTESIAN_POINT('Ctrl Pts',(159.605129296997,-11.1133928664005,68.8729586918795));
#2921=CARTESIAN_POINT('Ctrl Pts',(159.572279135729,-11.1212355317271,68.8570608007206));
#2922=CARTESIAN_POINT('Ctrl Pts',(159.53788199703,-11.1299403866981,68.8440121187889));
#2923=CARTESIAN_POINT('Ctrl Pts',(159.505164451149,-11.1382201885268,68.8316005966121));
#2924=CARTESIAN_POINT('Ctrl Pts',(159.470995760788,-11.1472717957437,68.8217356864433));
#2925=CARTESIAN_POINT('Ctrl Pts',(159.435767033038,-11.1570852424529,68.8145088498672));
#2926=CARTESIAN_POINT('Ctrl Pts',(159.401519578951,-11.1666253418853,68.8074833121981));
#2927=CARTESIAN_POINT('Ctrl Pts',(159.36626878695,-11.1768854958062,68.8029502749835));
#2928=CARTESIAN_POINT('Ctrl Pts',(159.33035554909,-11.1878589805927,68.8010376866195));
#2929=CARTESIAN_POINT('Ctrl Pts',(159.317413751813,-11.1918134170064,68.8003484607976));
#2930=CARTESIAN_POINT('Ctrl Pts',(159.304385863508,-11.1958605069026,68.8000000000001));
#2931=CARTESIAN_POINT('Ctrl Pts',(159.291287847478,-11.2,68.8000000000001));
#2932=CARTESIAN_POINT('Origin',(152.65,-10.2,64.4500000000001));
#2933=CARTESIAN_POINT('',(157.,-10.2,64.4500000000001));
#2934=CARTESIAN_POINT('Origin',(152.65,-10.2,64.4500000000001));
#2935=CARTESIAN_POINT('Origin',(157.5,-10.2,64.4500000000001));
#2936=CARTESIAN_POINT('Ctrl Pts',(159.8749445425,11.0571428571429,69.30000000001));
#2937=CARTESIAN_POINT('Ctrl Pts',(159.874944542501,11.0571428571425,69.2227182301656));
#2938=CARTESIAN_POINT('Ctrl Pts',(159.834610245976,11.0644515339273,69.0685074206276));
#2939=CARTESIAN_POINT('Ctrl Pts',(159.639291685941,11.1035214334346,68.8589666551722));
#2940=CARTESIAN_POINT('Ctrl Pts',(159.425758097074,11.1575020622419,68.8000000000003));
#2941=CARTESIAN_POINT('Ctrl Pts',(159.291287847479,11.1999999999997,68.8000000000001));
#2942=CARTESIAN_POINT('Ctrl Pts',(159.905445605008,10.9548391834102,69.3000000000106));
#2943=CARTESIAN_POINT('Ctrl Pts',(159.90544560501,10.95483918341,69.2178661291985));
#2944=CARTESIAN_POINT('Ctrl Pts',(159.861187984945,10.9604301599086,69.0536643367509));
#2945=CARTESIAN_POINT('Ctrl Pts',(159.649995310669,10.9907585217324,68.8374896819585));
#2946=CARTESIAN_POINT('Ctrl Pts',(159.425553274784,11.0336655199672,68.7886226255473));
#2947=CARTESIAN_POINT('Ctrl Pts',(159.291287847479,11.0691003061002,68.8000000000001));
#2948=CARTESIAN_POINT('Ctrl Pts',(160.034261687364,10.7708892366809,69.3000000000133));
#2949=CARTESIAN_POINT('Ctrl Pts',(160.034261687366,10.7708892366808,69.1970002554265));
#2950=CARTESIAN_POINT('Ctrl Pts',(159.97936111827,10.7725469393033,68.9917221144744));
#2951=CARTESIAN_POINT('Ctrl Pts',(159.718379720908,10.7821510987496,68.7237808346845));
#2952=CARTESIAN_POINT('Ctrl Pts',(159.44696183015,10.7960889600533,68.6706671699832));
#2953=CARTESIAN_POINT('Ctrl Pts',(159.291287847479,10.8085186490215,68.6914813509784));
#2954=CARTESIAN_POINT('Ctrl Pts',(160.24734824747,10.7,69.3000000000176));
#2955=CARTESIAN_POINT('Ctrl Pts',(160.247348247473,10.7,69.1626676817427));
#2956=CARTESIAN_POINT('Ctrl Pts',(160.178031030871,10.7001964767305,68.8885810669152));
#2957=CARTESIAN_POINT('Ctrl Pts',(159.847015037874,10.7000939340694,68.5200582946266));
#2958=CARTESIAN_POINT('Ctrl Pts',(159.497593381541,10.7002309251365,68.4237471504994));
#2959=CARTESIAN_POINT('Ctrl Pts',(159.291287847479,10.7,68.4308996938997));
#2960=CARTESIAN_POINT('Ctrl Pts',(160.35410196625,10.7,69.3000000000198));
#2961=CARTESIAN_POINT('Ctrl Pts',(160.354101966253,10.7,69.1454364603311));
#2962=CARTESIAN_POINT('Ctrl Pts',(160.277643960046,10.7,68.8370148412552));
#2963=CARTESIAN_POINT('Ctrl Pts',(159.91156529695,10.7,68.4179333103443));
#2964=CARTESIAN_POINT('Ctrl Pts',(159.523133105402,10.7,68.3000000000004));
#2965=CARTESIAN_POINT('Ctrl Pts',(159.291287847479,10.7,68.3000000000001));
#2966=CARTESIAN_POINT('',(159.29128784748,10.7,68.3000000000001));
#2967=CARTESIAN_POINT('',(159.291287847479,11.1999999999993,68.8000000000001));
#2968=CARTESIAN_POINT('Origin',(159.29128784748,11.2,68.3000000000001));
#2969=CARTESIAN_POINT('Ctrl Pts',(159.291287847479,11.1999999999997,68.8000000000001));
#2970=CARTESIAN_POINT('Ctrl Pts',(159.425758097074,11.1575020622419,68.8000000000003));
#2971=CARTESIAN_POINT('Ctrl Pts',(159.639291685941,11.1035214334346,68.8589666551722));
#2972=CARTESIAN_POINT('Ctrl Pts',(159.834610245976,11.0644515339273,69.0685074206276));
#2973=CARTESIAN_POINT('Ctrl Pts',(159.874944542501,11.0571428571425,69.2227182301656));
#2974=CARTESIAN_POINT('Ctrl Pts',(159.8749445425,11.0571428571429,69.30000000001));
#2975=CARTESIAN_POINT('Ctrl Pts',(159.958056195243,10.7,68.5175615579808));
#2976=CARTESIAN_POINT('Ctrl Pts',(159.953252354007,10.7,68.513940047823));
#2977=CARTESIAN_POINT('Ctrl Pts',(159.762245678075,10.7,68.3725978378051));
#2978=CARTESIAN_POINT('Ctrl Pts',(159.523133105402,10.7,68.3000000000004));
#2979=CARTESIAN_POINT('Ctrl Pts',(159.291287847479,10.7,68.3000000000001));
#2980=CARTESIAN_POINT('Origin',(158.5,11.2,68.3000000000001));
#2981=CARTESIAN_POINT('',(155.599576240751,10.7,68.3000000000001));
#2982=CARTESIAN_POINT('',(155.599576240751,11.2,68.8000000000001));
#2983=CARTESIAN_POINT('Origin',(155.599576240751,11.2,68.3000000000001));
#2984=CARTESIAN_POINT('',(158.5,11.2,68.8000000000001));
#2985=CARTESIAN_POINT('',(158.5,10.7,68.3000000000001));
#2986=CARTESIAN_POINT('Ctrl Pts',(152.65,10.2,68.8000000000002));
#2987=CARTESIAN_POINT('Ctrl Pts',(152.652944502858,10.2006640841104,68.8000000000002));
#2988=CARTESIAN_POINT('Ctrl Pts',(152.655886166715,10.2013283759524,68.7999970728113));
#2989=CARTESIAN_POINT('Ctrl Pts',(153.289463760501,10.3439596982515,68.7996694239273));
#2990=CARTESIAN_POINT('Ctrl Pts',(154.125734142129,10.5358401513182,68.6883725687759));
#2991=CARTESIAN_POINT('Ctrl Pts',(155.071588813389,10.6761176244333,68.4522443529294));
#2992=CARTESIAN_POINT('Ctrl Pts',(155.429610505303,10.7,68.3503353382663));
#2993=CARTESIAN_POINT('Ctrl Pts',(155.599576240751,10.7,68.3000000000001));
#2994=CARTESIAN_POINT('Ctrl Pts',(152.65,10.2,68.8000000000002));
#2995=CARTESIAN_POINT('Ctrl Pts',(152.652791941741,10.2008933984437,68.7999804380565));
#2996=CARTESIAN_POINT('Ctrl Pts',(152.65570133377,10.2017628938035,68.8000193178555));
#2997=CARTESIAN_POINT('Ctrl Pts',(153.261989325204,10.3925972731989,68.7979284702122));
#2998=CARTESIAN_POINT('Ctrl Pts',(154.078940761805,10.6451796271605,68.7670386246193));
#2999=CARTESIAN_POINT('Ctrl Pts',(155.060656787551,10.7449115525209,68.655359727131));
#3000=CARTESIAN_POINT('Ctrl Pts',(155.42908209677,10.7265435736533,68.5952463713163));
#3001=CARTESIAN_POINT('Ctrl Pts',(155.599576240751,10.7,68.5617993877993));
#3002=CARTESIAN_POINT('Ctrl Pts',(152.65,10.2,68.8000000000002));
#3003=CARTESIAN_POINT('Ctrl Pts',(152.652711685459,10.201108323583,68.8000000000002));
#3004=CARTESIAN_POINT('Ctrl Pts',(152.655443844725,10.2022123885909,68.8000000000001));
#3005=CARTESIAN_POINT('Ctrl Pts',(153.239538443237,10.4400845544269,68.8000000000026));
#3006=CARTESIAN_POINT('Ctrl Pts',(154.020443478852,10.7593165465787,68.8));
#3007=CARTESIAN_POINT('Ctrl Pts',(155.017333547797,10.9453644003734,68.8000000000006));
#3008=CARTESIAN_POINT('Ctrl Pts',(155.411093509239,10.9550438363746,68.8000000000001));
#3009=CARTESIAN_POINT('Ctrl Pts',(155.599576240751,10.9382006122008,68.8000000000001));
#3010=CARTESIAN_POINT('Ctrl Pts',(152.65,10.2,68.8000000000002));
#3011=CARTESIAN_POINT('Ctrl Pts',(152.652606054258,10.201328168223,68.8000000000002));
#3012=CARTESIAN_POINT('Ctrl Pts',(152.655210918841,10.2026567519047,68.8000000000001));
#3013=CARTESIAN_POINT('Ctrl Pts',(153.215557893329,10.4879193965028,68.8000000000026));
#3014=CARTESIAN_POINT('Ctrl Pts',(153.962131627778,10.8716803026365,68.8));
#3015=CARTESIAN_POINT('Ctrl Pts',(154.972082131624,11.1522352488665,68.8000000000006));
#3016=CARTESIAN_POINT('Ctrl Pts',(155.391047409766,11.2,68.8000000000001));
#3017=CARTESIAN_POINT('Ctrl Pts',(155.599576240751,11.2,68.8000000000001));
#3018=CARTESIAN_POINT('',(152.65,10.2,68.8000000000001));
#3019=CARTESIAN_POINT('Ctrl Pts',(155.599576240751,10.7,68.3000000000001));
#3020=CARTESIAN_POINT('Ctrl Pts',(155.429610505303,10.7,68.3503353382663));
#3021=CARTESIAN_POINT('Ctrl Pts',(155.071588813389,10.6761176244333,68.4522443529294));
#3022=CARTESIAN_POINT('Ctrl Pts',(154.125734142129,10.5358401513182,68.6883725687759));
#3023=CARTESIAN_POINT('Ctrl Pts',(153.289463760501,10.3439596982515,68.7996694239273));
#3024=CARTESIAN_POINT('Ctrl Pts',(152.655886166715,10.2013283759524,68.7999970728113));
#3025=CARTESIAN_POINT('Ctrl Pts',(152.652944502858,10.2006640841104,68.8000000000002));
#3026=CARTESIAN_POINT('Ctrl Pts',(152.65,10.2,68.8000000000002));
#3027=CARTESIAN_POINT('Ctrl Pts',(152.65,10.2,68.8000000000002));
#3028=CARTESIAN_POINT('Ctrl Pts',(152.652606054258,10.201328168223,68.8000000000002));
#3029=CARTESIAN_POINT('Ctrl Pts',(152.655210918841,10.2026567519047,68.8000000000001));
#3030=CARTESIAN_POINT('Ctrl Pts',(153.215557893329,10.4879193965028,68.8000000000026));
#3031=CARTESIAN_POINT('Ctrl Pts',(153.962131627778,10.8716803026365,68.8));
#3032=CARTESIAN_POINT('Ctrl Pts',(154.972082131624,11.1522352488665,68.8000000000006));
#3033=CARTESIAN_POINT('Ctrl Pts',(155.391047409766,11.2,68.8000000000001));
#3034=CARTESIAN_POINT('Ctrl Pts',(155.599576240751,11.2,68.8000000000001));
#3035=CARTESIAN_POINT('Origin',(152.65,10.2,64.4500000000001));
#3036=CARTESIAN_POINT('',(157.5,10.7,64.4500000000001));
#3037=CARTESIAN_POINT('Origin',(152.65,10.7,64.4500000000001));
#3038=CARTESIAN_POINT('',(157.,10.2,64.4500000000001));
#3039=CARTESIAN_POINT('Origin',(157.5,10.2,64.4500000000001));
#3040=CARTESIAN_POINT('Origin',(152.65,10.2,64.4500000000001));
#3041=CARTESIAN_POINT('Origin',(160.,10.7,-92.1999999999998));
#3042=CARTESIAN_POINT('',(157.5,10.7,-92.1999999999998));
#3043=CARTESIAN_POINT('Origin',(157.5,-10.2,68.8));
#3044=CARTESIAN_POINT('',(157.,-10.2,-92.2000000000001));
#3045=CARTESIAN_POINT('Origin',(157.5,-10.2,-92.2000000000002));
#3046=CARTESIAN_POINT('',(157.,-10.2,68.8));
#3047=CARTESIAN_POINT('Origin',(0.,-13.2,-92.2000000000002));
#3048=CARTESIAN_POINT('',(160.,-10.2,-92.2000000000001));
#3049=CARTESIAN_POINT('',(160.,13.2,-92.1999999999999));
#3050=CARTESIAN_POINT('Origin',(157.,-10.2,-92.2000000000002));
#3051=CARTESIAN_POINT('',(157.,-13.1999999999991,-92.2000000000002));
#3052=CARTESIAN_POINT('',(146.72013226614,-3.,-92.2000000000001));
#3053=CARTESIAN_POINT('Ctrl Pts',(146.72013226614,-3.,-92.2000000000001));
#3054=CARTESIAN_POINT('Ctrl Pts',(146.905866348642,-3.,-92.2000000000001));
#3055=CARTESIAN_POINT('Ctrl Pts',(147.124480188094,-2.95659626352984,-92.2000000000001));
#3056=CARTESIAN_POINT('Ctrl Pts',(147.467521597125,-2.81471018477153,-92.2000000000001));
#3057=CARTESIAN_POINT('Ctrl Pts',(147.652705935567,-2.69120538146618,-92.2000000000001));
#3058=CARTESIAN_POINT('Ctrl Pts',(147.803063796337,-2.54107325380811,-92.2000000000001));
#3059=CARTESIAN_POINT('Ctrl Pts',(147.822145320612,-2.52098722618536,-92.2000000000001));
#3060=CARTESIAN_POINT('Ctrl Pts',(147.840963494492,-2.49999996021406,-92.2000000000001));
#3061=CARTESIAN_POINT('Ctrl Pts',(145.216308760863,-1.5,-92.2));
#3062=CARTESIAN_POINT('Ctrl Pts',(145.216308760863,-1.68496918739468,-92.2));
#3063=CARTESIAN_POINT('Ctrl Pts',(145.259691195757,-1.90265140704924,-92.2));
#3064=CARTESIAN_POINT('Ctrl Pts',(145.401535362008,-2.24457922638414,-92.2));
#3065=CARTESIAN_POINT('Ctrl Pts',(145.525178703587,-2.42926693868624,-92.2000000000001));
#3066=CARTESIAN_POINT('Ctrl Pts',(145.787518374234,-2.69119837858802,-92.2000000000001));
#3067=CARTESIAN_POINT('Ctrl Pts',(145.972716401424,-2.81470649872792,-92.2000000000001));
#3068=CARTESIAN_POINT('Ctrl Pts',(146.315774090492,-2.9565945303039,-92.2000000000001));
#3069=CARTESIAN_POINT('Ctrl Pts',(146.534393417198,-3.,-92.2000000000001));
#3070=CARTESIAN_POINT('Ctrl Pts',(146.72013226614,-3.,-92.2000000000001));
#3071=CARTESIAN_POINT('Origin',(4.47453180136972E-14,-12.7,69.3000000000001));
#3072=CARTESIAN_POINT('',(0.,-13.2,69.3000000000001));
#3073=CARTESIAN_POINT('',(0.,-12.7,68.8000000000001));
#3074=CARTESIAN_POINT('Origin',(0.,-12.7,69.3000000000001));
#3075=CARTESIAN_POINT('',(157.,-12.7,68.8000000000001));
#3076=CARTESIAN_POINT('',(4.47453180136972E-14,-12.7,68.8000000000001));
#3077=CARTESIAN_POINT('Origin',(157.,-12.7,69.3000000000001));
#3078=CARTESIAN_POINT('',(4.47453180136972E-14,-13.2,69.3000000000001));
#3079=CARTESIAN_POINT('Origin',(157.,-10.2,69.3000000000001));
#3080=CARTESIAN_POINT('Origin',(157.,-10.2,68.8000000000001));
#3081=CARTESIAN_POINT('Origin',(8.94906360273944E-14,-13.2,68.8000000000001));
#3082=CARTESIAN_POINT('',(0.,-6.6,68.8000000000001));
#3083=CARTESIAN_POINT('',(152.65,-5.85,68.8000000000001));
#3084=CARTESIAN_POINT('',(39.25,-5.85,68.8000000000001));
#3085=CARTESIAN_POINT('',(152.65,-13.2,68.8000000000001));
#3086=CARTESIAN_POINT('Origin',(0.,-4.44089209850063E-15,-1.59872115546023E-13));
#3087=CARTESIAN_POINT('',(0.,-13.2,70.2999999999997));
#3088=CARTESIAN_POINT('',(0.,-13.2,-92.2000000000002));
#3089=CARTESIAN_POINT('Origin',(0.,-10.2,70.2999999999997));
#3090=CARTESIAN_POINT('Origin',(157.5,10.2,-92.1999999999998));
#3091=CARTESIAN_POINT('',(157.,10.2,-92.1999999999998));
#3092=CARTESIAN_POINT('Origin',(157.,10.2,69.3000000000001));
#3093=CARTESIAN_POINT('',(157.,12.7,68.8000000000001));
#3094=CARTESIAN_POINT('Origin',(157.,10.2,68.8000000000001));
#3095=CARTESIAN_POINT('Origin',(157.,12.7,69.3000000000001));
#3096=CARTESIAN_POINT('Origin',(78.5,12.7,69.3000000000001));
#3097=CARTESIAN_POINT('',(78.5,13.2,69.3000000000001));
#3098=CARTESIAN_POINT('',(78.5,12.7,68.8000000000001));
#3099=CARTESIAN_POINT('Origin',(0.,13.2,-92.1999999999999));
#3100=CARTESIAN_POINT('Origin',(0.,13.1999999999999,769.801960784313));
#3101=CARTESIAN_POINT('Origin',(0.,10.2,769.801960784313));
#3102=CARTESIAN_POINT('Origin',(0.,10.2,769.801960784313));
#3103=CARTESIAN_POINT('Origin',(157.,13.2,68.8000000000001));
#3104=CARTESIAN_POINT('',(152.65,5.84999999999998,68.8000000000001));
#3105=CARTESIAN_POINT('',(152.65,13.2,68.8000000000001));
#3106=CARTESIAN_POINT('',(117.75,5.84999999999998,68.8000000000001));
#3107=CARTESIAN_POINT('Origin',(157.,-10.2,46.0999999999998));
#3108=CARTESIAN_POINT('',(160.,-10.2,46.0999999999998));
#3109=CARTESIAN_POINT('Origin',(150.,-10.2,79.4071312902913));
#3110=CARTESIAN_POINT('',(148.51380454934,-13.2,86.2475423219793));
#3111=CARTESIAN_POINT('Origin',(148.51380454934,-10.2,86.2475423219793));
#3112=CARTESIAN_POINT('Origin',(150.,-13.2,79.4071312902913));
#3113=CARTESIAN_POINT('Origin',(0.,-10.2,769.801960784313));
#3114=CARTESIAN_POINT('Origin',(0.,-13.2,769.801960784313));
#3115=CARTESIAN_POINT('Origin',(0.,-13.2,92.1999999999998));
#3116=CARTESIAN_POINT('Origin',(152.65,13.2,64.4500000000001));
#3117=CARTESIAN_POINT('',(157.,13.2,64.4500000000001));
#3118=CARTESIAN_POINT('Origin',(152.65,5.84999999999998,64.4500000000001));
#3119=CARTESIAN_POINT('Origin',(152.65,-13.2,64.4500000000001));
#3120=CARTESIAN_POINT('Origin',(152.65,-5.85,64.4500000000001));
#3121=CARTESIAN_POINT('',(157.,-13.2,64.4500000000001));
#3122=CARTESIAN_POINT('Origin',(157.75,-7.00000000000001,-82.2000000000001));
#3123=CARTESIAN_POINT('',(157.,-7.00000000000001,-79.4500000000001));
#3124=CARTESIAN_POINT('Origin',(157.,-7.00000000000001,-82.2000000000001));
#3125=CARTESIAN_POINT('',(158.5,-7.00000000000001,-80.9500000000001));
#3126=CARTESIAN_POINT('',(157.75,-7.00000000000001,-80.2000000000001));
#3127=CARTESIAN_POINT('Origin',(158.5,-7.00000000000001,-82.2000000000001));
#3128=CARTESIAN_POINT('Origin',(157.,-13.2,68.8000000000001));
#3129=CARTESIAN_POINT('Origin',(157.,-7.00000000000001,-82.2000000000001));
#3130=CARTESIAN_POINT('Origin',(160.,-7.00000000000001,-82.2000000000001));
#3131=CARTESIAN_POINT('',(160.,-7.00000000000001,-80.9500000000001));
#3132=CARTESIAN_POINT('Origin',(160.,-7.00000000000001,-82.2000000000001));
#3133=CARTESIAN_POINT('',(160.,-7.00000000000001,-80.9500000000001));
#3134=CARTESIAN_POINT('Origin',(157.,13.2,-92.1999999999998));
#3135=CARTESIAN_POINT('Origin',(157.,-7.00000000000001,-82.2000000000001));
#3136=CARTESIAN_POINT('Origin',(152.65,-5.85,64.4500000000001));
#3137=CARTESIAN_POINT('Origin',(152.65,-5.85,64.4500000000001));
#3138=CARTESIAN_POINT('Origin',(39.25,-5.85,64.4500000000001));
#3139=CARTESIAN_POINT('Origin',(152.65,5.84999999999998,64.4500000000001));
#3140=CARTESIAN_POINT('Origin',(152.65,5.84999999999998,64.4500000000001));
#3141=CARTESIAN_POINT('Origin',(117.75,5.84999999999998,64.4500000000001));
#3142=CARTESIAN_POINT('Origin',(6.00000000000003,-1.5,-82.1999999999998));
#3143=CARTESIAN_POINT('Origin',(0.,10.2,92.1999999999998));
#3144=CARTESIAN_POINT('',(0.,10.2,71.7999999999998));
#3145=CARTESIAN_POINT('Origin',(0.,10.2,71.7999999999998));
#3146=CARTESIAN_POINT('',(160.,10.2,71.7999999999998));
#3147=CARTESIAN_POINT('Origin',(160.,-4.44089209850063E-15,-1.59872115546023E-13));
#3148=UNCERTAINTY_MEASURE_WITH_UNIT(LENGTH_MEASURE(0.01),#3152,
'DISTANCE_ACCURACY_VALUE',
'Maximum model space distance between geometric entities at asserted c
onnectivities');
#3149=UNCERTAINTY_MEASURE_WITH_UNIT(LENGTH_MEASURE(0.01),#3152,
'DISTANCE_ACCURACY_VALUE',
'Maximum model space distance between geometric entities at asserted c
onnectivities');
#3150=(
GEOMETRIC_REPRESENTATION_CONTEXT(3)
GLOBAL_UNCERTAINTY_ASSIGNED_CONTEXT((#3148))
GLOBAL_UNIT_ASSIGNED_CONTEXT((#3152,#3154,#3155))
REPRESENTATION_CONTEXT('','3D')
);
#3151=(
GEOMETRIC_REPRESENTATION_CONTEXT(3)
GLOBAL_UNCERTAINTY_ASSIGNED_CONTEXT((#3149))
GLOBAL_UNIT_ASSIGNED_CONTEXT((#3152,#3154,#3155))
REPRESENTATION_CONTEXT('','3D')
);
#3152=(
LENGTH_UNIT()
NAMED_UNIT(*)
SI_UNIT(.MILLI.,.METRE.)
);
#3153=(
LENGTH_UNIT()
NAMED_UNIT(*)
SI_UNIT($,.METRE.)
);
#3154=(
NAMED_UNIT(*)
PLANE_ANGLE_UNIT()
SI_UNIT($,.RADIAN.)
);
#3155=(
NAMED_UNIT(*)
SI_UNIT($,.STERADIAN.)
SOLID_ANGLE_UNIT()
);
#3156=SHAPE_DEFINITION_REPRESENTATION(#3157,#3158);
#3157=PRODUCT_DEFINITION_SHAPE('',$,#3160);
#3158=SHAPE_REPRESENTATION('',(#1631),#3150);
#3159=PRODUCT_DEFINITION_CONTEXT('part definition',#3164,'design');
#3160=PRODUCT_DEFINITION('support_etag\X\E9re_bureau',
'support_etag\X\E9re_bureau v26',#3161,#3159);
#3161=PRODUCT_DEFINITION_FORMATION('',$,#3166);
#3162=PRODUCT_RELATED_PRODUCT_CATEGORY('support_etag\X\E9re_bureau v26',
'support_etag\X\E9re_bureau v26',(#3166));
#3163=APPLICATION_PROTOCOL_DEFINITION('international standard',
'automotive_design',2009,#3164);
#3164=APPLICATION_CONTEXT(
'Core Data for Automotive Mechanical Design Process');
#3165=PRODUCT_CONTEXT('part definition',#3164,'mechanical');
#3166=PRODUCT('support_etag\X\E9re_bureau',
'support_etag\X\E9re_bureau v26',$,(#3165));
#3167=PRESENTATION_STYLE_ASSIGNMENT((#3168));
#3168=SURFACE_STYLE_USAGE(.BOTH.,#3169);
#3169=SURFACE_SIDE_STYLE('',(#3170));
#3170=SURFACE_STYLE_FILL_AREA(#3171);
#3171=FILL_AREA_STYLE('Acier - Satin\X\E9',(#3172));
#3172=FILL_AREA_STYLE_COLOUR('Acier - Satin\X\E9',#3173);
#3173=COLOUR_RGB('Acier - Satin\X\E9',0.627450980392157,0.627450980392157,
0.627450980392157);
ENDSEC;
END-ISO-10303-21;
