ISO-10303-21;
HEADER;
/* Generated by software containing ST-Developer
 * from STEP Tools, Inc. (www.steptools.com) 
 */

FILE_DESCRIPTION(
/* description */ (''),
/* implementation_level */ '2;1');

FILE_NAME(
/* name */ 'support_tagres_central_230_double.step',
/* time_stamp */ '2025-11-07T08:55:18+01:00',
/* author */ (''),
/* organization */ (''),
/* preprocessor_version */ 'ST-DEVELOPER v20.1',
/* originating_system */ 'Autodesk Translation Framework v14.17.0.0',
/* authorisation */ '');

FILE_SCHEMA (('AUTOMOTIVE_DESIGN { 1 0 10303 214 3 1 1 }'));
ENDSEC;

DATA;
#10=MECHANICAL_DESIGN_GEOMETRIC_PRESENTATION_REPRESENTATION('',(#93,#94,
#95,#96),#2718);
#11=SHAPE_REPRESENTATION_RELATIONSHIP('SRR','None',#2725,#12);
#12=ADVANCED_BREP_SHAPE_REPRESENTATION('',(#97,#98,#99,#100),#2717);
#13=FACE_BOUND('',#315,.T.);
#14=FACE_BOUND('',#316,.T.);
#15=FACE_BOUND('',#324,.T.);
#16=FACE_BOUND('',#327,.T.);
#17=FACE_BOUND('',#332,.T.);
#18=FACE_BOUND('',#333,.T.);
#19=FACE_BOUND('',#335,.T.);
#20=FACE_BOUND('',#336,.T.);
#21=FACE_BOUND('',#338,.T.);
#22=FACE_BOUND('',#339,.T.);
#23=FACE_BOUND('',#359,.T.);
#24=FACE_BOUND('',#360,.T.);
#25=FACE_BOUND('',#368,.T.);
#26=FACE_BOUND('',#371,.T.);
#27=FACE_BOUND('',#376,.T.);
#28=FACE_BOUND('',#377,.T.);
#29=FACE_BOUND('',#379,.T.);
#30=FACE_BOUND('',#380,.T.);
#31=FACE_BOUND('',#382,.T.);
#32=FACE_BOUND('',#383,.T.);
#33=TOROIDAL_SURFACE('',#1291,290.,0.5);
#34=TOROIDAL_SURFACE('',#1295,290.,0.5);
#35=TOROIDAL_SURFACE('',#1303,290.,0.5);
#36=TOROIDAL_SURFACE('',#1307,290.,0.5);
#37=TOROIDAL_SURFACE('',#1311,290.,0.5);
#38=TOROIDAL_SURFACE('',#1315,290.,0.5);
#39=TOROIDAL_SURFACE('',#1361,290.,0.5);
#40=TOROIDAL_SURFACE('',#1365,290.,0.5);
#41=TOROIDAL_SURFACE('',#1373,290.,0.5);
#42=TOROIDAL_SURFACE('',#1377,290.,0.5);
#43=TOROIDAL_SURFACE('',#1381,290.,0.5);
#44=TOROIDAL_SURFACE('',#1385,290.,0.5);
#45=B_SPLINE_CURVE_WITH_KNOTS('',3,(#1884,#1885,#1886,#1887,#1888,#1889,
#1890),.UNSPECIFIED.,.F.,.F.,(4,1,1,1,4),(0.100532959395723,0.453494204238817,
1.15941669392501,1.86533918361119,2.57126167329738),.UNSPECIFIED.);
#46=B_SPLINE_CURVE_WITH_KNOTS('',3,(#1893,#1894,#1895,#1896,#1897,#1898,
#1899),.UNSPECIFIED.,.F.,.F.,(4,1,1,1,4),(-2.57126167329738,-1.86533918361119,
-1.15941669392501,-0.453494204238817,-0.100532959395723),.UNSPECIFIED.);
#47=B_SPLINE_CURVE_WITH_KNOTS('',3,(#1936,#1937,#1938,#1939,#1940,#1941),
 .UNSPECIFIED.,.F.,.F.,(4,1,1,4),(-2.4707287139033,-1.76480622421664,-1.05888373452998,
0.),.UNSPECIFIED.);
#48=B_SPLINE_CURVE_WITH_KNOTS('',3,(#1942,#1943,#1944,#1945,#1946,#1947),
 .UNSPECIFIED.,.F.,.F.,(4,1,1,4),(0.,1.05888373452998,1.76480622421664,
2.4707287139033),.UNSPECIFIED.);
#49=B_SPLINE_CURVE_WITH_KNOTS('',3,(#1951,#1952,#1953,#1954,#1955,#1956,
#1957,#1958,#1959,#1960),.UNSPECIFIED.,.F.,.F.,(4,2,2,2,4),(0.154778849455965,
0.172785619962829,0.191609079646555,0.211454789499579,0.232173966438349),
 .UNSPECIFIED.);
#50=B_SPLINE_CURVE_WITH_KNOTS('',3,(#1976,#1977,#1978,#1979,#1980,#1981,
#1982,#1983,#1984,#1985),.UNSPECIFIED.,.F.,.F.,(4,2,2,2,4),(0.38694143138551,
0.407660608324279,0.427506318177303,0.446329777861031,0.464336548367893),
 .UNSPECIFIED.);
#51=B_SPLINE_CURVE_WITH_KNOTS('',3,(#2019,#2020,#2021,#2022,#2023,#2024),
 .UNSPECIFIED.,.F.,.F.,(4,1,1,4),(0.10053295939572,0.806455449081909,1.5123779387681,
2.57126167329738),.UNSPECIFIED.);
#52=B_SPLINE_CURVE_WITH_KNOTS('',3,(#2027,#2028,#2029,#2030,#2031,#2032),
 .UNSPECIFIED.,.F.,.F.,(4,1,1,4),(-2.57126167329738,-1.5123779387681,-0.806455449081909,
-0.10053295939572),.UNSPECIFIED.);
#53=B_SPLINE_CURVE_WITH_KNOTS('',3,(#2069,#2070,#2071,#2072,#2073,#2074),
 .UNSPECIFIED.,.F.,.F.,(4,1,1,4),(-2.4707287139033,-1.76480622421664,-1.05888373452998,
0.),.UNSPECIFIED.);
#54=B_SPLINE_CURVE_WITH_KNOTS('',3,(#2075,#2076,#2077,#2078,#2079,#2080),
 .UNSPECIFIED.,.F.,.F.,(4,1,1,4),(0.,1.05888373452998,1.76480622421664,
2.4707287139033),.UNSPECIFIED.);
#55=B_SPLINE_CURVE_WITH_KNOTS('',3,(#2084,#2085,#2086,#2087,#2088,#2089,
#2090,#2091,#2092,#2093),.UNSPECIFIED.,.F.,.F.,(4,2,2,2,4),(0.154778849455964,
0.172785619962826,0.191609079646556,0.21145478949958,0.23217396643835),
 .UNSPECIFIED.);
#56=B_SPLINE_CURVE_WITH_KNOTS('',3,(#2102,#2103,#2104,#2105,#2106,#2107,
#2108,#2109,#2110,#2111),.UNSPECIFIED.,.F.,.F.,(4,2,2,2,4),(0.38694143138551,
0.40766060832428,0.427506318177303,0.446329777861031,0.464336548367893),
 .UNSPECIFIED.);
#57=B_SPLINE_CURVE_WITH_KNOTS('',3,(#2164,#2165,#2166,#2167,#2168,#2169,
#2170,#2171,#2172,#2173),.UNSPECIFIED.,.F.,.F.,(4,2,2,2,4),(0.,0.140127824190576,
0.280255648381151,0.435953945416693,0.591652242452235),.UNSPECIFIED.);
#58=B_SPLINE_CURVE_WITH_KNOTS('',3,(#2174,#2175,#2176,#2177,#2178,#2179,
#2180,#2181,#2182,#2183,#2184,#2185,#2186,#2187,#2188,#2189,#2190,#2191,
#2192,#2193,#2194,#2195,#2196,#2197,#2198,#2199,#2200,#2201,#2202,#2203),
 .UNSPECIFIED.,.F.,.F.,(4,2,2,2,2,2,2,2,2,2,2,2,2,2,4),(0.591652242452235,
0.77046687074435,0.949281499036465,1.09397357799726,1.16631961747766,1.23866565695806,
1.31101169643846,1.38335773591886,1.52804981487966,1.70686444317177,1.88567907146389,
2.04137736849943,2.19707566553497,2.33720348972555,2.47733131391612),
 .UNSPECIFIED.);
#59=B_SPLINE_CURVE_WITH_KNOTS('',3,(#2208,#2209,#2210,#2211,#2212,#2213,
#2214,#2215,#2216,#2217),.UNSPECIFIED.,.F.,.F.,(4,2,2,2,4),(0.,0.140127824190576,
0.280255648381151,0.435953945416693,0.591652242452235),.UNSPECIFIED.);
#60=B_SPLINE_CURVE_WITH_KNOTS('',3,(#2218,#2219,#2220,#2221,#2222,#2223,
#2224,#2225,#2226,#2227,#2228,#2229,#2230,#2231,#2232,#2233,#2234,#2235,
#2236,#2237,#2238,#2239,#2240,#2241,#2242,#2243,#2244,#2245,#2246,#2247),
 .UNSPECIFIED.,.F.,.F.,(4,2,2,2,2,2,2,2,2,2,2,2,2,2,4),(0.591652242452235,
0.77046687074435,0.949281499036465,1.09397357799726,1.16631961747766,1.23866565695806,
1.31101169643846,1.38335773591886,1.52804981487966,1.70686444317177,1.88567907146389,
2.04137736849943,2.19707566553497,2.33720348972555,2.47733131391612),
 .UNSPECIFIED.);
#61=B_SPLINE_CURVE_WITH_KNOTS('',3,(#2315,#2316,#2317,#2318,#2319,#2320,
#2321),.UNSPECIFIED.,.F.,.F.,(4,1,1,1,4),(0.100532959395723,0.453494204238817,
1.15941669392501,1.86533918361119,2.57126167329738),.UNSPECIFIED.);
#62=B_SPLINE_CURVE_WITH_KNOTS('',3,(#2324,#2325,#2326,#2327,#2328,#2329,
#2330),.UNSPECIFIED.,.F.,.F.,(4,1,1,1,4),(-2.57126167329738,-1.86533918361119,
-1.15941669392501,-0.453494204238817,-0.100532959395723),.UNSPECIFIED.);
#63=B_SPLINE_CURVE_WITH_KNOTS('',3,(#2367,#2368,#2369,#2370,#2371,#2372),
 .UNSPECIFIED.,.F.,.F.,(4,1,1,4),(-2.4707287139033,-1.76480622421664,-1.05888373452998,
0.),.UNSPECIFIED.);
#64=B_SPLINE_CURVE_WITH_KNOTS('',3,(#2373,#2374,#2375,#2376,#2377,#2378),
 .UNSPECIFIED.,.F.,.F.,(4,1,1,4),(0.,1.05888373452998,1.76480622421664,
2.4707287139033),.UNSPECIFIED.);
#65=B_SPLINE_CURVE_WITH_KNOTS('',3,(#2382,#2383,#2384,#2385,#2386,#2387,
#2388,#2389,#2390,#2391),.UNSPECIFIED.,.F.,.F.,(4,2,2,2,4),(0.154778849455965,
0.172785619962829,0.191609079646555,0.211454789499579,0.232173966438349),
 .UNSPECIFIED.);
#66=B_SPLINE_CURVE_WITH_KNOTS('',3,(#2407,#2408,#2409,#2410,#2411,#2412,
#2413,#2414,#2415,#2416),.UNSPECIFIED.,.F.,.F.,(4,2,2,2,4),(0.38694143138551,
0.407660608324279,0.427506318177303,0.446329777861031,0.464336548367893),
 .UNSPECIFIED.);
#67=B_SPLINE_CURVE_WITH_KNOTS('',3,(#2450,#2451,#2452,#2453,#2454,#2455),
 .UNSPECIFIED.,.F.,.F.,(4,1,1,4),(0.10053295939572,0.806455449081909,1.5123779387681,
2.57126167329738),.UNSPECIFIED.);
#68=B_SPLINE_CURVE_WITH_KNOTS('',3,(#2458,#2459,#2460,#2461,#2462,#2463),
 .UNSPECIFIED.,.F.,.F.,(4,1,1,4),(-2.57126167329738,-1.5123779387681,-0.806455449081909,
-0.10053295939572),.UNSPECIFIED.);
#69=B_SPLINE_CURVE_WITH_KNOTS('',3,(#2500,#2501,#2502,#2503,#2504,#2505),
 .UNSPECIFIED.,.F.,.F.,(4,1,1,4),(-2.4707287139033,-1.76480622421664,-1.05888373452998,
0.),.UNSPECIFIED.);
#70=B_SPLINE_CURVE_WITH_KNOTS('',3,(#2506,#2507,#2508,#2509,#2510,#2511),
 .UNSPECIFIED.,.F.,.F.,(4,1,1,4),(0.,1.05888373452998,1.76480622421664,
2.4707287139033),.UNSPECIFIED.);
#71=B_SPLINE_CURVE_WITH_KNOTS('',3,(#2515,#2516,#2517,#2518,#2519,#2520,
#2521,#2522,#2523,#2524),.UNSPECIFIED.,.F.,.F.,(4,2,2,2,4),(0.154778849455964,
0.172785619962826,0.191609079646556,0.21145478949958,0.23217396643835),
 .UNSPECIFIED.);
#72=B_SPLINE_CURVE_WITH_KNOTS('',3,(#2533,#2534,#2535,#2536,#2537,#2538,
#2539,#2540,#2541,#2542),.UNSPECIFIED.,.F.,.F.,(4,2,2,2,4),(0.38694143138551,
0.40766060832428,0.427506318177303,0.446329777861031,0.464336548367893),
 .UNSPECIFIED.);
#73=B_SPLINE_CURVE_WITH_KNOTS('',3,(#2595,#2596,#2597,#2598,#2599,#2600,
#2601,#2602,#2603,#2604),.UNSPECIFIED.,.F.,.F.,(4,2,2,2,4),(0.,0.140127824190576,
0.280255648381151,0.435953945416693,0.591652242452235),.UNSPECIFIED.);
#74=B_SPLINE_CURVE_WITH_KNOTS('',3,(#2605,#2606,#2607,#2608,#2609,#2610,
#2611,#2612,#2613,#2614,#2615,#2616,#2617,#2618,#2619,#2620,#2621,#2622,
#2623,#2624,#2625,#2626,#2627,#2628,#2629,#2630,#2631,#2632,#2633,#2634),
 .UNSPECIFIED.,.F.,.F.,(4,2,2,2,2,2,2,2,2,2,2,2,2,2,4),(0.591652242452235,
0.77046687074435,0.949281499036465,1.09397357799726,1.16631961747766,1.23866565695806,
1.31101169643846,1.38335773591886,1.52804981487966,1.70686444317177,1.88567907146389,
2.04137736849943,2.19707566553497,2.33720348972555,2.47733131391612),
 .UNSPECIFIED.);
#75=B_SPLINE_CURVE_WITH_KNOTS('',3,(#2639,#2640,#2641,#2642,#2643,#2644,
#2645,#2646,#2647,#2648),.UNSPECIFIED.,.F.,.F.,(4,2,2,2,4),(0.,0.140127824190576,
0.280255648381151,0.435953945416693,0.591652242452235),.UNSPECIFIED.);
#76=B_SPLINE_CURVE_WITH_KNOTS('',3,(#2649,#2650,#2651,#2652,#2653,#2654,
#2655,#2656,#2657,#2658,#2659,#2660,#2661,#2662,#2663,#2664,#2665,#2666,
#2667,#2668,#2669,#2670,#2671,#2672,#2673,#2674,#2675,#2676,#2677,#2678),
 .UNSPECIFIED.,.F.,.F.,(4,2,2,2,2,2,2,2,2,2,2,2,2,2,4),(0.591652242452235,
0.77046687074435,0.949281499036465,1.09397357799726,1.16631961747766,1.23866565695806,
1.31101169643846,1.38335773591886,1.52804981487966,1.70686444317177,1.88567907146389,
2.04137736849943,2.19707566553497,2.33720348972555,2.47733131391612),
 .UNSPECIFIED.);
#77=B_SPLINE_SURFACE_WITH_KNOTS('',3,3,((#1848,#1849,#1850,#1851,#1852,
#1853,#1854),(#1855,#1856,#1857,#1858,#1859,#1860,#1861),(#1862,#1863,#1864,
#1865,#1866,#1867,#1868),(#1869,#1870,#1871,#1872,#1873,#1874,#1875),(#1876,
#1877,#1878,#1879,#1880,#1881,#1882)),.UNSPECIFIED.,.F.,.F.,.F.,(4,1,4),
(4,1,1,1,4),(0.,0.5,1.),(0.100532959395723,0.453494204238817,1.15941669392501,
1.86533918361119,2.57126167329738),.UNSPECIFIED.);
#78=B_SPLINE_SURFACE_WITH_KNOTS('',3,3,((#1906,#1907,#1908,#1909,#1910,
#1911),(#1912,#1913,#1914,#1915,#1916,#1917),(#1918,#1919,#1920,#1921,#1922,
#1923),(#1924,#1925,#1926,#1927,#1928,#1929),(#1930,#1931,#1932,#1933,#1934,
#1935)),.UNSPECIFIED.,.F.,.F.,.F.,(4,1,4),(4,1,1,4),(0.,0.5,1.),(0.,1.05888373452998,
1.76480622421664,2.4707287139033),.UNSPECIFIED.);
#79=B_SPLINE_SURFACE_WITH_KNOTS('',3,3,((#1988,#1989,#1990,#1991,#1992,
#1993),(#1994,#1995,#1996,#1997,#1998,#1999),(#2000,#2001,#2002,#2003,#2004,
#2005),(#2006,#2007,#2008,#2009,#2010,#2011),(#2012,#2013,#2014,#2015,#2016,
#2017)),.UNSPECIFIED.,.F.,.F.,.F.,(4,1,4),(4,1,1,4),(0.,0.5,1.),(0.10053295939572,
0.806455449081909,1.5123779387681,2.57126167329738),.UNSPECIFIED.);
#80=B_SPLINE_SURFACE_WITH_KNOTS('',3,3,((#2039,#2040,#2041,#2042,#2043,
#2044),(#2045,#2046,#2047,#2048,#2049,#2050),(#2051,#2052,#2053,#2054,#2055,
#2056),(#2057,#2058,#2059,#2060,#2061,#2062),(#2063,#2064,#2065,#2066,#2067,
#2068)),.UNSPECIFIED.,.F.,.F.,.F.,(4,1,4),(4,1,1,4),(0.,0.5,1.),(0.,1.05888373452998,
1.76480622421664,2.4707287139033),.UNSPECIFIED.);
#81=B_SPLINE_SURFACE_WITH_KNOTS('',3,3,((#2279,#2280,#2281,#2282,#2283,
#2284,#2285),(#2286,#2287,#2288,#2289,#2290,#2291,#2292),(#2293,#2294,#2295,
#2296,#2297,#2298,#2299),(#2300,#2301,#2302,#2303,#2304,#2305,#2306),(#2307,
#2308,#2309,#2310,#2311,#2312,#2313)),.UNSPECIFIED.,.F.,.F.,.F.,(4,1,4),
(4,1,1,1,4),(0.,0.5,1.),(0.100532959395723,0.453494204238817,1.15941669392501,
1.86533918361119,2.57126167329738),.UNSPECIFIED.);
#82=B_SPLINE_SURFACE_WITH_KNOTS('',3,3,((#2337,#2338,#2339,#2340,#2341,
#2342),(#2343,#2344,#2345,#2346,#2347,#2348),(#2349,#2350,#2351,#2352,#2353,
#2354),(#2355,#2356,#2357,#2358,#2359,#2360),(#2361,#2362,#2363,#2364,#2365,
#2366)),.UNSPECIFIED.,.F.,.F.,.F.,(4,1,4),(4,1,1,4),(0.,0.5,1.),(0.,1.05888373452998,
1.76480622421664,2.4707287139033),.UNSPECIFIED.);
#83=B_SPLINE_SURFACE_WITH_KNOTS('',3,3,((#2419,#2420,#2421,#2422,#2423,
#2424),(#2425,#2426,#2427,#2428,#2429,#2430),(#2431,#2432,#2433,#2434,#2435,
#2436),(#2437,#2438,#2439,#2440,#2441,#2442),(#2443,#2444,#2445,#2446,#2447,
#2448)),.UNSPECIFIED.,.F.,.F.,.F.,(4,1,4),(4,1,1,4),(0.,0.5,1.),(0.10053295939572,
0.806455449081909,1.5123779387681,2.57126167329738),.UNSPECIFIED.);
#84=B_SPLINE_SURFACE_WITH_KNOTS('',3,3,((#2470,#2471,#2472,#2473,#2474,
#2475),(#2476,#2477,#2478,#2479,#2480,#2481),(#2482,#2483,#2484,#2485,#2486,
#2487),(#2488,#2489,#2490,#2491,#2492,#2493),(#2494,#2495,#2496,#2497,#2498,
#2499)),.UNSPECIFIED.,.F.,.F.,.F.,(4,1,4),(4,1,1,4),(0.,0.5,1.),(0.,1.05888373452998,
1.76480622421664,2.4707287139033),.UNSPECIFIED.);
#85=SPHERICAL_SURFACE('',#1278,0.500000000000003);
#86=SPHERICAL_SURFACE('',#1282,0.500000000000001);
#87=SPHERICAL_SURFACE('',#1286,0.499999999999994);
#88=SPHERICAL_SURFACE('',#1298,0.500000000000003);
#89=SPHERICAL_SURFACE('',#1348,0.500000000000003);
#90=SPHERICAL_SURFACE('',#1352,0.500000000000001);
#91=SPHERICAL_SURFACE('',#1356,0.499999999999994);
#92=SPHERICAL_SURFACE('',#1368,0.500000000000003);
#93=STYLED_ITEM('',(#2734),#97);
#94=STYLED_ITEM('',(#2734),#98);
#95=STYLED_ITEM('',(#2734),#99);
#96=STYLED_ITEM('',(#2734),#100);
#97=MANIFOLD_SOLID_BREP('Corps9',#1253);
#98=MANIFOLD_SOLID_BREP('Corps12',#1254);
#99=MANIFOLD_SOLID_BREP('Corps13',#1255);
#100=MANIFOLD_SOLID_BREP('Corps14',#1256);
#101=CIRCLE('',#1272,3.75);
#102=CIRCLE('',#1273,3.75);
#103=CIRCLE('',#1279,0.500000000000023);
#104=CIRCLE('',#1280,0.500000000000003);
#105=CIRCLE('',#1281,0.50000000000001);
#106=CIRCLE('',#1283,0.500000000000005);
#107=CIRCLE('',#1284,0.500000000000001);
#108=CIRCLE('',#1285,0.5);
#109=CIRCLE('',#1287,0.500000000000005);
#110=CIRCLE('',#1288,0.499999999999995);
#111=CIRCLE('',#1289,0.5);
#112=CIRCLE('',#1290,0.499999999999996);
#113=CIRCLE('',#1292,0.500000000000021);
#114=CIRCLE('',#1293,290.);
#115=CIRCLE('',#1294,289.5);
#116=CIRCLE('',#1296,290.);
#117=CIRCLE('',#1297,289.5);
#118=CIRCLE('',#1299,0.499999999999987);
#119=CIRCLE('',#1300,0.500000000000003);
#120=CIRCLE('',#1301,0.500000000000003);
#121=CIRCLE('',#1304,289.5);
#122=CIRCLE('',#1305,290.);
#123=CIRCLE('',#1306,0.499999999999998);
#124=CIRCLE('',#1308,0.499999999999994);
#125=CIRCLE('',#1309,290.);
#126=CIRCLE('',#1310,289.5);
#127=CIRCLE('',#1312,290.);
#128=CIRCLE('',#1313,289.5);
#129=CIRCLE('',#1316,289.5);
#130=CIRCLE('',#1317,290.);
#131=CIRCLE('',#1320,2.75);
#132=CIRCLE('',#1321,2.75);
#133=CIRCLE('',#1325,289.5);
#134=CIRCLE('',#1327,2.75);
#135=CIRCLE('',#1329,2.75);
#136=CIRCLE('',#1331,1.5);
#137=CIRCLE('',#1332,1.5);
#138=CIRCLE('',#1334,3.75);
#139=CIRCLE('',#1336,1.5);
#140=CIRCLE('',#1337,1.5);
#141=CIRCLE('',#1339,3.75);
#142=CIRCLE('',#1343,289.5);
#143=CIRCLE('',#1349,0.500000000000023);
#144=CIRCLE('',#1350,0.500000000000003);
#145=CIRCLE('',#1351,0.50000000000001);
#146=CIRCLE('',#1353,0.500000000000005);
#147=CIRCLE('',#1354,0.500000000000001);
#148=CIRCLE('',#1355,0.5);
#149=CIRCLE('',#1357,0.500000000000005);
#150=CIRCLE('',#1358,0.499999999999995);
#151=CIRCLE('',#1359,0.5);
#152=CIRCLE('',#1360,0.499999999999996);
#153=CIRCLE('',#1362,0.500000000000021);
#154=CIRCLE('',#1363,290.);
#155=CIRCLE('',#1364,289.5);
#156=CIRCLE('',#1366,290.);
#157=CIRCLE('',#1367,289.5);
#158=CIRCLE('',#1369,0.499999999999987);
#159=CIRCLE('',#1370,0.500000000000003);
#160=CIRCLE('',#1371,0.500000000000003);
#161=CIRCLE('',#1374,289.5);
#162=CIRCLE('',#1375,290.);
#163=CIRCLE('',#1376,0.499999999999998);
#164=CIRCLE('',#1378,0.499999999999994);
#165=CIRCLE('',#1379,290.);
#166=CIRCLE('',#1380,289.5);
#167=CIRCLE('',#1382,290.);
#168=CIRCLE('',#1383,289.5);
#169=CIRCLE('',#1386,289.5);
#170=CIRCLE('',#1387,290.);
#171=CIRCLE('',#1390,2.75);
#172=CIRCLE('',#1391,2.75);
#173=CIRCLE('',#1395,289.5);
#174=CIRCLE('',#1397,2.75);
#175=CIRCLE('',#1399,2.75);
#176=CIRCLE('',#1401,1.5);
#177=CIRCLE('',#1402,1.5);
#178=CIRCLE('',#1404,3.75);
#179=CIRCLE('',#1406,1.5);
#180=CIRCLE('',#1407,1.5);
#181=CIRCLE('',#1409,3.75);
#182=CIRCLE('',#1413,289.5);
#183=CIRCLE('',#1420,3.75);
#184=CIRCLE('',#1421,3.75);
#185=CYLINDRICAL_SURFACE('',#1271,3.75);
#186=CYLINDRICAL_SURFACE('',#1302,0.5);
#187=CYLINDRICAL_SURFACE('',#1314,0.5);
#188=CYLINDRICAL_SURFACE('',#1318,15.);
#189=CYLINDRICAL_SURFACE('',#1324,289.5);
#190=CYLINDRICAL_SURFACE('',#1326,2.75);
#191=CYLINDRICAL_SURFACE('',#1328,2.75);
#192=CYLINDRICAL_SURFACE('',#1330,1.5);
#193=CYLINDRICAL_SURFACE('',#1335,1.5);
#194=CYLINDRICAL_SURFACE('',#1340,3.75);
#195=CYLINDRICAL_SURFACE('',#1341,3.75);
#196=CYLINDRICAL_SURFACE('',#1342,289.5);
#197=CYLINDRICAL_SURFACE('',#1346,15.);
#198=CYLINDRICAL_SURFACE('',#1372,0.5);
#199=CYLINDRICAL_SURFACE('',#1384,0.5);
#200=CYLINDRICAL_SURFACE('',#1388,15.);
#201=CYLINDRICAL_SURFACE('',#1394,289.5);
#202=CYLINDRICAL_SURFACE('',#1396,2.75);
#203=CYLINDRICAL_SURFACE('',#1398,2.75);
#204=CYLINDRICAL_SURFACE('',#1400,1.5);
#205=CYLINDRICAL_SURFACE('',#1405,1.5);
#206=CYLINDRICAL_SURFACE('',#1410,3.75);
#207=CYLINDRICAL_SURFACE('',#1411,3.75);
#208=CYLINDRICAL_SURFACE('',#1412,289.5);
#209=CYLINDRICAL_SURFACE('',#1416,15.);
#210=CYLINDRICAL_SURFACE('',#1419,3.75);
#211=FACE_OUTER_BOUND('',#291,.T.);
#212=FACE_OUTER_BOUND('',#292,.T.);
#213=FACE_OUTER_BOUND('',#293,.T.);
#214=FACE_OUTER_BOUND('',#294,.T.);
#215=FACE_OUTER_BOUND('',#295,.T.);
#216=FACE_OUTER_BOUND('',#296,.T.);
#217=FACE_OUTER_BOUND('',#297,.T.);
#218=FACE_OUTER_BOUND('',#298,.T.);
#219=FACE_OUTER_BOUND('',#299,.T.);
#220=FACE_OUTER_BOUND('',#300,.T.);
#221=FACE_OUTER_BOUND('',#301,.T.);
#222=FACE_OUTER_BOUND('',#302,.T.);
#223=FACE_OUTER_BOUND('',#303,.T.);
#224=FACE_OUTER_BOUND('',#304,.T.);
#225=FACE_OUTER_BOUND('',#305,.T.);
#226=FACE_OUTER_BOUND('',#306,.T.);
#227=FACE_OUTER_BOUND('',#307,.T.);
#228=FACE_OUTER_BOUND('',#308,.T.);
#229=FACE_OUTER_BOUND('',#309,.T.);
#230=FACE_OUTER_BOUND('',#310,.T.);
#231=FACE_OUTER_BOUND('',#311,.T.);
#232=FACE_OUTER_BOUND('',#312,.T.);
#233=FACE_OUTER_BOUND('',#313,.T.);
#234=FACE_OUTER_BOUND('',#314,.T.);
#235=FACE_OUTER_BOUND('',#317,.T.);
#236=FACE_OUTER_BOUND('',#318,.T.);
#237=FACE_OUTER_BOUND('',#319,.T.);
#238=FACE_OUTER_BOUND('',#320,.T.);
#239=FACE_OUTER_BOUND('',#321,.T.);
#240=FACE_OUTER_BOUND('',#322,.T.);
#241=FACE_OUTER_BOUND('',#323,.T.);
#242=FACE_OUTER_BOUND('',#325,.T.);
#243=FACE_OUTER_BOUND('',#326,.T.);
#244=FACE_OUTER_BOUND('',#328,.T.);
#245=FACE_OUTER_BOUND('',#329,.T.);
#246=FACE_OUTER_BOUND('',#330,.T.);
#247=FACE_OUTER_BOUND('',#331,.T.);
#248=FACE_OUTER_BOUND('',#334,.T.);
#249=FACE_OUTER_BOUND('',#337,.T.);
#250=FACE_OUTER_BOUND('',#340,.T.);
#251=FACE_OUTER_BOUND('',#341,.T.);
#252=FACE_OUTER_BOUND('',#342,.T.);
#253=FACE_OUTER_BOUND('',#343,.T.);
#254=FACE_OUTER_BOUND('',#344,.T.);
#255=FACE_OUTER_BOUND('',#345,.T.);
#256=FACE_OUTER_BOUND('',#346,.T.);
#257=FACE_OUTER_BOUND('',#347,.T.);
#258=FACE_OUTER_BOUND('',#348,.T.);
#259=FACE_OUTER_BOUND('',#349,.T.);
#260=FACE_OUTER_BOUND('',#350,.T.);
#261=FACE_OUTER_BOUND('',#351,.T.);
#262=FACE_OUTER_BOUND('',#352,.T.);
#263=FACE_OUTER_BOUND('',#353,.T.);
#264=FACE_OUTER_BOUND('',#354,.T.);
#265=FACE_OUTER_BOUND('',#355,.T.);
#266=FACE_OUTER_BOUND('',#356,.T.);
#267=FACE_OUTER_BOUND('',#357,.T.);
#268=FACE_OUTER_BOUND('',#358,.T.);
#269=FACE_OUTER_BOUND('',#361,.T.);
#270=FACE_OUTER_BOUND('',#362,.T.);
#271=FACE_OUTER_BOUND('',#363,.T.);
#272=FACE_OUTER_BOUND('',#364,.T.);
#273=FACE_OUTER_BOUND('',#365,.T.);
#274=FACE_OUTER_BOUND('',#366,.T.);
#275=FACE_OUTER_BOUND('',#367,.T.);
#276=FACE_OUTER_BOUND('',#369,.T.);
#277=FACE_OUTER_BOUND('',#370,.T.);
#278=FACE_OUTER_BOUND('',#372,.T.);
#279=FACE_OUTER_BOUND('',#373,.T.);
#280=FACE_OUTER_BOUND('',#374,.T.);
#281=FACE_OUTER_BOUND('',#375,.T.);
#282=FACE_OUTER_BOUND('',#378,.T.);
#283=FACE_OUTER_BOUND('',#381,.T.);
#284=FACE_OUTER_BOUND('',#384,.T.);
#285=FACE_OUTER_BOUND('',#385,.T.);
#286=FACE_OUTER_BOUND('',#386,.T.);
#287=FACE_OUTER_BOUND('',#387,.T.);
#288=FACE_OUTER_BOUND('',#388,.T.);
#289=FACE_OUTER_BOUND('',#389,.T.);
#290=FACE_OUTER_BOUND('',#390,.T.);
#291=EDGE_LOOP('',(#795,#796,#797,#798));
#292=EDGE_LOOP('',(#799,#800,#801,#802));
#293=EDGE_LOOP('',(#803,#804,#805,#806));
#294=EDGE_LOOP('',(#807,#808,#809,#810));
#295=EDGE_LOOP('',(#811,#812,#813,#814));
#296=EDGE_LOOP('',(#815,#816,#817,#818));
#297=EDGE_LOOP('',(#819,#820,#821));
#298=EDGE_LOOP('',(#822,#823,#824));
#299=EDGE_LOOP('',(#825,#826,#827));
#300=EDGE_LOOP('',(#828,#829,#830,#831));
#301=EDGE_LOOP('',(#832,#833,#834,#835));
#302=EDGE_LOOP('',(#836,#837,#838,#839));
#303=EDGE_LOOP('',(#840,#841,#842,#843));
#304=EDGE_LOOP('',(#844,#845,#846));
#305=EDGE_LOOP('',(#847,#848,#849,#850));
#306=EDGE_LOOP('',(#851,#852,#853,#854));
#307=EDGE_LOOP('',(#855,#856,#857,#858));
#308=EDGE_LOOP('',(#859,#860,#861,#862));
#309=EDGE_LOOP('',(#863,#864,#865,#866));
#310=EDGE_LOOP('',(#867,#868,#869,#870));
#311=EDGE_LOOP('',(#871,#872,#873,#874));
#312=EDGE_LOOP('',(#875,#876,#877,#878));
#313=EDGE_LOOP('',(#879,#880,#881,#882));
#314=EDGE_LOOP('',(#883,#884,#885,#886));
#315=EDGE_LOOP('',(#887));
#316=EDGE_LOOP('',(#888));
#317=EDGE_LOOP('',(#889,#890,#891,#892));
#318=EDGE_LOOP('',(#893,#894,#895,#896,#897,#898));
#319=EDGE_LOOP('',(#899,#900,#901,#902,#903,#904,#905,#906));
#320=EDGE_LOOP('',(#907,#908,#909,#910));
#321=EDGE_LOOP('',(#911,#912,#913,#914));
#322=EDGE_LOOP('',(#915,#916,#917,#918));
#323=EDGE_LOOP('',(#919));
#324=EDGE_LOOP('',(#920));
#325=EDGE_LOOP('',(#921,#922,#923,#924));
#326=EDGE_LOOP('',(#925));
#327=EDGE_LOOP('',(#926));
#328=EDGE_LOOP('',(#927,#928,#929,#930,#931));
#329=EDGE_LOOP('',(#932,#933,#934,#935,#936));
#330=EDGE_LOOP('',(#937,#938,#939,#940,#941,#942,#943,#944));
#331=EDGE_LOOP('',(#945,#946,#947,#948));
#332=EDGE_LOOP('',(#949));
#333=EDGE_LOOP('',(#950));
#334=EDGE_LOOP('',(#951,#952,#953,#954,#955,#956));
#335=EDGE_LOOP('',(#957));
#336=EDGE_LOOP('',(#958));
#337=EDGE_LOOP('',(#959,#960,#961,#962));
#338=EDGE_LOOP('',(#963,#964));
#339=EDGE_LOOP('',(#965,#966));
#340=EDGE_LOOP('',(#967,#968,#969,#970));
#341=EDGE_LOOP('',(#971,#972,#973));
#342=EDGE_LOOP('',(#974,#975,#976));
#343=EDGE_LOOP('',(#977,#978,#979));
#344=EDGE_LOOP('',(#980,#981,#982,#983));
#345=EDGE_LOOP('',(#984,#985,#986,#987));
#346=EDGE_LOOP('',(#988,#989,#990,#991));
#347=EDGE_LOOP('',(#992,#993,#994,#995));
#348=EDGE_LOOP('',(#996,#997,#998));
#349=EDGE_LOOP('',(#999,#1000,#1001,#1002));
#350=EDGE_LOOP('',(#1003,#1004,#1005,#1006));
#351=EDGE_LOOP('',(#1007,#1008,#1009,#1010));
#352=EDGE_LOOP('',(#1011,#1012,#1013,#1014));
#353=EDGE_LOOP('',(#1015,#1016,#1017,#1018));
#354=EDGE_LOOP('',(#1019,#1020,#1021,#1022));
#355=EDGE_LOOP('',(#1023,#1024,#1025,#1026));
#356=EDGE_LOOP('',(#1027,#1028,#1029,#1030));
#357=EDGE_LOOP('',(#1031,#1032,#1033,#1034));
#358=EDGE_LOOP('',(#1035,#1036,#1037,#1038));
#359=EDGE_LOOP('',(#1039));
#360=EDGE_LOOP('',(#1040));
#361=EDGE_LOOP('',(#1041,#1042,#1043,#1044));
#362=EDGE_LOOP('',(#1045,#1046,#1047,#1048,#1049,#1050));
#363=EDGE_LOOP('',(#1051,#1052,#1053,#1054,#1055,#1056,#1057,#1058));
#364=EDGE_LOOP('',(#1059,#1060,#1061,#1062));
#365=EDGE_LOOP('',(#1063,#1064,#1065,#1066));
#366=EDGE_LOOP('',(#1067,#1068,#1069,#1070));
#367=EDGE_LOOP('',(#1071));
#368=EDGE_LOOP('',(#1072));
#369=EDGE_LOOP('',(#1073,#1074,#1075,#1076));
#370=EDGE_LOOP('',(#1077));
#371=EDGE_LOOP('',(#1078));
#372=EDGE_LOOP('',(#1079,#1080,#1081,#1082,#1083));
#373=EDGE_LOOP('',(#1084,#1085,#1086,#1087,#1088));
#374=EDGE_LOOP('',(#1089,#1090,#1091,#1092,#1093,#1094,#1095,#1096));
#375=EDGE_LOOP('',(#1097,#1098,#1099,#1100));
#376=EDGE_LOOP('',(#1101));
#377=EDGE_LOOP('',(#1102));
#378=EDGE_LOOP('',(#1103,#1104,#1105,#1106,#1107,#1108));
#379=EDGE_LOOP('',(#1109));
#380=EDGE_LOOP('',(#1110));
#381=EDGE_LOOP('',(#1111,#1112,#1113,#1114));
#382=EDGE_LOOP('',(#1115,#1116));
#383=EDGE_LOOP('',(#1117,#1118));
#384=EDGE_LOOP('',(#1119,#1120,#1121,#1122));
#385=EDGE_LOOP('',(#1123,#1124,#1125,#1126));
#386=EDGE_LOOP('',(#1127,#1128,#1129,#1130));
#387=EDGE_LOOP('',(#1131,#1132,#1133,#1134));
#388=EDGE_LOOP('',(#1135,#1136,#1137,#1138));
#389=EDGE_LOOP('',(#1139,#1140,#1141,#1142));
#390=EDGE_LOOP('',(#1143,#1144,#1145,#1146));
#391=LINE('',#1804,#451);
#392=LINE('',#1806,#452);
#393=LINE('',#1808,#453);
#394=LINE('',#1809,#454);
#395=LINE('',#1814,#455);
#396=LINE('',#1818,#456);
#397=LINE('',#1820,#457);
#398=LINE('',#1821,#458);
#399=LINE('',#1823,#459);
#400=LINE('',#1825,#460);
#401=LINE('',#1971,#461);
#402=LINE('',#1972,#462);
#403=LINE('',#2097,#463);
#404=LINE('',#2098,#464);
#405=LINE('',#2115,#465);
#406=LINE('',#2117,#466);
#407=LINE('',#2123,#467);
#408=LINE('',#2126,#468);
#409=LINE('',#2128,#469);
#410=LINE('',#2129,#470);
#411=LINE('',#2132,#471);
#412=LINE('',#2137,#472);
#413=LINE('',#2141,#473);
#414=LINE('',#2146,#474);
#415=LINE('',#2155,#475);
#416=LINE('',#2162,#476);
#417=LINE('',#2206,#477);
#418=LINE('',#2251,#478);
#419=LINE('',#2253,#479);
#420=LINE('',#2255,#480);
#421=LINE('',#2402,#481);
#422=LINE('',#2403,#482);
#423=LINE('',#2528,#483);
#424=LINE('',#2529,#484);
#425=LINE('',#2546,#485);
#426=LINE('',#2548,#486);
#427=LINE('',#2554,#487);
#428=LINE('',#2557,#488);
#429=LINE('',#2559,#489);
#430=LINE('',#2560,#490);
#431=LINE('',#2563,#491);
#432=LINE('',#2568,#492);
#433=LINE('',#2572,#493);
#434=LINE('',#2577,#494);
#435=LINE('',#2586,#495);
#436=LINE('',#2593,#496);
#437=LINE('',#2637,#497);
#438=LINE('',#2682,#498);
#439=LINE('',#2684,#499);
#440=LINE('',#2686,#500);
#441=LINE('',#2692,#501);
#442=LINE('',#2694,#502);
#443=LINE('',#2696,#503);
#444=LINE('',#2697,#504);
#445=LINE('',#2702,#505);
#446=LINE('',#2706,#506);
#447=LINE('',#2708,#507);
#448=LINE('',#2709,#508);
#449=LINE('',#2711,#509);
#450=LINE('',#2713,#510);
#451=VECTOR('',#1430,10.);
#452=VECTOR('',#1431,10.);
#453=VECTOR('',#1432,10.);
#454=VECTOR('',#1433,10.);
#455=VECTOR('',#1438,10.);
#456=VECTOR('',#1443,10.);
#457=VECTOR('',#1444,10.);
#458=VECTOR('',#1445,10.);
#459=VECTOR('',#1448,10.);
#460=VECTOR('',#1451,10.);
#461=VECTOR('',#1504,10.);
#462=VECTOR('',#1505,10.);
#463=VECTOR('',#1530,10.);
#464=VECTOR('',#1531,10.);
#465=VECTOR('',#1540,10.);
#466=VECTOR('',#1543,10.);
#467=VECTOR('',#1550,10.);
#468=VECTOR('',#1553,10.);
#469=VECTOR('',#1554,10.);
#470=VECTOR('',#1555,10.);
#471=VECTOR('',#1558,10.);
#472=VECTOR('',#1565,2.75);
#473=VECTOR('',#1570,2.75);
#474=VECTOR('',#1575,1.5);
#475=VECTOR('',#1586,1.5);
#476=VECTOR('',#1595,3.75);
#477=VECTOR('',#1598,3.75);
#478=VECTOR('',#1603,10.);
#479=VECTOR('',#1606,10.);
#480=VECTOR('',#1609,10.);
#481=VECTOR('',#1664,10.);
#482=VECTOR('',#1665,10.);
#483=VECTOR('',#1690,10.);
#484=VECTOR('',#1691,10.);
#485=VECTOR('',#1700,10.);
#486=VECTOR('',#1703,10.);
#487=VECTOR('',#1710,10.);
#488=VECTOR('',#1713,10.);
#489=VECTOR('',#1714,10.);
#490=VECTOR('',#1715,10.);
#491=VECTOR('',#1718,10.);
#492=VECTOR('',#1725,2.75);
#493=VECTOR('',#1730,2.75);
#494=VECTOR('',#1735,1.5);
#495=VECTOR('',#1746,1.5);
#496=VECTOR('',#1755,3.75);
#497=VECTOR('',#1758,3.75);
#498=VECTOR('',#1763,10.);
#499=VECTOR('',#1766,10.);
#500=VECTOR('',#1769,10.);
#501=VECTOR('',#1776,10.);
#502=VECTOR('',#1777,10.);
#503=VECTOR('',#1778,10.);
#504=VECTOR('',#1779,10.);
#505=VECTOR('',#1784,10.);
#506=VECTOR('',#1789,10.);
#507=VECTOR('',#1790,10.);
#508=VECTOR('',#1791,10.);
#509=VECTOR('',#1794,10.);
#510=VECTOR('',#1797,10.);
#511=VERTEX_POINT('',#1802);
#512=VERTEX_POINT('',#1803);
#513=VERTEX_POINT('',#1805);
#514=VERTEX_POINT('',#1807);
#515=VERTEX_POINT('',#1811);
#516=VERTEX_POINT('',#1813);
#517=VERTEX_POINT('',#1817);
#518=VERTEX_POINT('',#1819);
#519=VERTEX_POINT('',#1828);
#520=VERTEX_POINT('',#1829);
#521=VERTEX_POINT('',#1831);
#522=VERTEX_POINT('',#1835);
#523=VERTEX_POINT('',#1836);
#524=VERTEX_POINT('',#1838);
#525=VERTEX_POINT('',#1842);
#526=VERTEX_POINT('',#1843);
#527=VERTEX_POINT('',#1845);
#528=VERTEX_POINT('',#1883);
#529=VERTEX_POINT('',#1891);
#530=VERTEX_POINT('',#1901);
#531=VERTEX_POINT('',#1902);
#532=VERTEX_POINT('',#1949);
#533=VERTEX_POINT('',#1950);
#534=VERTEX_POINT('',#1964);
#535=VERTEX_POINT('',#1965);
#536=VERTEX_POINT('',#1967);
#537=VERTEX_POINT('',#1974);
#538=VERTEX_POINT('',#1975);
#539=VERTEX_POINT('',#2018);
#540=VERTEX_POINT('',#2025);
#541=VERTEX_POINT('',#2034);
#542=VERTEX_POINT('',#2035);
#543=VERTEX_POINT('',#2082);
#544=VERTEX_POINT('',#2083);
#545=VERTEX_POINT('',#2100);
#546=VERTEX_POINT('',#2101);
#547=VERTEX_POINT('',#2118);
#548=VERTEX_POINT('',#2120);
#549=VERTEX_POINT('',#2125);
#550=VERTEX_POINT('',#2127);
#551=VERTEX_POINT('',#2131);
#552=VERTEX_POINT('',#2135);
#553=VERTEX_POINT('',#2139);
#554=VERTEX_POINT('',#2143);
#555=VERTEX_POINT('',#2145);
#556=VERTEX_POINT('',#2149);
#557=VERTEX_POINT('',#2152);
#558=VERTEX_POINT('',#2154);
#559=VERTEX_POINT('',#2158);
#560=VERTEX_POINT('',#2161);
#561=VERTEX_POINT('',#2163);
#562=VERTEX_POINT('',#2205);
#563=VERTEX_POINT('',#2207);
#564=VERTEX_POINT('',#2249);
#565=VERTEX_POINT('',#2259);
#566=VERTEX_POINT('',#2260);
#567=VERTEX_POINT('',#2262);
#568=VERTEX_POINT('',#2266);
#569=VERTEX_POINT('',#2267);
#570=VERTEX_POINT('',#2269);
#571=VERTEX_POINT('',#2273);
#572=VERTEX_POINT('',#2274);
#573=VERTEX_POINT('',#2276);
#574=VERTEX_POINT('',#2314);
#575=VERTEX_POINT('',#2322);
#576=VERTEX_POINT('',#2332);
#577=VERTEX_POINT('',#2333);
#578=VERTEX_POINT('',#2380);
#579=VERTEX_POINT('',#2381);
#580=VERTEX_POINT('',#2395);
#581=VERTEX_POINT('',#2396);
#582=VERTEX_POINT('',#2398);
#583=VERTEX_POINT('',#2405);
#584=VERTEX_POINT('',#2406);
#585=VERTEX_POINT('',#2449);
#586=VERTEX_POINT('',#2456);
#587=VERTEX_POINT('',#2465);
#588=VERTEX_POINT('',#2466);
#589=VERTEX_POINT('',#2513);
#590=VERTEX_POINT('',#2514);
#591=VERTEX_POINT('',#2531);
#592=VERTEX_POINT('',#2532);
#593=VERTEX_POINT('',#2549);
#594=VERTEX_POINT('',#2551);
#595=VERTEX_POINT('',#2556);
#596=VERTEX_POINT('',#2558);
#597=VERTEX_POINT('',#2562);
#598=VERTEX_POINT('',#2566);
#599=VERTEX_POINT('',#2570);
#600=VERTEX_POINT('',#2574);
#601=VERTEX_POINT('',#2576);
#602=VERTEX_POINT('',#2580);
#603=VERTEX_POINT('',#2583);
#604=VERTEX_POINT('',#2585);
#605=VERTEX_POINT('',#2589);
#606=VERTEX_POINT('',#2592);
#607=VERTEX_POINT('',#2594);
#608=VERTEX_POINT('',#2636);
#609=VERTEX_POINT('',#2638);
#610=VERTEX_POINT('',#2680);
#611=VERTEX_POINT('',#2690);
#612=VERTEX_POINT('',#2691);
#613=VERTEX_POINT('',#2693);
#614=VERTEX_POINT('',#2695);
#615=VERTEX_POINT('',#2699);
#616=VERTEX_POINT('',#2701);
#617=VERTEX_POINT('',#2705);
#618=VERTEX_POINT('',#2707);
#619=EDGE_CURVE('',#511,#512,#391,.T.);
#620=EDGE_CURVE('',#511,#513,#392,.T.);
#621=EDGE_CURVE('',#514,#513,#393,.T.);
#622=EDGE_CURVE('',#514,#512,#394,.T.);
#623=EDGE_CURVE('',#515,#511,#101,.T.);
#624=EDGE_CURVE('',#515,#516,#395,.T.);
#625=EDGE_CURVE('',#513,#516,#102,.T.);
#626=EDGE_CURVE('',#517,#515,#396,.T.);
#627=EDGE_CURVE('',#517,#518,#397,.T.);
#628=EDGE_CURVE('',#516,#518,#398,.T.);
#629=EDGE_CURVE('',#518,#514,#399,.T.);
#630=EDGE_CURVE('',#512,#517,#400,.T.);
#631=EDGE_CURVE('',#519,#520,#103,.F.);
#632=EDGE_CURVE('',#521,#519,#104,.F.);
#633=EDGE_CURVE('',#520,#521,#105,.F.);
#634=EDGE_CURVE('',#522,#523,#106,.F.);
#635=EDGE_CURVE('',#524,#522,#107,.F.);
#636=EDGE_CURVE('',#523,#524,#108,.F.);
#637=EDGE_CURVE('',#525,#526,#109,.F.);
#638=EDGE_CURVE('',#527,#525,#110,.F.);
#639=EDGE_CURVE('',#526,#527,#111,.F.);
#640=EDGE_CURVE('',#520,#528,#45,.T.);
#641=EDGE_CURVE('',#528,#529,#112,.T.);
#642=EDGE_CURVE('',#529,#519,#46,.T.);
#643=EDGE_CURVE('',#530,#531,#113,.T.);
#644=EDGE_CURVE('',#531,#529,#114,.T.);
#645=EDGE_CURVE('',#528,#530,#115,.T.);
#646=EDGE_CURVE('',#525,#531,#47,.T.);
#647=EDGE_CURVE('',#530,#527,#48,.T.);
#648=EDGE_CURVE('',#532,#533,#49,.T.);
#649=EDGE_CURVE('',#533,#526,#116,.T.);
#650=EDGE_CURVE('',#527,#532,#117,.T.);
#651=EDGE_CURVE('',#534,#535,#118,.F.);
#652=EDGE_CURVE('',#536,#534,#119,.F.);
#653=EDGE_CURVE('',#535,#536,#120,.F.);
#654=EDGE_CURVE('',#526,#536,#401,.T.);
#655=EDGE_CURVE('',#534,#525,#402,.T.);
#656=EDGE_CURVE('',#537,#538,#50,.T.);
#657=EDGE_CURVE('',#538,#535,#121,.T.);
#658=EDGE_CURVE('',#536,#537,#122,.T.);
#659=EDGE_CURVE('',#535,#539,#51,.T.);
#660=EDGE_CURVE('',#539,#540,#123,.T.);
#661=EDGE_CURVE('',#540,#534,#52,.T.);
#662=EDGE_CURVE('',#541,#542,#124,.T.);
#663=EDGE_CURVE('',#542,#540,#125,.T.);
#664=EDGE_CURVE('',#539,#541,#126,.T.);
#665=EDGE_CURVE('',#522,#542,#53,.T.);
#666=EDGE_CURVE('',#541,#524,#54,.T.);
#667=EDGE_CURVE('',#543,#544,#55,.T.);
#668=EDGE_CURVE('',#544,#523,#127,.T.);
#669=EDGE_CURVE('',#524,#543,#128,.T.);
#670=EDGE_CURVE('',#523,#521,#403,.T.);
#671=EDGE_CURVE('',#519,#522,#404,.T.);
#672=EDGE_CURVE('',#545,#546,#56,.T.);
#673=EDGE_CURVE('',#546,#520,#129,.T.);
#674=EDGE_CURVE('',#521,#545,#130,.T.);
#675=EDGE_CURVE('',#529,#542,#405,.T.);
#676=EDGE_CURVE('',#540,#531,#406,.T.);
#677=EDGE_CURVE('',#547,#547,#131,.T.);
#678=EDGE_CURVE('',#548,#548,#132,.T.);
#679=EDGE_CURVE('',#544,#545,#407,.T.);
#680=EDGE_CURVE('',#543,#549,#408,.T.);
#681=EDGE_CURVE('',#549,#550,#409,.T.);
#682=EDGE_CURVE('',#550,#546,#410,.T.);
#683=EDGE_CURVE('',#551,#538,#411,.T.);
#684=EDGE_CURVE('',#549,#551,#133,.T.);
#685=EDGE_CURVE('',#552,#552,#134,.T.);
#686=EDGE_CURVE('',#552,#548,#412,.T.);
#687=EDGE_CURVE('',#553,#553,#135,.T.);
#688=EDGE_CURVE('',#553,#547,#413,.T.);
#689=EDGE_CURVE('',#554,#554,#136,.T.);
#690=EDGE_CURVE('',#554,#555,#414,.T.);
#691=EDGE_CURVE('',#555,#555,#137,.T.);
#692=EDGE_CURVE('',#556,#556,#138,.T.);
#693=EDGE_CURVE('',#557,#557,#139,.T.);
#694=EDGE_CURVE('',#557,#558,#415,.T.);
#695=EDGE_CURVE('',#558,#558,#140,.T.);
#696=EDGE_CURVE('',#559,#559,#141,.T.);
#697=EDGE_CURVE('',#556,#560,#416,.T.);
#698=EDGE_CURVE('',#561,#560,#57,.T.);
#699=EDGE_CURVE('',#560,#561,#58,.T.);
#700=EDGE_CURVE('',#559,#562,#417,.T.);
#701=EDGE_CURVE('',#563,#562,#59,.T.);
#702=EDGE_CURVE('',#562,#563,#60,.T.);
#703=EDGE_CURVE('',#564,#550,#142,.T.);
#704=EDGE_CURVE('',#532,#564,#418,.T.);
#705=EDGE_CURVE('',#551,#564,#419,.T.);
#706=EDGE_CURVE('',#533,#537,#420,.T.);
#707=EDGE_CURVE('',#565,#566,#143,.F.);
#708=EDGE_CURVE('',#567,#565,#144,.F.);
#709=EDGE_CURVE('',#566,#567,#145,.F.);
#710=EDGE_CURVE('',#568,#569,#146,.F.);
#711=EDGE_CURVE('',#570,#568,#147,.F.);
#712=EDGE_CURVE('',#569,#570,#148,.F.);
#713=EDGE_CURVE('',#571,#572,#149,.F.);
#714=EDGE_CURVE('',#573,#571,#150,.F.);
#715=EDGE_CURVE('',#572,#573,#151,.F.);
#716=EDGE_CURVE('',#566,#574,#61,.T.);
#717=EDGE_CURVE('',#574,#575,#152,.T.);
#718=EDGE_CURVE('',#575,#565,#62,.T.);
#719=EDGE_CURVE('',#576,#577,#153,.T.);
#720=EDGE_CURVE('',#577,#575,#154,.T.);
#721=EDGE_CURVE('',#574,#576,#155,.T.);
#722=EDGE_CURVE('',#571,#577,#63,.T.);
#723=EDGE_CURVE('',#576,#573,#64,.T.);
#724=EDGE_CURVE('',#578,#579,#65,.T.);
#725=EDGE_CURVE('',#579,#572,#156,.T.);
#726=EDGE_CURVE('',#573,#578,#157,.T.);
#727=EDGE_CURVE('',#580,#581,#158,.F.);
#728=EDGE_CURVE('',#582,#580,#159,.F.);
#729=EDGE_CURVE('',#581,#582,#160,.F.);
#730=EDGE_CURVE('',#572,#582,#421,.T.);
#731=EDGE_CURVE('',#580,#571,#422,.T.);
#732=EDGE_CURVE('',#583,#584,#66,.T.);
#733=EDGE_CURVE('',#584,#581,#161,.T.);
#734=EDGE_CURVE('',#582,#583,#162,.T.);
#735=EDGE_CURVE('',#581,#585,#67,.T.);
#736=EDGE_CURVE('',#585,#586,#163,.T.);
#737=EDGE_CURVE('',#586,#580,#68,.T.);
#738=EDGE_CURVE('',#587,#588,#164,.T.);
#739=EDGE_CURVE('',#588,#586,#165,.T.);
#740=EDGE_CURVE('',#585,#587,#166,.T.);
#741=EDGE_CURVE('',#568,#588,#69,.T.);
#742=EDGE_CURVE('',#587,#570,#70,.T.);
#743=EDGE_CURVE('',#589,#590,#71,.T.);
#744=EDGE_CURVE('',#590,#569,#167,.T.);
#745=EDGE_CURVE('',#570,#589,#168,.T.);
#746=EDGE_CURVE('',#569,#567,#423,.T.);
#747=EDGE_CURVE('',#565,#568,#424,.T.);
#748=EDGE_CURVE('',#591,#592,#72,.T.);
#749=EDGE_CURVE('',#592,#566,#169,.T.);
#750=EDGE_CURVE('',#567,#591,#170,.T.);
#751=EDGE_CURVE('',#575,#588,#425,.T.);
#752=EDGE_CURVE('',#586,#577,#426,.T.);
#753=EDGE_CURVE('',#593,#593,#171,.T.);
#754=EDGE_CURVE('',#594,#594,#172,.T.);
#755=EDGE_CURVE('',#590,#591,#427,.T.);
#756=EDGE_CURVE('',#589,#595,#428,.T.);
#757=EDGE_CURVE('',#595,#596,#429,.T.);
#758=EDGE_CURVE('',#596,#592,#430,.T.);
#759=EDGE_CURVE('',#597,#584,#431,.T.);
#760=EDGE_CURVE('',#595,#597,#173,.T.);
#761=EDGE_CURVE('',#598,#598,#174,.T.);
#762=EDGE_CURVE('',#598,#594,#432,.T.);
#763=EDGE_CURVE('',#599,#599,#175,.T.);
#764=EDGE_CURVE('',#599,#593,#433,.T.);
#765=EDGE_CURVE('',#600,#600,#176,.T.);
#766=EDGE_CURVE('',#600,#601,#434,.T.);
#767=EDGE_CURVE('',#601,#601,#177,.T.);
#768=EDGE_CURVE('',#602,#602,#178,.T.);
#769=EDGE_CURVE('',#603,#603,#179,.T.);
#770=EDGE_CURVE('',#603,#604,#435,.T.);
#771=EDGE_CURVE('',#604,#604,#180,.T.);
#772=EDGE_CURVE('',#605,#605,#181,.T.);
#773=EDGE_CURVE('',#602,#606,#436,.T.);
#774=EDGE_CURVE('',#607,#606,#73,.T.);
#775=EDGE_CURVE('',#606,#607,#74,.T.);
#776=EDGE_CURVE('',#605,#608,#437,.T.);
#777=EDGE_CURVE('',#609,#608,#75,.T.);
#778=EDGE_CURVE('',#608,#609,#76,.T.);
#779=EDGE_CURVE('',#610,#596,#182,.T.);
#780=EDGE_CURVE('',#578,#610,#438,.T.);
#781=EDGE_CURVE('',#597,#610,#439,.T.);
#782=EDGE_CURVE('',#579,#583,#440,.T.);
#783=EDGE_CURVE('',#611,#612,#441,.T.);
#784=EDGE_CURVE('',#611,#613,#442,.T.);
#785=EDGE_CURVE('',#614,#613,#443,.T.);
#786=EDGE_CURVE('',#614,#612,#444,.T.);
#787=EDGE_CURVE('',#615,#611,#183,.T.);
#788=EDGE_CURVE('',#615,#616,#445,.T.);
#789=EDGE_CURVE('',#613,#616,#184,.T.);
#790=EDGE_CURVE('',#617,#615,#446,.T.);
#791=EDGE_CURVE('',#617,#618,#447,.T.);
#792=EDGE_CURVE('',#616,#618,#448,.T.);
#793=EDGE_CURVE('',#618,#614,#449,.T.);
#794=EDGE_CURVE('',#612,#617,#450,.T.);
#795=ORIENTED_EDGE('',*,*,#619,.F.);
#796=ORIENTED_EDGE('',*,*,#620,.T.);
#797=ORIENTED_EDGE('',*,*,#621,.F.);
#798=ORIENTED_EDGE('',*,*,#622,.T.);
#799=ORIENTED_EDGE('',*,*,#623,.F.);
#800=ORIENTED_EDGE('',*,*,#624,.T.);
#801=ORIENTED_EDGE('',*,*,#625,.F.);
#802=ORIENTED_EDGE('',*,*,#620,.F.);
#803=ORIENTED_EDGE('',*,*,#626,.F.);
#804=ORIENTED_EDGE('',*,*,#627,.T.);
#805=ORIENTED_EDGE('',*,*,#628,.F.);
#806=ORIENTED_EDGE('',*,*,#624,.F.);
#807=ORIENTED_EDGE('',*,*,#621,.T.);
#808=ORIENTED_EDGE('',*,*,#625,.T.);
#809=ORIENTED_EDGE('',*,*,#628,.T.);
#810=ORIENTED_EDGE('',*,*,#629,.T.);
#811=ORIENTED_EDGE('',*,*,#619,.T.);
#812=ORIENTED_EDGE('',*,*,#630,.T.);
#813=ORIENTED_EDGE('',*,*,#626,.T.);
#814=ORIENTED_EDGE('',*,*,#623,.T.);
#815=ORIENTED_EDGE('',*,*,#630,.F.);
#816=ORIENTED_EDGE('',*,*,#622,.F.);
#817=ORIENTED_EDGE('',*,*,#629,.F.);
#818=ORIENTED_EDGE('',*,*,#627,.F.);
#819=ORIENTED_EDGE('',*,*,#631,.F.);
#820=ORIENTED_EDGE('',*,*,#632,.F.);
#821=ORIENTED_EDGE('',*,*,#633,.F.);
#822=ORIENTED_EDGE('',*,*,#634,.F.);
#823=ORIENTED_EDGE('',*,*,#635,.F.);
#824=ORIENTED_EDGE('',*,*,#636,.F.);
#825=ORIENTED_EDGE('',*,*,#637,.F.);
#826=ORIENTED_EDGE('',*,*,#638,.F.);
#827=ORIENTED_EDGE('',*,*,#639,.F.);
#828=ORIENTED_EDGE('',*,*,#631,.T.);
#829=ORIENTED_EDGE('',*,*,#640,.T.);
#830=ORIENTED_EDGE('',*,*,#641,.T.);
#831=ORIENTED_EDGE('',*,*,#642,.T.);
#832=ORIENTED_EDGE('',*,*,#643,.T.);
#833=ORIENTED_EDGE('',*,*,#644,.T.);
#834=ORIENTED_EDGE('',*,*,#641,.F.);
#835=ORIENTED_EDGE('',*,*,#645,.T.);
#836=ORIENTED_EDGE('',*,*,#638,.T.);
#837=ORIENTED_EDGE('',*,*,#646,.T.);
#838=ORIENTED_EDGE('',*,*,#643,.F.);
#839=ORIENTED_EDGE('',*,*,#647,.T.);
#840=ORIENTED_EDGE('',*,*,#648,.T.);
#841=ORIENTED_EDGE('',*,*,#649,.T.);
#842=ORIENTED_EDGE('',*,*,#639,.T.);
#843=ORIENTED_EDGE('',*,*,#650,.T.);
#844=ORIENTED_EDGE('',*,*,#651,.F.);
#845=ORIENTED_EDGE('',*,*,#652,.F.);
#846=ORIENTED_EDGE('',*,*,#653,.F.);
#847=ORIENTED_EDGE('',*,*,#637,.T.);
#848=ORIENTED_EDGE('',*,*,#654,.T.);
#849=ORIENTED_EDGE('',*,*,#652,.T.);
#850=ORIENTED_EDGE('',*,*,#655,.T.);
#851=ORIENTED_EDGE('',*,*,#656,.T.);
#852=ORIENTED_EDGE('',*,*,#657,.T.);
#853=ORIENTED_EDGE('',*,*,#653,.T.);
#854=ORIENTED_EDGE('',*,*,#658,.T.);
#855=ORIENTED_EDGE('',*,*,#651,.T.);
#856=ORIENTED_EDGE('',*,*,#659,.T.);
#857=ORIENTED_EDGE('',*,*,#660,.T.);
#858=ORIENTED_EDGE('',*,*,#661,.T.);
#859=ORIENTED_EDGE('',*,*,#662,.T.);
#860=ORIENTED_EDGE('',*,*,#663,.T.);
#861=ORIENTED_EDGE('',*,*,#660,.F.);
#862=ORIENTED_EDGE('',*,*,#664,.T.);
#863=ORIENTED_EDGE('',*,*,#635,.T.);
#864=ORIENTED_EDGE('',*,*,#665,.T.);
#865=ORIENTED_EDGE('',*,*,#662,.F.);
#866=ORIENTED_EDGE('',*,*,#666,.T.);
#867=ORIENTED_EDGE('',*,*,#667,.T.);
#868=ORIENTED_EDGE('',*,*,#668,.T.);
#869=ORIENTED_EDGE('',*,*,#636,.T.);
#870=ORIENTED_EDGE('',*,*,#669,.T.);
#871=ORIENTED_EDGE('',*,*,#634,.T.);
#872=ORIENTED_EDGE('',*,*,#670,.T.);
#873=ORIENTED_EDGE('',*,*,#632,.T.);
#874=ORIENTED_EDGE('',*,*,#671,.T.);
#875=ORIENTED_EDGE('',*,*,#672,.T.);
#876=ORIENTED_EDGE('',*,*,#673,.T.);
#877=ORIENTED_EDGE('',*,*,#633,.T.);
#878=ORIENTED_EDGE('',*,*,#674,.T.);
#879=ORIENTED_EDGE('',*,*,#665,.F.);
#880=ORIENTED_EDGE('',*,*,#671,.F.);
#881=ORIENTED_EDGE('',*,*,#642,.F.);
#882=ORIENTED_EDGE('',*,*,#675,.T.);
#883=ORIENTED_EDGE('',*,*,#663,.F.);
#884=ORIENTED_EDGE('',*,*,#675,.F.);
#885=ORIENTED_EDGE('',*,*,#644,.F.);
#886=ORIENTED_EDGE('',*,*,#676,.F.);
#887=ORIENTED_EDGE('',*,*,#677,.T.);
#888=ORIENTED_EDGE('',*,*,#678,.T.);
#889=ORIENTED_EDGE('',*,*,#674,.F.);
#890=ORIENTED_EDGE('',*,*,#670,.F.);
#891=ORIENTED_EDGE('',*,*,#668,.F.);
#892=ORIENTED_EDGE('',*,*,#679,.T.);
#893=ORIENTED_EDGE('',*,*,#672,.F.);
#894=ORIENTED_EDGE('',*,*,#679,.F.);
#895=ORIENTED_EDGE('',*,*,#667,.F.);
#896=ORIENTED_EDGE('',*,*,#680,.T.);
#897=ORIENTED_EDGE('',*,*,#681,.T.);
#898=ORIENTED_EDGE('',*,*,#682,.T.);
#899=ORIENTED_EDGE('',*,*,#669,.F.);
#900=ORIENTED_EDGE('',*,*,#666,.F.);
#901=ORIENTED_EDGE('',*,*,#664,.F.);
#902=ORIENTED_EDGE('',*,*,#659,.F.);
#903=ORIENTED_EDGE('',*,*,#657,.F.);
#904=ORIENTED_EDGE('',*,*,#683,.F.);
#905=ORIENTED_EDGE('',*,*,#684,.F.);
#906=ORIENTED_EDGE('',*,*,#680,.F.);
#907=ORIENTED_EDGE('',*,*,#685,.F.);
#908=ORIENTED_EDGE('',*,*,#686,.T.);
#909=ORIENTED_EDGE('',*,*,#678,.F.);
#910=ORIENTED_EDGE('',*,*,#686,.F.);
#911=ORIENTED_EDGE('',*,*,#687,.F.);
#912=ORIENTED_EDGE('',*,*,#688,.T.);
#913=ORIENTED_EDGE('',*,*,#677,.F.);
#914=ORIENTED_EDGE('',*,*,#688,.F.);
#915=ORIENTED_EDGE('',*,*,#689,.F.);
#916=ORIENTED_EDGE('',*,*,#690,.T.);
#917=ORIENTED_EDGE('',*,*,#691,.F.);
#918=ORIENTED_EDGE('',*,*,#690,.F.);
#919=ORIENTED_EDGE('',*,*,#692,.F.);
#920=ORIENTED_EDGE('',*,*,#689,.T.);
#921=ORIENTED_EDGE('',*,*,#693,.F.);
#922=ORIENTED_EDGE('',*,*,#694,.T.);
#923=ORIENTED_EDGE('',*,*,#695,.F.);
#924=ORIENTED_EDGE('',*,*,#694,.F.);
#925=ORIENTED_EDGE('',*,*,#696,.F.);
#926=ORIENTED_EDGE('',*,*,#693,.T.);
#927=ORIENTED_EDGE('',*,*,#692,.T.);
#928=ORIENTED_EDGE('',*,*,#697,.T.);
#929=ORIENTED_EDGE('',*,*,#698,.F.);
#930=ORIENTED_EDGE('',*,*,#699,.F.);
#931=ORIENTED_EDGE('',*,*,#697,.F.);
#932=ORIENTED_EDGE('',*,*,#696,.T.);
#933=ORIENTED_EDGE('',*,*,#700,.T.);
#934=ORIENTED_EDGE('',*,*,#701,.F.);
#935=ORIENTED_EDGE('',*,*,#702,.F.);
#936=ORIENTED_EDGE('',*,*,#700,.F.);
#937=ORIENTED_EDGE('',*,*,#673,.F.);
#938=ORIENTED_EDGE('',*,*,#682,.F.);
#939=ORIENTED_EDGE('',*,*,#703,.F.);
#940=ORIENTED_EDGE('',*,*,#704,.F.);
#941=ORIENTED_EDGE('',*,*,#650,.F.);
#942=ORIENTED_EDGE('',*,*,#647,.F.);
#943=ORIENTED_EDGE('',*,*,#645,.F.);
#944=ORIENTED_EDGE('',*,*,#640,.F.);
#945=ORIENTED_EDGE('',*,*,#703,.T.);
#946=ORIENTED_EDGE('',*,*,#681,.F.);
#947=ORIENTED_EDGE('',*,*,#684,.T.);
#948=ORIENTED_EDGE('',*,*,#705,.T.);
#949=ORIENTED_EDGE('',*,*,#685,.T.);
#950=ORIENTED_EDGE('',*,*,#687,.T.);
#951=ORIENTED_EDGE('',*,*,#648,.F.);
#952=ORIENTED_EDGE('',*,*,#704,.T.);
#953=ORIENTED_EDGE('',*,*,#705,.F.);
#954=ORIENTED_EDGE('',*,*,#683,.T.);
#955=ORIENTED_EDGE('',*,*,#656,.F.);
#956=ORIENTED_EDGE('',*,*,#706,.F.);
#957=ORIENTED_EDGE('',*,*,#691,.T.);
#958=ORIENTED_EDGE('',*,*,#695,.T.);
#959=ORIENTED_EDGE('',*,*,#661,.F.);
#960=ORIENTED_EDGE('',*,*,#676,.T.);
#961=ORIENTED_EDGE('',*,*,#646,.F.);
#962=ORIENTED_EDGE('',*,*,#655,.F.);
#963=ORIENTED_EDGE('',*,*,#698,.T.);
#964=ORIENTED_EDGE('',*,*,#699,.T.);
#965=ORIENTED_EDGE('',*,*,#701,.T.);
#966=ORIENTED_EDGE('',*,*,#702,.T.);
#967=ORIENTED_EDGE('',*,*,#649,.F.);
#968=ORIENTED_EDGE('',*,*,#706,.T.);
#969=ORIENTED_EDGE('',*,*,#658,.F.);
#970=ORIENTED_EDGE('',*,*,#654,.F.);
#971=ORIENTED_EDGE('',*,*,#707,.F.);
#972=ORIENTED_EDGE('',*,*,#708,.F.);
#973=ORIENTED_EDGE('',*,*,#709,.F.);
#974=ORIENTED_EDGE('',*,*,#710,.F.);
#975=ORIENTED_EDGE('',*,*,#711,.F.);
#976=ORIENTED_EDGE('',*,*,#712,.F.);
#977=ORIENTED_EDGE('',*,*,#713,.F.);
#978=ORIENTED_EDGE('',*,*,#714,.F.);
#979=ORIENTED_EDGE('',*,*,#715,.F.);
#980=ORIENTED_EDGE('',*,*,#707,.T.);
#981=ORIENTED_EDGE('',*,*,#716,.T.);
#982=ORIENTED_EDGE('',*,*,#717,.T.);
#983=ORIENTED_EDGE('',*,*,#718,.T.);
#984=ORIENTED_EDGE('',*,*,#719,.T.);
#985=ORIENTED_EDGE('',*,*,#720,.T.);
#986=ORIENTED_EDGE('',*,*,#717,.F.);
#987=ORIENTED_EDGE('',*,*,#721,.T.);
#988=ORIENTED_EDGE('',*,*,#714,.T.);
#989=ORIENTED_EDGE('',*,*,#722,.T.);
#990=ORIENTED_EDGE('',*,*,#719,.F.);
#991=ORIENTED_EDGE('',*,*,#723,.T.);
#992=ORIENTED_EDGE('',*,*,#724,.T.);
#993=ORIENTED_EDGE('',*,*,#725,.T.);
#994=ORIENTED_EDGE('',*,*,#715,.T.);
#995=ORIENTED_EDGE('',*,*,#726,.T.);
#996=ORIENTED_EDGE('',*,*,#727,.F.);
#997=ORIENTED_EDGE('',*,*,#728,.F.);
#998=ORIENTED_EDGE('',*,*,#729,.F.);
#999=ORIENTED_EDGE('',*,*,#713,.T.);
#1000=ORIENTED_EDGE('',*,*,#730,.T.);
#1001=ORIENTED_EDGE('',*,*,#728,.T.);
#1002=ORIENTED_EDGE('',*,*,#731,.T.);
#1003=ORIENTED_EDGE('',*,*,#732,.T.);
#1004=ORIENTED_EDGE('',*,*,#733,.T.);
#1005=ORIENTED_EDGE('',*,*,#729,.T.);
#1006=ORIENTED_EDGE('',*,*,#734,.T.);
#1007=ORIENTED_EDGE('',*,*,#727,.T.);
#1008=ORIENTED_EDGE('',*,*,#735,.T.);
#1009=ORIENTED_EDGE('',*,*,#736,.T.);
#1010=ORIENTED_EDGE('',*,*,#737,.T.);
#1011=ORIENTED_EDGE('',*,*,#738,.T.);
#1012=ORIENTED_EDGE('',*,*,#739,.T.);
#1013=ORIENTED_EDGE('',*,*,#736,.F.);
#1014=ORIENTED_EDGE('',*,*,#740,.T.);
#1015=ORIENTED_EDGE('',*,*,#711,.T.);
#1016=ORIENTED_EDGE('',*,*,#741,.T.);
#1017=ORIENTED_EDGE('',*,*,#738,.F.);
#1018=ORIENTED_EDGE('',*,*,#742,.T.);
#1019=ORIENTED_EDGE('',*,*,#743,.T.);
#1020=ORIENTED_EDGE('',*,*,#744,.T.);
#1021=ORIENTED_EDGE('',*,*,#712,.T.);
#1022=ORIENTED_EDGE('',*,*,#745,.T.);
#1023=ORIENTED_EDGE('',*,*,#710,.T.);
#1024=ORIENTED_EDGE('',*,*,#746,.T.);
#1025=ORIENTED_EDGE('',*,*,#708,.T.);
#1026=ORIENTED_EDGE('',*,*,#747,.T.);
#1027=ORIENTED_EDGE('',*,*,#748,.T.);
#1028=ORIENTED_EDGE('',*,*,#749,.T.);
#1029=ORIENTED_EDGE('',*,*,#709,.T.);
#1030=ORIENTED_EDGE('',*,*,#750,.T.);
#1031=ORIENTED_EDGE('',*,*,#741,.F.);
#1032=ORIENTED_EDGE('',*,*,#747,.F.);
#1033=ORIENTED_EDGE('',*,*,#718,.F.);
#1034=ORIENTED_EDGE('',*,*,#751,.T.);
#1035=ORIENTED_EDGE('',*,*,#739,.F.);
#1036=ORIENTED_EDGE('',*,*,#751,.F.);
#1037=ORIENTED_EDGE('',*,*,#720,.F.);
#1038=ORIENTED_EDGE('',*,*,#752,.F.);
#1039=ORIENTED_EDGE('',*,*,#753,.T.);
#1040=ORIENTED_EDGE('',*,*,#754,.T.);
#1041=ORIENTED_EDGE('',*,*,#750,.F.);
#1042=ORIENTED_EDGE('',*,*,#746,.F.);
#1043=ORIENTED_EDGE('',*,*,#744,.F.);
#1044=ORIENTED_EDGE('',*,*,#755,.T.);
#1045=ORIENTED_EDGE('',*,*,#748,.F.);
#1046=ORIENTED_EDGE('',*,*,#755,.F.);
#1047=ORIENTED_EDGE('',*,*,#743,.F.);
#1048=ORIENTED_EDGE('',*,*,#756,.T.);
#1049=ORIENTED_EDGE('',*,*,#757,.T.);
#1050=ORIENTED_EDGE('',*,*,#758,.T.);
#1051=ORIENTED_EDGE('',*,*,#745,.F.);
#1052=ORIENTED_EDGE('',*,*,#742,.F.);
#1053=ORIENTED_EDGE('',*,*,#740,.F.);
#1054=ORIENTED_EDGE('',*,*,#735,.F.);
#1055=ORIENTED_EDGE('',*,*,#733,.F.);
#1056=ORIENTED_EDGE('',*,*,#759,.F.);
#1057=ORIENTED_EDGE('',*,*,#760,.F.);
#1058=ORIENTED_EDGE('',*,*,#756,.F.);
#1059=ORIENTED_EDGE('',*,*,#761,.F.);
#1060=ORIENTED_EDGE('',*,*,#762,.T.);
#1061=ORIENTED_EDGE('',*,*,#754,.F.);
#1062=ORIENTED_EDGE('',*,*,#762,.F.);
#1063=ORIENTED_EDGE('',*,*,#763,.F.);
#1064=ORIENTED_EDGE('',*,*,#764,.T.);
#1065=ORIENTED_EDGE('',*,*,#753,.F.);
#1066=ORIENTED_EDGE('',*,*,#764,.F.);
#1067=ORIENTED_EDGE('',*,*,#765,.F.);
#1068=ORIENTED_EDGE('',*,*,#766,.T.);
#1069=ORIENTED_EDGE('',*,*,#767,.F.);
#1070=ORIENTED_EDGE('',*,*,#766,.F.);
#1071=ORIENTED_EDGE('',*,*,#768,.F.);
#1072=ORIENTED_EDGE('',*,*,#765,.T.);
#1073=ORIENTED_EDGE('',*,*,#769,.F.);
#1074=ORIENTED_EDGE('',*,*,#770,.T.);
#1075=ORIENTED_EDGE('',*,*,#771,.F.);
#1076=ORIENTED_EDGE('',*,*,#770,.F.);
#1077=ORIENTED_EDGE('',*,*,#772,.F.);
#1078=ORIENTED_EDGE('',*,*,#769,.T.);
#1079=ORIENTED_EDGE('',*,*,#768,.T.);
#1080=ORIENTED_EDGE('',*,*,#773,.T.);
#1081=ORIENTED_EDGE('',*,*,#774,.F.);
#1082=ORIENTED_EDGE('',*,*,#775,.F.);
#1083=ORIENTED_EDGE('',*,*,#773,.F.);
#1084=ORIENTED_EDGE('',*,*,#772,.T.);
#1085=ORIENTED_EDGE('',*,*,#776,.T.);
#1086=ORIENTED_EDGE('',*,*,#777,.F.);
#1087=ORIENTED_EDGE('',*,*,#778,.F.);
#1088=ORIENTED_EDGE('',*,*,#776,.F.);
#1089=ORIENTED_EDGE('',*,*,#749,.F.);
#1090=ORIENTED_EDGE('',*,*,#758,.F.);
#1091=ORIENTED_EDGE('',*,*,#779,.F.);
#1092=ORIENTED_EDGE('',*,*,#780,.F.);
#1093=ORIENTED_EDGE('',*,*,#726,.F.);
#1094=ORIENTED_EDGE('',*,*,#723,.F.);
#1095=ORIENTED_EDGE('',*,*,#721,.F.);
#1096=ORIENTED_EDGE('',*,*,#716,.F.);
#1097=ORIENTED_EDGE('',*,*,#779,.T.);
#1098=ORIENTED_EDGE('',*,*,#757,.F.);
#1099=ORIENTED_EDGE('',*,*,#760,.T.);
#1100=ORIENTED_EDGE('',*,*,#781,.T.);
#1101=ORIENTED_EDGE('',*,*,#761,.T.);
#1102=ORIENTED_EDGE('',*,*,#763,.T.);
#1103=ORIENTED_EDGE('',*,*,#724,.F.);
#1104=ORIENTED_EDGE('',*,*,#780,.T.);
#1105=ORIENTED_EDGE('',*,*,#781,.F.);
#1106=ORIENTED_EDGE('',*,*,#759,.T.);
#1107=ORIENTED_EDGE('',*,*,#732,.F.);
#1108=ORIENTED_EDGE('',*,*,#782,.F.);
#1109=ORIENTED_EDGE('',*,*,#767,.T.);
#1110=ORIENTED_EDGE('',*,*,#771,.T.);
#1111=ORIENTED_EDGE('',*,*,#737,.F.);
#1112=ORIENTED_EDGE('',*,*,#752,.T.);
#1113=ORIENTED_EDGE('',*,*,#722,.F.);
#1114=ORIENTED_EDGE('',*,*,#731,.F.);
#1115=ORIENTED_EDGE('',*,*,#774,.T.);
#1116=ORIENTED_EDGE('',*,*,#775,.T.);
#1117=ORIENTED_EDGE('',*,*,#777,.T.);
#1118=ORIENTED_EDGE('',*,*,#778,.T.);
#1119=ORIENTED_EDGE('',*,*,#725,.F.);
#1120=ORIENTED_EDGE('',*,*,#782,.T.);
#1121=ORIENTED_EDGE('',*,*,#734,.F.);
#1122=ORIENTED_EDGE('',*,*,#730,.F.);
#1123=ORIENTED_EDGE('',*,*,#783,.F.);
#1124=ORIENTED_EDGE('',*,*,#784,.T.);
#1125=ORIENTED_EDGE('',*,*,#785,.F.);
#1126=ORIENTED_EDGE('',*,*,#786,.T.);
#1127=ORIENTED_EDGE('',*,*,#787,.F.);
#1128=ORIENTED_EDGE('',*,*,#788,.T.);
#1129=ORIENTED_EDGE('',*,*,#789,.F.);
#1130=ORIENTED_EDGE('',*,*,#784,.F.);
#1131=ORIENTED_EDGE('',*,*,#790,.F.);
#1132=ORIENTED_EDGE('',*,*,#791,.T.);
#1133=ORIENTED_EDGE('',*,*,#792,.F.);
#1134=ORIENTED_EDGE('',*,*,#788,.F.);
#1135=ORIENTED_EDGE('',*,*,#785,.T.);
#1136=ORIENTED_EDGE('',*,*,#789,.T.);
#1137=ORIENTED_EDGE('',*,*,#792,.T.);
#1138=ORIENTED_EDGE('',*,*,#793,.T.);
#1139=ORIENTED_EDGE('',*,*,#783,.T.);
#1140=ORIENTED_EDGE('',*,*,#794,.T.);
#1141=ORIENTED_EDGE('',*,*,#790,.T.);
#1142=ORIENTED_EDGE('',*,*,#787,.T.);
#1143=ORIENTED_EDGE('',*,*,#794,.F.);
#1144=ORIENTED_EDGE('',*,*,#786,.F.);
#1145=ORIENTED_EDGE('',*,*,#793,.F.);
#1146=ORIENTED_EDGE('',*,*,#791,.F.);
#1147=PLANE('',#1270);
#1148=PLANE('',#1274);
#1149=PLANE('',#1275);
#1150=PLANE('',#1276);
#1151=PLANE('',#1277);
#1152=PLANE('',#1319);
#1153=PLANE('',#1322);
#1154=PLANE('',#1323);
#1155=PLANE('',#1333);
#1156=PLANE('',#1338);
#1157=PLANE('',#1344);
#1158=PLANE('',#1345);
#1159=PLANE('',#1347);
#1160=PLANE('',#1389);
#1161=PLANE('',#1392);
#1162=PLANE('',#1393);
#1163=PLANE('',#1403);
#1164=PLANE('',#1408);
#1165=PLANE('',#1414);
#1166=PLANE('',#1415);
#1167=PLANE('',#1417);
#1168=PLANE('',#1418);
#1169=PLANE('',#1422);
#1170=PLANE('',#1423);
#1171=PLANE('',#1424);
#1172=PLANE('',#1425);
#1173=ADVANCED_FACE('',(#211),#1147,.F.);
#1174=ADVANCED_FACE('',(#212),#185,.T.);
#1175=ADVANCED_FACE('',(#213),#1148,.F.);
#1176=ADVANCED_FACE('',(#214),#1149,.T.);
#1177=ADVANCED_FACE('',(#215),#1150,.T.);
#1178=ADVANCED_FACE('',(#216),#1151,.F.);
#1179=ADVANCED_FACE('',(#217),#85,.T.);
#1180=ADVANCED_FACE('',(#218),#86,.T.);
#1181=ADVANCED_FACE('',(#219),#87,.T.);
#1182=ADVANCED_FACE('',(#220),#77,.F.);
#1183=ADVANCED_FACE('',(#221),#33,.T.);
#1184=ADVANCED_FACE('',(#222),#78,.F.);
#1185=ADVANCED_FACE('',(#223),#34,.T.);
#1186=ADVANCED_FACE('',(#224),#88,.T.);
#1187=ADVANCED_FACE('',(#225),#186,.T.);
#1188=ADVANCED_FACE('',(#226),#35,.T.);
#1189=ADVANCED_FACE('',(#227),#79,.F.);
#1190=ADVANCED_FACE('',(#228),#36,.T.);
#1191=ADVANCED_FACE('',(#229),#80,.F.);
#1192=ADVANCED_FACE('',(#230),#37,.T.);
#1193=ADVANCED_FACE('',(#231),#187,.T.);
#1194=ADVANCED_FACE('',(#232),#38,.T.);
#1195=ADVANCED_FACE('',(#233),#188,.F.);
#1196=ADVANCED_FACE('',(#234,#13,#14),#1152,.T.);
#1197=ADVANCED_FACE('',(#235),#1153,.T.);
#1198=ADVANCED_FACE('',(#236),#1154,.T.);
#1199=ADVANCED_FACE('',(#237),#189,.F.);
#1200=ADVANCED_FACE('',(#238),#190,.F.);
#1201=ADVANCED_FACE('',(#239),#191,.F.);
#1202=ADVANCED_FACE('',(#240),#192,.F.);
#1203=ADVANCED_FACE('',(#241,#15),#1155,.F.);
#1204=ADVANCED_FACE('',(#242),#193,.F.);
#1205=ADVANCED_FACE('',(#243,#16),#1156,.F.);
#1206=ADVANCED_FACE('',(#244),#194,.F.);
#1207=ADVANCED_FACE('',(#245),#195,.F.);
#1208=ADVANCED_FACE('',(#246),#196,.F.);
#1209=ADVANCED_FACE('',(#247,#17,#18),#1157,.F.);
#1210=ADVANCED_FACE('',(#248,#19,#20),#1158,.T.);
#1211=ADVANCED_FACE('',(#249,#21,#22),#197,.F.);
#1212=ADVANCED_FACE('',(#250),#1159,.T.);
#1213=ADVANCED_FACE('',(#251),#89,.T.);
#1214=ADVANCED_FACE('',(#252),#90,.T.);
#1215=ADVANCED_FACE('',(#253),#91,.T.);
#1216=ADVANCED_FACE('',(#254),#81,.F.);
#1217=ADVANCED_FACE('',(#255),#39,.T.);
#1218=ADVANCED_FACE('',(#256),#82,.F.);
#1219=ADVANCED_FACE('',(#257),#40,.T.);
#1220=ADVANCED_FACE('',(#258),#92,.T.);
#1221=ADVANCED_FACE('',(#259),#198,.T.);
#1222=ADVANCED_FACE('',(#260),#41,.T.);
#1223=ADVANCED_FACE('',(#261),#83,.F.);
#1224=ADVANCED_FACE('',(#262),#42,.T.);
#1225=ADVANCED_FACE('',(#263),#84,.F.);
#1226=ADVANCED_FACE('',(#264),#43,.T.);
#1227=ADVANCED_FACE('',(#265),#199,.T.);
#1228=ADVANCED_FACE('',(#266),#44,.T.);
#1229=ADVANCED_FACE('',(#267),#200,.F.);
#1230=ADVANCED_FACE('',(#268,#23,#24),#1160,.T.);
#1231=ADVANCED_FACE('',(#269),#1161,.T.);
#1232=ADVANCED_FACE('',(#270),#1162,.T.);
#1233=ADVANCED_FACE('',(#271),#201,.F.);
#1234=ADVANCED_FACE('',(#272),#202,.F.);
#1235=ADVANCED_FACE('',(#273),#203,.F.);
#1236=ADVANCED_FACE('',(#274),#204,.F.);
#1237=ADVANCED_FACE('',(#275,#25),#1163,.F.);
#1238=ADVANCED_FACE('',(#276),#205,.F.);
#1239=ADVANCED_FACE('',(#277,#26),#1164,.F.);
#1240=ADVANCED_FACE('',(#278),#206,.F.);
#1241=ADVANCED_FACE('',(#279),#207,.F.);
#1242=ADVANCED_FACE('',(#280),#208,.F.);
#1243=ADVANCED_FACE('',(#281,#27,#28),#1165,.F.);
#1244=ADVANCED_FACE('',(#282,#29,#30),#1166,.T.);
#1245=ADVANCED_FACE('',(#283,#31,#32),#209,.F.);
#1246=ADVANCED_FACE('',(#284),#1167,.T.);
#1247=ADVANCED_FACE('',(#285),#1168,.F.);
#1248=ADVANCED_FACE('',(#286),#210,.T.);
#1249=ADVANCED_FACE('',(#287),#1169,.F.);
#1250=ADVANCED_FACE('',(#288),#1170,.T.);
#1251=ADVANCED_FACE('',(#289),#1171,.T.);
#1252=ADVANCED_FACE('',(#290),#1172,.F.);
#1253=CLOSED_SHELL('',(#1173,#1174,#1175,#1176,#1177,#1178));
#1254=CLOSED_SHELL('',(#1179,#1180,#1181,#1182,#1183,#1184,#1185,#1186,
#1187,#1188,#1189,#1190,#1191,#1192,#1193,#1194,#1195,#1196,#1197,#1198,
#1199,#1200,#1201,#1202,#1203,#1204,#1205,#1206,#1207,#1208,#1209,#1210,
#1211,#1212));
#1255=CLOSED_SHELL('',(#1213,#1214,#1215,#1216,#1217,#1218,#1219,#1220,
#1221,#1222,#1223,#1224,#1225,#1226,#1227,#1228,#1229,#1230,#1231,#1232,
#1233,#1234,#1235,#1236,#1237,#1238,#1239,#1240,#1241,#1242,#1243,#1244,
#1245,#1246));
#1256=CLOSED_SHELL('',(#1247,#1248,#1249,#1250,#1251,#1252));
#1257=DERIVED_UNIT_ELEMENT(#1259,1.);
#1258=DERIVED_UNIT_ELEMENT(#2720,-3.);
#1259=(
MASS_UNIT()
NAMED_UNIT(*)
SI_UNIT(.KILO.,.GRAM.)
);
#1260=DERIVED_UNIT((#1257,#1258));
#1261=MEASURE_REPRESENTATION_ITEM('density measure',
POSITIVE_RATIO_MEASURE(7850.),#1260);
#1262=PROPERTY_DEFINITION_REPRESENTATION(#1267,#1264);
#1263=PROPERTY_DEFINITION_REPRESENTATION(#1268,#1265);
#1264=REPRESENTATION('material name',(#1266),#2717);
#1265=REPRESENTATION('density',(#1261),#2717);
#1266=DESCRIPTIVE_REPRESENTATION_ITEM('Acier','Acier');
#1267=PROPERTY_DEFINITION('material property','material name',#2727);
#1268=PROPERTY_DEFINITION('material property','density of part',#2727);
#1269=AXIS2_PLACEMENT_3D('',#1800,#1426,#1427);
#1270=AXIS2_PLACEMENT_3D('',#1801,#1428,#1429);
#1271=AXIS2_PLACEMENT_3D('',#1810,#1434,#1435);
#1272=AXIS2_PLACEMENT_3D('',#1812,#1436,#1437);
#1273=AXIS2_PLACEMENT_3D('',#1815,#1439,#1440);
#1274=AXIS2_PLACEMENT_3D('',#1816,#1441,#1442);
#1275=AXIS2_PLACEMENT_3D('',#1822,#1446,#1447);
#1276=AXIS2_PLACEMENT_3D('',#1824,#1449,#1450);
#1277=AXIS2_PLACEMENT_3D('',#1826,#1452,#1453);
#1278=AXIS2_PLACEMENT_3D('',#1827,#1454,#1455);
#1279=AXIS2_PLACEMENT_3D('',#1830,#1456,#1457);
#1280=AXIS2_PLACEMENT_3D('',#1832,#1458,#1459);
#1281=AXIS2_PLACEMENT_3D('',#1833,#1460,#1461);
#1282=AXIS2_PLACEMENT_3D('',#1834,#1462,#1463);
#1283=AXIS2_PLACEMENT_3D('',#1837,#1464,#1465);
#1284=AXIS2_PLACEMENT_3D('',#1839,#1466,#1467);
#1285=AXIS2_PLACEMENT_3D('',#1840,#1468,#1469);
#1286=AXIS2_PLACEMENT_3D('',#1841,#1470,#1471);
#1287=AXIS2_PLACEMENT_3D('',#1844,#1472,#1473);
#1288=AXIS2_PLACEMENT_3D('',#1846,#1474,#1475);
#1289=AXIS2_PLACEMENT_3D('',#1847,#1476,#1477);
#1290=AXIS2_PLACEMENT_3D('',#1892,#1478,#1479);
#1291=AXIS2_PLACEMENT_3D('',#1900,#1480,#1481);
#1292=AXIS2_PLACEMENT_3D('',#1903,#1482,#1483);
#1293=AXIS2_PLACEMENT_3D('',#1904,#1484,#1485);
#1294=AXIS2_PLACEMENT_3D('',#1905,#1486,#1487);
#1295=AXIS2_PLACEMENT_3D('',#1948,#1488,#1489);
#1296=AXIS2_PLACEMENT_3D('',#1961,#1490,#1491);
#1297=AXIS2_PLACEMENT_3D('',#1962,#1492,#1493);
#1298=AXIS2_PLACEMENT_3D('',#1963,#1494,#1495);
#1299=AXIS2_PLACEMENT_3D('',#1966,#1496,#1497);
#1300=AXIS2_PLACEMENT_3D('',#1968,#1498,#1499);
#1301=AXIS2_PLACEMENT_3D('',#1969,#1500,#1501);
#1302=AXIS2_PLACEMENT_3D('',#1970,#1502,#1503);
#1303=AXIS2_PLACEMENT_3D('',#1973,#1506,#1507);
#1304=AXIS2_PLACEMENT_3D('',#1986,#1508,#1509);
#1305=AXIS2_PLACEMENT_3D('',#1987,#1510,#1511);
#1306=AXIS2_PLACEMENT_3D('',#2026,#1512,#1513);
#1307=AXIS2_PLACEMENT_3D('',#2033,#1514,#1515);
#1308=AXIS2_PLACEMENT_3D('',#2036,#1516,#1517);
#1309=AXIS2_PLACEMENT_3D('',#2037,#1518,#1519);
#1310=AXIS2_PLACEMENT_3D('',#2038,#1520,#1521);
#1311=AXIS2_PLACEMENT_3D('',#2081,#1522,#1523);
#1312=AXIS2_PLACEMENT_3D('',#2094,#1524,#1525);
#1313=AXIS2_PLACEMENT_3D('',#2095,#1526,#1527);
#1314=AXIS2_PLACEMENT_3D('',#2096,#1528,#1529);
#1315=AXIS2_PLACEMENT_3D('',#2099,#1532,#1533);
#1316=AXIS2_PLACEMENT_3D('',#2112,#1534,#1535);
#1317=AXIS2_PLACEMENT_3D('',#2113,#1536,#1537);
#1318=AXIS2_PLACEMENT_3D('',#2114,#1538,#1539);
#1319=AXIS2_PLACEMENT_3D('',#2116,#1541,#1542);
#1320=AXIS2_PLACEMENT_3D('',#2119,#1544,#1545);
#1321=AXIS2_PLACEMENT_3D('',#2121,#1546,#1547);
#1322=AXIS2_PLACEMENT_3D('',#2122,#1548,#1549);
#1323=AXIS2_PLACEMENT_3D('',#2124,#1551,#1552);
#1324=AXIS2_PLACEMENT_3D('',#2130,#1556,#1557);
#1325=AXIS2_PLACEMENT_3D('',#2133,#1559,#1560);
#1326=AXIS2_PLACEMENT_3D('',#2134,#1561,#1562);
#1327=AXIS2_PLACEMENT_3D('',#2136,#1563,#1564);
#1328=AXIS2_PLACEMENT_3D('',#2138,#1566,#1567);
#1329=AXIS2_PLACEMENT_3D('',#2140,#1568,#1569);
#1330=AXIS2_PLACEMENT_3D('',#2142,#1571,#1572);
#1331=AXIS2_PLACEMENT_3D('',#2144,#1573,#1574);
#1332=AXIS2_PLACEMENT_3D('',#2147,#1576,#1577);
#1333=AXIS2_PLACEMENT_3D('',#2148,#1578,#1579);
#1334=AXIS2_PLACEMENT_3D('',#2150,#1580,#1581);
#1335=AXIS2_PLACEMENT_3D('',#2151,#1582,#1583);
#1336=AXIS2_PLACEMENT_3D('',#2153,#1584,#1585);
#1337=AXIS2_PLACEMENT_3D('',#2156,#1587,#1588);
#1338=AXIS2_PLACEMENT_3D('',#2157,#1589,#1590);
#1339=AXIS2_PLACEMENT_3D('',#2159,#1591,#1592);
#1340=AXIS2_PLACEMENT_3D('',#2160,#1593,#1594);
#1341=AXIS2_PLACEMENT_3D('',#2204,#1596,#1597);
#1342=AXIS2_PLACEMENT_3D('',#2248,#1599,#1600);
#1343=AXIS2_PLACEMENT_3D('',#2250,#1601,#1602);
#1344=AXIS2_PLACEMENT_3D('',#2252,#1604,#1605);
#1345=AXIS2_PLACEMENT_3D('',#2254,#1607,#1608);
#1346=AXIS2_PLACEMENT_3D('',#2256,#1610,#1611);
#1347=AXIS2_PLACEMENT_3D('',#2257,#1612,#1613);
#1348=AXIS2_PLACEMENT_3D('',#2258,#1614,#1615);
#1349=AXIS2_PLACEMENT_3D('',#2261,#1616,#1617);
#1350=AXIS2_PLACEMENT_3D('',#2263,#1618,#1619);
#1351=AXIS2_PLACEMENT_3D('',#2264,#1620,#1621);
#1352=AXIS2_PLACEMENT_3D('',#2265,#1622,#1623);
#1353=AXIS2_PLACEMENT_3D('',#2268,#1624,#1625);
#1354=AXIS2_PLACEMENT_3D('',#2270,#1626,#1627);
#1355=AXIS2_PLACEMENT_3D('',#2271,#1628,#1629);
#1356=AXIS2_PLACEMENT_3D('',#2272,#1630,#1631);
#1357=AXIS2_PLACEMENT_3D('',#2275,#1632,#1633);
#1358=AXIS2_PLACEMENT_3D('',#2277,#1634,#1635);
#1359=AXIS2_PLACEMENT_3D('',#2278,#1636,#1637);
#1360=AXIS2_PLACEMENT_3D('',#2323,#1638,#1639);
#1361=AXIS2_PLACEMENT_3D('',#2331,#1640,#1641);
#1362=AXIS2_PLACEMENT_3D('',#2334,#1642,#1643);
#1363=AXIS2_PLACEMENT_3D('',#2335,#1644,#1645);
#1364=AXIS2_PLACEMENT_3D('',#2336,#1646,#1647);
#1365=AXIS2_PLACEMENT_3D('',#2379,#1648,#1649);
#1366=AXIS2_PLACEMENT_3D('',#2392,#1650,#1651);
#1367=AXIS2_PLACEMENT_3D('',#2393,#1652,#1653);
#1368=AXIS2_PLACEMENT_3D('',#2394,#1654,#1655);
#1369=AXIS2_PLACEMENT_3D('',#2397,#1656,#1657);
#1370=AXIS2_PLACEMENT_3D('',#2399,#1658,#1659);
#1371=AXIS2_PLACEMENT_3D('',#2400,#1660,#1661);
#1372=AXIS2_PLACEMENT_3D('',#2401,#1662,#1663);
#1373=AXIS2_PLACEMENT_3D('',#2404,#1666,#1667);
#1374=AXIS2_PLACEMENT_3D('',#2417,#1668,#1669);
#1375=AXIS2_PLACEMENT_3D('',#2418,#1670,#1671);
#1376=AXIS2_PLACEMENT_3D('',#2457,#1672,#1673);
#1377=AXIS2_PLACEMENT_3D('',#2464,#1674,#1675);
#1378=AXIS2_PLACEMENT_3D('',#2467,#1676,#1677);
#1379=AXIS2_PLACEMENT_3D('',#2468,#1678,#1679);
#1380=AXIS2_PLACEMENT_3D('',#2469,#1680,#1681);
#1381=AXIS2_PLACEMENT_3D('',#2512,#1682,#1683);
#1382=AXIS2_PLACEMENT_3D('',#2525,#1684,#1685);
#1383=AXIS2_PLACEMENT_3D('',#2526,#1686,#1687);
#1384=AXIS2_PLACEMENT_3D('',#2527,#1688,#1689);
#1385=AXIS2_PLACEMENT_3D('',#2530,#1692,#1693);
#1386=AXIS2_PLACEMENT_3D('',#2543,#1694,#1695);
#1387=AXIS2_PLACEMENT_3D('',#2544,#1696,#1697);
#1388=AXIS2_PLACEMENT_3D('',#2545,#1698,#1699);
#1389=AXIS2_PLACEMENT_3D('',#2547,#1701,#1702);
#1390=AXIS2_PLACEMENT_3D('',#2550,#1704,#1705);
#1391=AXIS2_PLACEMENT_3D('',#2552,#1706,#1707);
#1392=AXIS2_PLACEMENT_3D('',#2553,#1708,#1709);
#1393=AXIS2_PLACEMENT_3D('',#2555,#1711,#1712);
#1394=AXIS2_PLACEMENT_3D('',#2561,#1716,#1717);
#1395=AXIS2_PLACEMENT_3D('',#2564,#1719,#1720);
#1396=AXIS2_PLACEMENT_3D('',#2565,#1721,#1722);
#1397=AXIS2_PLACEMENT_3D('',#2567,#1723,#1724);
#1398=AXIS2_PLACEMENT_3D('',#2569,#1726,#1727);
#1399=AXIS2_PLACEMENT_3D('',#2571,#1728,#1729);
#1400=AXIS2_PLACEMENT_3D('',#2573,#1731,#1732);
#1401=AXIS2_PLACEMENT_3D('',#2575,#1733,#1734);
#1402=AXIS2_PLACEMENT_3D('',#2578,#1736,#1737);
#1403=AXIS2_PLACEMENT_3D('',#2579,#1738,#1739);
#1404=AXIS2_PLACEMENT_3D('',#2581,#1740,#1741);
#1405=AXIS2_PLACEMENT_3D('',#2582,#1742,#1743);
#1406=AXIS2_PLACEMENT_3D('',#2584,#1744,#1745);
#1407=AXIS2_PLACEMENT_3D('',#2587,#1747,#1748);
#1408=AXIS2_PLACEMENT_3D('',#2588,#1749,#1750);
#1409=AXIS2_PLACEMENT_3D('',#2590,#1751,#1752);
#1410=AXIS2_PLACEMENT_3D('',#2591,#1753,#1754);
#1411=AXIS2_PLACEMENT_3D('',#2635,#1756,#1757);
#1412=AXIS2_PLACEMENT_3D('',#2679,#1759,#1760);
#1413=AXIS2_PLACEMENT_3D('',#2681,#1761,#1762);
#1414=AXIS2_PLACEMENT_3D('',#2683,#1764,#1765);
#1415=AXIS2_PLACEMENT_3D('',#2685,#1767,#1768);
#1416=AXIS2_PLACEMENT_3D('',#2687,#1770,#1771);
#1417=AXIS2_PLACEMENT_3D('',#2688,#1772,#1773);
#1418=AXIS2_PLACEMENT_3D('',#2689,#1774,#1775);
#1419=AXIS2_PLACEMENT_3D('',#2698,#1780,#1781);
#1420=AXIS2_PLACEMENT_3D('',#2700,#1782,#1783);
#1421=AXIS2_PLACEMENT_3D('',#2703,#1785,#1786);
#1422=AXIS2_PLACEMENT_3D('',#2704,#1787,#1788);
#1423=AXIS2_PLACEMENT_3D('',#2710,#1792,#1793);
#1424=AXIS2_PLACEMENT_3D('',#2712,#1795,#1796);
#1425=AXIS2_PLACEMENT_3D('',#2714,#1798,#1799);
#1426=DIRECTION('axis',(0.,0.,1.));
#1427=DIRECTION('refdir',(1.,0.,0.));
#1428=DIRECTION('center_axis',(0.,0.953254218877943,-0.302169479251962));
#1429=DIRECTION('ref_axis',(0.,-0.302169479251962,-0.953254218877943));
#1430=DIRECTION('',(0.,-0.302169479251962,-0.953254218877943));
#1431=DIRECTION('',(-1.,0.,0.));
#1432=DIRECTION('',(3.57840547418157E-16,0.302169479251962,0.953254218877943));
#1433=DIRECTION('',(1.,9.65411325761006E-18,0.));
#1434=DIRECTION('center_axis',(-1.,0.,0.));
#1435=DIRECTION('ref_axis',(0.,1.,0.));
#1436=DIRECTION('center_axis',(1.,0.,0.));
#1437=DIRECTION('ref_axis',(0.,1.,0.));
#1438=DIRECTION('',(-1.,0.,0.));
#1439=DIRECTION('center_axis',(-1.,1.1842378929335E-15,0.));
#1440=DIRECTION('ref_axis',(0.,1.,0.));
#1441=DIRECTION('center_axis',(0.,-0.953254218877943,-0.302169479251962));
#1442=DIRECTION('ref_axis',(0.,-0.302169479251962,0.953254218877943));
#1443=DIRECTION('',(0.,-0.302169479251962,0.953254218877943));
#1444=DIRECTION('',(-1.,9.65411325761006E-18,0.));
#1445=DIRECTION('',(3.57840547418157E-16,0.302169479251962,-0.953254218877943));
#1446=DIRECTION('center_axis',(-1.,1.1842378929335E-15,0.));
#1447=DIRECTION('ref_axis',(-1.1842378929335E-15,-1.,0.));
#1448=DIRECTION('',(-1.1842378929335E-15,-1.,0.));
#1449=DIRECTION('center_axis',(1.,0.,0.));
#1450=DIRECTION('ref_axis',(0.,1.,0.));
#1451=DIRECTION('',(0.,1.,0.));
#1452=DIRECTION('center_axis',(0.,0.,1.));
#1453=DIRECTION('ref_axis',(1.,0.,0.));
#1454=DIRECTION('center_axis',(-0.43869921459449,0.29203917397369,-0.8498565290559));
#1455=DIRECTION('ref_axis',(-0.707440995317216,0.47093880507294,0.527014117477945));
#1456=DIRECTION('center_axis',(0.0322551231981107,0.0135038292052487,0.999388439809202));
#1457=DIRECTION('ref_axis',(-0.999479573214817,0.,0.0322580645161293));
#1458=DIRECTION('center_axis',(8.88640892222838E-14,1.,0.));
#1459=DIRECTION('ref_axis',(0.,0.,1.));
#1460=DIRECTION('center_axis',(-0.922423827574992,-0.38617908063734,-3.96309960100063E-14));
#1461=DIRECTION('ref_axis',(-0.38617908063734,0.922423827574992,0.));
#1462=DIRECTION('center_axis',(-0.438699214594522,-0.292039173973621,-0.849856529055907));
#1463=DIRECTION('ref_axis',(-0.707440995317288,-0.470938805072836,0.527014117477942));
#1464=DIRECTION('center_axis',(2.29326681863969E-15,-1.,7.10542735760096E-14));
#1465=DIRECTION('ref_axis',(-0.999479573214817,0.,0.0322580645161304));
#1466=DIRECTION('center_axis',(0.0322551231980985,-0.0135038292053203,0.999388439809201));
#1467=DIRECTION('ref_axis',(-0.386179080637347,-0.922423827574989,-4.44089209850061E-15));
#1468=DIRECTION('center_axis',(-0.922423827574992,0.38617908063734,0.));
#1469=DIRECTION('ref_axis',(0.,0.,1.));
#1470=DIRECTION('center_axis',(0.438699214594524,0.29203917397365,-0.849856529055896));
#1471=DIRECTION('ref_axis',(0.707440995317267,0.470938805072869,0.527014117477941));
#1472=DIRECTION('center_axis',(0.,1.,0.));
#1473=DIRECTION('ref_axis',(0.999479573214817,0.,0.0322580645161304));
#1474=DIRECTION('center_axis',(-0.0322551231981074,0.013503829205318,0.999388439809201));
#1475=DIRECTION('ref_axis',(0.386179080637316,0.922423827575002,0.));
#1476=DIRECTION('center_axis',(0.922423827575007,-0.386179080637304,0.));
#1477=DIRECTION('ref_axis',(0.,0.,1.));
#1478=DIRECTION('center_axis',(0.943012036167382,0.332758620689904,5.21299173881731E-11));
#1479=DIRECTION('ref_axis',(-0.332758620689904,0.943012036167382,0.));
#1480=DIRECTION('center_axis',(0.,0.,-1.));
#1481=DIRECTION('ref_axis',(-1.,0.,0.));
#1482=DIRECTION('center_axis',(0.943012036167476,-0.332758620689638,5.91098051731432E-15));
#1483=DIRECTION('ref_axis',(0.332758620689638,0.943012036167476,0.));
#1484=DIRECTION('center_axis',(0.,0.,1.));
#1485=DIRECTION('ref_axis',(6.12323399573677E-17,-1.,0.));
#1486=DIRECTION('center_axis',(0.,0.,-1.));
#1487=DIRECTION('ref_axis',(6.12323399573677E-17,-1.,0.));
#1488=DIRECTION('center_axis',(0.,0.,-1.));
#1489=DIRECTION('ref_axis',(-1.,0.,0.));
#1490=DIRECTION('center_axis',(0.,0.,1.));
#1491=DIRECTION('ref_axis',(-0.391200148796394,-0.920305625095098,0.));
#1492=DIRECTION('center_axis',(0.,0.,-1.));
#1493=DIRECTION('ref_axis',(-0.391200148796394,-0.920305625095098,0.));
#1494=DIRECTION('center_axis',(0.438699214594547,-0.292039173973647,-0.849856529055886));
#1495=DIRECTION('ref_axis',(0.707440995317256,-0.470938805072848,0.527014117477975));
#1496=DIRECTION('center_axis',(-0.0322551231981085,-0.0135038292052427,
0.999388439809202));
#1497=DIRECTION('ref_axis',(0.999479573214817,0.,0.0322580645161272));
#1498=DIRECTION('center_axis',(0.,-1.,0.));
#1499=DIRECTION('ref_axis',(0.,0.,1.));
#1500=DIRECTION('center_axis',(0.922423827575005,0.38617908063731,3.27710774987723E-14));
#1501=DIRECTION('ref_axis',(0.38617908063731,-0.922423827575005,0.));
#1502=DIRECTION('center_axis',(0.,1.,0.));
#1503=DIRECTION('ref_axis',(0.695608343640255,0.,0.718421208107097));
#1504=DIRECTION('',(0.,-1.,0.));
#1505=DIRECTION('',(0.,1.,0.));
#1506=DIRECTION('center_axis',(0.,0.,-1.));
#1507=DIRECTION('ref_axis',(-1.,0.,0.));
#1508=DIRECTION('center_axis',(0.,0.,-1.));
#1509=DIRECTION('ref_axis',(-0.391200148796394,0.920305625095098,0.));
#1510=DIRECTION('center_axis',(0.,0.,1.));
#1511=DIRECTION('ref_axis',(-0.391200148796394,0.920305625095098,0.));
#1512=DIRECTION('center_axis',(-0.943012036167395,-0.332758620689867,5.21299173881739E-11));
#1513=DIRECTION('ref_axis',(0.332758620689867,-0.943012036167395,0.));
#1514=DIRECTION('center_axis',(0.,0.,-1.));
#1515=DIRECTION('ref_axis',(-1.,0.,0.));
#1516=DIRECTION('center_axis',(-0.943012036167457,0.332758620689692,-5.91098051731528E-15));
#1517=DIRECTION('ref_axis',(-0.332758620689692,-0.943012036167457,0.));
#1518=DIRECTION('center_axis',(0.,0.,1.));
#1519=DIRECTION('ref_axis',(6.12323399573677E-17,1.,0.));
#1520=DIRECTION('center_axis',(0.,0.,-1.));
#1521=DIRECTION('ref_axis',(6.12323399573677E-17,1.,0.));
#1522=DIRECTION('center_axis',(0.,0.,-1.));
#1523=DIRECTION('ref_axis',(-1.,0.,0.));
#1524=DIRECTION('center_axis',(0.,0.,1.));
#1525=DIRECTION('ref_axis',(0.391200148796394,0.920305625095098,0.));
#1526=DIRECTION('center_axis',(0.,0.,-1.));
#1527=DIRECTION('ref_axis',(0.391200148796394,0.920305625095098,0.));
#1528=DIRECTION('center_axis',(0.,-1.,0.));
#1529=DIRECTION('ref_axis',(-0.695608343640255,0.,0.718421208107097));
#1530=DIRECTION('',(0.,1.,0.));
#1531=DIRECTION('',(0.,-1.,0.));
#1532=DIRECTION('center_axis',(0.,0.,-1.));
#1533=DIRECTION('ref_axis',(-1.,0.,0.));
#1534=DIRECTION('center_axis',(0.,0.,-1.));
#1535=DIRECTION('ref_axis',(0.391200148796394,-0.920305625095098,0.));
#1536=DIRECTION('center_axis',(0.,0.,1.));
#1537=DIRECTION('ref_axis',(0.391200148796394,-0.920305625095098,0.));
#1538=DIRECTION('center_axis',(0.,1.,0.));
#1539=DIRECTION('ref_axis',(0.707106781186547,0.,-0.707106781186547));
#1540=DIRECTION('',(0.,-1.,0.));
#1541=DIRECTION('center_axis',(0.,0.,1.));
#1542=DIRECTION('ref_axis',(1.,0.,0.));
#1543=DIRECTION('',(0.,1.,0.));
#1544=DIRECTION('center_axis',(0.,0.,-1.));
#1545=DIRECTION('ref_axis',(1.,0.,0.));
#1546=DIRECTION('center_axis',(0.,0.,-1.));
#1547=DIRECTION('ref_axis',(1.,0.,0.));
#1548=DIRECTION('center_axis',(0.,0.,1.));
#1549=DIRECTION('ref_axis',(1.,0.,0.));
#1550=DIRECTION('',(0.,1.,0.));
#1551=DIRECTION('center_axis',(1.,1.77635683940025E-16,0.));
#1552=DIRECTION('ref_axis',(-1.77635683940025E-16,1.,0.));
#1553=DIRECTION('',(0.,0.,-1.));
#1554=DIRECTION('',(-1.77635683940025E-16,1.,0.));
#1555=DIRECTION('',(0.,0.,1.));
#1556=DIRECTION('center_axis',(0.,0.,1.));
#1557=DIRECTION('ref_axis',(1.,0.,0.));
#1558=DIRECTION('',(0.,0.,1.));
#1559=DIRECTION('center_axis',(0.,0.,1.));
#1560=DIRECTION('ref_axis',(1.,0.,0.));
#1561=DIRECTION('center_axis',(0.,0.,1.));
#1562=DIRECTION('ref_axis',(1.,0.,0.));
#1563=DIRECTION('center_axis',(0.,0.,1.));
#1564=DIRECTION('ref_axis',(1.,0.,0.));
#1565=DIRECTION('',(0.,0.,1.));
#1566=DIRECTION('center_axis',(0.,0.,1.));
#1567=DIRECTION('ref_axis',(1.,0.,0.));
#1568=DIRECTION('center_axis',(0.,0.,1.));
#1569=DIRECTION('ref_axis',(1.,0.,0.));
#1570=DIRECTION('',(0.,0.,1.));
#1571=DIRECTION('center_axis',(1.,0.,0.));
#1572=DIRECTION('ref_axis',(0.,-1.,0.));
#1573=DIRECTION('center_axis',(-1.,0.,0.));
#1574=DIRECTION('ref_axis',(0.,-1.,0.));
#1575=DIRECTION('',(-1.,0.,0.));
#1576=DIRECTION('center_axis',(1.,0.,0.));
#1577=DIRECTION('ref_axis',(0.,-1.,0.));
#1578=DIRECTION('center_axis',(-1.,0.,0.));
#1579=DIRECTION('ref_axis',(0.,-1.,0.));
#1580=DIRECTION('center_axis',(-1.,0.,0.));
#1581=DIRECTION('ref_axis',(0.,-1.,0.));
#1582=DIRECTION('center_axis',(1.,0.,0.));
#1583=DIRECTION('ref_axis',(0.,-1.,0.));
#1584=DIRECTION('center_axis',(-1.,0.,0.));
#1585=DIRECTION('ref_axis',(0.,-1.,0.));
#1586=DIRECTION('',(-1.,0.,0.));
#1587=DIRECTION('center_axis',(1.,0.,0.));
#1588=DIRECTION('ref_axis',(0.,-1.,0.));
#1589=DIRECTION('center_axis',(-1.,0.,0.));
#1590=DIRECTION('ref_axis',(0.,-1.,0.));
#1591=DIRECTION('center_axis',(-1.,0.,0.));
#1592=DIRECTION('ref_axis',(0.,-1.,0.));
#1593=DIRECTION('center_axis',(1.,0.,0.));
#1594=DIRECTION('ref_axis',(0.,-1.,0.));
#1595=DIRECTION('',(1.,0.,0.));
#1596=DIRECTION('center_axis',(1.,0.,0.));
#1597=DIRECTION('ref_axis',(0.,-1.,0.));
#1598=DIRECTION('',(1.,0.,0.));
#1599=DIRECTION('center_axis',(0.,0.,1.));
#1600=DIRECTION('ref_axis',(1.,0.,0.));
#1601=DIRECTION('center_axis',(0.,0.,1.));
#1602=DIRECTION('ref_axis',(1.,0.,0.));
#1603=DIRECTION('',(0.,0.,-1.));
#1604=DIRECTION('center_axis',(0.,0.,1.));
#1605=DIRECTION('ref_axis',(1.,0.,0.));
#1606=DIRECTION('',(0.,1.,0.));
#1607=DIRECTION('center_axis',(-1.,0.,0.));
#1608=DIRECTION('ref_axis',(0.,-1.,0.));
#1609=DIRECTION('',(0.,-1.,0.));
#1610=DIRECTION('center_axis',(0.,-1.,0.));
#1611=DIRECTION('ref_axis',(-0.707106781186547,0.,-0.707106781186547));
#1612=DIRECTION('center_axis',(0.,0.,1.));
#1613=DIRECTION('ref_axis',(1.,0.,0.));
#1614=DIRECTION('center_axis',(-0.438699214594489,0.292039173973703,-0.849856529055897));
#1615=DIRECTION('ref_axis',(-0.707440995317221,0.470938805072929,0.527014117477949));
#1616=DIRECTION('center_axis',(0.0322551231981107,0.0135038292052487,0.999388439809202));
#1617=DIRECTION('ref_axis',(-0.999479573214817,0.,0.0322580645161293));
#1618=DIRECTION('center_axis',(8.88640892222838E-14,1.,0.));
#1619=DIRECTION('ref_axis',(0.,0.,1.));
#1620=DIRECTION('center_axis',(-0.922423827574992,-0.38617908063734,-3.96309960100063E-14));
#1621=DIRECTION('ref_axis',(-0.38617908063734,0.922423827574992,0.));
#1622=DIRECTION('center_axis',(-0.438699214594522,-0.292039173973621,-0.849856529055907));
#1623=DIRECTION('ref_axis',(-0.707440995317288,-0.470938805072836,0.527014117477942));
#1624=DIRECTION('center_axis',(2.29326681863969E-15,-1.,7.10542735760096E-14));
#1625=DIRECTION('ref_axis',(-0.999479573214817,0.,0.0322580645161304));
#1626=DIRECTION('center_axis',(0.0322551231980985,-0.0135038292053203,0.999388439809201));
#1627=DIRECTION('ref_axis',(-0.386179080637347,-0.922423827574989,-4.44089209850061E-15));
#1628=DIRECTION('center_axis',(-0.922423827574992,0.38617908063734,0.));
#1629=DIRECTION('ref_axis',(0.,0.,1.));
#1630=DIRECTION('center_axis',(0.438699214594524,0.29203917397365,-0.849856529055896));
#1631=DIRECTION('ref_axis',(0.707440995317262,0.47093880507288,0.527014117477937));
#1632=DIRECTION('center_axis',(0.,1.,0.));
#1633=DIRECTION('ref_axis',(0.999479573214817,0.,0.0322580645161304));
#1634=DIRECTION('center_axis',(-0.0322551231981074,0.013503829205318,0.999388439809201));
#1635=DIRECTION('ref_axis',(0.386179080637316,0.922423827575002,0.));
#1636=DIRECTION('center_axis',(0.922423827575007,-0.386179080637304,0.));
#1637=DIRECTION('ref_axis',(0.,0.,1.));
#1638=DIRECTION('center_axis',(0.943012036167382,0.332758620689904,5.21299173881731E-11));
#1639=DIRECTION('ref_axis',(-0.332758620689904,0.943012036167382,0.));
#1640=DIRECTION('center_axis',(0.,0.,-1.));
#1641=DIRECTION('ref_axis',(-1.,0.,0.));
#1642=DIRECTION('center_axis',(0.943012036167476,-0.332758620689638,5.91098051731432E-15));
#1643=DIRECTION('ref_axis',(0.332758620689638,0.943012036167476,0.));
#1644=DIRECTION('center_axis',(0.,0.,1.));
#1645=DIRECTION('ref_axis',(6.12323399573677E-17,-1.,0.));
#1646=DIRECTION('center_axis',(0.,0.,-1.));
#1647=DIRECTION('ref_axis',(6.12323399573677E-17,-1.,0.));
#1648=DIRECTION('center_axis',(0.,0.,-1.));
#1649=DIRECTION('ref_axis',(-1.,0.,0.));
#1650=DIRECTION('center_axis',(0.,0.,1.));
#1651=DIRECTION('ref_axis',(-0.391200148796394,-0.920305625095098,0.));
#1652=DIRECTION('center_axis',(0.,0.,-1.));
#1653=DIRECTION('ref_axis',(-0.391200148796394,-0.920305625095098,0.));
#1654=DIRECTION('center_axis',(0.438699214594547,-0.292039173973647,-0.849856529055886));
#1655=DIRECTION('ref_axis',(0.707440995317256,-0.470938805072848,0.527014117477975));
#1656=DIRECTION('center_axis',(-0.0322551231981085,-0.0135038292052427,
0.999388439809202));
#1657=DIRECTION('ref_axis',(0.999479573214817,0.,0.0322580645161272));
#1658=DIRECTION('center_axis',(0.,-1.,0.));
#1659=DIRECTION('ref_axis',(0.,0.,1.));
#1660=DIRECTION('center_axis',(0.922423827575005,0.38617908063731,3.27710774987723E-14));
#1661=DIRECTION('ref_axis',(0.38617908063731,-0.922423827575005,0.));
#1662=DIRECTION('center_axis',(0.,1.,0.));
#1663=DIRECTION('ref_axis',(0.695608343640255,0.,0.718421208107097));
#1664=DIRECTION('',(0.,-1.,0.));
#1665=DIRECTION('',(0.,1.,0.));
#1666=DIRECTION('center_axis',(0.,0.,-1.));
#1667=DIRECTION('ref_axis',(-1.,0.,0.));
#1668=DIRECTION('center_axis',(0.,0.,-1.));
#1669=DIRECTION('ref_axis',(-0.391200148796394,0.920305625095098,0.));
#1670=DIRECTION('center_axis',(0.,0.,1.));
#1671=DIRECTION('ref_axis',(-0.391200148796394,0.920305625095098,0.));
#1672=DIRECTION('center_axis',(-0.943012036167395,-0.332758620689867,5.21299173881739E-11));
#1673=DIRECTION('ref_axis',(0.332758620689867,-0.943012036167395,0.));
#1674=DIRECTION('center_axis',(0.,0.,-1.));
#1675=DIRECTION('ref_axis',(-1.,0.,0.));
#1676=DIRECTION('center_axis',(-0.943012036167457,0.332758620689692,-5.91098051731528E-15));
#1677=DIRECTION('ref_axis',(-0.332758620689692,-0.943012036167457,0.));
#1678=DIRECTION('center_axis',(0.,0.,1.));
#1679=DIRECTION('ref_axis',(6.12323399573677E-17,1.,0.));
#1680=DIRECTION('center_axis',(0.,0.,-1.));
#1681=DIRECTION('ref_axis',(6.12323399573677E-17,1.,0.));
#1682=DIRECTION('center_axis',(0.,0.,-1.));
#1683=DIRECTION('ref_axis',(-1.,0.,0.));
#1684=DIRECTION('center_axis',(0.,0.,1.));
#1685=DIRECTION('ref_axis',(0.391200148796394,0.920305625095098,0.));
#1686=DIRECTION('center_axis',(0.,0.,-1.));
#1687=DIRECTION('ref_axis',(0.391200148796394,0.920305625095098,0.));
#1688=DIRECTION('center_axis',(0.,-1.,0.));
#1689=DIRECTION('ref_axis',(-0.695608343640255,0.,0.718421208107097));
#1690=DIRECTION('',(0.,1.,0.));
#1691=DIRECTION('',(0.,-1.,0.));
#1692=DIRECTION('center_axis',(0.,0.,-1.));
#1693=DIRECTION('ref_axis',(-1.,0.,0.));
#1694=DIRECTION('center_axis',(0.,0.,-1.));
#1695=DIRECTION('ref_axis',(0.391200148796394,-0.920305625095098,0.));
#1696=DIRECTION('center_axis',(0.,0.,1.));
#1697=DIRECTION('ref_axis',(0.391200148796394,-0.920305625095098,0.));
#1698=DIRECTION('center_axis',(0.,1.,0.));
#1699=DIRECTION('ref_axis',(0.707106781186547,0.,-0.707106781186547));
#1700=DIRECTION('',(0.,-1.,0.));
#1701=DIRECTION('center_axis',(0.,0.,1.));
#1702=DIRECTION('ref_axis',(1.,0.,0.));
#1703=DIRECTION('',(0.,1.,0.));
#1704=DIRECTION('center_axis',(0.,0.,-1.));
#1705=DIRECTION('ref_axis',(1.,0.,0.));
#1706=DIRECTION('center_axis',(0.,0.,-1.));
#1707=DIRECTION('ref_axis',(1.,0.,0.));
#1708=DIRECTION('center_axis',(0.,0.,1.));
#1709=DIRECTION('ref_axis',(1.,0.,0.));
#1710=DIRECTION('',(0.,1.,0.));
#1711=DIRECTION('center_axis',(1.,1.77635683940025E-16,0.));
#1712=DIRECTION('ref_axis',(-1.77635683940025E-16,1.,0.));
#1713=DIRECTION('',(0.,0.,-1.));
#1714=DIRECTION('',(-1.77635683940025E-16,1.,0.));
#1715=DIRECTION('',(0.,0.,1.));
#1716=DIRECTION('center_axis',(0.,0.,1.));
#1717=DIRECTION('ref_axis',(1.,0.,0.));
#1718=DIRECTION('',(0.,0.,1.));
#1719=DIRECTION('center_axis',(0.,0.,1.));
#1720=DIRECTION('ref_axis',(1.,0.,0.));
#1721=DIRECTION('center_axis',(0.,0.,1.));
#1722=DIRECTION('ref_axis',(1.,0.,0.));
#1723=DIRECTION('center_axis',(0.,0.,1.));
#1724=DIRECTION('ref_axis',(1.,0.,0.));
#1725=DIRECTION('',(0.,0.,1.));
#1726=DIRECTION('center_axis',(0.,0.,1.));
#1727=DIRECTION('ref_axis',(1.,0.,0.));
#1728=DIRECTION('center_axis',(0.,0.,1.));
#1729=DIRECTION('ref_axis',(1.,0.,0.));
#1730=DIRECTION('',(0.,0.,1.));
#1731=DIRECTION('center_axis',(1.,0.,0.));
#1732=DIRECTION('ref_axis',(0.,-1.,0.));
#1733=DIRECTION('center_axis',(-1.,0.,0.));
#1734=DIRECTION('ref_axis',(0.,-1.,0.));
#1735=DIRECTION('',(-1.,0.,0.));
#1736=DIRECTION('center_axis',(1.,0.,0.));
#1737=DIRECTION('ref_axis',(0.,-1.,0.));
#1738=DIRECTION('center_axis',(-1.,0.,0.));
#1739=DIRECTION('ref_axis',(0.,-1.,0.));
#1740=DIRECTION('center_axis',(-1.,0.,0.));
#1741=DIRECTION('ref_axis',(0.,-1.,0.));
#1742=DIRECTION('center_axis',(1.,0.,0.));
#1743=DIRECTION('ref_axis',(0.,-1.,0.));
#1744=DIRECTION('center_axis',(-1.,0.,0.));
#1745=DIRECTION('ref_axis',(0.,-1.,0.));
#1746=DIRECTION('',(-1.,0.,0.));
#1747=DIRECTION('center_axis',(1.,0.,0.));
#1748=DIRECTION('ref_axis',(0.,-1.,0.));
#1749=DIRECTION('center_axis',(-1.,0.,0.));
#1750=DIRECTION('ref_axis',(0.,-1.,0.));
#1751=DIRECTION('center_axis',(-1.,0.,0.));
#1752=DIRECTION('ref_axis',(0.,-1.,0.));
#1753=DIRECTION('center_axis',(1.,0.,0.));
#1754=DIRECTION('ref_axis',(0.,-1.,0.));
#1755=DIRECTION('',(1.,0.,0.));
#1756=DIRECTION('center_axis',(1.,0.,0.));
#1757=DIRECTION('ref_axis',(0.,-1.,0.));
#1758=DIRECTION('',(1.,0.,0.));
#1759=DIRECTION('center_axis',(0.,0.,1.));
#1760=DIRECTION('ref_axis',(1.,0.,0.));
#1761=DIRECTION('center_axis',(0.,0.,1.));
#1762=DIRECTION('ref_axis',(1.,0.,0.));
#1763=DIRECTION('',(0.,0.,-1.));
#1764=DIRECTION('center_axis',(0.,0.,1.));
#1765=DIRECTION('ref_axis',(1.,0.,0.));
#1766=DIRECTION('',(0.,1.,0.));
#1767=DIRECTION('center_axis',(-1.,0.,0.));
#1768=DIRECTION('ref_axis',(0.,-1.,0.));
#1769=DIRECTION('',(0.,-1.,0.));
#1770=DIRECTION('center_axis',(0.,-1.,0.));
#1771=DIRECTION('ref_axis',(-0.707106781186547,0.,-0.707106781186547));
#1772=DIRECTION('center_axis',(0.,0.,1.));
#1773=DIRECTION('ref_axis',(1.,0.,0.));
#1774=DIRECTION('center_axis',(0.,0.953254218877943,-0.302169479251962));
#1775=DIRECTION('ref_axis',(0.,-0.302169479251962,-0.953254218877943));
#1776=DIRECTION('',(0.,-0.302169479251962,-0.953254218877943));
#1777=DIRECTION('',(-1.,0.,0.));
#1778=DIRECTION('',(3.57840547418157E-16,0.302169479251962,0.953254218877943));
#1779=DIRECTION('',(1.,9.65411325761006E-18,0.));
#1780=DIRECTION('center_axis',(-1.,0.,0.));
#1781=DIRECTION('ref_axis',(0.,1.,0.));
#1782=DIRECTION('center_axis',(1.,0.,0.));
#1783=DIRECTION('ref_axis',(0.,1.,0.));
#1784=DIRECTION('',(-1.,0.,0.));
#1785=DIRECTION('center_axis',(-1.,1.1842378929335E-15,0.));
#1786=DIRECTION('ref_axis',(0.,1.,0.));
#1787=DIRECTION('center_axis',(0.,-0.953254218877943,-0.302169479251962));
#1788=DIRECTION('ref_axis',(0.,-0.302169479251962,0.953254218877943));
#1789=DIRECTION('',(0.,-0.302169479251962,0.953254218877943));
#1790=DIRECTION('',(-1.,9.65411325761006E-18,0.));
#1791=DIRECTION('',(3.57840547418157E-16,0.302169479251962,-0.953254218877943));
#1792=DIRECTION('center_axis',(-1.,1.1842378929335E-15,0.));
#1793=DIRECTION('ref_axis',(-1.1842378929335E-15,-1.,0.));
#1794=DIRECTION('',(-1.1842378929335E-15,-1.,0.));
#1795=DIRECTION('center_axis',(1.,0.,0.));
#1796=DIRECTION('ref_axis',(0.,1.,0.));
#1797=DIRECTION('',(0.,1.,0.));
#1798=DIRECTION('center_axis',(0.,0.,1.));
#1799=DIRECTION('ref_axis',(1.,0.,0.));
#1800=CARTESIAN_POINT('',(0.,0.,0.));
#1801=CARTESIAN_POINT('Origin',(115.,-3.57470332079229,12.3831355471949));
#1802=CARTESIAN_POINT('',(115.,-3.57470332079229,12.3831355471949));
#1803=CARTESIAN_POINT('',(115.,-7.5,0.));
#1804=CARTESIAN_POINT('',(115.,-5.53735166039614,6.19156777359743));
#1805=CARTESIAN_POINT('',(-115.,-3.57470332079229,12.3831355471949));
#1806=CARTESIAN_POINT('',(115.,-3.57470332079229,12.3831355471949));
#1807=CARTESIAN_POINT('',(-115.,-7.5,0.));
#1808=CARTESIAN_POINT('',(-115.,-4.85255370396061,8.3519002554456));
#1809=CARTESIAN_POINT('',(-115.,-7.5,0.));
#1810=CARTESIAN_POINT('Origin',(115.,0.,11.25));
#1811=CARTESIAN_POINT('',(115.,3.57470332079229,12.3831355471949));
#1812=CARTESIAN_POINT('Origin',(115.,0.,11.25));
#1813=CARTESIAN_POINT('',(-115.,3.57470332079229,12.3831355471949));
#1814=CARTESIAN_POINT('',(115.,3.57470332079229,12.3831355471949));
#1815=CARTESIAN_POINT('Origin',(-115.,0.,11.25));
#1816=CARTESIAN_POINT('Origin',(115.,7.5,0.));
#1817=CARTESIAN_POINT('',(115.,7.5,0.));
#1818=CARTESIAN_POINT('',(115.,6.81520204356449,2.16033248184813));
#1819=CARTESIAN_POINT('',(-115.,7.5,0.));
#1820=CARTESIAN_POINT('',(115.,7.5,0.));
#1821=CARTESIAN_POINT('',(-115.,7.50000000000001,-3.92279963238744E-14));
#1822=CARTESIAN_POINT('Origin',(-115.,7.5,0.));
#1823=CARTESIAN_POINT('',(-115.,7.5,0.));
#1824=CARTESIAN_POINT('Origin',(115.,-7.5,0.));
#1825=CARTESIAN_POINT('',(115.,-7.5,0.));
#1826=CARTESIAN_POINT('Origin',(-3.5527136788005E-14,1.11022302462516E-15,
0.));
#1827=CARTESIAN_POINT('Origin',(111.99193338483,46.9970900032527,18.));
#1828=CARTESIAN_POINT('',(111.492193598222,46.9970900032527,18.0161290322581));
#1829=CARTESIAN_POINT('',(111.798843844511,47.4583019170402,18.));
#1830=CARTESIAN_POINT('Origin',(111.99193338483,46.9970900032527,18.));
#1831=CARTESIAN_POINT('',(111.99193338483,46.9970900032527,18.5));
#1832=CARTESIAN_POINT('Origin',(111.99193338483,46.9970900032527,18.));
#1833=CARTESIAN_POINT('Origin',(111.99193338483,46.9970900032527,18.));
#1834=CARTESIAN_POINT('Origin',(111.99193338483,-46.9970900032527,18.));
#1835=CARTESIAN_POINT('',(111.492193598222,-46.9970900032527,18.0161290322581));
#1836=CARTESIAN_POINT('',(111.99193338483,-46.9970900032527,18.5));
#1837=CARTESIAN_POINT('Origin',(111.99193338483,-46.9970900032527,18.));
#1838=CARTESIAN_POINT('',(111.798843844511,-47.4583019170402,18.));
#1839=CARTESIAN_POINT('Origin',(111.99193338483,-46.9970900032527,18.));
#1840=CARTESIAN_POINT('Origin',(111.99193338483,-46.9970900032527,18.));
#1841=CARTESIAN_POINT('Origin',(-111.99193338483,46.9970900032527,18.));
#1842=CARTESIAN_POINT('',(-111.492193598222,46.9970900032527,18.0161290322581));
#1843=CARTESIAN_POINT('',(-111.99193338483,46.9970900032527,18.5));
#1844=CARTESIAN_POINT('Origin',(-111.99193338483,46.9970900032527,18.));
#1845=CARTESIAN_POINT('',(-111.798843844511,47.4583019170402,18.));
#1846=CARTESIAN_POINT('Origin',(-111.99193338483,46.9970900032527,18.));
#1847=CARTESIAN_POINT('Origin',(-111.99193338483,46.9970900032527,18.));
#1848=CARTESIAN_POINT('Ctrl Pts',(111.798843844511,47.4583019170402,18.));
#1849=CARTESIAN_POINT('Ctrl Pts',(111.760955728795,47.4424397967686,16.8240521742444));
#1850=CARTESIAN_POINT('Ctrl Pts',(111.247117911226,47.2274548572211,13.3070319987851));
#1851=CARTESIAN_POINT('Ctrl Pts',(108.462889665274,46.0714754149353,8.07405989248489));
#1852=CARTESIAN_POINT('Ctrl Pts',(102.956033216325,43.8985995706378,3.96027517982656));
#1853=CARTESIAN_POINT('Ctrl Pts',(98.54877288013,42.2796714991657,3.00000000000766));
#1854=CARTESIAN_POINT('Ctrl Pts',(96.3336206897086,41.4980155295362,3.));
#1855=CARTESIAN_POINT('Ctrl Pts',(111.708614637963,47.4205268390448,18.0034225554735));
#1856=CARTESIAN_POINT('Ctrl Pts',(111.670890693486,47.4047499145484,16.8355302540048));
#1857=CARTESIAN_POINT('Ctrl Pts',(111.15931432438,47.1908447962651,13.3426038741382));
#1858=CARTESIAN_POINT('Ctrl Pts',(108.387547048639,46.0410342346995,8.14778139708655));
#1859=CARTESIAN_POINT('Ctrl Pts',(102.909972905064,43.8813631730656,4.07162456130226));
#1860=CARTESIAN_POINT('Ctrl Pts',(98.5321125914019,42.273655370836,3.12689090427501));
#1861=CARTESIAN_POINT('Ctrl Pts',(96.3336206897082,41.498015529536,3.13089969389948));
#1862=CARTESIAN_POINT('Ctrl Pts',(111.551280588568,47.2904296636584,18.0102583751717));
#1863=CARTESIAN_POINT('Ctrl Pts',(111.513926691424,47.2747042744293,16.8584345674246));
#1864=CARTESIAN_POINT('Ctrl Pts',(111.007353059208,47.0616043481389,13.4137048316778));
#1865=CARTESIAN_POINT('Ctrl Pts',(108.263389638408,45.9158960422432,8.29513111293419));
#1866=CARTESIAN_POINT('Ctrl Pts',(102.849535239186,43.765339332728,4.29373986255327));
#1867=CARTESIAN_POINT('Ctrl Pts',(98.5336012583071,42.1666412897824,3.37982743137842));
#1868=CARTESIAN_POINT('Ctrl Pts',(96.3697272741366,41.3956922790336,3.3914931659637));
#1869=CARTESIAN_POINT('Ctrl Pts',(111.492150962115,47.0949584515692,18.0148080007901));
#1870=CARTESIAN_POINT('Ctrl Pts',(111.455220543927,47.0791244441984,16.873713006798));
#1871=CARTESIAN_POINT('Ctrl Pts',(110.954382559745,46.8645042848847,13.4608384558404));
#1872=CARTESIAN_POINT('Ctrl Pts',(108.241129631393,45.710621891059,8.38687133126122));
#1873=CARTESIAN_POINT('Ctrl Pts',(102.882841104572,43.5428014949598,4.41102320885354));
#1874=CARTESIAN_POINT('Ctrl Pts',(98.6040200271632,41.928821057827,3.49362331716975));
#1875=CARTESIAN_POINT('Ctrl Pts',(96.4564419984611,41.1499494983303,3.49999999999984));
#1876=CARTESIAN_POINT('Ctrl Pts',(111.492193598222,46.9970900032527,18.0161290322581));
#1877=CARTESIAN_POINT('Ctrl Pts',(111.455464353503,46.9812004872639,16.8781150073333));
#1878=CARTESIAN_POINT('Ctrl Pts',(110.957343119691,46.7658442438484,13.4745470955984));
#1879=CARTESIAN_POINT('Ctrl Pts',(108.258275122613,45.6078682912996,8.41038054111441));
#1880=CARTESIAN_POINT('Ctrl Pts',(102.919855031704,43.4312396389809,4.42929856112246));
#1881=CARTESIAN_POINT('Ctrl Pts',(98.6473980786819,41.8095154913922,3.50000000000741));
#1882=CARTESIAN_POINT('Ctrl Pts',(96.5000000000519,41.0265095114525,3.5));
#1883=CARTESIAN_POINT('',(96.3336206897086,41.4980155295362,3.));
#1884=CARTESIAN_POINT('Ctrl Pts',(111.798843844511,47.4583019170402,18.));
#1885=CARTESIAN_POINT('Ctrl Pts',(111.760955728795,47.4424397967686,16.8240521742444));
#1886=CARTESIAN_POINT('Ctrl Pts',(111.247117911226,47.2274548572211,13.3070319987851));
#1887=CARTESIAN_POINT('Ctrl Pts',(108.462889665274,46.0714754149353,8.07405989248489));
#1888=CARTESIAN_POINT('Ctrl Pts',(102.956033216325,43.8985995706378,3.96027517982656));
#1889=CARTESIAN_POINT('Ctrl Pts',(98.54877288013,42.2796714991657,3.00000000000766));
#1890=CARTESIAN_POINT('Ctrl Pts',(96.3336206897086,41.4980155295362,3.));
#1891=CARTESIAN_POINT('',(96.5000000000259,41.0265095114525,3.5));
#1892=CARTESIAN_POINT('Origin',(96.5000000000536,41.0265095114525,3.));
#1893=CARTESIAN_POINT('Ctrl Pts',(96.5000000000519,41.0265095114525,3.5));
#1894=CARTESIAN_POINT('Ctrl Pts',(98.6473980786819,41.8095154913922,3.50000000000741));
#1895=CARTESIAN_POINT('Ctrl Pts',(102.919855031704,43.4312396389809,4.42929856112246));
#1896=CARTESIAN_POINT('Ctrl Pts',(108.258275122613,45.6078682912996,8.41038054111441));
#1897=CARTESIAN_POINT('Ctrl Pts',(110.957343119691,46.7658442438484,13.4745470955984));
#1898=CARTESIAN_POINT('Ctrl Pts',(111.455464353503,46.9812004872639,16.8781150073333));
#1899=CARTESIAN_POINT('Ctrl Pts',(111.492193598222,46.9970900032527,18.0161290322581));
#1900=CARTESIAN_POINT('Origin',(0.,314.5,3.));
#1901=CARTESIAN_POINT('',(-96.3336206896551,41.4980155295173,3.));
#1902=CARTESIAN_POINT('',(-96.5,41.0265095114336,3.5));
#1903=CARTESIAN_POINT('Origin',(-96.5,41.0265095114336,3.));
#1904=CARTESIAN_POINT('Origin',(0.,314.5,3.5));
#1905=CARTESIAN_POINT('Origin',(0.,314.5,3.));
#1906=CARTESIAN_POINT('Ctrl Pts',(-96.3336206897085,41.4980155295362,3.));
#1907=CARTESIAN_POINT('Ctrl Pts',(-99.6563489753428,42.6704994839811,3.00000000001149));
#1908=CARTESIAN_POINT('Ctrl Pts',(-105.151140204782,44.7371939808447,4.81942670808236));
#1909=CARTESIAN_POINT('Ctrl Pts',(-110.469856483491,46.8992204198038,11.0004497102205));
#1910=CARTESIAN_POINT('Ctrl Pts',(-111.723067613079,47.4265776764973,15.6481043485075));
#1911=CARTESIAN_POINT('Ctrl Pts',(-111.798843844511,47.4583019170402,18.));
#1912=CARTESIAN_POINT('Ctrl Pts',(-96.3336206897081,41.498015529536,3.13089969389948));
#1913=CARTESIAN_POINT('Ctrl Pts',(-99.6313585422509,42.6614752914867,3.12488650946277));
#1914=CARTESIAN_POINT('Ctrl Pts',(-105.092177640854,44.7146000502684,4.92036998610573));
#1915=CARTESIAN_POINT('Ctrl Pts',(-110.38534974962,46.8642137933288,11.0520019932071));
#1916=CARTESIAN_POINT('Ctrl Pts',(-111.633166749011,47.3889729900521,15.6676379525545));
#1917=CARTESIAN_POINT('Ctrl Pts',(-111.708614637963,47.4205268390448,18.0034225554734));
#1918=CARTESIAN_POINT('Ctrl Pts',(-96.3697272741365,41.3956922790335,3.3914931659637));
#1919=CARTESIAN_POINT('Ctrl Pts',(-99.6155382503944,42.5521157951575,3.37399456408576));
#1920=CARTESIAN_POINT('Ctrl Pts',(-105.004123687818,44.5944809198949,5.12175208713269));
#1921=CARTESIAN_POINT('Ctrl Pts',(-110.240759095556,46.7361739716379,11.1551645283825));
#1922=CARTESIAN_POINT('Ctrl Pts',(-111.47657279428,47.2589788852005,15.7066107596958));
#1923=CARTESIAN_POINT('Ctrl Pts',(-111.551280588568,47.2904296636583,18.0102583751716));
#1924=CARTESIAN_POINT('Ctrl Pts',(-96.456441998461,41.1499494983303,3.49999999999985));
#1925=CARTESIAN_POINT('Ctrl Pts',(-99.6778090415164,42.3182568375761,3.4904349757547));
#1926=CARTESIAN_POINT('Ctrl Pts',(-105.016719480459,44.3791926348526,5.23725073439274));
#1927=CARTESIAN_POINT('Ctrl Pts',(-110.196543309491,46.536796366022,11.2228222471487));
#1928=CARTESIAN_POINT('Ctrl Pts',(-111.41829012574,47.0632904368278,15.7326180128241));
#1929=CARTESIAN_POINT('Ctrl Pts',(-111.492150962115,47.0949584515692,18.0148080007901));
#1930=CARTESIAN_POINT('Ctrl Pts',(-96.5000000000517,41.0265095114525,3.5));
#1931=CARTESIAN_POINT('Ctrl Pts',(-99.7210971179991,42.2010184813628,3.50000000001112));
#1932=CARTESIAN_POINT('Ctrl Pts',(-105.047821024191,44.2712823987736,5.26073552395068));
#1933=CARTESIAN_POINT('Ctrl Pts',(-110.203855524694,46.4370429075754,11.2423706873102));
#1934=CARTESIAN_POINT('Ctrl Pts',(-111.418735108785,46.9653109712753,15.7401009824266));
#1935=CARTESIAN_POINT('Ctrl Pts',(-111.492193598222,46.9970900032527,18.0161290322581));
#1936=CARTESIAN_POINT('Ctrl Pts',(-111.492193598222,46.9970900032527,18.0161290322581));
#1937=CARTESIAN_POINT('Ctrl Pts',(-111.418735108785,46.9653109712753,15.7401009824266));
#1938=CARTESIAN_POINT('Ctrl Pts',(-110.203855524694,46.4370429075754,11.2423706873102));
#1939=CARTESIAN_POINT('Ctrl Pts',(-105.047821024191,44.2712823987736,5.26073552395068));
#1940=CARTESIAN_POINT('Ctrl Pts',(-99.7210971179991,42.2010184813628,3.50000000001112));
#1941=CARTESIAN_POINT('Ctrl Pts',(-96.5000000000517,41.0265095114525,3.5));
#1942=CARTESIAN_POINT('Ctrl Pts',(-96.3336206897085,41.4980155295362,3.));
#1943=CARTESIAN_POINT('Ctrl Pts',(-99.6563489753428,42.6704994839811,3.00000000001149));
#1944=CARTESIAN_POINT('Ctrl Pts',(-105.151140204782,44.7371939808447,4.81942670808236));
#1945=CARTESIAN_POINT('Ctrl Pts',(-110.469856483491,46.8992204198038,11.0004497102205));
#1946=CARTESIAN_POINT('Ctrl Pts',(-111.723067613079,47.4265776764973,15.6481043485075));
#1947=CARTESIAN_POINT('Ctrl Pts',(-111.798843844511,47.4583019170402,18.));
#1948=CARTESIAN_POINT('Origin',(0.,314.5,18.));
#1949=CARTESIAN_POINT('',(-115.,48.8211525168026,18.));
#1950=CARTESIAN_POINT('',(-115.,48.2764097605172,18.5));
#1951=CARTESIAN_POINT('Ctrl Pts',(-115.,48.8211525168026,18.));
#1952=CARTESIAN_POINT('Ctrl Pts',(-115.,48.8211525168026,18.0600225683562));
#1953=CARTESIAN_POINT('Ctrl Pts',(-115.,48.8062218954191,18.1304851619112));
#1954=CARTESIAN_POINT('Ctrl Pts',(-115.,48.7572154954295,18.2430472141459));
#1955=CARTESIAN_POINT('Ctrl Pts',(-115.,48.7135147698878,18.304361231618));
#1956=CARTESIAN_POINT('Ctrl Pts',(-115.,48.6200270938919,18.3930998973719));
#1957=CARTESIAN_POINT('Ctrl Pts',(-115.,48.5527521518108,18.435239158888));
#1958=CARTESIAN_POINT('Ctrl Pts',(-115.,48.4269432506795,18.4847928195985));
#1959=CARTESIAN_POINT('Ctrl Pts',(-115.,48.3454736836465,18.5));
#1960=CARTESIAN_POINT('Ctrl Pts',(-115.,48.2764097605172,18.5));
#1961=CARTESIAN_POINT('Origin',(0.,314.5,18.5));
#1962=CARTESIAN_POINT('Origin',(0.,314.5,18.));
#1963=CARTESIAN_POINT('Origin',(-111.99193338483,-46.9970900032527,18.));
#1964=CARTESIAN_POINT('',(-111.492193598222,-46.9970900032527,18.0161290322581));
#1965=CARTESIAN_POINT('',(-111.798843844511,-47.4583019170402,18.));
#1966=CARTESIAN_POINT('Origin',(-111.99193338483,-46.9970900032527,18.));
#1967=CARTESIAN_POINT('',(-111.99193338483,-46.9970900032527,18.5));
#1968=CARTESIAN_POINT('Origin',(-111.99193338483,-46.9970900032527,18.));
#1969=CARTESIAN_POINT('Origin',(-111.99193338483,-46.9970900032527,18.));
#1970=CARTESIAN_POINT('Origin',(-111.99193338483,-25.,18.));
#1971=CARTESIAN_POINT('',(-111.99193338483,-25.,18.5));
#1972=CARTESIAN_POINT('',(-111.492193598222,-25.,18.0161290322581));
#1973=CARTESIAN_POINT('Origin',(0.,-314.5,18.));
#1974=CARTESIAN_POINT('',(-115.,-48.2764097605173,18.5));
#1975=CARTESIAN_POINT('',(-115.,-48.8211525168027,18.));
#1976=CARTESIAN_POINT('Ctrl Pts',(-115.,-48.2764097605173,18.5));
#1977=CARTESIAN_POINT('Ctrl Pts',(-115.,-48.3454736836465,18.5));
#1978=CARTESIAN_POINT('Ctrl Pts',(-115.,-48.4269432506796,18.4847928195985));
#1979=CARTESIAN_POINT('Ctrl Pts',(-115.,-48.5527521518109,18.435239158888));
#1980=CARTESIAN_POINT('Ctrl Pts',(-115.,-48.6200270938919,18.3930998973719));
#1981=CARTESIAN_POINT('Ctrl Pts',(-115.,-48.7135147698879,18.304361231618));
#1982=CARTESIAN_POINT('Ctrl Pts',(-115.,-48.7572154954295,18.2430472141459));
#1983=CARTESIAN_POINT('Ctrl Pts',(-115.,-48.8062218954191,18.1304851619112));
#1984=CARTESIAN_POINT('Ctrl Pts',(-115.,-48.8211525168027,18.0600225683562));
#1985=CARTESIAN_POINT('Ctrl Pts',(-115.,-48.8211525168027,18.));
#1986=CARTESIAN_POINT('Origin',(0.,-314.5,18.));
#1987=CARTESIAN_POINT('Origin',(0.,-314.5,18.5));
#1988=CARTESIAN_POINT('Ctrl Pts',(-111.798843844511,-47.4583019170402,18.));
#1989=CARTESIAN_POINT('Ctrl Pts',(-111.723067613079,-47.426577676497,15.6481043484889));
#1990=CARTESIAN_POINT('Ctrl Pts',(-110.469856483482,-46.8992204198003,11.0004497102063));
#1991=CARTESIAN_POINT('Ctrl Pts',(-105.151140204776,-44.7371939808425,4.81942670808013));
#1992=CARTESIAN_POINT('Ctrl Pts',(-99.6563489753406,-42.6704994839804,3.00000000001149));
#1993=CARTESIAN_POINT('Ctrl Pts',(-96.3336206897086,-41.4980155295362,3.));
#1994=CARTESIAN_POINT('Ctrl Pts',(-111.708614637963,-47.4205268390448,18.0034225554735));
#1995=CARTESIAN_POINT('Ctrl Pts',(-111.63316674901,-47.3889729900519,15.6676379525361));
#1996=CARTESIAN_POINT('Ctrl Pts',(-110.385349749611,-46.8642137933253,11.0520019931929));
#1997=CARTESIAN_POINT('Ctrl Pts',(-105.092177640848,-44.7146000502661,4.92036998610353));
#1998=CARTESIAN_POINT('Ctrl Pts',(-99.6313585422487,-42.661475291486,3.12488650946278));
#1999=CARTESIAN_POINT('Ctrl Pts',(-96.3336206897081,-41.4980155295361,3.13089969389948));
#2000=CARTESIAN_POINT('Ctrl Pts',(-111.551280588568,-47.2904296636584,18.0102583751717));
#2001=CARTESIAN_POINT('Ctrl Pts',(-111.476572794279,-47.2589788852003,15.7066107596775));
#2002=CARTESIAN_POINT('Ctrl Pts',(-110.240759095548,-46.7361739716345,11.1551645283686));
#2003=CARTESIAN_POINT('Ctrl Pts',(-105.004123687812,-44.5944809198927,5.12175208713054));
#2004=CARTESIAN_POINT('Ctrl Pts',(-99.6155382503922,-42.5521157951568,3.37399456408578));
#2005=CARTESIAN_POINT('Ctrl Pts',(-96.3697272741366,-41.3956922790336,3.3914931659637));
#2006=CARTESIAN_POINT('Ctrl Pts',(-111.492150962115,-47.0949584515692,18.0148080007901));
#2007=CARTESIAN_POINT('Ctrl Pts',(-111.418290125739,-47.0632904368276,15.732618012806));
#2008=CARTESIAN_POINT('Ctrl Pts',(-110.196543309483,-46.5367963660186,11.2228222471349));
#2009=CARTESIAN_POINT('Ctrl Pts',(-105.016719480453,-44.3791926348504,5.23725073439059));
#2010=CARTESIAN_POINT('Ctrl Pts',(-99.6778090415142,-42.3182568375753,3.49043497575471));
#2011=CARTESIAN_POINT('Ctrl Pts',(-96.456441998461,-41.1499494983303,3.49999999999985));
#2012=CARTESIAN_POINT('Ctrl Pts',(-111.492193598222,-46.9970900032527,18.0161290322581));
#2013=CARTESIAN_POINT('Ctrl Pts',(-111.418735108784,-46.9653109712751,15.7401009824086));
#2014=CARTESIAN_POINT('Ctrl Pts',(-110.203855524686,-46.437042907572,11.2423706872964));
#2015=CARTESIAN_POINT('Ctrl Pts',(-105.047821024185,-44.2712823987714,5.26073552394851));
#2016=CARTESIAN_POINT('Ctrl Pts',(-99.7210971179969,-42.2010184813621,3.50000000001112));
#2017=CARTESIAN_POINT('Ctrl Pts',(-96.5000000000518,-41.0265095114525,3.5));
#2018=CARTESIAN_POINT('',(-96.3336206897086,-41.4980155295362,3.));
#2019=CARTESIAN_POINT('Ctrl Pts',(-111.798843844511,-47.4583019170402,18.));
#2020=CARTESIAN_POINT('Ctrl Pts',(-111.723067613079,-47.426577676497,15.6481043484889));
#2021=CARTESIAN_POINT('Ctrl Pts',(-110.469856483482,-46.8992204198003,11.0004497102063));
#2022=CARTESIAN_POINT('Ctrl Pts',(-105.151140204776,-44.7371939808425,4.81942670808013));
#2023=CARTESIAN_POINT('Ctrl Pts',(-99.6563489753406,-42.6704994839804,3.00000000001149));
#2024=CARTESIAN_POINT('Ctrl Pts',(-96.3336206897086,-41.4980155295362,3.));
#2025=CARTESIAN_POINT('',(-96.5000000000258,-41.0265095114525,3.5));
#2026=CARTESIAN_POINT('Origin',(-96.5000000000535,-41.0265095114525,3.));
#2027=CARTESIAN_POINT('Ctrl Pts',(-96.5000000000518,-41.0265095114525,3.5));
#2028=CARTESIAN_POINT('Ctrl Pts',(-99.7210971179969,-42.2010184813621,3.50000000001112));
#2029=CARTESIAN_POINT('Ctrl Pts',(-105.047821024185,-44.2712823987714,5.26073552394851));
#2030=CARTESIAN_POINT('Ctrl Pts',(-110.203855524686,-46.437042907572,11.2423706872964));
#2031=CARTESIAN_POINT('Ctrl Pts',(-111.418735108784,-46.9653109712751,15.7401009824086));
#2032=CARTESIAN_POINT('Ctrl Pts',(-111.492193598222,-46.9970900032527,18.0161290322581));
#2033=CARTESIAN_POINT('Origin',(0.,-314.5,3.));
#2034=CARTESIAN_POINT('',(96.3336206896552,-41.4980155295174,3.));
#2035=CARTESIAN_POINT('',(96.5,-41.0265095114336,3.5));
#2036=CARTESIAN_POINT('Origin',(96.5,-41.0265095114336,3.));
#2037=CARTESIAN_POINT('Origin',(0.,-314.5,3.5));
#2038=CARTESIAN_POINT('Origin',(0.,-314.5,3.));
#2039=CARTESIAN_POINT('Ctrl Pts',(96.3336206897087,-41.4980155295362,3.));
#2040=CARTESIAN_POINT('Ctrl Pts',(99.6563489753429,-42.6704994839812,3.00000000001149));
#2041=CARTESIAN_POINT('Ctrl Pts',(105.151140204782,-44.7371939808448,4.81942670808235));
#2042=CARTESIAN_POINT('Ctrl Pts',(110.469856483491,-46.8992204198038,11.0004497102206));
#2043=CARTESIAN_POINT('Ctrl Pts',(111.723067613079,-47.4265776764973,15.6481043485075));
#2044=CARTESIAN_POINT('Ctrl Pts',(111.798843844511,-47.4583019170402,18.));
#2045=CARTESIAN_POINT('Ctrl Pts',(96.3336206897082,-41.4980155295361,3.13089969389948));
#2046=CARTESIAN_POINT('Ctrl Pts',(99.6313585422509,-42.6614752914868,3.12488650946277));
#2047=CARTESIAN_POINT('Ctrl Pts',(105.092177640855,-44.7146000502684,4.92036998610572));
#2048=CARTESIAN_POINT('Ctrl Pts',(110.38534974962,-46.8642137933289,11.0520019932071));
#2049=CARTESIAN_POINT('Ctrl Pts',(111.633166749011,-47.3889729900522,15.6676379525546));
#2050=CARTESIAN_POINT('Ctrl Pts',(111.708614637963,-47.4205268390449,18.0034225554734));
#2051=CARTESIAN_POINT('Ctrl Pts',(96.3697272741366,-41.3956922790336,3.39149316596369));
#2052=CARTESIAN_POINT('Ctrl Pts',(99.6155382503945,-42.5521157951576,3.37399456408576));
#2053=CARTESIAN_POINT('Ctrl Pts',(105.004123687818,-44.594480919895,5.12175208713268));
#2054=CARTESIAN_POINT('Ctrl Pts',(110.240759095556,-46.7361739716379,11.1551645283826));
#2055=CARTESIAN_POINT('Ctrl Pts',(111.47657279428,-47.2589788852006,15.7066107596958));
#2056=CARTESIAN_POINT('Ctrl Pts',(111.551280588568,-47.2904296636584,18.0102583751716));
#2057=CARTESIAN_POINT('Ctrl Pts',(96.4564419984611,-41.1499494983304,3.49999999999984));
#2058=CARTESIAN_POINT('Ctrl Pts',(99.6778090415164,-42.3182568375761,3.49043497575469));
#2059=CARTESIAN_POINT('Ctrl Pts',(105.016719480459,-44.3791926348527,5.23725073439273));
#2060=CARTESIAN_POINT('Ctrl Pts',(110.196543309491,-46.5367963660221,11.2228222471487));
#2061=CARTESIAN_POINT('Ctrl Pts',(111.41829012574,-47.0632904368279,15.7326180128241));
#2062=CARTESIAN_POINT('Ctrl Pts',(111.492150962115,-47.0949584515693,18.01480800079));
#2063=CARTESIAN_POINT('Ctrl Pts',(96.5000000000518,-41.0265095114525,3.49999999999999));
#2064=CARTESIAN_POINT('Ctrl Pts',(99.7210971179991,-42.2010184813629,3.5000000000111));
#2065=CARTESIAN_POINT('Ctrl Pts',(105.047821024191,-44.2712823987737,5.26073552395066));
#2066=CARTESIAN_POINT('Ctrl Pts',(110.203855524694,-46.4370429075755,11.2423706873102));
#2067=CARTESIAN_POINT('Ctrl Pts',(111.418735108785,-46.9653109712754,15.7401009824266));
#2068=CARTESIAN_POINT('Ctrl Pts',(111.492193598222,-46.9970900032527,18.0161290322581));
#2069=CARTESIAN_POINT('Ctrl Pts',(111.492193598222,-46.9970900032527,18.0161290322581));
#2070=CARTESIAN_POINT('Ctrl Pts',(111.418735108785,-46.9653109712754,15.7401009824266));
#2071=CARTESIAN_POINT('Ctrl Pts',(110.203855524694,-46.4370429075755,11.2423706873102));
#2072=CARTESIAN_POINT('Ctrl Pts',(105.047821024191,-44.2712823987737,5.26073552395066));
#2073=CARTESIAN_POINT('Ctrl Pts',(99.7210971179991,-42.2010184813629,3.5000000000111));
#2074=CARTESIAN_POINT('Ctrl Pts',(96.5000000000518,-41.0265095114525,3.49999999999999));
#2075=CARTESIAN_POINT('Ctrl Pts',(96.3336206897087,-41.4980155295362,3.));
#2076=CARTESIAN_POINT('Ctrl Pts',(99.6563489753429,-42.6704994839812,3.00000000001149));
#2077=CARTESIAN_POINT('Ctrl Pts',(105.151140204782,-44.7371939808448,4.81942670808235));
#2078=CARTESIAN_POINT('Ctrl Pts',(110.469856483491,-46.8992204198038,11.0004497102206));
#2079=CARTESIAN_POINT('Ctrl Pts',(111.723067613079,-47.4265776764973,15.6481043485075));
#2080=CARTESIAN_POINT('Ctrl Pts',(111.798843844511,-47.4583019170402,18.));
#2081=CARTESIAN_POINT('Origin',(0.,-314.5,18.));
#2082=CARTESIAN_POINT('',(115.,-48.8211525168027,18.));
#2083=CARTESIAN_POINT('',(115.,-48.2764097605173,18.5));
#2084=CARTESIAN_POINT('Ctrl Pts',(115.,-48.8211525168027,18.));
#2085=CARTESIAN_POINT('Ctrl Pts',(115.,-48.8211525168027,18.0600225683562));
#2086=CARTESIAN_POINT('Ctrl Pts',(115.,-48.8062218954192,18.1304851619112));
#2087=CARTESIAN_POINT('Ctrl Pts',(115.,-48.7572154954296,18.2430472141459));
#2088=CARTESIAN_POINT('Ctrl Pts',(115.,-48.7135147698879,18.304361231618));
#2089=CARTESIAN_POINT('Ctrl Pts',(115.,-48.6200270938919,18.3930998973719));
#2090=CARTESIAN_POINT('Ctrl Pts',(115.,-48.5527521518109,18.435239158888));
#2091=CARTESIAN_POINT('Ctrl Pts',(115.,-48.4269432506796,18.4847928195985));
#2092=CARTESIAN_POINT('Ctrl Pts',(115.,-48.3454736836465,18.5));
#2093=CARTESIAN_POINT('Ctrl Pts',(115.,-48.2764097605173,18.5));
#2094=CARTESIAN_POINT('Origin',(0.,-314.5,18.5));
#2095=CARTESIAN_POINT('Origin',(0.,-314.5,18.));
#2096=CARTESIAN_POINT('Origin',(111.99193338483,25.,18.));
#2097=CARTESIAN_POINT('',(111.99193338483,25.,18.5));
#2098=CARTESIAN_POINT('',(111.492193598222,25.,18.0161290322581));
#2099=CARTESIAN_POINT('Origin',(0.,314.5,18.));
#2100=CARTESIAN_POINT('',(115.,48.2764097605173,18.5));
#2101=CARTESIAN_POINT('',(115.,48.8211525168027,18.));
#2102=CARTESIAN_POINT('Ctrl Pts',(115.,48.2764097605173,18.5));
#2103=CARTESIAN_POINT('Ctrl Pts',(115.,48.3454736836465,18.5));
#2104=CARTESIAN_POINT('Ctrl Pts',(115.,48.4269432506796,18.4847928195985));
#2105=CARTESIAN_POINT('Ctrl Pts',(115.,48.5527521518109,18.435239158888));
#2106=CARTESIAN_POINT('Ctrl Pts',(115.,48.6200270938919,18.3930998973719));
#2107=CARTESIAN_POINT('Ctrl Pts',(115.,48.7135147698879,18.304361231618));
#2108=CARTESIAN_POINT('Ctrl Pts',(115.,48.7572154954295,18.2430472141459));
#2109=CARTESIAN_POINT('Ctrl Pts',(115.,48.8062218954191,18.1304851619112));
#2110=CARTESIAN_POINT('Ctrl Pts',(115.,48.8211525168027,18.0600225683562));
#2111=CARTESIAN_POINT('Ctrl Pts',(115.,48.8211525168027,18.));
#2112=CARTESIAN_POINT('Origin',(0.,314.5,18.));
#2113=CARTESIAN_POINT('Origin',(0.,314.5,18.5));
#2114=CARTESIAN_POINT('Origin',(96.5,25.,18.5));
#2115=CARTESIAN_POINT('',(96.5,25.,3.5));
#2116=CARTESIAN_POINT('Origin',(0.,0.,3.5));
#2117=CARTESIAN_POINT('',(-96.5,-25.,3.5));
#2118=CARTESIAN_POINT('',(-90.,16.6666666666666,3.5));
#2119=CARTESIAN_POINT('Origin',(-87.25,16.6666666666666,3.5));
#2120=CARTESIAN_POINT('',(-90.,-16.6666666666667,3.5));
#2121=CARTESIAN_POINT('Origin',(-87.25,-16.6666666666667,3.5));
#2122=CARTESIAN_POINT('Origin',(113.25,-1.77635683940025E-14,18.5));
#2123=CARTESIAN_POINT('',(115.,50.,18.5));
#2124=CARTESIAN_POINT('Origin',(115.,-50.,0.));
#2125=CARTESIAN_POINT('',(115.,-48.8211525168027,0.));
#2126=CARTESIAN_POINT('',(115.,-48.8211525168027,0.));
#2127=CARTESIAN_POINT('',(115.,48.8211525168027,0.));
#2128=CARTESIAN_POINT('',(115.,-50.,0.));
#2129=CARTESIAN_POINT('',(115.,48.8211525168027,0.));
#2130=CARTESIAN_POINT('Origin',(0.,-314.5,0.));
#2131=CARTESIAN_POINT('',(-115.,-48.8211525168027,0.));
#2132=CARTESIAN_POINT('',(-115.,-48.8211525168027,0.));
#2133=CARTESIAN_POINT('Origin',(0.,-314.5,0.));
#2134=CARTESIAN_POINT('Origin',(-87.25,-16.6666666666667,0.));
#2135=CARTESIAN_POINT('',(-90.,-16.6666666666667,0.));
#2136=CARTESIAN_POINT('Origin',(-87.25,-16.6666666666667,0.));
#2137=CARTESIAN_POINT('',(-90.,-16.6666666666667,0.));
#2138=CARTESIAN_POINT('Origin',(-87.25,16.6666666666666,0.));
#2139=CARTESIAN_POINT('',(-90.,16.6666666666666,0.));
#2140=CARTESIAN_POINT('Origin',(-87.25,16.6666666666666,0.));
#2141=CARTESIAN_POINT('',(-90.,16.6666666666666,0.));
#2142=CARTESIAN_POINT('Origin',(-115.,-26.4500859159153,11.));
#2143=CARTESIAN_POINT('',(-111.5,-24.9500859159153,11.));
#2144=CARTESIAN_POINT('Origin',(-111.5,-26.4500859159153,11.));
#2145=CARTESIAN_POINT('',(-115.,-24.9500859159153,11.));
#2146=CARTESIAN_POINT('',(-115.,-24.9500859159153,11.));
#2147=CARTESIAN_POINT('Origin',(-115.,-26.4500859159153,11.));
#2148=CARTESIAN_POINT('Origin',(-111.5,-26.4500859159153,11.));
#2149=CARTESIAN_POINT('',(-111.5,-22.7000859159153,11.));
#2150=CARTESIAN_POINT('Origin',(-111.5,-26.4500859159153,11.));
#2151=CARTESIAN_POINT('Origin',(-115.,26.2889708519694,11.));
#2152=CARTESIAN_POINT('',(-111.5,27.7889708519694,11.));
#2153=CARTESIAN_POINT('Origin',(-111.5,26.2889708519694,11.));
#2154=CARTESIAN_POINT('',(-115.,27.7889708519694,11.));
#2155=CARTESIAN_POINT('',(-115.,27.7889708519694,11.));
#2156=CARTESIAN_POINT('Origin',(-115.,26.2889708519694,11.));
#2157=CARTESIAN_POINT('Origin',(-111.5,26.2889708519694,11.));
#2158=CARTESIAN_POINT('',(-111.5,30.0389708519694,11.));
#2159=CARTESIAN_POINT('Origin',(-111.5,26.2889708519694,11.));
#2160=CARTESIAN_POINT('Origin',(-115.,-26.4500859159153,11.));
#2161=CARTESIAN_POINT('',(-109.490381056767,-22.7000859159153,11.));
#2162=CARTESIAN_POINT('',(-115.,-22.7000859159153,11.));
#2163=CARTESIAN_POINT('',(-111.023687548278,-26.4500859159153,14.75));
#2164=CARTESIAN_POINT('Ctrl Pts',(-111.023687548278,-26.4500859159153,14.75));
#2165=CARTESIAN_POINT('Ctrl Pts',(-111.023687548278,-25.9829931686133,14.75));
#2166=CARTESIAN_POINT('Ctrl Pts',(-111.000695586829,-25.4855959878017,14.6571699685125));
#2167=CARTESIAN_POINT('Ctrl Pts',(-110.896635014747,-24.573842571515,14.2840283771938));
#2168=CARTESIAN_POINT('Ctrl Pts',(-110.814200412467,-24.1596070900291,14.0038039693669));
#2169=CARTESIAN_POINT('Ctrl Pts',(-110.587374789516,-23.4720717982436,13.3343167996395));
#2170=CARTESIAN_POINT('Ctrl Pts',(-110.421243778831,-23.1717621274496,12.8906378839961));
#2171=CARTESIAN_POINT('Ctrl Pts',(-110.003107006478,-22.7862490174393,11.9477428157485));
#2172=CARTESIAN_POINT('Ctrl Pts',(-109.749878218492,-22.7000859159153,11.4494622685292));
#2173=CARTESIAN_POINT('Ctrl Pts',(-109.490381056767,-22.7000859159153,11.));
#2174=CARTESIAN_POINT('Ctrl Pts',(-109.490381056767,-22.7000859159153,11.));
#2175=CARTESIAN_POINT('Ctrl Pts',(-109.19235667628,-22.7000859159153,10.4838066311025));
#2176=CARTESIAN_POINT('Ctrl Pts',(-108.841004920372,-22.8113128473445,9.95249570764542));
#2177=CARTESIAN_POINT('Ctrl Pts',(-108.118624562108,-23.2386834949306,8.99380231568855));
#2178=CARTESIAN_POINT('Ctrl Pts',(-107.748176719047,-23.5536637901065,8.56546428609617));
#2179=CARTESIAN_POINT('Ctrl Pts',(-107.17165223635,-24.2276745016838,7.95212907798891));
#2180=CARTESIAN_POINT('Ctrl Pts',(-106.911627533827,-24.6103295883885,7.69886966220107));
#2181=CARTESIAN_POINT('Ctrl Pts',(-106.62876417791,-25.2621271526124,7.43542869044496));
#2182=CARTESIAN_POINT('Ctrl Pts',(-106.552172563014,-25.4924345822166,7.36632745371908));
#2183=CARTESIAN_POINT('Ctrl Pts',(-106.448491902567,-25.9658141243859,7.27358710513741));
#2184=CARTESIAN_POINT('Ctrl Pts',(-106.421567416492,-26.2089324509806,7.25));
#2185=CARTESIAN_POINT('Ctrl Pts',(-106.421567416492,-26.6912393808499,7.25));
#2186=CARTESIAN_POINT('Ctrl Pts',(-106.448491902567,-26.9343577074447,7.27358710513741));
#2187=CARTESIAN_POINT('Ctrl Pts',(-106.552172563014,-27.4077372496139,7.36632745371908));
#2188=CARTESIAN_POINT('Ctrl Pts',(-106.62876417791,-27.6380446792182,7.43542869044496));
#2189=CARTESIAN_POINT('Ctrl Pts',(-106.911627533827,-28.289842243442,7.69886966220107));
#2190=CARTESIAN_POINT('Ctrl Pts',(-107.17165223635,-28.6724973301468,7.95212907798891));
#2191=CARTESIAN_POINT('Ctrl Pts',(-107.748176719047,-29.3465080417241,8.56546428609617));
#2192=CARTESIAN_POINT('Ctrl Pts',(-108.118624562108,-29.6614883368999,8.99380231568854));
#2193=CARTESIAN_POINT('Ctrl Pts',(-108.841004920372,-30.088858984486,9.95249570764541));
#2194=CARTESIAN_POINT('Ctrl Pts',(-109.19235667628,-30.2000859159153,10.4838066311025));
#2195=CARTESIAN_POINT('Ctrl Pts',(-109.749878218492,-30.2000859159153,11.4494622685292));
#2196=CARTESIAN_POINT('Ctrl Pts',(-110.003107006478,-30.1139228143913,11.9477428157485));
#2197=CARTESIAN_POINT('Ctrl Pts',(-110.421243778831,-29.7284097043809,12.8906378839961));
#2198=CARTESIAN_POINT('Ctrl Pts',(-110.587374789516,-29.4281000335869,13.3343167996395));
#2199=CARTESIAN_POINT('Ctrl Pts',(-110.814200412467,-28.7405647418014,14.0038039693669));
#2200=CARTESIAN_POINT('Ctrl Pts',(-110.896635014747,-28.3263292603155,14.2840283771938));
#2201=CARTESIAN_POINT('Ctrl Pts',(-111.000695586829,-27.4145758440288,14.6571699685125));
#2202=CARTESIAN_POINT('Ctrl Pts',(-111.023687548278,-26.9171786632172,14.75));
#2203=CARTESIAN_POINT('Ctrl Pts',(-111.023687548278,-26.4500859159153,14.75));
#2204=CARTESIAN_POINT('Origin',(-115.,26.2889708519694,11.));
#2205=CARTESIAN_POINT('',(-109.490381056767,30.0389708519694,11.));
#2206=CARTESIAN_POINT('',(-115.,30.0389708519694,11.));
#2207=CARTESIAN_POINT('',(-111.023687548278,26.2889708519694,14.75));
#2208=CARTESIAN_POINT('Ctrl Pts',(-111.023687548278,26.2889708519694,14.75));
#2209=CARTESIAN_POINT('Ctrl Pts',(-111.023687548278,26.7560635992713,14.75));
#2210=CARTESIAN_POINT('Ctrl Pts',(-111.000695586829,27.2534607800829,14.6571699685125));
#2211=CARTESIAN_POINT('Ctrl Pts',(-110.896635014747,28.1652141963696,14.2840283771938));
#2212=CARTESIAN_POINT('Ctrl Pts',(-110.814200412467,28.5794496778556,14.0038039693669));
#2213=CARTESIAN_POINT('Ctrl Pts',(-110.587374789516,29.266984969641,13.3343167996395));
#2214=CARTESIAN_POINT('Ctrl Pts',(-110.421243778831,29.5672946404351,12.8906378839961));
#2215=CARTESIAN_POINT('Ctrl Pts',(-110.003107006478,29.9528077504454,11.9477428157485));
#2216=CARTESIAN_POINT('Ctrl Pts',(-109.749878218492,30.0389708519694,11.4494622685292));
#2217=CARTESIAN_POINT('Ctrl Pts',(-109.490381056767,30.0389708519694,11.));
#2218=CARTESIAN_POINT('Ctrl Pts',(-109.490381056767,30.0389708519694,11.));
#2219=CARTESIAN_POINT('Ctrl Pts',(-109.19235667628,30.0389708519694,10.4838066311025));
#2220=CARTESIAN_POINT('Ctrl Pts',(-108.841004920372,29.9277439205402,9.95249570764542));
#2221=CARTESIAN_POINT('Ctrl Pts',(-108.118624562108,29.5003732729541,8.99380231568855));
#2222=CARTESIAN_POINT('Ctrl Pts',(-107.748176719047,29.1853929777782,8.56546428609617));
#2223=CARTESIAN_POINT('Ctrl Pts',(-107.17165223635,28.5113822662009,7.95212907798891));
#2224=CARTESIAN_POINT('Ctrl Pts',(-106.911627533827,28.1287271794962,7.69886966220107));
#2225=CARTESIAN_POINT('Ctrl Pts',(-106.62876417791,27.4769296152723,7.43542869044496));
#2226=CARTESIAN_POINT('Ctrl Pts',(-106.552172563014,27.246622185668,7.36632745371908));
#2227=CARTESIAN_POINT('Ctrl Pts',(-106.448491902567,26.7732426434988,7.27358710513741));
#2228=CARTESIAN_POINT('Ctrl Pts',(-106.421567416492,26.5301243169041,7.25));
#2229=CARTESIAN_POINT('Ctrl Pts',(-106.421567416492,26.0478173870347,7.25));
#2230=CARTESIAN_POINT('Ctrl Pts',(-106.448491902567,25.80469906044,7.27358710513741));
#2231=CARTESIAN_POINT('Ctrl Pts',(-106.552172563014,25.3313195182708,7.36632745371908));
#2232=CARTESIAN_POINT('Ctrl Pts',(-106.62876417791,25.1010120886665,7.43542869044495));
#2233=CARTESIAN_POINT('Ctrl Pts',(-106.911627533827,24.4492145244426,7.69886966220106));
#2234=CARTESIAN_POINT('Ctrl Pts',(-107.17165223635,24.0665594377379,7.95212907798891));
#2235=CARTESIAN_POINT('Ctrl Pts',(-107.748176719047,23.3925487261606,8.56546428609617));
#2236=CARTESIAN_POINT('Ctrl Pts',(-108.118624562108,23.0775684309847,8.99380231568854));
#2237=CARTESIAN_POINT('Ctrl Pts',(-108.841004920372,22.6501977833986,9.9524957076454));
#2238=CARTESIAN_POINT('Ctrl Pts',(-109.19235667628,22.5389708519694,10.4838066311025));
#2239=CARTESIAN_POINT('Ctrl Pts',(-109.749878218492,22.5389708519694,11.4494622685292));
#2240=CARTESIAN_POINT('Ctrl Pts',(-110.003107006478,22.6251339534934,11.9477428157485));
#2241=CARTESIAN_POINT('Ctrl Pts',(-110.421243778831,23.0106470635037,12.8906378839961));
#2242=CARTESIAN_POINT('Ctrl Pts',(-110.587374789516,23.3109567342978,13.3343167996395));
#2243=CARTESIAN_POINT('Ctrl Pts',(-110.814200412467,23.9984920260832,14.0038039693669));
#2244=CARTESIAN_POINT('Ctrl Pts',(-110.896635014747,24.4127275075692,14.2840283771938));
#2245=CARTESIAN_POINT('Ctrl Pts',(-111.000695586829,25.3244809238559,14.6571699685125));
#2246=CARTESIAN_POINT('Ctrl Pts',(-111.023687548278,25.8218781046675,14.75));
#2247=CARTESIAN_POINT('Ctrl Pts',(-111.023687548278,26.2889708519694,14.75));
#2248=CARTESIAN_POINT('Origin',(0.,314.5,0.));
#2249=CARTESIAN_POINT('',(-115.,48.8211525168026,0.));
#2250=CARTESIAN_POINT('Origin',(0.,314.5,0.));
#2251=CARTESIAN_POINT('',(-115.,48.8211525168026,0.));
#2252=CARTESIAN_POINT('Origin',(0.,0.,0.));
#2253=CARTESIAN_POINT('',(-115.,-50.,0.));
#2254=CARTESIAN_POINT('Origin',(-115.,50.,0.));
#2255=CARTESIAN_POINT('',(-115.,50.,18.5));
#2256=CARTESIAN_POINT('Origin',(-96.5,-25.,18.5));
#2257=CARTESIAN_POINT('Origin',(-113.25,1.77635683940025E-14,18.5));
#2258=CARTESIAN_POINT('Origin',(111.99193338483,156.997090003253,18.));
#2259=CARTESIAN_POINT('',(111.492193598222,156.997090003253,18.0161290322581));
#2260=CARTESIAN_POINT('',(111.798843844511,157.45830191704,18.));
#2261=CARTESIAN_POINT('Origin',(111.99193338483,156.997090003253,18.));
#2262=CARTESIAN_POINT('',(111.99193338483,156.997090003253,18.5));
#2263=CARTESIAN_POINT('Origin',(111.99193338483,156.997090003253,18.));
#2264=CARTESIAN_POINT('Origin',(111.99193338483,156.997090003253,18.));
#2265=CARTESIAN_POINT('Origin',(111.99193338483,63.0029099967473,18.));
#2266=CARTESIAN_POINT('',(111.492193598222,63.0029099967473,18.0161290322581));
#2267=CARTESIAN_POINT('',(111.99193338483,63.0029099967473,18.5));
#2268=CARTESIAN_POINT('Origin',(111.99193338483,63.0029099967473,18.));
#2269=CARTESIAN_POINT('',(111.798843844511,62.5416980829598,18.));
#2270=CARTESIAN_POINT('Origin',(111.99193338483,63.0029099967473,18.));
#2271=CARTESIAN_POINT('Origin',(111.99193338483,63.0029099967473,18.));
#2272=CARTESIAN_POINT('Origin',(-111.99193338483,156.997090003253,18.));
#2273=CARTESIAN_POINT('',(-111.492193598222,156.997090003253,18.0161290322581));
#2274=CARTESIAN_POINT('',(-111.99193338483,156.997090003253,18.5));
#2275=CARTESIAN_POINT('Origin',(-111.99193338483,156.997090003253,18.));
#2276=CARTESIAN_POINT('',(-111.798843844511,157.45830191704,18.));
#2277=CARTESIAN_POINT('Origin',(-111.99193338483,156.997090003253,18.));
#2278=CARTESIAN_POINT('Origin',(-111.99193338483,156.997090003253,18.));
#2279=CARTESIAN_POINT('Ctrl Pts',(111.798843844511,157.45830191704,18.));
#2280=CARTESIAN_POINT('Ctrl Pts',(111.760955728795,157.442439796769,16.8240521742444));
#2281=CARTESIAN_POINT('Ctrl Pts',(111.247102065747,157.227460284032,13.3070303877517));
#2282=CARTESIAN_POINT('Ctrl Pts',(108.462882546361,156.07149062025,8.07405997425419));
#2283=CARTESIAN_POINT('Ctrl Pts',(102.955985089914,153.89861920984,3.9603222158615));
#2284=CARTESIAN_POINT('Ctrl Pts',(98.54877288013,152.279671499166,3.00000000000766));
#2285=CARTESIAN_POINT('Ctrl Pts',(96.3336206897086,151.498015529536,3.));
#2286=CARTESIAN_POINT('Ctrl Pts',(111.708614637963,157.420526839045,18.0034225554735));
#2287=CARTESIAN_POINT('Ctrl Pts',(111.670890693486,157.404749914548,16.8355302540048));
#2288=CARTESIAN_POINT('Ctrl Pts',(111.159301118056,157.190836631485,13.3425989247212));
#2289=CARTESIAN_POINT('Ctrl Pts',(108.387543008565,156.041030167782,8.14777647747012));
#2290=CARTESIAN_POINT('Ctrl Pts',(102.909927407403,153.881359770277,4.07166563640714));
#2291=CARTESIAN_POINT('Ctrl Pts',(98.5321125914019,152.273655370836,3.12689090427501));
#2292=CARTESIAN_POINT('Ctrl Pts',(96.3336206897082,151.498015529536,3.13089969389948));
#2293=CARTESIAN_POINT('Ctrl Pts',(111.551287302917,157.29042519396,18.0102582188619));
#2294=CARTESIAN_POINT('Ctrl Pts',(111.513933405773,157.274699804731,16.8584344111149));
#2295=CARTESIAN_POINT('Ctrl Pts',(111.007348892341,157.061609131506,13.41370531002));
#2296=CARTESIAN_POINT('Ctrl Pts',(108.263396561799,155.915910021643,8.29513177911594));
#2297=CARTESIAN_POINT('Ctrl Pts',(102.849509157999,153.765357547678,4.29378560991046));
#2298=CARTESIAN_POINT('Ctrl Pts',(98.5336070546942,152.166624863272,3.37981001218391));
#2299=CARTESIAN_POINT('Ctrl Pts',(96.3697330705238,151.395675852523,3.39147574676919));
#2300=CARTESIAN_POINT('Ctrl Pts',(111.492150962115,157.094958451569,18.0148080007901));
#2301=CARTESIAN_POINT('Ctrl Pts',(111.455220543927,157.079124444198,16.873713006798));
#2302=CARTESIAN_POINT('Ctrl Pts',(110.954358080104,156.864506235182,13.4608247016828));
#2303=CARTESIAN_POINT('Ctrl Pts',(108.241107887089,155.71063208307,8.38685317331309));
#2304=CARTESIAN_POINT('Ctrl Pts',(102.882770622368,153.542814960062,4.41104857818865));
#2305=CARTESIAN_POINT('Ctrl Pts',(98.6040200271632,151.928821057827,3.49362331716975));
#2306=CARTESIAN_POINT('Ctrl Pts',(96.4564419984611,151.14994949833,3.49999999999984));
#2307=CARTESIAN_POINT('Ctrl Pts',(111.492193598222,156.997090003253,18.0161290322581));
#2308=CARTESIAN_POINT('Ctrl Pts',(111.455464353503,156.981200487264,16.8781150073333));
#2309=CARTESIAN_POINT('Ctrl Pts',(110.957327758872,156.765849680032,13.4745455365339));
#2310=CARTESIAN_POINT('Ctrl Pts',(108.258268221443,155.607883522876,8.41038062024599));
#2311=CARTESIAN_POINT('Ctrl Pts',(102.919808377319,153.431259312102,4.42934407986596));
#2312=CARTESIAN_POINT('Ctrl Pts',(98.6473980786819,151.809515491392,3.5000000000074));
#2313=CARTESIAN_POINT('Ctrl Pts',(96.5000000000518,151.026509511453,3.49999999999999));
#2314=CARTESIAN_POINT('',(96.3336206897086,151.498015529536,3.));
#2315=CARTESIAN_POINT('Ctrl Pts',(111.798843844511,157.45830191704,18.));
#2316=CARTESIAN_POINT('Ctrl Pts',(111.760955728795,157.442439796769,16.8240521742444));
#2317=CARTESIAN_POINT('Ctrl Pts',(111.247102065747,157.227460284032,13.3070303877517));
#2318=CARTESIAN_POINT('Ctrl Pts',(108.462882546361,156.07149062025,8.07405997425419));
#2319=CARTESIAN_POINT('Ctrl Pts',(102.955985089914,153.89861920984,3.9603222158615));
#2320=CARTESIAN_POINT('Ctrl Pts',(98.54877288013,152.279671499166,3.00000000000766));
#2321=CARTESIAN_POINT('Ctrl Pts',(96.3336206897086,151.498015529536,3.));
#2322=CARTESIAN_POINT('',(96.5000000000259,151.026509511453,3.5));
#2323=CARTESIAN_POINT('Origin',(96.5000000000536,151.026509511453,3.));
#2324=CARTESIAN_POINT('Ctrl Pts',(96.5000000000518,151.026509511453,3.49999999999999));
#2325=CARTESIAN_POINT('Ctrl Pts',(98.6473980786819,151.809515491392,3.5000000000074));
#2326=CARTESIAN_POINT('Ctrl Pts',(102.919808377319,153.431259312102,4.42934407986596));
#2327=CARTESIAN_POINT('Ctrl Pts',(108.258268221443,155.607883522876,8.41038062024599));
#2328=CARTESIAN_POINT('Ctrl Pts',(110.957327758872,156.765849680032,13.4745455365339));
#2329=CARTESIAN_POINT('Ctrl Pts',(111.455464353503,156.981200487264,16.8781150073333));
#2330=CARTESIAN_POINT('Ctrl Pts',(111.492193598222,156.997090003253,18.0161290322581));
#2331=CARTESIAN_POINT('Origin',(0.,424.5,3.));
#2332=CARTESIAN_POINT('',(-96.3336206896551,151.498015529517,3.));
#2333=CARTESIAN_POINT('',(-96.5,151.026509511434,3.5));
#2334=CARTESIAN_POINT('Origin',(-96.5,151.026509511434,3.));
#2335=CARTESIAN_POINT('Origin',(0.,424.5,3.5));
#2336=CARTESIAN_POINT('Origin',(0.,424.5,3.));
#2337=CARTESIAN_POINT('Ctrl Pts',(-96.3336206897085,151.498015529536,3.));
#2338=CARTESIAN_POINT('Ctrl Pts',(-99.6563489753428,152.670499483981,3.00000000001149));
#2339=CARTESIAN_POINT('Ctrl Pts',(-105.150827140161,154.737211364557,4.81985642447729));
#2340=CARTESIAN_POINT('Ctrl Pts',(-110.469479295574,156.899090905434,11.0007293161967));
#2341=CARTESIAN_POINT('Ctrl Pts',(-111.723067613079,157.426577676497,15.6481043485075));
#2342=CARTESIAN_POINT('Ctrl Pts',(-111.798843844511,157.45830191704,18.));
#2343=CARTESIAN_POINT('Ctrl Pts',(-96.3336206897081,151.498015529536,3.13089969389948));
#2344=CARTESIAN_POINT('Ctrl Pts',(-99.6313585422509,152.661475291487,3.12488650946278));
#2345=CARTESIAN_POINT('Ctrl Pts',(-105.091872198529,154.714597818551,4.92079808843691));
#2346=CARTESIAN_POINT('Ctrl Pts',(-110.384978080003,156.864069132164,11.0522788648166));
#2347=CARTESIAN_POINT('Ctrl Pts',(-111.633166749011,157.388972990052,15.6676379525546));
#2348=CARTESIAN_POINT('Ctrl Pts',(-111.708614637963,157.420526839045,18.0034225554734));
#2349=CARTESIAN_POINT('Ctrl Pts',(-96.3697330705237,151.395675852523,3.3914757467692));
#2350=CARTESIAN_POINT('Ctrl Pts',(-99.6155440467816,152.552099368647,3.37397714489127));
#2351=CARTESIAN_POINT('Ctrl Pts',(-105.003849393799,154.594502485634,5.12219340915141));
#2352=CARTESIAN_POINT('Ctrl Pts',(-110.24040114622,156.736044428191,11.155447326539));
#2353=CARTESIAN_POINT('Ctrl Pts',(-111.476579508629,157.258974415503,15.7066106033861));
#2354=CARTESIAN_POINT('Ctrl Pts',(-111.551287302917,157.29042519396,18.0102582188619));
#2355=CARTESIAN_POINT('Ctrl Pts',(-96.456441998461,151.14994949833,3.49999999999985));
#2356=CARTESIAN_POINT('Ctrl Pts',(-99.6778090415164,152.318256837576,3.49043497575471));
#2357=CARTESIAN_POINT('Ctrl Pts',(-105.016398842211,154.379205460406,5.2376601976897));
#2358=CARTESIAN_POINT('Ctrl Pts',(-110.196166587128,156.536663190055,11.2230839853781));
#2359=CARTESIAN_POINT('Ctrl Pts',(-111.41829012574,157.063290436828,15.7326180128241));
#2360=CARTESIAN_POINT('Ctrl Pts',(-111.492150962115,157.094958451569,18.0148080007901));
#2361=CARTESIAN_POINT('Ctrl Pts',(-96.5000000000517,151.026509511452,3.5));
#2362=CARTESIAN_POINT('Ctrl Pts',(-99.7210971179991,152.201018481363,3.50000000001112));
#2363=CARTESIAN_POINT('Ctrl Pts',(-105.047517535172,154.271299812509,5.26115137852642));
#2364=CARTESIAN_POINT('Ctrl Pts',(-110.203489873697,156.436913169519,11.2426412737388));
#2365=CARTESIAN_POINT('Ctrl Pts',(-111.418735108785,156.965310971275,15.7401009824266));
#2366=CARTESIAN_POINT('Ctrl Pts',(-111.492193598222,156.997090003253,18.0161290322581));
#2367=CARTESIAN_POINT('Ctrl Pts',(-111.492193598222,156.997090003253,18.0161290322581));
#2368=CARTESIAN_POINT('Ctrl Pts',(-111.418735108785,156.965310971275,15.7401009824266));
#2369=CARTESIAN_POINT('Ctrl Pts',(-110.203489873697,156.436913169519,11.2426412737388));
#2370=CARTESIAN_POINT('Ctrl Pts',(-105.047517535172,154.271299812509,5.26115137852642));
#2371=CARTESIAN_POINT('Ctrl Pts',(-99.7210971179991,152.201018481363,3.50000000001112));
#2372=CARTESIAN_POINT('Ctrl Pts',(-96.5000000000517,151.026509511452,3.5));
#2373=CARTESIAN_POINT('Ctrl Pts',(-96.3336206897085,151.498015529536,3.));
#2374=CARTESIAN_POINT('Ctrl Pts',(-99.6563489753428,152.670499483981,3.00000000001149));
#2375=CARTESIAN_POINT('Ctrl Pts',(-105.150827140161,154.737211364557,4.81985642447729));
#2376=CARTESIAN_POINT('Ctrl Pts',(-110.469479295574,156.899090905434,11.0007293161967));
#2377=CARTESIAN_POINT('Ctrl Pts',(-111.723067613079,157.426577676497,15.6481043485075));
#2378=CARTESIAN_POINT('Ctrl Pts',(-111.798843844511,157.45830191704,18.));
#2379=CARTESIAN_POINT('Origin',(0.,424.5,18.));
#2380=CARTESIAN_POINT('',(-115.,158.821152516803,18.));
#2381=CARTESIAN_POINT('',(-115.,158.276409760517,18.5));
#2382=CARTESIAN_POINT('Ctrl Pts',(-115.,158.821152516803,18.));
#2383=CARTESIAN_POINT('Ctrl Pts',(-115.,158.821152516803,18.0600225683562));
#2384=CARTESIAN_POINT('Ctrl Pts',(-115.,158.806221895419,18.1304851619112));
#2385=CARTESIAN_POINT('Ctrl Pts',(-115.,158.75721549543,18.2430472141459));
#2386=CARTESIAN_POINT('Ctrl Pts',(-115.,158.713514769888,18.304361231618));
#2387=CARTESIAN_POINT('Ctrl Pts',(-115.,158.620027093892,18.3930998973719));
#2388=CARTESIAN_POINT('Ctrl Pts',(-115.,158.552752151811,18.435239158888));
#2389=CARTESIAN_POINT('Ctrl Pts',(-115.,158.42694325068,18.4847928195985));
#2390=CARTESIAN_POINT('Ctrl Pts',(-115.,158.345473683646,18.5));
#2391=CARTESIAN_POINT('Ctrl Pts',(-115.,158.276409760517,18.5));
#2392=CARTESIAN_POINT('Origin',(0.,424.5,18.5));
#2393=CARTESIAN_POINT('Origin',(0.,424.5,18.));
#2394=CARTESIAN_POINT('Origin',(-111.99193338483,63.0029099967473,18.));
#2395=CARTESIAN_POINT('',(-111.492193598222,63.0029099967473,18.0161290322581));
#2396=CARTESIAN_POINT('',(-111.798843844511,62.5416980829598,18.));
#2397=CARTESIAN_POINT('Origin',(-111.99193338483,63.0029099967473,18.));
#2398=CARTESIAN_POINT('',(-111.99193338483,63.0029099967473,18.5));
#2399=CARTESIAN_POINT('Origin',(-111.99193338483,63.0029099967473,18.));
#2400=CARTESIAN_POINT('Origin',(-111.99193338483,63.0029099967473,18.));
#2401=CARTESIAN_POINT('Origin',(-111.99193338483,85.,18.));
#2402=CARTESIAN_POINT('',(-111.99193338483,85.,18.5));
#2403=CARTESIAN_POINT('',(-111.492193598222,85.,18.0161290322581));
#2404=CARTESIAN_POINT('Origin',(0.,-204.5,18.));
#2405=CARTESIAN_POINT('',(-115.,61.7235902394827,18.5));
#2406=CARTESIAN_POINT('',(-115.,61.1788474831973,18.));
#2407=CARTESIAN_POINT('Ctrl Pts',(-115.,61.7235902394827,18.5));
#2408=CARTESIAN_POINT('Ctrl Pts',(-115.,61.6545263163535,18.5));
#2409=CARTESIAN_POINT('Ctrl Pts',(-115.,61.5730567493204,18.4847928195985));
#2410=CARTESIAN_POINT('Ctrl Pts',(-115.,61.4472478481891,18.435239158888));
#2411=CARTESIAN_POINT('Ctrl Pts',(-115.,61.3799729061081,18.3930998973719));
#2412=CARTESIAN_POINT('Ctrl Pts',(-115.,61.2864852301121,18.304361231618));
#2413=CARTESIAN_POINT('Ctrl Pts',(-115.,61.2427845045705,18.2430472141459));
#2414=CARTESIAN_POINT('Ctrl Pts',(-115.,61.1937781045809,18.1304851619112));
#2415=CARTESIAN_POINT('Ctrl Pts',(-115.,61.1788474831973,18.0600225683562));
#2416=CARTESIAN_POINT('Ctrl Pts',(-115.,61.1788474831973,18.));
#2417=CARTESIAN_POINT('Origin',(0.,-204.5,18.));
#2418=CARTESIAN_POINT('Origin',(0.,-204.5,18.5));
#2419=CARTESIAN_POINT('Ctrl Pts',(-111.798843844511,62.5416980829598,18.));
#2420=CARTESIAN_POINT('Ctrl Pts',(-111.723067613079,62.573422323503,15.6481043484889));
#2421=CARTESIAN_POINT('Ctrl Pts',(-110.469786454522,63.100804537266,11.0005001796822));
#2422=CARTESIAN_POINT('Ctrl Pts',(-105.151085374412,65.2628013533592,4.81950453475283));
#2423=CARTESIAN_POINT('Ctrl Pts',(-99.6563489753406,67.3295005160196,3.00000000001149));
#2424=CARTESIAN_POINT('Ctrl Pts',(-96.3336206897086,68.5019844704638,3.));
#2425=CARTESIAN_POINT('Ctrl Pts',(-111.708614637963,62.5794731609552,18.0034225554735));
#2426=CARTESIAN_POINT('Ctrl Pts',(-111.63316674901,62.6110270099481,15.6676379525361));
#2427=CARTESIAN_POINT('Ctrl Pts',(-110.385280722982,63.1358139245024,11.0520519502212));
#2428=CARTESIAN_POINT('Ctrl Pts',(-105.092124184952,65.2853988108371,4.92044753859704));
#2429=CARTESIAN_POINT('Ctrl Pts',(-99.6313585422487,67.338524708514,3.12488650946278));
#2430=CARTESIAN_POINT('Ctrl Pts',(-96.3336206897081,68.5019844704639,3.13089969389948));
#2431=CARTESIAN_POINT('Ctrl Pts',(-111.551281941353,62.7095712368816,18.0102583436789));
#2432=CARTESIAN_POINT('Ctrl Pts',(-111.476574147064,62.7410220153397,15.7066107281848));
#2433=CARTESIAN_POINT('Ctrl Pts',(-110.240692612565,63.2638511163265,11.1552154621528));
#2434=CARTESIAN_POINT('Ctrl Pts',(-105.004076175278,65.4055137648775,5.12183196496207));
#2435=CARTESIAN_POINT('Ctrl Pts',(-99.6155394182292,67.4478875144022,3.37399105452404));
#2436=CARTESIAN_POINT('Ctrl Pts',(-96.3697284419735,68.6043110305254,3.39148965640196));
#2437=CARTESIAN_POINT('Ctrl Pts',(-111.492150962115,62.9050415484308,18.0148080007901));
#2438=CARTESIAN_POINT('Ctrl Pts',(-111.418290125739,62.9367095631724,15.732618012806));
#2439=CARTESIAN_POINT('Ctrl Pts',(-110.196473425048,63.4632292597766,11.222869438848));
#2440=CARTESIAN_POINT('Ctrl Pts',(-105.016663220301,65.6208035173909,5.23732494352022));
#2441=CARTESIAN_POINT('Ctrl Pts',(-99.6778090415142,67.6817431624247,3.49043497575471));
#2442=CARTESIAN_POINT('Ctrl Pts',(-96.456441998461,68.8500505016697,3.49999999999985));
#2443=CARTESIAN_POINT('Ctrl Pts',(-111.492193598222,63.0029099967473,18.0161290322581));
#2444=CARTESIAN_POINT('Ctrl Pts',(-111.418735108784,63.0346890287249,15.7401009824086));
#2445=CARTESIAN_POINT('Ctrl Pts',(-110.203787637678,63.5629820925981,11.2424195287247));
#2446=CARTESIAN_POINT('Ctrl Pts',(-105.047767870899,65.7287129273719,5.26081084008338));
#2447=CARTESIAN_POINT('Ctrl Pts',(-99.7210971179969,67.7989815186379,3.50000000001112));
#2448=CARTESIAN_POINT('Ctrl Pts',(-96.5000000000518,68.9734904885475,3.5));
#2449=CARTESIAN_POINT('',(-96.3336206897086,68.5019844704638,3.));
#2450=CARTESIAN_POINT('Ctrl Pts',(-111.798843844511,62.5416980829598,18.));
#2451=CARTESIAN_POINT('Ctrl Pts',(-111.723067613079,62.573422323503,15.6481043484889));
#2452=CARTESIAN_POINT('Ctrl Pts',(-110.469786454522,63.100804537266,11.0005001796822));
#2453=CARTESIAN_POINT('Ctrl Pts',(-105.151085374412,65.2628013533592,4.81950453475283));
#2454=CARTESIAN_POINT('Ctrl Pts',(-99.6563489753406,67.3295005160196,3.00000000001149));
#2455=CARTESIAN_POINT('Ctrl Pts',(-96.3336206897086,68.5019844704638,3.));
#2456=CARTESIAN_POINT('',(-96.5000000000258,68.9734904885475,3.5));
#2457=CARTESIAN_POINT('Origin',(-96.5000000000535,68.9734904885475,3.));
#2458=CARTESIAN_POINT('Ctrl Pts',(-96.5000000000518,68.9734904885475,3.5));
#2459=CARTESIAN_POINT('Ctrl Pts',(-99.7210971179969,67.7989815186379,3.50000000001112));
#2460=CARTESIAN_POINT('Ctrl Pts',(-105.047767870899,65.7287129273719,5.26081084008338));
#2461=CARTESIAN_POINT('Ctrl Pts',(-110.203787637678,63.5629820925981,11.2424195287247));
#2462=CARTESIAN_POINT('Ctrl Pts',(-111.418735108784,63.0346890287249,15.7401009824086));
#2463=CARTESIAN_POINT('Ctrl Pts',(-111.492193598222,63.0029099967473,18.0161290322581));
#2464=CARTESIAN_POINT('Origin',(0.,-204.5,3.));
#2465=CARTESIAN_POINT('',(96.3336206896552,68.5019844704826,3.));
#2466=CARTESIAN_POINT('',(96.5,68.9734904885664,3.5));
#2467=CARTESIAN_POINT('Origin',(96.5,68.9734904885664,3.));
#2468=CARTESIAN_POINT('Origin',(0.,-204.5,3.5));
#2469=CARTESIAN_POINT('Origin',(0.,-204.5,3.));
#2470=CARTESIAN_POINT('Ctrl Pts',(96.3336206897087,68.5019844704638,3.));
#2471=CARTESIAN_POINT('Ctrl Pts',(99.6563489753429,67.3295005160188,3.00000000001149));
#2472=CARTESIAN_POINT('Ctrl Pts',(105.151085374418,65.2628013533569,4.8195045347551));
#2473=CARTESIAN_POINT('Ctrl Pts',(110.469786454531,63.1008045372625,11.0005001796964));
#2474=CARTESIAN_POINT('Ctrl Pts',(111.723067613079,62.5734223235027,15.6481043485075));
#2475=CARTESIAN_POINT('Ctrl Pts',(111.798843844511,62.5416980829598,18.));
#2476=CARTESIAN_POINT('Ctrl Pts',(96.3336206897082,68.5019844704639,3.13089969389948));
#2477=CARTESIAN_POINT('Ctrl Pts',(99.631358542251,67.3385247085132,3.12488650946277));
#2478=CARTESIAN_POINT('Ctrl Pts',(105.092124184958,65.2853988108348,4.92044753859929));
#2479=CARTESIAN_POINT('Ctrl Pts',(110.38528072299,63.1358139244989,11.0520519502354));
#2480=CARTESIAN_POINT('Ctrl Pts',(111.633166749011,62.6110270099478,15.6676379525546));
#2481=CARTESIAN_POINT('Ctrl Pts',(111.708614637963,62.5794731609551,18.0034225554734));
#2482=CARTESIAN_POINT('Ctrl Pts',(96.3697284419736,68.6043110305254,3.39148965640195));
#2483=CARTESIAN_POINT('Ctrl Pts',(99.6155394182314,67.4478875144014,3.37399105452402));
#2484=CARTESIAN_POINT('Ctrl Pts',(105.004076175284,65.4055137648752,5.12183196496425));
#2485=CARTESIAN_POINT('Ctrl Pts',(110.240692612574,63.2638511163231,11.1552154621668));
#2486=CARTESIAN_POINT('Ctrl Pts',(111.476574147065,62.7410220153394,15.706610728203));
#2487=CARTESIAN_POINT('Ctrl Pts',(111.551281941353,62.7095712368816,18.0102583436789));
#2488=CARTESIAN_POINT('Ctrl Pts',(96.4564419984611,68.8500505016696,3.49999999999984));
#2489=CARTESIAN_POINT('Ctrl Pts',(99.6778090415164,67.6817431624239,3.49043497575469));
#2490=CARTESIAN_POINT('Ctrl Pts',(105.016663220307,65.6208035173886,5.23732494352241));
#2491=CARTESIAN_POINT('Ctrl Pts',(110.196473425056,63.4632292597731,11.2228694388619));
#2492=CARTESIAN_POINT('Ctrl Pts',(111.41829012574,62.9367095631721,15.7326180128241));
#2493=CARTESIAN_POINT('Ctrl Pts',(111.492150962115,62.9050415484307,18.0148080007901));
#2494=CARTESIAN_POINT('Ctrl Pts',(96.5000000000518,68.9734904885475,3.49999999999999));
#2495=CARTESIAN_POINT('Ctrl Pts',(99.7210971179991,67.7989815186371,3.5000000000111));
#2496=CARTESIAN_POINT('Ctrl Pts',(105.047767870905,65.7287129273696,5.26081084008559));
#2497=CARTESIAN_POINT('Ctrl Pts',(110.203787637686,63.5629820925946,11.2424195287385));
#2498=CARTESIAN_POINT('Ctrl Pts',(111.418735108785,63.0346890287246,15.7401009824266));
#2499=CARTESIAN_POINT('Ctrl Pts',(111.492193598222,63.0029099967473,18.0161290322581));
#2500=CARTESIAN_POINT('Ctrl Pts',(111.492193598222,63.0029099967473,18.0161290322581));
#2501=CARTESIAN_POINT('Ctrl Pts',(111.418735108785,63.0346890287246,15.7401009824266));
#2502=CARTESIAN_POINT('Ctrl Pts',(110.203787637686,63.5629820925946,11.2424195287385));
#2503=CARTESIAN_POINT('Ctrl Pts',(105.047767870905,65.7287129273696,5.26081084008559));
#2504=CARTESIAN_POINT('Ctrl Pts',(99.7210971179991,67.7989815186371,3.5000000000111));
#2505=CARTESIAN_POINT('Ctrl Pts',(96.5000000000518,68.9734904885475,3.49999999999999));
#2506=CARTESIAN_POINT('Ctrl Pts',(96.3336206897087,68.5019844704638,3.));
#2507=CARTESIAN_POINT('Ctrl Pts',(99.6563489753429,67.3295005160188,3.00000000001149));
#2508=CARTESIAN_POINT('Ctrl Pts',(105.151085374418,65.2628013533569,4.8195045347551));
#2509=CARTESIAN_POINT('Ctrl Pts',(110.469786454531,63.1008045372625,11.0005001796964));
#2510=CARTESIAN_POINT('Ctrl Pts',(111.723067613079,62.5734223235027,15.6481043485075));
#2511=CARTESIAN_POINT('Ctrl Pts',(111.798843844511,62.5416980829598,18.));
#2512=CARTESIAN_POINT('Origin',(0.,-204.5,18.));
#2513=CARTESIAN_POINT('',(115.,61.1788474831973,18.));
#2514=CARTESIAN_POINT('',(115.,61.7235902394827,18.5));
#2515=CARTESIAN_POINT('Ctrl Pts',(115.,61.1788474831973,18.));
#2516=CARTESIAN_POINT('Ctrl Pts',(115.,61.1788474831973,18.0600225683562));
#2517=CARTESIAN_POINT('Ctrl Pts',(115.,61.1937781045808,18.1304851619112));
#2518=CARTESIAN_POINT('Ctrl Pts',(115.,61.2427845045704,18.2430472141459));
#2519=CARTESIAN_POINT('Ctrl Pts',(115.,61.2864852301121,18.304361231618));
#2520=CARTESIAN_POINT('Ctrl Pts',(115.,61.3799729061081,18.3930998973719));
#2521=CARTESIAN_POINT('Ctrl Pts',(115.,61.4472478481891,18.435239158888));
#2522=CARTESIAN_POINT('Ctrl Pts',(115.,61.5730567493204,18.4847928195985));
#2523=CARTESIAN_POINT('Ctrl Pts',(115.,61.6545263163535,18.5));
#2524=CARTESIAN_POINT('Ctrl Pts',(115.,61.7235902394827,18.5));
#2525=CARTESIAN_POINT('Origin',(0.,-204.5,18.5));
#2526=CARTESIAN_POINT('Origin',(0.,-204.5,18.));
#2527=CARTESIAN_POINT('Origin',(111.99193338483,135.,18.));
#2528=CARTESIAN_POINT('',(111.99193338483,135.,18.5));
#2529=CARTESIAN_POINT('',(111.492193598222,135.,18.0161290322581));
#2530=CARTESIAN_POINT('Origin',(0.,424.5,18.));
#2531=CARTESIAN_POINT('',(115.,158.276409760517,18.5));
#2532=CARTESIAN_POINT('',(115.,158.821152516803,18.));
#2533=CARTESIAN_POINT('Ctrl Pts',(115.,158.276409760517,18.5));
#2534=CARTESIAN_POINT('Ctrl Pts',(115.,158.345473683647,18.5));
#2535=CARTESIAN_POINT('Ctrl Pts',(115.,158.42694325068,18.4847928195985));
#2536=CARTESIAN_POINT('Ctrl Pts',(115.,158.552752151811,18.435239158888));
#2537=CARTESIAN_POINT('Ctrl Pts',(115.,158.620027093892,18.3930998973719));
#2538=CARTESIAN_POINT('Ctrl Pts',(115.,158.713514769888,18.304361231618));
#2539=CARTESIAN_POINT('Ctrl Pts',(115.,158.75721549543,18.2430472141459));
#2540=CARTESIAN_POINT('Ctrl Pts',(115.,158.806221895419,18.1304851619112));
#2541=CARTESIAN_POINT('Ctrl Pts',(115.,158.821152516803,18.0600225683562));
#2542=CARTESIAN_POINT('Ctrl Pts',(115.,158.821152516803,18.));
#2543=CARTESIAN_POINT('Origin',(0.,424.5,18.));
#2544=CARTESIAN_POINT('Origin',(0.,424.5,18.5));
#2545=CARTESIAN_POINT('Origin',(96.5,135.,18.5));
#2546=CARTESIAN_POINT('',(96.5,135.,3.5));
#2547=CARTESIAN_POINT('Origin',(0.,110.,3.5));
#2548=CARTESIAN_POINT('',(-96.5,85.,3.5));
#2549=CARTESIAN_POINT('',(-90.,126.666666666667,3.5));
#2550=CARTESIAN_POINT('Origin',(-87.25,126.666666666667,3.5));
#2551=CARTESIAN_POINT('',(-90.,93.3333333333333,3.5));
#2552=CARTESIAN_POINT('Origin',(-87.25,93.3333333333333,3.5));
#2553=CARTESIAN_POINT('Origin',(113.25,110.,18.5));
#2554=CARTESIAN_POINT('',(115.,160.,18.5));
#2555=CARTESIAN_POINT('Origin',(115.,60.,0.));
#2556=CARTESIAN_POINT('',(115.,61.1788474831973,0.));
#2557=CARTESIAN_POINT('',(115.,61.1788474831973,0.));
#2558=CARTESIAN_POINT('',(115.,158.821152516803,0.));
#2559=CARTESIAN_POINT('',(115.,60.,0.));
#2560=CARTESIAN_POINT('',(115.,158.821152516803,0.));
#2561=CARTESIAN_POINT('Origin',(0.,-204.5,0.));
#2562=CARTESIAN_POINT('',(-115.,61.1788474831973,0.));
#2563=CARTESIAN_POINT('',(-115.,61.1788474831973,0.));
#2564=CARTESIAN_POINT('Origin',(0.,-204.5,0.));
#2565=CARTESIAN_POINT('Origin',(-87.25,93.3333333333333,0.));
#2566=CARTESIAN_POINT('',(-90.,93.3333333333333,0.));
#2567=CARTESIAN_POINT('Origin',(-87.25,93.3333333333333,0.));
#2568=CARTESIAN_POINT('',(-90.,93.3333333333333,0.));
#2569=CARTESIAN_POINT('Origin',(-87.25,126.666666666667,0.));
#2570=CARTESIAN_POINT('',(-90.,126.666666666667,0.));
#2571=CARTESIAN_POINT('Origin',(-87.25,126.666666666667,0.));
#2572=CARTESIAN_POINT('',(-90.,126.666666666667,0.));
#2573=CARTESIAN_POINT('Origin',(-115.,83.5499140840847,11.));
#2574=CARTESIAN_POINT('',(-111.5,85.0499140840847,11.));
#2575=CARTESIAN_POINT('Origin',(-111.5,83.5499140840847,11.));
#2576=CARTESIAN_POINT('',(-115.,85.0499140840847,11.));
#2577=CARTESIAN_POINT('',(-115.,85.0499140840847,11.));
#2578=CARTESIAN_POINT('Origin',(-115.,83.5499140840847,11.));
#2579=CARTESIAN_POINT('Origin',(-111.5,83.5499140840847,11.));
#2580=CARTESIAN_POINT('',(-111.5,87.2999140840847,11.));
#2581=CARTESIAN_POINT('Origin',(-111.5,83.5499140840847,11.));
#2582=CARTESIAN_POINT('Origin',(-115.,136.288970851969,11.));
#2583=CARTESIAN_POINT('',(-111.5,137.788970851969,11.));
#2584=CARTESIAN_POINT('Origin',(-111.5,136.288970851969,11.));
#2585=CARTESIAN_POINT('',(-115.,137.788970851969,11.));
#2586=CARTESIAN_POINT('',(-115.,137.788970851969,11.));
#2587=CARTESIAN_POINT('Origin',(-115.,136.288970851969,11.));
#2588=CARTESIAN_POINT('Origin',(-111.5,136.288970851969,11.));
#2589=CARTESIAN_POINT('',(-111.5,140.038970851969,11.));
#2590=CARTESIAN_POINT('Origin',(-111.5,136.288970851969,11.));
#2591=CARTESIAN_POINT('Origin',(-115.,83.5499140840847,11.));
#2592=CARTESIAN_POINT('',(-109.490381056767,87.2999140840847,11.));
#2593=CARTESIAN_POINT('',(-115.,87.2999140840847,11.));
#2594=CARTESIAN_POINT('',(-111.023687548278,83.5499140840847,14.75));
#2595=CARTESIAN_POINT('Ctrl Pts',(-111.023687548278,83.5499140840847,14.75));
#2596=CARTESIAN_POINT('Ctrl Pts',(-111.023687548278,84.0170068313867,14.75));
#2597=CARTESIAN_POINT('Ctrl Pts',(-111.000695586829,84.5144040121983,14.6571699685125));
#2598=CARTESIAN_POINT('Ctrl Pts',(-110.896635014747,85.426157428485,14.2840283771938));
#2599=CARTESIAN_POINT('Ctrl Pts',(-110.814200412467,85.8403929099709,14.0038039693669));
#2600=CARTESIAN_POINT('Ctrl Pts',(-110.587374789516,86.5279282017564,13.3343167996395));
#2601=CARTESIAN_POINT('Ctrl Pts',(-110.421243778831,86.8282378725504,12.8906378839961));
#2602=CARTESIAN_POINT('Ctrl Pts',(-110.003107006478,87.2137509825607,11.9477428157485));
#2603=CARTESIAN_POINT('Ctrl Pts',(-109.749878218492,87.2999140840847,11.4494622685292));
#2604=CARTESIAN_POINT('Ctrl Pts',(-109.490381056767,87.2999140840847,11.));
#2605=CARTESIAN_POINT('Ctrl Pts',(-109.490381056767,87.2999140840847,11.));
#2606=CARTESIAN_POINT('Ctrl Pts',(-109.19235667628,87.2999140840847,10.4838066311025));
#2607=CARTESIAN_POINT('Ctrl Pts',(-108.841004920372,87.1886871526555,9.95249570764542));
#2608=CARTESIAN_POINT('Ctrl Pts',(-108.118624562108,86.7613165050694,8.99380231568855));
#2609=CARTESIAN_POINT('Ctrl Pts',(-107.748176719047,86.4463362098935,8.56546428609617));
#2610=CARTESIAN_POINT('Ctrl Pts',(-107.17165223635,85.7723254983162,7.95212907798891));
#2611=CARTESIAN_POINT('Ctrl Pts',(-106.911627533827,85.3896704116115,7.69886966220107));
#2612=CARTESIAN_POINT('Ctrl Pts',(-106.62876417791,84.7378728473876,7.43542869044496));
#2613=CARTESIAN_POINT('Ctrl Pts',(-106.552172563014,84.5075654177834,7.36632745371908));
#2614=CARTESIAN_POINT('Ctrl Pts',(-106.448491902567,84.0341858756142,7.27358710513741));
#2615=CARTESIAN_POINT('Ctrl Pts',(-106.421567416492,83.7910675490194,7.25));
#2616=CARTESIAN_POINT('Ctrl Pts',(-106.421567416492,83.3087606191501,7.25));
#2617=CARTESIAN_POINT('Ctrl Pts',(-106.448491902567,83.0656422925553,7.27358710513741));
#2618=CARTESIAN_POINT('Ctrl Pts',(-106.552172563014,82.5922627503861,7.36632745371908));
#2619=CARTESIAN_POINT('Ctrl Pts',(-106.62876417791,82.3619553207818,7.43542869044496));
#2620=CARTESIAN_POINT('Ctrl Pts',(-106.911627533827,81.710157756558,7.69886966220107));
#2621=CARTESIAN_POINT('Ctrl Pts',(-107.17165223635,81.3275026698532,7.95212907798891));
#2622=CARTESIAN_POINT('Ctrl Pts',(-107.748176719047,80.6534919582759,8.56546428609617));
#2623=CARTESIAN_POINT('Ctrl Pts',(-108.118624562108,80.3385116631001,8.99380231568854));
#2624=CARTESIAN_POINT('Ctrl Pts',(-108.841004920372,79.911141015514,9.95249570764541));
#2625=CARTESIAN_POINT('Ctrl Pts',(-109.19235667628,79.7999140840847,10.4838066311025));
#2626=CARTESIAN_POINT('Ctrl Pts',(-109.749878218492,79.7999140840847,11.4494622685292));
#2627=CARTESIAN_POINT('Ctrl Pts',(-110.003107006478,79.8860771856087,11.9477428157485));
#2628=CARTESIAN_POINT('Ctrl Pts',(-110.421243778831,80.2715902956191,12.8906378839961));
#2629=CARTESIAN_POINT('Ctrl Pts',(-110.587374789516,80.5718999664131,13.3343167996395));
#2630=CARTESIAN_POINT('Ctrl Pts',(-110.814200412467,81.2594352581986,14.0038039693669));
#2631=CARTESIAN_POINT('Ctrl Pts',(-110.896635014747,81.6736707396845,14.2840283771938));
#2632=CARTESIAN_POINT('Ctrl Pts',(-111.000695586829,82.5854241559712,14.6571699685125));
#2633=CARTESIAN_POINT('Ctrl Pts',(-111.023687548278,83.0828213367828,14.75));
#2634=CARTESIAN_POINT('Ctrl Pts',(-111.023687548278,83.5499140840847,14.75));
#2635=CARTESIAN_POINT('Origin',(-115.,136.288970851969,11.));
#2636=CARTESIAN_POINT('',(-109.490381056767,140.038970851969,11.));
#2637=CARTESIAN_POINT('',(-115.,140.038970851969,11.));
#2638=CARTESIAN_POINT('',(-111.023687548278,136.288970851969,14.75));
#2639=CARTESIAN_POINT('Ctrl Pts',(-111.023687548278,136.288970851969,14.75));
#2640=CARTESIAN_POINT('Ctrl Pts',(-111.023687548278,136.756063599271,14.75));
#2641=CARTESIAN_POINT('Ctrl Pts',(-111.000695586829,137.253460780083,14.6571699685125));
#2642=CARTESIAN_POINT('Ctrl Pts',(-110.896635014747,138.16521419637,14.2840283771938));
#2643=CARTESIAN_POINT('Ctrl Pts',(-110.814200412467,138.579449677856,14.0038039693669));
#2644=CARTESIAN_POINT('Ctrl Pts',(-110.587374789516,139.266984969641,13.3343167996395));
#2645=CARTESIAN_POINT('Ctrl Pts',(-110.421243778831,139.567294640435,12.8906378839961));
#2646=CARTESIAN_POINT('Ctrl Pts',(-110.003107006478,139.952807750445,11.9477428157485));
#2647=CARTESIAN_POINT('Ctrl Pts',(-109.749878218492,140.038970851969,11.4494622685292));
#2648=CARTESIAN_POINT('Ctrl Pts',(-109.490381056767,140.038970851969,11.));
#2649=CARTESIAN_POINT('Ctrl Pts',(-109.490381056767,140.038970851969,11.));
#2650=CARTESIAN_POINT('Ctrl Pts',(-109.19235667628,140.038970851969,10.4838066311025));
#2651=CARTESIAN_POINT('Ctrl Pts',(-108.841004920372,139.92774392054,9.95249570764542));
#2652=CARTESIAN_POINT('Ctrl Pts',(-108.118624562108,139.500373272954,8.99380231568855));
#2653=CARTESIAN_POINT('Ctrl Pts',(-107.748176719047,139.185392977778,8.56546428609617));
#2654=CARTESIAN_POINT('Ctrl Pts',(-107.17165223635,138.511382266201,7.95212907798891));
#2655=CARTESIAN_POINT('Ctrl Pts',(-106.911627533827,138.128727179496,7.69886966220107));
#2656=CARTESIAN_POINT('Ctrl Pts',(-106.62876417791,137.476929615272,7.43542869044496));
#2657=CARTESIAN_POINT('Ctrl Pts',(-106.552172563014,137.246622185668,7.36632745371908));
#2658=CARTESIAN_POINT('Ctrl Pts',(-106.448491902567,136.773242643499,7.27358710513741));
#2659=CARTESIAN_POINT('Ctrl Pts',(-106.421567416492,136.530124316904,7.25));
#2660=CARTESIAN_POINT('Ctrl Pts',(-106.421567416492,136.047817387035,7.25));
#2661=CARTESIAN_POINT('Ctrl Pts',(-106.448491902567,135.80469906044,7.27358710513741));
#2662=CARTESIAN_POINT('Ctrl Pts',(-106.552172563014,135.331319518271,7.36632745371908));
#2663=CARTESIAN_POINT('Ctrl Pts',(-106.62876417791,135.101012088666,7.43542869044495));
#2664=CARTESIAN_POINT('Ctrl Pts',(-106.911627533827,134.449214524443,7.69886966220106));
#2665=CARTESIAN_POINT('Ctrl Pts',(-107.17165223635,134.066559437738,7.95212907798891));
#2666=CARTESIAN_POINT('Ctrl Pts',(-107.748176719047,133.392548726161,8.56546428609617));
#2667=CARTESIAN_POINT('Ctrl Pts',(-108.118624562108,133.077568430985,8.99380231568854));
#2668=CARTESIAN_POINT('Ctrl Pts',(-108.841004920372,132.650197783399,9.9524957076454));
#2669=CARTESIAN_POINT('Ctrl Pts',(-109.19235667628,132.538970851969,10.4838066311025));
#2670=CARTESIAN_POINT('Ctrl Pts',(-109.749878218492,132.538970851969,11.4494622685292));
#2671=CARTESIAN_POINT('Ctrl Pts',(-110.003107006478,132.625133953493,11.9477428157485));
#2672=CARTESIAN_POINT('Ctrl Pts',(-110.421243778831,133.010647063504,12.8906378839961));
#2673=CARTESIAN_POINT('Ctrl Pts',(-110.587374789516,133.310956734298,13.3343167996395));
#2674=CARTESIAN_POINT('Ctrl Pts',(-110.814200412467,133.998492026083,14.0038039693669));
#2675=CARTESIAN_POINT('Ctrl Pts',(-110.896635014747,134.412727507569,14.2840283771938));
#2676=CARTESIAN_POINT('Ctrl Pts',(-111.000695586829,135.324480923856,14.6571699685125));
#2677=CARTESIAN_POINT('Ctrl Pts',(-111.023687548278,135.821878104667,14.75));
#2678=CARTESIAN_POINT('Ctrl Pts',(-111.023687548278,136.288970851969,14.75));
#2679=CARTESIAN_POINT('Origin',(0.,424.5,0.));
#2680=CARTESIAN_POINT('',(-115.,158.821152516803,0.));
#2681=CARTESIAN_POINT('Origin',(0.,424.5,0.));
#2682=CARTESIAN_POINT('',(-115.,158.821152516803,0.));
#2683=CARTESIAN_POINT('Origin',(0.,110.,0.));
#2684=CARTESIAN_POINT('',(-115.,60.,0.));
#2685=CARTESIAN_POINT('Origin',(-115.,160.,0.));
#2686=CARTESIAN_POINT('',(-115.,160.,18.5));
#2687=CARTESIAN_POINT('Origin',(-96.5,85.,18.5));
#2688=CARTESIAN_POINT('Origin',(-113.25,110.,18.5));
#2689=CARTESIAN_POINT('Origin',(115.,106.425296679208,12.3831355471949));
#2690=CARTESIAN_POINT('',(115.,106.425296679208,12.3831355471949));
#2691=CARTESIAN_POINT('',(115.,102.5,0.));
#2692=CARTESIAN_POINT('',(115.,104.462648339604,6.19156777359743));
#2693=CARTESIAN_POINT('',(-115.,106.425296679208,12.3831355471949));
#2694=CARTESIAN_POINT('',(115.,106.425296679208,12.3831355471949));
#2695=CARTESIAN_POINT('',(-115.,102.5,0.));
#2696=CARTESIAN_POINT('',(-115.,105.147446296039,8.3519002554456));
#2697=CARTESIAN_POINT('',(-115.,102.5,0.));
#2698=CARTESIAN_POINT('Origin',(115.,110.,11.25));
#2699=CARTESIAN_POINT('',(115.,113.574703320792,12.3831355471949));
#2700=CARTESIAN_POINT('Origin',(115.,110.,11.25));
#2701=CARTESIAN_POINT('',(-115.,113.574703320792,12.3831355471949));
#2702=CARTESIAN_POINT('',(115.,113.574703320792,12.3831355471949));
#2703=CARTESIAN_POINT('Origin',(-115.,110.,11.25));
#2704=CARTESIAN_POINT('Origin',(115.,117.5,0.));
#2705=CARTESIAN_POINT('',(115.,117.5,0.));
#2706=CARTESIAN_POINT('',(115.,116.815202043564,2.16033248184813));
#2707=CARTESIAN_POINT('',(-115.,117.5,0.));
#2708=CARTESIAN_POINT('',(115.,117.5,0.));
#2709=CARTESIAN_POINT('',(-115.,117.5,-3.92279963238744E-14));
#2710=CARTESIAN_POINT('Origin',(-115.,117.5,0.));
#2711=CARTESIAN_POINT('',(-115.,117.5,0.));
#2712=CARTESIAN_POINT('Origin',(115.,102.5,0.));
#2713=CARTESIAN_POINT('',(115.,102.5,0.));
#2714=CARTESIAN_POINT('Origin',(-3.5527136788005E-14,110.,0.));
#2715=UNCERTAINTY_MEASURE_WITH_UNIT(LENGTH_MEASURE(0.01),#2719,
'DISTANCE_ACCURACY_VALUE',
'Maximum model space distance between geometric entities at asserted c
onnectivities');
#2716=UNCERTAINTY_MEASURE_WITH_UNIT(LENGTH_MEASURE(0.01),#2719,
'DISTANCE_ACCURACY_VALUE',
'Maximum model space distance between geometric entities at asserted c
onnectivities');
#2717=(
GEOMETRIC_REPRESENTATION_CONTEXT(3)
GLOBAL_UNCERTAINTY_ASSIGNED_CONTEXT((#2715))
GLOBAL_UNIT_ASSIGNED_CONTEXT((#2719,#2721,#2722))
REPRESENTATION_CONTEXT('','3D')
);
#2718=(
GEOMETRIC_REPRESENTATION_CONTEXT(3)
GLOBAL_UNCERTAINTY_ASSIGNED_CONTEXT((#2716))
GLOBAL_UNIT_ASSIGNED_CONTEXT((#2719,#2721,#2722))
REPRESENTATION_CONTEXT('','3D')
);
#2719=(
LENGTH_UNIT()
NAMED_UNIT(*)
SI_UNIT(.MILLI.,.METRE.)
);
#2720=(
LENGTH_UNIT()
NAMED_UNIT(*)
SI_UNIT($,.METRE.)
);
#2721=(
NAMED_UNIT(*)
PLANE_ANGLE_UNIT()
SI_UNIT($,.RADIAN.)
);
#2722=(
NAMED_UNIT(*)
SI_UNIT($,.STERADIAN.)
SOLID_ANGLE_UNIT()
);
#2723=SHAPE_DEFINITION_REPRESENTATION(#2724,#2725);
#2724=PRODUCT_DEFINITION_SHAPE('',$,#2727);
#2725=SHAPE_REPRESENTATION('',(#1269),#2717);
#2726=PRODUCT_DEFINITION_CONTEXT('part definition',#2731,'design');
#2727=PRODUCT_DEFINITION('support_\X\E9tag\X\E8res_central',
'support_\X\E9tag\X\E8res_central v8',#2728,#2726);
#2728=PRODUCT_DEFINITION_FORMATION('',$,#2733);
#2729=PRODUCT_RELATED_PRODUCT_CATEGORY('support_\X\E9tag\X\E8res_centr
al v8','support_\X\E9tag\X\E8res_central v8',(#2733));
#2730=APPLICATION_PROTOCOL_DEFINITION('international standard',
'automotive_design',2009,#2731);
#2731=APPLICATION_CONTEXT(
'Core Data for Automotive Mechanical Design Process');
#2732=PRODUCT_CONTEXT('part definition',#2731,'mechanical');
#2733=PRODUCT('support_\X\E9tag\X\E8res_central',
'support_\X\E9tag\X\E8res_central v8',$,(#2732));
#2734=PRESENTATION_STYLE_ASSIGNMENT((#2735));
#2735=SURFACE_STYLE_USAGE(.BOTH.,#2736);
#2736=SURFACE_SIDE_STYLE('',(#2737));
#2737=SURFACE_STYLE_FILL_AREA(#2738);
#2738=FILL_AREA_STYLE('Acier - Satin\X\E9',(#2739));
#2739=FILL_AREA_STYLE_COLOUR('Acier - Satin\X\E9',#2740);
#2740=COLOUR_RGB('Acier - Satin\X\E9',0.627450980392157,0.627450980392157,
0.627450980392157);
ENDSEC;
END-ISO-10303-21;
