ISO-10303-21;
HEADER;
/* Generated by software containing ST-Developer
 * from STEP Tools, Inc. (www.steptools.com) 
 */

FILE_DESCRIPTION(
/* description */ (''),
/* implementation_level */ '2;1');

FILE_NAME(
/* name */ 'support_tagres_central.step',
/* time_stamp */ '2025-10-11T11:04:04+02:00',
/* author */ (''),
/* organization */ (''),
/* preprocessor_version */ 'ST-DEVELOPER v20.1',
/* originating_system */ 'Autodesk Translation Framework v14.17.0.0',
/* authorisation */ '');

FILE_SCHEMA (('AUTOMOTIVE_DESIGN { 1 0 10303 214 3 1 1 }'));
ENDSEC;

DATA;
#10=MECHANICAL_DESIGN_GEOMETRIC_PRESENTATION_REPRESENTATION('',(#13),#1624);
#11=SHAPE_REPRESENTATION_RELATIONSHIP('SRR','None',#1631,#12);
#12=ADVANCED_BREP_SHAPE_REPRESENTATION('',(#14),#1623);
#13=STYLED_ITEM('',(#1640),#14);
#14=MANIFOLD_SOLID_BREP('Corps1',#673);
#15=TOROIDAL_SURFACE('',#714,301.,1.);
#16=TOROIDAL_SURFACE('',#718,301.,1.);
#17=FACE_BOUND('',#201,.T.);
#18=FACE_BOUND('',#202,.T.);
#19=FACE_BOUND('',#219,.T.);
#20=FACE_BOUND('',#221,.T.);
#21=FACE_BOUND('',#222,.T.);
#22=FACE_BOUND('',#224,.T.);
#23=FACE_BOUND('',#225,.T.);
#24=FACE_BOUND('',#228,.T.);
#25=FACE_BOUND('',#233,.T.);
#26=FACE_BOUND('',#236,.T.);
#27=CIRCLE('',#692,1.);
#28=CIRCLE('',#694,1.);
#29=CIRCLE('',#699,1.);
#30=CIRCLE('',#701,300.);
#31=CIRCLE('',#702,300.);
#32=CIRCLE('',#703,300.);
#33=CIRCLE('',#704,300.);
#34=CIRCLE('',#706,1.);
#35=CIRCLE('',#710,300.);
#36=CIRCLE('',#711,300.);
#37=CIRCLE('',#712,300.);
#38=CIRCLE('',#713,300.);
#39=CIRCLE('',#715,301.);
#40=CIRCLE('',#719,301.);
#41=CIRCLE('',#725,1.49999999999999);
#42=CIRCLE('',#727,1.49999999999999);
#43=CIRCLE('',#728,1.49999999999999);
#44=CIRCLE('',#730,1.5);
#45=CIRCLE('',#731,1.5);
#46=CIRCLE('',#734,1.49999999999999);
#47=CIRCLE('',#738,3.75);
#48=CIRCLE('',#740,1.5);
#49=CIRCLE('',#742,3.75);
#50=CIRCLE('',#744,1.5);
#51=PLANE('',#691);
#52=PLANE('',#693);
#53=PLANE('',#698);
#54=PLANE('',#707);
#55=PLANE('',#708);
#56=PLANE('',#717);
#57=PLANE('',#721);
#58=PLANE('',#722);
#59=PLANE('',#723);
#60=PLANE('',#724);
#61=PLANE('',#726);
#62=PLANE('',#729);
#63=PLANE('',#733);
#64=PLANE('',#739);
#65=PLANE('',#743);
#66=ELLIPSE('',#689,17.1274720865395,15.);
#67=ELLIPSE('',#690,17.1114223835247,15.);
#68=ELLIPSE('',#696,17.1114223835247,15.);
#69=ELLIPSE('',#697,17.1274720865395,15.);
#70=LINE('',#1008,#106);
#71=LINE('',#1026,#107);
#72=LINE('',#1033,#108);
#73=LINE('',#1069,#109);
#74=LINE('',#1154,#110);
#75=LINE('',#1166,#111);
#76=LINE('',#1262,#112);
#77=LINE('',#1266,#113);
#78=LINE('',#1278,#114);
#79=LINE('',#1281,#115);
#80=LINE('',#1290,#116);
#81=LINE('',#1495,#117);
#82=LINE('',#1508,#118);
#83=LINE('',#1520,#119);
#84=LINE('',#1524,#120);
#85=LINE('',#1529,#121);
#86=LINE('',#1530,#122);
#87=LINE('',#1533,#123);
#88=LINE('',#1545,#124);
#89=LINE('',#1547,#125);
#90=LINE('',#1552,#126);
#91=LINE('',#1556,#127);
#92=LINE('',#1567,#128);
#93=LINE('',#1568,#129);
#94=LINE('',#1570,#130);
#95=LINE('',#1574,#131);
#96=LINE('',#1576,#132);
#97=LINE('',#1578,#133);
#98=LINE('',#1580,#134);
#99=LINE('',#1585,#135);
#100=LINE('',#1600,#136);
#101=LINE('',#1602,#137);
#102=LINE('',#1605,#138);
#103=LINE('',#1612,#139);
#104=LINE('',#1618,#140);
#105=LINE('',#1620,#141);
#106=VECTOR('',#751,10.);
#107=VECTOR('',#752,10.);
#108=VECTOR('',#755,10.);
#109=VECTOR('',#760,10.);
#110=VECTOR('',#765,10.);
#111=VECTOR('',#766,10.);
#112=VECTOR('',#769,10.);
#113=VECTOR('',#772,10.);
#114=VECTOR('',#773,10.);
#115=VECTOR('',#776,10.);
#116=VECTOR('',#777,10.);
#117=VECTOR('',#784,10.);
#118=VECTOR('',#785,10.);
#119=VECTOR('',#794,10.);
#120=VECTOR('',#797,10.);
#121=VECTOR('',#804,10.);
#122=VECTOR('',#805,10.);
#123=VECTOR('',#808,10.);
#124=VECTOR('',#809,10.);
#125=VECTOR('',#812,10.);
#126=VECTOR('',#817,10.);
#127=VECTOR('',#820,10.);
#128=VECTOR('',#831,10.);
#129=VECTOR('',#832,10.);
#130=VECTOR('',#835,10.);
#131=VECTOR('',#842,10.);
#132=VECTOR('',#845,10.);
#133=VECTOR('',#848,10.);
#134=VECTOR('',#851,10.);
#135=VECTOR('',#858,10.);
#136=VECTOR('',#877,1.49999999999999);
#137=VECTOR('',#880,1.49999999999999);
#138=VECTOR('',#883,3.75);
#139=VECTOR('',#892,3.75);
#140=VECTOR('',#901,1.5);
#141=VECTOR('',#904,1.5);
#142=CYLINDRICAL_SURFACE('',#687,1.);
#143=CYLINDRICAL_SURFACE('',#688,15.);
#144=CYLINDRICAL_SURFACE('',#695,15.);
#145=CYLINDRICAL_SURFACE('',#700,300.);
#146=CYLINDRICAL_SURFACE('',#705,1.);
#147=CYLINDRICAL_SURFACE('',#709,300.);
#148=CYLINDRICAL_SURFACE('',#716,1.);
#149=CYLINDRICAL_SURFACE('',#720,1.);
#150=CYLINDRICAL_SURFACE('',#732,3.);
#151=CYLINDRICAL_SURFACE('',#735,1.49999999999999);
#152=CYLINDRICAL_SURFACE('',#736,1.49999999999999);
#153=CYLINDRICAL_SURFACE('',#737,3.75);
#154=CYLINDRICAL_SURFACE('',#741,3.75);
#155=CYLINDRICAL_SURFACE('',#745,1.5);
#156=CYLINDRICAL_SURFACE('',#746,1.5);
#157=FACE_OUTER_BOUND('',#193,.T.);
#158=FACE_OUTER_BOUND('',#194,.T.);
#159=FACE_OUTER_BOUND('',#195,.T.);
#160=FACE_OUTER_BOUND('',#196,.T.);
#161=FACE_OUTER_BOUND('',#197,.T.);
#162=FACE_OUTER_BOUND('',#198,.T.);
#163=FACE_OUTER_BOUND('',#199,.T.);
#164=FACE_OUTER_BOUND('',#200,.T.);
#165=FACE_OUTER_BOUND('',#203,.T.);
#166=FACE_OUTER_BOUND('',#204,.T.);
#167=FACE_OUTER_BOUND('',#205,.T.);
#168=FACE_OUTER_BOUND('',#206,.T.);
#169=FACE_OUTER_BOUND('',#207,.T.);
#170=FACE_OUTER_BOUND('',#208,.T.);
#171=FACE_OUTER_BOUND('',#209,.T.);
#172=FACE_OUTER_BOUND('',#210,.T.);
#173=FACE_OUTER_BOUND('',#211,.T.);
#174=FACE_OUTER_BOUND('',#212,.T.);
#175=FACE_OUTER_BOUND('',#213,.T.);
#176=FACE_OUTER_BOUND('',#214,.T.);
#177=FACE_OUTER_BOUND('',#215,.T.);
#178=FACE_OUTER_BOUND('',#216,.T.);
#179=FACE_OUTER_BOUND('',#217,.T.);
#180=FACE_OUTER_BOUND('',#218,.T.);
#181=FACE_OUTER_BOUND('',#220,.T.);
#182=FACE_OUTER_BOUND('',#223,.T.);
#183=FACE_OUTER_BOUND('',#226,.T.);
#184=FACE_OUTER_BOUND('',#227,.T.);
#185=FACE_OUTER_BOUND('',#229,.T.);
#186=FACE_OUTER_BOUND('',#230,.T.);
#187=FACE_OUTER_BOUND('',#231,.T.);
#188=FACE_OUTER_BOUND('',#232,.T.);
#189=FACE_OUTER_BOUND('',#234,.T.);
#190=FACE_OUTER_BOUND('',#235,.T.);
#191=FACE_OUTER_BOUND('',#237,.T.);
#192=FACE_OUTER_BOUND('',#238,.T.);
#193=EDGE_LOOP('',(#437,#438,#439,#440));
#194=EDGE_LOOP('',(#441,#442,#443,#444,#445,#446));
#195=EDGE_LOOP('',(#447,#448,#449,#450,#451,#452,#453,#454,#455,#456));
#196=EDGE_LOOP('',(#457,#458,#459,#460));
#197=EDGE_LOOP('',(#461,#462,#463,#464,#465,#466));
#198=EDGE_LOOP('',(#467,#468,#469,#470));
#199=EDGE_LOOP('',(#471,#472,#473,#474,#475,#476));
#200=EDGE_LOOP('',(#477,#478,#479,#480,#481,#482,#483,#484,#485,#486));
#201=EDGE_LOOP('',(#487,#488));
#202=EDGE_LOOP('',(#489,#490));
#203=EDGE_LOOP('',(#491,#492,#493,#494));
#204=EDGE_LOOP('',(#495,#496,#497,#498,#499,#500));
#205=EDGE_LOOP('',(#501,#502,#503,#504,#505,#506,#507,#508,#509,#510,#511,
#512));
#206=EDGE_LOOP('',(#513,#514,#515,#516,#517,#518));
#207=EDGE_LOOP('',(#519,#520,#521,#522,#523,#524));
#208=EDGE_LOOP('',(#525,#526,#527,#528));
#209=EDGE_LOOP('',(#529,#530,#531,#532,#533,#534,#535,#536,#537,#538,#539,
#540));
#210=EDGE_LOOP('',(#541,#542,#543,#544));
#211=EDGE_LOOP('',(#545,#546,#547,#548,#549,#550));
#212=EDGE_LOOP('',(#551,#552,#553,#554));
#213=EDGE_LOOP('',(#555,#556,#557,#558));
#214=EDGE_LOOP('',(#559,#560,#561,#562,#563,#564));
#215=EDGE_LOOP('',(#565,#566,#567,#568));
#216=EDGE_LOOP('',(#569,#570,#571,#572));
#217=EDGE_LOOP('',(#573,#574,#575,#576));
#218=EDGE_LOOP('',(#577,#578,#579,#580));
#219=EDGE_LOOP('',(#581));
#220=EDGE_LOOP('',(#582,#583,#584,#585));
#221=EDGE_LOOP('',(#586));
#222=EDGE_LOOP('',(#587));
#223=EDGE_LOOP('',(#588,#589,#590,#591));
#224=EDGE_LOOP('',(#592));
#225=EDGE_LOOP('',(#593));
#226=EDGE_LOOP('',(#594,#595,#596,#597));
#227=EDGE_LOOP('',(#598,#599,#600,#601));
#228=EDGE_LOOP('',(#602));
#229=EDGE_LOOP('',(#603,#604,#605,#606));
#230=EDGE_LOOP('',(#607,#608,#609,#610));
#231=EDGE_LOOP('',(#611,#612,#613,#614,#615));
#232=EDGE_LOOP('',(#616));
#233=EDGE_LOOP('',(#617));
#234=EDGE_LOOP('',(#618,#619,#620,#621,#622));
#235=EDGE_LOOP('',(#623));
#236=EDGE_LOOP('',(#624));
#237=EDGE_LOOP('',(#625,#626,#627,#628));
#238=EDGE_LOOP('',(#629,#630,#631,#632));
#239=B_SPLINE_CURVE_WITH_KNOTS('',3,(#943,#944,#945,#946,#947,#948,#949,
#950,#951,#952),.UNSPECIFIED.,.F.,.F.,(4,2,2,2,4),(-0.000629629792673796,
0.,0.0787218006340694,0.127983805717467,0.164010254288992),
 .UNSPECIFIED.);
#240=B_SPLINE_CURVE_WITH_KNOTS('',3,(#954,#955,#956,#957,#958,#959,#960),
 .UNSPECIFIED.,.F.,.F.,(4,1,1,1,4),(0.104624594868362,0.583050314792834,
1.06147603471731,1.6993769946166,2.32841993520114),.UNSPECIFIED.);
#241=B_SPLINE_CURVE_WITH_KNOTS('',3,(#962,#963,#964,#965,#966,#967,#968,
#969,#970,#971,#972,#973,#974,#975,#976,#977,#978,#979,#980,#981,#982,#983,
#984,#985,#986,#987,#988,#989,#990,#991,#992,#993,#994,#995,#996,#997,#998),
 .UNSPECIFIED.,.F.,.F.,(4,3,3,3,3,3,3,3,3,3,3,3,4),(0.,0.0134079965295689,
0.0268563830057762,0.0386407937538988,0.0521098161394355,0.0654715270826951,
0.0756742020404887,0.0872440628909704,0.100436568769081,0.112867708018561,
0.126089711553923,0.139993415849443,0.153897120144963),.UNSPECIFIED.);
#242=B_SPLINE_CURVE_WITH_KNOTS('',3,(#999,#1000,#1001,#1002,#1003,#1004,
#1005),.UNSPECIFIED.,.F.,.F.,(4,1,1,1,4),(-2.3372779545159,-1.6993769946166,
-1.06147603471731,-0.583050314792834,-0.200262310326162),.UNSPECIFIED.);
#243=B_SPLINE_CURVE_WITH_KNOTS('',3,(#1010,#1011,#1012,#1013,#1014,#1015,
#1016,#1017,#1018,#1019),.UNSPECIFIED.,.F.,.F.,(4,2,2,2,4),(0.,0.0331678677223347,
0.0785210938411197,0.150996575384102,0.151576246089181),.UNSPECIFIED.);
#244=B_SPLINE_CURVE_WITH_KNOTS('',3,(#1021,#1022,#1023,#1024),
 .UNSPECIFIED.,.F.,.F.,(4,4),(0.434794895259288,0.465189862016481),
 .UNSPECIFIED.);
#245=B_SPLINE_CURVE_WITH_KNOTS('',3,(#1027,#1028,#1029,#1030),
 .UNSPECIFIED.,.F.,.F.,(4,4),(0.155119786770235,0.185514753527426),
 .UNSPECIFIED.);
#246=B_SPLINE_CURVE_WITH_KNOTS('',3,(#1035,#1036,#1037,#1038),
 .UNSPECIFIED.,.F.,.F.,(4,4),(0.290244777576276,0.37939663722521),
 .UNSPECIFIED.);
#247=B_SPLINE_CURVE_WITH_KNOTS('',3,(#1042,#1043,#1044,#1045,#1046,#1047,
#1048,#1049,#1050,#1051,#1052,#1053,#1054,#1055,#1056,#1057,#1058,#1059,
#1060),.UNSPECIFIED.,.F.,.F.,(4,2,2,2,3,2,2,2,4),(-0.425502773642341,-0.349757889545405,
-0.224020732679737,-0.112010366339868,0.,0.114528155595929,0.229056311191858,
0.352274385900517,0.418700269674475),.UNSPECIFIED.);
#248=B_SPLINE_CURVE_WITH_KNOTS('',3,(#1064,#1065,#1066,#1067),
 .UNSPECIFIED.,.F.,.F.,(4,4),(1.2008960291795,1.28918466587938),
 .UNSPECIFIED.);
#249=B_SPLINE_CURVE_WITH_KNOTS('',3,(#1070,#1071,#1072,#1073,#1074,#1075),
 .UNSPECIFIED.,.F.,.F.,(4,1,1,4),(-5.12699608797171,-4.58474177824167,-3.94684082344016,
-2.9899893912379),.UNSPECIFIED.);
#250=B_SPLINE_CURVE_WITH_KNOTS('',3,(#1107,#1108,#1109,#1110,#1111,#1112,
#1113,#1114,#1115,#1116,#1117,#1118,#1119,#1120,#1121,#1122,#1123,#1124,
#1125,#1126,#1127,#1128,#1129,#1130,#1131,#1132,#1133,#1134,#1135,#1136,
#1137,#1138,#1139,#1140,#1141,#1142,#1143),.UNSPECIFIED.,.F.,.F.,(4,3,3,
3,3,3,3,3,3,3,3,3,4),(0.,0.0137143710568747,0.0274270039313926,0.0411396368059105,
0.054361117609462,0.0667232651617492,0.0794814789186555,0.0927910131366307,
0.10629362902175,0.116398052469122,0.129813234510035,0.143282667100944,
0.154046880574217),.UNSPECIFIED.);
#251=B_SPLINE_CURVE_WITH_KNOTS('',3,(#1144,#1145,#1146,#1147,#1148,#1149),
 .UNSPECIFIED.,.F.,.F.,(4,1,1,4),(2.99884738799934,3.94684082344016,4.58474177824167,
5.22264273304318),.UNSPECIFIED.);
#252=B_SPLINE_CURVE_WITH_KNOTS('',3,(#1156,#1157,#1158,#1159,#1160,#1161,
#1162,#1163,#1164,#1165),.UNSPECIFIED.,.F.,.F.,(4,2,2,2,4),(0.151244403816902,
0.190354872996789,0.22865232950953,0.265976846998184,0.302507984382973),
 .UNSPECIFIED.);
#253=B_SPLINE_CURVE_WITH_KNOTS('',3,(#1199,#1200,#1201,#1202,#1203,#1204,
#1205,#1206,#1207,#1208),.UNSPECIFIED.,.F.,.F.,(4,2,2,2,4),(0.,0.0331678677229264,
0.0785210938431267,0.150996577097385,0.151576247826205),.UNSPECIFIED.);
#254=B_SPLINE_CURVE_WITH_KNOTS('',3,(#1210,#1211,#1212,#1213,#1214,#1215),
 .UNSPECIFIED.,.F.,.F.,(4,1,1,4),(-5.12699607260126,-4.58474172871509,-3.94684076881586,
-2.98998932896702),.UNSPECIFIED.);
#255=B_SPLINE_CURVE_WITH_KNOTS('',3,(#1217,#1218,#1219,#1220,#1221,#1222,
#1223,#1224,#1225,#1226,#1227,#1228,#1229,#1230,#1231,#1232,#1233,#1234,
#1235,#1236,#1237,#1238,#1239,#1240,#1241,#1242,#1243,#1244,#1245,#1246,
#1247,#1248,#1249,#1250,#1251,#1252,#1253),.UNSPECIFIED.,.F.,.F.,(4,3,3,
3,3,3,3,3,3,3,3,3,4),(0.,0.013714371523515,0.0274270041646707,0.0411396368058265,
0.0543611025853264,0.0667232651617373,0.0794814789185076,0.0927910012002194,
0.10629361691099,0.116398052468954,0.129813226100221,0.143282661346943,
0.154046880574173),.UNSPECIFIED.);
#256=B_SPLINE_CURVE_WITH_KNOTS('',3,(#1254,#1255,#1256,#1257,#1258,#1259),
 .UNSPECIFIED.,.F.,.F.,(4,1,1,4),(2.99884732783582,3.94684076881586,4.58474172871509,
5.22264268861432),.UNSPECIFIED.);
#257=B_SPLINE_CURVE_WITH_KNOTS('',3,(#1268,#1269,#1270,#1271,#1272,#1273,
#1274,#1275,#1276,#1277),.UNSPECIFIED.,.F.,.F.,(4,2,2,2,4),(0.151244403816902,
0.190354872996789,0.22865232950953,0.265976846998184,0.302507984382972),
 .UNSPECIFIED.);
#258=B_SPLINE_CURVE_WITH_KNOTS('',3,(#1283,#1284,#1285,#1286,#1287,#1288),
 .UNSPECIFIED.,.F.,.F.,(4,1,1,4),(-2.33727798352858,-1.38042655132621,-0.742525596524628,
-0.200271275827081),.UNSPECIFIED.);
#259=B_SPLINE_CURVE_WITH_KNOTS('',3,(#1292,#1293,#1294,#1295),
 .UNSPECIFIED.,.F.,.F.,(4,4),(0.290244777576276,0.379957151268027),
 .UNSPECIFIED.);
#260=B_SPLINE_CURVE_WITH_KNOTS('',3,(#1299,#1300,#1301,#1302,#1303,#1304,
#1305,#1306,#1307,#1308,#1309,#1310,#1311,#1312,#1313,#1314,#1315,#1316,
#1317),.UNSPECIFIED.,.F.,.F.,(4,2,2,2,3,2,2,2,4),(-0.418655463405106,-0.349757889545406,
-0.224020732679738,-0.112010366339869,0.,0.112010366339868,0.224020732679737,
0.349757889545405,0.42550277364234),.UNSPECIFIED.);
#261=B_SPLINE_CURVE_WITH_KNOTS('',3,(#1320,#1321,#1322,#1323),
 .UNSPECIFIED.,.F.,.F.,(4,4),(1.20541117585504,1.29315623308307),
 .UNSPECIFIED.);
#262=B_SPLINE_CURVE_WITH_KNOTS('',3,(#1326,#1327,#1328,#1329,#1330,#1331,
#1332,#1333,#1334,#1335,#1336,#1337,#1338,#1339,#1340,#1341,#1342,#1343,
#1344,#1345),.UNSPECIFIED.,.F.,.F.,(4,2,2,2,2,2,2,2,2,4),(0.,0.139765997502919,
0.279531995005837,0.439766089224322,0.600000183442806,0.789226156938393,
0.97845213043398,1.1246296413099,1.19771839674785,1.27080715218581),
 .UNSPECIFIED.);
#263=B_SPLINE_CURVE_WITH_KNOTS('',3,(#1346,#1347,#1348,#1349,#1350,#1351,
#1352,#1353,#1354,#1355,#1356,#1357,#1358,#1359,#1360,#1361,#1362,#1363,
#1364,#1365),.UNSPECIFIED.,.F.,.F.,(4,2,2,2,2,2,2,2,2,4),(1.27080715218581,
1.34389590762377,1.41698466306173,1.56316217393764,1.75238814743323,1.94161412092882,
2.1018482151473,2.26208230936578,2.4018483068687,2.54161430437162),
 .UNSPECIFIED.);
#264=B_SPLINE_CURVE_WITH_KNOTS('',3,(#1368,#1369,#1370,#1371,#1372,#1373,
#1374,#1375,#1376,#1377,#1378,#1379,#1380,#1381,#1382,#1383,#1384,#1385,
#1386,#1387),.UNSPECIFIED.,.F.,.F.,(4,2,2,2,2,2,2,2,2,4),(0.,0.139765997502919,
0.279531995005838,0.439766089224322,0.600000183442807,0.789226156938394,
0.97845213043398,1.1246296413099,1.19771839674785,1.27080715218581),
 .UNSPECIFIED.);
#265=B_SPLINE_CURVE_WITH_KNOTS('',3,(#1388,#1389,#1390,#1391,#1392,#1393,
#1394,#1395,#1396,#1397,#1398,#1399,#1400,#1401,#1402,#1403,#1404,#1405,
#1406,#1407),.UNSPECIFIED.,.F.,.F.,(4,2,2,2,2,2,2,2,2,4),(1.27080715218581,
1.34389590762377,1.41698466306173,1.56316217393764,1.75238814743323,1.94161412092882,
2.1018482151473,2.26208230936579,2.4018483068687,2.54161430437162),
 .UNSPECIFIED.);
#266=B_SPLINE_CURVE_WITH_KNOTS('',3,(#1439,#1440,#1441,#1442,#1443,#1444,
#1445,#1446,#1447,#1448),.UNSPECIFIED.,.F.,.F.,(4,2,2,2,4),(-0.000629629799663531,
0.,0.0787218027369499,0.127983810305338,0.164010260694674),
 .UNSPECIFIED.);
#267=B_SPLINE_CURVE_WITH_KNOTS('',3,(#1450,#1451,#1452,#1453,#1454,#1455),
 .UNSPECIFIED.,.F.,.F.,(4,1,1,4),(0.104624641723046,0.742525596524628,1.38042655132621,
2.32841998679457),.UNSPECIFIED.);
#268=B_SPLINE_CURVE_WITH_KNOTS('',3,(#1456,#1457,#1458,#1459,#1460,#1461,
#1462,#1463,#1464,#1465,#1466,#1467,#1468,#1469,#1470,#1471,#1472,#1473,
#1474,#1475,#1476,#1477,#1478,#1479,#1480,#1481,#1482,#1483,#1484,#1485,
#1486,#1487,#1488,#1489,#1490,#1491,#1492),.UNSPECIFIED.,.F.,.F.,(4,3,3,
3,3,3,3,3,3,3,3,3,4),(0.,0.0134081383027405,0.0268568350358911,0.03864079375395,
0.0521102686207395,0.065472908893281,0.0756742020405606,0.0872440628909757,
0.100437119644928,0.112867708018601,0.126089570609536,0.139993345377247,
0.153897120144958),.UNSPECIFIED.);
#269=B_SPLINE_CURVE_WITH_KNOTS('',3,(#1497,#1498,#1499,#1500,#1501,#1502,
#1503,#1504,#1505,#1506),.UNSPECIFIED.,.F.,.F.,(4,2,2,2,4),(0.302507984382973,
0.339039121767762,0.376363639256416,0.414661095769157,0.453771564949043),
 .UNSPECIFIED.);
#270=B_SPLINE_CURVE_WITH_KNOTS('',3,(#1513,#1514,#1515,#1516),
 .UNSPECIFIED.,.F.,.F.,(4,4),(0.155119786770235,0.185514753527433),
 .UNSPECIFIED.);
#271=B_SPLINE_CURVE_WITH_KNOTS('',3,(#1535,#1536,#1537,#1538,#1539,#1540,
#1541,#1542,#1543,#1544),.UNSPECIFIED.,.F.,.F.,(4,2,2,2,4),(0.302507984382973,
0.339039121767762,0.376363639256416,0.414661095769157,0.453771564949043),
 .UNSPECIFIED.);
#272=B_SPLINE_CURVE_WITH_KNOTS('',3,(#1559,#1560,#1561,#1562),
 .UNSPECIFIED.,.F.,.F.,(4,4),(0.434794895259288,0.46518986201648),
 .UNSPECIFIED.);
#273=VERTEX_POINT('',#941);
#274=VERTEX_POINT('',#942);
#275=VERTEX_POINT('',#953);
#276=VERTEX_POINT('',#961);
#277=VERTEX_POINT('',#1007);
#278=VERTEX_POINT('',#1009);
#279=VERTEX_POINT('',#1020);
#280=VERTEX_POINT('',#1025);
#281=VERTEX_POINT('',#1032);
#282=VERTEX_POINT('',#1034);
#283=VERTEX_POINT('',#1039);
#284=VERTEX_POINT('',#1041);
#285=VERTEX_POINT('',#1061);
#286=VERTEX_POINT('',#1063);
#287=VERTEX_POINT('',#1068);
#288=VERTEX_POINT('',#1106);
#289=VERTEX_POINT('',#1151);
#290=VERTEX_POINT('',#1153);
#291=VERTEX_POINT('',#1155);
#292=VERTEX_POINT('',#1197);
#293=VERTEX_POINT('',#1198);
#294=VERTEX_POINT('',#1209);
#295=VERTEX_POINT('',#1216);
#296=VERTEX_POINT('',#1261);
#297=VERTEX_POINT('',#1263);
#298=VERTEX_POINT('',#1265);
#299=VERTEX_POINT('',#1267);
#300=VERTEX_POINT('',#1280);
#301=VERTEX_POINT('',#1282);
#302=VERTEX_POINT('',#1289);
#303=VERTEX_POINT('',#1291);
#304=VERTEX_POINT('',#1296);
#305=VERTEX_POINT('',#1298);
#306=VERTEX_POINT('',#1318);
#307=VERTEX_POINT('',#1324);
#308=VERTEX_POINT('',#1325);
#309=VERTEX_POINT('',#1366);
#310=VERTEX_POINT('',#1367);
#311=VERTEX_POINT('',#1438);
#312=VERTEX_POINT('',#1449);
#313=VERTEX_POINT('',#1494);
#314=VERTEX_POINT('',#1496);
#315=VERTEX_POINT('',#1507);
#316=VERTEX_POINT('',#1512);
#317=VERTEX_POINT('',#1517);
#318=VERTEX_POINT('',#1519);
#319=VERTEX_POINT('',#1521);
#320=VERTEX_POINT('',#1523);
#321=VERTEX_POINT('',#1527);
#322=VERTEX_POINT('',#1532);
#323=VERTEX_POINT('',#1534);
#324=VERTEX_POINT('',#1549);
#325=VERTEX_POINT('',#1551);
#326=VERTEX_POINT('',#1553);
#327=VERTEX_POINT('',#1555);
#328=VERTEX_POINT('',#1557);
#329=VERTEX_POINT('',#1582);
#330=VERTEX_POINT('',#1586);
#331=VERTEX_POINT('',#1588);
#332=VERTEX_POINT('',#1591);
#333=VERTEX_POINT('',#1593);
#334=VERTEX_POINT('',#1597);
#335=VERTEX_POINT('',#1604);
#336=VERTEX_POINT('',#1608);
#337=VERTEX_POINT('',#1611);
#338=VERTEX_POINT('',#1615);
#339=EDGE_CURVE('',#273,#274,#239,.T.);
#340=EDGE_CURVE('',#274,#275,#240,.T.);
#341=EDGE_CURVE('',#275,#276,#241,.T.);
#342=EDGE_CURVE('',#276,#273,#242,.T.);
#343=EDGE_CURVE('',#273,#277,#70,.T.);
#344=EDGE_CURVE('',#278,#277,#243,.T.);
#345=EDGE_CURVE('',#278,#279,#244,.T.);
#346=EDGE_CURVE('',#279,#280,#71,.T.);
#347=EDGE_CURVE('',#280,#274,#245,.T.);
#348=EDGE_CURVE('',#281,#276,#72,.T.);
#349=EDGE_CURVE('',#281,#282,#246,.T.);
#350=EDGE_CURVE('',#282,#283,#66,.T.);
#351=EDGE_CURVE('',#283,#284,#247,.T.);
#352=EDGE_CURVE('',#284,#285,#67,.T.);
#353=EDGE_CURVE('',#285,#286,#248,.T.);
#354=EDGE_CURVE('',#287,#286,#73,.T.);
#355=EDGE_CURVE('',#277,#287,#249,.T.);
#356=EDGE_CURVE('',#287,#288,#250,.T.);
#357=EDGE_CURVE('',#288,#278,#251,.T.);
#358=EDGE_CURVE('',#286,#289,#27,.T.);
#359=EDGE_CURVE('',#290,#289,#74,.T.);
#360=EDGE_CURVE('',#291,#290,#252,.F.);
#361=EDGE_CURVE('',#291,#288,#75,.T.);
#362=EDGE_CURVE('',#292,#293,#253,.T.);
#363=EDGE_CURVE('',#293,#294,#254,.T.);
#364=EDGE_CURVE('',#294,#295,#255,.T.);
#365=EDGE_CURVE('',#295,#292,#256,.T.);
#366=EDGE_CURVE('',#294,#296,#76,.T.);
#367=EDGE_CURVE('',#296,#297,#28,.T.);
#368=EDGE_CURVE('',#298,#297,#77,.T.);
#369=EDGE_CURVE('',#299,#298,#257,.F.);
#370=EDGE_CURVE('',#299,#295,#78,.T.);
#371=EDGE_CURVE('',#300,#293,#79,.T.);
#372=EDGE_CURVE('',#301,#300,#258,.T.);
#373=EDGE_CURVE('',#302,#301,#80,.T.);
#374=EDGE_CURVE('',#302,#303,#259,.T.);
#375=EDGE_CURVE('',#303,#304,#68,.T.);
#376=EDGE_CURVE('',#304,#305,#260,.T.);
#377=EDGE_CURVE('',#305,#306,#69,.T.);
#378=EDGE_CURVE('',#306,#296,#261,.T.);
#379=EDGE_CURVE('',#307,#308,#262,.T.);
#380=EDGE_CURVE('',#308,#307,#263,.T.);
#381=EDGE_CURVE('',#309,#310,#264,.T.);
#382=EDGE_CURVE('',#310,#309,#265,.T.);
#383=EDGE_CURVE('',#300,#311,#266,.T.);
#384=EDGE_CURVE('',#311,#312,#267,.T.);
#385=EDGE_CURVE('',#312,#301,#268,.T.);
#386=EDGE_CURVE('',#312,#313,#81,.T.);
#387=EDGE_CURVE('',#314,#313,#269,.F.);
#388=EDGE_CURVE('',#315,#314,#82,.T.);
#389=EDGE_CURVE('',#315,#302,#29,.T.);
#390=EDGE_CURVE('',#313,#291,#30,.T.);
#391=EDGE_CURVE('',#316,#311,#270,.T.);
#392=EDGE_CURVE('',#317,#316,#31,.T.);
#393=EDGE_CURVE('',#318,#317,#83,.T.);
#394=EDGE_CURVE('',#319,#318,#32,.T.);
#395=EDGE_CURVE('',#320,#319,#84,.T.);
#396=EDGE_CURVE('',#279,#320,#33,.T.);
#397=EDGE_CURVE('',#321,#281,#34,.T.);
#398=EDGE_CURVE('',#321,#297,#85,.T.);
#399=EDGE_CURVE('',#306,#282,#86,.T.);
#400=EDGE_CURVE('',#275,#322,#87,.T.);
#401=EDGE_CURVE('',#323,#322,#271,.F.);
#402=EDGE_CURVE('',#321,#323,#88,.T.);
#403=EDGE_CURVE('',#283,#305,#89,.T.);
#404=EDGE_CURVE('',#324,#280,#35,.T.);
#405=EDGE_CURVE('',#325,#324,#90,.T.);
#406=EDGE_CURVE('',#326,#325,#36,.T.);
#407=EDGE_CURVE('',#327,#326,#91,.T.);
#408=EDGE_CURVE('',#328,#327,#37,.T.);
#409=EDGE_CURVE('',#292,#328,#272,.T.);
#410=EDGE_CURVE('',#322,#299,#38,.T.);
#411=EDGE_CURVE('',#298,#323,#39,.T.);
#412=EDGE_CURVE('',#315,#289,#92,.T.);
#413=EDGE_CURVE('',#285,#303,#93,.T.);
#414=EDGE_CURVE('',#284,#304,#94,.T.);
#415=EDGE_CURVE('',#290,#314,#40,.T.);
#416=EDGE_CURVE('',#328,#316,#95,.T.);
#417=EDGE_CURVE('',#327,#317,#96,.T.);
#418=EDGE_CURVE('',#320,#324,#97,.T.);
#419=EDGE_CURVE('',#325,#319,#98,.T.);
#420=EDGE_CURVE('',#329,#329,#41,.T.);
#421=EDGE_CURVE('',#326,#318,#99,.T.);
#422=EDGE_CURVE('',#330,#330,#42,.T.);
#423=EDGE_CURVE('',#331,#331,#43,.T.);
#424=EDGE_CURVE('',#332,#332,#44,.T.);
#425=EDGE_CURVE('',#333,#333,#45,.T.);
#426=EDGE_CURVE('',#334,#334,#46,.T.);
#427=EDGE_CURVE('',#330,#329,#100,.T.);
#428=EDGE_CURVE('',#331,#334,#101,.T.);
#429=EDGE_CURVE('',#310,#335,#102,.T.);
#430=EDGE_CURVE('',#335,#335,#47,.T.);
#431=EDGE_CURVE('',#336,#336,#48,.T.);
#432=EDGE_CURVE('',#308,#337,#103,.T.);
#433=EDGE_CURVE('',#337,#337,#49,.T.);
#434=EDGE_CURVE('',#338,#338,#50,.T.);
#435=EDGE_CURVE('',#338,#333,#104,.T.);
#436=EDGE_CURVE('',#336,#332,#105,.T.);
#437=ORIENTED_EDGE('',*,*,#339,.T.);
#438=ORIENTED_EDGE('',*,*,#340,.T.);
#439=ORIENTED_EDGE('',*,*,#341,.T.);
#440=ORIENTED_EDGE('',*,*,#342,.T.);
#441=ORIENTED_EDGE('',*,*,#339,.F.);
#442=ORIENTED_EDGE('',*,*,#343,.T.);
#443=ORIENTED_EDGE('',*,*,#344,.F.);
#444=ORIENTED_EDGE('',*,*,#345,.T.);
#445=ORIENTED_EDGE('',*,*,#346,.T.);
#446=ORIENTED_EDGE('',*,*,#347,.T.);
#447=ORIENTED_EDGE('',*,*,#342,.F.);
#448=ORIENTED_EDGE('',*,*,#348,.F.);
#449=ORIENTED_EDGE('',*,*,#349,.T.);
#450=ORIENTED_EDGE('',*,*,#350,.T.);
#451=ORIENTED_EDGE('',*,*,#351,.T.);
#452=ORIENTED_EDGE('',*,*,#352,.T.);
#453=ORIENTED_EDGE('',*,*,#353,.T.);
#454=ORIENTED_EDGE('',*,*,#354,.F.);
#455=ORIENTED_EDGE('',*,*,#355,.F.);
#456=ORIENTED_EDGE('',*,*,#343,.F.);
#457=ORIENTED_EDGE('',*,*,#344,.T.);
#458=ORIENTED_EDGE('',*,*,#355,.T.);
#459=ORIENTED_EDGE('',*,*,#356,.T.);
#460=ORIENTED_EDGE('',*,*,#357,.T.);
#461=ORIENTED_EDGE('',*,*,#356,.F.);
#462=ORIENTED_EDGE('',*,*,#354,.T.);
#463=ORIENTED_EDGE('',*,*,#358,.T.);
#464=ORIENTED_EDGE('',*,*,#359,.F.);
#465=ORIENTED_EDGE('',*,*,#360,.F.);
#466=ORIENTED_EDGE('',*,*,#361,.T.);
#467=ORIENTED_EDGE('',*,*,#362,.T.);
#468=ORIENTED_EDGE('',*,*,#363,.T.);
#469=ORIENTED_EDGE('',*,*,#364,.T.);
#470=ORIENTED_EDGE('',*,*,#365,.T.);
#471=ORIENTED_EDGE('',*,*,#364,.F.);
#472=ORIENTED_EDGE('',*,*,#366,.T.);
#473=ORIENTED_EDGE('',*,*,#367,.T.);
#474=ORIENTED_EDGE('',*,*,#368,.F.);
#475=ORIENTED_EDGE('',*,*,#369,.F.);
#476=ORIENTED_EDGE('',*,*,#370,.T.);
#477=ORIENTED_EDGE('',*,*,#363,.F.);
#478=ORIENTED_EDGE('',*,*,#371,.F.);
#479=ORIENTED_EDGE('',*,*,#372,.F.);
#480=ORIENTED_EDGE('',*,*,#373,.F.);
#481=ORIENTED_EDGE('',*,*,#374,.T.);
#482=ORIENTED_EDGE('',*,*,#375,.T.);
#483=ORIENTED_EDGE('',*,*,#376,.T.);
#484=ORIENTED_EDGE('',*,*,#377,.T.);
#485=ORIENTED_EDGE('',*,*,#378,.T.);
#486=ORIENTED_EDGE('',*,*,#366,.F.);
#487=ORIENTED_EDGE('',*,*,#379,.F.);
#488=ORIENTED_EDGE('',*,*,#380,.F.);
#489=ORIENTED_EDGE('',*,*,#381,.F.);
#490=ORIENTED_EDGE('',*,*,#382,.F.);
#491=ORIENTED_EDGE('',*,*,#383,.T.);
#492=ORIENTED_EDGE('',*,*,#384,.T.);
#493=ORIENTED_EDGE('',*,*,#385,.T.);
#494=ORIENTED_EDGE('',*,*,#372,.T.);
#495=ORIENTED_EDGE('',*,*,#385,.F.);
#496=ORIENTED_EDGE('',*,*,#386,.T.);
#497=ORIENTED_EDGE('',*,*,#387,.F.);
#498=ORIENTED_EDGE('',*,*,#388,.F.);
#499=ORIENTED_EDGE('',*,*,#389,.T.);
#500=ORIENTED_EDGE('',*,*,#373,.T.);
#501=ORIENTED_EDGE('',*,*,#357,.F.);
#502=ORIENTED_EDGE('',*,*,#361,.F.);
#503=ORIENTED_EDGE('',*,*,#390,.F.);
#504=ORIENTED_EDGE('',*,*,#386,.F.);
#505=ORIENTED_EDGE('',*,*,#384,.F.);
#506=ORIENTED_EDGE('',*,*,#391,.F.);
#507=ORIENTED_EDGE('',*,*,#392,.F.);
#508=ORIENTED_EDGE('',*,*,#393,.F.);
#509=ORIENTED_EDGE('',*,*,#394,.F.);
#510=ORIENTED_EDGE('',*,*,#395,.F.);
#511=ORIENTED_EDGE('',*,*,#396,.F.);
#512=ORIENTED_EDGE('',*,*,#345,.F.);
#513=ORIENTED_EDGE('',*,*,#397,.F.);
#514=ORIENTED_EDGE('',*,*,#398,.T.);
#515=ORIENTED_EDGE('',*,*,#367,.F.);
#516=ORIENTED_EDGE('',*,*,#378,.F.);
#517=ORIENTED_EDGE('',*,*,#399,.T.);
#518=ORIENTED_EDGE('',*,*,#349,.F.);
#519=ORIENTED_EDGE('',*,*,#341,.F.);
#520=ORIENTED_EDGE('',*,*,#400,.T.);
#521=ORIENTED_EDGE('',*,*,#401,.F.);
#522=ORIENTED_EDGE('',*,*,#402,.F.);
#523=ORIENTED_EDGE('',*,*,#397,.T.);
#524=ORIENTED_EDGE('',*,*,#348,.T.);
#525=ORIENTED_EDGE('',*,*,#399,.F.);
#526=ORIENTED_EDGE('',*,*,#377,.F.);
#527=ORIENTED_EDGE('',*,*,#403,.F.);
#528=ORIENTED_EDGE('',*,*,#350,.F.);
#529=ORIENTED_EDGE('',*,*,#340,.F.);
#530=ORIENTED_EDGE('',*,*,#347,.F.);
#531=ORIENTED_EDGE('',*,*,#404,.F.);
#532=ORIENTED_EDGE('',*,*,#405,.F.);
#533=ORIENTED_EDGE('',*,*,#406,.F.);
#534=ORIENTED_EDGE('',*,*,#407,.F.);
#535=ORIENTED_EDGE('',*,*,#408,.F.);
#536=ORIENTED_EDGE('',*,*,#409,.F.);
#537=ORIENTED_EDGE('',*,*,#365,.F.);
#538=ORIENTED_EDGE('',*,*,#370,.F.);
#539=ORIENTED_EDGE('',*,*,#410,.F.);
#540=ORIENTED_EDGE('',*,*,#400,.F.);
#541=ORIENTED_EDGE('',*,*,#401,.T.);
#542=ORIENTED_EDGE('',*,*,#410,.T.);
#543=ORIENTED_EDGE('',*,*,#369,.T.);
#544=ORIENTED_EDGE('',*,*,#411,.T.);
#545=ORIENTED_EDGE('',*,*,#389,.F.);
#546=ORIENTED_EDGE('',*,*,#412,.T.);
#547=ORIENTED_EDGE('',*,*,#358,.F.);
#548=ORIENTED_EDGE('',*,*,#353,.F.);
#549=ORIENTED_EDGE('',*,*,#413,.T.);
#550=ORIENTED_EDGE('',*,*,#374,.F.);
#551=ORIENTED_EDGE('',*,*,#413,.F.);
#552=ORIENTED_EDGE('',*,*,#352,.F.);
#553=ORIENTED_EDGE('',*,*,#414,.T.);
#554=ORIENTED_EDGE('',*,*,#375,.F.);
#555=ORIENTED_EDGE('',*,*,#387,.T.);
#556=ORIENTED_EDGE('',*,*,#390,.T.);
#557=ORIENTED_EDGE('',*,*,#360,.T.);
#558=ORIENTED_EDGE('',*,*,#415,.T.);
#559=ORIENTED_EDGE('',*,*,#362,.F.);
#560=ORIENTED_EDGE('',*,*,#409,.T.);
#561=ORIENTED_EDGE('',*,*,#416,.T.);
#562=ORIENTED_EDGE('',*,*,#391,.T.);
#563=ORIENTED_EDGE('',*,*,#383,.F.);
#564=ORIENTED_EDGE('',*,*,#371,.T.);
#565=ORIENTED_EDGE('',*,*,#416,.F.);
#566=ORIENTED_EDGE('',*,*,#408,.T.);
#567=ORIENTED_EDGE('',*,*,#417,.T.);
#568=ORIENTED_EDGE('',*,*,#392,.T.);
#569=ORIENTED_EDGE('',*,*,#346,.F.);
#570=ORIENTED_EDGE('',*,*,#396,.T.);
#571=ORIENTED_EDGE('',*,*,#418,.T.);
#572=ORIENTED_EDGE('',*,*,#404,.T.);
#573=ORIENTED_EDGE('',*,*,#395,.T.);
#574=ORIENTED_EDGE('',*,*,#419,.F.);
#575=ORIENTED_EDGE('',*,*,#405,.T.);
#576=ORIENTED_EDGE('',*,*,#418,.F.);
#577=ORIENTED_EDGE('',*,*,#398,.F.);
#578=ORIENTED_EDGE('',*,*,#402,.T.);
#579=ORIENTED_EDGE('',*,*,#411,.F.);
#580=ORIENTED_EDGE('',*,*,#368,.T.);
#581=ORIENTED_EDGE('',*,*,#420,.T.);
#582=ORIENTED_EDGE('',*,*,#394,.T.);
#583=ORIENTED_EDGE('',*,*,#421,.F.);
#584=ORIENTED_EDGE('',*,*,#406,.T.);
#585=ORIENTED_EDGE('',*,*,#419,.T.);
#586=ORIENTED_EDGE('',*,*,#422,.T.);
#587=ORIENTED_EDGE('',*,*,#423,.T.);
#588=ORIENTED_EDGE('',*,*,#393,.T.);
#589=ORIENTED_EDGE('',*,*,#417,.F.);
#590=ORIENTED_EDGE('',*,*,#407,.T.);
#591=ORIENTED_EDGE('',*,*,#421,.T.);
#592=ORIENTED_EDGE('',*,*,#424,.T.);
#593=ORIENTED_EDGE('',*,*,#425,.T.);
#594=ORIENTED_EDGE('',*,*,#351,.F.);
#595=ORIENTED_EDGE('',*,*,#403,.T.);
#596=ORIENTED_EDGE('',*,*,#376,.F.);
#597=ORIENTED_EDGE('',*,*,#414,.F.);
#598=ORIENTED_EDGE('',*,*,#412,.F.);
#599=ORIENTED_EDGE('',*,*,#388,.T.);
#600=ORIENTED_EDGE('',*,*,#415,.F.);
#601=ORIENTED_EDGE('',*,*,#359,.T.);
#602=ORIENTED_EDGE('',*,*,#426,.T.);
#603=ORIENTED_EDGE('',*,*,#422,.F.);
#604=ORIENTED_EDGE('',*,*,#427,.T.);
#605=ORIENTED_EDGE('',*,*,#420,.F.);
#606=ORIENTED_EDGE('',*,*,#427,.F.);
#607=ORIENTED_EDGE('',*,*,#423,.F.);
#608=ORIENTED_EDGE('',*,*,#428,.T.);
#609=ORIENTED_EDGE('',*,*,#426,.F.);
#610=ORIENTED_EDGE('',*,*,#428,.F.);
#611=ORIENTED_EDGE('',*,*,#381,.T.);
#612=ORIENTED_EDGE('',*,*,#429,.T.);
#613=ORIENTED_EDGE('',*,*,#430,.T.);
#614=ORIENTED_EDGE('',*,*,#429,.F.);
#615=ORIENTED_EDGE('',*,*,#382,.T.);
#616=ORIENTED_EDGE('',*,*,#430,.F.);
#617=ORIENTED_EDGE('',*,*,#431,.F.);
#618=ORIENTED_EDGE('',*,*,#379,.T.);
#619=ORIENTED_EDGE('',*,*,#432,.T.);
#620=ORIENTED_EDGE('',*,*,#433,.T.);
#621=ORIENTED_EDGE('',*,*,#432,.F.);
#622=ORIENTED_EDGE('',*,*,#380,.T.);
#623=ORIENTED_EDGE('',*,*,#433,.F.);
#624=ORIENTED_EDGE('',*,*,#434,.F.);
#625=ORIENTED_EDGE('',*,*,#434,.T.);
#626=ORIENTED_EDGE('',*,*,#435,.T.);
#627=ORIENTED_EDGE('',*,*,#425,.F.);
#628=ORIENTED_EDGE('',*,*,#435,.F.);
#629=ORIENTED_EDGE('',*,*,#431,.T.);
#630=ORIENTED_EDGE('',*,*,#436,.T.);
#631=ORIENTED_EDGE('',*,*,#424,.F.);
#632=ORIENTED_EDGE('',*,*,#436,.F.);
#633=B_SPLINE_SURFACE_WITH_KNOTS('',3,3,((#906,#907,#908,#909,#910,#911,
#912),(#913,#914,#915,#916,#917,#918,#919),(#920,#921,#922,#923,#924,#925,
#926),(#927,#928,#929,#930,#931,#932,#933),(#934,#935,#936,#937,#938,#939,
#940)),.UNSPECIFIED.,.F.,.F.,.F.,(4,1,4),(4,1,1,1,4),(0.,0.571428571428571,
1.),(0.104624594868362,0.583050314792834,1.06147603471731,1.6993769946166,
2.3372779545159),.UNSPECIFIED.);
#634=B_SPLINE_SURFACE_WITH_KNOTS('',3,3,((#1076,#1077,#1078,#1079,#1080,
#1081),(#1082,#1083,#1084,#1085,#1086,#1087),(#1088,#1089,#1090,#1091,#1092,
#1093),(#1094,#1095,#1096,#1097,#1098,#1099),(#1100,#1101,#1102,#1103,#1104,
#1105)),.UNSPECIFIED.,.F.,.F.,.F.,(4,1,4),(4,1,1,4),(0.,0.571428571428571,
1.),(2.9899893912379,3.94684082344016,4.58474177824167,5.22264273304318),
 .UNSPECIFIED.);
#635=B_SPLINE_SURFACE_WITH_KNOTS('',3,3,((#1167,#1168,#1169,#1170,#1171,
#1172),(#1173,#1174,#1175,#1176,#1177,#1178),(#1179,#1180,#1181,#1182,#1183,
#1184),(#1185,#1186,#1187,#1188,#1189,#1190),(#1191,#1192,#1193,#1194,#1195,
#1196)),.UNSPECIFIED.,.F.,.F.,.F.,(4,1,4),(4,1,1,4),(0.,0.571428571428571,
1.),(2.98998932896702,3.94684076881586,4.58474172871509,5.22264268861432),
 .UNSPECIFIED.);
#636=B_SPLINE_SURFACE_WITH_KNOTS('',3,3,((#1408,#1409,#1410,#1411,#1412,
#1413),(#1414,#1415,#1416,#1417,#1418,#1419),(#1420,#1421,#1422,#1423,#1424,
#1425),(#1426,#1427,#1428,#1429,#1430,#1431),(#1432,#1433,#1434,#1435,#1436,
#1437)),.UNSPECIFIED.,.F.,.F.,.F.,(4,1,4),(4,1,1,4),(0.,0.571428571428571,
1.),(0.104624641723046,0.742525596524628,1.38042655132621,2.33727798352858),
 .UNSPECIFIED.);
#637=ADVANCED_FACE('',(#157),#633,.F.);
#638=ADVANCED_FACE('',(#158),#142,.T.);
#639=ADVANCED_FACE('',(#159),#143,.F.);
#640=ADVANCED_FACE('',(#160),#634,.F.);
#641=ADVANCED_FACE('',(#161),#51,.T.);
#642=ADVANCED_FACE('',(#162),#635,.F.);
#643=ADVANCED_FACE('',(#163),#52,.T.);
#644=ADVANCED_FACE('',(#164,#17,#18),#144,.F.);
#645=ADVANCED_FACE('',(#165),#636,.F.);
#646=ADVANCED_FACE('',(#166),#53,.T.);
#647=ADVANCED_FACE('',(#167),#145,.F.);
#648=ADVANCED_FACE('',(#168),#146,.F.);
#649=ADVANCED_FACE('',(#169),#54,.T.);
#650=ADVANCED_FACE('',(#170),#55,.T.);
#651=ADVANCED_FACE('',(#171),#147,.F.);
#652=ADVANCED_FACE('',(#172),#15,.T.);
#653=ADVANCED_FACE('',(#173),#148,.F.);
#654=ADVANCED_FACE('',(#174),#56,.T.);
#655=ADVANCED_FACE('',(#175),#16,.T.);
#656=ADVANCED_FACE('',(#176),#149,.T.);
#657=ADVANCED_FACE('',(#177),#57,.T.);
#658=ADVANCED_FACE('',(#178),#58,.T.);
#659=ADVANCED_FACE('',(#179),#59,.T.);
#660=ADVANCED_FACE('',(#180,#19),#60,.T.);
#661=ADVANCED_FACE('',(#181,#20,#21),#61,.F.);
#662=ADVANCED_FACE('',(#182,#22,#23),#62,.T.);
#663=ADVANCED_FACE('',(#183),#150,.T.);
#664=ADVANCED_FACE('',(#184,#24),#63,.T.);
#665=ADVANCED_FACE('',(#185),#151,.F.);
#666=ADVANCED_FACE('',(#186),#152,.F.);
#667=ADVANCED_FACE('',(#187),#153,.F.);
#668=ADVANCED_FACE('',(#188,#25),#64,.T.);
#669=ADVANCED_FACE('',(#189),#154,.F.);
#670=ADVANCED_FACE('',(#190,#26),#65,.T.);
#671=ADVANCED_FACE('',(#191),#155,.F.);
#672=ADVANCED_FACE('',(#192),#156,.F.);
#673=CLOSED_SHELL('',(#637,#638,#639,#640,#641,#642,#643,#644,#645,#646,
#647,#648,#649,#650,#651,#652,#653,#654,#655,#656,#657,#658,#659,#660,#661,
#662,#663,#664,#665,#666,#667,#668,#669,#670,#671,#672));
#674=DERIVED_UNIT_ELEMENT(#676,1.);
#675=DERIVED_UNIT_ELEMENT(#1626,-3.);
#676=(
MASS_UNIT()
NAMED_UNIT(*)
SI_UNIT(.KILO.,.GRAM.)
);
#677=DERIVED_UNIT((#674,#675));
#678=MEASURE_REPRESENTATION_ITEM('density measure',
POSITIVE_RATIO_MEASURE(7850.),#677);
#679=PROPERTY_DEFINITION_REPRESENTATION(#684,#681);
#680=PROPERTY_DEFINITION_REPRESENTATION(#685,#682);
#681=REPRESENTATION('material name',(#683),#1623);
#682=REPRESENTATION('density',(#678),#1623);
#683=DESCRIPTIVE_REPRESENTATION_ITEM('Acier','Acier');
#684=PROPERTY_DEFINITION('material property','material name',#1633);
#685=PROPERTY_DEFINITION('material property','density of part',#1633);
#686=AXIS2_PLACEMENT_3D('',#905,#747,#748);
#687=AXIS2_PLACEMENT_3D('',#1006,#749,#750);
#688=AXIS2_PLACEMENT_3D('',#1031,#753,#754);
#689=AXIS2_PLACEMENT_3D('',#1040,#756,#757);
#690=AXIS2_PLACEMENT_3D('',#1062,#758,#759);
#691=AXIS2_PLACEMENT_3D('',#1150,#761,#762);
#692=AXIS2_PLACEMENT_3D('',#1152,#763,#764);
#693=AXIS2_PLACEMENT_3D('',#1260,#767,#768);
#694=AXIS2_PLACEMENT_3D('',#1264,#770,#771);
#695=AXIS2_PLACEMENT_3D('',#1279,#774,#775);
#696=AXIS2_PLACEMENT_3D('',#1297,#778,#779);
#697=AXIS2_PLACEMENT_3D('',#1319,#780,#781);
#698=AXIS2_PLACEMENT_3D('',#1493,#782,#783);
#699=AXIS2_PLACEMENT_3D('',#1509,#786,#787);
#700=AXIS2_PLACEMENT_3D('',#1510,#788,#789);
#701=AXIS2_PLACEMENT_3D('',#1511,#790,#791);
#702=AXIS2_PLACEMENT_3D('',#1518,#792,#793);
#703=AXIS2_PLACEMENT_3D('',#1522,#795,#796);
#704=AXIS2_PLACEMENT_3D('',#1525,#798,#799);
#705=AXIS2_PLACEMENT_3D('',#1526,#800,#801);
#706=AXIS2_PLACEMENT_3D('',#1528,#802,#803);
#707=AXIS2_PLACEMENT_3D('',#1531,#806,#807);
#708=AXIS2_PLACEMENT_3D('',#1546,#810,#811);
#709=AXIS2_PLACEMENT_3D('',#1548,#813,#814);
#710=AXIS2_PLACEMENT_3D('',#1550,#815,#816);
#711=AXIS2_PLACEMENT_3D('',#1554,#818,#819);
#712=AXIS2_PLACEMENT_3D('',#1558,#821,#822);
#713=AXIS2_PLACEMENT_3D('',#1563,#823,#824);
#714=AXIS2_PLACEMENT_3D('',#1564,#825,#826);
#715=AXIS2_PLACEMENT_3D('',#1565,#827,#828);
#716=AXIS2_PLACEMENT_3D('',#1566,#829,#830);
#717=AXIS2_PLACEMENT_3D('',#1569,#833,#834);
#718=AXIS2_PLACEMENT_3D('',#1571,#836,#837);
#719=AXIS2_PLACEMENT_3D('',#1572,#838,#839);
#720=AXIS2_PLACEMENT_3D('',#1573,#840,#841);
#721=AXIS2_PLACEMENT_3D('',#1575,#843,#844);
#722=AXIS2_PLACEMENT_3D('',#1577,#846,#847);
#723=AXIS2_PLACEMENT_3D('',#1579,#849,#850);
#724=AXIS2_PLACEMENT_3D('',#1581,#852,#853);
#725=AXIS2_PLACEMENT_3D('',#1583,#854,#855);
#726=AXIS2_PLACEMENT_3D('',#1584,#856,#857);
#727=AXIS2_PLACEMENT_3D('',#1587,#859,#860);
#728=AXIS2_PLACEMENT_3D('',#1589,#861,#862);
#729=AXIS2_PLACEMENT_3D('',#1590,#863,#864);
#730=AXIS2_PLACEMENT_3D('',#1592,#865,#866);
#731=AXIS2_PLACEMENT_3D('',#1594,#867,#868);
#732=AXIS2_PLACEMENT_3D('',#1595,#869,#870);
#733=AXIS2_PLACEMENT_3D('',#1596,#871,#872);
#734=AXIS2_PLACEMENT_3D('',#1598,#873,#874);
#735=AXIS2_PLACEMENT_3D('',#1599,#875,#876);
#736=AXIS2_PLACEMENT_3D('',#1601,#878,#879);
#737=AXIS2_PLACEMENT_3D('',#1603,#881,#882);
#738=AXIS2_PLACEMENT_3D('',#1606,#884,#885);
#739=AXIS2_PLACEMENT_3D('',#1607,#886,#887);
#740=AXIS2_PLACEMENT_3D('',#1609,#888,#889);
#741=AXIS2_PLACEMENT_3D('',#1610,#890,#891);
#742=AXIS2_PLACEMENT_3D('',#1613,#893,#894);
#743=AXIS2_PLACEMENT_3D('',#1614,#895,#896);
#744=AXIS2_PLACEMENT_3D('',#1616,#897,#898);
#745=AXIS2_PLACEMENT_3D('',#1617,#899,#900);
#746=AXIS2_PLACEMENT_3D('',#1619,#902,#903);
#747=DIRECTION('axis',(0.,0.,1.));
#748=DIRECTION('refdir',(1.,0.,0.));
#749=DIRECTION('center_axis',(0.,0.,1.));
#750=DIRECTION('ref_axis',(-0.684653196881453,0.728868986855667,0.));
#751=DIRECTION('',(0.,0.,1.));
#752=DIRECTION('',(0.,0.,-1.));
#753=DIRECTION('center_axis',(0.,0.,-1.));
#754=DIRECTION('ref_axis',(-1.,0.,0.));
#755=DIRECTION('',(0.,0.,-1.));
#756=DIRECTION('center_axis',(0.,-0.482699606061043,0.875785984306962));
#757=DIRECTION('ref_axis',(0.,0.875785984306962,0.482699606061042));
#758=DIRECTION('center_axis',(0.,-0.481206206935859,-0.876607430042892));
#759=DIRECTION('ref_axis',(0.,0.876607430042892,-0.481206206935859));
#760=DIRECTION('',(0.,0.,-1.));
#761=DIRECTION('center_axis',(-1.,0.,0.));
#762=DIRECTION('ref_axis',(0.,0.,1.));
#763=DIRECTION('center_axis',(-1.,0.,0.));
#764=DIRECTION('ref_axis',(0.,-0.860583002079364,-0.509310216402607));
#765=DIRECTION('',(0.,0.,-1.));
#766=DIRECTION('',(0.,1.,0.));
#767=DIRECTION('center_axis',(1.,0.,0.));
#768=DIRECTION('ref_axis',(0.,0.,-1.));
#769=DIRECTION('',(0.,0.,1.));
#770=DIRECTION('center_axis',(1.,0.,0.));
#771=DIRECTION('ref_axis',(0.,-0.861016726336092,0.508576638245878));
#772=DIRECTION('',(0.,0.,1.));
#773=DIRECTION('',(0.,1.,0.));
#774=DIRECTION('center_axis',(0.,0.,-1.));
#775=DIRECTION('ref_axis',(-1.,0.,0.));
#776=DIRECTION('',(0.,0.,-1.));
#777=DIRECTION('',(0.,0.,1.));
#778=DIRECTION('center_axis',(0.,-0.481206206935859,-0.876607430042892));
#779=DIRECTION('ref_axis',(0.,0.876607430042892,-0.481206206935859));
#780=DIRECTION('center_axis',(0.,-0.482699606061043,0.875785984306962));
#781=DIRECTION('ref_axis',(0.,0.875785984306962,0.482699606061043));
#782=DIRECTION('center_axis',(1.,0.,0.));
#783=DIRECTION('ref_axis',(0.,0.,-1.));
#784=DIRECTION('',(0.,-1.,0.));
#785=DIRECTION('',(0.,0.,1.));
#786=DIRECTION('center_axis',(1.,0.,0.));
#787=DIRECTION('ref_axis',(0.,-0.860583002079364,-0.509310216402607));
#788=DIRECTION('center_axis',(0.,1.,0.));
#789=DIRECTION('ref_axis',(1.,0.,0.));
#790=DIRECTION('center_axis',(0.,-1.,0.));
#791=DIRECTION('ref_axis',(6.10622663543836E-17,0.,-1.));
#792=DIRECTION('center_axis',(0.,-1.,0.));
#793=DIRECTION('ref_axis',(1.,0.,0.));
#794=DIRECTION('',(0.,1.,0.));
#795=DIRECTION('center_axis',(0.,1.,0.));
#796=DIRECTION('ref_axis',(1.,0.,0.));
#797=DIRECTION('',(0.,-1.,0.));
#798=DIRECTION('center_axis',(0.,-1.,0.));
#799=DIRECTION('ref_axis',(1.,0.,0.));
#800=DIRECTION('center_axis',(1.,0.,0.));
#801=DIRECTION('ref_axis',(0.,-0.861016726336092,0.508576638245878));
#802=DIRECTION('center_axis',(-1.,0.,0.));
#803=DIRECTION('ref_axis',(0.,-0.861016726336092,0.508576638245878));
#804=DIRECTION('',(-1.,0.,0.));
#805=DIRECTION('',(1.,0.,0.));
#806=DIRECTION('center_axis',(-1.,0.,0.));
#807=DIRECTION('ref_axis',(0.,0.,1.));
#808=DIRECTION('',(0.,-1.,0.));
#809=DIRECTION('',(0.,0.,-1.));
#810=DIRECTION('center_axis',(0.,0.482699606061043,-0.875785984306962));
#811=DIRECTION('ref_axis',(0.,-0.875785984306962,-0.482699606061043));
#812=DIRECTION('',(-1.,0.,0.));
#813=DIRECTION('center_axis',(0.,1.,0.));
#814=DIRECTION('ref_axis',(1.,0.,0.));
#815=DIRECTION('center_axis',(0.,-1.,0.));
#816=DIRECTION('ref_axis',(1.,0.,0.));
#817=DIRECTION('',(0.,1.,0.));
#818=DIRECTION('center_axis',(0.,1.,0.));
#819=DIRECTION('ref_axis',(1.,0.,0.));
#820=DIRECTION('',(0.,-1.,0.));
#821=DIRECTION('center_axis',(0.,-1.,0.));
#822=DIRECTION('ref_axis',(1.,0.,0.));
#823=DIRECTION('center_axis',(0.,-1.,0.));
#824=DIRECTION('ref_axis',(6.10622663543836E-17,0.,1.));
#825=DIRECTION('center_axis',(0.,-1.,0.));
#826=DIRECTION('ref_axis',(1.22418631523237E-16,0.,1.));
#827=DIRECTION('center_axis',(0.,1.,0.));
#828=DIRECTION('ref_axis',(6.10622663543836E-17,0.,1.));
#829=DIRECTION('center_axis',(-1.,0.,0.));
#830=DIRECTION('ref_axis',(0.,-0.860583002079364,-0.509310216402607));
#831=DIRECTION('',(1.,0.,0.));
#832=DIRECTION('',(-1.,0.,0.));
#833=DIRECTION('center_axis',(0.,0.481206206935859,0.876607430042892));
#834=DIRECTION('ref_axis',(0.,0.876607430042892,-0.481206206935859));
#835=DIRECTION('',(-1.,0.,0.));
#836=DIRECTION('center_axis',(0.,-1.,0.));
#837=DIRECTION('ref_axis',(0.,0.,-1.));
#838=DIRECTION('center_axis',(0.,1.,0.));
#839=DIRECTION('ref_axis',(6.10622663543836E-17,0.,-1.));
#840=DIRECTION('center_axis',(0.,0.,-1.));
#841=DIRECTION('ref_axis',(0.684653196881453,0.728868986855667,0.));
#842=DIRECTION('',(0.,0.,1.));
#843=DIRECTION('center_axis',(0.,1.,0.));
#844=DIRECTION('ref_axis',(0.,0.,1.));
#845=DIRECTION('',(0.,0.,1.));
#846=DIRECTION('center_axis',(0.,1.,0.));
#847=DIRECTION('ref_axis',(0.,0.,1.));
#848=DIRECTION('',(0.,0.,-1.));
#849=DIRECTION('center_axis',(1.,0.,0.));
#850=DIRECTION('ref_axis',(0.,0.,-1.));
#851=DIRECTION('',(0.,0.,1.));
#852=DIRECTION('center_axis',(0.,1.,0.));
#853=DIRECTION('ref_axis',(0.,0.,1.));
#854=DIRECTION('center_axis',(0.,-1.,0.));
#855=DIRECTION('ref_axis',(1.,0.,0.));
#856=DIRECTION('center_axis',(0.,1.,0.));
#857=DIRECTION('ref_axis',(1.,0.,0.));
#858=DIRECTION('',(0.,0.,1.));
#859=DIRECTION('center_axis',(0.,1.,0.));
#860=DIRECTION('ref_axis',(1.,0.,0.));
#861=DIRECTION('center_axis',(0.,1.,0.));
#862=DIRECTION('ref_axis',(1.,0.,0.));
#863=DIRECTION('center_axis',(-1.,0.,0.));
#864=DIRECTION('ref_axis',(0.,0.,1.));
#865=DIRECTION('center_axis',(1.,0.,0.));
#866=DIRECTION('ref_axis',(0.,1.,0.));
#867=DIRECTION('center_axis',(1.,0.,0.));
#868=DIRECTION('ref_axis',(0.,1.,0.));
#869=DIRECTION('center_axis',(-1.,0.,0.));
#870=DIRECTION('ref_axis',(0.,1.,0.));
#871=DIRECTION('center_axis',(0.,1.,0.));
#872=DIRECTION('ref_axis',(0.,0.,1.));
#873=DIRECTION('center_axis',(0.,-1.,0.));
#874=DIRECTION('ref_axis',(1.,0.,0.));
#875=DIRECTION('center_axis',(0.,1.,0.));
#876=DIRECTION('ref_axis',(1.,0.,0.));
#877=DIRECTION('',(0.,1.,0.));
#878=DIRECTION('center_axis',(0.,1.,0.));
#879=DIRECTION('ref_axis',(1.,0.,0.));
#880=DIRECTION('',(0.,1.,0.));
#881=DIRECTION('center_axis',(-1.,0.,0.));
#882=DIRECTION('ref_axis',(0.,1.,0.));
#883=DIRECTION('',(-1.,0.,0.));
#884=DIRECTION('center_axis',(-1.,0.,0.));
#885=DIRECTION('ref_axis',(0.,1.,0.));
#886=DIRECTION('center_axis',(1.,0.,0.));
#887=DIRECTION('ref_axis',(0.,1.,0.));
#888=DIRECTION('center_axis',(1.,0.,0.));
#889=DIRECTION('ref_axis',(0.,1.,0.));
#890=DIRECTION('center_axis',(-1.,0.,0.));
#891=DIRECTION('ref_axis',(0.,1.,0.));
#892=DIRECTION('',(-1.,0.,0.));
#893=DIRECTION('center_axis',(-1.,0.,0.));
#894=DIRECTION('ref_axis',(0.,1.,0.));
#895=DIRECTION('center_axis',(1.,0.,0.));
#896=DIRECTION('ref_axis',(0.,1.,0.));
#897=DIRECTION('center_axis',(1.,0.,0.));
#898=DIRECTION('ref_axis',(0.,1.,0.));
#899=DIRECTION('center_axis',(-1.,0.,0.));
#900=DIRECTION('ref_axis',(0.,1.,0.));
#901=DIRECTION('',(-1.,0.,0.));
#902=DIRECTION('center_axis',(-1.,0.,0.));
#903=DIRECTION('ref_axis',(0.,1.,0.));
#904=DIRECTION('',(-1.,0.,0.));
#905=CARTESIAN_POINT('',(0.,0.,0.));
#906=CARTESIAN_POINT('Ctrl Pts',(98.4263833958612,17.9556940081676,-36.3457740593172));
#907=CARTESIAN_POINT('Ctrl Pts',(98.4219815920553,16.360800181979,-36.3442583288288));
#908=CARTESIAN_POINT('Ctrl Pts',(97.9323826936436,13.1738443762297,-36.175011299565));
#909=CARTESIAN_POINT('Ctrl Pts',(95.6209942069847,8.38418165707449,-35.3892067152024));
#910=CARTESIAN_POINT('Ctrl Pts',(91.4964772952766,4.32070824939782,-34.035949291985));
#911=CARTESIAN_POINT('Ctrl Pts',(87.663799179409,2.73181586857626,-32.8577536908168));
#912=CARTESIAN_POINT('Ctrl Pts',(85.6689694535234,2.32326564618767,-32.2690272095298));
#913=CARTESIAN_POINT('Ctrl Pts',(98.2032121776396,17.9563852759602,-36.2689266043852));
#914=CARTESIAN_POINT('Ctrl Pts',(98.1988579953777,16.3864169426619,-36.267431621992));
#915=CARTESIAN_POINT('Ctrl Pts',(97.7145444656175,13.2491154146987,-36.100294895926));
#916=CARTESIAN_POINT('Ctrl Pts',(95.4291200968326,8.53824033842104,-35.3253273630876));
#917=CARTESIAN_POINT('Ctrl Pts',(91.3556592275466,4.55060789328216,-33.9917012745954));
#918=CARTESIAN_POINT('Ctrl Pts',(87.5787664929564,3.00103497012705,-32.8319843722728));
#919=CARTESIAN_POINT('Ctrl Pts',(85.6158236823419,2.60630290898233,-32.253342500977));
#920=CARTESIAN_POINT('Ctrl Pts',(97.8640610646703,17.957589791801,-35.9906344456097));
#921=CARTESIAN_POINT('Ctrl Pts',(97.8597979887173,16.43092753973,-35.9891469994337));
#922=CARTESIAN_POINT('Ctrl Pts',(97.3854605164759,13.3804506783082,-35.823076812199));
#923=CARTESIAN_POINT('Ctrl Pts',(95.1493072826423,8.80641485846627,-35.0524021340832));
#924=CARTESIAN_POINT('Ctrl Pts',(91.1709776932578,4.95025205787564,-33.727334849015));
#925=CARTESIAN_POINT('Ctrl Pts',(87.4954021245731,3.4685855785267,-32.5770809482832));
#926=CARTESIAN_POINT('Ctrl Pts',(85.589514037369,3.09688454226619,-32.0031786184682));
#927=CARTESIAN_POINT('Ctrl Pts',(97.7519679540179,17.9582943354606,-35.5772843639158));
#928=CARTESIAN_POINT('Ctrl Pts',(97.7477938467493,16.4570359844029,-35.5757735220963));
#929=CARTESIAN_POINT('Ctrl Pts',(97.283428893537,13.4570989176174,-35.4070916492787));
#930=CARTESIAN_POINT('Ctrl Pts',(95.0927708842532,8.9537142193643,-34.6239707874967));
#931=CARTESIAN_POINT('Ctrl Pts',(91.1895459480459,5.14447201851129,-33.2759808962929));
#932=CARTESIAN_POINT('Ctrl Pts',(87.5724510648127,3.66675554504743,-32.1034055850422));
#933=CARTESIAN_POINT('Ctrl Pts',(85.6931532806019,3.29104421367132,-31.5177187412959));
#934=CARTESIAN_POINT('Ctrl Pts',(97.7519684214402,17.9584631326571,-35.4002599728482));
#935=CARTESIAN_POINT('Ctrl Pts',(97.7478279747353,16.4632501706053,-35.3987391899249));
#936=CARTESIAN_POINT('Ctrl Pts',(97.2872990109168,13.4754791027153,-35.2289280038968));
#937=CARTESIAN_POINT('Ctrl Pts',(95.1131492156532,8.98517030350733,-34.4405040709198));
#938=CARTESIAN_POINT('Ctrl Pts',(91.2335254955778,5.17566398381046,-33.082735789625));
#939=CARTESIAN_POINT('Ctrl Pts',(87.6284126428399,3.68607737679024,-31.9006128697862));
#940=CARTESIAN_POINT('Ctrl Pts',(85.7520259319287,3.30306154330094,-31.3099239668949));
#941=CARTESIAN_POINT('',(97.722700390683,17.0625,-35.3895117626866));
#942=CARTESIAN_POINT('',(98.4263833958612,17.9556940081676,-36.3457740593172));
#943=CARTESIAN_POINT('Ctrl Pts',(97.722700390683,17.0624999999997,-35.3895117626866));
#944=CARTESIAN_POINT('Ctrl Pts',(97.7227905841768,17.0639402745949,-35.391035669785));
#945=CARTESIAN_POINT('Ctrl Pts',(97.7228838979818,17.0653803959458,-35.3925595416224));
#946=CARTESIAN_POINT('Ctrl Pts',(97.7350373533053,17.2468564273434,-35.5846051505119));
#947=CARTESIAN_POINT('Ctrl Pts',(97.7956037185883,17.4213083572768,-35.7709597331634));
#948=CARTESIAN_POINT('Ctrl Pts',(97.9653117446804,17.6651273995487,-36.031688610053));
#949=CARTESIAN_POINT('Ctrl Pts',(98.0507627061268,17.7535970849484,-36.1264026595605));
#950=CARTESIAN_POINT('Ctrl Pts',(98.2361581588653,17.8798594213876,-36.2624637668014));
#951=CARTESIAN_POINT('Ctrl Pts',(98.3260173322483,17.9247803989752,-36.3112137042156));
#952=CARTESIAN_POINT('Ctrl Pts',(98.4263833958612,17.9556940081676,-36.3457740593172));
#953=CARTESIAN_POINT('',(85.7520259318865,2.34050696150166,-32.2935523836715));
#954=CARTESIAN_POINT('Ctrl Pts',(98.4263833958612,17.9556940081676,-36.3457740593172));
#955=CARTESIAN_POINT('Ctrl Pts',(98.4219815920553,16.360800181979,-36.3442583288288));
#956=CARTESIAN_POINT('Ctrl Pts',(97.9323826936436,13.1738443762297,-36.175011299565));
#957=CARTESIAN_POINT('Ctrl Pts',(95.6209942069847,8.38418165707449,-35.3892067152024));
#958=CARTESIAN_POINT('Ctrl Pts',(91.5173041535706,4.34122686688802,-34.0427826014833));
#959=CARTESIAN_POINT('Ctrl Pts',(87.7169803507458,2.75394541113257,-32.874104996247));
#960=CARTESIAN_POINT('Ctrl Pts',(85.7520255051005,2.34050838885178,-32.2935528117052));
#961=CARTESIAN_POINT('',(85.7520259319287,3.30306154330095,-31.3099239668949));
#962=CARTESIAN_POINT('Ctrl Pts',(85.7520254689076,2.34050838123661,-32.2935528010119));
#963=CARTESIAN_POINT('Ctrl Pts',(85.752025109825,2.38520102788753,-32.2935511050533));
#964=CARTESIAN_POINT('Ctrl Pts',(85.7520908966064,2.42964993424131,-32.2903770738363));
#965=CARTESIAN_POINT('Ctrl Pts',(85.7521714671201,2.47360500495404,-32.2841679131705));
#966=CARTESIAN_POINT('Ctrl Pts',(85.7522522803426,2.51769248493139,-32.2779400481691));
#967=CARTESIAN_POINT('Ctrl Pts',(85.7523479416176,2.56128415843895,-32.2686582780401));
#968=CARTESIAN_POINT('Ctrl Pts',(85.7524258568134,2.60411435365987,-32.2564148895764));
#969=CARTESIAN_POINT('Ctrl Pts',(85.7524941315222,2.64164514694862,-32.2456863818212));
#970=CARTESIAN_POINT('Ctrl Pts',(85.7525490568969,2.67859149151597,-32.2326829194671));
#971=CARTESIAN_POINT('Ctrl Pts',(85.7525810275863,2.71475684514583,-32.2174417588335));
#972=CARTESIAN_POINT('Ctrl Pts',(85.7526175685676,2.75609212851576,-32.2000218353308));
#973=CARTESIAN_POINT('Ctrl Pts',(85.7526189569779,2.79603868318898,-32.1798334150984));
#974=CARTESIAN_POINT('Ctrl Pts',(85.7525867123303,2.83434759085211,-32.1570410408323));
#975=CARTESIAN_POINT('Ctrl Pts',(85.7525547245848,2.87235128080784,-32.1344302597425));
#976=CARTESIAN_POINT('Ctrl Pts',(85.7524896727368,2.90874430629967,-32.1092562530276));
#977=CARTESIAN_POINT('Ctrl Pts',(85.7524075275438,2.94326214885514,-32.081636632089));
#978=CARTESIAN_POINT('Ctrl Pts',(85.7523448034879,2.96961912733891,-32.0605469665445));
#979=CARTESIAN_POINT('Ctrl Pts',(85.7522724073706,2.99488247697849,-32.0380304683487));
#980=CARTESIAN_POINT('Ctrl Pts',(85.7522030310704,3.01892043005657,-32.0141255261488));
#981=CARTESIAN_POINT('Ctrl Pts',(85.7521243581593,3.04617953351662,-31.9870172573825));
#982=CARTESIAN_POINT('Ctrl Pts',(85.7520497244798,3.07164937498182,-31.9583358665362));
#983=CARTESIAN_POINT('Ctrl Pts',(85.7520111142962,3.09520124348898,-31.9281977418406));
#984=CARTESIAN_POINT('Ctrl Pts',(85.7519670891275,3.12205620464507,-31.8938328179803));
#985=CARTESIAN_POINT('Ctrl Pts',(85.7519694248693,3.14641916416064,-31.8575746262788));
#986=CARTESIAN_POINT('Ctrl Pts',(85.751984345204,3.16825795858612,-31.8197353584783));
#987=CARTESIAN_POINT('Ctrl Pts',(85.7519984044555,3.18883639130028,-31.7840798725932));
#988=CARTESIAN_POINT('Ctrl Pts',(85.7520239258614,3.2071735730158,-31.7470194111829));
#989=CARTESIAN_POINT('Ctrl Pts',(85.7520419037458,3.22321096619213,-31.7087886950063));
#990=CARTESIAN_POINT('Ctrl Pts',(85.7520610253763,3.24026865213868,-31.6681257554075));
#991=CARTESIAN_POINT('Ctrl Pts',(85.7520736772774,3.254597399907,-31.6264453394724));
#992=CARTESIAN_POINT('Ctrl Pts',(85.7520755546838,3.26620657440727,-31.5840625876327));
#993=CARTESIAN_POINT('Ctrl Pts',(85.7520775288857,3.27841429534268,-31.5394946636237));
#994=CARTESIAN_POINT('Ctrl Pts',(85.7520677235877,3.28761548636992,-31.4941492070212));
#995=CARTESIAN_POINT('Ctrl Pts',(85.7520547610334,3.29377719971314,-31.4483541745338));
#996=CARTESIAN_POINT('Ctrl Pts',(85.7520417984792,3.29993891305636,-31.4025591420463));
#997=CARTESIAN_POINT('Ctrl Pts',(85.7520259319287,3.30306154330094,-31.3563132972473));
#998=CARTESIAN_POINT('Ctrl Pts',(85.7520259319287,3.30306154330094,-31.3099239668949));
#999=CARTESIAN_POINT('Ctrl Pts',(85.7520259319287,3.30306154330094,-31.3099239668949));
#1000=CARTESIAN_POINT('Ctrl Pts',(87.6284126428399,3.68607737679024,-31.9006128697862));
#1001=CARTESIAN_POINT('Ctrl Pts',(91.2335254955778,5.17566398381046,-33.082735789625));
#1002=CARTESIAN_POINT('Ctrl Pts',(95.1131492156532,8.98517030350733,-34.4405040709198));
#1003=CARTESIAN_POINT('Ctrl Pts',(97.1569146832212,13.2061941182098,-35.181646015938));
#1004=CARTESIAN_POINT('Ctrl Pts',(97.6473365916746,15.8689250965765,-35.3617643605833));
#1005=CARTESIAN_POINT('Ctrl Pts',(97.7224982844705,17.0625148660317,-35.3894121973682));
#1006=CARTESIAN_POINT('Origin',(98.7207453546,17.,40.));
#1007=CARTESIAN_POINT('',(97.722700390683,17.0625,35.3895117626866));
#1008=CARTESIAN_POINT('',(97.722700390683,17.0625,40.));
#1009=CARTESIAN_POINT('',(98.4263833958611,17.9556940081676,36.3457740593171));
#1010=CARTESIAN_POINT('Ctrl Pts',(98.4263833958611,17.9556940081676,36.3457740593171));
#1011=CARTESIAN_POINT('Ctrl Pts',(98.3260173322501,17.9247803989758,36.3112137042162));
#1012=CARTESIAN_POINT('Ctrl Pts',(98.2361581588684,17.8798594213892,36.2624637668031));
#1013=CARTESIAN_POINT('Ctrl Pts',(98.0507627061339,17.753597084954,36.1264026595666));
#1014=CARTESIAN_POINT('Ctrl Pts',(97.965311744689,17.6651273995578,36.0316886100628));
#1015=CARTESIAN_POINT('Ctrl Pts',(97.7956037210668,17.4213083608427,35.7709597369765));
#1016=CARTESIAN_POINT('Ctrl Pts',(97.7350373536332,17.2468564322456,35.5846051554768));
#1017=CARTESIAN_POINT('Ctrl Pts',(97.7228838979806,17.0653803959277,35.3925595416106));
#1018=CARTESIAN_POINT('Ctrl Pts',(97.7227905841777,17.0639402746099,35.3910356698008));
#1019=CARTESIAN_POINT('Ctrl Pts',(97.722700390683,17.0624999999997,35.3895117626866));
#1020=CARTESIAN_POINT('',(98.7207453546,18.,36.4473064584258));
#1021=CARTESIAN_POINT('Ctrl Pts',(98.4263833958612,17.9556940081676,36.3457740593171));
#1022=CARTESIAN_POINT('Ctrl Pts',(98.5239844569986,17.9857559728612,36.3793823050705));
#1023=CARTESIAN_POINT('Ctrl Pts',(98.6249834135543,18.,36.4142202809802));
#1024=CARTESIAN_POINT('Ctrl Pts',(98.7207453546,18.,36.4473064584257));
#1025=CARTESIAN_POINT('',(98.7207453546,18.,-36.4473064584258));
#1026=CARTESIAN_POINT('',(98.7207453546,18.,40.));
#1027=CARTESIAN_POINT('Ctrl Pts',(98.7207453546,18.,-36.4473064584258));
#1028=CARTESIAN_POINT('Ctrl Pts',(98.6249834135543,18.,-36.4142202809803));
#1029=CARTESIAN_POINT('Ctrl Pts',(98.5239844569986,17.9857559728612,-36.3793823050706));
#1030=CARTESIAN_POINT('Ctrl Pts',(98.4263833958612,17.9556940081676,-36.3457740593172));
#1031=CARTESIAN_POINT('Origin',(82.7520259319287,18.,40.));
#1032=CARTESIAN_POINT('',(85.7520259319287,3.30306154330094,-7.220054122983));
#1033=CARTESIAN_POINT('',(85.7520259319287,3.30306154330094,40.));
#1034=CARTESIAN_POINT('',(86.6573315692123,3.51730039393895,-7.06139908039724));
#1035=CARTESIAN_POINT('Ctrl Pts',(85.7520259319287,3.30306154330094,-7.220054122983));
#1036=CARTESIAN_POINT('Ctrl Pts',(86.0604595570597,3.36602029339161,-7.15886812253157));
#1037=CARTESIAN_POINT('Ctrl Pts',(86.363858633812,3.43816449109047,-7.10501575138162));
#1038=CARTESIAN_POINT('Ctrl Pts',(86.6573315692123,3.51730039393895,-7.06139908039724));
#1039=CARTESIAN_POINT('',(95.9903210015904,10.9468061384526,-2.9665407926811));
#1040=CARTESIAN_POINT('Origin',(82.7520259319287,18.,0.92090883479294));
#1041=CARTESIAN_POINT('',(96.0235474136159,11.0095266568626,2.9564138049242));
#1042=CARTESIAN_POINT('Ctrl Pts',(95.9903210015904,10.9468061384526,-2.96654079268111));
#1043=CARTESIAN_POINT('Ctrl Pts',(96.1132905902812,11.1776104707365,-2.93177815172895));
#1044=CARTESIAN_POINT('Ctrl Pts',(96.2309062878887,11.4134289643923,-2.8681339701264));
#1045=CARTESIAN_POINT('Ctrl Pts',(96.5142480076867,12.0187613751645,-2.61919912910106));
#1046=CARTESIAN_POINT('Ctrl Pts',(96.6600195212637,12.3733954221328,-2.37792034520421));
#1047=CARTESIAN_POINT('Ctrl Pts',(96.8632219526504,12.9062455478705,-1.82762707819348));
#1048=CARTESIAN_POINT('Ctrl Pts',(96.939936681828,13.1288956854981,-1.49771242961754));
#1049=CARTESIAN_POINT('Ctrl Pts',(97.0384340750004,13.4258322918757,-0.770546174991351));
#1050=CARTESIAN_POINT('Ctrl Pts',(97.0611139531829,13.5,-0.373367887799561));
#1051=CARTESIAN_POINT('Ctrl Pts',(97.0611139531829,13.5,0.));
#1052=CARTESIAN_POINT('Ctrl Pts',(97.0611139531829,13.5,0.381760518653096));
#1053=CARTESIAN_POINT('Ctrl Pts',(97.0374342848635,13.4224852762126,0.787219144292342));
#1054=CARTESIAN_POINT('Ctrl Pts',(96.9346593635771,13.1133403302531,1.52678925128456));
#1055=CARTESIAN_POINT('Ctrl Pts',(96.8545854658907,12.8818272976039,1.86081338951543));
#1056=CARTESIAN_POINT('Ctrl Pts',(96.6468593912336,12.3410472075913,2.40159347952802));
#1057=CARTESIAN_POINT('Ctrl Pts',(96.5019776164097,11.991063695628,2.63383020608951));
#1058=CARTESIAN_POINT('Ctrl Pts',(96.2332537877504,11.4193114762807,2.86381948647155));
#1059=CARTESIAN_POINT('Ctrl Pts',(96.1306773715841,11.2129145347239,2.92136067897802));
#1060=CARTESIAN_POINT('Ctrl Pts',(96.0235474136159,11.0095266568626,2.9564138049242));
#1061=CARTESIAN_POINT('',(86.6628655850214,3.51879379306414,7.06838801940455));
#1062=CARTESIAN_POINT('Origin',(82.7520259319287,18.,-0.880947192543928));
#1063=CARTESIAN_POINT('',(85.7520259319287,3.30306154330094,7.22786450772624));
#1064=CARTESIAN_POINT('Ctrl Pts',(86.6628655850214,3.51879379306414,7.06838801940455));
#1065=CARTESIAN_POINT('Ctrl Pts',(86.3632849336694,3.43788810925133,7.11280050770072));
#1066=CARTESIAN_POINT('Ctrl Pts',(86.0586820539108,3.36565746208069,7.16703112222859));
#1067=CARTESIAN_POINT('Ctrl Pts',(85.7520259319287,3.30306154330094,7.22786450772624));
#1068=CARTESIAN_POINT('',(85.7520259319287,3.30306154330095,31.3099239668949));
#1069=CARTESIAN_POINT('',(85.7520259319287,3.30306154330094,40.));
#1070=CARTESIAN_POINT('Ctrl Pts',(97.7222743277385,17.0625312035742,35.3893172339356));
#1071=CARTESIAN_POINT('Ctrl Pts',(97.6150404397727,15.3720463628299,35.3498308589826));
#1072=CARTESIAN_POINT('Ctrl Pts',(96.7546743121978,11.7383950672737,35.0336751826503));
#1073=CARTESIAN_POINT('Ctrl Pts',(92.9773016884059,6.21049623868202,33.6769345702569));
#1074=CARTESIAN_POINT('Ctrl Pts',(88.5666066646164,3.87758542954709,32.1959575309906));
#1075=CARTESIAN_POINT('Ctrl Pts',(85.7520259319287,3.30306154330094,31.3099239668949));
#1076=CARTESIAN_POINT('Ctrl Pts',(85.6689694535234,2.32326564618767,32.2690272095298));
#1077=CARTESIAN_POINT('Ctrl Pts',(88.6612147507329,2.93609112485023,33.1521171405221));
#1078=CARTESIAN_POINT('Ctrl Pts',(93.3503257394792,5.4245293212608,34.6281739902892));
#1079=CARTESIAN_POINT('Ctrl Pts',(97.545874034623,11.5848628066255,36.0409294613705));
#1080=CARTESIAN_POINT('Ctrl Pts',(98.4205143255384,15.8291694205245,36.343753085821));
#1081=CARTESIAN_POINT('Ctrl Pts',(98.4263833958611,17.9556940081676,36.3457740593171));
#1082=CARTESIAN_POINT('Ctrl Pts',(85.6158236823419,2.60630290898233,32.253342500977));
#1083=CARTESIAN_POINT('Ctrl Pts',(88.5602385953214,3.19840114087215,33.1213055134013));
#1084=CARTESIAN_POINT('Ctrl Pts',(93.1849718946507,5.63045342199641,34.5750781388512));
#1085=CARTESIAN_POINT('Ctrl Pts',(97.3321593307835,11.6849062929645,35.9677803944747));
#1086=CARTESIAN_POINT('Ctrl Pts',(98.1974066026934,15.8630946708055,36.2669332950093));
#1087=CARTESIAN_POINT('Ctrl Pts',(98.2032121776396,17.9563852759602,36.2689266043852));
#1088=CARTESIAN_POINT('Ctrl Pts',(85.589514037369,3.09688454226619,32.0031786184681));
#1089=CARTESIAN_POINT('Ctrl Pts',(88.4483468449723,3.65443622865117,32.8640323169884));
#1090=CARTESIAN_POINT('Ctrl Pts',(92.9550982215513,5.98849254182925,34.3064823604519));
#1091=CARTESIAN_POINT('Ctrl Pts',(97.0109137672551,11.8597548142198,35.691519904004));
#1092=CARTESIAN_POINT('Ctrl Pts',(97.8583769647733,15.9220406143277,35.9886511845209));
#1093=CARTESIAN_POINT('Ctrl Pts',(97.8640610646703,17.957589791801,35.9906344456096));
#1094=CARTESIAN_POINT('Ctrl Pts',(85.6931532806019,3.29104421367132,31.5177187412958));
#1095=CARTESIAN_POINT('Ctrl Pts',(88.5121006242728,3.8546113441538,32.3962492148977));
#1096=CARTESIAN_POINT('Ctrl Pts',(92.941993973082,6.17500400413016,33.8656717290318));
#1097=CARTESIAN_POINT('Ctrl Pts',(96.9167664164776,11.9614255919659,35.2734663670094));
#1098=CARTESIAN_POINT('Ctrl Pts',(97.7464024790048,15.9566170178188,35.5752699086433));
#1099=CARTESIAN_POINT('Ctrl Pts',(97.7519679540179,17.9582943354606,35.5772843639157));
#1100=CARTESIAN_POINT('Ctrl Pts',(85.7520259319287,3.30306154330094,31.3099239668949));
#1101=CARTESIAN_POINT('Ctrl Pts',(88.5666066646164,3.87758542954709,32.1959575309906));
#1102=CARTESIAN_POINT('Ctrl Pts',(92.9773016884059,6.21049623868202,33.6769345702569));
#1103=CARTESIAN_POINT('Ctrl Pts',(96.9237393035255,11.9858088812114,35.0943992262417));
#1104=CARTESIAN_POINT('Ctrl Pts',(97.7464478271679,15.9648463317417,35.3982322627738));
#1105=CARTESIAN_POINT('Ctrl Pts',(97.7519684214401,17.9584631326571,35.4002599728482));
#1106=CARTESIAN_POINT('',(85.7520259318866,2.34050696150169,32.2935523836715));
#1107=CARTESIAN_POINT('Ctrl Pts',(85.7520259319287,3.30306154330094,31.3099239668949));
#1108=CARTESIAN_POINT('Ctrl Pts',(85.7520259319287,3.30306154330094,31.3556385370845));
#1109=CARTESIAN_POINT('Ctrl Pts',(85.752041318322,3.30002917066745,31.4012134298862));
#1110=CARTESIAN_POINT('Ctrl Pts',(85.7520540922343,3.2940448211391,31.4463546539814));
#1111=CARTESIAN_POINT('Ctrl Pts',(85.7520668645275,3.28806123007723,31.4914901568022));
#1112=CARTESIAN_POINT('Ctrl Pts',(85.7520767899749,3.27912604206226,31.5361932480877));
#1113=CARTESIAN_POINT('Ctrl Pts',(85.7520753793239,3.26727182076104,31.5801508867369));
#1114=CARTESIAN_POINT('Ctrl Pts',(85.7520739686729,3.25541759945982,31.624108525386));
#1115=CARTESIAN_POINT('Ctrl Pts',(85.7520609758765,3.24064399786759,31.6673219327653));
#1116=CARTESIAN_POINT('Ctrl Pts',(85.7520410159386,3.22294112640819,31.7094411797559));
#1117=CARTESIAN_POINT('Ctrl Pts',(85.7520217709155,3.20587232734458,31.7500518210997));
#1118=CARTESIAN_POINT('Ctrl Pts',(85.7519937881246,3.18621019595746,31.7893334543907));
#1119=CARTESIAN_POINT('Ctrl Pts',(85.7519804614988,3.16402583344752,31.8270051457109));
#1120=CARTESIAN_POINT('Ctrl Pts',(85.7519680010401,3.1432833487912,31.8622283566027));
#1121=CARTESIAN_POINT('Ctrl Pts',(85.7519682680401,3.12033519512751,31.8960446421415));
#1122=CARTESIAN_POINT('Ctrl Pts',(85.7520094116661,3.09520850268497,31.928198638243));
#1123=CARTESIAN_POINT('Ctrl Pts',(85.7520518734773,3.06927678557596,31.9613828041548));
#1124=CARTESIAN_POINT('Ctrl Pts',(85.7521380521952,3.04102373449075,31.9927967490488));
#1125=CARTESIAN_POINT('Ctrl Pts',(85.7522258040645,3.0106220288588,32.0222852191496));
#1126=CARTESIAN_POINT('Ctrl Pts',(85.7523173479537,2.97890657486947,32.0530479739772));
#1127=CARTESIAN_POINT('Ctrl Pts',(85.7524103430944,2.94514322550946,32.0814350789821));
#1128=CARTESIAN_POINT('Ctrl Pts',(85.7524796895238,2.90961926821201,32.1073585852666));
#1129=CARTESIAN_POINT('Ctrl Pts',(85.7525500419631,2.87357996418746,32.1336581643519));
#1130=CARTESIAN_POINT('Ctrl Pts',(85.7525960042216,2.83572762124957,32.1574227609595));
#1131=CARTESIAN_POINT('Ctrl Pts',(85.7526062463658,2.79632829701933,32.1785224048547));
#1132=CARTESIAN_POINT('Ctrl Pts',(85.7526139108779,2.76684456890697,32.1943119184067));
#1133=CARTESIAN_POINT('Ctrl Pts',(85.7526018781043,2.73649373911668,32.2086083286201));
#1134=CARTESIAN_POINT('Ctrl Pts',(85.7525709677113,2.70538018447624,32.2213403226213));
#1135=CARTESIAN_POINT('Ctrl Pts',(85.7525299293927,2.6640721374001,32.238244010215));
#1136=CARTESIAN_POINT('Ctrl Pts',(85.7524596507714,2.62178086769769,32.2522457311679));
#1137=CARTESIAN_POINT('Ctrl Pts',(85.7523767095955,2.57879219983564,32.2632874516133));
#1138=CARTESIAN_POINT('Ctrl Pts',(85.7522934330082,2.53562968723051,32.274373824409));
#1139=CARTESIAN_POINT('Ctrl Pts',(85.7521973989351,2.49176309740256,32.2824767025824));
#1140=CARTESIAN_POINT('Ctrl Pts',(85.7521249350889,2.44745558348696,32.2874970908024));
#1141=CARTESIAN_POINT('Ctrl Pts',(85.7520670249799,2.41204685078507,32.2915091774404));
#1142=CARTESIAN_POINT('Ctrl Pts',(85.7520245468631,2.37635582640824,32.2935519404523));
#1143=CARTESIAN_POINT('Ctrl Pts',(85.7520249161175,2.34051142541422,32.2935532359061));
#1144=CARTESIAN_POINT('Ctrl Pts',(85.7520247609327,2.34051139275076,32.293553190054));
#1145=CARTESIAN_POINT('Ctrl Pts',(88.713253548383,2.96379399498506,33.1685001473132));
#1146=CARTESIAN_POINT('Ctrl Pts',(93.3669714732861,5.44897029158119,34.6337790625829));
#1147=CARTESIAN_POINT('Ctrl Pts',(97.545874034623,11.5848628066255,36.0409294613705));
#1148=CARTESIAN_POINT('Ctrl Pts',(98.4205143255384,15.8291694205245,36.343753085821));
#1149=CARTESIAN_POINT('Ctrl Pts',(98.4263833958611,17.9556940081676,36.3457740593171));
#1150=CARTESIAN_POINT('Origin',(85.7520259319287,0.,-40.));
#1151=CARTESIAN_POINT('',(85.7520259319287,3.,7.94499544944744));
#1152=CARTESIAN_POINT('Origin',(85.7520259319287,4.,7.94499544944744));
#1153=CARTESIAN_POINT('',(85.7520259319287,3.,31.2509740276168));
#1154=CARTESIAN_POINT('',(85.7520259319287,3.,-20.));
#1155=CARTESIAN_POINT('',(85.7520259319287,2.,32.2935523836839));
#1156=CARTESIAN_POINT('Ctrl Pts',(85.7520259319287,3.,31.2509740276168));
#1157=CARTESIAN_POINT('Ctrl Pts',(85.7520259319287,3.,31.3813422582164));
#1158=CARTESIAN_POINT('Ctrl Pts',(85.7520259319287,2.97037091368212,31.5349527332352));
#1159=CARTESIAN_POINT('Ctrl Pts',(85.7520259319287,2.87367168662072,31.7741741628251));
#1160=CARTESIAN_POINT('Ctrl Pts',(85.7520259319287,2.79040989702668,31.9027610875069));
#1161=CARTESIAN_POINT('Ctrl Pts',(85.7520259319287,2.61444365520788,32.0832515399623));
#1162=CARTESIAN_POINT('Ctrl Pts',(85.7520259319287,2.49153273840893,32.1680030604432));
#1163=CARTESIAN_POINT('Ctrl Pts',(85.7520259319287,2.2649137009031,32.2641858044706));
#1164=CARTESIAN_POINT('Ctrl Pts',(85.7520259319287,2.1217704579493,32.2935523836839));
#1165=CARTESIAN_POINT('Ctrl Pts',(85.7520259319287,2.,32.2935523836839));
#1166=CARTESIAN_POINT('',(85.7520259319287,0.,32.2935523836839));
#1167=CARTESIAN_POINT('Ctrl Pts',(-84.164917589666,2.32326564618766,-32.2690272095298));
#1168=CARTESIAN_POINT('Ctrl Pts',(-87.1571621784943,2.9360909797705,-33.1521169314603));
#1169=CARTESIAN_POINT('Ctrl Pts',(-91.8462777771107,5.42452106610477,-34.6281735481596));
#1170=CARTESIAN_POINT('Ctrl Pts',(-96.0418263966789,11.584858834585,-36.0409306568722));
#1171=CARTESIAN_POINT('Ctrl Pts',(-96.9164624602627,15.8291689065923,-36.3437530853327));
#1172=CARTESIAN_POINT('Ctrl Pts',(-96.9223315320038,17.9556940081676,-36.3457740593172));
#1173=CARTESIAN_POINT('Ctrl Pts',(-84.1117718184845,2.60630290898232,-32.253342500977));
#1174=CARTESIAN_POINT('Ctrl Pts',(-87.0561860344061,3.19840100069936,-33.1213053079206));
#1175=CARTESIAN_POINT('Ctrl Pts',(-91.6809239510899,5.63044541262835,-34.5750786251539));
#1176=CARTESIAN_POINT('Ctrl Pts',(-95.8281116157302,11.684902555231,-35.9677823275623));
#1177=CARTESIAN_POINT('Ctrl Pts',(-96.693354737433,15.8630941649051,-36.2669332945276));
#1178=CARTESIAN_POINT('Ctrl Pts',(-96.6991603137822,17.9563852759602,-36.2689266043852));
#1179=CARTESIAN_POINT('Ctrl Pts',(-84.0854619106754,3.09688513395657,-32.0031790998144));
#1180=CARTESIAN_POINT('Ctrl Pts',(-86.9442940414814,3.6544366883473,-32.864032594537));
#1181=CARTESIAN_POINT('Ctrl Pts',(-91.4510492989122,5.98848419664092,-34.3064818746265));
#1182=CARTESIAN_POINT('Ctrl Pts',(-95.5068656058314,11.8597509072069,-35.6915211509374));
#1183=CARTESIAN_POINT('Ctrl Pts',(-96.3543247812454,15.9220401230776,-35.988651379067));
#1184=CARTESIAN_POINT('Ctrl Pts',(-96.360008882516,17.9575897924965,-35.9906346406351));
#1185=CARTESIAN_POINT('Ctrl Pts',(-84.1891014167445,3.2910442136713,-31.5177187412959));
#1186=CARTESIAN_POINT('Ctrl Pts',(-87.0080480930606,3.85461121073544,-32.3962490069152));
#1187=CARTESIAN_POINT('Ctrl Pts',(-91.4379459152164,6.17499612413983,-33.8656711254423));
#1188=CARTESIAN_POINT('Ctrl Pts',(-95.4127186866937,11.9614218806132,-35.2734674459643));
#1189=CARTESIAN_POINT('Ctrl Pts',(-96.2423506138024,15.9566165340593,-35.5752699081565));
#1190=CARTESIAN_POINT('Ctrl Pts',(-96.2479160901605,17.9582943354606,-35.5772843639158));
#1191=CARTESIAN_POINT('Ctrl Pts',(-84.2479740680713,3.30306154330092,-31.3099239668949));
#1192=CARTESIAN_POINT('Ctrl Pts',(-87.0625541344379,3.87758529353484,-32.1959573212318));
#1193=CARTESIAN_POINT('Ctrl Pts',(-91.4732534943865,6.21048849947323,-33.6769341266535));
#1194=CARTESIAN_POINT('Ctrl Pts',(-95.4196914146678,11.9858051574234,-35.0944004257285));
#1195=CARTESIAN_POINT('Ctrl Pts',(-96.2423959619763,15.9648458499303,-35.3982322622838));
#1196=CARTESIAN_POINT('Ctrl Pts',(-96.2479165575828,17.9584631326571,-35.4002599728482));
#1197=CARTESIAN_POINT('',(-96.9223315320038,17.9556940081676,-36.3457740593172));
#1198=CARTESIAN_POINT('',(-96.2186485268257,17.0625,-35.3895117626866));
#1199=CARTESIAN_POINT('Ctrl Pts',(-96.9223315320038,17.9556940081676,-36.3457740593172));
#1200=CARTESIAN_POINT('Ctrl Pts',(-96.821965468391,17.9247803989752,-36.3112137042156));
#1201=CARTESIAN_POINT('Ctrl Pts',(-96.7321062950079,17.8798594213876,-36.2624637668014));
#1202=CARTESIAN_POINT('Ctrl Pts',(-96.5467108422694,17.7535970849484,-36.1264026595605));
#1203=CARTESIAN_POINT('Ctrl Pts',(-96.461259880823,17.6651273995486,-36.031688610053));
#1204=CARTESIAN_POINT('Ctrl Pts',(-96.2915518547383,17.4213083572875,-35.7709597331748));
#1205=CARTESIAN_POINT('Ctrl Pts',(-96.2309854894481,17.2468564273571,-35.5846051505257));
#1206=CARTESIAN_POINT('Ctrl Pts',(-96.2188320341241,17.0653803959401,-35.3925595416165));
#1207=CARTESIAN_POINT('Ctrl Pts',(-96.2187387203195,17.0639402745967,-35.3910356697869));
#1208=CARTESIAN_POINT('Ctrl Pts',(-96.2186485268257,17.0624999999997,-35.3895117626866));
#1209=CARTESIAN_POINT('',(-84.2479740680713,3.30306154330093,-31.3099239668949));
#1210=CARTESIAN_POINT('Ctrl Pts',(-96.2182226049526,17.0625311935709,-35.3893172769032));
#1211=CARTESIAN_POINT('Ctrl Pts',(-96.1109891909453,15.3720455838891,-35.3498310423737));
#1212=CARTESIAN_POINT('Ctrl Pts',(-95.2506264629817,11.7383912486095,-35.0336763306811));
#1213=CARTESIAN_POINT('Ctrl Pts',(-91.4732534943865,6.21048849947323,-33.6769341266535));
#1214=CARTESIAN_POINT('Ctrl Pts',(-87.0625541344379,3.87758529353484,-32.1959573212318));
#1215=CARTESIAN_POINT('Ctrl Pts',(-84.2479740680713,3.30306154330092,-31.3099239668949));
#1216=CARTESIAN_POINT('',(-84.2479740680291,2.34050696150165,-32.2935523836715));
#1217=CARTESIAN_POINT('Ctrl Pts',(-84.2479740680713,3.30306154330092,-31.3099239668949));
#1218=CARTESIAN_POINT('Ctrl Pts',(-84.2479740680713,3.30306154330092,-31.35563853864));
#1219=CARTESIAN_POINT('Ctrl Pts',(-84.2479894499076,3.30002918072479,-31.4012134413935));
#1220=CARTESIAN_POINT('Ctrl Pts',(-84.2480022163678,3.29404484756874,-31.4463546807397));
#1221=CARTESIAN_POINT('Ctrl Pts',(-84.2480149812092,3.28806127318252,-31.4914901965057));
#1222=CARTESIAN_POINT('Ctrl Pts',(-84.248024896305,3.27912610846914,-31.5361933060879));
#1223=CARTESIAN_POINT('Ctrl Pts',(-84.2480234740816,3.26727191330539,-31.5801509653037));
#1224=CARTESIAN_POINT('Ctrl Pts',(-84.2480220518581,3.25541771814163,-31.6241086245194));
#1225=CARTESIAN_POINT('Ctrl Pts',(-84.2480090462628,3.24064414553526,-31.6673220547453));
#1226=CARTESIAN_POINT('Ctrl Pts',(-84.2479890740783,3.22294130190305,-31.7094413236037));
#1227=CARTESIAN_POINT('Ctrl Pts',(-84.2479698172688,3.20587254877533,-31.7500519405759));
#1228=CARTESIAN_POINT('Ctrl Pts',(-84.2479418233265,3.18621046781954,-31.789333551385));
#1229=CARTESIAN_POINT('Ctrl Pts',(-84.2479284877538,3.16402615630014,-31.8270052200474));
#1230=CARTESIAN_POINT('Ctrl Pts',(-84.2479160189004,3.14328367054083,-31.8622284925874));
#1231=CARTESIAN_POINT('Ctrl Pts',(-84.2479162794863,3.12033550591016,-31.896044833018));
#1232=CARTESIAN_POINT('Ctrl Pts',(-84.2479574201939,3.0952087895744,-31.9281988737456));
#1233=CARTESIAN_POINT('Ctrl Pts',(-84.2479998789416,3.06927707932258,-31.961383045383));
#1234=CARTESIAN_POINT('Ctrl Pts',(-84.2480860582242,3.04102402694225,-31.9927969893504));
#1235=CARTESIAN_POINT('Ctrl Pts',(-84.2481738133636,3.01062231394627,-32.022285453556));
#1236=CARTESIAN_POINT('Ctrl Pts',(-84.248265360582,2.97890688071742,-32.0530481746453));
#1237=CARTESIAN_POINT('Ctrl Pts',(-84.2483583619579,2.94514354926643,-32.0814352448296));
#1238=CARTESIAN_POINT('Ctrl Pts',(-84.2484277164101,2.90961960891461,-32.1073587176064));
#1239=CARTESIAN_POINT('Ctrl Pts',(-84.248498077051,2.87358029022606,-32.1336582859444));
#1240=CARTESIAN_POINT('Ctrl Pts',(-84.248544049309,2.83572792842799,-32.1574228686722));
#1241=CARTESIAN_POINT('Ctrl Pts',(-84.2485543020562,2.79632858380361,-32.1785224977529));
#1242=CARTESIAN_POINT('Ctrl Pts',(-84.248561974512,2.76684480471142,-32.1943120193471));
#1243=CARTESIAN_POINT('Ctrl Pts',(-84.2485499499728,2.73649392097881,-32.2086084334626));
#1244=CARTESIAN_POINT('Ctrl Pts',(-84.2485190476108,2.70538031092088,-32.2213404278845));
#1245=CARTESIAN_POINT('Ctrl Pts',(-84.2484780200295,2.66407226567399,-32.2382440851807));
#1246=CARTESIAN_POINT('Ctrl Pts',(-84.2484077518073,2.62178099987331,-32.25224578012));
#1247=CARTESIAN_POINT('Ctrl Pts',(-84.2483248195358,2.57879233997026,-32.2632874810156));
#1248=CARTESIAN_POINT('Ctrl Pts',(-84.2482415518203,2.5356297997883,-32.2743738433181));
#1249=CARTESIAN_POINT('Ctrl Pts',(-84.2481455250918,2.49176318531117,-32.2824767125959));
#1250=CARTESIAN_POINT('Ctrl Pts',(-84.2480730659753,2.447455652316,-32.2874970955172));
#1251=CARTESIAN_POINT('Ctrl Pts',(-84.2480151596265,2.4120468924206,-32.2915091792741));
#1252=CARTESIAN_POINT('Ctrl Pts',(-84.2479726836116,2.37635584421347,-32.2935519403722));
#1253=CARTESIAN_POINT('Ctrl Pts',(-84.2479730527834,2.34051142424203,-32.2935532358228));
#1254=CARTESIAN_POINT('Ctrl Pts',(-84.247972897376,2.34051139153171,-32.293553189905));
#1255=CARTESIAN_POINT('Ctrl Pts',(-87.2092010391725,2.96379376653847,-33.1684999394689));
#1256=CARTESIAN_POINT('Ctrl Pts',(-91.8629235160319,5.44896205903763,-34.6337786282392));
#1257=CARTESIAN_POINT('Ctrl Pts',(-96.0418263966789,11.584858834585,-36.0409306568722));
#1258=CARTESIAN_POINT('Ctrl Pts',(-96.9164624602627,15.8291689065923,-36.3437530853327));
#1259=CARTESIAN_POINT('Ctrl Pts',(-96.9223315320038,17.9556940081676,-36.3457740593172));
#1260=CARTESIAN_POINT('Origin',(-84.2479740680713,0.,40.));
#1261=CARTESIAN_POINT('',(-84.2479740680713,3.30306154330093,-7.22005412298302));
#1262=CARTESIAN_POINT('',(-84.2479740680713,3.30306154330093,40.));
#1263=CARTESIAN_POINT('',(-84.2479740680713,3.,-7.9371850647042));
#1264=CARTESIAN_POINT('Origin',(-84.2479740680713,4.,-7.9371850647042));
#1265=CARTESIAN_POINT('',(-84.2479740680713,3.,-31.2509740276168));
#1266=CARTESIAN_POINT('',(-84.2479740680713,3.,20.));
#1267=CARTESIAN_POINT('',(-84.2479740680713,2.,-32.2935523836839));
#1268=CARTESIAN_POINT('Ctrl Pts',(-84.2479740680713,3.,-31.2509740276168));
#1269=CARTESIAN_POINT('Ctrl Pts',(-84.2479740680713,3.,-31.3813422582164));
#1270=CARTESIAN_POINT('Ctrl Pts',(-84.2479740680713,2.97037091368212,-31.5349527332352));
#1271=CARTESIAN_POINT('Ctrl Pts',(-84.2479740680713,2.87367168662071,-31.7741741628251));
#1272=CARTESIAN_POINT('Ctrl Pts',(-84.2479740680713,2.79040989702668,-31.9027610875069));
#1273=CARTESIAN_POINT('Ctrl Pts',(-84.2479740680713,2.61444365520788,-32.0832515399624));
#1274=CARTESIAN_POINT('Ctrl Pts',(-84.2479740680713,2.49153273840893,-32.1680030604432));
#1275=CARTESIAN_POINT('Ctrl Pts',(-84.2479740680713,2.2649137009031,-32.2641858044707));
#1276=CARTESIAN_POINT('Ctrl Pts',(-84.2479740680713,2.1217704579493,-32.293552383684));
#1277=CARTESIAN_POINT('Ctrl Pts',(-84.2479740680713,2.,-32.293552383684));
#1278=CARTESIAN_POINT('',(-84.2479740680713,0.,-32.293552383684));
#1279=CARTESIAN_POINT('Origin',(-81.2479740680713,18.,40.));
#1280=CARTESIAN_POINT('',(-96.2186485268257,17.0625,35.3895117626866));
#1281=CARTESIAN_POINT('',(-96.2186485268257,17.0625,40.));
#1282=CARTESIAN_POINT('',(-84.2479740680713,3.30306154330093,31.3099239668949));
#1283=CARTESIAN_POINT('Ctrl Pts',(-84.2479740680713,3.30306154330093,31.3099239668949));
#1284=CARTESIAN_POINT('Ctrl Pts',(-87.0625548007592,3.8775854295471,32.1959575309906));
#1285=CARTESIAN_POINT('Ctrl Pts',(-91.4732533339607,6.21048869927586,33.676934078009));
#1286=CARTESIAN_POINT('Ctrl Pts',(-95.2506266653471,11.7383913844492,35.0336763962423));
#1287=CARTESIAN_POINT('Ctrl Pts',(-96.1109891998396,15.3720459066444,35.3498310442716));
#1288=CARTESIAN_POINT('Ctrl Pts',(-96.2182226019456,17.0625311937938,35.3893172754891));
#1289=CARTESIAN_POINT('',(-84.2479740680713,3.30306154330093,7.22786450772625));
#1290=CARTESIAN_POINT('',(-84.2479740680713,3.30306154330093,40.));
#1291=CARTESIAN_POINT('',(-85.158813721164,3.51879379306414,7.06838801940455));
#1292=CARTESIAN_POINT('Ctrl Pts',(-84.2479740680713,3.30306154330093,7.22786450772626));
#1293=CARTESIAN_POINT('Ctrl Pts',(-84.5583468717999,3.36641612656527,7.16629381970227));
#1294=CARTESIAN_POINT('Ctrl Pts',(-84.8636210905548,3.43907315180054,7.11214998865352));
#1295=CARTESIAN_POINT('Ctrl Pts',(-85.158813721164,3.51879379306413,7.06838801940455));
#1296=CARTESIAN_POINT('',(-94.5194955497585,11.0095266568626,2.95641380492421));
#1297=CARTESIAN_POINT('Origin',(-81.2479740680713,18.,-0.880947192543928));
#1298=CARTESIAN_POINT('',(-94.486269137733,10.9468061384526,-2.9665407926811));
#1299=CARTESIAN_POINT('Ctrl Pts',(-94.5194955497585,11.0095266568626,2.9564138049242));
#1300=CARTESIAN_POINT('Ctrl Pts',(-94.6304572205396,11.2201891006098,2.92010693525993));
#1301=CARTESIAN_POINT('Ctrl Pts',(-94.7364837123259,11.4340010153473,2.85967398988591));
#1302=CARTESIAN_POINT('Ctrl Pts',(-95.0101961438294,12.0187613751644,2.61919912910107));
#1303=CARTESIAN_POINT('Ctrl Pts',(-95.1559676574063,12.3733954221328,2.37792034520422));
#1304=CARTESIAN_POINT('Ctrl Pts',(-95.359170088793,12.9062455478705,1.82762707819349));
#1305=CARTESIAN_POINT('Ctrl Pts',(-95.4358848179706,13.1288956854981,1.49771242961755));
#1306=CARTESIAN_POINT('Ctrl Pts',(-95.534382211143,13.4258322918757,0.770546174991354));
#1307=CARTESIAN_POINT('Ctrl Pts',(-95.5570620893255,13.5,0.373367887799563));
#1308=CARTESIAN_POINT('Ctrl Pts',(-95.5570620893255,13.5,0.));
#1309=CARTESIAN_POINT('Ctrl Pts',(-95.5570620893255,13.5,-0.373367887799561));
#1310=CARTESIAN_POINT('Ctrl Pts',(-95.534382211143,13.4258322918757,-0.77054617499135));
#1311=CARTESIAN_POINT('Ctrl Pts',(-95.4358848179706,13.1288956854981,-1.49771242961754));
#1312=CARTESIAN_POINT('Ctrl Pts',(-95.359170088793,12.9062455478705,-1.82762707819348));
#1313=CARTESIAN_POINT('Ctrl Pts',(-95.1559676574063,12.3733954221328,-2.37792034520421));
#1314=CARTESIAN_POINT('Ctrl Pts',(-95.0101961438294,12.0187613751644,-2.61919912910107));
#1315=CARTESIAN_POINT('Ctrl Pts',(-94.7268544240313,11.4134289643923,-2.8681339701264));
#1316=CARTESIAN_POINT('Ctrl Pts',(-94.6092387264238,11.1776104707365,-2.93177815172895));
#1317=CARTESIAN_POINT('Ctrl Pts',(-94.486269137733,10.9468061384526,-2.96654079268111));
#1318=CARTESIAN_POINT('',(-85.1532797053549,3.51730039393895,-7.06139908039724));
#1319=CARTESIAN_POINT('Origin',(-81.2479740680713,18.,0.92090883479294));
#1320=CARTESIAN_POINT('Ctrl Pts',(-85.1532797053549,3.51730039393895,-7.06139908039724));
#1321=CARTESIAN_POINT('Ctrl Pts',(-84.855482425052,3.43699841784549,-7.1056584461793));
#1322=CARTESIAN_POINT('Ctrl Pts',(-84.5527421583915,3.3652720692315,-7.15959527870497));
#1323=CARTESIAN_POINT('Ctrl Pts',(-84.2479740680713,3.30306154330093,-7.22005412298302));
#1324=CARTESIAN_POINT('',(-95.5570620893255,13.5,22.));
#1325=CARTESIAN_POINT('',(-90.2479740680713,6.,22.));
#1326=CARTESIAN_POINT('Ctrl Pts',(-95.5570620893255,13.5,22.));
#1327=CARTESIAN_POINT('Ctrl Pts',(-95.5570620893255,13.5,22.4658866583431));
#1328=CARTESIAN_POINT('Ctrl Pts',(-95.5290008500544,13.4075810551458,22.9615560581401));
#1329=CARTESIAN_POINT('Ctrl Pts',(-95.4047690496098,13.037823540223,23.8688776553803));
#1330=CARTESIAN_POINT('Ctrl Pts',(-95.3071935726922,12.7606335890571,24.2803975010699));
#1331=CARTESIAN_POINT('Ctrl Pts',(-95.0406277902432,12.0914709639082,24.9740578474984));
#1332=CARTESIAN_POINT('Ctrl Pts',(-94.844419440462,11.6423039404679,25.2778031980608));
#1333=CARTESIAN_POINT('Ctrl Pts',(-94.3592999507575,10.6940598456068,25.6651817848587));
#1334=CARTESIAN_POINT('Ctrl Pts',(-94.0692063905061,10.19607283975,25.75));
#1335=CARTESIAN_POINT('Ctrl Pts',(-93.4285295996969,9.22321718412473,25.75));
#1336=CARTESIAN_POINT('Ctrl Pts',(-93.0222207679873,8.68469193174052,25.6344886414748));
#1337=CARTESIAN_POINT('Ctrl Pts',(-92.1878423903707,7.71763017628528,25.1959133728707));
#1338=CARTESIAN_POINT('Ctrl Pts',(-91.7601693133071,7.28804568741952,24.874408107818));
#1339=CARTESIAN_POINT('Ctrl Pts',(-91.1043227252613,6.68616323306057,24.1979816636271));
#1340=CARTESIAN_POINT('Ctrl Pts',(-90.8124704476475,6.44162044777672,23.8245511553853));
#1341=CARTESIAN_POINT('Ctrl Pts',(-90.4896752423529,6.18433699940414,23.1838546638487));
#1342=CARTESIAN_POINT('Ctrl Pts',(-90.4011712563908,6.11619741989066,22.9567379876757));
#1343=CARTESIAN_POINT('Ctrl Pts',(-90.2802132047587,6.02400573124402,22.4866574340408));
#1344=CARTESIAN_POINT('Ctrl Pts',(-90.2479740680713,6.,22.2436291847932));
#1345=CARTESIAN_POINT('Ctrl Pts',(-90.2479740680713,6.,22.));
#1346=CARTESIAN_POINT('Ctrl Pts',(-90.2479740680713,6.,22.));
#1347=CARTESIAN_POINT('Ctrl Pts',(-90.2479740680713,6.,21.7563708152068));
#1348=CARTESIAN_POINT('Ctrl Pts',(-90.2802132047587,6.02400573124402,21.5133425659592));
#1349=CARTESIAN_POINT('Ctrl Pts',(-90.4011712563908,6.11619741989067,21.0432620123243));
#1350=CARTESIAN_POINT('Ctrl Pts',(-90.4896752423529,6.18433699940414,20.8161453361513));
#1351=CARTESIAN_POINT('Ctrl Pts',(-90.8124704476475,6.44162044777672,20.1754488446147));
#1352=CARTESIAN_POINT('Ctrl Pts',(-91.1043227252613,6.68616323306057,19.8020183363728));
#1353=CARTESIAN_POINT('Ctrl Pts',(-91.7601693133071,7.28804568741952,19.125591892182));
#1354=CARTESIAN_POINT('Ctrl Pts',(-92.1878423903707,7.71763017628529,18.8040866271293));
#1355=CARTESIAN_POINT('Ctrl Pts',(-93.0222207679873,8.68469193174052,18.3655113585252));
#1356=CARTESIAN_POINT('Ctrl Pts',(-93.4285295996969,9.22321718412473,18.25));
#1357=CARTESIAN_POINT('Ctrl Pts',(-94.0692063905061,10.19607283975,18.25));
#1358=CARTESIAN_POINT('Ctrl Pts',(-94.3592999507575,10.6940598456068,18.3348182151412));
#1359=CARTESIAN_POINT('Ctrl Pts',(-94.844419440462,11.6423039404679,18.7221968019392));
#1360=CARTESIAN_POINT('Ctrl Pts',(-95.0406277902432,12.0914709639082,19.0259421525016));
#1361=CARTESIAN_POINT('Ctrl Pts',(-95.3071935726922,12.7606335890571,19.7196024989301));
#1362=CARTESIAN_POINT('Ctrl Pts',(-95.4047690496098,13.037823540223,20.1311223446197));
#1363=CARTESIAN_POINT('Ctrl Pts',(-95.5290008500544,13.4075810551458,21.0384439418599));
#1364=CARTESIAN_POINT('Ctrl Pts',(-95.5570620893255,13.5,21.5341133416569));
#1365=CARTESIAN_POINT('Ctrl Pts',(-95.5570620893255,13.5,22.));
#1366=CARTESIAN_POINT('',(-95.5570620893255,13.5,-22.));
#1367=CARTESIAN_POINT('',(-90.2479740680713,6.,-22.));
#1368=CARTESIAN_POINT('Ctrl Pts',(-95.5570620893255,13.5,-22.));
#1369=CARTESIAN_POINT('Ctrl Pts',(-95.5570620893255,13.5,-21.5341133416569));
#1370=CARTESIAN_POINT('Ctrl Pts',(-95.5290008500544,13.4075810551458,-21.0384439418599));
#1371=CARTESIAN_POINT('Ctrl Pts',(-95.4047690496098,13.037823540223,-20.1311223446197));
#1372=CARTESIAN_POINT('Ctrl Pts',(-95.3071935726922,12.7606335890571,-19.7196024989301));
#1373=CARTESIAN_POINT('Ctrl Pts',(-95.0406277902432,12.0914709639082,-19.0259421525016));
#1374=CARTESIAN_POINT('Ctrl Pts',(-94.844419440462,11.6423039404679,-18.7221968019392));
#1375=CARTESIAN_POINT('Ctrl Pts',(-94.3592999507575,10.6940598456068,-18.3348182151412));
#1376=CARTESIAN_POINT('Ctrl Pts',(-94.0692063905061,10.19607283975,-18.25));
#1377=CARTESIAN_POINT('Ctrl Pts',(-93.4285295996969,9.22321718412473,-18.25));
#1378=CARTESIAN_POINT('Ctrl Pts',(-93.0222207679873,8.68469193174052,-18.3655113585252));
#1379=CARTESIAN_POINT('Ctrl Pts',(-92.1878423903706,7.71763017628529,-18.8040866271293));
#1380=CARTESIAN_POINT('Ctrl Pts',(-91.7601693133071,7.28804568741952,-19.125591892182));
#1381=CARTESIAN_POINT('Ctrl Pts',(-91.1043227252613,6.68616323306057,-19.8020183363728));
#1382=CARTESIAN_POINT('Ctrl Pts',(-90.8124704476475,6.44162044777672,-20.1754488446147));
#1383=CARTESIAN_POINT('Ctrl Pts',(-90.4896752423529,6.18433699940414,-20.8161453361513));
#1384=CARTESIAN_POINT('Ctrl Pts',(-90.4011712563908,6.11619741989066,-21.0432620123243));
#1385=CARTESIAN_POINT('Ctrl Pts',(-90.2802132047587,6.02400573124402,-21.5133425659592));
#1386=CARTESIAN_POINT('Ctrl Pts',(-90.2479740680713,6.,-21.7563708152068));
#1387=CARTESIAN_POINT('Ctrl Pts',(-90.2479740680713,6.,-22.));
#1388=CARTESIAN_POINT('Ctrl Pts',(-90.2479740680713,6.,-22.));
#1389=CARTESIAN_POINT('Ctrl Pts',(-90.2479740680713,6.,-22.2436291847932));
#1390=CARTESIAN_POINT('Ctrl Pts',(-90.2802132047587,6.02400573124402,-22.4866574340408));
#1391=CARTESIAN_POINT('Ctrl Pts',(-90.4011712563908,6.11619741989066,-22.9567379876757));
#1392=CARTESIAN_POINT('Ctrl Pts',(-90.4896752423529,6.18433699940414,-23.1838546638487));
#1393=CARTESIAN_POINT('Ctrl Pts',(-90.8124704476475,6.44162044777672,-23.8245511553853));
#1394=CARTESIAN_POINT('Ctrl Pts',(-91.1043227252613,6.68616323306057,-24.1979816636271));
#1395=CARTESIAN_POINT('Ctrl Pts',(-91.7601693133071,7.28804568741952,-24.874408107818));
#1396=CARTESIAN_POINT('Ctrl Pts',(-92.1878423903706,7.71763017628526,-25.1959133728707));
#1397=CARTESIAN_POINT('Ctrl Pts',(-93.0222207679873,8.6846919317405,-25.6344886414747));
#1398=CARTESIAN_POINT('Ctrl Pts',(-93.428529599697,9.22321718412473,-25.75));
#1399=CARTESIAN_POINT('Ctrl Pts',(-94.0692063905061,10.19607283975,-25.75));
#1400=CARTESIAN_POINT('Ctrl Pts',(-94.3592999507575,10.6940598456068,-25.6651817848587));
#1401=CARTESIAN_POINT('Ctrl Pts',(-94.844419440462,11.6423039404679,-25.2778031980608));
#1402=CARTESIAN_POINT('Ctrl Pts',(-95.0406277902432,12.0914709639082,-24.9740578474984));
#1403=CARTESIAN_POINT('Ctrl Pts',(-95.3071935726922,12.7606335890571,-24.2803975010699));
#1404=CARTESIAN_POINT('Ctrl Pts',(-95.4047690496098,13.037823540223,-23.8688776553803));
#1405=CARTESIAN_POINT('Ctrl Pts',(-95.5290008500544,13.4075810551458,-22.9615560581401));
#1406=CARTESIAN_POINT('Ctrl Pts',(-95.5570620893255,13.5,-22.4658866583431));
#1407=CARTESIAN_POINT('Ctrl Pts',(-95.5570620893255,13.5,-22.));
#1408=CARTESIAN_POINT('Ctrl Pts',(-96.9223315320038,17.9556940081676,36.3457740593171));
#1409=CARTESIAN_POINT('Ctrl Pts',(-96.916462461681,15.8291694205145,36.343753085821));
#1410=CARTESIAN_POINT('Ctrl Pts',(-96.041826666099,11.584859030781,36.0409307397753));
#1411=CARTESIAN_POINT('Ctrl Pts',(-91.8462776065584,5.42452127922758,34.6281734996767));
#1412=CARTESIAN_POINT('Ctrl Pts',(-87.1571628868757,2.93609112485024,33.1521171405222));
#1413=CARTESIAN_POINT('Ctrl Pts',(-84.164917589666,2.32326564618766,32.2690272095298));
#1414=CARTESIAN_POINT('Ctrl Pts',(-96.6991603137822,17.9563852759602,36.2689266043852));
#1415=CARTESIAN_POINT('Ctrl Pts',(-96.693354738836,15.8630946707956,36.2669332950092));
#1416=CARTESIAN_POINT('Ctrl Pts',(-95.8281118812079,11.6849027474708,35.967782409124));
#1417=CARTESIAN_POINT('Ctrl Pts',(-91.6809237834574,5.63044562314541,34.5750785775474));
#1418=CARTESIAN_POINT('Ctrl Pts',(-87.0561867314642,3.19840114087215,33.1213055134013));
#1419=CARTESIAN_POINT('Ctrl Pts',(-84.1117718184845,2.60630290898232,32.253342500977));
#1420=CARTESIAN_POINT('Ctrl Pts',(-96.360008882516,17.9575897924964,35.990634640635));
#1421=CARTESIAN_POINT('Ctrl Pts',(-96.354324782619,15.9220406150136,35.9886513795462));
#1422=CARTESIAN_POINT('Ctrl Pts',(-95.5068658641599,11.8597510926816,35.6915212319051));
#1423=CARTESIAN_POINT('Ctrl Pts',(-91.4510491364589,5.98848440252766,34.3064818274502));
#1424=CARTESIAN_POINT('Ctrl Pts',(-86.9442947182789,3.65443682034158,32.8640327983346));
#1425=CARTESIAN_POINT('Ctrl Pts',(-84.0854619106754,3.09688513395658,32.0031790998144));
#1426=CARTESIAN_POINT('Ctrl Pts',(-96.2479160901605,17.9582943354606,35.5772843639157));
#1427=CARTESIAN_POINT('Ctrl Pts',(-96.2423506151474,15.9566170178094,35.5752699086433));
#1428=CARTESIAN_POINT('Ctrl Pts',(-95.4127189409416,11.9614220642157,35.2734675284846));
#1429=CARTESIAN_POINT('Ctrl Pts',(-91.4379457547752,6.1749963256059,33.8656710772352));
#1430=CARTESIAN_POINT('Ctrl Pts',(-87.0080487604156,3.85461134415381,32.3962492148977));
#1431=CARTESIAN_POINT('Ctrl Pts',(-84.1891014167445,3.29104421367131,31.5177187412958));
#1432=CARTESIAN_POINT('Ctrl Pts',(-96.2479165575828,17.9584631326571,35.4002599728482));
#1433=CARTESIAN_POINT('Ctrl Pts',(-96.2423959633104,15.9648463317323,35.3982322627738));
#1434=CARTESIAN_POINT('Ctrl Pts',(-95.4196916680911,11.9858053413572,35.0944005089079));
#1435=CARTESIAN_POINT('Ctrl Pts',(-91.4732533339607,6.21048869927586,33.676934078009));
#1436=CARTESIAN_POINT('Ctrl Pts',(-87.0625548007592,3.8775854295471,32.1959575309906));
#1437=CARTESIAN_POINT('Ctrl Pts',(-84.2479740680713,3.30306154330093,31.3099239668949));
#1438=CARTESIAN_POINT('',(-96.9223315320037,17.9556940081676,36.3457740593171));
#1439=CARTESIAN_POINT('Ctrl Pts',(-96.2186485268256,17.0624999999997,35.3895117626866));
#1440=CARTESIAN_POINT('Ctrl Pts',(-96.2187387203204,17.0639402746109,35.3910356698019));
#1441=CARTESIAN_POINT('Ctrl Pts',(-96.2188320341229,17.065380395923,35.3925595416056));
#1442=CARTESIAN_POINT('Ctrl Pts',(-96.2309854897762,17.2468564322609,35.5846051554924));
#1443=CARTESIAN_POINT('Ctrl Pts',(-96.2915518572177,17.4213083608545,35.7709597369892));
#1444=CARTESIAN_POINT('Ctrl Pts',(-96.4612598808316,17.6651273995579,36.0316886100629));
#1445=CARTESIAN_POINT('Ctrl Pts',(-96.5467108422765,17.753597084954,36.1264026595666));
#1446=CARTESIAN_POINT('Ctrl Pts',(-96.7321062950111,17.8798594213892,36.2624637668031));
#1447=CARTESIAN_POINT('Ctrl Pts',(-96.8219654683927,17.9247803989758,36.3112137042162));
#1448=CARTESIAN_POINT('Ctrl Pts',(-96.9223315320037,17.9556940081676,36.3457740593171));
#1449=CARTESIAN_POINT('',(-84.2479740680292,2.34050696150168,32.2935523836715));
#1450=CARTESIAN_POINT('Ctrl Pts',(-96.9223315320038,17.9556940081676,36.3457740593171));
#1451=CARTESIAN_POINT('Ctrl Pts',(-96.916462461681,15.8291694205145,36.343753085821));
#1452=CARTESIAN_POINT('Ctrl Pts',(-96.041826666099,11.584859030781,36.0409307397753));
#1453=CARTESIAN_POINT('Ctrl Pts',(-91.8629233433465,5.44896226639828,34.6337785789716));
#1454=CARTESIAN_POINT('Ctrl Pts',(-87.2092017257132,2.96379390590285,33.1685001418665));
#1455=CARTESIAN_POINT('Ctrl Pts',(-84.2479728973911,2.34051139146307,32.2935531899031));
#1456=CARTESIAN_POINT('Ctrl Pts',(-84.2479730528329,2.34051142418063,32.2935532358311));
#1457=CARTESIAN_POINT('Ctrl Pts',(-84.247972592531,2.38520514879952,32.2935516205605));
#1458=CARTESIAN_POINT('Ctrl Pts',(-84.2480382751208,2.42965517134783,32.2903776127015));
#1459=CARTESIAN_POINT('Ctrl Pts',(-84.2481187473148,2.47361133380432,32.2841684151115));
#1460=CARTESIAN_POINT('Ctrl Pts',(-84.2481994629299,2.51770045975774,32.277940435249));
#1461=CARTESIAN_POINT('Ctrl Pts',(-84.2482950328401,2.56129374217613,32.2686584134188));
#1462=CARTESIAN_POINT('Ctrl Pts',(-84.2483728683845,2.60412543967594,32.2564146349063));
#1463=CARTESIAN_POINT('Ctrl Pts',(-84.2484410691077,2.64165524387756,32.2456864444052));
#1464=CARTESIAN_POINT('Ctrl Pts',(-84.2484959312148,2.67860058905365,32.2326834722689));
#1465=CARTESIAN_POINT('Ctrl Pts',(-84.2485278536711,2.71476492587024,32.2174429651576));
#1466=CARTESIAN_POINT('Ctrl Pts',(-84.2485643421495,2.75610202127933,32.2000225351981));
#1467=CARTESIAN_POINT('Ctrl Pts',(-84.2485656934432,2.79605018888423,32.1798334111481));
#1468=CARTESIAN_POINT('Ctrl Pts',(-84.2485334285806,2.83436045847966,32.1570401448141));
#1469=CARTESIAN_POINT('Ctrl Pts',(-84.2485014196302,2.8723668660353,32.134427665733));
#1470=CARTESIAN_POINT('Ctrl Pts',(-84.248436360687,2.90876224647353,32.1092515914761));
#1471=CARTESIAN_POINT('Ctrl Pts',(-84.2483542261639,2.94328201489234,32.081629550228));
#1472=CARTESIAN_POINT('Ctrl Pts',(-84.2482915231104,2.96963506113427,32.0605423597963));
#1473=CARTESIAN_POINT('Ctrl Pts',(-84.2482191625218,2.99489467646685,32.0380287153778));
#1474=CARTESIAN_POINT('Ctrl Pts',(-84.248149830773,3.01892914907444,32.0141269879974));
#1475=CARTESIAN_POINT('Ctrl Pts',(-84.2480711977337,3.04618799750358,31.9870186934035));
#1476=CARTESIAN_POINT('Ctrl Pts',(-84.2479966161275,3.07165748576878,31.95833725786));
#1477=CARTESIAN_POINT('Ctrl Pts',(-84.2479580683175,3.09520892329704,31.9281990706554));
#1478=CARTESIAN_POINT('Ctrl Pts',(-84.2479141124349,3.12206451438536,31.8938326405494));
#1479=CARTESIAN_POINT('Ctrl Pts',(-84.2479165347,3.14642779488168,31.857572761651));
#1480=CARTESIAN_POINT('Ctrl Pts',(-84.2479315492858,3.16826664808759,31.8197316746464));
#1481=CARTESIAN_POINT('Ctrl Pts',(-84.2479456961313,3.18884336505459,31.7840775434666));
#1482=CARTESIAN_POINT('Ctrl Pts',(-84.2479713102256,3.20717898384568,31.7470185609779));
#1483=CARTESIAN_POINT('Ctrl Pts',(-84.2479893827707,3.22321502501693,31.70878942657));
#1484=CARTESIAN_POINT('Ctrl Pts',(-84.2480086057311,3.24027184698667,31.6681268008826));
#1485=CARTESIAN_POINT('Ctrl Pts',(-84.2480213597689,3.25459980323031,31.6264467207421));
#1486=CARTESIAN_POINT('Ctrl Pts',(-84.2480233309039,3.26620832287613,31.5840643295638));
#1487=CARTESIAN_POINT('Ctrl Pts',(-84.2480254036994,3.27841554719359,31.5394960838263));
#1488=CARTESIAN_POINT('Ctrl Pts',(-84.2480156873791,3.28761629859361,31.4941503087212));
#1489=CARTESIAN_POINT('Ctrl Pts',(-84.2480027901415,3.29377769891449,31.4483549799657));
#1490=CARTESIAN_POINT('Ctrl Pts',(-84.247989892904,3.29993909923537,31.4025596512102));
#1491=CARTESIAN_POINT('Ctrl Pts',(-84.2479740680713,3.30306154330093,31.3563135323757));
#1492=CARTESIAN_POINT('Ctrl Pts',(-84.2479740680713,3.30306154330093,31.3099239668949));
#1493=CARTESIAN_POINT('Origin',(-84.2479740680713,0.,40.));
#1494=CARTESIAN_POINT('',(-84.2479740680713,2.,32.2935523836839));
#1495=CARTESIAN_POINT('',(-84.2479740680713,0.,32.2935523836839));
#1496=CARTESIAN_POINT('',(-84.2479740680713,3.,31.2509740276168));
#1497=CARTESIAN_POINT('Ctrl Pts',(-84.2479740680713,2.,32.2935523836839));
#1498=CARTESIAN_POINT('Ctrl Pts',(-84.2479740680713,2.1217704579493,32.2935523836839));
#1499=CARTESIAN_POINT('Ctrl Pts',(-84.2479740680713,2.26491370090311,32.2641858044706));
#1500=CARTESIAN_POINT('Ctrl Pts',(-84.2479740680713,2.49153273840894,32.1680030604432));
#1501=CARTESIAN_POINT('Ctrl Pts',(-84.2479740680713,2.61444365520789,32.0832515399623));
#1502=CARTESIAN_POINT('Ctrl Pts',(-84.2479740680713,2.79040989702668,31.9027610875069));
#1503=CARTESIAN_POINT('Ctrl Pts',(-84.2479740680713,2.87367168662072,31.7741741628251));
#1504=CARTESIAN_POINT('Ctrl Pts',(-84.2479740680713,2.97037091368212,31.5349527332352));
#1505=CARTESIAN_POINT('Ctrl Pts',(-84.2479740680713,3.,31.3813422582164));
#1506=CARTESIAN_POINT('Ctrl Pts',(-84.2479740680713,3.,31.2509740276168));
#1507=CARTESIAN_POINT('',(-84.2479740680713,3.,7.94499544944744));
#1508=CARTESIAN_POINT('',(-84.2479740680713,3.,20.));
#1509=CARTESIAN_POINT('Origin',(-84.2479740680713,4.,7.94499544944744));
#1510=CARTESIAN_POINT('Origin',(0.75202593192868,0.,320.));
#1511=CARTESIAN_POINT('Origin',(0.75202593192868,2.,320.));
#1512=CARTESIAN_POINT('',(-97.2166934907426,18.,36.4473064584258));
#1513=CARTESIAN_POINT('Ctrl Pts',(-97.2166934907426,18.,36.4473064584258));
#1514=CARTESIAN_POINT('Ctrl Pts',(-97.1209315496969,18.,36.4142202809802));
#1515=CARTESIAN_POINT('Ctrl Pts',(-97.0199325931412,17.9857559728612,36.3793823050705));
#1516=CARTESIAN_POINT('Ctrl Pts',(-96.9223315320038,17.9556940081676,36.3457740593171));
#1517=CARTESIAN_POINT('',(-99.2479740680713,18.,37.1572875253809));
#1518=CARTESIAN_POINT('Origin',(0.75202593192868,18.,320.));
#1519=CARTESIAN_POINT('',(-99.2479740680713,0.,37.1572875253809));
#1520=CARTESIAN_POINT('',(-99.2479740680713,0.,37.1572875253809));
#1521=CARTESIAN_POINT('',(100.752025931929,0.,37.1572875253809));
#1522=CARTESIAN_POINT('Origin',(0.75202593192868,0.,320.));
#1523=CARTESIAN_POINT('',(100.752025931929,18.,37.1572875253809));
#1524=CARTESIAN_POINT('',(100.752025931929,0.,37.1572875253809));
#1525=CARTESIAN_POINT('Origin',(0.75202593192868,18.,320.));
#1526=CARTESIAN_POINT('Origin',(50.7520259319287,4.,-7.9371850647042));
#1527=CARTESIAN_POINT('',(85.7520259319287,3.,-7.9371850647042));
#1528=CARTESIAN_POINT('Origin',(85.7520259319287,4.,-7.9371850647042));
#1529=CARTESIAN_POINT('',(50.7520259319287,3.,-7.9371850647042));
#1530=CARTESIAN_POINT('',(50.7520259319287,3.51730039393896,-7.06139908039724));
#1531=CARTESIAN_POINT('Origin',(85.7520259319287,0.,-40.));
#1532=CARTESIAN_POINT('',(85.7520259319287,2.,-32.293552383684));
#1533=CARTESIAN_POINT('',(85.7520259319287,0.,-32.293552383684));
#1534=CARTESIAN_POINT('',(85.7520259319287,3.,-31.2509740276168));
#1535=CARTESIAN_POINT('Ctrl Pts',(85.7520259319287,2.,-32.293552383684));
#1536=CARTESIAN_POINT('Ctrl Pts',(85.7520259319287,2.1217704579493,-32.293552383684));
#1537=CARTESIAN_POINT('Ctrl Pts',(85.7520259319287,2.26491370090311,-32.2641858044707));
#1538=CARTESIAN_POINT('Ctrl Pts',(85.7520259319287,2.49153273840894,-32.1680030604432));
#1539=CARTESIAN_POINT('Ctrl Pts',(85.7520259319287,2.61444365520789,-32.0832515399624));
#1540=CARTESIAN_POINT('Ctrl Pts',(85.7520259319287,2.79040989702668,-31.9027610875069));
#1541=CARTESIAN_POINT('Ctrl Pts',(85.7520259319287,2.87367168662072,-31.7741741628251));
#1542=CARTESIAN_POINT('Ctrl Pts',(85.7520259319287,2.97037091368212,-31.5349527332352));
#1543=CARTESIAN_POINT('Ctrl Pts',(85.7520259319287,3.,-31.3813422582164));
#1544=CARTESIAN_POINT('Ctrl Pts',(85.7520259319287,3.,-31.2509740276168));
#1545=CARTESIAN_POINT('',(85.7520259319287,3.,-20.));
#1546=CARTESIAN_POINT('Origin',(100.752025931929,10.9468061384526,-2.96654079268111));
#1547=CARTESIAN_POINT('',(100.752025931929,10.9468061384526,-2.96654079268111));
#1548=CARTESIAN_POINT('Origin',(0.752025931928683,0.,-320.));
#1549=CARTESIAN_POINT('',(100.752025931929,18.,-37.157287525381));
#1550=CARTESIAN_POINT('Origin',(0.752025931928683,18.,-320.));
#1551=CARTESIAN_POINT('',(100.752025931929,0.,-37.157287525381));
#1552=CARTESIAN_POINT('',(100.752025931929,0.,-37.157287525381));
#1553=CARTESIAN_POINT('',(-99.2479740680713,0.,-37.157287525381));
#1554=CARTESIAN_POINT('Origin',(0.752025931928683,0.,-320.));
#1555=CARTESIAN_POINT('',(-99.2479740680713,18.,-37.157287525381));
#1556=CARTESIAN_POINT('',(-99.2479740680713,0.,-37.157287525381));
#1557=CARTESIAN_POINT('',(-97.2166934907426,18.,-36.4473064584258));
#1558=CARTESIAN_POINT('Origin',(0.752025931928683,18.,-320.));
#1559=CARTESIAN_POINT('Ctrl Pts',(-96.9223315320038,17.9556940081676,-36.3457740593172));
#1560=CARTESIAN_POINT('Ctrl Pts',(-97.0199325931412,17.9857559728612,-36.3793823050705));
#1561=CARTESIAN_POINT('Ctrl Pts',(-97.1209315496969,18.,-36.4142202809803));
#1562=CARTESIAN_POINT('Ctrl Pts',(-97.2166934907426,18.,-36.4473064584258));
#1563=CARTESIAN_POINT('Origin',(0.752025931928683,2.,-320.));
#1564=CARTESIAN_POINT('Origin',(0.752025931928683,2.,-320.));
#1565=CARTESIAN_POINT('Origin',(0.752025931928683,3.,-320.));
#1566=CARTESIAN_POINT('Origin',(50.7520259319287,4.,7.94499544944744));
#1567=CARTESIAN_POINT('',(50.7520259319287,3.,7.94499544944744));
#1568=CARTESIAN_POINT('',(50.7520259319287,3.51879379306414,7.06838801940455));
#1569=CARTESIAN_POINT('Origin',(100.752025931929,0.,9.));
#1570=CARTESIAN_POINT('',(100.752025931929,11.0095266568626,2.9564138049242));
#1571=CARTESIAN_POINT('Origin',(0.75202593192868,2.,320.));
#1572=CARTESIAN_POINT('Origin',(0.75202593192868,3.,320.));
#1573=CARTESIAN_POINT('Origin',(-97.2166934907426,17.,40.));
#1574=CARTESIAN_POINT('',(-97.2166934907426,18.,40.));
#1575=CARTESIAN_POINT('Origin',(-91.7479740680713,18.,0.));
#1576=CARTESIAN_POINT('',(-99.2479740680713,18.,-40.));
#1577=CARTESIAN_POINT('Origin',(93.2520259319287,18.,0.));
#1578=CARTESIAN_POINT('',(100.752025931929,18.,-40.));
#1579=CARTESIAN_POINT('Origin',(100.752025931929,0.,40.));
#1580=CARTESIAN_POINT('',(100.752025931929,0.,-40.));
#1581=CARTESIAN_POINT('Origin',(0.752025931928699,3.,0.));
#1582=CARTESIAN_POINT('',(-78.7479740680713,3.,-17.1428571428571));
#1583=CARTESIAN_POINT('Origin',(-77.2479740680713,3.,-17.1428571428571));
#1584=CARTESIAN_POINT('Origin',(0.752025931928699,0.,0.));
#1585=CARTESIAN_POINT('',(-99.2479740680713,0.,-40.));
#1586=CARTESIAN_POINT('',(-78.7479740680713,0.,-17.1428571428571));
#1587=CARTESIAN_POINT('Origin',(-77.2479740680713,0.,-17.1428571428571));
#1588=CARTESIAN_POINT('',(-78.7479740680713,0.,17.1428571428571));
#1589=CARTESIAN_POINT('Origin',(-77.2479740680713,0.,17.1428571428571));
#1590=CARTESIAN_POINT('Origin',(-99.2479740680713,0.,-40.));
#1591=CARTESIAN_POINT('',(-99.2479740680713,8.25,-22.));
#1592=CARTESIAN_POINT('Origin',(-99.2479740680713,9.75,-22.));
#1593=CARTESIAN_POINT('',(-99.2479740680713,8.25,22.));
#1594=CARTESIAN_POINT('Origin',(-99.2479740680713,9.75,22.));
#1595=CARTESIAN_POINT('Origin',(100.752025931929,10.5,1.11022302462516E-15));
#1596=CARTESIAN_POINT('Origin',(0.752025931928699,3.,0.));
#1597=CARTESIAN_POINT('',(-78.7479740680713,3.,17.1428571428571));
#1598=CARTESIAN_POINT('Origin',(-77.2479740680713,3.,17.1428571428571));
#1599=CARTESIAN_POINT('Origin',(-77.2479740680713,0.,-17.1428571428571));
#1600=CARTESIAN_POINT('',(-78.7479740680713,0.,-17.1428571428571));
#1601=CARTESIAN_POINT('Origin',(-77.2479740680713,0.,17.1428571428571));
#1602=CARTESIAN_POINT('',(-78.7479740680713,0.,17.1428571428571));
#1603=CARTESIAN_POINT('Origin',(-84.2479740680713,9.75,-22.));
#1604=CARTESIAN_POINT('',(-96.2479740680713,6.,-22.));
#1605=CARTESIAN_POINT('',(-84.2479740680713,6.,-22.));
#1606=CARTESIAN_POINT('Origin',(-96.2479740680713,9.75,-22.));
#1607=CARTESIAN_POINT('Origin',(-96.2479740680713,9.75,-22.));
#1608=CARTESIAN_POINT('',(-96.2479740680713,8.25,-22.));
#1609=CARTESIAN_POINT('Origin',(-96.2479740680713,9.75,-22.));
#1610=CARTESIAN_POINT('Origin',(-84.2479740680713,9.75,22.));
#1611=CARTESIAN_POINT('',(-96.2479740680713,6.,22.));
#1612=CARTESIAN_POINT('',(-84.2479740680713,6.,22.));
#1613=CARTESIAN_POINT('Origin',(-96.2479740680713,9.75,22.));
#1614=CARTESIAN_POINT('Origin',(-96.2479740680713,9.75,22.));
#1615=CARTESIAN_POINT('',(-96.2479740680713,8.25,22.));
#1616=CARTESIAN_POINT('Origin',(-96.2479740680713,9.75,22.));
#1617=CARTESIAN_POINT('Origin',(-84.2479740680713,9.75,22.));
#1618=CARTESIAN_POINT('',(-84.2479740680713,8.25,22.));
#1619=CARTESIAN_POINT('Origin',(-84.2479740680713,9.75,-22.));
#1620=CARTESIAN_POINT('',(-84.2479740680713,8.25,-22.));
#1621=UNCERTAINTY_MEASURE_WITH_UNIT(LENGTH_MEASURE(0.01),#1625,
'DISTANCE_ACCURACY_VALUE',
'Maximum model space distance between geometric entities at asserted c
onnectivities');
#1622=UNCERTAINTY_MEASURE_WITH_UNIT(LENGTH_MEASURE(0.01),#1625,
'DISTANCE_ACCURACY_VALUE',
'Maximum model space distance between geometric entities at asserted c
onnectivities');
#1623=(
GEOMETRIC_REPRESENTATION_CONTEXT(3)
GLOBAL_UNCERTAINTY_ASSIGNED_CONTEXT((#1621))
GLOBAL_UNIT_ASSIGNED_CONTEXT((#1625,#1627,#1628))
REPRESENTATION_CONTEXT('','3D')
);
#1624=(
GEOMETRIC_REPRESENTATION_CONTEXT(3)
GLOBAL_UNCERTAINTY_ASSIGNED_CONTEXT((#1622))
GLOBAL_UNIT_ASSIGNED_CONTEXT((#1625,#1627,#1628))
REPRESENTATION_CONTEXT('','3D')
);
#1625=(
LENGTH_UNIT()
NAMED_UNIT(*)
SI_UNIT(.MILLI.,.METRE.)
);
#1626=(
LENGTH_UNIT()
NAMED_UNIT(*)
SI_UNIT($,.METRE.)
);
#1627=(
NAMED_UNIT(*)
PLANE_ANGLE_UNIT()
SI_UNIT($,.RADIAN.)
);
#1628=(
NAMED_UNIT(*)
SI_UNIT($,.STERADIAN.)
SOLID_ANGLE_UNIT()
);
#1629=SHAPE_DEFINITION_REPRESENTATION(#1630,#1631);
#1630=PRODUCT_DEFINITION_SHAPE('',$,#1633);
#1631=SHAPE_REPRESENTATION('',(#686),#1623);
#1632=PRODUCT_DEFINITION_CONTEXT('part definition',#1637,'design');
#1633=PRODUCT_DEFINITION('support_\X\E9tag\X\E8res_central',
'support_\X\E9tag\X\E8res_central v5',#1634,#1632);
#1634=PRODUCT_DEFINITION_FORMATION('',$,#1639);
#1635=PRODUCT_RELATED_PRODUCT_CATEGORY('support_\X\E9tag\X\E8res_centr
al v5','support_\X\E9tag\X\E8res_central v5',(#1639));
#1636=APPLICATION_PROTOCOL_DEFINITION('international standard',
'automotive_design',2009,#1637);
#1637=APPLICATION_CONTEXT(
'Core Data for Automotive Mechanical Design Process');
#1638=PRODUCT_CONTEXT('part definition',#1637,'mechanical');
#1639=PRODUCT('support_\X\E9tag\X\E8res_central',
'support_\X\E9tag\X\E8res_central v5',$,(#1638));
#1640=PRESENTATION_STYLE_ASSIGNMENT((#1641));
#1641=SURFACE_STYLE_USAGE(.BOTH.,#1642);
#1642=SURFACE_SIDE_STYLE('',(#1643));
#1643=SURFACE_STYLE_FILL_AREA(#1644);
#1644=FILL_AREA_STYLE('Acier - Satin\X\E9',(#1645));
#1645=FILL_AREA_STYLE_COLOUR('Acier - Satin\X\E9',#1646);
#1646=COLOUR_RGB('Acier - Satin\X\E9',0.627450980392157,0.627450980392157,
0.627450980392157);
ENDSEC;
END-ISO-10303-21;
